# Input	DiseaseName	DiseaseID	GeneSymbol	GeneID	DiseaseCategories	InferenceChemicalName	InferenceScore	OmimIDs	PubMedIDs
slc2a4	Acute Kidney Injury	MESH:D058186	SLC2A4	6517	Urogenital disease (female)|Urogenital disease (male)	2,2',4,4'-tetrabromodiphenyl ether	215.70		37357614
slc2a4	Acute Kidney Injury	MESH:D058186	SLC2A4	6517	Urogenital disease (female)|Urogenital disease (male)	4-phenylbutyric acid	215.70		32879258
slc2a4	Acute Kidney Injury	MESH:D058186	SLC2A4	6517	Urogenital disease (female)|Urogenital disease (male)	Acetaminophen	215.70		10454517|10462288|10529635|15058171|15118981|15546480|1605724|1676404|19109935|19183124|19369842|19515070|19639374|19815612|19995690|22093918|2302954|2873910|30099449|3403780|35020164|35243748|3605153|3747662|3827589|3992409|455818|6173498|6708674|6800515|6802245|6825559|6877410|7100020|7318260|7364436|7969685|8156726|8244261|8317017|8669426|8812206|9085330|9381478|9796772|9858252
slc2a4	Acute Kidney Injury	MESH:D058186	SLC2A4	6517	Urogenital disease (female)|Urogenital disease (male)	Acetylcysteine	215.70		14624421|15637469|16897003|19204016|19473638|19526394|19945959|26230185|30236763|30639957
slc2a4	Acute Kidney Injury	MESH:D058186	SLC2A4	6517	Urogenital disease (female)|Urogenital disease (male)	Alloxan	215.70		36309138
slc2a4	Acute Kidney Injury	MESH:D058186	SLC2A4	6517	Urogenital disease (female)|Urogenital disease (male)	Anthraquinones	215.70		28321044
slc2a4	Acute Kidney Injury	MESH:D058186	SLC2A4	6517	Urogenital disease (female)|Urogenital disease (male)	aristolochic acid I	215.70		24530882|26204831|27422293|34677723
slc2a4	Acute Kidney Injury	MESH:D058186	SLC2A4	6517	Urogenital disease (female)|Urogenital disease (male)	Ascorbic Acid	215.70		18714631|30606963
slc2a4	Acute Kidney Injury	MESH:D058186	SLC2A4	6517	Urogenital disease (female)|Urogenital disease (male)	Atorvastatin	215.70		11959068|12243603|16780456
slc2a4	Acute Kidney Injury	MESH:D058186	SLC2A4	6517	Urogenital disease (female)|Urogenital disease (male)	Bezafibrate	215.70		11764054|16316343|2280884|3374444|8808248
slc2a4	Acute Kidney Injury	MESH:D058186	SLC2A4	6517	Urogenital disease (female)|Urogenital disease (male)	bisphenol A	215.70		24625398
slc2a4	Acute Kidney Injury	MESH:D058186	SLC2A4	6517	Urogenital disease (female)|Urogenital disease (male)	Cadmium	215.70		37357614
slc2a4	Acute Kidney Injury	MESH:D058186	SLC2A4	6517	Urogenital disease (female)|Urogenital disease (male)	Cadmium Chloride	215.70		21620867|28759707|29286200|32818823|35122928
slc2a4	Acute Kidney Injury	MESH:D058186	SLC2A4	6517	Urogenital disease (female)|Urogenital disease (male)	caffeic acid	215.70		29968957
slc2a4	Acute Kidney Injury	MESH:D058186	SLC2A4	6517	Urogenital disease (female)|Urogenital disease (male)	Calcium	215.70		19856155|2689848|6690474
slc2a4	Acute Kidney Injury	MESH:D058186	SLC2A4	6517	Urogenital disease (female)|Urogenital disease (male)	Cantharidin	215.70		35398186
slc2a4	Acute Kidney Injury	MESH:D058186	SLC2A4	6517	Urogenital disease (female)|Urogenital disease (male)	Capsaicin	215.70		18460982
slc2a4	Acute Kidney Injury	MESH:D058186	SLC2A4	6517	Urogenital disease (female)|Urogenital disease (male)	Carnitine	215.70		16897003|19737869
slc2a4	Acute Kidney Injury	MESH:D058186	SLC2A4	6517	Urogenital disease (female)|Urogenital disease (male)	Chloroquine	215.70		15526909|17076682|4794122|7325735|734759
slc2a4	Acute Kidney Injury	MESH:D058186	SLC2A4	6517	Urogenital disease (female)|Urogenital disease (male)	chromium hexavalent ion	215.70		30236763
slc2a4	Acute Kidney Injury	MESH:D058186	SLC2A4	6517	Urogenital disease (female)|Urogenital disease (male)	Cisplatin	215.70		10454517|11977638|12180108|12690470|15814532|16316343|17670903|19144690|19833167|19913604|20369241|20419391|20463654|20510337|20514524|20603111|20650967|20652569|20656754|20676799|20817559|20844023|20844471|20861081|20942565|20943766|21044617|21048024|21048391|21058009|21256724|21272267|21325496|21458517|21470069|21570986|21593185|21633170|2170045|21745194|21802473|21835770|21847101|22005293|22581811|22992436|23384965|23649842|24012798|24113306|24632086|24778426|24973089|24975837|25184746|25382014|25598344|25957482|26165641|26230185|26546572|26723870|27480280|28321044|28414026|28698153|28885000|28902463|29126144|29476062|29599129|30291731|31103702|31153982|3152939|31926187|32110797|32504734|32777238|32888910|33965372|34560070|34785303|35279909|35367536|35403300|36006825|37057715|37087747|37179038|37863467|6350313|657154|7018267|7199128
slc2a4	Acute Kidney Injury	MESH:D058186	SLC2A4	6517	Urogenital disease (female)|Urogenital disease (male)	Deferoxamine	215.70		12644925|1324513|19204016|30431687|3123518|451459
slc2a4	Acute Kidney Injury	MESH:D058186	SLC2A4	6517	Urogenital disease (female)|Urogenital disease (male)	Dexamethasone	215.70		31654708|32687258|8546128|9763554
slc2a4	Acute Kidney Injury	MESH:D058186	SLC2A4	6517	Urogenital disease (female)|Urogenital disease (male)	Dietary Fats	215.70		24795233
slc2a4	Acute Kidney Injury	MESH:D058186	SLC2A4	6517	Urogenital disease (female)|Urogenital disease (male)	Dopamine	215.70		1769878
slc2a4	Acute Kidney Injury	MESH:D058186	SLC2A4	6517	Urogenital disease (female)|Urogenital disease (male)	Doxorubicin	215.70		18680783|21354902|21812276|25411067|26825964|28885000|29474904|30543781|3070145|31376360|32289291
slc2a4	Acute Kidney Injury	MESH:D058186	SLC2A4	6517	Urogenital disease (female)|Urogenital disease (male)	epigallocatechin gallate	215.70		25382014|36309138
slc2a4	Acute Kidney Injury	MESH:D058186	SLC2A4	6517	Urogenital disease (female)|Urogenital disease (male)	Ethanol	215.70		28285099|3747662
slc2a4	Acute Kidney Injury	MESH:D058186	SLC2A4	6517	Urogenital disease (female)|Urogenital disease (male)	Fenoldopam	215.70		1346161
slc2a4	Acute Kidney Injury	MESH:D058186	SLC2A4	6517	Urogenital disease (female)|Urogenital disease (male)	fisetin	215.70		25184746
slc2a4	Acute Kidney Injury	MESH:D058186	SLC2A4	6517	Urogenital disease (female)|Urogenital disease (male)	Glycyrrhizic Acid	215.70		12969435
slc2a4	Acute Kidney Injury	MESH:D058186	SLC2A4	6517	Urogenital disease (female)|Urogenital disease (male)	Glyphosate	215.70		24361898|32818823
slc2a4	Acute Kidney Injury	MESH:D058186	SLC2A4	6517	Urogenital disease (female)|Urogenital disease (male)	Haloperidol	215.70		6121542|7569118|8828352
slc2a4	Acute Kidney Injury	MESH:D058186	SLC2A4	6517	Urogenital disease (female)|Urogenital disease (male)	Hesperidin	215.70		22093918
slc2a4	Acute Kidney Injury	MESH:D058186	SLC2A4	6517	Urogenital disease (female)|Urogenital disease (male)	Indinavir	215.70		10421052|10452668|11110045|11126974|17180736|9328372|9631152|9649271
slc2a4	Acute Kidney Injury	MESH:D058186	SLC2A4	6517	Urogenital disease (female)|Urogenital disease (male)	Indomethacin	215.70		15007713|2191029|2872506|2886806|3071148|3600902|3616022|3727353|3975749|3978662|3980192|4000350|4071154|448822|464454|6589647|6781208|6949485|6952058|7017180|718323|7305576|7375974|7386499|8163032|8240599|8671983|9052853
slc2a4	Acute Kidney Injury	MESH:D058186	SLC2A4	6517	Urogenital disease (female)|Urogenital disease (male)	lipopolysaccharide, E coli O55-B5	215.70		30606963|36244460
slc2a4	Acute Kidney Injury	MESH:D058186	SLC2A4	6517	Urogenital disease (female)|Urogenital disease (male)	Lipopolysaccharides	215.70		22253906|24561306|24973090|26055553|31654708|32687258|37436358
slc2a4	Acute Kidney Injury	MESH:D058186	SLC2A4	6517	Urogenital disease (female)|Urogenital disease (male)	lithospermate B	215.70		9455678
slc2a4	Acute Kidney Injury	MESH:D058186	SLC2A4	6517	Urogenital disease (female)|Urogenital disease (male)	mangiferin	215.70		36249937
slc2a4	Acute Kidney Injury	MESH:D058186	SLC2A4	6517	Urogenital disease (female)|Urogenital disease (male)	Melatonin	215.70		35367536
slc2a4	Acute Kidney Injury	MESH:D058186	SLC2A4	6517	Urogenital disease (female)|Urogenital disease (male)	Mercuric Chloride	215.70		10469268|10677590|10901180|11274264|1134612|11510480|11768240|11817102|14638913|1474766|15375764|1561627|16801527|16891066|18496552|18616694|19902086|20407758|21094152|21652719|22390991|22785175|22960887|29045746|32879258|4644892|602954|618599|6223941|7540432|8305641|8342615|8538927|8872981|9544699|9788586|9810145|9853001
slc2a4	Acute Kidney Injury	MESH:D058186	SLC2A4	6517	Urogenital disease (female)|Urogenital disease (male)	Mercury	215.70		21073006|21821123
slc2a4	Acute Kidney Injury	MESH:D058186	SLC2A4	6517	Urogenital disease (female)|Urogenital disease (male)	Metformin	215.70		11910877|14604317|14633764|15752411|16620273|16644670|20164825|20223410|20578420|4217736
slc2a4	Acute Kidney Injury	MESH:D058186	SLC2A4	6517	Urogenital disease (female)|Urogenital disease (male)	Methionine	215.70		31926187
slc2a4	Acute Kidney Injury	MESH:D058186	SLC2A4	6517	Urogenital disease (female)|Urogenital disease (male)	Naloxone	215.70		2759067
slc2a4	Acute Kidney Injury	MESH:D058186	SLC2A4	6517	Urogenital disease (female)|Urogenital disease (male)	naringin	215.70		21600195
slc2a4	Acute Kidney Injury	MESH:D058186	SLC2A4	6517	Urogenital disease (female)|Urogenital disease (male)	Oxygen	215.70		12819242|16153449|27363640
slc2a4	Acute Kidney Injury	MESH:D058186	SLC2A4	6517	Urogenital disease (female)|Urogenital disease (male)	Paraquat	215.70		21991918|26988026|28123623|30562684|33838153
slc2a4	Acute Kidney Injury	MESH:D058186	SLC2A4	6517	Urogenital disease (female)|Urogenital disease (male)	Particulate Matter	215.70		19797351|34751495
slc2a4	Acute Kidney Injury	MESH:D058186	SLC2A4	6517	Urogenital disease (female)|Urogenital disease (male)	perfluorooctane sulfonic acid	215.70		35934180
slc2a4	Acute Kidney Injury	MESH:D058186	SLC2A4	6517	Urogenital disease (female)|Urogenital disease (male)	picolinic acid	215.70		20817559
slc2a4	Acute Kidney Injury	MESH:D058186	SLC2A4	6517	Urogenital disease (female)|Urogenital disease (male)	pifithrin	215.70		17670903
slc2a4	Acute Kidney Injury	MESH:D058186	SLC2A4	6517	Urogenital disease (female)|Urogenital disease (male)	pirinixic acid	215.70		12503032
slc2a4	Acute Kidney Injury	MESH:D058186	SLC2A4	6517	Urogenital disease (female)|Urogenital disease (male)	Plant Extracts	215.70		18680783|19736602|22021999
slc2a4	Acute Kidney Injury	MESH:D058186	SLC2A4	6517	Urogenital disease (female)|Urogenital disease (male)	Pravastatin	215.70		20368269|20650967
slc2a4	Acute Kidney Injury	MESH:D058186	SLC2A4	6517	Urogenital disease (female)|Urogenital disease (male)	Propylthiouracil	215.70		11014318|11956877|17415292|7942812|9219172|9550661
slc2a4	Acute Kidney Injury	MESH:D058186	SLC2A4	6517	Urogenital disease (female)|Urogenital disease (male)	Quercetin	215.70		24958931|25411067|29474904|34751495
slc2a4	Acute Kidney Injury	MESH:D058186	SLC2A4	6517	Urogenital disease (female)|Urogenital disease (male)	Resveratrol	215.70		16488442|16538975|21593185|24958931
slc2a4	Acute Kidney Injury	MESH:D058186	SLC2A4	6517	Urogenital disease (female)|Urogenital disease (male)	rofecoxib	215.70		14633764
slc2a4	Acute Kidney Injury	MESH:D058186	SLC2A4	6517	Urogenital disease (female)|Urogenital disease (male)	S-(1,2-dichlorovinyl)cysteine	215.70		16495211|8870953
slc2a4	Acute Kidney Injury	MESH:D058186	SLC2A4	6517	Urogenital disease (female)|Urogenital disease (male)	sarpogrelate	215.70		34560070
slc2a4	Acute Kidney Injury	MESH:D058186	SLC2A4	6517	Urogenital disease (female)|Urogenital disease (male)	Silybin	215.70		10454517
slc2a4	Acute Kidney Injury	MESH:D058186	SLC2A4	6517	Urogenital disease (female)|Urogenital disease (male)	Smoke	215.70		10095180|578557
slc2a4	Acute Kidney Injury	MESH:D058186	SLC2A4	6517	Urogenital disease (female)|Urogenital disease (male)	sodium arsenate	215.70		23724280
slc2a4	Acute Kidney Injury	MESH:D058186	SLC2A4	6517	Urogenital disease (female)|Urogenital disease (male)	sodium arsenite	215.70		21094152|23724280|32736004|32818823
slc2a4	Acute Kidney Injury	MESH:D058186	SLC2A4	6517	Urogenital disease (female)|Urogenital disease (male)	Sodium Chloride	215.70		16878259|3547511|618599
slc2a4	Acute Kidney Injury	MESH:D058186	SLC2A4	6517	Urogenital disease (female)|Urogenital disease (male)	Streptozocin	215.70		6281169
slc2a4	Acute Kidney Injury	MESH:D058186	SLC2A4	6517	Urogenital disease (female)|Urogenital disease (male)	sulforaphane	215.70		19913604
slc2a4	Acute Kidney Injury	MESH:D058186	SLC2A4	6517	Urogenital disease (female)|Urogenital disease (male)	Sunitinib	215.70		20652569
slc2a4	Acute Kidney Injury	MESH:D058186	SLC2A4	6517	Urogenital disease (female)|Urogenital disease (male)	Taurine	215.70		28987951
slc2a4	Acute Kidney Injury	MESH:D058186	SLC2A4	6517	Urogenital disease (female)|Urogenital disease (male)	Thyroxine	215.70		2689848
slc2a4	Acute Kidney Injury	MESH:D058186	SLC2A4	6517	Urogenital disease (female)|Urogenital disease (male)	Tretinoin	215.70		10607690|11604554|12801854|17564563|18363177|8546128|9158667|9763554
slc2a4	Acute Kidney Injury	MESH:D058186	SLC2A4	6517	Urogenital disease (female)|Urogenital disease (male)	trichostatin A	215.70		29476062
slc2a4	Acute Kidney Injury	MESH:D058186	SLC2A4	6517	Urogenital disease (female)|Urogenital disease (male)	triptolide	215.70		19546256|32519852
slc2a4	Acute Kidney Injury	MESH:D058186	SLC2A4	6517	Urogenital disease (female)|Urogenital disease (male)	Valproic Acid	215.70		29968957
slc2a4	Acute Kidney Injury	MESH:D058186	SLC2A4	6517	Urogenital disease (female)|Urogenital disease (male)	Valsartan	215.70		36464070
slc2a4	Acute Kidney Injury	MESH:D058186	SLC2A4	6517	Urogenital disease (female)|Urogenital disease (male)	Vanadium	215.70		32818823
slc2a4	Acute Kidney Injury	MESH:D058186	SLC2A4	6517	Urogenital disease (female)|Urogenital disease (male)	Vancomycin	215.70		11601669|1355906|1839490|18607115|19642243|20391819|24923469|2596477|28549670|7342285|7624002|8108288|8975151|9825081
slc2a4	Acute Kidney Injury	MESH:D058186	SLC2A4	6517	Urogenital disease (female)|Urogenital disease (male)	Vitamin D	215.70		24011919
slc2a4	Acute Kidney Injury	MESH:D058186	SLC2A4	6517	Urogenital disease (female)|Urogenital disease (male)	Vitamin E	215.70		3353995|9763232
slc2a4	Acute Kidney Injury	MESH:D058186	SLC2A4	6517	Urogenital disease (female)|Urogenital disease (male)	wogonin	215.70		31103702
slc2a4	Acute Kidney Injury	MESH:D058186	SLC2A4	6517	Urogenital disease (female)|Urogenital disease (male)	Zidovudine	215.70		11214960
slc2a4	Chronic Kidney Disease-Mineral and Bone Disorder	MESH:D012080	SLC2A4	6517	Endocrine system disease|Metabolic disease|Musculoskeletal disease|Nutrition disorder|Pathology (process)|Urogenital disease (female)|Urogenital disease (male)	Calcitriol	3.28		11305809|1585935|17984431|3626302|6760236|6897822
slc2a4	Chronic Kidney Diseases of Uncertain Etiology	MESH:D000092702	SLC2A4	6517	Occupational disease|Pathology (process)|Urogenital disease (female)|Urogenital disease (male)	Endosulfan	3.99		36513242
slc2a4	Kidney Calculi	MESH:D007669	SLC2A4	6517	Pathology (anatomical condition)|Urogenital disease (female)|Urogenital disease (male)	Calcitriol	27.33		7571189
slc2a4	Kidney Calculi	MESH:D007669	SLC2A4	6517	Pathology (anatomical condition)|Urogenital disease (female)|Urogenital disease (male)	Dexamethasone	27.33		1671989|8576746
slc2a4	Kidney Calculi	MESH:D007669	SLC2A4	6517	Pathology (anatomical condition)|Urogenital disease (female)|Urogenital disease (male)	Glutathione Disulfide	27.33		24360074
slc2a4	Kidney Calculi	MESH:D007669	SLC2A4	6517	Pathology (anatomical condition)|Urogenital disease (female)|Urogenital disease (male)	Indinavir	27.33		10081842|10219068|10332431|10405912|10510102|11076101|11832739|15384277|17874643|8992346|9338723|9338724|9649271|9868678
slc2a4	Kidney Calculi	MESH:D007669	SLC2A4	6517	Pathology (anatomical condition)|Urogenital disease (female)|Urogenital disease (male)	Methionine	27.33		8112761
slc2a4	Kidney Calculi	MESH:D007669	SLC2A4	6517	Pathology (anatomical condition)|Urogenital disease (female)|Urogenital disease (male)	Resveratrol	27.33		24145091|34333021
slc2a4	Kidney Calculi	MESH:D007669	SLC2A4	6517	Pathology (anatomical condition)|Urogenital disease (female)|Urogenital disease (male)	Streptozocin	27.33		2827466
slc2a4	Kidney Calculi	MESH:D007669	SLC2A4	6517	Pathology (anatomical condition)|Urogenital disease (female)|Urogenital disease (male)	Vitamin D	27.33		16481635
slc2a4	Kidney Calculi	MESH:D007669	SLC2A4	6517	Pathology (anatomical condition)|Urogenital disease (female)|Urogenital disease (male)	Vitamin E	27.33		8112761
slc2a4	Kidney Cortex Necrosis	MESH:D007673	SLC2A4	6517	Urogenital disease (female)|Urogenital disease (male)	4-phenylbutyric acid	15.83		32879258
slc2a4	Kidney Cortex Necrosis	MESH:D007673	SLC2A4	6517	Urogenital disease (female)|Urogenital disease (male)	Cisplatin	15.83		15464296|19761811|28321044
slc2a4	Kidney Cortex Necrosis	MESH:D007673	SLC2A4	6517	Urogenital disease (female)|Urogenital disease (male)	Doxorubicin	15.83		19761811|30682439
slc2a4	Kidney Cortex Necrosis	MESH:D007673	SLC2A4	6517	Urogenital disease (female)|Urogenital disease (male)	Mercuric Chloride	15.83		32879258
slc2a4	Kidney Cortex Necrosis	MESH:D007673	SLC2A4	6517	Urogenital disease (female)|Urogenital disease (male)	naringenin	15.83		23845967
slc2a4	Kidney Diseases	MESH:D007674	SLC2A4	6517	Urogenital disease (female)|Urogenital disease (male)	4-phenylbutyric acid	291.65		33651226
slc2a4	Kidney Diseases	MESH:D007674	SLC2A4	6517	Urogenital disease (female)|Urogenital disease (male)	Acetaminophen	291.65		11334364|11812892|12005112|12587719|12721325|15363587|15629190|15629191|17391827|18068886|1881229|19117117|19345714|19761811|19922764|20067817|20446790|2356566|2651928|26767949|30794797|31777137|3659833|7155631|7979097
slc2a4	Kidney Diseases	MESH:D007674	SLC2A4	6517	Urogenital disease (female)|Urogenital disease (male)	Acetylcysteine	291.65		14972420|15496615|16877488|17448119|18174269|18278066|18752385|20502036|21424224|30641872|35055458
slc2a4	Kidney Diseases	MESH:D007674	SLC2A4	6517	Urogenital disease (female)|Urogenital disease (male)	Acrolein	291.65		12488133|17891346
slc2a4	Kidney Diseases	MESH:D007674	SLC2A4	6517	Urogenital disease (female)|Urogenital disease (male)	Acrylamide	291.65		29913234
slc2a4	Kidney Diseases	MESH:D007674	SLC2A4	6517	Urogenital disease (female)|Urogenital disease (male)	Aflatoxin B1	291.65		32894639|35304092
slc2a4	Kidney Diseases	MESH:D007674	SLC2A4	6517	Urogenital disease (female)|Urogenital disease (male)	Apigenin	291.65		30107153
slc2a4	Kidney Diseases	MESH:D007674	SLC2A4	6517	Urogenital disease (female)|Urogenital disease (male)	aristolochic acid I	291.65		20338233|21554934|22086975|22445861|22472514|22525892|23939141|24412304|25663515|31048001|31602497|33722575|35690179|37084829
slc2a4	Kidney Diseases	MESH:D007674	SLC2A4	6517	Urogenital disease (female)|Urogenital disease (male)	Arsenic	291.65		10828279|11836136|22066453|22949133|24348802|30835071|31775542|32246071|32270456|32544558|32818499|33026618|33518152|36822304
slc2a4	Kidney Diseases	MESH:D007674	SLC2A4	6517	Urogenital disease (female)|Urogenital disease (male)	Ascorbic Acid	291.65		17448119|18414974|18536492|19391111|22728154|7909430
slc2a4	Kidney Diseases	MESH:D007674	SLC2A4	6517	Urogenital disease (female)|Urogenital disease (male)	Atorvastatin	291.65		15831368|32259528
slc2a4	Kidney Diseases	MESH:D007674	SLC2A4	6517	Urogenital disease (female)|Urogenital disease (male)	Benzo(a)pyrene	291.65		11289703|21803694
slc2a4	Kidney Diseases	MESH:D007674	SLC2A4	6517	Urogenital disease (female)|Urogenital disease (male)	Berberine	291.65		24751971
slc2a4	Kidney Diseases	MESH:D007674	SLC2A4	6517	Urogenital disease (female)|Urogenital disease (male)	Bezafibrate	291.65		11096145|21338618
slc2a4	Kidney Diseases	MESH:D007674	SLC2A4	6517	Urogenital disease (female)|Urogenital disease (male)	bisphenol A	291.65		18445619|23359474|30303745|30641872|30997025|31091348|34281243|36830956
slc2a4	Kidney Diseases	MESH:D007674	SLC2A4	6517	Urogenital disease (female)|Urogenital disease (male)	boric acid	291.65		26184899|29913234
slc2a4	Kidney Diseases	MESH:D007674	SLC2A4	6517	Urogenital disease (female)|Urogenital disease (male)	Cadmium	291.65		11090055|16226777|16322080|16443174|16601012|16962696|17125799|17303580|17448585|19270785|19615871|19700501|21888673|22027495|22033168|22467032|22995156|23095357|24276216|24629167|24923654|25240712|25940730|28248635|30090589|30684957|31639282|32246071|33398418|33857584|34510229|35384154|37270049|37342552|37949422|7676455
slc2a4	Kidney Diseases	MESH:D007674	SLC2A4	6517	Urogenital disease (female)|Urogenital disease (male)	Cadmium Chloride	291.65		10924798|16962696|17882470|18414974|19063931|19371613|21284339|21540277|23750309|24200859|24632105|25588984|26815315|29421648|33127495|33722575
slc2a4	Kidney Diseases	MESH:D007674	SLC2A4	6517	Urogenital disease (female)|Urogenital disease (male)	Calcium	291.65		1322021
slc2a4	Kidney Diseases	MESH:D007674	SLC2A4	6517	Urogenital disease (female)|Urogenital disease (male)	Carnitine	291.65		18852009|26562095|37312617
slc2a4	Kidney Diseases	MESH:D007674	SLC2A4	6517	Urogenital disease (female)|Urogenital disease (male)	Chlorpyrifos	291.65		28675853|31479757|32500495|33908150
slc2a4	Kidney Diseases	MESH:D007674	SLC2A4	6517	Urogenital disease (female)|Urogenital disease (male)	Chromium	291.65		1724173|17934191|7912862
slc2a4	Kidney Diseases	MESH:D007674	SLC2A4	6517	Urogenital disease (female)|Urogenital disease (male)	chromium hexavalent ion	291.65		17822687|19913299|20348018|36108929
slc2a4	Kidney Diseases	MESH:D007674	SLC2A4	6517	Urogenital disease (female)|Urogenital disease (male)	cinnamaldehyde	291.65		23959918
slc2a4	Kidney Diseases	MESH:D007674	SLC2A4	6517	Urogenital disease (female)|Urogenital disease (male)	cinnamic acid	291.65		23959918
slc2a4	Kidney Diseases	MESH:D007674	SLC2A4	6517	Urogenital disease (female)|Urogenital disease (male)	Cisplatin	291.65		10396320|10812192|11090055|11305414|11745184|11776407|12231392|12649298|12815610|14966836|15190930|15267137|15496615|15934019|16154539|16246977|16428940|16723030|17135156|17922055|1793151|18289764|18956176|19038279|19152827|19356226|19535489|19723570|19736245|19839026|19850470|20435919|20438795|20605904|20716785|21605616|21616140|21640784|21724663|21763304|21803049|21883567|21884784|21902499|21939360|21949094|21993003|22019697|22525860|22989705|23142791|23229315|2326543|23287709|23603837|23770416|23959918|24001450|2413982|2424627|24863737|24880025|25015656|25043994|25308879|25665769|25927922|26558470|26612654|26739623|26751708|27317936|27397436|27616468|27722009|28904298|29216766|29471006|29574132|29752894|29852128|30169741|30452898|30842369|31306688|31493026|31612257|32418911|32991863|33522649|34423507|34476871|35243731|37102204|37561086|37956922|6181679|6203452|6538115|6542584|7191768|7532742|7706473|8178319|8270973|8413339|8584014|8626111|8751544|8845212|9057954|9144837|9256891|9381703
slc2a4	Kidney Diseases	MESH:D007674	SLC2A4	6517	Urogenital disease (female)|Urogenital disease (male)	cobaltous chloride	291.65		12819242|22343435|30596275
slc2a4	Kidney Diseases	MESH:D007674	SLC2A4	6517	Urogenital disease (female)|Urogenital disease (male)	Copper	291.65		20035423|24627433|30090589
slc2a4	Kidney Diseases	MESH:D007674	SLC2A4	6517	Urogenital disease (female)|Urogenital disease (male)	DDT	291.65		31682807
slc2a4	Kidney Diseases	MESH:D007674	SLC2A4	6517	Urogenital disease (female)|Urogenital disease (male)	Deferoxamine	291.65		1585386|22115772|7967359|7987999
slc2a4	Kidney Diseases	MESH:D007674	SLC2A4	6517	Urogenital disease (female)|Urogenital disease (male)	Desoxycorticosterone Acetate	291.65		18504326
slc2a4	Kidney Diseases	MESH:D007674	SLC2A4	6517	Urogenital disease (female)|Urogenital disease (male)	Dexamethasone	291.65		12414515|12574103|19879934|26271896
slc2a4	Kidney Diseases	MESH:D007674	SLC2A4	6517	Urogenital disease (female)|Urogenital disease (male)	Dietary Fats	291.65		24508291|24877639|25025298|26423427|26980705|27292126|29526571|30298849|31063766|31454063|31726037|31811911|31981641|32259528|37054934
slc2a4	Kidney Diseases	MESH:D007674	SLC2A4	6517	Urogenital disease (female)|Urogenital disease (male)	Diethylhexyl Phthalate	291.65		23359474|29669060|3206528|36610486
slc2a4	Kidney Diseases	MESH:D007674	SLC2A4	6517	Urogenital disease (female)|Urogenital disease (male)	Doxorubicin	291.65		10088175|10094850|10344349|10430982|10755322|11124598|11345653|11401411|11867952|11996090|12012391|12386277|12540035|12674635|135666|14564477|14728886|15033991|15369732|15577213|15578190|15699352|16246977|16325981|16775033|16988067|17329577|17522263|1793151|18440303|18487002|19013753|19018148|1905199|19066422|19429242|19883716|19960953|20606417|22287321|24799355|25268985|26721193|2791187|28082111|3124293|31830546|3456068|36988379|3764673|3781430|3898001|7191768|7830283|7838258|7987999|8289579|9192910|9606733|9704904
slc2a4	Kidney Diseases	MESH:D007674	SLC2A4	6517	Urogenital disease (female)|Urogenital disease (male)	epigallocatechin gallate	291.65		25927922|30368989
slc2a4	Kidney Diseases	MESH:D007674	SLC2A4	6517	Urogenital disease (female)|Urogenital disease (male)	Estradiol	291.65		15618244|6305905
slc2a4	Kidney Diseases	MESH:D007674	SLC2A4	6517	Urogenital disease (female)|Urogenital disease (male)	Ethanol	291.65		25859307|31811911|32894639|36085217
slc2a4	Kidney Diseases	MESH:D007674	SLC2A4	6517	Urogenital disease (female)|Urogenital disease (male)	Ethinyl Estradiol	291.65		19761811
slc2a4	Kidney Diseases	MESH:D007674	SLC2A4	6517	Urogenital disease (female)|Urogenital disease (male)	Fatty Acids, Omega-3	291.65		16898265|31639282
slc2a4	Kidney Diseases	MESH:D007674	SLC2A4	6517	Urogenital disease (female)|Urogenital disease (male)	fipronil	291.65		32651782
slc2a4	Kidney Diseases	MESH:D007674	SLC2A4	6517	Urogenital disease (female)|Urogenital disease (male)	Fructose	291.65		10703878|18358572|19605544|22426011|26358169|31233715|32259528
slc2a4	Kidney Diseases	MESH:D007674	SLC2A4	6517	Urogenital disease (female)|Urogenital disease (male)	Glyburide	291.65		20435566
slc2a4	Kidney Diseases	MESH:D007674	SLC2A4	6517	Urogenital disease (female)|Urogenital disease (male)	Glycyrrhizic Acid	291.65		21803049
slc2a4	Kidney Diseases	MESH:D007674	SLC2A4	6517	Urogenital disease (female)|Urogenital disease (male)	Glyphosate	291.65		25434756|33296237|35440735|37001608
slc2a4	Kidney Diseases	MESH:D007674	SLC2A4	6517	Urogenital disease (female)|Urogenital disease (male)	Haloperidol	291.65		19839853
slc2a4	Kidney Diseases	MESH:D007674	SLC2A4	6517	Urogenital disease (female)|Urogenital disease (male)	Hesperidin	291.65		30066062|33908150
slc2a4	Kidney Diseases	MESH:D007674	SLC2A4	6517	Urogenital disease (female)|Urogenital disease (male)	Hexachlorobenzene	291.65		19761811
slc2a4	Kidney Diseases	MESH:D007674	SLC2A4	6517	Urogenital disease (female)|Urogenital disease (male)	imidacloprid	291.65		30456172
slc2a4	Kidney Diseases	MESH:D007674	SLC2A4	6517	Urogenital disease (female)|Urogenital disease (male)	Indinavir	291.65		10722466|11365268|11532999|11576910|12165618|12370513|12571522|12668574|14518698|14518700|15307035|17690876|18048001|9216244|9244966|9875572
slc2a4	Kidney Diseases	MESH:D007674	SLC2A4	6517	Urogenital disease (female)|Urogenital disease (male)	Indomethacin	291.65		10516392|12970633|1489412|15037210|17190690|1913620|19445918|19761811|20035423|2112558|2284768|2424533|25110317|2766920|7019841|7108667|7661171|7791169|8308589|8440438|9284854|9507041|9521382
slc2a4	Kidney Diseases	MESH:D007674	SLC2A4	6517	Urogenital disease (female)|Urogenital disease (male)	isoliquiritigenin	291.65		37561086
slc2a4	Kidney Diseases	MESH:D007674	SLC2A4	6517	Urogenital disease (female)|Urogenital disease (male)	Isotretinoin	291.65		9198075
slc2a4	Kidney Diseases	MESH:D007674	SLC2A4	6517	Urogenital disease (female)|Urogenital disease (male)	Lead	291.65		16601012|17715263|19700501|19921116|22066453|23792432|24276216|24631795|26612503|30090589|32246071|34350654|36840722
slc2a4	Kidney Diseases	MESH:D007674	SLC2A4	6517	Urogenital disease (female)|Urogenital disease (male)	lipopolysaccharide, E coli O55-B5	291.65		18754105
slc2a4	Kidney Diseases	MESH:D007674	SLC2A4	6517	Urogenital disease (female)|Urogenital disease (male)	Lipopolysaccharides	291.65		12861172|21327618|22128259|26271896|33038329|9445295
slc2a4	Kidney Diseases	MESH:D007674	SLC2A4	6517	Urogenital disease (female)|Urogenital disease (male)	Luteolin	291.65		23770416|31091348
slc2a4	Kidney Diseases	MESH:D007674	SLC2A4	6517	Urogenital disease (female)|Urogenital disease (male)	mangiferin	291.65		12093613|22118634
slc2a4	Kidney Diseases	MESH:D007674	SLC2A4	6517	Urogenital disease (female)|Urogenital disease (male)	Melatonin	291.65		10759677|16236146|16443174|18717515|19117117|27899301
slc2a4	Kidney Diseases	MESH:D007674	SLC2A4	6517	Urogenital disease (female)|Urogenital disease (male)	Mercuric Chloride	291.65		10696793|12194165|12490134|16871242|17516994|17882470|18441258|18536492|19501138|20804780|21126564|21259295|21369715|21616119|21787585|22108423|22416658|2386429|24751971|2769936|2905310|32599119|5798944|7830283
slc2a4	Kidney Diseases	MESH:D007674	SLC2A4	6517	Urogenital disease (female)|Urogenital disease (male)	Mercury	291.65		11090055|17068093|17934191|18540850|21206114|30090589
slc2a4	Kidney Diseases	MESH:D007674	SLC2A4	6517	Urogenital disease (female)|Urogenital disease (male)	Metformin	291.65		17520852|20431573
slc2a4	Kidney Diseases	MESH:D007674	SLC2A4	6517	Urogenital disease (female)|Urogenital disease (male)	Methionine	291.65		20406136
slc2a4	Kidney Diseases	MESH:D007674	SLC2A4	6517	Urogenital disease (female)|Urogenital disease (male)	methylmercuric chloride	291.65		28526320
slc2a4	Kidney Diseases	MESH:D007674	SLC2A4	6517	Urogenital disease (female)|Urogenital disease (male)	Naloxone	291.65		18385270
slc2a4	Kidney Diseases	MESH:D007674	SLC2A4	6517	Urogenital disease (female)|Urogenital disease (male)	Nanotubes, Carbon	291.65		32856799
slc2a4	Kidney Diseases	MESH:D007674	SLC2A4	6517	Urogenital disease (female)|Urogenital disease (male)	naringenin	291.65		19063931|31063766
slc2a4	Kidney Diseases	MESH:D007674	SLC2A4	6517	Urogenital disease (female)|Urogenital disease (male)	naringin	291.65		26612654
slc2a4	Kidney Diseases	MESH:D007674	SLC2A4	6517	Urogenital disease (female)|Urogenital disease (male)	Niacinamide	291.65		21630391
slc2a4	Kidney Diseases	MESH:D007674	SLC2A4	6517	Urogenital disease (female)|Urogenital disease (male)	Oxygen	291.65		25214260|25448280
slc2a4	Kidney Diseases	MESH:D007674	SLC2A4	6517	Urogenital disease (female)|Urogenital disease (male)	Ozone	291.65		20446790
slc2a4	Kidney Diseases	MESH:D007674	SLC2A4	6517	Urogenital disease (female)|Urogenital disease (male)	Paraquat	291.65		20095327
slc2a4	Kidney Diseases	MESH:D007674	SLC2A4	6517	Urogenital disease (female)|Urogenital disease (male)	Particulate Matter	291.65		33393722
slc2a4	Kidney Diseases	MESH:D007674	SLC2A4	6517	Urogenital disease (female)|Urogenital disease (male)	Permethrin	291.65		24121187|33148267
slc2a4	Kidney Diseases	MESH:D007674	SLC2A4	6517	Urogenital disease (female)|Urogenital disease (male)	Pioglitazone	291.65		22989705|36988379
slc2a4	Kidney Diseases	MESH:D007674	SLC2A4	6517	Urogenital disease (female)|Urogenital disease (male)	Plant Extracts	291.65		15267137|15577213|16671961|17132217|17135156|17385802|19952499|19960953|21939360|32651782
slc2a4	Kidney Diseases	MESH:D007674	SLC2A4	6517	Urogenital disease (female)|Urogenital disease (male)	Polysaccharides	291.65		34687833
slc2a4	Kidney Diseases	MESH:D007674	SLC2A4	6517	Urogenital disease (female)|Urogenital disease (male)	Progesterone	291.65		6305905
slc2a4	Kidney Diseases	MESH:D007674	SLC2A4	6517	Urogenital disease (female)|Urogenital disease (male)	Quercetin	291.65		16962696|19605544|19615871|21909718|22728154|34748891|36990423
slc2a4	Kidney Diseases	MESH:D007674	SLC2A4	6517	Urogenital disease (female)|Urogenital disease (male)	Resveratrol	291.65		16971220|17202664|18754105|20651248|22865646|23471352|23767859|25025298|26423427|27377006|29574132|32894639
slc2a4	Kidney Diseases	MESH:D007674	SLC2A4	6517	Urogenital disease (female)|Urogenital disease (male)	Rimonabant	291.65		17882151
slc2a4	Kidney Diseases	MESH:D007674	SLC2A4	6517	Urogenital disease (female)|Urogenital disease (male)	rofecoxib	291.65		15976495
slc2a4	Kidney Diseases	MESH:D007674	SLC2A4	6517	Urogenital disease (female)|Urogenital disease (male)	Rosiglitazone	291.65		18413206|19193937|19246972
slc2a4	Kidney Diseases	MESH:D007674	SLC2A4	6517	Urogenital disease (female)|Urogenital disease (male)	S-(1,2-dichlorovinyl)cysteine	291.65		19409406|2867768|4017103
slc2a4	Kidney Diseases	MESH:D007674	SLC2A4	6517	Urogenital disease (female)|Urogenital disease (male)	sarpogrelate	291.65		27097221
slc2a4	Kidney Diseases	MESH:D007674	SLC2A4	6517	Urogenital disease (female)|Urogenital disease (male)	Sildenafil Citrate	291.65		19152827
slc2a4	Kidney Diseases	MESH:D007674	SLC2A4	6517	Urogenital disease (female)|Urogenital disease (male)	sodium arsenate	291.65		30456172|33418080
slc2a4	Kidney Diseases	MESH:D007674	SLC2A4	6517	Urogenital disease (female)|Urogenital disease (male)	sodium arsenite	291.65		10924798|17882470|18434106|19672740|20008137|24961358|26349760|26631322|29935397|30066062|30558456|31844926|34006163
slc2a4	Kidney Diseases	MESH:D007674	SLC2A4	6517	Urogenital disease (female)|Urogenital disease (male)	sodium bichromate	291.65		11489360
slc2a4	Kidney Diseases	MESH:D007674	SLC2A4	6517	Urogenital disease (female)|Urogenital disease (male)	Sodium Chloride	291.65		1462001|19841131|2369495|2586007
slc2a4	Kidney Diseases	MESH:D007674	SLC2A4	6517	Urogenital disease (female)|Urogenital disease (male)	Sodium Chloride, Dietary	291.65		19211690|3475498
slc2a4	Kidney Diseases	MESH:D007674	SLC2A4	6517	Urogenital disease (female)|Urogenital disease (male)	Streptozocin	291.65		11798618|12093613|12956402|135666|15053821|16037304|18413206|185926|19246972|19369054|19616452|199092|20732820|21450970|21630391|23376009|23767859|24877639|24923654|25665769|27292126|29526571|30642005|31063766|31726037|32246071|33387473|33639173|34039237|34212273|35243728|37054934
slc2a4	Kidney Diseases	MESH:D007674	SLC2A4	6517	Urogenital disease (female)|Urogenital disease (male)	sulforaphane	291.65		24512358|30835071|37567421
slc2a4	Kidney Diseases	MESH:D007674	SLC2A4	6517	Urogenital disease (female)|Urogenital disease (male)	Tamoxifen	291.65		17698946
slc2a4	Kidney Diseases	MESH:D007674	SLC2A4	6517	Urogenital disease (female)|Urogenital disease (male)	Taurine	291.65		17698946|18414974|19672740|20067817|25213677
slc2a4	Kidney Diseases	MESH:D007674	SLC2A4	6517	Urogenital disease (female)|Urogenital disease (male)	Thioacetamide	291.65		19761811|23142791|37008694
slc2a4	Kidney Diseases	MESH:D007674	SLC2A4	6517	Urogenital disease (female)|Urogenital disease (male)	Thyroxine	291.65		1322021
slc2a4	Kidney Diseases	MESH:D007674	SLC2A4	6517	Urogenital disease (female)|Urogenital disease (male)	titanium dioxide	291.65		25406100
slc2a4	Kidney Diseases	MESH:D007674	SLC2A4	6517	Urogenital disease (female)|Urogenital disease (male)	Trichloroethylene	291.65		17285313|22728725|23037997|31068537|31618666|33132242
slc2a4	Kidney Diseases	MESH:D007674	SLC2A4	6517	Urogenital disease (female)|Urogenital disease (male)	Triclosan	291.65		145039
slc2a4	Kidney Diseases	MESH:D007674	SLC2A4	6517	Urogenital disease (female)|Urogenital disease (male)	triptolide	291.65		19879934
slc2a4	Kidney Diseases	MESH:D007674	SLC2A4	6517	Urogenital disease (female)|Urogenital disease (male)	Valproic Acid	291.65		10937350|11322374|3935422|6782217|9175586
slc2a4	Kidney Diseases	MESH:D007674	SLC2A4	6517	Urogenital disease (female)|Urogenital disease (male)	Valsartan	291.65		10903974|12164870|16893502|21728903|35114312
slc2a4	Kidney Diseases	MESH:D007674	SLC2A4	6517	Urogenital disease (female)|Urogenital disease (male)	Vancomycin	291.65		10217324|10798782|12604535|12688519|12741439|16112787|16236146|16691027|17060545|17296255|17344665|17448119|17470454|17692725|18159129|18227177|18289764|18334494|18930951|19586413|19602966|19761811|19833176|20021290|2351627|2564157|29964132|3752981|7739950|8056700|8226435|8365461|8841156|9491842
slc2a4	Kidney Diseases	MESH:D007674	SLC2A4	6517	Urogenital disease (female)|Urogenital disease (male)	Verapamil	291.65		12419699|1876283|23428833
slc2a4	Kidney Diseases	MESH:D007674	SLC2A4	6517	Urogenital disease (female)|Urogenital disease (male)	vinclozolin	291.65		20927350|21570938|31682807
slc2a4	Kidney Diseases	MESH:D007674	SLC2A4	6517	Urogenital disease (female)|Urogenital disease (male)	vinylidene chloride	291.65		7839370
slc2a4	Kidney Diseases	MESH:D007674	SLC2A4	6517	Urogenital disease (female)|Urogenital disease (male)	Vitamin E	291.65		12488133|15669049|17448119|23347876|9530244
slc2a4	Kidney Diseases	MESH:D007674	SLC2A4	6517	Urogenital disease (female)|Urogenital disease (male)	Zidovudine	291.65		8806849
slc2a4	Kidney Diseases, Cystic	MESH:D052177	SLC2A4	6517	Urogenital disease (female)|Urogenital disease (male)	Alloxan	13.67		9879822
slc2a4	Kidney Diseases, Cystic	MESH:D052177	SLC2A4	6517	Urogenital disease (female)|Urogenital disease (male)	Glyphosate	13.67		31011160
slc2a4	Kidney Diseases, Cystic	MESH:D052177	SLC2A4	6517	Urogenital disease (female)|Urogenital disease (male)	Indomethacin	13.67		8092206
slc2a4	Kidney Diseases, Cystic	MESH:D052177	SLC2A4	6517	Urogenital disease (female)|Urogenital disease (male)	Streptozocin	13.67		9879822
slc2a4	Kidney Failure, Chronic	MESH:D007676	SLC2A4	6517	Pathology (process)|Urogenital disease (female)|Urogenital disease (male)	Acetaminophen	40.52		11752356|3050572|7969358
slc2a4	Kidney Failure, Chronic	MESH:D007676	SLC2A4	6517	Pathology (process)|Urogenital disease (female)|Urogenital disease (male)	Cadmium	40.52		23343055
slc2a4	Kidney Failure, Chronic	MESH:D007676	SLC2A4	6517	Pathology (process)|Urogenital disease (female)|Urogenital disease (male)	Calcitriol	40.52		15354979|3439654|6760236
slc2a4	Kidney Failure, Chronic	MESH:D007676	SLC2A4	6517	Pathology (process)|Urogenital disease (female)|Urogenital disease (male)	Copper	40.52		16518626
slc2a4	Kidney Failure, Chronic	MESH:D007676	SLC2A4	6517	Pathology (process)|Urogenital disease (female)|Urogenital disease (male)	Doxorubicin	40.52		11014987|15960146|16707910|9102927
slc2a4	Kidney Failure, Chronic	MESH:D007676	SLC2A4	6517	Pathology (process)|Urogenital disease (female)|Urogenital disease (male)	Glucose	40.52		9551423
slc2a4	Kidney Failure, Chronic	MESH:D007676	SLC2A4	6517	Pathology (process)|Urogenital disease (female)|Urogenital disease (male)	Indinavir	40.52		17502722|19226409|20523203
slc2a4	Kidney Failure, Chronic	MESH:D007676	SLC2A4	6517	Pathology (process)|Urogenital disease (female)|Urogenital disease (male)	Indomethacin	40.52		6986554
slc2a4	Kidney Failure, Chronic	MESH:D007676	SLC2A4	6517	Pathology (process)|Urogenital disease (female)|Urogenital disease (male)	Lead	40.52		23343055
slc2a4	Kidney Failure, Chronic	MESH:D007676	SLC2A4	6517	Pathology (process)|Urogenital disease (female)|Urogenital disease (male)	Melatonin	40.52		12019361
slc2a4	Kidney Failure, Chronic	MESH:D007676	SLC2A4	6517	Pathology (process)|Urogenital disease (female)|Urogenital disease (male)	Niacin	40.52		19878707
slc2a4	Kidney Failure, Chronic	MESH:D007676	SLC2A4	6517	Pathology (process)|Urogenital disease (female)|Urogenital disease (male)	Paraquat	40.52		26177651
slc2a4	Kidney Failure, Chronic	MESH:D007676	SLC2A4	6517	Pathology (process)|Urogenital disease (female)|Urogenital disease (male)	Permethrin	40.52		26177651
slc2a4	Kidney Failure, Chronic	MESH:D007676	SLC2A4	6517	Pathology (process)|Urogenital disease (female)|Urogenital disease (male)	Propylthiouracil	40.52		10344375
slc2a4	Kidney Failure, Chronic	MESH:D007676	SLC2A4	6517	Pathology (process)|Urogenital disease (female)|Urogenital disease (male)	Streptozocin	40.52		6459048
slc2a4	Kidney Failure, Chronic	MESH:D007676	SLC2A4	6517	Pathology (process)|Urogenital disease (female)|Urogenital disease (male)	Zidovudine	40.52		11263401
slc2a4	Kidney Neoplasms	MESH:D007680	SLC2A4	6517	Cancer|Urogenital disease (female)|Urogenital disease (male)	1,2-Dimethylhydrazine	64.32		9695784
slc2a4	Kidney Neoplasms	MESH:D007680	SLC2A4	6517	Cancer|Urogenital disease (female)|Urogenital disease (male)	Acetaminophen	64.32		11679798|2912549|3834336|8793360
slc2a4	Kidney Neoplasms	MESH:D007680	SLC2A4	6517	Cancer|Urogenital disease (female)|Urogenital disease (male)	Aflatoxin B1	64.32		22545673
slc2a4	Kidney Neoplasms	MESH:D007680	SLC2A4	6517	Cancer|Urogenital disease (female)|Urogenital disease (male)	Anthraquinones	64.32		15804751|28321044
slc2a4	Kidney Neoplasms	MESH:D007680	SLC2A4	6517	Cancer|Urogenital disease (female)|Urogenital disease (male)	aristolochic acid I	64.32		19643159|21642617
slc2a4	Kidney Neoplasms	MESH:D007680	SLC2A4	6517	Cancer|Urogenital disease (female)|Urogenital disease (male)	Arsenic	64.32		23471352|9554605
slc2a4	Kidney Neoplasms	MESH:D007680	SLC2A4	6517	Cancer|Urogenital disease (female)|Urogenital disease (male)	Cadmium	64.32		20839231
slc2a4	Kidney Neoplasms	MESH:D007680	SLC2A4	6517	Cancer|Urogenital disease (female)|Urogenital disease (male)	Cisplatin	64.32		28321044
slc2a4	Kidney Neoplasms	MESH:D007680	SLC2A4	6517	Cancer|Urogenital disease (female)|Urogenital disease (male)	Doxorubicin	64.32		8602639
slc2a4	Kidney Neoplasms	MESH:D007680	SLC2A4	6517	Cancer|Urogenital disease (female)|Urogenital disease (male)	Estradiol	64.32		10326862|10402247|15610895|8221684|9683190|9683193
slc2a4	Kidney Neoplasms	MESH:D007680	SLC2A4	6517	Cancer|Urogenital disease (female)|Urogenital disease (male)	Estrogens	64.32		11857771|9886574
slc2a4	Kidney Neoplasms	MESH:D007680	SLC2A4	6517	Cancer|Urogenital disease (female)|Urogenital disease (male)	Glucose	64.32		28916336
slc2a4	Kidney Neoplasms	MESH:D007680	SLC2A4	6517	Cancer|Urogenital disease (female)|Urogenital disease (male)	Indomethacin	64.32		7614682
slc2a4	Kidney Neoplasms	MESH:D007680	SLC2A4	6517	Cancer|Urogenital disease (female)|Urogenital disease (male)	Niacinamide	64.32		207424
slc2a4	Kidney Neoplasms	MESH:D007680	SLC2A4	6517	Cancer|Urogenital disease (female)|Urogenital disease (male)	Smoke	64.32		2912549|8602639
slc2a4	Kidney Neoplasms	MESH:D007680	SLC2A4	6517	Cancer|Urogenital disease (female)|Urogenital disease (male)	Streptozocin	64.32		11396141|145871|1825617|1834880|207424|2532796|6210642|6225653|7697213|8290873|9083521
slc2a4	Kidney Neoplasms	MESH:D007680	SLC2A4	6517	Cancer|Urogenital disease (female)|Urogenital disease (male)	Tamoxifen	64.32		18625569
slc2a4	Kidney Neoplasms	MESH:D007680	SLC2A4	6517	Cancer|Urogenital disease (female)|Urogenital disease (male)	Testosterone	64.32		9140897
slc2a4	Kidney Neoplasms	MESH:D007680	SLC2A4	6517	Cancer|Urogenital disease (female)|Urogenital disease (male)	Trichloroethylene	64.32		20663906|24923549
slc2a4	Kidney Neoplasms	MESH:D007680	SLC2A4	6517	Cancer|Urogenital disease (female)|Urogenital disease (male)	Vinyl Chloride	64.32		12562636
slc2a4	Kidney Neoplasms	MESH:D007680	SLC2A4	6517	Cancer|Urogenital disease (female)|Urogenital disease (male)	vinylidene chloride	64.32		26682919
slc2a4	Kidney Neoplasms	MESH:D007680	SLC2A4	6517	Cancer|Urogenital disease (female)|Urogenital disease (male)	Vitamin E	64.32		9192818
slc2a4	Kidney Neoplasms	MESH:D007680	SLC2A4	6517	Cancer|Urogenital disease (female)|Urogenital disease (male)	Zidovudine	64.32		12579204
slc2a4	Kidney Papillary Necrosis	MESH:D007681	SLC2A4	6517	Urogenital disease (female)|Urogenital disease (male)	Acetaminophen	10.27		1203171|1919871|2362779|3050572|3559797|6025602|6126946|6590001|6776978|7412682
slc2a4	Kidney Papillary Necrosis	MESH:D007681	SLC2A4	6517	Urogenital disease (female)|Urogenital disease (male)	Diethylhexyl Phthalate	10.27		3102426
slc2a4	Kidney Papillary Necrosis	MESH:D007681	SLC2A4	6517	Urogenital disease (female)|Urogenital disease (male)	Indinavir	10.27		11545487|18191366|18553024
slc2a4	Kidney Papillary Necrosis	MESH:D007681	SLC2A4	6517	Urogenital disease (female)|Urogenital disease (male)	Indomethacin	10.27		12512867|277165|3102426|4548752|6125715|6953356|861066|9502396|972771
slc2a4	Kidney Tubular Necrosis, Acute	MESH:D007683	SLC2A4	6517	Urogenital disease (female)|Urogenital disease (male)	Acetaminophen	64.47		11881430|12060523|12832150|16354242|16532256|17624227|18645506|1987650|20352459|2362779|3173602|3380218|3420447|3559797|3796197|4062453|4082192|6868092|7282722|7566947|7579069|8473360|851123|989539
slc2a4	Kidney Tubular Necrosis, Acute	MESH:D007683	SLC2A4	6517	Urogenital disease (female)|Urogenital disease (male)	Acetylcysteine	64.47		17365906
slc2a4	Kidney Tubular Necrosis, Acute	MESH:D007683	SLC2A4	6517	Urogenital disease (female)|Urogenital disease (male)	aristolochic acid I	64.47		22820421
slc2a4	Kidney Tubular Necrosis, Acute	MESH:D007683	SLC2A4	6517	Urogenital disease (female)|Urogenital disease (male)	Ascorbic Acid	64.47		1678558|7902115
slc2a4	Kidney Tubular Necrosis, Acute	MESH:D007683	SLC2A4	6517	Urogenital disease (female)|Urogenital disease (male)	Bezafibrate	64.47		18368030
slc2a4	Kidney Tubular Necrosis, Acute	MESH:D007683	SLC2A4	6517	Urogenital disease (female)|Urogenital disease (male)	Calcium	64.47		16316344
slc2a4	Kidney Tubular Necrosis, Acute	MESH:D007683	SLC2A4	6517	Urogenital disease (female)|Urogenital disease (male)	Chromium Compounds	64.47		16492795
slc2a4	Kidney Tubular Necrosis, Acute	MESH:D007683	SLC2A4	6517	Urogenital disease (female)|Urogenital disease (male)	Cisplatin	64.47		11231351|18368030|19797351|20702592|21881242|24975837|25677510|2680578|29051111|30682439|7855315|8457719|8583688
slc2a4	Kidney Tubular Necrosis, Acute	MESH:D007683	SLC2A4	6517	Urogenital disease (female)|Urogenital disease (male)	cobaltous chloride	64.47		851123
slc2a4	Kidney Tubular Necrosis, Acute	MESH:D007683	SLC2A4	6517	Urogenital disease (female)|Urogenital disease (male)	Copper	64.47		22465980
slc2a4	Kidney Tubular Necrosis, Acute	MESH:D007683	SLC2A4	6517	Urogenital disease (female)|Urogenital disease (male)	Ethanol	64.47		9297132
slc2a4	Kidney Tubular Necrosis, Acute	MESH:D007683	SLC2A4	6517	Urogenital disease (female)|Urogenital disease (male)	imisopasem manganese	64.47		12176111
slc2a4	Kidney Tubular Necrosis, Acute	MESH:D007683	SLC2A4	6517	Urogenital disease (female)|Urogenital disease (male)	Indomethacin	64.47		860058
slc2a4	Kidney Tubular Necrosis, Acute	MESH:D007683	SLC2A4	6517	Urogenital disease (female)|Urogenital disease (male)	Mercuric Chloride	64.47		12460744|19371613|2863857|8583688|9765069
slc2a4	Kidney Tubular Necrosis, Acute	MESH:D007683	SLC2A4	6517	Urogenital disease (female)|Urogenital disease (male)	naringenin	64.47		23845967
slc2a4	Kidney Tubular Necrosis, Acute	MESH:D007683	SLC2A4	6517	Urogenital disease (female)|Urogenital disease (male)	Plant Extracts	64.47		16492795
slc2a4	Kidney Tubular Necrosis, Acute	MESH:D007683	SLC2A4	6517	Urogenital disease (female)|Urogenital disease (male)	Propylthiouracil	64.47		16354242
slc2a4	Kidney Tubular Necrosis, Acute	MESH:D007683	SLC2A4	6517	Urogenital disease (female)|Urogenital disease (male)	Quercetin	64.47		15198074
slc2a4	Kidney Tubular Necrosis, Acute	MESH:D007683	SLC2A4	6517	Urogenital disease (female)|Urogenital disease (male)	Streptozocin	64.47		15590127|15954931|3156984
slc2a4	Kidney Tubular Necrosis, Acute	MESH:D007683	SLC2A4	6517	Urogenital disease (female)|Urogenital disease (male)	Tretinoin	64.47		9378467
slc2a4	Kidney Tubular Necrosis, Acute	MESH:D007683	SLC2A4	6517	Urogenital disease (female)|Urogenital disease (male)	Vancomycin	64.47		11810128|15199201|17879216|18067058
slc2a4	Kidney Tubular Necrosis, Acute	MESH:D007683	SLC2A4	6517	Urogenital disease (female)|Urogenital disease (male)	Verapamil	64.47		1778857
slc2a4	Kidney Tubular Necrosis, Acute	MESH:D007683	SLC2A4	6517	Urogenital disease (female)|Urogenital disease (male)	vinylidene chloride	64.47		8311687
slc2a4	Polycystic Kidney Diseases	MESH:D007690	SLC2A4	6517	Congenital abnormality|Genetic disease (inborn)|Urogenital disease (female)|Urogenital disease (male)	(+)-JQ1 compound	10.62		25877301
slc2a4	Polycystic Kidney Diseases	MESH:D007690	SLC2A4	6517	Congenital abnormality|Genetic disease (inborn)|Urogenital disease (female)|Urogenital disease (male)	Rosiglitazone	10.62		20507283
slc2a4	Polycystic Kidney Diseases	MESH:D007690	SLC2A4	6517	Congenital abnormality|Genetic disease (inborn)|Urogenital disease (female)|Urogenital disease (male)	Triiodothyronine	10.62		8724899
igf1	Acute Kidney Injury	MESH:D058186	IGF1	3479	Urogenital disease (female)|Urogenital disease (male)	2,2',4,4'-tetrabromodiphenyl ether	248.21		37357614
igf1	Acute Kidney Injury	MESH:D058186	IGF1	3479	Urogenital disease (female)|Urogenital disease (male)	Acetaminophen	248.21		10454517|10462288|10529635|15058171|15118981|15546480|1605724|1676404|19109935|19183124|19369842|19515070|19639374|19815612|19995690|22093918|2302954|2873910|30099449|3403780|35020164|35243748|3605153|3747662|3827589|3992409|455818|6173498|6708674|6800515|6802245|6825559|6877410|7100020|7318260|7364436|7969685|8156726|8244261|8317017|8669426|8812206|9085330|9381478|9796772|9858252
igf1	Acute Kidney Injury	MESH:D058186	IGF1	3479	Urogenital disease (female)|Urogenital disease (male)	Acetylcysteine	248.21		14624421|15637469|16897003|19204016|19473638|19526394|19945959|26230185|30236763|30639957
igf1	Acute Kidney Injury	MESH:D058186	IGF1	3479	Urogenital disease (female)|Urogenital disease (male)	Albuterol	248.21		2870244
igf1	Acute Kidney Injury	MESH:D058186	IGF1	3479	Urogenital disease (female)|Urogenital disease (male)	alpha-Chlorohydrin	248.21		29860048
igf1	Acute Kidney Injury	MESH:D058186	IGF1	3479	Urogenital disease (female)|Urogenital disease (male)	Amiodarone	248.21		12710596|17615423|2026392|4037586|8491409
igf1	Acute Kidney Injury	MESH:D058186	IGF1	3479	Urogenital disease (female)|Urogenital disease (male)	Amlodipine	248.21		11016776
igf1	Acute Kidney Injury	MESH:D058186	IGF1	3479	Urogenital disease (female)|Urogenital disease (male)	Arsenic Trioxide	248.21		18463343
igf1	Acute Kidney Injury	MESH:D058186	IGF1	3479	Urogenital disease (female)|Urogenital disease (male)	Ascorbic Acid	248.21		18714631|30606963
igf1	Acute Kidney Injury	MESH:D058186	IGF1	3479	Urogenital disease (female)|Urogenital disease (male)	Azathioprine	248.21		4067979
igf1	Acute Kidney Injury	MESH:D058186	IGF1	3479	Urogenital disease (female)|Urogenital disease (male)	baicalein	248.21		37354967
igf1	Acute Kidney Injury	MESH:D058186	IGF1	3479	Urogenital disease (female)|Urogenital disease (male)	Bezafibrate	248.21		11764054|16316343|2280884|3374444|8808248
igf1	Acute Kidney Injury	MESH:D058186	IGF1	3479	Urogenital disease (female)|Urogenital disease (male)	bisphenol A	248.21		24625398
igf1	Acute Kidney Injury	MESH:D058186	IGF1	3479	Urogenital disease (female)|Urogenital disease (male)	Cadmium	248.21		37357614
igf1	Acute Kidney Injury	MESH:D058186	IGF1	3479	Urogenital disease (female)|Urogenital disease (male)	Cadmium Chloride	248.21		21620867|28759707|29286200|32818823|35122928
igf1	Acute Kidney Injury	MESH:D058186	IGF1	3479	Urogenital disease (female)|Urogenital disease (male)	Calcium	248.21		19856155|2689848|6690474
igf1	Acute Kidney Injury	MESH:D058186	IGF1	3479	Urogenital disease (female)|Urogenital disease (male)	Capsaicin	248.21		18460982
igf1	Acute Kidney Injury	MESH:D058186	IGF1	3479	Urogenital disease (female)|Urogenital disease (male)	Carbamazepine	248.21		11346062|12005248|1494733|19995690|2918954|4653892
igf1	Acute Kidney Injury	MESH:D058186	IGF1	3479	Urogenital disease (female)|Urogenital disease (male)	Carbon Tetrachloride	248.21		24975872|28285099|30825423
igf1	Acute Kidney Injury	MESH:D058186	IGF1	3479	Urogenital disease (female)|Urogenital disease (male)	Cisplatin	248.21		10454517|11977638|12180108|12690470|15814532|16316343|17670903|19144690|19833167|19913604|20369241|20419391|20463654|20510337|20514524|20603111|20650967|20652569|20656754|20676799|20817559|20844023|20844471|20861081|20942565|20943766|21044617|21048024|21048391|21058009|21256724|21272267|21325496|21458517|21470069|21570986|21593185|21633170|2170045|21745194|21802473|21835770|21847101|22005293|22581811|22992436|23384965|23649842|24012798|24113306|24632086|24778426|24973089|24975837|25184746|25382014|25598344|25957482|26165641|26230185|26546572|26723870|27480280|28321044|28414026|28698153|28885000|28902463|29126144|29476062|29599129|30291731|31103702|31153982|3152939|31926187|32110797|32504734|32777238|32888910|33965372|34560070|34785303|35279909|35367536|35403300|36006825|37057715|37087747|37179038|37863467|6350313|657154|7018267|7199128
igf1	Acute Kidney Injury	MESH:D058186	IGF1	3479	Urogenital disease (female)|Urogenital disease (male)	Clofibrate	248.21		12503032|55557|7437867
igf1	Acute Kidney Injury	MESH:D058186	IGF1	3479	Urogenital disease (female)|Urogenital disease (male)	Clozapine	248.21		10513719|10939762|12123128|20126316
igf1	Acute Kidney Injury	MESH:D058186	IGF1	3479	Urogenital disease (female)|Urogenital disease (male)	Copper Sulfate	248.21		30431687|602954
igf1	Acute Kidney Injury	MESH:D058186	IGF1	3479	Urogenital disease (female)|Urogenital disease (male)	Curcumin	248.21		17076682|28698153|30431687
igf1	Acute Kidney Injury	MESH:D058186	IGF1	3479	Urogenital disease (female)|Urogenital disease (male)	Cyclosporine	248.21		11271297|11576359|12131698|1539206|1839490|21058009|22005293|2368707|2576639|2940667|29975447|3086006|3544376|3544821|6342655|7518975|7566623
igf1	Acute Kidney Injury	MESH:D058186	IGF1	3479	Urogenital disease (female)|Urogenital disease (male)	Dexamethasone	248.21		31654708|32687258|8546128|9763554
igf1	Acute Kidney Injury	MESH:D058186	IGF1	3479	Urogenital disease (female)|Urogenital disease (male)	Dietary Fats	248.21		24795233
igf1	Acute Kidney Injury	MESH:D058186	IGF1	3479	Urogenital disease (female)|Urogenital disease (male)	Diquat	248.21		37277018
igf1	Acute Kidney Injury	MESH:D058186	IGF1	3479	Urogenital disease (female)|Urogenital disease (male)	Doxorubicin	248.21		18680783|21354902|21812276|25411067|26825964|28885000|29474904|30543781|3070145|31376360|32289291
igf1	Acute Kidney Injury	MESH:D058186	IGF1	3479	Urogenital disease (female)|Urogenital disease (male)	Dronabinol	248.21		16161930
igf1	Acute Kidney Injury	MESH:D058186	IGF1	3479	Urogenital disease (female)|Urogenital disease (male)	Drugs, Chinese Herbal	248.21		15665747|17028363|21354902|21812276|24625398|29045746|7811132
igf1	Acute Kidney Injury	MESH:D058186	IGF1	3479	Urogenital disease (female)|Urogenital disease (male)	Enalapril	248.21		12698328|14629192|15662077|16147831|16197366|2368707|2827563|2829674|2837670|2849806|3013264|3029744|3035393|3036457|6321850|8416678|8529299|8645963|8856229|9403220|9798462
igf1	Acute Kidney Injury	MESH:D058186	IGF1	3479	Urogenital disease (female)|Urogenital disease (male)	epigallocatechin gallate	248.21		25382014|36309138
igf1	Acute Kidney Injury	MESH:D058186	IGF1	3479	Urogenital disease (female)|Urogenital disease (male)	estradiol 3-benzoate	248.21		27363640
igf1	Acute Kidney Injury	MESH:D058186	IGF1	3479	Urogenital disease (female)|Urogenital disease (male)	Ethanol	248.21		28285099|3747662
igf1	Acute Kidney Injury	MESH:D058186	IGF1	3479	Urogenital disease (female)|Urogenital disease (male)	Fluorouracil	248.21		15895229|3978662
igf1	Acute Kidney Injury	MESH:D058186	IGF1	3479	Urogenital disease (female)|Urogenital disease (male)	Flutamide	248.21		12180480
igf1	Acute Kidney Injury	MESH:D058186	IGF1	3479	Urogenital disease (female)|Urogenital disease (male)	Folic Acid	248.21		1068326|10980121|11532093|135854|15149334|15625121|16316344|16595132|17003819|18480750|18626492|19552531|23255615|24275386|25559736|2566606|30405444|31447676|31593741|33404076|35191561|35772596|4142233|5070373|562503|745638|7531211|851170|8594875
igf1	Acute Kidney Injury	MESH:D058186	IGF1	3479	Urogenital disease (female)|Urogenital disease (male)	fumonisin B1	248.21		19330885
igf1	Acute Kidney Injury	MESH:D058186	IGF1	3479	Urogenital disease (female)|Urogenital disease (male)	Furosemide	248.21		10599213|12243603|1300436|14575286|15351602|1769878|19031110|2048579|2280884|2827563|29860548|3013264|3015452|5074752|513486|686175|735158|8164396|8577126|9284855|958099
igf1	Acute Kidney Injury	MESH:D058186	IGF1	3479	Urogenital disease (female)|Urogenital disease (male)	Gabapentin	248.21		10919603
igf1	Acute Kidney Injury	MESH:D058186	IGF1	3479	Urogenital disease (female)|Urogenital disease (male)	Glutathione	248.21		10729747
igf1	Acute Kidney Injury	MESH:D058186	IGF1	3479	Urogenital disease (female)|Urogenital disease (male)	Glyphosate	248.21		24361898|32818823
igf1	Acute Kidney Injury	MESH:D058186	IGF1	3479	Urogenital disease (female)|Urogenital disease (male)	Gold	248.21		1886219|311157
igf1	Acute Kidney Injury	MESH:D058186	IGF1	3479	Urogenital disease (female)|Urogenital disease (male)	Ibuprofen	248.21		10423592|11700753|14745553|1591437|17879100|18446376|19048246|19183124|2870244|3080108|3404105|3600902|3689062|3975749|3983674|420719|6228839|6375363|6420135|6748567|6844855|7180901|719345|7513099|7579049|8134235|9030680|9035187|9840327
igf1	Acute Kidney Injury	MESH:D058186	IGF1	3479	Urogenital disease (female)|Urogenital disease (male)	Imatinib Mesylate	248.21		16288076
igf1	Acute Kidney Injury	MESH:D058186	IGF1	3479	Urogenital disease (female)|Urogenital disease (male)	Indomethacin	248.21		15007713|2191029|2872506|2886806|3071148|3600902|3616022|3727353|3975749|3978662|3980192|4000350|4071154|448822|464454|6589647|6781208|6949485|6952058|7017180|718323|7305576|7375974|7386499|8163032|8240599|8671983|9052853
igf1	Acute Kidney Injury	MESH:D058186	IGF1	3479	Urogenital disease (female)|Urogenital disease (male)	Isoflurane	248.21		3657733
igf1	Acute Kidney Injury	MESH:D058186	IGF1	3479	Urogenital disease (female)|Urogenital disease (male)	lipopolysaccharide, E coli O55-B5	248.21		30606963|36244460
igf1	Acute Kidney Injury	MESH:D058186	IGF1	3479	Urogenital disease (female)|Urogenital disease (male)	Lipopolysaccharides	248.21		22253906|24561306|24973090|26055553|31654708|32687258|37436358
igf1	Acute Kidney Injury	MESH:D058186	IGF1	3479	Urogenital disease (female)|Urogenital disease (male)	Lovastatin	248.21		2253372|2297197|2355431|3275891|3290520|8767987|9350151
igf1	Acute Kidney Injury	MESH:D058186	IGF1	3479	Urogenital disease (female)|Urogenital disease (male)	Maneb	248.21		28322069
igf1	Acute Kidney Injury	MESH:D058186	IGF1	3479	Urogenital disease (female)|Urogenital disease (male)	Mannitol	248.21		11247599|12381962|14599652|16235675|1751788|18093429|20118599|20557870|2111870|24778426|2500855|2513521|3015452|3086006|3106845|513486|5695673|6435559|6437357|6769339|691972|735158|7724007|7734574|7900744|7991027|8184141|8379473|8431614|8529299|8856292|9038039|9189872|9590800
igf1	Acute Kidney Injury	MESH:D058186	IGF1	3479	Urogenital disease (female)|Urogenital disease (male)	Melatonin	248.21		35367536
igf1	Acute Kidney Injury	MESH:D058186	IGF1	3479	Urogenital disease (female)|Urogenital disease (male)	Mercuric Chloride	248.21		10469268|10677590|10901180|11274264|1134612|11510480|11768240|11817102|14638913|1474766|15375764|1561627|16801527|16891066|18496552|18616694|19902086|20407758|21094152|21652719|22390991|22785175|22960887|29045746|32879258|4644892|602954|618599|6223941|7540432|8305641|8342615|8538927|8872981|9544699|9788586|9810145|9853001
igf1	Acute Kidney Injury	MESH:D058186	IGF1	3479	Urogenital disease (female)|Urogenital disease (male)	Mercury	248.21		21073006|21821123
igf1	Acute Kidney Injury	MESH:D058186	IGF1	3479	Urogenital disease (female)|Urogenital disease (male)	Metformin	248.21		11910877|14604317|14633764|15752411|16620273|16644670|20164825|20223410|20578420|4217736
igf1	Acute Kidney Injury	MESH:D058186	IGF1	3479	Urogenital disease (female)|Urogenital disease (male)	Methionine	248.21		31926187
igf1	Acute Kidney Injury	MESH:D058186	IGF1	3479	Urogenital disease (female)|Urogenital disease (male)	naphthalene	248.21		602954
igf1	Acute Kidney Injury	MESH:D058186	IGF1	3479	Urogenital disease (female)|Urogenital disease (male)	naringin	248.21		21600195
igf1	Acute Kidney Injury	MESH:D058186	IGF1	3479	Urogenital disease (female)|Urogenital disease (male)	Nickel	248.21		21600195
igf1	Acute Kidney Injury	MESH:D058186	IGF1	3479	Urogenital disease (female)|Urogenital disease (male)	Nicotine	248.21		21511693
igf1	Acute Kidney Injury	MESH:D058186	IGF1	3479	Urogenital disease (female)|Urogenital disease (male)	Nifedipine	248.21		3168513|8120693
igf1	Acute Kidney Injury	MESH:D058186	IGF1	3479	Urogenital disease (female)|Urogenital disease (male)	Norepinephrine	248.21		1102487|2139164|2243129|2946967|2948068|3015452|3573537|3706779|5034334|513486|618599|6652879|668387|6720897|6769339|686175|691972|691976|735158|7419955
igf1	Acute Kidney Injury	MESH:D058186	IGF1	3479	Urogenital disease (female)|Urogenital disease (male)	ochratoxin A	248.21		28321044
igf1	Acute Kidney Injury	MESH:D058186	IGF1	3479	Urogenital disease (female)|Urogenital disease (male)	Omeprazole	248.21		10566755|11803011|12601409|17014549|19682153|7802778|8356994|9044464|9799915
igf1	Acute Kidney Injury	MESH:D058186	IGF1	3479	Urogenital disease (female)|Urogenital disease (male)	Oxygen	248.21		12819242|16153449|27363640
igf1	Acute Kidney Injury	MESH:D058186	IGF1	3479	Urogenital disease (female)|Urogenital disease (male)	Palm Oil	248.21		20433818
igf1	Acute Kidney Injury	MESH:D058186	IGF1	3479	Urogenital disease (female)|Urogenital disease (male)	Paraquat	248.21		21991918|26988026|28123623|30562684|33838153
igf1	Acute Kidney Injury	MESH:D058186	IGF1	3479	Urogenital disease (female)|Urogenital disease (male)	Particulate Matter	248.21		19797351|34751495
igf1	Acute Kidney Injury	MESH:D058186	IGF1	3479	Urogenital disease (female)|Urogenital disease (male)	Penicillamine	248.21		1886219|2082056|3823508|4014326|848141
igf1	Acute Kidney Injury	MESH:D058186	IGF1	3479	Urogenital disease (female)|Urogenital disease (male)	perfluorooctane sulfonic acid	248.21		35934180
igf1	Acute Kidney Injury	MESH:D058186	IGF1	3479	Urogenital disease (female)|Urogenital disease (male)	Phenacetin	248.21		2873910
igf1	Acute Kidney Injury	MESH:D058186	IGF1	3479	Urogenital disease (female)|Urogenital disease (male)	Phenobarbital	248.21		1485575
igf1	Acute Kidney Injury	MESH:D058186	IGF1	3479	Urogenital disease (female)|Urogenital disease (male)	Phenylephrine	248.21		13678392
igf1	Acute Kidney Injury	MESH:D058186	IGF1	3479	Urogenital disease (female)|Urogenital disease (male)	Phenytoin	248.21		1036571|465192|574201|857181
igf1	Acute Kidney Injury	MESH:D058186	IGF1	3479	Urogenital disease (female)|Urogenital disease (male)	picolinic acid	248.21		20817559
igf1	Acute Kidney Injury	MESH:D058186	IGF1	3479	Urogenital disease (female)|Urogenital disease (male)	pirinixic acid	248.21		12503032
igf1	Acute Kidney Injury	MESH:D058186	IGF1	3479	Urogenital disease (female)|Urogenital disease (male)	Plant Extracts	248.21		18680783|19736602|22021999
igf1	Acute Kidney Injury	MESH:D058186	IGF1	3479	Urogenital disease (female)|Urogenital disease (male)	Potassium	248.21		7144139
igf1	Acute Kidney Injury	MESH:D058186	IGF1	3479	Urogenital disease (female)|Urogenital disease (male)	Potassium Dichromate	248.21		10463391|18331393|19766176|20433818
igf1	Acute Kidney Injury	MESH:D058186	IGF1	3479	Urogenital disease (female)|Urogenital disease (male)	Prednisolone	248.21		12381259|16889550|20731847|6106853
igf1	Acute Kidney Injury	MESH:D058186	IGF1	3479	Urogenital disease (female)|Urogenital disease (male)	Propofol	248.21		15153216|15558515|16432122|17000843|17192529|18515605
igf1	Acute Kidney Injury	MESH:D058186	IGF1	3479	Urogenital disease (female)|Urogenital disease (male)	Propylthiouracil	248.21		11014318|11956877|17415292|7942812|9219172|9550661
igf1	Acute Kidney Injury	MESH:D058186	IGF1	3479	Urogenital disease (female)|Urogenital disease (male)	puerarin	248.21		23315276|24975872
igf1	Acute Kidney Injury	MESH:D058186	IGF1	3479	Urogenital disease (female)|Urogenital disease (male)	pyrazolanthrone	248.21		31447676
igf1	Acute Kidney Injury	MESH:D058186	IGF1	3479	Urogenital disease (female)|Urogenital disease (male)	Quercetin	248.21		24958931|25411067|29474904|34751495
igf1	Acute Kidney Injury	MESH:D058186	IGF1	3479	Urogenital disease (female)|Urogenital disease (male)	Quinidine	248.21		3340030
igf1	Acute Kidney Injury	MESH:D058186	IGF1	3479	Urogenital disease (female)|Urogenital disease (male)	Resveratrol	248.21		16488442|16538975|21593185|24958931
igf1	Acute Kidney Injury	MESH:D058186	IGF1	3479	Urogenital disease (female)|Urogenital disease (male)	Rotenone	248.21		30099449
igf1	Acute Kidney Injury	MESH:D058186	IGF1	3479	Urogenital disease (female)|Urogenital disease (male)	Simvastatin	248.21		10620105|11173785|12131698|14712320|16334740|17615423|19112232|19376416|2017280|8941603
igf1	Acute Kidney Injury	MESH:D058186	IGF1	3479	Urogenital disease (female)|Urogenital disease (male)	Sirolimus	248.21		16316336|16889550|19376416|30236763
igf1	Acute Kidney Injury	MESH:D058186	IGF1	3479	Urogenital disease (female)|Urogenital disease (male)	Smoke	248.21		10095180|578557
igf1	Acute Kidney Injury	MESH:D058186	IGF1	3479	Urogenital disease (female)|Urogenital disease (male)	Sodium	248.21		3166546
igf1	Acute Kidney Injury	MESH:D058186	IGF1	3479	Urogenital disease (female)|Urogenital disease (male)	sodium arsenate	248.21		23724280
igf1	Acute Kidney Injury	MESH:D058186	IGF1	3479	Urogenital disease (female)|Urogenital disease (male)	sodium arsenite	248.21		21094152|23724280|32736004|32818823
igf1	Acute Kidney Injury	MESH:D058186	IGF1	3479	Urogenital disease (female)|Urogenital disease (male)	Streptozocin	248.21		6281169
igf1	Acute Kidney Injury	MESH:D058186	IGF1	3479	Urogenital disease (female)|Urogenital disease (male)	Superoxides	248.21		18460982
igf1	Acute Kidney Injury	MESH:D058186	IGF1	3479	Urogenital disease (female)|Urogenital disease (male)	Tacrolimus	248.21		10743694|11271297|15485139|16549190|16889550|19135948|19376416|7518975|7541834|9123014
igf1	Acute Kidney Injury	MESH:D058186	IGF1	3479	Urogenital disease (female)|Urogenital disease (male)	Thymidine	248.21		1838364
igf1	Acute Kidney Injury	MESH:D058186	IGF1	3479	Urogenital disease (female)|Urogenital disease (male)	Thyroxine	248.21		2689848
igf1	Acute Kidney Injury	MESH:D058186	IGF1	3479	Urogenital disease (female)|Urogenital disease (male)	Tobacco Smoke Pollution	248.21		29177025
igf1	Acute Kidney Injury	MESH:D058186	IGF1	3479	Urogenital disease (female)|Urogenital disease (male)	Tretinoin	248.21		10607690|11604554|12801854|17564563|18363177|8546128|9158667|9763554
igf1	Acute Kidney Injury	MESH:D058186	IGF1	3479	Urogenital disease (female)|Urogenital disease (male)	trichostatin A	248.21		29476062
igf1	Acute Kidney Injury	MESH:D058186	IGF1	3479	Urogenital disease (female)|Urogenital disease (male)	triptolide	248.21		19546256|32519852
igf1	Acute Kidney Injury	MESH:D058186	IGF1	3479	Urogenital disease (female)|Urogenital disease (male)	Valproic Acid	248.21		29968957
igf1	Acute Kidney Injury	MESH:D058186	IGF1	3479	Urogenital disease (female)|Urogenital disease (male)	Vehicle Emissions	248.21		19797351|34751495
igf1	Acute Kidney Injury	MESH:D058186	IGF1	3479	Urogenital disease (female)|Urogenital disease (male)	Vincristine	248.21		10454517
igf1	Acute Kidney Injury	MESH:D058186	IGF1	3479	Urogenital disease (female)|Urogenital disease (male)	Zinc	248.21		7800247
igf1	Acute Kidney Injury	MESH:D058186	IGF1	3479	Urogenital disease (female)|Urogenital disease (male)	Zoledronic Acid	248.21		17491196|19715164
igf1	Chronic Kidney Disease-Mineral and Bone Disorder	MESH:D012080	IGF1	3479	Endocrine system disease|Metabolic disease|Musculoskeletal disease|Nutrition disorder|Pathology (process)|Urogenital disease (female)|Urogenital disease (male)	Aluminum	11.24		9626627
igf1	Chronic Kidney Disease-Mineral and Bone Disorder	MESH:D012080	IGF1	3479	Endocrine system disease|Metabolic disease|Musculoskeletal disease|Nutrition disorder|Pathology (process)|Urogenital disease (female)|Urogenital disease (male)	Calcifediol	11.24		6897822
igf1	Chronic Kidney Disease-Mineral and Bone Disorder	MESH:D012080	IGF1	3479	Endocrine system disease|Metabolic disease|Musculoskeletal disease|Nutrition disorder|Pathology (process)|Urogenital disease (female)|Urogenital disease (male)	Calcitriol	11.24		11305809|1585935|17984431|3626302|6760236|6897822
igf1	Chronic Kidney Diseases of Uncertain Etiology	MESH:D000092702	IGF1	3479	Occupational disease|Pathology (process)|Urogenital disease (female)|Urogenital disease (male)	Endosulfan	3.68		36513242
igf1	Kidney Calculi	MESH:D007669	IGF1	3479	Pathology (anatomical condition)|Urogenital disease (female)|Urogenital disease (male)	Calcitriol	25.36		7571189
igf1	Kidney Calculi	MESH:D007669	IGF1	3479	Pathology (anatomical condition)|Urogenital disease (female)|Urogenital disease (male)	Dexamethasone	25.36		1671989|8576746
igf1	Kidney Calculi	MESH:D007669	IGF1	3479	Pathology (anatomical condition)|Urogenital disease (female)|Urogenital disease (male)	Felbamate	25.36		9848129
igf1	Kidney Calculi	MESH:D007669	IGF1	3479	Pathology (anatomical condition)|Urogenital disease (female)|Urogenital disease (male)	Furosemide	25.36		15351602|1622512|18377534|3084585|3964925|6600297|6637931|6726969|7110808|8021767|9181444
igf1	Kidney Calculi	MESH:D007669	IGF1	3479	Pathology (anatomical condition)|Urogenital disease (female)|Urogenital disease (male)	Glutathione	25.36		24360074
igf1	Kidney Calculi	MESH:D007669	IGF1	3479	Pathology (anatomical condition)|Urogenital disease (female)|Urogenital disease (male)	Methionine	25.36		8112761
igf1	Kidney Calculi	MESH:D007669	IGF1	3479	Pathology (anatomical condition)|Urogenital disease (female)|Urogenital disease (male)	Phenytoin	25.36		18620500
igf1	Kidney Calculi	MESH:D007669	IGF1	3479	Pathology (anatomical condition)|Urogenital disease (female)|Urogenital disease (male)	Reactive Oxygen Species	25.36		24360074
igf1	Kidney Calculi	MESH:D007669	IGF1	3479	Pathology (anatomical condition)|Urogenital disease (female)|Urogenital disease (male)	Resveratrol	25.36		24145091|34333021
igf1	Kidney Calculi	MESH:D007669	IGF1	3479	Pathology (anatomical condition)|Urogenital disease (female)|Urogenital disease (male)	Streptozocin	25.36		2827466
igf1	Kidney Cortex Necrosis	MESH:D007673	IGF1	3479	Urogenital disease (female)|Urogenital disease (male)	Carbon Tetrachloride	20.02		23845967
igf1	Kidney Cortex Necrosis	MESH:D007673	IGF1	3479	Urogenital disease (female)|Urogenital disease (male)	Cisplatin	20.02		15464296|19761811|28321044
igf1	Kidney Cortex Necrosis	MESH:D007673	IGF1	3479	Urogenital disease (female)|Urogenital disease (male)	Cyproterone Acetate	20.02		465307|503094
igf1	Kidney Cortex Necrosis	MESH:D007673	IGF1	3479	Urogenital disease (female)|Urogenital disease (male)	Doxorubicin	20.02		19761811|30682439
igf1	Kidney Cortex Necrosis	MESH:D007673	IGF1	3479	Urogenital disease (female)|Urogenital disease (male)	Enalapril	20.02		19761811
igf1	Kidney Cortex Necrosis	MESH:D007673	IGF1	3479	Urogenital disease (female)|Urogenital disease (male)	Ibuprofen	20.02		3729220
igf1	Kidney Cortex Necrosis	MESH:D007673	IGF1	3479	Urogenital disease (female)|Urogenital disease (male)	Mercuric Chloride	20.02		32879258
igf1	Kidney Diseases	MESH:D007674	IGF1	3479	Urogenital disease (female)|Urogenital disease (male)	1,2-dibromo-4-(1,2-dibromoethyl)cyclohexane	442.34		27932249
igf1	Kidney Diseases	MESH:D007674	IGF1	3479	Urogenital disease (female)|Urogenital disease (male)	2,2',4,4',5-brominated diphenyl ether	442.34		20223270
igf1	Kidney Diseases	MESH:D007674	IGF1	3479	Urogenital disease (female)|Urogenital disease (male)	2-nitrotoluene	442.34		7519572
igf1	Kidney Diseases	MESH:D007674	IGF1	3479	Urogenital disease (female)|Urogenital disease (male)	4-hydroxy-2-nonenal	442.34		17891346
igf1	Kidney Diseases	MESH:D007674	IGF1	3479	Urogenital disease (female)|Urogenital disease (male)	9,10-Dimethyl-1,2-benzanthracene	442.34		24995432|32623939|35243731
igf1	Kidney Diseases	MESH:D007674	IGF1	3479	Urogenital disease (female)|Urogenital disease (male)	Acetaminophen	442.34		11334364|11812892|12005112|12587719|12721325|15363587|15629190|15629191|17391827|18068886|1881229|19117117|19345714|19761811|19922764|20067817|20446790|2356566|2651928|26767949|30794797|31777137|3659833|7155631|7979097
igf1	Kidney Diseases	MESH:D007674	IGF1	3479	Urogenital disease (female)|Urogenital disease (male)	Acetylcysteine	442.34		14972420|15496615|16877488|17448119|18174269|18278066|18752385|20502036|21424224|30641872|35055458
igf1	Kidney Diseases	MESH:D007674	IGF1	3479	Urogenital disease (female)|Urogenital disease (male)	Acrylamide	442.34		29913234
igf1	Kidney Diseases	MESH:D007674	IGF1	3479	Urogenital disease (female)|Urogenital disease (male)	Aflatoxin B1	442.34		32894639|35304092
igf1	Kidney Diseases	MESH:D007674	IGF1	3479	Urogenital disease (female)|Urogenital disease (male)	Albuterol	442.34		16428940
igf1	Kidney Diseases	MESH:D007674	IGF1	3479	Urogenital disease (female)|Urogenital disease (male)	alpha-Chlorohydrin	442.34		27017489|30107153|33187795|33651226|34915118|35149085
igf1	Kidney Diseases	MESH:D007674	IGF1	3479	Urogenital disease (female)|Urogenital disease (male)	Arsenic	442.34		10828279|11836136|22066453|22949133|24348802|30835071|31775542|32246071|32270456|32544558|32818499|33026618|33518152|36822304
igf1	Kidney Diseases	MESH:D007674	IGF1	3479	Urogenital disease (female)|Urogenital disease (male)	Arsenic Trioxide	442.34		23471352|26184899|29130132|30516227|31612257|32919218|35317438
igf1	Kidney Diseases	MESH:D007674	IGF1	3479	Urogenital disease (female)|Urogenital disease (male)	Ascorbic Acid	442.34		17448119|18414974|18536492|19391111|22728154|7909430
igf1	Kidney Diseases	MESH:D007674	IGF1	3479	Urogenital disease (female)|Urogenital disease (male)	Atrazine	442.34		30360616|35440735
igf1	Kidney Diseases	MESH:D007674	IGF1	3479	Urogenital disease (female)|Urogenital disease (male)	Azathioprine	442.34		577907
igf1	Kidney Diseases	MESH:D007674	IGF1	3479	Urogenital disease (female)|Urogenital disease (male)	baicalein	442.34		34044073
igf1	Kidney Diseases	MESH:D007674	IGF1	3479	Urogenital disease (female)|Urogenital disease (male)	Benzo(a)pyrene	442.34		11289703|21803694
igf1	Kidney Diseases	MESH:D007674	IGF1	3479	Urogenital disease (female)|Urogenital disease (male)	Bezafibrate	442.34		11096145|21338618
igf1	Kidney Diseases	MESH:D007674	IGF1	3479	Urogenital disease (female)|Urogenital disease (male)	bisphenol A	442.34		18445619|23359474|30303745|30641872|30997025|31091348|34281243|36830956
igf1	Kidney Diseases	MESH:D007674	IGF1	3479	Urogenital disease (female)|Urogenital disease (male)	Bleomycin	442.34		2413982|6181679|6203452|7532742
igf1	Kidney Diseases	MESH:D007674	IGF1	3479	Urogenital disease (female)|Urogenital disease (male)	Bosentan	442.34		33026618|8794820
igf1	Kidney Diseases	MESH:D007674	IGF1	3479	Urogenital disease (female)|Urogenital disease (male)	Cadmium	442.34		11090055|16226777|16322080|16443174|16601012|16962696|17125799|17303580|17448585|19270785|19615871|19700501|21888673|22027495|22033168|22467032|22995156|23095357|24276216|24629167|24923654|25240712|25940730|28248635|30090589|30684957|31639282|32246071|33398418|33857584|34510229|35384154|37270049|37342552|37949422|7676455
igf1	Kidney Diseases	MESH:D007674	IGF1	3479	Urogenital disease (female)|Urogenital disease (male)	Cadmium Chloride	442.34		10924798|16962696|17882470|18414974|19063931|19371613|21284339|21540277|23750309|24200859|24632105|25588984|26815315|29421648|33127495|33722575
igf1	Kidney Diseases	MESH:D007674	IGF1	3479	Urogenital disease (female)|Urogenital disease (male)	Caffeine	442.34		1783953|25986755|4821007
igf1	Kidney Diseases	MESH:D007674	IGF1	3479	Urogenital disease (female)|Urogenital disease (male)	Calcium	442.34		1322021
igf1	Kidney Diseases	MESH:D007674	IGF1	3479	Urogenital disease (female)|Urogenital disease (male)	candesartan cilexetil	442.34		16923758
igf1	Kidney Diseases	MESH:D007674	IGF1	3479	Urogenital disease (female)|Urogenital disease (male)	Carbon Tetrachloride	442.34		25899501|2905310|29522708|34029542
igf1	Kidney Diseases	MESH:D007674	IGF1	3479	Urogenital disease (female)|Urogenital disease (male)	Carmustine	442.34		16126841|8477204
igf1	Kidney Diseases	MESH:D007674	IGF1	3479	Urogenital disease (female)|Urogenital disease (male)	Chlorides	442.34		2752494
igf1	Kidney Diseases	MESH:D007674	IGF1	3479	Urogenital disease (female)|Urogenital disease (male)	Chlorpyrifos	442.34		28675853|31479757|32500495|33908150
igf1	Kidney Diseases	MESH:D007674	IGF1	3479	Urogenital disease (female)|Urogenital disease (male)	Chromium	442.34		1724173|17934191|7912862
igf1	Kidney Diseases	MESH:D007674	IGF1	3479	Urogenital disease (female)|Urogenital disease (male)	chrysin	442.34		30794797
igf1	Kidney Diseases	MESH:D007674	IGF1	3479	Urogenital disease (female)|Urogenital disease (male)	Cisplatin	442.34		10396320|10812192|11090055|11305414|11745184|11776407|12231392|12649298|12815610|14966836|15190930|15267137|15496615|15934019|16154539|16246977|16428940|16723030|17135156|17922055|1793151|18289764|18956176|19038279|19152827|19356226|19535489|19723570|19736245|19839026|19850470|20435919|20438795|20605904|20716785|21605616|21616140|21640784|21724663|21763304|21803049|21883567|21884784|21902499|21939360|21949094|21993003|22019697|22525860|22989705|23142791|23229315|2326543|23287709|23603837|23770416|23959918|24001450|2413982|2424627|24863737|24880025|25015656|25043994|25308879|25665769|25927922|26558470|26612654|26739623|26751708|27317936|27397436|27616468|27722009|28904298|29216766|29471006|29574132|29752894|29852128|30169741|30452898|30842369|31306688|31493026|31612257|32418911|32991863|33522649|34423507|34476871|35243731|37102204|37561086|37956922|6181679|6203452|6538115|6542584|7191768|7532742|7706473|8178319|8270973|8413339|8584014|8626111|8751544|8845212|9057954|9144837|9256891|9381703
igf1	Kidney Diseases	MESH:D007674	IGF1	3479	Urogenital disease (female)|Urogenital disease (male)	Clofibrate	442.34		21338618
igf1	Kidney Diseases	MESH:D007674	IGF1	3479	Urogenital disease (female)|Urogenital disease (male)	cobaltiprotoporphyrin	442.34		17003813
igf1	Kidney Diseases	MESH:D007674	IGF1	3479	Urogenital disease (female)|Urogenital disease (male)	cobaltous chloride	442.34		12819242|22343435|30596275
igf1	Kidney Diseases	MESH:D007674	IGF1	3479	Urogenital disease (female)|Urogenital disease (male)	Copper	442.34		20035423|24627433|30090589
igf1	Kidney Diseases	MESH:D007674	IGF1	3479	Urogenital disease (female)|Urogenital disease (male)	cresidine	442.34		12512871
igf1	Kidney Diseases	MESH:D007674	IGF1	3479	Urogenital disease (female)|Urogenital disease (male)	Curcumin	442.34		19345714|25119790|31612257|34802538
igf1	Kidney Diseases	MESH:D007674	IGF1	3479	Urogenital disease (female)|Urogenital disease (male)	Cyclosporine	442.34		10903974|11063349|11091246|11544444|11558484|11583940|11773892|12110003|12243498|12362282|12394605|12427154|12469693|12584269|12883193|1436300|14550466|14659064|15147428|15339989|15365603|16858688|16980036|17132217|17199845|17430485|17461532|17879355|18001539|18582803|18776723|19391111|19761811|21073006|21354196|2165371|21865292|22343435|23347876|23958496|24462674|24502637|24907557|24971338|26311998|2881198|2889119|3032224|3122121|32298299|3458551|3708922|3895668|3899437|3915162|3916516|3925762|6340275|6349046|7508536|7532089|7540737|7542793|7666081|8314463|8832009|9154655|9509456|9664955|9815949
igf1	Kidney Diseases	MESH:D007674	IGF1	3479	Urogenital disease (female)|Urogenital disease (male)	cypermethrin	442.34		33396045|35678313
igf1	Kidney Diseases	MESH:D007674	IGF1	3479	Urogenital disease (female)|Urogenital disease (male)	Daunorubicin	442.34		17922055|20452391|20888384|7055822
igf1	Kidney Diseases	MESH:D007674	IGF1	3479	Urogenital disease (female)|Urogenital disease (male)	DDT	442.34		31682807
igf1	Kidney Diseases	MESH:D007674	IGF1	3479	Urogenital disease (female)|Urogenital disease (male)	decamethrin	442.34		23566885|24121187|28595958|28987327|31454128|33396045|34216712|35055458|35678313
igf1	Kidney Diseases	MESH:D007674	IGF1	3479	Urogenital disease (female)|Urogenital disease (male)	DEET	442.34		33148267
igf1	Kidney Diseases	MESH:D007674	IGF1	3479	Urogenital disease (female)|Urogenital disease (male)	Desoxycorticosterone Acetate	442.34		18504326
igf1	Kidney Diseases	MESH:D007674	IGF1	3479	Urogenital disease (female)|Urogenital disease (male)	Dexamethasone	442.34		12414515|12574103|19879934|26271896
igf1	Kidney Diseases	MESH:D007674	IGF1	3479	Urogenital disease (female)|Urogenital disease (male)	Dibutyl Phthalate	442.34		23359474|29526571
igf1	Kidney Diseases	MESH:D007674	IGF1	3479	Urogenital disease (female)|Urogenital disease (male)	Dicumarol	442.34		21613233|4171018
igf1	Kidney Diseases	MESH:D007674	IGF1	3479	Urogenital disease (female)|Urogenital disease (male)	Dietary Fats	442.34		24508291|24877639|25025298|26423427|26980705|27292126|29526571|30298849|31063766|31454063|31726037|31811911|31981641|32259528|37054934
igf1	Kidney Diseases	MESH:D007674	IGF1	3479	Urogenital disease (female)|Urogenital disease (male)	Diethylhexyl Phthalate	442.34		23359474|29669060|3206528|36610486
igf1	Kidney Diseases	MESH:D007674	IGF1	3479	Urogenital disease (female)|Urogenital disease (male)	Diethylnitrosamine	442.34		30298849
igf1	Kidney Diseases	MESH:D007674	IGF1	3479	Urogenital disease (female)|Urogenital disease (male)	Dihydrotestosterone	442.34		15670785
igf1	Kidney Diseases	MESH:D007674	IGF1	3479	Urogenital disease (female)|Urogenital disease (male)	Diquat	442.34		36851058|6527399
igf1	Kidney Diseases	MESH:D007674	IGF1	3479	Urogenital disease (female)|Urogenital disease (male)	Doxorubicin	442.34		10088175|10094850|10344349|10430982|10755322|11124598|11345653|11401411|11867952|11996090|12012391|12386277|12540035|12674635|135666|14564477|14728886|15033991|15369732|15577213|15578190|15699352|16246977|16325981|16775033|16988067|17329577|17522263|1793151|18440303|18487002|19013753|19018148|1905199|19066422|19429242|19883716|19960953|20606417|22287321|24799355|25268985|26721193|2791187|28082111|3124293|31830546|3456068|36988379|3764673|3781430|3898001|7191768|7830283|7838258|7987999|8289579|9192910|9606733|9704904
igf1	Kidney Diseases	MESH:D007674	IGF1	3479	Urogenital disease (female)|Urogenital disease (male)	Drugs, Chinese Herbal	442.34		10582477|7950209|8982436
igf1	Kidney Diseases	MESH:D007674	IGF1	3479	Urogenital disease (female)|Urogenital disease (male)	Enalapril	442.34		10903974|12110003|12883983|12954793|14659064|16014107|16772709|2301491|2407887|2541310|2846102|7951836
igf1	Kidney Diseases	MESH:D007674	IGF1	3479	Urogenital disease (female)|Urogenital disease (male)	Environmental Pollutants	442.34		14653309
igf1	Kidney Diseases	MESH:D007674	IGF1	3479	Urogenital disease (female)|Urogenital disease (male)	epigallocatechin gallate	442.34		25927922|30368989
igf1	Kidney Diseases	MESH:D007674	IGF1	3479	Urogenital disease (female)|Urogenital disease (male)	Estradiol	442.34		15618244|6305905
igf1	Kidney Diseases	MESH:D007674	IGF1	3479	Urogenital disease (female)|Urogenital disease (male)	Ethanol	442.34		25859307|31811911|32894639|36085217
igf1	Kidney Diseases	MESH:D007674	IGF1	3479	Urogenital disease (female)|Urogenital disease (male)	Ethinyl Estradiol	442.34		19761811
igf1	Kidney Diseases	MESH:D007674	IGF1	3479	Urogenital disease (female)|Urogenital disease (male)	Ethionine	442.34		19761811
igf1	Kidney Diseases	MESH:D007674	IGF1	3479	Urogenital disease (female)|Urogenital disease (male)	Fatty Acids, Omega-3	442.34		16898265|31639282
igf1	Kidney Diseases	MESH:D007674	IGF1	3479	Urogenital disease (female)|Urogenital disease (male)	fenvalerate	442.34		33396045|35678313
igf1	Kidney Diseases	MESH:D007674	IGF1	3479	Urogenital disease (female)|Urogenital disease (male)	fipronil	442.34		32651782
igf1	Kidney Diseases	MESH:D007674	IGF1	3479	Urogenital disease (female)|Urogenital disease (male)	Flame Retardants	442.34		16716481
igf1	Kidney Diseases	MESH:D007674	IGF1	3479	Urogenital disease (female)|Urogenital disease (male)	Fluorouracil	442.34		10396320|2236732|6105503|6412636
igf1	Kidney Diseases	MESH:D007674	IGF1	3479	Urogenital disease (female)|Urogenital disease (male)	Folic Acid	442.34		11832423|14633603|1482756|160016|18633340|193486|19435794|19934081|20116427|20406136|21647593|22647887|2386429|2840627|29789558|34619300|35124148|4336412
igf1	Kidney Diseases	MESH:D007674	IGF1	3479	Urogenital disease (female)|Urogenital disease (male)	furan	442.34		21254322
igf1	Kidney Diseases	MESH:D007674	IGF1	3479	Urogenital disease (female)|Urogenital disease (male)	Furosemide	442.34		11041285|1552401|1737851|19535188|24813929|3275932|550237|595008|6785722|7108667|7235657
igf1	Kidney Diseases	MESH:D007674	IGF1	3479	Urogenital disease (female)|Urogenital disease (male)	gadolinium chloride	442.34		17391827
igf1	Kidney Diseases	MESH:D007674	IGF1	3479	Urogenital disease (female)|Urogenital disease (male)	Glutathione	442.34		1724173|18536492|2344991
igf1	Kidney Diseases	MESH:D007674	IGF1	3479	Urogenital disease (female)|Urogenital disease (male)	Glyburide	442.34		20435566
igf1	Kidney Diseases	MESH:D007674	IGF1	3479	Urogenital disease (female)|Urogenital disease (male)	glycidol	442.34		33187795
igf1	Kidney Diseases	MESH:D007674	IGF1	3479	Urogenital disease (female)|Urogenital disease (male)	Glyphosate	442.34		25434756|33296237|35440735|37001608
igf1	Kidney Diseases	MESH:D007674	IGF1	3479	Urogenital disease (female)|Urogenital disease (male)	Gold	442.34		1677490|2941196
igf1	Kidney Diseases	MESH:D007674	IGF1	3479	Urogenital disease (female)|Urogenital disease (male)	Griseofulvin	442.34		8323253
igf1	Kidney Diseases	MESH:D007674	IGF1	3479	Urogenital disease (female)|Urogenital disease (male)	Hexachlorobenzene	442.34		19761811
igf1	Kidney Diseases	MESH:D007674	IGF1	3479	Urogenital disease (female)|Urogenital disease (male)	Hexachlorocyclohexane	442.34		1699300|6206125
igf1	Kidney Diseases	MESH:D007674	IGF1	3479	Urogenital disease (female)|Urogenital disease (male)	Hydrogen Peroxide	442.34		29463041
igf1	Kidney Diseases	MESH:D007674	IGF1	3479	Urogenital disease (female)|Urogenital disease (male)	hydroquinone	442.34		9450487
igf1	Kidney Diseases	MESH:D007674	IGF1	3479	Urogenital disease (female)|Urogenital disease (male)	Ibuprofen	442.34		12190173|20390303|2321664|8126257
igf1	Kidney Diseases	MESH:D007674	IGF1	3479	Urogenital disease (female)|Urogenital disease (male)	Indomethacin	442.34		10516392|12970633|1489412|15037210|17190690|1913620|19445918|19761811|20035423|2112558|2284768|2424533|25110317|2766920|7019841|7108667|7661171|7791169|8308589|8440438|9284854|9507041|9521382
igf1	Kidney Diseases	MESH:D007674	IGF1	3479	Urogenital disease (female)|Urogenital disease (male)	Irinotecan	442.34		24220752
igf1	Kidney Diseases	MESH:D007674	IGF1	3479	Urogenital disease (female)|Urogenital disease (male)	Isoflurane	442.34		10357366|9459267
igf1	Kidney Diseases	MESH:D007674	IGF1	3479	Urogenital disease (female)|Urogenital disease (male)	Isotretinoin	442.34		9198075
igf1	Kidney Diseases	MESH:D007674	IGF1	3479	Urogenital disease (female)|Urogenital disease (male)	JP8 aviation fuel	442.34		32905848|35440735|8748423
igf1	Kidney Diseases	MESH:D007674	IGF1	3479	Urogenital disease (female)|Urogenital disease (male)	Lead	442.34		16601012|17715263|19700501|19921116|22066453|23792432|24276216|24631795|26612503|30090589|32246071|34350654|36840722
igf1	Kidney Diseases	MESH:D007674	IGF1	3479	Urogenital disease (female)|Urogenital disease (male)	lead acetate	442.34		17882470|22581110|22728154|23428833|30980911|32116774
igf1	Kidney Diseases	MESH:D007674	IGF1	3479	Urogenital disease (female)|Urogenital disease (male)	lipopolysaccharide, E coli O55-B5	442.34		18754105
igf1	Kidney Diseases	MESH:D007674	IGF1	3479	Urogenital disease (female)|Urogenital disease (male)	Lipopolysaccharides	442.34		12861172|21327618|22128259|26271896|33038329|9445295
igf1	Kidney Diseases	MESH:D007674	IGF1	3479	Urogenital disease (female)|Urogenital disease (male)	Lithium Chloride	442.34		23651617|2873033|8773480|9694524
igf1	Kidney Diseases	MESH:D007674	IGF1	3479	Urogenital disease (female)|Urogenital disease (male)	Lovastatin	442.34		26739623
igf1	Kidney Diseases	MESH:D007674	IGF1	3479	Urogenital disease (female)|Urogenital disease (male)	Lycopene	442.34		22108423|30360616|36610486
igf1	Kidney Diseases	MESH:D007674	IGF1	3479	Urogenital disease (female)|Urogenital disease (male)	maleic acid	442.34		25119790|3925238
igf1	Kidney Diseases	MESH:D007674	IGF1	3479	Urogenital disease (female)|Urogenital disease (male)	manganese chloride	442.34		17882470
igf1	Kidney Diseases	MESH:D007674	IGF1	3479	Urogenital disease (female)|Urogenital disease (male)	Mannitol	442.34		10399635|1436300|19535188|5082364|6785722
igf1	Kidney Diseases	MESH:D007674	IGF1	3479	Urogenital disease (female)|Urogenital disease (male)	Masoprocol	442.34		18155343
igf1	Kidney Diseases	MESH:D007674	IGF1	3479	Urogenital disease (female)|Urogenital disease (male)	Melatonin	442.34		10759677|16236146|16443174|18717515|19117117|27899301
igf1	Kidney Diseases	MESH:D007674	IGF1	3479	Urogenital disease (female)|Urogenital disease (male)	Mercuric Chloride	442.34		10696793|12194165|12490134|16871242|17516994|17882470|18441258|18536492|19501138|20804780|21126564|21259295|21369715|21616119|21787585|22108423|22416658|2386429|24751971|2769936|2905310|32599119|5798944|7830283
igf1	Kidney Diseases	MESH:D007674	IGF1	3479	Urogenital disease (female)|Urogenital disease (male)	Mercury	442.34		11090055|17068093|17934191|18540850|21206114|30090589
igf1	Kidney Diseases	MESH:D007674	IGF1	3479	Urogenital disease (female)|Urogenital disease (male)	Metformin	442.34		17520852|20431573
igf1	Kidney Diseases	MESH:D007674	IGF1	3479	Urogenital disease (female)|Urogenital disease (male)	Methionine	442.34		20406136
igf1	Kidney Diseases	MESH:D007674	IGF1	3479	Urogenital disease (female)|Urogenital disease (male)	Methoxychlor	442.34		25057798|35440735
igf1	Kidney Diseases	MESH:D007674	IGF1	3479	Urogenital disease (female)|Urogenital disease (male)	methylmercuric chloride	442.34		28526320
igf1	Kidney Diseases	MESH:D007674	IGF1	3479	Urogenital disease (female)|Urogenital disease (male)	Nanotubes, Carbon	442.34		32856799
igf1	Kidney Diseases	MESH:D007674	IGF1	3479	Urogenital disease (female)|Urogenital disease (male)	naringin	442.34		26612654
igf1	Kidney Diseases	MESH:D007674	IGF1	3479	Urogenital disease (female)|Urogenital disease (male)	Nickel	442.34		30090589|31639282
igf1	Kidney Diseases	MESH:D007674	IGF1	3479	Urogenital disease (female)|Urogenital disease (male)	nickel chloride	442.34		17882470|25253428|25560666
igf1	Kidney Diseases	MESH:D007674	IGF1	3479	Urogenital disease (female)|Urogenital disease (male)	Nifedipine	442.34		14518698
igf1	Kidney Diseases	MESH:D007674	IGF1	3479	Urogenital disease (female)|Urogenital disease (male)	nitrofen	442.34		30995255
igf1	Kidney Diseases	MESH:D007674	IGF1	3479	Urogenital disease (female)|Urogenital disease (male)	Norepinephrine	442.34		6156352
igf1	Kidney Diseases	MESH:D007674	IGF1	3479	Urogenital disease (female)|Urogenital disease (male)	ochratoxin A	442.34		11409539|14994279|19490938|21554934|21781659|22124623|23391613|25218026|27923682|28699257|29126803|31369848|32468156|32617660|33543323|33722575|34126166
igf1	Kidney Diseases	MESH:D007674	IGF1	3479	Urogenital disease (female)|Urogenital disease (male)	Octreotide	442.34		2012056
igf1	Kidney Diseases	MESH:D007674	IGF1	3479	Urogenital disease (female)|Urogenital disease (male)	Omeprazole	442.34		30452898|32418911
igf1	Kidney Diseases	MESH:D007674	IGF1	3479	Urogenital disease (female)|Urogenital disease (male)	Oxaliplatin	442.34		19736245
igf1	Kidney Diseases	MESH:D007674	IGF1	3479	Urogenital disease (female)|Urogenital disease (male)	Oxygen	442.34		25214260|25448280
igf1	Kidney Diseases	MESH:D007674	IGF1	3479	Urogenital disease (female)|Urogenital disease (male)	Paraquat	442.34		20095327
igf1	Kidney Diseases	MESH:D007674	IGF1	3479	Urogenital disease (female)|Urogenital disease (male)	Particulate Matter	442.34		33393722
igf1	Kidney Diseases	MESH:D007674	IGF1	3479	Urogenital disease (female)|Urogenital disease (male)	pendimethalin	442.34		30459330
igf1	Kidney Diseases	MESH:D007674	IGF1	3479	Urogenital disease (female)|Urogenital disease (male)	Penicillamine	442.34		1080704|159020|1677490|2939913|2941196|4175137|49668|950631|97051
igf1	Kidney Diseases	MESH:D007674	IGF1	3479	Urogenital disease (female)|Urogenital disease (male)	Pesticides	442.34		35440735
igf1	Kidney Diseases	MESH:D007674	IGF1	3479	Urogenital disease (female)|Urogenital disease (male)	Phenacetin	442.34		19761811|2651928|4729880|4821007|5475815|5715354|982213
igf1	Kidney Diseases	MESH:D007674	IGF1	3479	Urogenital disease (female)|Urogenital disease (male)	Phenobarbital	442.34		11594702|1239223|17006072|2734806|4416261|6782217|7059030|982456
igf1	Kidney Diseases	MESH:D007674	IGF1	3479	Urogenital disease (female)|Urogenital disease (male)	Phenytoin	442.34		1669223|4044332
igf1	Kidney Diseases	MESH:D007674	IGF1	3479	Urogenital disease (female)|Urogenital disease (male)	Pioglitazone	442.34		22989705|36988379
igf1	Kidney Diseases	MESH:D007674	IGF1	3479	Urogenital disease (female)|Urogenital disease (male)	Plant Extracts	442.34		15267137|15577213|16671961|17132217|17135156|17385802|19952499|19960953|21939360|32651782
igf1	Kidney Diseases	MESH:D007674	IGF1	3479	Urogenital disease (female)|Urogenital disease (male)	Plant Preparations	442.34		19883716|28284660|33393722
igf1	Kidney Diseases	MESH:D007674	IGF1	3479	Urogenital disease (female)|Urogenital disease (male)	Potassium	442.34		1429477
igf1	Kidney Diseases	MESH:D007674	IGF1	3479	Urogenital disease (female)|Urogenital disease (male)	Potassium Dichromate	442.34		15854231|17822687|18155343|18441258|18805471|19665454|19913299|22115772|25245570|2905310|30090589|32980475
igf1	Kidney Diseases	MESH:D007674	IGF1	3479	Urogenital disease (female)|Urogenital disease (male)	Prednisolone	442.34		17485922|7740659
igf1	Kidney Diseases	MESH:D007674	IGF1	3479	Urogenital disease (female)|Urogenital disease (male)	Progesterone	442.34		6305905
igf1	Kidney Diseases	MESH:D007674	IGF1	3479	Urogenital disease (female)|Urogenital disease (male)	Propofol	442.34		18502357
igf1	Kidney Diseases	MESH:D007674	IGF1	3479	Urogenital disease (female)|Urogenital disease (male)	Quercetin	442.34		16962696|19605544|19615871|21909718|22728154|34748891|36990423
igf1	Kidney Diseases	MESH:D007674	IGF1	3479	Urogenital disease (female)|Urogenital disease (male)	Quinidine	442.34		8058588
igf1	Kidney Diseases	MESH:D007674	IGF1	3479	Urogenital disease (female)|Urogenital disease (male)	Resveratrol	442.34		16971220|17202664|18754105|20651248|22865646|23471352|23767859|25025298|26423427|27377006|29574132|32894639
igf1	Kidney Diseases	MESH:D007674	IGF1	3479	Urogenital disease (female)|Urogenital disease (male)	Rimonabant	442.34		17882151
igf1	Kidney Diseases	MESH:D007674	IGF1	3479	Urogenital disease (female)|Urogenital disease (male)	Rosiglitazone	442.34		18413206|19193937|19246972
igf1	Kidney Diseases	MESH:D007674	IGF1	3479	Urogenital disease (female)|Urogenital disease (male)	Rutin	442.34		19605544|21605616
igf1	Kidney Diseases	MESH:D007674	IGF1	3479	Urogenital disease (female)|Urogenital disease (male)	schizandrin B	442.34		21369715|21616119
igf1	Kidney Diseases	MESH:D007674	IGF1	3479	Urogenital disease (female)|Urogenital disease (male)	Sevoflurane	442.34		10357366|9356118|9356119|9805693
igf1	Kidney Diseases	MESH:D007674	IGF1	3479	Urogenital disease (female)|Urogenital disease (male)	Silymarin	442.34		18487002|23339144|27616468
igf1	Kidney Diseases	MESH:D007674	IGF1	3479	Urogenital disease (female)|Urogenital disease (male)	Simvastatin	442.34		20403180
igf1	Kidney Diseases	MESH:D007674	IGF1	3479	Urogenital disease (female)|Urogenital disease (male)	Sirolimus	442.34		12394605|12584269|12660339|15102967|17003813|17147461|17261434|17347279|17504225|18339148|19671594|19926370|20832541|21865292
igf1	Kidney Diseases	MESH:D007674	IGF1	3479	Urogenital disease (female)|Urogenital disease (male)	Sodium	442.34		2683769|6614033|7509514|8542679
igf1	Kidney Diseases	MESH:D007674	IGF1	3479	Urogenital disease (female)|Urogenital disease (male)	sodium arsenate	442.34		30456172|33418080
igf1	Kidney Diseases	MESH:D007674	IGF1	3479	Urogenital disease (female)|Urogenital disease (male)	sodium arsenite	442.34		10924798|17882470|18434106|19672740|20008137|24961358|26349760|26631322|29935397|30066062|30558456|31844926|34006163
igf1	Kidney Diseases	MESH:D007674	IGF1	3479	Urogenital disease (female)|Urogenital disease (male)	sodium bichromate	442.34		11489360
igf1	Kidney Diseases	MESH:D007674	IGF1	3479	Urogenital disease (female)|Urogenital disease (male)	Sodium Chloride, Dietary	442.34		19211690|3475498
igf1	Kidney Diseases	MESH:D007674	IGF1	3479	Urogenital disease (female)|Urogenital disease (male)	Sodium Fluoride	442.34		20859737|23933529|31844926|37105417|982456
igf1	Kidney Diseases	MESH:D007674	IGF1	3479	Urogenital disease (female)|Urogenital disease (male)	Sodium Selenite	442.34		25728528
igf1	Kidney Diseases	MESH:D007674	IGF1	3479	Urogenital disease (female)|Urogenital disease (male)	Streptozocin	442.34		11798618|12093613|12956402|135666|15053821|16037304|18413206|185926|19246972|19369054|19616452|199092|20732820|21450970|21630391|23376009|23767859|24877639|24923654|25665769|27292126|29526571|30642005|31063766|31726037|32246071|33387473|33639173|34039237|34212273|35243728|37054934
igf1	Kidney Diseases	MESH:D007674	IGF1	3479	Urogenital disease (female)|Urogenital disease (male)	Superoxides	442.34		12147306
igf1	Kidney Diseases	MESH:D007674	IGF1	3479	Urogenital disease (female)|Urogenital disease (male)	Tacrolimus	442.34		10450987|10551656|10918426|11041285|11063349|11140242|11361051|11544444|11583940|11773892|12243498|12427154|12469222|12472797|12584269|12660339|12836095|12883183|12883193|1379756|14675044|15365603|15976495|16210976|16980036|17085464|17132217|17283585|17690032|18001539|18339148|18408564|18582803|18589147|18769365|19584685|20091056|20484890|20526235|21865292|29362864|33516819|7508536|7509514|7514309|7526278|7532089|7533848|7540737|7542793|7581086|8542679|8605372|8732602|8878382|8943876|9209738|9267719|9422427|9517403|9570331|9664955
igf1	Kidney Diseases	MESH:D007674	IGF1	3479	Urogenital disease (female)|Urogenital disease (male)	Tamoxifen	442.34		17698946
igf1	Kidney Diseases	MESH:D007674	IGF1	3479	Urogenital disease (female)|Urogenital disease (male)	tetrabromobisphenol A	442.34		16716481
igf1	Kidney Diseases	MESH:D007674	IGF1	3479	Urogenital disease (female)|Urogenital disease (male)	Thalidomide	442.34		21505091|26134001
igf1	Kidney Diseases	MESH:D007674	IGF1	3479	Urogenital disease (female)|Urogenital disease (male)	Thioacetamide	442.34		19761811|23142791|37008694
igf1	Kidney Diseases	MESH:D007674	IGF1	3479	Urogenital disease (female)|Urogenital disease (male)	Thyroxine	442.34		1322021
igf1	Kidney Diseases	MESH:D007674	IGF1	3479	Urogenital disease (female)|Urogenital disease (male)	titanium dioxide	442.34		25406100
igf1	Kidney Diseases	MESH:D007674	IGF1	3479	Urogenital disease (female)|Urogenital disease (male)	Trichloroethylene	442.34		17285313|22728725|23037997|31068537|31618666|33132242
igf1	Kidney Diseases	MESH:D007674	IGF1	3479	Urogenital disease (female)|Urogenital disease (male)	Triclosan	442.34		145039
igf1	Kidney Diseases	MESH:D007674	IGF1	3479	Urogenital disease (female)|Urogenital disease (male)	Trinitrobenzenesulfonic Acid	442.34		23307618
igf1	Kidney Diseases	MESH:D007674	IGF1	3479	Urogenital disease (female)|Urogenital disease (male)	triptolide	442.34		19879934
igf1	Kidney Diseases	MESH:D007674	IGF1	3479	Urogenital disease (female)|Urogenital disease (male)	Valproic Acid	442.34		10937350|11322374|3935422|6782217|9175586
igf1	Kidney Diseases	MESH:D007674	IGF1	3479	Urogenital disease (female)|Urogenital disease (male)	Vehicle Emissions	442.34		33393722
igf1	Kidney Diseases	MESH:D007674	IGF1	3479	Urogenital disease (female)|Urogenital disease (male)	vinclozolin	442.34		20927350|21570938|31682807
igf1	Kidney Diseases	MESH:D007674	IGF1	3479	Urogenital disease (female)|Urogenital disease (male)	Vincristine	442.34		11305414
igf1	Kidney Diseases	MESH:D007674	IGF1	3479	Urogenital disease (female)|Urogenital disease (male)	vinylidene chloride	442.34		7839370
igf1	Kidney Diseases	MESH:D007674	IGF1	3479	Urogenital disease (female)|Urogenital disease (male)	Zearalenone	442.34		17385802
igf1	Kidney Diseases	MESH:D007674	IGF1	3479	Urogenital disease (female)|Urogenital disease (male)	Zinc	442.34		16960431|19369054|19445918|21424224|30090589|32544558
igf1	Kidney Diseases	MESH:D007674	IGF1	3479	Urogenital disease (female)|Urogenital disease (male)	Zoledronic Acid	442.34		17136870
igf1	Kidney Diseases, Cystic	MESH:D052177	IGF1	3479	Urogenital disease (female)|Urogenital disease (male)	Enalapril	23.22		2841532
igf1	Kidney Diseases, Cystic	MESH:D052177	IGF1	3479	Urogenital disease (female)|Urogenital disease (male)	Furosemide	23.22		2841532
igf1	Kidney Diseases, Cystic	MESH:D052177	IGF1	3479	Urogenital disease (female)|Urogenital disease (male)	Glyphosate	23.22		31011160
igf1	Kidney Diseases, Cystic	MESH:D052177	IGF1	3479	Urogenital disease (female)|Urogenital disease (male)	Indomethacin	23.22		8092206
igf1	Kidney Diseases, Cystic	MESH:D052177	IGF1	3479	Urogenital disease (female)|Urogenital disease (male)	Masoprocol	23.22		5431225
igf1	Kidney Diseases, Cystic	MESH:D052177	IGF1	3479	Urogenital disease (female)|Urogenital disease (male)	Sodium	23.22		2841532
igf1	Kidney Diseases, Cystic	MESH:D052177	IGF1	3479	Urogenital disease (female)|Urogenital disease (male)	Streptozocin	23.22		9879822
igf1	Kidney Failure, Chronic	MESH:D007676	IGF1	3479	Pathology (process)|Urogenital disease (female)|Urogenital disease (male)	Acetaminophen	69.35		11752356|3050572|7969358
igf1	Kidney Failure, Chronic	MESH:D007676	IGF1	3479	Pathology (process)|Urogenital disease (female)|Urogenital disease (male)	Albuterol	69.35		2384735
igf1	Kidney Failure, Chronic	MESH:D007676	IGF1	3479	Pathology (process)|Urogenital disease (female)|Urogenital disease (male)	Atrazine	69.35		26177651
igf1	Kidney Failure, Chronic	MESH:D007676	IGF1	3479	Pathology (process)|Urogenital disease (female)|Urogenital disease (male)	Cadmium	69.35		23343055
igf1	Kidney Failure, Chronic	MESH:D007676	IGF1	3479	Pathology (process)|Urogenital disease (female)|Urogenital disease (male)	Calcitriol	69.35		15354979|3439654|6760236
igf1	Kidney Failure, Chronic	MESH:D007676	IGF1	3479	Pathology (process)|Urogenital disease (female)|Urogenital disease (male)	Copper	69.35		16518626
igf1	Kidney Failure, Chronic	MESH:D007676	IGF1	3479	Pathology (process)|Urogenital disease (female)|Urogenital disease (male)	Curcumin	69.35		19225048
igf1	Kidney Failure, Chronic	MESH:D007676	IGF1	3479	Pathology (process)|Urogenital disease (female)|Urogenital disease (male)	Daunorubicin	69.35		1895550|2250403|2352357
igf1	Kidney Failure, Chronic	MESH:D007676	IGF1	3479	Pathology (process)|Urogenital disease (female)|Urogenital disease (male)	Doxorubicin	69.35		11014987|15960146|16707910|9102927
igf1	Kidney Failure, Chronic	MESH:D007676	IGF1	3479	Pathology (process)|Urogenital disease (female)|Urogenital disease (male)	Drugs, Chinese Herbal	69.35		11938814|12686663
igf1	Kidney Failure, Chronic	MESH:D007676	IGF1	3479	Pathology (process)|Urogenital disease (female)|Urogenital disease (male)	Enalapril	69.35		16631587|19225048|20006961|21937979|2555956|8157899
igf1	Kidney Failure, Chronic	MESH:D007676	IGF1	3479	Pathology (process)|Urogenital disease (female)|Urogenital disease (male)	Folic Acid	69.35		4810836
igf1	Kidney Failure, Chronic	MESH:D007676	IGF1	3479	Pathology (process)|Urogenital disease (female)|Urogenital disease (male)	Furosemide	69.35		786692
igf1	Kidney Failure, Chronic	MESH:D007676	IGF1	3479	Pathology (process)|Urogenital disease (female)|Urogenital disease (male)	Glucose	69.35		9551423
igf1	Kidney Failure, Chronic	MESH:D007676	IGF1	3479	Pathology (process)|Urogenital disease (female)|Urogenital disease (male)	Hydrogen Peroxide	69.35		16518626
igf1	Kidney Failure, Chronic	MESH:D007676	IGF1	3479	Pathology (process)|Urogenital disease (female)|Urogenital disease (male)	Ibuprofen	69.35		1561566|7914617
igf1	Kidney Failure, Chronic	MESH:D007676	IGF1	3479	Pathology (process)|Urogenital disease (female)|Urogenital disease (male)	Indomethacin	69.35		6986554
igf1	Kidney Failure, Chronic	MESH:D007676	IGF1	3479	Pathology (process)|Urogenital disease (female)|Urogenital disease (male)	Lead	69.35		23343055
igf1	Kidney Failure, Chronic	MESH:D007676	IGF1	3479	Pathology (process)|Urogenital disease (female)|Urogenital disease (male)	Lovastatin	69.35		8918723
igf1	Kidney Failure, Chronic	MESH:D007676	IGF1	3479	Pathology (process)|Urogenital disease (female)|Urogenital disease (male)	Melatonin	69.35		12019361
igf1	Kidney Failure, Chronic	MESH:D007676	IGF1	3479	Pathology (process)|Urogenital disease (female)|Urogenital disease (male)	Paraquat	69.35		26177651
igf1	Kidney Failure, Chronic	MESH:D007676	IGF1	3479	Pathology (process)|Urogenital disease (female)|Urogenital disease (male)	pendimethalin	69.35		26177651
igf1	Kidney Failure, Chronic	MESH:D007676	IGF1	3479	Pathology (process)|Urogenital disease (female)|Urogenital disease (male)	Phenacetin	69.35		5101354|8669433
igf1	Kidney Failure, Chronic	MESH:D007676	IGF1	3479	Pathology (process)|Urogenital disease (female)|Urogenital disease (male)	Propylthiouracil	69.35		10344375
igf1	Kidney Failure, Chronic	MESH:D007676	IGF1	3479	Pathology (process)|Urogenital disease (female)|Urogenital disease (male)	Simvastatin	69.35		12410059
igf1	Kidney Failure, Chronic	MESH:D007676	IGF1	3479	Pathology (process)|Urogenital disease (female)|Urogenital disease (male)	Streptozocin	69.35		6459048
igf1	Kidney Failure, Chronic	MESH:D007676	IGF1	3479	Pathology (process)|Urogenital disease (female)|Urogenital disease (male)	Tacrolimus	69.35		10831087
igf1	Kidney Failure, Chronic	MESH:D007676	IGF1	3479	Pathology (process)|Urogenital disease (female)|Urogenital disease (male)	Zinc	69.35		16518626
igf1	Kidney Neoplasms	MESH:D007680	IGF1	3479	Cancer|Urogenital disease (female)|Urogenital disease (male)	1,2,5,6-dibenzanthracene	114.37		21863085
igf1	Kidney Neoplasms	MESH:D007680	IGF1	3479	Cancer|Urogenital disease (female)|Urogenital disease (male)	1,2-Dimethylhydrazine	114.37		9695784
igf1	Kidney Neoplasms	MESH:D007680	IGF1	3479	Cancer|Urogenital disease (female)|Urogenital disease (male)	2,4-dinitrotoluene	114.37		16705839
igf1	Kidney Neoplasms	MESH:D007680	IGF1	3479	Cancer|Urogenital disease (female)|Urogenital disease (male)	Acetaminophen	114.37		11679798|2912549|3834336|8793360
igf1	Kidney Neoplasms	MESH:D007680	IGF1	3479	Cancer|Urogenital disease (female)|Urogenital disease (male)	Aflatoxin B1	114.37		22545673
igf1	Kidney Neoplasms	MESH:D007680	IGF1	3479	Cancer|Urogenital disease (female)|Urogenital disease (male)	Arsenic	114.37		23471352|9554605
igf1	Kidney Neoplasms	MESH:D007680	IGF1	3479	Cancer|Urogenital disease (female)|Urogenital disease (male)	Azathioprine	114.37		17454960
igf1	Kidney Neoplasms	MESH:D007680	IGF1	3479	Cancer|Urogenital disease (female)|Urogenital disease (male)	Azoxymethane	114.37		3965154
igf1	Kidney Neoplasms	MESH:D007680	IGF1	3479	Cancer|Urogenital disease (female)|Urogenital disease (male)	Cadmium	114.37		20839231
igf1	Kidney Neoplasms	MESH:D007680	IGF1	3479	Cancer|Urogenital disease (female)|Urogenital disease (male)	Caffeine	114.37		2912549|4638853
igf1	Kidney Neoplasms	MESH:D007680	IGF1	3479	Cancer|Urogenital disease (female)|Urogenital disease (male)	Captan	114.37		8441825
igf1	Kidney Neoplasms	MESH:D007680	IGF1	3479	Cancer|Urogenital disease (female)|Urogenital disease (male)	Chloroprene	114.37		12562636|23125180
igf1	Kidney Neoplasms	MESH:D007680	IGF1	3479	Cancer|Urogenital disease (female)|Urogenital disease (male)	Cholesterol	114.37		8221684
igf1	Kidney Neoplasms	MESH:D007680	IGF1	3479	Cancer|Urogenital disease (female)|Urogenital disease (male)	chrysin	114.37		23194824
igf1	Kidney Neoplasms	MESH:D007680	IGF1	3479	Cancer|Urogenital disease (female)|Urogenital disease (male)	Cisplatin	114.37		28321044
igf1	Kidney Neoplasms	MESH:D007680	IGF1	3479	Cancer|Urogenital disease (female)|Urogenital disease (male)	Cyclosporine	114.37		12371664|1825617
igf1	Kidney Neoplasms	MESH:D007680	IGF1	3479	Cancer|Urogenital disease (female)|Urogenital disease (male)	Dactinomycin	114.37		11194540
igf1	Kidney Neoplasms	MESH:D007680	IGF1	3479	Cancer|Urogenital disease (female)|Urogenital disease (male)	Diethylnitrosamine	114.37		11509115|1444806|23194824|28245158|3856057
igf1	Kidney Neoplasms	MESH:D007680	IGF1	3479	Cancer|Urogenital disease (female)|Urogenital disease (male)	Diethylstilbestrol	114.37		14681315|15003126|16435123|16762066
igf1	Kidney Neoplasms	MESH:D007680	IGF1	3479	Cancer|Urogenital disease (female)|Urogenital disease (male)	Doxorubicin	114.37		8602639
igf1	Kidney Neoplasms	MESH:D007680	IGF1	3479	Cancer|Urogenital disease (female)|Urogenital disease (male)	Estradiol	114.37		10326862|10402247|15610895|8221684|9683190|9683193
igf1	Kidney Neoplasms	MESH:D007680	IGF1	3479	Cancer|Urogenital disease (female)|Urogenital disease (male)	Estrogens	114.37		11857771|9886574
igf1	Kidney Neoplasms	MESH:D007680	IGF1	3479	Cancer|Urogenital disease (female)|Urogenital disease (male)	Flame Retardants	114.37		12637968
igf1	Kidney Neoplasms	MESH:D007680	IGF1	3479	Cancer|Urogenital disease (female)|Urogenital disease (male)	Fluorouracil	114.37		16985049
igf1	Kidney Neoplasms	MESH:D007680	IGF1	3479	Cancer|Urogenital disease (female)|Urogenital disease (male)	Glucose	114.37		28916336
igf1	Kidney Neoplasms	MESH:D007680	IGF1	3479	Cancer|Urogenital disease (female)|Urogenital disease (male)	hydroquinone	114.37		9450487
igf1	Kidney Neoplasms	MESH:D007680	IGF1	3479	Cancer|Urogenital disease (female)|Urogenital disease (male)	Indomethacin	114.37		7614682
igf1	Kidney Neoplasms	MESH:D007680	IGF1	3479	Cancer|Urogenital disease (female)|Urogenital disease (male)	Methylnitrosourea	114.37		11532874|28245158
igf1	Kidney Neoplasms	MESH:D007680	IGF1	3479	Cancer|Urogenital disease (female)|Urogenital disease (male)	ochratoxin A	114.37		16251485|17316727|17344223|17483316|17651772|1820338|18417182|21622941|22124623|22403158|28321044
igf1	Kidney Neoplasms	MESH:D007680	IGF1	3479	Cancer|Urogenital disease (female)|Urogenital disease (male)	Phenacetin	114.37		25047350|2606581|3412544|3834336|4638853|6613585|7074580|8425761
igf1	Kidney Neoplasms	MESH:D007680	IGF1	3479	Cancer|Urogenital disease (female)|Urogenital disease (male)	Phenobarbital	114.37		28245158
igf1	Kidney Neoplasms	MESH:D007680	IGF1	3479	Cancer|Urogenital disease (female)|Urogenital disease (male)	Prednisolone	114.37		8602639
igf1	Kidney Neoplasms	MESH:D007680	IGF1	3479	Cancer|Urogenital disease (female)|Urogenital disease (male)	Smoke	114.37		2912549|8602639
igf1	Kidney Neoplasms	MESH:D007680	IGF1	3479	Cancer|Urogenital disease (female)|Urogenital disease (male)	Sorafenib	114.37		21750559|25489883
igf1	Kidney Neoplasms	MESH:D007680	IGF1	3479	Cancer|Urogenital disease (female)|Urogenital disease (male)	Streptozocin	114.37		11396141|145871|1825617|1834880|207424|2532796|6210642|6225653|7697213|8290873|9083521
igf1	Kidney Neoplasms	MESH:D007680	IGF1	3479	Cancer|Urogenital disease (female)|Urogenital disease (male)	Tamoxifen	114.37		18625569
igf1	Kidney Neoplasms	MESH:D007680	IGF1	3479	Cancer|Urogenital disease (female)|Urogenital disease (male)	Testosterone	114.37		9140897
igf1	Kidney Neoplasms	MESH:D007680	IGF1	3479	Cancer|Urogenital disease (female)|Urogenital disease (male)	Trichloroethylene	114.37		20663906|24923549
igf1	Kidney Neoplasms	MESH:D007680	IGF1	3479	Cancer|Urogenital disease (female)|Urogenital disease (male)	Vincristine	114.37		11194540|8602639
igf1	Kidney Neoplasms	MESH:D007680	IGF1	3479	Cancer|Urogenital disease (female)|Urogenital disease (male)	Vinyl Chloride	114.37		12562636
igf1	Kidney Neoplasms	MESH:D007680	IGF1	3479	Cancer|Urogenital disease (female)|Urogenital disease (male)	vinylidene chloride	114.37		26682919
igf1	Kidney Papillary Necrosis	MESH:D007681	IGF1	3479	Urogenital disease (female)|Urogenital disease (male)	Acetaminophen	13.72		1203171|1919871|2362779|3050572|3559797|6025602|6126946|6590001|6776978|7412682
igf1	Kidney Papillary Necrosis	MESH:D007681	IGF1	3479	Urogenital disease (female)|Urogenital disease (male)	Caffeine	13.72		1203171|2240058|4638853|5454357|7412682
igf1	Kidney Papillary Necrosis	MESH:D007681	IGF1	3479	Urogenital disease (female)|Urogenital disease (male)	Diethylhexyl Phthalate	13.72		3102426
igf1	Kidney Papillary Necrosis	MESH:D007681	IGF1	3479	Urogenital disease (female)|Urogenital disease (male)	Ibuprofen	13.72		10423592|12512867|6953356|7306246|861066
igf1	Kidney Papillary Necrosis	MESH:D007681	IGF1	3479	Urogenital disease (female)|Urogenital disease (male)	Indomethacin	13.72		12512867|277165|3102426|4548752|6125715|6953356|861066|9502396|972771
igf1	Kidney Papillary Necrosis	MESH:D007681	IGF1	3479	Urogenital disease (female)|Urogenital disease (male)	Phenacetin	13.72		1003266|1139519|1201638|1203171|12512867|3412544|3489155|4638853|4704495|5101354|5454357|5660814|6776978|7294057|7412682|887037
igf1	Kidney Tubular Necrosis, Acute	MESH:D007683	IGF1	3479	Urogenital disease (female)|Urogenital disease (male)	Acetaminophen	88.22		11881430|12060523|12832150|16354242|16532256|17624227|18645506|1987650|20352459|2362779|3173602|3380218|3420447|3559797|3796197|4062453|4082192|6868092|7282722|7566947|7579069|8473360|851123|989539
igf1	Kidney Tubular Necrosis, Acute	MESH:D007683	IGF1	3479	Urogenital disease (female)|Urogenital disease (male)	Acetylcysteine	88.22		17365906
igf1	Kidney Tubular Necrosis, Acute	MESH:D007683	IGF1	3479	Urogenital disease (female)|Urogenital disease (male)	Ascorbic Acid	88.22		1678558|7902115
igf1	Kidney Tubular Necrosis, Acute	MESH:D007683	IGF1	3479	Urogenital disease (female)|Urogenital disease (male)	Azathioprine	88.22		8952354
igf1	Kidney Tubular Necrosis, Acute	MESH:D007683	IGF1	3479	Urogenital disease (female)|Urogenital disease (male)	Bezafibrate	88.22		18368030
igf1	Kidney Tubular Necrosis, Acute	MESH:D007683	IGF1	3479	Urogenital disease (female)|Urogenital disease (male)	Caffeine	88.22		10803761
igf1	Kidney Tubular Necrosis, Acute	MESH:D007683	IGF1	3479	Urogenital disease (female)|Urogenital disease (male)	Calcium	88.22		16316344
igf1	Kidney Tubular Necrosis, Acute	MESH:D007683	IGF1	3479	Urogenital disease (female)|Urogenital disease (male)	Carbamazepine	88.22		8107947
igf1	Kidney Tubular Necrosis, Acute	MESH:D007683	IGF1	3479	Urogenital disease (female)|Urogenital disease (male)	Carbon Tetrachloride	88.22		23845967
igf1	Kidney Tubular Necrosis, Acute	MESH:D007683	IGF1	3479	Urogenital disease (female)|Urogenital disease (male)	Cisplatin	88.22		11231351|18368030|19797351|20702592|21881242|24975837|25677510|2680578|29051111|30682439|7855315|8457719|8583688
igf1	Kidney Tubular Necrosis, Acute	MESH:D007683	IGF1	3479	Urogenital disease (female)|Urogenital disease (male)	cobaltous chloride	88.22		851123
igf1	Kidney Tubular Necrosis, Acute	MESH:D007683	IGF1	3479	Urogenital disease (female)|Urogenital disease (male)	Copper	88.22		22465980
igf1	Kidney Tubular Necrosis, Acute	MESH:D007683	IGF1	3479	Urogenital disease (female)|Urogenital disease (male)	Cyclosporine	88.22		1778857|6336959|6351368
igf1	Kidney Tubular Necrosis, Acute	MESH:D007683	IGF1	3479	Urogenital disease (female)|Urogenital disease (male)	Drugs, Chinese Herbal	88.22		12060523
igf1	Kidney Tubular Necrosis, Acute	MESH:D007683	IGF1	3479	Urogenital disease (female)|Urogenital disease (male)	Ethanol	88.22		9297132
igf1	Kidney Tubular Necrosis, Acute	MESH:D007683	IGF1	3479	Urogenital disease (female)|Urogenital disease (male)	Folic Acid	88.22		12969123|12969128|14633603|18480750
igf1	Kidney Tubular Necrosis, Acute	MESH:D007683	IGF1	3479	Urogenital disease (female)|Urogenital disease (male)	Gold	88.22		826233
igf1	Kidney Tubular Necrosis, Acute	MESH:D007683	IGF1	3479	Urogenital disease (female)|Urogenital disease (male)	Ibuprofen	88.22		3689062|7180901|7579049|7932183|8820499
igf1	Kidney Tubular Necrosis, Acute	MESH:D007683	IGF1	3479	Urogenital disease (female)|Urogenital disease (male)	Indomethacin	88.22		860058
igf1	Kidney Tubular Necrosis, Acute	MESH:D007683	IGF1	3479	Urogenital disease (female)|Urogenital disease (male)	maleic acid	88.22		8583688
igf1	Kidney Tubular Necrosis, Acute	MESH:D007683	IGF1	3479	Urogenital disease (female)|Urogenital disease (male)	Mercuric Chloride	88.22		12460744|19371613|2863857|8583688|9765069
igf1	Kidney Tubular Necrosis, Acute	MESH:D007683	IGF1	3479	Urogenital disease (female)|Urogenital disease (male)	Phenacetin	88.22		5660814|6827393
igf1	Kidney Tubular Necrosis, Acute	MESH:D007683	IGF1	3479	Urogenital disease (female)|Urogenital disease (male)	Phenobarbital	88.22		3395247
igf1	Kidney Tubular Necrosis, Acute	MESH:D007683	IGF1	3479	Urogenital disease (female)|Urogenital disease (male)	Plant Extracts	88.22		16492795
igf1	Kidney Tubular Necrosis, Acute	MESH:D007683	IGF1	3479	Urogenital disease (female)|Urogenital disease (male)	Potassium Dichromate	88.22		20305092|9765069
igf1	Kidney Tubular Necrosis, Acute	MESH:D007683	IGF1	3479	Urogenital disease (female)|Urogenital disease (male)	Prednisolone	88.22		11300142
igf1	Kidney Tubular Necrosis, Acute	MESH:D007683	IGF1	3479	Urogenital disease (female)|Urogenital disease (male)	Propylthiouracil	88.22		16354242
igf1	Kidney Tubular Necrosis, Acute	MESH:D007683	IGF1	3479	Urogenital disease (female)|Urogenital disease (male)	Quercetin	88.22		15198074
igf1	Kidney Tubular Necrosis, Acute	MESH:D007683	IGF1	3479	Urogenital disease (female)|Urogenital disease (male)	Sirolimus	88.22		12544890
igf1	Kidney Tubular Necrosis, Acute	MESH:D007683	IGF1	3479	Urogenital disease (female)|Urogenital disease (male)	Sodium Salicylate	88.22		5128205
igf1	Kidney Tubular Necrosis, Acute	MESH:D007683	IGF1	3479	Urogenital disease (female)|Urogenital disease (male)	Streptozocin	88.22		15590127|15954931|3156984
igf1	Kidney Tubular Necrosis, Acute	MESH:D007683	IGF1	3479	Urogenital disease (female)|Urogenital disease (male)	Tacrolimus	88.22		12544890
igf1	Kidney Tubular Necrosis, Acute	MESH:D007683	IGF1	3479	Urogenital disease (female)|Urogenital disease (male)	Tretinoin	88.22		9378467
igf1	Kidney Tubular Necrosis, Acute	MESH:D007683	IGF1	3479	Urogenital disease (female)|Urogenital disease (male)	vinylidene chloride	88.22		8311687
igf1	Multicystic Dysplastic Kidney	MESH:D021782	IGF1	3479	Congenital abnormality|Urogenital disease (female)|Urogenital disease (male)	Carbamazepine	9.00		17310358
igf1	Multicystic Dysplastic Kidney	MESH:D021782	IGF1	3479	Congenital abnormality|Urogenital disease (female)|Urogenital disease (male)	Phenobarbital	9.00		17310358
igf1	Polycystic Kidney, Autosomal Dominant	MESH:D016891	IGF1	3479	Congenital abnormality|Genetic disease (inborn)|Urogenital disease (female)|Urogenital disease (male)	Sirolimus	3.45		19651290
igf1	Polycystic Kidney Diseases	MESH:D007690	IGF1	3479	Congenital abnormality|Genetic disease (inborn)|Urogenital disease (female)|Urogenital disease (male)	(+)-JQ1 compound	12.82		25877301
igf1	Polycystic Kidney Diseases	MESH:D007690	IGF1	3479	Congenital abnormality|Genetic disease (inborn)|Urogenital disease (female)|Urogenital disease (male)	Rosiglitazone	12.82		20507283
igf1	Polycystic Kidney Diseases	MESH:D007690	IGF1	3479	Congenital abnormality|Genetic disease (inborn)|Urogenital disease (female)|Urogenital disease (male)	Sirolimus	12.82		19321761
igf1	Polycystic Kidney Diseases	MESH:D007690	IGF1	3479	Congenital abnormality|Genetic disease (inborn)|Urogenital disease (female)|Urogenital disease (male)	Triiodothyronine	12.82		8724899
gatm	Acute Kidney Injury	MESH:D058186	GATM	2628	Urogenital disease (female)|Urogenital disease (male)	Acetaminophen	106.40		10454517|10462288|10529635|15058171|15118981|15546480|1605724|1676404|19109935|19183124|19369842|19515070|19639374|19815612|19995690|22093918|2302954|2873910|30099449|3403780|35020164|35243748|3605153|3747662|3827589|3992409|455818|6173498|6708674|6800515|6802245|6825559|6877410|7100020|7318260|7364436|7969685|8156726|8244261|8317017|8669426|8812206|9085330|9381478|9796772|9858252
gatm	Acute Kidney Injury	MESH:D058186	GATM	2628	Urogenital disease (female)|Urogenital disease (male)	bisphenol A	106.40		24625398
gatm	Acute Kidney Injury	MESH:D058186	GATM	2628	Urogenital disease (female)|Urogenital disease (male)	Cadmium	106.40		37357614
gatm	Acute Kidney Injury	MESH:D058186	GATM	2628	Urogenital disease (female)|Urogenital disease (male)	Cadmium Chloride	106.40		21620867|28759707|29286200|32818823|35122928
gatm	Acute Kidney Injury	MESH:D058186	GATM	2628	Urogenital disease (female)|Urogenital disease (male)	Carbamazepine	106.40		11346062|12005248|1494733|19995690|2918954|4653892
gatm	Acute Kidney Injury	MESH:D058186	GATM	2628	Urogenital disease (female)|Urogenital disease (male)	Carbon Tetrachloride	106.40		24975872|28285099|30825423
gatm	Acute Kidney Injury	MESH:D058186	GATM	2628	Urogenital disease (female)|Urogenital disease (male)	Cisplatin	106.40		10454517|11977638|12180108|12690470|15814532|16316343|17670903|19144690|19833167|19913604|20369241|20419391|20463654|20510337|20514524|20603111|20650967|20652569|20656754|20676799|20817559|20844023|20844471|20861081|20942565|20943766|21044617|21048024|21048391|21058009|21256724|21272267|21325496|21458517|21470069|21570986|21593185|21633170|2170045|21745194|21802473|21835770|21847101|22005293|22581811|22992436|23384965|23649842|24012798|24113306|24632086|24778426|24973089|24975837|25184746|25382014|25598344|25957482|26165641|26230185|26546572|26723870|27480280|28321044|28414026|28698153|28885000|28902463|29126144|29476062|29599129|30291731|31103702|31153982|3152939|31926187|32110797|32504734|32777238|32888910|33965372|34560070|34785303|35279909|35367536|35403300|36006825|37057715|37087747|37179038|37863467|6350313|657154|7018267|7199128
gatm	Acute Kidney Injury	MESH:D058186	GATM	2628	Urogenital disease (female)|Urogenital disease (male)	Clofibrate	106.40		12503032|55557|7437867
gatm	Acute Kidney Injury	MESH:D058186	GATM	2628	Urogenital disease (female)|Urogenital disease (male)	Clozapine	106.40		10513719|10939762|12123128|20126316
gatm	Acute Kidney Injury	MESH:D058186	GATM	2628	Urogenital disease (female)|Urogenital disease (male)	Copper Sulfate	106.40		30431687|602954
gatm	Acute Kidney Injury	MESH:D058186	GATM	2628	Urogenital disease (female)|Urogenital disease (male)	Creatine	106.40		12394880|16509464|20223410|22005293
gatm	Acute Kidney Injury	MESH:D058186	GATM	2628	Urogenital disease (female)|Urogenital disease (male)	Cyclosporine	106.40		11271297|11576359|12131698|1539206|1839490|21058009|22005293|2368707|2576639|2940667|29975447|3086006|3544376|3544821|6342655|7518975|7566623
gatm	Acute Kidney Injury	MESH:D058186	GATM	2628	Urogenital disease (female)|Urogenital disease (male)	Dexamethasone	106.40		31654708|32687258|8546128|9763554
gatm	Acute Kidney Injury	MESH:D058186	GATM	2628	Urogenital disease (female)|Urogenital disease (male)	Dietary Fats	106.40		24795233
gatm	Acute Kidney Injury	MESH:D058186	GATM	2628	Urogenital disease (female)|Urogenital disease (male)	Diquat	106.40		37277018
gatm	Acute Kidney Injury	MESH:D058186	GATM	2628	Urogenital disease (female)|Urogenital disease (male)	Doxorubicin	106.40		18680783|21354902|21812276|25411067|26825964|28885000|29474904|30543781|3070145|31376360|32289291
gatm	Acute Kidney Injury	MESH:D058186	GATM	2628	Urogenital disease (female)|Urogenital disease (male)	Folic Acid	106.40		1068326|10980121|11532093|135854|15149334|15625121|16316344|16595132|17003819|18480750|18626492|19552531|23255615|24275386|25559736|2566606|30405444|31447676|31593741|33404076|35191561|35772596|4142233|5070373|562503|745638|7531211|851170|8594875
gatm	Acute Kidney Injury	MESH:D058186	GATM	2628	Urogenital disease (female)|Urogenital disease (male)	Gentamicins	106.40		10607017|10729747|10803762|11274264|1130272|1144851|12375257|12617329|12969435|1324513|1355906|14986132|14993807|15149329|16225114|16780655|16999986|17036408|17216604|17464513|1753919|18227104|185707|18767002|19142811|19204016|1932635|19709328|19736602|19737869|19893084|20030531|20063365|20118187|20164825|22005293|23145036|23261757|23707770|2385448|24923469|25034533|25339697|26779593|2689848|2709684|2728142|2907577|2915758|29460972|2972861|3111476|3123518|32110797|33290828|342789|3485932|3534703|3795053|3988600|4069770|4444745|445001|4589000|4703097|4720135|6214598|6223941|6276536|6507171|6645206|6663986|6690474|6715952|6727808|6822758|6877460|7098275|7144139|7199128|7329494|7391838|7400070|7566310|7571189|7800247|7853850|788666|7967229|8157077|8184137|8214103|8771241|8963945|919118|951016
gatm	Acute Kidney Injury	MESH:D058186	GATM	2628	Urogenital disease (female)|Urogenital disease (male)	Haloperidol	106.40		6121542|7569118|8828352
gatm	Acute Kidney Injury	MESH:D058186	GATM	2628	Urogenital disease (female)|Urogenital disease (male)	IMM 125	106.40		20118187
gatm	Acute Kidney Injury	MESH:D058186	GATM	2628	Urogenital disease (female)|Urogenital disease (male)	Indomethacin	106.40		15007713|2191029|2872506|2886806|3071148|3600902|3616022|3727353|3975749|3978662|3980192|4000350|4071154|448822|464454|6589647|6781208|6949485|6952058|7017180|718323|7305576|7375974|7386499|8163032|8240599|8671983|9052853
gatm	Acute Kidney Injury	MESH:D058186	GATM	2628	Urogenital disease (female)|Urogenital disease (male)	Mercuric Chloride	106.40		10469268|10677590|10901180|11274264|1134612|11510480|11768240|11817102|14638913|1474766|15375764|1561627|16801527|16891066|18496552|18616694|19902086|20407758|21094152|21652719|22390991|22785175|22960887|29045746|32879258|4644892|602954|618599|6223941|7540432|8305641|8342615|8538927|8872981|9544699|9788586|9810145|9853001
gatm	Acute Kidney Injury	MESH:D058186	GATM	2628	Urogenital disease (female)|Urogenital disease (male)	Nickel	106.40		21600195
gatm	Acute Kidney Injury	MESH:D058186	GATM	2628	Urogenital disease (female)|Urogenital disease (male)	Palm Oil	106.40		20433818
gatm	Acute Kidney Injury	MESH:D058186	GATM	2628	Urogenital disease (female)|Urogenital disease (male)	Particulate Matter	106.40		19797351|34751495
gatm	Acute Kidney Injury	MESH:D058186	GATM	2628	Urogenital disease (female)|Urogenital disease (male)	Penicillamine	106.40		1886219|2082056|3823508|4014326|848141
gatm	Acute Kidney Injury	MESH:D058186	GATM	2628	Urogenital disease (female)|Urogenital disease (male)	perfluorooctane sulfonic acid	106.40		35934180
gatm	Acute Kidney Injury	MESH:D058186	GATM	2628	Urogenital disease (female)|Urogenital disease (male)	Phenobarbital	106.40		1485575
gatm	Acute Kidney Injury	MESH:D058186	GATM	2628	Urogenital disease (female)|Urogenital disease (male)	Propylthiouracil	106.40		11014318|11956877|17415292|7942812|9219172|9550661
gatm	Acute Kidney Injury	MESH:D058186	GATM	2628	Urogenital disease (female)|Urogenital disease (male)	Quercetin	106.40		24958931|25411067|29474904|34751495
gatm	Acute Kidney Injury	MESH:D058186	GATM	2628	Urogenital disease (female)|Urogenital disease (male)	Resveratrol	106.40		16488442|16538975|21593185|24958931
gatm	Acute Kidney Injury	MESH:D058186	GATM	2628	Urogenital disease (female)|Urogenital disease (male)	sodium arsenate	106.40		23724280
gatm	Acute Kidney Injury	MESH:D058186	GATM	2628	Urogenital disease (female)|Urogenital disease (male)	sodium arsenite	106.40		21094152|23724280|32736004|32818823
gatm	Acute Kidney Injury	MESH:D058186	GATM	2628	Urogenital disease (female)|Urogenital disease (male)	Streptozocin	106.40		6281169
gatm	Acute Kidney Injury	MESH:D058186	GATM	2628	Urogenital disease (female)|Urogenital disease (male)	sulforaphane	106.40		19913604
gatm	Acute Kidney Injury	MESH:D058186	GATM	2628	Urogenital disease (female)|Urogenital disease (male)	Tobacco Smoke Pollution	106.40		29177025
gatm	Acute Kidney Injury	MESH:D058186	GATM	2628	Urogenital disease (female)|Urogenital disease (male)	Tretinoin	106.40		10607690|11604554|12801854|17564563|18363177|8546128|9158667|9763554
gatm	Acute Kidney Injury	MESH:D058186	GATM	2628	Urogenital disease (female)|Urogenital disease (male)	trichostatin A	106.40		29476062
gatm	Acute Kidney Injury	MESH:D058186	GATM	2628	Urogenital disease (female)|Urogenital disease (male)	Valproic Acid	106.40		29968957
gatm	Acute Kidney Injury	MESH:D058186	GATM	2628	Urogenital disease (female)|Urogenital disease (male)	Vancomycin	106.40		11601669|1355906|1839490|18607115|19642243|20391819|24923469|2596477|28549670|7342285|7624002|8108288|8975151|9825081
gatm	Acute Kidney Injury	MESH:D058186	GATM	2628	Urogenital disease (female)|Urogenital disease (male)	Vehicle Emissions	106.40		19797351|34751495
gatm	Kidney Calculi	MESH:D007669	GATM	2628	Pathology (anatomical condition)|Urogenital disease (female)|Urogenital disease (male)	Dexamethasone	8.52		1671989|8576746
gatm	Kidney Calculi	MESH:D007669	GATM	2628	Pathology (anatomical condition)|Urogenital disease (female)|Urogenital disease (male)	Resveratrol	8.52		24145091|34333021
gatm	Kidney Calculi	MESH:D007669	GATM	2628	Pathology (anatomical condition)|Urogenital disease (female)|Urogenital disease (male)	Streptozocin	8.52		2827466
gatm	Kidney Cortex Necrosis	MESH:D007673	GATM	2628	Urogenital disease (female)|Urogenital disease (male)	Carbon Tetrachloride	19.24		23845967
gatm	Kidney Cortex Necrosis	MESH:D007673	GATM	2628	Urogenital disease (female)|Urogenital disease (male)	Cisplatin	19.24		15464296|19761811|28321044
gatm	Kidney Cortex Necrosis	MESH:D007673	GATM	2628	Urogenital disease (female)|Urogenital disease (male)	Doxorubicin	19.24		19761811|30682439
gatm	Kidney Cortex Necrosis	MESH:D007673	GATM	2628	Urogenital disease (female)|Urogenital disease (male)	Gentamicins	19.24		15245572|18842672|19761811
gatm	Kidney Cortex Necrosis	MESH:D007673	GATM	2628	Urogenital disease (female)|Urogenital disease (male)	Mercuric Chloride	19.24		32879258
gatm	Kidney Diseases	MESH:D007674	GATM	2628	Urogenital disease (female)|Urogenital disease (male)	9,10-Dimethyl-1,2-benzanthracene	196.33		24995432|32623939|35243731
gatm	Kidney Diseases	MESH:D007674	GATM	2628	Urogenital disease (female)|Urogenital disease (male)	Acetaminophen	196.33		11334364|11812892|12005112|12587719|12721325|15363587|15629190|15629191|17391827|18068886|1881229|19117117|19345714|19761811|19922764|20067817|20446790|2356566|2651928|26767949|30794797|31777137|3659833|7155631|7979097
gatm	Kidney Diseases	MESH:D007674	GATM	2628	Urogenital disease (female)|Urogenital disease (male)	Acrylamide	196.33		29913234
gatm	Kidney Diseases	MESH:D007674	GATM	2628	Urogenital disease (female)|Urogenital disease (male)	Aflatoxin B1	196.33		32894639|35304092
gatm	Kidney Diseases	MESH:D007674	GATM	2628	Urogenital disease (female)|Urogenital disease (male)	Atrazine	196.33		30360616|35440735
gatm	Kidney Diseases	MESH:D007674	GATM	2628	Urogenital disease (female)|Urogenital disease (male)	Benzo(a)pyrene	196.33		11289703|21803694
gatm	Kidney Diseases	MESH:D007674	GATM	2628	Urogenital disease (female)|Urogenital disease (male)	bisphenol A	196.33		18445619|23359474|30303745|30641872|30997025|31091348|34281243|36830956
gatm	Kidney Diseases	MESH:D007674	GATM	2628	Urogenital disease (female)|Urogenital disease (male)	Cadmium	196.33		11090055|16226777|16322080|16443174|16601012|16962696|17125799|17303580|17448585|19270785|19615871|19700501|21888673|22027495|22033168|22467032|22995156|23095357|24276216|24629167|24923654|25240712|25940730|28248635|30090589|30684957|31639282|32246071|33398418|33857584|34510229|35384154|37270049|37342552|37949422|7676455
gatm	Kidney Diseases	MESH:D007674	GATM	2628	Urogenital disease (female)|Urogenital disease (male)	Cadmium Chloride	196.33		10924798|16962696|17882470|18414974|19063931|19371613|21284339|21540277|23750309|24200859|24632105|25588984|26815315|29421648|33127495|33722575
gatm	Kidney Diseases	MESH:D007674	GATM	2628	Urogenital disease (female)|Urogenital disease (male)	Carbon Tetrachloride	196.33		25899501|2905310|29522708|34029542
gatm	Kidney Diseases	MESH:D007674	GATM	2628	Urogenital disease (female)|Urogenital disease (male)	Cisplatin	196.33		10396320|10812192|11090055|11305414|11745184|11776407|12231392|12649298|12815610|14966836|15190930|15267137|15496615|15934019|16154539|16246977|16428940|16723030|17135156|17922055|1793151|18289764|18956176|19038279|19152827|19356226|19535489|19723570|19736245|19839026|19850470|20435919|20438795|20605904|20716785|21605616|21616140|21640784|21724663|21763304|21803049|21883567|21884784|21902499|21939360|21949094|21993003|22019697|22525860|22989705|23142791|23229315|2326543|23287709|23603837|23770416|23959918|24001450|2413982|2424627|24863737|24880025|25015656|25043994|25308879|25665769|25927922|26558470|26612654|26739623|26751708|27317936|27397436|27616468|27722009|28904298|29216766|29471006|29574132|29752894|29852128|30169741|30452898|30842369|31306688|31493026|31612257|32418911|32991863|33522649|34423507|34476871|35243731|37102204|37561086|37956922|6181679|6203452|6538115|6542584|7191768|7532742|7706473|8178319|8270973|8413339|8584014|8626111|8751544|8845212|9057954|9144837|9256891|9381703
gatm	Kidney Diseases	MESH:D007674	GATM	2628	Urogenital disease (female)|Urogenital disease (male)	Clofibrate	196.33		21338618
gatm	Kidney Diseases	MESH:D007674	GATM	2628	Urogenital disease (female)|Urogenital disease (male)	cobaltous chloride	196.33		12819242|22343435|30596275
gatm	Kidney Diseases	MESH:D007674	GATM	2628	Urogenital disease (female)|Urogenital disease (male)	Copper	196.33		20035423|24627433|30090589
gatm	Kidney Diseases	MESH:D007674	GATM	2628	Urogenital disease (female)|Urogenital disease (male)	Creatine	196.33		20061359
gatm	Kidney Diseases	MESH:D007674	GATM	2628	Urogenital disease (female)|Urogenital disease (male)	Cyclosporine	196.33		10903974|11063349|11091246|11544444|11558484|11583940|11773892|12110003|12243498|12362282|12394605|12427154|12469693|12584269|12883193|1436300|14550466|14659064|15147428|15339989|15365603|16858688|16980036|17132217|17199845|17430485|17461532|17879355|18001539|18582803|18776723|19391111|19761811|21073006|21354196|2165371|21865292|22343435|23347876|23958496|24462674|24502637|24907557|24971338|26311998|2881198|2889119|3032224|3122121|32298299|3458551|3708922|3895668|3899437|3915162|3916516|3925762|6340275|6349046|7508536|7532089|7540737|7542793|7666081|8314463|8832009|9154655|9509456|9664955|9815949
gatm	Kidney Diseases	MESH:D007674	GATM	2628	Urogenital disease (female)|Urogenital disease (male)	decamethrin	196.33		23566885|24121187|28595958|28987327|31454128|33396045|34216712|35055458|35678313
gatm	Kidney Diseases	MESH:D007674	GATM	2628	Urogenital disease (female)|Urogenital disease (male)	Dexamethasone	196.33		12414515|12574103|19879934|26271896
gatm	Kidney Diseases	MESH:D007674	GATM	2628	Urogenital disease (female)|Urogenital disease (male)	Dibutyl Phthalate	196.33		23359474|29526571
gatm	Kidney Diseases	MESH:D007674	GATM	2628	Urogenital disease (female)|Urogenital disease (male)	Dietary Fats	196.33		24508291|24877639|25025298|26423427|26980705|27292126|29526571|30298849|31063766|31454063|31726037|31811911|31981641|32259528|37054934
gatm	Kidney Diseases	MESH:D007674	GATM	2628	Urogenital disease (female)|Urogenital disease (male)	Dioxins	196.33		35440735
gatm	Kidney Diseases	MESH:D007674	GATM	2628	Urogenital disease (female)|Urogenital disease (male)	Diquat	196.33		36851058|6527399
gatm	Kidney Diseases	MESH:D007674	GATM	2628	Urogenital disease (female)|Urogenital disease (male)	Doxorubicin	196.33		10088175|10094850|10344349|10430982|10755322|11124598|11345653|11401411|11867952|11996090|12012391|12386277|12540035|12674635|135666|14564477|14728886|15033991|15369732|15577213|15578190|15699352|16246977|16325981|16775033|16988067|17329577|17522263|1793151|18440303|18487002|19013753|19018148|1905199|19066422|19429242|19883716|19960953|20606417|22287321|24799355|25268985|26721193|2791187|28082111|3124293|31830546|3456068|36988379|3764673|3781430|3898001|7191768|7830283|7838258|7987999|8289579|9192910|9606733|9704904
gatm	Kidney Diseases	MESH:D007674	GATM	2628	Urogenital disease (female)|Urogenital disease (male)	Estradiol	196.33		15618244|6305905
gatm	Kidney Diseases	MESH:D007674	GATM	2628	Urogenital disease (female)|Urogenital disease (male)	Ethinyl Estradiol	196.33		19761811
gatm	Kidney Diseases	MESH:D007674	GATM	2628	Urogenital disease (female)|Urogenital disease (male)	fipronil	196.33		32651782
gatm	Kidney Diseases	MESH:D007674	GATM	2628	Urogenital disease (female)|Urogenital disease (male)	flusilazole	196.33		28263823
gatm	Kidney Diseases	MESH:D007674	GATM	2628	Urogenital disease (female)|Urogenital disease (male)	Folic Acid	196.33		11832423|14633603|1482756|160016|18633340|193486|19435794|19934081|20116427|20406136|21647593|22647887|2386429|2840627|29789558|34619300|35124148|4336412
gatm	Kidney Diseases	MESH:D007674	GATM	2628	Urogenital disease (female)|Urogenital disease (male)	Formaldehyde	196.33		14633228|16898265|18717515
gatm	Kidney Diseases	MESH:D007674	GATM	2628	Urogenital disease (female)|Urogenital disease (male)	Gentamicins	196.33		10759677|10990387|12419699|12571406|1263024|12877940|1322021|1340440|1438039|1462001|15086898|15267137|16128912|16925772|17202664|17636248|17899318|17934191|18289764|18441258|1856146|19349640|19500072|19535489|19548288|1976338|19967075|20435566|20816719|20829429|20849911|21081137|21396950|21616119|22061828|22526374|23142791|23335628|2351627|23535405|23651617|2424533|24863737|27401566|2791871|28116922|28904298|2905310|29126144|2914447|30368989|30458643|31628940|319355|3316564|33722575|34350654|3952992|4073872|4306975|475363|500516|6184909|6340504|6364908|6421944|6437310|6479501|659347|659349|659354|6643700|6728084|6797359|696801|6988713|707512|7082782|7103453|7121387|7182340|7194655|7204294|7217852|7235657|7330449|736249|7725344|7872367|80528|8056701|8160791|8308589|8913452|8971904|899868|900916|968458|9741354
gatm	Kidney Diseases	MESH:D007674	GATM	2628	Urogenital disease (female)|Urogenital disease (male)	Haloperidol	196.33		19839853
gatm	Kidney Diseases	MESH:D007674	GATM	2628	Urogenital disease (female)|Urogenital disease (male)	Hydrogen Peroxide	196.33		29463041
gatm	Kidney Diseases	MESH:D007674	GATM	2628	Urogenital disease (female)|Urogenital disease (male)	IMM 125	196.33		21081137
gatm	Kidney Diseases	MESH:D007674	GATM	2628	Urogenital disease (female)|Urogenital disease (male)	Indomethacin	196.33		10516392|12970633|1489412|15037210|17190690|1913620|19445918|19761811|20035423|2112558|2284768|2424533|25110317|2766920|7019841|7108667|7661171|7791169|8308589|8440438|9284854|9507041|9521382
gatm	Kidney Diseases	MESH:D007674	GATM	2628	Urogenital disease (female)|Urogenital disease (male)	JP8 aviation fuel	196.33		32905848|35440735|8748423
gatm	Kidney Diseases	MESH:D007674	GATM	2628	Urogenital disease (female)|Urogenital disease (male)	lead acetate	196.33		17882470|22581110|22728154|23428833|30980911|32116774
gatm	Kidney Diseases	MESH:D007674	GATM	2628	Urogenital disease (female)|Urogenital disease (male)	Mercuric Chloride	196.33		10696793|12194165|12490134|16871242|17516994|17882470|18441258|18536492|19501138|20804780|21126564|21259295|21369715|21616119|21787585|22108423|22416658|2386429|24751971|2769936|2905310|32599119|5798944|7830283
gatm	Kidney Diseases	MESH:D007674	GATM	2628	Urogenital disease (female)|Urogenital disease (male)	Methamphetamine	196.33		37567421
gatm	Kidney Diseases	MESH:D007674	GATM	2628	Urogenital disease (female)|Urogenital disease (male)	methylmercuric chloride	196.33		28526320
gatm	Kidney Diseases	MESH:D007674	GATM	2628	Urogenital disease (female)|Urogenital disease (male)	Methyltestosterone	196.33		19761811
gatm	Kidney Diseases	MESH:D007674	GATM	2628	Urogenital disease (female)|Urogenital disease (male)	Nanotubes, Carbon	196.33		32856799
gatm	Kidney Diseases	MESH:D007674	GATM	2628	Urogenital disease (female)|Urogenital disease (male)	Nickel	196.33		30090589|31639282
gatm	Kidney Diseases	MESH:D007674	GATM	2628	Urogenital disease (female)|Urogenital disease (male)	Ozone	196.33		20446790
gatm	Kidney Diseases	MESH:D007674	GATM	2628	Urogenital disease (female)|Urogenital disease (male)	Particulate Matter	196.33		33393722
gatm	Kidney Diseases	MESH:D007674	GATM	2628	Urogenital disease (female)|Urogenital disease (male)	Penicillamine	196.33		1080704|159020|1677490|2939913|2941196|4175137|49668|950631|97051
gatm	Kidney Diseases	MESH:D007674	GATM	2628	Urogenital disease (female)|Urogenital disease (male)	Phenobarbital	196.33		11594702|1239223|17006072|2734806|4416261|6782217|7059030|982456
gatm	Kidney Diseases	MESH:D007674	GATM	2628	Urogenital disease (female)|Urogenital disease (male)	Polyphenols	196.33		17132217|21369715|21724663
gatm	Kidney Diseases	MESH:D007674	GATM	2628	Urogenital disease (female)|Urogenital disease (male)	Progesterone	196.33		6305905
gatm	Kidney Diseases	MESH:D007674	GATM	2628	Urogenital disease (female)|Urogenital disease (male)	Quercetin	196.33		16962696|19605544|19615871|21909718|22728154|34748891|36990423
gatm	Kidney Diseases	MESH:D007674	GATM	2628	Urogenital disease (female)|Urogenital disease (male)	Resveratrol	196.33		16971220|17202664|18754105|20651248|22865646|23471352|23767859|25025298|26423427|27377006|29574132|32894639
gatm	Kidney Diseases	MESH:D007674	GATM	2628	Urogenital disease (female)|Urogenital disease (male)	Selenium	196.33		1588439|17448585|19913299|21424224
gatm	Kidney Diseases	MESH:D007674	GATM	2628	Urogenital disease (female)|Urogenital disease (male)	sodium arsenate	196.33		30456172|33418080
gatm	Kidney Diseases	MESH:D007674	GATM	2628	Urogenital disease (female)|Urogenital disease (male)	sodium arsenite	196.33		10924798|17882470|18434106|19672740|20008137|24961358|26349760|26631322|29935397|30066062|30558456|31844926|34006163
gatm	Kidney Diseases	MESH:D007674	GATM	2628	Urogenital disease (female)|Urogenital disease (male)	sodium bichromate	196.33		11489360
gatm	Kidney Diseases	MESH:D007674	GATM	2628	Urogenital disease (female)|Urogenital disease (male)	Sodium Selenite	196.33		25728528
gatm	Kidney Diseases	MESH:D007674	GATM	2628	Urogenital disease (female)|Urogenital disease (male)	Streptozocin	196.33		11798618|12093613|12956402|135666|15053821|16037304|18413206|185926|19246972|19369054|19616452|199092|20732820|21450970|21630391|23376009|23767859|24877639|24923654|25665769|27292126|29526571|30642005|31063766|31726037|32246071|33387473|33639173|34039237|34212273|35243728|37054934
gatm	Kidney Diseases	MESH:D007674	GATM	2628	Urogenital disease (female)|Urogenital disease (male)	sulforaphane	196.33		24512358|30835071|37567421
gatm	Kidney Diseases	MESH:D007674	GATM	2628	Urogenital disease (female)|Urogenital disease (male)	T-2 Toxin	196.33		33508416
gatm	Kidney Diseases	MESH:D007674	GATM	2628	Urogenital disease (female)|Urogenital disease (male)	Tamoxifen	196.33		17698946
gatm	Kidney Diseases	MESH:D007674	GATM	2628	Urogenital disease (female)|Urogenital disease (male)	Thioacetamide	196.33		19761811|23142791|37008694
gatm	Kidney Diseases	MESH:D007674	GATM	2628	Urogenital disease (female)|Urogenital disease (male)	titanium dioxide	196.33		25406100
gatm	Kidney Diseases	MESH:D007674	GATM	2628	Urogenital disease (female)|Urogenital disease (male)	Trichloroethylene	196.33		17285313|22728725|23037997|31068537|31618666|33132242
gatm	Kidney Diseases	MESH:D007674	GATM	2628	Urogenital disease (female)|Urogenital disease (male)	Triclosan	196.33		145039
gatm	Kidney Diseases	MESH:D007674	GATM	2628	Urogenital disease (female)|Urogenital disease (male)	Valproic Acid	196.33		10937350|11322374|3935422|6782217|9175586
gatm	Kidney Diseases	MESH:D007674	GATM	2628	Urogenital disease (female)|Urogenital disease (male)	Vancomycin	196.33		10217324|10798782|12604535|12688519|12741439|16112787|16236146|16691027|17060545|17296255|17344665|17448119|17470454|17692725|18159129|18227177|18289764|18334494|18930951|19586413|19602966|19761811|19833176|20021290|2351627|2564157|29964132|3752981|7739950|8056700|8226435|8365461|8841156|9491842
gatm	Kidney Diseases	MESH:D007674	GATM	2628	Urogenital disease (female)|Urogenital disease (male)	Vehicle Emissions	196.33		33393722
gatm	Kidney Diseases	MESH:D007674	GATM	2628	Urogenital disease (female)|Urogenital disease (male)	vinylidene chloride	196.33		7839370
gatm	Kidney Diseases, Cystic	MESH:D052177	GATM	2628	Urogenital disease (female)|Urogenital disease (male)	Indomethacin	6.97		8092206
gatm	Kidney Diseases, Cystic	MESH:D052177	GATM	2628	Urogenital disease (female)|Urogenital disease (male)	Streptozocin	6.97		9879822
gatm	Kidney Failure, Chronic	MESH:D007676	GATM	2628	Pathology (process)|Urogenital disease (female)|Urogenital disease (male)	Acetaminophen	35.64		11752356|3050572|7969358
gatm	Kidney Failure, Chronic	MESH:D007676	GATM	2628	Pathology (process)|Urogenital disease (female)|Urogenital disease (male)	Atrazine	35.64		26177651
gatm	Kidney Failure, Chronic	MESH:D007676	GATM	2628	Pathology (process)|Urogenital disease (female)|Urogenital disease (male)	Cadmium	35.64		23343055
gatm	Kidney Failure, Chronic	MESH:D007676	GATM	2628	Pathology (process)|Urogenital disease (female)|Urogenital disease (male)	Copper	35.64		16518626
gatm	Kidney Failure, Chronic	MESH:D007676	GATM	2628	Pathology (process)|Urogenital disease (female)|Urogenital disease (male)	Doxorubicin	35.64		11014987|15960146|16707910|9102927
gatm	Kidney Failure, Chronic	MESH:D007676	GATM	2628	Pathology (process)|Urogenital disease (female)|Urogenital disease (male)	Folic Acid	35.64		4810836
gatm	Kidney Failure, Chronic	MESH:D007676	GATM	2628	Pathology (process)|Urogenital disease (female)|Urogenital disease (male)	Hydrogen Peroxide	35.64		16518626
gatm	Kidney Failure, Chronic	MESH:D007676	GATM	2628	Pathology (process)|Urogenital disease (female)|Urogenital disease (male)	Indomethacin	35.64		6986554
gatm	Kidney Failure, Chronic	MESH:D007676	GATM	2628	Pathology (process)|Urogenital disease (female)|Urogenital disease (male)	Methamphetamine	35.64		9794581
gatm	Kidney Failure, Chronic	MESH:D007676	GATM	2628	Pathology (process)|Urogenital disease (female)|Urogenital disease (male)	Propylthiouracil	35.64		10344375
gatm	Kidney Failure, Chronic	MESH:D007676	GATM	2628	Pathology (process)|Urogenital disease (female)|Urogenital disease (male)	Selenium	35.64		16518626
gatm	Kidney Failure, Chronic	MESH:D007676	GATM	2628	Pathology (process)|Urogenital disease (female)|Urogenital disease (male)	Streptozocin	35.64		6459048
gatm	Kidney Neoplasms	MESH:D007680	GATM	2628	Cancer|Urogenital disease (female)|Urogenital disease (male)	2,6-dinitrotoluene	50.50		16705839
gatm	Kidney Neoplasms	MESH:D007680	GATM	2628	Cancer|Urogenital disease (female)|Urogenital disease (male)	4,4'-diaminodiphenylmethane	50.50		6582329
gatm	Kidney Neoplasms	MESH:D007680	GATM	2628	Cancer|Urogenital disease (female)|Urogenital disease (male)	Acetaminophen	50.50		11679798|2912549|3834336|8793360
gatm	Kidney Neoplasms	MESH:D007680	GATM	2628	Cancer|Urogenital disease (female)|Urogenital disease (male)	Aflatoxin B1	50.50		22545673
gatm	Kidney Neoplasms	MESH:D007680	GATM	2628	Cancer|Urogenital disease (female)|Urogenital disease (male)	Cadmium	50.50		20839231
gatm	Kidney Neoplasms	MESH:D007680	GATM	2628	Cancer|Urogenital disease (female)|Urogenital disease (male)	Cisplatin	50.50		28321044
gatm	Kidney Neoplasms	MESH:D007680	GATM	2628	Cancer|Urogenital disease (female)|Urogenital disease (male)	Cyclosporine	50.50		12371664|1825617
gatm	Kidney Neoplasms	MESH:D007680	GATM	2628	Cancer|Urogenital disease (female)|Urogenital disease (male)	Doxorubicin	50.50		8602639
gatm	Kidney Neoplasms	MESH:D007680	GATM	2628	Cancer|Urogenital disease (female)|Urogenital disease (male)	Estradiol	50.50		10326862|10402247|15610895|8221684|9683190|9683193
gatm	Kidney Neoplasms	MESH:D007680	GATM	2628	Cancer|Urogenital disease (female)|Urogenital disease (male)	Indomethacin	50.50		7614682
gatm	Kidney Neoplasms	MESH:D007680	GATM	2628	Cancer|Urogenital disease (female)|Urogenital disease (male)	Phenobarbital	50.50		28245158
gatm	Kidney Neoplasms	MESH:D007680	GATM	2628	Cancer|Urogenital disease (female)|Urogenital disease (male)	Streptozocin	50.50		11396141|145871|1825617|1834880|207424|2532796|6210642|6225653|7697213|8290873|9083521
gatm	Kidney Neoplasms	MESH:D007680	GATM	2628	Cancer|Urogenital disease (female)|Urogenital disease (male)	Tamoxifen	50.50		18625569
gatm	Kidney Neoplasms	MESH:D007680	GATM	2628	Cancer|Urogenital disease (female)|Urogenital disease (male)	Testosterone	50.50		9140897
gatm	Kidney Neoplasms	MESH:D007680	GATM	2628	Cancer|Urogenital disease (female)|Urogenital disease (male)	Trichloroethylene	50.50		20663906|24923549
gatm	Kidney Neoplasms	MESH:D007680	GATM	2628	Cancer|Urogenital disease (female)|Urogenital disease (male)	vinylidene chloride	50.50		26682919
gatm	Kidney Papillary Necrosis	MESH:D007681	GATM	2628	Urogenital disease (female)|Urogenital disease (male)	Acetaminophen	5.26		1203171|1919871|2362779|3050572|3559797|6025602|6126946|6590001|6776978|7412682
gatm	Kidney Papillary Necrosis	MESH:D007681	GATM	2628	Urogenital disease (female)|Urogenital disease (male)	Indomethacin	5.26		12512867|277165|3102426|4548752|6125715|6953356|861066|9502396|972771
gatm	Kidney Tubular Necrosis, Acute	MESH:D007683	GATM	2628	Urogenital disease (female)|Urogenital disease (male)	Acetaminophen	63.33		11881430|12060523|12832150|16354242|16532256|17624227|18645506|1987650|20352459|2362779|3173602|3380218|3420447|3559797|3796197|4062453|4082192|6868092|7282722|7566947|7579069|8473360|851123|989539
gatm	Kidney Tubular Necrosis, Acute	MESH:D007683	GATM	2628	Urogenital disease (female)|Urogenital disease (male)	Carbamazepine	63.33		8107947
gatm	Kidney Tubular Necrosis, Acute	MESH:D007683	GATM	2628	Urogenital disease (female)|Urogenital disease (male)	Carbon Tetrachloride	63.33		23845967
gatm	Kidney Tubular Necrosis, Acute	MESH:D007683	GATM	2628	Urogenital disease (female)|Urogenital disease (male)	Cisplatin	63.33		11231351|18368030|19797351|20702592|21881242|24975837|25677510|2680578|29051111|30682439|7855315|8457719|8583688
gatm	Kidney Tubular Necrosis, Acute	MESH:D007683	GATM	2628	Urogenital disease (female)|Urogenital disease (male)	cobaltous chloride	63.33		851123
gatm	Kidney Tubular Necrosis, Acute	MESH:D007683	GATM	2628	Urogenital disease (female)|Urogenital disease (male)	Copper	63.33		22465980
gatm	Kidney Tubular Necrosis, Acute	MESH:D007683	GATM	2628	Urogenital disease (female)|Urogenital disease (male)	Cyclosporine	63.33		1778857|6336959|6351368
gatm	Kidney Tubular Necrosis, Acute	MESH:D007683	GATM	2628	Urogenital disease (female)|Urogenital disease (male)	Folic Acid	63.33		12969123|12969128|14633603|18480750
gatm	Kidney Tubular Necrosis, Acute	MESH:D007683	GATM	2628	Urogenital disease (female)|Urogenital disease (male)	Gentamicins	63.33		11231351|1130930|12176111|12818927|14748758|15795518|16751989|1743919|19802993|25677510|2755919|30682439|3156984|3159593|4122055|4678426|6365403|657154|6877460|7352791|735819|8184137|8583688|9585304
gatm	Kidney Tubular Necrosis, Acute	MESH:D007683	GATM	2628	Urogenital disease (female)|Urogenital disease (male)	Indomethacin	63.33		860058
gatm	Kidney Tubular Necrosis, Acute	MESH:D007683	GATM	2628	Urogenital disease (female)|Urogenital disease (male)	Mercuric Chloride	63.33		12460744|19371613|2863857|8583688|9765069
gatm	Kidney Tubular Necrosis, Acute	MESH:D007683	GATM	2628	Urogenital disease (female)|Urogenital disease (male)	Methamphetamine	63.33		11933563
gatm	Kidney Tubular Necrosis, Acute	MESH:D007683	GATM	2628	Urogenital disease (female)|Urogenital disease (male)	Phenobarbital	63.33		3395247
gatm	Kidney Tubular Necrosis, Acute	MESH:D007683	GATM	2628	Urogenital disease (female)|Urogenital disease (male)	Propylthiouracil	63.33		16354242
gatm	Kidney Tubular Necrosis, Acute	MESH:D007683	GATM	2628	Urogenital disease (female)|Urogenital disease (male)	Quercetin	63.33		15198074
gatm	Kidney Tubular Necrosis, Acute	MESH:D007683	GATM	2628	Urogenital disease (female)|Urogenital disease (male)	Streptozocin	63.33		15590127|15954931|3156984
gatm	Kidney Tubular Necrosis, Acute	MESH:D007683	GATM	2628	Urogenital disease (female)|Urogenital disease (male)	Tretinoin	63.33		9378467
gatm	Kidney Tubular Necrosis, Acute	MESH:D007683	GATM	2628	Urogenital disease (female)|Urogenital disease (male)	Vancomycin	63.33		11810128|15199201|17879216|18067058
gatm	Kidney Tubular Necrosis, Acute	MESH:D007683	GATM	2628	Urogenital disease (female)|Urogenital disease (male)	vinylidene chloride	63.33		8311687
gatm	Multicystic Dysplastic Kidney	MESH:D021782	GATM	2628	Congenital abnormality|Urogenital disease (female)|Urogenital disease (male)	Carbamazepine	11.14		17310358
gatm	Multicystic Dysplastic Kidney	MESH:D021782	GATM	2628	Congenital abnormality|Urogenital disease (female)|Urogenital disease (male)	Phenobarbital	11.14		17310358
gatm	Polycystic Kidney Diseases	MESH:D007690	GATM	2628	Congenital abnormality|Genetic disease (inborn)|Urogenital disease (female)|Urogenital disease (male)	(+)-JQ1 compound	7.70		25877301
gatm	Polycystic Kidney Diseases	MESH:D007690	GATM	2628	Congenital abnormality|Genetic disease (inborn)|Urogenital disease (female)|Urogenital disease (male)	Triiodothyronine	7.70		8724899
slc6a8	Acute Kidney Injury	MESH:D058186	SLC6A8	6535	Urogenital disease (female)|Urogenital disease (male)	Acetaminophen	133.98		10454517|10462288|10529635|15058171|15118981|15546480|1605724|1676404|19109935|19183124|19369842|19515070|19639374|19815612|19995690|22093918|2302954|2873910|30099449|3403780|35020164|35243748|3605153|3747662|3827589|3992409|455818|6173498|6708674|6800515|6802245|6825559|6877410|7100020|7318260|7364436|7969685|8156726|8244261|8317017|8669426|8812206|9085330|9381478|9796772|9858252
slc6a8	Acute Kidney Injury	MESH:D058186	SLC6A8	6535	Urogenital disease (female)|Urogenital disease (male)	alpha-Chlorohydrin	133.98		29860048
slc6a8	Acute Kidney Injury	MESH:D058186	SLC6A8	6535	Urogenital disease (female)|Urogenital disease (male)	Ampicillin	133.98		14736991|653062|6649724
slc6a8	Acute Kidney Injury	MESH:D058186	SLC6A8	6535	Urogenital disease (female)|Urogenital disease (male)	Arsenic Trioxide	133.98		18463343
slc6a8	Acute Kidney Injury	MESH:D058186	SLC6A8	6535	Urogenital disease (female)|Urogenital disease (male)	Atenolol	133.98		9640485
slc6a8	Acute Kidney Injury	MESH:D058186	SLC6A8	6535	Urogenital disease (female)|Urogenital disease (male)	bisphenol A	133.98		24625398
slc6a8	Acute Kidney Injury	MESH:D058186	SLC6A8	6535	Urogenital disease (female)|Urogenital disease (male)	Blood Glucose	133.98		16153449|27363640
slc6a8	Acute Kidney Injury	MESH:D058186	SLC6A8	6535	Urogenital disease (female)|Urogenital disease (male)	Cadmium	133.98		37357614
slc6a8	Acute Kidney Injury	MESH:D058186	SLC6A8	6535	Urogenital disease (female)|Urogenital disease (male)	Cadmium Chloride	133.98		21620867|28759707|29286200|32818823|35122928
slc6a8	Acute Kidney Injury	MESH:D058186	SLC6A8	6535	Urogenital disease (female)|Urogenital disease (male)	Carbamazepine	133.98		11346062|12005248|1494733|19995690|2918954|4653892
slc6a8	Acute Kidney Injury	MESH:D058186	SLC6A8	6535	Urogenital disease (female)|Urogenital disease (male)	Carbon Tetrachloride	133.98		24975872|28285099|30825423
slc6a8	Acute Kidney Injury	MESH:D058186	SLC6A8	6535	Urogenital disease (female)|Urogenital disease (male)	chromium hexavalent ion	133.98		30236763
slc6a8	Acute Kidney Injury	MESH:D058186	SLC6A8	6535	Urogenital disease (female)|Urogenital disease (male)	Cisplatin	133.98		10454517|11977638|12180108|12690470|15814532|16316343|17670903|19144690|19833167|19913604|20369241|20419391|20463654|20510337|20514524|20603111|20650967|20652569|20656754|20676799|20817559|20844023|20844471|20861081|20942565|20943766|21044617|21048024|21048391|21058009|21256724|21272267|21325496|21458517|21470069|21570986|21593185|21633170|2170045|21745194|21802473|21835770|21847101|22005293|22581811|22992436|23384965|23649842|24012798|24113306|24632086|24778426|24973089|24975837|25184746|25382014|25598344|25957482|26165641|26230185|26546572|26723870|27480280|28321044|28414026|28698153|28885000|28902463|29126144|29476062|29599129|30291731|31103702|31153982|3152939|31926187|32110797|32504734|32777238|32888910|33965372|34560070|34785303|35279909|35367536|35403300|36006825|37057715|37087747|37179038|37863467|6350313|657154|7018267|7199128
slc6a8	Acute Kidney Injury	MESH:D058186	SLC6A8	6535	Urogenital disease (female)|Urogenital disease (male)	Copper Sulfate	133.98		30431687|602954
slc6a8	Acute Kidney Injury	MESH:D058186	SLC6A8	6535	Urogenital disease (female)|Urogenital disease (male)	Creatine	133.98		12394880|16509464|20223410|22005293
slc6a8	Acute Kidney Injury	MESH:D058186	SLC6A8	6535	Urogenital disease (female)|Urogenital disease (male)	Cyclosporine	133.98		11271297|11576359|12131698|1539206|1839490|21058009|22005293|2368707|2576639|2940667|29975447|3086006|3544376|3544821|6342655|7518975|7566623
slc6a8	Acute Kidney Injury	MESH:D058186	SLC6A8	6535	Urogenital disease (female)|Urogenital disease (male)	Dietary Fats	133.98		24795233
slc6a8	Acute Kidney Injury	MESH:D058186	SLC6A8	6535	Urogenital disease (female)|Urogenital disease (male)	Diflunisal	133.98		3763032|6444363|7100020
slc6a8	Acute Kidney Injury	MESH:D058186	SLC6A8	6535	Urogenital disease (female)|Urogenital disease (male)	Diquat	133.98		37277018
slc6a8	Acute Kidney Injury	MESH:D058186	SLC6A8	6535	Urogenital disease (female)|Urogenital disease (male)	Doxorubicin	133.98		18680783|21354902|21812276|25411067|26825964|28885000|29474904|30543781|3070145|31376360|32289291
slc6a8	Acute Kidney Injury	MESH:D058186	SLC6A8	6535	Urogenital disease (female)|Urogenital disease (male)	Dronabinol	133.98		16161930
slc6a8	Acute Kidney Injury	MESH:D058186	SLC6A8	6535	Urogenital disease (female)|Urogenital disease (male)	epigallocatechin gallate	133.98		25382014|36309138
slc6a8	Acute Kidney Injury	MESH:D058186	SLC6A8	6535	Urogenital disease (female)|Urogenital disease (male)	Ethanol	133.98		28285099|3747662
slc6a8	Acute Kidney Injury	MESH:D058186	SLC6A8	6535	Urogenital disease (female)|Urogenital disease (male)	Folic Acid	133.98		1068326|10980121|11532093|135854|15149334|15625121|16316344|16595132|17003819|18480750|18626492|19552531|23255615|24275386|25559736|2566606|30405444|31447676|31593741|33404076|35191561|35772596|4142233|5070373|562503|745638|7531211|851170|8594875
slc6a8	Acute Kidney Injury	MESH:D058186	SLC6A8	6535	Urogenital disease (female)|Urogenital disease (male)	Glyphosate	133.98		24361898|32818823
slc6a8	Acute Kidney Injury	MESH:D058186	SLC6A8	6535	Urogenital disease (female)|Urogenital disease (male)	Ibuprofen	133.98		10423592|11700753|14745553|1591437|17879100|18446376|19048246|19183124|2870244|3080108|3404105|3600902|3689062|3975749|3983674|420719|6228839|6375363|6420135|6748567|6844855|7180901|719345|7513099|7579049|8134235|9030680|9035187|9840327
slc6a8	Acute Kidney Injury	MESH:D058186	SLC6A8	6535	Urogenital disease (female)|Urogenital disease (male)	Methionine	133.98		31926187
slc6a8	Acute Kidney Injury	MESH:D058186	SLC6A8	6535	Urogenital disease (female)|Urogenital disease (male)	N-Methyl-3,4-methylenedioxyamphetamine	133.98		11147017|16161930|8099372
slc6a8	Acute Kidney Injury	MESH:D058186	SLC6A8	6535	Urogenital disease (female)|Urogenital disease (male)	Oxygen	133.98		12819242|16153449|27363640
slc6a8	Acute Kidney Injury	MESH:D058186	SLC6A8	6535	Urogenital disease (female)|Urogenital disease (male)	Particulate Matter	133.98		19797351|34751495
slc6a8	Acute Kidney Injury	MESH:D058186	SLC6A8	6535	Urogenital disease (female)|Urogenital disease (male)	perfluorooctane sulfonic acid	133.98		35934180
slc6a8	Acute Kidney Injury	MESH:D058186	SLC6A8	6535	Urogenital disease (female)|Urogenital disease (male)	pirinixic acid	133.98		12503032
slc6a8	Acute Kidney Injury	MESH:D058186	SLC6A8	6535	Urogenital disease (female)|Urogenital disease (male)	Piroxicam	133.98		12185885|2713628|4004367|6602576|6637756|8298379
slc6a8	Acute Kidney Injury	MESH:D058186	SLC6A8	6535	Urogenital disease (female)|Urogenital disease (male)	Propylthiouracil	133.98		11014318|11956877|17415292|7942812|9219172|9550661
slc6a8	Acute Kidney Injury	MESH:D058186	SLC6A8	6535	Urogenital disease (female)|Urogenital disease (male)	Quercetin	133.98		24958931|25411067|29474904|34751495
slc6a8	Acute Kidney Injury	MESH:D058186	SLC6A8	6535	Urogenital disease (female)|Urogenital disease (male)	Rotenone	133.98		30099449
slc6a8	Acute Kidney Injury	MESH:D058186	SLC6A8	6535	Urogenital disease (female)|Urogenital disease (male)	sodium arsenate	133.98		23724280
slc6a8	Acute Kidney Injury	MESH:D058186	SLC6A8	6535	Urogenital disease (female)|Urogenital disease (male)	Sunitinib	133.98		20652569
slc6a8	Acute Kidney Injury	MESH:D058186	SLC6A8	6535	Urogenital disease (female)|Urogenital disease (male)	Tobacco Smoke Pollution	133.98		29177025
slc6a8	Acute Kidney Injury	MESH:D058186	SLC6A8	6535	Urogenital disease (female)|Urogenital disease (male)	Tretinoin	133.98		10607690|11604554|12801854|17564563|18363177|8546128|9158667|9763554
slc6a8	Acute Kidney Injury	MESH:D058186	SLC6A8	6535	Urogenital disease (female)|Urogenital disease (male)	trichostatin A	133.98		29476062
slc6a8	Acute Kidney Injury	MESH:D058186	SLC6A8	6535	Urogenital disease (female)|Urogenital disease (male)	Valproic Acid	133.98		29968957
slc6a8	Acute Kidney Injury	MESH:D058186	SLC6A8	6535	Urogenital disease (female)|Urogenital disease (male)	Vitamin E	133.98		3353995|9763232
slc6a8	Acute Kidney Injury	MESH:D058186	SLC6A8	6535	Urogenital disease (female)|Urogenital disease (male)	Warfarin	133.98		10620105|12243603|19577348|2500616|25499135|8632041
slc6a8	Acute Kidney Injury	MESH:D058186	SLC6A8	6535	Urogenital disease (female)|Urogenital disease (male)	Zidovudine	133.98		11214960
slc6a8	Acute Kidney Injury	MESH:D058186	SLC6A8	6535	Urogenital disease (female)|Urogenital disease (male)	Zoledronic Acid	133.98		17491196|19715164
slc6a8	Chronic Kidney Disease-Mineral and Bone Disorder	MESH:D012080	SLC6A8	6535	Endocrine system disease|Metabolic disease|Musculoskeletal disease|Nutrition disorder|Pathology (process)|Urogenital disease (female)|Urogenital disease (male)	Aluminum	3.82		9626627
slc6a8	Kidney Calculi	MESH:D007669	SLC6A8	6535	Pathology (anatomical condition)|Urogenital disease (female)|Urogenital disease (male)	Methionine	5.62		8112761
slc6a8	Kidney Calculi	MESH:D007669	SLC6A8	6535	Pathology (anatomical condition)|Urogenital disease (female)|Urogenital disease (male)	Vitamin E	5.62		8112761
slc6a8	Kidney Cortex Necrosis	MESH:D007673	SLC6A8	6535	Urogenital disease (female)|Urogenital disease (male)	Carbon Tetrachloride	15.24		23845967
slc6a8	Kidney Cortex Necrosis	MESH:D007673	SLC6A8	6535	Urogenital disease (female)|Urogenital disease (male)	Cisplatin	15.24		15464296|19761811|28321044
slc6a8	Kidney Cortex Necrosis	MESH:D007673	SLC6A8	6535	Urogenital disease (female)|Urogenital disease (male)	Doxorubicin	15.24		19761811|30682439
slc6a8	Kidney Cortex Necrosis	MESH:D007673	SLC6A8	6535	Urogenital disease (female)|Urogenital disease (male)	Ibuprofen	15.24		3729220
slc6a8	Kidney Diseases	MESH:D007674	SLC6A8	6535	Urogenital disease (female)|Urogenital disease (male)	9,10-Dimethyl-1,2-benzanthracene	154.69		24995432|32623939|35243731
slc6a8	Kidney Diseases	MESH:D007674	SLC6A8	6535	Urogenital disease (female)|Urogenital disease (male)	Acetaminophen	154.69		11334364|11812892|12005112|12587719|12721325|15363587|15629190|15629191|17391827|18068886|1881229|19117117|19345714|19761811|19922764|20067817|20446790|2356566|2651928|26767949|30794797|31777137|3659833|7155631|7979097
slc6a8	Kidney Diseases	MESH:D007674	SLC6A8	6535	Urogenital disease (female)|Urogenital disease (male)	Aflatoxin B1	154.69		32894639|35304092
slc6a8	Kidney Diseases	MESH:D007674	SLC6A8	6535	Urogenital disease (female)|Urogenital disease (male)	alpha-Chlorohydrin	154.69		27017489|30107153|33187795|33651226|34915118|35149085
slc6a8	Kidney Diseases	MESH:D007674	SLC6A8	6535	Urogenital disease (female)|Urogenital disease (male)	Ampicillin	154.69		3888810|523366|5396519
slc6a8	Kidney Diseases	MESH:D007674	SLC6A8	6535	Urogenital disease (female)|Urogenital disease (male)	Arsenic	154.69		10828279|11836136|22066453|22949133|24348802|30835071|31775542|32246071|32270456|32544558|32818499|33026618|33518152|36822304
slc6a8	Kidney Diseases	MESH:D007674	SLC6A8	6535	Urogenital disease (female)|Urogenital disease (male)	Arsenic Trioxide	154.69		23471352|26184899|29130132|30516227|31612257|32919218|35317438
slc6a8	Kidney Diseases	MESH:D007674	SLC6A8	6535	Urogenital disease (female)|Urogenital disease (male)	Atenolol	154.69		16428940
slc6a8	Kidney Diseases	MESH:D007674	SLC6A8	6535	Urogenital disease (female)|Urogenital disease (male)	Benzo(a)pyrene	154.69		11289703|21803694
slc6a8	Kidney Diseases	MESH:D007674	SLC6A8	6535	Urogenital disease (female)|Urogenital disease (male)	bisphenol A	154.69		18445619|23359474|30303745|30641872|30997025|31091348|34281243|36830956
slc6a8	Kidney Diseases	MESH:D007674	SLC6A8	6535	Urogenital disease (female)|Urogenital disease (male)	Blood Glucose	154.69		25214260|8086032
slc6a8	Kidney Diseases	MESH:D007674	SLC6A8	6535	Urogenital disease (female)|Urogenital disease (male)	Cadmium	154.69		11090055|16226777|16322080|16443174|16601012|16962696|17125799|17303580|17448585|19270785|19615871|19700501|21888673|22027495|22033168|22467032|22995156|23095357|24276216|24629167|24923654|25240712|25940730|28248635|30090589|30684957|31639282|32246071|33398418|33857584|34510229|35384154|37270049|37342552|37949422|7676455
slc6a8	Kidney Diseases	MESH:D007674	SLC6A8	6535	Urogenital disease (female)|Urogenital disease (male)	Cadmium Chloride	154.69		10924798|16962696|17882470|18414974|19063931|19371613|21284339|21540277|23750309|24200859|24632105|25588984|26815315|29421648|33127495|33722575
slc6a8	Kidney Diseases	MESH:D007674	SLC6A8	6535	Urogenital disease (female)|Urogenital disease (male)	Caffeine	154.69		1783953|25986755|4821007
slc6a8	Kidney Diseases	MESH:D007674	SLC6A8	6535	Urogenital disease (female)|Urogenital disease (male)	Carbon Tetrachloride	154.69		25899501|2905310|29522708|34029542
slc6a8	Kidney Diseases	MESH:D007674	SLC6A8	6535	Urogenital disease (female)|Urogenital disease (male)	Chlorpyrifos	154.69		28675853|31479757|32500495|33908150
slc6a8	Kidney Diseases	MESH:D007674	SLC6A8	6535	Urogenital disease (female)|Urogenital disease (male)	chromium hexavalent ion	154.69		17822687|19913299|20348018|36108929
slc6a8	Kidney Diseases	MESH:D007674	SLC6A8	6535	Urogenital disease (female)|Urogenital disease (male)	Cisplatin	154.69		10396320|10812192|11090055|11305414|11745184|11776407|12231392|12649298|12815610|14966836|15190930|15267137|15496615|15934019|16154539|16246977|16428940|16723030|17135156|17922055|1793151|18289764|18956176|19038279|19152827|19356226|19535489|19723570|19736245|19839026|19850470|20435919|20438795|20605904|20716785|21605616|21616140|21640784|21724663|21763304|21803049|21883567|21884784|21902499|21939360|21949094|21993003|22019697|22525860|22989705|23142791|23229315|2326543|23287709|23603837|23770416|23959918|24001450|2413982|2424627|24863737|24880025|25015656|25043994|25308879|25665769|25927922|26558470|26612654|26739623|26751708|27317936|27397436|27616468|27722009|28904298|29216766|29471006|29574132|29752894|29852128|30169741|30452898|30842369|31306688|31493026|31612257|32418911|32991863|33522649|34423507|34476871|35243731|37102204|37561086|37956922|6181679|6203452|6538115|6542584|7191768|7532742|7706473|8178319|8270973|8413339|8584014|8626111|8751544|8845212|9057954|9144837|9256891|9381703
slc6a8	Kidney Diseases	MESH:D007674	SLC6A8	6535	Urogenital disease (female)|Urogenital disease (male)	Copper	154.69		20035423|24627433|30090589
slc6a8	Kidney Diseases	MESH:D007674	SLC6A8	6535	Urogenital disease (female)|Urogenital disease (male)	Creatine	154.69		20061359
slc6a8	Kidney Diseases	MESH:D007674	SLC6A8	6535	Urogenital disease (female)|Urogenital disease (male)	Cyclosporine	154.69		10903974|11063349|11091246|11544444|11558484|11583940|11773892|12110003|12243498|12362282|12394605|12427154|12469693|12584269|12883193|1436300|14550466|14659064|15147428|15339989|15365603|16858688|16980036|17132217|17199845|17430485|17461532|17879355|18001539|18582803|18776723|19391111|19761811|21073006|21354196|2165371|21865292|22343435|23347876|23958496|24462674|24502637|24907557|24971338|26311998|2881198|2889119|3032224|3122121|32298299|3458551|3708922|3895668|3899437|3915162|3916516|3925762|6340275|6349046|7508536|7532089|7540737|7542793|7666081|8314463|8832009|9154655|9509456|9664955|9815949
slc6a8	Kidney Diseases	MESH:D007674	SLC6A8	6535	Urogenital disease (female)|Urogenital disease (male)	Dietary Fats	154.69		24508291|24877639|25025298|26423427|26980705|27292126|29526571|30298849|31063766|31454063|31726037|31811911|31981641|32259528|37054934
slc6a8	Kidney Diseases	MESH:D007674	SLC6A8	6535	Urogenital disease (female)|Urogenital disease (male)	Diflunisal	154.69		370954|699625
slc6a8	Kidney Diseases	MESH:D007674	SLC6A8	6535	Urogenital disease (female)|Urogenital disease (male)	Diquat	154.69		36851058|6527399
slc6a8	Kidney Diseases	MESH:D007674	SLC6A8	6535	Urogenital disease (female)|Urogenital disease (male)	Doxorubicin	154.69		10088175|10094850|10344349|10430982|10755322|11124598|11345653|11401411|11867952|11996090|12012391|12386277|12540035|12674635|135666|14564477|14728886|15033991|15369732|15577213|15578190|15699352|16246977|16325981|16775033|16988067|17329577|17522263|1793151|18440303|18487002|19013753|19018148|1905199|19066422|19429242|19883716|19960953|20606417|22287321|24799355|25268985|26721193|2791187|28082111|3124293|31830546|3456068|36988379|3764673|3781430|3898001|7191768|7830283|7838258|7987999|8289579|9192910|9606733|9704904
slc6a8	Kidney Diseases	MESH:D007674	SLC6A8	6535	Urogenital disease (female)|Urogenital disease (male)	epigallocatechin gallate	154.69		25927922|30368989
slc6a8	Kidney Diseases	MESH:D007674	SLC6A8	6535	Urogenital disease (female)|Urogenital disease (male)	Ethanol	154.69		25859307|31811911|32894639|36085217
slc6a8	Kidney Diseases	MESH:D007674	SLC6A8	6535	Urogenital disease (female)|Urogenital disease (male)	Ethinyl Estradiol	154.69		19761811
slc6a8	Kidney Diseases	MESH:D007674	SLC6A8	6535	Urogenital disease (female)|Urogenital disease (male)	Folic Acid	154.69		11832423|14633603|1482756|160016|18633340|193486|19435794|19934081|20116427|20406136|21647593|22647887|2386429|2840627|29789558|34619300|35124148|4336412
slc6a8	Kidney Diseases	MESH:D007674	SLC6A8	6535	Urogenital disease (female)|Urogenital disease (male)	Glyphosate	154.69		25434756|33296237|35440735|37001608
slc6a8	Kidney Diseases	MESH:D007674	SLC6A8	6535	Urogenital disease (female)|Urogenital disease (male)	Hexachlorocyclohexane	154.69		1699300|6206125
slc6a8	Kidney Diseases	MESH:D007674	SLC6A8	6535	Urogenital disease (female)|Urogenital disease (male)	Hydrogen Peroxide	154.69		29463041
slc6a8	Kidney Diseases	MESH:D007674	SLC6A8	6535	Urogenital disease (female)|Urogenital disease (male)	Ibuprofen	154.69		12190173|20390303|2321664|8126257
slc6a8	Kidney Diseases	MESH:D007674	SLC6A8	6535	Urogenital disease (female)|Urogenital disease (male)	JP8 aviation fuel	154.69		32905848|35440735|8748423
slc6a8	Kidney Diseases	MESH:D007674	SLC6A8	6535	Urogenital disease (female)|Urogenital disease (male)	lead acetate	154.69		17882470|22581110|22728154|23428833|30980911|32116774
slc6a8	Kidney Diseases	MESH:D007674	SLC6A8	6535	Urogenital disease (female)|Urogenital disease (male)	Methamphetamine	154.69		37567421
slc6a8	Kidney Diseases	MESH:D007674	SLC6A8	6535	Urogenital disease (female)|Urogenital disease (male)	Methionine	154.69		20406136
slc6a8	Kidney Diseases	MESH:D007674	SLC6A8	6535	Urogenital disease (female)|Urogenital disease (male)	methylmercuric chloride	154.69		28526320
slc6a8	Kidney Diseases	MESH:D007674	SLC6A8	6535	Urogenital disease (female)|Urogenital disease (male)	Methyltestosterone	154.69		19761811
slc6a8	Kidney Diseases	MESH:D007674	SLC6A8	6535	Urogenital disease (female)|Urogenital disease (male)	Nanotubes, Carbon	154.69		32856799
slc6a8	Kidney Diseases	MESH:D007674	SLC6A8	6535	Urogenital disease (female)|Urogenital disease (male)	Oxygen	154.69		25214260|25448280
slc6a8	Kidney Diseases	MESH:D007674	SLC6A8	6535	Urogenital disease (female)|Urogenital disease (male)	Ozone	154.69		20446790
slc6a8	Kidney Diseases	MESH:D007674	SLC6A8	6535	Urogenital disease (female)|Urogenital disease (male)	Particulate Matter	154.69		33393722
slc6a8	Kidney Diseases	MESH:D007674	SLC6A8	6535	Urogenital disease (female)|Urogenital disease (male)	Quercetin	154.69		16962696|19605544|19615871|21909718|22728154|34748891|36990423
slc6a8	Kidney Diseases	MESH:D007674	SLC6A8	6535	Urogenital disease (female)|Urogenital disease (male)	Selenium	154.69		1588439|17448585|19913299|21424224
slc6a8	Kidney Diseases	MESH:D007674	SLC6A8	6535	Urogenital disease (female)|Urogenital disease (male)	sodium arsenate	154.69		30456172|33418080
slc6a8	Kidney Diseases	MESH:D007674	SLC6A8	6535	Urogenital disease (female)|Urogenital disease (male)	sodium bichromate	154.69		11489360
slc6a8	Kidney Diseases	MESH:D007674	SLC6A8	6535	Urogenital disease (female)|Urogenital disease (male)	Tamoxifen	154.69		17698946
slc6a8	Kidney Diseases	MESH:D007674	SLC6A8	6535	Urogenital disease (female)|Urogenital disease (male)	Thioacetamide	154.69		19761811|23142791|37008694
slc6a8	Kidney Diseases	MESH:D007674	SLC6A8	6535	Urogenital disease (female)|Urogenital disease (male)	Valproic Acid	154.69		10937350|11322374|3935422|6782217|9175586
slc6a8	Kidney Diseases	MESH:D007674	SLC6A8	6535	Urogenital disease (female)|Urogenital disease (male)	Vitamin E	154.69		12488133|15669049|17448119|23347876|9530244
slc6a8	Kidney Diseases	MESH:D007674	SLC6A8	6535	Urogenital disease (female)|Urogenital disease (male)	Warfarin	154.69		10604355|16538970|3944305|4171018
slc6a8	Kidney Diseases	MESH:D007674	SLC6A8	6535	Urogenital disease (female)|Urogenital disease (male)	Zidovudine	154.69		8806849
slc6a8	Kidney Diseases	MESH:D007674	SLC6A8	6535	Urogenital disease (female)|Urogenital disease (male)	Zoledronic Acid	154.69		17136870
slc6a8	Kidney Diseases, Cystic	MESH:D052177	SLC6A8	6535	Urogenital disease (female)|Urogenital disease (male)	Glyphosate	3.15		31011160
slc6a8	Kidney Failure, Chronic	MESH:D007676	SLC6A8	6535	Pathology (process)|Urogenital disease (female)|Urogenital disease (male)	Acetaminophen	37.63		11752356|3050572|7969358
slc6a8	Kidney Failure, Chronic	MESH:D007676	SLC6A8	6535	Pathology (process)|Urogenital disease (female)|Urogenital disease (male)	Cadmium	37.63		23343055
slc6a8	Kidney Failure, Chronic	MESH:D007676	SLC6A8	6535	Pathology (process)|Urogenital disease (female)|Urogenital disease (male)	Copper	37.63		16518626
slc6a8	Kidney Failure, Chronic	MESH:D007676	SLC6A8	6535	Pathology (process)|Urogenital disease (female)|Urogenital disease (male)	Doxorubicin	37.63		11014987|15960146|16707910|9102927
slc6a8	Kidney Failure, Chronic	MESH:D007676	SLC6A8	6535	Pathology (process)|Urogenital disease (female)|Urogenital disease (male)	Folic Acid	37.63		4810836
slc6a8	Kidney Failure, Chronic	MESH:D007676	SLC6A8	6535	Pathology (process)|Urogenital disease (female)|Urogenital disease (male)	Hydrogen Peroxide	37.63		16518626
slc6a8	Kidney Failure, Chronic	MESH:D007676	SLC6A8	6535	Pathology (process)|Urogenital disease (female)|Urogenital disease (male)	Ibuprofen	37.63		1561566|7914617
slc6a8	Kidney Failure, Chronic	MESH:D007676	SLC6A8	6535	Pathology (process)|Urogenital disease (female)|Urogenital disease (male)	Methamphetamine	37.63		9794581
slc6a8	Kidney Failure, Chronic	MESH:D007676	SLC6A8	6535	Pathology (process)|Urogenital disease (female)|Urogenital disease (male)	N-Methyl-3,4-methylenedioxyamphetamine	37.63		9794581
slc6a8	Kidney Failure, Chronic	MESH:D007676	SLC6A8	6535	Pathology (process)|Urogenital disease (female)|Urogenital disease (male)	Propylthiouracil	37.63		10344375
slc6a8	Kidney Failure, Chronic	MESH:D007676	SLC6A8	6535	Pathology (process)|Urogenital disease (female)|Urogenital disease (male)	Selenium	37.63		16518626
slc6a8	Kidney Failure, Chronic	MESH:D007676	SLC6A8	6535	Pathology (process)|Urogenital disease (female)|Urogenital disease (male)	Zidovudine	37.63		11263401
slc6a8	Kidney Neoplasms	MESH:D007680	SLC6A8	6535	Cancer|Urogenital disease (female)|Urogenital disease (male)	1,2-Dimethylhydrazine	53.20		9695784
slc6a8	Kidney Neoplasms	MESH:D007680	SLC6A8	6535	Cancer|Urogenital disease (female)|Urogenital disease (male)	2,4-dinitrotoluene	53.20		16705839
slc6a8	Kidney Neoplasms	MESH:D007680	SLC6A8	6535	Cancer|Urogenital disease (female)|Urogenital disease (male)	2,6-dinitrotoluene	53.20		16705839
slc6a8	Kidney Neoplasms	MESH:D007680	SLC6A8	6535	Cancer|Urogenital disease (female)|Urogenital disease (male)	Acetaminophen	53.20		11679798|2912549|3834336|8793360
slc6a8	Kidney Neoplasms	MESH:D007680	SLC6A8	6535	Cancer|Urogenital disease (female)|Urogenital disease (male)	Aflatoxin B1	53.20		22545673
slc6a8	Kidney Neoplasms	MESH:D007680	SLC6A8	6535	Cancer|Urogenital disease (female)|Urogenital disease (male)	Arsenic	53.20		23471352|9554605
slc6a8	Kidney Neoplasms	MESH:D007680	SLC6A8	6535	Cancer|Urogenital disease (female)|Urogenital disease (male)	Cadmium	53.20		20839231
slc6a8	Kidney Neoplasms	MESH:D007680	SLC6A8	6535	Cancer|Urogenital disease (female)|Urogenital disease (male)	Caffeine	53.20		2912549|4638853
slc6a8	Kidney Neoplasms	MESH:D007680	SLC6A8	6535	Cancer|Urogenital disease (female)|Urogenital disease (male)	Captan	53.20		8441825
slc6a8	Kidney Neoplasms	MESH:D007680	SLC6A8	6535	Cancer|Urogenital disease (female)|Urogenital disease (male)	Cisplatin	53.20		28321044
slc6a8	Kidney Neoplasms	MESH:D007680	SLC6A8	6535	Cancer|Urogenital disease (female)|Urogenital disease (male)	Cyclosporine	53.20		12371664|1825617
slc6a8	Kidney Neoplasms	MESH:D007680	SLC6A8	6535	Cancer|Urogenital disease (female)|Urogenital disease (male)	Doxorubicin	53.20		8602639
slc6a8	Kidney Neoplasms	MESH:D007680	SLC6A8	6535	Cancer|Urogenital disease (female)|Urogenital disease (male)	Ethylnitrosourea	53.20		17379185
slc6a8	Kidney Neoplasms	MESH:D007680	SLC6A8	6535	Cancer|Urogenital disease (female)|Urogenital disease (male)	Tamoxifen	53.20		18625569
slc6a8	Kidney Neoplasms	MESH:D007680	SLC6A8	6535	Cancer|Urogenital disease (female)|Urogenital disease (male)	Vitamin E	53.20		9192818
slc6a8	Kidney Neoplasms	MESH:D007680	SLC6A8	6535	Cancer|Urogenital disease (female)|Urogenital disease (male)	Zidovudine	53.20		12579204
slc6a8	Kidney Papillary Necrosis	MESH:D007681	SLC6A8	6535	Urogenital disease (female)|Urogenital disease (male)	Acetaminophen	9.50		1203171|1919871|2362779|3050572|3559797|6025602|6126946|6590001|6776978|7412682
slc6a8	Kidney Papillary Necrosis	MESH:D007681	SLC6A8	6535	Urogenital disease (female)|Urogenital disease (male)	Caffeine	9.50		1203171|2240058|4638853|5454357|7412682
slc6a8	Kidney Papillary Necrosis	MESH:D007681	SLC6A8	6535	Urogenital disease (female)|Urogenital disease (male)	Ibuprofen	9.50		10423592|12512867|6953356|7306246|861066
slc6a8	Kidney Tubular Necrosis, Acute	MESH:D007683	SLC6A8	6535	Urogenital disease (female)|Urogenital disease (male)	Acetaminophen	44.82		11881430|12060523|12832150|16354242|16532256|17624227|18645506|1987650|20352459|2362779|3173602|3380218|3420447|3559797|3796197|4062453|4082192|6868092|7282722|7566947|7579069|8473360|851123|989539
slc6a8	Kidney Tubular Necrosis, Acute	MESH:D007683	SLC6A8	6535	Urogenital disease (female)|Urogenital disease (male)	Caffeine	44.82		10803761
slc6a8	Kidney Tubular Necrosis, Acute	MESH:D007683	SLC6A8	6535	Urogenital disease (female)|Urogenital disease (male)	Carbamazepine	44.82		8107947
slc6a8	Kidney Tubular Necrosis, Acute	MESH:D007683	SLC6A8	6535	Urogenital disease (female)|Urogenital disease (male)	Carbon Tetrachloride	44.82		23845967
slc6a8	Kidney Tubular Necrosis, Acute	MESH:D007683	SLC6A8	6535	Urogenital disease (female)|Urogenital disease (male)	Cisplatin	44.82		11231351|18368030|19797351|20702592|21881242|24975837|25677510|2680578|29051111|30682439|7855315|8457719|8583688
slc6a8	Kidney Tubular Necrosis, Acute	MESH:D007683	SLC6A8	6535	Urogenital disease (female)|Urogenital disease (male)	Copper	44.82		22465980
slc6a8	Kidney Tubular Necrosis, Acute	MESH:D007683	SLC6A8	6535	Urogenital disease (female)|Urogenital disease (male)	Cyclosporine	44.82		1778857|6336959|6351368
slc6a8	Kidney Tubular Necrosis, Acute	MESH:D007683	SLC6A8	6535	Urogenital disease (female)|Urogenital disease (male)	Ethanol	44.82		9297132
slc6a8	Kidney Tubular Necrosis, Acute	MESH:D007683	SLC6A8	6535	Urogenital disease (female)|Urogenital disease (male)	Folic Acid	44.82		12969123|12969128|14633603|18480750
slc6a8	Kidney Tubular Necrosis, Acute	MESH:D007683	SLC6A8	6535	Urogenital disease (female)|Urogenital disease (male)	Ibuprofen	44.82		3689062|7180901|7579049|7932183|8820499
slc6a8	Kidney Tubular Necrosis, Acute	MESH:D007683	SLC6A8	6535	Urogenital disease (female)|Urogenital disease (male)	Methamphetamine	44.82		11933563
slc6a8	Kidney Tubular Necrosis, Acute	MESH:D007683	SLC6A8	6535	Urogenital disease (female)|Urogenital disease (male)	Propylthiouracil	44.82		16354242
slc6a8	Kidney Tubular Necrosis, Acute	MESH:D007683	SLC6A8	6535	Urogenital disease (female)|Urogenital disease (male)	Quercetin	44.82		15198074
slc6a8	Kidney Tubular Necrosis, Acute	MESH:D007683	SLC6A8	6535	Urogenital disease (female)|Urogenital disease (male)	Tretinoin	44.82		9378467
slc6a8	Multicystic Dysplastic Kidney	MESH:D021782	SLC6A8	6535	Congenital abnormality|Urogenital disease (female)|Urogenital disease (male)	Carbamazepine	4.35		17310358
slc6a8	Polycystic Kidney Diseases	MESH:D007690	SLC6A8	6535	Congenital abnormality|Genetic disease (inborn)|Urogenital disease (female)|Urogenital disease (male)	(+)-JQ1 compound	3.14		25877301
akt1	Acute Kidney Injury	MESH:D058186	AKT1	207	Urogenital disease (female)|Urogenital disease (male)	2,2',4,4'-tetrabromodiphenyl ether	401.89		37357614
akt1	Acute Kidney Injury	MESH:D058186	AKT1	207	Urogenital disease (female)|Urogenital disease (male)	2-anisidine	401.89		28321044
akt1	Acute Kidney Injury	MESH:D058186	AKT1	207	Urogenital disease (female)|Urogenital disease (male)	2-tert-butylhydroquinone	401.89		21802473
akt1	Acute Kidney Injury	MESH:D058186	AKT1	207	Urogenital disease (female)|Urogenital disease (male)	4-benzyl-2-methyl-1,2,4-thiadiazolidine-3,5-dione	401.89		22785175
akt1	Acute Kidney Injury	MESH:D058186	AKT1	207	Urogenital disease (female)|Urogenital disease (male)	4-phenylbutyric acid	401.89		32879258
akt1	Acute Kidney Injury	MESH:D058186	AKT1	207	Urogenital disease (female)|Urogenital disease (male)	Acetaminophen	401.89		10454517|10462288|10529635|15058171|15118981|15546480|1605724|1676404|19109935|19183124|19369842|19515070|19639374|19815612|19995690|22093918|2302954|2873910|30099449|3403780|35020164|35243748|3605153|3747662|3827589|3992409|455818|6173498|6708674|6800515|6802245|6825559|6877410|7100020|7318260|7364436|7969685|8156726|8244261|8317017|8669426|8812206|9085330|9381478|9796772|9858252
akt1	Acute Kidney Injury	MESH:D058186	AKT1	207	Urogenital disease (female)|Urogenital disease (male)	acetyl-aspartyl-glutamyl-valyl-aspartal	401.89		38042273
akt1	Acute Kidney Injury	MESH:D058186	AKT1	207	Urogenital disease (female)|Urogenital disease (male)	Acetylcysteine	401.89		14624421|15637469|16897003|19204016|19473638|19526394|19945959|26230185|30236763|30639957
akt1	Acute Kidney Injury	MESH:D058186	AKT1	207	Urogenital disease (female)|Urogenital disease (male)	Alcohols	401.89		11792999|578557
akt1	Acute Kidney Injury	MESH:D058186	AKT1	207	Urogenital disease (female)|Urogenital disease (male)	alisol B 23-acetate	401.89		34569253
akt1	Acute Kidney Injury	MESH:D058186	AKT1	207	Urogenital disease (female)|Urogenital disease (male)	Alloxan	401.89		36309138
akt1	Acute Kidney Injury	MESH:D058186	AKT1	207	Urogenital disease (female)|Urogenital disease (male)	alpha-Chlorohydrin	401.89		29860048
akt1	Acute Kidney Injury	MESH:D058186	AKT1	207	Urogenital disease (female)|Urogenital disease (male)	alpha-Tocopherol	401.89		19766176|8891671
akt1	Acute Kidney Injury	MESH:D058186	AKT1	207	Urogenital disease (female)|Urogenital disease (male)	Amiloride	401.89		3861973
akt1	Acute Kidney Injury	MESH:D058186	AKT1	207	Urogenital disease (female)|Urogenital disease (male)	Amiodarone	401.89		12710596|17615423|2026392|4037586|8491409
akt1	Acute Kidney Injury	MESH:D058186	AKT1	207	Urogenital disease (female)|Urogenital disease (male)	Amlodipine	401.89		11016776
akt1	Acute Kidney Injury	MESH:D058186	AKT1	207	Urogenital disease (female)|Urogenital disease (male)	Amoxicillin	401.89		10797821|12845278|16787608|1741579|8275607|9035187
akt1	Acute Kidney Injury	MESH:D058186	AKT1	207	Urogenital disease (female)|Urogenital disease (male)	Amphetamine	401.89		16161930|3057269|6701599|7058372|8099372|9467496
akt1	Acute Kidney Injury	MESH:D058186	AKT1	207	Urogenital disease (female)|Urogenital disease (male)	Anthraquinones	401.89		28321044
akt1	Acute Kidney Injury	MESH:D058186	AKT1	207	Urogenital disease (female)|Urogenital disease (male)	aristolochic acid I	401.89		24530882|26204831|27422293|34677723
akt1	Acute Kidney Injury	MESH:D058186	AKT1	207	Urogenital disease (female)|Urogenital disease (male)	Aristolochic Acids	401.89		21658425
akt1	Acute Kidney Injury	MESH:D058186	AKT1	207	Urogenital disease (female)|Urogenital disease (male)	Arsenic Trioxide	401.89		18463343
akt1	Acute Kidney Injury	MESH:D058186	AKT1	207	Urogenital disease (female)|Urogenital disease (male)	Ascorbic Acid	401.89		18714631|30606963
akt1	Acute Kidney Injury	MESH:D058186	AKT1	207	Urogenital disease (female)|Urogenital disease (male)	Aspirin	401.89		12243603|311157|3547511|37179038|3864191|420719|6239255|7648241
akt1	Acute Kidney Injury	MESH:D058186	AKT1	207	Urogenital disease (female)|Urogenital disease (male)	Atorvastatin	401.89		11959068|12243603|16780456
akt1	Acute Kidney Injury	MESH:D058186	AKT1	207	Urogenital disease (female)|Urogenital disease (male)	aucubin	401.89		32504734
akt1	Acute Kidney Injury	MESH:D058186	AKT1	207	Urogenital disease (female)|Urogenital disease (male)	Azathioprine	401.89		4067979
akt1	Acute Kidney Injury	MESH:D058186	AKT1	207	Urogenital disease (female)|Urogenital disease (male)	baicalein	401.89		37354967
akt1	Acute Kidney Injury	MESH:D058186	AKT1	207	Urogenital disease (female)|Urogenital disease (male)	bardoxolone methyl	401.89		24530882
akt1	Acute Kidney Injury	MESH:D058186	AKT1	207	Urogenital disease (female)|Urogenital disease (male)	Bezafibrate	401.89		11764054|16316343|2280884|3374444|8808248
akt1	Acute Kidney Injury	MESH:D058186	AKT1	207	Urogenital disease (female)|Urogenital disease (male)	bisphenol A	401.89		24625398
akt1	Acute Kidney Injury	MESH:D058186	AKT1	207	Urogenital disease (female)|Urogenital disease (male)	Buthionine Sulfoximine	401.89		10729747|29154782|9763232
akt1	Acute Kidney Injury	MESH:D058186	AKT1	207	Urogenital disease (female)|Urogenital disease (male)	Butylated Hydroxytoluene	401.89		277130|3395247
akt1	Acute Kidney Injury	MESH:D058186	AKT1	207	Urogenital disease (female)|Urogenital disease (male)	Cadmium	401.89		37357614
akt1	Acute Kidney Injury	MESH:D058186	AKT1	207	Urogenital disease (female)|Urogenital disease (male)	Cadmium Chloride	401.89		21620867|28759707|29286200|32818823|35122928
akt1	Acute Kidney Injury	MESH:D058186	AKT1	207	Urogenital disease (female)|Urogenital disease (male)	Calcium	401.89		19856155|2689848|6690474
akt1	Acute Kidney Injury	MESH:D058186	AKT1	207	Urogenital disease (female)|Urogenital disease (male)	candesartan	401.89		18259965
akt1	Acute Kidney Injury	MESH:D058186	AKT1	207	Urogenital disease (female)|Urogenital disease (male)	Cantharidin	401.89		35398186
akt1	Acute Kidney Injury	MESH:D058186	AKT1	207	Urogenital disease (female)|Urogenital disease (male)	Capsaicin	401.89		18460982
akt1	Acute Kidney Injury	MESH:D058186	AKT1	207	Urogenital disease (female)|Urogenital disease (male)	Carbamazepine	401.89		11346062|12005248|1494733|19995690|2918954|4653892
akt1	Acute Kidney Injury	MESH:D058186	AKT1	207	Urogenital disease (female)|Urogenital disease (male)	Carbon Tetrachloride	401.89		24975872|28285099|30825423
akt1	Acute Kidney Injury	MESH:D058186	AKT1	207	Urogenital disease (female)|Urogenital disease (male)	Carboplatin	401.89		10074593|12806945|1411625|15225673|18067055|18158057|2003521|20368269|7565311|7630183
akt1	Acute Kidney Injury	MESH:D058186	AKT1	207	Urogenital disease (female)|Urogenital disease (male)	Carnitine	401.89		16897003|19737869
akt1	Acute Kidney Injury	MESH:D058186	AKT1	207	Urogenital disease (female)|Urogenital disease (male)	Carvedilol	401.89		21044617|24012798
akt1	Acute Kidney Injury	MESH:D058186	AKT1	207	Urogenital disease (female)|Urogenital disease (male)	Celecoxib	401.89		11816257|12046048|12195419|12680891|18259965
akt1	Acute Kidney Injury	MESH:D058186	AKT1	207	Urogenital disease (female)|Urogenital disease (male)	Chloroquine	401.89		15526909|17076682|4794122|7325735|734759
akt1	Acute Kidney Injury	MESH:D058186	AKT1	207	Urogenital disease (female)|Urogenital disease (male)	Chlorpromazine	401.89		1485575
akt1	Acute Kidney Injury	MESH:D058186	AKT1	207	Urogenital disease (female)|Urogenital disease (male)	chromium hexavalent ion	401.89		30236763
akt1	Acute Kidney Injury	MESH:D058186	AKT1	207	Urogenital disease (female)|Urogenital disease (male)	Ciprofloxacin	401.89		10893604|15463865|15991567|16611679|16895667|17660035|1789537|18614979|1929523|19473592|2016981|2222106|2670382|29679711|3122124|3382112|7780103|7802511|8126841|8213803|8494478|9674866
akt1	Acute Kidney Injury	MESH:D058186	AKT1	207	Urogenital disease (female)|Urogenital disease (male)	Cisplatin	401.89		10454517|11977638|12180108|12690470|15814532|16316343|17670903|19144690|19833167|19913604|20369241|20419391|20463654|20510337|20514524|20603111|20650967|20652569|20656754|20676799|20817559|20844023|20844471|20861081|20942565|20943766|21044617|21048024|21048391|21058009|21256724|21272267|21325496|21458517|21470069|21570986|21593185|21633170|2170045|21745194|21802473|21835770|21847101|22005293|22581811|22992436|23384965|23649842|24012798|24113306|24632086|24778426|24973089|24975837|25184746|25382014|25598344|25957482|26165641|26230185|26546572|26723870|27480280|28321044|28414026|28698153|28885000|28902463|29126144|29476062|29599129|30291731|31103702|31153982|3152939|31926187|32110797|32504734|32777238|32888910|33965372|34560070|34785303|35279909|35367536|35403300|36006825|37057715|37087747|37179038|37863467|6350313|657154|7018267|7199128
akt1	Acute Kidney Injury	MESH:D058186	AKT1	207	Urogenital disease (female)|Urogenital disease (male)	Clozapine	401.89		10513719|10939762|12123128|20126316
akt1	Acute Kidney Injury	MESH:D058186	AKT1	207	Urogenital disease (female)|Urogenital disease (male)	Cocaine	401.89		10095180|10570114|10745478|11147017|11155017|11217644|11391224|11792999|11971848|12218880|14658178|15104930|15335299|16523435|17338430|18081441|18590504|18946498|2076148|2228713|2272809|2772692|2913784|7944088|8191618|8465100
akt1	Acute Kidney Injury	MESH:D058186	AKT1	207	Urogenital disease (female)|Urogenital disease (male)	coenzyme Q10	401.89		20510337|25382014
akt1	Acute Kidney Injury	MESH:D058186	AKT1	207	Urogenital disease (female)|Urogenital disease (male)	Colistin	401.89		24189134
akt1	Acute Kidney Injury	MESH:D058186	AKT1	207	Urogenital disease (female)|Urogenital disease (male)	colistinmethanesulfonic acid	401.89		5142051|5419940
akt1	Acute Kidney Injury	MESH:D058186	AKT1	207	Urogenital disease (female)|Urogenital disease (male)	Contrast Media	401.89		10420905|11016776|11287523|14624421|15622367|15986266|16611682|17001234|17609630|1769878|17715118|17953923|18163150|18472687|19092091|19212908|19298916|24341598|25603236|26562095|2729314|2909121|835928|873072|8731090|8955764|9190440
akt1	Acute Kidney Injury	MESH:D058186	AKT1	207	Urogenital disease (female)|Urogenital disease (male)	Copper Sulfate	401.89		30431687|602954
akt1	Acute Kidney Injury	MESH:D058186	AKT1	207	Urogenital disease (female)|Urogenital disease (male)	Cromolyn Sodium	401.89		36464070
akt1	Acute Kidney Injury	MESH:D058186	AKT1	207	Urogenital disease (female)|Urogenital disease (male)	Curcumin	401.89		17076682|28698153|30431687
akt1	Acute Kidney Injury	MESH:D058186	AKT1	207	Urogenital disease (female)|Urogenital disease (male)	Cyclophosphamide	401.89		10637075|11956877|1411625|15513684|16313266|3270085|8832525
akt1	Acute Kidney Injury	MESH:D058186	AKT1	207	Urogenital disease (female)|Urogenital disease (male)	Cyclosporine	401.89		11271297|11576359|12131698|1539206|1839490|21058009|22005293|2368707|2576639|2940667|29975447|3086006|3544376|3544821|6342655|7518975|7566623
akt1	Acute Kidney Injury	MESH:D058186	AKT1	207	Urogenital disease (female)|Urogenital disease (male)	Deferoxamine	401.89		12644925|1324513|19204016|30431687|3123518|451459
akt1	Acute Kidney Injury	MESH:D058186	AKT1	207	Urogenital disease (female)|Urogenital disease (male)	Dexamethasone	401.89		31654708|32687258|8546128|9763554
akt1	Acute Kidney Injury	MESH:D058186	AKT1	207	Urogenital disease (female)|Urogenital disease (male)	Diatrizoate	401.89		11016776|1991894|5170863|7235788|7731155
akt1	Acute Kidney Injury	MESH:D058186	AKT1	207	Urogenital disease (female)|Urogenital disease (male)	Diazoxide	401.89		5738352
akt1	Acute Kidney Injury	MESH:D058186	AKT1	207	Urogenital disease (female)|Urogenital disease (male)	Diclofenac	401.89		10444806|15327563|15752411|16432863|17028363|18274699|19031110|2523777|31042592|4022222|7897758|8342005
akt1	Acute Kidney Injury	MESH:D058186	AKT1	207	Urogenital disease (female)|Urogenital disease (male)	Dietary Fats	401.89		24795233
akt1	Acute Kidney Injury	MESH:D058186	AKT1	207	Urogenital disease (female)|Urogenital disease (male)	Dinoprostone	401.89		3547511|513486
akt1	Acute Kidney Injury	MESH:D058186	AKT1	207	Urogenital disease (female)|Urogenital disease (male)	Diquat	401.89		37277018
akt1	Acute Kidney Injury	MESH:D058186	AKT1	207	Urogenital disease (female)|Urogenital disease (male)	Doxepin	401.89		2925599
akt1	Acute Kidney Injury	MESH:D058186	AKT1	207	Urogenital disease (female)|Urogenital disease (male)	Doxorubicin	401.89		18680783|21354902|21812276|25411067|26825964|28885000|29474904|30543781|3070145|31376360|32289291
akt1	Acute Kidney Injury	MESH:D058186	AKT1	207	Urogenital disease (female)|Urogenital disease (male)	Dronabinol	401.89		16161930
akt1	Acute Kidney Injury	MESH:D058186	AKT1	207	Urogenital disease (female)|Urogenital disease (male)	Drugs, Chinese Herbal	401.89		15665747|17028363|21354902|21812276|24625398|29045746|7811132
akt1	Acute Kidney Injury	MESH:D058186	AKT1	207	Urogenital disease (female)|Urogenital disease (male)	Edaravone	401.89		17498008
akt1	Acute Kidney Injury	MESH:D058186	AKT1	207	Urogenital disease (female)|Urogenital disease (male)	Enalapril	401.89		12698328|14629192|15662077|16147831|16197366|2368707|2827563|2829674|2837670|2849806|3013264|3029744|3035393|3036457|6321850|8416678|8529299|8645963|8856229|9403220|9798462
akt1	Acute Kidney Injury	MESH:D058186	AKT1	207	Urogenital disease (female)|Urogenital disease (male)	epigallocatechin gallate	401.89		25382014|36309138
akt1	Acute Kidney Injury	MESH:D058186	AKT1	207	Urogenital disease (female)|Urogenital disease (male)	Epinephrine	401.89		10726331
akt1	Acute Kidney Injury	MESH:D058186	AKT1	207	Urogenital disease (female)|Urogenital disease (male)	Ethanol	401.89		28285099|3747662
akt1	Acute Kidney Injury	MESH:D058186	AKT1	207	Urogenital disease (female)|Urogenital disease (male)	Etoposide	401.89		1411625|3152939|7858489
akt1	Acute Kidney Injury	MESH:D058186	AKT1	207	Urogenital disease (female)|Urogenital disease (male)	Everolimus	401.89		19135948
akt1	Acute Kidney Injury	MESH:D058186	AKT1	207	Urogenital disease (female)|Urogenital disease (male)	fisetin	401.89		25184746
akt1	Acute Kidney Injury	MESH:D058186	AKT1	207	Urogenital disease (female)|Urogenital disease (male)	fludarabine	401.89		16313266
akt1	Acute Kidney Injury	MESH:D058186	AKT1	207	Urogenital disease (female)|Urogenital disease (male)	Fluorouracil	401.89		15895229|3978662
akt1	Acute Kidney Injury	MESH:D058186	AKT1	207	Urogenital disease (female)|Urogenital disease (male)	Flurbiprofen	401.89		18280012|2827563
akt1	Acute Kidney Injury	MESH:D058186	AKT1	207	Urogenital disease (female)|Urogenital disease (male)	Flutamide	401.89		12180480
akt1	Acute Kidney Injury	MESH:D058186	AKT1	207	Urogenital disease (female)|Urogenital disease (male)	Folic Acid	401.89		1068326|10980121|11532093|135854|15149334|15625121|16316344|16595132|17003819|18480750|18626492|19552531|23255615|24275386|25559736|2566606|30405444|31447676|31593741|33404076|35191561|35772596|4142233|5070373|562503|745638|7531211|851170|8594875
akt1	Acute Kidney Injury	MESH:D058186	AKT1	207	Urogenital disease (female)|Urogenital disease (male)	formononetin	401.89		28414026
akt1	Acute Kidney Injury	MESH:D058186	AKT1	207	Urogenital disease (female)|Urogenital disease (male)	Foscarnet	401.89		10231404|10360595|2554731|2840226|2885666|7566623|7802522|8649644|9761526
akt1	Acute Kidney Injury	MESH:D058186	AKT1	207	Urogenital disease (female)|Urogenital disease (male)	Furosemide	401.89		10599213|12243603|1300436|14575286|15351602|1769878|19031110|2048579|2280884|2827563|29860548|3013264|3015452|5074752|513486|686175|735158|8164396|8577126|9284855|958099
akt1	Acute Kidney Injury	MESH:D058186	AKT1	207	Urogenital disease (female)|Urogenital disease (male)	gadodiamide	401.89		11287523
akt1	Acute Kidney Injury	MESH:D058186	AKT1	207	Urogenital disease (female)|Urogenital disease (male)	Gallic Acid	401.89		24433871
akt1	Acute Kidney Injury	MESH:D058186	AKT1	207	Urogenital disease (female)|Urogenital disease (male)	Gefitinib	401.89		23255615
akt1	Acute Kidney Injury	MESH:D058186	AKT1	207	Urogenital disease (female)|Urogenital disease (male)	Gemcitabine	401.89		15895229|18427761
akt1	Acute Kidney Injury	MESH:D058186	AKT1	207	Urogenital disease (female)|Urogenital disease (male)	Gemfibrozil	401.89		11173785|11371708|11447919|11795020|14742756|2297197|2355431|8893176
akt1	Acute Kidney Injury	MESH:D058186	AKT1	207	Urogenital disease (female)|Urogenital disease (male)	Gentamicins	401.89		10607017|10729747|10803762|11274264|1130272|1144851|12375257|12617329|12969435|1324513|1355906|14986132|14993807|15149329|16225114|16780655|16999986|17036408|17216604|17464513|1753919|18227104|185707|18767002|19142811|19204016|1932635|19709328|19736602|19737869|19893084|20030531|20063365|20118187|20164825|22005293|23145036|23261757|23707770|2385448|24923469|25034533|25339697|26779593|2689848|2709684|2728142|2907577|2915758|29460972|2972861|3111476|3123518|32110797|33290828|342789|3485932|3534703|3795053|3988600|4069770|4444745|445001|4589000|4703097|4720135|6214598|6223941|6276536|6507171|6645206|6663986|6690474|6715952|6727808|6822758|6877460|7098275|7144139|7199128|7329494|7391838|7400070|7566310|7571189|7800247|7853850|788666|7967229|8157077|8184137|8214103|8771241|8963945|919118|951016
akt1	Acute Kidney Injury	MESH:D058186	AKT1	207	Urogenital disease (female)|Urogenital disease (male)	Glutathione	401.89		10729747
akt1	Acute Kidney Injury	MESH:D058186	AKT1	207	Urogenital disease (female)|Urogenital disease (male)	Glycerol	401.89		10677590|1134612|11485932|12021577|1324513|16820301|1751788|2087497|22021999|22613216|30974099|34409680|4644892|6822758
akt1	Acute Kidney Injury	MESH:D058186	AKT1	207	Urogenital disease (female)|Urogenital disease (male)	Glycyrrhizic Acid	401.89		12969435
akt1	Acute Kidney Injury	MESH:D058186	AKT1	207	Urogenital disease (female)|Urogenital disease (male)	Glyphosate	401.89		24361898|32818823
akt1	Acute Kidney Injury	MESH:D058186	AKT1	207	Urogenital disease (female)|Urogenital disease (male)	Gold	401.89		1886219|311157
akt1	Acute Kidney Injury	MESH:D058186	AKT1	207	Urogenital disease (female)|Urogenital disease (male)	Haloperidol	401.89		6121542|7569118|8828352
akt1	Acute Kidney Injury	MESH:D058186	AKT1	207	Urogenital disease (female)|Urogenital disease (male)	Heparin	401.89		1310879|17996113|3803229|435128|4713939
akt1	Acute Kidney Injury	MESH:D058186	AKT1	207	Urogenital disease (female)|Urogenital disease (male)	hesperetin	401.89		31153982
akt1	Acute Kidney Injury	MESH:D058186	AKT1	207	Urogenital disease (female)|Urogenital disease (male)	Hesperidin	401.89		22093918
akt1	Acute Kidney Injury	MESH:D058186	AKT1	207	Urogenital disease (female)|Urogenital disease (male)	Imatinib Mesylate	401.89		16288076
akt1	Acute Kidney Injury	MESH:D058186	AKT1	207	Urogenital disease (female)|Urogenital disease (male)	Indomethacin	401.89		15007713|2191029|2872506|2886806|3071148|3600902|3616022|3727353|3975749|3978662|3980192|4000350|4071154|448822|464454|6589647|6781208|6949485|6952058|7017180|718323|7305576|7375974|7386499|8163032|8240599|8671983|9052853
akt1	Acute Kidney Injury	MESH:D058186	AKT1	207	Urogenital disease (female)|Urogenital disease (male)	iodixanol	401.89		16221226|17001234|18413220|19092091|19945959|19996728
akt1	Acute Kidney Injury	MESH:D058186	AKT1	207	Urogenital disease (female)|Urogenital disease (male)	Iron-Dextran Complex	401.89		16968716
akt1	Acute Kidney Injury	MESH:D058186	AKT1	207	Urogenital disease (female)|Urogenital disease (male)	Isoflurane	401.89		3657733
akt1	Acute Kidney Injury	MESH:D058186	AKT1	207	Urogenital disease (female)|Urogenital disease (male)	lipopolysaccharide, E coli O55-B5	401.89		30606963|36244460
akt1	Acute Kidney Injury	MESH:D058186	AKT1	207	Urogenital disease (female)|Urogenital disease (male)	Lipopolysaccharides	401.89		22253906|24561306|24973090|26055553|31654708|32687258|37436358
akt1	Acute Kidney Injury	MESH:D058186	AKT1	207	Urogenital disease (female)|Urogenital disease (male)	Lithium	401.89		12562283|12680891|17408774|694932|8828352
akt1	Acute Kidney Injury	MESH:D058186	AKT1	207	Urogenital disease (female)|Urogenital disease (male)	lithospermate B	401.89		9455678
akt1	Acute Kidney Injury	MESH:D058186	AKT1	207	Urogenital disease (female)|Urogenital disease (male)	Lovastatin	401.89		2253372|2297197|2355431|3275891|3290520|8767987|9350151
akt1	Acute Kidney Injury	MESH:D058186	AKT1	207	Urogenital disease (female)|Urogenital disease (male)	Magnesium	401.89		2915758
akt1	Acute Kidney Injury	MESH:D058186	AKT1	207	Urogenital disease (female)|Urogenital disease (male)	Malondialdehyde	401.89		23845967
akt1	Acute Kidney Injury	MESH:D058186	AKT1	207	Urogenital disease (female)|Urogenital disease (male)	Maneb	401.89		28322069
akt1	Acute Kidney Injury	MESH:D058186	AKT1	207	Urogenital disease (female)|Urogenital disease (male)	mangiferin	401.89		36249937
akt1	Acute Kidney Injury	MESH:D058186	AKT1	207	Urogenital disease (female)|Urogenital disease (male)	mangostin	401.89		20603111
akt1	Acute Kidney Injury	MESH:D058186	AKT1	207	Urogenital disease (female)|Urogenital disease (male)	Matrines	401.89		37075934
akt1	Acute Kidney Injury	MESH:D058186	AKT1	207	Urogenital disease (female)|Urogenital disease (male)	Melatonin	401.89		35367536
akt1	Acute Kidney Injury	MESH:D058186	AKT1	207	Urogenital disease (female)|Urogenital disease (male)	Mercuric Chloride	401.89		10469268|10677590|10901180|11274264|1134612|11510480|11768240|11817102|14638913|1474766|15375764|1561627|16801527|16891066|18496552|18616694|19902086|20407758|21094152|21652719|22390991|22785175|22960887|29045746|32879258|4644892|602954|618599|6223941|7540432|8305641|8342615|8538927|8872981|9544699|9788586|9810145|9853001
akt1	Acute Kidney Injury	MESH:D058186	AKT1	207	Urogenital disease (female)|Urogenital disease (male)	Metformin	401.89		11910877|14604317|14633764|15752411|16620273|16644670|20164825|20223410|20578420|4217736
akt1	Acute Kidney Injury	MESH:D058186	AKT1	207	Urogenital disease (female)|Urogenital disease (male)	Methionine	401.89		31926187
akt1	Acute Kidney Injury	MESH:D058186	AKT1	207	Urogenital disease (female)|Urogenital disease (male)	Methotrexate	401.89		10609804|10752997|10985069|11459208|12605394|1282715|1450620|14970366|15139068|15252273|15504095|15668713|15984523|16326413|16786587|16912244|17349162|17387702|17519458|1758061|17609630|17701600|18045317|1838364|18924527|18997139|19131789|1920332|19833686|19863208|19956493|20009434|20155268|2546688|2689182|2872506|2918955|31039415|3427224|36249937|3812535|3978662|6350313|6607976|666479|7857106|8569964|8625136|9243235|9638991
akt1	Acute Kidney Injury	MESH:D058186	AKT1	207	Urogenital disease (female)|Urogenital disease (male)	Methylprednisolone	401.89		11388597|12180108|12653264|2048579|8342579
akt1	Acute Kidney Injury	MESH:D058186	AKT1	207	Urogenital disease (female)|Urogenital disease (male)	Metoprolol	401.89		12243603
akt1	Acute Kidney Injury	MESH:D058186	AKT1	207	Urogenital disease (female)|Urogenital disease (male)	Mitomycin	401.89		2508290|2982552|6796250|6870446
akt1	Acute Kidney Injury	MESH:D058186	AKT1	207	Urogenital disease (female)|Urogenital disease (male)	Morphine	401.89		10609351|18481104
akt1	Acute Kidney Injury	MESH:D058186	AKT1	207	Urogenital disease (female)|Urogenital disease (male)	Naloxone	401.89		2759067
akt1	Acute Kidney Injury	MESH:D058186	AKT1	207	Urogenital disease (female)|Urogenital disease (male)	naphthalene	401.89		602954
akt1	Acute Kidney Injury	MESH:D058186	AKT1	207	Urogenital disease (female)|Urogenital disease (male)	naringin	401.89		21600195
akt1	Acute Kidney Injury	MESH:D058186	AKT1	207	Urogenital disease (female)|Urogenital disease (male)	Neomycin	401.89		436029|7391838|938230
akt1	Acute Kidney Injury	MESH:D058186	AKT1	207	Urogenital disease (female)|Urogenital disease (male)	Nickel	401.89		21600195
akt1	Acute Kidney Injury	MESH:D058186	AKT1	207	Urogenital disease (female)|Urogenital disease (male)	Nicotine	401.89		21511693
akt1	Acute Kidney Injury	MESH:D058186	AKT1	207	Urogenital disease (female)|Urogenital disease (male)	Nifedipine	401.89		3168513|8120693
akt1	Acute Kidney Injury	MESH:D058186	AKT1	207	Urogenital disease (female)|Urogenital disease (male)	N-Methyl-3,4-methylenedioxyamphetamine	401.89		11147017|16161930|8099372
akt1	Acute Kidney Injury	MESH:D058186	AKT1	207	Urogenital disease (female)|Urogenital disease (male)	Norepinephrine	401.89		1102487|2139164|2243129|2946967|2948068|3015452|3573537|3706779|5034334|513486|618599|6652879|668387|6720897|6769339|686175|691972|691976|735158|7419955
akt1	Acute Kidney Injury	MESH:D058186	AKT1	207	Urogenital disease (female)|Urogenital disease (male)	notoginsenoside R1	401.89		20023602
akt1	Acute Kidney Injury	MESH:D058186	AKT1	207	Urogenital disease (female)|Urogenital disease (male)	N-(oxo-5,6-dihydrophenanthridin-2-yl)-N,N-dimethylacetamide hydrochloride	401.89		16153449|18331393
akt1	Acute Kidney Injury	MESH:D058186	AKT1	207	Urogenital disease (female)|Urogenital disease (male)	ochratoxin A	401.89		28321044
akt1	Acute Kidney Injury	MESH:D058186	AKT1	207	Urogenital disease (female)|Urogenital disease (male)	Oxygen	401.89		12819242|16153449|27363640
akt1	Acute Kidney Injury	MESH:D058186	AKT1	207	Urogenital disease (female)|Urogenital disease (male)	Paraquat	401.89		21991918|26988026|28123623|30562684|33838153
akt1	Acute Kidney Injury	MESH:D058186	AKT1	207	Urogenital disease (female)|Urogenital disease (male)	Particulate Matter	401.89		19797351|34751495
akt1	Acute Kidney Injury	MESH:D058186	AKT1	207	Urogenital disease (female)|Urogenital disease (male)	Patulin	401.89		35772596
akt1	Acute Kidney Injury	MESH:D058186	AKT1	207	Urogenital disease (female)|Urogenital disease (male)	perfluorooctane sulfonic acid	401.89		35934180
akt1	Acute Kidney Injury	MESH:D058186	AKT1	207	Urogenital disease (female)|Urogenital disease (male)	Phenobarbital	401.89		1485575
akt1	Acute Kidney Injury	MESH:D058186	AKT1	207	Urogenital disease (female)|Urogenital disease (male)	Phenylephrine	401.89		13678392
akt1	Acute Kidney Injury	MESH:D058186	AKT1	207	Urogenital disease (female)|Urogenital disease (male)	Phosphates	401.89		1753919
akt1	Acute Kidney Injury	MESH:D058186	AKT1	207	Urogenital disease (female)|Urogenital disease (male)	pifithrin	401.89		17670903
akt1	Acute Kidney Injury	MESH:D058186	AKT1	207	Urogenital disease (female)|Urogenital disease (male)	pirinixic acid	401.89		12503032
akt1	Acute Kidney Injury	MESH:D058186	AKT1	207	Urogenital disease (female)|Urogenital disease (male)	Plant Extracts	401.89		18680783|19736602|22021999
akt1	Acute Kidney Injury	MESH:D058186	AKT1	207	Urogenital disease (female)|Urogenital disease (male)	potassium bromate	401.89		1544873|28321044
akt1	Acute Kidney Injury	MESH:D058186	AKT1	207	Urogenital disease (female)|Urogenital disease (male)	Potassium Dichromate	401.89		10463391|18331393|19766176|20433818
akt1	Acute Kidney Injury	MESH:D058186	AKT1	207	Urogenital disease (female)|Urogenital disease (male)	Pravastatin	401.89		20368269|20650967
akt1	Acute Kidney Injury	MESH:D058186	AKT1	207	Urogenital disease (female)|Urogenital disease (male)	Procaine	401.89		9718943
akt1	Acute Kidney Injury	MESH:D058186	AKT1	207	Urogenital disease (female)|Urogenital disease (male)	Propofol	401.89		15153216|15558515|16432122|17000843|17192529|18515605
akt1	Acute Kidney Injury	MESH:D058186	AKT1	207	Urogenital disease (female)|Urogenital disease (male)	Propranolol	401.89		19945959
akt1	Acute Kidney Injury	MESH:D058186	AKT1	207	Urogenital disease (female)|Urogenital disease (male)	Propylthiouracil	401.89		11014318|11956877|17415292|7942812|9219172|9550661
akt1	Acute Kidney Injury	MESH:D058186	AKT1	207	Urogenital disease (female)|Urogenital disease (male)	puerarin	401.89		23315276|24975872
akt1	Acute Kidney Injury	MESH:D058186	AKT1	207	Urogenital disease (female)|Urogenital disease (male)	pyrazolanthrone	401.89		31447676
akt1	Acute Kidney Injury	MESH:D058186	AKT1	207	Urogenital disease (female)|Urogenital disease (male)	pyrrolidine dithiocarbamic acid	401.89		25559736
akt1	Acute Kidney Injury	MESH:D058186	AKT1	207	Urogenital disease (female)|Urogenital disease (male)	Quercetin	401.89		24958931|25411067|29474904|34751495
akt1	Acute Kidney Injury	MESH:D058186	AKT1	207	Urogenital disease (female)|Urogenital disease (male)	Resveratrol	401.89		16488442|16538975|21593185|24958931
akt1	Acute Kidney Injury	MESH:D058186	AKT1	207	Urogenital disease (female)|Urogenital disease (male)	Ribavirin	401.89		15252182
akt1	Acute Kidney Injury	MESH:D058186	AKT1	207	Urogenital disease (female)|Urogenital disease (male)	Ritonavir	401.89		10452668|8992345|9850700
akt1	Acute Kidney Injury	MESH:D058186	AKT1	207	Urogenital disease (female)|Urogenital disease (male)	Rosuvastatin Calcium	401.89		21878554
akt1	Acute Kidney Injury	MESH:D058186	AKT1	207	Urogenital disease (female)|Urogenital disease (male)	Rotenone	401.89		30099449
akt1	Acute Kidney Injury	MESH:D058186	AKT1	207	Urogenital disease (female)|Urogenital disease (male)	rottlerin	401.89		21633170
akt1	Acute Kidney Injury	MESH:D058186	AKT1	207	Urogenital disease (female)|Urogenital disease (male)	sarpogrelate	401.89		34560070
akt1	Acute Kidney Injury	MESH:D058186	AKT1	207	Urogenital disease (female)|Urogenital disease (male)	Sertraline	401.89		15707818
akt1	Acute Kidney Injury	MESH:D058186	AKT1	207	Urogenital disease (female)|Urogenital disease (male)	Silybin	401.89		10454517
akt1	Acute Kidney Injury	MESH:D058186	AKT1	207	Urogenital disease (female)|Urogenital disease (male)	Simvastatin	401.89		10620105|11173785|12131698|14712320|16334740|17615423|19112232|19376416|2017280|8941603
akt1	Acute Kidney Injury	MESH:D058186	AKT1	207	Urogenital disease (female)|Urogenital disease (male)	Sirolimus	401.89		16316336|16889550|19376416|30236763
akt1	Acute Kidney Injury	MESH:D058186	AKT1	207	Urogenital disease (female)|Urogenital disease (male)	Smoke	401.89		10095180|578557
akt1	Acute Kidney Injury	MESH:D058186	AKT1	207	Urogenital disease (female)|Urogenital disease (male)	sodium arsenate	401.89		23724280
akt1	Acute Kidney Injury	MESH:D058186	AKT1	207	Urogenital disease (female)|Urogenital disease (male)	sodium arsenite	401.89		21094152|23724280|32736004|32818823
akt1	Acute Kidney Injury	MESH:D058186	AKT1	207	Urogenital disease (female)|Urogenital disease (male)	Sodium Chloride	401.89		16878259|3547511|618599
akt1	Acute Kidney Injury	MESH:D058186	AKT1	207	Urogenital disease (female)|Urogenital disease (male)	Streptozocin	401.89		6281169
akt1	Acute Kidney Injury	MESH:D058186	AKT1	207	Urogenital disease (female)|Urogenital disease (male)	sulforaphane	401.89		19913604
akt1	Acute Kidney Injury	MESH:D058186	AKT1	207	Urogenital disease (female)|Urogenital disease (male)	Sulindac	401.89		7897758
akt1	Acute Kidney Injury	MESH:D058186	AKT1	207	Urogenital disease (female)|Urogenital disease (male)	tanshinone	401.89		35243748
akt1	Acute Kidney Injury	MESH:D058186	AKT1	207	Urogenital disease (female)|Urogenital disease (male)	Taurine	401.89		28987951
akt1	Acute Kidney Injury	MESH:D058186	AKT1	207	Urogenital disease (female)|Urogenital disease (male)	Thioctic Acid	401.89		15526909
akt1	Acute Kidney Injury	MESH:D058186	AKT1	207	Urogenital disease (female)|Urogenital disease (male)	Thyroxine	401.89		2689848
akt1	Acute Kidney Injury	MESH:D058186	AKT1	207	Urogenital disease (female)|Urogenital disease (male)	Tobacco Smoke Pollution	401.89		29177025
akt1	Acute Kidney Injury	MESH:D058186	AKT1	207	Urogenital disease (female)|Urogenital disease (male)	Tretinoin	401.89		10607690|11604554|12801854|17564563|18363177|8546128|9158667|9763554
akt1	Acute Kidney Injury	MESH:D058186	AKT1	207	Urogenital disease (female)|Urogenital disease (male)	trichostatin A	401.89		29476062
akt1	Acute Kidney Injury	MESH:D058186	AKT1	207	Urogenital disease (female)|Urogenital disease (male)	Trimetazidine	401.89		20063365|35191561
akt1	Acute Kidney Injury	MESH:D058186	AKT1	207	Urogenital disease (female)|Urogenital disease (male)	triptolide	401.89		19546256|32519852
akt1	Acute Kidney Injury	MESH:D058186	AKT1	207	Urogenital disease (female)|Urogenital disease (male)	Valproic Acid	401.89		29968957
akt1	Acute Kidney Injury	MESH:D058186	AKT1	207	Urogenital disease (female)|Urogenital disease (male)	Valsartan	401.89		36464070
akt1	Acute Kidney Injury	MESH:D058186	AKT1	207	Urogenital disease (female)|Urogenital disease (male)	Vanadium	401.89		32818823
akt1	Acute Kidney Injury	MESH:D058186	AKT1	207	Urogenital disease (female)|Urogenital disease (male)	Vehicle Emissions	401.89		19797351|34751495
akt1	Acute Kidney Injury	MESH:D058186	AKT1	207	Urogenital disease (female)|Urogenital disease (male)	Vincristine	401.89		10454517
akt1	Acute Kidney Injury	MESH:D058186	AKT1	207	Urogenital disease (female)|Urogenital disease (male)	Vitamin A	401.89		1248399
akt1	Acute Kidney Injury	MESH:D058186	AKT1	207	Urogenital disease (female)|Urogenital disease (male)	Vitamin E	401.89		3353995|9763232
akt1	Acute Kidney Injury	MESH:D058186	AKT1	207	Urogenital disease (female)|Urogenital disease (male)	Warfarin	401.89		10620105|12243603|19577348|2500616|25499135|8632041
akt1	Acute Kidney Injury	MESH:D058186	AKT1	207	Urogenital disease (female)|Urogenital disease (male)	wogonin	401.89		31103702
akt1	Acute Kidney Injury	MESH:D058186	AKT1	207	Urogenital disease (female)|Urogenital disease (male)	Zidovudine	401.89		11214960
akt1	Acute Kidney Injury	MESH:D058186	AKT1	207	Urogenital disease (female)|Urogenital disease (male)	Zinc	401.89		7800247
akt1	Acute Kidney Injury	MESH:D058186	AKT1	207	Urogenital disease (female)|Urogenital disease (male)	Zoledronic Acid	401.89		17491196|19715164
akt1	Chronic Kidney Disease-Mineral and Bone Disorder	MESH:D012080	AKT1	207	Endocrine system disease|Metabolic disease|Musculoskeletal disease|Nutrition disorder|Pathology (process)|Urogenital disease (female)|Urogenital disease (male)	Calcifediol	5.69		6897822
akt1	Chronic Kidney Disease-Mineral and Bone Disorder	MESH:D012080	AKT1	207	Endocrine system disease|Metabolic disease|Musculoskeletal disease|Nutrition disorder|Pathology (process)|Urogenital disease (female)|Urogenital disease (male)	Calcitriol	5.69		11305809|1585935|17984431|3626302|6760236|6897822
akt1	Chronic Kidney Diseases of Uncertain Etiology	MESH:D000092702	AKT1	207	Occupational disease|Pathology (process)|Urogenital disease (female)|Urogenital disease (male)	Endosulfan	3.23		36513242
akt1	Kidney Calculi	MESH:D007669	AKT1	207	Pathology (anatomical condition)|Urogenital disease (female)|Urogenital disease (male)	Calcitriol	16.66		7571189
akt1	Kidney Calculi	MESH:D007669	AKT1	207	Pathology (anatomical condition)|Urogenital disease (female)|Urogenital disease (male)	Dexamethasone	16.66		1671989|8576746
akt1	Kidney Calculi	MESH:D007669	AKT1	207	Pathology (anatomical condition)|Urogenital disease (female)|Urogenital disease (male)	Furosemide	16.66		15351602|1622512|18377534|3084585|3964925|6600297|6637931|6726969|7110808|8021767|9181444
akt1	Kidney Calculi	MESH:D007669	AKT1	207	Pathology (anatomical condition)|Urogenital disease (female)|Urogenital disease (male)	Glutathione	16.66		24360074
akt1	Kidney Calculi	MESH:D007669	AKT1	207	Pathology (anatomical condition)|Urogenital disease (female)|Urogenital disease (male)	Malondialdehyde	16.66		24360074
akt1	Kidney Calculi	MESH:D007669	AKT1	207	Pathology (anatomical condition)|Urogenital disease (female)|Urogenital disease (male)	Methionine	16.66		8112761
akt1	Kidney Calculi	MESH:D007669	AKT1	207	Pathology (anatomical condition)|Urogenital disease (female)|Urogenital disease (male)	Phytic Acid	16.66		17127264
akt1	Kidney Calculi	MESH:D007669	AKT1	207	Pathology (anatomical condition)|Urogenital disease (female)|Urogenital disease (male)	Resveratrol	16.66		24145091|34333021
akt1	Kidney Calculi	MESH:D007669	AKT1	207	Pathology (anatomical condition)|Urogenital disease (female)|Urogenital disease (male)	Streptozocin	16.66		2827466
akt1	Kidney Calculi	MESH:D007669	AKT1	207	Pathology (anatomical condition)|Urogenital disease (female)|Urogenital disease (male)	Vitamin E	16.66		8112761
akt1	Kidney Cortex Necrosis	MESH:D007673	AKT1	207	Urogenital disease (female)|Urogenital disease (male)	4-aminophenol	33.62		17567592
akt1	Kidney Cortex Necrosis	MESH:D007673	AKT1	207	Urogenital disease (female)|Urogenital disease (male)	4-phenylbutyric acid	33.62		32879258
akt1	Kidney Cortex Necrosis	MESH:D007673	AKT1	207	Urogenital disease (female)|Urogenital disease (male)	Amphetamine	33.62		16133628
akt1	Kidney Cortex Necrosis	MESH:D007673	AKT1	207	Urogenital disease (female)|Urogenital disease (male)	Carbon Tetrachloride	33.62		23845967
akt1	Kidney Cortex Necrosis	MESH:D007673	AKT1	207	Urogenital disease (female)|Urogenital disease (male)	Cisplatin	33.62		15464296|19761811|28321044
akt1	Kidney Cortex Necrosis	MESH:D007673	AKT1	207	Urogenital disease (female)|Urogenital disease (male)	Diatrizoate	33.62		6697462
akt1	Kidney Cortex Necrosis	MESH:D007673	AKT1	207	Urogenital disease (female)|Urogenital disease (male)	Doxorubicin	33.62		19761811|30682439
akt1	Kidney Cortex Necrosis	MESH:D007673	AKT1	207	Urogenital disease (female)|Urogenital disease (male)	Enalapril	33.62		19761811
akt1	Kidney Cortex Necrosis	MESH:D007673	AKT1	207	Urogenital disease (female)|Urogenital disease (male)	Gentamicins	33.62		15245572|18842672|19761811
akt1	Kidney Cortex Necrosis	MESH:D007673	AKT1	207	Urogenital disease (female)|Urogenital disease (male)	Mercuric Chloride	33.62		32879258
akt1	Kidney Cortex Necrosis	MESH:D007673	AKT1	207	Urogenital disease (female)|Urogenital disease (male)	Mitomycin	33.62		6796250
akt1	Kidney Cortex Necrosis	MESH:D007673	AKT1	207	Urogenital disease (female)|Urogenital disease (male)	naringenin	33.62		23845967
akt1	Kidney Cortex Necrosis	MESH:D007673	AKT1	207	Urogenital disease (female)|Urogenital disease (male)	tetramethylpyrazine	33.62		18842672
akt1	Kidney Diseases	MESH:D007674	AKT1	207	Urogenital disease (female)|Urogenital disease (male)	2,2',4,4',5-brominated diphenyl ether	608.31		20223270
akt1	Kidney Diseases	MESH:D007674	AKT1	207	Urogenital disease (female)|Urogenital disease (male)	4-aminophenol	608.31		11006362|3449640|7155631|7902115|7907856
akt1	Kidney Diseases	MESH:D007674	AKT1	207	Urogenital disease (female)|Urogenital disease (male)	4-hydroxy-2-nonenal	608.31		17891346
akt1	Kidney Diseases	MESH:D007674	AKT1	207	Urogenital disease (female)|Urogenital disease (male)	4-phenylbutyric acid	608.31		33651226
akt1	Kidney Diseases	MESH:D007674	AKT1	207	Urogenital disease (female)|Urogenital disease (male)	6-chloro-2,3,4,9-tetrahydro-1H-carbazole-1-carboxamide	608.31		31981641
akt1	Kidney Diseases	MESH:D007674	AKT1	207	Urogenital disease (female)|Urogenital disease (male)	9,10-Dimethyl-1,2-benzanthracene	608.31		24995432|32623939|35243731
akt1	Kidney Diseases	MESH:D007674	AKT1	207	Urogenital disease (female)|Urogenital disease (male)	Acetaminophen	608.31		11334364|11812892|12005112|12587719|12721325|15363587|15629190|15629191|17391827|18068886|1881229|19117117|19345714|19761811|19922764|20067817|20446790|2356566|2651928|26767949|30794797|31777137|3659833|7155631|7979097
akt1	Kidney Diseases	MESH:D007674	AKT1	207	Urogenital disease (female)|Urogenital disease (male)	acetovanillone	608.31		28116922|32298299
akt1	Kidney Diseases	MESH:D007674	AKT1	207	Urogenital disease (female)|Urogenital disease (male)	Acetylcysteine	608.31		14972420|15496615|16877488|17448119|18174269|18278066|18752385|20502036|21424224|30641872|35055458
akt1	Kidney Diseases	MESH:D007674	AKT1	207	Urogenital disease (female)|Urogenital disease (male)	Acrolein	608.31		12488133|17891346
akt1	Kidney Diseases	MESH:D007674	AKT1	207	Urogenital disease (female)|Urogenital disease (male)	Acrylamide	608.31		29913234
akt1	Kidney Diseases	MESH:D007674	AKT1	207	Urogenital disease (female)|Urogenital disease (male)	Ado-Trastuzumab Emtansine	608.31		24035823
akt1	Kidney Diseases	MESH:D007674	AKT1	207	Urogenital disease (female)|Urogenital disease (male)	Aflatoxin B1	608.31		32894639|35304092
akt1	Kidney Diseases	MESH:D007674	AKT1	207	Urogenital disease (female)|Urogenital disease (male)	Aflatoxin M1	608.31		34126166
akt1	Kidney Diseases	MESH:D007674	AKT1	207	Urogenital disease (female)|Urogenital disease (male)	Allethrins	608.31		33396045|35678313
akt1	Kidney Diseases	MESH:D007674	AKT1	207	Urogenital disease (female)|Urogenital disease (male)	alpha-Chlorohydrin	608.31		27017489|30107153|33187795|33651226|34915118|35149085
akt1	Kidney Diseases	MESH:D007674	AKT1	207	Urogenital disease (female)|Urogenital disease (male)	alpha-Tocopherol	608.31		18502357
akt1	Kidney Diseases	MESH:D007674	AKT1	207	Urogenital disease (female)|Urogenital disease (male)	Apigenin	608.31		30107153
akt1	Kidney Diseases	MESH:D007674	AKT1	207	Urogenital disease (female)|Urogenital disease (male)	argan oil	608.31		29463041
akt1	Kidney Diseases	MESH:D007674	AKT1	207	Urogenital disease (female)|Urogenital disease (male)	aristolochic acid I	608.31		20338233|21554934|22086975|22445861|22472514|22525892|23939141|24412304|25663515|31048001|31602497|33722575|35690179|37084829
akt1	Kidney Diseases	MESH:D007674	AKT1	207	Urogenital disease (female)|Urogenital disease (male)	Aristolochic Acids	608.31		12698237|21167265|28115647|32119997
akt1	Kidney Diseases	MESH:D007674	AKT1	207	Urogenital disease (female)|Urogenital disease (male)	Arsenic	608.31		10828279|11836136|22066453|22949133|24348802|30835071|31775542|32246071|32270456|32544558|32818499|33026618|33518152|36822304
akt1	Kidney Diseases	MESH:D007674	AKT1	207	Urogenital disease (female)|Urogenital disease (male)	arsenic disulfide	608.31		19073202|29203196|33878415
akt1	Kidney Diseases	MESH:D007674	AKT1	207	Urogenital disease (female)|Urogenital disease (male)	Arsenic Trioxide	608.31		23471352|26184899|29130132|30516227|31612257|32919218|35317438
akt1	Kidney Diseases	MESH:D007674	AKT1	207	Urogenital disease (female)|Urogenital disease (male)	Ascorbic Acid	608.31		17448119|18414974|18536492|19391111|22728154|7909430
akt1	Kidney Diseases	MESH:D007674	AKT1	207	Urogenital disease (female)|Urogenital disease (male)	Aspartame	608.31		11409539
akt1	Kidney Diseases	MESH:D007674	AKT1	207	Urogenital disease (female)|Urogenital disease (male)	Aspirin	608.31		19281750|20732820|370954|4729880|4821007|699625|7013593|7155631|834212
akt1	Kidney Diseases	MESH:D007674	AKT1	207	Urogenital disease (female)|Urogenital disease (male)	astaxanthine	608.31		36830956
akt1	Kidney Diseases	MESH:D007674	AKT1	207	Urogenital disease (female)|Urogenital disease (male)	astilbin	608.31		29471006
akt1	Kidney Diseases	MESH:D007674	AKT1	207	Urogenital disease (female)|Urogenital disease (male)	astragaloside A	608.31		30842369
akt1	Kidney Diseases	MESH:D007674	AKT1	207	Urogenital disease (female)|Urogenital disease (male)	Atorvastatin	608.31		15831368|32259528
akt1	Kidney Diseases	MESH:D007674	AKT1	207	Urogenital disease (female)|Urogenital disease (male)	Atrazine	608.31		30360616|35440735
akt1	Kidney Diseases	MESH:D007674	AKT1	207	Urogenital disease (female)|Urogenital disease (male)	Azacitidine	608.31		19723570
akt1	Kidney Diseases	MESH:D007674	AKT1	207	Urogenital disease (female)|Urogenital disease (male)	Azathioprine	608.31		577907
akt1	Kidney Diseases	MESH:D007674	AKT1	207	Urogenital disease (female)|Urogenital disease (male)	baicalein	608.31		34044073
akt1	Kidney Diseases	MESH:D007674	AKT1	207	Urogenital disease (female)|Urogenital disease (male)	bardoxolone methyl	608.31		21361338
akt1	Kidney Diseases	MESH:D007674	AKT1	207	Urogenital disease (female)|Urogenital disease (male)	Benzo(a)pyrene	608.31		11289703|21803694
akt1	Kidney Diseases	MESH:D007674	AKT1	207	Urogenital disease (female)|Urogenital disease (male)	Berberine	608.31		24751971
akt1	Kidney Diseases	MESH:D007674	AKT1	207	Urogenital disease (female)|Urogenital disease (male)	Betulinic Acid	608.31		34472159
akt1	Kidney Diseases	MESH:D007674	AKT1	207	Urogenital disease (female)|Urogenital disease (male)	Bezafibrate	608.31		11096145|21338618
akt1	Kidney Diseases	MESH:D007674	AKT1	207	Urogenital disease (female)|Urogenital disease (male)	Biological Products	608.31		32500495|34044073
akt1	Kidney Diseases	MESH:D007674	AKT1	207	Urogenital disease (female)|Urogenital disease (male)	bisphenol A	608.31		18445619|23359474|30303745|30641872|30997025|31091348|34281243|36830956
akt1	Kidney Diseases	MESH:D007674	AKT1	207	Urogenital disease (female)|Urogenital disease (male)	Bleomycin	608.31		2413982|6181679|6203452|7532742
akt1	Kidney Diseases	MESH:D007674	AKT1	207	Urogenital disease (female)|Urogenital disease (male)	boric acid	608.31		26184899|29913234
akt1	Kidney Diseases	MESH:D007674	AKT1	207	Urogenital disease (female)|Urogenital disease (male)	Buthionine Sulfoximine	608.31		1724173|18536492|2326543|2344991|8477008
akt1	Kidney Diseases	MESH:D007674	AKT1	207	Urogenital disease (female)|Urogenital disease (male)	Butylated Hydroxytoluene	608.31		1555799
akt1	Kidney Diseases	MESH:D007674	AKT1	207	Urogenital disease (female)|Urogenital disease (male)	cabozantinib	608.31		37335823
akt1	Kidney Diseases	MESH:D007674	AKT1	207	Urogenital disease (female)|Urogenital disease (male)	Cadmium	608.31		11090055|16226777|16322080|16443174|16601012|16962696|17125799|17303580|17448585|19270785|19615871|19700501|21888673|22027495|22033168|22467032|22995156|23095357|24276216|24629167|24923654|25240712|25940730|28248635|30090589|30684957|31639282|32246071|33398418|33857584|34510229|35384154|37270049|37342552|37949422|7676455
akt1	Kidney Diseases	MESH:D007674	AKT1	207	Urogenital disease (female)|Urogenital disease (male)	cadmium acetate	608.31		37128655
akt1	Kidney Diseases	MESH:D007674	AKT1	207	Urogenital disease (female)|Urogenital disease (male)	Cadmium Chloride	608.31		10924798|16962696|17882470|18414974|19063931|19371613|21284339|21540277|23750309|24200859|24632105|25588984|26815315|29421648|33127495|33722575
akt1	Kidney Diseases	MESH:D007674	AKT1	207	Urogenital disease (female)|Urogenital disease (male)	caffeic acid phenethyl ester	608.31		15369732|17448119
akt1	Kidney Diseases	MESH:D007674	AKT1	207	Urogenital disease (female)|Urogenital disease (male)	Caffeine	608.31		1783953|25986755|4821007
akt1	Kidney Diseases	MESH:D007674	AKT1	207	Urogenital disease (female)|Urogenital disease (male)	Calcium	608.31		1322021
akt1	Kidney Diseases	MESH:D007674	AKT1	207	Urogenital disease (female)|Urogenital disease (male)	candesartan	608.31		12954793|30368989
akt1	Kidney Diseases	MESH:D007674	AKT1	207	Urogenital disease (female)|Urogenital disease (male)	Carbon Tetrachloride	608.31		25899501|2905310|29522708|34029542
akt1	Kidney Diseases	MESH:D007674	AKT1	207	Urogenital disease (female)|Urogenital disease (male)	Carboplatin	608.31		11149742|18852009|19433684|19736245|19761811|19850470|2680578|7532742|7666081|9815949|9829858
akt1	Kidney Diseases	MESH:D007674	AKT1	207	Urogenital disease (female)|Urogenital disease (male)	Carmustine	608.31		16126841|8477204
akt1	Kidney Diseases	MESH:D007674	AKT1	207	Urogenital disease (female)|Urogenital disease (male)	Carnitine	608.31		18852009|26562095|37312617
akt1	Kidney Diseases	MESH:D007674	AKT1	207	Urogenital disease (female)|Urogenital disease (male)	Carvedilol	608.31		11682445|20452391|26751708
akt1	Kidney Diseases	MESH:D007674	AKT1	207	Urogenital disease (female)|Urogenital disease (male)	Celecoxib	608.31		17084549|24462674
akt1	Kidney Diseases	MESH:D007674	AKT1	207	Urogenital disease (female)|Urogenital disease (male)	Chlorides	608.31		2752494
akt1	Kidney Diseases	MESH:D007674	AKT1	207	Urogenital disease (female)|Urogenital disease (male)	Chlorpyrifos	608.31		28675853|31479757|32500495|33908150
akt1	Kidney Diseases	MESH:D007674	AKT1	207	Urogenital disease (female)|Urogenital disease (male)	Chromium	608.31		1724173|17934191|7912862
akt1	Kidney Diseases	MESH:D007674	AKT1	207	Urogenital disease (female)|Urogenital disease (male)	chromium hexavalent ion	608.31		17822687|19913299|20348018|36108929
akt1	Kidney Diseases	MESH:D007674	AKT1	207	Urogenital disease (female)|Urogenital disease (male)	chrysin	608.31		30794797
akt1	Kidney Diseases	MESH:D007674	AKT1	207	Urogenital disease (female)|Urogenital disease (male)	cinnamaldehyde	608.31		23959918
akt1	Kidney Diseases	MESH:D007674	AKT1	207	Urogenital disease (female)|Urogenital disease (male)	Ciprofloxacin	608.31		11464656
akt1	Kidney Diseases	MESH:D007674	AKT1	207	Urogenital disease (female)|Urogenital disease (male)	Cisplatin	608.31		10396320|10812192|11090055|11305414|11745184|11776407|12231392|12649298|12815610|14966836|15190930|15267137|15496615|15934019|16154539|16246977|16428940|16723030|17135156|17922055|1793151|18289764|18956176|19038279|19152827|19356226|19535489|19723570|19736245|19839026|19850470|20435919|20438795|20605904|20716785|21605616|21616140|21640784|21724663|21763304|21803049|21883567|21884784|21902499|21939360|21949094|21993003|22019697|22525860|22989705|23142791|23229315|2326543|23287709|23603837|23770416|23959918|24001450|2413982|2424627|24863737|24880025|25015656|25043994|25308879|25665769|25927922|26558470|26612654|26739623|26751708|27317936|27397436|27616468|27722009|28904298|29216766|29471006|29574132|29752894|29852128|30169741|30452898|30842369|31306688|31493026|31612257|32418911|32991863|33522649|34423507|34476871|35243731|37102204|37561086|37956922|6181679|6203452|6538115|6542584|7191768|7532742|7706473|8178319|8270973|8413339|8584014|8626111|8751544|8845212|9057954|9144837|9256891|9381703
akt1	Kidney Diseases	MESH:D007674	AKT1	207	Urogenital disease (female)|Urogenital disease (male)	Citalopram	608.31		17163295
akt1	Kidney Diseases	MESH:D007674	AKT1	207	Urogenital disease (female)|Urogenital disease (male)	cobaltiprotoporphyrin	608.31		17003813
akt1	Kidney Diseases	MESH:D007674	AKT1	207	Urogenital disease (female)|Urogenital disease (male)	cobaltous chloride	608.31		12819242|22343435|30596275
akt1	Kidney Diseases	MESH:D007674	AKT1	207	Urogenital disease (female)|Urogenital disease (male)	Cocaine	608.31		10775076|12940616|15013162|1569994|19761732|7740552|8194290|9181276|9786294
akt1	Kidney Diseases	MESH:D007674	AKT1	207	Urogenital disease (female)|Urogenital disease (male)	coenzyme Q10	608.31		32116774
akt1	Kidney Diseases	MESH:D007674	AKT1	207	Urogenital disease (female)|Urogenital disease (male)	Colistin	608.31		30138604|34560125
akt1	Kidney Diseases	MESH:D007674	AKT1	207	Urogenital disease (female)|Urogenital disease (male)	Contrast Media	608.31		11045136|11471623|12271402|12452733|15911820|15960272|16255363|16360994|16400668|16444061|16502177|16505405|16793989|16886495|17039541|17090607|1713136|17562951|17599982|17641384|17884368|18251038|18283206|18295688|18752385|19294866|19452295|19535188|19619921|1977397|19799198|19909415|20192893|20195852|2042273|2283231|24220752|8427756|8467681|9419624|9465330|9574458
akt1	Kidney Diseases	MESH:D007674	AKT1	207	Urogenital disease (female)|Urogenital disease (male)	Copper	608.31		20035423|24627433|30090589
akt1	Kidney Diseases	MESH:D007674	AKT1	207	Urogenital disease (female)|Urogenital disease (male)	coumarin	608.31		21630391
akt1	Kidney Diseases	MESH:D007674	AKT1	207	Urogenital disease (female)|Urogenital disease (male)	Cromolyn Sodium	608.31		35114312
akt1	Kidney Diseases	MESH:D007674	AKT1	207	Urogenital disease (female)|Urogenital disease (male)	Curcumin	608.31		19345714|25119790|31612257|34802538
akt1	Kidney Diseases	MESH:D007674	AKT1	207	Urogenital disease (female)|Urogenital disease (male)	Cyclophosphamide	608.31		17580253|17874068|17922055|19761811|20621952|34748891|8477204|9815949
akt1	Kidney Diseases	MESH:D007674	AKT1	207	Urogenital disease (female)|Urogenital disease (male)	Cyclosporine	608.31		10903974|11063349|11091246|11544444|11558484|11583940|11773892|12110003|12243498|12362282|12394605|12427154|12469693|12584269|12883193|1436300|14550466|14659064|15147428|15339989|15365603|16858688|16980036|17132217|17199845|17430485|17461532|17879355|18001539|18582803|18776723|19391111|19761811|21073006|21354196|2165371|21865292|22343435|23347876|23958496|24462674|24502637|24907557|24971338|26311998|2881198|2889119|3032224|3122121|32298299|3458551|3708922|3895668|3899437|3915162|3916516|3925762|6340275|6349046|7508536|7532089|7540737|7542793|7666081|8314463|8832009|9154655|9509456|9664955|9815949
akt1	Kidney Diseases	MESH:D007674	AKT1	207	Urogenital disease (female)|Urogenital disease (male)	cyhalothrin	608.31		33396045|35678313
akt1	Kidney Diseases	MESH:D007674	AKT1	207	Urogenital disease (female)|Urogenital disease (male)	cypermethrin	608.31		33396045|35678313
akt1	Kidney Diseases	MESH:D007674	AKT1	207	Urogenital disease (female)|Urogenital disease (male)	dapagliflozin	608.31		32259528
akt1	Kidney Diseases	MESH:D007674	AKT1	207	Urogenital disease (female)|Urogenital disease (male)	Daunorubicin	608.31		17922055|20452391|20888384|7055822
akt1	Kidney Diseases	MESH:D007674	AKT1	207	Urogenital disease (female)|Urogenital disease (male)	decamethrin	608.31		23566885|24121187|28595958|28987327|31454128|33396045|34216712|35055458|35678313
akt1	Kidney Diseases	MESH:D007674	AKT1	207	Urogenital disease (female)|Urogenital disease (male)	Deferoxamine	608.31		1585386|22115772|7967359|7987999
akt1	Kidney Diseases	MESH:D007674	AKT1	207	Urogenital disease (female)|Urogenital disease (male)	Dexamethasone	608.31		12414515|12574103|19879934|26271896
akt1	Kidney Diseases	MESH:D007674	AKT1	207	Urogenital disease (female)|Urogenital disease (male)	diallyl disulfide	608.31		12877940|34084059
akt1	Kidney Diseases	MESH:D007674	AKT1	207	Urogenital disease (female)|Urogenital disease (male)	Diatrizoate	608.31		19452295|2283231|2667306|2923748|7892462|9419624
akt1	Kidney Diseases	MESH:D007674	AKT1	207	Urogenital disease (female)|Urogenital disease (male)	Dibutyl Phthalate	608.31		23359474|29526571
akt1	Kidney Diseases	MESH:D007674	AKT1	207	Urogenital disease (female)|Urogenital disease (male)	Diclofenac	608.31		12861172|15976495|23506792|31332906
akt1	Kidney Diseases	MESH:D007674	AKT1	207	Urogenital disease (female)|Urogenital disease (male)	Dietary Fats	608.31		24508291|24877639|25025298|26423427|26980705|27292126|29526571|30298849|31063766|31454063|31726037|31811911|31981641|32259528|37054934
akt1	Kidney Diseases	MESH:D007674	AKT1	207	Urogenital disease (female)|Urogenital disease (male)	Diethylhexyl Phthalate	608.31		23359474|29669060|3206528|36610486
akt1	Kidney Diseases	MESH:D007674	AKT1	207	Urogenital disease (female)|Urogenital disease (male)	Diethylnitrosamine	608.31		30298849
akt1	Kidney Diseases	MESH:D007674	AKT1	207	Urogenital disease (female)|Urogenital disease (male)	Dihydrotestosterone	608.31		15670785
akt1	Kidney Diseases	MESH:D007674	AKT1	207	Urogenital disease (female)|Urogenital disease (male)	diisodecyl phthalate	608.31		20358181
akt1	Kidney Diseases	MESH:D007674	AKT1	207	Urogenital disease (female)|Urogenital disease (male)	Dinoprostone	608.31		1963649|3458551
akt1	Kidney Diseases	MESH:D007674	AKT1	207	Urogenital disease (female)|Urogenital disease (male)	dioscin	608.31		28082111
akt1	Kidney Diseases	MESH:D007674	AKT1	207	Urogenital disease (female)|Urogenital disease (male)	Diosgenin	608.31		35149085
akt1	Kidney Diseases	MESH:D007674	AKT1	207	Urogenital disease (female)|Urogenital disease (male)	Diquat	608.31		36851058|6527399
akt1	Kidney Diseases	MESH:D007674	AKT1	207	Urogenital disease (female)|Urogenital disease (male)	Doxorubicin	608.31		10088175|10094850|10344349|10430982|10755322|11124598|11345653|11401411|11867952|11996090|12012391|12386277|12540035|12674635|135666|14564477|14728886|15033991|15369732|15577213|15578190|15699352|16246977|16325981|16775033|16988067|17329577|17522263|1793151|18440303|18487002|19013753|19018148|1905199|19066422|19429242|19883716|19960953|20606417|22287321|24799355|25268985|26721193|2791187|28082111|3124293|31830546|3456068|36988379|3764673|3781430|3898001|7191768|7830283|7838258|7987999|8289579|9192910|9606733|9704904
akt1	Kidney Diseases	MESH:D007674	AKT1	207	Urogenital disease (female)|Urogenital disease (male)	Drugs, Chinese Herbal	608.31		10582477|7950209|8982436
akt1	Kidney Diseases	MESH:D007674	AKT1	207	Urogenital disease (female)|Urogenital disease (male)	Edaravone	608.31		18085390
akt1	Kidney Diseases	MESH:D007674	AKT1	207	Urogenital disease (female)|Urogenital disease (male)	Ellagic Acid	608.31		24877639|29935397|36108929|36272503
akt1	Kidney Diseases	MESH:D007674	AKT1	207	Urogenital disease (female)|Urogenital disease (male)	Enalapril	608.31		10903974|12110003|12883983|12954793|14659064|16014107|16772709|2301491|2407887|2541310|2846102|7951836
akt1	Kidney Diseases	MESH:D007674	AKT1	207	Urogenital disease (female)|Urogenital disease (male)	endotoxin, Escherichia coli	608.31		15669049
akt1	Kidney Diseases	MESH:D007674	AKT1	207	Urogenital disease (female)|Urogenital disease (male)	Environmental Pollutants	608.31		14653309
akt1	Kidney Diseases	MESH:D007674	AKT1	207	Urogenital disease (female)|Urogenital disease (male)	epigallocatechin gallate	608.31		25927922|30368989
akt1	Kidney Diseases	MESH:D007674	AKT1	207	Urogenital disease (female)|Urogenital disease (male)	Epirubicin	608.31		17922055
akt1	Kidney Diseases	MESH:D007674	AKT1	207	Urogenital disease (female)|Urogenital disease (male)	esculetin	608.31		21450970
akt1	Kidney Diseases	MESH:D007674	AKT1	207	Urogenital disease (female)|Urogenital disease (male)	Estradiol	608.31		15618244|6305905
akt1	Kidney Diseases	MESH:D007674	AKT1	207	Urogenital disease (female)|Urogenital disease (male)	Ethanol	608.31		25859307|31811911|32894639|36085217
akt1	Kidney Diseases	MESH:D007674	AKT1	207	Urogenital disease (female)|Urogenital disease (male)	Ethinyl Estradiol	608.31		19761811
akt1	Kidney Diseases	MESH:D007674	AKT1	207	Urogenital disease (female)|Urogenital disease (male)	Etoposide	608.31		11149742|11305414|7532742|8477204
akt1	Kidney Diseases	MESH:D007674	AKT1	207	Urogenital disease (female)|Urogenital disease (male)	Everolimus	608.31		17430485
akt1	Kidney Diseases	MESH:D007674	AKT1	207	Urogenital disease (female)|Urogenital disease (male)	fasudil	608.31		23376009
akt1	Kidney Diseases	MESH:D007674	AKT1	207	Urogenital disease (female)|Urogenital disease (male)	Fatty Acids	608.31		16316343
akt1	Kidney Diseases	MESH:D007674	AKT1	207	Urogenital disease (female)|Urogenital disease (male)	fenvalerate	608.31		33396045|35678313
akt1	Kidney Diseases	MESH:D007674	AKT1	207	Urogenital disease (female)|Urogenital disease (male)	Fish Oils	608.31		12883183|22019697
akt1	Kidney Diseases	MESH:D007674	AKT1	207	Urogenital disease (female)|Urogenital disease (male)	Fluorouracil	608.31		10396320|2236732|6105503|6412636
akt1	Kidney Diseases	MESH:D007674	AKT1	207	Urogenital disease (female)|Urogenital disease (male)	Flurbiprofen	608.31		17258737
akt1	Kidney Diseases	MESH:D007674	AKT1	207	Urogenital disease (female)|Urogenital disease (male)	Folic Acid	608.31		11832423|14633603|1482756|160016|18633340|193486|19435794|19934081|20116427|20406136|21647593|22647887|2386429|2840627|29789558|34619300|35124148|4336412
akt1	Kidney Diseases	MESH:D007674	AKT1	207	Urogenital disease (female)|Urogenital disease (male)	Formaldehyde	608.31		14633228|16898265|18717515
akt1	Kidney Diseases	MESH:D007674	AKT1	207	Urogenital disease (female)|Urogenital disease (male)	Foscarnet	608.31		18277595|8285643|8806849|9113493
akt1	Kidney Diseases	MESH:D007674	AKT1	207	Urogenital disease (female)|Urogenital disease (male)	Fructose	608.31		10703878|18358572|19605544|22426011|26358169|31233715|32259528
akt1	Kidney Diseases	MESH:D007674	AKT1	207	Urogenital disease (female)|Urogenital disease (male)	Furosemide	608.31		11041285|1552401|1737851|19535188|24813929|3275932|550237|595008|6785722|7108667|7235657
akt1	Kidney Diseases	MESH:D007674	AKT1	207	Urogenital disease (female)|Urogenital disease (male)	gadodiamide	608.31		17884368
akt1	Kidney Diseases	MESH:D007674	AKT1	207	Urogenital disease (female)|Urogenital disease (male)	Gallic Acid	608.31		36272503
akt1	Kidney Diseases	MESH:D007674	AKT1	207	Urogenital disease (female)|Urogenital disease (male)	Gemcitabine	608.31		9164208
akt1	Kidney Diseases	MESH:D007674	AKT1	207	Urogenital disease (female)|Urogenital disease (male)	Gentamicins	608.31		10759677|10990387|12419699|12571406|1263024|12877940|1322021|1340440|1438039|1462001|15086898|15267137|16128912|16925772|17202664|17636248|17899318|17934191|18289764|18441258|1856146|19349640|19500072|19535489|19548288|1976338|19967075|20435566|20816719|20829429|20849911|21081137|21396950|21616119|22061828|22526374|23142791|23335628|2351627|23535405|23651617|2424533|24863737|27401566|2791871|28116922|28904298|2905310|29126144|2914447|30368989|30458643|31628940|319355|3316564|33722575|34350654|3952992|4073872|4306975|475363|500516|6184909|6340504|6364908|6421944|6437310|6479501|659347|659349|659354|6643700|6728084|6797359|696801|6988713|707512|7082782|7103453|7121387|7182340|7194655|7204294|7217852|7235657|7330449|736249|7725344|7872367|80528|8056701|8160791|8308589|8913452|8971904|899868|900916|968458|9741354
akt1	Kidney Diseases	MESH:D007674	AKT1	207	Urogenital disease (female)|Urogenital disease (male)	Ginkgo biloba extract	608.31		15669049|16236146|28564578
akt1	Kidney Diseases	MESH:D007674	AKT1	207	Urogenital disease (female)|Urogenital disease (male)	ginsenoside Rd	608.31		9933756
akt1	Kidney Diseases	MESH:D007674	AKT1	207	Urogenital disease (female)|Urogenital disease (male)	Glutathione	608.31		1724173|18536492|2344991
akt1	Kidney Diseases	MESH:D007674	AKT1	207	Urogenital disease (female)|Urogenital disease (male)	Glyburide	608.31		20435566
akt1	Kidney Diseases	MESH:D007674	AKT1	207	Urogenital disease (female)|Urogenital disease (male)	Glycerol	608.31		19452295|19484701|26562095|34084059
akt1	Kidney Diseases	MESH:D007674	AKT1	207	Urogenital disease (female)|Urogenital disease (male)	glycidol	608.31		33187795
akt1	Kidney Diseases	MESH:D007674	AKT1	207	Urogenital disease (female)|Urogenital disease (male)	Glycyrrhizic Acid	608.31		21803049
akt1	Kidney Diseases	MESH:D007674	AKT1	207	Urogenital disease (female)|Urogenital disease (male)	Glyphosate	608.31		25434756|33296237|35440735|37001608
akt1	Kidney Diseases	MESH:D007674	AKT1	207	Urogenital disease (female)|Urogenital disease (male)	Gold	608.31		1677490|2941196
akt1	Kidney Diseases	MESH:D007674	AKT1	207	Urogenital disease (female)|Urogenital disease (male)	Grape Seed Proanthocyanidins	608.31		11334364|12587719
akt1	Kidney Diseases	MESH:D007674	AKT1	207	Urogenital disease (female)|Urogenital disease (male)	Haloperidol	608.31		19839853
akt1	Kidney Diseases	MESH:D007674	AKT1	207	Urogenital disease (female)|Urogenital disease (male)	Heparin	608.31		3118260|7431459
akt1	Kidney Diseases	MESH:D007674	AKT1	207	Urogenital disease (female)|Urogenital disease (male)	Hesperidin	608.31		30066062|33908150
akt1	Kidney Diseases	MESH:D007674	AKT1	207	Urogenital disease (female)|Urogenital disease (male)	Hexachlorobenzene	608.31		19761811
akt1	Kidney Diseases	MESH:D007674	AKT1	207	Urogenital disease (female)|Urogenital disease (male)	Hexachlorocyclohexane	608.31		1699300|6206125
akt1	Kidney Diseases	MESH:D007674	AKT1	207	Urogenital disease (female)|Urogenital disease (male)	Homocysteine	608.31		20116427
akt1	Kidney Diseases	MESH:D007674	AKT1	207	Urogenital disease (female)|Urogenital disease (male)	Hydrogen Peroxide	608.31		29463041
akt1	Kidney Diseases	MESH:D007674	AKT1	207	Urogenital disease (female)|Urogenital disease (male)	hydroquinone	608.31		9450487
akt1	Kidney Diseases	MESH:D007674	AKT1	207	Urogenital disease (female)|Urogenital disease (male)	Indomethacin	608.31		10516392|12970633|1489412|15037210|17190690|1913620|19445918|19761811|20035423|2112558|2284768|2424533|25110317|2766920|7019841|7108667|7661171|7791169|8308589|8440438|9284854|9507041|9521382
akt1	Kidney Diseases	MESH:D007674	AKT1	207	Urogenital disease (female)|Urogenital disease (male)	iodixanol	608.31		15926184|16502177|16528264|17035872|17140161|17562951|17882021|18301313|18415784|18771430|19021282|19288321|20031753
akt1	Kidney Diseases	MESH:D007674	AKT1	207	Urogenital disease (female)|Urogenital disease (male)	Irbesartan	608.31		15101793|9407464
akt1	Kidney Diseases	MESH:D007674	AKT1	207	Urogenital disease (female)|Urogenital disease (male)	Iron-Dextran Complex	608.31		17699372
akt1	Kidney Diseases	MESH:D007674	AKT1	207	Urogenital disease (female)|Urogenital disease (male)	Isoflurane	608.31		10357366|9459267
akt1	Kidney Diseases	MESH:D007674	AKT1	207	Urogenital disease (female)|Urogenital disease (male)	isoliquiritigenin	608.31		37561086
akt1	Kidney Diseases	MESH:D007674	AKT1	207	Urogenital disease (female)|Urogenital disease (male)	L 783281	608.31		29526571
akt1	Kidney Diseases	MESH:D007674	AKT1	207	Urogenital disease (female)|Urogenital disease (male)	Lead	608.31		16601012|17715263|19700501|19921116|22066453|23792432|24276216|24631795|26612503|30090589|32246071|34350654|36840722
akt1	Kidney Diseases	MESH:D007674	AKT1	207	Urogenital disease (female)|Urogenital disease (male)	lead acetate	608.31		17882470|22581110|22728154|23428833|30980911|32116774
akt1	Kidney Diseases	MESH:D007674	AKT1	207	Urogenital disease (female)|Urogenital disease (male)	lipopolysaccharide, E coli O55-B5	608.31		18754105
akt1	Kidney Diseases	MESH:D007674	AKT1	207	Urogenital disease (female)|Urogenital disease (male)	lipopolysaccharide, Escherichia coli O111 B4	608.31		35838105
akt1	Kidney Diseases	MESH:D007674	AKT1	207	Urogenital disease (female)|Urogenital disease (male)	Lipopolysaccharides	608.31		12861172|21327618|22128259|26271896|33038329|9445295
akt1	Kidney Diseases	MESH:D007674	AKT1	207	Urogenital disease (female)|Urogenital disease (male)	Lithium	608.31		11552956|11721167|12472779|1429477|15055062|15088368|15601320|1603021|17524337|18155820|18758659|1949611|19540417|2125390|2525746|2791367|3092582|3446211|3555125|3811922|3939219|3983343|4091028|415191|436580|464146|538220|5570417|600969|628280|6371681|6440039|6738833|6782612|6806675|6854543|6956771|696319|7096532|7171913|7212107|7237329|7242426|7253363|7315479|7427126|7443778|7468828|78070|7816284|8015291|8167002|926612|9784708
akt1	Kidney Diseases	MESH:D007674	AKT1	207	Urogenital disease (female)|Urogenital disease (male)	Lithium Chloride	608.31		23651617|2873033|8773480|9694524
akt1	Kidney Diseases	MESH:D007674	AKT1	207	Urogenital disease (female)|Urogenital disease (male)	Lovastatin	608.31		26739623
akt1	Kidney Diseases	MESH:D007674	AKT1	207	Urogenital disease (female)|Urogenital disease (male)	Luteolin	608.31		23770416|31091348
akt1	Kidney Diseases	MESH:D007674	AKT1	207	Urogenital disease (female)|Urogenital disease (male)	Lycopene	608.31		22108423|30360616|36610486
akt1	Kidney Diseases	MESH:D007674	AKT1	207	Urogenital disease (female)|Urogenital disease (male)	Magnesium	608.31		14518698|9926976
akt1	Kidney Diseases	MESH:D007674	AKT1	207	Urogenital disease (female)|Urogenital disease (male)	Malondialdehyde	608.31		17891346
akt1	Kidney Diseases	MESH:D007674	AKT1	207	Urogenital disease (female)|Urogenital disease (male)	Manganese	608.31		23339144|30090589|32246071
akt1	Kidney Diseases	MESH:D007674	AKT1	207	Urogenital disease (female)|Urogenital disease (male)	manganese chloride	608.31		17882470
akt1	Kidney Diseases	MESH:D007674	AKT1	207	Urogenital disease (female)|Urogenital disease (male)	mangiferin	608.31		12093613|22118634
akt1	Kidney Diseases	MESH:D007674	AKT1	207	Urogenital disease (female)|Urogenital disease (male)	Masoprocol	608.31		18155343
akt1	Kidney Diseases	MESH:D007674	AKT1	207	Urogenital disease (female)|Urogenital disease (male)	Melatonin	608.31		10759677|16236146|16443174|18717515|19117117|27899301
akt1	Kidney Diseases	MESH:D007674	AKT1	207	Urogenital disease (female)|Urogenital disease (male)	Meloxicam	608.31		17485922|24799355
akt1	Kidney Diseases	MESH:D007674	AKT1	207	Urogenital disease (female)|Urogenital disease (male)	Mercuric Chloride	608.31		10696793|12194165|12490134|16871242|17516994|17882470|18441258|18536492|19501138|20804780|21126564|21259295|21369715|21616119|21787585|22108423|22416658|2386429|24751971|2769936|2905310|32599119|5798944|7830283
akt1	Kidney Diseases	MESH:D007674	AKT1	207	Urogenital disease (female)|Urogenital disease (male)	Metformin	608.31		17520852|20431573
akt1	Kidney Diseases	MESH:D007674	AKT1	207	Urogenital disease (female)|Urogenital disease (male)	Methamphetamine	608.31		37567421
akt1	Kidney Diseases	MESH:D007674	AKT1	207	Urogenital disease (female)|Urogenital disease (male)	Methionine	608.31		20406136
akt1	Kidney Diseases	MESH:D007674	AKT1	207	Urogenital disease (female)|Urogenital disease (male)	Methotrexate	608.31		10206466|11881788|12196049|12376811|12533039|16246977|16877488|17613868|18055849|18551038|1913620|24241962|27377006|29216766|37312617|5763245|6609105|8943876
akt1	Kidney Diseases	MESH:D007674	AKT1	207	Urogenital disease (female)|Urogenital disease (male)	Methoxychlor	608.31		25057798|35440735
akt1	Kidney Diseases	MESH:D007674	AKT1	207	Urogenital disease (female)|Urogenital disease (male)	methylmercuric chloride	608.31		28526320
akt1	Kidney Diseases	MESH:D007674	AKT1	207	Urogenital disease (female)|Urogenital disease (male)	Methylmercury Compounds	608.31		21126564|22903822
akt1	Kidney Diseases	MESH:D007674	AKT1	207	Urogenital disease (female)|Urogenital disease (male)	Methylprednisolone	608.31		3370134|8842768
akt1	Kidney Diseases	MESH:D007674	AKT1	207	Urogenital disease (female)|Urogenital disease (male)	Metoprolol	608.31		11576345
akt1	Kidney Diseases	MESH:D007674	AKT1	207	Urogenital disease (female)|Urogenital disease (male)	Mitomycin	608.31		6010939|6105503
akt1	Kidney Diseases	MESH:D007674	AKT1	207	Urogenital disease (female)|Urogenital disease (male)	Monocrotaline	608.31		19761811|21327618
akt1	Kidney Diseases	MESH:D007674	AKT1	207	Urogenital disease (female)|Urogenital disease (male)	morin	608.31		18787798|26767949
akt1	Kidney Diseases	MESH:D007674	AKT1	207	Urogenital disease (female)|Urogenital disease (male)	Morphine	608.31		18385270
akt1	Kidney Diseases	MESH:D007674	AKT1	207	Urogenital disease (female)|Urogenital disease (male)	Mycophenolic Acid	608.31		12414515|18209918|18589147|19926370
akt1	Kidney Diseases	MESH:D007674	AKT1	207	Urogenital disease (female)|Urogenital disease (male)	Naloxone	608.31		18385270
akt1	Kidney Diseases	MESH:D007674	AKT1	207	Urogenital disease (female)|Urogenital disease (male)	Nanotubes, Carbon	608.31		32856799
akt1	Kidney Diseases	MESH:D007674	AKT1	207	Urogenital disease (female)|Urogenital disease (male)	naringenin	608.31		19063931|31063766
akt1	Kidney Diseases	MESH:D007674	AKT1	207	Urogenital disease (female)|Urogenital disease (male)	naringin	608.31		26612654
akt1	Kidney Diseases	MESH:D007674	AKT1	207	Urogenital disease (female)|Urogenital disease (male)	Niacinamide	608.31		21630391
akt1	Kidney Diseases	MESH:D007674	AKT1	207	Urogenital disease (female)|Urogenital disease (male)	Nickel	608.31		30090589|31639282
akt1	Kidney Diseases	MESH:D007674	AKT1	207	Urogenital disease (female)|Urogenital disease (male)	nickel chloride	608.31		17882470|25253428|25560666
akt1	Kidney Diseases	MESH:D007674	AKT1	207	Urogenital disease (female)|Urogenital disease (male)	Nifedipine	608.31		14518698
akt1	Kidney Diseases	MESH:D007674	AKT1	207	Urogenital disease (female)|Urogenital disease (male)	Nitric Oxide	608.31		15213268|17391827
akt1	Kidney Diseases	MESH:D007674	AKT1	207	Urogenital disease (female)|Urogenital disease (male)	nobiletin	608.31		31777137
akt1	Kidney Diseases	MESH:D007674	AKT1	207	Urogenital disease (female)|Urogenital disease (male)	Norepinephrine	608.31		6156352
akt1	Kidney Diseases	MESH:D007674	AKT1	207	Urogenital disease (female)|Urogenital disease (male)	Nystatin	608.31		22863853
akt1	Kidney Diseases	MESH:D007674	AKT1	207	Urogenital disease (female)|Urogenital disease (male)	ochratoxin A	608.31		11409539|14994279|19490938|21554934|21781659|22124623|23391613|25218026|27923682|28699257|29126803|31369848|32468156|32617660|33543323|33722575|34126166
akt1	Kidney Diseases	MESH:D007674	AKT1	207	Urogenital disease (female)|Urogenital disease (male)	Oleanolic Acid	608.31		17391827|19548288|31306688
akt1	Kidney Diseases	MESH:D007674	AKT1	207	Urogenital disease (female)|Urogenital disease (male)	olmesartan	608.31		22318512
akt1	Kidney Diseases	MESH:D007674	AKT1	207	Urogenital disease (female)|Urogenital disease (male)	Oxaliplatin	608.31		19736245
akt1	Kidney Diseases	MESH:D007674	AKT1	207	Urogenital disease (female)|Urogenital disease (male)	Oxygen	608.31		25214260|25448280
akt1	Kidney Diseases	MESH:D007674	AKT1	207	Urogenital disease (female)|Urogenital disease (male)	Ozone	608.31		20446790
akt1	Kidney Diseases	MESH:D007674	AKT1	207	Urogenital disease (female)|Urogenital disease (male)	Paclitaxel	608.31		8751544|9057954|9164208
akt1	Kidney Diseases	MESH:D007674	AKT1	207	Urogenital disease (female)|Urogenital disease (male)	Paraquat	608.31		20095327
akt1	Kidney Diseases	MESH:D007674	AKT1	207	Urogenital disease (female)|Urogenital disease (male)	Particulate Matter	608.31		33393722
akt1	Kidney Diseases	MESH:D007674	AKT1	207	Urogenital disease (female)|Urogenital disease (male)	Patulin	608.31		22847133|26584762
akt1	Kidney Diseases	MESH:D007674	AKT1	207	Urogenital disease (female)|Urogenital disease (male)	Permethrin	608.31		24121187|33148267
akt1	Kidney Diseases	MESH:D007674	AKT1	207	Urogenital disease (female)|Urogenital disease (male)	Peroxynitrous Acid	608.31		19917352
akt1	Kidney Diseases	MESH:D007674	AKT1	207	Urogenital disease (female)|Urogenital disease (male)	phenanthrene	608.31		2860738
akt1	Kidney Diseases	MESH:D007674	AKT1	207	Urogenital disease (female)|Urogenital disease (male)	Phenobarbital	608.31		11594702|1239223|17006072|2734806|4416261|6782217|7059030|982456
akt1	Kidney Diseases	MESH:D007674	AKT1	207	Urogenital disease (female)|Urogenital disease (male)	Phosphates	608.31		5683348
akt1	Kidney Diseases	MESH:D007674	AKT1	207	Urogenital disease (female)|Urogenital disease (male)	Plant Extracts	608.31		15267137|15577213|16671961|17132217|17135156|17385802|19952499|19960953|21939360|32651782
akt1	Kidney Diseases	MESH:D007674	AKT1	207	Urogenital disease (female)|Urogenital disease (male)	Plant Preparations	608.31		19883716|28284660|33393722
akt1	Kidney Diseases	MESH:D007674	AKT1	207	Urogenital disease (female)|Urogenital disease (male)	Polysaccharides	608.31		34687833
akt1	Kidney Diseases	MESH:D007674	AKT1	207	Urogenital disease (female)|Urogenital disease (male)	potassium bromate	608.31		23159986|23588252|25213677|27074584
akt1	Kidney Diseases	MESH:D007674	AKT1	207	Urogenital disease (female)|Urogenital disease (male)	Potassium Dichromate	608.31		15854231|17822687|18155343|18441258|18805471|19665454|19913299|22115772|25245570|2905310|30090589|32980475
akt1	Kidney Diseases	MESH:D007674	AKT1	207	Urogenital disease (female)|Urogenital disease (male)	Procaine	608.31		8845212
akt1	Kidney Diseases	MESH:D007674	AKT1	207	Urogenital disease (female)|Urogenital disease (male)	Progesterone	608.31		6305905
akt1	Kidney Diseases	MESH:D007674	AKT1	207	Urogenital disease (female)|Urogenital disease (male)	Propofol	608.31		18502357
akt1	Kidney Diseases	MESH:D007674	AKT1	207	Urogenital disease (female)|Urogenital disease (male)	pterostilbene	608.31		22865646
akt1	Kidney Diseases	MESH:D007674	AKT1	207	Urogenital disease (female)|Urogenital disease (male)	purpurin anthraquinone	608.31		35838105
akt1	Kidney Diseases	MESH:D007674	AKT1	207	Urogenital disease (female)|Urogenital disease (male)	Pyrethrins	608.31		35678313
akt1	Kidney Diseases	MESH:D007674	AKT1	207	Urogenital disease (female)|Urogenital disease (male)	pyrrolidine dithiocarbamic acid	608.31		11124598|16925772
akt1	Kidney Diseases	MESH:D007674	AKT1	207	Urogenital disease (female)|Urogenital disease (male)	Quercetin	608.31		16962696|19605544|19615871|21909718|22728154|34748891|36990423
akt1	Kidney Diseases	MESH:D007674	AKT1	207	Urogenital disease (female)|Urogenital disease (male)	Razoxane	608.31		10755322|1905199|3124293|7987999
akt1	Kidney Diseases	MESH:D007674	AKT1	207	Urogenital disease (female)|Urogenital disease (male)	Reserpine	608.31		19952499
akt1	Kidney Diseases	MESH:D007674	AKT1	207	Urogenital disease (female)|Urogenital disease (male)	Resveratrol	608.31		16971220|17202664|18754105|20651248|22865646|23471352|23767859|25025298|26423427|27377006|29574132|32894639
akt1	Kidney Diseases	MESH:D007674	AKT1	207	Urogenital disease (female)|Urogenital disease (male)	Rimonabant	608.31		17882151
akt1	Kidney Diseases	MESH:D007674	AKT1	207	Urogenital disease (female)|Urogenital disease (male)	Rosiglitazone	608.31		18413206|19193937|19246972
akt1	Kidney Diseases	MESH:D007674	AKT1	207	Urogenital disease (female)|Urogenital disease (male)	Rosuvastatin Calcium	608.31		15073451|27097221
akt1	Kidney Diseases	MESH:D007674	AKT1	207	Urogenital disease (female)|Urogenital disease (male)	Rutin	608.31		19605544|21605616
akt1	Kidney Diseases	MESH:D007674	AKT1	207	Urogenital disease (female)|Urogenital disease (male)	salubrinal	608.31		21616140
akt1	Kidney Diseases	MESH:D007674	AKT1	207	Urogenital disease (female)|Urogenital disease (male)	sarpogrelate	608.31		27097221
akt1	Kidney Diseases	MESH:D007674	AKT1	207	Urogenital disease (female)|Urogenital disease (male)	Selenium	608.31		1588439|17448585|19913299|21424224
akt1	Kidney Diseases	MESH:D007674	AKT1	207	Urogenital disease (female)|Urogenital disease (male)	Sevoflurane	608.31		10357366|9356118|9356119|9805693
akt1	Kidney Diseases	MESH:D007674	AKT1	207	Urogenital disease (female)|Urogenital disease (male)	Sildenafil Citrate	608.31		19152827
akt1	Kidney Diseases	MESH:D007674	AKT1	207	Urogenital disease (female)|Urogenital disease (male)	Silymarin	608.31		18487002|23339144|27616468
akt1	Kidney Diseases	MESH:D007674	AKT1	207	Urogenital disease (female)|Urogenital disease (male)	Simvastatin	608.31		20403180
akt1	Kidney Diseases	MESH:D007674	AKT1	207	Urogenital disease (female)|Urogenital disease (male)	Sirolimus	608.31		12394605|12584269|12660339|15102967|17003813|17147461|17261434|17347279|17504225|18339148|19671594|19926370|20832541|21865292
akt1	Kidney Diseases	MESH:D007674	AKT1	207	Urogenital disease (female)|Urogenital disease (male)	sodium arsenate	608.31		30456172|33418080
akt1	Kidney Diseases	MESH:D007674	AKT1	207	Urogenital disease (female)|Urogenital disease (male)	sodium arsenite	608.31		10924798|17882470|18434106|19672740|20008137|24961358|26349760|26631322|29935397|30066062|30558456|31844926|34006163
akt1	Kidney Diseases	MESH:D007674	AKT1	207	Urogenital disease (female)|Urogenital disease (male)	sodium bichromate	608.31		11489360
akt1	Kidney Diseases	MESH:D007674	AKT1	207	Urogenital disease (female)|Urogenital disease (male)	sodium bisulfide	608.31		26523793
akt1	Kidney Diseases	MESH:D007674	AKT1	207	Urogenital disease (female)|Urogenital disease (male)	Sodium Chloride	608.31		1462001|19841131|2369495|2586007
akt1	Kidney Diseases	MESH:D007674	AKT1	207	Urogenital disease (female)|Urogenital disease (male)	Sodium Fluoride	608.31		20859737|23933529|31844926|37105417|982456
akt1	Kidney Diseases	MESH:D007674	AKT1	207	Urogenital disease (female)|Urogenital disease (male)	Sodium Selenite	608.31		25728528
akt1	Kidney Diseases	MESH:D007674	AKT1	207	Urogenital disease (female)|Urogenital disease (male)	Streptozocin	608.31		11798618|12093613|12956402|135666|15053821|16037304|18413206|185926|19246972|19369054|19616452|199092|20732820|21450970|21630391|23376009|23767859|24877639|24923654|25665769|27292126|29526571|30642005|31063766|31726037|32246071|33387473|33639173|34039237|34212273|35243728|37054934
akt1	Kidney Diseases	MESH:D007674	AKT1	207	Urogenital disease (female)|Urogenital disease (male)	sulforaphane	608.31		24512358|30835071|37567421
akt1	Kidney Diseases	MESH:D007674	AKT1	207	Urogenital disease (female)|Urogenital disease (male)	T-2 Toxin	608.31		33508416
akt1	Kidney Diseases	MESH:D007674	AKT1	207	Urogenital disease (female)|Urogenital disease (male)	Tamoxifen	608.31		17698946
akt1	Kidney Diseases	MESH:D007674	AKT1	207	Urogenital disease (female)|Urogenital disease (male)	Taurine	608.31		17698946|18414974|19672740|20067817|25213677
akt1	Kidney Diseases	MESH:D007674	AKT1	207	Urogenital disease (female)|Urogenital disease (male)	tempol	608.31		14748758|17640563
akt1	Kidney Diseases	MESH:D007674	AKT1	207	Urogenital disease (female)|Urogenital disease (male)	tetrabromobisphenol A	608.31		16716481
akt1	Kidney Diseases	MESH:D007674	AKT1	207	Urogenital disease (female)|Urogenital disease (male)	tetramethylpyrazine	608.31		24200859|24961358
akt1	Kidney Diseases	MESH:D007674	AKT1	207	Urogenital disease (female)|Urogenital disease (male)	Thalidomide	608.31		21505091|26134001
akt1	Kidney Diseases	MESH:D007674	AKT1	207	Urogenital disease (female)|Urogenital disease (male)	Thioacetamide	608.31		19761811|23142791|37008694
akt1	Kidney Diseases	MESH:D007674	AKT1	207	Urogenital disease (female)|Urogenital disease (male)	Thioctic Acid	608.31		16236146|18068886|21763304
akt1	Kidney Diseases	MESH:D007674	AKT1	207	Urogenital disease (female)|Urogenital disease (male)	thymoquinone	608.31		25268985|30558456
akt1	Kidney Diseases	MESH:D007674	AKT1	207	Urogenital disease (female)|Urogenital disease (male)	Thyroxine	608.31		1322021
akt1	Kidney Diseases	MESH:D007674	AKT1	207	Urogenital disease (female)|Urogenital disease (male)	titanium dioxide	608.31		25406100
akt1	Kidney Diseases	MESH:D007674	AKT1	207	Urogenital disease (female)|Urogenital disease (male)	trans-sodium crocetinate	608.31		32919218
akt1	Kidney Diseases	MESH:D007674	AKT1	207	Urogenital disease (female)|Urogenital disease (male)	Trichloroethylene	608.31		17285313|22728725|23037997|31068537|31618666|33132242
akt1	Kidney Diseases	MESH:D007674	AKT1	207	Urogenital disease (female)|Urogenital disease (male)	Triclosan	608.31		145039
akt1	Kidney Diseases	MESH:D007674	AKT1	207	Urogenital disease (female)|Urogenital disease (male)	Trimetazidine	608.31		10551656|17065180
akt1	Kidney Diseases	MESH:D007674	AKT1	207	Urogenital disease (female)|Urogenital disease (male)	triptolide	608.31		19879934
akt1	Kidney Diseases	MESH:D007674	AKT1	207	Urogenital disease (female)|Urogenital disease (male)	uranyl acetate	608.31		19931553|26523793
akt1	Kidney Diseases	MESH:D007674	AKT1	207	Urogenital disease (female)|Urogenital disease (male)	Valproic Acid	608.31		10937350|11322374|3935422|6782217|9175586
akt1	Kidney Diseases	MESH:D007674	AKT1	207	Urogenital disease (female)|Urogenital disease (male)	Valsartan	608.31		10903974|12164870|16893502|21728903|35114312
akt1	Kidney Diseases	MESH:D007674	AKT1	207	Urogenital disease (female)|Urogenital disease (male)	Vehicle Emissions	608.31		33393722
akt1	Kidney Diseases	MESH:D007674	AKT1	207	Urogenital disease (female)|Urogenital disease (male)	Vemurafenib	608.31		26930506
akt1	Kidney Diseases	MESH:D007674	AKT1	207	Urogenital disease (female)|Urogenital disease (male)	Verapamil	608.31		12419699|1876283|23428833
akt1	Kidney Diseases	MESH:D007674	AKT1	207	Urogenital disease (female)|Urogenital disease (male)	vinclozolin	608.31		20927350|21570938|31682807
akt1	Kidney Diseases	MESH:D007674	AKT1	207	Urogenital disease (female)|Urogenital disease (male)	Vincristine	608.31		11305414
akt1	Kidney Diseases	MESH:D007674	AKT1	207	Urogenital disease (female)|Urogenital disease (male)	Vitamin E	608.31		12488133|15669049|17448119|23347876|9530244
akt1	Kidney Diseases	MESH:D007674	AKT1	207	Urogenital disease (female)|Urogenital disease (male)	Warfarin	608.31		10604355|16538970|3944305|4171018
akt1	Kidney Diseases	MESH:D007674	AKT1	207	Urogenital disease (female)|Urogenital disease (male)	Zearalenone	608.31		17385802
akt1	Kidney Diseases	MESH:D007674	AKT1	207	Urogenital disease (female)|Urogenital disease (male)	Zidovudine	608.31		8806849
akt1	Kidney Diseases	MESH:D007674	AKT1	207	Urogenital disease (female)|Urogenital disease (male)	Zinc	608.31		16960431|19369054|19445918|21424224|30090589|32544558
akt1	Kidney Diseases	MESH:D007674	AKT1	207	Urogenital disease (female)|Urogenital disease (male)	zingerone	608.31		36822304
akt1	Kidney Diseases	MESH:D007674	AKT1	207	Urogenital disease (female)|Urogenital disease (male)	Zoledronic Acid	608.31		17136870
akt1	Kidney Diseases, Cystic	MESH:D052177	AKT1	207	Urogenital disease (female)|Urogenital disease (male)	Alcohols	20.42		10795615
akt1	Kidney Diseases, Cystic	MESH:D052177	AKT1	207	Urogenital disease (female)|Urogenital disease (male)	Alloxan	20.42		9879822
akt1	Kidney Diseases, Cystic	MESH:D052177	AKT1	207	Urogenital disease (female)|Urogenital disease (male)	Enalapril	20.42		2841532
akt1	Kidney Diseases, Cystic	MESH:D052177	AKT1	207	Urogenital disease (female)|Urogenital disease (male)	Furosemide	20.42		2841532
akt1	Kidney Diseases, Cystic	MESH:D052177	AKT1	207	Urogenital disease (female)|Urogenital disease (male)	Glyphosate	20.42		31011160
akt1	Kidney Diseases, Cystic	MESH:D052177	AKT1	207	Urogenital disease (female)|Urogenital disease (male)	Indomethacin	20.42		8092206
akt1	Kidney Diseases, Cystic	MESH:D052177	AKT1	207	Urogenital disease (female)|Urogenital disease (male)	Masoprocol	20.42		5431225
akt1	Kidney Diseases, Cystic	MESH:D052177	AKT1	207	Urogenital disease (female)|Urogenital disease (male)	Streptozocin	20.42		9879822
akt1	Kidney disorder involving deposition of calcium and oxalate or phosphate in the renal tubules	MESH:C531755	AKT1	207	Metabolic disease|Urogenital disease (female)|Urogenital disease (male)	Orlistat	4.68		17185156
akt1	Kidney Failure, Chronic	MESH:D007676	AKT1	207	Pathology (process)|Urogenital disease (female)|Urogenital disease (male)	Acetaminophen	90.27		11752356|3050572|7969358
akt1	Kidney Failure, Chronic	MESH:D007676	AKT1	207	Pathology (process)|Urogenital disease (female)|Urogenital disease (male)	alachlor	90.27		26177651
akt1	Kidney Failure, Chronic	MESH:D007676	AKT1	207	Pathology (process)|Urogenital disease (female)|Urogenital disease (male)	Amoxicillin	90.27		1855326
akt1	Kidney Failure, Chronic	MESH:D007676	AKT1	207	Pathology (process)|Urogenital disease (female)|Urogenital disease (male)	Aspirin	90.27		11752356|15882284|5101354
akt1	Kidney Failure, Chronic	MESH:D007676	AKT1	207	Pathology (process)|Urogenital disease (female)|Urogenital disease (male)	Atrazine	90.27		26177651
akt1	Kidney Failure, Chronic	MESH:D007676	AKT1	207	Pathology (process)|Urogenital disease (female)|Urogenital disease (male)	Cadmium	90.27		23343055
akt1	Kidney Failure, Chronic	MESH:D007676	AKT1	207	Pathology (process)|Urogenital disease (female)|Urogenital disease (male)	Calcitriol	90.27		15354979|3439654|6760236
akt1	Kidney Failure, Chronic	MESH:D007676	AKT1	207	Pathology (process)|Urogenital disease (female)|Urogenital disease (male)	Carboplatin	90.27		14738305
akt1	Kidney Failure, Chronic	MESH:D007676	AKT1	207	Pathology (process)|Urogenital disease (female)|Urogenital disease (male)	Carvedilol	90.27		15960146
akt1	Kidney Failure, Chronic	MESH:D007676	AKT1	207	Pathology (process)|Urogenital disease (female)|Urogenital disease (male)	Cholesterol, LDL	90.27		18070995
akt1	Kidney Failure, Chronic	MESH:D007676	AKT1	207	Pathology (process)|Urogenital disease (female)|Urogenital disease (male)	Ciprofloxacin	90.27		12911170
akt1	Kidney Failure, Chronic	MESH:D007676	AKT1	207	Pathology (process)|Urogenital disease (female)|Urogenital disease (male)	Cocaine	90.27		10745478|11532684|15335299
akt1	Kidney Failure, Chronic	MESH:D007676	AKT1	207	Pathology (process)|Urogenital disease (female)|Urogenital disease (male)	Copper	90.27		16518626
akt1	Kidney Failure, Chronic	MESH:D007676	AKT1	207	Pathology (process)|Urogenital disease (female)|Urogenital disease (male)	Curcumin	90.27		19225048
akt1	Kidney Failure, Chronic	MESH:D007676	AKT1	207	Pathology (process)|Urogenital disease (female)|Urogenital disease (male)	Daunorubicin	90.27		1895550|2250403|2352357
akt1	Kidney Failure, Chronic	MESH:D007676	AKT1	207	Pathology (process)|Urogenital disease (female)|Urogenital disease (male)	Diphtheria Toxin	90.27		21937979
akt1	Kidney Failure, Chronic	MESH:D007676	AKT1	207	Pathology (process)|Urogenital disease (female)|Urogenital disease (male)	Doxorubicin	90.27		11014987|15960146|16707910|9102927
akt1	Kidney Failure, Chronic	MESH:D007676	AKT1	207	Pathology (process)|Urogenital disease (female)|Urogenital disease (male)	Drugs, Chinese Herbal	90.27		11938814|12686663
akt1	Kidney Failure, Chronic	MESH:D007676	AKT1	207	Pathology (process)|Urogenital disease (female)|Urogenital disease (male)	Enalapril	90.27		16631587|19225048|20006961|21937979|2555956|8157899
akt1	Kidney Failure, Chronic	MESH:D007676	AKT1	207	Pathology (process)|Urogenital disease (female)|Urogenital disease (male)	Folic Acid	90.27		4810836
akt1	Kidney Failure, Chronic	MESH:D007676	AKT1	207	Pathology (process)|Urogenital disease (female)|Urogenital disease (male)	Foscarnet	90.27		9740173
akt1	Kidney Failure, Chronic	MESH:D007676	AKT1	207	Pathology (process)|Urogenital disease (female)|Urogenital disease (male)	Furosemide	90.27		786692
akt1	Kidney Failure, Chronic	MESH:D007676	AKT1	207	Pathology (process)|Urogenital disease (female)|Urogenital disease (male)	Glucose	90.27		9551423
akt1	Kidney Failure, Chronic	MESH:D007676	AKT1	207	Pathology (process)|Urogenital disease (female)|Urogenital disease (male)	Hydrogen Peroxide	90.27		16518626
akt1	Kidney Failure, Chronic	MESH:D007676	AKT1	207	Pathology (process)|Urogenital disease (female)|Urogenital disease (male)	Indomethacin	90.27		6986554
akt1	Kidney Failure, Chronic	MESH:D007676	AKT1	207	Pathology (process)|Urogenital disease (female)|Urogenital disease (male)	Irbesartan	90.27		11104169|11765585
akt1	Kidney Failure, Chronic	MESH:D007676	AKT1	207	Pathology (process)|Urogenital disease (female)|Urogenital disease (male)	Lead	90.27		23343055
akt1	Kidney Failure, Chronic	MESH:D007676	AKT1	207	Pathology (process)|Urogenital disease (female)|Urogenital disease (male)	Lithium	90.27		11200820|11418269|12148451|1378968|15601320|19940841|20430244|2517543|2770247|3739727|4090985|6516842|6657461|7884032|8376615|9101586|9408819|9789472
akt1	Kidney Failure, Chronic	MESH:D007676	AKT1	207	Pathology (process)|Urogenital disease (female)|Urogenital disease (male)	Lovastatin	90.27		8918723
akt1	Kidney Failure, Chronic	MESH:D007676	AKT1	207	Pathology (process)|Urogenital disease (female)|Urogenital disease (male)	Malondialdehyde	90.27		16518626
akt1	Kidney Failure, Chronic	MESH:D007676	AKT1	207	Pathology (process)|Urogenital disease (female)|Urogenital disease (male)	Melatonin	90.27		12019361
akt1	Kidney Failure, Chronic	MESH:D007676	AKT1	207	Pathology (process)|Urogenital disease (female)|Urogenital disease (male)	Methamphetamine	90.27		9794581
akt1	Kidney Failure, Chronic	MESH:D007676	AKT1	207	Pathology (process)|Urogenital disease (female)|Urogenital disease (male)	Mitomycin	90.27		6340628|6796250|6810311|9016902
akt1	Kidney Failure, Chronic	MESH:D007676	AKT1	207	Pathology (process)|Urogenital disease (female)|Urogenital disease (male)	Niacin	90.27		19878707
akt1	Kidney Failure, Chronic	MESH:D007676	AKT1	207	Pathology (process)|Urogenital disease (female)|Urogenital disease (male)	N-Methyl-3,4-methylenedioxyamphetamine	90.27		9794581
akt1	Kidney Failure, Chronic	MESH:D007676	AKT1	207	Pathology (process)|Urogenital disease (female)|Urogenital disease (male)	Paraquat	90.27		26177651
akt1	Kidney Failure, Chronic	MESH:D007676	AKT1	207	Pathology (process)|Urogenital disease (female)|Urogenital disease (male)	Permethrin	90.27		26177651
akt1	Kidney Failure, Chronic	MESH:D007676	AKT1	207	Pathology (process)|Urogenital disease (female)|Urogenital disease (male)	Propylthiouracil	90.27		10344375
akt1	Kidney Failure, Chronic	MESH:D007676	AKT1	207	Pathology (process)|Urogenital disease (female)|Urogenital disease (male)	Selenium	90.27		16518626
akt1	Kidney Failure, Chronic	MESH:D007676	AKT1	207	Pathology (process)|Urogenital disease (female)|Urogenital disease (male)	Simvastatin	90.27		12410059
akt1	Kidney Failure, Chronic	MESH:D007676	AKT1	207	Pathology (process)|Urogenital disease (female)|Urogenital disease (male)	Streptozocin	90.27		6459048
akt1	Kidney Failure, Chronic	MESH:D007676	AKT1	207	Pathology (process)|Urogenital disease (female)|Urogenital disease (male)	Sulindac	90.27		3884224
akt1	Kidney Failure, Chronic	MESH:D007676	AKT1	207	Pathology (process)|Urogenital disease (female)|Urogenital disease (male)	Zidovudine	90.27		11263401
akt1	Kidney Failure, Chronic	MESH:D007676	AKT1	207	Pathology (process)|Urogenital disease (female)|Urogenital disease (male)	Zinc	90.27		16518626
akt1	Kidney Neoplasms	MESH:D007680	AKT1	207	Cancer|Urogenital disease (female)|Urogenital disease (male)	1,2-Dimethylhydrazine	98.52		9695784
akt1	Kidney Neoplasms	MESH:D007680	AKT1	207	Cancer|Urogenital disease (female)|Urogenital disease (male)	2,4-dinitrotoluene	98.52		16705839
akt1	Kidney Neoplasms	MESH:D007680	AKT1	207	Cancer|Urogenital disease (female)|Urogenital disease (male)	2-Acetylaminofluorene	98.52		28245158
akt1	Kidney Neoplasms	MESH:D007680	AKT1	207	Cancer|Urogenital disease (female)|Urogenital disease (male)	Acetaminophen	98.52		11679798|2912549|3834336|8793360
akt1	Kidney Neoplasms	MESH:D007680	AKT1	207	Cancer|Urogenital disease (female)|Urogenital disease (male)	Aflatoxin B1	98.52		22545673
akt1	Kidney Neoplasms	MESH:D007680	AKT1	207	Cancer|Urogenital disease (female)|Urogenital disease (male)	Anthraquinones	98.52		15804751|28321044
akt1	Kidney Neoplasms	MESH:D007680	AKT1	207	Cancer|Urogenital disease (female)|Urogenital disease (male)	aristolochic acid I	98.52		19643159|21642617
akt1	Kidney Neoplasms	MESH:D007680	AKT1	207	Cancer|Urogenital disease (female)|Urogenital disease (male)	Arsenic	98.52		23471352|9554605
akt1	Kidney Neoplasms	MESH:D007680	AKT1	207	Cancer|Urogenital disease (female)|Urogenital disease (male)	Aspirin	98.52		2513898|2606581|2912549|4638853
akt1	Kidney Neoplasms	MESH:D007680	AKT1	207	Cancer|Urogenital disease (female)|Urogenital disease (male)	Azathioprine	98.52		17454960
akt1	Kidney Neoplasms	MESH:D007680	AKT1	207	Cancer|Urogenital disease (female)|Urogenital disease (male)	Azoxymethane	98.52		3965154
akt1	Kidney Neoplasms	MESH:D007680	AKT1	207	Cancer|Urogenital disease (female)|Urogenital disease (male)	Cadmium	98.52		20839231
akt1	Kidney Neoplasms	MESH:D007680	AKT1	207	Cancer|Urogenital disease (female)|Urogenital disease (male)	cadmium acetate	98.52		37128655
akt1	Kidney Neoplasms	MESH:D007680	AKT1	207	Cancer|Urogenital disease (female)|Urogenital disease (male)	Caffeine	98.52		2912549|4638853
akt1	Kidney Neoplasms	MESH:D007680	AKT1	207	Cancer|Urogenital disease (female)|Urogenital disease (male)	Captan	98.52		8441825
akt1	Kidney Neoplasms	MESH:D007680	AKT1	207	Cancer|Urogenital disease (female)|Urogenital disease (male)	Cholesterol	98.52		8221684
akt1	Kidney Neoplasms	MESH:D007680	AKT1	207	Cancer|Urogenital disease (female)|Urogenital disease (male)	chrysin	98.52		23194824
akt1	Kidney Neoplasms	MESH:D007680	AKT1	207	Cancer|Urogenital disease (female)|Urogenital disease (male)	Cisplatin	98.52		28321044
akt1	Kidney Neoplasms	MESH:D007680	AKT1	207	Cancer|Urogenital disease (female)|Urogenital disease (male)	Cyclophosphamide	98.52		10806575|12094715|1414768|18298334|3586163|6868239|7288948|8602639|9739590
akt1	Kidney Neoplasms	MESH:D007680	AKT1	207	Cancer|Urogenital disease (female)|Urogenital disease (male)	Cyclosporine	98.52		12371664|1825617
akt1	Kidney Neoplasms	MESH:D007680	AKT1	207	Cancer|Urogenital disease (female)|Urogenital disease (male)	Dactinomycin	98.52		11194540
akt1	Kidney Neoplasms	MESH:D007680	AKT1	207	Cancer|Urogenital disease (female)|Urogenital disease (male)	Diethylnitrosamine	98.52		11509115|1444806|23194824|28245158|3856057
akt1	Kidney Neoplasms	MESH:D007680	AKT1	207	Cancer|Urogenital disease (female)|Urogenital disease (male)	Diethylstilbestrol	98.52		14681315|15003126|16435123|16762066
akt1	Kidney Neoplasms	MESH:D007680	AKT1	207	Cancer|Urogenital disease (female)|Urogenital disease (male)	Doxorubicin	98.52		8602639
akt1	Kidney Neoplasms	MESH:D007680	AKT1	207	Cancer|Urogenital disease (female)|Urogenital disease (male)	Estradiol	98.52		10326862|10402247|15610895|8221684|9683190|9683193
akt1	Kidney Neoplasms	MESH:D007680	AKT1	207	Cancer|Urogenital disease (female)|Urogenital disease (male)	Estrone	98.52		15610895
akt1	Kidney Neoplasms	MESH:D007680	AKT1	207	Cancer|Urogenital disease (female)|Urogenital disease (male)	Ethylnitrosourea	98.52		17379185
akt1	Kidney Neoplasms	MESH:D007680	AKT1	207	Cancer|Urogenital disease (female)|Urogenital disease (male)	Fluorouracil	98.52		16985049
akt1	Kidney Neoplasms	MESH:D007680	AKT1	207	Cancer|Urogenital disease (female)|Urogenital disease (male)	Gefitinib	98.52		18625569
akt1	Kidney Neoplasms	MESH:D007680	AKT1	207	Cancer|Urogenital disease (female)|Urogenital disease (male)	Glucose	98.52		28916336
akt1	Kidney Neoplasms	MESH:D007680	AKT1	207	Cancer|Urogenital disease (female)|Urogenital disease (male)	hydroquinone	98.52		9450487
akt1	Kidney Neoplasms	MESH:D007680	AKT1	207	Cancer|Urogenital disease (female)|Urogenital disease (male)	Indomethacin	98.52		7614682
akt1	Kidney Neoplasms	MESH:D007680	AKT1	207	Cancer|Urogenital disease (female)|Urogenital disease (male)	Methylnitrosourea	98.52		11532874|28245158
akt1	Kidney Neoplasms	MESH:D007680	AKT1	207	Cancer|Urogenital disease (female)|Urogenital disease (male)	Niacinamide	98.52		207424
akt1	Kidney Neoplasms	MESH:D007680	AKT1	207	Cancer|Urogenital disease (female)|Urogenital disease (male)	ochratoxin A	98.52		16251485|17316727|17344223|17483316|17651772|1820338|18417182|21622941|22124623|22403158|28321044
akt1	Kidney Neoplasms	MESH:D007680	AKT1	207	Cancer|Urogenital disease (female)|Urogenital disease (male)	Phenobarbital	98.52		28245158
akt1	Kidney Neoplasms	MESH:D007680	AKT1	207	Cancer|Urogenital disease (female)|Urogenital disease (male)	potassium bromate	98.52		15840384|19833912|28321044
akt1	Kidney Neoplasms	MESH:D007680	AKT1	207	Cancer|Urogenital disease (female)|Urogenital disease (male)	Smoke	98.52		2912549|8602639
akt1	Kidney Neoplasms	MESH:D007680	AKT1	207	Cancer|Urogenital disease (female)|Urogenital disease (male)	Sorafenib	98.52		21750559|25489883
akt1	Kidney Neoplasms	MESH:D007680	AKT1	207	Cancer|Urogenital disease (female)|Urogenital disease (male)	Streptozocin	98.52		11396141|145871|1825617|1834880|207424|2532796|6210642|6225653|7697213|8290873|9083521
akt1	Kidney Neoplasms	MESH:D007680	AKT1	207	Cancer|Urogenital disease (female)|Urogenital disease (male)	Tamoxifen	98.52		18625569
akt1	Kidney Neoplasms	MESH:D007680	AKT1	207	Cancer|Urogenital disease (female)|Urogenital disease (male)	Testosterone	98.52		9140897
akt1	Kidney Neoplasms	MESH:D007680	AKT1	207	Cancer|Urogenital disease (female)|Urogenital disease (male)	Trichloroethylene	98.52		20663906|24923549
akt1	Kidney Neoplasms	MESH:D007680	AKT1	207	Cancer|Urogenital disease (female)|Urogenital disease (male)	tris(chloroethyl)phosphate	98.52		12637968|28321044
akt1	Kidney Neoplasms	MESH:D007680	AKT1	207	Cancer|Urogenital disease (female)|Urogenital disease (male)	Vincristine	98.52		11194540|8602639
akt1	Kidney Neoplasms	MESH:D007680	AKT1	207	Cancer|Urogenital disease (female)|Urogenital disease (male)	Vinyl Chloride	98.52		12562636
akt1	Kidney Neoplasms	MESH:D007680	AKT1	207	Cancer|Urogenital disease (female)|Urogenital disease (male)	Vitamin E	98.52		9192818
akt1	Kidney Neoplasms	MESH:D007680	AKT1	207	Cancer|Urogenital disease (female)|Urogenital disease (male)	Zidovudine	98.52		12579204
akt1	Kidney Papillary Necrosis	MESH:D007681	AKT1	207	Urogenital disease (female)|Urogenital disease (male)	2-anisidine	21.25		28321044
akt1	Kidney Papillary Necrosis	MESH:D007681	AKT1	207	Urogenital disease (female)|Urogenital disease (male)	Acetaminophen	21.25		1203171|1919871|2362779|3050572|3559797|6025602|6126946|6590001|6776978|7412682
akt1	Kidney Papillary Necrosis	MESH:D007681	AKT1	207	Urogenital disease (female)|Urogenital disease (male)	Acetic Acid	21.25		1488776
akt1	Kidney Papillary Necrosis	MESH:D007681	AKT1	207	Urogenital disease (female)|Urogenital disease (male)	Aspirin	21.25		1003266|1139519|1201638|1203171|12512867|1745559|1919871|22385|2362779|2708025|3764937|4638853|4704495|5101354|5454357|6344630|6776978|6827393|6827395|713267|7253164|7294057|7381645|7412682|887037|978313
akt1	Kidney Papillary Necrosis	MESH:D007681	AKT1	207	Urogenital disease (female)|Urogenital disease (male)	Bilirubin	21.25		4640596
akt1	Kidney Papillary Necrosis	MESH:D007681	AKT1	207	Urogenital disease (female)|Urogenital disease (male)	Caffeine	21.25		1203171|2240058|4638853|5454357|7412682
akt1	Kidney Papillary Necrosis	MESH:D007681	AKT1	207	Urogenital disease (female)|Urogenital disease (male)	Cyclophosphamide	21.25		1488776
akt1	Kidney Papillary Necrosis	MESH:D007681	AKT1	207	Urogenital disease (female)|Urogenital disease (male)	Diethylhexyl Phthalate	21.25		3102426
akt1	Kidney Papillary Necrosis	MESH:D007681	AKT1	207	Urogenital disease (female)|Urogenital disease (male)	Flurbiprofen	21.25		1949951
akt1	Kidney Papillary Necrosis	MESH:D007681	AKT1	207	Urogenital disease (female)|Urogenital disease (male)	Indomethacin	21.25		12512867|277165|3102426|4548752|6125715|6953356|861066|9502396|972771
akt1	Kidney Papillary Necrosis	MESH:D007681	AKT1	207	Urogenital disease (female)|Urogenital disease (male)	Sulindac	21.25		6126946
akt1	Kidney Tubular Necrosis, Acute	MESH:D007683	AKT1	207	Urogenital disease (female)|Urogenital disease (male)	4-aminophenol	111.70		1687859|1987650|4082192|5128205|6868092|7902115
akt1	Kidney Tubular Necrosis, Acute	MESH:D007683	AKT1	207	Urogenital disease (female)|Urogenital disease (male)	Acetaminophen	111.70		11881430|12060523|12832150|16354242|16532256|17624227|18645506|1987650|20352459|2362779|3173602|3380218|3420447|3559797|3796197|4062453|4082192|6868092|7282722|7566947|7579069|8473360|851123|989539
akt1	Kidney Tubular Necrosis, Acute	MESH:D007683	AKT1	207	Urogenital disease (female)|Urogenital disease (male)	Acetylcysteine	111.70		17365906
akt1	Kidney Tubular Necrosis, Acute	MESH:D007683	AKT1	207	Urogenital disease (female)|Urogenital disease (male)	aristolochic acid I	111.70		22820421
akt1	Kidney Tubular Necrosis, Acute	MESH:D007683	AKT1	207	Urogenital disease (female)|Urogenital disease (male)	Ascorbic Acid	111.70		1678558|7902115
akt1	Kidney Tubular Necrosis, Acute	MESH:D007683	AKT1	207	Urogenital disease (female)|Urogenital disease (male)	Aspirin	111.70		1004943|2362779|3764320|5128205
akt1	Kidney Tubular Necrosis, Acute	MESH:D007683	AKT1	207	Urogenital disease (female)|Urogenital disease (male)	Azathioprine	111.70		8952354
akt1	Kidney Tubular Necrosis, Acute	MESH:D007683	AKT1	207	Urogenital disease (female)|Urogenital disease (male)	bardoxolone methyl	111.70		21289052
akt1	Kidney Tubular Necrosis, Acute	MESH:D007683	AKT1	207	Urogenital disease (female)|Urogenital disease (male)	Bezafibrate	111.70		18368030
akt1	Kidney Tubular Necrosis, Acute	MESH:D007683	AKT1	207	Urogenital disease (female)|Urogenital disease (male)	Buthionine Sulfoximine	111.70		8311687
akt1	Kidney Tubular Necrosis, Acute	MESH:D007683	AKT1	207	Urogenital disease (female)|Urogenital disease (male)	Butylated Hydroxytoluene	111.70		3395247
akt1	Kidney Tubular Necrosis, Acute	MESH:D007683	AKT1	207	Urogenital disease (female)|Urogenital disease (male)	Caffeine	111.70		10803761
akt1	Kidney Tubular Necrosis, Acute	MESH:D007683	AKT1	207	Urogenital disease (female)|Urogenital disease (male)	Calcium	111.70		16316344
akt1	Kidney Tubular Necrosis, Acute	MESH:D007683	AKT1	207	Urogenital disease (female)|Urogenital disease (male)	Carbamazepine	111.70		8107947
akt1	Kidney Tubular Necrosis, Acute	MESH:D007683	AKT1	207	Urogenital disease (female)|Urogenital disease (male)	Carbon Tetrachloride	111.70		23845967
akt1	Kidney Tubular Necrosis, Acute	MESH:D007683	AKT1	207	Urogenital disease (female)|Urogenital disease (male)	Carboplatin	111.70		18067055
akt1	Kidney Tubular Necrosis, Acute	MESH:D007683	AKT1	207	Urogenital disease (female)|Urogenital disease (male)	Chromium Compounds	111.70		16492795
akt1	Kidney Tubular Necrosis, Acute	MESH:D007683	AKT1	207	Urogenital disease (female)|Urogenital disease (male)	Ciprofloxacin	111.70		9531191
akt1	Kidney Tubular Necrosis, Acute	MESH:D007683	AKT1	207	Urogenital disease (female)|Urogenital disease (male)	Cisplatin	111.70		11231351|18368030|19797351|20702592|21881242|24975837|25677510|2680578|29051111|30682439|7855315|8457719|8583688
akt1	Kidney Tubular Necrosis, Acute	MESH:D007683	AKT1	207	Urogenital disease (female)|Urogenital disease (male)	cobaltous chloride	111.70		851123
akt1	Kidney Tubular Necrosis, Acute	MESH:D007683	AKT1	207	Urogenital disease (female)|Urogenital disease (male)	Cocaine	111.70		12772079|2710269
akt1	Kidney Tubular Necrosis, Acute	MESH:D007683	AKT1	207	Urogenital disease (female)|Urogenital disease (male)	Contrast Media	111.70		7455084
akt1	Kidney Tubular Necrosis, Acute	MESH:D007683	AKT1	207	Urogenital disease (female)|Urogenital disease (male)	Copper	111.70		22465980
akt1	Kidney Tubular Necrosis, Acute	MESH:D007683	AKT1	207	Urogenital disease (female)|Urogenital disease (male)	Cyclosporine	111.70		1778857|6336959|6351368
akt1	Kidney Tubular Necrosis, Acute	MESH:D007683	AKT1	207	Urogenital disease (female)|Urogenital disease (male)	Cysteine	111.70		851123
akt1	Kidney Tubular Necrosis, Acute	MESH:D007683	AKT1	207	Urogenital disease (female)|Urogenital disease (male)	Diatrizoate	111.70		1743919|6697462
akt1	Kidney Tubular Necrosis, Acute	MESH:D007683	AKT1	207	Urogenital disease (female)|Urogenital disease (male)	Diclofenac	111.70		19473619
akt1	Kidney Tubular Necrosis, Acute	MESH:D007683	AKT1	207	Urogenital disease (female)|Urogenital disease (male)	Drugs, Chinese Herbal	111.70		12060523
akt1	Kidney Tubular Necrosis, Acute	MESH:D007683	AKT1	207	Urogenital disease (female)|Urogenital disease (male)	Ethanol	111.70		9297132
akt1	Kidney Tubular Necrosis, Acute	MESH:D007683	AKT1	207	Urogenital disease (female)|Urogenital disease (male)	Folic Acid	111.70		12969123|12969128|14633603|18480750
akt1	Kidney Tubular Necrosis, Acute	MESH:D007683	AKT1	207	Urogenital disease (female)|Urogenital disease (male)	Foscarnet	111.70		2554731|2840226
akt1	Kidney Tubular Necrosis, Acute	MESH:D007683	AKT1	207	Urogenital disease (female)|Urogenital disease (male)	Gentamicins	111.70		11231351|1130930|12176111|12818927|14748758|15795518|16751989|1743919|19802993|25677510|2755919|30682439|3156984|3159593|4122055|4678426|6365403|657154|6877460|7352791|735819|8184137|8583688|9585304
akt1	Kidney Tubular Necrosis, Acute	MESH:D007683	AKT1	207	Urogenital disease (female)|Urogenital disease (male)	Glycerol	111.70		8583688
akt1	Kidney Tubular Necrosis, Acute	MESH:D007683	AKT1	207	Urogenital disease (female)|Urogenital disease (male)	Gold	111.70		826233
akt1	Kidney Tubular Necrosis, Acute	MESH:D007683	AKT1	207	Urogenital disease (female)|Urogenital disease (male)	Indomethacin	111.70		860058
akt1	Kidney Tubular Necrosis, Acute	MESH:D007683	AKT1	207	Urogenital disease (female)|Urogenital disease (male)	leupeptin	111.70		735819
akt1	Kidney Tubular Necrosis, Acute	MESH:D007683	AKT1	207	Urogenital disease (female)|Urogenital disease (male)	Lithium	111.70		8629633
akt1	Kidney Tubular Necrosis, Acute	MESH:D007683	AKT1	207	Urogenital disease (female)|Urogenital disease (male)	Mercuric Chloride	111.70		12460744|19371613|2863857|8583688|9765069
akt1	Kidney Tubular Necrosis, Acute	MESH:D007683	AKT1	207	Urogenital disease (female)|Urogenital disease (male)	Methamphetamine	111.70		11933563
akt1	Kidney Tubular Necrosis, Acute	MESH:D007683	AKT1	207	Urogenital disease (female)|Urogenital disease (male)	Methylprednisolone	111.70		7576815
akt1	Kidney Tubular Necrosis, Acute	MESH:D007683	AKT1	207	Urogenital disease (female)|Urogenital disease (male)	naringenin	111.70		23845967
akt1	Kidney Tubular Necrosis, Acute	MESH:D007683	AKT1	207	Urogenital disease (female)|Urogenital disease (male)	Neomycin	111.70		5410647|5551880|5681689
akt1	Kidney Tubular Necrosis, Acute	MESH:D007683	AKT1	207	Urogenital disease (female)|Urogenital disease (male)	Orlistat	111.70		19356376
akt1	Kidney Tubular Necrosis, Acute	MESH:D007683	AKT1	207	Urogenital disease (female)|Urogenital disease (male)	Phenobarbital	111.70		3395247
akt1	Kidney Tubular Necrosis, Acute	MESH:D007683	AKT1	207	Urogenital disease (female)|Urogenital disease (male)	Plant Extracts	111.70		16492795
akt1	Kidney Tubular Necrosis, Acute	MESH:D007683	AKT1	207	Urogenital disease (female)|Urogenital disease (male)	Potassium Dichromate	111.70		20305092|9765069
akt1	Kidney Tubular Necrosis, Acute	MESH:D007683	AKT1	207	Urogenital disease (female)|Urogenital disease (male)	Propylthiouracil	111.70		16354242
akt1	Kidney Tubular Necrosis, Acute	MESH:D007683	AKT1	207	Urogenital disease (female)|Urogenital disease (male)	Quercetin	111.70		15198074
akt1	Kidney Tubular Necrosis, Acute	MESH:D007683	AKT1	207	Urogenital disease (female)|Urogenital disease (male)	Sirolimus	111.70		12544890
akt1	Kidney Tubular Necrosis, Acute	MESH:D007683	AKT1	207	Urogenital disease (female)|Urogenital disease (male)	Streptozocin	111.70		15590127|15954931|3156984
akt1	Kidney Tubular Necrosis, Acute	MESH:D007683	AKT1	207	Urogenital disease (female)|Urogenital disease (male)	Tretinoin	111.70		9378467
akt1	Kidney Tubular Necrosis, Acute	MESH:D007683	AKT1	207	Urogenital disease (female)|Urogenital disease (male)	Verapamil	111.70		1778857
akt1	Multicystic Dysplastic Kidney	MESH:D021782	AKT1	207	Congenital abnormality|Urogenital disease (female)|Urogenital disease (male)	Carbamazepine	7.50		17310358
akt1	Multicystic Dysplastic Kidney	MESH:D021782	AKT1	207	Congenital abnormality|Urogenital disease (female)|Urogenital disease (male)	Phenobarbital	7.50		17310358
akt1	Polycystic Kidney, Autosomal Dominant	MESH:D016891	AKT1	207	Congenital abnormality|Genetic disease (inborn)|Urogenital disease (female)|Urogenital disease (male)	Sirolimus	3.03		19651290
akt1	Polycystic Kidney Diseases	MESH:D007690	AKT1	207	Congenital abnormality|Genetic disease (inborn)|Urogenital disease (female)|Urogenital disease (male)	(+)-JQ1 compound	16.12		25877301
akt1	Polycystic Kidney Diseases	MESH:D007690	AKT1	207	Congenital abnormality|Genetic disease (inborn)|Urogenital disease (female)|Urogenital disease (male)	Rosiglitazone	16.12		20507283
akt1	Polycystic Kidney Diseases	MESH:D007690	AKT1	207	Congenital abnormality|Genetic disease (inborn)|Urogenital disease (female)|Urogenital disease (male)	Saponins	16.12		12631339
akt1	Polycystic Kidney Diseases	MESH:D007690	AKT1	207	Congenital abnormality|Genetic disease (inborn)|Urogenital disease (female)|Urogenital disease (male)	Sirolimus	16.12		19321761
akt1	Polycystic Kidney Diseases	MESH:D007690	AKT1	207	Congenital abnormality|Genetic disease (inborn)|Urogenital disease (female)|Urogenital disease (male)	Triiodothyronine	16.12		8724899
akt1	Polycystic Kidney Diseases	MESH:D007690	AKT1	207	Congenital abnormality|Genetic disease (inborn)|Urogenital disease (female)|Urogenital disease (male)	W 7	16.12		28887310
akt2	Acute Kidney Injury	MESH:D058186	AKT2	208	Urogenital disease (female)|Urogenital disease (male)	2,2',4,4'-tetrabromodiphenyl ether	128.58		37357614
akt2	Acute Kidney Injury	MESH:D058186	AKT2	208	Urogenital disease (female)|Urogenital disease (male)	4-phenylbutyric acid	128.58		32879258
akt2	Acute Kidney Injury	MESH:D058186	AKT2	208	Urogenital disease (female)|Urogenital disease (male)	Acetaminophen	128.58		10454517|10462288|10529635|15058171|15118981|15546480|1605724|1676404|19109935|19183124|19369842|19515070|19639374|19815612|19995690|22093918|2302954|2873910|30099449|3403780|35020164|35243748|3605153|3747662|3827589|3992409|455818|6173498|6708674|6800515|6802245|6825559|6877410|7100020|7318260|7364436|7969685|8156726|8244261|8317017|8669426|8812206|9085330|9381478|9796772|9858252
akt2	Acute Kidney Injury	MESH:D058186	AKT2	208	Urogenital disease (female)|Urogenital disease (male)	alisol B 23-acetate	128.58		34569253
akt2	Acute Kidney Injury	MESH:D058186	AKT2	208	Urogenital disease (female)|Urogenital disease (male)	Arsenic Trioxide	128.58		18463343
akt2	Acute Kidney Injury	MESH:D058186	AKT2	208	Urogenital disease (female)|Urogenital disease (male)	Ascorbic Acid	128.58		18714631|30606963
akt2	Acute Kidney Injury	MESH:D058186	AKT2	208	Urogenital disease (female)|Urogenital disease (male)	Aspirin	128.58		12243603|311157|3547511|37179038|3864191|420719|6239255|7648241
akt2	Acute Kidney Injury	MESH:D058186	AKT2	208	Urogenital disease (female)|Urogenital disease (male)	bisphenol A	128.58		24625398
akt2	Acute Kidney Injury	MESH:D058186	AKT2	208	Urogenital disease (female)|Urogenital disease (male)	Blood Glucose	128.58		16153449|27363640
akt2	Acute Kidney Injury	MESH:D058186	AKT2	208	Urogenital disease (female)|Urogenital disease (male)	Cadmium Chloride	128.58		21620867|28759707|29286200|32818823|35122928
akt2	Acute Kidney Injury	MESH:D058186	AKT2	208	Urogenital disease (female)|Urogenital disease (male)	Carbamazepine	128.58		11346062|12005248|1494733|19995690|2918954|4653892
akt2	Acute Kidney Injury	MESH:D058186	AKT2	208	Urogenital disease (female)|Urogenital disease (male)	Cisplatin	128.58		10454517|11977638|12180108|12690470|15814532|16316343|17670903|19144690|19833167|19913604|20369241|20419391|20463654|20510337|20514524|20603111|20650967|20652569|20656754|20676799|20817559|20844023|20844471|20861081|20942565|20943766|21044617|21048024|21048391|21058009|21256724|21272267|21325496|21458517|21470069|21570986|21593185|21633170|2170045|21745194|21802473|21835770|21847101|22005293|22581811|22992436|23384965|23649842|24012798|24113306|24632086|24778426|24973089|24975837|25184746|25382014|25598344|25957482|26165641|26230185|26546572|26723870|27480280|28321044|28414026|28698153|28885000|28902463|29126144|29476062|29599129|30291731|31103702|31153982|3152939|31926187|32110797|32504734|32777238|32888910|33965372|34560070|34785303|35279909|35367536|35403300|36006825|37057715|37087747|37179038|37863467|6350313|657154|7018267|7199128
akt2	Acute Kidney Injury	MESH:D058186	AKT2	208	Urogenital disease (female)|Urogenital disease (male)	Clozapine	128.58		10513719|10939762|12123128|20126316
akt2	Acute Kidney Injury	MESH:D058186	AKT2	208	Urogenital disease (female)|Urogenital disease (male)	Curcumin	128.58		17076682|28698153|30431687
akt2	Acute Kidney Injury	MESH:D058186	AKT2	208	Urogenital disease (female)|Urogenital disease (male)	Dexamethasone	128.58		31654708|32687258|8546128|9763554
akt2	Acute Kidney Injury	MESH:D058186	AKT2	208	Urogenital disease (female)|Urogenital disease (male)	Diclofenac	128.58		10444806|15327563|15752411|16432863|17028363|18274699|19031110|2523777|31042592|4022222|7897758|8342005
akt2	Acute Kidney Injury	MESH:D058186	AKT2	208	Urogenital disease (female)|Urogenital disease (male)	Dietary Fats	128.58		24795233
akt2	Acute Kidney Injury	MESH:D058186	AKT2	208	Urogenital disease (female)|Urogenital disease (male)	Doxorubicin	128.58		18680783|21354902|21812276|25411067|26825964|28885000|29474904|30543781|3070145|31376360|32289291
akt2	Acute Kidney Injury	MESH:D058186	AKT2	208	Urogenital disease (female)|Urogenital disease (male)	Ethanol	128.58		28285099|3747662
akt2	Acute Kidney Injury	MESH:D058186	AKT2	208	Urogenital disease (female)|Urogenital disease (male)	Fluorouracil	128.58		15895229|3978662
akt2	Acute Kidney Injury	MESH:D058186	AKT2	208	Urogenital disease (female)|Urogenital disease (male)	Flutamide	128.58		12180480
akt2	Acute Kidney Injury	MESH:D058186	AKT2	208	Urogenital disease (female)|Urogenital disease (male)	Haloperidol	128.58		6121542|7569118|8828352
akt2	Acute Kidney Injury	MESH:D058186	AKT2	208	Urogenital disease (female)|Urogenital disease (male)	Hesperidin	128.58		22093918
akt2	Acute Kidney Injury	MESH:D058186	AKT2	208	Urogenital disease (female)|Urogenital disease (male)	lipopolysaccharide, E coli O55-B5	128.58		30606963|36244460
akt2	Acute Kidney Injury	MESH:D058186	AKT2	208	Urogenital disease (female)|Urogenital disease (male)	Losartan	128.58		11227361|12862209|14524653|14685757|16534606|16945058|19326569|8973754|9122087
akt2	Acute Kidney Injury	MESH:D058186	AKT2	208	Urogenital disease (female)|Urogenital disease (male)	Malathion	128.58		28987951
akt2	Acute Kidney Injury	MESH:D058186	AKT2	208	Urogenital disease (female)|Urogenital disease (male)	Mercury	128.58		21073006|21821123
akt2	Acute Kidney Injury	MESH:D058186	AKT2	208	Urogenital disease (female)|Urogenital disease (male)	Metformin	128.58		11910877|14604317|14633764|15752411|16620273|16644670|20164825|20223410|20578420|4217736
akt2	Acute Kidney Injury	MESH:D058186	AKT2	208	Urogenital disease (female)|Urogenital disease (male)	Nickel	128.58		21600195
akt2	Acute Kidney Injury	MESH:D058186	AKT2	208	Urogenital disease (female)|Urogenital disease (male)	Nicotine	128.58		21511693
akt2	Acute Kidney Injury	MESH:D058186	AKT2	208	Urogenital disease (female)|Urogenital disease (male)	Oxygen	128.58		12819242|16153449|27363640
akt2	Acute Kidney Injury	MESH:D058186	AKT2	208	Urogenital disease (female)|Urogenital disease (male)	Palm Oil	128.58		20433818
akt2	Acute Kidney Injury	MESH:D058186	AKT2	208	Urogenital disease (female)|Urogenital disease (male)	Paraquat	128.58		21991918|26988026|28123623|30562684|33838153
akt2	Acute Kidney Injury	MESH:D058186	AKT2	208	Urogenital disease (female)|Urogenital disease (male)	Particulate Matter	128.58		19797351|34751495
akt2	Acute Kidney Injury	MESH:D058186	AKT2	208	Urogenital disease (female)|Urogenital disease (male)	perfluorooctane sulfonic acid	128.58		35934180
akt2	Acute Kidney Injury	MESH:D058186	AKT2	208	Urogenital disease (female)|Urogenital disease (male)	Phenobarbital	128.58		1485575
akt2	Acute Kidney Injury	MESH:D058186	AKT2	208	Urogenital disease (female)|Urogenital disease (male)	pirinixic acid	128.58		12503032
akt2	Acute Kidney Injury	MESH:D058186	AKT2	208	Urogenital disease (female)|Urogenital disease (male)	Plant Extracts	128.58		18680783|19736602|22021999
akt2	Acute Kidney Injury	MESH:D058186	AKT2	208	Urogenital disease (female)|Urogenital disease (male)	pyrazolanthrone	128.58		31447676
akt2	Acute Kidney Injury	MESH:D058186	AKT2	208	Urogenital disease (female)|Urogenital disease (male)	Quercetin	128.58		24958931|25411067|29474904|34751495
akt2	Acute Kidney Injury	MESH:D058186	AKT2	208	Urogenital disease (female)|Urogenital disease (male)	Resveratrol	128.58		16488442|16538975|21593185|24958931
akt2	Acute Kidney Injury	MESH:D058186	AKT2	208	Urogenital disease (female)|Urogenital disease (male)	Sirolimus	128.58		16316336|16889550|19376416|30236763
akt2	Acute Kidney Injury	MESH:D058186	AKT2	208	Urogenital disease (female)|Urogenital disease (male)	sodium arsenite	128.58		21094152|23724280|32736004|32818823
akt2	Acute Kidney Injury	MESH:D058186	AKT2	208	Urogenital disease (female)|Urogenital disease (male)	Streptozocin	128.58		6281169
akt2	Acute Kidney Injury	MESH:D058186	AKT2	208	Urogenital disease (female)|Urogenital disease (male)	Sulindac	128.58		7897758
akt2	Acute Kidney Injury	MESH:D058186	AKT2	208	Urogenital disease (female)|Urogenital disease (male)	Tretinoin	128.58		10607690|11604554|12801854|17564563|18363177|8546128|9158667|9763554
akt2	Acute Kidney Injury	MESH:D058186	AKT2	208	Urogenital disease (female)|Urogenital disease (male)	triptolide	128.58		19546256|32519852
akt2	Acute Kidney Injury	MESH:D058186	AKT2	208	Urogenital disease (female)|Urogenital disease (male)	Valproic Acid	128.58		29968957
akt2	Acute Kidney Injury	MESH:D058186	AKT2	208	Urogenital disease (female)|Urogenital disease (male)	Vehicle Emissions	128.58		19797351|34751495
akt2	Acute Kidney Injury	MESH:D058186	AKT2	208	Urogenital disease (female)|Urogenital disease (male)	Vincristine	128.58		10454517
akt2	Acute Kidney Injury	MESH:D058186	AKT2	208	Urogenital disease (female)|Urogenital disease (male)	Zinc	128.58		7800247
akt2	Kidney Calculi	MESH:D007669	AKT2	208	Pathology (anatomical condition)|Urogenital disease (female)|Urogenital disease (male)	Dexamethasone	7.76		1671989|8576746
akt2	Kidney Calculi	MESH:D007669	AKT2	208	Pathology (anatomical condition)|Urogenital disease (female)|Urogenital disease (male)	Resveratrol	7.76		24145091|34333021
akt2	Kidney Calculi	MESH:D007669	AKT2	208	Pathology (anatomical condition)|Urogenital disease (female)|Urogenital disease (male)	Streptozocin	7.76		2827466
akt2	Kidney Cortex Necrosis	MESH:D007673	AKT2	208	Urogenital disease (female)|Urogenital disease (male)	4-phenylbutyric acid	9.52		32879258
akt2	Kidney Cortex Necrosis	MESH:D007673	AKT2	208	Urogenital disease (female)|Urogenital disease (male)	Cisplatin	9.52		15464296|19761811|28321044
akt2	Kidney Cortex Necrosis	MESH:D007673	AKT2	208	Urogenital disease (female)|Urogenital disease (male)	Doxorubicin	9.52		19761811|30682439
akt2	Kidney Diseases	MESH:D007674	AKT2	208	Urogenital disease (female)|Urogenital disease (male)	2-nitrotoluene	212.17		7519572
akt2	Kidney Diseases	MESH:D007674	AKT2	208	Urogenital disease (female)|Urogenital disease (male)	4-phenylbutyric acid	212.17		33651226
akt2	Kidney Diseases	MESH:D007674	AKT2	208	Urogenital disease (female)|Urogenital disease (male)	Acetaminophen	212.17		11334364|11812892|12005112|12587719|12721325|15363587|15629190|15629191|17391827|18068886|1881229|19117117|19345714|19761811|19922764|20067817|20446790|2356566|2651928|26767949|30794797|31777137|3659833|7155631|7979097
akt2	Kidney Diseases	MESH:D007674	AKT2	208	Urogenital disease (female)|Urogenital disease (male)	Acrolein	212.17		12488133|17891346
akt2	Kidney Diseases	MESH:D007674	AKT2	208	Urogenital disease (female)|Urogenital disease (male)	Acrylamide	212.17		29913234
akt2	Kidney Diseases	MESH:D007674	AKT2	208	Urogenital disease (female)|Urogenital disease (male)	Allethrins	212.17		33396045|35678313
akt2	Kidney Diseases	MESH:D007674	AKT2	208	Urogenital disease (female)|Urogenital disease (male)	Arsenic	212.17		10828279|11836136|22066453|22949133|24348802|30835071|31775542|32246071|32270456|32544558|32818499|33026618|33518152|36822304
akt2	Kidney Diseases	MESH:D007674	AKT2	208	Urogenital disease (female)|Urogenital disease (male)	Arsenic Trioxide	212.17		23471352|26184899|29130132|30516227|31612257|32919218|35317438
akt2	Kidney Diseases	MESH:D007674	AKT2	208	Urogenital disease (female)|Urogenital disease (male)	Ascorbic Acid	212.17		17448119|18414974|18536492|19391111|22728154|7909430
akt2	Kidney Diseases	MESH:D007674	AKT2	208	Urogenital disease (female)|Urogenital disease (male)	Aspirin	212.17		19281750|20732820|370954|4729880|4821007|699625|7013593|7155631|834212
akt2	Kidney Diseases	MESH:D007674	AKT2	208	Urogenital disease (female)|Urogenital disease (male)	Benzo(a)pyrene	212.17		11289703|21803694
akt2	Kidney Diseases	MESH:D007674	AKT2	208	Urogenital disease (female)|Urogenital disease (male)	Berberine	212.17		24751971
akt2	Kidney Diseases	MESH:D007674	AKT2	208	Urogenital disease (female)|Urogenital disease (male)	bergenin	212.17		37949422
akt2	Kidney Diseases	MESH:D007674	AKT2	208	Urogenital disease (female)|Urogenital disease (male)	bisphenol A	212.17		18445619|23359474|30303745|30641872|30997025|31091348|34281243|36830956
akt2	Kidney Diseases	MESH:D007674	AKT2	208	Urogenital disease (female)|Urogenital disease (male)	Blood Glucose	212.17		25214260|8086032
akt2	Kidney Diseases	MESH:D007674	AKT2	208	Urogenital disease (female)|Urogenital disease (male)	Cadmium Chloride	212.17		10924798|16962696|17882470|18414974|19063931|19371613|21284339|21540277|23750309|24200859|24632105|25588984|26815315|29421648|33127495|33722575
akt2	Kidney Diseases	MESH:D007674	AKT2	208	Urogenital disease (female)|Urogenital disease (male)	Caffeine	212.17		1783953|25986755|4821007
akt2	Kidney Diseases	MESH:D007674	AKT2	208	Urogenital disease (female)|Urogenital disease (male)	Carmustine	212.17		16126841|8477204
akt2	Kidney Diseases	MESH:D007674	AKT2	208	Urogenital disease (female)|Urogenital disease (male)	Chlorpyrifos	212.17		28675853|31479757|32500495|33908150
akt2	Kidney Diseases	MESH:D007674	AKT2	208	Urogenital disease (female)|Urogenital disease (male)	Cisplatin	212.17		10396320|10812192|11090055|11305414|11745184|11776407|12231392|12649298|12815610|14966836|15190930|15267137|15496615|15934019|16154539|16246977|16428940|16723030|17135156|17922055|1793151|18289764|18956176|19038279|19152827|19356226|19535489|19723570|19736245|19839026|19850470|20435919|20438795|20605904|20716785|21605616|21616140|21640784|21724663|21763304|21803049|21883567|21884784|21902499|21939360|21949094|21993003|22019697|22525860|22989705|23142791|23229315|2326543|23287709|23603837|23770416|23959918|24001450|2413982|2424627|24863737|24880025|25015656|25043994|25308879|25665769|25927922|26558470|26612654|26739623|26751708|27317936|27397436|27616468|27722009|28904298|29216766|29471006|29574132|29752894|29852128|30169741|30452898|30842369|31306688|31493026|31612257|32418911|32991863|33522649|34423507|34476871|35243731|37102204|37561086|37956922|6181679|6203452|6538115|6542584|7191768|7532742|7706473|8178319|8270973|8413339|8584014|8626111|8751544|8845212|9057954|9144837|9256891|9381703
akt2	Kidney Diseases	MESH:D007674	AKT2	208	Urogenital disease (female)|Urogenital disease (male)	Copper	212.17		20035423|24627433|30090589
akt2	Kidney Diseases	MESH:D007674	AKT2	208	Urogenital disease (female)|Urogenital disease (male)	crocin	212.17		25899501|26584762
akt2	Kidney Diseases	MESH:D007674	AKT2	208	Urogenital disease (female)|Urogenital disease (male)	Curcumin	212.17		19345714|25119790|31612257|34802538
akt2	Kidney Diseases	MESH:D007674	AKT2	208	Urogenital disease (female)|Urogenital disease (male)	DEET	212.17		33148267
akt2	Kidney Diseases	MESH:D007674	AKT2	208	Urogenital disease (female)|Urogenital disease (male)	Dexamethasone	212.17		12414515|12574103|19879934|26271896
akt2	Kidney Diseases	MESH:D007674	AKT2	208	Urogenital disease (female)|Urogenital disease (male)	Dibutyl Phthalate	212.17		23359474|29526571
akt2	Kidney Diseases	MESH:D007674	AKT2	208	Urogenital disease (female)|Urogenital disease (male)	Diclofenac	212.17		12861172|15976495|23506792|31332906
akt2	Kidney Diseases	MESH:D007674	AKT2	208	Urogenital disease (female)|Urogenital disease (male)	Dietary Fats	212.17		24508291|24877639|25025298|26423427|26980705|27292126|29526571|30298849|31063766|31454063|31726037|31811911|31981641|32259528|37054934
akt2	Kidney Diseases	MESH:D007674	AKT2	208	Urogenital disease (female)|Urogenital disease (male)	Diethylhexyl Phthalate	212.17		23359474|29669060|3206528|36610486
akt2	Kidney Diseases	MESH:D007674	AKT2	208	Urogenital disease (female)|Urogenital disease (male)	Diethylnitrosamine	212.17		30298849
akt2	Kidney Diseases	MESH:D007674	AKT2	208	Urogenital disease (female)|Urogenital disease (male)	diisodecyl phthalate	212.17		20358181
akt2	Kidney Diseases	MESH:D007674	AKT2	208	Urogenital disease (female)|Urogenital disease (male)	Doxorubicin	212.17		10088175|10094850|10344349|10430982|10755322|11124598|11345653|11401411|11867952|11996090|12012391|12386277|12540035|12674635|135666|14564477|14728886|15033991|15369732|15577213|15578190|15699352|16246977|16325981|16775033|16988067|17329577|17522263|1793151|18440303|18487002|19013753|19018148|1905199|19066422|19429242|19883716|19960953|20606417|22287321|24799355|25268985|26721193|2791187|28082111|3124293|31830546|3456068|36988379|3764673|3781430|3898001|7191768|7830283|7838258|7987999|8289579|9192910|9606733|9704904
akt2	Kidney Diseases	MESH:D007674	AKT2	208	Urogenital disease (female)|Urogenital disease (male)	Estradiol	212.17		15618244|6305905
akt2	Kidney Diseases	MESH:D007674	AKT2	208	Urogenital disease (female)|Urogenital disease (male)	Ethanol	212.17		25859307|31811911|32894639|36085217
akt2	Kidney Diseases	MESH:D007674	AKT2	208	Urogenital disease (female)|Urogenital disease (male)	Ethinyl Estradiol	212.17		19761811
akt2	Kidney Diseases	MESH:D007674	AKT2	208	Urogenital disease (female)|Urogenital disease (male)	Fish Oils	212.17		12883183|22019697
akt2	Kidney Diseases	MESH:D007674	AKT2	208	Urogenital disease (female)|Urogenital disease (male)	Fluorouracil	212.17		10396320|2236732|6105503|6412636
akt2	Kidney Diseases	MESH:D007674	AKT2	208	Urogenital disease (female)|Urogenital disease (male)	Haloperidol	212.17		19839853
akt2	Kidney Diseases	MESH:D007674	AKT2	208	Urogenital disease (female)|Urogenital disease (male)	Hesperidin	212.17		30066062|33908150
akt2	Kidney Diseases	MESH:D007674	AKT2	208	Urogenital disease (female)|Urogenital disease (male)	Hexachlorobenzene	212.17		19761811
akt2	Kidney Diseases	MESH:D007674	AKT2	208	Urogenital disease (female)|Urogenital disease (male)	Hydralazine	212.17		10945845
akt2	Kidney Diseases	MESH:D007674	AKT2	208	Urogenital disease (female)|Urogenital disease (male)	hydroquinone	212.17		9450487
akt2	Kidney Diseases	MESH:D007674	AKT2	208	Urogenital disease (female)|Urogenital disease (male)	JP8 aviation fuel	212.17		32905848|35440735|8748423
akt2	Kidney Diseases	MESH:D007674	AKT2	208	Urogenital disease (female)|Urogenital disease (male)	Lead	212.17		16601012|17715263|19700501|19921116|22066453|23792432|24276216|24631795|26612503|30090589|32246071|34350654|36840722
akt2	Kidney Diseases	MESH:D007674	AKT2	208	Urogenital disease (female)|Urogenital disease (male)	lead acetate	212.17		17882470|22581110|22728154|23428833|30980911|32116774
akt2	Kidney Diseases	MESH:D007674	AKT2	208	Urogenital disease (female)|Urogenital disease (male)	lipopolysaccharide, E coli O55-B5	212.17		18754105
akt2	Kidney Diseases	MESH:D007674	AKT2	208	Urogenital disease (female)|Urogenital disease (male)	Losartan	212.17		12110003|12956402|17227571|17344184|17984673|18209918|8400068
akt2	Kidney Diseases	MESH:D007674	AKT2	208	Urogenital disease (female)|Urogenital disease (male)	maleic acid	212.17		25119790|3925238
akt2	Kidney Diseases	MESH:D007674	AKT2	208	Urogenital disease (female)|Urogenital disease (male)	Mercury	212.17		11090055|17068093|17934191|18540850|21206114|30090589
akt2	Kidney Diseases	MESH:D007674	AKT2	208	Urogenital disease (female)|Urogenital disease (male)	Metformin	212.17		17520852|20431573
akt2	Kidney Diseases	MESH:D007674	AKT2	208	Urogenital disease (female)|Urogenital disease (male)	Methoxychlor	212.17		25057798|35440735
akt2	Kidney Diseases	MESH:D007674	AKT2	208	Urogenital disease (female)|Urogenital disease (male)	Nanotubes, Carbon	212.17		32856799
akt2	Kidney Diseases	MESH:D007674	AKT2	208	Urogenital disease (female)|Urogenital disease (male)	Nickel	212.17		30090589|31639282
akt2	Kidney Diseases	MESH:D007674	AKT2	208	Urogenital disease (female)|Urogenital disease (male)	nickel chloride	212.17		17882470|25253428|25560666
akt2	Kidney Diseases	MESH:D007674	AKT2	208	Urogenital disease (female)|Urogenital disease (male)	nitrofen	212.17		30995255
akt2	Kidney Diseases	MESH:D007674	AKT2	208	Urogenital disease (female)|Urogenital disease (male)	Oxaliplatin	212.17		19736245
akt2	Kidney Diseases	MESH:D007674	AKT2	208	Urogenital disease (female)|Urogenital disease (male)	Oxygen	212.17		25214260|25448280
akt2	Kidney Diseases	MESH:D007674	AKT2	208	Urogenital disease (female)|Urogenital disease (male)	Ozone	212.17		20446790
akt2	Kidney Diseases	MESH:D007674	AKT2	208	Urogenital disease (female)|Urogenital disease (male)	Paclitaxel	212.17		8751544|9057954|9164208
akt2	Kidney Diseases	MESH:D007674	AKT2	208	Urogenital disease (female)|Urogenital disease (male)	Paraquat	212.17		20095327
akt2	Kidney Diseases	MESH:D007674	AKT2	208	Urogenital disease (female)|Urogenital disease (male)	Particulate Matter	212.17		33393722
akt2	Kidney Diseases	MESH:D007674	AKT2	208	Urogenital disease (female)|Urogenital disease (male)	Permethrin	212.17		24121187|33148267
akt2	Kidney Diseases	MESH:D007674	AKT2	208	Urogenital disease (female)|Urogenital disease (male)	Phenobarbital	212.17		11594702|1239223|17006072|2734806|4416261|6782217|7059030|982456
akt2	Kidney Diseases	MESH:D007674	AKT2	208	Urogenital disease (female)|Urogenital disease (male)	Plant Extracts	212.17		15267137|15577213|16671961|17132217|17135156|17385802|19952499|19960953|21939360|32651782
akt2	Kidney Diseases	MESH:D007674	AKT2	208	Urogenital disease (female)|Urogenital disease (male)	Quercetin	212.17		16962696|19605544|19615871|21909718|22728154|34748891|36990423
akt2	Kidney Diseases	MESH:D007674	AKT2	208	Urogenital disease (female)|Urogenital disease (male)	Resveratrol	212.17		16971220|17202664|18754105|20651248|22865646|23471352|23767859|25025298|26423427|27377006|29574132|32894639
akt2	Kidney Diseases	MESH:D007674	AKT2	208	Urogenital disease (female)|Urogenital disease (male)	Sirolimus	212.17		12394605|12584269|12660339|15102967|17003813|17147461|17261434|17347279|17504225|18339148|19671594|19926370|20832541|21865292
akt2	Kidney Diseases	MESH:D007674	AKT2	208	Urogenital disease (female)|Urogenital disease (male)	sodium arsenite	212.17		10924798|17882470|18434106|19672740|20008137|24961358|26349760|26631322|29935397|30066062|30558456|31844926|34006163
akt2	Kidney Diseases	MESH:D007674	AKT2	208	Urogenital disease (female)|Urogenital disease (male)	Streptozocin	212.17		11798618|12093613|12956402|135666|15053821|16037304|18413206|185926|19246972|19369054|19616452|199092|20732820|21450970|21630391|23376009|23767859|24877639|24923654|25665769|27292126|29526571|30642005|31063766|31726037|32246071|33387473|33639173|34039237|34212273|35243728|37054934
akt2	Kidney Diseases	MESH:D007674	AKT2	208	Urogenital disease (female)|Urogenital disease (male)	thymoquinone	212.17		25268985|30558456
akt2	Kidney Diseases	MESH:D007674	AKT2	208	Urogenital disease (female)|Urogenital disease (male)	titanium dioxide	212.17		25406100
akt2	Kidney Diseases	MESH:D007674	AKT2	208	Urogenital disease (female)|Urogenital disease (male)	triptolide	212.17		19879934
akt2	Kidney Diseases	MESH:D007674	AKT2	208	Urogenital disease (female)|Urogenital disease (male)	Valproic Acid	212.17		10937350|11322374|3935422|6782217|9175586
akt2	Kidney Diseases	MESH:D007674	AKT2	208	Urogenital disease (female)|Urogenital disease (male)	Vehicle Emissions	212.17		33393722
akt2	Kidney Diseases	MESH:D007674	AKT2	208	Urogenital disease (female)|Urogenital disease (male)	Vincristine	212.17		11305414
akt2	Kidney Diseases	MESH:D007674	AKT2	208	Urogenital disease (female)|Urogenital disease (male)	Zinc	212.17		16960431|19369054|19445918|21424224|30090589|32544558
akt2	Kidney Diseases	MESH:D007674	AKT2	208	Urogenital disease (female)|Urogenital disease (male)	zingerone	212.17		36822304
akt2	Kidney Diseases, Cystic	MESH:D052177	AKT2	208	Urogenital disease (female)|Urogenital disease (male)	Streptozocin	3.23		9879822
akt2	Kidney Failure, Chronic	MESH:D007676	AKT2	208	Pathology (process)|Urogenital disease (female)|Urogenital disease (male)	Acetaminophen	35.88		11752356|3050572|7969358
akt2	Kidney Failure, Chronic	MESH:D007676	AKT2	208	Pathology (process)|Urogenital disease (female)|Urogenital disease (male)	Aspirin	35.88		11752356|15882284|5101354
akt2	Kidney Failure, Chronic	MESH:D007676	AKT2	208	Pathology (process)|Urogenital disease (female)|Urogenital disease (male)	Copper	35.88		16518626
akt2	Kidney Failure, Chronic	MESH:D007676	AKT2	208	Pathology (process)|Urogenital disease (female)|Urogenital disease (male)	Curcumin	35.88		19225048
akt2	Kidney Failure, Chronic	MESH:D007676	AKT2	208	Pathology (process)|Urogenital disease (female)|Urogenital disease (male)	Doxorubicin	35.88		11014987|15960146|16707910|9102927
akt2	Kidney Failure, Chronic	MESH:D007676	AKT2	208	Pathology (process)|Urogenital disease (female)|Urogenital disease (male)	Glucose	35.88		9551423
akt2	Kidney Failure, Chronic	MESH:D007676	AKT2	208	Pathology (process)|Urogenital disease (female)|Urogenital disease (male)	Lead	35.88		23343055
akt2	Kidney Failure, Chronic	MESH:D007676	AKT2	208	Pathology (process)|Urogenital disease (female)|Urogenital disease (male)	Losartan	35.88		11227361|11765585|16187699|16761903|17494885|21937979|9355076
akt2	Kidney Failure, Chronic	MESH:D007676	AKT2	208	Pathology (process)|Urogenital disease (female)|Urogenital disease (male)	Paraquat	35.88		26177651
akt2	Kidney Failure, Chronic	MESH:D007676	AKT2	208	Pathology (process)|Urogenital disease (female)|Urogenital disease (male)	Permethrin	35.88		26177651
akt2	Kidney Failure, Chronic	MESH:D007676	AKT2	208	Pathology (process)|Urogenital disease (female)|Urogenital disease (male)	Streptozocin	35.88		6459048
akt2	Kidney Failure, Chronic	MESH:D007676	AKT2	208	Pathology (process)|Urogenital disease (female)|Urogenital disease (male)	Sulindac	35.88		3884224
akt2	Kidney Failure, Chronic	MESH:D007676	AKT2	208	Pathology (process)|Urogenital disease (female)|Urogenital disease (male)	Zinc	35.88		16518626
akt2	Kidney Neoplasms	MESH:D007680	AKT2	208	Cancer|Urogenital disease (female)|Urogenital disease (male)	1,2-Dimethylhydrazine	49.75		9695784
akt2	Kidney Neoplasms	MESH:D007680	AKT2	208	Cancer|Urogenital disease (female)|Urogenital disease (male)	Acetaminophen	49.75		11679798|2912549|3834336|8793360
akt2	Kidney Neoplasms	MESH:D007680	AKT2	208	Cancer|Urogenital disease (female)|Urogenital disease (male)	Arsenic	49.75		23471352|9554605
akt2	Kidney Neoplasms	MESH:D007680	AKT2	208	Cancer|Urogenital disease (female)|Urogenital disease (male)	Aspirin	49.75		2513898|2606581|2912549|4638853
akt2	Kidney Neoplasms	MESH:D007680	AKT2	208	Cancer|Urogenital disease (female)|Urogenital disease (male)	Caffeine	49.75		2912549|4638853
akt2	Kidney Neoplasms	MESH:D007680	AKT2	208	Cancer|Urogenital disease (female)|Urogenital disease (male)	Cisplatin	49.75		28321044
akt2	Kidney Neoplasms	MESH:D007680	AKT2	208	Cancer|Urogenital disease (female)|Urogenital disease (male)	Diethylnitrosamine	49.75		11509115|1444806|23194824|28245158|3856057
akt2	Kidney Neoplasms	MESH:D007680	AKT2	208	Cancer|Urogenital disease (female)|Urogenital disease (male)	Doxorubicin	49.75		8602639
akt2	Kidney Neoplasms	MESH:D007680	AKT2	208	Cancer|Urogenital disease (female)|Urogenital disease (male)	Estradiol	49.75		10326862|10402247|15610895|8221684|9683190|9683193
akt2	Kidney Neoplasms	MESH:D007680	AKT2	208	Cancer|Urogenital disease (female)|Urogenital disease (male)	Fluorouracil	49.75		16985049
akt2	Kidney Neoplasms	MESH:D007680	AKT2	208	Cancer|Urogenital disease (female)|Urogenital disease (male)	Glucose	49.75		28916336
akt2	Kidney Neoplasms	MESH:D007680	AKT2	208	Cancer|Urogenital disease (female)|Urogenital disease (male)	hydroquinone	49.75		9450487
akt2	Kidney Neoplasms	MESH:D007680	AKT2	208	Cancer|Urogenital disease (female)|Urogenital disease (male)	Methylnitrosourea	49.75		11532874|28245158
akt2	Kidney Neoplasms	MESH:D007680	AKT2	208	Cancer|Urogenital disease (female)|Urogenital disease (male)	Phenobarbital	49.75		28245158
akt2	Kidney Neoplasms	MESH:D007680	AKT2	208	Cancer|Urogenital disease (female)|Urogenital disease (male)	Streptozocin	49.75		11396141|145871|1825617|1834880|207424|2532796|6210642|6225653|7697213|8290873|9083521
akt2	Kidney Neoplasms	MESH:D007680	AKT2	208	Cancer|Urogenital disease (female)|Urogenital disease (male)	Testosterone	49.75		9140897
akt2	Kidney Neoplasms	MESH:D007680	AKT2	208	Cancer|Urogenital disease (female)|Urogenital disease (male)	Vincristine	49.75		11194540|8602639
akt2	Kidney Papillary Necrosis	MESH:D007681	AKT2	208	Urogenital disease (female)|Urogenital disease (male)	Acetaminophen	15.68		1203171|1919871|2362779|3050572|3559797|6025602|6126946|6590001|6776978|7412682
akt2	Kidney Papillary Necrosis	MESH:D007681	AKT2	208	Urogenital disease (female)|Urogenital disease (male)	Aspirin	15.68		1003266|1139519|1201638|1203171|12512867|1745559|1919871|22385|2362779|2708025|3764937|4638853|4704495|5101354|5454357|6344630|6776978|6827393|6827395|713267|7253164|7294057|7381645|7412682|887037|978313
akt2	Kidney Papillary Necrosis	MESH:D007681	AKT2	208	Urogenital disease (female)|Urogenital disease (male)	Caffeine	15.68		1203171|2240058|4638853|5454357|7412682
akt2	Kidney Papillary Necrosis	MESH:D007681	AKT2	208	Urogenital disease (female)|Urogenital disease (male)	Diethylhexyl Phthalate	15.68		3102426
akt2	Kidney Papillary Necrosis	MESH:D007681	AKT2	208	Urogenital disease (female)|Urogenital disease (male)	Sulindac	15.68		6126946
akt2	Kidney Tubular Necrosis, Acute	MESH:D007683	AKT2	208	Urogenital disease (female)|Urogenital disease (male)	Acetaminophen	46.00		11881430|12060523|12832150|16354242|16532256|17624227|18645506|1987650|20352459|2362779|3173602|3380218|3420447|3559797|3796197|4062453|4082192|6868092|7282722|7566947|7579069|8473360|851123|989539
akt2	Kidney Tubular Necrosis, Acute	MESH:D007683	AKT2	208	Urogenital disease (female)|Urogenital disease (male)	Ascorbic Acid	46.00		1678558|7902115
akt2	Kidney Tubular Necrosis, Acute	MESH:D007683	AKT2	208	Urogenital disease (female)|Urogenital disease (male)	Aspirin	46.00		1004943|2362779|3764320|5128205
akt2	Kidney Tubular Necrosis, Acute	MESH:D007683	AKT2	208	Urogenital disease (female)|Urogenital disease (male)	Caffeine	46.00		10803761
akt2	Kidney Tubular Necrosis, Acute	MESH:D007683	AKT2	208	Urogenital disease (female)|Urogenital disease (male)	Carbamazepine	46.00		8107947
akt2	Kidney Tubular Necrosis, Acute	MESH:D007683	AKT2	208	Urogenital disease (female)|Urogenital disease (male)	Cisplatin	46.00		11231351|18368030|19797351|20702592|21881242|24975837|25677510|2680578|29051111|30682439|7855315|8457719|8583688
akt2	Kidney Tubular Necrosis, Acute	MESH:D007683	AKT2	208	Urogenital disease (female)|Urogenital disease (male)	Copper	46.00		22465980
akt2	Kidney Tubular Necrosis, Acute	MESH:D007683	AKT2	208	Urogenital disease (female)|Urogenital disease (male)	Diclofenac	46.00		19473619
akt2	Kidney Tubular Necrosis, Acute	MESH:D007683	AKT2	208	Urogenital disease (female)|Urogenital disease (male)	Ethanol	46.00		9297132
akt2	Kidney Tubular Necrosis, Acute	MESH:D007683	AKT2	208	Urogenital disease (female)|Urogenital disease (male)	maleic acid	46.00		8583688
akt2	Kidney Tubular Necrosis, Acute	MESH:D007683	AKT2	208	Urogenital disease (female)|Urogenital disease (male)	Phenobarbital	46.00		3395247
akt2	Kidney Tubular Necrosis, Acute	MESH:D007683	AKT2	208	Urogenital disease (female)|Urogenital disease (male)	Plant Extracts	46.00		16492795
akt2	Kidney Tubular Necrosis, Acute	MESH:D007683	AKT2	208	Urogenital disease (female)|Urogenital disease (male)	Quercetin	46.00		15198074
akt2	Kidney Tubular Necrosis, Acute	MESH:D007683	AKT2	208	Urogenital disease (female)|Urogenital disease (male)	Sirolimus	46.00		12544890
akt2	Kidney Tubular Necrosis, Acute	MESH:D007683	AKT2	208	Urogenital disease (female)|Urogenital disease (male)	Streptozocin	46.00		15590127|15954931|3156984
akt2	Kidney Tubular Necrosis, Acute	MESH:D007683	AKT2	208	Urogenital disease (female)|Urogenital disease (male)	Tretinoin	46.00		9378467
akt2	Multicystic Dysplastic Kidney	MESH:D021782	AKT2	208	Congenital abnormality|Urogenital disease (female)|Urogenital disease (male)	Carbamazepine	10.68		17310358
akt2	Multicystic Dysplastic Kidney	MESH:D021782	AKT2	208	Congenital abnormality|Urogenital disease (female)|Urogenital disease (male)	Phenobarbital	10.68		17310358
akt2	Polycystic Kidney, Autosomal Dominant	MESH:D016891	AKT2	208	Congenital abnormality|Genetic disease (inborn)|Urogenital disease (female)|Urogenital disease (male)	Sirolimus	3.94		19651290
akt2	Polycystic Kidney Diseases	MESH:D007690	AKT2	208	Congenital abnormality|Genetic disease (inborn)|Urogenital disease (female)|Urogenital disease (male)	Sirolimus	3.73		19321761
akt3	Acute Kidney Injury	MESH:D058186	AKT3	10000	Urogenital disease (female)|Urogenital disease (male)	4-phenylbutyric acid	57.81		32879258
akt3	Acute Kidney Injury	MESH:D058186	AKT3	10000	Urogenital disease (female)|Urogenital disease (male)	Acetaminophen	57.81		10454517|10462288|10529635|15058171|15118981|15546480|1605724|1676404|19109935|19183124|19369842|19515070|19639374|19815612|19995690|22093918|2302954|2873910|30099449|3403780|35020164|35243748|3605153|3747662|3827589|3992409|455818|6173498|6708674|6800515|6802245|6825559|6877410|7100020|7318260|7364436|7969685|8156726|8244261|8317017|8669426|8812206|9085330|9381478|9796772|9858252
akt3	Acute Kidney Injury	MESH:D058186	AKT3	10000	Urogenital disease (female)|Urogenital disease (male)	aristolochic acid I	57.81		24530882|26204831|27422293|34677723
akt3	Acute Kidney Injury	MESH:D058186	AKT3	10000	Urogenital disease (female)|Urogenital disease (male)	bisphenol A	57.81		24625398
akt3	Acute Kidney Injury	MESH:D058186	AKT3	10000	Urogenital disease (female)|Urogenital disease (male)	Cadmium Chloride	57.81		21620867|28759707|29286200|32818823|35122928
akt3	Acute Kidney Injury	MESH:D058186	AKT3	10000	Urogenital disease (female)|Urogenital disease (male)	chromium hexavalent ion	57.81		30236763
akt3	Acute Kidney Injury	MESH:D058186	AKT3	10000	Urogenital disease (female)|Urogenital disease (male)	Cisplatin	57.81		10454517|11977638|12180108|12690470|15814532|16316343|17670903|19144690|19833167|19913604|20369241|20419391|20463654|20510337|20514524|20603111|20650967|20652569|20656754|20676799|20817559|20844023|20844471|20861081|20942565|20943766|21044617|21048024|21048391|21058009|21256724|21272267|21325496|21458517|21470069|21570986|21593185|21633170|2170045|21745194|21802473|21835770|21847101|22005293|22581811|22992436|23384965|23649842|24012798|24113306|24632086|24778426|24973089|24975837|25184746|25382014|25598344|25957482|26165641|26230185|26546572|26723870|27480280|28321044|28414026|28698153|28885000|28902463|29126144|29476062|29599129|30291731|31103702|31153982|3152939|31926187|32110797|32504734|32777238|32888910|33965372|34560070|34785303|35279909|35367536|35403300|36006825|37057715|37087747|37179038|37863467|6350313|657154|7018267|7199128
akt3	Acute Kidney Injury	MESH:D058186	AKT3	10000	Urogenital disease (female)|Urogenital disease (male)	Curcumin	57.81		17076682|28698153|30431687
akt3	Acute Kidney Injury	MESH:D058186	AKT3	10000	Urogenital disease (female)|Urogenital disease (male)	Cyclosporine	57.81		11271297|11576359|12131698|1539206|1839490|21058009|22005293|2368707|2576639|2940667|29975447|3086006|3544376|3544821|6342655|7518975|7566623
akt3	Acute Kidney Injury	MESH:D058186	AKT3	10000	Urogenital disease (female)|Urogenital disease (male)	Dexamethasone	57.81		31654708|32687258|8546128|9763554
akt3	Acute Kidney Injury	MESH:D058186	AKT3	10000	Urogenital disease (female)|Urogenital disease (male)	Doxorubicin	57.81		18680783|21354902|21812276|25411067|26825964|28885000|29474904|30543781|3070145|31376360|32289291
akt3	Acute Kidney Injury	MESH:D058186	AKT3	10000	Urogenital disease (female)|Urogenital disease (male)	epigallocatechin gallate	57.81		25382014|36309138
akt3	Acute Kidney Injury	MESH:D058186	AKT3	10000	Urogenital disease (female)|Urogenital disease (male)	Folic Acid	57.81		1068326|10980121|11532093|135854|15149334|15625121|16316344|16595132|17003819|18480750|18626492|19552531|23255615|24275386|25559736|2566606|30405444|31447676|31593741|33404076|35191561|35772596|4142233|5070373|562503|745638|7531211|851170|8594875
akt3	Acute Kidney Injury	MESH:D058186	AKT3	10000	Urogenital disease (female)|Urogenital disease (male)	Metformin	57.81		11910877|14604317|14633764|15752411|16620273|16644670|20164825|20223410|20578420|4217736
akt3	Acute Kidney Injury	MESH:D058186	AKT3	10000	Urogenital disease (female)|Urogenital disease (male)	Particulate Matter	57.81		19797351|34751495
akt3	Acute Kidney Injury	MESH:D058186	AKT3	10000	Urogenital disease (female)|Urogenital disease (male)	Propylthiouracil	57.81		11014318|11956877|17415292|7942812|9219172|9550661
akt3	Acute Kidney Injury	MESH:D058186	AKT3	10000	Urogenital disease (female)|Urogenital disease (male)	Resveratrol	57.81		16488442|16538975|21593185|24958931
akt3	Acute Kidney Injury	MESH:D058186	AKT3	10000	Urogenital disease (female)|Urogenital disease (male)	sodium arsenate	57.81		23724280
akt3	Acute Kidney Injury	MESH:D058186	AKT3	10000	Urogenital disease (female)|Urogenital disease (male)	sodium arsenite	57.81		21094152|23724280|32736004|32818823
akt3	Acute Kidney Injury	MESH:D058186	AKT3	10000	Urogenital disease (female)|Urogenital disease (male)	Tobacco Smoke Pollution	57.81		29177025
akt3	Acute Kidney Injury	MESH:D058186	AKT3	10000	Urogenital disease (female)|Urogenital disease (male)	Tretinoin	57.81		10607690|11604554|12801854|17564563|18363177|8546128|9158667|9763554
akt3	Acute Kidney Injury	MESH:D058186	AKT3	10000	Urogenital disease (female)|Urogenital disease (male)	trichostatin A	57.81		29476062
akt3	Acute Kidney Injury	MESH:D058186	AKT3	10000	Urogenital disease (female)|Urogenital disease (male)	Valproic Acid	57.81		29968957
akt3	Acute Kidney Injury	MESH:D058186	AKT3	10000	Urogenital disease (female)|Urogenital disease (male)	Vehicle Emissions	57.81		19797351|34751495
akt3	Acute Kidney Injury	MESH:D058186	AKT3	10000	Urogenital disease (female)|Urogenital disease (male)	Zinc	57.81		7800247
akt3	Kidney Calculi	MESH:D007669	AKT3	10000	Pathology (anatomical condition)|Urogenital disease (female)|Urogenital disease (male)	Dexamethasone	5.35		1671989|8576746
akt3	Kidney Calculi	MESH:D007669	AKT3	10000	Pathology (anatomical condition)|Urogenital disease (female)|Urogenital disease (male)	Resveratrol	5.35		24145091|34333021
akt3	Kidney Cortex Necrosis	MESH:D007673	AKT3	10000	Urogenital disease (female)|Urogenital disease (male)	4-phenylbutyric acid	10.89		32879258
akt3	Kidney Cortex Necrosis	MESH:D007673	AKT3	10000	Urogenital disease (female)|Urogenital disease (male)	Cisplatin	10.89		15464296|19761811|28321044
akt3	Kidney Cortex Necrosis	MESH:D007673	AKT3	10000	Urogenital disease (female)|Urogenital disease (male)	Doxorubicin	10.89		19761811|30682439
akt3	Kidney Diseases	MESH:D007674	AKT3	10000	Urogenital disease (female)|Urogenital disease (male)	4-phenylbutyric acid	133.76		33651226
akt3	Kidney Diseases	MESH:D007674	AKT3	10000	Urogenital disease (female)|Urogenital disease (male)	Acetaminophen	133.76		11334364|11812892|12005112|12587719|12721325|15363587|15629190|15629191|17391827|18068886|1881229|19117117|19345714|19761811|19922764|20067817|20446790|2356566|2651928|26767949|30794797|31777137|3659833|7155631|7979097
akt3	Kidney Diseases	MESH:D007674	AKT3	10000	Urogenital disease (female)|Urogenital disease (male)	aristolochic acid I	133.76		20338233|21554934|22086975|22445861|22472514|22525892|23939141|24412304|25663515|31048001|31602497|33722575|35690179|37084829
akt3	Kidney Diseases	MESH:D007674	AKT3	10000	Urogenital disease (female)|Urogenital disease (male)	Arsenic	133.76		10828279|11836136|22066453|22949133|24348802|30835071|31775542|32246071|32270456|32544558|32818499|33026618|33518152|36822304
akt3	Kidney Diseases	MESH:D007674	AKT3	10000	Urogenital disease (female)|Urogenital disease (male)	Atrazine	133.76		30360616|35440735
akt3	Kidney Diseases	MESH:D007674	AKT3	10000	Urogenital disease (female)|Urogenital disease (male)	Benzo(a)pyrene	133.76		11289703|21803694
akt3	Kidney Diseases	MESH:D007674	AKT3	10000	Urogenital disease (female)|Urogenital disease (male)	bisphenol A	133.76		18445619|23359474|30303745|30641872|30997025|31091348|34281243|36830956
akt3	Kidney Diseases	MESH:D007674	AKT3	10000	Urogenital disease (female)|Urogenital disease (male)	Cadmium Chloride	133.76		10924798|16962696|17882470|18414974|19063931|19371613|21284339|21540277|23750309|24200859|24632105|25588984|26815315|29421648|33127495|33722575
akt3	Kidney Diseases	MESH:D007674	AKT3	10000	Urogenital disease (female)|Urogenital disease (male)	Chlorpyrifos	133.76		28675853|31479757|32500495|33908150
akt3	Kidney Diseases	MESH:D007674	AKT3	10000	Urogenital disease (female)|Urogenital disease (male)	chromium hexavalent ion	133.76		17822687|19913299|20348018|36108929
akt3	Kidney Diseases	MESH:D007674	AKT3	10000	Urogenital disease (female)|Urogenital disease (male)	Cisplatin	133.76		10396320|10812192|11090055|11305414|11745184|11776407|12231392|12649298|12815610|14966836|15190930|15267137|15496615|15934019|16154539|16246977|16428940|16723030|17135156|17922055|1793151|18289764|18956176|19038279|19152827|19356226|19535489|19723570|19736245|19839026|19850470|20435919|20438795|20605904|20716785|21605616|21616140|21640784|21724663|21763304|21803049|21883567|21884784|21902499|21939360|21949094|21993003|22019697|22525860|22989705|23142791|23229315|2326543|23287709|23603837|23770416|23959918|24001450|2413982|2424627|24863737|24880025|25015656|25043994|25308879|25665769|25927922|26558470|26612654|26739623|26751708|27317936|27397436|27616468|27722009|28904298|29216766|29471006|29574132|29752894|29852128|30169741|30452898|30842369|31306688|31493026|31612257|32418911|32991863|33522649|34423507|34476871|35243731|37102204|37561086|37956922|6181679|6203452|6538115|6542584|7191768|7532742|7706473|8178319|8270973|8413339|8584014|8626111|8751544|8845212|9057954|9144837|9256891|9381703
akt3	Kidney Diseases	MESH:D007674	AKT3	10000	Urogenital disease (female)|Urogenital disease (male)	cobaltous chloride	133.76		12819242|22343435|30596275
akt3	Kidney Diseases	MESH:D007674	AKT3	10000	Urogenital disease (female)|Urogenital disease (male)	Curcumin	133.76		19345714|25119790|31612257|34802538
akt3	Kidney Diseases	MESH:D007674	AKT3	10000	Urogenital disease (female)|Urogenital disease (male)	Cyclosporine	133.76		10903974|11063349|11091246|11544444|11558484|11583940|11773892|12110003|12243498|12362282|12394605|12427154|12469693|12584269|12883193|1436300|14550466|14659064|15147428|15339989|15365603|16858688|16980036|17132217|17199845|17430485|17461532|17879355|18001539|18582803|18776723|19391111|19761811|21073006|21354196|2165371|21865292|22343435|23347876|23958496|24462674|24502637|24907557|24971338|26311998|2881198|2889119|3032224|3122121|32298299|3458551|3708922|3895668|3899437|3915162|3916516|3925762|6340275|6349046|7508536|7532089|7540737|7542793|7666081|8314463|8832009|9154655|9509456|9664955|9815949
akt3	Kidney Diseases	MESH:D007674	AKT3	10000	Urogenital disease (female)|Urogenital disease (male)	decamethrin	133.76		23566885|24121187|28595958|28987327|31454128|33396045|34216712|35055458|35678313
akt3	Kidney Diseases	MESH:D007674	AKT3	10000	Urogenital disease (female)|Urogenital disease (male)	Dexamethasone	133.76		12414515|12574103|19879934|26271896
akt3	Kidney Diseases	MESH:D007674	AKT3	10000	Urogenital disease (female)|Urogenital disease (male)	Dibutyl Phthalate	133.76		23359474|29526571
akt3	Kidney Diseases	MESH:D007674	AKT3	10000	Urogenital disease (female)|Urogenital disease (male)	Diethylhexyl Phthalate	133.76		23359474|29669060|3206528|36610486
akt3	Kidney Diseases	MESH:D007674	AKT3	10000	Urogenital disease (female)|Urogenital disease (male)	diisodecyl phthalate	133.76		20358181
akt3	Kidney Diseases	MESH:D007674	AKT3	10000	Urogenital disease (female)|Urogenital disease (male)	Dioxins	133.76		35440735
akt3	Kidney Diseases	MESH:D007674	AKT3	10000	Urogenital disease (female)|Urogenital disease (male)	Doxorubicin	133.76		10088175|10094850|10344349|10430982|10755322|11124598|11345653|11401411|11867952|11996090|12012391|12386277|12540035|12674635|135666|14564477|14728886|15033991|15369732|15577213|15578190|15699352|16246977|16325981|16775033|16988067|17329577|17522263|1793151|18440303|18487002|19013753|19018148|1905199|19066422|19429242|19883716|19960953|20606417|22287321|24799355|25268985|26721193|2791187|28082111|3124293|31830546|3456068|36988379|3764673|3781430|3898001|7191768|7830283|7838258|7987999|8289579|9192910|9606733|9704904
akt3	Kidney Diseases	MESH:D007674	AKT3	10000	Urogenital disease (female)|Urogenital disease (male)	epigallocatechin gallate	133.76		25927922|30368989
akt3	Kidney Diseases	MESH:D007674	AKT3	10000	Urogenital disease (female)|Urogenital disease (male)	Estradiol	133.76		15618244|6305905
akt3	Kidney Diseases	MESH:D007674	AKT3	10000	Urogenital disease (female)|Urogenital disease (male)	fenvalerate	133.76		33396045|35678313
akt3	Kidney Diseases	MESH:D007674	AKT3	10000	Urogenital disease (female)|Urogenital disease (male)	Folic Acid	133.76		11832423|14633603|1482756|160016|18633340|193486|19435794|19934081|20116427|20406136|21647593|22647887|2386429|2840627|29789558|34619300|35124148|4336412
akt3	Kidney Diseases	MESH:D007674	AKT3	10000	Urogenital disease (female)|Urogenital disease (male)	Formaldehyde	133.76		14633228|16898265|18717515
akt3	Kidney Diseases	MESH:D007674	AKT3	10000	Urogenital disease (female)|Urogenital disease (male)	hydroquinone	133.76		9450487
akt3	Kidney Diseases	MESH:D007674	AKT3	10000	Urogenital disease (female)|Urogenital disease (male)	JP8 aviation fuel	133.76		32905848|35440735|8748423
akt3	Kidney Diseases	MESH:D007674	AKT3	10000	Urogenital disease (female)|Urogenital disease (male)	Lead	133.76		16601012|17715263|19700501|19921116|22066453|23792432|24276216|24631795|26612503|30090589|32246071|34350654|36840722
akt3	Kidney Diseases	MESH:D007674	AKT3	10000	Urogenital disease (female)|Urogenital disease (male)	Metformin	133.76		17520852|20431573
akt3	Kidney Diseases	MESH:D007674	AKT3	10000	Urogenital disease (female)|Urogenital disease (male)	Methamphetamine	133.76		37567421
akt3	Kidney Diseases	MESH:D007674	AKT3	10000	Urogenital disease (female)|Urogenital disease (male)	methylmercuric chloride	133.76		28526320
akt3	Kidney Diseases	MESH:D007674	AKT3	10000	Urogenital disease (female)|Urogenital disease (male)	Nanotubes, Carbon	133.76		32856799
akt3	Kidney Diseases	MESH:D007674	AKT3	10000	Urogenital disease (female)|Urogenital disease (male)	Ozone	133.76		20446790
akt3	Kidney Diseases	MESH:D007674	AKT3	10000	Urogenital disease (female)|Urogenital disease (male)	Paclitaxel	133.76		8751544|9057954|9164208
akt3	Kidney Diseases	MESH:D007674	AKT3	10000	Urogenital disease (female)|Urogenital disease (male)	Particulate Matter	133.76		33393722
akt3	Kidney Diseases	MESH:D007674	AKT3	10000	Urogenital disease (female)|Urogenital disease (male)	Pesticides	133.76		35440735
akt3	Kidney Diseases	MESH:D007674	AKT3	10000	Urogenital disease (female)|Urogenital disease (male)	Plant Preparations	133.76		19883716|28284660|33393722
akt3	Kidney Diseases	MESH:D007674	AKT3	10000	Urogenital disease (female)|Urogenital disease (male)	Resveratrol	133.76		16971220|17202664|18754105|20651248|22865646|23471352|23767859|25025298|26423427|27377006|29574132|32894639
akt3	Kidney Diseases	MESH:D007674	AKT3	10000	Urogenital disease (female)|Urogenital disease (male)	Rosiglitazone	133.76		18413206|19193937|19246972
akt3	Kidney Diseases	MESH:D007674	AKT3	10000	Urogenital disease (female)|Urogenital disease (male)	sodium arsenate	133.76		30456172|33418080
akt3	Kidney Diseases	MESH:D007674	AKT3	10000	Urogenital disease (female)|Urogenital disease (male)	sodium arsenite	133.76		10924798|17882470|18434106|19672740|20008137|24961358|26349760|26631322|29935397|30066062|30558456|31844926|34006163
akt3	Kidney Diseases	MESH:D007674	AKT3	10000	Urogenital disease (female)|Urogenital disease (male)	T-2 Toxin	133.76		33508416
akt3	Kidney Diseases	MESH:D007674	AKT3	10000	Urogenital disease (female)|Urogenital disease (male)	Trichloroethylene	133.76		17285313|22728725|23037997|31068537|31618666|33132242
akt3	Kidney Diseases	MESH:D007674	AKT3	10000	Urogenital disease (female)|Urogenital disease (male)	Valproic Acid	133.76		10937350|11322374|3935422|6782217|9175586
akt3	Kidney Diseases	MESH:D007674	AKT3	10000	Urogenital disease (female)|Urogenital disease (male)	Vehicle Emissions	133.76		33393722
akt3	Kidney Diseases	MESH:D007674	AKT3	10000	Urogenital disease (female)|Urogenital disease (male)	Zearalenone	133.76		17385802
akt3	Kidney Diseases	MESH:D007674	AKT3	10000	Urogenital disease (female)|Urogenital disease (male)	Zinc	133.76		16960431|19369054|19445918|21424224|30090589|32544558
akt3	Kidney Failure, Chronic	MESH:D007676	AKT3	10000	Pathology (process)|Urogenital disease (female)|Urogenital disease (male)	Acetaminophen	26.37		11752356|3050572|7969358
akt3	Kidney Failure, Chronic	MESH:D007676	AKT3	10000	Pathology (process)|Urogenital disease (female)|Urogenital disease (male)	Atrazine	26.37		26177651
akt3	Kidney Failure, Chronic	MESH:D007676	AKT3	10000	Pathology (process)|Urogenital disease (female)|Urogenital disease (male)	Curcumin	26.37		19225048
akt3	Kidney Failure, Chronic	MESH:D007676	AKT3	10000	Pathology (process)|Urogenital disease (female)|Urogenital disease (male)	Doxorubicin	26.37		11014987|15960146|16707910|9102927
akt3	Kidney Failure, Chronic	MESH:D007676	AKT3	10000	Pathology (process)|Urogenital disease (female)|Urogenital disease (male)	Folic Acid	26.37		4810836
akt3	Kidney Failure, Chronic	MESH:D007676	AKT3	10000	Pathology (process)|Urogenital disease (female)|Urogenital disease (male)	Lead	26.37		23343055
akt3	Kidney Failure, Chronic	MESH:D007676	AKT3	10000	Pathology (process)|Urogenital disease (female)|Urogenital disease (male)	Methamphetamine	26.37		9794581
akt3	Kidney Failure, Chronic	MESH:D007676	AKT3	10000	Pathology (process)|Urogenital disease (female)|Urogenital disease (male)	Propylthiouracil	26.37		10344375
akt3	Kidney Failure, Chronic	MESH:D007676	AKT3	10000	Pathology (process)|Urogenital disease (female)|Urogenital disease (male)	Zinc	26.37		16518626
akt3	Kidney Neoplasms	MESH:D007680	AKT3	10000	Cancer|Urogenital disease (female)|Urogenital disease (male)	1,2-Dimethylhydrazine	29.39		9695784
akt3	Kidney Neoplasms	MESH:D007680	AKT3	10000	Cancer|Urogenital disease (female)|Urogenital disease (male)	Acetaminophen	29.39		11679798|2912549|3834336|8793360
akt3	Kidney Neoplasms	MESH:D007680	AKT3	10000	Cancer|Urogenital disease (female)|Urogenital disease (male)	aristolochic acid I	29.39		19643159|21642617
akt3	Kidney Neoplasms	MESH:D007680	AKT3	10000	Cancer|Urogenital disease (female)|Urogenital disease (male)	Arsenic	29.39		23471352|9554605
akt3	Kidney Neoplasms	MESH:D007680	AKT3	10000	Cancer|Urogenital disease (female)|Urogenital disease (male)	Cisplatin	29.39		28321044
akt3	Kidney Neoplasms	MESH:D007680	AKT3	10000	Cancer|Urogenital disease (female)|Urogenital disease (male)	Cyclosporine	29.39		12371664|1825617
akt3	Kidney Neoplasms	MESH:D007680	AKT3	10000	Cancer|Urogenital disease (female)|Urogenital disease (male)	Doxorubicin	29.39		8602639
akt3	Kidney Neoplasms	MESH:D007680	AKT3	10000	Cancer|Urogenital disease (female)|Urogenital disease (male)	Estradiol	29.39		10326862|10402247|15610895|8221684|9683190|9683193
akt3	Kidney Neoplasms	MESH:D007680	AKT3	10000	Cancer|Urogenital disease (female)|Urogenital disease (male)	hydroquinone	29.39		9450487
akt3	Kidney Neoplasms	MESH:D007680	AKT3	10000	Cancer|Urogenital disease (female)|Urogenital disease (male)	Trichloroethylene	29.39		20663906|24923549
akt3	Kidney Papillary Necrosis	MESH:D007681	AKT3	10000	Urogenital disease (female)|Urogenital disease (male)	Acetaminophen	5.63		1203171|1919871|2362779|3050572|3559797|6025602|6126946|6590001|6776978|7412682
akt3	Kidney Papillary Necrosis	MESH:D007681	AKT3	10000	Urogenital disease (female)|Urogenital disease (male)	Diethylhexyl Phthalate	5.63		3102426
akt3	Kidney Tubular Necrosis, Acute	MESH:D007683	AKT3	10000	Urogenital disease (female)|Urogenital disease (male)	Acetaminophen	25.67		11881430|12060523|12832150|16354242|16532256|17624227|18645506|1987650|20352459|2362779|3173602|3380218|3420447|3559797|3796197|4062453|4082192|6868092|7282722|7566947|7579069|8473360|851123|989539
akt3	Kidney Tubular Necrosis, Acute	MESH:D007683	AKT3	10000	Urogenital disease (female)|Urogenital disease (male)	aristolochic acid I	25.67		22820421
akt3	Kidney Tubular Necrosis, Acute	MESH:D007683	AKT3	10000	Urogenital disease (female)|Urogenital disease (male)	Cisplatin	25.67		11231351|18368030|19797351|20702592|21881242|24975837|25677510|2680578|29051111|30682439|7855315|8457719|8583688
akt3	Kidney Tubular Necrosis, Acute	MESH:D007683	AKT3	10000	Urogenital disease (female)|Urogenital disease (male)	cobaltous chloride	25.67		851123
akt3	Kidney Tubular Necrosis, Acute	MESH:D007683	AKT3	10000	Urogenital disease (female)|Urogenital disease (male)	Cyclosporine	25.67		1778857|6336959|6351368
akt3	Kidney Tubular Necrosis, Acute	MESH:D007683	AKT3	10000	Urogenital disease (female)|Urogenital disease (male)	Folic Acid	25.67		12969123|12969128|14633603|18480750
akt3	Kidney Tubular Necrosis, Acute	MESH:D007683	AKT3	10000	Urogenital disease (female)|Urogenital disease (male)	Methamphetamine	25.67		11933563
akt3	Kidney Tubular Necrosis, Acute	MESH:D007683	AKT3	10000	Urogenital disease (female)|Urogenital disease (male)	Propylthiouracil	25.67		16354242
akt3	Kidney Tubular Necrosis, Acute	MESH:D007683	AKT3	10000	Urogenital disease (female)|Urogenital disease (male)	Tretinoin	25.67		9378467
akt3	Polycystic Kidney Diseases	MESH:D007690	AKT3	10000	Congenital abnormality|Genetic disease (inborn)|Urogenital disease (female)|Urogenital disease (male)	Rosiglitazone	3.45		20507283
psmb5	Acute Kidney Injury	MESH:D058186	PSMB5	5693	Urogenital disease (female)|Urogenital disease (male)	2,2',4,4'-tetrabromodiphenyl ether	84.96		37357614
psmb5	Acute Kidney Injury	MESH:D058186	PSMB5	5693	Urogenital disease (female)|Urogenital disease (male)	Acetaminophen	84.96		10454517|10462288|10529635|15058171|15118981|15546480|1605724|1676404|19109935|19183124|19369842|19515070|19639374|19815612|19995690|22093918|2302954|2873910|30099449|3403780|35020164|35243748|3605153|3747662|3827589|3992409|455818|6173498|6708674|6800515|6802245|6825559|6877410|7100020|7318260|7364436|7969685|8156726|8244261|8317017|8669426|8812206|9085330|9381478|9796772|9858252
psmb5	Acute Kidney Injury	MESH:D058186	PSMB5	5693	Urogenital disease (female)|Urogenital disease (male)	aristolochic acid I	84.96		24530882|26204831|27422293|34677723
psmb5	Acute Kidney Injury	MESH:D058186	PSMB5	5693	Urogenital disease (female)|Urogenital disease (male)	bisphenol A	84.96		24625398
psmb5	Acute Kidney Injury	MESH:D058186	PSMB5	5693	Urogenital disease (female)|Urogenital disease (male)	Clofibrate	84.96		12503032|55557|7437867
psmb5	Acute Kidney Injury	MESH:D058186	PSMB5	5693	Urogenital disease (female)|Urogenital disease (male)	Clozapine	84.96		10513719|10939762|12123128|20126316
psmb5	Acute Kidney Injury	MESH:D058186	PSMB5	5693	Urogenital disease (female)|Urogenital disease (male)	Copper Sulfate	84.96		30431687|602954
psmb5	Acute Kidney Injury	MESH:D058186	PSMB5	5693	Urogenital disease (female)|Urogenital disease (male)	Dimethylnitrosamine	84.96		28321044
psmb5	Acute Kidney Injury	MESH:D058186	PSMB5	5693	Urogenital disease (female)|Urogenital disease (male)	Doxorubicin	84.96		18680783|21354902|21812276|25411067|26825964|28885000|29474904|30543781|3070145|31376360|32289291
psmb5	Acute Kidney Injury	MESH:D058186	PSMB5	5693	Urogenital disease (female)|Urogenital disease (male)	Dronabinol	84.96		16161930
psmb5	Acute Kidney Injury	MESH:D058186	PSMB5	5693	Urogenital disease (female)|Urogenital disease (male)	Flutamide	84.96		12180480
psmb5	Acute Kidney Injury	MESH:D058186	PSMB5	5693	Urogenital disease (female)|Urogenital disease (male)	Glyphosate	84.96		24361898|32818823
psmb5	Acute Kidney Injury	MESH:D058186	PSMB5	5693	Urogenital disease (female)|Urogenital disease (male)	Heparin	84.96		1310879|17996113|3803229|435128|4713939
psmb5	Acute Kidney Injury	MESH:D058186	PSMB5	5693	Urogenital disease (female)|Urogenital disease (male)	Lipopolysaccharides	84.96		22253906|24561306|24973090|26055553|31654708|32687258|37436358
psmb5	Acute Kidney Injury	MESH:D058186	PSMB5	5693	Urogenital disease (female)|Urogenital disease (male)	Paraquat	84.96		21991918|26988026|28123623|30562684|33838153
psmb5	Acute Kidney Injury	MESH:D058186	PSMB5	5693	Urogenital disease (female)|Urogenital disease (male)	Particulate Matter	84.96		19797351|34751495
psmb5	Acute Kidney Injury	MESH:D058186	PSMB5	5693	Urogenital disease (female)|Urogenital disease (male)	perfluorooctane sulfonic acid	84.96		35934180
psmb5	Acute Kidney Injury	MESH:D058186	PSMB5	5693	Urogenital disease (female)|Urogenital disease (male)	Phenobarbital	84.96		1485575
psmb5	Acute Kidney Injury	MESH:D058186	PSMB5	5693	Urogenital disease (female)|Urogenital disease (male)	pirinixic acid	84.96		12503032
psmb5	Acute Kidney Injury	MESH:D058186	PSMB5	5693	Urogenital disease (female)|Urogenital disease (male)	Plant Extracts	84.96		18680783|19736602|22021999
psmb5	Acute Kidney Injury	MESH:D058186	PSMB5	5693	Urogenital disease (female)|Urogenital disease (male)	Resveratrol	84.96		16488442|16538975|21593185|24958931
psmb5	Acute Kidney Injury	MESH:D058186	PSMB5	5693	Urogenital disease (female)|Urogenital disease (male)	Ritonavir	84.96		10452668|8992345|9850700
psmb5	Acute Kidney Injury	MESH:D058186	PSMB5	5693	Urogenital disease (female)|Urogenital disease (male)	Rotenone	84.96		30099449
psmb5	Acute Kidney Injury	MESH:D058186	PSMB5	5693	Urogenital disease (female)|Urogenital disease (male)	Smoke	84.96		10095180|578557
psmb5	Acute Kidney Injury	MESH:D058186	PSMB5	5693	Urogenital disease (female)|Urogenital disease (male)	sodium arsenate	84.96		23724280
psmb5	Acute Kidney Injury	MESH:D058186	PSMB5	5693	Urogenital disease (female)|Urogenital disease (male)	sodium arsenite	84.96		21094152|23724280|32736004|32818823
psmb5	Acute Kidney Injury	MESH:D058186	PSMB5	5693	Urogenital disease (female)|Urogenital disease (male)	Sulindac	84.96		7897758
psmb5	Acute Kidney Injury	MESH:D058186	PSMB5	5693	Urogenital disease (female)|Urogenital disease (male)	tanshinone	84.96		35243748
psmb5	Acute Kidney Injury	MESH:D058186	PSMB5	5693	Urogenital disease (female)|Urogenital disease (male)	Theophylline	84.96		10441997|1956491|2858780
psmb5	Acute Kidney Injury	MESH:D058186	PSMB5	5693	Urogenital disease (female)|Urogenital disease (male)	Tobacco Smoke Pollution	84.96		29177025
psmb5	Acute Kidney Injury	MESH:D058186	PSMB5	5693	Urogenital disease (female)|Urogenital disease (male)	Valproic Acid	84.96		29968957
psmb5	Acute Kidney Injury	MESH:D058186	PSMB5	5693	Urogenital disease (female)|Urogenital disease (male)	Vehicle Emissions	84.96		19797351|34751495
psmb5	Acute Kidney Injury	MESH:D058186	PSMB5	5693	Urogenital disease (female)|Urogenital disease (male)	Vitamin E	84.96		3353995|9763232
psmb5	Chronic Kidney Diseases of Uncertain Etiology	MESH:D000092702	PSMB5	5693	Occupational disease|Pathology (process)|Urogenital disease (female)|Urogenital disease (male)	Endosulfan	4.43		36513242
psmb5	Kidney Calculi	MESH:D007669	PSMB5	5693	Pathology (anatomical condition)|Urogenital disease (female)|Urogenital disease (male)	Resveratrol	5.56		24145091|34333021
psmb5	Kidney Calculi	MESH:D007669	PSMB5	5693	Pathology (anatomical condition)|Urogenital disease (female)|Urogenital disease (male)	Vitamin E	5.56		8112761
psmb5	Kidney Cortex Necrosis	MESH:D007673	PSMB5	5693	Urogenital disease (female)|Urogenital disease (male)	Doxorubicin	2.50		19761811|30682439
psmb5	Kidney Diseases	MESH:D007674	PSMB5	5693	Urogenital disease (female)|Urogenital disease (male)	9,10-Dimethyl-1,2-benzanthracene	120.74		24995432|32623939|35243731
psmb5	Kidney Diseases	MESH:D007674	PSMB5	5693	Urogenital disease (female)|Urogenital disease (male)	Acetaminophen	120.74		11334364|11812892|12005112|12587719|12721325|15363587|15629190|15629191|17391827|18068886|1881229|19117117|19345714|19761811|19922764|20067817|20446790|2356566|2651928|26767949|30794797|31777137|3659833|7155631|7979097
psmb5	Kidney Diseases	MESH:D007674	PSMB5	5693	Urogenital disease (female)|Urogenital disease (male)	Aflatoxin B1	120.74		32894639|35304092
psmb5	Kidney Diseases	MESH:D007674	PSMB5	5693	Urogenital disease (female)|Urogenital disease (male)	aristolochic acid I	120.74		20338233|21554934|22086975|22445861|22472514|22525892|23939141|24412304|25663515|31048001|31602497|33722575|35690179|37084829
psmb5	Kidney Diseases	MESH:D007674	PSMB5	5693	Urogenital disease (female)|Urogenital disease (male)	Arsenic	120.74		10828279|11836136|22066453|22949133|24348802|30835071|31775542|32246071|32270456|32544558|32818499|33026618|33518152|36822304
psmb5	Kidney Diseases	MESH:D007674	PSMB5	5693	Urogenital disease (female)|Urogenital disease (male)	Atrazine	120.74		30360616|35440735
psmb5	Kidney Diseases	MESH:D007674	PSMB5	5693	Urogenital disease (female)|Urogenital disease (male)	Benzo(a)pyrene	120.74		11289703|21803694
psmb5	Kidney Diseases	MESH:D007674	PSMB5	5693	Urogenital disease (female)|Urogenital disease (male)	bisphenol A	120.74		18445619|23359474|30303745|30641872|30997025|31091348|34281243|36830956
psmb5	Kidney Diseases	MESH:D007674	PSMB5	5693	Urogenital disease (female)|Urogenital disease (male)	Chlorpyrifos	120.74		28675853|31479757|32500495|33908150
psmb5	Kidney Diseases	MESH:D007674	PSMB5	5693	Urogenital disease (female)|Urogenital disease (male)	Clofibrate	120.74		21338618
psmb5	Kidney Diseases	MESH:D007674	PSMB5	5693	Urogenital disease (female)|Urogenital disease (male)	Copper	120.74		20035423|24627433|30090589
psmb5	Kidney Diseases	MESH:D007674	PSMB5	5693	Urogenital disease (female)|Urogenital disease (male)	cypermethrin	120.74		33396045|35678313
psmb5	Kidney Diseases	MESH:D007674	PSMB5	5693	Urogenital disease (female)|Urogenital disease (male)	DEET	120.74		33148267
psmb5	Kidney Diseases	MESH:D007674	PSMB5	5693	Urogenital disease (female)|Urogenital disease (male)	Dibutyl Phthalate	120.74		23359474|29526571
psmb5	Kidney Diseases	MESH:D007674	PSMB5	5693	Urogenital disease (female)|Urogenital disease (male)	Diethylhexyl Phthalate	120.74		23359474|29669060|3206528|36610486
psmb5	Kidney Diseases	MESH:D007674	PSMB5	5693	Urogenital disease (female)|Urogenital disease (male)	Dimethylnitrosamine	120.74		34472159
psmb5	Kidney Diseases	MESH:D007674	PSMB5	5693	Urogenital disease (female)|Urogenital disease (male)	Doxorubicin	120.74		10088175|10094850|10344349|10430982|10755322|11124598|11345653|11401411|11867952|11996090|12012391|12386277|12540035|12674635|135666|14564477|14728886|15033991|15369732|15577213|15578190|15699352|16246977|16325981|16775033|16988067|17329577|17522263|1793151|18440303|18487002|19013753|19018148|1905199|19066422|19429242|19883716|19960953|20606417|22287321|24799355|25268985|26721193|2791187|28082111|3124293|31830546|3456068|36988379|3764673|3781430|3898001|7191768|7830283|7838258|7987999|8289579|9192910|9606733|9704904
psmb5	Kidney Diseases	MESH:D007674	PSMB5	5693	Urogenital disease (female)|Urogenital disease (male)	Estradiol	120.74		15618244|6305905
psmb5	Kidney Diseases	MESH:D007674	PSMB5	5693	Urogenital disease (female)|Urogenital disease (male)	Ethinyl Estradiol	120.74		19761811
psmb5	Kidney Diseases	MESH:D007674	PSMB5	5693	Urogenital disease (female)|Urogenital disease (male)	fenvalerate	120.74		33396045|35678313
psmb5	Kidney Diseases	MESH:D007674	PSMB5	5693	Urogenital disease (female)|Urogenital disease (male)	furan	120.74		21254322
psmb5	Kidney Diseases	MESH:D007674	PSMB5	5693	Urogenital disease (female)|Urogenital disease (male)	Glyphosate	120.74		25434756|33296237|35440735|37001608
psmb5	Kidney Diseases	MESH:D007674	PSMB5	5693	Urogenital disease (female)|Urogenital disease (male)	Heparin	120.74		3118260|7431459
psmb5	Kidney Diseases	MESH:D007674	PSMB5	5693	Urogenital disease (female)|Urogenital disease (male)	Hydrogen Peroxide	120.74		29463041
psmb5	Kidney Diseases	MESH:D007674	PSMB5	5693	Urogenital disease (female)|Urogenital disease (male)	Isotretinoin	120.74		9198075
psmb5	Kidney Diseases	MESH:D007674	PSMB5	5693	Urogenital disease (female)|Urogenital disease (male)	lipopolysaccharide, Escherichia coli O111 B4	120.74		35838105
psmb5	Kidney Diseases	MESH:D007674	PSMB5	5693	Urogenital disease (female)|Urogenital disease (male)	Lipopolysaccharides	120.74		12861172|21327618|22128259|26271896|33038329|9445295
psmb5	Kidney Diseases	MESH:D007674	PSMB5	5693	Urogenital disease (female)|Urogenital disease (male)	Nanotubes, Carbon	120.74		32856799
psmb5	Kidney Diseases	MESH:D007674	PSMB5	5693	Urogenital disease (female)|Urogenital disease (male)	Ozone	120.74		20446790
psmb5	Kidney Diseases	MESH:D007674	PSMB5	5693	Urogenital disease (female)|Urogenital disease (male)	Paraquat	120.74		20095327
psmb5	Kidney Diseases	MESH:D007674	PSMB5	5693	Urogenital disease (female)|Urogenital disease (male)	Particulate Matter	120.74		33393722
psmb5	Kidney Diseases	MESH:D007674	PSMB5	5693	Urogenital disease (female)|Urogenital disease (male)	Permethrin	120.74		24121187|33148267
psmb5	Kidney Diseases	MESH:D007674	PSMB5	5693	Urogenital disease (female)|Urogenital disease (male)	Phenobarbital	120.74		11594702|1239223|17006072|2734806|4416261|6782217|7059030|982456
psmb5	Kidney Diseases	MESH:D007674	PSMB5	5693	Urogenital disease (female)|Urogenital disease (male)	Piperonyl Butoxide	120.74		2344991
psmb5	Kidney Diseases	MESH:D007674	PSMB5	5693	Urogenital disease (female)|Urogenital disease (male)	Plant Extracts	120.74		15267137|15577213|16671961|17132217|17135156|17385802|19952499|19960953|21939360|32651782
psmb5	Kidney Diseases	MESH:D007674	PSMB5	5693	Urogenital disease (female)|Urogenital disease (male)	Resveratrol	120.74		16971220|17202664|18754105|20651248|22865646|23471352|23767859|25025298|26423427|27377006|29574132|32894639
psmb5	Kidney Diseases	MESH:D007674	PSMB5	5693	Urogenital disease (female)|Urogenital disease (male)	sodium arsenate	120.74		30456172|33418080
psmb5	Kidney Diseases	MESH:D007674	PSMB5	5693	Urogenital disease (female)|Urogenital disease (male)	sodium arsenite	120.74		10924798|17882470|18434106|19672740|20008137|24961358|26349760|26631322|29935397|30066062|30558456|31844926|34006163
psmb5	Kidney Diseases	MESH:D007674	PSMB5	5693	Urogenital disease (female)|Urogenital disease (male)	Tamoxifen	120.74		17698946
psmb5	Kidney Diseases	MESH:D007674	PSMB5	5693	Urogenital disease (female)|Urogenital disease (male)	Theophylline	120.74		12745095|12836095|16714461|7892462
psmb5	Kidney Diseases	MESH:D007674	PSMB5	5693	Urogenital disease (female)|Urogenital disease (male)	Trichloroethylene	120.74		17285313|22728725|23037997|31068537|31618666|33132242
psmb5	Kidney Diseases	MESH:D007674	PSMB5	5693	Urogenital disease (female)|Urogenital disease (male)	Valproic Acid	120.74		10937350|11322374|3935422|6782217|9175586
psmb5	Kidney Diseases	MESH:D007674	PSMB5	5693	Urogenital disease (female)|Urogenital disease (male)	Vehicle Emissions	120.74		33393722
psmb5	Kidney Diseases	MESH:D007674	PSMB5	5693	Urogenital disease (female)|Urogenital disease (male)	vinclozolin	120.74		20927350|21570938|31682807
psmb5	Kidney Diseases	MESH:D007674	PSMB5	5693	Urogenital disease (female)|Urogenital disease (male)	Vitamin E	120.74		12488133|15669049|17448119|23347876|9530244
psmb5	Kidney Diseases, Cystic	MESH:D052177	PSMB5	5693	Urogenital disease (female)|Urogenital disease (male)	Glyphosate	3.16		31011160
psmb5	Kidney Failure, Chronic	MESH:D007676	PSMB5	5693	Pathology (process)|Urogenital disease (female)|Urogenital disease (male)	Acetaminophen	26.17		11752356|3050572|7969358
psmb5	Kidney Failure, Chronic	MESH:D007676	PSMB5	5693	Pathology (process)|Urogenital disease (female)|Urogenital disease (male)	Atrazine	26.17		26177651
psmb5	Kidney Failure, Chronic	MESH:D007676	PSMB5	5693	Pathology (process)|Urogenital disease (female)|Urogenital disease (male)	Copper	26.17		16518626
psmb5	Kidney Failure, Chronic	MESH:D007676	PSMB5	5693	Pathology (process)|Urogenital disease (female)|Urogenital disease (male)	Doxorubicin	26.17		11014987|15960146|16707910|9102927
psmb5	Kidney Failure, Chronic	MESH:D007676	PSMB5	5693	Pathology (process)|Urogenital disease (female)|Urogenital disease (male)	Glucose	26.17		9551423
psmb5	Kidney Failure, Chronic	MESH:D007676	PSMB5	5693	Pathology (process)|Urogenital disease (female)|Urogenital disease (male)	Hydrogen Peroxide	26.17		16518626
psmb5	Kidney Failure, Chronic	MESH:D007676	PSMB5	5693	Pathology (process)|Urogenital disease (female)|Urogenital disease (male)	Paraquat	26.17		26177651
psmb5	Kidney Failure, Chronic	MESH:D007676	PSMB5	5693	Pathology (process)|Urogenital disease (female)|Urogenital disease (male)	Permethrin	26.17		26177651
psmb5	Kidney Failure, Chronic	MESH:D007676	PSMB5	5693	Pathology (process)|Urogenital disease (female)|Urogenital disease (male)	Sulindac	26.17		3884224
psmb5	Kidney Neoplasms	MESH:D007680	PSMB5	5693	Cancer|Urogenital disease (female)|Urogenital disease (male)	2,6-dinitrotoluene	53.70		16705839
psmb5	Kidney Neoplasms	MESH:D007680	PSMB5	5693	Cancer|Urogenital disease (female)|Urogenital disease (male)	Acetaminophen	53.70		11679798|2912549|3834336|8793360
psmb5	Kidney Neoplasms	MESH:D007680	PSMB5	5693	Cancer|Urogenital disease (female)|Urogenital disease (male)	Aflatoxin B1	53.70		22545673
psmb5	Kidney Neoplasms	MESH:D007680	PSMB5	5693	Cancer|Urogenital disease (female)|Urogenital disease (male)	aristolochic acid I	53.70		19643159|21642617
psmb5	Kidney Neoplasms	MESH:D007680	PSMB5	5693	Cancer|Urogenital disease (female)|Urogenital disease (male)	Arsenic	53.70		23471352|9554605
psmb5	Kidney Neoplasms	MESH:D007680	PSMB5	5693	Cancer|Urogenital disease (female)|Urogenital disease (male)	Diethylstilbestrol	53.70		14681315|15003126|16435123|16762066
psmb5	Kidney Neoplasms	MESH:D007680	PSMB5	5693	Cancer|Urogenital disease (female)|Urogenital disease (male)	Dimethylnitrosamine	53.70		28321044|3607743|6428851
psmb5	Kidney Neoplasms	MESH:D007680	PSMB5	5693	Cancer|Urogenital disease (female)|Urogenital disease (male)	Doxorubicin	53.70		8602639
psmb5	Kidney Neoplasms	MESH:D007680	PSMB5	5693	Cancer|Urogenital disease (female)|Urogenital disease (male)	Estradiol	53.70		10326862|10402247|15610895|8221684|9683190|9683193
psmb5	Kidney Neoplasms	MESH:D007680	PSMB5	5693	Cancer|Urogenital disease (female)|Urogenital disease (male)	Estrone	53.70		15610895
psmb5	Kidney Neoplasms	MESH:D007680	PSMB5	5693	Cancer|Urogenital disease (female)|Urogenital disease (male)	Glucose	53.70		28916336
psmb5	Kidney Neoplasms	MESH:D007680	PSMB5	5693	Cancer|Urogenital disease (female)|Urogenital disease (male)	Phenobarbital	53.70		28245158
psmb5	Kidney Neoplasms	MESH:D007680	PSMB5	5693	Cancer|Urogenital disease (female)|Urogenital disease (male)	Smoke	53.70		2912549|8602639
psmb5	Kidney Neoplasms	MESH:D007680	PSMB5	5693	Cancer|Urogenital disease (female)|Urogenital disease (male)	Tamoxifen	53.70		18625569
psmb5	Kidney Neoplasms	MESH:D007680	PSMB5	5693	Cancer|Urogenital disease (female)|Urogenital disease (male)	Trichloroethylene	53.70		20663906|24923549
psmb5	Kidney Neoplasms	MESH:D007680	PSMB5	5693	Cancer|Urogenital disease (female)|Urogenital disease (male)	Vitamin E	53.70		9192818
psmb5	Kidney Papillary Necrosis	MESH:D007681	PSMB5	5693	Urogenital disease (female)|Urogenital disease (male)	Acetaminophen	9.58		1203171|1919871|2362779|3050572|3559797|6025602|6126946|6590001|6776978|7412682
psmb5	Kidney Papillary Necrosis	MESH:D007681	PSMB5	5693	Urogenital disease (female)|Urogenital disease (male)	Diethylhexyl Phthalate	9.58		3102426
psmb5	Kidney Papillary Necrosis	MESH:D007681	PSMB5	5693	Urogenital disease (female)|Urogenital disease (male)	Sulindac	9.58		6126946
psmb5	Kidney Tubular Necrosis, Acute	MESH:D007683	PSMB5	5693	Urogenital disease (female)|Urogenital disease (male)	Acetaminophen	14.98		11881430|12060523|12832150|16354242|16532256|17624227|18645506|1987650|20352459|2362779|3173602|3380218|3420447|3559797|3796197|4062453|4082192|6868092|7282722|7566947|7579069|8473360|851123|989539
psmb5	Kidney Tubular Necrosis, Acute	MESH:D007683	PSMB5	5693	Urogenital disease (female)|Urogenital disease (male)	aristolochic acid I	14.98		22820421
psmb5	Kidney Tubular Necrosis, Acute	MESH:D007683	PSMB5	5693	Urogenital disease (female)|Urogenital disease (male)	Copper	14.98		22465980
psmb5	Kidney Tubular Necrosis, Acute	MESH:D007683	PSMB5	5693	Urogenital disease (female)|Urogenital disease (male)	Phenobarbital	14.98		3395247
psmb5	Kidney Tubular Necrosis, Acute	MESH:D007683	PSMB5	5693	Urogenital disease (female)|Urogenital disease (male)	Piperonyl Butoxide	14.98		1987650|851123
psmb5	Kidney Tubular Necrosis, Acute	MESH:D007683	PSMB5	5693	Urogenital disease (female)|Urogenital disease (male)	Plant Extracts	14.98		16492795
psmb5	Multicystic Dysplastic Kidney	MESH:D021782	PSMB5	5693	Congenital abnormality|Urogenital disease (female)|Urogenital disease (male)	Phenobarbital	4.04		17310358
psmd3	Acute Kidney Injury	MESH:D058186	PSMD3	5709	Urogenital disease (female)|Urogenital disease (male)	2,2',4,4'-tetrabromodiphenyl ether	80.35		37357614
psmd3	Acute Kidney Injury	MESH:D058186	PSMD3	5709	Urogenital disease (female)|Urogenital disease (male)	Acetaminophen	80.35		10454517|10462288|10529635|15058171|15118981|15546480|1605724|1676404|19109935|19183124|19369842|19515070|19639374|19815612|19995690|22093918|2302954|2873910|30099449|3403780|35020164|35243748|3605153|3747662|3827589|3992409|455818|6173498|6708674|6800515|6802245|6825559|6877410|7100020|7318260|7364436|7969685|8156726|8244261|8317017|8669426|8812206|9085330|9381478|9796772|9858252
psmd3	Acute Kidney Injury	MESH:D058186	PSMD3	5709	Urogenital disease (female)|Urogenital disease (male)	aristolochic acid I	80.35		24530882|26204831|27422293|34677723
psmd3	Acute Kidney Injury	MESH:D058186	PSMD3	5709	Urogenital disease (female)|Urogenital disease (male)	Arsenic Trioxide	80.35		18463343
psmd3	Acute Kidney Injury	MESH:D058186	PSMD3	5709	Urogenital disease (female)|Urogenital disease (male)	bisphenol A	80.35		24625398
psmd3	Acute Kidney Injury	MESH:D058186	PSMD3	5709	Urogenital disease (female)|Urogenital disease (male)	Cadmium Chloride	80.35		21620867|28759707|29286200|32818823|35122928
psmd3	Acute Kidney Injury	MESH:D058186	PSMD3	5709	Urogenital disease (female)|Urogenital disease (male)	Carbon Tetrachloride	80.35		24975872|28285099|30825423
psmd3	Acute Kidney Injury	MESH:D058186	PSMD3	5709	Urogenital disease (female)|Urogenital disease (male)	Copper Sulfate	80.35		30431687|602954
psmd3	Acute Kidney Injury	MESH:D058186	PSMD3	5709	Urogenital disease (female)|Urogenital disease (male)	Cyclosporine	80.35		11271297|11576359|12131698|1539206|1839490|21058009|22005293|2368707|2576639|2940667|29975447|3086006|3544376|3544821|6342655|7518975|7566623
psmd3	Acute Kidney Injury	MESH:D058186	PSMD3	5709	Urogenital disease (female)|Urogenital disease (male)	Ethanol	80.35		28285099|3747662
psmd3	Acute Kidney Injury	MESH:D058186	PSMD3	5709	Urogenital disease (female)|Urogenital disease (male)	Flutamide	80.35		12180480
psmd3	Acute Kidney Injury	MESH:D058186	PSMD3	5709	Urogenital disease (female)|Urogenital disease (male)	Folic Acid	80.35		1068326|10980121|11532093|135854|15149334|15625121|16316344|16595132|17003819|18480750|18626492|19552531|23255615|24275386|25559736|2566606|30405444|31447676|31593741|33404076|35191561|35772596|4142233|5070373|562503|745638|7531211|851170|8594875
psmd3	Acute Kidney Injury	MESH:D058186	PSMD3	5709	Urogenital disease (female)|Urogenital disease (male)	Melatonin	80.35		35367536
psmd3	Acute Kidney Injury	MESH:D058186	PSMD3	5709	Urogenital disease (female)|Urogenital disease (male)	Mercuric Chloride	80.35		10469268|10677590|10901180|11274264|1134612|11510480|11768240|11817102|14638913|1474766|15375764|1561627|16801527|16891066|18496552|18616694|19902086|20407758|21094152|21652719|22390991|22785175|22960887|29045746|32879258|4644892|602954|618599|6223941|7540432|8305641|8342615|8538927|8872981|9544699|9788586|9810145|9853001
psmd3	Acute Kidney Injury	MESH:D058186	PSMD3	5709	Urogenital disease (female)|Urogenital disease (male)	Methionine	80.35		31926187
psmd3	Acute Kidney Injury	MESH:D058186	PSMD3	5709	Urogenital disease (female)|Urogenital disease (male)	Oxygen	80.35		12819242|16153449|27363640
psmd3	Acute Kidney Injury	MESH:D058186	PSMD3	5709	Urogenital disease (female)|Urogenital disease (male)	Particulate Matter	80.35		19797351|34751495
psmd3	Acute Kidney Injury	MESH:D058186	PSMD3	5709	Urogenital disease (female)|Urogenital disease (male)	Patulin	80.35		35772596
psmd3	Acute Kidney Injury	MESH:D058186	PSMD3	5709	Urogenital disease (female)|Urogenital disease (male)	perfluorooctane sulfonic acid	80.35		35934180
psmd3	Acute Kidney Injury	MESH:D058186	PSMD3	5709	Urogenital disease (female)|Urogenital disease (male)	pirinixic acid	80.35		12503032
psmd3	Acute Kidney Injury	MESH:D058186	PSMD3	5709	Urogenital disease (female)|Urogenital disease (male)	Propylthiouracil	80.35		11014318|11956877|17415292|7942812|9219172|9550661
psmd3	Acute Kidney Injury	MESH:D058186	PSMD3	5709	Urogenital disease (female)|Urogenital disease (male)	Rotenone	80.35		30099449
psmd3	Acute Kidney Injury	MESH:D058186	PSMD3	5709	Urogenital disease (female)|Urogenital disease (male)	Smoke	80.35		10095180|578557
psmd3	Acute Kidney Injury	MESH:D058186	PSMD3	5709	Urogenital disease (female)|Urogenital disease (male)	sodium arsenate	80.35		23724280
psmd3	Acute Kidney Injury	MESH:D058186	PSMD3	5709	Urogenital disease (female)|Urogenital disease (male)	sodium arsenite	80.35		21094152|23724280|32736004|32818823
psmd3	Acute Kidney Injury	MESH:D058186	PSMD3	5709	Urogenital disease (female)|Urogenital disease (male)	sulforaphane	80.35		19913604
psmd3	Acute Kidney Injury	MESH:D058186	PSMD3	5709	Urogenital disease (female)|Urogenital disease (male)	Tobacco Smoke Pollution	80.35		29177025
psmd3	Acute Kidney Injury	MESH:D058186	PSMD3	5709	Urogenital disease (female)|Urogenital disease (male)	Valproic Acid	80.35		29968957
psmd3	Kidney Calculi	MESH:D007669	PSMD3	5709	Pathology (anatomical condition)|Urogenital disease (female)|Urogenital disease (male)	Methionine	2.78		8112761
psmd3	Kidney Cortex Necrosis	MESH:D007673	PSMD3	5709	Urogenital disease (female)|Urogenital disease (male)	Carbon Tetrachloride	7.17		23845967
psmd3	Kidney Cortex Necrosis	MESH:D007673	PSMD3	5709	Urogenital disease (female)|Urogenital disease (male)	Mercuric Chloride	7.17		32879258
psmd3	Kidney Diseases	MESH:D007674	PSMD3	5709	Urogenital disease (female)|Urogenital disease (male)	9,10-Dimethyl-1,2-benzanthracene	89.13		24995432|32623939|35243731
psmd3	Kidney Diseases	MESH:D007674	PSMD3	5709	Urogenital disease (female)|Urogenital disease (male)	Acetaminophen	89.13		11334364|11812892|12005112|12587719|12721325|15363587|15629190|15629191|17391827|18068886|1881229|19117117|19345714|19761811|19922764|20067817|20446790|2356566|2651928|26767949|30794797|31777137|3659833|7155631|7979097
psmd3	Kidney Diseases	MESH:D007674	PSMD3	5709	Urogenital disease (female)|Urogenital disease (male)	Acrylamide	89.13		29913234
psmd3	Kidney Diseases	MESH:D007674	PSMD3	5709	Urogenital disease (female)|Urogenital disease (male)	Aflatoxin B1	89.13		32894639|35304092
psmd3	Kidney Diseases	MESH:D007674	PSMD3	5709	Urogenital disease (female)|Urogenital disease (male)	aristolochic acid I	89.13		20338233|21554934|22086975|22445861|22472514|22525892|23939141|24412304|25663515|31048001|31602497|33722575|35690179|37084829
psmd3	Kidney Diseases	MESH:D007674	PSMD3	5709	Urogenital disease (female)|Urogenital disease (male)	Arsenic Trioxide	89.13		23471352|26184899|29130132|30516227|31612257|32919218|35317438
psmd3	Kidney Diseases	MESH:D007674	PSMD3	5709	Urogenital disease (female)|Urogenital disease (male)	Benzo(a)pyrene	89.13		11289703|21803694
psmd3	Kidney Diseases	MESH:D007674	PSMD3	5709	Urogenital disease (female)|Urogenital disease (male)	bisphenol A	89.13		18445619|23359474|30303745|30641872|30997025|31091348|34281243|36830956
psmd3	Kidney Diseases	MESH:D007674	PSMD3	5709	Urogenital disease (female)|Urogenital disease (male)	Cadmium Chloride	89.13		10924798|16962696|17882470|18414974|19063931|19371613|21284339|21540277|23750309|24200859|24632105|25588984|26815315|29421648|33127495|33722575
psmd3	Kidney Diseases	MESH:D007674	PSMD3	5709	Urogenital disease (female)|Urogenital disease (male)	Carbon Tetrachloride	89.13		25899501|2905310|29522708|34029542
psmd3	Kidney Diseases	MESH:D007674	PSMD3	5709	Urogenital disease (female)|Urogenital disease (male)	chrysene	89.13		11289703
psmd3	Kidney Diseases	MESH:D007674	PSMD3	5709	Urogenital disease (female)|Urogenital disease (male)	cobaltous chloride	89.13		12819242|22343435|30596275
psmd3	Kidney Diseases	MESH:D007674	PSMD3	5709	Urogenital disease (female)|Urogenital disease (male)	Cyclosporine	89.13		10903974|11063349|11091246|11544444|11558484|11583940|11773892|12110003|12243498|12362282|12394605|12427154|12469693|12584269|12883193|1436300|14550466|14659064|15147428|15339989|15365603|16858688|16980036|17132217|17199845|17430485|17461532|17879355|18001539|18582803|18776723|19391111|19761811|21073006|21354196|2165371|21865292|22343435|23347876|23958496|24462674|24502637|24907557|24971338|26311998|2881198|2889119|3032224|3122121|32298299|3458551|3708922|3895668|3899437|3915162|3916516|3925762|6340275|6349046|7508536|7532089|7540737|7542793|7666081|8314463|8832009|9154655|9509456|9664955|9815949
psmd3	Kidney Diseases	MESH:D007674	PSMD3	5709	Urogenital disease (female)|Urogenital disease (male)	Dibutyl Phthalate	89.13		23359474|29526571
psmd3	Kidney Diseases	MESH:D007674	PSMD3	5709	Urogenital disease (female)|Urogenital disease (male)	Environmental Pollutants	89.13		14653309
psmd3	Kidney Diseases	MESH:D007674	PSMD3	5709	Urogenital disease (female)|Urogenital disease (male)	Ethanol	89.13		25859307|31811911|32894639|36085217
psmd3	Kidney Diseases	MESH:D007674	PSMD3	5709	Urogenital disease (female)|Urogenital disease (male)	flusilazole	89.13		28263823
psmd3	Kidney Diseases	MESH:D007674	PSMD3	5709	Urogenital disease (female)|Urogenital disease (male)	Folic Acid	89.13		11832423|14633603|1482756|160016|18633340|193486|19435794|19934081|20116427|20406136|21647593|22647887|2386429|2840627|29789558|34619300|35124148|4336412
psmd3	Kidney Diseases	MESH:D007674	PSMD3	5709	Urogenital disease (female)|Urogenital disease (male)	Hydralazine	89.13		10945845
psmd3	Kidney Diseases	MESH:D007674	PSMD3	5709	Urogenital disease (female)|Urogenital disease (male)	lipopolysaccharide, Escherichia coli O111 B4	89.13		35838105
psmd3	Kidney Diseases	MESH:D007674	PSMD3	5709	Urogenital disease (female)|Urogenital disease (male)	Melatonin	89.13		10759677|16236146|16443174|18717515|19117117|27899301
psmd3	Kidney Diseases	MESH:D007674	PSMD3	5709	Urogenital disease (female)|Urogenital disease (male)	Mercuric Chloride	89.13		10696793|12194165|12490134|16871242|17516994|17882470|18441258|18536492|19501138|20804780|21126564|21259295|21369715|21616119|21787585|22108423|22416658|2386429|24751971|2769936|2905310|32599119|5798944|7830283
psmd3	Kidney Diseases	MESH:D007674	PSMD3	5709	Urogenital disease (female)|Urogenital disease (male)	Methionine	89.13		20406136
psmd3	Kidney Diseases	MESH:D007674	PSMD3	5709	Urogenital disease (female)|Urogenital disease (male)	Oxygen	89.13		25214260|25448280
psmd3	Kidney Diseases	MESH:D007674	PSMD3	5709	Urogenital disease (female)|Urogenital disease (male)	Particulate Matter	89.13		33393722
psmd3	Kidney Diseases	MESH:D007674	PSMD3	5709	Urogenital disease (female)|Urogenital disease (male)	Patulin	89.13		22847133|26584762
psmd3	Kidney Diseases	MESH:D007674	PSMD3	5709	Urogenital disease (female)|Urogenital disease (male)	schizandrin B	89.13		21369715|21616119
psmd3	Kidney Diseases	MESH:D007674	PSMD3	5709	Urogenital disease (female)|Urogenital disease (male)	sodium arsenate	89.13		30456172|33418080
psmd3	Kidney Diseases	MESH:D007674	PSMD3	5709	Urogenital disease (female)|Urogenital disease (male)	sodium arsenite	89.13		10924798|17882470|18434106|19672740|20008137|24961358|26349760|26631322|29935397|30066062|30558456|31844926|34006163
psmd3	Kidney Diseases	MESH:D007674	PSMD3	5709	Urogenital disease (female)|Urogenital disease (male)	sulforaphane	89.13		24512358|30835071|37567421
psmd3	Kidney Diseases	MESH:D007674	PSMD3	5709	Urogenital disease (female)|Urogenital disease (male)	titanium dioxide	89.13		25406100
psmd3	Kidney Diseases	MESH:D007674	PSMD3	5709	Urogenital disease (female)|Urogenital disease (male)	Valproic Acid	89.13		10937350|11322374|3935422|6782217|9175586
psmd3	Kidney Failure, Chronic	MESH:D007676	PSMD3	5709	Pathology (process)|Urogenital disease (female)|Urogenital disease (male)	Acetaminophen	10.69		11752356|3050572|7969358
psmd3	Kidney Failure, Chronic	MESH:D007676	PSMD3	5709	Pathology (process)|Urogenital disease (female)|Urogenital disease (male)	Folic Acid	10.69		4810836
psmd3	Kidney Failure, Chronic	MESH:D007676	PSMD3	5709	Pathology (process)|Urogenital disease (female)|Urogenital disease (male)	Melatonin	10.69		12019361
psmd3	Kidney Failure, Chronic	MESH:D007676	PSMD3	5709	Pathology (process)|Urogenital disease (female)|Urogenital disease (male)	Propylthiouracil	10.69		10344375
psmd3	Kidney Neoplasms	MESH:D007680	PSMD3	5709	Cancer|Urogenital disease (female)|Urogenital disease (male)	1,2-Dimethylhydrazine	21.20		9695784
psmd3	Kidney Neoplasms	MESH:D007680	PSMD3	5709	Cancer|Urogenital disease (female)|Urogenital disease (male)	2,4-dinitrotoluene	21.20		16705839
psmd3	Kidney Neoplasms	MESH:D007680	PSMD3	5709	Cancer|Urogenital disease (female)|Urogenital disease (male)	Acetaminophen	21.20		11679798|2912549|3834336|8793360
psmd3	Kidney Neoplasms	MESH:D007680	PSMD3	5709	Cancer|Urogenital disease (female)|Urogenital disease (male)	Aflatoxin B1	21.20		22545673
psmd3	Kidney Neoplasms	MESH:D007680	PSMD3	5709	Cancer|Urogenital disease (female)|Urogenital disease (male)	aristolochic acid I	21.20		19643159|21642617
psmd3	Kidney Neoplasms	MESH:D007680	PSMD3	5709	Cancer|Urogenital disease (female)|Urogenital disease (male)	Cyclosporine	21.20		12371664|1825617
psmd3	Kidney Neoplasms	MESH:D007680	PSMD3	5709	Cancer|Urogenital disease (female)|Urogenital disease (male)	Smoke	21.20		2912549|8602639
psmd3	Kidney Papillary Necrosis	MESH:D007681	PSMD3	5709	Urogenital disease (female)|Urogenital disease (male)	Acetaminophen	2.26		1203171|1919871|2362779|3050572|3559797|6025602|6126946|6590001|6776978|7412682
psmd3	Kidney Tubular Necrosis, Acute	MESH:D007683	PSMD3	5709	Urogenital disease (female)|Urogenital disease (male)	Acetaminophen	29.28		11881430|12060523|12832150|16354242|16532256|17624227|18645506|1987650|20352459|2362779|3173602|3380218|3420447|3559797|3796197|4062453|4082192|6868092|7282722|7566947|7579069|8473360|851123|989539
psmd3	Kidney Tubular Necrosis, Acute	MESH:D007683	PSMD3	5709	Urogenital disease (female)|Urogenital disease (male)	aristolochic acid I	29.28		22820421
psmd3	Kidney Tubular Necrosis, Acute	MESH:D007683	PSMD3	5709	Urogenital disease (female)|Urogenital disease (male)	Carbon Tetrachloride	29.28		23845967
psmd3	Kidney Tubular Necrosis, Acute	MESH:D007683	PSMD3	5709	Urogenital disease (female)|Urogenital disease (male)	cobaltous chloride	29.28		851123
psmd3	Kidney Tubular Necrosis, Acute	MESH:D007683	PSMD3	5709	Urogenital disease (female)|Urogenital disease (male)	Cyclosporine	29.28		1778857|6336959|6351368
psmd3	Kidney Tubular Necrosis, Acute	MESH:D007683	PSMD3	5709	Urogenital disease (female)|Urogenital disease (male)	Ethanol	29.28		9297132
psmd3	Kidney Tubular Necrosis, Acute	MESH:D007683	PSMD3	5709	Urogenital disease (female)|Urogenital disease (male)	Folic Acid	29.28		12969123|12969128|14633603|18480750
psmd3	Kidney Tubular Necrosis, Acute	MESH:D007683	PSMD3	5709	Urogenital disease (female)|Urogenital disease (male)	Mercuric Chloride	29.28		12460744|19371613|2863857|8583688|9765069
psmd3	Kidney Tubular Necrosis, Acute	MESH:D007683	PSMD3	5709	Urogenital disease (female)|Urogenital disease (male)	Propylthiouracil	29.28		16354242
sgk1	Acute Kidney Injury	MESH:D058186	SGK1	6446	Urogenital disease (female)|Urogenital disease (male)	2,2',4,4'-tetrabromodiphenyl ether	174.17		37357614
sgk1	Acute Kidney Injury	MESH:D058186	SGK1	6446	Urogenital disease (female)|Urogenital disease (male)	Acetaminophen	174.17		10454517|10462288|10529635|15058171|15118981|15546480|1605724|1676404|19109935|19183124|19369842|19515070|19639374|19815612|19995690|22093918|2302954|2873910|30099449|3403780|35020164|35243748|3605153|3747662|3827589|3992409|455818|6173498|6708674|6800515|6802245|6825559|6877410|7100020|7318260|7364436|7969685|8156726|8244261|8317017|8669426|8812206|9085330|9381478|9796772|9858252
sgk1	Acute Kidney Injury	MESH:D058186	SGK1	6446	Urogenital disease (female)|Urogenital disease (male)	Aldosterone	174.17		27773435
sgk1	Acute Kidney Injury	MESH:D058186	SGK1	6446	Urogenital disease (female)|Urogenital disease (male)	alpha-Chlorohydrin	174.17		29860048
sgk1	Acute Kidney Injury	MESH:D058186	SGK1	6446	Urogenital disease (female)|Urogenital disease (male)	Amphetamine	174.17		16161930|3057269|6701599|7058372|8099372|9467496
sgk1	Acute Kidney Injury	MESH:D058186	SGK1	6446	Urogenital disease (female)|Urogenital disease (male)	aristolochic acid I	174.17		24530882|26204831|27422293|34677723
sgk1	Acute Kidney Injury	MESH:D058186	SGK1	6446	Urogenital disease (female)|Urogenital disease (male)	Arsenic Trioxide	174.17		18463343
sgk1	Acute Kidney Injury	MESH:D058186	SGK1	6446	Urogenital disease (female)|Urogenital disease (male)	Azathioprine	174.17		4067979
sgk1	Acute Kidney Injury	MESH:D058186	SGK1	6446	Urogenital disease (female)|Urogenital disease (male)	bisphenol A	174.17		24625398
sgk1	Acute Kidney Injury	MESH:D058186	SGK1	6446	Urogenital disease (female)|Urogenital disease (male)	Cadmium	174.17		37357614
sgk1	Acute Kidney Injury	MESH:D058186	SGK1	6446	Urogenital disease (female)|Urogenital disease (male)	Cadmium Chloride	174.17		21620867|28759707|29286200|32818823|35122928
sgk1	Acute Kidney Injury	MESH:D058186	SGK1	6446	Urogenital disease (female)|Urogenital disease (male)	Carbamazepine	174.17		11346062|12005248|1494733|19995690|2918954|4653892
sgk1	Acute Kidney Injury	MESH:D058186	SGK1	6446	Urogenital disease (female)|Urogenital disease (male)	Carbon Tetrachloride	174.17		24975872|28285099|30825423
sgk1	Acute Kidney Injury	MESH:D058186	SGK1	6446	Urogenital disease (female)|Urogenital disease (male)	chromium hexavalent ion	174.17		30236763
sgk1	Acute Kidney Injury	MESH:D058186	SGK1	6446	Urogenital disease (female)|Urogenital disease (male)	Cisplatin	174.17		10454517|11977638|12180108|12690470|15814532|16316343|17670903|19144690|19833167|19913604|20369241|20419391|20463654|20510337|20514524|20603111|20650967|20652569|20656754|20676799|20817559|20844023|20844471|20861081|20942565|20943766|21044617|21048024|21048391|21058009|21256724|21272267|21325496|21458517|21470069|21570986|21593185|21633170|2170045|21745194|21802473|21835770|21847101|22005293|22581811|22992436|23384965|23649842|24012798|24113306|24632086|24778426|24973089|24975837|25184746|25382014|25598344|25957482|26165641|26230185|26546572|26723870|27480280|28321044|28414026|28698153|28885000|28902463|29126144|29476062|29599129|30291731|31103702|31153982|3152939|31926187|32110797|32504734|32777238|32888910|33965372|34560070|34785303|35279909|35367536|35403300|36006825|37057715|37087747|37179038|37863467|6350313|657154|7018267|7199128
sgk1	Acute Kidney Injury	MESH:D058186	SGK1	6446	Urogenital disease (female)|Urogenital disease (male)	Clofibrate	174.17		12503032|55557|7437867
sgk1	Acute Kidney Injury	MESH:D058186	SGK1	6446	Urogenital disease (female)|Urogenital disease (male)	Clozapine	174.17		10513719|10939762|12123128|20126316
sgk1	Acute Kidney Injury	MESH:D058186	SGK1	6446	Urogenital disease (female)|Urogenital disease (male)	Cocaine	174.17		10095180|10570114|10745478|11147017|11155017|11217644|11391224|11792999|11971848|12218880|14658178|15104930|15335299|16523435|17338430|18081441|18590504|18946498|2076148|2228713|2272809|2772692|2913784|7944088|8191618|8465100
sgk1	Acute Kidney Injury	MESH:D058186	SGK1	6446	Urogenital disease (female)|Urogenital disease (male)	Colchicine	174.17		16495211
sgk1	Acute Kidney Injury	MESH:D058186	SGK1	6446	Urogenital disease (female)|Urogenital disease (male)	Copper Sulfate	174.17		30431687|602954
sgk1	Acute Kidney Injury	MESH:D058186	SGK1	6446	Urogenital disease (female)|Urogenital disease (male)	Cyclophosphamide	174.17		10637075|11956877|1411625|15513684|16313266|3270085|8832525
sgk1	Acute Kidney Injury	MESH:D058186	SGK1	6446	Urogenital disease (female)|Urogenital disease (male)	Cyclosporine	174.17		11271297|11576359|12131698|1539206|1839490|21058009|22005293|2368707|2576639|2940667|29975447|3086006|3544376|3544821|6342655|7518975|7566623
sgk1	Acute Kidney Injury	MESH:D058186	SGK1	6446	Urogenital disease (female)|Urogenital disease (male)	Dexamethasone	174.17		31654708|32687258|8546128|9763554
sgk1	Acute Kidney Injury	MESH:D058186	SGK1	6446	Urogenital disease (female)|Urogenital disease (male)	Diclofenac	174.17		10444806|15327563|15752411|16432863|17028363|18274699|19031110|2523777|31042592|4022222|7897758|8342005
sgk1	Acute Kidney Injury	MESH:D058186	SGK1	6446	Urogenital disease (female)|Urogenital disease (male)	Dietary Fats	174.17		24795233
sgk1	Acute Kidney Injury	MESH:D058186	SGK1	6446	Urogenital disease (female)|Urogenital disease (male)	Doxorubicin	174.17		18680783|21354902|21812276|25411067|26825964|28885000|29474904|30543781|3070145|31376360|32289291
sgk1	Acute Kidney Injury	MESH:D058186	SGK1	6446	Urogenital disease (female)|Urogenital disease (male)	Dronabinol	174.17		16161930
sgk1	Acute Kidney Injury	MESH:D058186	SGK1	6446	Urogenital disease (female)|Urogenital disease (male)	epigallocatechin gallate	174.17		25382014|36309138
sgk1	Acute Kidney Injury	MESH:D058186	SGK1	6446	Urogenital disease (female)|Urogenital disease (male)	Ethanol	174.17		28285099|3747662
sgk1	Acute Kidney Injury	MESH:D058186	SGK1	6446	Urogenital disease (female)|Urogenital disease (male)	Gentamicins	174.17		10607017|10729747|10803762|11274264|1130272|1144851|12375257|12617329|12969435|1324513|1355906|14986132|14993807|15149329|16225114|16780655|16999986|17036408|17216604|17464513|1753919|18227104|185707|18767002|19142811|19204016|1932635|19709328|19736602|19737869|19893084|20030531|20063365|20118187|20164825|22005293|23145036|23261757|23707770|2385448|24923469|25034533|25339697|26779593|2689848|2709684|2728142|2907577|2915758|29460972|2972861|3111476|3123518|32110797|33290828|342789|3485932|3534703|3795053|3988600|4069770|4444745|445001|4589000|4703097|4720135|6214598|6223941|6276536|6507171|6645206|6663986|6690474|6715952|6727808|6822758|6877460|7098275|7144139|7199128|7329494|7391838|7400070|7566310|7571189|7800247|7853850|788666|7967229|8157077|8184137|8214103|8771241|8963945|919118|951016
sgk1	Acute Kidney Injury	MESH:D058186	SGK1	6446	Urogenital disease (female)|Urogenital disease (male)	Glyphosate	174.17		24361898|32818823
sgk1	Acute Kidney Injury	MESH:D058186	SGK1	6446	Urogenital disease (female)|Urogenital disease (male)	Haloperidol	174.17		6121542|7569118|8828352
sgk1	Acute Kidney Injury	MESH:D058186	SGK1	6446	Urogenital disease (female)|Urogenital disease (male)	Indomethacin	174.17		15007713|2191029|2872506|2886806|3071148|3600902|3616022|3727353|3975749|3978662|3980192|4000350|4071154|448822|464454|6589647|6781208|6949485|6952058|7017180|718323|7305576|7375974|7386499|8163032|8240599|8671983|9052853
sgk1	Acute Kidney Injury	MESH:D058186	SGK1	6446	Urogenital disease (female)|Urogenital disease (male)	Lipopolysaccharides	174.17		22253906|24561306|24973090|26055553|31654708|32687258|37436358
sgk1	Acute Kidney Injury	MESH:D058186	SGK1	6446	Urogenital disease (female)|Urogenital disease (male)	Melphalan	174.17		15696449|2849690
sgk1	Acute Kidney Injury	MESH:D058186	SGK1	6446	Urogenital disease (female)|Urogenital disease (male)	Mercuric Chloride	174.17		10469268|10677590|10901180|11274264|1134612|11510480|11768240|11817102|14638913|1474766|15375764|1561627|16801527|16891066|18496552|18616694|19902086|20407758|21094152|21652719|22390991|22785175|22960887|29045746|32879258|4644892|602954|618599|6223941|7540432|8305641|8342615|8538927|8872981|9544699|9788586|9810145|9853001
sgk1	Acute Kidney Injury	MESH:D058186	SGK1	6446	Urogenital disease (female)|Urogenital disease (male)	Metformin	174.17		11910877|14604317|14633764|15752411|16620273|16644670|20164825|20223410|20578420|4217736
sgk1	Acute Kidney Injury	MESH:D058186	SGK1	6446	Urogenital disease (female)|Urogenital disease (male)	Mitomycin	174.17		2508290|2982552|6796250|6870446
sgk1	Acute Kidney Injury	MESH:D058186	SGK1	6446	Urogenital disease (female)|Urogenital disease (male)	Morphine	174.17		10609351|18481104
sgk1	Acute Kidney Injury	MESH:D058186	SGK1	6446	Urogenital disease (female)|Urogenital disease (male)	naphthalene	174.17		602954
sgk1	Acute Kidney Injury	MESH:D058186	SGK1	6446	Urogenital disease (female)|Urogenital disease (male)	Nickel	174.17		21600195
sgk1	Acute Kidney Injury	MESH:D058186	SGK1	6446	Urogenital disease (female)|Urogenital disease (male)	Nicotine	174.17		21511693
sgk1	Acute Kidney Injury	MESH:D058186	SGK1	6446	Urogenital disease (female)|Urogenital disease (male)	N-Methyl-3,4-methylenedioxyamphetamine	174.17		11147017|16161930|8099372
sgk1	Acute Kidney Injury	MESH:D058186	SGK1	6446	Urogenital disease (female)|Urogenital disease (male)	ochratoxin A	174.17		28321044
sgk1	Acute Kidney Injury	MESH:D058186	SGK1	6446	Urogenital disease (female)|Urogenital disease (male)	Oxygen	174.17		12819242|16153449|27363640
sgk1	Acute Kidney Injury	MESH:D058186	SGK1	6446	Urogenital disease (female)|Urogenital disease (male)	Palm Oil	174.17		20433818
sgk1	Acute Kidney Injury	MESH:D058186	SGK1	6446	Urogenital disease (female)|Urogenital disease (male)	Paraquat	174.17		21991918|26988026|28123623|30562684|33838153
sgk1	Acute Kidney Injury	MESH:D058186	SGK1	6446	Urogenital disease (female)|Urogenital disease (male)	Particulate Matter	174.17		19797351|34751495
sgk1	Acute Kidney Injury	MESH:D058186	SGK1	6446	Urogenital disease (female)|Urogenital disease (male)	perfluorooctane sulfonic acid	174.17		35934180
sgk1	Acute Kidney Injury	MESH:D058186	SGK1	6446	Urogenital disease (female)|Urogenital disease (male)	Phenobarbital	174.17		1485575
sgk1	Acute Kidney Injury	MESH:D058186	SGK1	6446	Urogenital disease (female)|Urogenital disease (male)	Phenylephrine	174.17		13678392
sgk1	Acute Kidney Injury	MESH:D058186	SGK1	6446	Urogenital disease (female)|Urogenital disease (male)	pirinixic acid	174.17		12503032
sgk1	Acute Kidney Injury	MESH:D058186	SGK1	6446	Urogenital disease (female)|Urogenital disease (male)	Potassium	174.17		7144139
sgk1	Acute Kidney Injury	MESH:D058186	SGK1	6446	Urogenital disease (female)|Urogenital disease (male)	Propylthiouracil	174.17		11014318|11956877|17415292|7942812|9219172|9550661
sgk1	Acute Kidney Injury	MESH:D058186	SGK1	6446	Urogenital disease (female)|Urogenital disease (male)	pyrazolanthrone	174.17		31447676
sgk1	Acute Kidney Injury	MESH:D058186	SGK1	6446	Urogenital disease (female)|Urogenital disease (male)	Quercetin	174.17		24958931|25411067|29474904|34751495
sgk1	Acute Kidney Injury	MESH:D058186	SGK1	6446	Urogenital disease (female)|Urogenital disease (male)	Rotenone	174.17		30099449
sgk1	Acute Kidney Injury	MESH:D058186	SGK1	6446	Urogenital disease (female)|Urogenital disease (male)	S-(1,2-dichlorovinyl)cysteine	174.17		16495211|8870953
sgk1	Acute Kidney Injury	MESH:D058186	SGK1	6446	Urogenital disease (female)|Urogenital disease (male)	Smoke	174.17		10095180|578557
sgk1	Acute Kidney Injury	MESH:D058186	SGK1	6446	Urogenital disease (female)|Urogenital disease (male)	sodium arsenate	174.17		23724280
sgk1	Acute Kidney Injury	MESH:D058186	SGK1	6446	Urogenital disease (female)|Urogenital disease (male)	sodium arsenite	174.17		21094152|23724280|32736004|32818823
sgk1	Acute Kidney Injury	MESH:D058186	SGK1	6446	Urogenital disease (female)|Urogenital disease (male)	Sodium Chloride	174.17		16878259|3547511|618599
sgk1	Acute Kidney Injury	MESH:D058186	SGK1	6446	Urogenital disease (female)|Urogenital disease (male)	Streptozocin	174.17		6281169
sgk1	Acute Kidney Injury	MESH:D058186	SGK1	6446	Urogenital disease (female)|Urogenital disease (male)	sulforaphane	174.17		19913604
sgk1	Acute Kidney Injury	MESH:D058186	SGK1	6446	Urogenital disease (female)|Urogenital disease (male)	Tobacco Smoke Pollution	174.17		29177025
sgk1	Acute Kidney Injury	MESH:D058186	SGK1	6446	Urogenital disease (female)|Urogenital disease (male)	Tretinoin	174.17		10607690|11604554|12801854|17564563|18363177|8546128|9158667|9763554
sgk1	Acute Kidney Injury	MESH:D058186	SGK1	6446	Urogenital disease (female)|Urogenital disease (male)	trichostatin A	174.17		29476062
sgk1	Acute Kidney Injury	MESH:D058186	SGK1	6446	Urogenital disease (female)|Urogenital disease (male)	Valproic Acid	174.17		29968957
sgk1	Acute Kidney Injury	MESH:D058186	SGK1	6446	Urogenital disease (female)|Urogenital disease (male)	Vehicle Emissions	174.17		19797351|34751495
sgk1	Acute Kidney Injury	MESH:D058186	SGK1	6446	Urogenital disease (female)|Urogenital disease (male)	Vincristine	174.17		10454517
sgk1	Chronic Kidney Disease-Mineral and Bone Disorder	MESH:D012080	SGK1	6446	Endocrine system disease|Metabolic disease|Musculoskeletal disease|Nutrition disorder|Pathology (process)|Urogenital disease (female)|Urogenital disease (male)	Calcitriol	3.31		11305809|1585935|17984431|3626302|6760236|6897822
sgk1	Kidney Calculi	MESH:D007669	SGK1	6446	Pathology (anatomical condition)|Urogenital disease (female)|Urogenital disease (male)	Calcitriol	6.90		7571189
sgk1	Kidney Calculi	MESH:D007669	SGK1	6446	Pathology (anatomical condition)|Urogenital disease (female)|Urogenital disease (male)	Dexamethasone	6.90		1671989|8576746
sgk1	Kidney Calculi	MESH:D007669	SGK1	6446	Pathology (anatomical condition)|Urogenital disease (female)|Urogenital disease (male)	Streptozocin	6.90		2827466
sgk1	Kidney Cortex Necrosis	MESH:D007673	SGK1	6446	Urogenital disease (female)|Urogenital disease (male)	Amphetamine	29.27		16133628
sgk1	Kidney Cortex Necrosis	MESH:D007673	SGK1	6446	Urogenital disease (female)|Urogenital disease (male)	Carbon Tetrachloride	29.27		23845967
sgk1	Kidney Cortex Necrosis	MESH:D007673	SGK1	6446	Urogenital disease (female)|Urogenital disease (male)	Cisplatin	29.27		15464296|19761811|28321044
sgk1	Kidney Cortex Necrosis	MESH:D007673	SGK1	6446	Urogenital disease (female)|Urogenital disease (male)	Doxorubicin	29.27		19761811|30682439
sgk1	Kidney Cortex Necrosis	MESH:D007673	SGK1	6446	Urogenital disease (female)|Urogenital disease (male)	Gentamicins	29.27		15245572|18842672|19761811
sgk1	Kidney Cortex Necrosis	MESH:D007673	SGK1	6446	Urogenital disease (female)|Urogenital disease (male)	Mercuric Chloride	29.27		32879258
sgk1	Kidney Cortex Necrosis	MESH:D007673	SGK1	6446	Urogenital disease (female)|Urogenital disease (male)	Mitomycin	29.27		6796250
sgk1	Kidney Cortex Necrosis	MESH:D007673	SGK1	6446	Urogenital disease (female)|Urogenital disease (male)	Spironolactone	29.27		15245572
sgk1	Kidney Diseases	MESH:D007674	SGK1	6446	Urogenital disease (female)|Urogenital disease (male)	2,2,5,7,8-pentamethyl-1-hydroxychroman	285.37		20430063|21920950
sgk1	Kidney Diseases	MESH:D007674	SGK1	6446	Urogenital disease (female)|Urogenital disease (male)	4-hydroxy-2-nonenal	285.37		17891346
sgk1	Kidney Diseases	MESH:D007674	SGK1	6446	Urogenital disease (female)|Urogenital disease (male)	Acetaminophen	285.37		11334364|11812892|12005112|12587719|12721325|15363587|15629190|15629191|17391827|18068886|1881229|19117117|19345714|19761811|19922764|20067817|20446790|2356566|2651928|26767949|30794797|31777137|3659833|7155631|7979097
sgk1	Kidney Diseases	MESH:D007674	SGK1	6446	Urogenital disease (female)|Urogenital disease (male)	Acrylamide	285.37		29913234
sgk1	Kidney Diseases	MESH:D007674	SGK1	6446	Urogenital disease (female)|Urogenital disease (male)	Adenine	285.37		34619300|37245874
sgk1	Kidney Diseases	MESH:D007674	SGK1	6446	Urogenital disease (female)|Urogenital disease (male)	Aflatoxin B1	285.37		32894639|35304092
sgk1	Kidney Diseases	MESH:D007674	SGK1	6446	Urogenital disease (female)|Urogenital disease (male)	Aldosterone	285.37		19841131|22074142|24512358
sgk1	Kidney Diseases	MESH:D007674	SGK1	6446	Urogenital disease (female)|Urogenital disease (male)	alpha-Chlorohydrin	285.37		27017489|30107153|33187795|33651226|34915118|35149085
sgk1	Kidney Diseases	MESH:D007674	SGK1	6446	Urogenital disease (female)|Urogenital disease (male)	aristolochic acid I	285.37		20338233|21554934|22086975|22445861|22472514|22525892|23939141|24412304|25663515|31048001|31602497|33722575|35690179|37084829
sgk1	Kidney Diseases	MESH:D007674	SGK1	6446	Urogenital disease (female)|Urogenital disease (male)	aristolochic acid II	285.37		25663515
sgk1	Kidney Diseases	MESH:D007674	SGK1	6446	Urogenital disease (female)|Urogenital disease (male)	Arsenic	285.37		10828279|11836136|22066453|22949133|24348802|30835071|31775542|32246071|32270456|32544558|32818499|33026618|33518152|36822304
sgk1	Kidney Diseases	MESH:D007674	SGK1	6446	Urogenital disease (female)|Urogenital disease (male)	Arsenic Trioxide	285.37		23471352|26184899|29130132|30516227|31612257|32919218|35317438
sgk1	Kidney Diseases	MESH:D007674	SGK1	6446	Urogenital disease (female)|Urogenital disease (male)	Atrazine	285.37		30360616|35440735
sgk1	Kidney Diseases	MESH:D007674	SGK1	6446	Urogenital disease (female)|Urogenital disease (male)	Azathioprine	285.37		577907
sgk1	Kidney Diseases	MESH:D007674	SGK1	6446	Urogenital disease (female)|Urogenital disease (male)	Benzo(a)pyrene	285.37		11289703|21803694
sgk1	Kidney Diseases	MESH:D007674	SGK1	6446	Urogenital disease (female)|Urogenital disease (male)	bisphenol A	285.37		18445619|23359474|30303745|30641872|30997025|31091348|34281243|36830956
sgk1	Kidney Diseases	MESH:D007674	SGK1	6446	Urogenital disease (female)|Urogenital disease (male)	Cadmium	285.37		11090055|16226777|16322080|16443174|16601012|16962696|17125799|17303580|17448585|19270785|19615871|19700501|21888673|22027495|22033168|22467032|22995156|23095357|24276216|24629167|24923654|25240712|25940730|28248635|30090589|30684957|31639282|32246071|33398418|33857584|34510229|35384154|37270049|37342552|37949422|7676455
sgk1	Kidney Diseases	MESH:D007674	SGK1	6446	Urogenital disease (female)|Urogenital disease (male)	Cadmium Chloride	285.37		10924798|16962696|17882470|18414974|19063931|19371613|21284339|21540277|23750309|24200859|24632105|25588984|26815315|29421648|33127495|33722575
sgk1	Kidney Diseases	MESH:D007674	SGK1	6446	Urogenital disease (female)|Urogenital disease (male)	Carbon Tetrachloride	285.37		25899501|2905310|29522708|34029542
sgk1	Kidney Diseases	MESH:D007674	SGK1	6446	Urogenital disease (female)|Urogenital disease (male)	Chlorpyrifos	285.37		28675853|31479757|32500495|33908150
sgk1	Kidney Diseases	MESH:D007674	SGK1	6446	Urogenital disease (female)|Urogenital disease (male)	chromium hexavalent ion	285.37		17822687|19913299|20348018|36108929
sgk1	Kidney Diseases	MESH:D007674	SGK1	6446	Urogenital disease (female)|Urogenital disease (male)	chrysin	285.37		30794797
sgk1	Kidney Diseases	MESH:D007674	SGK1	6446	Urogenital disease (female)|Urogenital disease (male)	Cisplatin	285.37		10396320|10812192|11090055|11305414|11745184|11776407|12231392|12649298|12815610|14966836|15190930|15267137|15496615|15934019|16154539|16246977|16428940|16723030|17135156|17922055|1793151|18289764|18956176|19038279|19152827|19356226|19535489|19723570|19736245|19839026|19850470|20435919|20438795|20605904|20716785|21605616|21616140|21640784|21724663|21763304|21803049|21883567|21884784|21902499|21939360|21949094|21993003|22019697|22525860|22989705|23142791|23229315|2326543|23287709|23603837|23770416|23959918|24001450|2413982|2424627|24863737|24880025|25015656|25043994|25308879|25665769|25927922|26558470|26612654|26739623|26751708|27317936|27397436|27616468|27722009|28904298|29216766|29471006|29574132|29752894|29852128|30169741|30452898|30842369|31306688|31493026|31612257|32418911|32991863|33522649|34423507|34476871|35243731|37102204|37561086|37956922|6181679|6203452|6538115|6542584|7191768|7532742|7706473|8178319|8270973|8413339|8584014|8626111|8751544|8845212|9057954|9144837|9256891|9381703
sgk1	Kidney Diseases	MESH:D007674	SGK1	6446	Urogenital disease (female)|Urogenital disease (male)	Clofibrate	285.37		21338618
sgk1	Kidney Diseases	MESH:D007674	SGK1	6446	Urogenital disease (female)|Urogenital disease (male)	cobaltous chloride	285.37		12819242|22343435|30596275
sgk1	Kidney Diseases	MESH:D007674	SGK1	6446	Urogenital disease (female)|Urogenital disease (male)	Cocaine	285.37		10775076|12940616|15013162|1569994|19761732|7740552|8194290|9181276|9786294
sgk1	Kidney Diseases	MESH:D007674	SGK1	6446	Urogenital disease (female)|Urogenital disease (male)	Colchicine	285.37		3122121
sgk1	Kidney Diseases	MESH:D007674	SGK1	6446	Urogenital disease (female)|Urogenital disease (male)	Copper	285.37		20035423|24627433|30090589
sgk1	Kidney Diseases	MESH:D007674	SGK1	6446	Urogenital disease (female)|Urogenital disease (male)	Cyclophosphamide	285.37		17580253|17874068|17922055|19761811|20621952|34748891|8477204|9815949
sgk1	Kidney Diseases	MESH:D007674	SGK1	6446	Urogenital disease (female)|Urogenital disease (male)	Cyclosporine	285.37		10903974|11063349|11091246|11544444|11558484|11583940|11773892|12110003|12243498|12362282|12394605|12427154|12469693|12584269|12883193|1436300|14550466|14659064|15147428|15339989|15365603|16858688|16980036|17132217|17199845|17430485|17461532|17879355|18001539|18582803|18776723|19391111|19761811|21073006|21354196|2165371|21865292|22343435|23347876|23958496|24462674|24502637|24907557|24971338|26311998|2881198|2889119|3032224|3122121|32298299|3458551|3708922|3895668|3899437|3915162|3916516|3925762|6340275|6349046|7508536|7532089|7540737|7542793|7666081|8314463|8832009|9154655|9509456|9664955|9815949
sgk1	Kidney Diseases	MESH:D007674	SGK1	6446	Urogenital disease (female)|Urogenital disease (male)	decamethrin	285.37		23566885|24121187|28595958|28987327|31454128|33396045|34216712|35055458|35678313
sgk1	Kidney Diseases	MESH:D007674	SGK1	6446	Urogenital disease (female)|Urogenital disease (male)	DEET	285.37		33148267
sgk1	Kidney Diseases	MESH:D007674	SGK1	6446	Urogenital disease (female)|Urogenital disease (male)	Dexamethasone	285.37		12414515|12574103|19879934|26271896
sgk1	Kidney Diseases	MESH:D007674	SGK1	6446	Urogenital disease (female)|Urogenital disease (male)	Dibutyl Phthalate	285.37		23359474|29526571
sgk1	Kidney Diseases	MESH:D007674	SGK1	6446	Urogenital disease (female)|Urogenital disease (male)	Diclofenac	285.37		12861172|15976495|23506792|31332906
sgk1	Kidney Diseases	MESH:D007674	SGK1	6446	Urogenital disease (female)|Urogenital disease (male)	Dietary Fats	285.37		24508291|24877639|25025298|26423427|26980705|27292126|29526571|30298849|31063766|31454063|31726037|31811911|31981641|32259528|37054934
sgk1	Kidney Diseases	MESH:D007674	SGK1	6446	Urogenital disease (female)|Urogenital disease (male)	Diethylhexyl Phthalate	285.37		23359474|29669060|3206528|36610486
sgk1	Kidney Diseases	MESH:D007674	SGK1	6446	Urogenital disease (female)|Urogenital disease (male)	Dihydrotestosterone	285.37		15670785
sgk1	Kidney Diseases	MESH:D007674	SGK1	6446	Urogenital disease (female)|Urogenital disease (male)	Dioxins	285.37		35440735
sgk1	Kidney Diseases	MESH:D007674	SGK1	6446	Urogenital disease (female)|Urogenital disease (male)	Doxorubicin	285.37		10088175|10094850|10344349|10430982|10755322|11124598|11345653|11401411|11867952|11996090|12012391|12386277|12540035|12674635|135666|14564477|14728886|15033991|15369732|15577213|15578190|15699352|16246977|16325981|16775033|16988067|17329577|17522263|1793151|18440303|18487002|19013753|19018148|1905199|19066422|19429242|19883716|19960953|20606417|22287321|24799355|25268985|26721193|2791187|28082111|3124293|31830546|3456068|36988379|3764673|3781430|3898001|7191768|7830283|7838258|7987999|8289579|9192910|9606733|9704904
sgk1	Kidney Diseases	MESH:D007674	SGK1	6446	Urogenital disease (female)|Urogenital disease (male)	Environmental Pollutants	285.37		14653309
sgk1	Kidney Diseases	MESH:D007674	SGK1	6446	Urogenital disease (female)|Urogenital disease (male)	epigallocatechin gallate	285.37		25927922|30368989
sgk1	Kidney Diseases	MESH:D007674	SGK1	6446	Urogenital disease (female)|Urogenital disease (male)	Estradiol	285.37		15618244|6305905
sgk1	Kidney Diseases	MESH:D007674	SGK1	6446	Urogenital disease (female)|Urogenital disease (male)	Ethanol	285.37		25859307|31811911|32894639|36085217
sgk1	Kidney Diseases	MESH:D007674	SGK1	6446	Urogenital disease (female)|Urogenital disease (male)	Ethinyl Estradiol	285.37		19761811
sgk1	Kidney Diseases	MESH:D007674	SGK1	6446	Urogenital disease (female)|Urogenital disease (male)	flusilazole	285.37		28263823
sgk1	Kidney Diseases	MESH:D007674	SGK1	6446	Urogenital disease (female)|Urogenital disease (male)	Formaldehyde	285.37		14633228|16898265|18717515
sgk1	Kidney Diseases	MESH:D007674	SGK1	6446	Urogenital disease (female)|Urogenital disease (male)	Fructose	285.37		10703878|18358572|19605544|22426011|26358169|31233715|32259528
sgk1	Kidney Diseases	MESH:D007674	SGK1	6446	Urogenital disease (female)|Urogenital disease (male)	fullerol C60(OH)24	285.37		19066422
sgk1	Kidney Diseases	MESH:D007674	SGK1	6446	Urogenital disease (female)|Urogenital disease (male)	furan	285.37		21254322
sgk1	Kidney Diseases	MESH:D007674	SGK1	6446	Urogenital disease (female)|Urogenital disease (male)	Gentamicins	285.37		10759677|10990387|12419699|12571406|1263024|12877940|1322021|1340440|1438039|1462001|15086898|15267137|16128912|16925772|17202664|17636248|17899318|17934191|18289764|18441258|1856146|19349640|19500072|19535489|19548288|1976338|19967075|20435566|20816719|20829429|20849911|21081137|21396950|21616119|22061828|22526374|23142791|23335628|2351627|23535405|23651617|2424533|24863737|27401566|2791871|28116922|28904298|2905310|29126144|2914447|30368989|30458643|31628940|319355|3316564|33722575|34350654|3952992|4073872|4306975|475363|500516|6184909|6340504|6364908|6421944|6437310|6479501|659347|659349|659354|6643700|6728084|6797359|696801|6988713|707512|7082782|7103453|7121387|7182340|7194655|7204294|7217852|7235657|7330449|736249|7725344|7872367|80528|8056701|8160791|8308589|8913452|8971904|899868|900916|968458|9741354
sgk1	Kidney Diseases	MESH:D007674	SGK1	6446	Urogenital disease (female)|Urogenital disease (male)	Glyphosate	285.37		25434756|33296237|35440735|37001608
sgk1	Kidney Diseases	MESH:D007674	SGK1	6446	Urogenital disease (female)|Urogenital disease (male)	Haloperidol	285.37		19839853
sgk1	Kidney Diseases	MESH:D007674	SGK1	6446	Urogenital disease (female)|Urogenital disease (male)	Hexachlorocyclohexane	285.37		1699300|6206125
sgk1	Kidney Diseases	MESH:D007674	SGK1	6446	Urogenital disease (female)|Urogenital disease (male)	Hydrogen Peroxide	285.37		29463041
sgk1	Kidney Diseases	MESH:D007674	SGK1	6446	Urogenital disease (female)|Urogenital disease (male)	Hydroxyurea	285.37		9256830
sgk1	Kidney Diseases	MESH:D007674	SGK1	6446	Urogenital disease (female)|Urogenital disease (male)	Indomethacin	285.37		10516392|12970633|1489412|15037210|17190690|1913620|19445918|19761811|20035423|2112558|2284768|2424533|25110317|2766920|7019841|7108667|7661171|7791169|8308589|8440438|9284854|9507041|9521382
sgk1	Kidney Diseases	MESH:D007674	SGK1	6446	Urogenital disease (female)|Urogenital disease (male)	Irinotecan	285.37		24220752
sgk1	Kidney Diseases	MESH:D007674	SGK1	6446	Urogenital disease (female)|Urogenital disease (male)	JP8 aviation fuel	285.37		32905848|35440735|8748423
sgk1	Kidney Diseases	MESH:D007674	SGK1	6446	Urogenital disease (female)|Urogenital disease (male)	lead acetate	285.37		17882470|22581110|22728154|23428833|30980911|32116774
sgk1	Kidney Diseases	MESH:D007674	SGK1	6446	Urogenital disease (female)|Urogenital disease (male)	Lipopolysaccharides	285.37		12861172|21327618|22128259|26271896|33038329|9445295
sgk1	Kidney Diseases	MESH:D007674	SGK1	6446	Urogenital disease (female)|Urogenital disease (male)	manganese chloride	285.37		17882470
sgk1	Kidney Diseases	MESH:D007674	SGK1	6446	Urogenital disease (female)|Urogenital disease (male)	Melphalan	285.37		10955873
sgk1	Kidney Diseases	MESH:D007674	SGK1	6446	Urogenital disease (female)|Urogenital disease (male)	Mercuric Chloride	285.37		10696793|12194165|12490134|16871242|17516994|17882470|18441258|18536492|19501138|20804780|21126564|21259295|21369715|21616119|21787585|22108423|22416658|2386429|24751971|2769936|2905310|32599119|5798944|7830283
sgk1	Kidney Diseases	MESH:D007674	SGK1	6446	Urogenital disease (female)|Urogenital disease (male)	Metformin	285.37		17520852|20431573
sgk1	Kidney Diseases	MESH:D007674	SGK1	6446	Urogenital disease (female)|Urogenital disease (male)	Methamphetamine	285.37		37567421
sgk1	Kidney Diseases	MESH:D007674	SGK1	6446	Urogenital disease (female)|Urogenital disease (male)	Methoxychlor	285.37		25057798|35440735
sgk1	Kidney Diseases	MESH:D007674	SGK1	6446	Urogenital disease (female)|Urogenital disease (male)	methylmercuric chloride	285.37		28526320
sgk1	Kidney Diseases	MESH:D007674	SGK1	6446	Urogenital disease (female)|Urogenital disease (male)	Metyrapone	285.37		638031
sgk1	Kidney Diseases	MESH:D007674	SGK1	6446	Urogenital disease (female)|Urogenital disease (male)	Mitomycin	285.37		6010939|6105503
sgk1	Kidney Diseases	MESH:D007674	SGK1	6446	Urogenital disease (female)|Urogenital disease (male)	Morphine	285.37		18385270
sgk1	Kidney Diseases	MESH:D007674	SGK1	6446	Urogenital disease (female)|Urogenital disease (male)	Nanotubes, Carbon	285.37		32856799
sgk1	Kidney Diseases	MESH:D007674	SGK1	6446	Urogenital disease (female)|Urogenital disease (male)	Nickel	285.37		30090589|31639282
sgk1	Kidney Diseases	MESH:D007674	SGK1	6446	Urogenital disease (female)|Urogenital disease (male)	ochratoxin A	285.37		11409539|14994279|19490938|21554934|21781659|22124623|23391613|25218026|27923682|28699257|29126803|31369848|32468156|32617660|33543323|33722575|34126166
sgk1	Kidney Diseases	MESH:D007674	SGK1	6446	Urogenital disease (female)|Urogenital disease (male)	Oxygen	285.37		25214260|25448280
sgk1	Kidney Diseases	MESH:D007674	SGK1	6446	Urogenital disease (female)|Urogenital disease (male)	Ozone	285.37		20446790
sgk1	Kidney Diseases	MESH:D007674	SGK1	6446	Urogenital disease (female)|Urogenital disease (male)	Paclitaxel	285.37		8751544|9057954|9164208
sgk1	Kidney Diseases	MESH:D007674	SGK1	6446	Urogenital disease (female)|Urogenital disease (male)	Paraquat	285.37		20095327
sgk1	Kidney Diseases	MESH:D007674	SGK1	6446	Urogenital disease (female)|Urogenital disease (male)	Particulate Matter	285.37		33393722
sgk1	Kidney Diseases	MESH:D007674	SGK1	6446	Urogenital disease (female)|Urogenital disease (male)	Permethrin	285.37		24121187|33148267
sgk1	Kidney Diseases	MESH:D007674	SGK1	6446	Urogenital disease (female)|Urogenital disease (male)	Phenobarbital	285.37		11594702|1239223|17006072|2734806|4416261|6782217|7059030|982456
sgk1	Kidney Diseases	MESH:D007674	SGK1	6446	Urogenital disease (female)|Urogenital disease (male)	Pioglitazone	285.37		22989705|36988379
sgk1	Kidney Diseases	MESH:D007674	SGK1	6446	Urogenital disease (female)|Urogenital disease (male)	Potassium	285.37		1429477
sgk1	Kidney Diseases	MESH:D007674	SGK1	6446	Urogenital disease (female)|Urogenital disease (male)	Progesterone	285.37		6305905
sgk1	Kidney Diseases	MESH:D007674	SGK1	6446	Urogenital disease (female)|Urogenital disease (male)	Quercetin	285.37		16962696|19605544|19615871|21909718|22728154|34748891|36990423
sgk1	Kidney Diseases	MESH:D007674	SGK1	6446	Urogenital disease (female)|Urogenital disease (male)	Rosiglitazone	285.37		18413206|19193937|19246972
sgk1	Kidney Diseases	MESH:D007674	SGK1	6446	Urogenital disease (female)|Urogenital disease (male)	S-(1,2-dichlorovinyl)cysteine	285.37		19409406|2867768|4017103
sgk1	Kidney Diseases	MESH:D007674	SGK1	6446	Urogenital disease (female)|Urogenital disease (male)	Sevoflurane	285.37		10357366|9356118|9356119|9805693
sgk1	Kidney Diseases	MESH:D007674	SGK1	6446	Urogenital disease (female)|Urogenital disease (male)	sodium arsenate	285.37		30456172|33418080
sgk1	Kidney Diseases	MESH:D007674	SGK1	6446	Urogenital disease (female)|Urogenital disease (male)	sodium arsenite	285.37		10924798|17882470|18434106|19672740|20008137|24961358|26349760|26631322|29935397|30066062|30558456|31844926|34006163
sgk1	Kidney Diseases	MESH:D007674	SGK1	6446	Urogenital disease (female)|Urogenital disease (male)	sodium bichromate	285.37		11489360
sgk1	Kidney Diseases	MESH:D007674	SGK1	6446	Urogenital disease (female)|Urogenital disease (male)	Sodium Chloride	285.37		1462001|19841131|2369495|2586007
sgk1	Kidney Diseases	MESH:D007674	SGK1	6446	Urogenital disease (female)|Urogenital disease (male)	Sodium Chloride, Dietary	285.37		19211690|3475498
sgk1	Kidney Diseases	MESH:D007674	SGK1	6446	Urogenital disease (female)|Urogenital disease (male)	Spironolactone	285.37		1064790|11776407|17984673
sgk1	Kidney Diseases	MESH:D007674	SGK1	6446	Urogenital disease (female)|Urogenital disease (male)	Streptozocin	285.37		11798618|12093613|12956402|135666|15053821|16037304|18413206|185926|19246972|19369054|19616452|199092|20732820|21450970|21630391|23376009|23767859|24877639|24923654|25665769|27292126|29526571|30642005|31063766|31726037|32246071|33387473|33639173|34039237|34212273|35243728|37054934
sgk1	Kidney Diseases	MESH:D007674	SGK1	6446	Urogenital disease (female)|Urogenital disease (male)	sulforaphane	285.37		24512358|30835071|37567421
sgk1	Kidney Diseases	MESH:D007674	SGK1	6446	Urogenital disease (female)|Urogenital disease (male)	T-2 Toxin	285.37		33508416
sgk1	Kidney Diseases	MESH:D007674	SGK1	6446	Urogenital disease (female)|Urogenital disease (male)	Tamoxifen	285.37		17698946
sgk1	Kidney Diseases	MESH:D007674	SGK1	6446	Urogenital disease (female)|Urogenital disease (male)	Thioacetamide	285.37		19761811|23142791|37008694
sgk1	Kidney Diseases	MESH:D007674	SGK1	6446	Urogenital disease (female)|Urogenital disease (male)	titanium dioxide	285.37		25406100
sgk1	Kidney Diseases	MESH:D007674	SGK1	6446	Urogenital disease (female)|Urogenital disease (male)	Valproic Acid	285.37		10937350|11322374|3935422|6782217|9175586
sgk1	Kidney Diseases	MESH:D007674	SGK1	6446	Urogenital disease (female)|Urogenital disease (male)	Vehicle Emissions	285.37		33393722
sgk1	Kidney Diseases	MESH:D007674	SGK1	6446	Urogenital disease (female)|Urogenital disease (male)	vinclozolin	285.37		20927350|21570938|31682807
sgk1	Kidney Diseases	MESH:D007674	SGK1	6446	Urogenital disease (female)|Urogenital disease (male)	Vincristine	285.37		11305414
sgk1	Kidney Diseases	MESH:D007674	SGK1	6446	Urogenital disease (female)|Urogenital disease (male)	Water Pollutants, Chemical	285.37		22471926
sgk1	Kidney Diseases, Cystic	MESH:D052177	SGK1	6446	Urogenital disease (female)|Urogenital disease (male)	Glyphosate	9.72		31011160
sgk1	Kidney Diseases, Cystic	MESH:D052177	SGK1	6446	Urogenital disease (female)|Urogenital disease (male)	Indomethacin	9.72		8092206
sgk1	Kidney Diseases, Cystic	MESH:D052177	SGK1	6446	Urogenital disease (female)|Urogenital disease (male)	Streptozocin	9.72		9879822
sgk1	Kidney Failure, Chronic	MESH:D007676	SGK1	6446	Pathology (process)|Urogenital disease (female)|Urogenital disease (male)	Acetaminophen	48.92		11752356|3050572|7969358
sgk1	Kidney Failure, Chronic	MESH:D007676	SGK1	6446	Pathology (process)|Urogenital disease (female)|Urogenital disease (male)	Atrazine	48.92		26177651
sgk1	Kidney Failure, Chronic	MESH:D007676	SGK1	6446	Pathology (process)|Urogenital disease (female)|Urogenital disease (male)	Cadmium	48.92		23343055
sgk1	Kidney Failure, Chronic	MESH:D007676	SGK1	6446	Pathology (process)|Urogenital disease (female)|Urogenital disease (male)	Calcitriol	48.92		15354979|3439654|6760236
sgk1	Kidney Failure, Chronic	MESH:D007676	SGK1	6446	Pathology (process)|Urogenital disease (female)|Urogenital disease (male)	Cocaine	48.92		10745478|11532684|15335299
sgk1	Kidney Failure, Chronic	MESH:D007676	SGK1	6446	Pathology (process)|Urogenital disease (female)|Urogenital disease (male)	Copper	48.92		16518626
sgk1	Kidney Failure, Chronic	MESH:D007676	SGK1	6446	Pathology (process)|Urogenital disease (female)|Urogenital disease (male)	Doxorubicin	48.92		11014987|15960146|16707910|9102927
sgk1	Kidney Failure, Chronic	MESH:D007676	SGK1	6446	Pathology (process)|Urogenital disease (female)|Urogenital disease (male)	Glucose	48.92		9551423
sgk1	Kidney Failure, Chronic	MESH:D007676	SGK1	6446	Pathology (process)|Urogenital disease (female)|Urogenital disease (male)	Hydrogen Peroxide	48.92		16518626
sgk1	Kidney Failure, Chronic	MESH:D007676	SGK1	6446	Pathology (process)|Urogenital disease (female)|Urogenital disease (male)	Indomethacin	48.92		6986554
sgk1	Kidney Failure, Chronic	MESH:D007676	SGK1	6446	Pathology (process)|Urogenital disease (female)|Urogenital disease (male)	Melphalan	48.92		4571885
sgk1	Kidney Failure, Chronic	MESH:D007676	SGK1	6446	Pathology (process)|Urogenital disease (female)|Urogenital disease (male)	Methamphetamine	48.92		9794581
sgk1	Kidney Failure, Chronic	MESH:D007676	SGK1	6446	Pathology (process)|Urogenital disease (female)|Urogenital disease (male)	Mitomycin	48.92		6340628|6796250|6810311|9016902
sgk1	Kidney Failure, Chronic	MESH:D007676	SGK1	6446	Pathology (process)|Urogenital disease (female)|Urogenital disease (male)	N-Methyl-3,4-methylenedioxyamphetamine	48.92		9794581
sgk1	Kidney Failure, Chronic	MESH:D007676	SGK1	6446	Pathology (process)|Urogenital disease (female)|Urogenital disease (male)	Paraquat	48.92		26177651
sgk1	Kidney Failure, Chronic	MESH:D007676	SGK1	6446	Pathology (process)|Urogenital disease (female)|Urogenital disease (male)	Permethrin	48.92		26177651
sgk1	Kidney Failure, Chronic	MESH:D007676	SGK1	6446	Pathology (process)|Urogenital disease (female)|Urogenital disease (male)	Propylthiouracil	48.92		10344375
sgk1	Kidney Failure, Chronic	MESH:D007676	SGK1	6446	Pathology (process)|Urogenital disease (female)|Urogenital disease (male)	Streptozocin	48.92		6459048
sgk1	Kidney Neoplasms	MESH:D007680	SGK1	6446	Cancer|Urogenital disease (female)|Urogenital disease (male)	1,2-Dimethylhydrazine	94.40		9695784
sgk1	Kidney Neoplasms	MESH:D007680	SGK1	6446	Cancer|Urogenital disease (female)|Urogenital disease (male)	2,4-dinitrotoluene	94.40		16705839
sgk1	Kidney Neoplasms	MESH:D007680	SGK1	6446	Cancer|Urogenital disease (female)|Urogenital disease (male)	Acetaminophen	94.40		11679798|2912549|3834336|8793360
sgk1	Kidney Neoplasms	MESH:D007680	SGK1	6446	Cancer|Urogenital disease (female)|Urogenital disease (male)	Aflatoxin B1	94.40		22545673
sgk1	Kidney Neoplasms	MESH:D007680	SGK1	6446	Cancer|Urogenital disease (female)|Urogenital disease (male)	aristolochic acid I	94.40		19643159|21642617
sgk1	Kidney Neoplasms	MESH:D007680	SGK1	6446	Cancer|Urogenital disease (female)|Urogenital disease (male)	Arsenic	94.40		23471352|9554605
sgk1	Kidney Neoplasms	MESH:D007680	SGK1	6446	Cancer|Urogenital disease (female)|Urogenital disease (male)	Azathioprine	94.40		17454960
sgk1	Kidney Neoplasms	MESH:D007680	SGK1	6446	Cancer|Urogenital disease (female)|Urogenital disease (male)	Cadmium	94.40		20839231
sgk1	Kidney Neoplasms	MESH:D007680	SGK1	6446	Cancer|Urogenital disease (female)|Urogenital disease (male)	chrysin	94.40		23194824
sgk1	Kidney Neoplasms	MESH:D007680	SGK1	6446	Cancer|Urogenital disease (female)|Urogenital disease (male)	Cisplatin	94.40		28321044
sgk1	Kidney Neoplasms	MESH:D007680	SGK1	6446	Cancer|Urogenital disease (female)|Urogenital disease (male)	Cyclophosphamide	94.40		10806575|12094715|1414768|18298334|3586163|6868239|7288948|8602639|9739590
sgk1	Kidney Neoplasms	MESH:D007680	SGK1	6446	Cancer|Urogenital disease (female)|Urogenital disease (male)	Cyclosporine	94.40		12371664|1825617
sgk1	Kidney Neoplasms	MESH:D007680	SGK1	6446	Cancer|Urogenital disease (female)|Urogenital disease (male)	Dactinomycin	94.40		11194540
sgk1	Kidney Neoplasms	MESH:D007680	SGK1	6446	Cancer|Urogenital disease (female)|Urogenital disease (male)	Diethylstilbestrol	94.40		14681315|15003126|16435123|16762066
sgk1	Kidney Neoplasms	MESH:D007680	SGK1	6446	Cancer|Urogenital disease (female)|Urogenital disease (male)	Doxorubicin	94.40		8602639
sgk1	Kidney Neoplasms	MESH:D007680	SGK1	6446	Cancer|Urogenital disease (female)|Urogenital disease (male)	Estradiol	94.40		10326862|10402247|15610895|8221684|9683190|9683193
sgk1	Kidney Neoplasms	MESH:D007680	SGK1	6446	Cancer|Urogenital disease (female)|Urogenital disease (male)	Estrone	94.40		15610895
sgk1	Kidney Neoplasms	MESH:D007680	SGK1	6446	Cancer|Urogenital disease (female)|Urogenital disease (male)	Ethylnitrosourea	94.40		17379185
sgk1	Kidney Neoplasms	MESH:D007680	SGK1	6446	Cancer|Urogenital disease (female)|Urogenital disease (male)	Glucose	94.40		28916336
sgk1	Kidney Neoplasms	MESH:D007680	SGK1	6446	Cancer|Urogenital disease (female)|Urogenital disease (male)	Hexestrol	94.40		15610895
sgk1	Kidney Neoplasms	MESH:D007680	SGK1	6446	Cancer|Urogenital disease (female)|Urogenital disease (male)	Indomethacin	94.40		7614682
sgk1	Kidney Neoplasms	MESH:D007680	SGK1	6446	Cancer|Urogenital disease (female)|Urogenital disease (male)	Methylnitrosourea	94.40		11532874|28245158
sgk1	Kidney Neoplasms	MESH:D007680	SGK1	6446	Cancer|Urogenital disease (female)|Urogenital disease (male)	ochratoxin A	94.40		16251485|17316727|17344223|17483316|17651772|1820338|18417182|21622941|22124623|22403158|28321044
sgk1	Kidney Neoplasms	MESH:D007680	SGK1	6446	Cancer|Urogenital disease (female)|Urogenital disease (male)	Phenobarbital	94.40		28245158
sgk1	Kidney Neoplasms	MESH:D007680	SGK1	6446	Cancer|Urogenital disease (female)|Urogenital disease (male)	Smoke	94.40		2912549|8602639
sgk1	Kidney Neoplasms	MESH:D007680	SGK1	6446	Cancer|Urogenital disease (female)|Urogenital disease (male)	Streptozocin	94.40		11396141|145871|1825617|1834880|207424|2532796|6210642|6225653|7697213|8290873|9083521
sgk1	Kidney Neoplasms	MESH:D007680	SGK1	6446	Cancer|Urogenital disease (female)|Urogenital disease (male)	Tamoxifen	94.40		18625569
sgk1	Kidney Neoplasms	MESH:D007680	SGK1	6446	Cancer|Urogenital disease (female)|Urogenital disease (male)	Testosterone	94.40		9140897
sgk1	Kidney Neoplasms	MESH:D007680	SGK1	6446	Cancer|Urogenital disease (female)|Urogenital disease (male)	Vincristine	94.40		11194540|8602639
sgk1	Kidney Neoplasms	MESH:D007680	SGK1	6446	Cancer|Urogenital disease (female)|Urogenital disease (male)	Water Pollutants, Chemical	94.40		24552493
sgk1	Kidney Papillary Necrosis	MESH:D007681	SGK1	6446	Urogenital disease (female)|Urogenital disease (male)	Acetaminophen	10.50		1203171|1919871|2362779|3050572|3559797|6025602|6126946|6590001|6776978|7412682
sgk1	Kidney Papillary Necrosis	MESH:D007681	SGK1	6446	Urogenital disease (female)|Urogenital disease (male)	Cyclophosphamide	10.50		1488776
sgk1	Kidney Papillary Necrosis	MESH:D007681	SGK1	6446	Urogenital disease (female)|Urogenital disease (male)	Diethylhexyl Phthalate	10.50		3102426
sgk1	Kidney Papillary Necrosis	MESH:D007681	SGK1	6446	Urogenital disease (female)|Urogenital disease (male)	Indomethacin	10.50		12512867|277165|3102426|4548752|6125715|6953356|861066|9502396|972771
sgk1	Kidney Tubular Necrosis, Acute	MESH:D007683	SGK1	6446	Urogenital disease (female)|Urogenital disease (male)	Acetaminophen	58.53		11881430|12060523|12832150|16354242|16532256|17624227|18645506|1987650|20352459|2362779|3173602|3380218|3420447|3559797|3796197|4062453|4082192|6868092|7282722|7566947|7579069|8473360|851123|989539
sgk1	Kidney Tubular Necrosis, Acute	MESH:D007683	SGK1	6446	Urogenital disease (female)|Urogenital disease (male)	aristolochic acid I	58.53		22820421
sgk1	Kidney Tubular Necrosis, Acute	MESH:D007683	SGK1	6446	Urogenital disease (female)|Urogenital disease (male)	Azathioprine	58.53		8952354
sgk1	Kidney Tubular Necrosis, Acute	MESH:D007683	SGK1	6446	Urogenital disease (female)|Urogenital disease (male)	Carbamazepine	58.53		8107947
sgk1	Kidney Tubular Necrosis, Acute	MESH:D007683	SGK1	6446	Urogenital disease (female)|Urogenital disease (male)	Carbon Tetrachloride	58.53		23845967
sgk1	Kidney Tubular Necrosis, Acute	MESH:D007683	SGK1	6446	Urogenital disease (female)|Urogenital disease (male)	Cisplatin	58.53		11231351|18368030|19797351|20702592|21881242|24975837|25677510|2680578|29051111|30682439|7855315|8457719|8583688
sgk1	Kidney Tubular Necrosis, Acute	MESH:D007683	SGK1	6446	Urogenital disease (female)|Urogenital disease (male)	cobaltous chloride	58.53		851123
sgk1	Kidney Tubular Necrosis, Acute	MESH:D007683	SGK1	6446	Urogenital disease (female)|Urogenital disease (male)	Cocaine	58.53		12772079|2710269
sgk1	Kidney Tubular Necrosis, Acute	MESH:D007683	SGK1	6446	Urogenital disease (female)|Urogenital disease (male)	Copper	58.53		22465980
sgk1	Kidney Tubular Necrosis, Acute	MESH:D007683	SGK1	6446	Urogenital disease (female)|Urogenital disease (male)	Cyclosporine	58.53		1778857|6336959|6351368
sgk1	Kidney Tubular Necrosis, Acute	MESH:D007683	SGK1	6446	Urogenital disease (female)|Urogenital disease (male)	Diclofenac	58.53		19473619
sgk1	Kidney Tubular Necrosis, Acute	MESH:D007683	SGK1	6446	Urogenital disease (female)|Urogenital disease (male)	Ethanol	58.53		9297132
sgk1	Kidney Tubular Necrosis, Acute	MESH:D007683	SGK1	6446	Urogenital disease (female)|Urogenital disease (male)	Gentamicins	58.53		11231351|1130930|12176111|12818927|14748758|15795518|16751989|1743919|19802993|25677510|2755919|30682439|3156984|3159593|4122055|4678426|6365403|657154|6877460|7352791|735819|8184137|8583688|9585304
sgk1	Kidney Tubular Necrosis, Acute	MESH:D007683	SGK1	6446	Urogenital disease (female)|Urogenital disease (male)	Indomethacin	58.53		860058
sgk1	Kidney Tubular Necrosis, Acute	MESH:D007683	SGK1	6446	Urogenital disease (female)|Urogenital disease (male)	Mercuric Chloride	58.53		12460744|19371613|2863857|8583688|9765069
sgk1	Kidney Tubular Necrosis, Acute	MESH:D007683	SGK1	6446	Urogenital disease (female)|Urogenital disease (male)	Methamphetamine	58.53		11933563
sgk1	Kidney Tubular Necrosis, Acute	MESH:D007683	SGK1	6446	Urogenital disease (female)|Urogenital disease (male)	Phenobarbital	58.53		3395247
sgk1	Kidney Tubular Necrosis, Acute	MESH:D007683	SGK1	6446	Urogenital disease (female)|Urogenital disease (male)	Propylthiouracil	58.53		16354242
sgk1	Kidney Tubular Necrosis, Acute	MESH:D007683	SGK1	6446	Urogenital disease (female)|Urogenital disease (male)	Quercetin	58.53		15198074
sgk1	Kidney Tubular Necrosis, Acute	MESH:D007683	SGK1	6446	Urogenital disease (female)|Urogenital disease (male)	Streptozocin	58.53		15590127|15954931|3156984
sgk1	Kidney Tubular Necrosis, Acute	MESH:D007683	SGK1	6446	Urogenital disease (female)|Urogenital disease (male)	Tretinoin	58.53		9378467
sgk1	Multicystic Dysplastic Kidney	MESH:D021782	SGK1	6446	Congenital abnormality|Urogenital disease (female)|Urogenital disease (male)	Carbamazepine	10.11		17310358
sgk1	Multicystic Dysplastic Kidney	MESH:D021782	SGK1	6446	Congenital abnormality|Urogenital disease (female)|Urogenital disease (male)	Phenobarbital	10.11		17310358
sgk1	Polycystic Kidney Diseases	MESH:D007690	SGK1	6446	Congenital abnormality|Genetic disease (inborn)|Urogenital disease (female)|Urogenital disease (male)	Rosiglitazone	3.04		20507283
prps1	Acute Kidney Injury	MESH:D058186	PRPS1	5631	Urogenital disease (female)|Urogenital disease (male)	Acetaminophen	88.19		10454517|10462288|10529635|15058171|15118981|15546480|1605724|1676404|19109935|19183124|19369842|19515070|19639374|19815612|19995690|22093918|2302954|2873910|30099449|3403780|35020164|35243748|3605153|3747662|3827589|3992409|455818|6173498|6708674|6800515|6802245|6825559|6877410|7100020|7318260|7364436|7969685|8156726|8244261|8317017|8669426|8812206|9085330|9381478|9796772|9858252
prps1	Acute Kidney Injury	MESH:D058186	PRPS1	5631	Urogenital disease (female)|Urogenital disease (male)	aristolochic acid I	88.19		24530882|26204831|27422293|34677723
prps1	Acute Kidney Injury	MESH:D058186	PRPS1	5631	Urogenital disease (female)|Urogenital disease (male)	Arsenic Trioxide	88.19		18463343
prps1	Acute Kidney Injury	MESH:D058186	PRPS1	5631	Urogenital disease (female)|Urogenital disease (male)	bisphenol A	88.19		24625398
prps1	Acute Kidney Injury	MESH:D058186	PRPS1	5631	Urogenital disease (female)|Urogenital disease (male)	Cadmium	88.19		37357614
prps1	Acute Kidney Injury	MESH:D058186	PRPS1	5631	Urogenital disease (female)|Urogenital disease (male)	Cadmium Chloride	88.19		21620867|28759707|29286200|32818823|35122928
prps1	Acute Kidney Injury	MESH:D058186	PRPS1	5631	Urogenital disease (female)|Urogenital disease (male)	Carbon Tetrachloride	88.19		24975872|28285099|30825423
prps1	Acute Kidney Injury	MESH:D058186	PRPS1	5631	Urogenital disease (female)|Urogenital disease (male)	Cidofovir	88.19		11773481|11889450|12093990|15751777
prps1	Acute Kidney Injury	MESH:D058186	PRPS1	5631	Urogenital disease (female)|Urogenital disease (male)	Clofibrate	88.19		12503032|55557|7437867
prps1	Acute Kidney Injury	MESH:D058186	PRPS1	5631	Urogenital disease (female)|Urogenital disease (male)	Cyclosporine	88.19		11271297|11576359|12131698|1539206|1839490|21058009|22005293|2368707|2576639|2940667|29975447|3086006|3544376|3544821|6342655|7518975|7566623
prps1	Acute Kidney Injury	MESH:D058186	PRPS1	5631	Urogenital disease (female)|Urogenital disease (male)	Dietary Fats	88.19		24795233
prps1	Acute Kidney Injury	MESH:D058186	PRPS1	5631	Urogenital disease (female)|Urogenital disease (male)	Doxorubicin	88.19		18680783|21354902|21812276|25411067|26825964|28885000|29474904|30543781|3070145|31376360|32289291
prps1	Acute Kidney Injury	MESH:D058186	PRPS1	5631	Urogenital disease (female)|Urogenital disease (male)	Dronabinol	88.19		16161930
prps1	Acute Kidney Injury	MESH:D058186	PRPS1	5631	Urogenital disease (female)|Urogenital disease (male)	Enzyme Inhibitors	88.19		19326569
prps1	Acute Kidney Injury	MESH:D058186	PRPS1	5631	Urogenital disease (female)|Urogenital disease (male)	Ethanol	88.19		28285099|3747662
prps1	Acute Kidney Injury	MESH:D058186	PRPS1	5631	Urogenital disease (female)|Urogenital disease (male)	Fluorouracil	88.19		15895229|3978662
prps1	Acute Kidney Injury	MESH:D058186	PRPS1	5631	Urogenital disease (female)|Urogenital disease (male)	Flutamide	88.19		12180480
prps1	Acute Kidney Injury	MESH:D058186	PRPS1	5631	Urogenital disease (female)|Urogenital disease (male)	Folic Acid	88.19		1068326|10980121|11532093|135854|15149334|15625121|16316344|16595132|17003819|18480750|18626492|19552531|23255615|24275386|25559736|2566606|30405444|31447676|31593741|33404076|35191561|35772596|4142233|5070373|562503|745638|7531211|851170|8594875
prps1	Acute Kidney Injury	MESH:D058186	PRPS1	5631	Urogenital disease (female)|Urogenital disease (male)	Nicotine	88.19		21511693
prps1	Acute Kidney Injury	MESH:D058186	PRPS1	5631	Urogenital disease (female)|Urogenital disease (male)	Oxygen	88.19		12819242|16153449|27363640
prps1	Acute Kidney Injury	MESH:D058186	PRPS1	5631	Urogenital disease (female)|Urogenital disease (male)	Paraquat	88.19		21991918|26988026|28123623|30562684|33838153
prps1	Acute Kidney Injury	MESH:D058186	PRPS1	5631	Urogenital disease (female)|Urogenital disease (male)	Particulate Matter	88.19		19797351|34751495
prps1	Acute Kidney Injury	MESH:D058186	PRPS1	5631	Urogenital disease (female)|Urogenital disease (male)	Phenobarbital	88.19		1485575
prps1	Acute Kidney Injury	MESH:D058186	PRPS1	5631	Urogenital disease (female)|Urogenital disease (male)	pirinixic acid	88.19		12503032
prps1	Acute Kidney Injury	MESH:D058186	PRPS1	5631	Urogenital disease (female)|Urogenital disease (male)	Piroxicam	88.19		12185885|2713628|4004367|6602576|6637756|8298379
prps1	Acute Kidney Injury	MESH:D058186	PRPS1	5631	Urogenital disease (female)|Urogenital disease (male)	Smoke	88.19		10095180|578557
prps1	Acute Kidney Injury	MESH:D058186	PRPS1	5631	Urogenital disease (female)|Urogenital disease (male)	sodium arsenite	88.19		21094152|23724280|32736004|32818823
prps1	Acute Kidney Injury	MESH:D058186	PRPS1	5631	Urogenital disease (female)|Urogenital disease (male)	Sunitinib	88.19		20652569
prps1	Acute Kidney Injury	MESH:D058186	PRPS1	5631	Urogenital disease (female)|Urogenital disease (male)	Tretinoin	88.19		10607690|11604554|12801854|17564563|18363177|8546128|9158667|9763554
prps1	Acute Kidney Injury	MESH:D058186	PRPS1	5631	Urogenital disease (female)|Urogenital disease (male)	Valproic Acid	88.19		29968957
prps1	Acute Kidney Injury	MESH:D058186	PRPS1	5631	Urogenital disease (female)|Urogenital disease (male)	Vehicle Emissions	88.19		19797351|34751495
prps1	Kidney Cortex Necrosis	MESH:D007673	PRPS1	5631	Urogenital disease (female)|Urogenital disease (male)	Carbon Tetrachloride	6.75		23845967
prps1	Kidney Cortex Necrosis	MESH:D007673	PRPS1	5631	Urogenital disease (female)|Urogenital disease (male)	Doxorubicin	6.75		19761811|30682439
prps1	Kidney Diseases	MESH:D007674	PRPS1	5631	Urogenital disease (female)|Urogenital disease (male)	Acetaminophen	120.35		11334364|11812892|12005112|12587719|12721325|15363587|15629190|15629191|17391827|18068886|1881229|19117117|19345714|19761811|19922764|20067817|20446790|2356566|2651928|26767949|30794797|31777137|3659833|7155631|7979097
prps1	Kidney Diseases	MESH:D007674	PRPS1	5631	Urogenital disease (female)|Urogenital disease (male)	Aflatoxin B1	120.35		32894639|35304092
prps1	Kidney Diseases	MESH:D007674	PRPS1	5631	Urogenital disease (female)|Urogenital disease (male)	aristolochic acid I	120.35		20338233|21554934|22086975|22445861|22472514|22525892|23939141|24412304|25663515|31048001|31602497|33722575|35690179|37084829
prps1	Kidney Diseases	MESH:D007674	PRPS1	5631	Urogenital disease (female)|Urogenital disease (male)	Arsenic	120.35		10828279|11836136|22066453|22949133|24348802|30835071|31775542|32246071|32270456|32544558|32818499|33026618|33518152|36822304
prps1	Kidney Diseases	MESH:D007674	PRPS1	5631	Urogenital disease (female)|Urogenital disease (male)	Arsenic Trioxide	120.35		23471352|26184899|29130132|30516227|31612257|32919218|35317438
prps1	Kidney Diseases	MESH:D007674	PRPS1	5631	Urogenital disease (female)|Urogenital disease (male)	Benzo(a)pyrene	120.35		11289703|21803694
prps1	Kidney Diseases	MESH:D007674	PRPS1	5631	Urogenital disease (female)|Urogenital disease (male)	bisphenol A	120.35		18445619|23359474|30303745|30641872|30997025|31091348|34281243|36830956
prps1	Kidney Diseases	MESH:D007674	PRPS1	5631	Urogenital disease (female)|Urogenital disease (male)	Cadmium	120.35		11090055|16226777|16322080|16443174|16601012|16962696|17125799|17303580|17448585|19270785|19615871|19700501|21888673|22027495|22033168|22467032|22995156|23095357|24276216|24629167|24923654|25240712|25940730|28248635|30090589|30684957|31639282|32246071|33398418|33857584|34510229|35384154|37270049|37342552|37949422|7676455
prps1	Kidney Diseases	MESH:D007674	PRPS1	5631	Urogenital disease (female)|Urogenital disease (male)	Cadmium Chloride	120.35		10924798|16962696|17882470|18414974|19063931|19371613|21284339|21540277|23750309|24200859|24632105|25588984|26815315|29421648|33127495|33722575
prps1	Kidney Diseases	MESH:D007674	PRPS1	5631	Urogenital disease (female)|Urogenital disease (male)	Carbon Tetrachloride	120.35		25899501|2905310|29522708|34029542
prps1	Kidney Diseases	MESH:D007674	PRPS1	5631	Urogenital disease (female)|Urogenital disease (male)	chloroacetaldehyde	120.35		16049550|16221203|16885387|19017849|19733226
prps1	Kidney Diseases	MESH:D007674	PRPS1	5631	Urogenital disease (female)|Urogenital disease (male)	Cidofovir	120.35		12460055
prps1	Kidney Diseases	MESH:D007674	PRPS1	5631	Urogenital disease (female)|Urogenital disease (male)	Clofibrate	120.35		21338618
prps1	Kidney Diseases	MESH:D007674	PRPS1	5631	Urogenital disease (female)|Urogenital disease (male)	Copper	120.35		20035423|24627433|30090589
prps1	Kidney Diseases	MESH:D007674	PRPS1	5631	Urogenital disease (female)|Urogenital disease (male)	Cyclosporine	120.35		10903974|11063349|11091246|11544444|11558484|11583940|11773892|12110003|12243498|12362282|12394605|12427154|12469693|12584269|12883193|1436300|14550466|14659064|15147428|15339989|15365603|16858688|16980036|17132217|17199845|17430485|17461532|17879355|18001539|18582803|18776723|19391111|19761811|21073006|21354196|2165371|21865292|22343435|23347876|23958496|24462674|24502637|24907557|24971338|26311998|2881198|2889119|3032224|3122121|32298299|3458551|3708922|3895668|3899437|3915162|3916516|3925762|6340275|6349046|7508536|7532089|7540737|7542793|7666081|8314463|8832009|9154655|9509456|9664955|9815949
prps1	Kidney Diseases	MESH:D007674	PRPS1	5631	Urogenital disease (female)|Urogenital disease (male)	Dibutyl Phthalate	120.35		23359474|29526571
prps1	Kidney Diseases	MESH:D007674	PRPS1	5631	Urogenital disease (female)|Urogenital disease (male)	Dietary Fats	120.35		24508291|24877639|25025298|26423427|26980705|27292126|29526571|30298849|31063766|31454063|31726037|31811911|31981641|32259528|37054934
prps1	Kidney Diseases	MESH:D007674	PRPS1	5631	Urogenital disease (female)|Urogenital disease (male)	Diethylhexyl Phthalate	120.35		23359474|29669060|3206528|36610486
prps1	Kidney Diseases	MESH:D007674	PRPS1	5631	Urogenital disease (female)|Urogenital disease (male)	Doxorubicin	120.35		10088175|10094850|10344349|10430982|10755322|11124598|11345653|11401411|11867952|11996090|12012391|12386277|12540035|12674635|135666|14564477|14728886|15033991|15369732|15577213|15578190|15699352|16246977|16325981|16775033|16988067|17329577|17522263|1793151|18440303|18487002|19013753|19018148|1905199|19066422|19429242|19883716|19960953|20606417|22287321|24799355|25268985|26721193|2791187|28082111|3124293|31830546|3456068|36988379|3764673|3781430|3898001|7191768|7830283|7838258|7987999|8289579|9192910|9606733|9704904
prps1	Kidney Diseases	MESH:D007674	PRPS1	5631	Urogenital disease (female)|Urogenital disease (male)	Estradiol	120.35		15618244|6305905
prps1	Kidney Diseases	MESH:D007674	PRPS1	5631	Urogenital disease (female)|Urogenital disease (male)	Ethanol	120.35		25859307|31811911|32894639|36085217
prps1	Kidney Diseases	MESH:D007674	PRPS1	5631	Urogenital disease (female)|Urogenital disease (male)	Ethinyl Estradiol	120.35		19761811
prps1	Kidney Diseases	MESH:D007674	PRPS1	5631	Urogenital disease (female)|Urogenital disease (male)	Fluorouracil	120.35		10396320|2236732|6105503|6412636
prps1	Kidney Diseases	MESH:D007674	PRPS1	5631	Urogenital disease (female)|Urogenital disease (male)	Folic Acid	120.35		11832423|14633603|1482756|160016|18633340|193486|19435794|19934081|20116427|20406136|21647593|22647887|2386429|2840627|29789558|34619300|35124148|4336412
prps1	Kidney Diseases	MESH:D007674	PRPS1	5631	Urogenital disease (female)|Urogenital disease (male)	Formaldehyde	120.35		14633228|16898265|18717515
prps1	Kidney Diseases	MESH:D007674	PRPS1	5631	Urogenital disease (female)|Urogenital disease (male)	lead acetate	120.35		17882470|22581110|22728154|23428833|30980911|32116774
prps1	Kidney Diseases	MESH:D007674	PRPS1	5631	Urogenital disease (female)|Urogenital disease (male)	Methamphetamine	120.35		37567421
prps1	Kidney Diseases	MESH:D007674	PRPS1	5631	Urogenital disease (female)|Urogenital disease (male)	Oxaliplatin	120.35		19736245
prps1	Kidney Diseases	MESH:D007674	PRPS1	5631	Urogenital disease (female)|Urogenital disease (male)	Oxygen	120.35		25214260|25448280
prps1	Kidney Diseases	MESH:D007674	PRPS1	5631	Urogenital disease (female)|Urogenital disease (male)	Ozone	120.35		20446790
prps1	Kidney Diseases	MESH:D007674	PRPS1	5631	Urogenital disease (female)|Urogenital disease (male)	Paraquat	120.35		20095327
prps1	Kidney Diseases	MESH:D007674	PRPS1	5631	Urogenital disease (female)|Urogenital disease (male)	Particulate Matter	120.35		33393722
prps1	Kidney Diseases	MESH:D007674	PRPS1	5631	Urogenital disease (female)|Urogenital disease (male)	Phenobarbital	120.35		11594702|1239223|17006072|2734806|4416261|6782217|7059030|982456
prps1	Kidney Diseases	MESH:D007674	PRPS1	5631	Urogenital disease (female)|Urogenital disease (male)	Progesterone	120.35		6305905
prps1	Kidney Diseases	MESH:D007674	PRPS1	5631	Urogenital disease (female)|Urogenital disease (male)	Rimonabant	120.35		17882151
prps1	Kidney Diseases	MESH:D007674	PRPS1	5631	Urogenital disease (female)|Urogenital disease (male)	schizandrin B	120.35		21369715|21616119
prps1	Kidney Diseases	MESH:D007674	PRPS1	5631	Urogenital disease (female)|Urogenital disease (male)	sodium arsenite	120.35		10924798|17882470|18434106|19672740|20008137|24961358|26349760|26631322|29935397|30066062|30558456|31844926|34006163
prps1	Kidney Diseases	MESH:D007674	PRPS1	5631	Urogenital disease (female)|Urogenital disease (male)	Tamoxifen	120.35		17698946
prps1	Kidney Diseases	MESH:D007674	PRPS1	5631	Urogenital disease (female)|Urogenital disease (male)	Thioacetamide	120.35		19761811|23142791|37008694
prps1	Kidney Diseases	MESH:D007674	PRPS1	5631	Urogenital disease (female)|Urogenital disease (male)	Valproic Acid	120.35		10937350|11322374|3935422|6782217|9175586
prps1	Kidney Diseases	MESH:D007674	PRPS1	5631	Urogenital disease (female)|Urogenital disease (male)	Vehicle Emissions	120.35		33393722
prps1	Kidney Failure, Chronic	MESH:D007676	PRPS1	5631	Pathology (process)|Urogenital disease (female)|Urogenital disease (male)	Acetaminophen	24.85		11752356|3050572|7969358
prps1	Kidney Failure, Chronic	MESH:D007676	PRPS1	5631	Pathology (process)|Urogenital disease (female)|Urogenital disease (male)	Cadmium	24.85		23343055
prps1	Kidney Failure, Chronic	MESH:D007676	PRPS1	5631	Pathology (process)|Urogenital disease (female)|Urogenital disease (male)	Cidofovir	24.85		10589927|11773481
prps1	Kidney Failure, Chronic	MESH:D007676	PRPS1	5631	Pathology (process)|Urogenital disease (female)|Urogenital disease (male)	Copper	24.85		16518626
prps1	Kidney Failure, Chronic	MESH:D007676	PRPS1	5631	Pathology (process)|Urogenital disease (female)|Urogenital disease (male)	Doxorubicin	24.85		11014987|15960146|16707910|9102927
prps1	Kidney Failure, Chronic	MESH:D007676	PRPS1	5631	Pathology (process)|Urogenital disease (female)|Urogenital disease (male)	Folic Acid	24.85		4810836
prps1	Kidney Failure, Chronic	MESH:D007676	PRPS1	5631	Pathology (process)|Urogenital disease (female)|Urogenital disease (male)	Methamphetamine	24.85		9794581
prps1	Kidney Failure, Chronic	MESH:D007676	PRPS1	5631	Pathology (process)|Urogenital disease (female)|Urogenital disease (male)	Paraquat	24.85		26177651
prps1	Kidney Neoplasms	MESH:D007680	PRPS1	5631	Cancer|Urogenital disease (female)|Urogenital disease (male)	1,2-Dimethylhydrazine	45.05		9695784
prps1	Kidney Neoplasms	MESH:D007680	PRPS1	5631	Cancer|Urogenital disease (female)|Urogenital disease (male)	Acetaminophen	45.05		11679798|2912549|3834336|8793360
prps1	Kidney Neoplasms	MESH:D007680	PRPS1	5631	Cancer|Urogenital disease (female)|Urogenital disease (male)	Aflatoxin B1	45.05		22545673
prps1	Kidney Neoplasms	MESH:D007680	PRPS1	5631	Cancer|Urogenital disease (female)|Urogenital disease (male)	aristolochic acid I	45.05		19643159|21642617
prps1	Kidney Neoplasms	MESH:D007680	PRPS1	5631	Cancer|Urogenital disease (female)|Urogenital disease (male)	Arsenic	45.05		23471352|9554605
prps1	Kidney Neoplasms	MESH:D007680	PRPS1	5631	Cancer|Urogenital disease (female)|Urogenital disease (male)	Cadmium	45.05		20839231
prps1	Kidney Neoplasms	MESH:D007680	PRPS1	5631	Cancer|Urogenital disease (female)|Urogenital disease (male)	Cyclosporine	45.05		12371664|1825617
prps1	Kidney Neoplasms	MESH:D007680	PRPS1	5631	Cancer|Urogenital disease (female)|Urogenital disease (male)	Doxorubicin	45.05		8602639
prps1	Kidney Neoplasms	MESH:D007680	PRPS1	5631	Cancer|Urogenital disease (female)|Urogenital disease (male)	Estradiol	45.05		10326862|10402247|15610895|8221684|9683190|9683193
prps1	Kidney Neoplasms	MESH:D007680	PRPS1	5631	Cancer|Urogenital disease (female)|Urogenital disease (male)	Fluorouracil	45.05		16985049
prps1	Kidney Neoplasms	MESH:D007680	PRPS1	5631	Cancer|Urogenital disease (female)|Urogenital disease (male)	Phenobarbital	45.05		28245158
prps1	Kidney Neoplasms	MESH:D007680	PRPS1	5631	Cancer|Urogenital disease (female)|Urogenital disease (male)	Smoke	45.05		2912549|8602639
prps1	Kidney Neoplasms	MESH:D007680	PRPS1	5631	Cancer|Urogenital disease (female)|Urogenital disease (male)	Tamoxifen	45.05		18625569
prps1	Kidney Papillary Necrosis	MESH:D007681	PRPS1	5631	Urogenital disease (female)|Urogenital disease (male)	Acetaminophen	6.06		1203171|1919871|2362779|3050572|3559797|6025602|6126946|6590001|6776978|7412682
prps1	Kidney Papillary Necrosis	MESH:D007681	PRPS1	5631	Urogenital disease (female)|Urogenital disease (male)	Diethylhexyl Phthalate	6.06		3102426
prps1	Kidney Tubular Necrosis, Acute	MESH:D007683	PRPS1	5631	Urogenital disease (female)|Urogenital disease (male)	Acetaminophen	32.26		11881430|12060523|12832150|16354242|16532256|17624227|18645506|1987650|20352459|2362779|3173602|3380218|3420447|3559797|3796197|4062453|4082192|6868092|7282722|7566947|7579069|8473360|851123|989539
prps1	Kidney Tubular Necrosis, Acute	MESH:D007683	PRPS1	5631	Urogenital disease (female)|Urogenital disease (male)	aristolochic acid I	32.26		22820421
prps1	Kidney Tubular Necrosis, Acute	MESH:D007683	PRPS1	5631	Urogenital disease (female)|Urogenital disease (male)	Carbon Tetrachloride	32.26		23845967
prps1	Kidney Tubular Necrosis, Acute	MESH:D007683	PRPS1	5631	Urogenital disease (female)|Urogenital disease (male)	Copper	32.26		22465980
prps1	Kidney Tubular Necrosis, Acute	MESH:D007683	PRPS1	5631	Urogenital disease (female)|Urogenital disease (male)	Cyclosporine	32.26		1778857|6336959|6351368
prps1	Kidney Tubular Necrosis, Acute	MESH:D007683	PRPS1	5631	Urogenital disease (female)|Urogenital disease (male)	Ethanol	32.26		9297132
prps1	Kidney Tubular Necrosis, Acute	MESH:D007683	PRPS1	5631	Urogenital disease (female)|Urogenital disease (male)	Folic Acid	32.26		12969123|12969128|14633603|18480750
prps1	Kidney Tubular Necrosis, Acute	MESH:D007683	PRPS1	5631	Urogenital disease (female)|Urogenital disease (male)	Methamphetamine	32.26		11933563
prps1	Kidney Tubular Necrosis, Acute	MESH:D007683	PRPS1	5631	Urogenital disease (female)|Urogenital disease (male)	Phenobarbital	32.26		3395247
prps1	Kidney Tubular Necrosis, Acute	MESH:D007683	PRPS1	5631	Urogenital disease (female)|Urogenital disease (male)	Tretinoin	32.26		9378467
prps1	Multicystic Dysplastic Kidney	MESH:D021782	PRPS1	5631	Congenital abnormality|Urogenital disease (female)|Urogenital disease (male)	Phenobarbital	4.19		17310358
slc2a4	Clear-cell metastatic renal cell carcinoma	MESH:C538445	SLC2A4	6517	Cancer|Urogenital disease (female)|Urogenital disease (male)	Arsenic	3.13		27292127
slc2a4	Hypomagnesemia 2, renal	MESH:C537152	SLC2A4	6517	Genetic disease (inborn)|Metabolic disease|Urogenital disease (female)|Urogenital disease (male)	Cisplatin	2.58		19850470
igf1	Clear-cell metastatic renal cell carcinoma	MESH:C538445	IGF1	3479	Cancer|Urogenital disease (female)|Urogenital disease (male)	Arsenic	2.84		27292127
igf1	Hypomagnesemia 2, renal	MESH:C537152	IGF1	3479	Genetic disease (inborn)|Metabolic disease|Urogenital disease (female)|Urogenital disease (male)	Cisplatin	6.06		19850470
igf1	Hypomagnesemia 2, renal	MESH:C537152	IGF1	3479	Genetic disease (inborn)|Metabolic disease|Urogenital disease (female)|Urogenital disease (male)	Tacrolimus	6.06		7532090
gatm	Hypomagnesemia 2, renal	MESH:C537152	GATM	2628	Genetic disease (inborn)|Metabolic disease|Urogenital disease (female)|Urogenital disease (male)	Cisplatin	2.93		19850470
slc6a8	Clear-cell metastatic renal cell carcinoma	MESH:C538445	SLC6A8	6535	Cancer|Urogenital disease (female)|Urogenital disease (male)	Arsenic	3.56		27292127
slc6a8	Hypomagnesemia 2, renal	MESH:C537152	SLC6A8	6535	Genetic disease (inborn)|Metabolic disease|Urogenital disease (female)|Urogenital disease (male)	Cisplatin	3.01		19850470
akt1	Clear-cell metastatic renal cell carcinoma	MESH:C538445	AKT1	207	Cancer|Urogenital disease (female)|Urogenital disease (male)	Arsenic	2.40		27292127
akt1	Hypomagnesemia 2, renal	MESH:C537152	AKT1	207	Genetic disease (inborn)|Metabolic disease|Urogenital disease (female)|Urogenital disease (male)	Amiloride	7.66		10669191
akt1	Hypomagnesemia 2, renal	MESH:C537152	AKT1	207	Genetic disease (inborn)|Metabolic disease|Urogenital disease (female)|Urogenital disease (male)	Carboplatin	7.66		10496362|19850470
akt1	Hypomagnesemia 2, renal	MESH:C537152	AKT1	207	Genetic disease (inborn)|Metabolic disease|Urogenital disease (female)|Urogenital disease (male)	Cisplatin	7.66		19850470
akt1	Kidney disorder involving deposition of calcium and oxalate or phosphate in the renal tubules	MESH:C531755	AKT1	207	Metabolic disease|Urogenital disease (female)|Urogenital disease (male)	Orlistat	4.68		17185156
akt2	Clear-cell metastatic renal cell carcinoma	MESH:C538445	AKT2	208	Cancer|Urogenital disease (female)|Urogenital disease (male)	Arsenic	3.34		27292127
akt2	Hypomagnesemia 2, renal	MESH:C537152	AKT2	208	Genetic disease (inborn)|Metabolic disease|Urogenital disease (female)|Urogenital disease (male)	Cisplatin	2.79		19850470
akt3	Clear-cell metastatic renal cell carcinoma	MESH:C538445	AKT3	10000	Cancer|Urogenital disease (female)|Urogenital disease (male)	Arsenic	3.59		27292127
akt3	Hypomagnesemia 2, renal	MESH:C537152	AKT3	10000	Genetic disease (inborn)|Metabolic disease|Urogenital disease (female)|Urogenital disease (male)	Cisplatin	3.03		19850470
psmb5	Clear-cell metastatic renal cell carcinoma	MESH:C538445	PSMB5	5693	Cancer|Urogenital disease (female)|Urogenital disease (male)	Arsenic	3.58		27292127
sgk1	Clear-cell metastatic renal cell carcinoma	MESH:C538445	SGK1	6446	Cancer|Urogenital disease (female)|Urogenital disease (male)	Arsenic	3.17		27292127
sgk1	Hypomagnesemia 2, renal	MESH:C537152	SGK1	6446	Genetic disease (inborn)|Metabolic disease|Urogenital disease (female)|Urogenital disease (male)	Cisplatin	2.62		19850470
prps1	Clear-cell metastatic renal cell carcinoma	MESH:C538445	PRPS1	5631	Cancer|Urogenital disease (female)|Urogenital disease (male)	Arsenic	3.73		27292127
