ID	Gene.symbol	Gene.title	log2(fold change)(AR vs Control)	-log10(Pvalue)(AR vs Control)
1000_at	MAPK3	mitogen-activated protein kinase 3	0.295	1.973
1008_f_at	EIF2AK2	eukaryotic translation initiation factor 2 alpha kinase 2	-0.875	2.508
1013_at	SMAD5	SMAD family member 5	0.562	2.232
1016_s_at	IL13RA2	interleukin 13 receptor subunit alpha 2	-0.465	2.265
1018_at	WNT10B	Wnt family member 10B	-0.424	5.842
1021_at	IFNG	interferon gamma	0.518	5.283
1023_at	EPO	erythropoietin	-0.305	2.613
1026_s_at	COL11A2	collagen type XI alpha 2 chain	-0.363	3.96
102_at	HIPK3	homeodomain interacting protein kinase 3	-0.365	3.009
1035_g_at	TIMP3	TIMP metallopeptidase inhibitor 3	-0.538	4.974
1036_at	IL15	interleukin 15	0.881	4.37
1038_s_at	IFNGR1	interferon gamma receptor 1	1.869	7.72
1039_s_at	HIF1A	hypoxia inducible factor 1 alpha subunit	0.833	2.134
1040_s_at	ABI2	abl-interactor 2	-0.455	3.13
1055_g_at	RFC4	replication factor C subunit 4	0.408	2.875
1057_at	CRABP2	cellular retinoic acid binding protein 2	-0.91	4.767
105_at	NR1I3	nuclear receptor subfamily 1 group I member 3	-0.369	2.037
1062_g_at	IL10RA	interleukin 10 receptor subunit alpha	1.333	9.449
1064_at	TWF1	twinfilin actin binding protein 1	0.636	3.289
106_at	RUNX3	runt related transcription factor 3	1.067	6.501
1078_at	PRLR	prolactin receptor	-0.544	1.937
1079_g_at	PRLR	prolactin receptor	-0.454	2.501
1080_s_at	CYP1A2	cytochrome P450 family 1 subfamily A member 2	-0.585	5.633
1083_s_at	MUC1	mucin 1, cell surface associated	-0.421	3.592
1086_at	CSF2RB	colony stimulating factor 2 receptor beta common subunit	-0.454	3.983
1087_at	EPOR	erythropoietin receptor	-0.379	3.688
1089_i_at			-0.637	4.356
1093_at	PPP2R1B	protein phosphatase 2 scaffold subunit Abeta	-0.57	2.551
1105_s_at	IL23A	interleukin 23 subunit alpha	0.997	3.859
1106_s_at	TRAC///TRAJ17///TRAV20///TRDV2	T-cell receptor alpha constant///T cell receptor alpha joining 17///T cell receptor alpha variable 20///T cell receptor delta variable 2	1.987	7.88
1109_s_at	PDGFA	platelet derived growth factor subunit A	-0.368	3.153
1114_at	BMP4	bone morphogenetic protein 4	-0.481	2.216
1119_at	RPA2	replication protein A2	0.558	4.566
1121_g_at	GSTM3	glutathione S-transferase mu 3	-0.498	3.252
1124_at	KMT2A	lysine methyltransferase 2A	-0.223	2.052
1125_s_at	CD44	CD44 molecule (Indian blood group)	-0.22	2.183
1126_s_at	CD44	CD44 molecule (Indian blood group)	1.127	3.107
1127_at	RPS6KA1	ribosomal protein S6 kinase A1	0.318	2.392
112_g_at	TAF1	TATA-box binding protein associated factor 1	-0.396	4.073
1144_at	FGFR2	fibroblast growth factor receptor 2	-0.317	1.86
1145_g_at	FGFR2	fibroblast growth factor receptor 2	-0.433	2.286
1151_at	RPL22	ribosomal protein L22	0.603	2.025
1163_at	PIK3CB	phosphatidylinositol-4,5-bisphosphate 3-kinase catalytic subunit beta	-0.455	3.302
1166_at	PSMD2	proteasome 26S subunit, non-ATPase 2	0.429	2.224
1169_at	PCDHGB7	protocadherin gamma subfamily B, 7	-0.607	2.64
116_at	PRKAR2A	protein kinase cAMP-dependent type II regulatory subunit alpha	-0.398	3.091
1173_g_at	SAT1	spermidine/spermine N1-acetyltransferase 1	0.961	3.938
1178_at	DHFR	dihydrofolate reductase	-0.541	1.979
1181_at	GNL1	G protein nucleolar 1 (putative)	0.245	1.948
1182_at	PLCL1	phospholipase C like 1	-0.955	4.612
1184_at	MIR7703///PSME2	microRNA 7703///proteasome activator subunit 2	1.887	9.344
1189_at	CDK8	cyclin dependent kinase 8	-0.68	4.335
1194_g_at	UBE3A	ubiquitin protein ligase E3A	-0.316	2.719
1196_at	RCC1	regulator of chromosome condensation 1	-0.268	2.381
1199_at	LOC101928634///SENP3-EIF4A1///SNORD10///SNORA48///SNORA67///EIF4A1	uncharacterized LOC101928634///SENP3-EIF4A1 readthrough (NMD candidate)///small nucleolar RNA, C/D box 10///small nucleolar RNA, H/ACA box 48///small nucleolar RNA, H/ACA box 67///eukaryotic translation initiation factor 4A1	0.914	6.764
1202_g_at	RAB33A	RAB33A, member RAS oncogene family	0.42	2.491
1208_at	PTK6	protein tyrosine kinase 6	-0.367	4.36
120_at	ITGA1	integrin subunit alpha 1	0.69	5.714
1212_at	GSTZ1	glutathione S-transferase zeta 1	-0.277	1.874
1213_at	SRPK2	SRSF protein kinase 2	0.855	4.432
1219_at	IRF2	interferon regulatory factor 2	-0.395	2.412
1224_at	CDK16	cyclin dependent kinase 16	-0.445	4.814
1228_s_at	CTAGE5	CTAGE family member 5, ER export factor	-0.436	2.715
122_at	PRIM2	primase (DNA) subunit 2	-0.518	2.911
1230_g_at	MTMR11	myotubularin related protein 11	-0.552	3.418
1233_s_at	AXL	AXL receptor tyrosine kinase	-0.333	2.439
1234_at	EPHA3	EPH receptor A3	-0.616	5.259
1235_at	YWHAZ	tyrosine 3-monooxygenase/tryptophan 5-monooxygenase activation protein zeta	0.616	2.95
123_at	PRKD1	protein kinase D1	-0.53	2.599
1241_at	PTP4A2	protein tyrosine phosphatase type IVA, member 2	1.369	7.46
1242_at	ERF	ETS2 repressor factor	-0.529	5.103
1246_at	PTPRS	protein tyrosine phosphatase, receptor type S	-0.584	4.357
1247_g_at	PTPRS	protein tyrosine phosphatase, receptor type S	-0.37	2.073
1250_at	PRKDC	protein kinase, DNA-activated, catalytic polypeptide	0.707	2.447
1256_at	PTPRD	protein tyrosine phosphatase, receptor type D	-0.494	2.77
1258_s_at	ERCC4	ERCC excision repair 4, endonuclease catalytic subunit	-0.331	2.291
1259_at	ZNF23	zinc finger protein 23	-0.421	2.99
1260_s_at	GSTA3///GSTA2///GSTA1	glutathione S-transferase alpha 3///glutathione S-transferase alpha 2///glutathione S-transferase alpha 1	-2.217	7.208
1261_i_at	GSTA2///GSTA1	glutathione S-transferase alpha 2///glutathione S-transferase alpha 1	-2.972	8.552
1266_s_at	LCK	LCK proto-oncogene, Src family tyrosine kinase	-0.375	2.116
1270_at	RAP1GAP	RAP1 GTPase activating protein	-0.46	4.352
1274_s_at	CDC34	cell division cycle 34	-0.233	2.089
1276_g_at	RBPMS	RNA binding protein with multiple splicing	-0.429	3.149
1277_at	ARHGEF16	Rho guanine nucleotide exchange factor 16	-0.253	2.531
1279_s_at	TEN1-CDK3///CDK3	TEN1-CDK3 readthrough (NMD candidate)///cyclin dependent kinase 3	-0.451	3.979
1284_at	PRKD3	protein kinase D3	-0.32	2.735
1285_at	NEK1	NIMA related kinase 1	-0.622	5.942
1287_at	PARP1	poly(ADP-ribose) polymerase 1	0.482	2.855
1292_at	DUSP2	dual specificity phosphatase 2	1.022	2.147
1294_at	MIR5193///UBA7	microRNA 5193///ubiquitin like modifier activating enzyme 7	0.377	2.77
1295_at	RELA	RELA proto-oncogene, NF-kB subunit	0.729	2.339
1305_s_at	CYP4F2///CYP4F3	cytochrome P450 family 4 subfamily F member 2///cytochrome P450 family 4 subfamily F member 3	-0.515	2.32
1309_at	PSMB3	proteasome subunit beta 3	0.496	2.665
1314_at	PSMD1	proteasome 26S subunit, non-ATPase 1	0.454	2.024
1318_at	RBBP4	RB binding protein 4, chromatin remodeling factor	0.426	2.147
1322_at	E2F1	E2F transcription factor 1	-0.546	3.962
1335_at	IGF1R	insulin like growth factor 1 receptor	-0.42	2.681
1343_s_at	SERPINB3	serpin family B member 3	-0.495	1.981
1347_at	CDC25B	cell division cycle 25B	0.847	4.278
1348_s_at	PCCA	propionyl-CoA carboxylase alpha subunit	-0.848	2.224
1350_at	CYP4F2	cytochrome P450 family 4 subfamily F member 2	-1.233	1.952
1357_at	USP4	ubiquitin specific peptidase 4	0.518	3.187
1358_s_at	IFI6	interferon alpha inducible protein 6	1.285	3.801
135_g_at	ABI2	abl-interactor 2	-0.499	2.763
1362_s_at	RXRB	retinoid X receptor beta	-0.334	3.485
1363_at	FGFR2	fibroblast growth factor receptor 2	-0.704	5.65
1366_i_at	UBC	ubiquitin C	0.639	2.458
1368_at	IL1R1	interleukin 1 receptor type 1	0.721	2.389
1370_at	IL7R	interleukin 7 receptor	1.613	5.932
1371_s_at	CYP2B7P///CYP2B6	cytochrome P450 family 2 subfamily B member 7, pseudogene///cytochrome P450 family 2 subfamily B member 6	-0.66	3.172
1374_g_at	TCF3	transcription factor 3	0.338	2.24
1377_at	NFKB1	nuclear factor kappa B subunit 1	1.056	4.355
1379_at	EPHA2	EPH receptor A2	-0.226	2.478
1380_at	FGF7	fibroblast growth factor 7	-0.461	1.901
1384_at	PPP2R2B	protein phosphatase 2 regulatory subunit Bbeta	-0.496	2.25
1385_at	TGFBI	transforming growth factor beta induced	1.502	6.101
1387_at	IL2	interleukin 2	-0.221	1.887
1389_at	MME	membrane metallo-endopeptidase	-1.041	8.12
1390_s_at	GHRH	growth hormone releasing hormone	-0.219	1.967
1391_s_at	CYP4A22///CYP4A11	cytochrome P450 family 4 subfamily A member 22///cytochrome P450 family 4 subfamily A member 11	-0.504	2.117
1394_at	RHOA	ras homolog family member A	0.853	5.412
1398_g_at	MAP3K11	mitogen-activated protein kinase kinase kinase 11	-0.58	5.224
139_at	DLGAP1	DLG associated protein 1	-0.225	2.216
1400_at	CSF2	colony stimulating factor 2	-0.417	3.962
1402_at	LYN	LYN proto-oncogene, Src family tyrosine kinase	1.108	2.383
1403_s_at	CCL5	C-C motif chemokine ligand 5	2.618	8.1
1404_r_at	CCL5	C-C motif chemokine ligand 5	1.537	4.313
1405_i_at	CCL5	C-C motif chemokine ligand 5	1.619	4.758
1406_at	NR2C1	nuclear receptor subfamily 2 group C member 1	-0.703	6.274
1407_g_at	NR2C1	nuclear receptor subfamily 2 group C member 1	-0.34	1.889
140_s_at	TRA2B	transformer 2 beta homolog (Drosophila)	1.034	5.918
1410_at	VDR	vitamin D (1,25- dihydroxyvitamin D3) receptor	-0.409	2.116
1411_at	CYP11B1	cytochrome P450 family 11 subfamily B member 1	0.928	4.113
1412_g_at	CYP11B2///CYP11B1	cytochrome P450 family 11 subfamily B member 2///cytochrome P450 family 11 subfamily B member 1	-0.424	4.568
1423_at	UBE2G1	ubiquitin conjugating enzyme E2 G1	-0.861	3.257
1424_s_at	YWHAH	tyrosine 3-monooxygenase/tryptophan 5-monooxygenase activation protein eta	1.545	8.681
1425_at	PCDHB11	protocadherin beta 11	-0.454	2.059
1426_at	SLA	Src-like-adaptor	0.455	2.811
1427_g_at	SLA	Src-like-adaptor	2.061	7.634
1431_at	CYP2E1	cytochrome P450 family 2 subfamily E member 1	-0.52	4.849
1437_at	PRKCA	protein kinase C alpha	-0.508	4.851
1439_s_at	MAPKAPK2	mitogen-activated protein kinase-activated protein kinase 2	-0.406	1.862
1447_at	PSMB1	proteasome subunit beta 1	0.657	2.499
1449_at	PSMA4	proteasome subunit alpha 4	0.982	6.905
1450_g_at	PSMA4	proteasome subunit alpha 4	1.328	8.457
1452_at	LMO4	LIM domain only 4	0.941	4.942
1453_at	SMAD2	SMAD family member 2	0.575	2.083
1456_s_at	IFI16	interferon gamma inducible protein 16	1.448	6.938
1459_at	PTPN4	protein tyrosine phosphatase, non-receptor type 4	-0.262	2.757
145_s_at	TBX5	T-box 5	-0.611	5.564
1461_at	NFKBIA	NFKB inhibitor alpha	1.789	5.114
1462_s_at	POLD1	DAN polymerase delta 1, catalytic subunit	-0.606	4.747
1463_at	PTPN12	protein tyrosine phosphatase, non-receptor type 12	1.119	2.838
146_at	PI4KB	phosphatidylinositol 4-kinase beta	-0.418	4.581
1475_s_at	MYB	MYB proto-oncogene, transcription factor	-0.406	2.138
1476_s_at	MYB	MYB proto-oncogene, transcription factor	-0.594	5.247
1478_at	ITK	IL2 inducible T-cell kinase	1.513	6.584
1487_at	ESRRA	estrogen related receptor alpha	-0.411	2.429
1489_s_at	MYCL	v-myc avian myelocytomatosis viral oncogene lung carcinoma derived homolog	-0.257	2.022
1491_at	PTX3	pentraxin 3	0.703	2.921
1493_r_at	CYP2A6	cytochrome P450 family 2 subfamily A member 6	-0.722	2.115
1497_at	LTBR	lymphotoxin beta receptor	-0.318	3.457
1499_at	FNTA	farnesyltransferase, CAAX box, alpha	0.784	3.453
149_at	DDX39A	DEAD-box helicase 39A	1.117	7.253
1500_at	WT1	Wilms tumor 1	-0.621	3.613
1507_s_at	EDNRA	endothelin receptor type A	0.442	2.775
1511_at	SHC3	SHC adaptor protein 3	-0.312	2.247
1512_at	DYRK1A	dual specificity tyrosine phosphorylation regulated kinase 1A	0.838	4.359
1515_at	FEN1	flap structure-specific endonuclease 1	0.252	2.039
1516_g_at	FEN1	flap structure-specific endonuclease 1	0.333	3.52
151_s_at	TUBB	tubulin beta class I	0.599	2.496
1521_at	NME1	NME/NM23 nucleoside diphosphate kinase 1	0.502	2.319
1527_s_at	N4BP2L1	NEDD4 binding protein 2 like 1	0.383	2.901
152_f_at	HIST2H4B///HIST4H4///HIST2H4A///HIST1H4L///HIST1H4E///HIST1H4B///HIST1H4H///HIST1H4C///HIST1H4J///HIST1H4K///HIST1H4F///HIST1H4D///HIST1H4A///HIST1H4I	histone cluster 2, H4b///histone cluster 4, H4///histone cluster 2, H4a///histone cluster 1, H4l///histone cluster 1, H4e///histone cluster 1, H4b///histone cluster 1, H4h///histone cluster 1, H4c///histone cluster 1, H4j///histone cluster 1, H4k///histone cluster 1, H4f///histone cluster 1, H4d///histone cluster 1, H4a///histone cluster 1, H4i	-0.348	3.215
1532_g_at	N4BP2L2	NEDD4 binding protein 2 like 2	0.432	2.929
1537_at	EGFR	epidermal growth factor receptor	-0.313	3.045
1538_s_at	IL2	interleukin 2	-0.579	4.092
1541_f_at	IFNA6///IFNA5	interferon alpha 6///interferon alpha 5	0.521	4.463
1542_at	EGF	epidermal growth factor	-0.429	4.546
1546_at	HYAL1	hyaluronoglucosaminidase 1	-0.564	3.275
1548_s_at	IL10	interleukin 10	-0.314	3.181
1553_r_at	CYP2A13	cytochrome P450 family 2 subfamily A member 13	-0.508	4.533
1554_f_at	CYP2A13	cytochrome P450 family 2 subfamily A member 13	-0.252	2.135
1559_at	PAK2	p21 (RAC1) activated kinase 2	-0.71	4.031
1564_at	AKT1	AKT serine/threonine kinase 1	0.386	4.545
1568_s_at	IFNAR2	interferon alpha and beta receptor subunit 2	0.837	3.496
1572_s_at	INSR	insulin receptor	-0.437	2.864
1573_at	PDGFB	platelet derived growth factor subunit B	0.284	3.81
1576_g_at	ABCB4///ABCB1	ATP binding cassette subfamily B member 4///ATP binding cassette subfamily B member 1	-0.574	5.084
1579_at	OSM	oncostatin M	0.392	4.534
157_at	PRAME	preferentially expressed antigen in melanoma	-0.609	3.119
1583_at	TNFRSF1B	TNF receptor superfamily member 1B	2.055	7.031
1589_s_at	IFNAR2	interferon alpha and beta receptor subunit 2	0.507	2.194
1598_g_at	GAS6	growth arrest specific 6	-0.299	3.37
159_at	VEGFC	vascular endothelial growth factor C	0.38	2.889
160022_at	CSF1R	colony stimulating factor 1 receptor	0.433	2.197
160025_at	TGFA	transforming growth factor alpha	-0.385	2.462
160029_at	PRKCB	protein kinase C beta	1.385	6.704
160030_at	GHR	growth hormone receptor	-0.426	2.022
160033_s_at	XRCC1	X-ray repair cross complementing 1	-0.325	2.974
160038_s_at	INS	insulin	-0.23	1.953
160044_g_at	ACO2	aconitase 2	-1.095	4.721
1601_s_at	IGFBP5	insulin like growth factor binding protein 5	-0.405	2.536
1610_s_at	DHFR	dihydrofolate reductase	-0.359	3.255
1616_at	FGF9	fibroblast growth factor 9	-0.742	2.35
1619_g_at	CYP19A1	cytochrome P450 family 19 subfamily A member 1	-0.279	2.142
1624_at	RAP1GDS1	Rap1 GTPase-GDP dissociation stimulator 1	0.364	2.498
1625_at	IGF1	insulin like growth factor 1	-0.607	2.798
1629_s_at	PTPN13	protein tyrosine phosphatase, non-receptor type 13	-0.41	3.413
162_at	USP11	ubiquitin specific peptidase 11	-0.783	4.889
1633_g_at	PIM2	Pim-2 proto-oncogene, serine/threonine kinase	1.212	5.868
1637_at	MAPKAPK3	mitogen-activated protein kinase-activated protein kinase 3	0.311	2.863
1659_s_at	RHEB	Ras homolog enriched in brain	0.65	2.709
1662_r_at			-0.826	4.411
1665_s_at	TYMP	thymidine phosphorylase	0.543	3.241
1666_at	IFNA1	interferon alpha 1	-0.633	4.837
166_at	GPR68	G protein-coupled receptor 68	-0.348	2.607
1675_at	RASA1	RAS p21 protein activator 1	0.546	5.214
1677_at	IGFBP5	insulin like growth factor binding protein 5	-0.553	3.791
1678_g_at	IGFBP5	insulin like growth factor binding protein 5	-0.508	2.29
1688_s_at	MNAT1	MNAT1, CDK activating kinase assembly factor	-0.413	2.4
1692_s_at	GFRA2	GDNF family receptor alpha 2	-0.336	1.846
1693_s_at	TIMP1	TIMP metallopeptidase inhibitor 1	1.97	10.588
1694_s_at	HNRNPU	heterogeneous nuclear ribonucleoprotein U	-0.587	2.858
1695_at	NEDD8	neural precursor cell expressed, developmentally down-regulated 8	0.434	3.562
169_at	CDX1	caudal type homeobox 1	-0.57	2.315
1701_at	TEP1	telomerase associated protein 1	-0.275	2.614
1706_at	ARAF	A-Raf proto-oncogene, serine/threonine kinase	-0.311	2.958
1707_g_at	ARAF	A-Raf proto-oncogene, serine/threonine kinase	-0.241	1.865
1711_at	TP53BP1	tumor protein p53 binding protein 1	0.434	3.772
1713_s_at	CDKN2A	cyclin dependent kinase inhibitor 2A	-0.467	3.327
1715_at	TNFSF10	tumor necrosis factor superfamily member 10	1.207	2.851
1717_s_at	BIRC3	baculoviral IAP repeat containing 3	2.984	8.258
1718_at	ARPC2	actin related protein 2/3 complex subunit 2	1.593	8.533
1719_at	MSH3	mutS homolog 3	-0.59	1.852
1720_at	MAD2L1	MAD2 mitotic arrest deficient-like 1 (yeast)	-0.554	4.196
1722_at	MAP2K5	mitogen-activated protein kinase kinase 5	-0.353	2.108
1723_g_at	ERBB3	erb-b2 receptor tyrosine kinase 3	-0.595	5.861
1726_at	POLE	DNA polymerase epsilon, catalytic subunit	0.216	1.996
1732_at	FGF5	fibroblast growth factor 5	-0.525	2.392
1737_s_at	IGFBP4	insulin like growth factor binding protein 4	-0.818	2.364
1739_at	FOLH1B///FOLH1	folate hydrolase 1B///folate hydrolase (prostate-specific membrane antigen) 1	-0.751	2.483
1740_g_at	FOLH1B///FOLH1	folate hydrolase 1B///folate hydrolase (prostate-specific membrane antigen) 1	-0.951	5.651
1745_at	RET	ret proto-oncogene	-0.43	2.067
174_s_at	ITSN2	intersectin 2	1.161	4.517
1756_f_at	CYP3A4	cytochrome P450 family 3 subfamily A member 4	-0.609	4.457
1768_s_at	CSK	c-src tyrosine kinase	0.416	3.69
176_at	PPP2R5C	protein phosphatase 2 regulatory subunit B'gamma	0.759	4.558
1771_s_at	PDGFRB	platelet derived growth factor receptor beta	-0.517	5.272
1776_at	RRAD	RRAD, Ras related glycolysis inhibitor and calcium channel regulator	0.73	4.966
1781_at	ELK1	ELK1, ETS transcription factor	-0.367	2.968
1785_at	KDM5A	lysine demethylase 5A	0.684	4.661
1787_at	CDKN1C	cyclin dependent kinase inhibitor 1C	-0.361	2.456
1794_at	CCND3	cyclin D3	0.473	4.97
1795_g_at	CCND3	cyclin D3	0.912	8.57
1798_at	SLC39A6	solute carrier family 39 member 6	0.667	2.608
1801_at	BARD1	BRCA1 associated RING domain 1	0.61	5.6
1804_at	KLK3	kallikrein related peptidase 3	-0.429	3.343
1807_g_at	MCF2	MCF.2 cell line derived transforming sequence	-0.45	2.275
1810_s_at	PRKCD	protein kinase C delta	-0.347	1.929
1814_at	TGFBR2	transforming growth factor beta receptor 2	0.603	2.355
1815_g_at	TGFBR2	transforming growth factor beta receptor 2	0.955	3.444
1819_at	RAP2A	RAP2A, member of RAS oncogene family	0.467	3.847
1821_at	RAP2B	RAP2B, member of RAS oncogene family	0.319	2.959
1825_at	IQGAP1	IQ motif containing GTPase activating protein 1	1.375	5.583
1826_at	RHOB	ras homolog family member B	-0.288	1.86
1827_s_at	MYC	v-myc avian myelocytomatosis viral oncogene homolog	-0.512	2.984
182_at	ITPR3	inositol 1,4,5-trisphosphate receptor type 3	0.622	3.084
1846_at	LGALS8	galectin 8	0.959	4.619
1848_at	RAP1A	RAP1A, member of RAS oncogene family	1.006	2.607
1849_s_at	ARID4A	AT-rich interaction domain 4A	-0.677	3.913
1851_s_at	FASLG	Fas ligand	-0.32	2.755
1870_at	PTPN11	protein tyrosine phosphatase, non-receptor type 11	-0.649	2.758
1876_at	RALA	RALA Ras like proto-oncogene A	-0.3	2.244
1884_s_at	PCNA	proliferating cell nuclear antigen	0.561	2.363
188_at	EFNB1	ephrin B1	0.254	1.907
1892_s_at	NTRK1	neurotrophic receptor tyrosine kinase 1	-0.393	2.527
1894_f_at	NF2	neurofibromin 2	-0.939	4.452
1897_at	TGFBR3	transforming growth factor beta receptor 3	-0.53	3.22
1898_at	TRIM29	tripartite motif containing 29	-0.687	5.044
1910_s_at	BCL2	BCL2, apoptosis regulator	0.28	1.939
1911_s_at	GADD45A	growth arrest and DNA damage inducible alpha	-0.787	2.257
1919_at	VAV1	vav guanine nucleotide exchange factor 1	0.638	2.286
1924_at	CCNH	cyclin H	0.372	1.981
192_at	TAF7	TATA-box binding protein associated factor 7	0.958	5.08
1935_at	MDM4	MDM4, p53 regulator	-0.533	5.444
1940_at	KRAS	KRAS proto-oncogene, GTPase	0.865	2.714
1941_at	SKP2	S-phase kinase-associated protein 2, E3 ubiquitin protein ligase	-0.347	2.407
1944_f_at	MLH1	mutL homolog 1	-0.552	2.707
1946_at	WT1-AS	WT1 antisense RNA	-0.644	4.746
1947_g_at	WT1-AS	WT1 antisense RNA	-0.298	2.528
1951_at	ANGPT2	angiopoietin 2	0.251	2.032
1953_at	VEGFA	vascular endothelial growth factor A	-0.544	2.545
1956_s_at			-0.416	3.07
1959_at	AZIN1	antizyme inhibitor 1	0.818	2.228
195_s_at	CASP4	caspase 4	2.755	9.348
1964_g_at	FLT1	fms related tyrosine kinase 1	-0.592	4.572
1967_f_at			-0.555	4.301
1970_s_at	FGFR2	fibroblast growth factor receptor 2	-0.477	2.356
1972_s_at	MAP2	microtubule associated protein 2	-0.28	1.972
1975_s_at	IGF1	insulin like growth factor 1	-0.486	3.879
1978_at	ITGA2	integrin subunit alpha 2	-0.658	6.842
1981_s_at	MAX	MYC associated factor X	-0.363	2.62
1984_s_at	ARHGDIB	Rho GDP dissociation inhibitor beta	1.674	6.034
1988_at	PDGFRA	platelet derived growth factor receptor alpha	-0.557	4.714
1992_at	FHIT	fragile histidine triad	-0.457	3.616
1996_s_at	CCNF	cyclin F	-0.342	2.622
1998_i_at	BAX	BCL2 associated X, apoptosis regulator	-0.782	3.59
2003_s_at	MSH6	mutS homolog 6	0.47	3.979
2009_at	PTK2B	protein tyrosine kinase 2 beta	-0.49	3.208
2012_s_at	PRKDC	protein kinase, DNA-activated, catalytic polypeptide	0.322	2.257
2014_s_at	MAP2K6	mitogen-activated protein kinase kinase 6	-0.591	3.385
201_s_at	B2M	beta-2-microglobulin	1.197	3.336
2022_at	AKT2	AKT serine/threonine kinase 2	-0.442	2.017
2024_s_at	LYN	LYN proto-oncogene, Src family tyrosine kinase	0.937	1.979
2027_at	S100A2	S100 calcium binding protein A2	0.894	3.038
2028_s_at	E2F1	E2F transcription factor 1	-0.324	2.128
2029_at	ARHGAP5	Rho GTPase activating protein 5	-0.839	3.032
202_at	HSF2	heat shock transcription factor 2	0.551	3.926
2036_s_at	CD44	CD44 molecule (Indian blood group)	1.59	3.971
203_at	GATA2	GATA binding protein 2	-0.323	1.937
2042_s_at	MYB	MYB proto-oncogene, transcription factor	-0.623	2.135
2044_s_at	RB1	RB transcriptional corepressor 1	1.199	5.171
2047_s_at	JUP	junction plakoglobin	-0.508	4.041
2050_s_at	RAC1	ras-related C3 botulinum toxin substrate 1 (rho family, small GTP binding protein Rac1)	1.153	8.346
2056_at	FGFR1	fibroblast growth factor receptor 1	0.344	3.143
2057_g_at	FGFR1	fibroblast growth factor receptor 1	0.427	3.147
205_g_at	HOXA4	homeobox A4	-0.475	2.411
2064_g_at	BIVM-ERCC5///ERCC5	BIVM-ERCC5 readthrough///ERCC excision repair 5, endonuclease	0.492	4.247
2065_s_at	BAX	BCL2 associated X, apoptosis regulator	-0.64	2.988
2066_at	BAX	BCL2 associated X, apoptosis regulator	-0.451	3.885
2068_s_at	E2F2	E2F transcription factor 2	-0.581	4.792
2071_s_at	MAPK8	mitogen-activated protein kinase 8	-0.59	5.001
2073_s_at	CDH13	cadherin 13	-0.47	2.702
2078_s_at	MYCN	v-myc avian myelocytomatosis viral oncogene neuroblastoma derived homolog	-0.597	6.412
2081_s_at	PRKCQ	protein kinase C theta	0.354	2.25
2082_s_at	CDH1	cadherin 1	-0.422	3.981
2088_s_at	EPHB2	EPH receptor B2	-0.77	3.032
2089_s_at	ERBB3	erb-b2 receptor tyrosine kinase 3	-0.411	1.959
213_at	ROR1	receptor tyrosine kinase like orphan receptor 1	-0.368	2.139
218_at	IK	IK cytokine, down-regulator of HLA II	0.714	3.389
220_r_at	MAP2	microtubule associated protein 2	-0.837	2.656
240_at	SRM	spermidine synthase	-0.2	2.101
245_at	SELL	selectin L	1.97	4.736
246_at	KLK1	kallikrein 1	-0.923	2.98
250_at	NFATC3	nuclear factor of activated T-cells 3	0.289	2.116
253_g_at	GPR18	G protein-coupled receptor 18	-0.407	1.992
254_at	H3F3AP4///H3F3B///H3F3A	H3 histone, family 3A, pseudogene 4///H3 histone, family 3B///H3 histone, family 3A	0.635	2.107
260_at	QDPR	quinoid dihydropteridine reductase	-0.839	3.026
265_s_at	SELE	selectin E	-0.586	3.578
268_at	PECAM1	platelet and endothelial cell adhesion molecule 1	0.753	4.036
270_at	CYP3A4	cytochrome P450 family 3 subfamily A member 4	-0.427	2.948
272_at	GRP	gastrin releasing peptide	-0.448	2.173
275_at	DUSP3	dual specificity phosphatase 3	-0.563	3.301
276_at	DNAJA1	DnaJ heat shock protein family (Hsp40) member A1	1.029	2.817
277_at	MCL1	BCL2 family apoptosis regulator	1.751	7.225
279_at	NR4A1	nuclear receptor subfamily 4 group A member 1	-0.839	8.958
281_s_at	PPP3CA	protein phosphatase 3 catalytic subunit alpha	-0.328	2.401
288_s_at	LBR	lamin B receptor	1.335	6.196
292_s_at	CLK1	CDC like kinase 1	1.052	5.132
298_at	MUC5AC	mucin 5AC, oligomeric mucus/gel-forming	-0.561	2.916
301_at	LOC100508689	mucin	-0.333	3.505
303_at	SOS1	SOS Ras/Rac guanine nucleotide exchange factor 1	-0.376	3.325
306_s_at	HMGN1	high mobility group nucleosome binding domain 1	0.827	3.275
310_s_at	MAPT	microtubule associated protein tau	-0.426	2.836
311_s_at	FN1	fibronectin 1	0.826	5.852
312_s_at	PTK2	protein tyrosine kinase 2	-0.62	2.048
31309_r_at			-0.776	2.189
31317_r_at	SKAP2///IGHG1	src kinase associated phosphoprotein 2///immunoglobulin heavy constant gamma 1 (G1m marker)	-0.474	3
31320_at	GPR12	G protein-coupled receptor 12	-0.494	3.473
31325_at			-0.614	3.708
31328_at	SLC34A1	solute carrier family 34 member 1	-1.084	4.895
31330_at	RPS19	ribosomal protein S19	0.862	3.809
31333_at	TLL1	tolloid like 1	-0.637	2.508
31339_at	PI15	peptidase inhibitor 15	-0.753	2.871
31342_at	GALNT2	polypeptide N-acetylgalactosaminyltransferase 2	-0.5	4.253
31343_at	IL1RN	interleukin 1 receptor antagonist	-0.544	2.81
31346_at	DUX1	double homeobox 1	-0.344	3.075
31347_at	IGLC1	immunoglobulin lambda constant 1	0.937	3.791
31350_at	OR10H3	olfactory receptor family 10 subfamily H member 3	-0.771	1.976
31353_f_at	FOXE1	forkhead box E1	-0.46	3.14
31354_r_at	FOXE1	forkhead box E1	-0.442	3.016
31359_at	NDUFV2	NADH:ubiquinone oxidoreductase core subunit V2	-0.651	3.288
31360_at			-0.428	2.24
31361_at			-0.464	2.237
31363_at			-0.378	2.803
31364_i_at	NFAT5	nuclear factor of activated T-cells 5	-0.661	3.069
31367_at	TTLL5	tubulin tyrosine ligase like 5	-0.525	2.647
31375_at			0.309	2.072
31377_r_at			-0.32	2.541
31382_f_at	UGT2B11	UDP glucuronosyltransferase family 2 member B11	-2.177	5.231
31391_at	HAP1	huntingtin associated protein 1	-0.351	3.022
31392_r_at	ERC2-IT1	ERC2 intronic transcript 1	-0.449	2.403
31393_r_at	UTF1	undifferentiated embryonic cell transcription factor 1	-0.671	2.845
31396_r_at	MSI1	musashi RNA binding protein 1	-0.623	4.144
31398_at	ABCB11	ATP binding cassette subfamily B member 11	-0.405	3.074
31399_at	BMP10	bone morphogenetic protein 10	-0.555	3.74
31405_at	MTNR1B	melatonin receptor 1B	-0.231	2.264
31408_at	RRH	retinal pigment epithelium-derived rhodopsin homolog	-0.35	3.215
31414_at	TTTY2B///TTTY2	testis-specific transcript, Y-linked 2B (non-protein coding)///testis-specific transcript, Y-linked 2 (non-protein coding)	0.273	1.904
31415_at	XKRY2///XKRY	XK related, Y-linked 2///XK related, Y-linked	-0.383	3.645
31419_r_at			-0.518	2.827
31423_at			-0.85	2.263
31425_g_at	OR2F2///OR2F1	olfactory receptor family 2 subfamily F member 2///olfactory receptor family 2 subfamily F member 1 (gene/pseudogene)	-0.55	3.985
31427_at			-0.485	2.119
31429_at	YME1L1	YME1 like 1 ATPase	-0.417	1.909
31435_at	ADAM7	ADAM metallopeptidase domain 7	-0.543	3.693
31436_s_at	ESR2	estrogen receptor 2	-0.413	4.266
31438_s_at	CD163	CD163 molecule	2.01	8.073
31439_f_at	RHD///RHCE	Rh blood group D antigen///Rh blood group CcEe antigens	0.72	5.57
31440_at	TCF7	transcription factor 7 (T-cell specific, HMG-box)	-0.325	3.073
31441_at	ECRP	ribonuclease A family member 2 pseudogene	-0.42	2.493
31444_s_at	ANXA2P3///ANXA2P1///ANXA2	annexin A2 pseudogene 3///annexin A2 pseudogene 1///annexin A2	0.953	5.289
31446_s_at	SMR3A///SMR3B	submaxillary gland androgen regulated protein 3A///submaxillary gland androgen regulated protein 3B	0.353	3.25
31449_at	IL23A///TRBV19	interleukin 23 subunit alpha///T cell receptor beta variable 19	0.425	1.956
31451_at	ARHGAP1	Rho GTPase activating protein 1	-0.311	2.69
31457_at	FOXD2	forkhead box D2	-0.376	2.515
31462_f_at	SSX5	SSX family member 5	-0.613	4.273
31465_g_at	DCT	dopachrome tautomerase	-0.253	2.853
31467_at	HLA-DOA	major histocompatibility complex, class II, DO alpha	-0.293	2.155
31470_at	PFKFB2	6-phosphofructo-2-kinase/fructose-2,6-biphosphatase 2	-0.568	2.881
31471_at	ZNF674	zinc finger protein 674	-0.266	1.879
31476_g_at	TNKS	tankyrase	-0.781	5.134
31477_at	TFF3	trefoil factor 3	0.394	2.296
31481_s_at	TMSB10	thymosin beta 10	1.465	6.01
31484_at			-0.563	3.347
31491_s_at	CASP8	caspase 8	-0.634	2.905
31493_s_at	GH1///CSHL1///CSH2///CSH1	growth hormone 1///chorionic somatomammotropin hormone like 1///chorionic somatomammotropin hormone 2///chorionic somatomammotropin hormone 1	0.296	2.058
31494_at			-0.816	3.787
31499_s_at	FCGR3B	Fc fragment of IgG receptor IIIb	1.157	4.939
31501_at			-0.993	2.973
31503_at			-0.715	2.957
31506_s_at	DEFA1B///DEFA3///DEFA1	defensin alpha 1B///defensin alpha 3///defensin alpha 1	0.853	3.114
31508_at	TXNIP	thioredoxin interacting protein	0.777	3.711
31510_s_at	MIR4738///H3F3B///H3F3A	microRNA 4738///H3 histone, family 3B///H3 histone, family 3A	0.947	2.23
31511_at	RPS9	ribosomal protein S9	0.366	3.169
31526_f_at	CCDC144B///USP32P2///USP32P1///USP32///USP6	coiled-coil domain containing 144B (pseudogene)///ubiquitin specific peptidase 32 pseudogene 2///ubiquitin specific peptidase 32 pseudogene 1///ubiquitin specific peptidase 32///ubiquitin specific peptidase 6	0.989	2.499
31527_at	SNORA64///RPS2	small nucleolar RNA, H/ACA box 64///ribosomal protein S2	0.999	3.765
31528_f_at	HIST1H2BM	histone cluster 1, H2bm	-0.345	2.36
31533_s_at	KCND3	potassium voltage-gated channel subfamily D member 3	-0.511	3.113
31535_i_at			-0.67	2.505
31544_at	FOXI1	forkhead box I1	-0.959	6.68
31546_at	RPL18	ribosomal protein L18	0.869	3.046
31548_at	ADPRH	ADP-ribosylarginine hydrolase	-0.241	2.684
31549_at	MAS1	MAS1 proto-oncogene, G protein-coupled receptor	-0.327	2.462
31550_at	ADRB1	adrenoceptor beta 1	-0.476	2.095
31554_at	CHRND	cholinergic receptor nicotinic delta subunit	-0.342	2.737
31557_at	TMSB4X	thymosin beta 4, X-linked	0.806	5.376
31561_at			-0.282	2.042
31572_at	S100A12	S100 calcium binding protein A12	-0.397	3.555
31585_at	LOC100996542///GRM7	uncharacterized LOC100996542///glutamate metabotropic receptor 7	-0.531	3.317
31586_f_at	IGK///IGKC	immunoglobulin kappa locus///immunoglobulin kappa constant	2.348	2.617
31590_g_at	OR2H1///OR2H2	olfactory receptor family 2 subfamily H member 1///olfactory receptor family 2 subfamily H member 2	-0.663	3.491
31592_at			-0.307	2.55
31595_at	SARDH	sarcosine dehydrogenase	0.291	1.908
31597_r_at	EIF4EBP1	eukaryotic translation initiation factor 4E binding protein 1	-0.847	6.681
31600_s_at	PMS2P9///PMS2P5///PMS2P4///PMS2P2///PMS2P1	PMS1 homolog 2, mismatch repair system component pseudogene 9///PMS1 homolog 2, mismatch repair system component pseudogene 5///PMS1 homolog 2, mismatch repair system component pseudogene 4///PMS1 homolog 2, mismatch repair system component pseudogene 2///PMS1 homolog 2, mismatch repair system component pseudogene 1	0.527	3.308
31602_at	TBX6	T-box 6	-0.532	5.791
31610_at	PDZK1IP1	PDZK1 interacting protein 1	-1.339	3.894
31612_at	SCGB1D1	secretoglobin family 1D member 1	0.293	2.338
31622_f_at	MT1F	metallothionein 1F	-1.156	4.688
31623_f_at	MT1A	metallothionein 1A	-1.117	4.224
31626_i_at	AOC4P	amine oxidase, copper containing 4, pseudogene	-0.308	1.997
31627_f_at	AOC4P	amine oxidase, copper containing 4, pseudogene	-0.622	6.211
31635_g_at	PRH1	proline rich protein HaeIII subfamily 1	-0.749	4.76
31640_r_at	SOX1	SRY-box 1	-0.507	3.3
31643_at	NEU3	neuraminidase 3	-0.507	2.459
31653_at	SLC6A2	solute carrier family 6 member 2	-0.471	2.434
31656_at	DKFZP547J0410	DKFZP547J0410 protein	-0.464	1.903
31660_at	DKFZP434A062	uncharacterized LOC26102	-0.423	2.696
31662_at	VPS45	vacuolar protein sorting 45 homolog	-0.556	2.591
31663_at	HGC6.3	uncharacterized LOC100128124	-0.502	3.019
31664_at	AGFG2	ArfGAP with FG repeats 2	-0.502	1.965
31667_r_at	NR2E3	nuclear receptor subfamily 2 group E member 3	-0.351	2.456
31670_s_at	SRP72	signal recognition particle 72	0.689	3.3
31672_g_at	RBMS1	RNA binding motif single stranded interacting protein 1	0.637	4.131
31674_s_at	BRD3	bromodomain containing 3	-0.262	2.133
31675_s_at	PTENP1///PTEN	phosphatase and tensin homolog pseudogene 1///phosphatase and tensin homolog	1.068	2.892
31680_at	TOP1P2	topoisomerase (DNA) I pseudogene 2	0.725	3.331
31682_s_at	VCAN	versican	0.554	3.565
31683_at	THRA1/BTR	uncharacterized LOC105371807	-0.493	2.086
31684_at	ANXA2P1	annexin A2 pseudogene 1	0.973	4.047
31687_f_at	HBB	hemoglobin subunit beta	1.05	2.267
31688_at	LCE2B	late cornified envelope 2B	0.319	2.196
31691_g_at	GLUD1	glutamate dehydrogenase 1	-0.591	2.02
316_g_at	PRDM2	PR/SET domain 2	0.592	2.146
31705_at	SLURP1	secreted LY6/PLAUR domain containing 1	-0.196	1.96
31719_at	FN1	fibronectin 1	0.497	3.373
31720_s_at	FN1	fibronectin 1	0.993	5.028
31721_at	LPA	lipoprotein(a)	-1.117	5.264
31728_at	HLA-DOA	major histocompatibility complex, class II, DO alpha	1.004	6.227
31733_at	P2RX3	purinergic receptor P2X 3	-0.372	2.251
31735_at	PPP1R2P9	protein phosphatase 1 regulatory inhibitor subunit 2 pseudogene 9	-0.29	2.241
31738_at			0.199	1.88
31740_s_at	PAX4	paired box 4	-0.364	2.458
31746_at	POM121L2	POM121 transmembrane nucleoporin like 2	-0.263	1.961
31748_at	POM121L2	POM121 transmembrane nucleoporin like 2	-0.728	5.887
31749_f_at	HIST1H2AK	histone cluster 1, H2ak	0.692	3.381
31750_at	HIST1H1B	histone cluster 1, H1b	-0.364	2.269
31757_at	STK35	serine/threonine kinase 35	-0.34	2.338
31760_at	SAG	S-antigen visual arrestin	-0.733	3.643
31762_at			-0.701	3.43
31763_at	OR7A5	olfactory receptor family 7 subfamily A member 5	-0.413	2.025
31766_s_at	DOCK10	dedicator of cytokinesis 10	-0.369	3.203
31768_at	HIST1H2AH///HIST1H2AG///HIST1H2AM///HIST1H2AL///HIST1H2AK///HIST1H2AI	histone cluster 1, H2ah///histone cluster 1, H2ag///histone cluster 1, H2am///histone cluster 1, H2al///histone cluster 1, H2ak///histone cluster 1, H2ai	-0.423	2.793
31772_at	OVOL3	ovo like zinc finger 3	-0.406	3.445
31778_at	GJA8	gap junction protein alpha 8	-0.29	2.351
31783_at	RENBP	renin binding protein	-0.426	1.955
31789_at	CYP17A1	cytochrome P450 family 17 subfamily A member 1	-0.799	3.539
31792_at	ANXA3	annexin A3	0.991	2.354
31794_at	NT5C2	5'-nucleotidase, cytosolic II	0.818	3.08
31796_at	KIF1C	kinesin family member 1C	-0.45	2.512
31797_at	TBPL1	TATA-box binding protein like 1	0.654	3.554
317_at	LGMN	legumain	-0.66	4.046
31800_at			0.344	2.425
31802_at	RUBCN	RUN and cysteine rich domain containing beclin 1 interacting protein	0.758	5.297
31806_at	FMO1	flavin containing monooxygenase 1	-1.098	3.425
31808_at	ING3	inhibitor of growth family member 3	0.873	4.437
31812_at	GMPR	guanosine monophosphate reductase	-0.388	3.294
31815_r_at	LRP3	LDL receptor related protein 3	-0.572	3.137
31820_at	HCLS1	hematopoietic cell-specific Lyn substrate 1	2.689	8.889
31822_at	CUX1	cut like homeobox 1	-0.416	2.567
31824_at	ME1	malic enzyme 1	0.538	2.314
31826_at	FKBP15	FK506 binding protein 15	0.383	4.184
31831_at	SMTN	smoothelin	-0.31	2.606
31832_at	NEMP1	nuclear envelope integral membrane protein 1	0.445	3.023
31833_at	PIP5K1A	phosphatidylinositol-4-phosphate 5-kinase type 1 alpha	-0.314	2.937
31834_r_at	ACSL6	acyl-CoA synthetase long-chain family member 6	-0.598	2.047
31835_at	HRG	histidine rich glycoprotein	-0.319	1.893
31838_at	FAM216A	family with sequence similarity 216 member A	0.678	3.359
31841_at	CTNNA2	catenin alpha 2	-0.596	1.875
31843_at	ESRRG	estrogen related receptor gamma	-0.826	3.703
31845_at	ELF4	E74 like ETS transcription factor 4	1.021	2.77
31847_at	USPL1	ubiquitin specific peptidase like 1	0.433	2.786
31849_at	VWA8	von Willebrand factor A domain containing 8	-0.632	3.209
31856_at	LRRC32	leucine rich repeat containing 32	0.457	2.65
31859_at	MMP9	matrix metallopeptidase 9	0.944	4.079
31863_at	RRP1B	ribosomal RNA processing 1B	0.888	4.403
31865_at	DBF4	DBF4 zinc finger	0.545	2.146
31868_at	STK16	serine/threonine kinase 16	-0.353	2.946
31869_at	SWAP70	SWAP switching B-cell complex 70kDa subunit	0.727	3.671
31870_at	CD37	CD37 molecule	1.184	4.405
31871_r_at	EHHADH	enoyl-CoA, hydratase/3-hydroxyacyl CoA dehydrogenase	-0.81	3.11
31890_s_at	ZNF143	zinc finger protein 143	0.569	2.253
31895_at	GRIK1-AS2///BACH1	GRIK1 antisense RNA 2///BTB domain and CNC homolog 1	1.08	3.901
31906_at	HSBP1	heat shock factor binding protein 1	0.97	4.636
31915_at	DRP2	dystrophin related protein 2	-0.393	3.616
31918_at	PROX1	prospero homeobox 1	-0.493	2.988
31919_at	GPR171	G protein-coupled receptor 171	1.066	5.903
31921_at	OR2F1	olfactory receptor family 2 subfamily F member 1 (gene/pseudogene)	0.472	3.009
31925_s_at	RASGRF1	Ras protein specific guanine nucleotide releasing factor 1	-0.345	2.788
31927_s_at	C21orf33	chromosome 21 open reading frame 33	-0.443	2.246
31933_r_at	BTF3	basic transcription factor 3	-0.591	6.639
31936_s_at	KIAA0430	KIAA0430	0.743	7.563
31943_g_at	TULP3	tubby like protein 3	-0.467	2.37
31947_r_at	FOXG1	forkhead box G1	-0.381	1.929
31950_at	PABPC1	poly(A) binding protein cytoplasmic 1	1.117	4.064
31951_s_at	PABPC1	poly(A) binding protein cytoplasmic 1	0.527	1.942
31961_r_at			-0.495	2.832
31964_at			-0.622	2.157
31966_at	DIO1	deiodinase, iodothyronine type I	-1.92	4.891
31969_i_at	PPEF2	protein phosphatase with EF-hand domain 2	-0.385	2.313
31973_at	CACNA1G	calcium voltage-gated channel subunit alpha1 G	-0.382	2.201
31975_at	MT4	metallothionein 4	0.741	7.535
31976_at	MEP1B	meprin A subunit beta	-0.442	3.203
31978_at	KIF25	kinesin family member 25	-0.369	2.069
31994_at	ARFGEF2	ADP ribosylation factor guanine nucleotide exchange factor 2	-0.767	2.971
31998_at	ABCA1	ATP binding cassette subfamily A member 1	-0.565	3.485
32004_s_at	CDK11A///CDK11B	cyclin dependent kinase 11A///cyclin dependent kinase 11B	-0.405	2.29
32005_at	PMCH	pro-melanin concentrating hormone	0.368	2.471
32012_at	PCNX1	pecanex homolog 1 (Drosophila)	-0.649	2.102
32015_at	PYGO1	pygopus family PHD finger 1	-0.792	4.265
32024_at	KHDRBS2	KH RNA binding domain containing, signal transduction associated 2	-0.601	4.829
32027_at	PDZK1P1///PDZK1	PDZ domain containing 1 pseudogene 1///PDZ domain containing 1	-1.63	3.176
32034_at	ZNF217	zinc finger protein 217	0.567	2.915
32035_at	HLA-DRB4	major histocompatibility complex, class II, DR beta 4	1.873	7.369
32047_at	DFFA	DNA fragmentation factor subunit alpha	-0.462	4.451
32048_at	TCEB3-AS1	TCEB3 antisense RNA 1	-0.517	2.711
32050_r_at	TCEB3	transcription elongation factor B subunit 3	-0.492	4.904
32052_at	HBB	hemoglobin subunit beta	2.082	2.978
32059_at	UBXN2B	UBX domain protein 2B	0.932	2.806
32069_at	N4BP1	NEDD4 binding protein 1	1.177	2.002
32070_at	PTPRCAP	protein tyrosine phosphatase, receptor type C associated protein	0.701	5.153
32072_at	MSLN	mesothelin	-0.436	6.984
32076_at	RCAN2	regulator of calcineurin 2	-0.492	2.174
32079_at	KIF13B	kinesin family member 13B	-0.479	4.971
32084_at	SLC22A5	solute carrier family 22 member 5	-0.429	2.387
32086_at	ZNF184	zinc finger protein 184	-0.448	2.416
32087_at	HSF2	heat shock transcription factor 2	0.678	3.543
32092_at	SDC3	syndecan 3	0.398	3.684
32095_at	IPO13	importin 13	-0.383	4.294
32100_r_at	GALNS	galactosamine (N-acetyl)-6-sulfatase	-0.628	3.117
32103_at	SERPINF2	serpin family F member 2	-0.52	3.174
32104_i_at	CAMK2G	calcium/calmodulin dependent protein kinase II gamma	-0.397	3.124
32105_f_at	CAMK2G	calcium/calmodulin dependent protein kinase II gamma	-0.262	2.545
32107_at	C2CD2	C2 calcium dependent domain containing 2	0.269	2.042
32112_s_at	AIM1	absent in melanoma 1	0.924	5.607
32113_at	AIM1	absent in melanoma 1	-0.543	2.072
32114_s_at	SPECC1L-ADORA2A///ADORA2A	SPECC1L-ADORA2A readthrough (NMD candidate)///adenosine A2a receptor	0.43	2.633
32116_at	TMC6	transmembrane channel like 6	0.371	1.966
32122_at	SUOX	sulfite oxidase	-0.462	2.361
32129_at	RNF115	ring finger protein 115	0.376	1.993
32132_at	DZIP3	DAZ interacting zinc finger protein 3	-0.456	3.671
32134_at	TES	testin LIM domain protein	0.783	4.489
32140_at	SORL1	sortilin related receptor 1	0.849	2.077
32143_at	OSR2	odd-skipped related transciption factor 2	-0.358	3.273
32147_at	FARP1	FERM, ARH/RhoGEF and pleckstrin domain protein 1	-0.587	2.944
32148_at	FARP1	FERM, ARH/RhoGEF and pleckstrin domain protein 1	0.637	6.562
32151_at	RANGAP1	Ran GTPase activating protein 1	0.424	3.094
32157_at	PPP1CA	protein phosphatase 1 catalytic subunit alpha	0.675	2.177
32162_r_at			-0.902	5.811
32165_at	SRSF7	serine and arginine rich splicing factor 7	0.465	2.435
32166_at	TLN1	talin 1	0.658	2.235
32169_at	FBXO21	F-box protein 21	-0.831	4.457
32170_g_at	FBXO21	F-box protein 21	-1.064	4.409
32173_at	RIDA	reactive intermediate imine deaminase A homolog	-1.945	3.825
32174_at	SLC9A3R1	SLC9A3 regulator 1	-0.771	4.25
32175_at	SEPT7	septin 7	1.122	4.577
32183_at	SRSF11	serine and arginine rich splicing factor 11	1.127	4.38
32189_g_at	MYT1	myelin transcription factor 1	-0.516	5.558
32190_at	FADS2	fatty acid desaturase 2	-0.325	2.35
32191_at	PCGF2	polycomb group ring finger 2	-0.298	3.317
32192_g_at	PCGF2	polycomb group ring finger 2	-0.455	3.331
32193_at	PLXNC1	plexin C1	1.451	2.586
32196_at	CAND1	cullin associated and neddylation dissociated 1	0.451	3.644
321_at	WASL	Wiskott-Aldrich syndrome like	-0.621	3.266
32203_at	RBCK1	RANBP2-type and C3HC4-type zinc finger containing 1	0.752	7.754
32204_at	PDE6G	phosphodiesterase 6G	-0.291	2.931
32207_at	MPP1	membrane palmitoylated protein 1	-0.53	5.407
32208_at	KIAA0355	KIAA0355	0.49	2.077
32211_at	PSMD13	proteasome 26S subunit, non-ATPase 13	0.609	5.185
32217_at	CSRNP2	cysteine and serine rich nuclear protein 2	0.673	5.274
32220_at	HMGB1	high mobility group box 1	0.736	2.895
32222_at	NFATC2IP	nuclear factor of activated T-cells 2 interacting protein	0.467	3.699
32223_at	SUGP2	SURP and G-patch domain containing 2	0.378	2.545
32225_at	ATP1A1	ATPase Na+/K+ transporting subunit alpha 1	-0.677	2.108
32227_at	SRGN	serglycin	2.966	9.135
32231_at			-0.543	2.542
32233_at	TOR1B	torsin family 1 member B	0.585	2.737
32235_at	MGRN1	mahogunin ring finger 1	0.359	2.153
32241_at	TARDBP	TAR DNA binding protein	0.866	4.826
32249_at	CFHR1///CFH	complement factor H related 1///complement factor H	1.71	3.554
32253_at	RERE	arginine-glutamic acid dipeptide repeats	0.438	2.097
32260_at	PEA15	phosphoprotein enriched in astrocytes 15	1.253	9.152
32263_at	CCNB2	cyclin B2	0.284	2.471
32264_at	GZMM	granzyme M	0.474	4.68
32268_at	MAGI1	membrane associated guanylate kinase, WW and PDZ domain containing 1	-0.336	1.861
32272_at	TUBA1B	tubulin alpha 1b	1.712	10.366
32274_r_at	XRCC6	X-ray repair cross complementing 6	-1.107	6.036
32275_at	SLPI	secretory leukocyte peptidase inhibitor	0.804	4.4
32278_at	CHML	CHM like, Rab escort protein 2	0.4	3.413
32282_at			0.339	2.206
32287_s_at	KLRC3///KLRC2///KLRC1	killer cell lectin like receptor C3///killer cell lectin like receptor C2///killer cell lectin like receptor C1	0.719	2.275
32289_at	PTPRS	protein tyrosine phosphatase, receptor type S	-0.491	4.317
32290_at	SCAMP1	secretory carrier membrane protein 1	-0.429	3.032
32295_at	HCG9	HLA complex group 9 (non-protein coding)	-0.314	3.171
32297_s_at	KLRC2///KLRC1	killer cell lectin like receptor C2///killer cell lectin like receptor C1	0.662	4.14
32298_at	ADAM2	ADAM metallopeptidase domain 2	-0.922	3.181
32306_g_at	COL1A2	collagen type I alpha 2 chain	1.548	3.873
32307_s_at	COL1A2	collagen type I alpha 2 chain	1.708	3.446
32315_at	RPS24	ribosomal protein S24	0.877	2.922
32317_s_at	SLX1B-SULT1A4///SLX1A-SULT1A3///SULT1A4///SULT1A3///SULT1A1///SULT1A2	SLX1B-SULT1A4 readthrough (NMD candidate)///SLX1A-SULT1A3 readthrough (NMD candidate)///sulfotransferase family 1A member 4///sulfotransferase family 1A member 3///sulfotransferase family 1A member 1///sulfotransferase family 1A member 2	0.953	3.713
32318_s_at	ACTB	actin beta	0.554	2.602
32320_at	ANXA13	annexin A13	-0.546	1.855
32321_at	HLA-E	major histocompatibility complex, class I, E	2.016	7.427
32323_at	TRH	thyrotropin releasing hormone	-0.652	2.508
32324_at	YWHAB	tyrosine 3-monooxygenase/tryptophan 5-monooxygenase activation protein beta	0.883	8.266
32328_at	KRT85	keratin 85	-0.292	2.724
32331_at	LOC100507855///AK4	adenylate kinase 4, mitochondrial-like///adenylate kinase 4	-1.598	4.936
32332_at	IDH2	isocitrate dehydrogenase (NADP(+)) 2, mitochondrial	-0.559	2.582
32333_at	ZNF549	zinc finger protein 549	-0.449	2.064
32342_at	CYP11B2	cytochrome P450 family 11 subfamily B member 2	-0.334	2.021
32346_at			-0.649	2.269
32347_at	CYP4F11	cytochrome P450 family 4 subfamily F member 11	-0.343	2.433
32350_at	MALT1	MALT1 paracaspase	0.329	2.342
32351_at	GPR20	G protein-coupled receptor 20	-0.341	2.733
32356_at	KCNJ5	potassium voltage-gated channel subfamily J member 5	-0.479	2.525
32357_at	KCNIP4	potassium voltage-gated channel interacting protein 4	-0.288	1.993
32362_r_at	TOP3B	topoisomerase (DNA) III beta	-0.632	4.042
32363_at	CH25H	cholesterol 25-hydroxylase	-0.317	2.427
32366_at	CNTFR	ciliary neurotrophic factor receptor	-0.359	3.195
32374_at	PCDHA12	protocadherin alpha 12	0.449	4.836
32382_at	UPK1B	uroplakin 1B	-0.338	2.232
32385_at			0.7	5.504
32392_s_at	UGT1A3///UGT1A1///UGT1A4///UGT1A9///UGT1A5///UGT1A6///UGT1A7///UGT1A8///UGT1A10	UDP glucuronosyltransferase family 1 member A3///UDP glucuronosyltransferase family 1 member A1///UDP glucuronosyltransferase family 1 member A4///UDP glucuronosyltransferase family 1 member A9///UDP glucuronosyltransferase family 1 member A5///UDP glucuronosyltransferase family 1 member A6///UDP glucuronosyltransferase family 1 member A7///UDP glucuronosyltransferase family 1 member A8///UDP glucuronosyltransferase family 1 member A10	-2.024	4.744
323_at	PSKH1	protein serine kinase H1	-0.364	2.166
32401_at	NRTN	neurturin	0.326	3.066
32408_s_at	HNRNPCL4///HNRNPCL3///HNRNPCL2///HNRNPCL1///HNRNPC	heterogeneous nuclear ribonucleoprotein C-like 4///heterogeneous nuclear ribonucleoprotein C-like 3///heterogeneous nuclear ribonucleoprotein C-like 2///heterogeneous nuclear ribonucleoprotein C-like 1///heterogeneous nuclear ribonucleoprotein C (C1/C2)	0.725	3.201
32409_at	PIGO	phosphatidylinositol glycan anchor biosynthesis class O	-0.403	1.975
32410_at	MYOG	myogenin (myogenic factor 4)	-0.426	3.94
32415_at	IFNA5	interferon alpha 5	-0.602	3.581
32416_at	IL23A	interleukin 23 subunit alpha	-0.543	3.77
32418_at	PDE1C	phosphodiesterase 1C	-0.706	2.911
32419_at	PDE1C	phosphodiesterase 1C	-0.279	2.002
32423_at	AQP6	aquaporin 6	-0.324	3.637
32433_at	RPL15	ribosomal protein L15	0.621	2.711
32434_at	MARCKS	myristoylated alanine rich protein kinase C substrate	2.132	4.988
32436_at	SNORA3A///RPL27A	small nucleolar RNA, H/ACA box 3A///ribosomal protein L27a	0.542	2.133
32439_at	ATP4B	ATPase H+/K+ transporting beta subunit	-0.461	4.102
32449_at	DGKQ	diacylglycerol kinase theta	-0.421	3.846
32450_at	SCN7A	sodium voltage-gated channel alpha subunit 7	-0.58	3.059
32452_at	TEN1-CDK3///CDK3	TEN1-CDK3 readthrough (NMD candidate)///cyclin dependent kinase 3	-0.293	2.898
32457_f_at	PRB4	proline rich protein BstNI subfamily 4	-0.295	2.108
32458_f_at	PRB4	proline rich protein BstNI subfamily 4	-0.454	2.74
32463_at	ARHGAP6	Rho GTPase activating protein 6	-0.544	4.107
32465_at	NKX3-2	NK3 homeobox 2	-0.493	2.731
32471_at	TSHR	thyroid stimulating hormone receptor	-0.366	3.392
32472_at	OXT	oxytocin/neurophysin I prepropeptide	-0.473	3.687
32480_at	HOXC4	homeobox C4	0.518	3.096
32482_at	ATP12A	ATPase H+/K+ transporting non-gastric alpha2 subunit	-0.434	3.909
32483_at	GPR135	G protein-coupled receptor 135	-0.592	5.05
32484_at	ACKR2	atypical chemokine receptor 2	-0.443	2.835
32488_at	COL3A1	collagen type III alpha 1 chain	1.73	4.166
32490_at	CEACAM4	carcinoembryonic antigen related cell adhesion molecule 4	0.287	2.134
32496_at	KCNE1	potassium voltage-gated channel subfamily E regulatory subunit 1	-0.463	2.559
32508_at	PRRC2C	proline rich coiled-coil 2C	1.427	5.628
32510_at	AKR7A2	aldo-keto reductase family 7 member A2	-1.036	3.123
32511_at	TMEM246	transmembrane protein 246	-0.572	4.266
32513_at	NEFM	neurofilament, medium polypeptide	-0.38	2.052
32517_at	CAPN7	calpain 7	-0.463	2.27
32520_at	NR1D1///THRA	nuclear receptor subfamily 1 group D member 1///thyroid hormone receptor, alpha	-0.307	3.12
32525_r_at			-0.437	2.703
32528_at	CLPP	caseinolytic mitochondrial matrix peptidase proteolytic subunit	-0.486	6.199
32529_at	CKAP4	cytoskeleton associated protein 4	0.548	4.038
32532_at	TJP1	tight junction protein 1	-0.742	3.607
32535_at	FBN1	fibrillin 1	1.008	4.047
32536_at	EBP	emopamil binding protein (sterol isomerase)	-0.364	3.619
32537_at	ACSBG1	acyl-CoA synthetase bubblegum family member 1	-0.334	2.292
32544_s_at	RSU1	Ras suppressor protein 1	0.627	3.856
32545_r_at	RSU1	Ras suppressor protein 1	-0.478	2.099
32547_at	M6PR///PHC1	mannose-6-phosphate receptor, cation dependent///polyhomeotic homolog 1	0.314	1.921
32549_at	PAPPA	pappalysin 1	-0.624	3.618
32550_r_at	CEBPA	CCAAT/enhancer binding protein alpha	-0.608	4.805
32554_s_at	TBL1X	transducin (beta)-like 1X-linked	0.817	2.632
32562_at	ENG	endoglin	-0.281	2.031
32565_at	SMARCD3	SWI/SNF related, matrix associated, actin dependent regulator of chromatin, subfamily d, member 3	0.33	2.094
32570_at	HPGD	hydroxyprostaglandin dehydrogenase 15-(NAD)	-0.764	2.258
32575_at	NAP1L4	nucleosome assembly protein 1 like 4	0.346	2.273
32576_at	EIF3F	eukaryotic translation initiation factor 3 subunit F	0.428	2.32
32582_at	MYH11	myosin heavy chain 11	-0.677	3.217
32586_at	LARP4B	La ribonucleoprotein domain family member 4B	0.336	3.183
32587_at	ZFP36L2	ZFP36 ring finger protein like 2	0.763	3.223
32588_s_at	ZFP36L2	ZFP36 ring finger protein like 2	0.737	3.631
32590_at	NCL	nucleolin	0.473	2.617
32591_at	SDR39U1	short chain dehydrogenase/reductase family 39U member 1	0.551	3.796
32593_at	RFTN1	raftlin, lipid raft linker 1	0.847	4.697
32594_at	CCT4	chaperonin containing TCP1 subunit 4	0.409	3.406
32597_at	RBL2	RB transcriptional corepressor like 2	0.641	1.951
32607_at	BASP1	brain abundant membrane attached signal protein 1	2.356	6.101
32611_at	PEBP1	phosphatidylethanolamine binding protein 1	-1.29	2.671
32615_at	DARS	aspartyl-tRNA synthetase	0.525	2.222
32616_at	LYN	LYN proto-oncogene, Src family tyrosine kinase	1.159	2.3
32618_at	BLVRA	biliverdin reductase A	0.761	3.111
32622_at	DNM2	dynamin 2	0.498	3.263
32623_at	GABBR1	gamma-aminobutyric acid type B receptor subunit 1	0.799	4.236
32627_at	RANBP6	RAN binding protein 6	-0.746	2.508
32629_f_at	BTN3A1	butyrophilin subfamily 3 member A1	1.54	9.316
32634_s_at	ICA1	islet cell autoantigen 1	-0.382	2.748
32642_at	NCAN	neurocan	0.521	2.641
32649_at	TCF7	transcription factor 7 (T-cell specific, HMG-box)	0.71	3.926
32651_at	TAGLN3	transgelin 3	0.477	2.296
32652_g_at	TAGLN3	transgelin 3	-0.486	4.567
32654_g_at	BRD8	bromodomain containing 8	0.802	5.252
32659_at	EIF2B4	eukaryotic translation initiation factor 2B subunit delta	-0.459	3.103
32670_at	THBS3	thrombospondin 3	-0.495	2.748
32672_at	LOC103344931	uncharacterized LOC103344931	0.527	3.452
32674_at	ZNF638-IT1///ZNF638	ZNF638 intronic transcript 1///zinc finger protein 638	0.392	2.409
32676_at	ALDH6A1	aldehyde dehydrogenase 6 family member A1	-1.786	5.552
32678_at	MYO5A	myosin VA	-0.452	1.934
32679_at	MTFR1	mitochondrial fission regulator 1	-0.569	5.592
32680_at	TNIK	TRAF2 and NCK interacting kinase	-0.895	2.229
32685_at	RALGPS1	Ral GEF with PH domain and SH3 binding motif 1	-0.448	2.668
32686_at	PTGER3	prostaglandin E receptor 3	-0.864	3.07
32687_s_at	PTGER3	prostaglandin E receptor 3	-0.424	3.238
32688_at	PTGER3	prostaglandin E receptor 3	-0.443	1.936
32693_at	MON2	MON2 homolog, regulator of endosome-to-Golgi trafficking	0.338	2.24
32696_at	PBX3	PBX homeobox 3	0.675	2.705
32698_at	PVR	poliovirus receptor	-0.668	7.407
32700_at	GBP2	guanylate binding protein 2	0.87	2.552
32707_at	KATNA1	katanin catalytic subunit A1	0.545	3.071
32715_at	VAMP8	vesicle associated membrane protein 8	0.763	3.81
32719_at	NRG1	neuregulin 1	-0.403	2.627
32720_at	ATG12	autophagy related 12	0.702	4.229
32722_at	ARG2	arginase 2	-0.569	3.013
32724_at	PHYH	phytanoyl-CoA 2-hydroxylase	-1.272	4.177
32726_g_at	BID	BH3 interacting domain death agonist	-0.498	2.993
32735_at	PHLPP2	PH domain and leucine rich repeat protein phosphatase 2	0.34	2.123
32736_at	RAC2	ras-related C3 botulinum toxin substrate 2 (rho family, small GTP binding protein Rac2)	0.695	3.033
32737_at	RAC2	ras-related C3 botulinum toxin substrate 2 (rho family, small GTP binding protein Rac2)	0.265	2.124
32739_at	PGM3	phosphoglucomutase 3	-0.758	4.451
32743_at	VPS13D	vacuolar protein sorting 13 homolog D	0.339	2.645
32747_at	ALDH2	aldehyde dehydrogenase 2 family (mitochondrial)	-1.269	5.497
32749_s_at	FLNA	filamin A	1.254	9.725
32752_at	NDUFA7	NADH:ubiquinone oxidoreductase subunit A7	-0.455	3.759
32756_at	ECH1	enoyl-CoA hydratase 1	-0.634	3.358
32757_at	RAE1	ribonucleic acid export 1	0.649	5.593
32758_g_at	RAE1	ribonucleic acid export 1	0.167	2.099
32759_at			-0.581	1.933
32760_at	SEMG1	semenogelin I	-0.474	3.291
32764_at	CPQ	carboxypeptidase Q	-0.275	3.189
32765_f_at	CPQ	carboxypeptidase Q	-0.526	3.474
32766_at	XRCC6	X-ray repair cross complementing 6	0.463	3.236
32770_at	SEC24D	SEC24 homolog D, COPII coat complex component	0.688	2.657
32773_at	LOC100509457///HLA-DQA1	HLA class II histocompatibility antigen, DQ alpha 1 chain-like///major histocompatibility complex, class II, DQ alpha 1	2.405	6.685
32775_r_at	PLSCR1	phospholipid scramblase 1	1.528	2.697
32776_at	RALB	RALB Ras like proto-oncogene B	0.633	2.912
32782_r_at	DST	dystonin	-0.887	1.938
32784_at	PRPF4B	pre-mRNA processing factor 4B	1.37	7.288
32785_at	EIF3A	eukaryotic translation initiation factor 3 subunit A	-0.33	2.529
32791_at	TMEM97	transmembrane protein 97	-0.25	2.072
32793_at	TRBC1	T cell receptor beta constant 1	0.76	2.646
32794_g_at	TRBC1	T cell receptor beta constant 1	0.516	2.679
32798_at	GSTM3	glutathione S-transferase mu 3	-0.399	2.14
32803_at	CNIH1	cornichon family AMPA receptor auxiliary protein 1	0.361	2.064
32806_at	TSPO	translocator protein	1.637	9.34
32807_at	KBTBD2	kelch repeat and BTB domain containing 2	0.915	2.886
32809_at	ZNF24	zinc finger protein 24	0.29	2.096
32811_at	MYO1C	myosin IC	-0.283	2.159
32818_at	TNC	tenascin C	1.205	2.288
32821_at	LCN2	lipocalin 2	0.928	3.144
32826_at	ENTPD1	ectonucleoside triphosphate diphosphohydrolase 1	0.267	1.949
32833_at	CLK1	CDC like kinase 1	1.223	5.734
32836_at	AGPAT1	1-acylglycerol-3-phosphate O-acyltransferase 1	-0.493	3.173
32840_at			-0.933	6.099
32841_at	CNBP	CCHC-type zinc finger nucleic acid binding protein	0.853	2.01
32843_s_at	FBL	fibrillarin	0.292	2.116
32844_at	EIF4G1	eukaryotic translation initiation factor 4 gamma 1	-0.221	2.34
32848_at	PSMC4	proteasome 26S subunit, ATPase 4	0.464	3.139
32849_at	SMC1A	structural maintenance of chromosomes 1A	0.667	1.907
32851_at	CELF2	CUGBP, Elav-like family member 2	0.62	5.567
32859_at	STAT1	signal transducer and activator of transcription 1	1.692	8.942
32860_g_at	STAT1	signal transducer and activator of transcription 1	1.32	5.2
32862_at	RASA3	RAS p21 protein activator 3	-0.569	2.38
32863_at	CAMK1G	calcium/calmodulin dependent protein kinase IG	-0.332	1.935
32869_at	MRE11A	MRE11 homolog A, double strand break repair nuclease	0.322	1.967
32871_at			0.456	1.902
32877_i_at			0.701	4.666
32878_f_at			1.086	3.772
32879_at			-0.832	3.141
32882_at	SOAT2	sterol O-acyltransferase 2	-0.299	2.796
32889_at	RUNDC3B	RUN domain containing 3B	-0.386	2.399
32893_s_at	LOC102724197///LOC100132705///GGT2///GGTLC1///GGTLC2///GGT3P///GGT1	inactive gamma-glutamyltranspeptidase 2-like///immunoglobulin superfamily member 3-like///gamma-glutamyltransferase 2///gamma-glutamyltransferase light chain 1///gamma-glutamyltransferase light chain 2///gamma-glutamyltransferase 3 pseudogene///gamma-glutamyltransferase 1	-0.753	1.974
32894_at	AGFG2	ArfGAP with FG repeats 2	-0.735	5.001
32895_f_at	AGFG2	ArfGAP with FG repeats 2	-0.396	3.701
32897_at	MTHFR	methylenetetrahydrofolate reductase (NAD(P)H)	-0.343	2.474
32898_at	ACTL8	actin like 8	-0.513	3.397
32899_s_at	RORA	RAR related orphan receptor A	-0.423	2.063
32908_at	UBN1	ubinuclein 1	-0.34	3.94
32910_at	KDM7A	lysine demethylase 7A	-0.625	3.682
32919_at	AMIGO2	adhesion molecule with Ig like domain 2	-0.308	2.292
32923_r_at	SYN1	synapsin I	-0.481	2.476
32924_at	MMP24	matrix metallopeptidase 24	-0.346	2.485
32928_at	POU2F3	POU class 2 homeobox 3	-0.426	2.727
32939_g_at	EFR3B	EFR3 homolog B	-0.356	3.295
32940_at	AMMECR1	Alport syndrome, mental retardation, midface hypoplasia and elliptocytosis chromosomal region gene 1	-0.369	2.217
32944_at	ROBO1	roundabout guidance receptor 1	-0.582	3.127
32949_at	DSCR4	Down syndrome critical region 4	-0.373	2.905
32954_at	RIF1	replication timing regulatory factor 1	0.381	2.221
32957_g_at	IQCK	IQ motif containing K	-0.357	2.66
32959_at	ATP6V1B1	ATPase H+ transporting V1 subunit B1	-0.342	2.811
32962_at	CTH	cystathionine gamma-lyase	-0.468	2.352
32964_at	ADGRE1	adhesion G protein-coupled receptor E1	-0.75	3.327
32965_f_at	HSPA1B	heat shock protein family A (Hsp70) member 1B	-0.354	3.624
32967_at	FCMR	Fc fragment of IgM receptor	0.228	2.191
32979_at	GAB1	GRB2 associated binding protein 1	-0.445	3.162
32984_s_at	CLCNKB///CLCNKA	chloride voltage-gated channel Kb///chloride voltage-gated channel Ka	-0.749	3.643
32985_at	SALL1	spalt like transcription factor 1	-0.502	1.903
32987_at	CENPI	centromere protein I	-0.459	4.243
32989_at	RFX1	regulatory factor X1	-0.348	2.522
32992_at			-0.39	2.717
32993_s_at	ZMYND10	zinc finger MYND-type containing 10	-0.261	2.243
32994_at	ASB4	ankyrin repeat and SOCS box containing 4	-0.426	2.108
32995_at	ASB4	ankyrin repeat and SOCS box containing 4	-0.726	3.628
32996_g_at	ASB4	ankyrin repeat and SOCS box containing 4	-0.302	2.78
33009_at	MAP3K1	mitogen-activated protein kinase kinase kinase 1	-0.639	3.108
33014_at	MAFK	MAF bZIP transcription factor K	-0.311	2.45
33015_at			-0.455	3.315
33021_at			-0.671	1.902
33022_at	RDH16	retinol dehydrogenase 16 (all-trans)	-0.434	4.287
33029_at	ALOX12B	arachidonate 12-lipoxygenase, 12R type	-0.275	2.726
33036_at	TRPA1	transient receptor potential cation channel subfamily A member 1	-0.487	2.666
33042_r_at			-0.652	2.444
33045_r_at	EMX1	empty spiracles homeobox 1	-0.489	3.152
33048_at	NECAB2	N-terminal EF-hand calcium binding protein 2	-0.389	3.217
33055_at	CYP7B1	cytochrome P450 family 7 subfamily B member 1	-0.557	3.31
33062_at	ZNF548	zinc finger protein 548	-0.583	2.587
33077_at			-0.324	2.352
33080_s_at	RAP1GAP	RAP1 GTPase activating protein	-0.732	3.425
33083_at	KIAA0509	uncharacterized LOC57242	-0.487	2.961
33090_at	EFNA2	ephrin A2	-0.445	4.561
33091_at	HOXD13	homeobox D13	-0.402	3.878
33097_at	CEBPE	CCAAT/enhancer binding protein epsilon	-0.324	2.293
330_s_at	TUBA4A	tubulin alpha 4a	0.832	5.481
33104_at	PLEKHB1	pleckstrin homology domain containing B1	0.342	1.991
33108_i_at	SOX2	SRY-box 2	-0.529	4.064
33113_at	CITED2	Cbp/p300 interacting transactivator with Glu/Asp rich carboxy-terminal domain 2	0.707	2.884
33114_f_at			-0.59	2.617
33121_g_at	RGS10	regulator of G-protein signaling 10	1.385	8.31
33124_at	VRK2	vaccinia related kinase 2	0.534	4.472
33125_at	FANCL	Fanconi anemia complementation group L	0.586	2.671
33127_at	LOXL2	lysyl oxidase like 2	-0.312	1.985
33133_at	FLII	FLII, actin remodeling protein	0.325	1.95
33139_s_at	MLF1	myeloid leukemia factor 1	-0.567	2.166
33146_at	MCL1	BCL2 family apoptosis regulator	1.673	7.483
33148_at	ZFR	zinc finger RNA binding protein	-0.369	2.446
33150_at	UTP3	UTP3, small subunit processome component homolog (S. cerevisiae)	0.621	2.491
33155_at	IDUA	iduronidase, alpha-L-	0.37	3.738
33160_at	NRL	neural retina leucine zipper	-0.579	3.31
33166_at	TRADD	TNFRSF1A associated via death domain	0.345	2.427
33167_r_at	ADSS	adenylosuccinate synthase	-0.647	2.264
33169_at	NEO1	neogenin 1	-0.272	2.608
33176_at	DOHH	deoxyhypusine hydroxylase/monooxygenase	-0.36	2.292
33180_at	PPP1R2	protein phosphatase 1 regulatory inhibitor subunit 2	0.575	2.124
33185_at	CLCC1	chloride channel CLIC like 1	-0.544	2.027
33192_g_at	SLF2	SMC5-SMC6 complex localization factor 2	0.43	3.64
33193_at	WIPI1	WD repeat domain, phosphoinositide interacting 1	-0.334	2.348
33201_at			-0.274	3.072
33204_at			-0.315	2.377
33205_at	SUPT3H	SPT3 homolog, SAGA and STAGA complex component	-0.571	3.318
33206_at	MTSS1L	metastasis suppressor 1 like	-0.406	4.637
33216_at	MRPS12	mitochondrial ribosomal protein S12	-0.427	3.707
33218_at	ERBB2	erb-b2 receptor tyrosine kinase 2	-0.254	2.096
33219_at	USP33	ubiquitin specific peptidase 33	0.8	2.914
33220_at	ZSCAN26	zinc finger and SCAN domain containing 26	-0.314	2.61
33221_at	PAXIP1	PAX interacting protein 1	-0.656	3.221
33225_at	CYHR1	cysteine and histidine rich 1	-0.395	3.409
33228_g_at	IL10RB	interleukin 10 receptor subunit beta	1.242	4.716
33232_at	CRIP1	cysteine rich protein 1	0.853	6.786
33236_at	RARRES3	retinoic acid receptor responder 3	1.718	6.516
33238_at	LCK	LCK proto-oncogene, Src family tyrosine kinase	1.226	8.16
33243_at	TNFAIP8	TNF alpha induced protein 8	1.675	7.934
33246_at			0.407	2.651
33252_at	MCM3	minichromosome maintenance complex component 3	-0.516	2.132
33253_at	TRIM14	tripartite motif containing 14	0.551	5.009
33260_at	SOS1	SOS Ras/Rac guanine nucleotide exchange factor 1	-0.371	2.318
33261_at	LOC100996809///HLA-DRB5///HLA-DRB3///HLA-DRB1	HLA class II histocompatibility antigen, DRB1-10 beta chain-like///major histocompatibility complex, class II, DR beta 5///major histocompatibility complex, class II, DR beta 3///major histocompatibility complex, class II, DR beta 1	1.659	5.808
33267_at	ATP8A1	ATPase phospholipid transporting 8A1	0.997	5.599
33272_at	SAA1	serum amyloid A1	0.575	4.036
33273_f_at	IGLC1	immunoglobulin lambda constant 1	3.459	3.547
33274_f_at	IGLC1	immunoglobulin lambda constant 1	3.457	3.551
33277_at	MTMR2	myotubularin related protein 2	-0.651	6.584
33280_r_at	ACSM3	acyl-CoA synthetase medium-chain family member 3	-0.989	6.373
33282_at	LAD1	ladinin 1	-0.385	3.018
33289_f_at	LINC00921///ZNF263	long intergenic non-protein coding RNA 921///zinc finger protein 263	0.211	2.062
33291_at	RASGRP1	RAS guanyl releasing protein 1	0.481	2.057
33295_at	ACKR1	atypical chemokine receptor 1 (Duffy blood group)	0.616	4.17
332_at	ZBTB25	zinc finger and BTB domain containing 25	-0.43	2.777
33304_at	ISG20	interferon stimulated exonuclease gene 20	1.186	7.218
33305_at	SERPINB1	serpin family B member 1	1.22	3.883
33311_at	LOC102724652///CRYAA	alpha-crystallin A chain///crystallin alpha A	-1.5	9.286
33313_g_at	LOC102724652///CRYAA	alpha-crystallin A chain///crystallin alpha A	-1.646	5.736
33322_i_at	SFN	stratifin	0.771	4.733
33329_at	NFIC	nuclear factor I C	-0.248	2.084
33336_at	SLC4A1	solute carrier family 4 member 1 (Diego blood group)	-0.442	2.064
33337_at	DEGS1	delta 4-desaturase, sphingolipid 1	0.935	5.68
33338_at	STAT1	signal transducer and activator of transcription 1	2.445	9.865
33339_g_at	STAT1	signal transducer and activator of transcription 1	2.484	7.885
33341_at	GNB1	G protein subunit beta 1	-0.622	5.151
33346_r_at	TUBG1	tubulin gamma 1	-0.794	3.538
33350_s_at	WDR45	WD repeat domain 45	0.429	1.893
33354_at	SMURF2	SMAD specific E3 ubiquitin protein ligase 2	0.467	2.408
33368_at	AZIN1	antizyme inhibitor 1	0.903	2.919
33371_s_at	RAB31	RAB31, member RAS oncogene family	1.032	7.595
33373_at	FUBP1	far upstream element binding protein 1	0.701	3.633
33374_at	C2	complement component 2	-0.379	2.76
33375_at	MYO6	myosin VI	-0.344	2.654
33378_at	NIPBL	NIPBL, cohesin loading factor	0.6	4.307
33380_at	PAPD7	poly(A) RNA polymerase D7, non-canonical	0.774	5.905
33381_at	NCOA3	nuclear receptor coactivator 3	1.022	4.324
33383_f_at	SFTPB	surfactant protein B	-0.642	1.999
33385_g_at	CAST	calpastatin	0.59	3.45
33389_at	LRRD1///CYP51A1	leucine rich repeats and death domain containing 1///cytochrome P450 family 51 subfamily A member 1	-0.641	2.89
33390_at	CD68	CD68 molecule	1.294	7.377
33395_at	SZRD1	SUZ RNA binding domain containing 1	-0.295	2.719
333_s_at	RBMS1	RNA binding motif single stranded interacting protein 1	0.411	2.559
33408_at	DIP2C	disco interacting protein 2 homolog C	-0.323	2.501
33412_at	LGALS1	galectin 1	1.136	3.528
33415_at	NME1-NME2///NME2	NME1-NME2 readthrough///NME/NM23 nucleoside diphosphate kinase 2	0.648	1.983
33416_at	TCF25	transcription factor 25	0.327	1.855
33418_at	RAB3GAP1	RAB3 GTPase activating protein catalytic subunit 1	0.417	4.944
33425_at	TRIM28	tripartite motif containing 28	0.254	2.094
33428_s_at	ATRN	attractin	-0.343	2.026
33429_at	TPGS2	tubulin polyglutamylase complex subunit 2	-0.234	1.873
33431_at	FMOD	fibromodulin	-0.27	2.204
33434_at	BET1	Bet1 golgi vesicular membrane trafficking protein	0.477	2.455
33440_at	ZEB1	zinc finger E-box binding homeobox 1	0.693	2.666
33446_at	ABAT	4-aminobutyrate aminotransferase	-1.254	2.891
33447_at	MYL12A	myosin light chain 12A	1.012	3.211
33449_at	PSMA7	proteasome subunit alpha 7	-0.467	2.711
33451_s_at	RPL22	ribosomal protein L22	0.569	2.978
33455_at	ALDOB	aldolase, fructose-bisphosphate B	-2.261	4.682
33456_at	MAPRE1	microtubule associated protein RP/EB family member 1	1.311	5.28
33457_at	FAM208A	family with sequence similarity 208 member A	0.762	3.096
33459_at			-0.555	2.147
33462_at	P2RY14	purinergic receptor P2Y14	1.619	4.531
33466_at	C5orf30	chromosome 5 open reading frame 30	0.428	2.883
33469_r_at	CFHR3	complement factor H related 3	-0.536	4.195
33470_at	GRIP2	glutamate receptor interacting protein 2	-0.682	2.013
33471_g_at	GRIP2	glutamate receptor interacting protein 2	-0.392	2.776
33472_at	FMO4	flavin containing monooxygenase 4	-0.673	4.627
33474_at	GLI1	GLI family zinc finger 1	-0.277	1.904
33481_at			-0.441	2.558
33484_at	RNF2	ring finger protein 2	0.679	3.815
33487_at	HPD	4-hydroxyphenylpyruvate dioxygenase	-2.263	7.212
33489_at	TFF2	trefoil factor 2	0.257	1.926
33496_at	AGTR2	angiotensin II receptor type 2	-0.451	2.237
33499_s_at	IGHA2///IGHA1///IGH	immunoglobulin heavy constant alpha 2 (A2m marker)///immunoglobulin heavy constant alpha 1///immunoglobulin heavy locus	1.836	2.398
33500_i_at	IGHA2///IGHA1///IGH	immunoglobulin heavy constant alpha 2 (A2m marker)///immunoglobulin heavy constant alpha 1///immunoglobulin heavy locus	1.704	2.116
33501_r_at	IGHA2///IGHA1///IGH	immunoglobulin heavy constant alpha 2 (A2m marker)///immunoglobulin heavy constant alpha 1///immunoglobulin heavy locus	1.71	2.218
33505_at	RARRES1	retinoic acid receptor responder 1	0.65	3.869
33509_at	GRM1	glutamate metabotropic receptor 1	-0.342	2.286
33510_s_at	GRM1	glutamate metabotropic receptor 1	-0.328	2.325
33512_at	GUCA2B	guanylate cyclase activator 2B	0.463	1.876
33513_at	SLAMF1	signaling lymphocytic activation molecule family member 1	0.461	3.274
33515_at	TCP10	t-complex 10	-0.484	4.485
33519_at	ADH6	alcohol dehydrogenase 6 (class V)	-0.382	4.093
33531_at	KLRD1	killer cell lectin like receptor D1	1.217	4.31
33536_at	PRKG2	protein kinase, cGMP-dependent, type II	-0.535	2.744
33543_s_at	PNN	pinin, desmosome associated protein	1.027	6.505
33546_at	SPRR1A	small proline rich protein 1A	-0.518	3.104
33557_at	C22orf31	chromosome 22 open reading frame 31	-0.322	3.296
33560_at			-0.595	2.098
33562_g_at	COL4A3	collagen type IV alpha 3 chain	-0.66	2.117
33563_s_at	COL4A3	collagen type IV alpha 3 chain	-0.599	2.224
33564_at	AFM	afamin	-2.412	9.664
33566_at	ZNF169	zinc finger protein 169	-0.218	1.885
33569_at	CLEC10A	C-type lectin domain family 10 member A	0.457	3.81
33578_at	FZD9	frizzled class receptor 9	-0.479	2.99
33581_at	RBMS3	RNA binding motif single stranded interacting protein 3	-0.338	3.461
33587_f_at	KCND3	potassium voltage-gated channel subfamily D member 3	-0.195	2.218
33589_at			-0.305	2.11
33592_at	ZBTB7B	zinc finger and BTB domain containing 7B	-0.307	1.869
33594_at	DKK4	dickkopf WNT signaling pathway inhibitor 4	0.328	2.048
335_r_at	SF3A2	splicing factor 3a subunit 2	-0.607	3.955
33601_at	ZNF804A	zinc finger protein 804A	-0.741	3.962
33603_at	ABCD1	ATP binding cassette subfamily D member 1	-0.415	2.761
33604_at	IRS4	insulin receptor substrate 4	-0.484	4.143
33607_at	HTR1E	5-hydroxytryptamine receptor 1E	-0.298	2.083
33609_at	LY6G6F///LY6G6D	lymphocyte antigen 6 complex, locus G6F///lymphocyte antigen 6 complex, locus G6D	-0.282	2.289
33610_at	CLDN8	claudin 8	-0.7	2.806
33611_g_at	CLDN8	claudin 8	-1.156	5.469
33615_at	OR1E1	olfactory receptor family 1 subfamily E member 1	-0.394	3.304
33617_s_at	ZBTB25	zinc finger and BTB domain containing 25	-0.385	2.691
33627_at	PIK3CD	phosphatidylinositol-4,5-bisphosphate 3-kinase catalytic subunit delta	-0.531	3.856
33628_g_at	PIK3CD	phosphatidylinositol-4,5-bisphosphate 3-kinase catalytic subunit delta	-0.609	4.169
33629_at	WWP2	WW domain containing E3 ubiquitin protein ligase 2	-0.447	1.952
33636_at	CTAG1A///CTAG1B	cancer/testis antigen 1A///cancer/testis antigen 1B	-0.421	4.089
33638_at	ERBB3	erb-b2 receptor tyrosine kinase 3	-0.449	2.692
33641_g_at	AIF1	allograft inflammatory factor 1	1.254	7.428
33645_at	GM2A	GM2 ganglioside activator	-0.265	2.585
33647_s_at	GM2A	GM2 ganglioside activator	-1.169	3.139
33653_at	MYF5	myogenic factor 5	-0.689	2.065
33658_at	ZNF124	zinc finger protein 124	-0.499	2.069
33659_at	CFL1	cofilin 1	0.855	4.939
33661_at	FAM69A	family with sequence similarity 69 member A	-0.393	3.69
33666_at	HNRNPC	heterogeneous nuclear ribonucleoprotein C (C1/C2)	0.69	2.625
33682_at	GPR1	G protein-coupled receptor 1	0.356	2.443
33684_at	WNT2B	Wnt family member 2B	-0.324	2.142
33688_at	GBX2	gastrulation brain homeobox 2	-0.398	1.941
33701_at	LOC101929036///PAH	uncharacterized LOC101929036///phenylalanine hydroxylase	-2.423	6.942
33702_f_at	PCK1	phosphoenolpyruvate carboxykinase 1	-1.937	2.766
33703_f_at	PCK1	phosphoenolpyruvate carboxykinase 1	-2.21	3.268
33704_at	URB1	URB1 ribosome biogenesis 1 homolog (S. cerevisiae)	-0.619	2.632
33705_at	PDE4B	phosphodiesterase 4B	1.464	1.878
33711_at	POMC	proopiomelanocortin	-0.506	2.952
33719_at	SYNPO	synaptopodin	-0.586	2.506
33721_at	ABCC2	ATP binding cassette subfamily C member 2	-1.027	5.204
33727_r_at	RTEL1-TNFRSF6B///TNFRSF6B	RTEL1-TNFRSF6B readthrough (NMD candidate)///TNF receptor superfamily member 6b	-0.681	4.422
33731_at	SLC7A7	solute carrier family 7 member 7	-1.533	10.082
33732_at	AP4M1	adaptor related protein complex 4 mu 1 subunit	-0.328	2.417
33738_r_at	ST20-MTHFS///ST20///MTHFS	ST20-MTHFS readthrough///suppressor of tumorigenicity 20///5,10-methenyltetrahydrofolate synthetase (5-formyltetrahydrofolate cyclo-ligase)	-0.363	2.359
33742_f_at	ATP6V1H	ATPase H+ transporting V1 subunit H	-1.096	3.5
33744_at	GEMIN4	gem nuclear organelle associated protein 4	-0.311	2.667
33748_at	ARHGAP45	Rho GTPase activating protein 45	0.626	3.16
33754_at	NKX2-1	NK2 homeobox 1	0.346	2.618
33762_r_at	LINC00869	long intergenic non-protein coding RNA 869	-0.589	5.285
33764_at	GABBR2	gamma-aminobutyric acid type B receptor subunit 2	-0.475	2.868
33767_at	NEFH	neurofilament heavy polypeptide	-0.431	1.917
33774_at	CASP8	caspase 8	0.34	2.008
33781_s_at	UBE2M	ubiquitin conjugating enzyme E2 M	-0.386	4.549
33782_r_at	UBE2M	ubiquitin conjugating enzyme E2 M	-0.368	3.038
33788_at	ENTPD4	ectonucleoside triphosphate diphosphohydrolase 4	0.895	5.819
33798_at	SMG6	SMG6, nonsense mediated mRNA decay factor	-0.394	4.034
33803_at	THBD	thrombomodulin	0.462	2.199
33805_at	CEP350	centrosomal protein 350	0.606	4.102
33810_at	TRRAP	transformation/transcription domain associated protein	0.55	2.003
33813_at	TNFRSF1B	TNF receptor superfamily member 1B	0.943	3.3
33814_at	PAK4	p21 (RAC1) activated kinase 4	-0.399	4.475
33817_at	HNRNPA3	heterogeneous nuclear ribonucleoprotein A3	0.61	2.92
33821_at	ELOVL5	ELOVL fatty acid elongase 5	1.286	4.24
33822_at	NUMA1	nuclear mitotic apparatus protein 1	-0.209	1.887
33826_at	CIZ1	CDKN1A interacting zinc finger protein 1	-0.328	2.201
33827_at	N4BP2L2	NEDD4 binding protein 2 like 2	-0.519	2.094
33830_at	LEPROT	leptin receptor overlapping transcript	0.653	2.651
33837_at	SRP72	signal recognition particle 72	0.495	2.114
33839_at	ITPR2	inositol 1,4,5-trisphosphate receptor type 2	0.361	2.158
33841_at	FAM214B	family with sequence similarity 214 member B	-0.309	3.37
33842_at	FAM214B	family with sequence similarity 214 member B	-0.395	2.663
33843_g_at	FAM214B	family with sequence similarity 214 member B	-0.465	4.232
33844_at	CNOT9	CCR4-NOT transcription complex subunit 9	0.351	2.837
33845_at			0.918	3.037
33851_at	CFAP20	cilia and flagella associated protein 20	-0.529	4.689
33852_at	TIA1	TIA1 cytotoxic granule-associated RNA binding protein	0.584	2.486
33862_at	PLPP3	phospholipid phosphatase 3	-0.463	2.426
33872_at	ADGRL2	adhesion G protein-coupled receptor L2	-0.431	2.753
33877_s_at	MTDH	metadherin	0.586	3.286
33878_at	EFHD1	EF-hand domain family member D1	-0.998	3.623
33880_at	ACSL3	acyl-CoA synthetase long-chain family member 3	0.45	1.988
33888_at	ACTR1B	ARP1 actin-related protein 1 homolog B, centractin beta	-0.233	2.233
33895_at	SH3YL1	SH3 and SYLF domain containing 1	-1.145	3.321
33899_at	ALDH9A1	aldehyde dehydrogenase 9 family member A1	-0.577	1.907
338_at	ATF6	activating transcription factor 6	-0.204	2.114
33902_at	GPD1	glycerol-3-phosphate dehydrogenase 1	-0.948	6.383
33905_at	MBD2	methyl-CpG binding domain protein 2	0.506	2.646
33908_at	CAPN1	calpain 1	0.86	4.411
33909_at	SF3B4	splicing factor 3b subunit 4	-0.481	3.379
33910_at	PTPRD	protein tyrosine phosphatase, receptor type D	-1.023	2.637
33913_at	PRRC2A	proline rich coiled-coil 2A	-0.421	3.105
33916_at	NISCH	nischarin	0.45	2.972
33918_s_at	HIRIP3	HIRA interacting protein 3	-0.267	3.193
33921_at	SLC37A4	solute carrier family 37 member 4	-1.038	4.727
33927_i_at	YLPM1	YLP motif containing 1	-0.353	1.95
33933_at	WFDC2	WAP four-disulfide core domain 2	1.196	5.949
33936_at	GALC	galactosylceramidase	0.661	2.016
33945_at	CD40LG	CD40 ligand	-0.322	1.879
33947_at	GPR3	G protein-coupled receptor 3	-0.331	2.59
33949_at	CRHR2	corticotropin releasing hormone receptor 2	-0.495	2.262
33955_at	IL12A	interleukin 12A	-0.523	2.261
33956_at	LY96	lymphocyte antigen 96	2.605	6.22
33961_at			0.348	2.621
33964_at	CRYGC	crystallin gamma C	-0.344	2.67
33976_at	ONECUT1	one cut homeobox 1	-0.664	2.608
33980_at	PFKFB1	6-phosphofructo-2-kinase/fructose-2,6-biphosphatase 1	-1.01	3.666
33981_at	IL4	interleukin 4	-0.346	2.346
33988_at	TMBIM6	transmembrane BAX inhibitor motif containing 6	-0.497	2.456
33991_g_at	ALB	albumin	-3.613	9.505
33992_at	ALB	albumin	-2.374	5.028
33994_g_at	MYL6	myosin light chain 6	0.25	1.965
33998_at	NTS	neurotensin	-0.499	3.052
33999_f_at	IGHV5-78	immunoglobulin heavy variable 5-78 (pseudogene)	-0.541	2.52
34005_at	PIGR	polymeric immunoglobulin receptor	-0.325	2.701
34006_s_at	MAPK8	mitogen-activated protein kinase 8	0.583	3.467
34007_at	GRM8	glutamate metabotropic receptor 8	-0.608	2.728
34010_at	ARHGAP22	Rho GTPase activating protein 22	-0.732	6.22
34011_at	HRK	harakiri, BCL2 interacting protein	-0.334	2.8
34016_s_at	ABCC1	ATP binding cassette subfamily C member 1	-0.34	2.795
34024_at	CLCN5	chloride voltage-gated channel 5	-0.317	2.32
34026_at	LINC00563	long intergenic non-protein coding RNA 563	-0.604	3.901
34030_at	TULP1	tubby like protein 1	-0.265	2.484
34032_at			0.491	3.43
34033_s_at	LILRA2	leukocyte immunoglobulin like receptor A2	1.014	2.471
34034_at	STARD8	StAR related lipid transfer domain containing 8	-0.451	2.089
34036_at	UHRF2	ubiquitin like with PHD and ring finger domains 2	-0.502	4.343
34040_s_at	NCR1	natural cytotoxicity triggering receptor 1	0.391	2.123
34048_at	GK2	glycerol kinase 2	-0.293	2.275
34049_at			-0.317	1.89
34051_at	LRCH1	leucine rich repeats and calponin homology domain containing 1	-0.539	3.208
34061_at	MIR1204///PVT1	microRNA 1204///Pvt1 oncogene (non-protein coding)	-0.37	3.146
34062_at	ETV2	ETS variant 2	-0.411	3.14
34064_s_at	NCR2	natural cytotoxicity triggering receptor 2	0.333	2.002
34065_at	ONECUT2	one cut homeobox 2	-0.318	2.097
34067_at	TMPRSS6	transmembrane protease, serine 6	0.31	2.024
34068_f_at	SSX1	SSX family member 1	-0.671	2.561
34070_s_at	PDIA2	protein disulfide isomerase family A member 2	-0.607	5.97
34072_s_at			-0.493	2.402
34083_at	GATC	glutamyl-tRNA amidotransferase subunit C	-0.341	1.893
34091_s_at	VIM	vimentin	1.506	5.78
34092_at			-0.484	2.563
34099_f_at	YARS2	tyrosyl-tRNA synthetase 2	1.112	2.603
34101_at			-0.682	3.202
34102_at	LCN1	lipocalin 1	-0.591	5.813
34104_i_at			0.309	2.124
34105_f_at	LOC100293211///IGHM	uncharacterized LOC100293211///immunoglobulin heavy constant mu	1.496	2.602
34106_at	GNA12	G protein subunit alpha 12	-0.258	2.209
34107_at	PFKFB2	6-phosphofructo-2-kinase/fructose-2,6-biphosphatase 2	-0.809	3.357
34110_g_at	LOC102724788///PRODH	proline dehydrogenase 1, mitochondrial///proline dehydrogenase 1	-0.517	3.037
34119_at	DNAJC22	DnaJ heat shock protein family (Hsp40) member C22	-0.652	1.929
34124_at			-0.356	2.07
34127_at	SLC22A13	solute carrier family 22 member 13	-0.343	3.135
34129_at	STXBP5L	syntaxin binding protein 5 like	-0.607	5.037
34131_at	SLC7A11	solute carrier family 7 member 11	-0.356	2.333
34134_at			-0.612	3.539
34135_at			-0.544	2.402
34137_at	OR2H1	olfactory receptor family 2 subfamily H member 1	-0.844	3.708
34144_at	TLR6	toll like receptor 6	-0.458	1.917
34147_g_at	OGG1	8-oxoguanine DNA glycosylase	-0.326	2.443
34154_at	CHRNB2	cholinergic receptor nicotinic beta 2 subunit	-0.237	2.011
34160_at	ACTG1///ACTB	actin gamma 1///actin beta	1.234	4.533
34161_at	LPO	lactoperoxidase	-0.298	2.127
34164_at			-0.737	4.04
34167_s_at	SLC6A7	solute carrier family 6 member 7	0.495	6.177
34173_s_at	CNTN5	contactin 5	-0.458	3.568
34177_at	B4GALT2	beta-1,4-galactosyltransferase 2	0.441	3.368
34178_at	ZBTB22	zinc finger and BTB domain containing 22	0.433	1.961
34180_at	ARHGEF10	Rho guanine nucleotide exchange factor 10	0.422	2.933
34181_at	AGA	aspartylglucosaminidase	0.601	2.474
34183_at	CCDC69	coiled-coil domain containing 69	-0.566	3.088
34186_at	PCBP4	poly(rC) binding protein 4	-0.931	4
34188_at	ATP2B1	ATPase plasma membrane Ca2+ transporting 1	0.667	2.972
34190_at	COCH	cochlin	-0.641	2.84
34191_at	DCP2	decapping mRNA 2	0.815	6.222
34194_at	CLIC5	chloride intracellular channel 5	-1.518	3.913
34195_at	GATAD1	GATA zinc finger domain containing 1	-0.278	2.123
34196_at	GATAD1	GATA zinc finger domain containing 1	0.245	2.114
34210_at	CD52	CD52 molecule	1.459	4.86
34212_at	AGTPBP1	ATP/GTP binding protein 1	0.461	2.221
34215_at	AKAP17A	A-kinase anchoring protein 17A	0.692	3.043
34221_at	HMGXB3	HMG-box containing 3	0.279	1.975
34224_at	FADS3	fatty acid desaturase 3	0.459	2.743
34225_at	MIR943///NELFA	microRNA 943///negative elongation factor complex member A	-0.49	3.226
34232_at	NKTR	natural killer cell triggering receptor	0.62	2.727
34235_at	ADGRF5	adhesion G protein-coupled receptor F5	-1.1	4.986
34239_at	N4BP2L1	NEDD4 binding protein 2 like 1	0.397	2.863
34240_s_at	N4BP2L1	NEDD4 binding protein 2 like 1	-0.678	5.15
34244_r_at	L3MBTL1	l(3)mbt-like 1 (Drosophila)	-0.797	1.925
34246_at	PXDC1	PX domain containing 1	0.249	2.028
34254_at	RALGDS	ral guanine nucleotide dissociation stimulator	-0.358	2.292
34256_at	ST3GAL5	ST3 beta-galactoside alpha-2,3-sialyltransferase 5	0.793	9.945
34258_at	MKLN1	muskelin 1	-0.487	2.532
34276_at	NINL	ninein like	-0.449	2.351
34277_at	CA11	carbonic anhydrase 11	-0.385	3.451
34279_at	LOC102724250///NBPF25P///NBPF26///NBPF19///NBPF20///NBPF10///NBPF8///NBPF9///NBPF15///NBPF11///NBPF12///NBPF1///NBPF14	neuroblastoma breakpoint family member 1///neuroblastoma breakpoint family member 25, pseudogene///neuroblastoma breakpoint family member 26///neuroblastoma breakpoint family member 19///neuroblastoma breakpoint family member 20///neuroblastoma breakpoint family member 10///neuroblastoma breakpoint family member 8///neuroblastoma breakpoint family member 9///neuroblastoma breakpoint family member 15///neuroblastoma breakpoint family member 11///neuroblastoma breakpoint family member 12///neuroblastoma breakpoint family member 1///neuroblastoma breakpoint family member 14	1.138	2.212
34282_at	NFE2L3	nuclear factor, erythroid 2 like 3	0.615	2.794
34283_at	XYLT1	xylosyltransferase 1	0.785	3.505
34290_f_at	MED24	mediator complex subunit 24	-0.391	2.227
34291_at	FARSA	phenylalanyl-tRNA synthetase alpha subunit	0.347	2.317
34292_at	TMEM187	transmembrane protein 187	-0.388	2.57
34293_at	KIFC3	kinesin family member C3	-0.273	2.504
34295_at	MIR6125///USP15	microRNA 6125///ubiquitin specific peptidase 15	-0.485	2.031
34301_r_at	KRT17///JUP	keratin 17///junction plakoglobin	-0.521	3.112
34303_at	ZCCHC24	zinc finger CCHC-type containing 24	0.416	3.42
34304_s_at	SAT1	spermidine/spermine N1-acetyltransferase 1	1.562	6.038
34306_at	MBNL1	muscleblind like splicing regulator 1	1.014	3.961
34314_at	RRM1	ribonucleotide reductase catalytic subunit M1	0.647	3.477
34320_at	PTRF	polymerase I and transcript release factor	0.743	2.188
34325_at	PQBP1	polyglutamine binding protein 1	-0.327	3.44
34326_at	COPB1	coatomer protein complex subunit beta 1	0.588	2.15
34329_at	PAK2	p21 (RAC1) activated kinase 2	1.158	5.109
34333_at	JOSD1	Josephin domain containing 1	0.833	3.132
34336_at	KARS	lysyl-tRNA synthetase	0.925	4.92
34337_s_at	MTF2	metal response element binding transcription factor 2	0.677	4.3
34338_at	TBCB	tubulin folding cofactor B	0.818	4.211
34341_at	PPAT	phosphoribosyl pyrophosphate amidotransferase	-0.445	2.268
34345_at	PRPF6	pre-mRNA processing factor 6	0.3	2.799
34346_at	PRKAG1	protein kinase AMP-activated non-catalytic subunit gamma 1	0.285	2.098
34352_at	PCBD1	pterin-4 alpha-carbinolamine dehydratase 1	-0.584	3.976
34353_at	PDS5A	PDS5 cohesin associated factor A	0.538	2.793
34354_at	FGFR2	fibroblast growth factor receptor 2	-0.454	3.287
34357_g_at	LOC101928625///MED21	uncharacterized LOC101928625///mediator complex subunit 21	-0.558	2.61
34361_at	PCSK7	proprotein convertase subtilisin/kexin type 7	0.512	3.936
34370_at	ARCN1	archain 1	0.545	2.332
34371_at	PPP4R1	protein phosphatase 4 regulatory subunit 1	0.958	3.365
34383_at	USP1	ubiquitin specific peptidase 1	0.491	2.409
34386_at	MBD4	methyl-CpG binding domain 4, DNA glycosylase	1.04	5.655
34387_at	LPGAT1	lysophosphatidylglycerol acyltransferase 1	1.066	3.754
34394_at	ADNP	activity dependent neuroprotector homeobox	0.41	2.119
34397_at	LUC7L3	LUC7 like 3 pre-mRNA splicing factor	1.004	6.185
34403_at	MFGE8	milk fat globule-EGF factor 8 protein	0.313	2.196
34405_at	USP5	ubiquitin specific peptidase 5	0.324	2.832
34411_at	PAPSS1	3'-phosphoadenosine 5'-phosphosulfate synthase 1	0.566	2.55
34423_at	FAM149A	family with sequence similarity 149 member A	-0.382	2.08
34425_at	MR1	major histocompatibility complex, class I-related	0.4	2.114
34426_at	MR1	major histocompatibility complex, class I-related	-0.445	2.677
34429_at	MADCAM1	mucosal vascular addressin cell adhesion molecule 1	-0.699	5.092
34433_at	DOK1	docking protein 1	0.447	4.403
34434_at	CCL16	C-C motif chemokine ligand 16	-0.56	2.506
34445_at	RABGAP1L	RAB GTPase activating protein 1 like	0.53	4.624
34446_at	RABGAP1L	RAB GTPase activating protein 1 like	0.765	3.406
34450_at	GUCY2C	guanylate cyclase 2C	-0.532	2.984
34460_at	TSPOAP1	TSPO associated protein 1	-0.37	2.289
34462_at	SCNN1D	sodium channel epithelial 1 delta subunit	-0.455	2.985
34463_at	DNASE1	deoxyribonuclease 1	-0.474	4.176
34464_at	DAO	D-amino acid oxidase	-0.709	6.189
34481_at	VAV1	vav guanine nucleotide exchange factor 1	0.429	1.912
34486_at			-0.398	2.032
34492_at	SFT2D2	SFT2 domain containing 2	0.247	1.896
34494_at	ADAMTS2	ADAM metallopeptidase with thrombospondin type 1 motif 2	-0.696	3.135
34496_at	PIGL	phosphatidylinositol glycan anchor biosynthesis class L	-0.44	3.495
34499_at	ACTN3	actinin alpha 3 (gene/pseudogene)	0.285	2.051
34501_at	RUNX2	runt related transcription factor 2	-0.936	6.179
34506_at	ALAD	aminolevulinate dehydratase	-0.381	2.729
34508_r_at	LMTK2	lemur tyrosine kinase 2	-0.516	2.343
34510_at	CDT1	chromatin licensing and DNA replication factor 1	-0.281	2.153
34512_at	ADRA2C	adrenoceptor alpha 2C	-0.318	3.375
34513_at	TSHR	thyroid stimulating hormone receptor	-0.482	4.707
34519_at	NPR3	natriuretic peptide receptor 3	-0.458	1.862
34521_at	MAP3K13	mitogen-activated protein kinase kinase kinase 13	-0.653	5.623
34522_at			-0.357	4.423
34524_at	AJAP1	adherens junctions associated protein 1	-0.402	2.427
34528_at	MIR124-1///LINC00599	microRNA 124-1///long intergenic non-protein coding RNA 599	-0.408	2.626
34534_at	OPRM1	opioid receptor mu 1	-0.496	3.173
34547_at	CELF3	CUGBP, Elav-like family member 3	-0.475	6.982
34554_at	GLRA2	glycine receptor alpha 2	-0.862	4.587
34556_at	KRT9	keratin 9	-0.344	1.926
34558_at	OPRL1	opioid related nociceptin receptor 1	-0.461	4.159
34564_at	EPHA5	EPH receptor A5	-0.477	3.166
34570_at	RPS27A	ribosomal protein S27a	0.802	2.558
34572_at	CA7	carbonic anhydrase 7	-0.319	2.598
34573_at	EFNA3	ephrin A3	-0.459	1.966
34578_at	SGCG	sarcoglycan gamma	-0.685	4.325
34580_at	OPRD1	opioid receptor delta 1	-0.365	3.288
34583_at	FLT3	fms related tyrosine kinase 3	-0.312	2.771
34584_at	ZNF45	zinc finger protein 45	-0.529	4.537
34586_s_at	DLX2	distal-less homeobox 2	-0.651	5.009
34587_at	EPX	eosinophil peroxidase	-0.744	3.81
34590_at	CNTF	ciliary neurotrophic factor	-0.231	2.26
34597_at	CH17-360D5.1///NPY4R	neuropeptide Y receptor type 4-like///neuropeptide Y receptor Y4	-0.307	3.021
34600_s_at	TUB	tubby bipartite transcription factor	-0.341	2.104
34602_at	FCN2	ficolin 2	-0.676	5.571
34603_at	PDC	phosducin	-0.633	3.146
34605_at	ATF7	activating transcription factor 7	-0.559	2.655
34607_at	ICOS	inducible T-cell costimulator	0.305	3.084
34616_at	F13B	coagulation factor XIII B chain	-0.421	2.28
34618_at	IHH	indian hedgehog	-0.293	2.257
34626_at	HIC1	hypermethylated in cancer 1	-0.636	6.018
34637_f_at	ADH1A	alcohol dehydrogenase 1A (class I), alpha polypeptide	0.695	2.092
34641_at	PZP	PZP, alpha-2-macroglobulin like	0.335	1.94
34644_at	B2M	beta-2-microglobulin	0.993	4.409
34645_at	RPS3	ribosomal protein S3	0.75	2.356
34647_at	MIR5047///MIR3064///DDX5	microRNA 5047///microRNA 3064///DEAD-box helicase 5	1.353	7.774
34654_at	MTMR1	myotubularin related protein 1	0.647	3.051
34655_at	MPP2	membrane palmitoylated protein 2	-0.42	3.718
34656_at	MPP2	membrane palmitoylated protein 2	-0.492	4.944
34660_at	RNASE6	ribonuclease A family member k6	0.718	4.66
34663_at	FCGR2B	Fc fragment of IgG receptor IIb	0.659	5.914
34664_at	FCGR2B	Fc fragment of IgG receptor IIb	-0.623	2.643
34669_at	TFE3	transcription factor binding to IGHM enhancer 3	-0.436	3.715
34672_at	TBC1D4	TBC1 domain family member 4	-0.447	2.82
34674_at	S100A1	S100 calcium binding protein A1	0.413	3.643
34677_f_at	CCDC144B///USP32P2///USP32P1///USP32///USP6	coiled-coil domain containing 144B (pseudogene)///ubiquitin specific peptidase 32 pseudogene 2///ubiquitin specific peptidase 32 pseudogene 1///ubiquitin specific peptidase 32///ubiquitin specific peptidase 6	0.851	2.36
34678_at	MYOF	myoferlin	1.353	4.91
34684_at	RECQL	RecQ like helicase	0.972	4.696
34687_at	MRS2	MRS2, magnesium transporter	-0.585	3.611
34691_f_at	ARPC4	actin related protein 2/3 complex subunit 4	0.419	3.818
34695_at	SMARCD2	SWI/SNF related, matrix associated, actin dependent regulator of chromatin, subfamily d, member 2	-0.35	2.47
34696_at	HIBCH	3-hydroxyisobutyryl-CoA hydrolase	-1.504	3.362
34697_at	LRP6	LDL receptor related protein 6	-0.736	5.134
34702_f_at	TPTEP1	transmembrane phosphatase with tensin homology pseudogene 1	-0.393	3.116
34703_f_at	HHLA1	HERV-H LTR-associating 1	-0.344	2.356
34706_at	MGA	MGA, MAX dimerization protein	-0.587	2.054
34709_r_at	STAG2	stromal antigen 2	-0.705	4.871
34712_at	DNMBP	dynamin binding protein	-0.401	5.285
34719_at	GLS	glutaminase	-0.859	2.793
34737_at	COG5	component of oligomeric golgi complex 5	-0.458	2.405
34738_at	MIR6778///SHMT1	microRNA 6778///serine hydroxymethyltransferase 1	-0.978	5.538
34740_at	FOXO3	forkhead box O3	0.531	2.949
34741_at	TFDP2	transcription factor Dp-2	-0.24	2.2
34748_at	RASGRP3	RAS guanyl releasing protein 3	-0.249	1.886
34752_at	NEK7	NIMA related kinase 7	0.87	2.459
34760_at	LY75-CD302///CD302///LY75	LY75-CD302 readthrough///CD302 molecule///lymphocyte antigen 75	0.979	6.186
34768_at	TMX1	thioredoxin related transmembrane protein 1	0.807	4.143
34769_at	FAAH	fatty acid amide hydrolase	-0.273	2.452
34770_at	MAP3K8	mitogen-activated protein kinase kinase kinase 8	1.037	3.018
34772_at	CORO2B	coronin 2B	-0.35	1.857
34774_at	PPT1	palmitoyl-protein thioesterase 1	0.66	1.929
34776_at	CDC42EP4	CDC42 effector protein 4	0.492	2.417
34782_at	JARID2	jumonji and AT-rich interaction domain containing 2	0.394	3.259
34785_at	MED13L	mediator complex subunit 13 like	0.545	2.215
34786_at	KDM3A	lysine demethylase 3A	0.825	2.644
34787_at	NRDC	nardilysin convertase	0.686	3.478
34799_at	IFT20	intraflagellar transport 20	0.783	2.909
34803_at	USP12	ubiquitin specific peptidase 12	-0.413	3.647
34830_at	VOPP1	vesicular, overexpressed in cancer, prosurvival protein 1	1.088	8.464
34833_at	FAM32A	family with sequence similarity 32 member A	0.646	5.132
34834_at	NUDCD3	NudC domain containing 3	-0.559	3.918
34837_at	SPECC1L	sperm antigen with calponin homology and coiled-coil domains 1 like	0.427	2.631
34838_at	HSDL2	hydroxysteroid dehydrogenase like 2	-0.419	3.653
34840_at	SERINC5	serine incorporator 5	0.682	2.561
34844_at	ZNF516	zinc finger protein 516	-0.339	2.105
34853_at	LOC100506718///FLRT2	uncharacterized LOC100506718///fibronectin leucine rich transmembrane protein 2	-0.651	1.983
34872_at	CHMP7	charged multivesicular body protein 7	-0.746	5.98
34877_at	JAK1	Janus kinase 1	1.393	6.473
34878_at	SMC4	structural maintenance of chromosomes 4	0.595	2.235
34879_at	DPM1	dolichyl-phosphate mannosyltransferase subunit 1, catalytic	0.7	2.768
34888_at	HEXB	hexosaminidase subunit beta	1.233	9.089
34891_at	DYNLL1	dynein light chain LC8-type 1	0.692	2.079
34892_at	TNFRSF10B	TNF receptor superfamily member 10b	0.395	4.781
34894_r_at	PRSS22	protease, serine 22	-0.533	4.454
34897_at			0.506	3.835
34901_at	USP2	ubiquitin specific peptidase 2	-0.684	5.128
34903_at	ATXN7L1	ataxin 7 like 1	-0.402	3.234
34911_r_at	PHTF2	putative homeodomain transcription factor 2	-0.843	2.628
34912_at	DAPK2	death associated protein kinase 2	-0.55	1.999
34916_s_at	TNFRSF4	TNF receptor superfamily member 4	-0.305	2.282
34918_at	SCN2B	sodium voltage-gated channel beta subunit 2	0.563	3.506
34919_at	CYTH3	cytohesin 3	-0.212	2.208
34923_at	IQSEC2	IQ motif and Sec7 domain 2	-0.264	2.328
34924_at	KIF1B	kinesin family member 1B	-0.429	2.291
34925_at	PPP1R12B	protein phosphatase 1 regulatory subunit 12B	-0.531	2.848
34926_at	CD1A	CD1a molecule	-0.418	3.483
34930_at	GPR65	G protein-coupled receptor 65	1.989	5.105
34934_at	HCG26	HLA complex group 26 (non-protein coding)	0.303	1.958
34935_at	FMO2	flavin containing monooxygenase 2	-0.363	2.57
34936_at	SLC4A7	solute carrier family 4 member 7	0.738	3.627
34938_i_at	PP14571	uncharacterized LOC100130449	-0.952	4.502
34939_r_at	PP14571	uncharacterized LOC100130449	-0.804	3.187
34944_at			-0.424	2.553
34946_at	IGSF6	immunoglobulin superfamily member 6	1.436	2.601
34948_at	APOBEC3F	apolipoprotein B mRNA editing enzyme catalytic subunit 3F	0.492	2.841
34955_at	ABCC4	ATP binding cassette subfamily C member 4	-0.506	2.659
34957_at	FAM50B	family with sequence similarity 50 member B	-0.618	6.326
34961_at	CD96	CD96 molecule	0.559	3.568
34965_at	CST7	cystatin F	0.952	5.543
34970_r_at	OPLAH	5-oxoprolinase (ATP-hydrolysing)	-0.382	3.435
34974_at	ADAMDEC1	ADAM like decysin 1	0.788	3.151
34982_at	CYP26A1	cytochrome P450 family 26 subfamily A member 1	-0.347	3.294
34987_s_at	HNRNPA1	heterogeneous nuclear ribonucleoprotein A1	1.285	7.451
34989_at	ZNF137P	zinc finger protein 137, pseudogene	0.705	3.847
34991_at	SGCD	sarcoglycan delta	-0.541	2.391
34995_at	CALCRL	calcitonin receptor like receptor	0.369	2.497
34996_at	TMPRSS2	transmembrane protease, serine 2	-0.221	2.481
35003_at	KCTD20	potassium channel tetramerization domain containing 20	-0.627	3.784
35004_at	DHRS2	dehydrogenase/reductase 2	-0.587	4.549
35005_at	NME6	NME/NM23 nucleoside diphosphate kinase 6	-0.498	3.33
35009_at	LRP2	LDL receptor related protein 2	-1.061	3.878
35011_at	HECW1	HECT, C2 and WW domain containing E3 ubiquitin protein ligase 1	-0.816	5.837
35012_at	MNDA	myeloid cell nuclear differentiation antigen	2.177	4.332
35014_at	LOC100293211///IGHG1	uncharacterized LOC100293211///immunoglobulin heavy constant gamma 1 (G1m marker)	-0.415	2.838
35016_at	CD74	CD74 molecule	1.533	5.947
35017_f_at	HLA-J	major histocompatibility complex, class I, J (pseudogene)	1.464	4.952
35022_at	SOX5	SRY-box 5	-0.387	1.929
35032_at	PDE6C	phosphodiesterase 6C	-0.519	2.932
35045_r_at	EVX1	even-skipped homeobox 1	-0.306	2.946
35047_at	RFX2	regulatory factor X2	-0.273	2.534
35054_at			-0.591	3.514
35061_at	CXCL11	C-X-C motif chemokine ligand 11	1.462	2.132
35064_at	TRIM31	tripartite motif containing 31	-0.393	1.999
35075_at	RPUSD2	RNA pseudouridylate synthase domain containing 2	-0.285	2.428
35079_at	CNTN6	contactin 6	0.685	2.105
35081_at	FGF9	fibroblast growth factor 9	-0.719	2.239
35087_at			-0.413	5.243
35088_at	CCR8	C-C motif chemokine receptor 8	0.515	2.847
35096_at	SLC1A6	solute carrier family 1 member 6	-0.429	4.279
35107_at	TNFSF11	tumor necrosis factor superfamily member 11	-0.619	3.645
35108_at	BMS1P21///MBL1P	BMS1, ribosome biogenesis factor pseudogene 21///mannose binding lectin 1, pseudogene	-0.562	4.452
35110_at	MPHOSPH8	M-phase phosphoprotein 8	-0.73	3.459
35112_at	RGS9	regulator of G-protein signaling 9	-0.259	1.94
35130_at	GSR	glutathione-disulfide reductase	-0.5	4.389
35139_at	ZNF248	zinc finger protein 248	0.332	2.135
35144_at	ZC3H7B	zinc finger CCCH-type containing 7B	-0.349	2.113
35145_at	MNT	MAX network transcriptional repressor	0.413	1.9
35146_at	TGFB1I1	transforming growth factor beta 1 induced transcript 1	-0.281	2.037
35152_at	RAMP3	receptor (G protein-coupled) activity modifying protein 3	0.628	3.281
35153_at	NBN	nibrin	1.184	3.235
35156_at	R3HCC1	R3H domain and coiled-coil containing 1	0.375	2.959
35163_at	FOXJ3	forkhead box J3	0.608	3.589
35164_at	WFS1	wolframin ER transmembrane glycoprotein	0.344	2.135
35169_at	COL16A1	collagen type XVI alpha 1 chain	-0.405	3.706
35171_at	SPAST	spastin	0.964	2.984
35173_at	PNPLA4	patatin like phospholipase domain containing 4	0.4	2.182
35178_at	WIF1	WNT inhibitory factor 1	-0.697	3.082
35187_at	TRIM33	tripartite motif containing 33	0.431	2.698
35189_at	C2CD2L	C2CD2 like	-0.441	2.138
35190_at	THAP3	THAP domain containing 3	-0.343	2.037
35192_at	GLDC	glycine decarboxylase	-0.649	3.078
35193_at	RCBTB2	RCC1 and BTB domain containing protein 2	0.474	2.254
35194_at	GPX2	glutathione peroxidase 2	-0.406	2.331
35209_at	EPM2AIP1	EPM2A interacting protein 1	0.399	2.377
35210_at	KIAA0753	KIAA0753	0.388	2.979
35211_at	PPP2R3A	protein phosphatase 2 regulatory subunit B''alpha	-0.404	2.91
35212_at	RNF139	ring finger protein 139	0.832	3.48
35216_at	ME3	malic enzyme 3	-0.344	2.806
35220_at	ENPEP	glutamyl aminopeptidase	-1.329	2.921
35223_at	HPS5	HPS5, biogenesis of lysosomal organelles complex 2 subunit 2	0.667	5.796
35232_f_at	CETN3	centrin 3	0.376	2.733
35237_at	COL21A1	collagen type XXI alpha 1 chain	-0.413	1.962
35238_at	TRAF5	TNF receptor associated factor 5	0.816	5.208
35244_at	RPRD2	regulation of nuclear pre-mRNA domain containing 2	-0.257	2.444
35248_at	SLC19A2	solute carrier family 19 member 2	-0.331	2.571
35252_at	C2CD5	C2 calcium dependent domain containing 5	0.462	3.173
35254_at	TRAFD1	TRAF-type zinc finger domain containing 1	0.406	2.257
35256_at	SLC5A6	solute carrier family 5 member 6	-0.852	3.355
35261_at	GMFG	glia maturation factor gamma	1.726	8.198
35265_at	FXR2	FMR1 autosomal homolog 2	-0.339	2.474
35268_at	MARCH7	membrane associated ring-CH-type finger 7	0.672	4.257
35270_at	SNRPD2	small nuclear ribonucleoprotein D2 polypeptide	0.498	2.387
35271_at	ACTR3	ARP3 actin related protein 3 homolog	1.282	7.402
35272_at	GNG5	G protein subunit gamma 5	0.605	2.158
35273_at	MMS19	MMS19 homolog, cytosolic iron-sulfur assembly component	0.452	4.327
35275_at	CA12	carbonic anhydrase 12	-1.067	3.007
35277_at	SPON1	spondin 1	0.579	2.826
35279_at	TAX1BP1	Tax1 binding protein 1	0.746	2.62
35285_at	SLC4A4	solute carrier family 4 member 4	-1.591	5.658
35290_at	YTHDF3	YTH N6-methyladenosine RNA binding protein 3	0.46	2.371
35292_at	ATP6V1G2-DDX39B///SNORD84///DDX39B	ATP6V1G2-DDX39B readthrough (NMD candidate)///small nucleolar RNA, C/D box 84///DEAD-box helicase 39B	0.645	2.829
35298_at	EIF3D	eukaryotic translation initiation factor 3 subunit D	0.678	4.197
35300_at	EPRS	glutamyl-prolyl-tRNA synthetase	0.411	2.567
35302_at	NXF1	nuclear RNA export factor 1	1.349	4.065
35303_at	INSIG1	insulin induced gene 1	0.994	2.6
35306_at	DHX15	DEAH-box helicase 15	0.642	2.577
35307_at	GDI2	GDP dissociation inhibitor 2	0.988	4.619
35310_at	PIP4K2A	phosphatidylinositol-5-phosphate 4-kinase type 2 alpha	0.944	8.899
35312_at	MCM2	minichromosome maintenance complex component 2	0.346	2.727
35317_at	MGEA5	meningioma expressed antigen 5 (hyaluronidase)	0.607	4.026
35318_at	FAM20B	family with sequence similarity 20 member B	-0.502	1.922
35319_at	CTCF	CCCTC-binding factor	0.429	2.509
35320_at	SLC11A2	solute carrier family 11 member 2	0.42	2.235
35321_at	TLK2	tousled like kinase 2	0.521	2.985
35323_at	EIF3B	eukaryotic translation initiation factor 3 subunit B	0.305	2.584
35325_at	RAB14	RAB14, member RAS oncogene family	0.407	2.037
35329_at	CYB5R1	cytochrome b5 reductase 1	0.359	1.887
35330_at	FLNC	filamin C	-0.606	2.392
35336_at	SUN2	Sad1 and UNC84 domain containing 2	0.31	1.897
35337_at	FBXO7	F-box protein 7	-0.284	2.301
35340_at	RAB8A	RAB8A, member RAS oncogene family	0.623	4.823
35341_at	TRIM38	tripartite motif containing 38	0.411	1.992
35349_at	COPS3	COP9 signalosome subunit 3	0.565	5.735
35351_at	RBM14-RBM4///RBM4	RBM14-RBM4 readthrough///RNA binding motif protein 4	0.477	3.36
35359_at	PUM2	pumilio RNA binding family member 2	0.33	2.326
35360_at	MICU1	mitochondrial calcium uptake 1	-0.389	4.283
35368_at	ZNF207	zinc finger protein 207	0.652	3.018
35387_r_at	ACHE	acetylcholinesterase (Cartwright blood group)	-0.546	3.543
35392_g_at	ADAM22	ADAM metallopeptidase domain 22	-0.601	3.821
35399_at	MOCS3	molybdenum cofactor synthesis 3	-0.527	2.959
353_at	PITPNB	phosphatidylinositol transfer protein beta	0.243	1.891
35401_s_at	MMP17	matrix metallopeptidase 17	-0.448	2.011
35402_at	TNFRSF21	TNF receptor superfamily member 21	-0.38	3.161
35404_at	TACR2	tachykinin receptor 2	-1.001	3.599
35412_at	CYP4A22///CYP4A11	cytochrome P450 family 4 subfamily A member 22///cytochrome P450 family 4 subfamily A member 11	-0.36	1.873
35416_at	CUBN	cubilin	-0.718	5.1
35419_g_at	HEXA	hexosaminidase subunit alpha	-0.477	4.117
35420_r_at	ZSWIM8	zinc finger SWIM-type containing 8	-0.633	4.111
35424_g_at	GRM5	glutamate metabotropic receptor 5	-0.556	3.476
35431_g_at	MED6	mediator complex subunit 6	-0.323	2.067
35435_s_at	HADH	hydroxyacyl-CoA dehydrogenase	-1.114	4.797
35436_at	GOLGA2	golgin A2	-0.419	3.413
35439_at	SF1	splicing factor 1	-0.36	3.745
35445_at	ARHGAP33	Rho GTPase activating protein 33	-0.38	3.074
35446_at	ARHGAP33	Rho GTPase activating protein 33	-0.468	4.637
35449_at	KLRB1	killer cell lectin like receptor B1	0.995	4.073
35455_i_at	ZNF197	zinc finger protein 197	-0.416	2.013
35459_at	RGS13	regulator of G-protein signaling 13	0.693	2.401
35461_at	PLA2R1	phospholipase A2 receptor 1	-0.36	1.923
35466_at	DNAJB12	DnaJ heat shock protein family (Hsp40) member B12	-0.24	2.392
35472_at	KCNJ15	potassium voltage-gated channel subfamily J member 15	-0.902	3.16
35479_at	ADAM28	ADAM metallopeptidase domain 28	0.648	4.531
35482_at	AKR1C4	aldo-keto reductase family 1, member C4	-0.655	3.268
35487_at	BRDT	bromodomain testis associated	-0.431	1.851
35490_at	PWAR5	Prader Willi/Angelman region RNA 5	-0.509	2.375
35492_at	CYP4F12	cytochrome P450 family 4 subfamily F member 12	-0.734	6.675
35497_at	TSPAN2	tetraspanin 2	-0.534	4.372
354_s_at	RECQL	RecQ like helicase	1.146	3.312
35504_at	ARID1A	AT-rich interaction domain 1A	-0.522	2.035
35514_at			-0.475	2.801
35516_at	SMG7-AS1	SMG7 antisense RNA 1	-0.27	2.322
35518_at	PPP1R3A	protein phosphatase 1 regulatory subunit 3A	-1.08	6.577
35523_at	HPGDS	hematopoietic prostaglandin D synthase	-0.331	3.28
35526_at	C9	complement component 9	-0.37	2.241
35529_at	TREH	trehalase	-0.375	3.125
35533_f_at	KLRC4-KLRK1///KLRK1///KLRC4	KLRC4-KLRK1 readthrough///killer cell lectin like receptor K1///killer cell lectin like receptor C4	0.418	3.433
35547_at	SLC16A7	solute carrier family 16 member 7	-0.834	5.239
35548_at			-0.422	2.078
35549_at	RPL39L	ribosomal protein L39 like	0.567	4.255
35550_at	PCYT1B	phosphate cytidylyltransferase 1, choline, beta	-0.399	2.357
35551_g_at	PCYT1B	phosphate cytidylyltransferase 1, choline, beta	-0.435	4.326
35553_at	TSPYL1	TSPY like 1	-0.421	3.296
35555_r_at	ZIC2	Zic family member 2	-0.457	3.849
35564_at	LOC105377443	uncharacterized LOC105377443	-0.55	1.954
35566_f_at	IGHV3-23///IGHV4-31///IGHM///IGHG1	immunoglobulin heavy variable 3-23///immunoglobulin heavy variable 4-31///immunoglobulin heavy constant mu///immunoglobulin heavy constant gamma 1 (G1m marker)	1.075	2.203
35567_at	C20orf194	chromosome 20 open reading frame 194	-0.609	6.203
35569_at	ZMIZ2	zinc finger MIZ-type containing 2	-0.195	2.231
35574_i_at			-0.468	2.593
35578_at			-0.678	2.5
35580_at	ADCY1	adenylate cyclase 1	-0.568	3.389
35581_at	TET1	tet methylcytosine dioxygenase 1	-0.476	2.561
35584_s_at	CACNA1F	calcium voltage-gated channel subunit alpha1 F	-0.405	2.636
35585_at	ERV9-1	endogenous retrovirus group 9 member 1	-0.241	2.028
35590_s_at	GIPR	gastric inhibitory polypeptide receptor	0.845	4.292
35594_at	PNLIPRP2	pancreatic lipase related protein 2 (gene/pseudogene)	-0.573	3.17
35595_at	CRCP	CGRP receptor component	-0.201	1.93
35614_at	TCFL5	transcription factor like 5	-0.31	2.031
35616_at	CIITA	class II major histocompatibility complex transactivator	-0.523	3.139
35618_at	HELZ	helicase with zinc finger	0.399	1.879
35620_at	TOMM40	translocase of outer mitochondrial membrane 40	-0.606	3.569
35622_at	SHC2	SHC adaptor protein 2	-0.353	2.262
35627_at	SNTA1	syntrophin alpha 1	-0.528	3.902
35628_at	TM7SF2	transmembrane 7 superfamily member 2	-0.431	3.03
35633_at	ELMO1	engulfment and cell motility 1	0.292	2.23
35636_at	CA5B	carbonic anhydrase 5B	-0.631	2.443
35638_at	RUNX1T1	RUNX1 translocation partner 1	0.506	4.858
35643_at	NUCB2	nucleobindin 2	0.352	1.876
35649_at	CDO1	cysteine dioxygenase type 1	0.996	5.576
35650_at	PLEKHM1	pleckstrin homology and RUN domain containing M1	-0.222	2.083
35653_at	GPS2	G protein pathway suppressor 2	0.282	2.059
35665_at	PIK3C3	phosphatidylinositol 3-kinase catalytic subunit type 3	0.472	4.726
35667_at	SEMA3F	semaphorin 3F	-0.452	3.374
35672_at	AHCTF1	AT-hook containing transcription factor 1	-0.405	4.146
35677_at	METTL18	methyltransferase like 18	0.41	2.221
35681_r_at	ZEB2	zinc finger E-box binding homeobox 2	1.389	3.421
35682_at	ZC3HAV1	zinc finger CCCH-type containing, antiviral 1	1.014	3.298
35683_at	MORC2	MORC family CW-type zinc finger 2	-0.596	2.362
35687_at	CMC4	C-X9-C motif containing 4	-0.727	2.86
35691_r_at	NFIX	nuclear factor I X	-0.532	3.485
35694_at	MAP4K4	mitogen-activated protein kinase kinase kinase kinase 4	0.629	2.558
35695_at	LYST	lysosomal trafficking regulator	0.864	3.998
35707_at	GLB1L2	galactosidase beta 1 like 2	-0.421	3.422
35711_at	GLS2	glutaminase 2	-0.378	3.224
35712_at	LRRN3	leucine rich repeat neuronal 3	-0.582	2.246
35716_at	SULT1C2	sulfotransferase family 1C member 2	-0.959	3.612
35718_at	SP110	SP110 nuclear body protein	1.044	4.506
35722_at	UPF2	UPF2 regulator of nonsense transcripts homolog (yeast)	0.66	3.341
35726_at	S100A2	S100 calcium binding protein A2	0.999	2.852
35731_at	ITGA4	integrin subunit alpha 4	0.489	2.057
35733_at	ACTR2	ARP2 actin related protein 2 homolog	1.125	4.436
35734_at	ACTR2	ARP2 actin related protein 2 homolog	1.371	3.402
35735_at	GBP1	guanylate binding protein 1	3.135	7.631
35738_at	HMGN4	high mobility group nucleosomal binding domain 4	1.044	5.788
35744_at	KIAA0141	KIAA0141	-0.225	2.061
35747_at	NPTN	neuroplastin	0.688	2.33
35748_at	SNORA41///EEF1B2	small nucleolar RNA, H/ACA box 41///eukaryotic translation elongation factor 1 beta 2	0.963	4.658
35751_at	SDHB	succinate dehydrogenase complex iron sulfur subunit B	-0.664	2.17
35756_at	GIPC1	GIPC PDZ domain containing family member 1	-0.27	2.257
35763_at	NBEAL2	neurobeachin like 2	0.464	3.156
35764_at	OFD1	OFD1, centriole and centriolar satellite protein	0.299	2.275
35765_at	ARFRP1	ADP ribosylation factor related protein 1	0.356	3.039
35770_at	ATP6AP1	ATPase H+ transporting accessory protein 1	0.344	2.263
35774_r_at	NDUFB7	NADH:ubiquinone oxidoreductase subunit B7	-0.592	3.729
35777_at	RNF4	ring finger protein 4	0.523	4.164
35778_at	KIF5C	kinesin family member 5C	0.479	3.307
35780_at	OBSL1	obscurin like 1	-0.347	3.234
35783_at	VAMP3	vesicle associated membrane protein 3	0.411	2.123
35795_at	HDAC6	histone deacetylase 6	-0.444	5.911
35797_at	IL13RA1	interleukin 13 receptor subunit alpha 1	0.322	2.063
35802_at	FNBP4	formin binding protein 4	0.773	4.344
35803_at	RND3	Rho family GTPase 3	0.696	2.424
35805_at	GORASP2	golgi reassembly stacking protein 2	0.988	4.143
35806_at	GORASP2	golgi reassembly stacking protein 2	-0.429	3.518
35807_at	CYBA	cytochrome b-245 alpha chain	0.879	5.62
35808_at	SRSF6	serine and arginine rich splicing factor 6	0.367	2.022
35809_g_at	SRSF6	serine and arginine rich splicing factor 6	0.492	3.445
35810_at	ARPC3	actin related protein 2/3 complex subunit 3	1.017	3.465
35812_at	TNPO3	transportin 3	-0.278	1.915
35813_at	TNPO3	transportin 3	0.355	3.166
35815_at	SETD2	SET domain containing 2	0.448	2.522
35816_at	CSTB	cystatin B	0.556	2.975
35822_at	CFB	complement factor B	1.227	3.783
35823_at	PPIB	peptidylprolyl isomerase B	0.569	2.268
35824_at	ZBTB18	zinc finger and BTB domain containing 18	0.908	2.125
35826_at	SUPT5H	SPT5 homolog, DSIF elongation factor subunit	0.313	2.391
35830_at	XPO6	exportin 6	0.677	3.381
35834_at	AZGP1	alpha-2-glycoprotein 1, zinc-binding	-1.296	4.941
35838_at	PTGR2///ZNF410	prostaglandin reductase 2///zinc finger protein 410	0.646	2.685
35840_at	RNF167	ring finger protein 167	-0.312	3.206
35843_at	NEK9	NIMA related kinase 9	0.585	3.666
35845_at	SEC24B	SEC24 homolog B, COPII coat complex component	0.622	2.522
35850_at	JMJD6	arginine demethylase and lysine hydroxylase	0.405	3.14
35851_g_at	JMJD6	arginine demethylase and lysine hydroxylase	0.367	2.059
35856_r_at	GRIK1	glutamate ionotropic receptor kainate type subunit 1	-0.632	5.042
35858_at	LOC100289561	uncharacterized LOC100289561	0.29	1.891
35863_g_at	SLC15A2	solute carrier family 15 member 2	-0.316	1.898
35864_at	ACR	acrosin	-0.372	2.028
35867_at	SLC22A2	solute carrier family 22 member 2	-0.766	3.232
35868_at	AGER	advanced glycosylation end-product specific receptor	-0.304	1.929
35869_at	LY86	lymphocyte antigen 86	0.561	4.41
35871_s_at	SLC4A4	solute carrier family 4 member 4	-0.993	3.258
35874_at	PAFAH2	platelet activating factor acetylhydrolase 2	-0.516	2.163
35876_s_at	SGPL1	sphingosine-1-phosphate lyase 1	-0.447	2.672
35881_at			-0.57	3.182
35886_at	PACSIN2	protein kinase C and casein kinase substrate in neurons 2	-0.528	4.525
35888_at	RLBP1	retinaldehyde binding protein 1	-0.81	2.905
35891_at	HAO1	hydroxyacid oxidase 1	-0.745	3.696
35892_at	CR1	complement component 3b/4b receptor 1 (Knops blood group)	-0.94	3.404
35895_at	LEP	leptin	-0.572	2.305
35897_r_at	ADGRB1	adhesion G protein-coupled receptor B1	-0.548	4.112
35898_at	WISP2	WNT1 inducible signaling pathway protein 2	-0.349	3.183
35904_at	SLC10A2	solute carrier family 10 member 2	-0.808	2.506
35909_at	PHLDA1	pleckstrin homology like domain family A member 1	-0.303	3.953
35916_s_at	HNRNPA3	heterogeneous nuclear ribonucleoprotein A3	0.577	1.956
35920_at	HBBP1	hemoglobin subunit beta pseudogene 1	-0.513	2.881
35925_at	AKR7A3	aldo-keto reductase family 7 member A3	-1.081	4.313
35926_s_at	LYZ	lysozyme	3.905	8.794
35929_s_at	TSPY10///TSPY8///TSPY4///TSPY3///TSPY2///TSPY1	testis specific protein, Y-linked 10///testis specific protein, Y-linked 8///testis specific protein, Y-linked 4///testis specific protein, Y-linked 3///testis specific protein, Y-linked 2///testis specific protein, Y-linked 1	-0.688	3.784
35937_at	MICB	MHC class I polypeptide-related sequence B	1.614	4.819
35941_f_at	KIF1C	kinesin family member 1C	-0.604	3.84
35946_at	NELL1	neural EGFL like 1	-0.392	1.992
35947_at	TGM1	transglutaminase 1	-0.528	2.608
35952_at	SPATA2L	spermatogenesis associated 2 like	-0.293	2.59
35955_at	CECR7	cat eye syndrome chromosome region, candidate 7 (non-protein coding)	-0.702	4.28
35957_at	SNN	stannin	0.414	2.074
35961_at			0.377	2.499
35962_at	MAST1	microtubule associated serine/threonine kinase 1	-0.284	2.713
35966_at	QPCT	glutaminyl-peptide cyclotransferase	0.955	4.805
35973_at	ZDHHC17	zinc finger DHHC-type containing 17	0.513	2.092
35974_at	LRMP	lymphoid restricted membrane protein	0.548	3.295
35975_at	MLLT3	MLLT3, super elongation complex subunit	0.339	2.074
35981_at	REG1B	regenerating family member 1 beta	-0.352	2.023
35984_at	LOC102724865///E2F6	transcription factor E2F6 pseudogene///E2F transcription factor 6	-0.525	2.949
35995_at	ZWINT	ZW10 interacting kinetochore protein	0.419	2.562
36000_at	ATF6B	activating transcription factor 6 beta	-0.373	3.386
36002_at	TRAPPC8	trafficking protein particle complex 8	0.571	2.754
36006_at	SOX12	SRY-box 12	-0.784	5.199
36014_at	ADGRG6	adhesion G protein-coupled receptor G6	0.547	2.216
36016_at	APITD1-CORT///APITD1///CORT	APITD1-CORT readthrough///apoptosis-inducing, TAF9-like domain 1///cortistatin	-0.423	4.662
36018_at	SOX10	SRY-box 10	-0.444	2.833
36021_at	LEF1	lymphoid enhancer binding factor 1	0.421	2.911
36025_at	ARHGEF17	Rho guanine nucleotide exchange factor 17	-0.858	4.756
36026_at	PGAM2	phosphoglycerate mutase 2	-0.377	1.949
36028_at	TCIRG1	T-cell immune regulator 1, ATPase H+ transporting V0 subunit a3	0.573	2.434
36032_at	HSPB11	heat shock protein family B (small) member 11	0.834	3.7
36033_at	SREK1	splicing regulatory glutamic acid and lysine rich protein 1	0.459	2.473
36034_at	RGP1	RGP1 homolog, RAB6A GEF complex partner 1	-0.661	3.6
36035_at	GPAA1	glycosylphosphatidylinositol anchor attachment 1	-0.512	2.137
36040_at	SH3BGR	SH3 domain binding glutamate rich protein	-0.46	2.009
36052_at	ADD2	adducin 2	-0.288	2.587
36054_at	MAU2	MAU2 sister chromatid cohesion factor	0.251	2.186
36060_at	SRP54	signal recognition particle 54	0.594	2.677
36062_at	LPXN	leupaxin	0.986	5.802
36066_at	AHCYL2	adenosylhomocysteinase like 2	-0.412	2.541
36067_at	CCL19	C-C motif chemokine ligand 19	1.429	2.919
36068_at	CCS	copper chaperone for superoxide dismutase	-0.35	3.817
36076_g_at	IFT27	intraflagellar transport 27	0.397	3.897
36082_at	CEACAM1	carcinoembryonic antigen related cell adhesion molecule 1	0.575	3.972
36084_at	CUL7	cullin 7	-0.444	2.971
36089_at	INPP5F	inositol polyphosphate-5-phosphatase F	0.906	6.602
36090_at	TBL2	transducin (beta)-like 2	0.24	2.124
36091_at	SKAP2	src kinase associated phosphoprotein 2	0.984	2.203
36095_at	CLIP3	CAP-Gly domain containing linker protein 3	-0.454	3.561
36097_at	IER2	immediate early response 2	0.949	2.145
36098_at	SRSF1	serine and arginine rich splicing factor 1	0.747	4.824
36101_s_at	VEGFA	vascular endothelial growth factor A	-0.251	2.032
36106_at	APOC3	apolipoprotein C3	-0.941	2.619
36107_at	ATP5J	ATP synthase, H+ transporting, mitochondrial Fo complex subunit F6	-0.719	1.856
36108_at	HLA-DQB1	major histocompatibility complex, class II, DQ beta 1	0.881	2.379
36109_at	PEPD	peptidase D	-1.516	4.743
36111_s_at	MIR636///SRSF2	microRNA 636///serine and arginine rich splicing factor 2	0.755	4.86
36120_at	KDSR	3-ketodihydrosphingosine reductase	-0.903	3.061
36122_at	KIAA0391///PSMA6	KIAA0391///proteasome subunit alpha 6	0.907	4.524
36123_at	TST	thiosulfate sulfurtransferase	-0.949	3.958
36130_f_at	MT1E	metallothionein 1E	-1.462	4.982
36131_at	CLIC1	chloride intracellular channel 1	0.965	6.07
36132_at	ALDH7A1	aldehyde dehydrogenase 7 family member A1	-1.381	6.339
36137_at	CHD4	chromodomain helicase DNA binding protein 4	0.326	3.402
36141_at	CTRB2	chymotrypsinogen B2	-0.359	2.72
36142_at	ATXN1	ataxin 1	0.656	3.503
36148_at	APLP1	amyloid beta precursor like protein 1	0.467	1.965
36154_at	IP6K1	inositol hexakisphosphate kinase 1	0.28	2.058
36156_at	AQP1	aquaporin 1 (Colton blood group)	-1.124	4.155
36162_at	BSG	basigin (Ok blood group)	-0.348	2.675
36169_at	NDUFA1	NADH:ubiquinone oxidoreductase subunit A1	-0.526	2.367
36171_at	SUB1	SUB1 homolog, transcriptional regulator	0.798	3.521
36176_at	TBCC	tubulin folding cofactor C	0.566	3.38
36177_at	TSN	translin	-0.446	2.439
36179_at	MAPKAPK2	mitogen-activated protein kinase-activated protein kinase 2	0.284	2.603
36180_s_at	MAPKAPK2	mitogen-activated protein kinase-activated protein kinase 2	0.304	2.693
36181_at	LASP1	LIM and SH3 protein 1	1.216	4.893
36186_at	RNPS1	RNA binding protein with serine rich domain 1	0.499	3.631
36188_at	GTF3A	general transcription factor IIIA	0.795	4.03
36202_at	PKIA	protein kinase (cAMP-dependent, catalytic) inhibitor alpha	0.39	2.551
36207_at	SEC14L1	SEC14 like lipid binding 1	0.595	2.704
36208_at	BRD2	bromodomain containing 2	-0.936	7.842
36209_at	BRD2	bromodomain containing 2	0.886	2.58
36210_g_at	BRD2	bromodomain containing 2	0.489	1.967
36211_at	BCL2L2	BCL2 like 2	-0.495	4.761
36213_at	MFHAS1	malignant fibrous histiocytoma amplified sequence 1	-0.36	2.939
36218_g_at	STK38	serine/threonine kinase 38	0.609	4.444
36219_at	ERLIN1	ER lipid raft associated 1	-0.474	5.452
36224_g_at	SFPQ	splicing factor proline and glutamine rich	1.525	3.684
36225_s_at	SFPQ	splicing factor proline and glutamine rich	0.575	2.549
36226_r_at	SFPQ	splicing factor proline and glutamine rich	-1.078	5.904
36227_at	IL7R	interleukin 7 receptor	0.762	3.143
36228_at	GLYAT	glycine-N-acyltransferase	-1.127	5.32
36229_at	IL17RA	interleukin 17 receptor A	-0.399	1.975
36231_at	PIK3IP1	phosphoinositide-3-kinase interacting protein 1	-0.238	2.176
36233_at	PAPSS2	3'-phosphoadenosine 5'-phosphosulfate synthase 2	-0.496	1.992
36235_at	CSNK2A1	casein kinase 2 alpha 1	-0.28	2.201
36236_at	CBX5	chromobox 5	-0.49	2.409
36237_at	SLC22A6	solute carrier family 22 member 6	-0.553	3.33
36238_at	FOXO4	forkhead box O4	-0.324	2.69
36241_r_at	G6PC	glucose-6-phosphatase catalytic subunit	-2.822	5.506
36248_at	TMEM8B	transmembrane protein 8B	0.541	2.319
36250_at	ASPHD1	aspartate beta-hydroxylase domain containing 1	-0.745	5.396
36251_at	SYT2	synaptotagmin 2	-0.373	2.35
36252_at	CTF1	cardiotrophin 1	-0.577	2.613
36256_at	LSAMP	limbic system-associated membrane protein	-0.635	2.262
36257_at			-0.424	3.559
36261_at	SYT17	synaptotagmin 17	-0.381	1.973
36267_at	NFKBIL1	NFKB inhibitor like 1	-0.261	2.025
36275_at	SEMA6A	semaphorin 6A	0.444	2.229
36276_at	CNTN2	contactin 2	-0.384	1.885
36280_at	GZMK	granzyme K	0.887	3.317
36287_at	PIK3CG	phosphatidylinositol-4,5-bisphosphate 3-kinase catalytic subunit gamma	0.373	2.348
36288_at	KRT81	keratin 81	-0.406	1.938
36290_s_at	FUT6///FUT5///FUT3	fucosyltransferase 6///fucosyltransferase 5///fucosyltransferase 3 (Lewis blood group)	-0.405	2.963
36292_at	P2RY2	purinergic receptor P2Y2	-0.469	2.483
36295_at	ZNF134	zinc finger protein 134	0.395	2.492
36296_at	LTA	lymphotoxin alpha	-0.381	2.85
36297_at	ATF1	activating transcription factor 1	-0.508	2.234
36299_at	CALCA	calcitonin related polypeptide alpha	-0.456	2.227
36301_at	INSL3	insulin like 3	-0.324	3.214
36306_at	KCNQ3	potassium voltage-gated channel subfamily Q member 3	-0.44	3.858
36307_at	ARC	activity regulated cytoskeleton associated protein	-0.5	3.939
36313_at	EVI2A	ecotropic viral integration site 2A	0.612	3.363
36315_i_at	EXOC6B	exocyst complex component 6B	-0.651	2.729
36316_r_at	EXOC6B	exocyst complex component 6B	-0.556	2.17
36317_at	CORO2A	coronin 2A	-0.317	1.968
36328_at	SHBG	sex hormone binding globulin	-0.387	2.812
36339_at	KCNV2	potassium voltage-gated channel modifier subfamily V member 2	-0.517	3.754
36349_at	KCNJ2	potassium voltage-gated channel subfamily J member 2	-0.645	3.418
36357_at	ERI2	ERI1 exoribonuclease family member 2	-0.489	2.048
36362_at	SLC12A3	solute carrier family 12 member 3	-1.904	6.942
36364_at	ABAT	4-aminobutyrate aminotransferase	-0.344	2.149
36365_at	TRPC6	transient receptor potential cation channel subfamily C member 6	-0.423	2.09
36367_at	PCDH11Y///PCDH11X	protocadherin 11 Y-linked///protocadherin 11 X-linked	-0.398	2.978
36371_at	MFAP3	microfibrillar associated protein 3	-0.298	2.139
36373_at	ZXDB///ZXDA	zinc finger, X-linked, duplicated B///zinc finger, X-linked, duplicated A	-0.302	2.184
36382_at	RASSF9	Ras association domain family member 9	-0.633	4.506
36389_at	CRTAM	cytotoxic and regulatory T-cell molecule	0.446	1.93
36390_at	CMKLR1	chemerin chemokine-like receptor 1	0.443	2.498
36393_at	DPF1	double PHD fingers 1	-0.305	2.58
36396_at			0.314	1.886
36405_s_at	GLP1R	glucagon like peptide 1 receptor	-0.734	2.812
36407_at	KLK13	kallikrein related peptidase 13	-0.493	3.753
36408_at	SLC22A14	solute carrier family 22 member 14	-0.305	2.451
36412_s_at	IRF7	interferon regulatory factor 7	0.363	1.935
36417_s_at	ACAA1	acetyl-CoA acyltransferase 1	-1.032	3.507
36423_at	NUPR1	nuclear protein 1, transcriptional regulator	-0.73	4.702
36424_at	NEBL	nebulette	-0.72	3.089
36426_g_at	NEBL	nebulette	-0.419	3.091
36430_at			-0.386	3.093
36433_at	GLRA3	glycine receptor alpha 3	-0.373	1.876
36436_at	LECT2	leukocyte cell derived chemotaxin 2	-0.332	2.617
36438_at	ADD3-AS1	ADD3 antisense RNA 1	-0.355	2.324
36440_at	PTCRA	pre T-cell antigen receptor alpha	-0.394	2.768
36441_at	KCNMA1	potassium calcium-activated channel subfamily M alpha 1	-0.36	2.507
36447_at	FCN1	ficolin 1	0.995	4.893
36454_at	CA12	carbonic anhydrase 12	-1.312	2.887
36468_at	DTNA	dystrobrevin alpha	-0.397	3.36
36469_at	DTNA	dystrobrevin alpha	0.377	2.948
36472_at	NMI	N-myc and STAT interactor	1.994	7.002
36481_at	ORC4	origin recognition complex subunit 4	-0.65	5.282
36493_at	LSP1	lymphocyte-specific protein 1	1.309	4.671
36495_at	FBP1	fructose-bisphosphatase 1	-1.908	6.133
36497_at	AHNAK2	AHNAK nucleoprotein 2	-0.414	2.331
36499_at	CELSR2	cadherin EGF LAG seven-pass G-type receptor 2	-0.447	4.087
36503_at	CCL21	C-C motif chemokine ligand 21	0.507	1.877
36504_at	FARS2	phenylalanyl-tRNA synthetase 2, mitochondrial	-0.468	3.665
36506_at	AKAP9	A-kinase anchoring protein 9	0.595	2.257
36517_at	U2AF1	U2 small nuclear RNA auxiliary factor 1	0.7	3.946
36519_at	ERCC1	ERCC excision repair 1, endonuclease non-catalytic subunit	-0.41	2.093
36520_at	RRP12	ribosomal RNA processing 12 homolog	0.601	5.374
36524_at	LOC101930241///ARHGEF4	rho guanine nucleotide exchange factor 4-like///Rho guanine nucleotide exchange factor 4	-0.267	2.799
36527_at	RBMX2	RNA binding motif protein, X-linked 2	-0.344	2.272
36528_at	ASL	argininosuccinate lyase	-0.349	1.876
36529_at	TRAPPC6A	trafficking protein particle complex 6A	-0.419	2.204
36530_g_at	TRAPPC6A	trafficking protein particle complex 6A	-0.404	4.031
36537_at	ARHGEF18	Rho/Rac guanine nucleotide exchange factor 18	0.579	4.223
36545_s_at	SFI1	SFI1 centrin binding protein	0.643	5.55
36547_r_at	SFI1	SFI1 centrin binding protein	-0.653	5.011
36556_at	ARHGAP44	Rho GTPase activating protein 44	-0.356	3.32
36563_at	COPG2IT1	COPG2 imprinted transcript 1 (non-protein coding)	-0.438	2.45
36564_at	RNF19B	ring finger protein 19B	-0.442	3.328
36565_at	RNF113A	ring finger protein 113A	0.354	3.033
36568_at	SLC17A7	solute carrier family 17 member 7	-0.522	4.968
36570_at	CALB1	calbindin 1	-2.115	3.98
36571_at	TOP2B	topoisomerase (DNA) II beta	0.93	5.63
36572_r_at	ARL6IP1	ADP ribosylation factor like GTPase 6 interacting protein 1	0.603	2.708
36575_at	RGS1	regulator of G-protein signaling 1	1.044	4.031
36576_at	H2AFY	H2A histone family member Y	1.347	12.039
36578_at	BIRC2	baculoviral IAP repeat containing 2	0.666	3.103
36579_at	UBE4A	ubiquitination factor E4A	0.657	4.142
36581_at	GARS	glycyl-tRNA synthetase	0.73	6.036
36582_g_at	GARS	glycyl-tRNA synthetase	0.829	5.4
36585_at	ARF4	ADP ribosylation factor 4	0.873	2.03
36591_at	TUBA4A	tubulin alpha 4a	0.993	5.461
36592_at	PHB	prohibitin	-0.643	5.196
36593_at	EXT2	exostosin glycosyltransferase 2	-0.326	1.926
36595_s_at	GATM	glycine amidinotransferase	-2.43	3.704
36596_r_at	GATM	glycine amidinotransferase	-2.393	4.408
36597_at	NOLC1	nucleolar and coiled-body phosphoprotein 1	0.548	2.429
36598_s_at	INPPL1	inositol polyphosphate phosphatase like 1	0.379	3.084
36600_at	PSME1	proteasome activator subunit 1	1.138	6.592
36611_at	ACP1	acid phosphatase 1, soluble	-0.368	2.106
36612_at	FAM168A	family with sequence similarity 168 member A	0.451	2.025
36615_at	MANF	mesencephalic astrocyte derived neurotrophic factor	0.313	2.379
36616_at	DAZAP2	DAZ associated protein 2	0.63	2.16
36623_at	ALPL	alkaline phosphatase, liver/bone/kidney	-0.464	2.527
36625_at	ACOT1///ACOT2	acyl-CoA thioesterase 1///acyl-CoA thioesterase 2	-0.455	2.308
36629_at	TSC22D3	TSC22 domain family member 3	1.361	3.472
36631_at	PRDX3	peroxiredoxin 3	-0.777	1.944
36634_at	BTG2	BTG anti-proliferation factor 2	0.968	2.515
36635_at	ATP11B	ATPase phospholipid transporting 11B (putative)	0.397	2.664
36637_at	ANXA11	annexin A11	0.789	3.815
36642_at	PGA4///PGA3///PGA5	pepsinogen 4, group I (pepsinogen A)///pepsinogen 3, group I (pepsinogen A)///pepsinogen 5, group I (pepsinogen A)	-0.402	2.018
36644_at	CD151	CD151 molecule (Raph blood group)	0.498	1.998
36645_at	RELA	RELA proto-oncogene, NF-kB subunit	0.631	2.392
36646_at	PLG	plasminogen	-2.856	6.4
36650_at	CCND2	cyclin D2	0.526	3.242
36652_at	UROS	uroporphyrinogen III synthase	-0.349	3.177
36653_g_at	UROS	uroporphyrinogen III synthase	-0.472	3.421
36660_at	RAB11A	RAB11A, member RAS oncogene family	0.759	3.829
36661_s_at	CD14	CD14 molecule	0.887	5.766
36667_at	PYGB	phosphorylase, glycogen; brain	0.761	4.846
36670_at	EDC4	enhancer of mRNA decapping 4	-0.425	3.113
36671_at	ASNS	asparagine synthetase (glutamine-hydrolyzing)	0.44	3.768
36673_at	MPI	mannose phosphate isomerase	0.337	1.881
36674_at	CCL4	C-C motif chemokine ligand 4	1.057	2.033
36678_at	TAGLN2	transgelin 2	0.91	6.523
36685_at	AMD1	adenosylmethionine decarboxylase 1	0.494	2.163
36686_at	ALDH1A3	aldehyde dehydrogenase 1 family member A3	0.82	3.133
36689_at	OSBPL1A	oxysterol binding protein like 1A	-0.399	3.002
36691_at	KYAT1	kynurenine aminotransferase 1	-0.56	2.751
36693_at	EYA3	EYA transcriptional coactivator and phosphatase 3	-0.639	3.424
36704_at	AP4S1	adaptor related protein complex 4 sigma 1 subunit	-0.272	2.312
36709_at	ITGAX	integrin subunit alpha X	0.873	3.17
36712_at			-0.798	3.811
36715_at	ADRA1A	adrenoceptor alpha 1A	-0.488	2.858
36716_at	ADRA1A	adrenoceptor alpha 1A	-0.308	2.6
36721_s_at	HNF4A	hepatocyte nuclear factor 4 alpha	-0.56	2.422
36723_at	HNF4A	hepatocyte nuclear factor 4 alpha	-0.305	1.858
36724_s_at	CCR5	C-C motif chemokine receptor 5 (gene/pseudogene)	0.522	4.173
36734_at	SPRR2D	small proline rich protein 2D	0.297	1.941
36740_at	DOC2A	double C2 domain alpha	-0.555	4.167
36746_s_at	CALCR	calcitonin receptor	-0.652	3.054
36749_at	CPA3	carboxypeptidase A3	0.931	3.142
36751_at	RGS11	regulator of G-protein signaling 11	-0.276	2.563
36758_at	SLC38A6	solute carrier family 38 member 6	-0.33	2.345
36760_at	YWHAZ	tyrosine 3-monooxygenase/tryptophan 5-monooxygenase activation protein zeta	0.751	3.475
36764_at	CACNG3	calcium voltage-gated channel auxiliary subunit gamma 3	-0.638	6.175
36775_f_at	PRB1	proline rich protein BstNI subfamily 1	-0.397	2.227
36778_at	GPR143	G protein-coupled receptor 143	-0.524	4.868
36779_at	FABP6	fatty acid binding protein 6	-0.619	6.947
36788_at	GPC5	glypican 5	-0.834	2.927
36789_f_at	LILRB5	leukocyte immunoglobulin like receptor B5	0.652	3.589
36790_at	TPM1	tropomyosin 1 (alpha)	1.042	4.936
367_at	NEK3	NIMA related kinase 3	-0.44	4.719
36804_at	IDO1	indoleamine 2,3-dioxygenase 1	0.541	3.278
36805_s_at	NTRK1	neurotrophic receptor tyrosine kinase 1	-0.338	2.51
36806_at	TRPV6	transient receptor potential cation channel subfamily V member 6	-0.335	2.111
36808_at	PTPN22	protein tyrosine phosphatase, non-receptor type 22	0.609	3.74
36811_at	LOXL1	lysyl oxidase like 1	-0.391	3.519
36815_at	ADD2	adducin 2	0.271	2.126
36825_at	TRIM22	tripartite motif containing 22	1.057	3.853
36827_at	ACBD3	acyl-CoA binding domain containing 3	0.477	3.091
36831_at	DSTYK	dual serine/threonine and tyrosine protein kinase	-0.493	2.914
36845_at	MORC3	MORC family CW-type zinc finger 3	1.2	3.957
36846_s_at	LSM7	LSM7 homolog, U6 small nuclear RNA and mRNA degradation associated	0.473	2.361
36848_r_at	LSM7	LSM7 homolog, U6 small nuclear RNA and mRNA degradation associated	-0.342	2.059
36853_at	GRIA1	glutamate ionotropic receptor AMPA type subunit 1	-0.763	5.224
36854_s_at	GRIA1	glutamate ionotropic receptor AMPA type subunit 1	-0.535	2.563
36870_at	VPS8	VPS8, CORVET complex subunit	0.348	2.362
36871_at	EPB42	erythrocyte membrane protein band 4.2	-0.538	2.37
36876_at	FAH	fumarylacetoacetate hydrolase	-0.529	2.906
36878_f_at	LOC101060835///HLA-DQB1	HLA class II histocompatibility antigen, DQ beta 1 chain-like///major histocompatibility complex, class II, DQ beta 1	1.251	7.731
36879_at	TYMP	thymidine phosphorylase	1.527	8.56
36880_at	NQO2	NAD(P)H quinone dehydrogenase 2	-0.823	4.665
36881_at	ETFB	electron transfer flavoprotein beta subunit	-0.609	3.403
36884_at	CD163	CD163 molecule	0.552	3.885
36889_at	FCER1G	Fc fragment of IgE receptor Ig	2.003	6.298
36892_at	ITGA7	integrin subunit alpha 7	-0.245	1.882
36893_at	FDX1	ferredoxin 1	-0.816	3.404
36894_at	CBX7	chromobox 7	-0.258	2.888
36896_s_at	ARNTL	aryl hydrocarbon receptor nuclear translocator like	0.473	2.035
36899_at	SATB1	SATB homeobox 1	0.388	2.388
36902_at	RHOG	ras homolog family member G	0.428	2.14
36904_at	KIF1A	kinesin family member 1A	-0.361	2.009
36905_at	MAP3K7	mitogen-activated protein kinase kinase kinase 7	0.561	3.695
36908_at	MRC1	mannose receptor, C type 1	1.466	3.55
36909_at	WEE1	WEE1 G2 checkpoint kinase	0.519	2.221
36916_at	ST3GAL4	ST3 beta-galactoside alpha-2,3-sialyltransferase 4	-0.232	2.006
36919_r_at	FPR1	formyl peptide receptor 1	0.409	2.007
36922_at	RRM2	ribonucleotide reductase regulatory subunit M2	-0.374	2.904
36927_at	IFI44L	interferon induced protein 44 like	0.786	3.7
36928_at	ZNF146	zinc finger protein 146	0.464	2.1
36933_at	NDRG1	N-myc downstream regulated 1	-0.809	3.796
36935_at	RASA1	RAS p21 protein activator 1	0.427	4.621
36936_at	TSTA3	tissue specific transplantation antigen P35B	-0.332	2.253
36941_at	MLLT11	myeloid/lymphoid or mixed-lineage leukemia; translocated to, 11	-0.53	2.261
36942_at	IST1	IST1, ESCRT-III associated factor	0.592	4.802
36945_at	ERP29	endoplasmic reticulum protein 29	0.619	3.045
36946_at	DYRK1A	dual specificity tyrosine phosphorylation regulated kinase 1A	0.707	3.236
36951_at	MRPL49	mitochondrial ribosomal protein L49	-0.302	2.078
36954_at	TATDN2	TatD DNase domain containing 2	0.267	3.71
36955_at	LMAN2	lectin, mannose binding 2	0.41	3.074
36960_at	PHC2	polyhomeotic homolog 2	0.811	3.908
36963_at	PGD	phosphogluconate dehydrogenase	1.077	5.423
36965_at	ANK3	ankyrin 3, node of Ranvier (ankyrin G)	-0.902	2.193
36967_g_at	ANK3	ankyrin 3, node of Ranvier (ankyrin G)	-0.433	3.365
36972_at	TMED2	transmembrane p24 trafficking protein 2	0.63	2.514
36975_at	SARAF	store-operated calcium entry associated regulatory factor	0.733	4.412
36976_at	CDH11	cadherin 11	1.026	2.626
36978_at	PSME4	proteasome activator subunit 4	0.9	6.757
36980_at	PNRC1	proline rich nuclear receptor coactivator 1	1.128	2.373
36983_f_at	HP	haptoglobin	-0.278	2.273
36986_at	LYPLA2	lysophospholipase II	-0.392	2.729
36988_at	TNFAIP1	TNF alpha induced protein 1	-0.393	2.489
36991_at	SRSF4	serine and arginine rich splicing factor 4	1.199	7.856
369_s_at	UBE2H	ubiquitin conjugating enzyme E2 H	-0.864	6.077
37004_at	SFTPB	surfactant protein B	-0.8	3.08
37006_at	JCHAIN	joining chain of multimeric IgA and IgM	2.456	2.355
37007_at	SERINC3	serine incorporator 3	0.713	3.273
37008_r_at	SERPINA5	serpin family A member 5	-1.045	3.629
37009_at	CAT	catalase	-0.732	1.941
37011_at	AIF1	allograft inflammatory factor 1	1.777	5.775
37012_at	CAPZB	capping actin protein of muscle Z-line beta subunit	0.852	6.104
37014_at	MX1	MX dynamin like GTPase 1	0.642	2.185
37016_at	ECHS1	enoyl-CoA hydratase, short chain 1	-0.855	4.343
37020_at	CRP	C-reactive protein, pentraxin-related	-0.449	2.398
37023_at	LCP1	lymphocyte cytosolic protein 1	2.673	7.626
37024_at	LITAF	lipopolysaccharide induced TNF factor	0.879	2.163
37025_at	LITAF	lipopolysaccharide induced TNF factor	1.398	4.466
37026_at	KLF6	Kruppel like factor 6	0.535	4.314
37028_at	PPP1R15A	protein phosphatase 1 regulatory subunit 15A	0.585	2.46
37031_at	FAM120A	family with sequence similarity 120A	0.409	2.029
37032_at	LOC101928916///NNMT	uncharacterized LOC101928916///nicotinamide N-methyltransferase	1.76	4.639
37033_s_at	GPX1	glutathione peroxidase 1	1.094	4.968
37034_at	ANP32A	acidic nuclear phosphoprotein 32 family member A	0.695	3.346
37035_at	SERP1	stress-associated endoplasmic reticulum protein 1	0.718	2.58
37036_at	MDN1	midasin AAA ATPase 1	0.425	3.511
37039_at	HLA-DRA	major histocompatibility complex, class II, DR alpha	2.204	8.404
37042_at	HYAL2	hyaluronoglucosaminidase 2	-0.21	2.059
37043_at	ID3	inhibitor of DNA binding 3, HLH protein	0.363	2.41
37045_at	SNX19	sorting nexin 19	0.385	2.121
37046_at	PSMA5	proteasome subunit alpha 5	0.522	1.973
37051_at	KCNN3	potassium calcium-activated channel subfamily N member 3	-0.667	4.549
37054_at	LOC149684///BPI	uncharacterized LOC149684///bactericidal/permeability-increasing protein	-0.504	3.396
37061_at	CHIT1	chitinase 1	0.5	3.979
37066_at	PRTN3	proteinase 3	-0.578	4.43
37068_at	PLA2G7	phospholipase A2 group VII	0.69	3.818
37069_at	DGCR5	DiGeorge syndrome critical region gene 5 (non-protein coding)	-0.73	7.111
37070_at	MPZ	myelin protein zero	-0.388	3.925
37072_at	CNGB1	cyclic nucleotide gated channel beta 1	-0.942	2.196
37075_at	SNTB1	syntrophin beta 1	-0.559	2.184
37076_at	SLC2A4	solute carrier family 2 member 4	-0.478	2.971
37078_at	CD247	CD247 molecule	0.925	4.722
37079_at	NUS1P3	NUS1 dehydrodolichyl diphosphate synthase subunit pseudogene 3	0.389	1.971
37080_at	LOC102724528///PIGC	uncharacterized LOC102724528///phosphatidylinositol glycan anchor biosynthesis class C	-1.034	2.985
37085_g_at	LYZL6	lysozyme like 6	-0.96	3.907
37088_at	AURKC	aurora kinase C	-0.229	1.858
37091_g_at	ADAM3A	ADAM metallopeptidase domain 3A (pseudogene)	-0.702	2.954
37092_at	PCDHA9	protocadherin alpha 9	0.496	2.034
37094_at	XRCC3	X-ray repair cross complementing 3	-0.425	4.786
37095_r_at	FPR2	formyl peptide receptor 2	-0.455	2.013
37099_at	ALOX5AP	arachidonate 5-lipoxygenase activating protein	1.324	3.659
37100_at	FMNL1	formin like 1	0.72	2.556
37105_at	CTSG	cathepsin G	-0.31	2.391
37106_at	ZNF354A	zinc finger protein 354A	0.451	3.646
37108_at	CSNK1A1	casein kinase 1 alpha 1	-0.322	1.944
37109_at	PROZ	protein Z, vitamin K dependent plasma glycoprotein	-0.705	4.891
37110_at	PFKFB3	6-phosphofructo-2-kinase/fructose-2,6-biphosphatase 3	0.31	1.921
37112_at	FAM65B	family with sequence similarity 65 member B	1.76	2.735
37118_at	RFPL1S	RFPL1 antisense RNA 1	-0.393	1.984
37120_at	TKTL1	transketolase like 1	-0.693	2.881
37121_at	NKG7	natural killer cell granule protein 7	0.737	7.167
37123_at	VILL	villin like	-0.398	3.577
37124_i_at	CYP3A43///CYP3A5	cytochrome P450 family 3 subfamily A member 43///cytochrome P450 family 3 subfamily A member 5	-0.473	2.07
37139_at	EDA	ectodysplasin A	-0.456	3.924
37144_at	PIAS4	protein inhibitor of activated STAT 4	-0.543	2.61
37149_s_at	LTF	lactotransferrin	1.672	5.841
37160_at	SPRR1B	small proline rich protein 1B	-0.324	2.716
37166_at	HAAO	3-hydroxyanthranilate 3,4-dioxygenase	-0.338	2.684
37167_at	ATXN7	ataxin 7	-0.533	4.771
37168_at	LAMP3	lysosomal associated membrane protein 3	0.521	3.257
37169_at	ZNF536	zinc finger protein 536	-0.331	2.008
37176_at	HYAL1	hyaluronoglucosaminidase 1	-0.429	2.199
37177_at	CD58	CD58 molecule	0.762	3.505
37184_at	STX1A	syntaxin 1A	-0.596	3.721
37186_s_at	AOC1	amine oxidase, copper containing 1	-1.206	2.201
37188_at	PCK2	phosphoenolpyruvate carboxykinase 2, mitochondrial	-2.225	8.146
37189_at	PMM1	phosphomannomutase 1	-0.576	2.88
37191_at	PHYHIP	phytanoyl-CoA 2-hydroxylase interacting protein	0.366	2.729
37192_at	DMTN	dematin actin binding protein	-0.502	6.413
37193_at	MIR3658///UCK2	microRNA 3658///uridine-cytidine kinase 2	-0.317	2.039
371_at	IRF3	interferon regulatory factor 3	0.237	2.355
37200_at	FCGR3A	Fc fragment of IgG receptor IIIa	2.571	6.561
37202_at	F2	coagulation factor II, thrombin	-0.538	1.95
37204_at	ITIH3	inter-alpha-trypsin inhibitor heavy chain 3	-0.534	3.642
37207_at	SERPINA7	serpin family A member 7	-0.804	5.556
37218_at	BTG3	BTG anti-proliferation factor 3	0.542	3.301
37219_at	CXCL9	C-X-C motif chemokine ligand 9	2.91	5.682
37220_at	FCGR1CP///FCGR1B///FCGR1A	Fc fragment of IgG receptor Ic, pseudogene///Fc fragment of IgG receptor Ib///Fc fragment of IgG receptor Ia	1.107	3.749
37229_at	ATR	ATR serine/threonine kinase	0.735	6.813
37234_at	KNG1	kininogen 1	-1.859	2.651
37235_g_at	KNG1	kininogen 1	-1.959	3.06
37236_at	KNG1	kininogen 1	-1.017	2.898
37237_at	AP3M2	adaptor related protein complex 3 mu 2 subunit	0.758	6.325
37238_s_at	PKMYT1	protein kinase, membrane associated tyrosine/threonine 1	-0.503	3.548
37239_r_at	PKMYT1	protein kinase, membrane associated tyrosine/threonine 1	-0.661	5.919
37245_at	GABPA	GA binding protein transcription factor alpha subunit	0.486	2.822
37249_at	PDE8B	phosphodiesterase 8B	-0.584	3.485
37250_at	GJA9-MYCBP///MYCBP	GJA9-MYCBP readthrough///MYC binding protein	0.362	2.456
37251_s_at	GPM6B	glycoprotein M6B	0.469	1.945
37263_at	GGH	gamma-glutamyl hydrolase	-0.587	2.433
37264_at	LOC100506639///ZNF131	uncharacterized LOC100506639///zinc finger protein 131	0.447	2.38
37268_at	VEGFB	vascular endothelial growth factor B	-0.535	4.853
37269_at	LZTR1	leucine zipper like transcription regulator 1	-0.449	1.928
37282_at	MAD2L1	MAD2 mitotic arrest deficient-like 1 (yeast)	0.606	2.734
37283_at	MN1	MN1 proto-oncogene, transcriptional regulator	-0.459	3.28
37293_at	CKAP5	cytoskeleton associated protein 5	0.418	3.239
37294_at	BTG1	BTG anti-proliferation factor 1	1.081	5.002
37295_at	GTF2E2	general transcription factor IIE subunit 2	0.421	3.682
37307_at	GNAI2	G protein subunit alpha i2	1.075	5.632
37309_at	RHOA	ras homolog family member A	0.866	5.76
37311_at	TALDO1	transaldolase 1	0.712	3.573
37312_at	SERTAD2	SERTA domain containing 2	0.649	4.381
37317_at	PAFAH1B1	platelet activating factor acetylhydrolase 1b regulatory subunit 1	-0.323	2.381
37320_at	PTDSS1	phosphatidylserine synthase 1	0.348	2.582
37323_r_at	HPGD	hydroxyprostaglandin dehydrogenase 15-(NAD)	-0.46	4.534
37326_at	PLP2	proteolipid protein 2	0.86	4.24
37328_at	PLEK	pleckstrin	1.445	3.263
37329_at	NDUFV1	NADH:ubiquinone oxidoreductase core subunit V1	-0.403	2.44
37330_at	ALDH4A1	aldehyde dehydrogenase 4 family member A1	-0.789	6.207
37331_g_at	ALDH4A1	aldehyde dehydrogenase 4 family member A1	-1.647	5.122
37332_r_at	ALDH4A1	aldehyde dehydrogenase 4 family member A1	-0.699	6.296
37335_at	DGUOK	deoxyguanosine kinase	0.403	2.426
37337_at	SNRPG	small nuclear ribonucleoprotein polypeptide G	0.626	4.038
37340_at	GGCX	gamma-glutamyl carboxylase	-0.454	3.384
37341_at	GLUD1	glutamate dehydrogenase 1	-0.572	4.285
37343_at	ITPR3	inositol 1,4,5-trisphosphate receptor type 3	0.497	2.373
37344_at	HLA-DMA	major histocompatibility complex, class II, DM alpha	1.91	7.642
37345_at	CALU	calumenin	0.69	2.007
37350_at	PSMD10	proteasome 26S subunit, non-ATPase 10	0.575	3.167
37351_at	UPP1	uridine phosphorylase 1	0.652	3.75
37352_at	SP100	SP100 nuclear antigen	1.125	6.105
37353_g_at	SP100	SP100 nuclear antigen	0.384	3.758
37357_at	LOC101060817///LOC729080///GCSH	glycine cleavage system H protein, mitochondrial-like///glycine cleavage system protein H (aminomethyl carrier) pseudogene///glycine cleavage system protein H	-1.17	2.574
37358_at	UBE2E1	ubiquitin conjugating enzyme E2 E1	0.64	2.206
37376_at	UBXN1	UBX domain protein 1	0.458	3.313
37378_r_at	LMNA	lamin A/C	-0.523	2.9
37380_at	GTF2B	general transcription factor IIB	1.418	3.672
37381_g_at	GTF2B	general transcription factor IIB	0.709	3.165
37383_f_at	HLA-C///HLA-B	major histocompatibility complex, class I, C///major histocompatibility complex, class I, B	1.752	7.519
37384_at	PPM1F	protein phosphatase, Mg2+/Mn2+ dependent 1F	0.377	3.094
37396_at	RFXANK	regulatory factor X associated ankyrin containing protein	-0.724	3.375
37397_at	PECAM1	platelet and endothelial cell adhesion molecule 1	0.727	3.727
37398_at	PECAM1	platelet and endothelial cell adhesion molecule 1	1.449	5.729
37399_at	AKR1C3	aldo-keto reductase family 1, member C3	-1.274	3.348
37402_at	RNASE1	ribonuclease A family member 1, pancreatic	0.963	2.156
37403_at	ANXA1	annexin A1	1.8	7.553
37404_at	RGS12	regulator of G-protein signaling 12	-0.264	2.544
37405_at	SELENBP1	selenium binding protein 1	-0.849	3.475
37412_at	PIP4K2A	phosphatidylinositol-5-phosphate 4-kinase type 2 alpha	-0.624	2.659
37413_at	DPEP1	dipeptidase 1 (renal)	-0.714	4.693
37417_at	POU2F2	POU class 2 homeobox 2	-0.337	2.112
37419_g_at	POU2F2	POU class 2 homeobox 2	-0.501	5.571
37420_i_at	HLA-F	major histocompatibility complex, class I, F	3.132	8.996
37421_f_at	HLA-F	major histocompatibility complex, class I, F	1.754	5.59
37422_at	PPIC	peptidylprolyl isomerase C	0.503	2.199
37423_at	SLC12A2	solute carrier family 12 member 2	-0.572	3.21
37425_g_at	CCHCR1	coiled-coil alpha-helical rod protein 1	0.381	2.615
37427_at	NTNG1	netrin G1	-0.419	3.368
37428_at	NTNG1	netrin G1	-0.599	3.828
37429_g_at	NTNG1	netrin G1	-0.452	2.178
37430_at	ALOX15B	arachidonate 15-lipoxygenase, type B	-0.314	2.216
37432_g_at	PIAS2	protein inhibitor of activated STAT 2	-0.413	3.389
37447_at	GPER1	G protein-coupled estrogen receptor 1	0.391	2.021
37455_at	CXCR5	C-X-C motif chemokine receptor 5	-0.286	2.456
37456_at	LGALS2	galectin 2	-0.837	2.348
37457_at	LRRTM2	leucine rich repeat transmembrane neuronal 2	-0.755	3.13
37458_at	CDC45	cell division cycle 45	-0.271	2.917
37460_at	TIAM1	T-cell lymphoma invasion and metastasis 1	-0.417	3.652
37463_r_at	SF3A2	splicing factor 3a subunit 2	-0.594	2.953
37468_at	JAK2	Janus kinase 2	0.557	2.176
37470_at	LAIR1	leukocyte associated immunoglobulin like receptor 1	0.353	3.275
37471_at	RPP40	ribonuclease P/MRP subunit p40	0.642	3.973
37473_at	KRT16	keratin 16	-0.387	3.279
37475_at	WDR62	WD repeat domain 62	-0.253	1.884
37478_at	SCGN	secretagogin, EF-hand calcium binding protein	-0.309	3.126
37480_at	THPO	thrombopoietin	0.695	4.49
37484_at	ITGA1	integrin subunit alpha 1	0.463	3.261
37485_at	SLC27A2	solute carrier family 27 member 2	-1.736	4.545
37486_f_at	MEIS3P1	Meis homeobox 3 pseudogene 1	-0.494	2.126
37488_at	CHURC1-FNTB///FNTB	CHURC1-FNTB readthrough///farnesyltransferase, CAAX box, beta	-0.296	1.939
37489_s_at	SLC4A3	solute carrier family 4 member 3	-0.451	3.344
37490_at	SLC4A3	solute carrier family 4 member 3	-0.282	2.46
37492_at	CLMN	calmin	-0.296	1.873
37493_at	CSF2RB	colony stimulating factor 2 receptor beta common subunit	1.548	2.785
37494_at	CSF2RB	colony stimulating factor 2 receptor beta common subunit	-0.253	2.327
37503_at	TBC1D30	TBC1 domain family member 30	-0.671	5.225
37506_at	PRPF40A	pre-mRNA processing factor 40 homolog A	0.591	3.07
37508_f_at	PRPF40A	pre-mRNA processing factor 40 homolog A	1.213	7.367
37509_at	CRLF3	cytokine receptor like factor 3	1.528	5.825
37511_at	B9D1	B9 domain containing 1	-0.469	2.22
37514_s_at	MASP2	mannan binding lectin serine peptidase 2	-0.386	2.222
37516_at	DDN	dendrin	-0.456	3.286
37519_at	ASGR1	asialoglycoprotein receptor 1	-0.493	2.287
37523_at	ACADL	acyl-CoA dehydrogenase, long chain	-0.626	5.924
37524_at	STK17B	serine/threonine kinase 17b	1.002	3.316
37528_at	ASPH	aspartate beta-hydroxylase	-0.227	2.28
37532_at	ACADM	acyl-CoA dehydrogenase, C-4 to C-12 straight chain	-1.019	2.178
37534_at	CXADR	coxsackie virus and adenovirus receptor	0.504	1.9
37535_at	CREB1	cAMP responsive element binding protein 1	0.93	2.395
37538_at	LOC730101	uncharacterized LOC730101	-0.414	2.726
37540_at	MYOM2	myomesin 2	-0.513	3.43
37542_at	LHFPL2	lipoma HMGIC fusion partner-like 2	0.686	4.208
37543_at	ARHGEF6	Rac/Cdc42 guanine nucleotide exchange factor 6	0.896	5.413
37546_r_at	SCAMP5	secretory carrier membrane protein 5	-0.793	2.478
37549_g_at	BBS9	Bardet-Biedl syndrome 9	0.392	3.766
37554_at	KLK6	kallikrein related peptidase 6	-0.741	4.339
37561_at	NFYA	nuclear transcription factor Y subunit alpha	0.385	2.351
37565_at	MMD	monocyte to macrophage differentiation associated	0.326	2.038
37566_at	PHF24	PHD finger protein 24	-0.943	3.331
37567_at	SALL2	spalt like transcription factor 2	-0.278	1.93
37569_at	PDCD6	programmed cell death 6	0.401	1.979
37570_at	ARL2-SNX15///SNX15	ARL2-SNX15 readthrough (NMD candidate)///sorting nexin 15	-0.677	4.199
37572_at	CCK	cholecystokinin	0.334	2.032
37579_at	CYFIP2	cytoplasmic FMR1 interacting protein 2	-0.481	2.272
37587_at	RCVRN	recoverin	0.334	1.966
37588_s_at	MAPK8IP2	mitogen-activated protein kinase 8 interacting protein 2	-0.367	2.166
37590_g_at			-0.359	3.872
37591_at	UCP2	uncoupling protein 2	1.211	6.74
37594_at	BHMT	betaine--homocysteine S-methyltransferase	-2.449	4.588
37596_at	PLCD1	phospholipase C delta 1	-0.363	3.583
37598_at	RASSF2	Ras association domain family member 2	1.647	5.227
37601_at	SLC22A3	solute carrier family 22 member 3	-0.39	2.628
37606_at	KHK	ketohexokinase	-0.368	4.11
37608_g_at	KHK	ketohexokinase	-1.205	4.988
37614_g_at	PVALB	parvalbumin	-0.543	3.068
37615_at	GRB10	growth factor receptor bound protein 10	-0.423	2.146
37616_at	AUH	AU RNA binding methylglutaconyl-CoA hydratase	-0.661	2.633
37628_at	MAOB	monoamine oxidase B	-0.741	5.521
37629_at	CSNK2A2	casein kinase 2 alpha 2	-0.36	2.241
37630_at	CHRDL1	chordin like 1	-0.325	2.128
37634_at	PAEP	progestagen associated endometrial protein	-0.359	2.001
37637_at	RGS3	regulator of G-protein signaling 3	-0.321	2.152
37639_at	HPN	hepsin	-0.717	2.915
37641_at	IFI44	interferon induced protein 44	0.77	3.515
37644_s_at	FAS	Fas cell surface death receptor	-0.701	2.6
37645_at	CD69	CD69 molecule	1.703	6.288
37646_at	POLD3	DNA polymerase delta 3, accessory subunit	-0.528	3.676
37647_at	AOAH	acyloxyacyl hydrolase	0.856	6.653
37648_at	TTLL12	tubulin tyrosine ligase like 12	-0.349	2.139
37650_at	MKRN1	makorin ring finger protein 1	1.016	8.33
37651_at	RCOR1	REST corepressor 1	-0.722	2.665
37655_at	GOLGB1	golgin B1	-0.311	2.632
37656_at	SCAP	SREBF chaperone	0.375	2.416
37657_at	PALM	paralemmin	-0.277	2.797
37665_at	EIF2B1	eukaryotic translation initiation factor 2B subunit alpha	-0.827	3.23
37669_s_at	ATP1B1	ATPase Na+/K+ transporting subunit beta 1	-1.219	3.618
37672_at	USP7	ubiquitin specific peptidase 7	0.39	2.932
37676_at	PDE8A	phosphodiesterase 8A	-0.394	2.72
37682_r_at	SNHG4///MATR3	small nucleolar RNA host gene 4///matrin 3	0.291	1.927
37684_at	SLCO2B1	solute carrier organic anion transporter family member 2B1	0.589	3.119
37685_at	PICALM	phosphatidylinositol binding clathrin assembly protein	0.877	2.617
37688_f_at	FCGR2A	Fc fragment of IgG receptor IIa	2.817	4.975
37689_s_at	FCGR2A	Fc fragment of IgG receptor IIa	0.568	6.401
37697_s_at	VDAC2	voltage dependent anion channel 2	-0.453	2.032
37701_at	RGS2	regulator of G-protein signaling 2	1.397	2.904
37704_at	BCKDHA	branched chain keto acid dehydrogenase E1, alpha polypeptide	-0.425	3.937
37706_at	GLG1	golgi glycoprotein 1	-0.401	4.508
37712_g_at	MEF2C	myocyte enhancer factor 2C	-0.563	3.395
37713_at	ABHD14A-ACY1///ACY1	ABHD14A-ACY1 readthrough///aminoacylase 1	-1.276	3.874
37716_at	CD200	CD200 molecule	0.652	5.865
37718_at	SNRK	SNF related kinase	0.745	2.312
37720_at	HSPD1	heat shock protein family D (Hsp60) member 1	-0.77	2.476
37725_at	PPP1CC	protein phosphatase 1 catalytic subunit gamma	0.464	2.724
37729_at	XPO1	exportin 1	0.74	2.587
37730_at	SND1	staphylococcal nuclease and tudor domain containing 1	0.352	3.716
37731_at	EPS15	epidermal growth factor receptor pathway substrate 15	0.761	3.966
37735_at	DNAJC25-GNG10///GNG10	DNAJC25-GNG10 readthrough///G protein subunit gamma 10	1.312	3.174
37736_at	PCMT1	protein-L-isoaspartate (D-aspartate) O-methyltransferase	0.567	2.166
37739_at	SSRP1	structure specific recognition protein 1	0.442	2.21
37742_at	TMPPE///GLB1	transmembrane protein with metallophosphoesterase domain///galactosidase beta 1	0.252	2.024
37744_r_at	FEZ1	fasciculation and elongation protein zeta 1	-0.528	2.639
37747_at	ANXA5	annexin A5	1.157	4.954
37753_at	SMARCD1	SWI/SNF related, matrix associated, actin dependent regulator of chromatin, subfamily d, member 1	-0.288	4.103
37754_at	LGALS3BP	galectin 3 binding protein	0.626	2.53
37758_s_at			0.245	2.267
37759_at	LAPTM5	lysosomal protein transmembrane 5	2.558	10.567
37761_at	BAIAP2	BAI1 associated protein 2	-0.402	2.273
37762_at	EMP1	epithelial membrane protein 1	-0.628	2.344
37765_at	LMOD1	leiomodin 1	-0.328	2.582
37767_at	HTT	huntingtin	-0.286	2.06
37779_at	SMPDL3B	sphingomyelin phosphodiesterase acid like 3B	-0.173	1.974
37785_at	RND1	Rho family GTPase 1	-0.543	5.307
37795_at	ARSB	arylsulfatase B	-0.339	2.382
37800_r_at	ACSM2A	acyl-CoA synthetase medium-chain family member 2A	-1.718	5.867
37809_at	HOXA10-HOXA9///MIR196B///HOXA9	HOXA10-HOXA9 readthrough///microRNA 196b///homeobox A9	-0.352	2.318
37813_at	DDX51	DEAD-box helicase 51	-0.324	3.493
37817_at	CACTIN	cactin, spliceosome C complex subunit	0.525	2.129
37818_at	FBXO46	F-box protein 46	-0.627	4.235
37820_at	PRODH2	proline dehydrogenase 2	-2.187	7.497
37822_at	KNOP1	lysine rich nucleolar protein 1	-0.519	4.592
37828_at	RSBN1	round spermatid basic protein 1	0.533	3.847
37833_at	SERPINA6	serpin family A member 6	-0.439	4.177
37842_at	MDFIC	MyoD family inhibitor domain containing	0.851	3.781
37844_at	IL27RA	interleukin 27 receptor subunit alpha	0.862	6.372
37847_at	USH1C	USH1 protein network component harmonin	-0.286	2.165
37851_at	HIPK2	homeodomain interacting protein kinase 2	-0.536	1.88
37859_r_at	RPL23AP53	ribosomal protein L23a pseudogene 53	-0.924	3.92
37864_s_at	MIR8071-2///MIR8071-1///IGHV4-31///IGHM///IGHG4///IGHG3///IGHG2///IGHG1	microRNA 8071-2///microRNA 8071-1///immunoglobulin heavy variable 4-31///immunoglobulin heavy constant mu///immunoglobulin heavy constant gamma 4 (G4m marker)///immunoglobulin heavy constant gamma 3 (G3m marker)///immunoglobulin heavy constant gamma 2 (G2m marker)///immunoglobulin heavy constant gamma 1 (G1m marker)	3.711	4.039
37866_at	LINC01314	long intergenic non-protein coding RNA 1314	-0.41	2.099
37867_at	MOG	myelin oligodendrocyte glycoprotein	-0.345	3.501
37873_g_at	JRK	Jrk helix-turn-helix protein	0.234	1.946
37882_at	GTF2E1	general transcription factor IIE subunit 1	0.392	2.008
37886_at	AKAP8L	A-kinase anchoring protein 8 like	-0.42	2.371
37888_at	SLC35D1	solute carrier family 35 member D1	-0.508	4.187
37890_at	CD47	CD47 molecule	0.615	3.817
37894_at	CUL2	cullin 2	0.732	4.09
37895_at	SLC35A1	solute carrier family 35 member A1	0.538	3.96
37898_r_at	TFF3	trefoil factor 3	-0.467	4.292
37899_at	TYMS	thymidylate synthetase	0.467	3.631
37910_at	HCFC1	host cell factor C1	0.647	3.649
37912_at	TRAF4	TNF receptor associated factor 4	-0.453	2.744
37915_at	BAZ2B	bromodomain adjacent to zinc finger domain 2B	0.453	2.376
37917_at	MIOS	meiosis regulator for oocyte development	0.502	5.023
37918_at	ITGB2	integrin subunit beta 2	1.436	8.531
37920_at	PITX1	paired like homeodomain 1	-0.286	2.35
37922_at	TCN2	transcobalamin 2	-0.246	2.318
37923_at	APOM	apolipoprotein M	-0.748	4.519
37924_g_at	APOM	apolipoprotein M	-0.925	4.62
37925_r_at	APOM	apolipoprotein M	-0.706	1.885
37930_at	ATP7B	ATPase copper transporting beta	-0.333	2.005
37934_at	TMEM30B	transmembrane protein 30B	-0.797	5.499
37935_at	PRPF4	pre-mRNA processing factor 4	-0.576	3.737
37936_at	PRPF4	pre-mRNA processing factor 4	-0.289	4
37938_at	DNTTIP2	deoxynucleotidyltransferase terminal interacting protein 2	0.546	2.499
37947_at	BRD3	bromodomain containing 3	0.569	3.956
37957_at	ATG4A	autophagy related 4A cysteine peptidase	-0.268	2.747
37964_at	PCGF3	polycomb group ring finger 3	0.856	5.231
37965_at	PARVB	parvin beta	-0.454	2.635
37971_at	BAZ1A	bromodomain adjacent to zinc finger domain 1A	1.44	3.384
37974_at	MSL3	male-specific lethal 3 homolog (Drosophila)	0.909	2.99
37975_at	CYBB	cytochrome b-245 beta chain	1.187	5.476
37978_at	QPRT	quinolinate phosphoribosyltransferase	-0.663	7.69
37981_at	DBN1	drebrin 1	0.375	3.861
37982_at	ECI1	enoyl-CoA delta isomerase 1	-0.498	2.154
37984_s_at	ARF6	ADP ribosylation factor 6	0.603	1.863
37986_at	EPOR	erythropoietin receptor	-0.345	2.205
37996_s_at	DMPK	dystrophia myotonica protein kinase	-0.314	2.806
37999_at	CPOX	coproporphyrinogen oxidase	0.446	1.935
379_at	TXNDC9	thioredoxin domain containing 9	0.657	2.461
38000_at	PC	pyruvate carboxylase	-0.708	4.157
38006_at	CD48	CD48 molecule	1.339	6.138
38009_at	SPDEF	SAM pointed domain containing ETS transcription factor	0.496	2.401
38010_at	BNIP3	BCL2 interacting protein 3	-0.571	2.611
38014_at	ADAR	adenosine deaminase, RNA specific	0.816	6.81
38022_s_at	PLEC	plectin	-0.359	1.899
38029_at	SLC3A2	solute carrier family 3 member 2	-0.656	4.615
38030_at	U2SURP	U2 snRNP associated SURP domain containing	-0.381	1.915
38031_at	EIF4A3	eukaryotic translation initiation factor 4A3	1.072	3.036
38035_at	MTMR6	myotubularin related protein 6	0.651	4.861
38041_at	GALNT1	polypeptide N-acetylgalactosaminyltransferase 1	1.231	5.071
38043_at	FAM3A	family with sequence similarity 3 member A	-0.425	3.532
38046_at	IK	IK cytokine, down-regulator of HLA II	0.472	2.197
38050_at	BCLAF1	BCL2 associated transcription factor 1	0.91	5.353
38052_at	F13A1	coagulation factor XIII A chain	0.405	1.887
38054_at	LAMTOR5	late endosomal/lysosomal adaptor, MAPK and MTOR activator 5	-0.775	2.589
38057_at	DPT	dermatopontin	-0.384	3.778
38058_at	DPT	dermatopontin	-0.436	2.465
38059_g_at	DPT	dermatopontin	0.385	2.528
38064_at	MVP	major vault protein	0.867	5.049
38065_at	HMGB2	high mobility group box 2	1.757	6.342
38069_at	CLCN7	chloride voltage-gated channel 7	0.511	5.831
38074_at	AP3S1	adaptor related protein complex 3 sigma 1 subunit	0.51	2.625
38077_at	COL6A3	collagen type VI alpha 3 chain	0.666	7.288
38080_at	COX8A	cytochrome c oxidase subunit 8A	-0.584	3.601
38081_at	LOC101928830///LTA4H	uncharacterized LOC101928830///leukotriene A4 hydrolase	0.731	3.531
38082_at	SMCHD1	structural maintenance of chromosomes flexible hinge domain containing 1	1.689	3.707
38084_at	CBX3	chromobox 3	0.741	2.843
38085_at	CBX3	chromobox 3	0.765	3.351
38087_s_at	S100A4	S100 calcium binding protein A4	1.586	6.557
38088_r_at	S100A4	S100 calcium binding protein A4	-0.585	3.247
38090_at	MIR7109///PISD	microRNA 7109///phosphatidylserine decarboxylase	0.412	1.908
38091_at	LGALS9	galectin 9	0.53	4.663
38095_i_at	HLA-DPB1	major histocompatibility complex, class II, DP beta 1	2.864	7.956
38096_f_at	HLA-DPB1	major histocompatibility complex, class II, DP beta 1	3.594	7.343
38098_at	LPIN1	lipin 1	0.438	2.175
38099_r_at	ACSL4	acyl-CoA synthetase long-chain family member 4	1.014	2.258
380_at	TBX5	T-box 5	-0.606	4.508
38103_at	GIGYF2	GRB10 interacting GYF protein 2	-0.388	4.036
38105_at	RSRC2	arginine and serine rich coiled-coil 2	0.877	3.965
38108_at	EGFL8///PPT2	EGF like domain multiple 8///palmitoyl-protein thioesterase 2	-0.347	3.872
38110_at	SDCBP	syndecan binding protein	1.499	4.702
38111_at	VCAN	versican	2.41	6.166
38112_g_at	VCAN	versican	1.796	4.871
38114_at	RAD21	RAD21 cohesin complex component	0.754	2.553
38115_at	TUSC2	tumor suppressor candidate 2	0.361	3.833
38116_at	KIAA0101	KIAA0101	0.848	5.003
38118_at	SHC1	SHC adaptor protein 1	0.724	5.12
38121_at	WARS	tryptophanyl-tRNA synthetase	1.155	7.535
38123_at	CDC123	cell division cycle 123	0.348	2.249
38127_at	SDC1	syndecan 1	-0.853	2.076
38128_at	NAT8B///NAT8	N-acetyltransferase 8B (putative, gene/pseudogene)///N-acetyltransferase 8 (putative)	-1.568	3.446
38132_at	CDC42EP1	CDC42 effector protein 1	-0.321	3.148
38133_at	SLC5A12	solute carrier family 5 member 12	-1.595	4.122
38138_at	S100A11	S100 calcium binding protein A11	1.418	7.248
38139_at	FPGT	fucose-1-phosphate guanylyltransferase	-0.425	2.292
38147_at	SH2D1A	SH2 domain containing 1A	1.283	5.649
38149_at	ARHGAP25	Rho GTPase activating protein 25	0.572	3.797
38150_at	MTAP	methylthioadenosine phosphorylase	0.637	2.33
38153_at	HUS1	HUS1 checkpoint clamp component	-0.282	2.155
38157_at	DXO	decapping exoribonuclease	-0.765	3.991
38160_at	LY75-CD302///CD302///LY75	LY75-CD302 readthrough///CD302 molecule///lymphocyte antigen 75	1.796	7.579
38164_at	RPGR	retinitis pigmentosa GTPase regulator	1	4.679
38166_r_at	KMT2D	lysine methyltransferase 2D	-0.459	3.109
38167_at	PPFIA4	PTPRF interacting protein alpha 4	-0.277	1.899
38182_at	TXLNGY	taxilin gamma pseudogene, Y-linked	-0.524	2.415
38184_at	PAX2	paired box 2	0.513	2.799
38193_at	IGKC	immunoglobulin kappa constant	0.447	2.451
38194_s_at	IGK///IGKC	immunoglobulin kappa locus///immunoglobulin kappa constant	3.683	4.572
381_s_at	PIK3CD	phosphatidylinositol-4,5-bisphosphate 3-kinase catalytic subunit delta	-0.62	6.526
38200_at	FGD1	FYVE, RhoGEF and PH domain containing 1	-0.504	2.795
38205_at	NEUROD2	neuronal differentiation 2	-0.266	1.871
38210_at	SURF2	surfeit 2	-0.311	2.636
38217_at	MUC6	mucin 6, oligomeric mucus/gel-forming	-0.529	5.638
38220_at	DPYD	dihydropyrimidine dehydrogenase	0.912	2.723
38226_at	INTS10	integrator complex subunit 10	-0.358	2.025
38229_at	CYP3A5	cytochrome P450 family 3 subfamily A member 5	0.587	2.852
38239_at	CLDN18	claudin 18	-0.405	1.983
38240_at			-0.355	2.599
38241_at	BTN3A3	butyrophilin subfamily 3 member A3	0.747	2.79
38242_at	BLNK	B-cell linker	0.483	2.564
38248_at	LZTS3	leucine zipper tumor suppressor family member 3	-0.753	6.834
38255_at	NGDN	neuroguidin	-0.27	2.144
38258_at	MFSD9	major facilitator superfamily domain containing 9	-0.323	1.865
38260_at	LAS1L	LAS1 like, ribosome biogenesis factor	-0.288	2.617
38267_at	SLC1A1	solute carrier family 1 member 1	-1.054	2.871
38268_at	SLC1A1	solute carrier family 1 member 1	-0.513	2.422
38274_at	TMEM115	transmembrane protein 115	0.343	3.007
38276_at	NFKBIE	NFKB inhibitor epsilon	0.446	3.578
38285_at	CRYM	crystallin mu	-0.757	2.918
38287_at	PSMB9	proteasome subunit beta 9	2.203	8.869
38290_at	RGS14	regulator of G-protein signaling 14	-0.27	2.087
38292_at	HOMER2	homer scaffolding protein 2	-0.181	1.961
38304_r_at	KL	klotho	-1.825	3.398
38305_at	ARFGEF1	ADP ribosylation factor guanine nucleotide exchange factor 1	-0.592	4.74
38307_at	NCDN	neurochondrin	-0.692	2.592
38310_at	CNOT3	CCR4-NOT transcription complex subunit 3	-0.344	3.003
38313_at	ABCA2	ATP binding cassette subfamily A member 2	-0.47	3.072
38316_at	ALDH1L1	aldehyde dehydrogenase 1 family member L1	-0.636	3.562
38319_at	CD3D	CD3d molecule	1.854	6.818
38321_r_at	LIPE	lipase E, hormone sensitive type	-0.445	2.166
38323_at	CPVL	carboxypeptidase, vitellogenic like	0.952	2.549
38327_at	PMEL	premelanosome protein	-0.365	1.947
38335_at	OGG1	8-oxoguanine DNA glycosylase	-0.517	2.701
38338_at	RRAS	related RAS viral (r-ras) oncogene homolog	0.331	3.911
38343_at	ALMS1	ALMS1, centrosome and basal body associated protein	0.313	2.868
38344_at	ALMS1	ALMS1, centrosome and basal body associated protein	0.215	2.092
38348_at	ACOX2	acyl-CoA oxidase 2	-0.348	2.264
38350_f_at	TUBA3D///TUBA3C	tubulin alpha 3d///tubulin alpha 3c	1.028	4.024
38354_at	CEBPB	CCAAT/enhancer binding protein beta	1.446	3.043
38355_at	DDX3Y	DEAD-box helicase 3, Y-linked	2.029	2.09
38356_at	FST	follistatin	0.364	2.797
38357_at	PHIP	pleckstrin homology domain interacting protein	0.546	3.979
38363_at	TYROBP	TYRO protein tyrosine kinase binding protein	2.997	8.931
38364_at	TLE4	transducin like enhancer of split 4	0.91	2.742
38368_at	DUT	deoxyuridine triphosphatase	0.736	3.001
38369_at	MYD88	myeloid differentiation primary response 88	0.519	4.862
38370_at	TIAM1	T-cell lymphoma invasion and metastasis 1	0.499	3.686
38371_at	PSMA1	proteasome subunit alpha 1	0.536	2.018
38376_at	ACADVL	acyl-CoA dehydrogenase, very long chain	-0.487	2.699
38377_at	KAT6A	lysine acetyltransferase 6A	-0.23	2.136
38378_at	CD53	CD53 molecule	2.663	8.601
38379_at	GPNMB	glycoprotein nmb	1.462	4.121
38383_at	MTR	5-methyltetrahydrofolate-homocysteine methyltransferase	0.395	1.891
38392_at	ARPC5	actin related protein 2/3 complex subunit 5	1.603	6.301
38393_at	SUSD6	sushi domain containing 6	0.5	1.865
38394_at	GPD1L	glycerol-3-phosphate dehydrogenase 1-like	-0.41	2.832
38402_at	LAMP2	lysosomal associated membrane protein 2	0.806	2.486
38404_at	TGM2	transglutaminase 2	1.504	4.608
38406_f_at	PTGDS	prostaglandin D2 synthase	0.661	2.762
38407_r_at	PTGDS	prostaglandin D2 synthase	-0.642	2.649
38415_at	PTP4A2	protein tyrosine phosphatase type IVA, member 2	0.857	4.323
38419_at	KIAA0196	KIAA0196	0.73	2.341
38425_at	HMGCL	3-hydroxymethyl-3-methylglutaryl-CoA lyase	-0.442	2.903
38427_at	COL15A1	collagen type XV alpha 1 chain	0.673	2.684
38431_at	MAPK9	mitogen-activated protein kinase 9	0.287	2.229
38433_at	AXL	AXL receptor tyrosine kinase	0.416	2.715
38437_at	CASC3	cancer susceptibility candidate 3	0.639	4.068
38438_at	NFKB1	nuclear factor kappa B subunit 1	0.952	3.653
38440_s_at	ARMCX6	armadillo repeat containing, X-linked 6	0.755	6.729
38445_at	LOC100505585///ARHGEF1	uncharacterized LOC100505585///Rho guanine nucleotide exchange factor 1	-0.653	3.896
38453_at	ICAM2	intercellular adhesion molecule 2	0.62	4.876
38454_g_at	ICAM2	intercellular adhesion molecule 2	0.723	3.925
38455_at	SNRPB	small nuclear ribonucleoprotein polypeptides B and B1	0.588	4.323
38458_at	CYB5A	cytochrome b5 type A	-1.211	4.346
38459_g_at	CYB5A	cytochrome b5 type A	-1.554	4.806
38466_at	CTSK	cathepsin K	0.715	2.401
38476_at	RBM15B	RNA binding motif protein 15B	-0.414	2.153
38478_at	SFSWAP	splicing factor SWAP homolog	-0.612	3.141
38479_at	ANP32B	acidic nuclear phosphoprotein 32 family member B	0.536	2.587
38480_s_at	UBE2I	ubiquitin conjugating enzyme E2 I	0.75	7.12
38481_at	RPA1	replication protein A1	0.599	2.489
38483_at	CTDNEP1	CTD nuclear envelope phosphatase 1	0.512	3.007
38488_s_at	IL15	interleukin 15	0.903	3.835
38490_r_at	ALG13	ALG13, UDP-N-acetylglucosaminyltransferase subunit	0.407	1.874
38493_at	KYNU	kynureninase	-0.562	3.211
38495_s_at	FUT3	fucosyltransferase 3 (Lewis blood group)	-0.542	3.788
38496_at	ELK4	ELK4, ETS transcription factor	0.322	2.205
384_at	PSMB10	proteasome subunit beta 10	1.161	7.094
38500_at	TMED7-TICAM2///TMED7	TMED7-TICAM2 readthrough///transmembrane p24 trafficking protein 7	-0.502	2.078
38504_at	CAPN5	calpain 5	0.369	4.32
38506_at	HNF1B	HNF1 homeobox B	-0.422	1.955
38512_r_at	ELAVL3	ELAV like neuron-specific RNA binding protein 3	-0.551	3.1
38513_at	POP1	POP1 homolog, ribonuclease P/MRP subunit	-0.333	1.893
38515_at	BMP7	bone morphogenetic protein 7	-0.358	2.544
38517_at	IRF9	interferon regulatory factor 9	0.701	5.962
38518_at	SCML2	sex comb on midleg-like 2 (Drosophila)	0.272	2.282
38520_r_at	SLC14A1	solute carrier family 14 member 1 (Kidd blood group)	-0.807	2.638
38521_at	CD22	CD22 molecule	0.21	2.08
38525_at	STAM2	signal transducing adaptor molecule 2	-0.759	3.596
38527_at	NONO	non-POU domain containing, octamer-binding	0.565	2.604
38531_at	OCEL1	occludin/ELL domain containing 1	-0.254	2.908
38532_at	ZBTB39	zinc finger and BTB domain containing 39	0.438	2.8
38545_at	INHBB	inhibin beta B subunit	-0.308	2.094
38558_at	MAG	myelin associated glycoprotein	-0.331	2.45
38559_at	TET3	tet methylcytosine dioxygenase 3	-0.665	5.604
38561_at	UTP20	UTP20, small subunit processome component	-1.025	3.503
38567_at	CD1D	CD1d molecule	0.37	3.064
38581_at	GNAQ	G protein subunit alpha q	0.495	3.706
38584_at	IFIT3	interferon induced protein with tetratricopeptide repeats 3	0.433	2.73
38586_at	FABP1	fatty acid binding protein 1	-2.808	6.397
38589_i_at	LOC100506248///MIR1244-2///MIR1244-3///MIR1244-1///LOC728026///PTMA	prothymosin alpha///microRNA 1244-2///microRNA 1244-3///microRNA 1244-1///prothymosin alpha-like///prothymosin, alpha	0.675	1.898
38594_i_at	CEP170B	centrosomal protein 170B	0.405	4.192
38603_at	ZNF136	zinc finger protein 136	-0.663	5.54
38607_at	TM4SF5	transmembrane 4 L six family member 5	-0.365	2.723
38614_s_at	OGT	O-linked N-acetylglucosamine (GlcNAc) transferase	0.269	2.039
38618_at	LIMK2	LIM domain kinase 2	0.609	4.555
38631_at	TNFAIP2	TNF alpha induced protein 2	1.656	6.176
38632_at	DNAJB5	DnaJ heat shock protein family (Hsp40) member B5	-0.542	2.493
38634_at	RBP1	retinol binding protein 1	0.524	1.935
38635_at	SSR4	signal sequence receptor subunit 4	0.595	2.397
38639_at	MIR4800///MXD4	microRNA 4800///MAX dimerization protein 4	-0.464	3.469
38644_at	PXN	paxillin	0.567	2.366
38651_at	FEZ2	fasciculation and elongation protein zeta 2	0.661	5.283
38652_at	WBP1L	WW domain binding protein 1-like	0.955	4.896
38653_at	PMP22	peripheral myelin protein 22	0.918	3.52
38658_at			-0.979	2.639
38659_at	SHOC2	SHOC2, leucine rich repeat scaffold protein	0.783	3.279
38666_at	CYTH1	cytohesin 1	1.215	8.112
38670_at	RNF114	ring finger protein 114	-0.497	2.378
38671_at	PLXND1	plexin D1	0.537	4.568
38679_g_at	SNRPE	small nuclear ribonucleoprotein polypeptide E	0.576	1.957
38682_at	BAP1	BRCA1 associated protein 1	-0.442	4.295
38683_s_at	ANKHD1-EIF4EBP3///ANKHD1///EIF4EBP3	ANKHD1-EIF4EBP3 readthrough///ankyrin repeat and KH domain containing 1///eukaryotic translation initiation factor 4E binding protein 3	-0.407	3.302
38685_at	STX12	syntaxin 12	0.577	4.368
38688_at	POGZ	pogo transposable element with ZNF domain	0.391	2.166
38692_at	NAB1	NGFI-A binding protein 1	0.855	5.133
38697_at	YIPF3	Yip1 domain family member 3	0.408	2.367
38702_at	POLE3	DNA polymerase epsilon 3, accessory subunit	0.433	2.445
38704_at	MACF1	microtubule-actin crosslinking factor 1	0.371	2.456
38705_at	UBE2D2	ubiquitin conjugating enzyme E2 D2	0.371	2.61
38708_at	RAN	RAN, member RAS oncogene family	1.283	5.802
38712_at	SUCO	SUN domain containing ossification factor	0.427	1.905
38717_at	METTL7A	methyltransferase like 7A	-1.243	3.576
38719_at	LOC101930324///NSF	uncharacterized LOC101930324///N-ethylmaleimide sensitive factor, vesicle fusing ATPase	0.559	4.438
38732_at	CLNS1A	chloride nucleotide-sensitive channel 1A	0.483	2.048
38733_at	XRCC5	X-ray repair cross complementing 5	0.477	3.202
38736_at	WDR1	WD repeat domain 1	0.593	4.279
38738_at	SUMO3	small ubiquitin-like modifier 3	0.344	1.923
38740_at	ZFP36L1	ZFP36 ring finger protein like 1	0.897	3.018
38742_s_at	RAF1	Raf-1 proto-oncogene, serine/threonine kinase	-0.281	2.091
38744_at	SHFM1	split hand/foot malformation (ectrodactyly) type 1	0.598	2.666
38745_at	LIPA	lipase A, lysosomal acid type	0.836	3.987
38752_r_at	ATP5I	ATP synthase, H+ transporting, mitochondrial Fo complex subunit E	-0.537	3.663
38755_at	FADD	Fas associated via death domain	0.482	4.323
38756_at	RAP1A	RAP1A, member of RAS oncogene family	1.287	2.985
38759_at	BTN3A2	butyrophilin subfamily 3 member A2	0.903	5.401
38760_f_at	BTN3A2	butyrophilin subfamily 3 member A2	0.778	2.77
38761_s_at	FKBP9	FK506 binding protein 9	-0.237	1.95
38762_at	DDX42	DEAD-box helicase 42	0.351	2.287
38763_at	SORD	sorbitol dehydrogenase	-1.688	4.374
38764_at	DICER1	dicer 1, ribonuclease III	0.985	6.124
38768_at	HADH	hydroxyacyl-CoA dehydrogenase	-1.593	3.938
38774_at	STX7	syntaxin 7	0.553	2.977
38778_at	OTUD4	OTU deubiquitinase 4	0.947	5.819
38780_at	AKR1A1	aldo-keto reductase family 1 member A1	-0.691	2.139
38781_at	GSTA2///GSTA1	glutathione S-transferase alpha 2///glutathione S-transferase alpha 1	-2.976	5.731
38782_at	GTF2H1	general transcription factor IIH subunit 1	0.483	4.551
38786_at	SVEP1	sushi, von Willebrand factor type A, EGF and pentraxin domain containing 1	0.263	2.457
38795_s_at	UBTF	upstream binding transcription factor, RNA polymerase I	-0.504	2.511
38796_at	C1QB	complement C1q B chain	3.001	7.532
38797_at	SLC39A14	solute carrier family 39 member 14	-0.618	2.741
38802_at	PGRMC1	progesterone receptor membrane component 1	-0.721	2.673
38803_at	NCALD	neurocalcin delta	-0.238	1.946
38805_at	TGIF1	TGFB induced factor homeobox 1	0.66	2.942
38808_at	ADRM1	adhesion regulating molecule 1	-0.347	1.953
38813_at	TSC2	tuberous sclerosis 2	0.639	5.279
38815_at	ARPC1A	actin related protein 2/3 complex subunit 1A	0.488	2.53
38817_at	SPAG7	sperm associated antigen 7	0.391	1.971
38818_at	SPTLC1	serine palmitoyltransferase long chain base subunit 1	1.02	4.061
38819_at	PTK7	protein tyrosine kinase 7 (inactive)	-0.448	2.815
38821_at	PGRMC2	progesterone receptor membrane component 2	-0.53	2.16
38822_at	STK17A	serine/threonine kinase 17a	-0.475	2.689
38823_s_at	STK17A	serine/threonine kinase 17a	0.945	5.608
38826_at	SEPT6	septin 6	0.964	3.488
38827_at	AGR2	anterior gradient 2, protein disulphide isomerase family member	0.526	1.846
38833_at	HLA-DPA1	major histocompatibility complex, class II, DP alpha 1	1.866	6.96
38834_at	TOPBP1	topoisomerase (DNA) II binding protein 1	0.796	4.134
38844_at	PDK2	pyruvate dehydrogenase kinase 2	-0.451	1.993
38845_at	PDK2	pyruvate dehydrogenase kinase 2	-0.353	2.858
38857_r_at	PHOSPHO2-KLHL23///KLHL23	PHOSPHO2-KLHL23 readthrough///kelch like family member 23	-0.46	2.138
38862_at	SKAP1	src kinase associated phosphoprotein 1	-0.334	2.134
38864_at	NFATC2IP	nuclear factor of activated T-cells 2 interacting protein	0.466	2.412
38867_g_at	GRAP2	GRB2-related adaptor protein 2	-0.284	2.785
38868_at	FCAR	Fc fragment of IgA receptor	-0.383	3.018
38878_at	SMAP1	small ArfGAP 1	-0.216	2.003
38881_i_at	LOC101930303///TRIM16L///TRIM16	uncharacterized LOC101930303///tripartite motif containing 16-like///tripartite motif containing 16	-0.278	2.467
38882_r_at	LOC101930303///TRIM16L///TRIM16	uncharacterized LOC101930303///tripartite motif containing 16-like///tripartite motif containing 16	-0.836	6.842
38884_at	CLCA1	chloride channel accessory 1	-0.549	2.214
38885_at	DNA2	DNA replication helicase/nuclease 2	-0.825	3.102
38894_g_at	NCF4	neutrophil cytosolic factor 4	1.165	3.286
38896_at	TNPO2	transportin 2	-0.444	2.06
38898_at			-0.485	5.046
38903_at	GJB5	gap junction protein beta 5	-0.448	3.336
38905_at	PRKAR2A	protein kinase cAMP-dependent type II regulatory subunit alpha	-0.404	2.289
38906_at	SPTA1	spectrin alpha, erythrocytic 1	-0.692	2.321
38908_s_at	REV3L	REV3 like, DNA directed polymerase zeta catalytic subunit	0.466	3.217
38912_at	NAT2	N-acetyltransferase 2	-0.572	2.938
38918_at	SOX13	SRY-box 13	-0.362	2.087
38923_at	LOC101930531///LOC101930278///FRG1CP///FRG1JP///FRG1	uncharacterized LOC101930531///uncharacterized LOC101930278///FSHD region gene 1 family member C, pseudogene///FSHD region gene 1 family member J, pseudogene///FSHD region gene 1	0.542	2.201
38924_s_at	ABI1	abl interactor 1	0.928	2.985
38927_i_at	TYR	tyrosinase	-0.738	5.421
38928_r_at	TYR	tyrosinase	-0.679	5.013
38934_at			-0.333	2.329
38943_at	HCCS	holocytochrome c synthase	0.402	2.89
38944_at	SMAD3	SMAD family member 3	0.427	2.299
38946_at	PPEF1	protein phosphatase with EF-hand domain 1	-0.38	2.734
38950_r_at	MMP23A///MMP23B	matrix metallopeptidase 23A (pseudogene)///matrix metallopeptidase 23B	-0.387	2.151
38955_at	AVPR1A	arginine vasopressin receptor 1A	-0.469	2.732
38959_s_at	CASR	calcium sensing receptor	-0.364	3.164
38960_at	INPP5J	inositol polyphosphate-5-phosphatase J	-0.381	2.019
38964_r_at	WAS	Wiskott-Aldrich syndrome	-0.503	2.749
38968_at	SH3BP5	SH3 domain binding protein 5	-0.278	2.507
38971_r_at	TNIP1	TNFAIP3 interacting protein 1	-0.613	4.385
38972_at	KCTD12	potassium channel tetramerization domain containing 12	0.873	2.53
38975_at	FAM47E-STBD1///FAM47E///STBD1	FAM47E-STBD1 readthrough///family with sequence similarity 47 member E///starch binding domain 1	-0.412	3.225
38976_at	CORO1A	coronin 1A	1.165	5.175
38979_at	NDUFB6	NADH:ubiquinone oxidoreductase subunit B6	-0.573	2.545
38982_at	TERF2IP	TERF2 interacting protein	0.277	2.225
38984_at	PREPL	prolyl endopeptidase-like	-0.5	2.058
38985_at	LEPROTL1	leptin receptor overlapping transcript-like 1	0.791	3.216
38992_at	DEK	DEK proto-oncogene	1.139	4.895
38993_r_at	TGOLN2	trans-golgi network protein 2	-0.389	2.554
38994_at	SOCS2	suppressor of cytokine signaling 2	-0.521	2.121
38996_at	ERF	ETS2 repressor factor	-0.269	1.927
389_s_at	FAS	Fas cell surface death receptor	-0.343	1.96
39001_at	MDH2	malate dehydrogenase 2	-0.538	2.839
39008_at	CP	ceruloplasmin (ferroxidase)	-0.584	3.438
39014_at	FCGBP	Fc fragment of IgG binding protein	-0.423	2.515
39015_f_at	KRT6A	keratin 6A	-0.359	2.736
39023_at	IDH1	isocitrate dehydrogenase (NADP(+)) 1, cytosolic	-0.535	1.991
39024_at	NUP98	nucleoporin 98	0.696	2.74
39029_at	BUD31	BUD31 homolog	0.621	3.678
39035_at	UBR5	ubiquitin protein ligase E3 component n-recognin 5	0.747	3.998
39039_s_at	UBE2J1	ubiquitin conjugating enzyme E2 J1	1.287	4.912
39041_at	DLAT	dihydrolipoamide S-acetyltransferase	-0.502	1.941
39043_at	ARPC1B	actin related protein 2/3 complex subunit 1B	1.07	4.885
39047_at	SART3	squamous cell carcinoma antigen recognized by T-cells 3	0.292	2.484
39050_at	BCL2L2-PABPN1///PABPN1	BCL2L2-PABPN1 readthrough///poly(A) binding protein nuclear 1	-0.519	4.486
39055_at	SRI	sorcin	-0.583	4.118
39057_at	KLC1	kinesin light chain 1	0.778	4.686
39061_at	BST2	bone marrow stromal cell antigen 2	1.494	6.98
39064_at	ST20-MTHFS///MTHFS	ST20-MTHFS readthrough///5,10-methenyltetrahydrofolate synthetase (5-formyltetrahydrofolate cyclo-ligase)	-0.347	3.457
39070_at	FSCN1	fascin actin-bundling protein 1	0.678	6.48
39074_at	FLAD1	flavin adenine dinucleotide synthetase 1	0.342	2.491
39076_s_at	DRAP1	DR1 associated protein 1	0.501	2.856
39084_at	ENO3	enolase 3	-0.505	3.034
39090_at	NUDT4	nudix hydrolase 4	-0.557	2.232
39091_at	ARL6IP5	ADP ribosylation factor like GTPase 6 interacting protein 5	1.4	7.908
39092_at	H2AFV	H2A histone family member V	0.737	5.499
39094_at	BRD4	bromodomain containing 4	-0.488	3.068
39097_at	SON	SON DNA binding protein	0.671	4.33
39098_at	ELN	elastin	-0.443	3.437
39100_at	SPOCK1	sparc/osteonectin, cwcv and kazal-like domains proteoglycan (testican) 1	-0.463	2.143
39117_at	PHF2	PHD finger protein 2	0.577	3.016
39119_s_at	IL32	interleukin 32	0.95	3.622
39120_at	MT1X	metallothionein 1X	-1.031	4.027
39121_at	ABCD4	ATP binding cassette subfamily D member 4	-0.471	2.858
39124_r_at	TRPC1	transient receptor potential cation channel subfamily C member 1	-0.716	3.298
39128_r_at	PTPA	protein phosphatase 2 phosphatase activator	-0.65	4.548
39132_at	SMARCA5	SWI/SNF related, matrix associated, actin dependent regulator of chromatin, subfamily a, member 5	0.475	2.456
39135_at	GRAMD4	GRAM domain containing 4	0.306	2.186
39143_at	NFATC1	nuclear factor of activated T-cells 1	0.368	2.245
39144_at	NFATC1	nuclear factor of activated T-cells 1	-0.282	1.896
39147_g_at	ATRX	ATRX, chromatin remodeler	0.427	2.067
39151_at	PAPPA2	pappalysin 2	0.687	2.037
39152_f_at	COIL	coilin	-0.34	3.434
39157_at			-0.563	2.824
39163_at	KIDINS220	kinase D-interacting substrate 220kDa	0.793	2.823
39164_at	ARIH2	ariadne RBR E3 ubiquitin protein ligase 2	0.609	4.989
39166_s_at	SERPINH1	serpin family H member 1	-0.473	2.227
39169_at	SEC61G	Sec61 translocon gamma subunit	0.495	1.97
39177_r_at	CEL	carboxyl ester lipase	-0.464	3.753
39179_at	PRG2	proteoglycan 2, pro eosinophil major basic protein	-0.287	2.49
39180_at	FUS	FUS RNA binding protein	0.394	3.199
39181_at			-0.611	4.342
39182_at	EMP3	epithelial membrane protein 3	1.307	6.976
39189_at	KCNC4	potassium voltage-gated channel subfamily C member 4	-0.343	2.483
39194_at			-0.456	2.196
39195_s_at	SLC25A26	solute carrier family 25 member 26	-0.313	2.158
39202_at	TRAF3IP1	TRAF3 interacting protein 1	0.404	3.379
39205_at	GDPD5	glycerophosphodiester phosphodiesterase domain containing 5	-0.8	3.163
39207_r_at	ACAN	aggrecan	-0.577	2.505
39208_i_at	PPBP	pro-platelet basic protein	0.634	2.241
39210_at	FUT4	fucosyltransferase 4	-0.362	2.115
39216_at	UNC93A	unc-93 homolog A (C. elegans)	-0.584	5.429
39222_at	PIK3C2G	phosphatidylinositol-4-phosphate 3-kinase catalytic subunit type 2 gamma	-0.469	2.791
39234_at	PTOV1-AS2	PTOV1 antisense RNA 2	-0.437	2.776
39236_s_at	FAAH	fatty acid amide hydrolase	-0.549	4.149
39239_at	LOC100996919///CD8B	putative T-cell surface glycoprotein CD8 beta-2 chain-like///CD8b molecule	0.244	2.832
39243_s_at	PSIP1	PC4 and SFRS1 interacting protein 1	0.734	4.288
39248_at	AQP3	aquaporin 3 (Gill blood group)	-0.705	1.899
39256_at	KLF12	Kruppel like factor 12	-0.348	3.341
39260_at	SLC16A4	solute carrier family 16 member 4	-1.125	2.393
39263_at	OAS2	2'-5'-oligoadenylate synthetase 2	0.451	3.227
39264_at	OAS2	2'-5'-oligoadenylate synthetase 2	-0.522	2.144
39270_at	CLEC4M	C-type lectin domain family 4 member M	-0.315	2.151
39275_at	CACNA1D	calcium voltage-gated channel subunit alpha1 D	-0.456	3.388
39301_at	CAPN3	calpain 3	-0.68	3.508
39305_at	BTRC	beta-transducin repeat containing E3 ubiquitin protein ligase	-0.335	3.059
39308_r_at	CLTB	clathrin light chain B	-0.408	3.153
39311_at	FOLR1	folate receptor 1	-0.368	2.302
39312_r_at			-1.295	2.295
39316_at	RAB40C	RAB40C, member RAS oncogene family	-0.255	1.942
39319_at	LCP2	lymphocyte cytosolic protein 2	1.808	4.822
39320_at	CASP1	caspase 1	0.76	5.37
39322_at	KLHL25	kelch like family member 25	-0.37	4.426
39328_at	HMGCR	3-hydroxy-3-methylglutaryl-CoA reductase	-0.759	2.261
39329_at	ACTN1	actinin alpha 1	2.016	7.041
39330_s_at	ACTN1	actinin alpha 1	0.58	2.319
39332_at	TUBB2B	tubulin beta 2B class IIb	0.659	3.412
39333_at	COL4A1	collagen type IV alpha 1 chain	1.026	2.257
39334_s_at	ATN1	atrophin 1	-0.511	3.965
39337_at	H2AFZ	H2A histone family member Z	1.178	4.52
39341_at	MIR6875///TRIP6	microRNA 6875///thyroid hormone receptor interactor 6	-0.367	2.518
39344_at	TRA2A	transformer 2 alpha homolog	1.319	6.969
39345_at	NPC2	NPC intracellular cholesterol transporter 2	0.963	7.503
39346_at	KHDRBS1	KH RNA binding domain containing, signal transduction associated 1	0.586	3.366
39347_at	AP2S1	adaptor related protein complex 2 sigma 1 subunit	0.955	6.284
39348_at	PRMT2	protein arginine methyltransferase 2	0.683	6.795
39358_at	NCOR2	nuclear receptor corepressor 2	0.431	1.849
39359_s_at	NCOR2	nuclear receptor corepressor 2	-0.394	2.096
39368_at	EIF2S2	eukaryotic translation initiation factor 2 subunit beta	-0.401	2.311
39370_at	MAP1LC3B	microtubule associated protein 1 light chain 3 beta	0.764	2.033
39375_g_at	GTSE1	G2 and S-phase expressed 1	-0.421	2.778
39378_at	BECN1	beclin 1	0.445	2.664
39379_at	DESI2	desumoylating isopeptidase 2	0.469	2.321
39380_at	ANKRD17	ankyrin repeat domain 17	1.513	5.167
39385_at	ANPEP	alanyl aminopeptidase, membrane	-0.726	2.184
39390_at	NUP133	nucleoporin 133	0.477	2.547
39391_at	STAMBP	STAM binding protein	0.286	1.925
39395_at	THY1	Thy-1 cell surface antigen	-1.138	6.346
39400_at	TBC1D2B	TBC1 domain family member 2B	0.225	2.232
39404_s_at	UPF1	UPF1, RNA helicase and ATPase	0.461	3.703
39405_at	ALG11///UTP14C	ALG11, alpha-1,2-mannosyltransferase///UTP14, small subunit processome component homolog C (S. cerevisiae)	0.383	2.323
39409_at	C1R	complement C1r subcomponent	1.316	6.626
39414_at			-0.61	3.986
39415_at	HNRNPK	heterogeneous nuclear ribonucleoprotein K	0.566	2.213
39416_at	P2RX5-TAX1BP3///TAX1BP3	P2RX5-TAX1BP3 readthrough (NMD candidate)///Tax1 binding protein 3	0.358	2.264
39417_at	CDK19	cyclin dependent kinase 19	0.556	2.934
39422_at	LOC101930416///LOC101929792///LOC100996724///PDE4DIP	myomegalin-like///uncharacterized LOC101929792///phosphodiesterase 4D interacting protein-like///phosphodiesterase 4D interacting protein	-0.603	3.057
39423_f_at	SPOP	speckle type BTB/POZ protein	1.071	4.246
39426_at	TCERG1	transcription elongation regulator 1	0.582	2.189
39429_at	UVRAG	UV radiation resistance associated	0.754	5.311
39431_at	NPEPPS	aminopeptidase puromycin sensitive	0.477	3.13
39433_at	KIAA0930	KIAA0930	-0.52	3.748
39434_at	LOC101930591///FAM21A///FAM21C	uncharacterized LOC101930591///family with sequence similarity 21 member A///family with sequence similarity 21 member C	0.451	2.334
39454_f_at	TLX2	T-cell leukemia homeobox 2	-0.252	2.239
39455_r_at	TLX2	T-cell leukemia homeobox 2	-0.377	2.195
39458_s_at			-0.603	2.161
39460_g_at	ATXN7L3B	ataxin 7 like 3B	-0.496	3.707
39468_r_at			-0.451	2.122
39473_r_at			-0.648	2.813
39487_at	INPP4A	inositol polyphosphate-4-phosphatase type I A	-0.489	5.34
39489_g_at	PCDH9	protocadherin 9	-0.598	7.209
39502_at	DPYSL4	dihydropyrimidinase like 4	-0.269	2.349
39503_s_at	DPYSL4	dihydropyrimidinase like 4	-0.314	2.8
39507_at	OGT	O-linked N-acetylglucosamine (GlcNAc) transferase	1.327	7.595
39509_at	BBIP1	BBSome interacting protein 1	0.33	2.344
39512_s_at	INPP4A	inositol polyphosphate-4-phosphatase type I A	-0.546	2.758
39514_s_at	INPP4A	inositol polyphosphate-4-phosphatase type I A	-0.451	2.451
39516_at	POP5	POP5 homolog, ribonuclease P/MRP subunit	0.379	2.292
39528_at	RRAD	RRAD, Ras related glycolysis inhibitor and calcium channel regulator	0.425	3.3
39535_at	HMX1	H6 family homeobox 1	-0.401	2.626
39538_at	SORT1	sortilin 1	-0.313	2.641
39540_at	ZBTB7A	zinc finger and BTB domain containing 7A	-0.424	2.696
39545_at	CDKN1C	cyclin dependent kinase inhibitor 1C	-0.516	2.481
39547_at	RANBP9	RAN binding protein 9	0.388	1.87
39551_at	PHF21A	PHD finger protein 21A	1.202	4.146
39555_at	ING2	inhibitor of growth family member 2	-0.81	3.363
39558_s_at	LYRM9	LYR motif containing 9	-0.752	4.431
39561_at	CBX6	chromobox 6	0.664	3.038
39562_at	CGGBP1	CGG triplet repeat binding protein 1	-0.255	2.105
39563_at	MIA3	MIA family member 3, ER export factor	-0.748	4.558
39568_g_at	AQP7P5///LOC101930168///LOC100509620///AQP7P1///AQP7	aquaporin 7 pseudogene 5///putative aquaporin-7-like protein 3///putative aquaporin-7-like protein 3///aquaporin 7 pseudogene 1///aquaporin 7	-0.398	2.738
39569_at	EVPL	envoplakin	-0.35	2.338
39571_at	CAMSAP1	calmodulin regulated spectrin associated protein 1	-0.347	2.581
39578_at	HR	hair growth associated	-0.608	2.92
39581_at	CSTA	cystatin A	2.525	3.851
39583_at	LRRN2	leucine rich repeat neuronal 2	-0.208	2.13
39587_at	CCDC22	coiled-coil domain containing 22	-0.535	3.883
39591_s_at	FGL2	fibrinogen like 2	1.071	5.733
39593_at	FGL2	fibrinogen like 2	1.887	9.988
39594_f_at	MT1H	metallothionein 1H	-1.413	5.144
39596_at	NTRK3	neurotrophic receptor tyrosine kinase 3	-0.338	2.502
39598_at	GJB1	gap junction protein beta 1	-0.59	3.633
39603_at	TSNAX-DISC1///DISC1	TSNAX-DISC1 readthrough (NMD candidate)///disrupted in schizophrenia 1	-0.497	2.347
39604_at	CYTIP	cytohesin 1 interacting protein	0.746	2.252
39609_at	SIM2	single-minded family bHLH transcription factor 2	-0.254	2.073
39612_at	LOC157562	uncharacterized LOC157562	-0.547	2.625
39616_at	PTGER3	prostaglandin E receptor 3	-1.5	5.347
39619_at	REEP2	receptor accessory protein 2	-0.382	3.869
39623_at	NDP	NDP, norrin cystine knot growth factor	0.306	2.378
39624_at	LTB4R	leukotriene B4 receptor	-0.457	3.253
39630_at	PRM1	protamine 1	0.395	2.353
39631_at	EMP2	epithelial membrane protein 2	0.318	1.92
39632_at	MMP13	matrix metallopeptidase 13	-0.537	3.121
39634_at	SLIT2	slit guidance ligand 2	-0.635	2.523
39635_at	THSD7A	thrombospondin type 1 domain containing 7A	-0.478	2.069
39649_at	ARHGAP4	Rho GTPase activating protein 4	0.36	2.566
39654_at	ASPA	aspartoacylase	-1.077	5.257
39660_at	DEFB1	defensin beta 1	-1.71	6.519
39664_at	ERCC8	ERCC excision repair 8, CSA ubiquitin ligase complex subunit	-0.611	6.191
39666_at	GNG4	G protein subunit gamma 4	-0.337	2.405
39667_at	NOVA2	NOVA alternative splicing regulator 2	-0.287	2.409
39668_at	TFAP2B	transcription factor AP-2 beta	-0.586	3.796
39678_at	ACAT1	acetyl-CoA acetyltransferase 1	-1.106	2.692
39683_at	CRYBB1	crystallin beta B1	-0.299	1.986
39687_at	ATXN10	ataxin 10	-0.449	3.981
39688_at	DPF2	double PHD fingers 2	-0.343	2.443
39689_at	CST3	cystatin C	0.556	4.405
39694_at	TMEM109	transmembrane protein 109	-0.418	3.056
39697_at	HSD11B2	hydroxysteroid 11-beta dehydrogenase 2	-1.424	5.247
39698_at	HOPX	HOP homeobox	0.791	3.343
39699_at	TRIP12	thyroid hormone receptor interactor 12	0.879	3.778
396_f_at	EPOR	erythropoietin receptor	-0.436	3.633
39702_at	RPP30	ribonuclease P/MRP subunit p30	0.305	2.868
39704_s_at	HMGA1	high mobility group AT-hook 1	0.375	1.955
39712_at	S100A13	S100 calcium binding protein A13	0.603	2.771
39713_at	KDM5B	lysine demethylase 5B	0.333	2.905
39714_at	SH3BGRL	SH3 domain binding glutamate rich protein like	1.172	4.434
39720_g_at	POMZP3///ZP3	POM121 and ZP3 fusion///zona pellucida glycoprotein 3 (sperm receptor)	0.286	2.517
39725_at	RBM39	RNA binding motif protein 39	0.934	6.474
39728_at	IFI30///PIK3R2	IFI30, lysosomal thiol reductase///phosphoinositide-3-kinase regulatory subunit 2	1.707	8.18
39732_at	MAP7	microtubule associated protein 7	-0.7	2.157
39738_at	MYH9	myosin, heavy chain 9, non-muscle	1.194	4.448
39744_at	DDX3X	DEAD-box helicase 3, X-linked	0.894	2.88
39747_at	POLR2G	RNA polymerase II subunit G	0.543	2.345
39749_at	PSMD4	proteasome 26S subunit, non-ATPase 4	0.451	3.543
39755_at	XBP1	X-box binding protein 1	0.673	2.451
39756_g_at	XBP1	X-box binding protein 1	1.065	5.37
39760_at	QKI	QKI, KH domain containing RNA binding	1.008	4.677
39761_at	AVL9	AVL9 cell migration associated	-0.277	2.535
39768_at	CNP	2',3'-cyclic nucleotide 3' phosphodiesterase	-0.632	2.486
39770_at	SMG7	SMG7, nonsense mediated mRNA decay factor	-0.623	4.988
39775_at	SERPING1	serpin family G member 1	1.358	6.351
39777_at	MYCBP2	MYC binding protein 2, E3 ubiquitin protein ligase	0.898	5.951
39778_at	MGAT1	mannosyl (alpha-1,3-)-glycoprotein beta-1,2-N-acetylglucosaminyltransferase	-0.546	4.3
39780_at	PPP3CB	protein phosphatase 3 catalytic subunit beta	0.387	2.085
39785_at	CEP57	centrosomal protein 57	0.376	2.965
39792_at	HNRNPR	heterogeneous nuclear ribonucleoprotein R	0.829	2.582
39799_at	FABP5	fatty acid binding protein 5	1.61	6.941
39801_at	PLOD3	procollagen-lysine,2-oxoglutarate 5-dioxygenase 3	-0.34	3.215
39810_at	KXD1	KxDL motif containing 1	-0.516	4.028
39811_at	KXD1	KxDL motif containing 1	0.383	3.368
39815_at	NENF	neudesin neurotrophic factor	-0.614	3.599
39817_s_at	DNPH1	2'-deoxynucleoside 5'-phosphate N-hydrolase 1	-0.675	2.529
39820_at	LOC101930306///RRN3P1///RRN3P2///RRN3	uncharacterized LOC101930306///RRN3 homolog, RNA polymerase I transcription factor pseudogene 1///RRN3 homolog, RNA polymerase I transcription factor pseudogene 2///RRN3 homolog, RNA polymerase I transcription factor	0.967	5.988
39824_at	PTP4A3	protein tyrosine phosphatase type IVA, member 3	0.742	6.503
39826_f_at	DDIT4	DNA damage inducible transcript 4	0.326	2.195
39827_at	DDIT4	DNA damage inducible transcript 4	1.426	3.443
39828_at	ARL4C	ADP ribosylation factor like GTPase 4C	0.359	2.21
39842_at	CRLF1	cytokine receptor like factor 1	-0.441	3.96
39849_at	KCNS1	potassium voltage-gated channel modifier subfamily S member 1	-0.588	3.953
39850_at	ANK2	ankyrin 2, neuronal	-0.788	2.515
39854_r_at	PNPLA2	patatin like phospholipase domain containing 2	-0.649	3.41
39855_at	FZR1	fizzy/cell division cycle 20 related 1	-0.316	2.412
39862_at	PRSS53	protease, serine 53	-0.433	3.136
39866_at	USP22	ubiquitin specific peptidase 22	-0.691	2.13
39875_at	WASL	Wiskott-Aldrich syndrome like	-0.537	2.326
39876_at	ENTPD6	ectonucleoside triphosphate diphosphohydrolase 6 (putative)	0.367	2.194
39878_at	PCDH9	protocadherin 9	-0.257	2.217
39880_at	LRRC37A2///LRRC37A3///LRRC37A4P///LRRC37A	leucine rich repeat containing 37 member A2///leucine rich repeat containing 37 member A3///leucine rich repeat containing 37 member A4, pseudogene///leucine rich repeat containing 37A	-0.695	3.622
39882_at	TIMM8A	translocase of inner mitochondrial membrane 8 homolog A (yeast)	-0.446	2.278
39887_at	GRIP1	glutamate receptor interacting protein 1	-0.356	2.022
39893_at	GNG7	G protein subunit gamma 7	-0.619	2.204
39895_r_at	BRD1	bromodomain containing 1	-0.628	3.485
39896_at	DHX16	DEAH-box helicase 16	-0.485	1.99
39897_at	YTHDC1	YTH domain containing 1	1.151	5.721
39899_at	CADM4	cell adhesion molecule 4	-0.91	2.187
398_at	DDX18	DEAD-box helicase 18	0.382	2.791
39904_at	CIB2	calcium and integrin binding family member 2	-0.437	3.186
39906_r_at	ARFGAP3	ADP ribosylation factor GTPase activating protein 3	0.765	2.371
39911_at			-0.43	4.054
39914_r_at	TRPM2	transient receptor potential cation channel subfamily M member 2	-0.359	2.871
39919_at	C1QL1	complement C1q like 1	-0.486	2.523
39920_r_at	C1QL1	complement C1q like 1	-0.595	3.861
39929_at	KIAA0922	KIAA0922	0.399	2.19
39936_at	CCR2	C-C motif chemokine receptor 2	1.219	4.662
39945_at	FAP	fibroblast activation protein alpha	0.734	3.518
39950_at	SMPDL3A	sphingomyelin phosphodiesterase acid like 3A	-0.741	2.238
39959_at	UBD///GABBR1	ubiquitin D///gamma-aminobutyric acid type B receptor subunit 1	2.537	5.29
39962_at	CDC42BPA	CDC42 binding protein kinase alpha	-0.37	2.812
39964_at	RP2	retinitis pigmentosa 2 (X-linked recessive)	0.801	2.305
39968_at	LTC4S	leukotriene C4 synthase	0.385	3.282
39970_at	NR0B1	nuclear receptor subfamily 0 group B member 1	-0.571	2.809
39972_at	GPR17	G protein-coupled receptor 17	-0.516	4.079
39973_at	P3H3	prolyl 3-hydroxylase 3	-0.361	3.122
39977_at	ZBTB11	zinc finger and BTB domain containing 11	0.584	3.024
39979_at	F10	coagulation factor X	-0.258	2.013
39981_at	MSR1	macrophage scavenger receptor 1	0.794	4.742
39984_g_at	GLMN	glomulin, FKBP associated protein	1.044	3.265
39986_at	METTL21B	methyltransferase like 21B	-0.301	1.943
39988_at	TAP2	transporter 2, ATP binding cassette subfamily B member	0.441	3.065
39994_at	CCR1	C-C motif chemokine receptor 1	0.935	2.494
39997_at	CFP	complement factor properdin	0.496	2.634
40004_at	SIX1	SIX homeobox 1	-0.256	2.67
40006_at	ST3GAL2	ST3 beta-galactoside alpha-2,3-sialyltransferase 2	-0.44	3.572
40015_at	MAST4	microtubule associated serine/threonine kinase family member 4	-0.383	3.739
40016_g_at	MAST4	microtubule associated serine/threonine kinase family member 4	-0.551	4.485
40019_at	EVI2B	ecotropic viral integration site 2B	2.948	6.265
40022_at	FKTN	fukutin	-0.614	2.195
40024_at	STAC	SH3 and cysteine rich domain	-0.523	3.793
40026_g_at	ATP5S	ATP synthase, H+ transporting, mitochondrial Fo complex subunit s (factor B)	1.111	5.824
40029_at	MEGF6	multiple EGF like domains 6	-0.784	2.852
40030_at	PRKY	protein kinase, Y-linked, pseudogene	0.382	2.075
40035_at	KLK11	kallikrein related peptidase 11	-0.301	2.713
40037_at	XPNPEP2	X-prolyl aminopeptidase 2	-1.596	5.328
40038_at	MIR6132///ST7-OT3///ST7	microRNA 6132///ST7 overlapping transcript 3///suppression of tumorigenicity 7	-0.756	5.505
40041_at	NDC80	NDC80, kinetochore complex component	1.045	4.904
40050_at	CBFA2T2	CBFA2/RUNX1 translocation partner 2	-0.292	2.341
40051_at	TRAM2	translocation associated membrane protein 2	0.432	3.881
40055_s_at	MMP19	matrix metallopeptidase 19	-0.338	2.441
40056_at	SLC35B1	solute carrier family 35 member B1	-0.391	2.736
40063_at	CALCOCO2	calcium binding and coiled-coil domain 2	0.766	4.051
40066_at	UBA3	ubiquitin like modifier activating enzyme 3	0.958	4.262
40067_at	ELF1	E74 like ETS transcription factor 1	1.083	6.246
40069_at	SVIL	supervillin	0.524	2.075
40074_at	MTHFD2	methylenetetrahydrofolate dehydrogenase (NADP+ dependent) 2, methenyltetrahydrofolate cyclohydrolase	1.25	6.924
40076_at	TPD52L2	tumor protein D52 like 2	1.171	4.919
40077_at	ACO1	aconitase 1	-0.694	4.547
40081_at	PLTP	phospholipid transfer protein	0.614	3.45
40083_at	SETX	senataxin	0.747	5.34
40091_at	BCL6	B-cell CLL/lymphoma 6	1.278	2.316
40093_at	BCAM	basal cell adhesion molecule (Lutheran blood group)	-0.31	1.874
40095_at	CA2	carbonic anhydrase 2	-1.352	4.86
400_at	PDX1	pancreatic and duodenal homeobox 1	-0.559	3.248
40100_at	ARHGEF2	Rho/Rac guanine nucleotide exchange factor 2	0.325	1.881
40102_at	OSBPL2	oxysterol binding protein like 2	-0.444	2.55
40108_at	BZW1	basic leucine zipper and W2 domains 1	0.83	3.639
40110_at	IDH3B	isocitrate dehydrogenase 3 (NAD(+)) beta	-0.591	4.673
40113_at	TRIB2	tribbles pseudokinase 2	0.698	3.25
40117_at	MCM6	minichromosome maintenance complex component 6	0.647	6.74
40120_at	HAGH	hydroxyacylglutathione hydrolase	-0.56	2.788
40129_at	PRKDC	protein kinase, DNA-activated, catalytic polypeptide	0.653	2.925
40133_s_at	GRHPR	glyoxylate and hydroxypyruvate reductase	-0.854	2.535
40141_at	CUL4B	cullin 4B	0.502	3.523
40146_at	RAP1B	RAP1B, member of RAS oncogene family	1.283	5.651
40149_at	SH2B1	SH2B adaptor protein 1	-0.224	2.197
40150_at	SNRPD3	small nuclear ribonucleoprotein D3 polypeptide	0.642	2.341
40151_s_at	PEX5	peroxisomal biogenesis factor 5	-0.669	6.708
40152_r_at	PEX5	peroxisomal biogenesis factor 5	-0.893	4.522
40153_at	TAP1	transporter 1, ATP binding cassette subfamily B member	1.623	7.447
40173_at	FRAT2	frequently rearranged in advanced T-cell lymphomas 2	-0.352	2.387
40174_at	CLCN2	chloride voltage-gated channel 2	-0.284	1.946
40176_at	TRIM27	tripartite motif containing 27	0.297	2.032
40178_at	ZBTB33	zinc finger and BTB domain containing 33	-0.583	2.267
40180_at	IRS2	insulin receptor substrate 2	-0.7	3.592
40182_s_at	CARM1	coactivator associated arginine methyltransferase 1	-0.285	2.335
40183_at	YIPF2	Yip1 domain family member 2	-0.433	2.325
40184_at	CSNK1A1	casein kinase 1 alpha 1	0.73	5.901
40185_at	GFAP	glial fibrillary acidic protein	-0.278	2.119
40186_at	DUSP9	dual specificity phosphatase 9	-0.886	5.572
40188_f_at			-0.239	2.014
40192_at			-0.535	2.57
40195_at	H2AFX	H2A histone family member X	0.312	2.53
40200_at	HSF1	heat shock transcription factor 1	-0.332	3.11
40201_at	DDC	dopa decarboxylase	-2.333	4.734
40210_at	RAB13	RAB13, member RAS oncogene family	0.463	2.327
40211_at	HNRNPA1P10///HNRNPA1	heterogeneous nuclear ribonucleoprotein A1 pseudogene 10///heterogeneous nuclear ribonucleoprotein A1	0.855	2.412
40215_at	UGCG	UDP-glucose ceramide glucosyltransferase	1.232	6.232
40217_s_at	CDS1	CDP-diacylglycerol synthase 1	-0.356	1.973
40225_at	GAK	cyclin G associated kinase	0.573	3.691
40226_at	GAK	cyclin G associated kinase	-0.446	3.049
40227_at	DCBLD2	discoidin, CUB and LCCL domain containing 2	0.749	6.007
40229_at	TOM1L1	target of myb1 like 1 membrane trafficking protein	-0.688	3.275
40235_at	TNK2	tyrosine kinase non receptor 2	-0.391	2.362
40239_g_at	IQCK	IQ motif containing K	-0.889	7.232
40243_at	GNAL	G protein subunit alpha L	-0.273	1.985
40263_at	ZFPL1	zinc finger protein like 1	-0.533	3.008
40264_g_at	ZFPL1	zinc finger protein like 1	0.232	2.005
40268_at	FOSL2	FOS like 2, AP-1 transcription factor subunit	-0.427	5.588
40271_at	NUP93	nucleoporin 93	-0.286	3.056
40280_at	LRRC23	leucine rich repeat containing 23	-0.768	6.538
40282_s_at	CFD	complement factor D	1.168	8.628
40286_r_at	KLHL35	kelch like family member 35	-0.577	3.735
40288_r_at	KLHL35	kelch like family member 35	-0.343	2.542
40291_r_at	ST3GAL1	ST3 beta-galactoside alpha-2,3-sialyltransferase 1	-0.545	3.156
40299_at	GPR161	G protein-coupled receptor 161	-0.537	4.677
402_s_at	ICAM3	intercellular adhesion molecule 3	0.879	4.556
40300_g_at	GPR161	G protein-coupled receptor 161	0.331	3.818
40308_at	ATAD2B	ATPase family, AAA domain containing 2B	0.533	5.44
40310_at	TLR2	toll like receptor 2	2.122	4.46
40319_at	DYNC1I1	dynein cytoplasmic 1 intermediate chain 1	-0.445	2.198
40321_at	IL1RL1	interleukin 1 receptor like 1	-0.397	2.434
40323_at	CD38	CD38 molecule	0.365	2.281
40324_r_at	TOP3B	topoisomerase (DNA) III beta	-0.437	3.741
40325_at	NTHL1	nth like DNA glycosylase 1	0.564	6.935
40328_at	TWIST1	twist family bHLH transcription factor 1	-0.609	3.836
40332_at	OGFR	opioid growth factor receptor	0.47	4.11
40333_at	BMP4	bone morphogenetic protein 4	-0.337	2.486
40335_at	CLCN4	chloride voltage-gated channel 4	-0.496	3.681
40339_at	GABRP	gamma-aminobutyric acid type A receptor pi subunit	0.495	2.706
40342_at	DAZ4///DAZ2///DAZ3///DAZ1	deleted in azoospermia 4///deleted in azoospermia 2///deleted in azoospermia 3///deleted in azoospermia 1	-0.425	2.686
40351_at	GNB3	G protein subunit beta 3	-0.248	2.175
40365_at	GNA15	G protein subunit alpha 15	0.412	2.816
40366_at	SELP	selectin P	0.415	3.143
40368_r_at	CPN2	carboxypeptidase N subunit 2	-0.914	2.118
40369_f_at	HLA-G	major histocompatibility complex, class I, G	1.527	10.176
40370_f_at	HLA-G	major histocompatibility complex, class I, G	1.511	10.051
40371_at	DRD2	dopamine receptor D2	-0.397	2.584
40372_at	PNLIPRP1	pancreatic lipase related protein 1	-0.716	2.63
40374_at	ANKRD1	ankyrin repeat domain 1	-0.437	3.659
40382_at	CRH	corticotropin releasing hormone	-0.318	1.848
40383_at	THOC5	THO complex 5	-0.311	1.852
40384_at	NPHP1	nephrocystin 1	-0.5	2.528
40407_at	KPNA2	karyopherin subunit alpha 2	1.595	7.548
40408_at	CARS	cysteinyl-tRNA synthetase	0.555	4.015
40409_at	ALDH3A2	aldehyde dehydrogenase 3 family member A2	-1.152	4.66
40411_at	NCOA6	nuclear receptor coactivator 6	-0.547	2.24
40415_at	ACAA1	acetyl-CoA acyltransferase 1	-0.982	3.619
40417_at	CCT5	chaperonin containing TCP1 subunit 5	0.675	2.679
40420_at	STK10	serine/threonine kinase 10	0.671	4.798
40434_at	PODXL	podocalyxin like	-1.228	3.542
40437_at	TMEM87A	transmembrane protein 87A	0.563	3.175
40438_at	PPP1R12A	protein phosphatase 1 regulatory subunit 12A	1.06	2.982
40442_f_at	SERBP1	SERPINE1 mRNA binding protein 1	-1.038	6.833
40445_at	ELF3	E74 like ETS transcription factor 3	0.341	2.006
40453_s_at	SRSF5	serine and arginine rich splicing factor 5	0.659	2.536
40455_at	ENDOD1	endonuclease domain containing 1	0.361	2.094
40460_s_at	ACOX1	acyl-CoA oxidase 1	0.275	1.956
40461_at	ZHX3	zinc fingers and homeoboxes 3	-0.35	2.002
40462_at	TRPC4AP	transient receptor potential cation channel subfamily C member 4 associated protein	-0.388	1.904
40464_g_at	TNPO1	transportin 1	1.055	6.358
40467_at	SDHD	succinate dehydrogenase complex subunit D	-0.84	4.322
40468_at	FNBP1	formin binding protein 1	1.453	7.353
40472_at	LPCAT4	lysophosphatidylcholine acyltransferase 4	-0.562	3.199
40473_at	STK24	serine/threonine kinase 24	0.465	3.268
40474_r_at	KPNA1	karyopherin subunit alpha 1	-0.614	2.236
40475_at	CAPN6	calpain 6	-0.445	2.706
40479_at	FYN	FYN proto-oncogene, Src family tyrosine kinase	-0.711	2.344
40481_r_at	FYN	FYN proto-oncogene, Src family tyrosine kinase	-0.513	1.853
40490_at	DDX21	DEAD-box helicase 21	0.941	2.328
40492_at	FRYL	FRY like transcription coactivator	0.435	4.589
40493_at	CD44	CD44 molecule (Indian blood group)	2.157	8.205
40496_at	C1S	complement component 1, s subcomponent	2.194	4.883
40499_r_at	NPRL2	NPR2-like, GATOR1 complex subunit	-0.574	4.62
404_at	IL4R	interleukin 4 receptor	1.164	5.598
40500_at	NDRG4	NDRG family member 4	-0.492	3.659
40502_r_at	MYBPC1	myosin binding protein C, slow type	-0.447	2.281
40505_at	UBE2L6	ubiquitin conjugating enzyme E2 L6	1.712	10.8
40507_at	SLC2A1	solute carrier family 2 member 1	0.411	2.64
40511_at	GATA3	GATA binding protein 3	-0.348	2.356
40516_at	AHR	aryl hydrocarbon receptor	0.989	3.582
40518_at	PTPRC	protein tyrosine phosphatase, receptor type C	3.204	7.209
40519_at	PTPRC	protein tyrosine phosphatase, receptor type C	3.504	6.871
40520_g_at	PTPRC	protein tyrosine phosphatase, receptor type C	1.087	5.209
40521_at	RGL2	ral guanine nucleotide dissociation stimulator like 2	0.404	2.74
40522_at	GLUL	glutamate-ammonia ligase	1.953	6.211
40523_at	FOXA2	forkhead box A2	0.59	2.674
40537_at	EIF5B	eukaryotic translation initiation factor 5B	0.443	2.385
40538_at	SLC26A10	solute carrier family 26 member 10	-0.434	2.128
40541_at	ASS1	argininosuccinate synthase 1	-2.023	9.128
40542_at	ASCL1	achaete-scute family bHLH transcription factor 1	-0.415	3.748
40550_at	IDS	iduronate 2-sulfatase	-0.578	6.807
40552_s_at			0.565	2.451
40557_at	GUCA1B	guanylate cyclase activator 1B	-0.381	3.081
40559_at	FAM27B///FAM27C///FAM182B	family with sequence similarity 27 member B///family with sequence similarity 27 member C///family with sequence similarity 182 member B	-0.466	4.412
40564_at	NUP50	nucleoporin 50	0.544	2.798
40565_at			-0.243	2.246
40567_at	TUBA1A	tubulin alpha 1a	2.085	5.689
40571_at	MYO5A	myosin VA	0.87	4.924
40578_s_at	TMOD1	tropomodulin 1	-0.398	3.914
40580_r_at	PTMS	parathymosin	-0.557	4.526
40582_at	PTPRJ	protein tyrosine phosphatase, receptor type J	-0.65	4.633
40585_at	ADCY7	adenylate cyclase 7	1.637	6.898
40590_at			-0.56	5.045
40593_at	MIR4745///PTBP1	microRNA 4745///polypyrimidine tract binding protein 1	0.563	2.545
40596_at	TCOF1	treacle ribosome biogenesis factor 1	0.322	3.279
40597_g_at	TCOF1	treacle ribosome biogenesis factor 1	-0.666	4.865
40598_at	STARD5	StAR related lipid transfer domain containing 5	-0.316	2.648
40599_at	IL16	interleukin 16	-0.657	2.622
405_at	RXRA	retinoid X receptor alpha	-0.376	2.957
40602_at	SPRED2	sprouty related EVH1 domain containing 2	-0.543	2.878
40604_at	DYRK2	dual specificity tyrosine phosphorylation regulated kinase 2	0.26	2.039
40607_at	DPYSL2	dihydropyrimidinase like 2	0.648	2.174
40608_at	ATXN7L3B	ataxin 7 like 3B	-0.55	3.547
40612_at	DOPEY1	dopey family member 1	-0.525	2.77
40613_at	C6orf62	chromosome 6 open reading frame 62	1.243	4.226
40614_at	SHB	SH2 domain containing adaptor protein B	-0.531	2.456
40615_at	SPG11	spastic paraplegia 11 (autosomal recessive)	0.698	5.199
40620_at	PAWR	pro-apoptotic WT1 regulator	-0.335	2.619
40622_r_at	UBE3B	ubiquitin protein ligase E3B	-0.613	3.712
40630_at			-0.347	3.146
40634_at	NAP1L1	nucleosome assembly protein 1 like 1	0.67	4.963
40650_r_at	CRHR1	corticotropin releasing hormone receptor 1	-0.426	2.99
40652_at	PASK	PAS domain containing serine/threonine kinase	0.309	2.158
40654_at	PEX7	peroxisomal biogenesis factor 7	-0.525	2.154
40665_at	FMO3	flavin containing monooxygenase 3	0.732	2.133
40666_at	ENTPD5	ectonucleoside triphosphate diphosphohydrolase 5	-0.54	3.004
40673_at	ACADSB	acyl-CoA dehydrogenase, short/branched chain	-1.144	2.925
40674_s_at	HOXC6	homeobox C6	-0.512	2.017
40678_at	ST8SIA1	ST8 alpha-N-acetyl-neuraminide alpha-2,8-sialyltransferase 1	-0.86	7.718
40679_at	SLC6A12	solute carrier family 6 member 12	-0.523	3.081
40683_at	GRB14	growth factor receptor bound protein 14	-0.633	2.656
40684_at	GCHFR	GTP cyclohydrolase I feedback regulator	-0.384	2.607
40698_at	CLEC2B	C-type lectin domain family 2 member B	1.467	4.408
40699_at	CD8A	CD8a molecule	1.311	5.929
40702_at	IFNG	interferon gamma	0.438	4.966
40715_at	CD180	CD180 molecule	0.54	2.966
40716_at	MAN1C1	mannosidase alpha class 1C member 1	-0.361	2.101
40720_at	TRAF3IP3	TRAF3 interacting protein 3	1.277	7.102
40721_g_at	TRAF3IP3	TRAF3 interacting protein 3	0.61	2.84
40722_at	EFCAB11	EF-hand calcium binding domain 11	-0.804	3.497
40723_at	SIT1	signaling threshold regulating transmembrane adaptor 1	0.27	2.451
40728_at	ALOX12P2	arachidonate 12-lipoxygenase pseudogene 2	-0.365	4.124
40749_at	MS4A1	membrane spanning 4-domains A1	0.528	2.017
40751_at	IZUMO4	IZUMO family member 4	-0.658	4.905
40753_at	SNCB	synuclein beta	0.247	1.849
40756_at	NPM3	nucleophosmin/nucleoplasmin 3	0.184	2.574
40757_at	GZMA	granzyme A	1.228	4.895
40759_at	MMP16	matrix metallopeptidase 16	-0.516	3.299
40762_g_at	SLC16A5	solute carrier family 16 member 5	-0.752	4.939
40765_at	LOC102724985///PDXDC1	pyridoxal-dependent decarboxylase domain-containing protein 1///pyridoxal dependent decarboxylase domain containing 1	-0.456	4.235
40771_at	MSN	moesin	1.076	6.245
40775_at	ITM2A	integral membrane protein 2A	1.844	4.712
40777_at	CTNNB1	catenin beta 1	0.679	2.098
40778_at	HSD17B10	hydroxysteroid 17-beta dehydrogenase 10	-0.291	1.972
40780_at	CTBP2	C-terminal binding protein 2	0.487	3.195
40782_at	DHRS3	dehydrogenase/reductase 3	-0.562	2.217
40786_at	PPP2R5C	protein phosphatase 2 regulatory subunit B'gamma	0.801	4.587
40794_at	KLK3	kallikrein related peptidase 3	-0.432	2.006
40797_at	ADAM10	ADAM metallopeptidase domain 10	0.35	2.482
40799_at	HN1L	hematological and neurological expressed 1 like	-0.467	3.032
40801_at	GAPVD1	GTPase activating protein and VPS9 domains 1	0.514	2.108
40803_at	TMEM123	transmembrane protein 123	1.122	3.839
40804_at	NUP88	nucleoporin 88	-0.421	2.566
40815_g_at	IDS	iduronate 2-sulfatase	-0.319	2.737
40816_at	PWP1	PWP1 homolog, endonuclein	0.433	3.4
40818_at	RBPJ	recombination signal binding protein for immunoglobulin kappa J region	1.188	4.075
40821_at	AHCY	adenosylhomocysteinase	-0.687	3.163
40822_at	NFATC3	nuclear factor of activated T-cells 3	1.032	5.325
40826_at	MARK3	microtubule affinity regulating kinase 3	0.334	1.923
40829_at	WDTC1	WD and tetratricopeptide repeats 1	-0.43	3.082
40836_s_at	EML3	echinoderm microtubule associated protein like 3	-0.432	2.791
40837_at	TLE2	transducin like enhancer of split 2	-0.379	2.016
40838_at	ZNF292	zinc finger protein 292	0.866	3.621
40839_at	UBL3	ubiquitin like 3	-0.22	2.184
40841_at	TACC1	transforming acidic coiled-coil containing protein 1	0.556	2.288
40842_at	SNRPA	small nuclear ribonucleoprotein polypeptide A	0.366	1.877
40851_r_at	SEC23B	Sec23 homolog B, coat complex II component	0.594	2.64
40856_at	SERPINF1	serpin family F member 1	0.453	3.512
40861_at	MORF4L2	mortality factor 4 like 2	0.524	1.858
40863_r_at	CKB	creatine kinase B	-0.355	2.593
40865_at	TDG	thymine DNA glycosylase	0.603	4.787
40866_at	NIPSNAP1	nipsnap homolog 1 (C. elegans)	-0.762	4.969
40868_at	THUMPD1	THUMP domain containing 1	0.551	1.956
40874_at	CDV3	CDV3 homolog	0.782	5.395
40875_s_at	SNRNP70	small nuclear ribonucleoprotein U1 subunit 70	0.567	2.829
40876_at	GYG1	glycogenin 1	0.999	4.782
40880_r_at	CLCN3	chloride voltage-gated channel 3	-0.449	1.912
40884_g_at	STX16	syntaxin 16	-0.399	2.032
40885_s_at	STX16	syntaxin 16	0.469	3.02
40890_at	MTX1	metaxin 1	-0.416	3.691
40897_at	PDE6A	phosphodiesterase 6A	-0.287	2.101
40907_at			-0.409	3
40910_at	CAPZA1	capping actin protein of muscle Z-line alpha subunit 1	2.169	8.899
40911_at			-0.296	2.719
40912_s_at	BPHL	biphenyl hydrolase like	-0.533	2.823
40913_at	ATP2B4	ATPase plasma membrane Ca2+ transporting 4	0.377	3.481
40926_at	SLC6A10PB///SLC6A10P///SLC6A8	solute carrier family 6 member 8 pseudogene///solute carrier family 6 member 10, pseudogene///solute carrier family 6 member 8	-0.361	1.892
40928_at	WSB1	WD repeat and SOCS box containing 1	1.143	2.818
40940_at	VAPB	VAMP associated protein B and C	-0.491	2.007
40947_at	ISG20L2	interferon stimulated exonuclease gene 20 like 2	-0.512	4.922
40954_at	FXYD6-FXYD2///FXYD2	FXYD6-FXYD2 readthrough///FXYD domain containing ion transport regulator 2	-1.134	2.616
40955_at	PTOV1	prostate tumor overexpressed 1	-0.407	2.718
40957_at	SUZ12	SUZ12 polycomb repressive complex 2 subunit	0.57	2.623
40958_at	SPTB	spectrin beta, erythrocytic	-0.252	2.638
40959_at	PLEKHG3	pleckstrin homology and RhoGEF domain containing G3	-0.264	2.966
40960_at	B4GALT1	beta-1,4-galactosyltransferase 1	0.786	2.231
40963_at	ABCA4	ATP binding cassette subfamily A member 4	-0.357	2.893
40972_at	AKT2	AKT serine/threonine kinase 2	0.394	2.03
40975_s_at	TFIP11	tuftelin interacting protein 11	-0.531	2.175
40976_at	KATNB1	katanin regulatory subunit B1	-0.937	1.878
40980_at	CHD8	chromodomain helicase DNA binding protein 8	0.407	3.447
40983_s_at	SRR	serine racemase	0.492	4.04
40988_at	YME1L1	YME1 like 1 ATPase	0.64	2.318
40990_at	TSPAN5	tetraspanin 5	0.304	3.03
40992_s_at	SAP30	Sin3A associated protein 30	0.55	4.128
40994_at	GRK5	G protein-coupled receptor kinase 5	0.365	2.204
40996_s_at	NEFL	neurofilament, light polypeptide	-0.348	1.916
40997_at	PCBP2	poly(rC) binding protein 2	-0.378	2.986
41000_at	FOXN3	forkhead box N3	0.84	4.224
41003_at	PFDN4	prefoldin subunit 4	-0.64	2.434
41014_s_at	PITX2	paired like homeodomain 2	-0.316	2.071
41016_at	TNR	tenascin R	-0.438	3.014
41018_at	ABHD14A	abhydrolase domain containing 14A	-0.262	2.137
41020_at	PCSK2	proprotein convertase subtilisin/kexin type 2	-0.537	3.118
41024_f_at	GYPE	glycophorin E (MNS blood group)	-0.365	2.285
41033_at	ZNF84	zinc finger protein 84	0.49	3.706
41038_at	NCF2	neutrophil cytosolic factor 2	1.05	2.913
41042_r_at	MYO7A	myosin VIIA	-0.416	2.257
41043_at	SOX15	SRY-box 15	-0.366	3.735
41045_at	SECTM1	secreted and transmembrane 1	0.897	3.545
41047_at	C9orf16	chromosome 9 open reading frame 16	0.395	3.413
41052_s_at	LOC100507353///CACNA1A	uncharacterized LOC100507353///calcium voltage-gated channel subunit alpha1 A	-0.425	3.967
41054_at	FCHO1	FCH domain only 1	0.315	2.475
41058_g_at	ACOT13	acyl-CoA thioesterase 13	-0.652	1.869
41061_at	HIP1	huntingtin interacting protein 1	-0.408	2.365
41062_at	PCGF1	polycomb group ring finger 1	0.578	5.685
41066_at	SCGB2A1	secretoglobin family 2A member 1	0.719	3.136
41074_at	LGR5	leucine rich repeat containing G protein-coupled receptor 5	-0.531	2.686
41076_at	GJB3	gap junction protein beta 3	-0.36	2.905
41079_at	ASIC3	acid sensing ion channel subunit 3	-0.332	2.545
41088_at	ABHD2	abhydrolase domain containing 2	-0.345	3.614
41092_at	LDHC	lactate dehydrogenase C	-0.51	3.836
41096_at	S100A8	S100 calcium binding protein A8	1.601	3.794
41103_at	BRPF1	bromodomain and PHD finger containing 1	0.282	2.372
41105_s_at	AFDN	afadin, adherens junction formation factor	-0.332	2.368
41112_at	ZNF500	zinc finger protein 500	-0.403	3.247
41114_at	MAST2	microtubule associated serine/threonine kinase 2	-0.395	3.111
41121_at	STX16	syntaxin 16	-0.501	4.338
41125_r_at	ENPP2	ectonucleotide pyrophosphatase/phosphodiesterase 2	-0.854	7.059
41134_at	DLGAP4	DLG associated protein 4	-0.435	4.244
41135_at	RPL39	ribosomal protein L39	-0.623	2.593
41138_at	CD99	CD99 molecule	-0.474	2.071
41140_at	IFNGR2	interferon gamma receptor 2 (interferon gamma transducer 1)	1.079	8.531
41146_at	PARP1	poly(ADP-ribose) polymerase 1	0.737	5.078
41161_at	DAXX	death domain associated protein	0.469	2.573
41163_at	TMED3	transmembrane p24 trafficking protein 3	0.433	2.004
41164_at	IGHM	immunoglobulin heavy constant mu	2.35	3.894
41165_g_at	IGHM	immunoglobulin heavy constant mu	1.877	2.686
41166_at	IGHM	immunoglobulin heavy constant mu	0.46	3.498
41168_at	TAPBP	TAP binding protein (tapasin)	1.711	8.21
41170_at	LOC441155///ZC3H11A	zinc finger CCCH-type domain-containing-like///zinc finger CCCH-type containing 11A	0.939	4.165
41171_at	MIR7703///PSME2	microRNA 7703///proteasome activator subunit 2	1.895	9.775
41175_at	CBFB	core-binding factor beta subunit	0.482	4.033
41177_at	LPCAT1	lysophosphatidylcholine acyltransferase 1	1.214	4.519
41179_at	RNF44	ring finger protein 44	0.692	4.669
41184_s_at	PSMB8	proteasome subunit beta 8	1.546	9.499
41187_at	MYL12B	myosin light chain 12B	0.684	2.873
41189_at	TNFRSF25	TNF receptor superfamily member 25	0.29	2.636
41193_at	DUSP6	dual specificity phosphatase 6	0.721	2.081
41198_at	GRN	granulin	0.334	1.966
41206_r_at	COX6A1	cytochrome c oxidase subunit 6A1	-0.994	2.17
41218_at	USP34	ubiquitin specific peptidase 34	0.869	4.064
41219_at	AHSA2	AHA1, activator of heat shock 90kDa protein ATPase homolog 2 (yeast)	0.63	2.655
41224_at	LOC101929240///SNRNP200	U5 small nuclear ribonucleoprotein 200 kDa helicase pseudogene///small nuclear ribonucleoprotein U5 subunit 200	0.545	3.926
41226_at	DUSP3	dual specificity phosphatase 3	-0.373	4.317
41230_at	MAP2K5	mitogen-activated protein kinase kinase 5	0.478	4.281
41233_at	TMEM135///DNAJB6	transmembrane protein 135///DnaJ heat shock protein family (Hsp40) member B6	0.86	3.846
41235_at	ATF4	activating transcription factor 4	1.597	5.798
41237_at	HLA-A	major histocompatibility complex, class I, A	2.483	9.556
41238_s_at	CELA3B///CELA3A	chymotrypsin like elastase family member 3B///chymotrypsin like elastase family member 3A	-0.634	2.373
41239_r_at	CTSS	cathepsin S	3.072	3.604
41243_at	SLC35E2B///SLC35E2	solute carrier family 35 member E2B///solute carrier family 35 member E2	0.988	4.976
41246_at	SERPINE2	serpin family E member 2	1.102	3.478
41256_at	EEF1D	eukaryotic translation elongation factor 1 delta	1.449	7.996
41259_at	NOP16	NOP16 nucleolar protein	-0.428	3.194
41264_at	RBM4B	RNA binding motif protein 4B	-0.26	2.382
41271_at	SLC7A8	solute carrier family 7 member 8	-1.165	5.821
41285_at	INPP5A	inositol polyphosphate-5-phosphatase A	-0.412	2.151
41292_at	HNRNPH1	heterogeneous nuclear ribonucleoprotein H1 (H)	0.636	2.55
41296_s_at			-0.386	2.678
41304_at	NRP2	neuropilin 2	-0.465	2.469
41305_at	SLC5A2	solute carrier family 5 member 2	-0.367	2.623
41307_at	LINC01481	long intergenic non-protein coding RNA 1481	-0.556	4.64
41315_at	SAFB	scaffold attachment factor B	-0.298	2.509
41316_s_at	SAFB	scaffold attachment factor B	0.393	2.331
41318_g_at	RAP2A	RAP2A, member of RAS oncogene family	0.493	4.673
41329_at	SCYL3	SCY1 like pseudokinase 3	0.368	2.742
41333_at	ACAP2	ArfGAP with coiled-coil, ankyrin repeat and PH domains 2	0.71	2.224
41334_r_at	MTDH	metadherin	-1.081	2.815
41335_at	NSL1	NSL1, MIS12 kinetochore complex component	0.622	2.102
41338_at	AES	amino-terminal enhancer of split	0.758	2.367
41340_at	SEMA7A	semaphorin 7A (John Milton Hagen blood group)	-0.602	1.911
41341_at	SEMA7A	semaphorin 7A (John Milton Hagen blood group)	-0.509	2.321
41343_at	CDS2	CDP-diacylglycerol synthase 2	0.271	1.94
41345_at	PURA	purine rich element binding protein A	-0.242	2.105
41349_at	PSEN2	presenilin 2	0.34	2.669
41350_at	COL6A1	collagen type VI alpha 1 chain	-0.385	2.791
41354_at	STC1	stanniocalcin 1	-0.78	2.81
41358_at	CNNM2	cyclin and CBS domain divalent metal cation transport mediator 2	-0.259	2.047
41368_at	SLC13A3	solute carrier family 13 member 3	-1.572	5.05
41376_i_at	UGT2B7	UDP glucuronosyltransferase family 2 member B7	-2.588	4.112
41377_f_at	UGT2B7	UDP glucuronosyltransferase family 2 member B7	-2.339	3.415
41379_at	SMC5	structural maintenance of chromosomes 5	0.547	3.224
41380_at	DPH2	DPH2 homolog	0.384	3.247
41382_at	DMBT1	deleted in malignant brain tumors 1	-0.339	1.871
41394_at	PLD2	phospholipase D2	-0.248	2.324
41395_at	CHST1	carbohydrate sulfotransferase 1	-0.276	2.023
41399_at	PHF8	PHD finger protein 8	-0.45	2.904
41400_at	TK1	thymidine kinase 1	-0.407	2.645
41403_at	SNRPF	small nuclear ribonucleoprotein polypeptide F	0.636	2.5
41404_at	RPS6KA4	ribosomal protein S6 kinase A4	-0.532	6.404
41405_at	SFRP4	secreted frizzled related protein 4	-0.426	2.051
41407_at	MIR1236///NELFE	microRNA 1236///negative elongation factor complex member E	0.539	2.512
41409_at	THEMIS2	thymocyte selection associated family member 2	0.688	5.737
41412_at	CSDC2	cold shock domain containing C2	-0.648	6.987
41418_at	ADGRL1	adhesion G protein-coupled receptor L1	-0.197	2.088
41420_at	IGFBP5	insulin like growth factor binding protein 5	-0.466	2.235
41421_at	CAMTA2	calmodulin binding transcription activator 2	0.386	1.862
41422_at	DPYS	dihydropyrimidinase	-1.815	6.044
41425_at	FLI1	Fli-1 proto-oncogene, ETS transcription factor	0.873	5.214
41432_at	RPS6KA5	ribosomal protein S6 kinase A5	0.48	1.895
41433_at	VCAM1	vascular cell adhesion molecule 1	1.608	3.215
41435_at	PPFIA3	PTPRF interacting protein alpha 3	-0.251	1.974
41436_at	ZMYM2	zinc finger MYM-type containing 2	0.731	2.945
41445_at	TGFB1	transforming growth factor beta 1	-0.398	3.911
41446_f_at	MT1P3///MT1M///MT1G///MT1F	metallothionein 1 pseudogene 3///metallothionein 1M///metallothionein 1G///metallothionein 1F	-1.213	4.892
41456_at	GATB	glutamyl-tRNA amidotransferase subunit B	-0.238	2.192
41461_at	PMS1	PMS1 homolog 1, mismatch repair system component	0.421	3.23
41462_at	SNX2	sorting nexin 2	0.603	1.904
41463_at	C1orf216	chromosome 1 open reading frame 216	0.35	2.96
41464_at	SETD1A	SET domain containing 1A	-0.589	4.117
41467_at	MSH5-SAPCD1///SAPCD1///MSH5	MSH5-SAPCD1 readthrough (NMD candidate)///suppressor APC domain containing 1///mutS homolog 5	-0.307	2.139
41468_at	TARP///TRGV9///TRGC2	TCR gamma alternate reading frame protein///T cell receptor gamma variable 9///T cell receptor gamma constant 2	0.646	4.719
41470_at	PROM1	prominin 1	1.32	3.395
41471_at	S100A9	S100 calcium binding protein A9	1.12	2.049
41472_at	APOBEC3G	apolipoprotein B mRNA editing enzyme catalytic subunit 3G	1.052	7.728
41473_at	EPHX2	epoxide hydrolase 2	-1.082	3.487
41474_at	KIF2A	kinesin family member 2A	0.586	4.967
41480_at	RAD51C	RAD51 paralog C	-0.661	2.98
41484_r_at	JUND	JunD proto-oncogene, AP-1 transcription factor subunit	-0.343	2.726
41485_at	LDHA	lactate dehydrogenase A	0.758	2.888
41486_at	RASSF8	Ras association domain family member 8	-0.624	3.138
41489_at	TLE1	transducin like enhancer of split 1	0.407	2.008
41492_r_at	ATP11A	ATPase phospholipid transporting 11A	-0.458	2.311
41497_at	CDKN2D	cyclin dependent kinase inhibitor 2D	-0.666	4.67
41501_at	HIPK3	homeodomain interacting protein kinase 3	-0.327	3.778
41502_at	HIPK3	homeodomain interacting protein kinase 3	0.277	1.859
41505_r_at	MAF	MAF bZIP transcription factor	-0.813	2.644
41511_at	CIITA	class II major histocompatibility complex transactivator	0.472	2.961
41514_s_at	MRPL9	mitochondrial ribosomal protein L9	0.207	1.949
41515_at	RBBP7	RB binding protein 7, chromatin remodeling factor	-0.341	2.506
41518_at			-0.449	2.329
41520_at	PPP1R37	protein phosphatase 1 regulatory subunit 37	0.353	2.014
41523_at	RAB32	RAB32, member RAS oncogene family	0.488	2.49
41524_at	INPP1	inositol polyphosphate-1-phosphatase	0.627	4.34
41528_at	FAM168B	family with sequence similarity 168 member B	-0.571	4.828
41530_at	ACAA2	acetyl-CoA acyltransferase 2	-0.852	2.281
41532_at	ZBTB17	zinc finger and BTB domain containing 17	0.385	2.474
41533_at	FAM110B	family with sequence similarity 110 member B	-0.577	4.411
41535_at	CDK2AP1	cyclin dependent kinase 2 associated protein 1	0.859	2.28
41537_r_at	NFIX	nuclear factor I X	-0.603	2.074
41540_at	PPP1R7	protein phosphatase 1 regulatory subunit 7	0.304	2.648
41547_at	BUB3	BUB3, mitotic checkpoint protein	0.625	3.33
41549_s_at	AP1S2	adaptor related protein complex 1 sigma 2 subunit	0.808	2.879
41551_at	RER1	retention in endoplasmic reticulum sorting receptor 1	0.744	6.365
41552_g_at	RER1	retention in endoplasmic reticulum sorting receptor 1	0.497	3.803
41553_at	OSGIN2	oxidative stress induced growth inhibitor family member 2	-0.35	1.942
41560_at	PDCD2	programmed cell death 2	-0.749	4.373
41561_s_at	IFT20	intraflagellar transport 20	0.373	2.65
41567_at	TCF15	transcription factor 15 (basic helix-loop-helix)	-0.312	2.351
41569_at	DNAJC9	DnaJ heat shock protein family (Hsp40) member C9	0.31	2.758
41573_at	SP3	Sp3 transcription factor	0.895	3.405
41576_at			-0.411	2.953
41580_at	ARMCX4	armadillo repeat containing, X-linked 4	-0.541	3.057
41583_at	FEN1	flap structure-specific endonuclease 1	0.312	2.698
41585_at	SEL1L3	SEL1L family member 3	1.209	6.813
41588_at	FGF18	fibroblast growth factor 18	-0.596	2.589
41597_s_at	LOC102724364///LOC100996517///SEC22B	vesicle-trafficking protein SEC22b-like///vesicle-trafficking protein SEC22b///SEC22 homolog B, vesicle trafficking protein (gene/pseudogene)	0.533	2.254
415_at	CRKL	CRK like proto-oncogene, adaptor protein	-0.316	2.354
41601_at	ADAM17	ADAM metallopeptidase domain 17	0.463	2.229
41605_at	RALGAPB	Ral GTPase activating protein non-catalytic beta subunit	-0.597	4.477
41608_at	CRHBP	corticotropin releasing hormone binding protein	-0.574	3.596
41609_at	HLA-DMB	major histocompatibility complex, class II, DM beta	1.299	5.759
41611_at	TRIP4	thyroid hormone receptor interactor 4	-0.516	2.332
41617_at	HBE1	hemoglobin subunit epsilon 1	-0.48	2.544
41620_at	DOCK4	dedicator of cytokinesis 4	0.666	2.046
41624_r_at	FZR1	fizzy/cell division cycle 20 related 1	-0.71	3.474
41625_at	MED13	mediator complex subunit 13	0.574	2.179
41632_at	E2F3	E2F transcription factor 3	1.329	3.199
41635_at	WTAP	Wilms tumor 1 associated protein	1.234	5.073
41638_at	PPWD1	peptidylprolyl isomerase domain and WD repeat containing 1	0.901	3.462
41640_at	YIPF1	Yip1 domain family member 1	0.492	3.251
41642_at	LOC102725134	uncharacterized LOC102725134	0.501	2.144
41646_at	TAOK3	TAO kinase 3	0.51	2.526
41649_at	FOXJ2	forkhead box J2	0.541	4.643
41651_at	KIAA1033	KIAA1033	0.665	4.028
41671_at	EML1	echinoderm microtubule associated protein like 1	-0.778	2.545
41680_at	TTC39A	tetratricopeptide repeat domain 39A	-0.454	2.118
41682_s_at	BCKDHB	branched chain keto acid dehydrogenase E1 subunit beta	-0.339	1.965
41689_at	PLLP	plasmolipin	-0.442	3.089
41692_at	SYNJ1	synaptojanin 1	0.952	3.503
41695_at	ZBTB43	zinc finger and BTB domain containing 43	-0.471	3.016
41697_at	ACOX3	acyl-CoA oxidase 3, pristanoyl	-0.47	2.207
41698_at	SLC9A8	solute carrier family 9 member A8	0.615	3.913
41701_at	C6	complement component 6	-0.561	2.181
41703_r_at			-0.728	7.489
41707_at	SARM1	sterile alpha and TIR motif containing 1	-0.3	1.921
41710_at	GSAP	gamma-secretase activating protein	1.048	6.13
41711_at	TXNRD2	thioredoxin reductase 2	0.211	1.865
41716_at	DMXL2	Dmx like 2	0.733	2.391
41718_g_at	MIR1908///FADS1	microRNA 1908///fatty acid desaturase 1	-0.318	2.395
41720_r_at	MIR1908///FADS1	microRNA 1908///fatty acid desaturase 1	-0.399	3.041
41723_s_at	LOC101060835///LOC100996809///HLA-DRB6///HLA-DRB5///HLA-DRB4///HLA-DRB3///HLA-DRB1///HLA-DQB1	HLA class II histocompatibility antigen, DQ beta 1 chain-like///HLA class II histocompatibility antigen, DRB1-10 beta chain-like///major histocompatibility complex, class II, DR beta 6 (pseudogene)///major histocompatibility complex, class II, DR beta 5///major histocompatibility complex, class II, DR beta 4///major histocompatibility complex, class II, DR beta 3///major histocompatibility complex, class II, DR beta 1///major histocompatibility complex, class II, DQ beta 1	2.627	8.12
41724_at	BCAP31	B-cell receptor-associated protein 31	0.459	2.079
41729_at	ARIH1	ariadne RBR E3 ubiquitin protein ligase 1	0.325	3.166
41731_g_at	MYL3	myosin light chain 3	-0.536	5.017
41732_at	BOLA2	bolA family member 2	0.415	3.003
41734_at	DENND3	DENN domain containing 3	0.711	2.107
41741_at	RBM3	RNA binding motif (RNP1, RRM) protein 3	1.233	4.751
41745_at	IFITM3	interferon induced transmembrane protein 3	1.288	4.81
41746_at	SNU13	SNU13 homolog, small nuclear ribonucleoprotein (U4/U6.U5)	0.417	3.772
41749_at	C21orf33	chromosome 21 open reading frame 33	-0.862	4.476
41750_at	PDIA6	protein disulfide isomerase family A member 6	-0.525	2.159
41759_at	SKP1	S-phase kinase-associated protein 1	-0.402	3.014
41762_at	TIAL1	TIA1 cytotoxic granule-associated RNA binding protein-like 1	-0.465	2.067
41764_at	APOC1	apolipoprotein C1	1.519	7.421
41768_at	PRKAR1A	protein kinase cAMP-dependent type I regulatory subunit alpha	0.527	2.145
41770_at	MAOA	monoamine oxidase A	-0.568	2.067
41772_at	MAOA	monoamine oxidase A	-1.004	3.21
41778_at	SLC1A5	solute carrier family 1 member 5	-0.256	2.327
41781_at	PPFIA1	PTPRF interacting protein alpha 1	-0.491	2.627
41783_at	CRABP2	cellular retinoic acid binding protein 2	-0.258	2.429
41784_at	PNISR	PNN interacting serine and arginine rich protein	0.659	2.718
41790_at	ALDH5A1	aldehyde dehydrogenase 5 family member A1	-0.646	2.713
41795_at	NCK1	NCK adaptor protein 1	0.446	2.294
41796_at	PLCL2	phospholipase C like 2	0.277	2.224
41798_at	SMPD2	sphingomyelin phosphodiesterase 2	-0.31	2.318
41809_at	TMEM243	transmembrane protein 243	0.405	1.883
41817_g_at	CARD10	caspase recruitment domain family member 10	0.331	2.514
41819_at	FYB	FYN binding protein	2.236	5.113
41822_at	ZNF324	zinc finger protein 324	-0.69	6.355
41824_at	UTP18	UTP18, small subunit processome component	0.402	2.848
41826_at	FAM234B	family with sequence similarity 234 member B	-0.441	3.796
41827_f_at	GUSBP11	glucuronidase, beta pseudogene 11	2.854	3.724
41829_at	LARP1	La ribonucleoprotein domain family member 1	-0.32	2.735
41832_s_at	JTB	jumping translocation breakpoint	-0.552	2.823
41834_g_at	JTB	jumping translocation breakpoint	0.492	3.858
41842_at			-0.276	2.663
41844_at	YIPF4	Yip1 domain family member 4	-0.43	6.462
41845_at	CRX	cone-rod homeobox	-0.316	2.107
41847_at	FCMR	Fc fragment of IgM receptor	0.231	1.851
41855_at	HAT1	histone acetyltransferase 1	1.014	3.946
41857_r_at	ABHD3	abhydrolase domain containing 3	1.106	2.18
41859_at	UST	uronyl 2-sulfotransferase	-0.543	2.987
41863_at	RALYL	RALY RNA binding protein-like	-0.42	2.775
41873_at	FAM131B	family with sequence similarity 131 member B	-0.302	2.21
423_at	EWSR1	EWS RNA binding protein 1	0.407	2.898
425_at	IFI27	interferon alpha inducible protein 27	0.634	2.822
428_s_at	B2M	beta-2-microglobulin	1.011	2.95
430_at	PNP	purine nucleoside phosphorylase	-0.533	1.932
431_at	CXCL10	C-X-C motif chemokine ligand 10	1.059	2.639
432_s_at	TRAC///TRAJ17///TRAV20///TRDV2///YME1L1	T-cell receptor alpha constant///T cell receptor alpha joining 17///T cell receptor alpha variable 20///T cell receptor delta variable 2///YME1 like 1 ATPase	1.425	3.608
438_at	PRKACA	protein kinase cAMP-activated catalytic subunit alpha	-0.562	3.933
443_at	HOXD4	homeobox D4	-0.379	4.152
444_g_at	HOXD4	homeobox D4	-0.419	3.273
454_at	SMARCD1	SWI/SNF related, matrix associated, actin dependent regulator of chromatin, subfamily d, member 1	-0.853	5.845
456_at	SMARCD3	SWI/SNF related, matrix associated, actin dependent regulator of chromatin, subfamily d, member 3	0.404	2.541
457_s_at	SUMO1	small ubiquitin-like modifier 1	-0.379	3.907
458_at	CCR6	C-C motif chemokine receptor 6	-0.75	2.643
463_g_at	NFIB	nuclear factor I B	-0.335	4.2
464_s_at	IFI35	interferon induced protein 35	0.41	2.58
467_at	OSTF1	osteoclast stimulating factor 1	0.282	2.397
469_at	EFNB3	ephrin B3	0.321	1.982
479_at	LOC101926921///DAB2	uncharacterized LOC101926921///DAB2, clathrin adaptor protein	-0.782	2.181
486_at	CASP9	caspase 9	0.342	2.25
497_at	CLN3	CLN3, battenin	-0.241	1.986
498_at	TAX1BP1	Tax1 binding protein 1	0.497	2.941
499_at	MAD1L1	MAD1 mitotic arrest deficient like 1	-0.439	3.225
500_at	CYP2J2	cytochrome P450 family 2 subfamily J member 2	-0.351	2.28
505_at	CDC37	cell division cycle 37	0.632	4.686
507_s_at	ELF2	E74 like ETS transcription factor 2	0.535	4.665
513_at	MAP2K5	mitogen-activated protein kinase kinase 5	-0.292	2.454
514_at	CBLB	Cbl proto-oncogene B	0.369	2.403
517_at	FBXW4P1	F-box and WD repeat domain containing 4 pseudogene 1	0.821	2.222
522_s_at	FOLR3	folate receptor 3	-0.337	1.872
525_g_at	PMS1	PMS1 homolog 1, mismatch repair system component	0.774	6.036
532_at	PTH1R	parathyroid hormone 1 receptor	-0.878	2.43
534_s_at	FOLR1	folate receptor 1	-0.584	3.652
539_at	RYK	receptor-like tyrosine kinase	0.283	2.056
541_g_at	HSPB2	heat shock protein family B (small) member 2	-0.381	1.845
552_at	ARHGAP1	Rho GTPase activating protein 1	-0.28	2.668
553_g_at	ARHGAP1	Rho GTPase activating protein 1	0.877	6.998
555_at	RAB40B	RAB40B, member RAS oncogene family	-0.67	1.889
571_at	NAP1L1	nucleosome assembly protein 1 like 1	1.315	5.692
573_at	IGFALS	insulin like growth factor binding protein acid labile subunit	-0.473	5.039
574_s_at	CASP1	caspase 1	1.43	8.139
583_s_at	VCAM1	vascular cell adhesion molecule 1	0.978	2.48
584_s_at	XRCC5	X-ray repair cross complementing 5	0.754	3.386
585_at	XRCC5	X-ray repair cross complementing 5	0.725	5.106
586_s_at	CYP17A1	cytochrome P450 family 17 subfamily A member 1	-0.658	3.119
587_at	S1PR1	sphingosine-1-phosphate receptor 1	0.359	2.804
589_at	SRD5A1	steroid 5 alpha-reductase 1	0.43	2.32
590_at	ICAM2	intercellular adhesion molecule 2	0.381	2.587
597_at	KITLG	KIT ligand	0.323	2.641
599_at	HLX	H2.0 like homeobox	0.316	1.879
601_s_at	KRT16	keratin 16	-0.35	2.32
608_at	APOE	apolipoprotein E	-1.047	2.718
609_f_at	MT1B	metallothionein 1B	-1.043	3.629
611_at	GIP	gastric inhibitory polypeptide	0.33	1.871
614_at	PLA2G2A	phospholipase A2 group IIA	0.548	3.309
615_s_at	PTHLH	parathyroid hormone like hormone	0.742	2.46
628_at	FZD2	frizzled class receptor 2	-0.297	2.035
629_at	IL9R	interleukin 9 receptor	-0.279	2.5
633_s_at	TFDP2	transcription factor Dp-2	-0.274	1.86
640_at	RNF185-AS1	RNF185 antisense RNA 1	-0.31	2.255
649_s_at	CXCR4	C-X-C motif chemokine receptor 4	2.529	7.734
650_s_at	CAMK2G	calcium/calmodulin dependent protein kinase II gamma	-0.196	2.116
651_at	RPA3	replication protein A3	-0.334	2.35
654_at	MXI1	MAX interactor 1, dimerization protein	-0.344	3.112
657_at	PCDHGA1///PCDHGA2///PCDHGA3///PCDHGA4///PCDHGA5///PCDHGA6///PCDHGA7///PCDHGA9///PCDHGA10///PCDHGA11///PCDHGB1///PCDHGB2///PCDHGB3///PCDHGB5///PCDHGB6///PCDHGB7///PCDHGC4///PCDHGC5///PCDHGA12///PCDHGA8///PCDHGB4///PCDHGC3	protocadherin gamma subfamily A, 1///protocadherin gamma subfamily A, 2///protocadherin gamma subfamily A, 3///protocadherin gamma subfamily A, 4///protocadherin gamma subfamily A, 5///protocadherin gamma subfamily A, 6///protocadherin gamma subfamily A, 7///protocadherin gamma subfamily A, 9///protocadherin gamma subfamily A, 10///protocadherin gamma subfamily A, 11///protocadherin gamma subfamily B, 1///protocadherin gamma subfamily B, 2///protocadherin gamma subfamily B, 3///protocadherin gamma subfamily B, 5///protocadherin gamma subfamily B, 6///protocadherin gamma subfamily B, 7///protocadherin gamma subfamily C, 4///protocadherin gamma subfamily C, 5///protocadherin gamma subfamily A, 12///protocadherin gamma subfamily A, 8///protocadherin gamma subfamily B, 4///protocadherin gamma subfamily C, 3	-0.201	2.083
662_at	DHX9	DEAH-box helicase 9	0.478	1.885
668_s_at	MMP7	matrix metallopeptidase 7	3.031	8.061
669_s_at	IRF1	interferon regulatory factor 1	0.495	1.961
673_at	MTHFD1	methylenetetrahydrofolate dehydrogenase, cyclohydrolase and formyltetrahydrofolate synthetase 1	-0.459	3.083
675_at	IFITM1	interferon induced transmembrane protein 1	1.58	7.124
676_g_at	IFITM2///IFITM3///IFITM1	interferon induced transmembrane protein 2///interferon induced transmembrane protein 3///interferon induced transmembrane protein 1	1.16	5.995
677_s_at	ACP5	acid phosphatase 5, tartrate resistant	-0.475	3.249
679_at	CTSG	cathepsin G	-0.252	2.381
685_f_at	LOC101930571///TUBA3D///TUBA3E///TUBA3C	tubulin alpha-3E chain-like///tubulin alpha 3d///tubulin alpha 3e///tubulin alpha 3c	1.044	5.283
688_at	PSMC1	proteasome 26S subunit, ATPase 1	0.39	2.611
692_s_at	SOD3	superoxide dismutase 3, extracellular	-0.371	1.908
694_at	MUC5B	mucin 5B, oligomeric mucus/gel-forming	-0.542	2.754
696_at	HOXD8	homeobox D8	-0.746	3.861
697_f_at	CGB1///LHB	chorionic gonadotropin beta subunit 1///luteinizing hormone beta polypeptide	0.308	3.275
712_s_at	MIR6778///SHMT1	microRNA 6778///serine hydroxymethyltransferase 1	-0.693	3.116
714_at	CAP2	CAP, adenylate cyclase-associated protein, 2 (yeast)	-0.643	4.758
715_s_at	LOC102724197///LOC100132705///GGT2///GGTLC1///GGTLC2///GGT3P///GGT1	inactive gamma-glutamyltranspeptidase 2-like///immunoglobulin superfamily member 3-like///gamma-glutamyltransferase 2///gamma-glutamyltransferase light chain 1///gamma-glutamyltransferase light chain 2///gamma-glutamyltransferase 3 pseudogene///gamma-glutamyltransferase 1	-0.709	2.571
717_at	TRIB2	tribbles pseudokinase 2	0.518	2.263
719_g_at	HTRA1	HtrA serine peptidase 1	-0.469	2.365
720_at	HSF4	heat shock transcription factor 4	-0.246	2.308
721_g_at	HSF4	heat shock transcription factor 4	-0.433	2.234
722_at	CNOT9	CCR4-NOT transcription complex subunit 9	0.37	2.854
723_s_at	HNRNPC	heterogeneous nuclear ribonucleoprotein C (C1/C2)	0.581	2.551
725_i_at	CSHL1	chorionic somatomammotropin hormone like 1	-0.813	3.247
728_at	LAMA1	laminin subunit alpha 1	-0.234	2.515
730_r_at	MUC3A	mucin 3A, cell surface associated	-0.875	6.831
735_s_at	AKAP13	A-kinase anchoring protein 13	-0.8	4.234
736_f_at	POM121L1P	POM121 transmembrane nucleoporin like 1, pseudogene	-0.197	2.076
742_at	HABP2	hyaluronan binding protein 2	-0.495	4.369
744_at	DHX8	DEAH-box helicase 8	0.297	2.298
747_at	TTYH2	tweety family member 2	0.48	3.133
749_at	CAD	carbamoyl-phosphate synthetase 2, aspartate transcarbamylase, and dihydroorotase	0.309	2.979
756_at	ITPR2	inositol 1,4,5-trisphosphate receptor type 2	-0.431	2.699
758_at	PTGIR	prostaglandin I2 (prostacyclin) receptor (IP)	0.218	1.907
763_at	GMFB	glia maturation factor beta	0.432	2.331
765_s_at	LGALS4	galectin 4	-0.377	2.627
769_s_at	ANXA2P3///ANXA2P1///ANXA2	annexin A2 pseudogene 3///annexin A2 pseudogene 1///annexin A2	0.996	5.606
770_at	GPX3	glutathione peroxidase 3	-2.103	5.592
791_g_at	NGF	nerve growth factor	-0.504	3.799
792_s_at	TFAP2A	transcription factor AP-2 alpha	-0.234	2.265
797_at	MIR6756///MCAM	microRNA 6756///melanoma cell adhesion molecule	-0.593	2.16
809_at	RAB27A	RAB27A, member RAS oncogene family	1.296	4.495
811_at	UFD1L	ubiquitin fusion degradation 1 like (yeast)	0.381	2.761
816_g_at	DOK1	docking protein 1	0.539	5.955
818_s_at	ATRX	ATRX, chromatin remodeler	0.679	4.056
823_at	CX3CL1	C-X3-C motif chemokine ligand 1	0.26	2.284
825_at	PRPF4B	pre-mRNA processing factor 4B	-0.321	3.091
830_at	VAC14	Vac14, PIKFYVE complex component	-0.442	4.484
831_at	DDX10	DEAD-box helicase 10	-0.52	2.603
833_at	ITGAD	integrin subunit alpha D	-0.467	1.915
834_at	IKZF1	IKAROS family zinc finger 1	0.664	5.616
838_s_at	UBE2I	ubiquitin conjugating enzyme E2 I	0.652	7.12
840_at	KAT6A	lysine acetyltransferase 6A	0.478	2.124
847_at	EIF5A	eukaryotic translation initiation factor 5A	-0.379	2.526
850_r_at	IRS1	insulin receptor substrate 1	-0.602	2.319
856_at	CD4	CD4 molecule	-0.76	4.278
861_g_at	MSH2	mutS homolog 2	0.52	3.633
862_at	SERPINB5	serpin family B member 5	0.309	1.848
868_at	TAF10	TATA-box binding protein associated factor 10	0.391	2.302
870_f_at	MT3	metallothionein 3	-1.014	4.628
877_at	CREB1	cAMP responsive element binding protein 1	0.534	3.917
878_s_at	PRL	prolactin	-0.354	1.85
880_at	LOC101929368///FKBP1A	uncharacterized LOC101929368///FK506 binding protein 1A	0.305	1.92
882_at	CSF1	colony stimulating factor 1	-0.366	2.53
886_at	DCK	deoxycytidine kinase	0.677	3.257
888_s_at	CERS1///GDF1	ceramide synthase 1///growth differentiation factor 1	-0.505	2.995
894_g_at	UBE2S	ubiquitin conjugating enzyme E2 S	0.424	2.366
897_at	LOC101930075///PKD1	polycystin-1-like///polycystin 1, transient receptor potential channel interacting	0.454	4.262
898_s_at	EFNA3	ephrin A3	-0.455	1.881
905_at	GUK1	guanylate kinase 1	0.455	2.316
911_s_at	CALM3///CALM2///CALM1	calmodulin 3///calmodulin 2///calmodulin 1	0.697	2.382
913_at	ERG	ERG, ETS transcription factor	-0.326	2.318
914_g_at	ERG	ERG, ETS transcription factor	0.46	1.887
921_s_at	ACVR1B	activin A receptor type 1B	-0.251	2.08
923_at	UBL4A	ubiquitin like 4A	-0.273	2.019
925_at	IFI30///PIK3R2	IFI30, lysosomal thiol reductase///phosphoinositide-3-kinase regulatory subunit 2	1.629	8.582
926_at	MT1G	metallothionein 1G	-2.116	6.888
927_s_at	MUC1	mucin 1, cell surface associated	0.461	1.927
928_at	SLC26A3	solute carrier family 26 member 3	-0.447	2.218
929_at	PPARA	peroxisome proliferator activated receptor alpha	-0.281	1.971
931_at	GPR183	G protein-coupled receptor 183	0.856	2.638
935_at	CAP1	adenylate cyclase associated protein 1	1.263	6.835
937_at			-0.344	2.529
942_at	RGN	regucalcin	-0.377	2.533
943_at	LOC101928269///LOC100506403///RUNX1	uncharacterized LOC101928269///uncharacterized LOC100506403///runt related transcription factor 1	0.261	2.004
946_at	DYNLT1	dynein light chain Tctex-type 1	0.758	4.785
947_at	MCM7	minichromosome maintenance complex component 7	0.644	5.001
949_s_at	PSMC6	proteasome 26S subunit, ATPase 6	0.929	4.073
959_at	CDC42	cell division cycle 42	-0.678	5.585
962_at	BMX	BMX non-receptor tyrosine kinase	-0.29	2.26
963_at	LIG4	DNA ligase 4	-0.302	2.401
964_at	LOC101930322///ABCC6	multidrug resistance-associated protein 6-like///ATP binding cassette subfamily C member 6	-0.33	2.551
970_r_at	USP9X	ubiquitin specific peptidase 9, X-linked	-0.644	2.074
973_at	SGK1	serum/glucocorticoid regulated kinase 1	-0.458	2.416
979_g_at	BCL6	B-cell CLL/lymphoma 6	-0.642	3.316
981_at	MCM4	minichromosome maintenance complex component 4	-0.28	1.956
986_at	CYP19A1	cytochrome P450 family 19 subfamily A member 1	0.489	1.957
989_at	NCK1	NCK adaptor protein 1	0.397	1.993
990_at	FLT1	fms related tyrosine kinase 1	-0.549	3.341
992_at	ERCC2	ERCC excision repair 2, TFIIH core complex helicase subunit	-0.238	2.356
996_at	FGF1	fibroblast growth factor 1	-0.982	4.628
999_at	CYP27A1	cytochrome P450 family 27 subfamily A member 1	-0.435	3.854
AFFX-BioDn-3_st			-0.387	2.926
AFFX-HSAC07/X00351_3_at	ACTB	actin beta	0.587	2.973
AFFX-HSAC07/X00351_5_st	ACTB	actin beta	-0.283	2.439
AFFX-HUMGAPDH/M33197_M_at	GAPDH	glyceraldehyde-3-phosphate dehydrogenase	-0.425	2.164
AFFX-HUMGAPDH/M33197_M_st	GAPDH	glyceraldehyde-3-phosphate dehydrogenase	-0.309	2.148
AFFX-HUMISGF3A/M97935_3_at	STAT1	signal transducer and activator of transcription 1	2.307	8.546
AFFX-HUMISGF3A/M97935_MA_at	STAT1	signal transducer and activator of transcription 1	0.6	4.203
AFFX-HUMISGF3A/M97935_MB_at	STAT1	signal transducer and activator of transcription 1	0.78	2.958
AFFX-HUMRGE/M10098_3_at			-1.101	2.521
AFFX-PheX-3_at			-0.418	2.429
