ID	Gene.symbol	Gene.title	log2(fold change)(Stg1-Tumor vs Stg1-Normal)	-log10(Pvalue)(Stg1-Tumor vs Stg1-Normal)
121_at	PAX8	paired box 8	-0.892	3.915
1405_i_at	CCL5	C-C motif chemokine ligand 5	3.109	2.578
1487_at	ESRRA	estrogen related receptor alpha	-1.033	6.675
1729_at	TRADD	TNFRSF1A associated via death domain	0.885	2.778
200002_at	RPL35	ribosomal protein L35	0.539	2.126
200003_s_at	MIR6805///RPL28	microRNA 6805///ribosomal protein L28	0.705	4.256
200008_s_at	GDI2	GDP dissociation inhibitor 2	0.907	2.376
200010_at	RPL11	ribosomal protein L11	0.714	4.293
200021_at	CFL1	cofilin 1	-0.371	2.086
200022_at	RPL18	ribosomal protein L18	0.581	2.29
200024_at	RPS5	ribosomal protein S5	0.697	3.047
200027_at	NARS	asparaginyl-tRNA synthetase	-0.56	3.778
200028_s_at	STARD7	StAR related lipid transfer domain containing 7	-0.574	3.097
200030_s_at	SLC25A3	solute carrier family 25 member 3	-0.463	3.057
200031_s_at	SNORD35B///RPS11	small nucleolar RNA, C/D box 35B///ribosomal protein S11	0.536	3.601
200037_s_at	CBX3	chromobox 3	0.775	3.68
200038_s_at	RPL17-C18orf32///SNORD58C///C18orf32///SNORD58A///SNORD58B///RPL17	RPL17-C18orf32 readthrough///small nucleolar RNA, C/D box 58C///chromosome 18 open reading frame 32///small nucleolar RNA, C/D box 58A///small nucleolar RNA, C/D box 58B///ribosomal protein L17	0.489	2.593
200040_at	KHDRBS1	KH RNA binding domain containing, signal transduction associated 1	0.609	2.44
200045_at	ABCF1	ATP binding cassette subfamily F member 1	-0.484	2.756
200055_at	TAF10	TATA-box binding protein associated factor 10	-0.614	2.534
200059_s_at	RHOA	ras homolog family member A	0.81	4.938
200069_at	SART3	squamous cell carcinoma antigen recognized by T-cells 3	0.992	2.948
200073_s_at	HNRNPD	heterogeneous nuclear ribonucleoprotein D	0.653	2.071
200075_s_at	GUK1	guanylate kinase 1	0.801	4.805
200076_s_at	KXD1	KxDL motif containing 1	0.521	3.091
200078_s_at	ATP6V0B	ATPase H+ transporting V0 subunit b	-0.577	2.349
200079_s_at	KARS	lysyl-tRNA synthetase	0.669	2.822
200082_s_at	RPS7	ribosomal protein S7	0.475	3.403
200084_at	C11orf58	chromosome 11 open reading frame 58	0.398	2.158
200087_s_at	TMED2	transmembrane p24 trafficking protein 2	0.635	2.712
200593_s_at	HNRNPU	heterogeneous nuclear ribonucleoprotein U	0.745	3.695
200599_s_at	MIR3652///HSP90B1	microRNA 3652///heat shock protein 90 beta family member 1	0.758	2.853
200600_at	MSN	moesin	0.955	4.483
200606_at	DSP	desmoplakin	-1.289	2.718
200610_s_at	NCL	nucleolin	0.648	2.13
200618_at	LASP1	LIM and SH3 protein 1	0.648	3.209
200624_s_at	SNHG4///MATR3	small nucleolar RNA host gene 4///matrin 3	1.051	4.152
200625_s_at	CAP1	adenylate cyclase associated protein 1	0.421	2.682
200626_s_at	SNHG4///MATR3	small nucleolar RNA host gene 4///matrin 3	0.482	2.688
200627_at	PTGES3	prostaglandin E synthase 3	0.464	2.581
200628_s_at	WARS	tryptophanyl-tRNA synthetase	0.905	2.021
200629_at	WARS	tryptophanyl-tRNA synthetase	0.767	2.985
200630_x_at	SETSIP///SET	SET-like protein///SET nuclear proto-oncogene	-0.481	2.507
200632_s_at	NDRG1	N-myc downstream regulated 1	0.619	3.535
200633_at	UBB	ubiquitin B	-0.773	5.564
200634_at	PFN1	profilin 1	0.85	3
200638_s_at	YWHAZ	tyrosine 3-monooxygenase/tryptophan 5-monooxygenase activation protein zeta	1.201	2.6
200640_at	YWHAZ	tyrosine 3-monooxygenase/tryptophan 5-monooxygenase activation protein zeta	0.757	2.541
200642_at	SOD1	superoxide dismutase 1, soluble	-0.859	6.229
200644_at	MARCKSL1	MARCKS like 1	1.479	4.013
200648_s_at	GLUL	glutamate-ammonia ligase	1.089	2.032
200650_s_at	LDHA	lactate dehydrogenase A	1.488	8.912
200651_at	SNORD96A///SNORD95///RACK1	small nucleolar RNA, C/D box 96A///small nucleolar RNA, C/D box 95///receptor for activated C kinase 1	0.521	3.778
200652_at	SSR2	signal sequence receptor subunit 2	0.744	3.727
200654_at	P4HB	prolyl 4-hydroxylase subunit beta	0.724	2.391
200657_at	SLC25A5	solute carrier family 25 member 5	-1.172	7.387
200658_s_at	PHB	prohibitin	-0.506	2.065
200659_s_at	PHB	prohibitin	-1.276	6.701
200660_at	S100A11	S100 calcium binding protein A11	1.164	2.578
200661_at	CTSA	cathepsin A	-1.05	2.968
200662_s_at	TOMM20	translocase of outer mitochondrial membrane 20	0.579	2.022
200663_at	CD63	CD63 molecule	0.384	3.039
200665_s_at	SPARC	secreted protein acidic and cysteine rich	2.314	7.45
200668_s_at	UBE2D3	ubiquitin conjugating enzyme E2 D3	0.532	2.973
200669_s_at	UBE2D3	ubiquitin conjugating enzyme E2 D3	0.789	2.83
200670_at	XBP1	X-box binding protein 1	0.607	1.992
200675_at	CD81	CD81 molecule	0.805	4.172
200679_x_at	HMGB1	high mobility group box 1	0.432	2.192
200683_s_at	UBE2L3	ubiquitin conjugating enzyme E2 L3	0.667	2.382
200687_s_at	SF3B3	splicing factor 3b subunit 3	0.671	2.815
200693_at	YWHAQ	tyrosine 3-monooxygenase/tryptophan 5-monooxygenase activation protein theta	0.622	3.665
200696_s_at	GSN	gelsolin	1.021	2.547
200697_at	HK1	hexokinase 1	1.006	3.194
200700_s_at	KDELR2	KDEL endoplasmic reticulum protein retention receptor 2	0.827	2.285
200702_s_at	DDX24	DEAD-box helicase 24	-0.724	2.69
200708_at	GOT2	glutamic-oxaloacetic transaminase 2	-0.786	2.8
200709_at	LOC101929368///FKBP1A	uncharacterized LOC101929368///FK506 binding protein 1A	0.769	3.566
200711_s_at	SKP1	S-phase kinase-associated protein 1	-0.478	2.76
200718_s_at	SKP1	S-phase kinase-associated protein 1	-0.389	2.842
200721_s_at	ACTR1A	ARP1 actin-related protein 1 homolog A, centractin alpha	-0.542	2.363
200722_s_at	CAPRIN1	cell cycle associated protein 1	1.368	2.39
200723_s_at	CAPRIN1	cell cycle associated protein 1	1.106	4.629
200724_at	SNORA70///RPL10	small nucleolar RNA, H/ACA box 70///ribosomal protein L10	-0.818	2.009
200725_x_at	SNORA70///RPL10	small nucleolar RNA, H/ACA box 70///ribosomal protein L10	0.536	3.277
200726_at	PPP1CC	protein phosphatase 1 catalytic subunit gamma	0.794	3.552
200729_s_at	ACTR2	ARP2 actin related protein 2 homolog	1.034	2.186
200737_at	PGK1	phosphoglycerate kinase 1	1.597	8.49
200738_s_at	PGK1	phosphoglycerate kinase 1	0.666	5.263
200739_s_at	SUMO3	small ubiquitin-like modifier 3	0.843	3.317
200740_s_at	SUMO3	small ubiquitin-like modifier 3	0.719	3.318
200742_s_at	TPP1	tripeptidyl peptidase 1	0.764	3.602
200744_s_at	GNB1	G protein subunit beta 1	1.226	3.763
200746_s_at	GNB1	G protein subunit beta 1	0.498	2.411
200751_s_at	HNRNPC	heterogeneous nuclear ribonucleoprotein C (C1/C2)	0.863	2.502
200755_s_at	CALU	calumenin	1.24	3.48
200756_x_at	CALU	calumenin	1.973	2.493
200757_s_at	CALU	calumenin	0.966	5.031
200758_s_at	NFE2L1	nuclear factor, erythroid 2 like 1	-0.524	2.32
200759_x_at	NFE2L1	nuclear factor, erythroid 2 like 1	-0.52	2.938
200760_s_at	ARL6IP5	ADP ribosylation factor like GTPase 6 interacting protein 5	0.845	2.011
200771_at	LAMC1	laminin subunit gamma 1	1.33	5.489
200776_s_at	BZW1	basic leucine zipper and W2 domains 1	0.967	2.888
200780_x_at	GNAS	GNAS complex locus	-0.47	2.145
200782_at	ANXA5	annexin A5	0.815	3.918
200785_s_at	LRP1	LDL receptor related protein 1	0.778	2.338
200787_s_at	PEA15	phosphoprotein enriched in astrocytes 15	1.22	5.215
200788_s_at	PEA15	phosphoprotein enriched in astrocytes 15	0.868	4.891
200789_at	ECH1	enoyl-CoA hydratase 1	-0.732	3.912
200791_s_at	IQGAP1	IQ motif containing GTPase activating protein 1	0.917	5.406
200795_at	SPARCL1	SPARC like 1	1.445	2.037
200798_x_at	MCL1	BCL2 family apoptosis regulator	1.457	3.279
200804_at	TMBIM6	transmembrane BAX inhibitor motif containing 6	-0.955	4.747
200807_s_at	HSPD1	heat shock protein family D (Hsp60) member 1	-0.955	5.43
200808_s_at	ZYX	zyxin	0.98	2.814
200820_at	PSMD8	proteasome 26S subunit, non-ATPase 8	0.701	2.404
200821_at	LAMP2	lysosomal associated membrane protein 2	1.228	3.083
200822_x_at	TPI1	triosephosphate isomerase 1	0.651	3.569
200823_x_at	RPL29	ribosomal protein L29	0.557	2.197
200828_s_at	ZNF207	zinc finger protein 207	0.622	2.145
200830_at	PSMD2	proteasome 26S subunit, non-ATPase 2	-0.613	3.192
200831_s_at	SCD	stearoyl-CoA desaturase	2.458	2.799
200832_s_at	SCD	stearoyl-CoA desaturase	2.599	4.752
200833_s_at	RAP1B	RAP1B, member of RAS oncogene family	0.634	2.778
200834_s_at	RPS21	ribosomal protein S21	0.508	2.331
200839_s_at	CTSB	cathepsin B	-0.907	2.353
200849_s_at	AHCYL1	adenosylhomocysteinase like 1	-0.639	2.699
200852_x_at	GNB2	G protein subunit beta 2	0.861	2.8
200853_at	H2AFZ	H2A histone family member Z	0.928	3.829
200858_s_at	SNORD38B///SNORD55///RPS8	small nucleolar RNA, C/D box 38B///small nucleolar RNA, C/D box 55///ribosomal protein S8	0.652	2.584
200859_x_at	FLNA	filamin A	1.121	3.558
200869_at	SNORA68///RPL18A	small nucleolar RNA, H/ACA box 68///ribosomal protein L18a	1.036	3.791
200872_at	S100A10	S100 calcium binding protein A10	1.262	5.018
200874_s_at	MIR1292///SNORD110///SNORD86///SNORD57///NOP56	microRNA 1292///small nucleolar RNA, C/D box 110///small nucleolar RNA, C/D box 86///small nucleolar RNA, C/D box 57///NOP56 ribonucleoprotein	-0.668	3.37
200886_s_at	PGAM1	phosphoglycerate mutase 1	1.066	6.052
200887_s_at	STAT1	signal transducer and activator of transcription 1	0.892	2.265
200889_s_at	SSR1	signal sequence receptor subunit 1	1.006	2.279
200892_s_at	TRA2B	transformer 2 beta homolog (Drosophila)	0.464	2.074
200895_s_at	FKBP4	FK506 binding protein 4	-0.762	2.289
200898_s_at	MGEA5	meningioma expressed antigen 5 (hyaluronidase)	1.826	5.252
200902_at	SEP15	15 kDa selenoprotein	0.677	3.217
200903_s_at	AHCY	adenosylhomocysteinase	-1.575	7.391
200904_at	HLA-E	major histocompatibility complex, class I, E	1.567	3.949
200906_s_at	PALLD	palladin, cytoskeletal associated protein	-1.243	3.504
200914_x_at	KTN1	kinectin 1	-0.734	2.865
200915_x_at	KTN1	kinectin 1	-0.604	2.709
200916_at	TAGLN2	transgelin 2	1.485	4.387
200920_s_at	BTG1	BTG anti-proliferation factor 1	1.092	5.803
200921_s_at	BTG1	BTG anti-proliferation factor 1	1.114	4.994
200924_s_at	SLC3A2	solute carrier family 3 member 2	-0.908	4.022
200925_at	COX6A1	cytochrome c oxidase subunit 6A1	-0.595	2.229
200927_s_at	RAB14	RAB14, member RAS oncogene family	0.79	3.994
200934_at	DEK	DEK proto-oncogene	0.936	4.072
200943_at	HMGN1	high mobility group nucleosome binding domain 1	0.623	2.044
200950_at	ARPC1A	actin related protein 2/3 complex subunit 1A	0.712	2.62
200953_s_at	CCND2	cyclin D2	0.98	2.33
200955_at	IMMT	inner membrane mitochondrial protein	-0.57	3.046
200956_s_at	SSRP1	structure specific recognition protein 1	0.808	3.337
200961_at	SEPHS2	selenophosphate synthetase 2	-1.073	4.078
200964_at	UBA1	ubiquitin like modifier activating enzyme 1	-0.591	2.484
200966_x_at	ALDOA	aldolase, fructose-bisphosphate A	0.993	4.826
200972_at	TSPAN3	tetraspanin 3	-0.391	2.009
200974_at	ACTA2	actin, alpha 2, smooth muscle, aorta	1.396	3.277
200975_at	PPT1	palmitoyl-protein thioesterase 1	0.927	6.196
200978_at	MDH1	malate dehydrogenase 1	-0.913	4.588
200979_at	PDHA1	pyruvate dehydrogenase (lipoamide) alpha 1	-1.296	5.199
200980_s_at	PDHA1	pyruvate dehydrogenase (lipoamide) alpha 1	-1.168	7.439
200986_at	SERPING1	serpin family G member 1	1.271	2.496
200991_s_at	SNX17	sorting nexin 17	0.942	2.101
200992_at	IPO7	importin 7	0.407	1.988
200996_at	ACTR3	ARP3 actin related protein 3 homolog	1.174	6.148
200997_at	RBM14-RBM4///RBM4	RBM14-RBM4 readthrough///RNA binding motif protein 4	-0.488	2.278
200999_s_at	CKAP4	cytoskeleton associated protein 4	-0.648	2.173
201000_at	AARS	alanyl-tRNA synthetase	-0.356	2.219
201004_at	SSR4	signal sequence receptor subunit 4	0.552	2.027
201007_at	HADHB	hydroxyacyl-CoA dehydrogenase/3-ketoacyl-CoA thiolase/enoyl-CoA hydratase (trifunctional protein), beta subunit	-0.741	2.535
201012_at	ANXA1	annexin A1	2.554	7.644
201020_at	YWHAH	tyrosine 3-monooxygenase/tryptophan 5-monooxygenase activation protein eta	1.876	7.144
201028_s_at	CD99	CD99 molecule	1.057	5.363
201029_s_at	CD99	CD99 molecule	0.742	3.301
201030_x_at	LDHB	lactate dehydrogenase B	-1.04	6.245
201032_at	BLCAP	bladder cancer associated protein	-0.907	5.044
201035_s_at	HADH	hydroxyacyl-CoA dehydrogenase	-1.461	7.564
201036_s_at	HADH	hydroxyacyl-CoA dehydrogenase	-2.403	8.271
201037_at	PFKP	phosphofructokinase, platelet	2.876	12.431
201040_at	GNAI2	G protein subunit alpha i2	0.709	2.112
201042_at	TGM2	transglutaminase 2	0.745	2.072
201044_x_at	DUSP1	dual specificity phosphatase 1	3.158	2.364
201047_x_at	WTH3DI///RAB6A	RAB6C-like///RAB6A, member RAS oncogene family	0.563	2.869
201059_at	CTTN	cortactin	-0.627	3.017
201060_x_at	STOM	stomatin	0.941	2.807
201064_s_at	LOC100996696///PABPC4	polyadenylate-binding protein 4 pseudogene///poly(A) binding protein cytoplasmic 4	0.552	1.98
201066_at	CYC1	cytochrome c1	-0.834	2.111
201068_s_at	PSMC2	proteasome 26S subunit, ATPase 2	0.501	2.699
201071_x_at	SF3B1	splicing factor 3b subunit 1	0.467	2.824
201072_s_at	SMARCC1	SWI/SNF related, matrix associated, actin dependent regulator of chromatin subfamily c member 1	-1.356	5.926
201074_at	SMARCC1	SWI/SNF related, matrix associated, actin dependent regulator of chromatin subfamily c member 1	-0.755	3.422
201075_s_at	SMARCC1	SWI/SNF related, matrix associated, actin dependent regulator of chromatin subfamily c member 1	-0.67	2.359
201079_at	SYNGR2	synaptogyrin 2	1.007	3.693
201082_s_at	SLC4A5///DCTN1	solute carrier family 4 member 5///dynactin subunit 1	0.748	2.94
201086_x_at	SON	SON DNA binding protein	0.67	2.706
201089_at	ATP6V1B2	ATPase H+ transporting V1 subunit B2	-0.636	2.26
201090_x_at	TUBA1B	tubulin alpha 1b	0.806	3.284
201091_s_at	CBX3	chromobox 3	0.9	2.69
201100_s_at	USP9X	ubiquitin specific peptidase 9, X-linked	-0.752	3.436
201103_x_at	NBPF20///NBPF10///NBPF8///NBPF9///NBPF15///NBPF11///NBPF12///NBPF14	neuroblastoma breakpoint family member 20///neuroblastoma breakpoint family member 10///neuroblastoma breakpoint family member 8///neuroblastoma breakpoint family member 9///neuroblastoma breakpoint family member 15///neuroblastoma breakpoint family member 11///neuroblastoma breakpoint family member 12///neuroblastoma breakpoint family member 14	0.478	2.672
201105_at	LGALS1	galectin 1	2.685	5.514
201109_s_at	THBS1	thrombospondin 1	0.826	3.201
201113_at	TUFM	Tu translation elongation factor, mitochondrial	-0.895	4.882
201114_x_at	PSMA7	proteasome subunit alpha 7	-0.513	2.128
201119_s_at	COX8A	cytochrome c oxidase subunit 8A	-0.512	3.212
201127_s_at	ACLY	ATP citrate lyase	1.11	2.261
201128_s_at	ACLY	ATP citrate lyase	1.301	5.848
201133_s_at	PJA2	praja ring finger ubiquitin ligase 2	1.172	3.962
201134_x_at	COX7C	cytochrome c oxidase subunit 7C	-0.665	2.693
201135_at	ECHS1	enoyl-CoA hydratase, short chain 1	-2.091	9.839
201136_at	PLP2	proteolipid protein 2	1.9	5.005
201137_s_at	HLA-DPB1	major histocompatibility complex, class II, DP beta 1	2.095	6.423
201138_s_at	SSB	Sjogren syndrome antigen B	-1.01	2.612
201151_s_at	MBNL1	muscleblind like splicing regulator 1	1.833	4.27
201152_s_at	MBNL1	muscleblind like splicing regulator 1	0.876	3.793
201153_s_at	MBNL1	muscleblind like splicing regulator 1	0.989	5.083
201155_s_at	MFN2	mitofusin 2	-0.722	3.827
201160_s_at	YBX3	Y-box binding protein 3	0.793	2.619
201161_s_at	YBX3	Y-box binding protein 3	1.555	4.481
201172_x_at	ATP6V0E1	ATPase H+ transporting V0 subunit e1	-0.61	2.126
201177_s_at	UBA2	ubiquitin like modifier activating enzyme 2	0.705	2.064
201178_at	FBXO7	F-box protein 7	-0.471	3.001
201179_s_at	GNAI3	G protein subunit alpha i3	0.723	3.173
201182_s_at	CHD4	chromodomain helicase DNA binding protein 4	-0.688	2.302
201183_s_at	CHD4	chromodomain helicase DNA binding protein 4	-0.839	4.496
201186_at	LRPAP1	LDL receptor related protein associated protein 1	-1.114	3.747
201193_at	IDH1	isocitrate dehydrogenase (NADP(+)) 1, cytosolic	-1.475	5.343
201196_s_at	AMD1	adenosylmethionine decarboxylase 1	0.914	2.072
201207_at	TNFAIP1	TNF alpha induced protein 1	0.511	1.979
201211_s_at	DDX3X	DEAD-box helicase 3, X-linked	1.485	2.058
201212_at	LGMN	legumain	-1.376	2.435
201218_at	CTBP2	C-terminal binding protein 2	1.019	3.616
201221_s_at	SNRNP70	small nuclear ribonucleoprotein U1 subunit 70	-0.626	2.873
201227_s_at	NDUFB8	NADH:ubiquinone oxidoreductase subunit B8	-0.692	2.83
201230_s_at	ARIH2	ariadne RBR E3 ubiquitin protein ligase 2	-0.585	2.794
201235_s_at	BTG2	BTG anti-proliferation factor 2	-1.365	2.718
201236_s_at	BTG2	BTG anti-proliferation factor 2	-1.661	4.11
201237_at	CAPZA2	capping actin protein of muscle Z-line alpha subunit 2	1.265	4.919
201238_s_at	CAPZA2	capping actin protein of muscle Z-line alpha subunit 2	0.797	5.285
201242_s_at	ATP1B1	ATPase Na+/K+ transporting subunit beta 1	-0.93	4.947
201243_s_at	ATP1B1	ATPase Na+/K+ transporting subunit beta 1	-0.782	4.581
201244_s_at	RAF1	Raf-1 proto-oncogene, serine/threonine kinase	-0.502	2.831
201247_at	SREBF2	sterol regulatory element binding transcription factor 2	-0.89	2.786
201250_s_at	SLC2A1	solute carrier family 2 member 1	0.691	2.023
201251_at	PKM	pyruvate kinase, muscle	1.452	4.445
201259_s_at	SYPL1	synaptophysin like 1	0.683	2.174
201282_at	OGDH	oxoglutarate dehydrogenase	-0.955	2.117
201284_s_at	APEH	acylaminoacyl-peptide hydrolase	-1.316	4.048
201288_at	ARHGDIB	Rho GDP dissociation inhibitor beta	2.363	8.79
201291_s_at	TOP2A	topoisomerase (DNA) II alpha	3.225	3.22
201292_at	TOP2A	topoisomerase (DNA) II alpha	2.209	3.103
201295_s_at	WSB1	WD repeat and SOCS box containing 1	1.501	2.435
201301_s_at	ANXA4	annexin A4	2.086	8.04
201302_at	ANXA4	annexin A4	1.796	9.948
201308_s_at	SEPT11	septin 11	1.548	2.37
201309_x_at	NREP	neuronal regeneration related protein	0.861	2.155
201312_s_at	SH3BGRL	SH3 domain binding glutamate rich protein like	0.656	3.78
201313_at	ENO2	enolase 2	4.598	6.57
201315_x_at	IFITM2	interferon induced transmembrane protein 2	1.376	4.698
201318_s_at	MYL12B///MYL12A	myosin light chain 12B///myosin light chain 12A	0.563	3.294
201322_at	ATP5B	ATP synthase, H+ transporting, mitochondrial F1 complex, beta polypeptide	-0.699	3.928
201323_at	MIR6733///EBNA1BP2	microRNA 6733///EBNA1 binding protein 2	-0.552	1.993
201324_at	EMP1	epithelial membrane protein 1	1.136	2.204
201328_at	ETS2	ETS proto-oncogene 2, transcription factor	1.377	3.167
201329_s_at	ETS2	ETS proto-oncogene 2, transcription factor	1.322	2.979
201330_at	RARS	arginyl-tRNA synthetase	0.584	2.055
201331_s_at	STAT6	signal transducer and activator of transcription 6	0.725	2.928
201332_s_at	STAT6	signal transducer and activator of transcription 6	1.837	2.331
201333_s_at	ARHGEF12	Rho guanine nucleotide exchange factor 12	-0.986	3.865
201335_s_at	ARHGEF12	Rho guanine nucleotide exchange factor 12	1.267	2.818
201337_s_at	VAMP3	vesicle associated membrane protein 3	2.448	2.393
201339_s_at	SCP2	sterol carrier protein 2	-0.393	2.053
201340_s_at	ENC1	ectodermal-neural cortex 1	1.348	3.716
201341_at	ENC1	ectodermal-neural cortex 1	0.96	2.575
201342_at	SNRPC	small nuclear ribonucleoprotein polypeptide C	0.855	2.382
201343_at	UBE2D2	ubiquitin conjugating enzyme E2 D2	0.782	3.647
201345_s_at	UBE2D2	ubiquitin conjugating enzyme E2 D2	0.889	3.634
201346_at	ADIPOR2	adiponectin receptor 2	-0.483	2.17
201347_x_at	GRHPR	glyoxylate and hydroxypyruvate reductase	-1.215	4.719
201348_at	GPX3	glutathione peroxidase 3	-1.069	3
201351_s_at	YME1L1	YME1 like 1 ATPase	0.537	3.163
201359_at	COPB1	coatomer protein complex subunit beta 1	0.574	3.011
201362_at	IVNS1ABP	influenza virus NS1A binding protein	0.578	2.023
201363_s_at	IVNS1ABP	influenza virus NS1A binding protein	1.249	5.324
201365_at	OAZ2	ornithine decarboxylase antizyme 2	0.602	2.235
201366_at	ANXA7	annexin A7	-0.529	2.181
201371_s_at	CUL3	cullin 3	-0.548	2.039
201376_s_at	HNRNPF	heterogeneous nuclear ribonucleoprotein F	1.183	4.539
201383_s_at	NBR1	NBR1, autophagy cargo receptor	0.92	2.349
201386_s_at	DHX15	DEAH-box helicase 15	0.631	2.675
201387_s_at	UCHL1	ubiquitin C-terminal hydrolase L1	-2.872	4.64
201389_at	ITGA5	integrin subunit alpha 5	1.492	2.419
201397_at	PHGDH	phosphoglycerate dehydrogenase	-1.598	3.317
201399_s_at	TRAM1	translocation associated membrane protein 1	1.535	2.031
201406_at	RPL36A-HNRNPH2///RPL36A	RPL36A-HNRNPH2 readthrough///ribosomal protein L36a	0.845	3.545
201410_at	PLEKHB2	pleckstrin homology domain containing B2	-1.116	6.628
201411_s_at	PLEKHB2	pleckstrin homology domain containing B2	-0.972	2.189
201412_at	LRP10	LDL receptor related protein 10	-0.429	1.981
201413_at	HSD17B4	hydroxysteroid 17-beta dehydrogenase 4	-0.653	3.008
201415_at	GSS	glutathione synthetase	-0.806	2.224
201423_s_at	CUL4A	cullin 4A	0.562	2.005
201425_at	ALDH2	aldehyde dehydrogenase 2 family (mitochondrial)	-1.276	5.533
201426_s_at	VIM	vimentin	1.707	8.752
201432_at	CAT	catalase	-1.556	7.609
201441_at	COX6B1	cytochrome c oxidase subunit 6B1	-0.658	3.448
201445_at	CNN3	calponin 3	0.655	2.122
201448_at	TIA1	TIA1 cytotoxic granule-associated RNA binding protein	0.808	2.656
201449_at	TIA1	TIA1 cytotoxic granule-associated RNA binding protein	0.487	2.322
201450_s_at	TIA1	TIA1 cytotoxic granule-associated RNA binding protein	0.641	2.161
201457_x_at	BUB3	BUB3, mitotic checkpoint protein	0.546	3.199
201458_s_at	BUB3	BUB3, mitotic checkpoint protein	0.597	2.303
201463_s_at	TALDO1	transaldolase 1	-0.558	3.2
201469_s_at	SHC1	SHC adaptor protein 1	2.1	2.714
201474_s_at	ITGA3	integrin subunit alpha 3	0.999	2.353
201475_x_at	MIR6758///MARS	microRNA 6758///methionyl-tRNA synthetase	-0.506	2.174
201483_s_at	SUPT4H1	SPT4 homolog, DSIF elongation factor subunit	0.5	2.062
201489_at	PPIF	peptidylprolyl isomerase F	-1.721	3.498
201493_s_at	PUM2	pumilio RNA binding family member 2	0.484	2.664
201506_at	TGFBI	transforming growth factor beta induced	3.471	5.024
201509_at	IDH3B	isocitrate dehydrogenase 3 (NAD(+)) beta	-0.904	3.187
201512_s_at	TOMM70	translocase of outer mitochondrial membrane 70	0.617	2.179
201522_x_at	SNURF///SNRPN	SNRPN upstream reading frame///small nuclear ribonucleoprotein polypeptide N	-0.918	4.955
201525_at	APOD	apolipoprotein D	-2.238	5.056
201528_at	RPA1	replication protein A1	0.702	3.496
201529_s_at	RPA1	replication protein A1	1.206	5.165
201536_at	DUSP3	dual specificity phosphatase 3	-0.931	4.108
201540_at	FHL1	four and a half LIM domains 1	1.796	4.824
201547_at	KDM5B	lysine demethylase 5B	1.789	2.51
201553_s_at	LAMP1	lysosomal associated membrane protein 1	-1.158	6.323
201560_at	CLIC4	chloride intracellular channel 4	0.707	2.368
201562_s_at	SORD	sorbitol dehydrogenase	-2.17	7.89
201563_at	SORD	sorbitol dehydrogenase	-2.797	9.792
201564_s_at	FSCN1	fascin actin-bundling protein 1	1.725	2.132
201567_s_at	GOLGA4	golgin A4	-0.64	2.585
201568_at	UQCRQ	ubiquinol-cytochrome c reductase complex III subunit VII	-0.945	3.116
201569_s_at	SAMM50	SAMM50 sorting and assembly machinery component	-0.695	2.298
201570_at	SAMM50	SAMM50 sorting and assembly machinery component	-0.65	3.491
201590_x_at	ANXA2	annexin A2	0.848	3.02
201596_x_at	KRT18	keratin 18	1.071	2.162
201597_at	COX7A2	cytochrome c oxidase subunit 7A2	-0.751	3.414
201599_at	OAT	ornithine aminotransferase	-1.528	4.237
201601_x_at	IFITM2///IFITM1	interferon induced transmembrane protein 2///interferon induced transmembrane protein 1	1.508	3.792
201603_at	PPP1R12A	protein phosphatase 1 regulatory subunit 12A	1.047	2.849
201604_s_at	PPP1R12A	protein phosphatase 1 regulatory subunit 12A	1.125	4.422
201608_s_at	PWP1	PWP1 homolog, endonuclein	0.558	3.205
201611_s_at	ICMT	isoprenylcysteine carboxyl methyltransferase	-0.961	3.574
201612_at	ALDH9A1	aldehyde dehydrogenase 9 family member A1	-1.285	6.288
201616_s_at	CALD1	caldesmon 1	1.046	3.137
201617_x_at	CALD1	caldesmon 1	1.481	3.138
201618_x_at	GPAA1	glycosylphosphatidylinositol anchor attachment 1	-0.973	2.097
201623_s_at	DARS	aspartyl-tRNA synthetase	1.022	4.015
201624_at	DARS	aspartyl-tRNA synthetase	1.606	6.334
201628_s_at	RRAGA	Ras related GTP binding A	0.708	2.051
201629_s_at	ACP1	acid phosphatase 1, soluble	1.945	2.916
201636_at	FXR1	FMR1 autosomal homolog 1	0.572	2.196
201640_x_at	CLPTM1	CLPTM1, transmembrane protein	-1.046	5.582
201641_at	BST2	bone marrow stromal cell antigen 2	1.412	3.039
201642_at	IFNGR2	interferon gamma receptor 2 (interferon gamma transducer 1)	1.432	6.187
201643_x_at	KDM3B	lysine demethylase 3B	0.499	2.62
201648_at	JAK1	Janus kinase 1	0.864	5.942
201649_at	UBE2L6	ubiquitin conjugating enzyme E2 L6	0.994	3.329
201655_s_at	HSPG2	heparan sulfate proteoglycan 2	2.51	3.612
201657_at	ARL1	ADP ribosylation factor like GTPase 1	0.816	2.085
201660_at	ACSL3	acyl-CoA synthetase long-chain family member 3	-0.941	3.629
201661_s_at	ACSL3	acyl-CoA synthetase long-chain family member 3	-1.173	4.776
201663_s_at	SMC4	structural maintenance of chromosomes 4	2.133	5.183
201664_at	SMC4	structural maintenance of chromosomes 4	1.378	7.07
201666_at	TIMP1	TIMP metallopeptidase inhibitor 1	1.975	4.176
201667_at	GJA1	gap junction protein alpha 1	2.701	4.609
201668_x_at	MARCKS	myristoylated alanine rich protein kinase C substrate	1.935	4.665
201669_s_at	MARCKS	myristoylated alanine rich protein kinase C substrate	1.929	7.897
201670_s_at	MARCKS	myristoylated alanine rich protein kinase C substrate	1.708	5.128
201674_s_at	AKAP1	A-kinase anchoring protein 1	-1.151	6.192
201690_s_at	TPD52	tumor protein D52	-0.946	2.521
201695_s_at	PNP	purine nucleoside phosphorylase	-1.291	6.408
201700_at	CCND3	cyclin D3	0.723	2.126
201704_at	ENTPD6	ectonucleoside triphosphate diphosphohydrolase 6 (putative)	-0.808	3.162
201708_s_at	NIPSNAP1	nipsnap homolog 1 (C. elegans)	-1.097	3.893
201709_s_at	NIPSNAP1	nipsnap homolog 1 (C. elegans)	-0.875	3.525
201714_at	TUBG1	tubulin gamma 1	-0.629	2.053
201718_s_at	EPB41L2	erythrocyte membrane protein band 4.1 like 2	1.279	2.263
201719_s_at	EPB41L2	erythrocyte membrane protein band 4.1 like 2	1.397	4.897
201720_s_at	LAPTM5	lysosomal protein transmembrane 5	2.426	3.996
201721_s_at	LAPTM5	lysosomal protein transmembrane 5	2.464	6.112
201722_s_at	GALNT1	polypeptide N-acetylgalactosaminyltransferase 1	1.258	6.957
201724_s_at	GALNT1	polypeptide N-acetylgalactosaminyltransferase 1	0.662	2.514
201728_s_at	KIAA0100	KIAA0100	-1.371	4.998
201740_at	NDUFS3	NADH:ubiquinone oxidoreductase core subunit S3	-0.668	4.447
201742_x_at	SRSF1	serine and arginine rich splicing factor 1	1.23	3.169
201743_at	CD14	CD14 molecule	1.843	5.013
201751_at	JOSD1	Josephin domain containing 1	1.35	4.913
201752_s_at	ADD3	adducin 3	-0.737	3.202
201755_at	MCM5	minichromosome maintenance complex component 5	3.124	6.963
201756_at	RPA2	replication protein A2	0.584	2.694
201761_at	MTHFD2	methylenetetrahydrofolate dehydrogenase (NADP+ dependent) 2, methenyltetrahydrofolate cyclohydrolase	1.377	2.149
201762_s_at	MIR7703///PSME2	microRNA 7703///proteasome activator subunit 2	0.82	3.689
201773_at	ADNP	activity dependent neuroprotector homeobox	0.664	3.225
201776_s_at	EFCAB14	EF-hand calcium binding domain 14	0.739	2.78
201780_s_at	RNF13	ring finger protein 13	0.71	2.632
201784_s_at	C11orf58	chromosome 11 open reading frame 58	0.677	3.435
201791_s_at	DHCR7	7-dehydrocholesterol reductase	-0.919	3.248
201792_at	AEBP1	AE binding protein 1	1.314	2.627
201798_s_at	MYOF	myoferlin	1.465	4.742
201809_s_at	ENG	endoglin	1.438	2.839
201818_at	LPCAT1	lysophosphatidylcholine acyltransferase 1	3.587	5.146
201819_at	SCARB1	scavenger receptor class B member 1	2.653	8.029
201821_s_at	TIMM17A	translocase of inner mitochondrial membrane 17 homolog A (yeast)	0.88	2.094
201826_s_at	SCCPDH	saccharopine dehydrogenase (putative)	-1.089	3.075
201830_s_at	NET1	neuroepithelial cell transforming 1	0.997	2
201832_s_at	USO1	USO1 vesicle transport factor	0.531	1.993
201834_at	PRKAB1	protein kinase AMP-activated non-catalytic subunit beta 1	-0.599	3.115
201839_s_at	EPCAM	epithelial cell adhesion molecule	-2.509	6.523
201847_at	LIPA	lipase A, lysosomal acid type	2.211	9.134
201848_s_at	BNIP3	BCL2 interacting protein 3	1.017	4.434
201849_at	BNIP3	BCL2 interacting protein 3	1.176	4.058
201851_at	SH3GL1	SH3 domain containing GRB2 like 1, endophilin A2	1.591	5.62
201852_x_at	COL3A1	collagen type III alpha 1 chain	1.504	2.551
201854_s_at	ATMIN	ATM interactor	-0.645	4.098
201858_s_at	SRGN	serglycin	2.099	7.247
201859_at	SRGN	serglycin	0.988	3.091
201861_s_at	LRRFIP1	LRR binding FLII interacting protein 1	-0.791	3.054
201864_at	GDI1	GDP dissociation inhibitor 1	0.513	2.017
201865_x_at	NR3C1	nuclear receptor subfamily 3 group C member 1	0.689	3.493
201866_s_at	NR3C1	nuclear receptor subfamily 3 group C member 1	1.343	5.459
201870_at	TOMM34	translocase of outer mitochondrial membrane 34	-0.515	2.177
201872_s_at	ABCE1	ATP binding cassette subfamily E member 1	0.647	2.697
201874_at	MPZL1	myelin protein zero like 1	0.97	2.183
201883_s_at	B4GALT1	beta-1,4-galactosyltransferase 1	-1.006	3.541
201885_s_at	CYB5R3	cytochrome b5 reductase 3	0.461	2.262
201886_at	DCAF11	DDB1 and CUL4 associated factor 11	-0.557	2.547
201887_at	IL13RA1	interleukin 13 receptor subunit alpha 1	0.521	2.015
201890_at	RRM2	ribonucleotide reductase regulatory subunit M2	2.774	3.092
201893_x_at	DCN	decorin	-3.047	6.094
201894_s_at	SSR1	signal sequence receptor subunit 1	0.646	2.345
201900_s_at	AKR1A1	aldo-keto reductase family 1 member A1	-1.565	8.237
201903_at	UQCRC1	ubiquinol-cytochrome c reductase core protein I	-1.495	7.032
201904_s_at	CTDSPL	CTD small phosphatase like	-1.553	4.9
201906_s_at	CTDSPL	CTD small phosphatase like	-0.888	3.186
201913_s_at	COASY	Coenzyme A synthase	-0.745	3.667
201916_s_at	SEC63	SEC63 homolog, protein translocation regulator	0.495	2.203
201917_s_at	SLC25A36	solute carrier family 25 member 36	-1.107	3.715
201918_at	SLC25A36	solute carrier family 25 member 36	-1.125	4.197
201919_at	SLC25A36	solute carrier family 25 member 36	-0.556	3.15
201921_at	GNG10	G protein subunit gamma 10	0.564	2.3
201923_at	PRDX4	peroxiredoxin 4	1.245	4.987
201927_s_at	PKP4	plakophilin 4	-1.044	2.863
201931_at	ETFA	electron transfer flavoprotein alpha subunit	-0.701	2.421
201932_at	LRRC41	leucine rich repeat containing 41	1.638	2.38
201938_at	CDK2AP1	cyclin dependent kinase 2 associated protein 1	0.94	4.116
201939_at	PLK2	polo like kinase 2	3.437	5.816
201953_at	CIB1	calcium and integrin binding 1	-0.764	2.965
201954_at	ARPC1B	actin related protein 2/3 complex subunit 1B	1.588	4.825
201955_at	CCNC	cyclin C	-0.578	2.761
201966_at	NDUFS2	NADH:ubiquinone oxidoreductase core subunit S2	-0.964	4.631
201970_s_at	NASP	nuclear autoantigenic sperm protein	1.156	3.146
201972_at	ATP6V1A	ATPase H+ transporting V1 subunit A	-1.149	7.235
201976_s_at	MYO10	myosin X	-0.794	2.392
201980_s_at	RSU1	Ras suppressor protein 1	0.741	3.194
201981_at	PAPPA	pappalysin 1	-1.976	4.072
201983_s_at	EGFR	epidermal growth factor receptor	1.346	4.317
201984_s_at	EGFR	epidermal growth factor receptor	1.127	2.099
201987_at	MED13	mediator complex subunit 13	-0.734	4.362
201988_s_at	CREBL2	cAMP responsive element binding protein like 2	0.851	3.256
201989_s_at	CREBL2	cAMP responsive element binding protein like 2	0.678	3.701
201998_at	ST6GAL1	ST6 beta-galactoside alpha-2,6-sialyltransferase 1	-1.206	3.286
202000_at	NDUFA6	NADH:ubiquinone oxidoreductase subunit A6	-0.743	3.763
202001_s_at	NDUFA6	NADH:ubiquinone oxidoreductase subunit A6	-0.804	4.899
202004_x_at	SDHC	succinate dehydrogenase complex subunit C	-0.786	3.359
202005_at	ST14	suppression of tumorigenicity 14	-1.379	3.654
202006_at	PTPN12	protein tyrosine phosphatase, non-receptor type 12	1.509	5.686
202007_at	NID1	nidogen 1	1.986	3.569
202008_s_at	NID1	nidogen 1	1.01	2.423
202012_s_at	EXT2	exostosin glycosyltransferase 2	0.617	2.374
202016_at	MEST	mesoderm specific transcript	-0.954	2.117
202017_at	EPHX1	epoxide hydrolase 1	-0.923	2.977
202022_at	ALDOC	aldolase, fructose-bisphosphate C	1.739	3.564
202023_at	EFNA1	ephrin A1	1.602	5.726
202025_x_at	ACAA1	acetyl-CoA acyltransferase 1	-1.857	6.616
202026_at	SDHD	succinate dehydrogenase complex subunit D	-0.566	2.127
202035_s_at	SFRP1	secreted frizzled related protein 1	-4.376	7.427
202036_s_at	SFRP1	secreted frizzled related protein 1	-5.462	12.808
202037_s_at	SFRP1	secreted frizzled related protein 1	-3.822	13.941
202042_at	LOC101928623///HARS	uncharacterized LOC101928623///histidyl-tRNA synthetase	0.616	3.589
202045_s_at	ARHGAP35	Rho GTPase activating protein 35	-0.553	2.158
202053_s_at	ALDH3A2	aldehyde dehydrogenase 3 family member A2	-1.582	6.483
202054_s_at	ALDH3A2	aldehyde dehydrogenase 3 family member A2	-1.396	2.998
202071_at	SDC4	syndecan 4	-0.773	2.622
202083_s_at	SEC14L1	SEC14 like lipid binding 1	1.295	2.215
202090_s_at	UQCR11	ubiquinol-cytochrome c reductase, complex III subunit XI	-0.839	3.175
202094_at	BIRC5	baculoviral IAP repeat containing 5	1.85	2.916
202095_s_at	BIRC5	baculoviral IAP repeat containing 5	1.785	2.211
202100_at	RALB	RALB Ras like proto-oncogene B	0.703	3.575
202101_s_at	RALB	RALB Ras like proto-oncogene B	1.412	2.811
202102_s_at	BRD4	bromodomain containing 4	-0.6	2.481
202107_s_at	MCM2	minichromosome maintenance complex component 2	1.052	2.242
202108_at	PEPD	peptidase D	-2.346	7.669
202110_at	COX7B	cytochrome c oxidase subunit 7B	-0.934	5.572
202112_at	VWF	von Willebrand factor	3.938	5.498
202124_s_at	TRAK2	trafficking kinesin protein 2	-0.675	2.253
202125_s_at	TRAK2	trafficking kinesin protein 2	-0.609	3.782
202133_at	WWTR1	WW domain containing transcription regulator 1	0.766	2.928
202136_at	ZMYND11	zinc finger MYND-type containing 11	-0.474	2.515
202138_x_at	AIMP2	aminoacyl tRNA synthetase complex interacting multifunctional protein 2	-0.778	3.241
202148_s_at	PYCR1	pyrroline-5-carboxylate reductase 1	-1.369	3.778
202153_s_at	NUP62	nucleoporin 62	1.13	3.544
202156_s_at	CELF2	CUGBP, Elav-like family member 2	1.039	2.446
202157_s_at	CELF2	CUGBP, Elav-like family member 2	1.155	3.96
202161_at	PKN1	protein kinase N1	1.635	4.453
202162_s_at	CNOT8	CCR4-NOT transcription complex subunit 8	1.514	3.926
202163_s_at	CNOT8	CCR4-NOT transcription complex subunit 8	1.045	2.204
202164_s_at	CNOT8	CCR4-NOT transcription complex subunit 8	1.123	4.861
202169_s_at	AASDHPPT	aminoadipate-semialdehyde dehydrogenase-phosphopantetheinyl transferase	0.466	2.464
202178_at	PRKCZ	protein kinase C zeta	-1.401	5.652
202181_at	SUSD6	sushi domain containing 6	0.558	2.531
202182_at	KAT2A	lysine acetyltransferase 2A	-0.525	2.261
202183_s_at	KIF22	kinesin family member 22	-0.467	2.102
202185_at	PLOD3	procollagen-lysine,2-oxoglutarate 5-dioxygenase 3	0.602	2.064
202200_s_at	SRPK1	SRSF protein kinase 1	-0.737	3.737
202202_s_at	LAMA4	laminin subunit alpha 4	2.54	5.261
202204_s_at	AMFR	autocrine motility factor receptor	-1.425	6.725
202206_at	ARL4C	ADP ribosylation factor like GTPase 4C	1.632	2.706
202207_at	ARL4C	ADP ribosylation factor like GTPase 4C	2.049	5.503
202208_s_at	ARL4C	ADP ribosylation factor like GTPase 4C	2.036	3.746
202209_at	LSM3	LSM3 homolog, U6 small nuclear RNA and mRNA degradation associated	-0.647	3.332
202211_at	ARFGAP3	ADP ribosylation factor GTPase activating protein 3	0.741	3.44
202214_s_at	CUL4B	cullin 4B	0.717	2.636
202217_at	C21orf33	chromosome 21 open reading frame 33	-1.444	6.651
202233_s_at	UQCRHL///UQCRH	ubiquinol-cytochrome c reductase hinge protein like///ubiquinol-cytochrome c reductase hinge protein	-1.336	2.598
202235_at	SLC16A1	solute carrier family 16 member 1	2.519	3.534
202236_s_at	SLC16A1	solute carrier family 16 member 1	1.61	3.011
202237_at	LOC101928916///NNMT	uncharacterized LOC101928916///nicotinamide N-methyltransferase	4.434	9.05
202238_s_at	LOC101928916///NNMT	uncharacterized LOC101928916///nicotinamide N-methyltransferase	5.695	7.156
202241_at	TRIB1	tribbles pseudokinase 1	-1.391	3.993
202245_at	LSS	lanosterol synthase (2,3-oxidosqualene-lanosterol cyclase)	-0.686	2.846
202264_s_at	TOMM40	translocase of outer mitochondrial membrane 40	-0.712	2.892
202266_at	TDP2	tyrosyl-DNA phosphodiesterase 2	-0.635	2.058
202269_x_at	GBP1	guanylate binding protein 1	1.475	4.416
202270_at	GBP1	guanylate binding protein 1	2.359	5.799
202274_at	ACTG2	actin, gamma 2, smooth muscle, enteric	2.033	2.515
202276_at	SHFM1	split hand/foot malformation (ectrodactyly) type 1	0.543	2.523
202277_at	SPTLC1	serine palmitoyltransferase long chain base subunit 1	0.47	2.021
202278_s_at	SPTLC1	serine palmitoyltransferase long chain base subunit 1	1.002	2.296
202279_at	C14orf2	chromosome 14 open reading frame 2	-1.235	4.631
202281_at	GAK	cyclin G associated kinase	-0.705	2.698
202282_at	HSD17B10	hydroxysteroid 17-beta dehydrogenase 10	-1.321	7.183
202284_s_at	CDKN1A	cyclin dependent kinase inhibitor 1A	1.279	3.117
202286_s_at	TACSTD2	tumor-associated calcium signal transducer 2	-3.265	4.425
202288_at	MTOR	mechanistic target of rapamycin	-0.869	3.28
202292_x_at	LYPLA2	lysophospholipase II	-0.763	3.564
202293_at	STAG1	stromal antigen 1	1.206	4.647
202295_s_at	CTSH	cathepsin H	-1.775	7.53
202299_s_at	LAMTOR5	late endosomal/lysosomal adaptor, MAPK and MTOR activator 5	-1.024	4.921
202300_at	LAMTOR5	late endosomal/lysosomal adaptor, MAPK and MTOR activator 5	-0.837	4.811
202302_s_at	RSRC2	arginine and serine rich coiled-coil 2	0.602	3.215
202304_at	FNDC3A	fibronectin type III domain containing 3A	0.829	3.167
202306_at	POLR2G	RNA polymerase II subunit G	0.512	2.334
202307_s_at	TAP1	transporter 1, ATP binding cassette subfamily B member	2.367	4.173
202310_s_at	COL1A1	collagen type I alpha 1 chain	2.128	2.841
202311_s_at	COL1A1	collagen type I alpha 1 chain	1.698	2.431
202315_s_at	BCR	BCR, RhoGEF and GTPase activating protein	-0.803	3.645
202324_s_at	ACBD3	acyl-CoA binding domain containing 3	0.621	2.254
202325_s_at	ATP5J	ATP synthase, H+ transporting, mitochondrial Fo complex subunit F6	-0.854	5.547
202331_at	BCKDHA	branched chain keto acid dehydrogenase E1, alpha polypeptide	-0.484	2.514
202336_s_at	PAM	peptidylglycine alpha-amidating monooxygenase	0.747	2.864
202342_s_at	TRIM2	tripartite motif containing 2	-0.805	2.852
202343_x_at	COX5B	cytochrome c oxidase subunit 5B	-0.584	3.511
202345_s_at	FABP5	fatty acid binding protein 5	2.306	3.875
202348_s_at	TOR1A	torsin family 1 member A	0.561	2.186
202363_at	SPOCK1	sparc/osteonectin, cwcv and kazal-like domains proteoglycan (testican) 1	-1.906	3.113
202364_at	MXI1	MAX interactor 1, dimerization protein	1.104	3.391
202366_at	ACADS	acyl-CoA dehydrogenase, C-2 to C-3 short chain	-0.813	2.209
202367_at	CUX1	cut like homeobox 1	-0.884	3.004
202370_s_at	CBFB	core-binding factor beta subunit	1.209	6.156
202374_s_at	RAB3GAP2///AURKAPS1	RAB3 GTPase activating non-catalytic protein subunit 2///aurora kinase A pseudogene 1	0.973	3.999
202375_at	SEC24D	SEC24 homolog D, COPII coat complex component	1.225	2.345
202381_at	ADAM9	ADAM metallopeptidase domain 9	0.859	2.234
202382_s_at	GNPDA1	glucosamine-6-phosphate deaminase 1	-0.815	2.283
202386_s_at	KIAA0430	KIAA0430	0.571	2.365
202387_at	BAG1	BCL2 associated athanogene 1	-0.807	2.438
202396_at	TCERG1	transcription elongation regulator 1	0.908	3.108
202399_s_at	C15orf38-AP3S2///AP3S2	C15orf38-AP3S2 readthrough///adaptor related protein complex 3 sigma 2 subunit	-0.559	2.533
202404_s_at	COL1A2	collagen type I alpha 2 chain	2.652	4.439
202411_at	IFI27	interferon alpha inducible protein 27	2.448	4.147
202413_s_at	USP1	ubiquitin specific peptidase 1	0.737	3.57
202421_at	IGSF3	immunoglobulin superfamily member 3	-1.07	3.315
202423_at	KAT6A	lysine acetyltransferase 6A	0.595	1.99
202428_x_at	DBI	diazepam binding inhibitor, acyl-CoA binding protein	-0.741	3.524
202430_s_at	PLSCR1	phospholipid scramblase 1	0.585	2.052
202431_s_at	MYC	v-myc avian myelocytomatosis viral oncogene homolog	1.648	2.684
202435_s_at	CYP1B1	cytochrome P450 family 1 subfamily B member 1	-1.605	2.042
202436_s_at	CYP1B1	cytochrome P450 family 1 subfamily B member 1	-1.967	4.145
202437_s_at	CYP1B1	cytochrome P450 family 1 subfamily B member 1	-1.833	2.524
202443_x_at	NOTCH2	notch 2	0.549	2.37
202446_s_at	PLSCR1	phospholipid scramblase 1	1.432	6.496
202447_at	DECR1	2,4-dienoyl-CoA reductase 1, mitochondrial	-1.387	7.439
202449_s_at	RXRA	retinoid X receptor alpha	-0.799	2.517
202453_s_at	GTF2H1	general transcription factor IIH subunit 1	0.518	2.903
202458_at	PRSS23	protease, serine 23	1.317	2.892
202462_s_at	DDX46	DEAD-box helicase 46	0.454	2.294
202466_at	PAPD7	poly(A) RNA polymerase D7, non-canonical	0.467	2.331
202468_s_at	CTNNAL1	catenin alpha like 1	-0.985	3.753
202475_at	TMEM147	transmembrane protein 147	-0.575	2.863
202477_s_at	TUBGCP2	tubulin gamma complex associated protein 2	-0.501	2.127
202478_at	TRIB2	tribbles pseudokinase 2	1.459	4.226
202483_s_at	RANBP1	RAN binding protein 1	1.197	3.459
202484_s_at	MBD2	methyl-CpG binding domain protein 2	0.654	3.519
202497_x_at	SLC2A3	solute carrier family 2 member 3	3.195	3.731
202498_s_at	SLC2A3	solute carrier family 2 member 3	2	3.734
202499_s_at	SLC2A3	solute carrier family 2 member 3	2.324	3.568
202501_at	MAPRE2	microtubule associated protein RP/EB family member 2	0.995	2.581
202502_at	ACADM	acyl-CoA dehydrogenase, C-4 to C-12 straight chain	-0.823	2.842
202503_s_at	KIAA0101	KIAA0101	1.509	2.594
202505_at	SNRPB2	small nuclear ribonucleoprotein polypeptide B2	0.686	2.347
202510_s_at	TNFAIP2	TNF alpha induced protein 2	1.161	4.307
202524_s_at	SPOCK2	sparc/osteonectin, cwcv and kazal-like domains proteoglycan (testican) 2	-1.068	3.31
202525_at	PRSS8	protease, serine 8	-1.537	3.783
202527_s_at	SMAD4	SMAD family member 4	0.844	3.344
202531_at	IRF1	interferon regulatory factor 1	0.687	2.633
202532_s_at	DHFR	dihydrofolate reductase	-0.733	2.537
202542_s_at	AIMP1	aminoacyl tRNA synthetase complex interacting multifunctional protein 1	0.61	2.518
202548_s_at	ARHGEF7	Rho guanine nucleotide exchange factor 7	0.693	2.361
202549_at	VAPB	VAMP associated protein B and C	-0.923	3.011
202550_s_at	VAPB	VAMP associated protein B and C	-0.342	2.076
202554_s_at	GSTM3	glutathione S-transferase mu 3	-2.602	5.841
202557_at	HSPA13	heat shock protein family A (Hsp70) member 13	1.007	2.733
202564_x_at	ARL2	ADP ribosylation factor like GTPase 2	-1.131	5.36
202566_s_at	SVIL	supervillin	1.004	2.874
202573_at	CSNK1G2	casein kinase 1 gamma 2	-0.577	2.599
202579_x_at	HMGN4	high mobility group nucleosomal binding domain 4	0.605	2.657
202586_at	POLR2L	RNA polymerase II subunit L	-1.37	2.119
202587_s_at	AK1	adenylate kinase 1	-0.693	2.174
202589_at	TYMS	thymidylate synthetase	1.762	3.767
202590_s_at	PDK2	pyruvate dehydrogenase kinase 2	-0.644	3.051
202591_s_at	SSBP1	single stranded DNA binding protein 1	0.579	2.966
202592_at	BLOC1S1	biogenesis of lysosomal organelles complex 1 subunit 1	-0.615	3.129
202594_at	LEPROTL1	leptin receptor overlapping transcript-like 1	1.281	5.591
202595_s_at	LEPROTL1	leptin receptor overlapping transcript-like 1	1.292	5.146
202597_at	IRF6	interferon regulatory factor 6	-0.96	3.639
202603_at	ADAM10	ADAM metallopeptidase domain 10	0.912	3.558
202604_x_at	ADAM10	ADAM metallopeptidase domain 10	1.417	4.116
202609_at	EPS8	epidermal growth factor receptor pathway substrate 8	0.69	3.14
202619_s_at	PLOD2	procollagen-lysine,2-oxoglutarate 5-dioxygenase 2	1.556	4.077
202620_s_at	PLOD2	procollagen-lysine,2-oxoglutarate 5-dioxygenase 2	1.49	5.094
202621_at	IRF3	interferon regulatory factor 3	0.484	2.143
202625_at	LYN	LYN proto-oncogene, Src family tyrosine kinase	1.229	3.78
202626_s_at	LYN	LYN proto-oncogene, Src family tyrosine kinase	1.202	2.609
202627_s_at	SERPINE1	serpin family E member 1	2.528	3.365
202628_s_at	SERPINE1	serpin family E member 1	2.476	2.914
202642_s_at	TRRAP	transformation/transcription domain associated protein	0.723	2.721
202643_s_at	TNFAIP3	TNF alpha induced protein 3	1.242	2.979
202644_s_at	TNFAIP3	TNF alpha induced protein 3	1.382	4.196
202646_s_at	CSDE1	cold shock domain containing E1	-0.483	2.983
202649_x_at	RPS19	ribosomal protein S19	0.911	3.898
202651_at	LPGAT1	lysophosphatidylglycerol acyltransferase 1	1.265	4.466
202654_x_at	MARCH7	membrane associated ring-CH-type finger 7	0.889	2.962
202656_s_at	SERTAD2	SERTA domain containing 2	1.186	4.368
202657_s_at	SERTAD2	SERTA domain containing 2	1.098	5.171
202659_at	PSMB10	proteasome subunit beta 10	1.566	3.025
202660_at	ITPR2	inositol 1,4,5-trisphosphate receptor type 2	-0.994	2.37
202661_at	ITPR2	inositol 1,4,5-trisphosphate receptor type 2	-1.303	3.164
202663_at	WIPF1	WAS/WASL interacting protein family member 1	1.527	3.359
202664_at	WIPF1	WAS/WASL interacting protein family member 1	1.482	4.188
202671_s_at	PDXK	pyridoxal (pyridoxine, vitamin B6) kinase	-1.102	2.707
202675_at	SDHB	succinate dehydrogenase complex iron sulfur subunit B	-0.627	2.489
202679_at	NPC1	NPC intracellular cholesterol transporter 1	0.779	2.581
202686_s_at	AXL	AXL receptor tyrosine kinase	1.745	5.215
202688_at	TNFSF10	tumor necrosis factor superfamily member 10	0.619	2.537
202690_s_at	SNRPD1	small nuclear ribonucleoprotein D1 polypeptide	1.001	3.564
202698_x_at	COX4I1	cytochrome c oxidase subunit 4I1	-0.663	3.152
202700_s_at	TMEM63A	transmembrane protein 63A	-0.97	2.492
202704_at	TOB1	transducer of ERBB2, 1	-0.765	2.084
202712_s_at	CKMT1A///CKMT1B	creatine kinase, mitochondrial 1A///creatine kinase, mitochondrial 1B	-1.945	2.977
202718_at	IGFBP2	insulin like growth factor binding protein 2	-2.021	6.064
202719_s_at	TES	testin LIM domain protein	0.684	2.05
202720_at	TES	testin LIM domain protein	0.794	1.997
202727_s_at	IFNGR1	interferon gamma receptor 1	1.435	5.929
202730_s_at	MIR4680///PDCD4	microRNA 4680///programmed cell death 4 (neoplastic transformation inhibitor)	1.332	3.055
202731_at	MIR4680///PDCD4	microRNA 4680///programmed cell death 4 (neoplastic transformation inhibitor)	1.003	3.566
202735_at	EBP	emopamil binding protein (sterol isomerase)	-0.962	2.888
202737_s_at	LSM4	LSM4 homolog, U6 small nuclear RNA and mRNA degradation associated	-0.715	2.797
202740_at	ABHD14A-ACY1///ACY1	ABHD14A-ACY1 readthrough///aminoacylase 1	-3.383	11.151
202743_at	PIK3R3	phosphoinositide-3-kinase regulatory subunit 3	0.976	2.287
202746_at	ITM2A	integral membrane protein 2A	1.38	2.397
202748_at	GBP2	guanylate binding protein 2	1.427	5.302
202752_x_at	SLC7A8	solute carrier family 7 member 8	-3.691	7.443
202753_at	PSMD6	proteasome 26S subunit, non-ATPase 6	-0.574	2.071
202766_s_at	FBN1	fibrillin 1	1.457	2.069
202767_at	ACP2	acid phosphatase 2, lysosomal	-0.901	4.788
202770_s_at	CCNG2	cyclin G2	1.028	4.071
202772_at	HMGCL	3-hydroxymethyl-3-methylglutaryl-CoA lyase	-1.146	6.377
202780_at	OXCT1	3-oxoacid CoA-transferase 1	-1.133	3.492
202788_at	MAPKAPK3	mitogen-activated protein kinase-activated protein kinase 3	-0.925	4.079
202792_s_at	PPP6R2	protein phosphatase 6 regulatory subunit 2	-1.111	4.949
202794_at	INPP1	inositol polyphosphate-1-phosphatase	0.977	5.141
202796_at	SYNPO	synaptopodin	0.918	2.401
202798_at	SEC24B	SEC24 homolog B, COPII coat complex component	0.654	2.692
202800_at	SLC1A3	solute carrier family 1 member 3	2.626	3.439
202803_s_at	ITGB2	integrin subunit beta 2	2.018	4.671
202804_at	ABCC1	ATP binding cassette subfamily C member 1	1.254	4.929
202805_s_at	ABCC1	ATP binding cassette subfamily C member 1	1.806	3.143
202807_s_at	TOM1	target of myb1 membrane trafficking protein	-0.557	2.278
202818_s_at	TCEB3	transcription elongation factor B subunit 3	-1.02	5.363
202820_at	AHR	aryl hydrocarbon receptor	1.206	2.535
202827_s_at	MMP14	matrix metallopeptidase 14	1.997	2.862
202828_s_at	MMP14	matrix metallopeptidase 14	2.287	3.791
202840_at	TAF15	TATA-box binding protein associated factor 15	-0.563	2.266
202844_s_at	RALBP1	ralA binding protein 1	-1.029	2.912
202845_s_at	RALBP1	ralA binding protein 1	-0.724	2.307
202847_at	PCK2	phosphoenolpyruvate carboxykinase 2, mitochondrial	-3.084	8.469
202850_at	ABCD3	ATP binding cassette subfamily D member 3	-0.944	4.066
202855_s_at	MIR6787///SLC16A3	microRNA 6787///solute carrier family 16 member 3	5.539	4.106
202856_s_at	MIR6787///SLC16A3	microRNA 6787///solute carrier family 16 member 3	2.619	6.412
202862_at	FAH	fumarylacetoacetate hydrolase	-1.174	3.347
202869_at	OAS1	2'-5'-oligoadenylate synthetase 1	1.13	2.175
202877_s_at	CD93	CD93 molecule	1.275	3
202878_s_at	CD93	CD93 molecule	1.53	4.35
202887_s_at	DDIT4	DNA damage inducible transcript 4	2.846	6.188
202888_s_at	ANPEP	alanyl aminopeptidase, membrane	-1.223	2.325
202890_at	MAP7	microtubule associated protein 7	-1	2.005
202891_at	NIT1	nitrilase 1	-0.558	2.269
202896_s_at	SIRPA	signal regulatory protein alpha	0.918	2.86
202897_at	SIRPA	signal regulatory protein alpha	1.301	3.46
202898_at	SDC3	syndecan 3	3.062	2.67
202902_s_at	CTSS	cathepsin S	3.055	5.056
202906_s_at	NBN	nibrin	1.718	6.025
202907_s_at	NBN	nibrin	0.711	2.371
202908_at	WFS1	wolframin ER transmembrane glycoprotein	-0.577	2.447
202910_s_at	ADGRE5	adhesion G protein-coupled receptor E5	1.264	4.536
202912_at	ADM	adrenomedullin	2.503	4.603
202918_s_at	HSPE1-MOB4///MOB4	HSPE1-MOB4 readthrough///MOB family member 4, phocein	0.993	3.441
202920_at	ANK2	ankyrin 2, neuronal	-3.037	5.863
202921_s_at	ANK2	ankyrin 2, neuronal	-1.761	3.448
202931_x_at	BIN1	bridging integrator 1	-0.631	2.218
202934_at	HK2	hexokinase 2	3.772	6.7
202936_s_at	SOX9	SRY-box 9	0.926	2.18
202939_at	ZMPSTE24	zinc metallopeptidase STE24	-0.439	1.994
202940_at	WNK1	WNK lysine deficient protein kinase 1	-0.976	2.581
202942_at	ETFB	electron transfer flavoprotein beta subunit	-1.83	6.634
202946_s_at	BTBD3	BTB domain containing 3	0.841	2.29
202953_at	C1QB	complement C1q B chain	3.103	7.423
202956_at	ARFGEF1	ADP ribosylation factor guanine nucleotide exchange factor 1	-0.726	3.494
202957_at	HCLS1	hematopoietic cell-specific Lyn substrate 1	1.956	5.412
202959_at	MUT	methylmalonyl-CoA mutase	-0.866	2.568
202960_s_at	MUT	methylmalonyl-CoA mutase	-1.088	2.826
202961_s_at	ARMC2-AS1///ATP5J2	ARMC2 antisense RNA 1///ATP synthase, H+ transporting, mitochondrial Fo complex subunit F2	-0.65	2.846
202962_at	KIF13B	kinesin family member 13B	-1.638	8.058
202964_s_at	RFX5	regulatory factor X5	1.36	2.249
202969_at	DYRK2	dual specificity tyrosine phosphorylation regulated kinase 2	1.329	2.973
202972_s_at	FAM13A	family with sequence similarity 13 member A	0.961	4.165
202973_x_at	FAM13A	family with sequence similarity 13 member A	1.018	3.551
202975_s_at	RHOBTB3	Rho related BTB domain containing 3	-1.479	2.502
202976_s_at	RHOBTB3	Rho related BTB domain containing 3	-1.841	3.1
202978_s_at	CREBZF	CREB/ATF bZIP transcription factor	0.839	2.771
202979_s_at	CREBZF	CREB/ATF bZIP transcription factor	1.386	3.838
202982_s_at	ACOT1///ACOT2	acyl-CoA thioesterase 1///acyl-CoA thioesterase 2	-1.47	2.948
202986_at	ARNT2	aryl hydrocarbon receptor nuclear translocator 2	-2.098	4.925
202988_s_at	RGS1	regulator of G-protein signaling 1	2.901	4.049
202990_at	PYGL	phosphorylase, glycogen, liver	1.908	4.229
202992_at	C7	complement component 7	-2.959	3.003
202993_at	ILVBL	ilvB acetolactate synthase like	-1.163	4.853
202994_s_at	FBLN1	fibulin 1	-2.847	2.463
202998_s_at	LOXL2	lysyl oxidase like 2	2.478	5.246
203008_x_at	TXNDC9	thioredoxin domain containing 9	0.617	4.184
203009_at	BCAM	basal cell adhesion molecule (Lutheran blood group)	-1.608	4.418
203020_at	RABGAP1L	RAB GTPase activating protein 1 like	-0.644	2.208
203031_s_at	UROS	uroporphyrinogen III synthase	-0.669	2.946
203033_x_at	FH	fumarate hydratase	-1.149	5.201
203038_at	PTPRK	protein tyrosine phosphatase, receptor type K	0.786	2.007
203039_s_at	NDUFS1	NADH:ubiquinone oxidoreductase core subunit S1	-1.576	5.919
203044_at	CHSY1	chondroitin sulfate synthase 1	0.884	3.221
203047_at	STK10	serine/threonine kinase 10	3.445	4.739
203048_s_at	TTC37	tetratricopeptide repeat domain 37	0.468	2.295
203054_s_at	TCTA	T-cell leukemia translocation altered	-0.654	2.582
203058_s_at	PAPSS2	3'-phosphoadenosine 5'-phosphosulfate synthase 2	-0.826	2.659
203060_s_at	PAPSS2	3'-phosphoadenosine 5'-phosphosulfate synthase 2	-0.654	2.4
203065_s_at	CAV1	caveolin 1	2.871	7.8
203066_at	CHST15	carbohydrate (N-acetylgalactosamine 4-sulfate 6-O) sulfotransferase 15	2.227	5.739
203068_at	KLHL21	kelch like family member 21	-1.748	2.193
203071_at	MIR6872///SEMA3B	microRNA 6872///semaphorin 3B	-3.309	6.157
203081_at	CTNNBIP1	catenin beta interacting protein 1	-1.19	2.868
203085_s_at	TGFB1	transforming growth factor beta 1	1.648	4.832
203087_s_at	KIF2A	kinesin family member 2A	0.946	2.512
203088_at	FBLN5	fibulin 5	-1.553	2.763
203090_at	SDF2	stromal cell derived factor 2	-0.436	2.317
203100_s_at	CDYL	chromodomain Y-like	1.471	2.569
203102_s_at	MGAT2	mannosyl (alpha-1,6-)-glycoprotein beta-1,2-N-acetylglucosaminyltransferase	1.13	2.706
203104_at	CSF1R	colony stimulating factor 1 receptor	2.638	5.572
203107_x_at	SNORA64///RPS2	small nucleolar RNA, H/ACA box 64///ribosomal protein S2	0.613	4.123
203110_at	PTK2B	protein tyrosine kinase 2 beta	-0.811	2.165
203115_at	FECH	ferrochelatase	-1.449	4.443
203116_s_at	FECH	ferrochelatase	-1.316	6.625
203128_at	SPTLC2	serine palmitoyltransferase long chain base subunit 2	-0.492	1.994
203131_at	PDGFRA	platelet derived growth factor receptor alpha	-2.566	2.627
203132_at	RB1	RB transcriptional corepressor 1	1.152	4.671
203137_at	WTAP	Wilms tumor 1 associated protein	0.663	2.385
203140_at	BCL6	B-cell CLL/lymphoma 6	1.073	2.669
203145_at	SPAG5	sperm associated antigen 5	-2.655	6.304
203151_at	MAP1A	microtubule associated protein 1A	-0.8	3.75
203154_s_at	PAK4	p21 (RAC1) activated kinase 4	-0.974	2.567
203155_at	SETDB1	SET domain bifurcated 1	0.688	2.267
203156_at	AKAP11	A-kinase anchoring protein 11	0.57	3.349
203158_s_at	GLS	glutaminase	-1.008	2.4
203159_at	GLS	glutaminase	-1.524	5.197
203162_s_at	KATNB1	katanin regulatory subunit B1	-0.765	3.148
203165_s_at	SLC33A1	solute carrier family 33 member 1	1.347	2.907
203175_at	RHOG	ras homolog family member G	0.556	2.384
203176_s_at	TFAM	transcription factor A, mitochondrial	-0.712	3.05
203178_at	GATM	glycine amidinotransferase	-1.462	3.916
203179_at	GALT	galactose-1-phosphate uridylyltransferase	-0.857	3.676
203181_x_at	SRPK2	SRSF protein kinase 2	-0.705	2.176
203182_s_at	SRPK2	SRSF protein kinase 2	0.699	3.493
203185_at	RASSF2	Ras association domain family member 2	2.35	6.178
203189_s_at	MIR7113///MIR4691///NDUFS8	microRNA 7113///microRNA 4691///NADH:ubiquinone oxidoreductase core subunit S8	-1.197	3.715
203190_at	MIR7113///MIR4691///NDUFS8	microRNA 7113///microRNA 4691///NADH:ubiquinone oxidoreductase core subunit S8	-1.442	7.414
203194_s_at	NUP98	nucleoporin 98	1.151	3.332
203197_s_at	C1orf123	chromosome 1 open reading frame 123	0.495	2.102
203204_s_at	KDM4A	lysine demethylase 4A	-0.584	2.791
203210_s_at	RFC5	replication factor C subunit 5	3.167	5.322
203213_at	CDK1	cyclin dependent kinase 1	1.368	2.126
203215_s_at	MYO6	myosin VI	-1.885	6.578
203216_s_at	MYO6	myosin VI	-0.926	3.553
203227_s_at	TSPAN31	tetraspanin 31	-0.557	2.473
203229_s_at	CLK2	CDC like kinase 2	0.701	2.8
203233_at	IL4R	interleukin 4 receptor	1.467	4.064
203236_s_at	LGALS9	galectin 9	1.577	4.015
203242_s_at	PDLIM5	PDZ and LIM domain 5	1.432	2.466
203253_s_at	PPIP5K2	diphosphoinositol pentakisphosphate kinase 2	0.911	2.541
203256_at	CDH3	cadherin 3	-1.541	2.29
203259_s_at	HDDC2	HD domain containing 2	-0.961	3.13
203269_at	NSMAF	neutral sphingomyelinase activation associated factor	0.702	3.029
203273_s_at	TUSC2	tumor suppressor candidate 2	-0.782	2.577
203276_at	LMNB1	lamin B1	1.085	2.708
203277_at	DFFA	DNA fragmentation factor subunit alpha	-0.761	3.778
203281_s_at	MIR5193///UBA7	microRNA 5193///ubiquitin like modifier activating enzyme 7	1.345	2.61
203284_s_at	HS2ST1	heparan sulfate 2-O-sulfotransferase 1	1.569	4.098
203287_at	LAD1	ladinin 1	-2.019	5.297
203292_s_at	VPS11	VPS11, CORVET/HOPS core subunit	-0.551	2.415
203294_s_at	LMAN1	lectin, mannose binding 1	1.656	2.258
203300_x_at	AP1S2	adaptor related protein complex 1 sigma 2 subunit	1.597	6.367
203302_at	DCK	deoxycytidine kinase	1.221	3.102
203303_at	DYNLT3	dynein light chain Tctex-type 3	-0.881	4.475
203313_s_at	TGIF1	TGFB induced factor homeobox 1	0.84	3.302
203315_at	NCK2	NCK adaptor protein 2	1.001	4.567
203319_s_at	ZNF148	zinc finger protein 148	0.685	3.905
203320_at	SH2B3	SH2B adaptor protein 3	1.24	5.421
203323_at	CAV2	caveolin 2	2.379	9.921
203324_s_at	CAV2	caveolin 2	3.047	7.971
203328_x_at	IDE	insulin degrading enzyme	-0.552	2.781
203329_at	PTPRM	protein tyrosine phosphatase, receptor type M	1.412	5.037
203331_s_at	INPP5D	inositol polyphosphate-5-phosphatase D	2.172	2.379
203332_s_at	INPP5D	inositol polyphosphate-5-phosphatase D	1.292	4.691
203335_at	PHYH	phytanoyl-CoA 2-hydroxylase	-1.448	4.161
203347_s_at	MTF2	metal response element binding transcription factor 2	1.376	3.03
203357_s_at	CAPN7	calpain 7	1.1	2.062
203371_s_at	NDUFB3	NADH:ubiquinone oxidoreductase subunit B3	-1.017	4.523
203382_s_at	APOE	apolipoprotein E	-1.732	2.556
203386_at	TBC1D4	TBC1 domain family member 4	-0.783	2.175
203388_at	ARRB2	arrestin beta 2	2.915	3.03
203391_at	FKBP2	FK506 binding protein 2	-1.357	5.101
203397_s_at	GALNT3	polypeptide N-acetylgalactosaminyltransferase 3	-1.824	2.7
203402_at	KCNAB2	potassium voltage-gated channel subfamily A regulatory beta subunit 2	-1.157	3.684
203409_at	DDB2	damage specific DNA binding protein 2	2.205	3.349
203416_at	CD53	CD53 molecule	1.516	5.748
203424_s_at	IGFBP5	insulin like growth factor binding protein 5	-0.982	3.332
203425_s_at	IGFBP5	insulin like growth factor binding protein 5	-0.998	2.067
203426_s_at	IGFBP5	insulin like growth factor binding protein 5	-1.018	2.942
203433_at	ST20-MTHFS///MTHFS	ST20-MTHFS readthrough///5,10-methenyltetrahydrofolate synthetase (5-formyltetrahydrofolate cyclo-ligase)	-1.347	6.711
203434_s_at	MME	membrane metallo-endopeptidase	-2.515	4.788
203435_s_at	MME	membrane metallo-endopeptidase	-2.488	4.473
203439_s_at	STC2	stanniocalcin 2	1.374	4.548
203442_x_at	EML3	echinoderm microtubule associated protein like 3	1.062	4.019
203443_at	EML3	echinoderm microtubule associated protein like 3	-2.045	3.183
203453_at	SCNN1A	sodium channel epithelial 1 alpha subunit	-3.996	4.112
203455_s_at	SAT1	spermidine/spermine N1-acetyltransferase 1	-0.721	2.308
203466_at	MPV17	MPV17, mitochondrial inner membrane protein	0.937	2.133
203470_s_at	PLEK	pleckstrin	1.859	2.368
203471_s_at	PLEK	pleckstrin	0.817	2.681
203472_s_at	SLCO2B1	solute carrier organic anion transporter family member 2B1	2.244	2.049
203473_at	SLCO2B1	solute carrier organic anion transporter family member 2B1	0.711	2.058
203474_at	IQGAP2	IQ motif containing GTPase activating protein 2	-1.632	4.071
203477_at	COL15A1	collagen type XV alpha 1 chain	2.794	3.9
203481_at	SLF2	SMC5-SMC6 complex localization factor 2	1.176	2.396
203484_at	SEC61G	Sec61 translocon gamma subunit	1.307	6.33
203492_x_at	CEP57	centrosomal protein 57	0.622	2.5
203500_at	GCDH	glutaryl-CoA dehydrogenase	-1.45	6.758
203504_s_at	ABCA1	ATP binding cassette subfamily A member 1	1.609	7.099
203505_at	ABCA1	ATP binding cassette subfamily A member 1	1.692	5.565
203507_at	LOC101928634///SNORA67///CD68	uncharacterized LOC101928634///small nucleolar RNA, H/ACA box 67///CD68 molecule	1.79	2.994
203508_at	TNFRSF1B	TNF receptor superfamily member 1B	1.147	3.536
203510_at	MET	MET proto-oncogene, receptor tyrosine kinase	1.724	5.666
203515_s_at	PMVK	phosphomevalonate kinase	-0.485	2.877
203516_at	SNTA1	syntrophin alpha 1	-0.879	2.799
203518_at	LYST	lysosomal trafficking regulator	1.305	4.188
203520_s_at	ZNF318	zinc finger protein 318	1.67	2.714
203523_at	LSP1	lymphocyte-specific protein 1	2.364	3.261
203524_s_at	MPST	mercaptopyruvate sulfurtransferase	-0.984	6.157
203530_s_at	STX4	syntaxin 4	0.668	3.674
203534_at	LSM1	LSM1 homolog, mRNA degradation associated	-0.69	3.098
203546_at	IPO13	importin 13	-1.137	5.716
203547_at	CD4	CD4 molecule	3.685	5.924
203553_s_at	MAP4K5	mitogen-activated protein kinase kinase kinase kinase 5	0.74	2.366
203554_x_at	PTTG1	pituitary tumor-transforming 1	0.853	2.231
203556_at	ZHX2	zinc fingers and homeoboxes 2	1.194	2.758
203557_s_at	PCBD1	pterin-4 alpha-carbinolamine dehydratase 1	-1.166	3.739
203559_s_at	AOC1	amine oxidase, copper containing 1	-2.097	2.202
203560_at	GGH	gamma-glutamyl hydrolase	-2.19	4.748
203561_at	FCGR2A	Fc fragment of IgG receptor IIa	1.432	4.377
203586_s_at	ARL4D	ADP ribosylation factor like GTPase 4D	-2.067	6.004
203588_s_at	TFDP2	transcription factor Dp-2	-0.936	3.959
203595_s_at	IFIT5	interferon induced protein with tetratricopeptide repeats 5	0.814	3.592
203596_s_at	IFIT5	interferon induced protein with tetratricopeptide repeats 5	0.973	2.122
203603_s_at	ZEB2	zinc finger E-box binding homeobox 2	1.328	2.536
203606_at	NDUFS6	NADH:ubiquinone oxidoreductase subunit S6	-0.866	4.321
203608_at	ALDH5A1	aldehyde dehydrogenase 5 family member A1	-1.361	3.384
203609_s_at	ALDH5A1	aldehyde dehydrogenase 5 family member A1	-2.25	2.98
203620_s_at	FCHSD2	FCH and double SH3 domains 2	0.74	2.707
203621_at	NDUFB5	NADH:ubiquinone oxidoreductase subunit B5	-0.91	4.88
203623_at	PLXNA3	plexin A3	1.234	2.189
203626_s_at	SKP2	S-phase kinase-associated protein 2, E3 ubiquitin protein ligase	-1.392	2.013
203628_at	IGF1R	insulin like growth factor 1 receptor	-1.656	4.037
203632_s_at	GPRC5B	G protein-coupled receptor class C group 5 member B	-0.917	2.744
203633_at	CPT1A	carnitine palmitoyltransferase 1A	-1.096	4.012
203636_at	MID1	midline 1	1.036	3.732
203637_s_at	MID1	midline 1	0.647	2.077
203642_s_at	COBLL1	cordon-bleu WH2 repeat protein like 1	-1.476	4.836
203645_s_at	CD163	CD163 molecule	1.834	2.831
203646_at	FDX1	ferredoxin 1	-1.195	4.083
203647_s_at	FDX1	ferredoxin 1	-1.264	4.605
203648_at	TATDN2	TatD DNase domain containing 2	-0.482	2.018
203650_at	PROCR	protein C receptor	1.4	4.265
203657_s_at	CTSF	cathepsin F	-0.91	2.046
203658_at	SLC25A20	solute carrier family 25 member 20	-0.816	3.321
203663_s_at	COX5A	cytochrome c oxidase subunit 5A	-1.002	5.365
203665_at	HMOX1	heme oxygenase 1	1.522	4.177
203671_at	TPMT	thiopurine S-methyltransferase	-0.988	2.468
203673_at	TG	thyroglobulin	-1.644	3.584
203675_at	NUCB2	nucleobindin 2	0.633	2.287
203682_s_at	IVD	isovaleryl-CoA dehydrogenase	-1.286	6.248
203685_at	BCL2	BCL2, apoptosis regulator	1.036	2.325
203687_at	CX3CL1	C-X3-C motif chemokine ligand 1	1.611	3.314
203688_at	PKD2	polycystin 2, transient receptor potential cation channel	0.758	3.031
203692_s_at	E2F3	E2F transcription factor 3	-1.182	3.391
203696_s_at	RFC2	replication factor C subunit 2	1.757	3.194
203704_s_at	RREB1	ras responsive element binding protein 1	-0.491	2.288
203705_s_at	FZD7	frizzled class receptor 7	-1.007	2.409
203707_at	LINC00921///ZNF263	long intergenic non-protein coding RNA 921///zinc finger protein 263	0.491	2.085
203711_s_at	HIBCH	3-hydroxyisobutyryl-CoA hydrolase	-1.614	3.494
203713_s_at	LLGL2	LLGL2, scribble cell polarity complex component	-1.22	6.577
203718_at	PNPLA6	patatin like phospholipase domain containing 6	-0.853	3.409
203722_at	ALDH4A1	aldehyde dehydrogenase 4 family member A1	-4.02	6.052
203725_at	GADD45A	growth arrest and DNA damage inducible alpha	-1.217	3.227
203728_at	BAK1	BCL2 antagonist/killer 1	1.658	3.764
203729_at	EMP3	epithelial membrane protein 3	1.747	4.654
203733_at	DEXI	Dexi homolog	-0.686	3.771
203734_at	FOXJ2	forkhead box J2	0.833	3.855
203739_at	ZNF217	zinc finger protein 217	1.091	3.917
203741_s_at	ADCY7	adenylate cyclase 7	1.346	3.13
203752_s_at	JUND	JunD proto-oncogene, AP-1 transcription factor subunit	-0.597	2.12
203753_at	TCF4	transcription factor 4	1.495	3.551
203758_at	CTSO	cathepsin O	0.555	2.086
203759_at	ST3GAL4	ST3 beta-galactoside alpha-2,3-sialyltransferase 4	-1.762	3.602
203760_s_at	SLA	Src-like-adaptor	2.521	5.378
203761_at	SLA	Src-like-adaptor	1.069	3.013
203771_s_at	BLVRA	biliverdin reductase A	1.503	2.817
203780_at	MPZL2	myelin protein zero like 2	2.974	8.117
203781_at	MRPL33	mitochondrial ribosomal protein L33	-1.05	4.331
203786_s_at	TPD52L1	tumor protein D52-like 1	-1.742	4.244
203788_s_at	SEMA3C	semaphorin 3C	-0.694	2.029
203790_s_at	RIDA	reactive intermediate imine deaminase A homolog	-2.134	5.687
203796_s_at	BCL7A	BCL tumor suppressor 7A	-1.706	5.527
203797_at	VSNL1	visinin like 1	-1.214	4.958
203799_at	LY75-CD302///CD302///LY75	LY75-CD302 readthrough///CD302 molecule///lymphocyte antigen 75	1.106	3.815
203803_at	PCYOX1	prenylcysteine oxidase 1	-1.39	4.514
203805_s_at	FANCA	Fanconi anemia complementation group A	1.176	2.262
203811_s_at	DNAJB4	DnaJ heat shock protein family (Hsp40) member B4	1.88	2.452
203814_s_at	NQO2	NAD(P)H quinone dehydrogenase 2	-2.219	7.4
203817_at	GUCY1B3	guanylate cyclase 1 soluble subunit beta	1.84	6.759
203824_at	TSPAN8	tetraspanin 8	-3.528	4.029
203825_at	BRD3	bromodomain containing 3	-0.667	3.322
203826_s_at	PITPNM1	phosphatidylinositol transfer protein membrane associated 1	-0.861	2.693
203828_s_at	IL32	interleukin 32	2.68	5.317
203838_s_at	TNK2	tyrosine kinase non receptor 2	1.878	3.322
203839_s_at	TNK2	tyrosine kinase non receptor 2	1.02	2.079
203846_at	TRIM32	tripartite motif containing 32	0.411	2.001
203857_s_at	MIR7110///PDIA5	microRNA 7110///protein disulfide isomerase family A member 5	1.597	5.597
203859_s_at	PALM	paralemmin	-1.073	4.705
203860_at	PCCA	propionyl-CoA carboxylase alpha subunit	-1.56	3.727
203864_s_at	ACTN2	actinin alpha 2	-0.73	2.398
203868_s_at	VCAM1	vascular cell adhesion molecule 1	2.093	8.286
203870_at	USP46	ubiquitin specific peptidase 46	-0.809	2.163
203874_s_at	SMARCA1	SWI/SNF related, matrix associated, actin dependent regulator of chromatin, subfamily a, member 1	0.694	2.12
203878_s_at	MMP11	matrix metallopeptidase 11	1.034	2.729
203882_at	IRF9	interferon regulatory factor 9	0.658	2.219
203889_at	SCG5	secretogranin V	2.882	2.509
203897_at	LYRM1	LYR motif containing 1	-1.048	3.507
203899_s_at	CRCP	CGRP receptor component	-1.052	5.757
203908_at	SLC4A4	solute carrier family 4 member 4	-1.218	3.176
203910_at	ARHGAP29	Rho GTPase activating protein 29	0.857	2.935
203911_at	RAP1GAP	RAP1 GTPase activating protein	-2.265	5.587
203913_s_at	HPGD	hydroxyprostaglandin dehydrogenase 15-(NAD)	-3.097	4.013
203914_x_at	HPGD	hydroxyprostaglandin dehydrogenase 15-(NAD)	-2.763	5.851
203915_at	CXCL9	C-X-C motif chemokine ligand 9	2.668	5.835
203924_at	GSTA1	glutathione S-transferase alpha 1	-1.614	2.221
203926_x_at	ATP5D	ATP synthase, H+ transporting, mitochondrial F1 complex, delta subunit	-0.67	2.27
203927_at	NFKBIE	NFKB inhibitor epsilon	1.316	5.66
203928_x_at	MAPT	microtubule associated protein tau	-1.199	2.079
203932_at	HLA-DMB	major histocompatibility complex, class II, DM beta	0.978	2.362
203934_at	KDR	kinase insert domain receptor	2.358	3.187
203940_s_at	VASH1	vasohibin 1	1.889	3.5
203944_x_at	BTN2A1	butyrophilin subfamily 2 member A1	0.623	2.437
203945_at	ARG2	arginase 2	-1.876	7.295
203946_s_at	ARG2	arginase 2	-3.766	7.846
203954_x_at	CLDN3	claudin 3	-0.593	2.049
203957_at	E2F6	E2F transcription factor 6	1.69	3.121
203963_at	CA12	carbonic anhydrase 12	-0.887	2.488
203964_at	NMI	N-myc and STAT interactor	1.443	8.307
203979_at	CYP27A1	cytochrome P450 family 27 subfamily A member 1	-2.356	2.58
203984_s_at	CASP9	caspase 9	-1.076	4.052
203989_x_at	F2R	coagulation factor II thrombin receptor	1.355	2.344
203996_s_at	C21orf2	chromosome 21 open reading frame 2	-0.749	2.042
203997_at	PTPN3	protein tyrosine phosphatase, non-receptor type 3	-0.744	2.217
204000_at	GNB5	G protein subunit beta 5	-1.114	4.4
204006_s_at	FCGR3B///FCGR3A	Fc fragment of IgG receptor IIIb///Fc fragment of IgG receptor IIIa	4.387	2.579
204009_s_at	KRAS	KRAS proto-oncogene, GTPase	0.611	2.023
204014_at	DUSP4	dual specificity phosphatase 4	3.465	3.665
204015_s_at	DUSP4	dual specificity phosphatase 4	2.773	4.717
204019_s_at	SH3YL1	SH3 and SYLF domain containing 1	-1.234	2.958
204027_s_at	METTL1	methyltransferase like 1	-0.669	2.603
204038_s_at	LPAR1	lysophosphatidic acid receptor 1	-0.828	2.899
204042_at	WASF3	WAS protein family member 3	-1.033	4.916
204044_at	QPRT	quinolinate phosphoribosyltransferase	-2.81	7.443
204049_s_at	PHACTR2	phosphatase and actin regulator 2	1.167	3.406
204053_x_at	PTEN	phosphatase and tensin homolog	0.804	3.059
204057_at	IRF8	interferon regulatory factor 8	1.393	2.271
204067_at	SUOX	sulfite oxidase	-1.218	5.122
204068_at	STK3	serine/threonine kinase 3	-0.935	2.451
204074_s_at	CEP104	centrosomal protein 104	-0.8	4.851
204083_s_at	TPM2	tropomyosin 2 (beta)	0.992	2.249
204084_s_at	CLN5	ceroid-lipofuscinosis, neuronal 5	-0.935	3.086
204098_at	RBMX2	RNA binding motif protein, X-linked 2	0.931	2.969
204104_at	SNAPC2	small nuclear RNA activating complex polypeptide 2	-0.831	2.107
204106_at	TESK1	testis-specific kinase 1	-0.793	2.407
204111_at	HNMT	histamine N-methyltransferase	1.92	2.753
204115_at	GNG11	G protein subunit gamma 11	1.352	3.492
204118_at	CD48	CD48 molecule	1.651	5.407
204119_s_at	ADK	adenosine kinase	-0.712	2.238
204121_at	GADD45G	growth arrest and DNA damage inducible gamma	-1.909	2.677
204122_at	TYROBP	TYRO protein tyrosine kinase binding protein	2.536	7.981
204125_at	NDUFAF1	NADH:ubiquinone oxidoreductase complex assembly factor 1	-0.661	2.775
204128_s_at	RFC3	replication factor C subunit 3	1.387	3.056
204129_at	BCL9	B-cell CLL/lymphoma 9	-1.059	2.662
204130_at	HSD11B2	hydroxysteroid 11-beta dehydrogenase 2	-3.5	5.713
204131_s_at	FOXO3	forkhead box O3	-0.778	2.279
204136_at	COL7A1	collagen type VII alpha 1 chain	-1.605	2.337
204141_at	TUBB2A	tubulin beta 2A class IIa	-1.765	4.852
204143_s_at	ENOSF1	enolase superfamily member 1	-0.743	2.164
204144_s_at	PIGQ	phosphatidylinositol glycan anchor biosynthesis class Q	-0.667	2.42
204150_at	STAB1	stabilin 1	1.059	2.529
204153_s_at	MFNG	MFNG O-fucosylpeptide 3-beta-N-acetylglucosaminyltransferase	0.845	2.528
204154_at	CDO1	cysteine dioxygenase type 1	-0.962	3.321
204155_s_at	SIK3	SIK family kinase 3	-1.028	3.766
204157_s_at	SIK3	SIK family kinase 3	-0.92	3.717
204162_at	NDC80	NDC80, kinetochore complex component	1.902	2.257
204166_at	SBNO2	strawberry notch homolog 2	1.709	2.011
204167_at	BTD	biotinidase	-1.104	2.985
204172_at	CPOX	coproporphyrinogen oxidase	0.656	2.144
204174_at	ALOX5AP	arachidonate 5-lipoxygenase activating protein	1.231	2.254
204187_at	GMPR	guanosine monophosphate reductase	-2.24	5.187
204192_at	CD37	CD37 molecule	2.722	2.93
204197_s_at	RUNX3	runt related transcription factor 3	1.371	2.599
204198_s_at	RUNX3	runt related transcription factor 3	4.598	5.824
204199_at	RALGPS1	Ral GEF with PH domain and SH3 binding motif 1	-2.042	5.005
204200_s_at	PDGFB	platelet derived growth factor subunit B	1.071	2.171
204201_s_at	PTPN13	protein tyrosine phosphatase, non-receptor type 13	-1.348	3.982
204206_at	MNT	MAX network transcriptional repressor	-0.553	1.986
204218_at	ANAPC15	anaphase promoting complex subunit 15	-0.751	3.723
204220_at	GMFG	glia maturation factor gamma	2.539	6.376
204222_s_at	GLIPR1	GLI pathogenesis related 1	2.37	3.08
204224_s_at	GCH1	GTP cyclohydrolase 1	-1.478	5.203
204231_s_at	FAAH	fatty acid amide hydrolase	-1.203	5.077
204232_at	FCER1G	Fc fragment of IgE receptor Ig	1.505	4.936
204235_s_at	GULP1	GULP, engulfment adaptor PTB domain containing 1	-1.225	4.361
204236_at	FLI1	Fli-1 proto-oncogene, ETS transcription factor	2.334	3.202
204238_s_at	DNPH1	2'-deoxynucleoside 5'-phosphate N-hydrolase 1	-1.363	4.322
204253_s_at	VDR	vitamin D (1,25- dihydroxyvitamin D3) receptor	-0.939	2.66
204254_s_at	VDR	vitamin D (1,25- dihydroxyvitamin D3) receptor	-1.714	5.137
204255_s_at	VDR	vitamin D (1,25- dihydroxyvitamin D3) receptor	-1.659	4.641
204260_at	CHGB	chromogranin B	-1.727	3.72
204263_s_at	CPT2	carnitine palmitoyltransferase 2	-2.009	4.346
204265_s_at	GPSM3	G-protein signaling modulator 3	0.826	3.166
204266_s_at	CHKA	choline kinase alpha	-1.107	3.347
204268_at	S100A2	S100 calcium binding protein A2	-3.381	11.264
204271_s_at	EDNRB	endothelin receptor type B	2.156	3.29
204273_at	EDNRB	endothelin receptor type B	2.703	3.488
204276_at	TK2	thymidine kinase 2, mitochondrial	-0.912	3.245
204279_at	PSMB9	proteasome subunit beta 9	2.154	6.848
204284_at	PPP1R3C	protein phosphatase 1 regulatory subunit 3C	2.327	6.667
204290_s_at	ALDH6A1	aldehyde dehydrogenase 6 family member A1	-2.963	8.995
204294_at	AMT	aminomethyltransferase	-1.228	4.884
204295_at	SURF1	surfeit 1	-0.857	2.833
204298_s_at	LOX	lysyl oxidase	2.705	2.403
204300_at	GATB	glutamyl-tRNA amidotransferase subunit B	-0.928	2.207
204305_at	MIPEP	mitochondrial intermediate peptidase	-0.679	2.256
204306_s_at	CD151	CD151 molecule (Raph blood group)	0.864	3.079
204311_at	ATP1B2	ATPase Na+/K+ transporting subunit beta 2	-2.06	4.836
204312_x_at	CREB1	cAMP responsive element binding protein 1	0.825	2.27
204313_s_at	CREB1	cAMP responsive element binding protein 1	1.11	4.798
204314_s_at	CREB1	cAMP responsive element binding protein 1	0.641	2.696
204324_s_at	GOLIM4	golgi integral membrane protein 4	-0.729	2.944
204326_x_at	MT1X	metallothionein 1X	-2.534	4.896
204335_at	CCDC94	coiled-coil domain containing 94	1.28	1.991
204336_s_at	RGS19	regulator of G-protein signaling 19	0.823	2.432
204342_at	SLC25A24	solute carrier family 25 member 24	0.917	3.349
204343_at	ABCA3	ATP binding cassette subfamily A member 3	1.322	2.259
204348_s_at	LOC100507855///AK4	adenylate kinase 4, mitochondrial-like///adenylate kinase 4	-1.524	6.712
204353_s_at	POT1	protection of telomeres 1	1.571	5.526
204354_at	POT1	protection of telomeres 1	0.819	2.899
204355_at	DHX30	DEAH-box helicase 30	-0.507	2.638
204356_at	LIMK1	LIM domain kinase 1	-1.866	2.694
204360_s_at	NAGLU	N-acetyl-alpha-glucosaminidase	-1.154	4.466
204361_s_at	SKAP2	src kinase associated phosphoprotein 2	1.618	4.372
204362_at	SKAP2	src kinase associated phosphoprotein 2	1.32	4.308
204366_s_at	GTF3C2	general transcription factor IIIC subunit 2	-0.495	2.788
204369_at	PIK3CA	phosphatidylinositol-4,5-bisphosphate 3-kinase catalytic subunit alpha	1.155	4.124
204387_x_at	MRPL57	mitochondrial ribosomal protein L57	-0.818	5.068
204388_s_at	MAOA	monoamine oxidase A	-1.914	3.536
204389_at	MAOA	monoamine oxidase A	-1.666	3.898
204392_at	CAMK1	calcium/calmodulin dependent protein kinase I	0.578	2.014
204393_s_at	ACPP	acid phosphatase, prostate	-3.316	7.488
204396_s_at	GRK5	G protein-coupled receptor kinase 5	1.497	3.961
204400_at	EFS	embryonal Fyn-associated substrate	-1.724	2.567
204405_x_at	DIMT1	DIM1 dimethyladenosine transferase 1 homolog	0.586	2.362
204413_at	TRAF2	TNF receptor associated factor 2	2.309	4.759
204416_x_at	APOC1	apolipoprotein C1	4.632	4.401
204424_s_at	LMO3	LIM domain only 3	-1.694	4.42
204428_s_at	LCAT	lecithin-cholesterol acyltransferase	2.254	2.283
204434_at	SPATA2	spermatogenesis associated 2	-0.648	2.865
204436_at	PLEKHO2	pleckstrin homology domain containing O2	1.521	3.667
204437_s_at	FOLR1	folate receptor 1	-1.658	3.534
204439_at	IFI44L	interferon induced protein 44 like	3.002	3.04
204440_at	CD83	CD83 molecule	-1.046	2.673
204442_x_at	LTBP4	latent transforming growth factor beta binding protein 4	-1.582	2.415
204446_s_at	ALOX5	arachidonate 5-lipoxygenase	2.645	3.186
204447_at	LZTS3	leucine zipper tumor suppressor family member 3	-2.702	9.523
204448_s_at	PDCL	phosducin like	0.645	2.22
204451_at	FZD1	frizzled class receptor 1	1.584	3.911
204452_s_at	FZD1	frizzled class receptor 1	2.681	4.474
204454_at	LDOC1	leucine zipper down-regulated in cancer 1	-0.64	3.117
204457_s_at	GAS1	growth arrest specific 1	-4.359	6.017
204461_x_at	RAD1	RAD1 checkpoint DNA exonuclease	-0.705	2.325
204462_s_at	SLC16A2	solute carrier family 16 member 2	-0.705	2.073
204463_s_at	EDNRA	endothelin receptor type A	1.483	2.499
204468_s_at	TIE1	tyrosine kinase with immunoglobulin like and EGF like domains 1	2.071	2.404
204476_s_at	PC	pyruvate carboxylase	-2.948	6.118
204487_s_at	KCNQ1	potassium voltage-gated channel subfamily Q member 1	-2.525	3.819
204492_at	ARHGAP11A	Rho GTPase activating protein 11A	1.755	2.57
204494_s_at	C15orf39	chromosome 15 open reading frame 39	0.567	2.038
204502_at	SAMHD1	SAM and HD domain containing deoxynucleoside triphosphate triphosphohydrolase 1	1.781	4.279
204504_s_at	HIRIP3	HIRA interacting protein 3	1.491	3.387
204505_s_at	DMTN	dematin actin binding protein	-0.68	2.431
204509_at	CA12	carbonic anhydrase 12	-1.57	3.282
204510_at	CDC7	cell division cycle 7	0.961	2.828
204513_s_at	ELMO1	engulfment and cell motility 1	1.423	4.066
204515_at	HSD3B1	hydroxy-delta-5-steroid dehydrogenase, 3 beta- and steroid delta-isomerase 1	-1.503	2.189
204519_s_at	PLLP	plasmolipin	-1.092	5.136
204528_s_at	NAP1L1	nucleosome assembly protein 1 like 1	0.681	2.064
204532_x_at	UGT1A1///UGT1A4///UGT1A9///UGT1A6///UGT1A8///UGT1A10	UDP glucuronosyltransferase family 1 member A1///UDP glucuronosyltransferase family 1 member A4///UDP glucuronosyltransferase family 1 member A9///UDP glucuronosyltransferase family 1 member A6///UDP glucuronosyltransferase family 1 member A8///UDP glucuronosyltransferase family 1 member A10	-1.378	2.858
204533_at	CXCL10	C-X-C motif chemokine ligand 10	2.585	7.014
204535_s_at	REST	RE1 silencing transcription factor	-1.22	3.189
204537_s_at	MIR452///MIR224///GABRE	microRNA 452///microRNA 224///gamma-aminobutyric acid type A receptor epsilon subunit	1.338	2.222
204542_at	ST6GALNAC2	ST6 N-acetylgalactosaminide alpha-2,6-sialyltransferase 2	-2.788	5.365
204546_at	KIAA0513	KIAA0513	-1.099	2.249
204547_at	RAB40B	RAB40B, member RAS oncogene family	-0.873	3.06
204565_at	ACOT13	acyl-CoA thioesterase 13	-1.477	4.558
204566_at	PPM1D	protein phosphatase, Mg2+/Mn2+ dependent 1D	0.842	2.697
204567_s_at	ABCG1	ATP binding cassette subfamily G member 1	1.822	7.282
204571_x_at	PIN4	peptidylprolyl cis/trans isomerase, NIMA-interacting 4	-0.698	3.798
204573_at	CROT	carnitine O-octanoyltransferase	-0.983	4.149
204583_x_at	KLK3	kallikrein related peptidase 3	-1.344	2.027
204584_at	L1CAM	L1 cell adhesion molecule	-3.629	4.524
204585_s_at	L1CAM	L1 cell adhesion molecule	-1.754	2.351
204588_s_at	SLC7A7	solute carrier family 7 member 7	-2.746	5.799
204591_at	CHL1	cell adhesion molecule L1 like	-3.022	4.305
204603_at	EXO1	exonuclease 1	-1.746	2.119
204607_at	HMGCS2	3-hydroxy-3-methylglutaryl-CoA synthase 2	-3.77	2.45
204608_at	ASL	argininosuccinate lyase	-1.185	5.945
204610_s_at	CCDC85B	coiled-coil domain containing 85B	1.169	2.178
204613_at	PLCG2	phospholipase C gamma 2	-1.5	5.713
204615_x_at	IDI1	isopentenyl-diphosphate delta isomerase 1	-0.692	2.602
204617_s_at	ACD	adrenocortical dysplasia homolog	1.138	2.032
204619_s_at	VCAN	versican	2.702	2.463
204620_s_at	VCAN	versican	2.729	4.748
204625_s_at	ITGB3	integrin subunit beta 3	-1.612	3.101
204628_s_at	ITGB3	integrin subunit beta 3	-1.082	2.984
204638_at	ACP5	acid phosphatase 5, tartrate resistant	-1.283	2.272
204639_at	ADA	adenosine deaminase	1.653	3.753
204645_at	CCNT2	cyclin T2	0.999	2.191
204646_at	DPYD	dihydropyrimidine dehydrogenase	1.004	2.474
204653_at	TFAP2A	transcription factor AP-2 alpha	-2.237	7.219
204655_at	CCL5	C-C motif chemokine ligand 5	1.778	2.747
204661_at	CD52	CD52 molecule	3.068	2.988
204670_x_at	LOC100996809///HLA-DRB4///HLA-DRB1	HLA class II histocompatibility antigen, DRB1-10 beta chain-like///major histocompatibility complex, class II, DR beta 4///major histocompatibility complex, class II, DR beta 1	1.402	4.546
204677_at	CDH5	cadherin 5	1.857	3.268
204681_s_at	RAPGEF5	Rap guanine nucleotide exchange factor 5	1.581	3.404
204683_at	ICAM2	intercellular adhesion molecule 2	1.24	2.632
204687_at	PARM1	prostate androgen-regulated mucin-like protein 1	-1.58	6.802
204689_at	HHEX	hematopoietically expressed homeobox	1.149	3.327
204692_at	SAP25///LRCH4	Sin3A associated protein 25///leucine rich repeats and calponin homology domain containing 4	1.304	2.585
204693_at	CDC42EP1	CDC42 effector protein 1	1.476	4.392
204694_at	AFP	alpha fetoprotein	-1.901	3.577
204697_s_at	CHGA	chromogranin A	-1.525	3.083
204698_at	ISG20	interferon stimulated exonuclease gene 20	2.469	2.483
204699_s_at	DIEXF	digestive organ expansion factor homolog (zebrafish)	1.346	2.52
204700_x_at	DIEXF	digestive organ expansion factor homolog (zebrafish)	0.541	2.014
204704_s_at	ALDOB	aldolase, fructose-bisphosphate B	-8.01	8.975
204705_x_at	ALDOB	aldolase, fructose-bisphosphate B	-4.404	6.455
204706_at	INPP5E	inositol polyphosphate-5-phosphatase E	-0.587	2.237
204710_s_at	WIPI2	WD repeat domain, phosphoinositide interacting 2	-0.733	4.471
204712_at	WIF1	WNT inhibitory factor 1	-2.446	2.361
204717_s_at	SLC29A2	solute carrier family 29 member 2	-1.754	4.688
204719_at	ABCA8	ATP binding cassette subfamily A member 8	-1.966	3.002
204720_s_at	DNAJC6	DnaJ heat shock protein family (Hsp40) member C6	-1.54	4.088
204725_s_at	NCK1	NCK adaptor protein 1	1.531	7.565
204726_at	CDH13	cadherin 13	2.948	3.555
204731_at	TGFBR3	transforming growth factor beta receptor 3	-1.051	2.478
204733_at	KLK6	kallikrein related peptidase 6	-1.136	2.956
204740_at	CNKSR1	connector enhancer of kinase suppressor of Ras 1	-1.517	2.825
204743_at	TAGLN3	transgelin 3	-1.628	4.051
204745_x_at	MT1G	metallothionein 1G	-3.585	8.186
204746_s_at	PICK1	protein interacting with PRKCA 1	-0.651	2.334
204747_at	IFIT3	interferon induced protein with tetratricopeptide repeats 3	0.791	2.587
204749_at	NAP1L3	nucleosome assembly protein 1 like 3	-1.367	2.302
204759_at	RCBTB2	RCC1 and BTB domain containing protein 2	1.294	4.145
204774_at	EVI2A	ecotropic viral integration site 2A	2.045	4.462
204777_s_at	MAL	mal, T-cell differentiation protein	-3.744	6.379
204780_s_at	FAS	Fas cell surface death receptor	1.974	5.463
204781_s_at	FAS	Fas cell surface death receptor	1.269	4.74
204786_s_at	IFNAR2	interferon alpha and beta receptor subunit 2	1.375	3.982
204789_at	FMNL1	formin like 1	1.951	2.925
204790_at	SMAD7	SMAD family member 7	0.871	2.389
204795_at	PRR3	proline rich 3	2.756	4.748
204797_s_at	EML1	echinoderm microtubule associated protein like 1	0.948	2.142
204802_at	RRAD	RRAD, Ras related glycolysis inhibitor and calcium channel regulator	0.981	2.53
204803_s_at	RRAD	RRAD, Ras related glycolysis inhibitor and calcium channel regulator	1.665	3.026
204804_at	TRIM21	tripartite motif containing 21	0.815	3.454
204806_x_at	HLA-F	major histocompatibility complex, class I, F	2.06	5.901
204811_s_at	CACNA2D2	calcium voltage-gated channel auxiliary subunit alpha2delta 2	-1.059	2.796
204813_at	MAPK10	mitogen-activated protein kinase 10	-0.862	4.846
204815_s_at	DHX34	DEAH-box helicase 34	0.942	2.214
204820_s_at	BTN3A2///BTN3A3	butyrophilin subfamily 3 member A2///butyrophilin subfamily 3 member A3	2.287	7.845
204821_at	BTN3A3	butyrophilin subfamily 3 member A3	1.828	3.999
204822_at	TTK	TTK protein kinase	1.543	2.048
204825_at	MELK	maternal embryonic leucine zipper kinase	2.576	4.733
204832_s_at	BMPR1A	bone morphogenetic protein receptor type 1A	0.819	2.081
204836_at	GLDC	glycine decarboxylase	-3.066	4.27
204839_at	POP5	POP5 homolog, ribonuclease P/MRP subunit	-0.687	2.545
204842_x_at	PRKAR2A	protein kinase cAMP-dependent type II regulatory subunit alpha	-1.164	5.167
204847_at	ZBTB11	zinc finger and BTB domain containing 11	0.523	2.244
204853_at	ORC2	origin recognition complex subunit 2	1.083	2.548
204858_s_at	TYMP	thymidine phosphorylase	1.082	2.912
204867_at	GCHFR	GTP cyclohydrolase I feedback regulator	-1.133	3.985
204868_at	MRPL58	mitochondrial ribosomal protein L58	-0.679	4.091
204880_at	MGMT	O-6-methylguanine-DNA methyltransferase	-0.663	2.056
204881_s_at	UGCG	UDP-glucose ceramide glucosyltransferase	0.57	3.009
204882_at	ARHGAP25	Rho GTPase activating protein 25	3.697	6.277
204890_s_at	LCK	LCK proto-oncogene, Src family tyrosine kinase	2.341	2.566
204893_s_at	ZFYVE9	zinc finger FYVE-type containing 9	-0.803	3.611
204899_s_at	SAP30	Sin3A associated protein 30	1.907	4.325
204900_x_at	SAP30	Sin3A associated protein 30	2.552	5.95
204909_at	DDX6	DEAD-box helicase 6	-1.059	2.543
204912_at	IL10RA	interleukin 10 receptor subunit alpha	2.03	5.661
204913_s_at	SOX11	SRY-box 11	2.692	3.163
204914_s_at	SOX11	SRY-box 11	3.671	3.186
204915_s_at	SOX11	SRY-box 11	2.72	3.652
204924_at	TLR2	toll like receptor 2	3.644	4.962
204925_at	CTNS	cystinosin, lysosomal cystine transporter	-0.806	3.745
204929_s_at	VAMP5	vesicle associated membrane protein 5	1.979	4.048
204931_at	TCF21	transcription factor 21	-2.688	3.387
204934_s_at	HPN	hepsin	-0.596	3.075
204946_s_at	TOP3A	topoisomerase (DNA) III alpha	-1.024	3.878
204951_at	RHOH	ras homolog family member H	1.943	2.394
204958_at	PLK3	polo like kinase 3	0.942	2.089
204959_at	MNDA	myeloid cell nuclear differentiation antigen	2.903	6.482
204961_s_at	NCF1C///NCF1B///NCF1	neutrophil cytosolic factor 1C pseudogene///neutrophil cytosolic factor 1B pseudogene///neutrophil cytosolic factor 1	2.095	2.62
204963_at	SSPN	sarcospan	1.375	2.676
204964_s_at	SSPN	sarcospan	1.957	4.31
204967_at	SHROOM2	shroom family member 2	-0.807	3.701
204971_at	CSTA	cystatin A	1.527	3.307
204972_at	OAS2	2'-5'-oligoadenylate synthetase 2	1.363	2.967
204973_at	GJB1	gap junction protein beta 1	-1.391	5.167
204974_at	RAB3A	RAB3A, member RAS oncogene family	-2.213	4.3
204981_at	SLC22A18	solute carrier family 22 member 18	-1.13	2.104
204985_s_at	TRAPPC6A	trafficking protein particle complex 6A	-0.613	2.471
204992_s_at	PFN2	profilin 2	-1.179	3.904
204997_at	GPD1	glycerol-3-phosphate dehydrogenase 1	-3.69	5.276
205003_at	DOCK4	dedicator of cytokinesis 4	1.454	5.947
205012_s_at	HAGH	hydroxyacylglutathione hydrolase	-1.656	7.486
205016_at	TGFA	transforming growth factor alpha	2.466	5.042
205020_s_at	ARL4A	ADP ribosylation factor like GTPase 4A	0.969	2.276
205022_s_at	FOXN3	forkhead box N3	0.748	2.328
205050_s_at	MAPK8IP2	mitogen-activated protein kinase 8 interacting protein 2	-0.792	2.067
205051_s_at	KIT	KIT proto-oncogene receptor tyrosine kinase	-0.782	2.334
205052_at	AUH	AU RNA binding methylglutaconyl-CoA hydratase	-1.265	3.656
205053_at	PRIM1	primase (DNA) subunit 1	1.09	3.461
205055_at	ITGAE	integrin subunit alpha E	-0.627	3.414
205058_at	SLC26A1	solute carrier family 26 member 1	-1.007	3.444
205065_at	ENPP1	ectonucleotide pyrophosphatase/phosphodiesterase 1	-2.001	2.706
205066_s_at	ENPP1	ectonucleotide pyrophosphatase/phosphodiesterase 1	-2.799	5.652
205069_s_at	ARHGAP26	Rho GTPase activating protein 26	-1.859	2.102
205070_at	ING3	inhibitor of growth family member 3	0.691	2.92
205073_at	CYP2J2	cytochrome P450 family 2 subfamily J member 2	4.841	5.52
205074_at	SLC22A5	solute carrier family 22 member 5	-0.914	2.206
205081_at	CRIP1	cysteine rich protein 1	2.137	2.813
205082_s_at	AOX1	aldehyde oxidase 1	-2.274	2.609
205083_at	AOX1	aldehyde oxidase 1	-1.97	2.442
205084_at	BCAP29	B-cell receptor-associated protein 29	0.773	2.025
205091_x_at	RECQL	RecQ like helicase	1.547	5.958
205102_at	TMPRSS2	transmembrane protease, serine 2	-1.414	2.784
205106_at	CMC4///MTCP1	C-X9-C motif containing 4///mature T-cell proliferation 1	3.136	4.408
205117_at	FGF1	fibroblast growth factor 1	-4.459	7.202
205125_at	PLCD1	phospholipase C delta 1	-0.71	2
205129_at	NPM3	nucleophosmin/nucleoplasmin 3	-0.721	2.713
205132_at	ACTC1	actin, alpha, cardiac muscle 1	-0.804	2.485
205139_s_at	UST	uronyl 2-sulfotransferase	-0.702	2.28
205147_x_at	NCF4	neutrophil cytosolic factor 4	1.014	2.198
205153_s_at	CD40	CD40 molecule	2.327	4.609
205154_at	LRRN2	leucine rich repeat neuronal 2	-3.406	6.915
205155_s_at	SPTBN2	spectrin beta, non-erythrocytic 2	-3.111	4.745
205156_s_at	ASIC1	acid sensing ion channel subunit 1	-1.716	2.106
205158_at	RNASE4	ribonuclease A family member 4	1.584	3.5
205159_at	CSF2RB	colony stimulating factor 2 receptor beta common subunit	1.405	5.35
205167_s_at	CDC25C	cell division cycle 25C	1.669	1.993
205171_at	PTPN4	protein tyrosine phosphatase, non-receptor type 4	-0.771	2.695
205173_x_at	CD58	CD58 molecule	1.205	4.306
205175_s_at	KHK	ketohexokinase	-2.763	2.203
205184_at	GNG4	G protein subunit gamma 4	-1.124	2.626
205191_at	RP2	retinitis pigmentosa 2 (X-linked recessive)	1.378	2.434
205199_at	CA9	carbonic anhydrase 9	4.081	9.787
205204_at	NMB	neuromedin B	1.459	3.905
205208_at	ALDH1L1	aldehyde dehydrogenase 1 family member L1	-1.782	2.59
205209_at	ACVR1B	activin A receptor type 1B	-0.729	2.786
205210_at	TGFBRAP1	transforming growth factor beta receptor associated protein 1	2.003	3.076
205214_at	STK17B	serine/threonine kinase 17b	1.155	2.533
205216_s_at	APOH	apolipoprotein H	-2.679	2.438
205221_at	HGD	homogentisate 1,2-dioxygenase	-1.605	3.949
205222_at	EHHADH	enoyl-CoA, hydratase/3-hydroxyacyl CoA dehydrogenase	-1.169	2.199
205225_at	ESR1	estrogen receptor 1	-0.711	2.697
205229_s_at	COCH	cochlin	-1.809	2.712
205235_s_at	KIF20B	kinesin family member 20B	2.539	6.041
205236_x_at	SOD3	superoxide dismutase 3, extracellular	-0.836	3.332
205243_at	SLC13A3	solute carrier family 13 member 3	-4.146	7.255
205244_s_at	SLC13A3	solute carrier family 13 member 3	-7.501	7.813
205245_at	PARD6A	par-6 family cell polarity regulator alpha	-0.832	2.41
205247_at	NOTCH4	notch 4	1.398	2.228
205257_s_at	AMPH	amphiphysin	-1.517	2.834
205258_at	INHBB	inhibin beta B subunit	3.242	3.283
205259_at	NR3C2	nuclear receptor subfamily 3 group C member 2	-1.256	2.215
205269_at	LCP2	lymphocyte cytosolic protein 2	2.063	5.678
205270_s_at	LCP2	lymphocyte cytosolic protein 2	2.53	5.735
205278_at	GAD1	glutamate decarboxylase 1	-2.561	2.574
205285_s_at	FYB	FYN binding protein	1.978	3.6
205293_x_at	BAIAP2	BAI1 associated protein 2	-2.047	2.733
205295_at	CKMT2	creatine kinase, mitochondrial 2	-1.73	3.588
205298_s_at	BTN2A2	butyrophilin subfamily 2 member A2	0.62	2.018
205306_x_at	KMO	kynurenine 3-monooxygenase (kynurenine 3-hydroxylase)	-1.713	2.027
205308_at	ZC2HC1A	zinc finger C2HC-type containing 1A	-0.502	2.016
205311_at	DDC	dopa decarboxylase	-2.91	7.792
205312_at	SPI1	Spi-1 proto-oncogene	1.87	2.276
205316_at	SLC15A2	solute carrier family 15 member 2	-1.822	5.004
205325_at	PHYHIP	phytanoyl-CoA 2-hydroxylase interacting protein	-2.911	6.144
205328_at	CLDN10	claudin 10	-1.953	6.606
205336_at	PVALB	parvalbumin	-3.866	5.964
205341_at	EHD2	EH domain containing 2	1.452	2.513
205342_s_at	SULT1C2	sulfotransferase family 1C member 2	-1.908	3.413
205343_at	SULT1C2	sulfotransferase family 1C member 2	-2.441	5.157
205345_at	BARD1	BRCA1 associated RING domain 1	2.79	3.039
205350_at	CRABP1	cellular retinoic acid binding protein 1	-1.714	2.573
205353_s_at	PEBP1	phosphatidylethanolamine binding protein 1	-1.205	4.987
205356_at	USP13	ubiquitin specific peptidase 13 (isopeptidase T-3)	-0.544	2.021
205361_s_at	PFDN4	prefoldin subunit 4	0.772	3.093
205362_s_at	PFDN4	prefoldin subunit 4	-1.071	2.013
205364_at	ACOX2	acyl-CoA oxidase 2	-2.548	9.124
205366_s_at	HOXB6	homeobox B6	-1.026	2.514
205367_at	SH2B2	SH2B adaptor protein 2	-0.772	2.772
205369_x_at	DBT	dihydrolipoamide branched chain transacylase E2	-1.32	3.744
205370_x_at	DBT	dihydrolipoamide branched chain transacylase E2	-0.431	2.277
205372_at	PLAG1	PLAG1 zinc finger	-2.595	3.397
205380_at	PDZK1	PDZ domain containing 1	-1.058	4.107
205397_x_at	SMAD3	SMAD family member 3	1.602	3.097
205399_at	DCLK1	doublecortin like kinase 1	1.982	3.033
205403_at	IL1R2	interleukin 1 receptor type 2	-2.763	2.645
205405_at	SEMA5A	semaphorin 5A	-0.802	3.19
205408_at	MLLT10	myeloid/lymphoid or mixed-lineage leukemia; translocated to, 10	0.734	2.484
205412_at	ACAT1	acetyl-CoA acetyltransferase 1	-1.596	5.589
205413_at	MPPED2	metallophosphoesterase domain containing 2	-2.179	4.276
205417_s_at	DAG1	dystroglycan 1	-0.933	3.629
205419_at	GPR183	G protein-coupled receptor 183	1.874	2.511
205434_s_at	AAK1	AP2 associated kinase 1	-0.775	3.105
205435_s_at	AAK1	AP2 associated kinase 1	-1.067	2.997
205445_at	PRL	prolactin	-1.175	3.353
205451_at	FOXO4	forkhead box O4	-1.763	3.146
205462_s_at	HPCAL1	hippocalcin like 1	2.499	6.406
205464_at	SCNN1B	sodium channel epithelial 1 beta subunit	-2.585	5.312
205467_at	CASP10	caspase 10	1.474	3.538
205471_s_at	DACH1	dachshund family transcription factor 1	-2.41	4.448
205472_s_at	DACH1	dachshund family transcription factor 1	-3.5	5.466
205473_at	ATP6V1B1	ATPase H+ transporting V1 subunit B1	-4.561	8.471
205474_at	CRLF3	cytokine receptor like factor 3	0.841	3.708
205478_at	PPP1R1A	protein phosphatase 1 regulatory inhibitor subunit 1A	-7.078	5.395
205479_s_at	PLAU	plasminogen activator, urokinase	-1.52	3.647
205483_s_at	ISG15	ISG15 ubiquitin-like modifier	1.446	3.546
205489_at	CRYM	crystallin mu	-1.846	5.266
205495_s_at	GNLY	granulysin	1.498	2.021
205500_at	C5	complement component 5	-1.415	3.185
205502_at	CYP17A1	cytochrome P450 family 17 subfamily A member 1	-3.015	7.25
205504_at	BTK	Bruton tyrosine kinase	0.972	2.415
205512_s_at	AIFM1	apoptosis inducing factor, mitochondria associated 1	-0.855	2.697
205522_at	HOXD4	homeobox D4	-1.115	3.977
205523_at	HAPLN1	hyaluronan and proteoglycan link protein 1	3.109	5.141
205524_s_at	HAPLN1	hyaluronan and proteoglycan link protein 1	2.689	4.922
205525_at	CALD1	caldesmon 1	1.227	3.177
205530_at	ETFDH	electron transfer flavoprotein dehydrogenase	-0.653	2.384
205531_s_at	GLS2	glutaminase 2	-1.551	3.358
205532_s_at	CDH6	cadherin 6	2.193	3.921
205533_s_at	CDH6	cadherin 6	2.03	2.484
205539_at	AVIL	advillin	-1.229	3.435
205549_at	PCP4	Purkinje cell protein 4	-3.535	4.94
205552_s_at	OAS1	2'-5'-oligoadenylate synthetase 1	1.632	2.783
205557_at	LOC149684///BPI	uncharacterized LOC149684///bactericidal/permeability-increasing protein	-3.289	2.946
205569_at	LAMP3	lysosomal associated membrane protein 3	2.046	3.408
205572_at	ANGPT2	angiopoietin 2	4.725	3.698
205574_x_at	BMP1	bone morphogenetic protein 1	1.586	2.467
205578_at	ROR2	receptor tyrosine kinase like orphan receptor 2	-2.267	4.668
205579_at	HRH1	histamine receptor H1	1.14	2.519
205580_s_at	HRH1	histamine receptor H1	1.025	2.058
205583_s_at	ALG13	ALG13, UDP-N-acetylglucosaminyltransferase subunit	0.983	2.254
205584_at	ALG13	ALG13, UDP-N-acetylglucosaminyltransferase subunit	2.066	2.638
205585_at	ETV6	ETS variant 6	1.225	2.743
205588_s_at	FGFR1OP	FGFR1 oncogene partner	0.846	2.228
205592_at	SLC4A1	solute carrier family 4 member 1 (Diego blood group)	-5.013	11.79
205600_x_at	HOXB5	homeobox B5	-0.921	3.877
205608_s_at	ANGPT1	angiopoietin 1	-0.684	2.093
205611_at	TNFSF12-TNFSF13///TNFSF12	TNFSF12-TNFSF13 readthrough///tumor necrosis factor superfamily member 12	2.012	2.609
205614_x_at	MST1	macrophage stimulating 1	-1.608	3.969
205617_at	PRRG2	proline rich and Gla domain 2	-1.851	3.092
205624_at	CPA3	carboxypeptidase A3	2.17	4.43
205625_s_at	CALB1	calbindin 1	-6.019	7.127
205626_s_at	CALB1	calbindin 1	-5.718	8.533
205632_s_at	PIP5K1B	phosphatidylinositol-4-phosphate 5-kinase type 1 beta	-0.954	3.231
205633_s_at	ALAS1	5'-aminolevulinate synthase 1	-0.754	2.084
205639_at	AOAH	acyloxyacyl hydrolase	2.229	2.941
205651_x_at	RAPGEF4	Rap guanine nucleotide exchange factor 4	1.708	2.392
205656_at	PCDH17	protocadherin 17	1.634	3.482
205657_at	HAAO	3-hydroxyanthranilate 3,4-dioxygenase	-0.652	2.684
205659_at	HDAC9	histone deacetylase 9	1.191	2.364
205665_at	TSPAN9	tetraspanin 9	2.58	5.772
205666_at	FMO1	flavin containing monooxygenase 1	-2.246	4.28
205668_at	LY75	lymphocyte antigen 75	1.003	2.126
205670_at	GAL3ST1	galactose-3-O-sulfotransferase 1	2.608	4.348
205673_s_at	ASB9	ankyrin repeat and SOCS box containing 9	-1.32	3.269
205674_x_at	FXYD2	FXYD domain containing ion transport regulator 2	-0.94	3.173
205675_at	MTTP	microsomal triglyceride transfer protein	-3.029	4.847
205676_at	CYP27B1	cytochrome P450 family 27 subfamily B member 1	-4	4.495
205682_x_at	APOM	apolipoprotein M	-2.269	8.869
205684_s_at	DENND4C	DENN domain containing 4C	1.325	2.244
205686_s_at	CD86	CD86 molecule	2.03	2.6
205692_s_at	CD38	CD38 molecule	2.323	3.708
205694_at	TYRP1	tyrosinase related protein 1	-3.367	5.427
205708_s_at	TRPM2	transient receptor potential cation channel subfamily M member 2	-0.647	2.169
205709_s_at	CDS1	CDP-diacylglycerol synthase 1	-1.188	2.986
205710_at	LRP2	LDL receptor related protein 2	-0.941	2.527
205711_x_at	ATP5C1	ATP synthase, H+ transporting, mitochondrial F1 complex, gamma polypeptide 1	-0.761	6.333
205712_at	PTPRD	protein tyrosine phosphatase, receptor type D	-1.161	2.77
205717_x_at	PCDHGA1///PCDHGA2///PCDHGA3///PCDHGA4///PCDHGA5///PCDHGA6///PCDHGA7///PCDHGA9///PCDHGA10///PCDHGA11///PCDHGB1///PCDHGB2///PCDHGB3///PCDHGB5///PCDHGB6///PCDHGB7///PCDHGC4///PCDHGC5///PCDHGA12///PCDHGA8///PCDHGB4///PCDHGC3	protocadherin gamma subfamily A, 1///protocadherin gamma subfamily A, 2///protocadherin gamma subfamily A, 3///protocadherin gamma subfamily A, 4///protocadherin gamma subfamily A, 5///protocadherin gamma subfamily A, 6///protocadherin gamma subfamily A, 7///protocadherin gamma subfamily A, 9///protocadherin gamma subfamily A, 10///protocadherin gamma subfamily A, 11///protocadherin gamma subfamily B, 1///protocadherin gamma subfamily B, 2///protocadherin gamma subfamily B, 3///protocadherin gamma subfamily B, 5///protocadherin gamma subfamily B, 6///protocadherin gamma subfamily B, 7///protocadherin gamma subfamily C, 4///protocadherin gamma subfamily C, 5///protocadherin gamma subfamily A, 12///protocadherin gamma subfamily A, 8///protocadherin gamma subfamily B, 4///protocadherin gamma subfamily C, 3	0.626	2.324
205719_s_at	LOC101929036///PAH	uncharacterized LOC101929036///phenylalanine hydroxylase	-5.207	7.524
205726_at	DIAPH2	diaphanous related formin 2	1.313	2.781
205730_s_at	ABLIM3	actin binding LIM protein family member 3	1.406	2.851
205744_at	DOC2A	double C2 domain alpha	2.968	4.697
205750_at	BPHL	biphenyl hydrolase like	-2.209	5.4
205751_at	SH3GL2	SH3 domain containing GRB2 like 2, endophilin A1	-3.166	6.832
205752_s_at	GSTM5	glutathione S-transferase mu 5	-0.832	2.799
205756_s_at	F8	coagulation factor VIII	2.509	5.767
205757_at	ENTPD5	ectonucleoside triphosphate diphosphohydrolase 5	-1.923	5.213
205758_at	CD8A	CD8a molecule	2.192	2.141
205760_s_at	OGG1	8-oxoguanine DNA glycosylase	-0.807	2.902
205763_s_at	DDX18	DEAD-box helicase 18	1.134	6.358
205768_s_at	SLC27A2	solute carrier family 27 member 2	-1.96	2.644
205769_at	SLC27A2	solute carrier family 27 member 2	-1.907	2.14
205774_at	F12	coagulation factor XII	1.811	2.234
205776_at	FMO5	flavin containing monooxygenase 5	-1.373	4.444
205777_at	DUSP9	dual specificity phosphatase 9	-3.232	7.121
205778_at	KLK7	kallikrein related peptidase 7	-1.851	2.423
205786_s_at	ITGAM	integrin subunit alpha M	1.773	4.302
205789_at	CD1D	CD1d molecule	2.178	3.758
205796_at	TCP11L1	t-complex 11 like 1	1.857	2.631
205797_s_at	TCP11L1	t-complex 11 like 1	1.581	2.391
205801_s_at	RASGRP3	RAS guanyl releasing protein 3	1.348	2.417
205803_s_at	TRPC1	transient receptor potential cation channel subfamily C member 1	0.957	2.278
205809_s_at	WASL	Wiskott-Aldrich syndrome like	-0.95	2.513
205820_s_at	APOC3	apolipoprotein C3	-2.94	2.306
205824_at	HSPB2	heat shock protein family B (small) member 2	1.9	2.419
205826_at	MYOM2	myomesin 2	-1.514	2.864
205831_at	CD2	CD2 molecule	2.038	2.421
205836_s_at	YTHDC2	YTH domain containing 2	1	2.696
205838_at	GYPA	glycophorin A (MNS blood group)	-1.995	2.08
205843_x_at	CRAT	carnitine O-acetyltransferase	-0.815	2.267
205847_at	PRSS22	protease, serine 22	-0.698	2.009
205848_at	GAS2	growth arrest specific 2	-1.112	2.036
205859_at	LY86	lymphocyte antigen 86	1.437	5.176
205862_at	GREB1	growth regulation by estrogen in breast cancer 1	-3.292	5.045
205870_at	BDKRB2	bradykinin receptor B2	-1.695	5.379
205882_x_at	ADD3	adducin 3	-0.957	4.592
205884_at	ITGA4	integrin subunit alpha 4	4.101	7.303
205885_s_at	ITGA4	integrin subunit alpha 4	2.531	3.16
205890_s_at	UBD///GABBR1	ubiquitin D///gamma-aminobutyric acid type B receptor subunit 1	2.197	4.472
205892_s_at	FABP1	fatty acid binding protein 1	-7.316	7.538
205893_at	NLGN1	neuroligin 1	1.816	4.841
205898_at	CX3CR1	C-X3-C motif chemokine receptor 1	2.635	5.623
205902_at	KCNN3	potassium calcium-activated channel subfamily N member 3	2.666	2.284
205903_s_at	KCNN3	potassium calcium-activated channel subfamily N member 3	3.634	6.175
205910_s_at	CEL	carboxyl ester lipase	-4.236	8.228
205911_at	PTH1R	parathyroid hormone 1 receptor	-3.565	10.336
205931_s_at	LOC401317///CREB5	uncharacterized LOC401317///cAMP responsive element binding protein 5	1.647	3.301
205934_at	PLCL1	phospholipase C like 1	-2.323	5.773
205937_at	CGREF1	cell growth regulator with EF-hand domain 1	2.719	2.586
205939_at	CYP3A7-CYP3A51P///CYP3A7	CYP3A7-CYP3A51P readthrough///cytochrome P450 family 3 subfamily A member 7	-1.529	2.175
205940_at	MYH3	myosin, heavy chain 3, skeletal muscle, embryonic	-2.095	2.271
205942_s_at	ACSM3	acyl-CoA synthetase medium-chain family member 3	-1.246	2.875
205948_at	PTPRT	protein tyrosine phosphatase, receptor type T	-1.879	2.728
205952_at	KCNK3	potassium two pore domain channel subfamily K member 3	2.298	2.422
205955_at	TAF6L	TATA-box binding protein associated factor 6 like	-0.793	2.326
205961_s_at	PSIP1	PC4 and SFRS1 interacting protein 1	1.542	3.534
205963_s_at	DNAJA3	DnaJ heat shock protein family (Hsp40) member A3	-0.73	2.202
205967_at	HIST2H4B///HIST4H4///HIST2H4A///HIST1H4L///HIST1H4E///HIST1H4B///HIST1H4H///HIST1H4C///HIST1H4J///HIST1H4K///HIST1H4F///HIST1H4D///HIST1H4A///HIST1H4I	histone cluster 2, H4b///histone cluster 4, H4///histone cluster 2, H4a///histone cluster 1, H4l///histone cluster 1, H4e///histone cluster 1, H4b///histone cluster 1, H4h///histone cluster 1, H4c///histone cluster 1, H4j///histone cluster 1, H4k///histone cluster 1, H4f///histone cluster 1, H4d///histone cluster 1, H4a///histone cluster 1, H4i	-0.893	3.197
205968_at	KCNS3	potassium voltage-gated channel modifier subfamily S member 3	1.28	2.179
205978_at	KL	klotho	-1.944	5.22
205980_s_at	PRR5-ARHGAP8///ARHGAP8	PRR5-ARHGAP8 readthrough///Rho GTPase activating protein 8	-2.895	4.455
205983_at	DPEP1	dipeptidase 1 (renal)	-4.199	8.904
205985_x_at	CLCNKB	chloride voltage-gated channel Kb	-6.309	8.43
205997_at	ADAM28	ADAM metallopeptidase domain 28	2.649	3.047
206001_at	NPY	neuropeptide Y	-1.192	3.615
206010_at	HABP2	hyaluronan binding protein 2	-1.78	4.039
206011_at	CASP1	caspase 1	1.377	4.598
206015_s_at	FOXJ3	forkhead box J3	2.001	4.778
206024_at	HPD	4-hydroxyphenylpyruvate dioxygenase	-7.143	7.507
206025_s_at	TNFAIP6	TNF alpha induced protein 6	6.261	4.784
206026_s_at	TNFAIP6	TNF alpha induced protein 6	4.164	4.932
206034_at	SERPINB8	serpin family B member 8	1.6	2.396
206044_s_at	KIAA1549///BRAF	KIAA1549///B-Raf proto-oncogene, serine/threonine kinase	-0.795	2.569
206045_s_at	NOL4	nucleolar protein 4	-1.986	2.301
206054_at	KNG1	kininogen 1	-5.701	11.851
206059_at	ZNF91	zinc finger protein 91	-1.13	4.443
206065_s_at	DPYS	dihydropyrimidinase	-2.767	6.33
206067_s_at	WT1	Wilms tumor 1	-5.038	4.464
206070_s_at	EPHA3	EPH receptor A3	2.393	2.149
206072_at	UCN	urocortin	1.533	2.598
206073_at	COLQ	collagen like tail subunit of asymmetric acetylcholinesterase	-1.827	3.03
206080_at	PLCH2	phospholipase C eta 2	-1.131	4.094
206082_at	HCP5	HLA complex P5 (non-protein coding)	1.792	3.718
206085_s_at	CTH	cystathionine gamma-lyase	-2.028	3.024
206087_x_at	HFE	hemochromatosis	0.505	2.247
206089_at	NELL1	neural EGFL like 1	-4.977	10.095
206090_s_at	TSNAX-DISC1///DISC1	TSNAX-DISC1 readthrough (NMD candidate)///disrupted in schizophrenia 1	0.831	1.988
206094_x_at	UGT1A3///UGT1A1///UGT1A4///UGT1A9///UGT1A5///UGT1A6///UGT1A7///UGT1A8///UGT1A10	UDP glucuronosyltransferase family 1 member A3///UDP glucuronosyltransferase family 1 member A1///UDP glucuronosyltransferase family 1 member A4///UDP glucuronosyltransferase family 1 member A9///UDP glucuronosyltransferase family 1 member A5///UDP glucuronosyltransferase family 1 member A6///UDP glucuronosyltransferase family 1 member A7///UDP glucuronosyltransferase family 1 member A8///UDP glucuronosyltransferase family 1 member A10	-1.44	2.63
206099_at	PRKCH	protein kinase C eta	1.512	2.735
206100_at	CPM	carboxypeptidase M	-1.76	2.86
206116_s_at	TPM1	tropomyosin 1 (alpha)	2.474	7.134
206117_at	TPM1	tropomyosin 1 (alpha)	1.776	2.16
206119_at	BHMT	betaine--homocysteine S-methyltransferase	-1.81	5.985
206125_s_at	KLK8	kallikrein related peptidase 8	-1.1	2.8
206128_at	ADRA2C	adrenoceptor alpha 2C	-1.063	2.555
206133_at	XAF1	XIAP associated factor 1	1.612	5.85
206151_x_at	CELA3B	chymotrypsin like elastase family member 3B	-1.513	2.024
206178_at	PLA2G5	phospholipase A2 group V	-1.014	2.745
206179_s_at	TPPP	tubulin polymerization promoting protein	-1.166	2.087
206191_at	ENTPD3	ectonucleoside triphosphate diphosphohydrolase 3	-1.049	2.263
206197_at	NME5	NME/NM23 family member 5	-0.736	2.188
206204_at	GRB14	growth factor receptor bound protein 14	-2.281	5.021
206208_at	CA4	carbonic anhydrase 4	-2.572	2.694
206209_s_at	CA4	carbonic anhydrase 4	-1.969	2.708
206213_at	WNT10B	Wnt family member 10B	-1.503	2.052
206215_at	OPCML	opioid binding protein/cell adhesion molecule like	-1.624	2.993
206219_s_at	VAV1	vav guanine nucleotide exchange factor 1	1.212	2.994
206226_at	HRG	histidine rich glycoprotein	-3.199	9.317
206228_at	PAX2	paired box 2	-0.55	2.012
206230_at	LHX1	LIM homeobox 1	-3.196	5.816
206236_at	GPR4	G protein-coupled receptor 4	1.495	2.042
206239_s_at	SPINK1	serine peptidase inhibitor, Kazal type 1	-2.807	3.374
206242_at	TM4SF5	transmembrane 4 L six family member 5	-1.419	5.178
206245_s_at	IVNS1ABP	influenza virus NS1A binding protein	1.215	6.541
206247_at	MICB	MHC class I polypeptide-related sequence B	1.301	2.512
206252_s_at	AVPR1A	arginine vasopressin receptor 1A	-1.895	2.286
206254_at	EGF	epidermal growth factor	-4.898	8.7
206256_at	CPN1	carboxypeptidase N subunit 1	-0.909	2.303
206259_at	PROC	protein C, inactivator of coagulation factors Va and VIIIa	-4.039	6.377
206262_at	ADH1C	alcohol dehydrogenase 1C (class I), gamma polypeptide	-2.504	3.856
206263_at	FMO4	flavin containing monooxygenase 4	-1.691	5.194
206265_s_at	GPLD1	glycosylphosphatidylinositol specific phospholipase D1	-1.873	2.146
206271_at	TLR3	toll like receptor 3	3.029	6.759
206272_at	SPHAR///RAB4A	S-phase response (cyclin related)///RAB4A, member RAS oncogene family	0.851	3.592
206278_at	PTAFR	platelet activating factor receptor	1.126	2.153
206295_at	IL18	interleukin 18	1.38	2.354
206298_at	ARHGAP22	Rho GTPase activating protein 22	1.782	3.28
206302_s_at	NUDT4P1///NUDT4P2///NUDT4	nudix hydrolase 4 pseudogene 1///nudix hydrolase 4 pseudogene 2///nudix hydrolase 4	-1.434	5.451
206303_s_at	NUDT4P1///NUDT4P2///NUDT4	nudix hydrolase 4 pseudogene 1///nudix hydrolase 4 pseudogene 2///nudix hydrolase 4	-2.248	4.159
206309_at	LECT1	leukocyte cell derived chemotaxin 1	-0.956	2.673
206320_s_at	SMAD9	SMAD family member 9	1.822	2.249
206323_x_at	OPHN1	oligophrenin 1	-0.748	4.558
206325_at	SERPINA6	serpin family A member 6	-1.544	4.585
206331_at	CALCRL	calcitonin receptor like receptor	2.248	3.964
206332_s_at	IFI16	interferon gamma inducible protein 16	2.07	7.105
206346_at	PRLR	prolactin receptor	-1.718	3.186
206353_at	COX6A2	cytochrome c oxidase subunit 6A2	-0.856	2.197
206355_at	GNAL	G protein subunit alpha L	-1.205	2.302
206356_s_at	GNAL	G protein subunit alpha L	-2.311	2.508
206363_at	MAF	MAF bZIP transcription factor	-1.102	3.401
206366_x_at	XCL1	X-C motif chemokine ligand 1	2.051	2.823
206374_at	LOC101927562///DUSP8	uncharacterized LOC101927562///dual specificity phosphatase 8	-1.059	2.838
206379_at	EYA3	EYA transcriptional coactivator and phosphatase 3	-1.901	2.347
206381_at	SCN2A	sodium voltage-gated channel alpha subunit 2	-2.15	4.046
206385_s_at	ANK3	ankyrin 3, node of Ranvier (ankyrin G)	-1.283	4.349
206404_at	FGF9	fibroblast growth factor 9	-5.117	9.906
206410_at	NR0B2	nuclear receptor subfamily 0 group B member 2	-2.028	4.259
206414_s_at	ASAP2	ArfGAP with SH3 domain, ankyrin repeat and PH domain 2	-0.715	2.958
206417_at	CNGA1	cyclic nucleotide gated channel alpha 1	-1.588	2.9
206419_at	RORC	RAR related orphan receptor C	-0.646	2.074
206420_at	IGSF6	immunoglobulin superfamily member 6	2.091	4.273
206426_at	MLANA	melan-A	-1.358	2.287
206445_s_at	PRMT1	protein arginine methyltransferase 1	0.532	3.061
206449_s_at	MASP1	mannan binding lectin serine peptidase 1	1.129	2.025
206457_s_at	DIO1	deiodinase, iodothyronine type I	-4.381	7.884
206461_x_at	MT1H	metallothionein 1H	-3.164	6.602
206469_x_at	AKR7A3	aldo-keto reductase family 7 member A3	-1.653	5.468
206470_at	PLXNC1	plexin C1	4.108	5.524
206472_s_at	TLE3	transducin like enhancer of split 3	0.981	2.728
206474_at	CDK17	cyclin dependent kinase 17	1.804	3.152
206481_s_at	LDB2	LIM domain binding 2	1.793	2.498
206484_s_at	XPNPEP2	X-prolyl aminopeptidase 2	-4.738	7.895
206488_s_at	CD36	CD36 molecule	2.449	3.073
206500_s_at	MIS18BP1	MIS18 binding protein 1	2.144	3.704
206501_x_at	ETV1	ETS variant 1	-0.583	2.069
206503_x_at	PML	promyelocytic leukemia	2.061	3.728
206514_s_at	CYP4F2///CYP4F3	cytochrome P450 family 4 subfamily F member 2///cytochrome P450 family 4 subfamily F member 3	-3.697	2.531
206515_at	CYP4F3	cytochrome P450 family 4 subfamily F member 3	-3.662	4.301
206517_at	CDH16	cadherin 16	-2.412	5.252
206521_s_at	GTF2A1	general transcription factor IIA subunit 1	-2.299	4.091
206527_at	ABAT	4-aminobutyrate aminotransferase	-1.328	3.321
206529_x_at	SLC26A4	solute carrier family 26 member 4	-2.07	2.373
206530_at	RAB30	RAB30, member RAS oncogene family	-0.931	2.15
206532_at	SMARCB1	SWI/SNF related, matrix associated, actin dependent regulator of chromatin, subfamily b, member 1	-1.811	2.621
206539_s_at	CYP4F12	cytochrome P450 family 4 subfamily F member 12	-1.718	2.096
206541_at	KLKB1	kallikrein B1	-1.66	4.489
206550_s_at	NUP155	nucleoporin 155	1.851	3.046
206552_s_at	TAC1	tachykinin precursor 1	-3.053	3.784
206554_x_at	SETMAR	SET domain and mariner transposase fusion gene	-0.971	2.775
206558_at	SIM2	single-minded family bHLH transcription factor 2	-2.674	5.148
206571_s_at	MAP4K4	mitogen-activated protein kinase kinase kinase kinase 4	1.154	3.992
206579_at	ZKSCAN8	zinc finger with KRAB and SCAN domains 8	-1.045	2.009
206584_at	LY96	lymphocyte antigen 96	2.016	4.679
206592_s_at	AP3D1	adaptor related protein complex 3 delta 1 subunit	-0.571	2.967
206600_s_at	SLC16A5	solute carrier family 16 member 5	-1.567	3.114
206610_s_at	F11	coagulation factor XI	-1.74	4.869
206617_s_at	RENBP	renin binding protein	-2.865	3.338
206631_at	PTGER2	prostaglandin E receptor 2	1.791	3.021
206646_at	GLI1	GLI family zinc finger 1	-1.496	2.184
206659_at			-1.351	1.981
206661_at	DBF4B	DBF4 zinc finger B	-1.576	2.59
206664_at	SI	sucrase-isomaltase	2.282	3.256
206666_at	GZMK	granzyme K	3.222	2.342
206667_s_at	SCAMP1	secretory carrier membrane protein 1	1.328	2.661
206671_at	SAG	S-antigen visual arrestin	-1.709	2.06
206672_at	AQP2	aquaporin 2	-2.501	7.526
206673_at	GPR176	G protein-coupled receptor 176	0.883	2.09
206681_x_at	GP2	glycoprotein 2	-1.828	2.782
206686_at	PDK1	pyruvate dehydrogenase kinase 1	3.34	7.671
206687_s_at	PTPN6	protein tyrosine phosphatase, non-receptor type 6	0.965	3.704
206690_at	ASIC2	acid sensing ion channel subunit 2	-1.447	2.081
206693_at	IL7	interleukin 7	1.613	3.202
206696_at	GPR143	G protein-coupled receptor 143	-1.284	1.996
206701_x_at	EDNRB	endothelin receptor type B	1.836	3.36
206704_at	CLCN5	chloride voltage-gated channel 5	-1.181	2.301
206709_x_at	GPT	glutamic--pyruvic transaminase	-1.13	2.733
206710_s_at	EPB41L3	erythrocyte membrane protein band 4.1 like 3	-0.936	2.304
206716_at	UMOD	uromodulin	-4.917	6.465
206721_at	CCDC181	coiled-coil domain containing 181	-3.169	5.067
206729_at	TNFRSF8	TNF receptor superfamily member 8	-0.877	2.008
206754_s_at	CYP2B7P///CYP2B6	cytochrome P450 family 2 subfamily B member 7, pseudogene///cytochrome P450 family 2 subfamily B member 6	-4.438	5.044
206755_at	CYP2B6	cytochrome P450 family 2 subfamily B member 6	-3.783	3.937
206756_at	CHST7	carbohydrate sulfotransferase 7	2.117	2.153
206765_at	KCNJ2	potassium voltage-gated channel subfamily J member 2	2.463	4.581
206775_at	CUBN	cubilin	-2.336	4.803
206783_at	FGF4	fibroblast growth factor 4	-0.643	2.069
206790_s_at	NDUFB1	NADH:ubiquinone oxidoreductase subunit B1	-0.818	2.603
206792_x_at	LOC729966///PDE4C	uncharacterized LOC729966///phosphodiesterase 4C	-0.598	2.77
206794_at	ERBB4	erb-b2 receptor tyrosine kinase 4	-1.309	3.537
206797_at	NAT2	N-acetyltransferase 2	-1.598	2.645
206809_s_at	HNRNPA3///HNRNPA3P1	heterogeneous nuclear ribonucleoprotein A3///heterogeneous nuclear ribonucleoprotein A3 pseudogene 1	0.842	2.082
206813_at	CTF1	cardiotrophin 1	-0.782	2.347
206818_s_at	CNNM2	cyclin and CBS domain divalent metal cation transport mediator 2	-0.585	2.06
206826_at	PMP2	peripheral myelin protein 2	-1.602	2.726
206840_at	AFM	afamin	-2.87	7.326
206842_at	KCND1	potassium voltage-gated channel subfamily D member 1	1.221	1.987
206846_s_at	HDAC6	histone deacetylase 6	-0.949	5.28
206852_at	EPHA7	EPH receptor A7	2.061	2.733
206854_s_at	MAP3K7	mitogen-activated protein kinase kinase kinase 7	0.675	2.736
206861_s_at	CGGBP1	CGG triplet repeat binding protein 1	-0.461	2.038
206868_at	STARD8	StAR related lipid transfer domain containing 8	-0.504	2.123
206872_at	SLC17A1	solute carrier family 17 member 1	-1.511	3.107
206876_at	SIM1	single-minded family bHLH transcription factor 1	-2.692	5.646
206878_at	DAO	D-amino acid oxidase	-2.572	6.812
206882_at	SLC1A6	solute carrier family 1 member 6	-1.285	2.289
206914_at	CRTAM	cytotoxic and regulatory T-cell molecule	3.101	4.265
206925_at	ST8SIA4	ST8 alpha-N-acetyl-neuraminide alpha-2,8-sialyltransferase 4	1.547	2.262
206929_s_at	NFIC	nuclear factor I C	-0.625	2.128
206930_at	GLYAT	glycine-N-acyltransferase	-1.864	6.293
206931_at	ZNF141	zinc finger protein 141	1.601	2.337
206936_x_at			-1.043	4.518
206952_at	G6PC	glucose-6-phosphatase catalytic subunit	-4.89	5.098
206953_s_at	ADGRL2	adhesion G protein-coupled receptor L2	0.822	2.772
206954_at	WT1-AS	WT1 antisense RNA	-1.322	2.052
206955_at	LOC101930168///LOC100509620///AQP7	putative aquaporin-7-like protein 3///putative aquaporin-7-like protein 3///aquaporin 7	-3.33	6.198
206963_s_at	NAT8B///NAT8	N-acetyltransferase 8B (putative, gene/pseudogene)///N-acetyltransferase 8 (putative)	-1.543	2.852
206964_at	NAT8B	N-acetyltransferase 8B (putative, gene/pseudogene)	-1.735	2.207
206976_s_at	HSPH1	heat shock protein family H (Hsp110) member 1	-0.653	2.302
206978_at	CCR2	C-C motif chemokine receptor 2	1.289	3.683
206980_s_at	FLT3LG	fms related tyrosine kinase 3 ligand	1.674	2.036
206989_s_at	SCAF11	SR-related CTD associated factor 11	0.856	4.197
206991_s_at	CCR5	C-C motif chemokine receptor 5 (gene/pseudogene)	1.959	3.594
207007_at	NR1I3	nuclear receptor subfamily 1 group I member 3	-1.745	2.383
207014_at	GABRA2	gamma-aminobutyric acid type A receptor alpha2 subunit	-3.38	6.599
207016_s_at	LOC101928635///ALDH1A2	uncharacterized LOC101928635///aldehyde dehydrogenase 1 family member A2	-1.605	3.125
207023_x_at	KRT10	keratin 10	-0.643	3.103
207047_s_at	CLCNKB///CLCNKA	chloride voltage-gated channel Kb///chloride voltage-gated channel Ka	-4.356	8.834
207051_at	SLC17A4	solute carrier family 17 member 4	3.305	4.765
207057_at	SLC16A7	solute carrier family 16 member 7	-2.919	5.233
207071_s_at	ACO1	aconitase 1	-1.504	5.881
207076_s_at	ASS1	argininosuccinate synthase 1	-3.691	8.638
207079_s_at	MED6	mediator complex subunit 6	0.918	2.731
207085_x_at	CSF2RA	colony stimulating factor 2 receptor alpha subunit	1.834	2.967
207091_at	P2RX7	purinergic receptor P2X 7	2.86	4.6
207094_at	CXCR1	C-X-C motif chemokine receptor 1	-1.41	2.97
207099_s_at	CHM	CHM, Rab escort protein 1	1.602	2.15
207104_x_at	LILRB1	leukocyte immunoglobulin like receptor B1	2.282	3.462
207105_s_at	PIK3R2	phosphoinositide-3-kinase regulatory subunit 2	-0.749	2.059
207108_s_at	NIPBL	NIPBL, cohesin loading factor	0.785	2.185
207114_at	LY6G6C	lymphocyte antigen 6 complex, locus G6C	-1.213	3.466
207122_x_at	SULT1A2	sulfotransferase family 1A member 2	-0.714	2.813
207123_s_at	MATN4	matrilin 4	-1.1	2.021
207125_at	ZNF225	zinc finger protein 225	2.084	2.066
207126_x_at	UGT1A1///UGT1A4///UGT1A9///UGT1A6///UGT1A8///UGT1A10	UDP glucuronosyltransferase family 1 member A1///UDP glucuronosyltransferase family 1 member A4///UDP glucuronosyltransferase family 1 member A9///UDP glucuronosyltransferase family 1 member A6///UDP glucuronosyltransferase family 1 member A8///UDP glucuronosyltransferase family 1 member A10	-1.403	2.951
207127_s_at	HNRNPH3	heterogeneous nuclear ribonucleoprotein H3	0.661	2.902
207132_x_at	PFDN5	prefoldin subunit 5	0.429	2.202
207138_at	PHF2	PHD finger protein 2	-2.775	4.563
207148_x_at	MYOZ2	myozenin 2	-2.525	3.85
207154_at	DIO3	deiodinase, iodothyronine, type III	-1.617	3.08
207172_s_at	CDH11	cadherin 11	2.72	4.005
207173_x_at	CDH11	cadherin 11	1.411	4.137
207174_at	GPC5	glypican 5	-3.971	4.476
207175_at	ADIPOQ	adiponectin, C1Q and collagen domain containing	-1.079	2.127
207185_at	SLC10A1	solute carrier family 10 member 1	-1.392	2.382
207196_s_at	TNIP1	TNFAIP3 interacting protein 1	1.09	5.648
207213_s_at	USP2	ubiquitin specific peptidase 2	-2.884	4.85
207219_at	ZFP69B	ZFP69 zinc finger protein B	1.878	2.398
207224_s_at	SIGLEC7	sialic acid binding Ig like lectin 7	1.431	2.11
207238_s_at	PTPRC	protein tyrosine phosphatase, receptor type C	3.573	3.952
207244_x_at	CYP2A6	cytochrome P450 family 2 subfamily A member 6	-1.924	2.2
207254_at	SLC15A1	solute carrier family 15 member 1	-2.52	2.782
207299_s_at	GRM1	glutamate metabotropic receptor 1	-2.426	3.142
207309_at	NOS1	nitric oxide synthase 1	-0.733	2.804
207320_x_at	STAU1	staufen double-stranded RNA binding protein 1	-0.905	5.819
207326_at	BTC	betacellulin	-1.502	2.025
207327_at	EYA4	EYA transcriptional coactivator and phosphatase 4	-2.245	3.789
207335_x_at	ATP5I	ATP synthase, H+ transporting, mitochondrial Fo complex subunit E	-1.102	4.102
207338_s_at	ZNF200	zinc finger protein 200	0.959	3.012
207366_at	KCNS1	potassium voltage-gated channel modifier subfamily S member 1	-0.968	2.187
207367_at	ATP12A	ATPase H+/K+ transporting non-gastric alpha2 subunit	-1.007	2.087
207373_at	HOXD10	homeobox D10	-2.744	3.79
207375_s_at	IL15RA	interleukin 15 receptor subunit alpha	2.53	6.245
207386_at	CYP7B1	cytochrome P450 family 7 subfamily B member 1	-0.93	2.39
207387_s_at	GK	glycerol kinase	-1.308	2.37
207389_at	GP1BA	glycoprotein Ib platelet alpha subunit	-0.791	3.208
207401_at	PROX1	prospero homeobox 1	-1.933	2.839
207407_x_at	CYP4A11	cytochrome P450 family 4 subfamily A member 11	-3.165	4.71
207414_s_at	LOC100507472///PCSK6	uncharacterized LOC100507472///proprotein convertase subtilisin/kexin type 6	3.318	2.853
207419_s_at	RAC2	ras-related C3 botulinum toxin substrate 2 (rho family, small GTP binding protein Rac2)	3.587	3.868
207425_s_at	SEPT9	septin 9	2.907	4.975
207428_x_at	CDK11A///CDK11B	cyclin dependent kinase 11A///cyclin dependent kinase 11B	2.021	3.161
207434_s_at	FXYD6-FXYD2///FXYD2	FXYD6-FXYD2 readthrough///FXYD domain containing ion transport regulator 2	-1.192	3.106
207460_at	GZMM	granzyme M	2.253	3.144
207463_x_at	PRSS3	protease, serine 3	-1.896	2.896
207492_at	NGLY1	N-glycanase 1	1.491	2.616
207507_s_at	ATP5G3	ATP synthase, H+ transporting, mitochondrial Fo complex subunit C3 (subunit 9)	-0.831	2.995
207508_at	ATP5G3	ATP synthase, H+ transporting, mitochondrial Fo complex subunit C3 (subunit 9)	-1.121	5.358
207543_s_at	P4HA1	prolyl 4-hydroxylase subunit alpha 1	1.433	5.662
207544_s_at	ADH6	alcohol dehydrogenase 6 (class V)	-2.506	3.779
207565_s_at	MR1	major histocompatibility complex, class I-related	1.591	2.365
207567_at	SLC13A2	solute carrier family 13 member 2	-2.82	4.259
207571_x_at	THEMIS2	thymocyte selection associated family member 2	1.664	4.96
207573_x_at	ATP5L	ATP synthase, H+ transporting, mitochondrial Fo complex subunit G	-0.744	4.193
207610_s_at	ADGRE2	adhesion G protein-coupled receptor E2	2.064	4.483
207613_s_at	CAMK2A	calcium/calmodulin dependent protein kinase II alpha	-1.798	2.509
207614_s_at	CUL1	cullin 1	0.647	3.064
207616_s_at	TANK	TRAF family member associated NFKB activator	0.565	2.628
207617_at	DDX3X	DEAD-box helicase 3, X-linked	1.741	2.265
207618_s_at	BCS1L	BCS1 homolog, ubiquinol-cytochrome c reductase complex chaperone	-0.595	2.57
207622_s_at	ABCF2	ATP binding cassette subfamily F member 2	0.938	2.406
207636_at	SERPINI2	serpin family I member 2	-0.774	2.062
207641_at	TNFRSF13B	TNF receptor superfamily member 13B	-0.821	2.521
207643_s_at	TNFRSF1A	TNF receptor superfamily member 1A	0.857	2.549
207650_x_at	PTGER1	prostaglandin E receptor 1	-5.063	7.569
207653_at	FOXD2	forkhead box D2	-1.141	2.285
207655_s_at	BLNK	B-cell linker	-0.971	3.022
207668_x_at	PDIA6	protein disulfide isomerase family A member 6	0.998	2.74
207673_at	NPHS1	NPHS1, nephrin	-4.341	5.967
207691_x_at	ENTPD1	ectonucleoside triphosphate diphosphohydrolase 1	2.861	4.858
207693_at	CACNB4	calcium voltage-gated channel auxiliary subunit beta 4	-1.462	2.17
207697_x_at	LILRB2	leukocyte immunoglobulin like receptor B2	2.305	4.862
207698_at	LINC01558	long intergenic non-protein coding RNA 1558	-1.664	2.69
207705_s_at	NINL	ninein like	-1.724	7.069
207707_s_at	SEC13	SEC13 homolog, nuclear pore and COPII coat complex component	-0.853	2.764
207714_s_at	SERPINH1	serpin family H member 1	4.832	7.973
207719_x_at	CEP170P1///CEP170	centrosomal protein 170 pseudogene 1///centrosomal protein 170	1.161	5.762
207727_s_at	MUTYH	mutY DNA glycosylase	-0.701	3.644
207740_s_at	NUP62	nucleoporin 62	1.978	6.821
207744_at			-2.871	3.624
207747_s_at	DOK4	docking protein 4	1.497	3.021
207754_at	RASSF8	Ras association domain family member 8	-1.594	2.962
207760_s_at	NCOR2	nuclear receptor corepressor 2	0.85	4.007
207761_s_at	METTL7A	methyltransferase like 7A	-1.006	5.702
207768_at	EGR4	early growth response 4	-1.91	2.168
207771_at	SLC5A2	solute carrier family 5 member 2	-4.55	7.09
207777_s_at	SP140	SP140 nuclear body protein	1.719	2.563
207785_s_at	RBPJ	recombination signal binding protein for immunoglobulin kappa J region	0.81	4.366
207788_s_at	SORBS3	sorbin and SH3 domain containing 3	1.542	2.205
207789_s_at	DPP6	dipeptidyl peptidase like 6	-1.906	2.788
207791_s_at	RAB1A	RAB1A, member RAS oncogene family	0.617	1.99
207800_at	AKAP5	A-kinase anchoring protein 5	-1.675	2.102
207808_s_at	PROS1	protein S (alpha)	1.277	3.125
207810_at	F13B	coagulation factor XIII B chain	-1.735	2.013
207813_s_at	FDXR	ferredoxin reductase	1.239	2.095
207819_s_at	ABCB4	ATP binding cassette subfamily B member 4	2.488	2.816
207821_s_at	PTK2	protein tyrosine kinase 2	0.887	3.326
207824_s_at	MAZ	MYC associated zinc finger protein	2.501	2.2
207830_s_at	PPP1R8	protein phosphatase 1 regulatory subunit 8	1.088	3.677
207857_at	LILRA2	leukocyte immunoglobulin like receptor A2	1.442	2.577
207897_at	CRHR2	corticotropin releasing hormone receptor 2	-0.745	2.555
207914_x_at	EVX1	even-skipped homeobox 1	-1.059	2.362
207929_at	GRPR	gastrin releasing peptide receptor	-0.991	3.592
207931_s_at	PFKFB2	6-phosphofructo-2-kinase/fructose-2,6-biphosphatase 2	-1.717	2.07
207937_x_at	FGFR1	fibroblast growth factor receptor 1	-0.533	2.349
207943_x_at	PLAGL1	PLAG1 like zinc finger 1	0.984	2.042
207950_s_at	ANK3	ankyrin 3, node of Ranvier (ankyrin G)	-0.785	2.147
207957_s_at	PRKCB	protein kinase C beta	1.85	1.986
207966_s_at	GLG1	golgi glycoprotein 1	-0.723	4.428
207968_s_at	MEF2C	myocyte enhancer factor 2C	1.662	2.634
207977_s_at	DPT	dermatopontin	-1.895	2.185
207981_s_at	ESRRG	estrogen related receptor gamma	-2.227	7.705
207996_s_at	LDLRAD4	low density lipoprotein receptor class A domain containing 4	1.326	4.083
208003_s_at	NFAT5	nuclear factor of activated T-cells 5	-0.932	2.201
208006_at	FOXI1	forkhead box I1	-3.736	6.741
208014_x_at			-1.308	3.06
208018_s_at	HCK	HCK proto-oncogene, Src family tyrosine kinase	1.873	3.151
208022_s_at	CDC14B	cell division cycle 14B	-1.021	3.279
208034_s_at	PROZ	protein Z, vitamin K dependent plasma glycoprotein	-1.9	4.913
208048_at	TACR1	tachykinin receptor 1	-1.42	3.679
208055_s_at	HERC4	HECT and RLD domain containing E3 ubiquitin protein ligase 4	1.579	2.351
208070_s_at	REV3L	REV3 like, DNA directed polymerase zeta catalytic subunit	1.082	3.156
208091_s_at	VOPP1	vesicular, overexpressed in cancer, prosurvival protein 1	0.59	2.011
208097_s_at	TMX1	thioredoxin related transmembrane protein 1	1.376	5.919
208121_s_at	PTPRO	protein tyrosine phosphatase, receptor type O	-2.279	5.431
208130_s_at	TBXAS1	thromboxane A synthase 1	3.036	5.856
208135_at	HNF1B	HNF1 homeobox B	-0.882	2.727
208141_s_at	DOHH	deoxyhypusine hydroxylase/monooxygenase	-0.492	2.135
208142_at	EDDM3A	epididymal protein 3A	-1.964	3.01
208161_s_at	ABCC3	ATP binding cassette subfamily C member 3	2.034	4.71
208169_s_at	PTGER3	prostaglandin E receptor 3	-1.454	2.732
208177_at	SLC34A1	solute carrier family 34 member 1	-3.976	8.628
208191_x_at	PSG4	pregnancy specific beta-1-glycoprotein 4	-0.886	3.529
208217_at	GABRR2	gamma-aminobutyric acid type A receptor rho2 subunit	-0.827	2.429
208224_at	HOXB1	homeobox B1	-1.121	3.197
208238_x_at			-0.449	2.409
208240_s_at	FGF1	fibroblast growth factor 1	-2.162	5.361
208247_at	ERC2-IT1	ERC2 intronic transcript 1	-1.474	3.425
208253_at	SIGLEC8	sialic acid binding Ig like lectin 8	2.111	2.57
208256_at	EFNA2	ephrin A2	-1.439	2.017
208267_at	TRPV5	transient receptor potential cation channel subfamily V member 5	-1.209	2.994
208286_x_at	POU5F1P4///POU5F1P3///POU5F1B///POU5F1	POU class 5 homeobox 1 pseudogene 4///POU class 5 homeobox 1 pseudogene 3///POU class 5 homeobox 1B///POU class 5 homeobox 1	1.251	2.138
208290_s_at	EIF5	eukaryotic translation initiation factor 5	0.741	2.749
208296_x_at	TNFAIP8	TNF alpha induced protein 8	1.203	3.998
208306_x_at	HLA-DRB1	major histocompatibility complex, class II, DR beta 1	1.347	3.425
208308_s_at	GPI	glucose-6-phosphate isomerase	0.66	2.434
208309_s_at	MALT1	MALT1 paracaspase	1.658	2.78
208310_s_at	CCZ1B///CCZ1	CCZ1 homolog B, vacuolar protein trafficking and biogenesis associated///CCZ1 homolog, vacuolar protein trafficking and biogenesis associated	0.852	3.916
208322_s_at	ST3GAL1	ST3 beta-galactoside alpha-2,3-sialyltransferase 1	-2.186	3.169
208336_s_at	TECR	trans-2,3-enoyl-CoA reductase	-0.579	3.769
208354_s_at	SLC12A3	solute carrier family 12 member 3	-4.765	5.757
208360_s_at	ERVH-4	endogenous retrovirus group H member 4	-1.086	2.643
208369_s_at	GCDH	glutaryl-CoA dehydrogenase	-1.662	6.514
208374_s_at	CAPZA1	capping actin protein of muscle Z-line alpha subunit 1	0.731	4.235
208380_at	LBX1	ladybird homeobox 1	-1.074	2.334
208383_s_at	PCK1	phosphoenolpyruvate carboxykinase 1	-3.252	3.053
208390_s_at	GLP1R	glucagon like peptide 1 receptor	-1.062	4.204
208391_s_at	GLP1R	glucagon like peptide 1 receptor	-1.247	2.393
208392_x_at	SP110	SP110 nuclear body protein	1.425	2.836
208394_x_at	ESM1	endothelial cell specific molecule 1	2.476	5.912
208396_s_at	PDE1A	phosphodiesterase 1A	-2.423	7.281
208403_x_at	MAX	MYC associated factor X	1.329	2.248
208407_s_at	TMX2-CTNND1///CTNND1	TMX2-CTNND1 readthrough (NMD candidate)///catenin delta 1	0.7	3.689
208423_s_at	MSR1	macrophage scavenger receptor 1	1.387	2.165
208429_x_at	HNF4A	hepatocyte nuclear factor 4 alpha	-0.786	2.388
208434_at	MECOM	MDS1 and EVI1 complex locus	-2.239	2.82
208436_s_at	IRF7	interferon regulatory factor 7	0.683	2.141
208438_s_at	FGR	FGR proto-oncogene, Src family tyrosine kinase	1.942	3.627
208439_s_at	FCN2	ficolin 2	-0.923	3.155
208442_s_at	ATM	ATM serine/threonine kinase	2.554	3.68
208453_s_at	XPNPEP1	X-prolyl aminopeptidase 1	0.845	2.946
208460_at	GJC1	gap junction protein gamma 1	1.497	2.295
208461_at	HIC1	hypermethylated in cancer 1	1.703	2.41
208473_s_at	GP2	glycoprotein 2	-1.529	3.09
208510_s_at	PPARG	peroxisome proliferator activated receptor gamma	1.105	2.666
208525_s_at	OR2F2///OR2F1	olfactory receptor family 2 subfamily F member 2///olfactory receptor family 2 subfamily F member 1 (gene/pseudogene)	-2.034	3.055
208526_at	OR2F1	olfactory receptor family 2 subfamily F member 1 (gene/pseudogene)	-2.111	3.655
208527_x_at	HIST1H2BE	histone cluster 1, H2be	1.719	2.016
208541_x_at	TFAM	transcription factor A, mitochondrial	-0.786	3.21
208557_at	HOXA6	homeobox A6	-1.433	4.127
208560_at	KCNA10	potassium voltage-gated channel subfamily A member 10	-1.729	2.578
208567_s_at	LOC100996843///KCNJ18///KCNJ12	ATP-sensitive inward rectifier potassium channel 12-like///potassium voltage-gated channel subfamily J member 18///potassium voltage-gated channel subfamily J member 12	-2.332	2.467
208571_at	ANP32D	acidic nuclear phosphoprotein 32 family member D	-1.674	2.025
208578_at	SCN10A	sodium voltage-gated channel alpha subunit 10	-1.352	3.753
208581_x_at	MT1X	metallothionein 1X	-2.562	4.761
208586_s_at	SSX4B///SSX4	SSX family member 4B///SSX family member 4	-2.333	2.196
208594_x_at	LILRA6	leukocyte immunoglobulin like receptor A6	1.548	3.284
208595_s_at	MBD1	methyl-CpG binding domain protein 1	1.721	2.276
208600_s_at	GPR39	G protein-coupled receptor 39	1.811	2.718
208610_s_at	SRRM2	serine/arginine repetitive matrix 2	-0.74	2.788
208619_at	DDB1	damage specific DNA binding protein 1	-0.593	2.237
208620_at	PCBP1	poly(rC) binding protein 1	0.954	5.362
208622_s_at	EZR	ezrin	1.09	3.299
208623_s_at	EZR	ezrin	0.568	2.219
208624_s_at	EIF4G1	eukaryotic translation initiation factor 4 gamma 1	-0.712	3.69
208626_s_at	VAT1	vesicle amine transport 1	0.599	2.458
208632_at	RNF10	ring finger protein 10	-0.675	2.858
208636_at	ACTN1	actinin alpha 1	1.305	4.672
208637_x_at	ACTN1	actinin alpha 1	0.731	2.315
208639_x_at	PDIA6	protein disulfide isomerase family A member 6	0.7	2.439
208642_s_at	XRCC5	X-ray repair cross complementing 5	0.506	1.98
208643_s_at	XRCC5	X-ray repair cross complementing 5	0.695	2.586
208645_s_at	RPS14	ribosomal protein S14	0.312	2.15
208646_at			0.847	3.328
208647_at	FDFT1	farnesyl-diphosphate farnesyltransferase 1	-0.953	2.626
208650_s_at	CD24	CD24 molecule	1.666	3.081
208651_x_at	CD24	CD24 molecule	0.888	2.602
208657_s_at	SEPT9	septin 9	1.394	5.686
208659_at	CLIC1	chloride intracellular channel 1	1.062	5.773
208671_at	SERINC1	serine incorporator 1	0.743	2.839
208675_s_at	DDOST	dolichyl-diphosphooligosaccharide--protein glycosyltransferase non-catalytic subunit	0.889	3.609
208678_at	ATP6V1E1	ATPase H+ transporting V1 subunit E1	-0.676	3.54
208687_x_at	SNORD14D///SNORD14C///HSPA8	small nucleolar RNA, C/D box 14D///small nucleolar RNA, C/D box 14C///heat shock protein family A (Hsp70) member 8	-0.598	2.234
208690_s_at	PDLIM1	PDZ and LIM domain 1	1.92	8.541
208692_at	RPS3	ribosomal protein S3	0.795	3.933
208698_s_at	NONO	non-POU domain containing, octamer-binding	0.852	2.135
208707_at	EIF5	eukaryotic translation initiation factor 5	-1.07	6.29
208710_s_at	AP3D1	adaptor related protein complex 3 delta 1 subunit	-1.881	4.227
208711_s_at	CCND1	cyclin D1	2.242	7.525
208712_at	CCND1	cyclin D1	2.575	7.917
208714_at	NDUFV1	NADH:ubiquinone oxidoreductase core subunit V1	-0.612	3.485
208720_s_at	RBM39	RNA binding motif protein 39	0.606	3.12
208729_x_at	HLA-B	major histocompatibility complex, class I, B	1.816	5.333
208736_at	ARPC3	actin related protein 2/3 complex subunit 3	0.7	3.452
208739_x_at	LOC101929087///SUMO2///SUMO3	small ubiquitin-related modifier 2 pseudogene///small ubiquitin-like modifier 2///small ubiquitin-like modifier 3	1.388	5.763
208744_x_at	HSPH1	heat shock protein family H (Hsp110) member 1	-1.024	2.551
208745_at	ATP5L	ATP synthase, H+ transporting, mitochondrial Fo complex subunit G	-1.137	4.934
208746_x_at	ATP5L	ATP synthase, H+ transporting, mitochondrial Fo complex subunit G	-0.736	3.794
208752_x_at	NAP1L1	nucleosome assembly protein 1 like 1	0.897	5.504
208753_s_at	NAP1L1	nucleosome assembly protein 1 like 1	0.938	3.708
208754_s_at	NAP1L1	nucleosome assembly protein 1 like 1	0.995	3.533
208759_at	NCSTN	nicastrin	0.491	2.42
208766_s_at	HNRNPR	heterogeneous nuclear ribonucleoprotein R	0.542	3.342
208771_s_at	LOC101928830///LTA4H	uncharacterized LOC101928830///leukotriene A4 hydrolase	0.587	2.523
208773_s_at	ANKHD1-EIF4EBP3///ANKHD1	ANKHD1-EIF4EBP3 readthrough///ankyrin repeat and KH domain containing 1	0.489	2.119
208774_at	CSNK1D	casein kinase 1 delta	-0.437	2.347
208775_at	XPO1	exportin 1	0.566	3.384
208782_at	FSTL1	follistatin like 1	1.735	4.933
208788_at	ELOVL5	ELOVL fatty acid elongase 5	1.013	2.885
208789_at	PTRF	polymerase I and transcript release factor	1.596	4.983
208790_s_at	PTRF	polymerase I and transcript release factor	1.317	4.017
208791_at	CLU	clusterin	1.544	3.237
208792_s_at	CLU	clusterin	1.291	3.113
208801_at	SRP72	signal recognition particle 72	0.436	2.721
208802_at	SRP72	signal recognition particle 72	0.869	2.04
208804_s_at	SRSF6	serine and arginine rich splicing factor 6	-0.359	2.058
208808_s_at	HMGB2	high mobility group box 2	1.149	4.251
208809_s_at	C6orf62	chromosome 6 open reading frame 62	0.662	3.007
208812_x_at	HLA-C	major histocompatibility complex, class I, C	0.8	4.306
208813_at	GOT1	glutamic-oxaloacetic transaminase 1	-1.047	3.349
208814_at	HSPA4	heat shock protein family A (Hsp70) member 4	-1.141	3.267
208821_at	SNRPB	small nuclear ribonucleoprotein polypeptides B and B1	0.85	5.272
208829_at	TAPBP	TAP binding protein (tapasin)	1.497	5.654
208830_s_at	SUPT6H	SPT6 homolog, histone chaperone	-0.517	2.472
208835_s_at	LUC7L3	LUC7 like 3 pre-mRNA splicing factor	-0.694	2.801
208836_at	ATP1B3	ATPase Na+/K+ transporting subunit beta 3	-0.557	2.517
208838_at	CAND1	cullin associated and neddylation dissociated 1	0.74	3.09
208839_s_at	CAND1	cullin associated and neddylation dissociated 1	1.034	4.399
208845_at	VDAC3	voltage dependent anion channel 3	-0.601	2.834
208847_s_at	ADH5	alcohol dehydrogenase 5 (class III), chi polypeptide	-0.741	2.502
208851_s_at	THY1	Thy-1 cell surface antigen	-0.887	2.038
208852_s_at	CANX	calnexin	1.409	2.944
208865_at	CSNK1A1	casein kinase 1 alpha 1	0.507	2.856
208866_at	CSNK1A1	casein kinase 1 alpha 1	1.373	4.318
208867_s_at	CSNK1A1	casein kinase 1 alpha 1	1.156	2.886
208869_s_at	GABARAPL1	GABA type A receptor associated protein like 1	-1.561	7.157
208870_x_at	ATP5C1	ATP synthase, H+ transporting, mitochondrial F1 complex, gamma polypeptide 1	-0.741	6.1
208873_s_at	REEP5	receptor accessory protein 5	-0.476	2.596
208875_s_at	PAK2	p21 (RAC1) activated kinase 2	0.743	1.997
208876_s_at	PAK2	p21 (RAC1) activated kinase 2	1.4	2.368
208877_at	PAK2	p21 (RAC1) activated kinase 2	0.482	2.313
208878_s_at	PAK2	p21 (RAC1) activated kinase 2	1.201	3.141
208881_x_at	IDI1	isopentenyl-diphosphate delta isomerase 1	-0.777	3.814
208885_at	LCP1	lymphocyte cytosolic protein 1	1.335	2.544
208888_s_at	NCOR2	nuclear receptor corepressor 2	-1.905	2.581
208894_at	HLA-DRA	major histocompatibility complex, class II, DR alpha	2.69	7.6
208896_at	DDX18	DEAD-box helicase 18	1.19	5.196
208897_s_at	DDX18	DEAD-box helicase 18	0.517	2.241
208898_at	ATP6V1D	ATPase H+ transporting V1 subunit D	-0.933	3.365
208900_s_at	TOP1	topoisomerase (DNA) I	-0.909	4.357
208903_at	RPS28	ribosomal protein S28	-0.767	3.833
208905_at	CYCS	cytochrome c, somatic	-0.819	2.985
208907_s_at	MRPS18B	mitochondrial ribosomal protein S18B	-0.545	2.112
208908_s_at	CAST	calpastatin	0.684	2.769
208909_at	UQCRFS1	ubiquinol-cytochrome c reductase, Rieske iron-sulfur polypeptide 1	-1.225	7.373
208911_s_at	PDHB	pyruvate dehydrogenase (lipoamide) beta	-1.104	4.612
208912_s_at	CNP	2',3'-cyclic nucleotide 3' phosphodiesterase	-0.902	5.483
208917_x_at	NADK	NAD kinase	1.727	2.235
208921_s_at	SRI	sorcin	0.481	2.519
208923_at	CYFIP1	cytoplasmic FMR1 interacting protein 1	0.555	3.419
208925_at	CLDND1	claudin domain containing 1	1.436	7.016
208928_at	POR	cytochrome p450 oxidoreductase	-0.947	3.016
208933_s_at	LGALS8	galectin 8	0.926	4.311
208934_s_at	LGALS8	galectin 8	1.179	3.55
208936_x_at	LGALS8	galectin 8	0.656	3.026
208948_s_at	STAU1	staufen double-stranded RNA binding protein 1	-0.857	4.086
208950_s_at	ALDH7A1	aldehyde dehydrogenase 7 family member A1	-0.828	3.027
208951_at	ALDH7A1	aldehyde dehydrogenase 7 family member A1	-1.01	4.311
208953_at	LARP4B	La ribonucleoprotein domain family member 4B	0.851	2.12
208960_s_at	KLF6	Kruppel like factor 6	1.818	2.697
208961_s_at	KLF6	Kruppel like factor 6	1.076	2.31
208965_s_at	IFI16	interferon gamma inducible protein 16	2.287	7.574
208966_x_at	IFI16	interferon gamma inducible protein 16	2.019	9.966
208967_s_at	AK2	adenylate kinase 2	-0.499	2.629
208969_at	NDUFA9	NADH:ubiquinone oxidoreductase subunit A9	-0.525	3.045
208972_s_at	ATP5G1	ATP synthase, H+ transporting, mitochondrial Fo complex subunit C1 (subunit 9)	-0.92	3.588
208978_at	CRIP2	cysteine rich protein 2	1.113	2.273
208980_s_at	UBC	ubiquitin C	1.496	5.849
208981_at	PECAM1	platelet and endothelial cell adhesion molecule 1	1.879	6.075
208982_at	PECAM1	platelet and endothelial cell adhesion molecule 1	2.414	3.829
208983_s_at	PECAM1	platelet and endothelial cell adhesion molecule 1	3.529	4.873
209000_s_at	SEPT8	septin 8	2.643	2.869
209001_s_at	ANAPC13	anaphase promoting complex subunit 13	-0.825	4.524
209011_at	TRIO	trio Rho guanine nucleotide exchange factor	1.139	2.91
209012_at	TRIO	trio Rho guanine nucleotide exchange factor	0.801	2.347
209013_x_at	TRIO	trio Rho guanine nucleotide exchange factor	2.289	4.015
209014_at	MAGED1	MAGE family member D1	-0.654	2.238
209026_x_at	TUBB	tubulin beta class I	1.224	5.352
209027_s_at	ABI1	abl interactor 1	0.758	3.48
209036_s_at	MDH2	malate dehydrogenase 2	-0.762	2.613
209040_s_at	PSMB8	proteasome subunit beta 8	3.981	5.624
209047_at	AQP1	aquaporin 1 (Colton blood group)	-1.005	2.085
209051_s_at	RALGDS	ral guanine nucleotide dissociation stimulator	1.548	2.791
209053_s_at	WHSC1	Wolf-Hirschhorn syndrome candidate 1	1.703	2.311
209055_s_at	CDC5L	cell division cycle 5 like	0.735	1.996
209061_at	NCOA3	nuclear receptor coactivator 3	0.792	2.214
209065_at	UQCRB	ubiquinol-cytochrome c reductase binding protein	-1.172	4.883
209070_s_at	RGS5	regulator of G-protein signaling 5	3.315	4.475
209071_s_at	RGS5	regulator of G-protein signaling 5	2.461	4.094
209073_s_at	LOC101930388///LOC101928143///NUMB	uncharacterized LOC101930388///uncharacterized LOC101928143///NUMB, endocytic adaptor protein	0.639	2.534
209075_s_at	ISCU	iron-sulfur cluster assembly enzyme	-0.896	3.689
209077_at	TXN2	thioredoxin 2	-0.822	3.401
209079_x_at	PCDHGA1///PCDHGA2///PCDHGA3///PCDHGA4///PCDHGA5///PCDHGA6///PCDHGA7///PCDHGA9///PCDHGA10///PCDHGA11///PCDHGB1///PCDHGB2///PCDHGB3///PCDHGB5///PCDHGB6///PCDHGB7///PCDHGC4///PCDHGC5///PCDHGA12///PCDHGA8///PCDHGB4///PCDHGC3	protocadherin gamma subfamily A, 1///protocadherin gamma subfamily A, 2///protocadherin gamma subfamily A, 3///protocadherin gamma subfamily A, 4///protocadherin gamma subfamily A, 5///protocadherin gamma subfamily A, 6///protocadherin gamma subfamily A, 7///protocadherin gamma subfamily A, 9///protocadherin gamma subfamily A, 10///protocadherin gamma subfamily A, 11///protocadherin gamma subfamily B, 1///protocadherin gamma subfamily B, 2///protocadherin gamma subfamily B, 3///protocadherin gamma subfamily B, 5///protocadherin gamma subfamily B, 6///protocadherin gamma subfamily B, 7///protocadherin gamma subfamily C, 4///protocadherin gamma subfamily C, 5///protocadherin gamma subfamily A, 12///protocadherin gamma subfamily A, 8///protocadherin gamma subfamily B, 4///protocadherin gamma subfamily C, 3	1.098	3.762
209083_at	CORO1A	coronin 1A	2.601	3.863
209086_x_at	MIR6756///MCAM	microRNA 6756///melanoma cell adhesion molecule	1.815	3.09
209087_x_at	MCAM	melanoma cell adhesion molecule	1.957	4.804
209088_s_at	UBN1	ubinuclein 1	-0.783	3.937
209090_s_at	SH3GLB1	SH3 domain containing GRB2 like endophilin B1	0.534	2.447
209091_s_at	SH3GLB1	SH3 domain containing GRB2 like endophilin B1	0.973	5.901
209094_at	DDAH1	dimethylarginine dimethylaminohydrolase 1	-0.766	2.761
209098_s_at	JAG1	jagged 1	1.436	2.828
209099_x_at	JAG1	jagged 1	1.384	3.785
209102_s_at	HBP1	HMG-box transcription factor 1	0.711	2.856
209108_at	TSPAN6	tetraspanin 6	-0.967	3.907
209112_at	CDKN1B	cyclin dependent kinase inhibitor 1B	1.083	4.155
209118_s_at	TUBA1A	tubulin alpha 1a	1.905	4.764
209119_x_at	NR2F2	nuclear receptor subfamily 2 group F member 2	-1.348	7.038
209122_at	PLIN2	perilipin 2	1.751	2.444
209123_at	QDPR	quinoid dihydropteridine reductase	-1.992	6.666
209124_at	MYD88	myeloid differentiation primary response 88	0.674	2.924
209132_s_at	COMMD4	COMM domain containing 4	0.602	2.204
209140_x_at	HLA-B	major histocompatibility complex, class I, B	1.156	4.998
209141_at	UBE2G1	ubiquitin conjugating enzyme E2 G1	-0.36	2.055
209146_at	MSMO1	methylsterol monooxygenase 1	-0.656	2.081
209147_s_at	PLPP1	phospholipid phosphatase 1	1.525	3.09
209149_s_at	TM9SF1	transmembrane 9 superfamily member 1	0.599	1.979
209155_s_at	NT5C2	5'-nucleotidase, cytosolic II	-0.725	2.463
209156_s_at	COL6A2	collagen type VI alpha 2 chain	1.437	2.264
209159_s_at	NDRG4	NDRG family member 4	2.039	4.248
209164_s_at	CYB561	cytochrome b561	-0.633	2.053
209166_s_at	MAN2B1	mannosidase alpha class 2B member 1	0.931	2.575
209167_at	GPM6B	glycoprotein M6B	-2.463	2.397
209173_at	AGR2	anterior gradient 2, protein disulphide isomerase family member	-3.113	2.995
209182_s_at	C10orf10	chromosome 10 open reading frame 10	3.269	4.361
209183_s_at	C10orf10	chromosome 10 open reading frame 10	1.53	3.72
209187_at	DR1	down-regulator of transcription 1	0.705	2.589
209191_at	TUBB6	tubulin beta 6 class V	1.092	3.996
209194_at	CETN2	centrin 2	-0.509	2.023
209198_s_at	SYT11	synaptotagmin 11	1.469	2.171
209199_s_at	MEF2C	myocyte enhancer factor 2C	1.655	4.889
209200_at	MEF2C	myocyte enhancer factor 2C	2.237	4.601
209201_x_at	CXCR4	C-X-C motif chemokine receptor 4	3.49	6.169
209203_s_at	BICD2	BICD cargo adaptor 2	0.739	2.558
209213_at	CBR1	carbonyl reductase 1	-1.003	2.406
209215_at	MFSD10	major facilitator superfamily domain containing 10	1.346	4.964
209220_at	GPC3	glypican 3	-2.652	7.307
209222_s_at	OSBPL2	oxysterol binding protein like 2	-0.644	2.897
209236_at	SLC23A2	solute carrier family 23 member 2	1.865	3.335
209239_at	NFKB1	nuclear factor kappa B subunit 1	1.149	5.485
209242_at	PEG3	paternally expressed 3	-1.774	6.847
209243_s_at	PEG3	paternally expressed 3	-1.955	2.834
209248_at	GHITM	growth hormone inducible transmembrane protein	-0.875	2.936
209253_at	SORBS3	sorbin and SH3 domain containing 3	-0.665	2.452
209257_s_at	SMC3	structural maintenance of chromosomes 3	0.801	3.944
209259_s_at	SMC3	structural maintenance of chromosomes 3	0.777	2.026
209262_s_at	NR2F6	nuclear receptor subfamily 2 group F member 6	-0.916	4.052
209263_x_at	TSPAN4	tetraspanin 4	0.58	2.659
209264_s_at	TSPAN4	tetraspanin 4	1.534	4.316
209272_at	NAB1	NGFI-A binding protein 1	1.031	5.427
209282_at	PRKD2	protein kinase D2	0.802	3.612
209283_at	CRYAB	crystallin alpha B	0.596	1.994
209284_s_at	FAM208A	family with sequence similarity 208 member A	-0.681	2.238
209295_at	TNFRSF10B	TNF receptor superfamily member 10b	0.986	2.046
209296_at	PPM1B	protein phosphatase, Mg2+/Mn2+ dependent 1B	-0.5	2.063
209301_at	CA2	carbonic anhydrase 2	-1.116	4.441
209306_s_at	SWAP70	SWAP switching B-cell complex 70kDa subunit	1.322	3.342
209307_at	SWAP70	SWAP switching B-cell complex 70kDa subunit	1.587	4.652
209308_s_at	BNIP2	BCL2 interacting protein 2	1.176	4.048
209309_at	AZGP1	alpha-2-glycoprotein 1, zinc-binding	-4.462	4.807
209311_at	BCL2L2	BCL2 like 2	-0.618	2.186
209312_x_at	LOC101060835///LOC100996809///HLA-DRB5///HLA-DRB4///HLA-DRB1///HLA-DQB1	HLA class II histocompatibility antigen, DQ beta 1 chain-like///HLA class II histocompatibility antigen, DRB1-10 beta chain-like///major histocompatibility complex, class II, DR beta 5///major histocompatibility complex, class II, DR beta 4///major histocompatibility complex, class II, DR beta 1///major histocompatibility complex, class II, DQ beta 1	1.797	4.958
209318_x_at	PLAGL1	PLAG1 like zinc finger 1	1.192	2.216
209321_s_at	ADCY3	adenylate cyclase 3	1.217	3.391
209330_s_at	HNRNPD	heterogeneous nuclear ribonucleoprotein D	0.797	2.357
209335_at	DCN	decorin	-2.479	3.252
209337_at	PSIP1	PC4 and SFRS1 interacting protein 1	0.893	2.41
209339_at	SIAH2	siah E3 ubiquitin protein ligase 2	1.161	4.304
209341_s_at	IKBKB	inhibitor of kappa light polypeptide gene enhancer in B-cells, kinase beta	0.858	2.561
209342_s_at	IKBKB	inhibitor of kappa light polypeptide gene enhancer in B-cells, kinase beta	1.385	2.449
209343_at	EFHD1	EF-hand domain family member D1	-2.552	7.029
209350_s_at	GPS2	G protein pathway suppressor 2	-0.427	2.019
209354_at	TNFRSF14	TNF receptor superfamily member 14	0.808	2.102
209355_s_at	PLPP3	phospholipid phosphatase 3	1.33	3.028
209356_x_at	EFEMP2	EGF containing fibulin like extracellular matrix protein 2	1.061	2.776
209360_s_at	LOC101928269///LOC100506403///RUNX1	uncharacterized LOC101928269///uncharacterized LOC100506403///runt related transcription factor 1	2.361	2.075
209368_at	EPHX2	epoxide hydrolase 2	-1.898	4.307
209370_s_at	SH3BP2	SH3 domain binding protein 2	1.466	3.418
209373_at	MALL	mal, T-cell differentiation protein like	1.893	2.881
209375_at	XPC	XPC complex subunit, DNA damage recognition and repair factor	-0.606	3.49
209380_s_at	ABCC5	ATP binding cassette subfamily C member 5	-0.617	3.585
209382_at	POLR3C	RNA polymerase III subunit C	0.96	3.038
209383_at	DDIT3	DNA damage inducible transcript 3	-0.63	2.015
209384_at	PROSC	proline synthetase cotranscribed homolog (bacterial)	-0.716	2.076
209385_s_at	PROSC	proline synthetase cotranscribed homolog (bacterial)	-1.04	3.145
209387_s_at	TM4SF1	transmembrane 4 L six family member 1	1.354	3.248
209389_x_at	DBI	diazepam binding inhibitor, acyl-CoA binding protein	-0.72	3.945
209397_at	ME2	malic enzyme 2	0.61	3.111
209402_s_at	SLC12A4	solute carrier family 12 member 4	2.134	2.963
209405_s_at	FAM3A	family with sequence similarity 3 member A	-0.469	2.083
209420_s_at	SMPD1	sphingomyelin phosphodiesterase 1	-1.129	5.427
209421_at	MSH2	mutS homolog 2	0.882	3.695
209429_x_at	EIF2B4	eukaryotic translation initiation factor 2B subunit delta	-0.472	2.447
209439_s_at	PHKA2	phosphorylase kinase regulatory subunit alpha 2	1.931	6.264
209442_x_at	ANK3	ankyrin 3, node of Ranvier (ankyrin G)	-1.067	3.591
209443_at	SERPINA5	serpin family A member 5	-5.798	11.229
209451_at	TANK	TRAF family member associated NFKB activator	0.966	2.792
209459_s_at	ABAT	4-aminobutyrate aminotransferase	-3.773	7.068
209460_at	ABAT	4-aminobutyrate aminotransferase	-3.548	7.387
209471_s_at	FNTA	farnesyltransferase, CAAX box, alpha	0.553	2.042
209473_at	ENTPD1	ectonucleoside triphosphate diphosphohydrolase 1	1.835	5.532
209474_s_at	ENTPD1	ectonucleoside triphosphate diphosphohydrolase 1	2.885	5.275
209476_at	TMX1	thioredoxin related transmembrane protein 1	1.106	4.218
209477_at	EMD	emerin	-0.615	2.497
209481_at	SNRK	SNF related kinase	0.84	2.268
209489_at	CELF1	CUGBP, Elav-like family member 1	-0.627	2.767
209492_x_at	ATP5I	ATP synthase, H+ transporting, mitochondrial Fo complex subunit E	-0.953	3.556
209494_s_at	PATZ1	POZ/BTB and AT hook containing zinc finger 1	-0.947	4.907
209502_s_at	BAIAP2	BAI1 associated protein 2	-1.2	2.419
209503_s_at	PSMC5	proteasome 26S subunit, ATPase 5	-0.515	3.393
209513_s_at	HSDL2	hydroxysteroid dehydrogenase like 2	-1.01	3.024
209515_s_at	RAB27A	RAB27A, member RAS oncogene family	0.725	2.243
209522_s_at	CRAT	carnitine O-acetyltransferase	-0.708	2.091
209535_s_at			1.026	2.558
209543_s_at	CD34	CD34 molecule	1.13	2.699
209549_s_at	DGUOK	deoxyguanosine kinase	0.489	2.542
209552_at	PAX8	paired box 8	-1.39	4.125
209555_s_at	CD36	CD36 molecule	2.827	3.337
209558_s_at	HIP1R	huntingtin interacting protein 1 related	-0.932	2.843
209559_at	HIP1R	huntingtin interacting protein 1 related	-0.972	2.472
209566_at	INSIG2	insulin induced gene 2	1.723	5.921
209572_s_at	EED	embryonic ectoderm development	0.683	1.993
209573_s_at	LDLRAD4	low density lipoprotein receptor class A domain containing 4	1.866	3.804
209575_at	IL10RB	interleukin 10 receptor subunit beta	0.933	3.625
209577_at	PCYT2	phosphate cytidylyltransferase 2, ethanolamine	-1.384	4.786
209582_s_at	CD200	CD200 molecule	1.481	7.762
209583_s_at	CD200	CD200 molecule	1.943	7.968
209584_x_at	APOBEC3C	apolipoprotein B mRNA editing enzyme catalytic subunit 3C	1.568	2.998
209590_at	BMP7	bone morphogenetic protein 7	-2.987	5.94
209591_s_at	BMP7	bone morphogenetic protein 7	-1.968	4.167
209596_at	MXRA5	matrix remodeling associated 5	-0.982	2.529
209598_at	PNMA2	paraneoplastic Ma antigen 2	1.943	2.847
209600_s_at	ACOX1	acyl-CoA oxidase 1	-1.592	6.611
209602_s_at	GATA3	GATA binding protein 3	-3.622	6.503
209603_at	GATA3	GATA binding protein 3	-3.395	5.788
209604_s_at	GATA3	GATA binding protein 3	-3.448	9.593
209605_at	TST	thiosulfate sulfurtransferase	-2.56	6.284
209606_at	CYTIP	cytohesin 1 interacting protein	0.893	2.827
209608_s_at	ACAT2	acetyl-CoA acetyltransferase 2	-0.592	2.042
209610_s_at	SLC1A4	solute carrier family 1 member 4	2.407	4.241
209612_s_at	ADH1B	alcohol dehydrogenase 1B (class I), beta polypeptide	-2.428	2.128
209613_s_at	ADH1B	alcohol dehydrogenase 1B (class I), beta polypeptide	-2.459	1.999
209619_at	CD74	CD74 molecule	1.466	4.398
209623_at	MCCC2	methylcrotonoyl-CoA carboxylase 2	-0.592	1.99
209639_s_at	RGS12	regulator of G-protein signaling 12	1.516	2.415
209641_s_at	ABCC3	ATP binding cassette subfamily C member 3	3.263	3.838
209645_s_at	ALDH1B1	aldehyde dehydrogenase 1 family member B1	-1.522	4.08
209652_s_at	PGF	placental growth factor	3.897	2.399
209656_s_at	TMEM47	transmembrane protein 47	0.925	2
209661_at	KIFC3	kinesin family member C3	-0.717	2.473
209662_at	CETN3	centrin 3	0.892	3.171
209664_x_at	NFATC1	nuclear factor of activated T-cells 1	-0.979	2.075
209667_at	CES2	carboxylesterase 2	-1.049	2.416
209671_x_at	TRAC	T-cell receptor alpha constant	1.576	2.107
209681_at	SLC19A2	solute carrier family 19 member 2	-1.356	5.78
209682_at	CBLB	Cbl proto-oncogene B	0.858	3.134
209683_at	FAM49A	family with sequence similarity 49 member A	3.586	6.451
209692_at	EYA2	EYA transcriptional coactivator and phosphatase 2	-2.95	4.621
209696_at	FBP1	fructose-bisphosphatase 1	-3.15	11.276
209704_at	MTF2	metal response element binding transcription factor 2	1.167	2.133
209710_at	GATA2	GATA binding protein 2	-1.172	3.548
209721_s_at	IFFO1	intermediate filament family orphan 1	0.627	2.746
209723_at	SERPINB9	serpin family B member 9	1.14	3.989
209726_at	CA11	carbonic anhydrase 11	-0.933	3.357
209732_at	CLEC2B	C-type lectin domain family 2 member B	1.996	6.484
209737_at	MAGI2	membrane associated guanylate kinase, WW and PDZ domain containing 2	-1.035	4.548
209740_s_at	PNPLA4	patatin like phospholipase domain containing 4	-1.036	3.834
209751_s_at	TRAPPC2B///TRAPPC2	trafficking protein particle complex 2B///trafficking protein particle complex 2	0.658	2.028
209757_s_at	MYCN	v-myc avian myelocytomatosis viral oncogene neuroblastoma derived homolog	-3.399	5.477
209760_at	KIAA0922	KIAA0922	1.029	3.709
209761_s_at	SP110	SP110 nuclear body protein	0.737	2.875
209763_at	CHRDL1	chordin like 1	-2.762	2.114
209770_at	BTN3A1	butyrophilin subfamily 3 member A1	0.852	2.115
209772_s_at	CD24	CD24 molecule	1.742	2.395
209786_at	HMGN4	high mobility group nucleosomal binding domain 4	0.778	3.435
209789_at	CORO2B	coronin 2B	-1.561	2.731
209795_at	CD69	CD69 molecule	1.131	2.103
209814_at	ZNF330	zinc finger protein 330	0.816	3.021
209819_at	HABP4	hyaluronan binding protein 4	-1.761	3.183
209821_at	IL33	interleukin 33	1.541	2.135
209823_x_at	LOC101060835///HLA-DQB1	HLA class II histocompatibility antigen, DQ beta 1 chain-like///major histocompatibility complex, class II, DQ beta 1	3.391	2.875
209828_s_at	IL16	interleukin 16	1.409	1.984
209829_at	FAM65B	family with sequence similarity 65 member B	1.289	2.719
209834_at	CHST3	carbohydrate sulfotransferase 3	-1.069	2.226
209837_at	AP4M1	adaptor related protein complex 4 mu 1 subunit	1.317	1.986
209846_s_at	BTN3A2	butyrophilin subfamily 3 member A2	2.286	3.794
209848_s_at	PMEL	premelanosome protein	-0.9	3.445
209851_at	ZC3H13	zinc finger CCCH-type containing 13	-1.082	2.246
209857_s_at	SPHK2	sphingosine kinase 2	-2.031	3.662
209876_at	GIT2	GIT ArfGAP 2	1.398	3.332
209879_at	SELPLG	selectin P ligand	1.86	3.858
209882_at	RIT1	Ras like without CAAX 1	1.096	5.086
209884_s_at	SLC4A7	solute carrier family 4 member 7	1.155	2.192
209887_at	SMAD6	SMAD family member 6	2.126	2.868
209896_s_at	PTPN11	protein tyrosine phosphatase, non-receptor type 11	1.183	2.497
209897_s_at	SLIT2	slit guidance ligand 2	-2.435	6.701
209904_at	TNNC1	troponin C1, slow skeletal and cardiac type	-3.272	4.316
209906_at	C3AR1	complement component 3a receptor 1	1.809	4.116
209908_s_at	TGFB2	transforming growth factor beta 2	-1.464	4.044
209915_s_at	NRXN1	neurexin 1	-1.784	2.551
209916_at	DHTKD1	dehydrogenase E1 and transketolase domain containing 1	-1.784	4.227
209933_s_at	CD300A	CD300a molecule	1.7	4.599
209939_x_at	CFLAR	CASP8 and FADD like apoptosis regulator	0.651	2.188
209945_s_at	GSK3B	glycogen synthase kinase 3 beta	-0.749	3.81
209949_at	NCF2	neutrophil cytosolic factor 2	1.427	4.924
209955_s_at	FAP	fibroblast activation protein alpha	2.399	3.982
209956_s_at	CAMK2B	calcium/calmodulin dependent protein kinase II beta	-1.246	2.407
209957_s_at	NPPA	natriuretic peptide A	-1.12	4.8
209964_s_at	ATXN7	ataxin 7	-0.675	2.77
209966_x_at	ESRRG	estrogen related receptor gamma	-2.377	8.022
209970_x_at	CASP1	caspase 1	1.889	7.105
209971_x_at	AIMP2	aminoacyl tRNA synthetase complex interacting multifunctional protein 2	-0.719	3.677
209972_s_at	AIMP2	aminoacyl tRNA synthetase complex interacting multifunctional protein 2	-0.609	2.285
209974_s_at	BUB3	BUB3, mitotic checkpoint protein	0.596	2.074
209975_at	CYP2E1	cytochrome P450 family 2 subfamily E member 1	-1.521	2.207
209977_at	PLG	plasminogen	-7.015	8.561
209978_s_at	PLG///LPA	plasminogen///lipoprotein(a)	-6.565	7.78
209980_s_at	MIR6778///SHMT1	microRNA 6778///serine hydroxymethyltransferase 1	-1.367	4.119
209981_at	CSDC2	cold shock domain containing C2	-2.211	2.812
209993_at	ABCB1	ATP binding cassette subfamily B member 1	-1.336	3.4
209994_s_at	ABCB4///ABCB1	ATP binding cassette subfamily B member 4///ATP binding cassette subfamily B member 1	-1.081	2.136
210004_at	OLR1	oxidized low density lipoprotein receptor 1	1.079	2.139
210006_at	ABHD14A///ACY1	abhydrolase domain containing 14A///aminoacylase 1	-1.401	6.119
210020_x_at	CALML3	calmodulin like 3	-1.58	3.195
210022_at	PCGF1	polycomb group ring finger 1	1.877	2.254
210029_at	IDO1	indoleamine 2,3-dioxygenase 1	2.004	3.592
210031_at	CD247	CD247 molecule	1.756	3.343
210038_at	PRKCQ	protein kinase C theta	-1.052	2.608
210041_s_at	PGM3	phosphoglucomutase 3	1.839	3.361
210042_s_at	CTSZ	cathepsin Z	1.17	2.312
210045_at	IDH2	isocitrate dehydrogenase (NADP(+)) 2, mitochondrial	-1.313	5.143
210046_s_at	IDH2	isocitrate dehydrogenase (NADP(+)) 2, mitochondrial	-0.825	2.2
210051_at	RAPGEF3	Rap guanine nucleotide exchange factor 3	-2.587	2.18
210052_s_at	TPX2	TPX2, microtubule nucleation factor	2.324	4.247
210063_at	SARDH	sarcosine dehydrogenase	-3.01	6.719
210064_s_at	UPK1B	uroplakin 1B	-1.091	2.434
210074_at	CTSV	cathepsin V	-2.05	6.397
210076_x_at	SERBP1	SERPINE1 mRNA binding protein 1	0.939	3.804
210078_s_at	KCNAB1	potassium voltage-gated channel subfamily A member regulatory beta subunit 1	2.288	2.711
210079_x_at	KCNAB1	potassium voltage-gated channel subfamily A member regulatory beta subunit 1	2.235	4.319
210095_s_at	IGFBP3	insulin like growth factor binding protein 3	3.382	10.395
210101_x_at	SH3GLB1	SH3 domain containing GRB2 like endophilin B1	0.722	4.295
210107_at	CLCA1	chloride channel accessory 1	-1.097	2.195
210110_x_at	HNRNPH3	heterogeneous nuclear ribonucleoprotein H3	0.619	2.33
210113_s_at	NLRP1	NLR family pyrin domain containing 1	1.727	2.078
210116_at	SH2D1A	SH2 domain containing 1A	2.25	2.688
210119_at	KCNJ15	potassium voltage-gated channel subfamily J member 15	-1.307	2.333
210130_s_at	TM7SF2	transmembrane 7 superfamily member 2	-1.175	2.011
210131_x_at	SDHC	succinate dehydrogenase complex subunit C	-0.93	5.042
210139_s_at	PMP22	peripheral myelin protein 22	1.811	4.362
210149_s_at	ATP5H	ATP synthase, H+ transporting, mitochondrial Fo complex subunit D	-0.611	3.533
210150_s_at	LAMA5	laminin subunit alpha 5	0.92	2.661
210151_s_at	DYRK3	dual specificity tyrosine phosphorylation regulated kinase 3	1.412	2.955
210154_at	ME2	malic enzyme 2	1.592	3.206
210158_at	ERCC4	ERCC excision repair 4, endonuclease catalytic subunit	-1.305	2.381
210163_at	CXCL11	C-X-C motif chemokine ligand 11	3.504	4.361
210164_at	GZMB	granzyme B	1.754	2.905
210165_at	DNASE1	deoxyribonuclease 1	-4.388	5.599
210166_at	TLR5	toll like receptor 5	-0.601	2.404
210172_at	SF1	splicing factor 1	-0.871	2.468
210176_at	TLR1	toll like receptor 1	1.373	2.981
210182_at	CORT	cortistatin	-0.891	2.193
210184_at	ITGAX	integrin subunit alpha X	1.751	2.824
210186_s_at	LOC101929368///FKBP1A	uncharacterized LOC101929368///FK506 binding protein 1A	1.748	3.918
210199_at	CRYAA	crystallin alpha A	-3.355	3.736
210201_x_at	BIN1	bridging integrator 1	-0.773	2.836
210206_s_at	DDX11	DEAD/H-box helicase 11	2.05	2.518
210211_s_at	HSP90AA1	heat shock protein 90 alpha family class A member 1	-0.568	3.348
210221_at	CHRNA3	cholinergic receptor nicotinic alpha 3 subunit	-1.567	3.396
210222_s_at	RTN1	reticulon 1	1.364	2.129
210225_x_at	LILRB3	leukocyte immunoglobulin like receptor B3	1.748	2.265
210226_at	NR4A1	nuclear receptor subfamily 4 group A member 1	-1.672	3.28
210227_at	DLGAP2	DLG associated protein 2	-2.108	3.55
210232_at	CDC42	cell division cycle 42	1.273	2.386
210258_at	RGS13	regulator of G-protein signaling 13	3.007	2.472
210260_s_at	TNFAIP8	TNF alpha induced protein 8	2.193	5.066
210262_at	CRISP2	cysteine rich secretory protein 2	-2.4	2.902
210269_s_at	AKAP17A	A-kinase anchoring protein 17A	0.727	1.984
210273_at	PCDH7	protocadherin 7	-0.651	2.22
210276_s_at	NOL12///TRIOBP	nucleolar protein 12///TRIO and F-actin binding protein	1.589	5.969
210279_at	GPR18	G protein-coupled receptor 18	2.084	1.98
210285_x_at	WTAP	Wilms tumor 1 associated protein	0.915	2.227
210287_s_at	FLT1	fms related tyrosine kinase 1	3.867	4.508
210289_at	NAT8B///NAT8	N-acetyltransferase 8B (putative, gene/pseudogene)///N-acetyltransferase 8 (putative)	-1.233	2.414
210298_x_at	FHL1	four and a half LIM domains 1	3.814	2.164
210299_s_at	FHL1	four and a half LIM domains 1	2.573	3.44
210321_at	GZMH	granzyme H	2.307	2.541
210326_at	AGXT	alanine-glyoxylate aminotransferase	-2.12	2.321
210327_s_at	AGXT	alanine-glyoxylate aminotransferase	-4.757	6.236
210330_at	SGCD	sarcoglycan delta	-2.206	2.698
210337_s_at	ACLY	ATP citrate lyase	2.32	3.753
210340_s_at	CSF2RA	colony stimulating factor 2 receptor alpha subunit	1.428	2.075
210343_s_at	SLC22A6	solute carrier family 22 member 6	-4.654	6.383
210346_s_at	CLK4	CDC like kinase 4	0.693	2.338
210358_x_at	GATA2	GATA binding protein 2	-1.489	5.291
210362_x_at	PML	promyelocytic leukemia	2.584	2.516
210367_s_at	PTGES	prostaglandin E synthase	-0.712	2.283
210371_s_at	RBBP4	RB binding protein 4, chromatin remodeling factor	0.904	3.166
210372_s_at	TPD52L1	tumor protein D52-like 1	-1.763	3.324
210374_x_at	PTGER3	prostaglandin E receptor 3	-2.546	3.317
210375_at	PTGER3	prostaglandin E receptor 3	-2.515	4.352
210377_at	ACSM3	acyl-CoA synthetase medium-chain family member 3	-1.453	2.788
210397_at	DEFB1	defensin beta 1	-3.543	9.06
210399_x_at	FUT6	fucosyltransferase 6	-1.337	5.561
210402_at	KCNJ1	potassium voltage-gated channel subfamily J member 1	-6.594	9.368
210403_s_at	KCNJ1	potassium voltage-gated channel subfamily J member 1	-4.534	6.381
210406_s_at	WTH3DI///RAB6C///RAB6A	RAB6C-like///RAB6C, member RAS oncogene family///RAB6A, member RAS oncogene family	0.744	4.57
210408_s_at	CPNE6	copine 6	-3.387	4.722
210409_at	AFDN-AS1	AFDN antisense RNA 1 (head to head)	-1.917	2.294
210414_at	FLRT1	fibronectin leucine rich transmembrane protein 1	-1.704	4.99
210419_at	BARX2	BARX homeobox 2	2.019	3.457
210426_x_at	RORA	RAR related orphan receptor A	-0.737	2.695
210427_x_at	ANXA2	annexin A2	0.888	3.584
210432_s_at	SCN3A	sodium voltage-gated channel alpha subunit 3	-4.069	7.493
210437_at	MAGEA9B///MAGEA9	MAGE family member A9B///MAGE family member A9	1.458	2.853
210451_at	PKLR	pyruvate kinase, liver and RBC	-2.362	3.613
210452_x_at	CYP4F2	cytochrome P450 family 4 subfamily F member 2	-5.503	5.384
210453_x_at	ATP5L	ATP synthase, H+ transporting, mitochondrial Fo complex subunit G	-0.7	4.014
210461_s_at	ABLIM1	actin binding LIM protein 1	-0.866	3.307
210466_s_at	SERBP1	SERPINE1 mRNA binding protein 1	0.849	2.296
210476_s_at	PRLR	prolactin receptor	-1.884	2.136
210479_s_at	RORA	RAR related orphan receptor A	-0.784	3.108
210482_x_at	MAP2K5	mitogen-activated protein kinase kinase 5	1.617	2.203
210495_x_at	FN1	fibronectin 1	2.409	6.717
210499_s_at	PQBP1	polyglutamine binding protein 1	-0.834	2.197
210501_x_at	EIF3K	eukaryotic translation initiation factor 3 subunit K	-0.445	2.608
210502_s_at	PPIE	peptidylprolyl isomerase E	0.521	2.183
210510_s_at	NRP1	neuropilin 1	3.421	7.365
210512_s_at	VEGFA	vascular endothelial growth factor A	1.918	9.464
210513_s_at	VEGFA	vascular endothelial growth factor A	2.524	7.027
210514_x_at	HLA-G	major histocompatibility complex, class I, G	1.879	4.618
210515_at	HNF1A	HNF1 homeobox A	-0.989	4.112
210524_x_at			-3.534	6.978
210538_s_at	BIRC3	baculoviral IAP repeat containing 3	2.404	2.392
210544_s_at	ALDH3A2	aldehyde dehydrogenase 3 family member A2	-1.259	4.292
210554_s_at	CTBP2	C-terminal binding protein 2	0.641	2.772
210565_at	GCGR	glucagon receptor	-3.857	6.291
210568_s_at	RECQL	RecQ like helicase	1.256	4.227
210571_s_at	CMAHP	cytidine monophospho-N-acetylneuraminic acid hydroxylase, pseudogene	1.442	2.059
210577_at	CASR	calcium sensing receptor	-2.435	5.131
210581_x_at	PATZ1	POZ/BTB and AT hook containing zinc finger 1	1.3	2.055
210588_x_at	HNRNPH3	heterogeneous nuclear ribonucleoprotein H3	1.272	4.323
210592_s_at	SAT1	spermidine/spermine N1-acetyltransferase 1	-0.753	3.954
210597_x_at	PRB1	proline rich protein BstNI subfamily 1	-1.669	2.663
210601_at	CDH6	cadherin 6	1.45	4.132
210602_s_at	CDH6	cadherin 6	3.58	3.12
210606_x_at	KLRD1	killer cell lectin like receptor D1	2.813	4.905
210619_s_at	HYAL1	hyaluronoglucosaminidase 1	-1.823	5.996
210621_s_at	RASA1	RAS p21 protein activator 1	0.811	3.377
210624_s_at	ILVBL	ilvB acetolactate synthase like	-1.064	5.474
210629_x_at	LST1	leukocyte specific transcript 1	1.225	3.926
210633_x_at	KRT10	keratin 10	-0.557	2.175
210638_s_at	FBXO9	F-box protein 9	-0.66	2.524
210643_at	TNFSF11	tumor necrosis factor superfamily member 11	2.497	3.152
210644_s_at	LAIR1	leukocyte associated immunoglobulin like receptor 1	1.2	4.368
210650_s_at	PCLO	piccolo presynaptic cytomatrix protein	-1.277	3.671
210651_s_at	EPHB2	EPH receptor B2	-0.759	2.327
210653_s_at	BCKDHB	branched chain keto acid dehydrogenase E1 subunit beta	-1.586	7.218
210671_x_at	MAPK8	mitogen-activated protein kinase 8	-1.24	2.791
210689_at	CLDN14	claudin 14	-1.769	3.424
210694_s_at	MID1	midline 1	0.614	2.321
210717_at			1.749	2.233
210720_s_at	NECAB3	N-terminal EF-hand calcium binding protein 3	-0.764	2.677
210727_at	CALCA	calcitonin related polypeptide alpha	-2.031	2.399
210731_s_at	LGALS8	galectin 8	-0.768	2.728
210739_x_at	SLC4A4	solute carrier family 4 member 4	-2.191	6.544
210740_s_at	ITPK1	inositol-tetrakisphosphate 1-kinase	-0.631	3.514
210751_s_at	RGN	regucalcin	-1.402	4.715
210754_s_at	LYN	LYN proto-oncogene, Src family tyrosine kinase	1.729	3.998
210756_s_at	NOTCH2	notch 2	2.388	2.922
210759_s_at	PSMA1	proteasome subunit alpha 1	0.545	2.79
210769_at	CNGB1	cyclic nucleotide gated channel beta 1	-1.52	1.983
210778_s_at	MIR4800///MXD4	microRNA 4800///MAX dimerization protein 4	-0.966	3.608
210784_x_at	LILRB3	leukocyte immunoglobulin like receptor B3	1.486	3.151
210785_s_at	THEMIS2	thymocyte selection associated family member 2	1.184	5.113
210786_s_at	FLI1	Fli-1 proto-oncogene, ETS transcription factor	1.889	2.918
210790_s_at	SAR1A	secretion associated Ras related GTPase 1A	1.717	2.27
210802_s_at	DIMT1	DIM1 dimethyladenosine transferase 1 homolog	3.224	6.034
210807_s_at	SLC16A7	solute carrier family 16 member 7	-1.594	5.231
210809_s_at	POSTN	periostin	1.863	2.3
210815_s_at	CALCRL	calcitonin receptor like receptor	2.823	3.046
210825_s_at	PEBP1	phosphatidylethanolamine binding protein 1	-1.299	6.738
210829_s_at	SSBP2	single stranded DNA binding protein 2	1.121	2.312
210831_s_at	PTGER3	prostaglandin E receptor 3	-2.523	3.004
210832_x_at	PTGER3	prostaglandin E receptor 3	-2.299	3.109
210834_s_at	PTGER3	prostaglandin E receptor 3	-1.749	2.79
210840_s_at	IQGAP1	IQ motif containing GTPase activating protein 1	0.963	4.477
210841_s_at	NRP2	neuropilin 2	1.047	2.197
210847_x_at	TNFRSF25	TNF receptor superfamily member 25	1.315	2.041
210854_x_at	SLC6A8	solute carrier family 6 member 8	1.443	3.407
210858_x_at	ATM	ATM serine/threonine kinase	0.745	2.951
210861_s_at	WISP3	WNT1 inducible signaling pathway protein 3	-1.912	2.221
210869_s_at	MIR6756///MCAM	microRNA 6756///melanoma cell adhesion molecule	2.236	4.494
210875_s_at	ZEB1	zinc finger E-box binding homeobox 1	2.112	2.568
210886_x_at	TP53TG1	TP53 target 1 (non-protein coding)	-0.633	2.304
210892_s_at	GTF2I	general transcription factor IIi	1.687	2.154
210895_s_at	CD86	CD86 molecule	2.181	4.247
210905_x_at	POU5F1P4	POU class 5 homeobox 1 pseudogene 4	2.401	3.339
210909_x_at	LPAL2	lipoprotein(a) like 2, pseudogene	-2.225	4.34
210915_x_at	TRBC1	T cell receptor beta constant 1	1.747	2.26
210925_at	CIITA	class II major histocompatibility complex transactivator	1.303	2.052
210944_s_at	CAPN3	calpain 3	-1.971	4.716
210946_at	PLPP1	phospholipid phosphatase 1	1.26	2.738
210950_s_at	FDFT1	farnesyl-diphosphate farnesyltransferase 1	-0.71	2.499
210951_x_at	RAB27A	RAB27A, member RAS oncogene family	1.026	2.336
210953_at	TSC22D2	TSC22 domain family member 2	-1.792	2.295
210971_s_at	ARNTL	aryl hydrocarbon receptor nuclear translocator like	2.94	3.215
210972_x_at	TRAC///TRAJ17///TRAV20///TRDV2	T-cell receptor alpha constant///T cell receptor alpha joining 17///T cell receptor alpha variable 20///T cell receptor delta variable 2	1.875	2.746
210973_s_at	FGFR1	fibroblast growth factor receptor 1	2.364	3.798
210976_s_at	PFKM	phosphofructokinase, muscle	-0.677	2.683
210977_s_at	HSF4	heat shock transcription factor 4	2.567	2.118
210978_s_at	TAGLN2	transgelin 2	1.862	3.091
210979_at	ASAH1	N-acylsphingosine amidohydrolase 1	-2.115	2.293
210982_s_at	HLA-DRA	major histocompatibility complex, class II, DR alpha	2.829	7.634
210983_s_at	MCM7	minichromosome maintenance complex component 7	2.165	5.026
210986_s_at	TPM1	tropomyosin 1 (alpha)	1.419	6.589
210987_x_at	TPM1	tropomyosin 1 (alpha)	1.684	7.659
210992_x_at	FCGR2C	Fc fragment of IgG receptor IIc (gene/pseudogene)	3.251	3.637
210994_x_at	TRIM23	tripartite motif containing 23	3.453	5.177
210995_s_at	TRIM23	tripartite motif containing 23	1.436	2.511
211001_at	TRIM29	tripartite motif containing 29	-0.833	2.702
211004_s_at	ALDH3B1	aldehyde dehydrogenase 3 family member B1	-0.662	2.211
211012_s_at	PML	promyelocytic leukemia	1.898	3.519
211023_at	PDHB	pyruvate dehydrogenase (lipoamide) beta	-1.323	5.743
211025_x_at	COX5B	cytochrome c oxidase subunit 5B	-0.765	3.925
211028_s_at	KHK	ketohexokinase	-1.504	4.951
211031_s_at	CLIP2	CAP-Gly domain containing linker protein 2	0.966	2.71
211032_at	COBLL1	cordon-bleu WH2 repeat protein like 1	-1.967	2.634
211033_s_at	PEX7	peroxisomal biogenesis factor 7	-0.968	3.338
211042_x_at	MIR6756///MCAM	microRNA 6756///melanoma cell adhesion molecule	0.694	2.643
211053_at	KCNG1	potassium voltage-gated channel modifier subfamily G member 1	-0.99	2.364
211058_x_at	TUBA1B	tubulin alpha 1b	0.847	4.044
211060_x_at	GPAA1	glycosylphosphatidylinositol anchor attachment 1	-0.782	2.208
211063_s_at	NCK1	NCK adaptor protein 1	0.958	4.336
211066_x_at	PCDHGA1///PCDHGA2///PCDHGA3///PCDHGA4///PCDHGA5///PCDHGA6///PCDHGA7///PCDHGA9///PCDHGA10///PCDHGA11///PCDHGB1///PCDHGB2///PCDHGB3///PCDHGB5///PCDHGB6///PCDHGB7///PCDHGC4///PCDHGC5///PCDHGA12///PCDHGA8///PCDHGB4///PCDHGC3	protocadherin gamma subfamily A, 1///protocadherin gamma subfamily A, 2///protocadherin gamma subfamily A, 3///protocadherin gamma subfamily A, 4///protocadherin gamma subfamily A, 5///protocadherin gamma subfamily A, 6///protocadherin gamma subfamily A, 7///protocadherin gamma subfamily A, 9///protocadherin gamma subfamily A, 10///protocadherin gamma subfamily A, 11///protocadherin gamma subfamily B, 1///protocadherin gamma subfamily B, 2///protocadherin gamma subfamily B, 3///protocadherin gamma subfamily B, 5///protocadherin gamma subfamily B, 6///protocadherin gamma subfamily B, 7///protocadherin gamma subfamily C, 4///protocadherin gamma subfamily C, 5///protocadherin gamma subfamily A, 12///protocadherin gamma subfamily A, 8///protocadherin gamma subfamily B, 4///protocadherin gamma subfamily C, 3	0.928	3.267
211069_s_at	SUMO1	small ubiquitin-like modifier 1	-0.463	2.125
211070_x_at	DBI	diazepam binding inhibitor, acyl-CoA binding protein	-0.805	2.945
211072_x_at	TUBA1B	tubulin alpha 1b	0.915	4.189
211075_s_at	CD47	CD47 molecule	0.633	2.419
211090_s_at	PRPF4B	pre-mRNA processing factor 4B	1.477	2.512
211094_s_at	NF1P9///NF1	neurofibromin 1 pseudogene 9///neurofibromin 1	2.946	3.161
211100_x_at	LILRA2	leukocyte immunoglobulin like receptor A2	2.252	3.656
211101_x_at	LILRA2	leukocyte immunoglobulin like receptor A2	2.482	3.347
211113_s_at	ABCG1	ATP binding cassette subfamily G member 1	1.207	4.29
211115_x_at	GEMIN2	gem nuclear organelle associated protein 2	0.681	2.71
211116_at	SLC9A2	solute carrier family 9 member A2	-2.464	3.617
211121_s_at	DOK1	docking protein 1	2.068	3.909
211122_s_at	CXCL11	C-X-C motif chemokine ligand 11	2.455	3.938
211123_at	SLC5A5	solute carrier family 5 member 5	-1.202	2.753
211143_x_at	NR4A1	nuclear receptor subfamily 4 group A member 1	-2.011	2.802
211148_s_at	ANGPT2	angiopoietin 2	4.806	3.984
211160_x_at	ACTN1	actinin alpha 1	1.577	2.53
211161_s_at	COL3A1	collagen type III alpha 1 chain	1.753	2.668
211174_s_at	CCKAR	cholecystokinin A receptor	-1.973	2.721
211177_s_at	TXNRD2	thioredoxin reductase 2	-1.222	5.678
211185_s_at	SF3B1	splicing factor 3b subunit 1	0.421	2.153
211190_x_at	CD84	CD84 molecule	0.782	2.587
211192_s_at	CD84	CD84 molecule	1.701	2.343
211210_x_at	SH2D1A	SH2 domain containing 1A	1.423	2.747
211211_x_at	SH2D1A	SH2 domain containing 1A	1.918	2.407
211231_x_at	CYP4A11	cytochrome P450 family 4 subfamily A member 11	-1.828	4.089
211266_s_at	GPR4	G protein-coupled receptor 4	1.56	2.04
211270_x_at	PTBP1	polypyrimidine tract binding protein 1	0.395	2.103
211276_at	TCEAL2	transcription elongation factor A like 2	-2.938	6.388
211282_x_at	TNFRSF25	TNF receptor superfamily member 25	2.81	4.307
211298_s_at	ALB	albumin	-5.831	6.846
211302_s_at	PDE4B	phosphodiesterase 4B	1.102	3.799
211312_s_at	WISP1	WNT1 inducible signaling pathway protein 1	-1.336	2.713
211328_x_at	HFE	hemochromatosis	0.596	2.355
211339_s_at	ITK	IL2 inducible T-cell kinase	1.608	2.853
211340_s_at	MIR6756///MCAM	microRNA 6756///melanoma cell adhesion molecule	1.267	2.464
211348_s_at	CDC14B	cell division cycle 14B	-2.228	3.49
211352_s_at	NCOA3	nuclear receptor coactivator 3	1.153	3.407
211357_s_at	ALDOB	aldolase, fructose-bisphosphate B	-4.343	6.887
211358_s_at	CIZ1	CDKN1A interacting zinc finger protein 1	0.94	2.062
211360_s_at	ITPR2	inositol 1,4,5-trisphosphate receptor type 2	-0.847	2.406
211366_x_at	CASP1	caspase 1	1.698	5.874
211367_s_at	CASP1	caspase 1	3.018	6.171
211368_s_at	CASP1	caspase 1	2.361	6.63
211379_x_at	B3GALNT1	beta-1,3-N-acetylgalactosaminyltransferase 1 (globoside blood group)	1.021	2.439
211384_s_at	CASR	calcium sensing receptor	-3.296	5.182
211395_x_at	FCGR2C	Fc fragment of IgG receptor IIc (gene/pseudogene)	1.094	2.498
211413_s_at	PADI4	peptidyl arginine deiminase 4	-1.58	2.326
211423_s_at	SC5D	sterol-C5-desaturase	-1.085	4.614
211432_s_at	TYRO3	TYRO3 protein tyrosine kinase	-1.496	4.283
211434_s_at	CCRL2	C-C motif chemokine receptor like 2	1.377	2.191
211445_x_at	NACAP1	nascent polypeptide associated complex alpha subunit pseudogene 1	0.801	2.333
211450_s_at	MSH6	mutS homolog 6	2.046	3.694
211452_x_at	LRRFIP1	LRR binding FLII interacting protein 1	-0.425	2.204
211454_x_at	FKSG49	FKSG49	-0.612	2.275
211456_x_at	MT1HL1	metallothionein 1H-like 1	-3.206	4.797
211458_s_at	GABARAPL3///GABARAPL1	GABA type A receptor associated protein like 3 pseudogene///GABA type A receptor associated protein like 1	-2.423	10.6
211463_at	ZIC4	Zic family member 4	-1.973	2.649
211465_x_at	FUT6	fucosyltransferase 6	-1.474	7.322
211466_at	NFIB	nuclear factor I B	1	2.073
211467_s_at	NFIB	nuclear factor I B	2.187	3.819
211469_s_at	CXCR6	C-X-C motif chemokine receptor 6	2.067	2.226
211470_s_at	SULT1C2	sulfotransferase family 1C member 2	-2.169	4.25
211483_x_at	CAMK2B	calcium/calmodulin dependent protein kinase II beta	-1.512	3.464
211494_s_at	SLC4A4	solute carrier family 4 member 4	-1.958	6.375
211504_x_at	ROCK2	Rho associated coiled-coil containing protein kinase 2	-0.974	3.174
211509_s_at	RTN4	reticulon 4	-0.661	5.139
211527_x_at	VEGFA	vascular endothelial growth factor A	4.462	6.93
211528_x_at	HLA-G	major histocompatibility complex, class I, G	1.571	5.542
211529_x_at	HLA-G	major histocompatibility complex, class I, G	1.998	7.268
211530_x_at	HLA-G	major histocompatibility complex, class I, G	2.172	4.654
211537_x_at	MAP3K7	mitogen-activated protein kinase kinase kinase 7	0.63	2.617
211538_s_at	HSPA2	heat shock protein family A (Hsp70) member 2	-3.007	5.58
211548_s_at	HPGD	hydroxyprostaglandin dehydrogenase 15-(NAD)	-3.136	4.763
211549_s_at	HPGD	hydroxyprostaglandin dehydrogenase 15-(NAD)	-3.615	5.465
211552_s_at	ALDH4A1	aldehyde dehydrogenase 4 family member A1	-1.977	3.386
211555_s_at	GUCY1B3	guanylate cyclase 1 soluble subunit beta	1.222	4.798
211559_s_at	CCNG2	cyclin G2	0.874	2.684
211562_s_at	LMOD1	leiomodin 1	-1.29	2.087
211566_x_at	BRE	brain and reproductive organ-expressed (TNFRSF1A modulator)	-0.657	2.518
211569_s_at	HADH	hydroxyacyl-CoA dehydrogenase	-1.687	5.339
211571_s_at	VCAN	versican	4.334	3.001
211574_s_at	CD46	CD46 molecule	1.715	2.412
211575_s_at	UBE3A	ubiquitin protein ligase E3A	0.724	2.063
211576_s_at	SLC19A1	solute carrier family 19 member 1	-1.625	2.906
211580_s_at	PIK3R3	phosphoinositide-3-kinase regulatory subunit 3	1.627	2.328
211581_x_at	LST1	leukocyte specific transcript 1	2.073	5.289
211582_x_at	LST1	leukocyte specific transcript 1	2.924	7.209
211596_s_at	LRIG1	leucine rich repeats and immunoglobulin like domains 1	0.751	2.044
211597_s_at	HOPX	HOP homeobox	1.138	2.693
211600_at	PTPRO	protein tyrosine phosphatase, receptor type O	-1.154	5.983
211602_s_at	TRPC1	transient receptor potential cation channel subfamily C member 1	2.064	2.129
211603_s_at	ETV4	ETS variant 4	-1.916	2.26
211614_at	ERVH-6	endogenous retrovirus group H member 6	-1.141	2.183
211623_s_at	FBL	fibrillarin	0.831	2.883
211630_s_at	GSS	glutathione synthetase	-0.703	2.676
211635_x_at	IGHV4-31///IGHM///IGHG4///IGHG3///IGHG1///IGHD///IGHA2///IGHA1	immunoglobulin heavy variable 4-31///immunoglobulin heavy constant mu///immunoglobulin heavy constant gamma 4 (G4m marker)///immunoglobulin heavy constant gamma 3 (G3m marker)///immunoglobulin heavy constant gamma 1 (G1m marker)///immunoglobulin heavy constant delta///immunoglobulin heavy constant alpha 2 (A2m marker)///immunoglobulin heavy constant alpha 1	2.076	2.372
211638_at	IGHV4-31///IGHM///IGHG3///IGHG1///IGHD///IGHA2///IGHA1///IGH	immunoglobulin heavy variable 4-31///immunoglobulin heavy constant mu///immunoglobulin heavy constant gamma 3 (G3m marker)///immunoglobulin heavy constant gamma 1 (G1m marker)///immunoglobulin heavy constant delta///immunoglobulin heavy constant alpha 2 (A2m marker)///immunoglobulin heavy constant alpha 1///immunoglobulin heavy locus	2.563	2.627
211651_s_at	LAMB1	laminin subunit beta 1	-0.647	2.315
211654_x_at	HLA-DQB1	major histocompatibility complex, class II, DQ beta 1	2.82	3.798
211656_x_at	LOC101060835///HLA-DQB1	HLA class II histocompatibility antigen, DQ beta 1 chain-like///major histocompatibility complex, class II, DQ beta 1	2.228	3.4
211658_at	PRDX2	peroxiredoxin 2	-0.64	2.266
211661_x_at	PTAFR	platelet activating factor receptor	1.89	2.558
211663_x_at	PTGDS	prostaglandin D2 synthase	-2.138	8.271
211666_x_at	SNORD83B///SNORD139///RPL3	small nucleolar RNA, C/D box 83B///small nucleolar RNA, C/D box 139///ribosomal protein L3	0.621	4.237
211671_s_at	NR3C1	nuclear receptor subfamily 3 group C member 1	0.992	4.798
211675_s_at	MDFIC	MyoD family inhibitor domain containing	0.875	2.686
211676_s_at	IFNGR1	interferon gamma receptor 1	1.539	5.144
211681_s_at	PDLIM5	PDZ and LIM domain 5	0.784	2.019
211682_x_at	UGT2B28	UDP glucuronosyltransferase family 2 member B28	-2.218	3.646
211689_s_at	TMPRSS2	transmembrane protease, serine 2	-4.421	8.255
211703_s_at	TM2D1	TM2 domain containing 1	0.683	3.078
211707_s_at	IQCB1	IQ motif containing B1	0.812	3.338
211709_s_at	CLEC11A	C-type lectin domain family 11 member A	1.293	2.049
211712_s_at	ANXA9	annexin A9	-2.994	4.817
211714_x_at	TUBB	tubulin beta class I	1.164	5.066
211715_s_at	BDH1	3-hydroxybutyrate dehydrogenase, type 1	-2.948	4.78
211717_at	ANKRD40	ankyrin repeat domain 40	1.454	2.475
211719_x_at	FN1	fibronectin 1	2.386	6.607
211725_s_at	BID	BH3 interacting domain death agonist	1.235	3.882
211726_s_at	FMO2	flavin containing monooxygenase 2	1.282	2.076
211727_s_at	COX11	COX11, cytochrome c oxidase copper chaperone	-0.493	2.346
211730_s_at	POLR2L	RNA polymerase II subunit L	-0.713	2.699
211742_s_at	EVI2B	ecotropic viral integration site 2B	2.105	5.476
211744_s_at	CD58	CD58 molecule	1.605	4.438
211748_x_at	PTGDS	prostaglandin D2 synthase	-3.168	7.066
211749_s_at	VAMP3	vesicle associated membrane protein 3	1.674	3.61
211750_x_at	TUBA1C	tubulin alpha 1c	0.562	2.866
211752_s_at	NDUFS7	NADH:ubiquinone oxidoreductase core subunit S7	-0.714	2.487
211755_s_at	ATP5F1	ATP synthase, H+ transporting, mitochondrial Fo complex subunit B1	-0.486	4.041
211761_s_at	CACYBP	calcyclin binding protein	-0.487	2.27
211762_s_at	KPNA2	karyopherin subunit alpha 2	0.797	2.397
211769_x_at	SERINC3	serine incorporator 3	0.793	2.665
211774_s_at	MMACHC	methylmalonic aciduria (cobalamin deficiency) cblC type, with homocystinuria	-1.126	2.225
211778_s_at	OVOL2	ovo like zinc finger 2	-1.056	3.565
211787_s_at	LOC101928634///SENP3-EIF4A1///SNORD10///SNORA48///SNORA67///EIF4A1	uncharacterized LOC101928634///SENP3-EIF4A1 readthrough (NMD candidate)///small nucleolar RNA, C/D box 10///small nucleolar RNA, H/ACA box 48///small nucleolar RNA, H/ACA box 67///eukaryotic translation initiation factor 4A1	0.653	2.746
211792_s_at	CDKN2C	cyclin dependent kinase inhibitor 2C	1.089	2.058
211795_s_at	FYB	FYN binding protein	1.626	3.066
211796_s_at	TRBC1	T cell receptor beta constant 1	4.225	2.767
211799_x_at	HLA-C	major histocompatibility complex, class I, C	2.486	6.609
211806_s_at	KCNJ15	potassium voltage-gated channel subfamily J member 15	-1.129	3.668
211812_s_at	B3GALNT1	beta-1,3-N-acetylgalactosaminyltransferase 1 (globoside blood group)	1.062	2.25
211813_x_at	DCN	decorin	-2.67	5.078
211822_s_at	NLRP1	NLR family pyrin domain containing 1	1.544	2.203
211829_s_at	GPER1	G protein-coupled estrogen receptor 1	3.422	3.622
211833_s_at	BAX	BCL2 associated X, apoptosis regulator	2.247	3.119
211841_s_at	TNFRSF25	TNF receptor superfamily member 25	2.504	3.709
211846_s_at	NECTIN1	nectin cell adhesion molecule 1	-1.357	3.431
211864_s_at	MYOF	myoferlin	1.91	4.15
211867_s_at	PCDHA10	protocadherin alpha 10	-1.694	2.206
211882_x_at	FUT6	fucosyltransferase 6	-2.693	3.074
211883_x_at	CEACAM1	carcinoembryonic antigen related cell adhesion molecule 1	-0.93	4.065
211885_x_at	FUT6	fucosyltransferase 6	-1.75	2.002
211887_x_at	MSR1	macrophage scavenger receptor 1	2.476	4.576
211889_x_at	CEACAM1	carcinoembryonic antigen related cell adhesion molecule 1	-0.872	2.062
211890_x_at	CAPN3	calpain 3	-2.122	2.906
211896_s_at	DCN	decorin	-3.08	4.7
211911_x_at	HLA-B	major histocompatibility complex, class I, B	1.672	5.061
211913_s_at	MERTK	MER proto-oncogene, tyrosine kinase	0.782	2.31
211917_s_at	PRLR	prolactin receptor	-2.683	4.334
211919_s_at	CXCR4	C-X-C motif chemokine receptor 4	2.84	8.369
211921_x_at	LOC100506248///MIR1244-2///MIR1244-3///MIR1244-1///LOC728026///PTMA	prothymosin alpha///microRNA 1244-2///microRNA 1244-3///microRNA 1244-1///prothymosin alpha-like///prothymosin, alpha	-0.581	2.397
211922_s_at	CAT	catalase	-1.304	4.365
211929_at	HNRNPA3	heterogeneous nuclear ribonucleoprotein A3	0.734	3.049
211935_at	ARL6IP1	ADP ribosylation factor like GTPase 6 interacting protein 1	0.499	2.23
211939_x_at	BTF3	basic transcription factor 3	0.388	2.257
211941_s_at	PEBP1	phosphatidylethanolamine binding protein 1	-1.189	5.938
211942_x_at	RPL13AP5///RPL13AP6///SNORD32A///SNORD33///SNORD34///SNORD35A///RPL13A	ribosomal protein L13a pseudogene 5///ribosomal protein L13a pseudogene 6///small nucleolar RNA, C/D box 32A///small nucleolar RNA, C/D box 33///small nucleolar RNA, C/D box 34///small nucleolar RNA, C/D box 35A///ribosomal protein L13a	0.461	2.542
211943_x_at	LOC101928826///TPT1	uncharacterized LOC101928826///tumor protein, translationally-controlled 1	-0.303	1.995
211945_s_at	ITGB1	integrin subunit beta 1	1.208	8.34
211946_s_at	PRRC2C	proline rich coiled-coil 2C	0.584	3.343
211959_at	IGFBP5	insulin like growth factor binding protein 5	-0.983	2.152
211962_s_at	ZFP36L1	ZFP36 ring finger protein like 1	0.915	3.35
211963_s_at	ARPC5	actin related protein 2/3 complex subunit 5	1.219	6.632
211964_at	COL4A2	collagen type IV alpha 2 chain	1.091	2.689
211966_at	COL4A2	collagen type IV alpha 2 chain	2.564	4.228
211967_at	TMEM123	transmembrane protein 123	0.968	5.808
211968_s_at	HSP90AA1	heat shock protein 90 alpha family class A member 1	-1.167	5.238
211969_at	HSP90AA1	heat shock protein 90 alpha family class A member 1	-1.085	5.974
211973_at	NUDT3	nudix hydrolase 3	-0.983	2.408
211980_at	COL4A1	collagen type IV alpha 1 chain	2.108	6.097
211981_at	COL4A1	collagen type IV alpha 1 chain	3.959	4.506
211986_at	AHNAK	AHNAK nucleoprotein	1.323	3.814
211989_at	SMARCE1	SWI/SNF related, matrix associated, actin dependent regulator of chromatin, subfamily e, member 1	0.755	3.955
211990_at	HLA-DPA1	major histocompatibility complex, class II, DP alpha 1	1.723	7.903
211991_s_at	HLA-DPA1	major histocompatibility complex, class II, DP alpha 1	2.711	8.614
211992_at	WNK1	WNK lysine deficient protein kinase 1	-1.552	7.717
211993_at	WNK1	WNK lysine deficient protein kinase 1	-0.683	2.657
211994_at	WNK1	WNK lysine deficient protein kinase 1	-1.32	5.734
211999_at	MIR4738///H3F3B///H3F3A	microRNA 4738///H3 histone, family 3B///H3 histone, family 3A	0.557	2.075
212003_at	SZRD1	SUZ RNA binding domain containing 1	1.905	2.385
212008_at	UBXN4	UBX domain protein 4	1.168	2.338
212012_at	PXDN	peroxidasin	1.035	2.243
212013_at	PXDN	peroxidasin	1.97	3.852
212015_x_at	MIR4745///PTBP1	microRNA 4745///polypyrimidine tract binding protein 1	0.471	2.099
212026_s_at	EXOC7	exocyst complex component 7	2.615	3.083
212032_s_at	PTOV1	prostate tumor overexpressed 1	-0.602	2.018
212035_s_at	EXOC7	exocyst complex component 7	0.597	2.13
212039_x_at	SNORD83B///SNORD139///RPL3	small nucleolar RNA, C/D box 83B///small nucleolar RNA, C/D box 139///ribosomal protein L3	0.402	2.308
212041_at	ATP6V0D1	ATPase H+ transporting V0 subunit d1	-0.758	2.088
212048_s_at	YARS	tyrosyl-tRNA synthetase	0.52	2.475
212058_at	U2SURP	U2 snRNP associated SURP domain containing	0.621	2.761
212060_at	U2SURP	U2 snRNP associated SURP domain containing	0.929	2.02
212062_at	ATP9A	ATPase phospholipid transporting 9A (putative)	-1.175	2.38
212063_at	CD44	CD44 molecule (Indian blood group)	1.329	3.195
212077_at	CALD1	caldesmon 1	0.795	2.966
212087_s_at	ERAL1	Era like 12S mitochondrial rRNA chaperone 1	-0.42	2.196
212095_s_at	MTUS1	microtubule associated tumor suppressor 1	-0.881	2.306
212097_at	CAV1	caveolin 1	2.963	8.205
212098_at	MGAT5	mannosyl (alpha-1,6-)-glycoprotein beta-1,6-N-acetyl-glucosaminyltransferase	-0.834	4.955
212099_at	RHOB	ras homolog family member B	1.262	2.7
212108_at	FAF2	Fas associated factor family member 2	0.592	2.33
212112_s_at	STX12	syntaxin 12	0.498	2.804
212114_at	ATXN7L3B	ataxin 7 like 3B	-0.376	2.161
212115_at	HN1L	hematological and neurological expressed 1 like	0.906	2.119
212119_at	RHOQ	ras homolog family member Q	-0.728	2.475
212128_s_at	DAG1	dystroglycan 1	-1.314	2.127
212132_at	LSM14A	LSM14A, mRNA processing body assembly factor	0.62	2.855
212134_at	MIR6716///PHLDB1	microRNA 6716///pleckstrin homology like domain family B member 1	-0.585	2.038
212135_s_at	ATP2B4	ATPase plasma membrane Ca2+ transporting 4	0.895	5.711
212136_at	ATP2B4	ATPase plasma membrane Ca2+ transporting 4	0.615	3.385
212138_at	PDS5A	PDS5 cohesin associated factor A	0.745	3.586
212139_at	GCN1	GCN1, eIF2 alpha kinase activator homolog	-0.764	3.97
212143_s_at	IGFBP3	insulin like growth factor binding protein 3	4.012	9.514
212148_at	PBX1	PBX homeobox 1	-0.948	3.103
212150_at	EFR3A	EFR3 homolog A	0.561	2.151
212151_at	PBX1	PBX homeobox 1	-0.727	2.187
212168_at	RBM12	RNA binding motif protein 12	0.431	2.07
212171_x_at	VEGFA	vascular endothelial growth factor A	2.71	9.358
212175_s_at	AK2	adenylate kinase 2	-0.796	3.604
212181_s_at	NUDT4P1///NUDT4P2///NUDT4	nudix hydrolase 4 pseudogene 1///nudix hydrolase 4 pseudogene 2///nudix hydrolase 4	-1.382	4.815
212183_at	NUDT4P1///NUDT4	nudix hydrolase 4 pseudogene 1///nudix hydrolase 4	-1.413	3.039
212185_x_at	MT2A	metallothionein 2A	-1.995	4.967
212187_x_at	PTGDS	prostaglandin D2 synthase	-3.083	5.967
212201_at	ANKLE2	ankyrin repeat and LEM domain containing 2	0.981	2.7
212202_s_at	TMEM87A	transmembrane protein 87A	1.486	4.758
212203_x_at	IFITM3	interferon induced transmembrane protein 3	1.337	5.791
212204_at	TMEM87A	transmembrane protein 87A	1.085	5.705
212222_at	PSME4	proteasome activator subunit 4	-0.557	2.481
212224_at	ALDH1A1	aldehyde dehydrogenase 1 family member A1	0.9	2.668
212225_at	EIF1	eukaryotic translation initiation factor 1	1.682	2.109
212229_s_at	FBXO21	F-box protein 21	-0.81	3.729
212230_at	PLPP3	phospholipid phosphatase 3	1.13	2.298
212231_at	FBXO21	F-box protein 21	-1.052	3.734
212232_at	FNBP4	formin binding protein 4	0.622	3.037
212233_at	MAP1B	microtubule associated protein 1B	0.838	2.354
212235_at	PLXND1	plexin D1	3.141	2.017
212243_at	GCOM1///POLR2M	GRINL1A complex locus 1///RNA polymerase II subunit M	0.645	2.225
212245_at	MCFD2	multiple coagulation factor deficiency 2	0.49	2.538
212250_at	MTDH	metadherin	1.137	3.232
212262_at	QKI	QKI, KH domain containing RNA binding	0.767	2.233
212264_s_at	WAPL	WAPL cohesin release factor	0.881	3.343
212268_at	SERPINB1	serpin family B member 1	0.768	2.834
212271_at	MAPK1	mitogen-activated protein kinase 1	1.006	4.969
212276_at	LPIN1	lipin 1	-0.72	2.831
212277_at	MTMR4	myotubularin related protein 4	-0.778	3.315
212290_at	SLC7A1	solute carrier family 7 member 1	-0.91	2.294
212297_at	ATP13A3	ATPase 13A3	0.78	2.53
212298_at	NRP1	neuropilin 1	2.385	7.328
212307_s_at	OGT	O-linked N-acetylglucosamine (GlcNAc) transferase	1.012	2.125
212311_at	SEL1L3	SEL1L family member 3	1.866	5.003
212314_at	SEL1L3	SEL1L family member 3	2.07	6.55
212317_at	TNPO3	transportin 3	-0.714	4.207
212318_at	TNPO3	transportin 3	-0.926	4.449
212319_at	SGSM2	small G protein signaling modulator 2	-0.796	4.027
212320_at	TUBB	tubulin beta class I	0.678	2.69
212329_at	SCAP	SREBF chaperone	-1.166	6.707
212333_at	FAM98A	family with sequence similarity 98 member A	-0.69	2.861
212336_at	EPB41L1	erythrocyte membrane protein band 4.1 like 1	-0.756	2.737
212339_at	EPB41L1	erythrocyte membrane protein band 4.1 like 1	-0.623	2.084
212346_s_at	MIR4800///MXD4	microRNA 4800///MAX dimerization protein 4	-0.844	2.294
212350_at	TBC1D1	TBC1 domain family member 1	-0.89	5.228
212352_s_at	TMED10	transmembrane p24 trafficking protein 10	0.502	2.281
212354_at	SULF1	sulfatase 1	0.994	2.269
212361_s_at	ATP2A2	ATPase sarcoplasmic/endoplasmic reticulum Ca2+ transporting 2	0.479	1.995
212364_at	MYO1B	myosin IB	0.907	2.857
212365_at	MYO1B	myosin IB	0.854	2.45
212366_at	ZNF292	zinc finger protein 292	1.216	3.125
212368_at	ZNF292	zinc finger protein 292	0.811	2.239
212371_at	DESI2	desumoylating isopeptidase 2	0.666	4.752
212372_at	MYH10	myosin, heavy chain 10, non-muscle	-1.207	4.954
212373_at	FEM1B	fem-1 homolog B	1.074	2.491
212376_s_at	EP400	E1A binding protein p400	1.3	3.35
212377_s_at	NOTCH2	notch 2	0.738	4.69
212382_at	TCF4	transcription factor 4	1.781	5.135
212383_at	ATP6V0A1	ATPase H+ transporting V0 subunit a1	-0.506	2.263
212385_at	TCF4	transcription factor 4	3.098	4.525
212386_at	TCF4	transcription factor 4	1.981	5.347
212387_at	TCF4	transcription factor 4	1.889	4.892
212395_s_at	EMC1	ER membrane protein complex subunit 1	-0.74	2.647
212396_s_at	EMC1	ER membrane protein complex subunit 1	2.796	4.026
212400_at	FAM102A	family with sequence similarity 102 member A	-0.915	2.345
212402_at	ZC3H13	zinc finger CCCH-type containing 13	0.678	3.234
212408_at	TOR1AIP1	torsin 1A interacting protein 1	0.776	3.403
212418_at	ELF1	E74 like ETS transcription factor 1	1.757	3.97
212429_s_at	GTF3C2	general transcription factor IIIC subunit 2	-0.416	2.537
212430_at	RBM38	RNA binding motif protein 38	-0.725	2.07
212433_x_at	SNORA64///RPS2	small nucleolar RNA, H/ACA box 64///ribosomal protein S2	0.875	4.922
212434_at	GRPEL1	GrpE like 1, mitochondrial	-0.502	2.265
212439_at	IP6K1	inositol hexakisphosphate kinase 1	-0.906	3.896
212441_at	KIAA0232	KIAA0232	-0.522	2.567
212444_at	GPRC5A	G protein-coupled receptor class C group 5 member A	-2.109	2.507
212445_s_at	NEDD4L	neural precursor cell expressed, developmentally down-regulated 4-like, E3 ubiquitin protein ligase	-0.927	4.006
212448_at	NEDD4L	neural precursor cell expressed, developmentally down-regulated 4-like, E3 ubiquitin protein ligase	-1.969	5.881
212450_at	SECISBP2L	SECIS binding protein 2 like	-0.495	2.2
212454_x_at	HNRNPDL	heterogeneous nuclear ribonucleoprotein D like	0.618	2.545
212455_at	YTHDC1	YTH domain containing 1	0.433	2.099
212456_at	CLUH	clustered mitochondria homolog	-1.433	7.354
212458_at	SPRED2	sprouty related EVH1 domain containing 2	1.103	3.899
212459_x_at	SUCLG2	succinate-CoA ligase GDP-forming beta subunit	-1.167	5.349
212464_s_at	FN1	fibronectin 1	2.592	5.682
212465_at	SETD3	SET domain containing 3	-0.743	2.416
212470_at	SPAG9	sperm associated antigen 9	0.651	3.23
212472_at	MICAL2	microtubule associated monooxygenase, calponin and LIM domain containing 2	0.668	2.154
212473_s_at	MICAL2	microtubule associated monooxygenase, calponin and LIM domain containing 2	1.184	2.947
212476_at	ACAP2	ArfGAP with coiled-coil, ankyrin repeat and PH domains 2	1.021	2.696
212484_at	FAM89B	family with sequence similarity 89 member B	1.78	2.039
212487_at	GPATCH8	G-patch domain containing 8	-0.892	3.427
212501_at	CEBPB	CCAAT/enhancer binding protein beta	1.212	3.364
212510_at	GPD1L	glycerol-3-phosphate dehydrogenase 1-like	-1.583	6.201
212513_s_at	USP33	ubiquitin specific peptidase 33	0.46	2.26
212517_at	ATRN	attractin	-0.723	3.754
212530_at	NEK7	NIMA related kinase 7	0.721	3.366
212535_at	MEF2A	myocyte enhancer factor 2A	0.64	2.48
212538_at	DOCK9	dedicator of cytokinesis 9	1.731	2.562
212546_s_at	FRYL	FRY like transcription coactivator	1.202	4.048
212548_s_at	FRYL	FRY like transcription coactivator	0.673	3.248
212552_at	HPCAL1	hippocalcin like 1	2.011	7.978
212558_at	SPRY1	sprouty RTK signaling antagonist 1	1.781	3.359
212559_at	PRKAR1B	protein kinase cAMP-dependent type I regulatory subunit beta	-0.71	2.153
212561_at	DENND5A	DENN domain containing 5A	1.076	5.329
212566_at	MAP4	microtubule associated protein 4	-0.653	3.206
212577_at	SMCHD1	structural maintenance of chromosomes flexible hinge domain containing 1	0.96	3.044
212579_at	SMCHD1	structural maintenance of chromosomes flexible hinge domain containing 1	1.117	3.015
212586_at	CAST	calpastatin	0.687	3.02
212587_s_at	PTPRC	protein tyrosine phosphatase, receptor type C	2.673	7.233
212588_at	PTPRC	protein tyrosine phosphatase, receptor type C	2.696	5.824
212589_at	RRAS2	related RAS viral (r-ras) oncogene homolog 2	-0.632	2.008
212597_s_at	HMGXB4	HMG-box containing 4	1.088	3.093
212602_at	WDFY3	WD repeat and FYVE domain containing 3	-0.535	2.069
212605_s_at	NUDT3	nudix hydrolase 3	-1.162	4.113
212610_at	PTPN11	protein tyrosine phosphatase, non-receptor type 11	0.474	2.366
212613_at	BTN3A2	butyrophilin subfamily 3 member A2	3.429	2.382
212621_at	NEMP1	nuclear envelope integral membrane protein 1	0.775	2.184
212625_at	STX10	syntaxin 10	-0.626	2.428
212627_s_at	EXOSC7	exosome component 7	-1.107	4.242
212628_at	PKN2	protein kinase N2	0.567	3.153
212636_at	QKI	QKI, KH domain containing RNA binding	1.004	4.294
212639_x_at	TUBA1B	tubulin alpha 1b	1.108	5.158
212643_at	MAPK1IP1L	mitogen-activated protein kinase 1 interacting protein 1 like	-0.764	2.686
212644_s_at	MAPK1IP1L	mitogen-activated protein kinase 1 interacting protein 1 like	-0.721	2.213
212646_at	RFTN1	raftlin, lipid raft linker 1	1.35	4.69
212647_at	RRAS	related RAS viral (r-ras) oncogene homolog	1.738	2.499
212653_s_at	EHBP1	EH domain binding protein 1	0.649	2.569
212656_at	TSFM	Ts translation elongation factor, mitochondrial	-0.988	3.243
212663_at	FKBP15	FK506 binding protein 15	0.454	2.547
212666_at	SMURF1	SMAD specific E3 ubiquitin protein ligase 1	1.042	3.83
212667_at	SPARC	secreted protein acidic and cysteine rich	1.835	5.214
212669_at	CAMK2G	calcium/calmodulin dependent protein kinase II gamma	-0.551	2.581
212671_s_at	LOC100509457///HLA-DQA2///HLA-DQA1	HLA class II histocompatibility antigen, DQ alpha 1 chain-like///major histocompatibility complex, class II, DQ alpha 2///major histocompatibility complex, class II, DQ alpha 1	3.404	6.114
212672_at	ATM	ATM serine/threonine kinase	1.151	2.314
212674_s_at	DHX30	DEAH-box helicase 30	-0.401	2.006
212681_at	EPB41L3	erythrocyte membrane protein band 4.1 like 3	-1.001	2.367
212683_at	SLC25A44	solute carrier family 25 member 44	-0.855	4.175
212686_at	PPM1H	protein phosphatase, Mg2+/Mn2+ dependent 1H	-2.141	5.886
212687_at	LIMS4///LIMS3///LIMS1	LIM zinc finger domain containing 4///LIM zinc finger domain containing 3///LIM zinc finger domain containing 1	0.957	3.81
212689_s_at	KDM3A	lysine demethylase 3A	1.57	5.88
212694_s_at	PCCB	propionyl-CoA carboxylase beta subunit	-2.068	9.006
212698_s_at	SEPT10	septin 10	0.951	2.583
212699_at	SCAMP5	secretory carrier membrane protein 5	-0.696	3.581
212701_at	TLN2	talin 2	-1.64	5.342
212703_at	TLN2	talin 2	-1.448	4.33
212711_at	CAMSAP1	calmodulin regulated spectrin associated protein 1	0.69	2.407
212712_at	CAMSAP1	calmodulin regulated spectrin associated protein 1	0.583	2.481
212720_at	PAPOLA	poly(A) polymerase alpha	1.386	3.228
212721_at	SREK1	splicing regulatory glutamic acid and lysine rich protein 1	0.471	2.18
212724_at	RND3	Rho family GTPase 3	0.955	3.612
212725_s_at	TUG1	taurine up-regulated 1 (non-protein coding)	0.499	3.6
212730_at	SYNM	synemin	0.925	2.847
212731_at	ANKRD46	ankyrin repeat domain 46	-1.112	4.271
212737_at	GM2A	GM2 ganglioside activator	1.156	3.398
212741_at	MAOA	monoamine oxidase A	-1.216	2.723
212746_s_at	CEP170P1///CEP170	centrosomal protein 170 pseudogene 1///centrosomal protein 170	2.58	5.397
212750_at	PPP1R16B	protein phosphatase 1 regulatory subunit 16B	-1.753	2.356
212755_at	MON2	MON2 homolog, regulator of endosome-to-Golgi trafficking	1.98	2.073
212757_s_at	CAMK2G	calcium/calmodulin dependent protein kinase II gamma	-0.914	4.605
212758_s_at	ZEB1	zinc finger E-box binding homeobox 1	1.032	2.75
212764_at	ZEB1	zinc finger E-box binding homeobox 1	1.457	3.356
212768_s_at	OLFM4	olfactomedin 4	-2.197	2.42
212771_at	FAM171A1	family with sequence similarity 171 member A1	-1.713	6.905
212788_x_at	FTL	ferritin light chain	-0.724	4.207
212792_at	DPY19L1	dpy-19 like 1	1.677	5.345
212796_s_at	TBC1D2B	TBC1 domain family member 2B	0.923	3.42
212805_at	PRUNE2	prune homolog 2	1.026	2.544
212806_at	PRUNE2	prune homolog 2	1.724	3.661
212810_s_at	SLC1A4	solute carrier family 1 member 4	1.751	3.703
212811_x_at	SLC1A4	solute carrier family 1 member 4	1.308	2.874
212814_at	AHCYL2	adenosylhomocysteinase like 2	-1.286	3.427
212815_at	ASCC3	activating signal cointegrator 1 complex subunit 3	1.3	4.665
212817_at	DNAJB5	DnaJ heat shock protein family (Hsp40) member B5	-0.962	3.623
212818_s_at	ASB1	ankyrin repeat and SOCS box containing 1	-0.624	3.053
212821_at	PLEKHG3	pleckstrin homology and RhoGEF domain containing G3	-1.893	4.349
212823_s_at	PLEKHG3	pleckstrin homology and RhoGEF domain containing G3	-0.959	2.125
212838_at	DNMBP	dynamin binding protein	-0.741	2.739
212851_at	DCUN1D4	defective in cullin neddylation 1 domain containing 4	0.85	2.266
212853_at	DCUN1D4	defective in cullin neddylation 1 domain containing 4	2.077	2.443
212855_at	DCUN1D4	defective in cullin neddylation 1 domain containing 4	1.202	3.393
212856_at	GRAMD4	GRAM domain containing 4	1.131	2.03
212859_x_at	MT1E	metallothionein 1E	-2.118	4.092
212862_at	CDS2	CDP-diacylglycerol synthase 2	1.28	3.771
212873_at	ARHGAP45	Rho GTPase activating protein 45	2.639	5.005
212875_s_at	C2CD2	C2 calcium dependent domain containing 2	0.679	2.045
212883_at			-1.488	2.007
212884_x_at	APOE	apolipoprotein E	-1.764	4.472
212887_at	SEC23A	Sec23 homolog A, coat complex II component	0.767	2.269
212890_at	SLC38A10	solute carrier family 38 member 10	-0.655	3.163
212899_at	CDK19	cyclin dependent kinase 19	1.632	5.955
212906_at	GRAMD1B	GRAM domain containing 1B	-1.763	7.593
212911_at	DNAJC16	DnaJ heat shock protein family (Hsp40) member C16	-0.608	2.545
212917_x_at	RECQL	RecQ like helicase	1.109	3.989
212918_at	RECQL	RecQ like helicase	1.796	5.375
212919_at	DCP2	decapping mRNA 2	0.687	2.914
212922_s_at	SMYD2	SET and MYND domain containing 2	1.236	5.063
212932_at	RAB3GAP1	RAB3 GTPase activating protein catalytic subunit 1	1.654	3.769
212936_at	FAM172A	family with sequence similarity 172 member A	0.935	3.64
212944_at	SLC5A3	solute carrier family 5 member 3	-1.02	2.018
212946_at	VWA8	von Willebrand factor A domain containing 8	-0.929	4.902
212952_at			-1.067	2.377
212956_at	TBC1D9	TBC1 domain family member 9	-0.509	2.025
212959_s_at	GNPTAB	N-acetylglucosamine-1-phosphate transferase alpha and beta subunits	0.739	2.429
212967_x_at	NAP1L1	nucleosome assembly protein 1 like 1	0.811	4.801
212969_x_at	EML3	echinoderm microtubule associated protein like 3	1.188	3.637
212977_at	ACKR3	atypical chemokine receptor 3	1.938	4.269
212982_at	ZDHHC17	zinc finger DHHC-type containing 17	0.63	2.668
212987_at	FBXO9	F-box protein 9	-0.605	2.488
212991_at	FBXO9	F-box protein 9	-0.768	2.354
212992_at	AHNAK2	AHNAK nucleoprotein 2	3.912	4.743
212997_s_at	TLK2	tousled like kinase 2	0.704	2.003
212998_x_at	LOC101060835///HLA-DQB1	HLA class II histocompatibility antigen, DQ beta 1 chain-like///major histocompatibility complex, class II, DQ beta 1	3.496	6.039
213000_at	MORC3	MORC family CW-type zinc finger 3	0.791	2.396
213001_at	ANGPTL2	angiopoietin like 2	1.093	2.428
213002_at	MARCKS	myristoylated alanine rich protein kinase C substrate	0.64	2.38
213010_at	PRKCDBP	protein kinase C delta binding protein	1.945	6.359
213011_s_at	TPI1	triosephosphate isomerase 1	0.746	4.301
213015_at	BBX	BBX, HMG-box containing	-0.786	3.695
213026_at	ATG12	autophagy related 12	0.77	2.456
213033_s_at	NFIB	nuclear factor I B	1.795	2.283
213034_at	SIK3	SIK family kinase 3	-0.879	5.31
213037_x_at	STAU1	staufen double-stranded RNA binding protein 1	-0.938	5.315
213038_at	RNF19B	ring finger protein 19B	1.08	2.427
213039_at	ARHGEF18	Rho/Rac guanine nucleotide exchange factor 18	-0.925	4.898
213044_at	ROCK1	Rho associated coiled-coil containing protein kinase 1	0.789	3.595
213047_x_at	SETSIP///SET	SET-like protein///SET nuclear proto-oncogene	0.464	2.495
213050_at	COBL	cordon-bleu WH2 repeat protein	-1.341	4.878
213061_s_at	NTAN1	N-terminal asparagine amidase	0.957	3.664
213065_at	ZFC3H1	zinc finger C3H1-type containing	0.742	3.811
213067_at	MYH10	myosin, heavy chain 10, non-muscle	-1.181	3.746
213068_at	DPT	dermatopontin	-1.946	2.337
213072_at	CYHR1	cysteine and histidine rich 1	-0.819	2.261
213075_at	OLFML2A	olfactomedin like 2A	1.789	2.714
213078_x_at	LPCAT4	lysophosphatidylcholine acyltransferase 4	0.768	2.211
213085_s_at	WWC1	WW and C2 domain containing 1	-1.139	5.393
213086_s_at	CSNK1A1	casein kinase 1 alpha 1	0.581	2.305
213093_at	PRKCA	protein kinase C alpha	-1.146	3.142
213094_at	ADGRG6	adhesion G protein-coupled receptor G6	1.711	3.987
213100_at	UNC5B	unc-5 netrin receptor B	1.8	3.744
213101_s_at	ACTR3	ARP3 actin related protein 3 homolog	0.883	6.794
213102_at	ACTR3	ARP3 actin related protein 3 homolog	0.785	4.339
213107_at	TNIK	TRAF2 and NCK interacting kinase	0.806	2.693
213110_s_at	COL4A5	collagen type IV alpha 5 chain	-2.455	4.616
213122_at	TSPYL5	TSPY like 5	-1.42	3.374
213123_at	MFAP3	microfibrillar associated protein 3	1.228	5.448
213125_at	OLFML2B	olfactomedin like 2B	1.721	4.076
213126_at	MED8	mediator complex subunit 8	2.401	2.663
213127_s_at	MED8	mediator complex subunit 8	-0.518	2.045
213129_s_at	LOC101060817///GCSH	glycine cleavage system H protein, mitochondrial-like///glycine cleavage system protein H	-1.107	3.705
213135_at	TIAM1	T-cell lymphoma invasion and metastasis 1	0.721	2.079
213140_s_at	SS18L1	SS18L1, nBAF chromatin remodeling complex subunit	-0.581	2.084
213142_x_at	GSAP	gamma-secretase activating protein	0.902	4.646
213151_s_at	SEPT7	septin 7	0.852	4.864
213152_s_at	SRSF8	serine and arginine rich splicing factor 8	0.726	2.619
213160_at	DOCK2	dedicator of cytokinesis 2	3.738	5.407
213168_at	SP3	Sp3 transcription factor	0.91	4.259
213169_at	SEMA5A	semaphorin 5A	-1.15	3.878
213181_s_at	MOCS1	molybdenum cofactor synthesis 1	-1.646	3.1
213182_x_at	CDKN1C	cyclin dependent kinase inhibitor 1C	-1.764	4.252
213183_s_at			-1.357	3.769
213185_at	KIAA0556	KIAA0556	-0.643	3.229
213187_x_at	FTL	ferritin light chain	-0.819	2.829
213188_s_at	MINA	MYC induced nuclear antigen	-1.043	4.562
213189_at	MINA	MYC induced nuclear antigen	-1.29	4.302
213193_x_at	TRBC1	T cell receptor beta constant 1	1.68	2.579
213198_at	ACVR1B	activin A receptor type 1B	-1.073	6.638
213215_at	C15orf38-AP3S2///AP3S2	C15orf38-AP3S2 readthrough///adaptor related protein complex 3 sigma 2 subunit	-0.607	2.131
213217_at	ADCY2	adenylate cyclase 2	2.377	3.373
213221_s_at	SIK2	salt inducible kinase 2	-0.913	2.163
213222_at	PLCB1	phospholipase C beta 1	1.163	2.774
213226_at	CCNA2	cyclin A2	1.692	2.136
213228_at	PDE8B	phosphodiesterase 8B	-1.206	3.286
213237_at	KNOP1	lysine rich nucleolar protein 1	1.441	2.805
213241_at	PLXNC1	plexin C1	1.12	2.403
213242_x_at	CEP170B	centrosomal protein 170B	-0.768	3.223
213244_at	SCAMP4	secretory carrier membrane protein 4	-1.116	3.111
213260_at	FOXC1	forkhead box C1	-1.184	3.7
213261_at	TRANK1	tetratricopeptide repeat and ankyrin repeat containing 1	0.725	2.452
213262_at	SACS	sacsin molecular chaperone	1.436	3.546
213263_s_at	PCBP2	poly(rC) binding protein 2	-0.78	2.139
213264_at	PCBP2	poly(rC) binding protein 2	-1.05	3.331
213269_at	ZNF248	zinc finger protein 248	1.209	3.199
213275_x_at	CTSB	cathepsin B	-1.441	4.313
213276_at	CAMK2B	calcium/calmodulin dependent protein kinase II beta	-1.481	3.907
213279_at	DHRS1	dehydrogenase/reductase 1	-0.638	2.564
213280_at	RAP1GAP2	RAP1 GTPase activating protein 2	-1.162	2.791
213285_at	TMEM30B	transmembrane protein 30B	-2.622	6.613
213288_at	MBOAT2	membrane bound O-acyltransferase domain containing 2	-1.042	4.736
213293_s_at	TRIM22	tripartite motif containing 22	2.218	7.329
213294_at	EIF2AK2	eukaryotic translation initiation factor 2 alpha kinase 2	0.408	2.042
213302_at	PFAS	phosphoribosylformylglycinamidine synthase	-1.375	3.64
213311_s_at	TCF25	transcription factor 25	-0.827	2.935
213317_at	CLIC5	chloride intracellular channel 5	-3.98	6.987
213328_at	NEK1	NIMA related kinase 1	-0.443	2.284
213332_at	PAPPA2	pappalysin 2	-1.133	3.68
213341_at	FEM1C	fem-1 homolog C	1.238	4.858
213343_s_at	GDPD5	glycerophosphodiester phosphodiesterase domain containing 5	1.644	2.223
213348_at	CDKN1C	cyclin dependent kinase inhibitor 1C	-1.587	5.879
213349_at	TMCC1	transmembrane and coiled-coil domain family 1	2.708	8.464
213351_s_at	TMCC1	transmembrane and coiled-coil domain family 1	3.346	4.63
213352_at	TMCC1	transmembrane and coiled-coil domain family 1	1.991	4.77
213358_at	MTCL1	microtubule crosslinking factor 1	1.73	5.263
213359_at	HNRNPD	heterogeneous nuclear ribonucleoprotein D	1.542	3.309
213361_at	TDRD7	tudor domain containing 7	0.915	3.674
213366_x_at	ATP5C1	ATP synthase, H+ transporting, mitochondrial F1 complex, gamma polypeptide 1	-0.872	7.164
213374_x_at	HIBCH	3-hydroxyisobutyryl-CoA hydrolase	-1.351	4.018
213375_s_at	N4BP2L1	NEDD4 binding protein 2 like 1	1.656	6.004
213376_at	ZBTB1	zinc finger and BTB domain containing 1	1.28	3.627
213378_s_at	LOC642846///DDX12P///DDX11	DEAD/H (Asp-Glu-Ala-Asp/His) box polypeptide 11-like///DEAD/H-box helicase 12, pseudogene///DEAD/H-box helicase 11	0.56	2.18
213380_x_at	LOC102724562///MST1L///MST1P2///MST1	macrophage stimulating 1 pseudogene///macrophage stimulating 1 like///macrophage stimulating 1 pseudogene 2///macrophage stimulating 1	-1.419	3.595
213382_at	MST1L	macrophage stimulating 1 like	-2.064	2.351
213383_at	SBF1	SET binding factor 1	-0.715	2.418
213385_at	CHN2	chimerin 2	-1.654	4.156
213388_at	LOC101930416///LOC101929792///LOC100996724///PDE4DIP	myomegalin-like///uncharacterized LOC101929792///phosphodiesterase 4D interacting protein-like///phosphodiesterase 4D interacting protein	-0.88	3.581
213398_s_at	SDR39U1	short chain dehydrogenase/reductase family 39U member 1	-0.88	3.606
213414_s_at	RPS19	ribosomal protein S19	0.961	4.075
213415_at	CLIC2	chloride intracellular channel 2	2.045	2.12
213416_at	ITGA4	integrin subunit alpha 4	2.884	4.857
213418_at	HSPA6	heat shock protein family A (Hsp70) member 6	3.111	4.363
213454_at	APITD1-CORT///APITD1	APITD1-CORT readthrough///apoptosis-inducing, TAF9-like domain 1	-1.155	3.925
213455_at	FAM114A1	family with sequence similarity 114 member A1	0.461	2.581
213456_at	SOSTDC1	sclerostin domain containing 1	-2.398	2.708
213457_at	MFHAS1	malignant fibrous histiocytoma amplified sequence 1	-1.178	3.465
213467_at	RND2	Rho family GTPase 2	-1.808	3.318
213475_s_at	ITGAL	integrin subunit alpha L	1.876	2.001
213479_at	NPTX2	neuronal pentraxin 2	6.301	3.332
213483_at	PPWD1	peptidylprolyl isomerase domain and WD repeat containing 1	0.782	2.381
213486_at	COPG2IT1	COPG2 imprinted transcript 1 (non-protein coding)	-1.195	2.718
213491_x_at	RPN2	ribophorin II	-0.542	2.053
213497_at	ABTB2	ankyrin repeat and BTB domain containing 2	-0.923	2.225
213503_x_at	ANXA2	annexin A2	0.812	3.001
213508_at	SPTSSA	serine palmitoyltransferase small subunit A	-0.915	3.978
213524_s_at	G0S2	G0/G1 switch 2	-1.663	5.401
213532_at	ADAM17	ADAM metallopeptidase domain 17	0.673	2.214
213535_s_at	UBE2I	ubiquitin conjugating enzyme E2 I	0.94	4.027
213537_at	HLA-DPA1	major histocompatibility complex, class II, DP alpha 1	2.293	5.321
213540_at	HSD17B8	hydroxysteroid 17-beta dehydrogenase 8	-0.896	3.587
213543_at	SGCD	sarcoglycan delta	-2.278	3.181
213547_at	CAND2	cullin associated and neddylation dissociated 2 (putative)	-1.359	3.63
213553_x_at	APOC1	apolipoprotein C1	3.457	4.509
213558_at	PCLO	piccolo presynaptic cytomatrix protein	-0.815	2.943
213560_at	GADD45B	growth arrest and DNA damage inducible beta	-1.65	2.135
213563_s_at	TUBGCP2	tubulin gamma complex associated protein 2	-1.551	2.193
213564_x_at	LDHB	lactate dehydrogenase B	-1.124	8.078
213566_at	RNASE6	ribonuclease A family member k6	2.745	4.572
213572_s_at	SERPINB1	serpin family B member 1	0.864	2.651
213575_at	TRA2A	transformer 2 alpha homolog	-0.618	2.199
213582_at	ATP11A	ATPase phospholipid transporting 11A	1.639	2.765
213587_s_at	ATP6V0E2	ATPase H+ transporting V0 subunit e2	-2.67	6.29
213596_at	CASP4	caspase 4	0.84	2.757
213602_s_at			-1.752	3.743
213603_s_at	RAC2	ras-related C3 botulinum toxin substrate 2 (rho family, small GTP binding protein Rac2)	1.492	3.584
213612_x_at	NBPF20///NBPF10///NBPF8///NBPF9///NBPF15///NBPF12///NBPF14	neuroblastoma breakpoint family member 20///neuroblastoma breakpoint family member 10///neuroblastoma breakpoint family member 8///neuroblastoma breakpoint family member 9///neuroblastoma breakpoint family member 15///neuroblastoma breakpoint family member 12///neuroblastoma breakpoint family member 14	0.405	2.334
213618_at	ARAP2	ArfGAP with RhoGAP domain, ankyrin repeat and PH domain 2	0.79	3.196
213620_s_at	ICAM2	intercellular adhesion molecule 2	1.341	2.326
213622_at	COL9A2	collagen type IX alpha 2 chain	-1.22	4.17
213624_at	SMPDL3A	sphingomyelin phosphodiesterase acid like 3A	1.307	2.328
213626_at	CBR4	carbonyl reductase 4	-0.772	3.335
213629_x_at	MT1F	metallothionein 1F	-3.502	6.806
213634_s_at	TRMU	tRNA 5-methylaminomethyl-2-thiouridylate methyltransferase	-1.556	2.178
213646_x_at	TUBA1B	tubulin alpha 1b	0.746	3.807
213648_at	EXOSC7	exosome component 7	-0.678	3.273
213650_at	LOC101930583///GOLGA8B///GOLGA8A	uncharacterized LOC101930583///golgin A8 family member B///golgin A8 family member A	-1.056	2.403
213651_at	INPP5J	inositol polyphosphate-5-phosphatase J	-3.571	7.087
213652_at	PCSK5	proprotein convertase subtilisin/kexin type 5	2.733	2.794
213657_s_at			-1.527	6.14
213658_at			-1.344	5.069
213666_at	SEPT6	septin 6	-0.975	4.061
213681_at	CYHR1	cysteine and histidine rich 1	-0.983	2.971
213687_s_at	RPL35A	ribosomal protein L35a	0.81	3.832
213691_at	PTOV1-AS2	PTOV1 antisense RNA 2	1.143	1.981
213693_s_at	MUC1	mucin 1, cell surface associated	-2.699	3.129
213702_x_at	ASAH1	N-acylsphingosine amidohydrolase 1	-0.504	2.63
213705_at	GGCX	gamma-glutamyl carboxylase	-0.995	3.037
213706_at	GPD1	glycerol-3-phosphate dehydrogenase 1	-5.754	6.373
213713_s_at	GLB1L2	galactosidase beta 1 like 2	-1.188	3.914
213720_s_at	SMARCA4	SWI/SNF related, matrix associated, actin dependent regulator of chromatin, subfamily a, member 4	-0.601	2.655
213733_at	MYO1F	myosin IF	2.481	4.49
213735_s_at	COX5B	cytochrome c oxidase subunit 5B	-0.76	5.571
213736_at	COX5B	cytochrome c oxidase subunit 5B	-2.521	3.755
213738_s_at	ATP5A1	ATP synthase, H+ transporting, mitochondrial F1 complex, alpha subunit 1, cardiac muscle	-0.906	6.296
213746_s_at	FLNA	filamin A	0.927	2
213764_s_at	MFAP5	microfibrillar associated protein 5	-3.538	2.14
213776_at	LOC157562	uncharacterized LOC157562	1.589	2.069
213787_s_at	EBP	emopamil binding protein (sterol isomerase)	-1.021	4.294
213793_s_at	HOMER1	homer scaffolding protein 1	-2.224	3.9
213797_at	RSAD2	radical S-adenosyl methionine domain containing 2	2.139	4.501
213798_s_at	CAP1	adenylate cyclase associated protein 1	0.636	3.311
213813_x_at			-1.421	3.798
213839_at	CLMN	calmin	-1.659	3.472
213843_x_at	SLC6A8	solute carrier family 6 member 8	1.428	2.982
213845_at	GRIK2	glutamate ionotropic receptor kainate type subunit 2	-1.297	2.153
213849_s_at	PPP2R2B	protein phosphatase 2 regulatory subunit Bbeta	-1.22	2.578
213851_at	TMEM110	transmembrane protein 110	-1.065	2.34
213853_at	DNAJC24	DnaJ heat shock protein family (Hsp40) member C24	-1.048	3.291
213856_at	CD47	CD47 molecule	2.905	3.866
213857_s_at	CD47	CD47 molecule	0.666	2.96
213859_x_at	SMARCA5	SWI/SNF related, matrix associated, actin dependent regulator of chromatin, subfamily a, member 5	1.588	2.31
213864_s_at	NAP1L1	nucleosome assembly protein 1 like 1	1.11	6.483
213869_x_at	THY1	Thy-1 cell surface antigen	-1.25	2.834
213874_at	SERPINA4	serpin family A member 4	-0.892	1.987
213880_at	LGR5	leucine rich repeat containing G protein-coupled receptor 5	-3.516	3.886
213884_s_at	TRIM3	tripartite motif containing 3	2.035	2.977
213888_s_at	TRAF3IP3	TRAF3 interacting protein 3	1.483	2.039
213891_s_at	TCF4	transcription factor 4	2.393	4.421
213901_x_at	RBFOX2	RNA binding protein, fox-1 homolog 2	0.983	3.445
213906_at	MYBL1	MYB proto-oncogene like 1	3.793	3.393
213911_s_at	H2AFZ	H2A histone family member Z	0.93	4.24
213915_at	NKG7	natural killer cell granule protein 7	5.958	8.079
213917_at	PAX8	paired box 8	-1.666	6.016
213921_at	SST	somatostatin	4.479	2.57
213923_at	RAP2B	RAP2B, member of RAS oncogene family	1.195	5.992
213924_at	GNAL	G protein subunit alpha L	-2.04	3.594
213925_at	STUM	stum, mechanosensory transduction mediator homolog	-1.826	2.49
213929_at	EXPH5	exophilin 5	-1.15	2.462
213932_x_at	HLA-A	major histocompatibility complex, class I, A	0.505	3.055
213933_at	PTGER3	prostaglandin E receptor 3	-3.012	4.274
213954_at	FAM169A	family with sequence similarity 169 member A	-2.833	4.633
213967_at	RALYL	RALY RNA binding protein-like	-5.117	13.029
213970_at	RABL3	RAB, member of RAS oncogene family like 3	-0.457	2.115
213975_s_at	LYZ	lysozyme	3.728	7.363
213992_at	COL4A6	collagen type IV alpha 6 chain	-1.413	4.215
213995_at	ATP5S	ATP synthase, H+ transporting, mitochondrial Fo complex subunit s (factor B)	-0.807	2.654
214001_x_at	RPS10	ribosomal protein S10	-0.949	3.105
214002_at	MYL6	myosin light chain 6	-0.803	2.782
214022_s_at	IFITM1	interferon induced transmembrane protein 1	0.932	3.03
214023_x_at	TUBB2B	tubulin beta 2B class IIb	-2.932	5.48
214033_at	LOC101930322///ABCC6P2///ABCC6P1///ABCC6	multidrug resistance-associated protein 6-like///ATP binding cassette subfamily C member 6 pseudogene 2///ATP binding cassette subfamily C member 6 pseudogene 1///ATP binding cassette subfamily C member 6	-1.077	3.762
214041_x_at	RPL37A	ribosomal protein L37a	-1.392	3.168
214043_at	PTPRD	protein tyrosine phosphatase, receptor type D	-1.454	2.647
214053_at	ERBB4	erb-b2 receptor tyrosine kinase 4	-2.997	10.554
214066_x_at	NPR2	natriuretic peptide receptor 2	-1.194	2.422
214069_at	ACSM2B///ACSM2A	acyl-CoA synthetase medium-chain family member 2B///acyl-CoA synthetase medium-chain family member 2A	-1.977	3.613
214081_at	PLXDC1	plexin domain containing 1	1.088	2.28
214084_x_at	NCF1	neutrophil cytosolic factor 1	2.237	5.133
214088_s_at	FUT3	fucosyltransferase 3 (Lewis blood group)	-2.31	5.566
214091_s_at	GPX3	glutathione peroxidase 3	-1.751	3.148
214093_s_at	FUBP1	far upstream element binding protein 1	0.711	2.349
214095_at	SHMT2	serine hydroxymethyltransferase 2	1.922	2.813
214096_s_at	SHMT2	serine hydroxymethyltransferase 2	0.87	2.866
214106_s_at	GMDS	GDP-mannose 4,6-dehydratase	-0.946	2.021
214114_x_at	FASTK	Fas activated serine/threonine kinase	-0.508	2.386
214116_at	BTD	biotinidase	-0.98	2.282
214119_s_at	LOC101929368///FKBP1A	uncharacterized LOC101929368///FK506 binding protein 1A	1.137	2.261
214129_at	LOC101930416///LOC101929792///LOC100996724///PDE4DIP	myomegalin-like///uncharacterized LOC101929792///phosphodiesterase 4D interacting protein-like///phosphodiesterase 4D interacting protein	-0.714	2.72
214147_at	MROH7	maestro heat like repeat family member 7	-2.014	2.771
214149_s_at	ATP6V0E1	ATPase H+ transporting V0 subunit e1	-1.033	3.677
214150_x_at	ATP6V0E1	ATPase H+ transporting V0 subunit e1	-0.764	3.134
214157_at	GNAS	GNAS complex locus	-1.204	3.798
214163_at	HSPB11	heat shock protein family B (small) member 11	1.29	2.114
214164_x_at	CA12	carbonic anhydrase 12	-1.005	3.215
214167_s_at	RPLP0	ribosomal protein lateral stalk subunit P0	0.974	4.168
214170_x_at	FH	fumarate hydratase	-0.987	5.162
214179_s_at	NFE2L1	nuclear factor, erythroid 2 like 1	-0.613	2.4
214180_at	MAN1C1	mannosidase alpha class 1C member 1	-1.759	6.589
214181_x_at	LST1	leukocyte specific transcript 1	3.381	5.176
214184_at	NPFF	neuropeptide FF-amide peptide precursor	0.872	2.118
214187_x_at	CTDSPL	CTD small phosphatase like	-1.129	2.061
214204_at	PACRG	PARK2 coregulated	-1.448	3.838
214212_x_at	FERMT2	fermitin family member 2	-0.805	2.015
214228_x_at	TNFRSF4	TNF receptor superfamily member 4	3.003	4.707
214247_s_at	DKK3	dickkopf WNT signaling pathway inhibitor 3	1.464	2.33
214261_s_at	ADH6	alcohol dehydrogenase 6 (class V)	-2.881	6.071
214274_s_at	ACAA1	acetyl-CoA acyltransferase 1	-2.621	8.434
214280_x_at	HNRNPA1	heterogeneous nuclear ribonucleoprotein A1	0.69	1.997
214285_at	FABP3	fatty acid binding protein 3	-1.494	4.492
214290_s_at	HIST2H2AA4///HIST2H2AA3	histone cluster 2, H2aa4///histone cluster 2, H2aa3	2.034	2.273
214297_at	CSPG4	chondroitin sulfate proteoglycan 4	2.381	2.575
214307_at	HGD	homogentisate 1,2-dioxygenase	-1.501	4.149
214308_s_at	HGD	homogentisate 1,2-dioxygenase	-1.249	3.151
214316_x_at			-0.695	2.431
214324_at	GP2	glycoprotein 2	-2.279	2.635
214328_s_at	HSP90AA1	heat shock protein 90 alpha family class A member 1	-0.962	4.904
214333_x_at	IDH3G	isocitrate dehydrogenase 3 (NAD(+)) gamma	-0.717	2.908
214342_at	ATXN7L1	ataxin 7 like 1	-1.957	2.946
214347_s_at	DDC	dopa decarboxylase	-2.492	3.071
214350_at	SNTB2	syntrophin beta 2	-1.782	2.022
214351_x_at	SNORD68///RPL13	small nucleolar RNA, C/D box 68///ribosomal protein L13	1.064	3.986
214357_at	C1orf105	chromosome 1 open reading frame 105	-1.08	3.714
214358_at	ACACA	acetyl-CoA carboxylase alpha	-1.997	2.679
214366_s_at	ALOX5	arachidonate 5-lipoxygenase	3.744	5.004
214374_s_at	PPFIBP1	PPFIA binding protein 1	1.345	3.193
214389_at	SLC5A12	solute carrier family 5 member 12	-2.778	2.435
214395_x_at	EEF1D	eukaryotic translation elongation factor 1 delta	-1.159	2.995
214415_at	PLGLB1///PLGLB2	plasminogen-like B1///plasminogen-like B2	-1.48	2.504
214423_x_at	ALDOB	aldolase, fructose-bisphosphate B	-1.86	7.766
214424_s_at	ALDOB	aldolase, fructose-bisphosphate B	-1.837	4.17
214433_s_at	SELENBP1	selenium binding protein 1	-2.019	9.598
214434_at	HSPA12A	heat shock protein family A (Hsp70) member 12A	-1.048	3.429
214437_s_at	SHMT2	serine hydroxymethyltransferase 2	2.012	5.772
214438_at	HLX	H2.0 like homeobox	2.022	2.679
214439_x_at	BIN1	bridging integrator 1	-0.61	2.177
214440_at	NAT1	N-acetyltransferase 1	-0.567	2.165
214450_at	CTSW	cathepsin W	2.782	2.477
214451_at	TFAP2B	transcription factor AP-2 beta	-5.425	7.411
214453_s_at	IFI44	interferon induced protein 44	1.779	6.479
214459_x_at	HLA-C	major histocompatibility complex, class I, C	1.195	3.84
214464_at	CDC42BPA	CDC42 binding protein kinase alpha	-1.028	3.711
214467_at	GPR65	G protein-coupled receptor 65	1.96	3.945
214471_x_at	CGB1///LHB	chorionic gonadotropin beta subunit 1///luteinizing hormone beta polypeptide	-0.873	3.528
214474_at	PRKAB2	protein kinase AMP-activated non-catalytic subunit beta 2	-0.833	3.179
214475_x_at	CAPN3	calpain 3	-2.429	3.197
214482_at	ZBTB25	zinc finger and BTB domain containing 25	1.118	2.45
214487_s_at	RAP2B///RAP2A	RAP2B, member of RAS oncogene family///RAP2A, member of RAS oncogene family	2.415	3.452
214490_at	ARSF	arylsulfatase F	-1.524	3.325
214491_at	SSTR3	somatostatin receptor 3	-1.248	2.595
214496_x_at	KAT6B	lysine acetyltransferase 6B	-0.477	2.225
214505_s_at	FHL1	four and a half LIM domains 1	2.242	2.252
214511_x_at	FCGR1B	Fc fragment of IgG receptor Ib	1.787	2.58
214523_at	CEBPE	CCAAT/enhancer binding protein epsilon	-1.475	3.057
214532_x_at	POU5F1B	POU class 5 homeobox 1B	1.167	2.29
214540_at	HIST1H2BO	histone cluster 1, H2bo	2.048	2.17
214543_x_at	QKI	QKI, KH domain containing RNA binding	0.958	2.68
214558_at	GPR12	G protein-coupled receptor 12	-1.074	4.524
214562_at	HIST1H4L	histone cluster 1, H4l	1.717	2.011
214563_at	PCDHGC3	protocadherin gamma subfamily C, 3	2.564	3.698
214567_s_at	XCL2///XCL1	X-C motif chemokine ligand 2///X-C motif chemokine ligand 1	2.113	2.039
214574_x_at	LST1	leukocyte specific transcript 1	3.03	5.543
214578_s_at	ROCK1	Rho associated coiled-coil containing protein kinase 1	0.802	2.246
214588_s_at	MFAP3	microfibrillar associated protein 3	1.688	2.294
214598_at	CLDN8	claudin 8	-4.615	11.568
214600_at	TEAD1	TEA domain transcription factor 1	-1.133	3.07
214602_at	COL4A4	collagen type IV alpha 4 chain	-2.845	4.084
214604_at	HOXD11	homeobox D11	-1.126	2.826
214617_at	PRF1	perforin 1	2.101	3.668
214620_x_at	PAM	peptidylglycine alpha-amidating monooxygenase	1.098	2.79
214626_s_at	GANAB	glucosidase II alpha subunit	-1.201	3.412
214627_at	EPX	eosinophil peroxidase	-1.416	4.956
214629_x_at	RTN4	reticulon 4	-0.559	4.012
214632_at	NRP2	neuropilin 2	1.452	2.091
214641_at	COL4A3	collagen type IV alpha 3 chain	-1.188	4.965
214660_at	ITGA1	integrin subunit alpha 1	2.451	5.277
214665_s_at	CHP1	calcineurin like EF-hand protein 1	-0.635	2.506
214667_s_at	TP53I11	tumor protein p53 inducible protein 11	2.009	2.529
214681_at	GK	glycerol kinase	-1.494	3.044
214684_at	MEF2A	myocyte enhancer factor 2A	0.953	2.528
214685_at	NOP14-AS1	NOP14 antisense RNA 1	1.876	2.655
214687_x_at	ALDOA	aldolase, fructose-bisphosphate A	1.116	5.899
214691_x_at	FAM63B	family with sequence similarity 63 member B	1.36	2.401
214696_at	MIR22///MIR22HG	microRNA 22///MIR22 host gene	-1.464	3.705
214700_x_at	RIF1	replication timing regulatory factor 1	1.382	3.676
214720_x_at	SEPT10	septin 10	1.171	4.104
214734_at	EXPH5	exophilin 5	-0.752	2.686
214741_at	LOC100506639///ZNF131	uncharacterized LOC100506639///zinc finger protein 131	0.714	2.041
214746_s_at	ZNF467	zinc finger protein 467	-0.634	2.067
214748_at	N4BP2L2	NEDD4 binding protein 2 like 2	-0.83	2.081
214752_x_at	FLNA	filamin A	1.122	3.65
214763_at	ACOT11	acyl-CoA thioesterase 11	-1.544	6.398
214765_s_at	NAAA	N-acylethanolamine acid amidase	-0.823	2.161
214770_at	MSR1	macrophage scavenger receptor 1	2.707	3.225
214774_x_at	TOX3	TOX high mobility group box family member 3	-1.595	2.498
214778_at	MEGF8	multiple EGF like domains 8	-0.624	1.995
214779_s_at	SGSM3	small G protein signaling modulator 3	-0.64	2.658
214783_s_at	ANXA11	annexin A11	-0.662	2.476
214788_x_at	DDN	dendrin	-1.867	2.137
214792_x_at	VAMP2	vesicle associated membrane protein 2	-0.645	2.217
214794_at	PA2G4	proliferation-associated 2G4	0.711	2.114
214797_s_at	CDK18	cyclin dependent kinase 18	1.969	8.046
214803_at	CDH6	cadherin 6	1.515	2.593
214806_at	BICD1	BICD cargo adaptor 1	1.846	4.812
214820_at	BRWD1	bromodomain and WD repeat domain containing 1	1.473	2.847
214828_s_at	RRP7BP///RRP7A	ribosomal RNA processing 7 homolog B, pseudogene///ribosomal RNA processing 7 homolog A	1.094	2.143
214831_at	ELK4	ELK4, ETS transcription factor	2.027	2.077
214835_s_at	SUCLG2	succinate-CoA ligase GDP-forming beta subunit	-1.078	3.665
214842_s_at	ALB	albumin	-1.891	2.117
214843_s_at	USP33	ubiquitin specific peptidase 33	-0.744	1.992
214845_s_at	CALU	calumenin	1.66	1.983
214853_s_at	SHC1	SHC adaptor protein 1	1.086	4.924
214854_at			1.886	2.537
214857_at	RPARP-AS1	RPARP antisense RNA 1	-0.772	2.082
214864_s_at	GRHPR	glyoxylate and hydroxypyruvate reductase	-1.217	5.399
214870_x_at	LOC102724993///LOC101930075///NPIPA8///NPIPA7///NPIPA5///NPIPA2///NPIPA3///PKD1P1///NPIPA1	nuclear pore complex-interacting protein family member A7-like///polycystin-1-like///nuclear pore complex interacting protein family member A8///nuclear pore complex interacting protein family member A7///nuclear pore complex interacting protein family member A5///nuclear pore complex interacting protein family member A2///nuclear pore complex interacting protein family member A3///polycystin 1, transient receptor potential channel interacting pseudogene 1///nuclear pore complex interacting protein family member A1	0.808	2.027
214882_s_at	MIR636///SRSF2	microRNA 636///serine and arginine rich splicing factor 2	0.679	2.577
214888_at	CAPN2	calpain 2	-0.597	2.412
214891_at	FBXO21	F-box protein 21	-2.329	3.669
214895_s_at	ADAM10	ADAM metallopeptidase domain 10	2.277	3.41
214896_at	LINC01314	long intergenic non-protein coding RNA 1314	-1.655	3.368
214897_at			-2.179	4.551
214904_at	ZNF41	zinc finger protein 41	1.832	2.078
214910_s_at	APOM	apolipoprotein M	-2.621	8.027
214920_at	THSD7A	thrombospondin type 1 domain containing 7A	-0.927	2.053
214923_at	ATP6V1D	ATPase H+ transporting V1 subunit D	-0.571	2.756
214924_s_at	TRAK1	trafficking kinesin protein 1	-0.586	2.445
214930_at	SLITRK5	SLIT and NTRK like family member 5	2.351	2.083
214942_at	RBM34	RNA binding motif protein 34	-1.064	2.377
214949_at			1.153	4.219
214978_s_at	PPFIA4	PTPRF interacting protein alpha 4	4.443	7.195
214988_s_at	SON	SON DNA binding protein	0.573	2.457
214989_x_at	PLEKHA5	pleckstrin homology domain containing A5	-0.993	2.946
214991_s_at	PIGO	phosphatidylinositol glycan anchor biosynthesis class O	1.829	2.567
214996_at			0.825	1.979
215005_at	NECAB2	N-terminal EF-hand calcium binding protein 2	-2.753	4.808
215028_at	SEMA6A	semaphorin 6A	1.823	3.241
215046_at	KANSL1L	KAT8 regulatory NSL complex subunit 1 like	0.992	3.572
215049_x_at	CD163	CD163 molecule	1.654	3.329
215059_at			-5.165	6.781
215067_x_at	PRDX2	peroxiredoxin 2	-0.826	2.004
215076_s_at	COL3A1	collagen type III alpha 1 chain	1.623	2.472
215084_s_at	LRRC42	leucine rich repeat containing 42	0.778	2
215088_s_at	SDHC	succinate dehydrogenase complex subunit C	-1.054	5.922
215093_at	NSDHL	NAD(P) dependent steroid dehydrogenase-like	-0.696	1.99
215111_s_at	TSC22D1	TSC22 domain family member 1	0.633	2.026
215115_x_at	NTRK3	neurotrophic receptor tyrosine kinase 3	-0.779	2.202
215125_s_at	UGT1A3///UGT1A1///UGT1A4///UGT1A9///UGT1A5///UGT1A6///UGT1A7///UGT1A8///UGT1A10	UDP glucuronosyltransferase family 1 member A3///UDP glucuronosyltransferase family 1 member A1///UDP glucuronosyltransferase family 1 member A4///UDP glucuronosyltransferase family 1 member A9///UDP glucuronosyltransferase family 1 member A5///UDP glucuronosyltransferase family 1 member A6///UDP glucuronosyltransferase family 1 member A7///UDP glucuronosyltransferase family 1 member A8///UDP glucuronosyltransferase family 1 member A10	-1.545	3.027
215126_at	LINC01314	long intergenic non-protein coding RNA 1314	-1.155	4.527
215129_at	PIK3C2G	phosphatidylinositol-4-phosphate 3-kinase catalytic subunit type 2 gamma	-2.128	3.394
215143_at	DPY19L2P2	DPY19L2 pseudogene 2	1.683	2.408
215164_at			1.959	2.917
215193_x_at	LOC101060835///LOC100996809///HLA-DRB4///HLA-DRB3///HLA-DRB1///HLA-DQB1	HLA class II histocompatibility antigen, DQ beta 1 chain-like///HLA class II histocompatibility antigen, DRB1-10 beta chain-like///major histocompatibility complex, class II, DR beta 4///major histocompatibility complex, class II, DR beta 3///major histocompatibility complex, class II, DR beta 1///major histocompatibility complex, class II, DQ beta 1	2.128	5.487
215203_at	GOLGA4	golgin A4	-0.728	2.093
215206_at			-0.626	2.014
215210_s_at	DLST	dihydrolipoamide S-succinyltransferase	-0.772	2.187
215226_at	EXPH5	exophilin 5	-1.082	3.004
215234_at	DYRK1A	dual specificity tyrosine phosphorylation regulated kinase 1A	-1.13	2.267
215244_at	DGCR5	DiGeorge syndrome critical region gene 5 (non-protein coding)	2.237	5.084
215247_at	LOC100288570	glycosylphosphatidylinositol anchor attachment protein 1 homolog (yeast) pseudogene	-1.317	2.346
215256_x_at	ARHGAP33	Rho GTPase activating protein 33	-1.829	2.451
215262_at			-2.116	2.785
215264_at	EMX1	empty spiracles homeobox 1	-2.444	4.155
215265_at	EMX1	empty spiracles homeobox 1	-2.17	4.546
215274_at	SLC12A3	solute carrier family 12 member 3	-2.746	8.653
215300_s_at	FMO5	flavin containing monooxygenase 5	-1.808	2.355
215304_at			-1.51	2.136
215313_x_at	HLA-A	major histocompatibility complex, class I, A	0.766	4.507
215314_at			-0.941	2.659
215342_s_at	RABGAP1L	RAB GTPase activating protein 1 like	-1.303	2.36
215346_at	CD40	CD40 molecule	2.063	3.116
215354_s_at	PELP1	proline, glutamate and leucine rich protein 1	-0.648	2.096
215370_at			-1.008	2.227
215372_x_at	MAGI1	membrane associated guanylate kinase, WW and PDZ domain containing 1	-1.03	2.627
215382_x_at	TPSAB1	tryptase alpha/beta 1	3.229	2.899
215389_s_at	TNNT2	troponin T2, cardiac type	-2.296	4.998
215393_s_at	COBLL1	cordon-bleu WH2 repeat protein like 1	-1.272	3.023
215404_x_at	FGFR1	fibroblast growth factor receptor 1	-0.716	2.749
215408_at			-2.38	3.329
215411_s_at	TRAF3IP2	TRAF3 interacting protein 2	2.488	5.284
215435_at			0.935	2.135
215482_s_at	EIF2B4	eukaryotic translation initiation factor 2B subunit delta	-0.656	2.323
215485_s_at	ICAM1	intercellular adhesion molecule 1	-0.733	2.576
215493_x_at	BTN2A1	butyrophilin subfamily 2 member A1	0.496	2.165
215499_at	LOC100996792///MAP2K3	dual specificity mitogen-activated protein kinase kinase 3///mitogen-activated protein kinase kinase 3	-0.699	2.714
215506_s_at	DIRAS3	DIRAS family GTPase 3	-1.579	2.005
215526_at			-1.756	2.379
215541_s_at	DIAPH1	diaphanous related formin 1	-0.913	4.472
215553_x_at			-0.522	2.568
215557_at			-0.708	2.498
215559_at	LOC101930322///ABCC6	multidrug resistance-associated protein 6-like///ATP binding cassette subfamily C member 6	-2.383	6.268
215563_s_at	MST1L	macrophage stimulating 1 like	-2.084	4.346
215566_x_at	LYPLA2	lysophospholipase II	-0.572	2.228
215582_x_at	MCM3AP	minichromosome maintenance complex component 3 associated protein	-0.625	2.123
215584_at	HECW1	HECT, C2 and WW domain containing E3 ubiquitin protein ligase 1	-0.964	2.835
215595_x_at			-1.523	2.407
215596_s_at	LTN1	listerin E3 ubiquitin protein ligase 1	0.661	2.429
215604_x_at			-0.628	2.103
215618_at	RSU1	Ras suppressor protein 1	-1.486	2.113
215626_at			3.543	5.286
215633_x_at	LST1	leukocyte specific transcript 1	2.764	7.257
215646_s_at	VCAN	versican	3.894	2.348
215660_s_at	MAST2	microtubule associated serine/threonine kinase 2	-2.182	2.67
215686_x_at	TFAP2B	transcription factor AP-2 beta	-2.648	4.513
215690_x_at	GPAA1	glycosylphosphatidylinositol anchor attachment 1	-0.755	2.31
215692_s_at	MPPED2	metallophosphoesterase domain containing 2	-2.059	3.541
215693_x_at	DDX27	DEAD-box helicase 27	-0.585	3.31
215695_s_at	GYG2	glycogenin 2	-1.584	3.196
215706_x_at	ZYX	zyxin	0.978	2.361
215708_s_at	PRIM2B///PRIM2	primase (DNA) subunit 2 pseudogene///primase (DNA) subunit 2	1.494	2.729
215719_x_at	FAS	Fas cell surface death receptor	3.299	5.111
215720_s_at	NFYA	nuclear transcription factor Y subunit alpha	2.394	3.214
215721_at	LOC100293211///IGHG1	uncharacterized LOC100293211///immunoglobulin heavy constant gamma 1 (G1m marker)	-2.148	2.424
215749_s_at	GORASP1	golgi reassembly stacking protein 1	-0.455	2.309
215757_at	PRKDC	protein kinase, DNA-activated, catalytic polypeptide	-1.82	2.086
215772_x_at	SUCLG2	succinate-CoA ligase GDP-forming beta subunit	-1.104	4
215783_s_at	ALPL	alkaline phosphatase, liver/bone/kidney	-1.335	2.695
215785_s_at	CYFIP2	cytoplasmic FMR1 interacting protein 2	-2.262	8.46
215786_at			0.798	2.393
215807_s_at	PLXNB1	plexin B1	-1.765	4.291
215812_s_at	SLC6A10PB///SLC6A10P///SLC6A8	solute carrier family 6 member 8 pseudogene///solute carrier family 6 member 10, pseudogene///solute carrier family 6 member 8	1.365	3.134
215834_x_at	SCARB1	scavenger receptor class B member 1	2.759	4.628
215836_s_at	PCDHGA1///PCDHGA2///PCDHGA3///PCDHGA4///PCDHGA5///PCDHGA6///PCDHGA7///PCDHGA9///PCDHGA10///PCDHGA11///PCDHGB1///PCDHGB2///PCDHGB3///PCDHGB5///PCDHGB6///PCDHGB7///PCDHGC4///PCDHGC5///PCDHGA12///PCDHGA8///PCDHGB4///PCDHGC3	protocadherin gamma subfamily A, 1///protocadherin gamma subfamily A, 2///protocadherin gamma subfamily A, 3///protocadherin gamma subfamily A, 4///protocadherin gamma subfamily A, 5///protocadherin gamma subfamily A, 6///protocadherin gamma subfamily A, 7///protocadherin gamma subfamily A, 9///protocadherin gamma subfamily A, 10///protocadherin gamma subfamily A, 11///protocadherin gamma subfamily B, 1///protocadherin gamma subfamily B, 2///protocadherin gamma subfamily B, 3///protocadherin gamma subfamily B, 5///protocadherin gamma subfamily B, 6///protocadherin gamma subfamily B, 7///protocadherin gamma subfamily C, 4///protocadherin gamma subfamily C, 5///protocadherin gamma subfamily A, 12///protocadherin gamma subfamily A, 8///protocadherin gamma subfamily B, 4///protocadherin gamma subfamily C, 3	0.881	3.423
215842_s_at	ATP11A	ATPase phospholipid transporting 11A	1.541	2.117
215867_x_at	CA12	carbonic anhydrase 12	-0.973	3.556
215879_at	ITGB1	integrin subunit beta 1	2.162	2.329
215903_s_at	MAST2	microtubule associated serine/threonine kinase 2	-0.754	3.271
215916_at	CHRNE	cholinergic receptor nicotinic epsilon subunit	-1.071	3.391
215927_at	ARFGEF2	ADP ribosylation factor guanine nucleotide exchange factor 2	1.113	2.189
215933_s_at	HHEX	hematopoietically expressed homeobox	1.703	4.496
215936_s_at	KIAA1033	KIAA1033	0.895	2.786
215945_s_at	TRIM2	tripartite motif containing 2	-0.615	2.096
215955_x_at	ARHGAP26	Rho GTPase activating protein 26	2.615	3.502
215977_x_at	GK	glycerol kinase	-1.718	3.468
215984_s_at	ARFRP1	ADP ribosylation factor related protein 1	1.535	2.855
216003_at	CDRT1	CMT1A duplicated region transcript 1	-2.209	2.743
216012_at			-1.927	6.084
216022_at			-1.583	3.044
216028_at	DKFZP564C152	DKFZP564C152 protein	-0.753	2.431
216035_x_at	TCF7L2	transcription factor 7 like 2	0.588	2.872
216039_at	GABRA2	gamma-aminobutyric acid type A receptor alpha2 subunit	-2.601	5.116
216040_x_at			-1.042	2.044
216051_x_at	PRINS	psoriasis associated non-protein coding RNA induced by stress	-0.982	4.397
216074_x_at	WWC1	WW and C2 domain containing 1	-2.202	2.262
216079_at	EPM2A	epilepsy, progressive myoclonus type 2A, Lafora disease (laforin)	-1.678	2.606
216080_s_at	FADS3	fatty acid desaturase 3	1.63	2.041
216084_at	FAM205BP	transmembrane protein C9orf144B pseudogene	-2.521	2.424
216092_s_at	SLC7A8	solute carrier family 7 member 8	-3.547	9.005
216100_s_at	TOR1AIP1	torsin 1A interacting protein 1	2.049	2.155
216126_at	LINC00663	long intergenic non-protein coding RNA 663	-0.511	2.593
216128_at	LOC101929597///TBCD	uncharacterized LOC101929597///tubulin folding cofactor D	-1.088	2.923
216139_s_at	MAPK8IP3	mitogen-activated protein kinase 8 interacting protein 3	2.03	3.004
216147_at			1.358	2.11
216188_at	MYCNOS	MYCN opposite strand	-1.681	2.819
216191_s_at	TRDV3	T cell receptor delta variable 3	2.266	3.889
216202_s_at	SPTLC2	serine palmitoyltransferase long chain base subunit 2	0.898	2.571
216206_x_at	MAP2K7	mitogen-activated protein kinase kinase 7	-1.072	2.967
216219_at	AQP6	aquaporin 6	-2.209	8.118
216222_s_at	MYO10	myosin X	-1.688	3.584
216223_at	CPN2	carboxypeptidase N subunit 2	-1.872	2.057
216231_s_at	B2M	beta-2-microglobulin	0.904	5.202
216233_at	CD163	CD163 molecule	2.133	2.102
216236_s_at	SLC2A14///SLC2A3	solute carrier family 2 member 14///solute carrier family 2 member 3	1.476	4.46
216237_s_at	MCM5	minichromosome maintenance complex component 5	2.712	3.891
216246_at			-0.814	2.504
216250_s_at	LPXN	leupaxin	0.97	3.232
216252_x_at	FAS	Fas cell surface death receptor	1.992	6.017
216255_s_at	GRM8	glutamate metabotropic receptor 8	2.341	2.716
216268_s_at	JAG1	jagged 1	1.15	3.538
216271_x_at	SYDE1	synapse defective Rho GTPase homolog 1	1.374	2.441
216304_x_at	YME1L1	YME1 like 1 ATPase	0.534	2.19
216308_x_at	GRHPR	glyoxylate and hydroxypyruvate reductase	-1.276	4.454
216316_x_at	GK6P	glycerol kinase 6 pseudogene	-1.195	2.476
216320_x_at	MST1	macrophage stimulating 1	-1.278	2.643
216321_s_at	NR3C1	nuclear receptor subfamily 3 group C member 1	1.151	5.843
216336_x_at	MT1E	metallothionein 1E	-2.067	4.074
216347_s_at	PPP1R13B	protein phosphatase 1 regulatory subunit 13B	-0.677	2.491
216381_x_at	AKR7A3	aldo-keto reductase family 7 member A3	-1.331	5.339
216392_s_at	SEC23IP	SEC23 interacting protein	0.536	1.983
216396_s_at	EI24	EI24, autophagy associated transmembrane protein	-0.522	1.997
216398_at	GYPB	glycophorin B (MNS blood group)	-0.89	2.064
216410_at			-1.373	2.01
216416_at			-1.607	2.351
216438_s_at	TMSB4X	thymosin beta 4, X-linked	0.753	4.192
216442_x_at	FN1	fibronectin 1	2.343	6.332
216445_at	PRDM2	PR/SET domain 2	-1.216	2.268
216452_at	TRPM3	transient receptor potential cation channel subfamily M member 3	-1.62	5.166
216456_at			-2.041	2.132
216465_at			-1.508	2.058
216474_x_at	TPSB2///TPSAB1	tryptase beta 2 (gene/pseudogene)///tryptase alpha/beta 1	1.673	2.358
216475_at			-0.578	2.075
216481_at	GRIP2	glutamate receptor interacting protein 2	-1.129	2.147
216488_s_at	ATP11A	ATPase phospholipid transporting 11A	2.786	4.185
216492_at	KIR3DX1	killer cell immunoglobulin like receptor, three Ig domains X1	-0.856	2.244
216502_at	ISG20L2	interferon stimulated exonuclease gene 20 like 2	-0.756	2.272
216511_s_at	TCF7L2	transcription factor 7 like 2	0.766	3.282
216524_x_at			-0.585	2.195
216526_x_at	HLA-C	major histocompatibility complex, class I, C	0.969	4.534
216546_s_at	CHI3L1	chitinase 3 like 1	-1.31	2.04
216559_x_at			0.845	2.356
216564_at			-1.518	2.564
216565_x_at			0.713	2.71
216569_at	FABP3P2	fatty acid binding protein 3 pseudogene 2	-1.77	2.981
216579_at	GJB4	gap junction protein beta 4	-1.004	2.058
216587_s_at	MIR4683///FZD8	microRNA 4683///frizzled class receptor 8	2.461	2.657
216593_s_at	PIGC	phosphatidylinositol glycan anchor biosynthesis class C	1.581	3.976
216599_x_at	SLC22A6	solute carrier family 22 member 6	-5.82	5.372
216600_x_at	ALDOB	aldolase, fructose-bisphosphate B	-1.704	7.098
216602_s_at	FARSA	phenylalanyl-tRNA synthetase alpha subunit	0.861	2.328
216604_s_at	SLC7A8	solute carrier family 7 member 8	-1.631	2.073
216607_s_at	LRRD1///CYP51A1	leucine rich repeats and death domain containing 1///cytochrome P450 family 51 subfamily A member 1	-0.639	2.246
216609_at	TXN	thioredoxin	-0.825	2.152
216610_at	SLC6A2	solute carrier family 6 member 2	-1.452	2.339
216614_at			-1.397	3.176
216620_s_at	ARHGEF10	Rho guanine nucleotide exchange factor 10	1.264	3.032
216623_x_at	TOX3	TOX high mobility group box family member 3	-1.719	3.166
216628_at			1.122	2.373
216637_at			-1.161	2.286
216638_s_at	PRLR	prolactin receptor	-1.817	2.949
216641_s_at	LAD1	ladinin 1	-2.201	4.184
216645_at	TCF3	transcription factor 3	-0.72	2.575
216647_at	TCF3	transcription factor 3	-1.686	3.627
216660_at	MYO7B	myosin VIIB	-2.167	2.964
216680_s_at	EPHB4	EPH receptor B4	-0.827	2.23
216696_s_at	PRODH2	proline dehydrogenase 2	-3.377	11.532
216699_s_at	KLK1	kallikrein 1	-2.789	6.424
216705_s_at	ADA	adenosine deaminase	1.707	2.949
216733_s_at	GATM	glycine amidinotransferase	-1.45	3.871
216762_at			-1.063	2.219
216790_at			1.627	2.765
216791_at			-0.841	2.03
216794_at	LOC100289518	immunoglobin superfamily member 21 pseudogene	-2.611	3.928
216816_at			-0.949	2.565
216830_at	LOC101929047///HERC2P10///HERC2	uncharacterized LOC101929047///hect domain and RLD 2 pseudogene 10///HECT and RLD domain containing E3 ubiquitin protein ligase 2	-1.682	2.066
216834_at	RGS1	regulator of G-protein signaling 1	4.075	5.58
216836_s_at	ERBB2	erb-b2 receptor tyrosine kinase 2	-1.187	5.773
216859_x_at			-1.535	3.176
216870_x_at	DLEU2	deleted in lymphocytic leukemia 2 (non-protein coding)	1.28	3.689
216881_x_at	PRB4	proline rich protein BstNI subfamily 4	-1.173	2.525
216892_at	IGHG1	immunoglobulin heavy constant gamma 1 (G1m marker)	2.081	2.043
216894_x_at	CDKN1C	cyclin dependent kinase inhibitor 1C	-1.752	4.048
216899_s_at	SKAP2	src kinase associated phosphoprotein 2	1.707	7.399
216902_s_at	RRN3P1///RRN3P2///RRN3	RRN3 homolog, RNA polymerase I transcription factor pseudogene 1///RRN3 homolog, RNA polymerase I transcription factor pseudogene 2///RRN3 homolog, RNA polymerase I transcription factor	1.089	2.751
216903_s_at	MICU1	mitochondrial calcium uptake 1	-0.527	1.978
216910_at	XPNPEP2	X-prolyl aminopeptidase 2	-4.753	8.345
216915_s_at	PTPN12	protein tyrosine phosphatase, non-receptor type 12	2.434	3.259
216929_x_at	ABO	ABO blood group (transferase A, alpha 1-3-N-acetylgalactosaminyltransferase; transferase B, alpha 1-3-galactosyltransferase)	-1.243	2.347
216936_at			-0.975	2.258
216942_s_at	CD58	CD58 molecule	1.168	3.525
216950_s_at	FCGR1CP///FCGR1B///FCGR1A	Fc fragment of IgG receptor Ic, pseudogene///Fc fragment of IgG receptor Ib///Fc fragment of IgG receptor Ia	1.66	4.038
216954_x_at	ATP5O	ATP synthase, H+ transporting, mitochondrial F1 complex, O subunit	-0.774	2.774
216958_s_at	IVD	isovaleryl-CoA dehydrogenase	-0.7	2.849
216971_s_at	PLEC	plectin	3.082	2.271
216975_x_at	NPAS1	neuronal PAS domain protein 1	-1.561	2.026
216993_s_at	COL11A2	collagen type XI alpha 2 chain	-0.678	2.299
216997_x_at	TLE4	transducin like enhancer of split 4	1.668	1.992
216998_s_at	ADAM5	ADAM metallopeptidase domain 5 (pseudogene)	-1.429	3.162
217007_s_at	ADAM15	ADAM metallopeptidase domain 15	1.865	2.608
217014_s_at	AZGP1P1///AZGP1	alpha-2-glycoprotein 1, zinc-binding pseudogene 1///alpha-2-glycoprotein 1, zinc-binding	-1.402	4.413
217024_x_at			2.053	2.315
217026_at	CFTR	cystic fibrosis transmembrane conductance regulator	-1.558	2.712
217028_at	CXCR4	C-X-C motif chemokine receptor 4	3.752	8.14
217033_x_at	NTRK3	neurotrophic receptor tyrosine kinase 3	-0.745	2.028
217038_at			-1.133	2.04
217040_x_at	SOX15	SRY-box 15	-0.787	3.124
217043_s_at	MFN1	mitofusin 1	0.966	3.399
217047_s_at	FAM13A	family with sequence similarity 13 member A	0.807	2.909
217078_s_at	CD300A	CD300a molecule	4.277	5.126
217109_at	MUC4	mucin 4, cell surface associated	1.802	2.319
217118_s_at	KIAA0930	KIAA0930	0.818	3.639
217126_at			2.203	2.072
217127_at	CTH	cystathionine gamma-lyase	-1.807	3.553
217149_x_at	TNK1	tyrosine kinase non receptor 1	-0.663	2.512
217165_x_at	MT1F	metallothionein 1F	-3.578	6.236
217166_at			-0.94	2.175
217167_x_at	GK	glycerol kinase	-1.928	3.66
217185_s_at	ZNF259P1///ZPR1	zinc finger protein 259 pseudogene 1///ZPR1 zinc finger	1.364	2.765
217187_at	MUC5AC	mucin 5AC, oligomeric mucus/gel-forming	-0.795	2.785
217192_s_at	PRDM1	PR/SET domain 1	1.864	3.856
217194_at	RASAL2	RAS protein activator like 2	-2.806	2.133
217196_s_at	CAMSAP2	calmodulin regulated spectrin associated protein family member 2	1.099	4.004
217211_at	ACTBP9	actin, beta pseudogene 9	1.96	4.043
217219_at	DKFZP434A062	uncharacterized LOC26102	-1.202	2.066
217226_s_at	SFXN3	sideroflexin 3	1.045	3.364
217238_s_at	ALDOB	aldolase, fructose-bisphosphate B	-4.323	6.476
217257_at	SH3BP2	SH3 domain binding protein 2	2.782	2.981
217272_s_at	SERPINB13	serpin family B member 13	-2.268	3.057
217294_s_at	ENO1	enolase 1	2.458	2.786
217297_s_at	MYO9B	myosin IXB	3.038	6.01
217309_s_at	DSCR3	DSCR3 arrestin fold containing	1.297	2.368
217313_at			1.634	3.583
217319_x_at	CYP4A22///CYP4A11	cytochrome P450 family 4 subfamily A member 22///cytochrome P450 family 4 subfamily A member 11	-3.701	5.712
217329_x_at			-0.923	3.045
217331_at			-0.746	2.306
217345_at	SMNP	survival of motor neuron 1, telomeric pseudogene	-2.225	3.418
217347_at			-1.006	3.409
217348_x_at	ARHGEF15	Rho guanine nucleotide exchange factor 15	-0.745	2.741
217356_s_at	PGK1	phosphoglycerate kinase 1	1.986	7.572
217367_s_at	ZHX3	zinc fingers and homeoboxes 3	-0.854	3.424
217371_s_at	IL15	interleukin 15	1.784	2.822
217373_x_at	MDM2	MDM2 proto-oncogene	1.679	2.237
217377_x_at	NTRK3	neurotrophic receptor tyrosine kinase 3	-0.988	3.569
217379_at			1.045	3.682
217388_s_at	KYNU	kynureninase	-1.168	2.918
217403_s_at	ZNF227	zinc finger protein 227	1.651	3.679
217406_at			-0.824	2.363
217419_x_at	AGRN	agrin	0.954	2.366
217425_at	MC2R	melanocortin 2 receptor	1.409	1.981
217430_x_at	COL1A1	collagen type I alpha 1 chain	1.276	4.206
217436_x_at	HLA-J	major histocompatibility complex, class I, J (pseudogene)	1.479	3.563
217449_at			1.591	2.123
217462_at	MYRF	myelin regulatory factor	-1.074	2.19
217466_x_at	SNORA64///RPS2	small nucleolar RNA, H/ACA box 64///ribosomal protein S2	1.923	5.765
217467_at	BTF3P13	basic transcription factor 3 pseudogene 13	1.61	2.174
217478_s_at	HLA-DMA	major histocompatibility complex, class II, DM alpha	1.817	5.632
217481_x_at	SHISA6	shisa family member 6	-1.122	2.299
217488_x_at	PMS2P3	PMS1 homolog 2, mismatch repair system component pseudogene 3	-1.352	1.983
217492_s_at	PTENP1///PTEN	phosphatase and tensin homolog pseudogene 1///phosphatase and tensin homolog	0.918	3.448
217499_x_at	OR7E37P	olfactory receptor family 7 subfamily E member 37 pseudogene	-0.712	3.446
217502_at	IFIT2	interferon induced protein with tetratricopeptide repeats 2	1.02	2.791
217509_x_at	GRIK5	glutamate ionotropic receptor kainate type subunit 5	-1.145	3.469
217512_at	KNG1	kininogen 1	-4.029	9.545
217513_at	MILR1	mast cell immunoglobulin like receptor 1	2.136	1.98
217518_at	MYOF	myoferlin	1.487	2.108
217530_at	SLC34A1	solute carrier family 34 member 1	-1.895	2.523
217534_at	FAM49B	family with sequence similarity 49 member B	-1.746	2.142
217549_at	NCKAP1L	NCK associated protein 1 like	2.988	5.089
217551_at	OR7E14P	olfactory receptor family 7 subfamily E member 14 pseudogene	-1.238	3.7
217568_at	EDDM3A	epididymal protein 3A	-1.63	3.498
217582_at			-1.47	2.66
217583_at	LOC101929036///PAH	uncharacterized LOC101929036///phenylalanine hydroxylase	-4.03	4.229
217592_at	ZSWIM1	zinc finger SWIM-type containing 1	-0.858	2.975
217601_at	NUP188	nucleoporin 188	-2.081	3.689
217608_at	SREK1IP1	SREK1 interacting protein 1	0.763	2.801
217611_at	ERICH1	glutamate rich 1	-2.575	2.821
217622_at	RHBDD3	rhomboid domain containing 3	-1.186	2.878
217627_at	ZNF573	zinc finger protein 573	0.768	2.033
217645_at	SYNJ2BP-COX16///COX16	SYNJ2BP-COX16 readthrough///COX16, cytochrome c oxidase assembly homolog	-0.949	5.221
217661_x_at	SIX5	SIX homeobox 5	-1.166	2.15
217676_at			-1.683	3.645
217679_x_at			-0.551	2
217691_x_at	MIR6787///SLC16A3	microRNA 6787///solute carrier family 16 member 3	1.056	2.827
217692_at	MAGOH2P	mago homolog 2, pseudogene	-1.858	2.536
217696_at	FUT7	fucosyltransferase 7	-1.124	2.319
217700_at	CNPY4	canopy FGF signaling regulator 4	-1.828	2.612
217722_s_at	NGRN	neugrin, neurite outgrowth associated	-0.552	2.439
217725_x_at	SERBP1	SERPINE1 mRNA binding protein 1	1.02	4.678
217733_s_at	TMSB10	thymosin beta 10	1.503	9.439
217734_s_at	WDR6	WD repeat domain 6	-0.64	2.591
217739_s_at	NAMPT	nicotinamide phosphoribosyltransferase	0.935	3.17
217741_s_at	ZFAND5	zinc finger AN1-type containing 5	1.085	2.3
217742_s_at	WAC	WW domain containing adaptor with coiled-coil	0.612	2.771
217754_at	DDX56	DEAD-box helicase 56	-0.575	2.013
217757_at	A2M	alpha-2-macroglobulin	1.181	3.67
217761_at	ADI1	acireductone dioxygenase 1	-1.877	6.746
217762_s_at	RAB31	RAB31, member RAS oncogene family	1.759	6.157
217763_s_at	RAB31	RAB31, member RAS oncogene family	0.978	2.355
217764_s_at	RAB31	RAB31, member RAS oncogene family	1.144	5.34
217765_at	NRBP1	nuclear receptor binding protein 1	0.951	2.662
217767_at	C3	complement component 3	4.295	3.827
217772_s_at	MTCH2	mitochondrial carrier 2	-0.69	2.294
217773_s_at	NDUFA4	NDUFA4, mitochondrial complex associated	-1.195	8.705
217774_s_at	TRMT112	tRNA methyltransferase 11-2 homolog (S. cerevisiae)	0.495	2.296
217775_s_at	RDH11	retinol dehydrogenase 11 (all-trans/9-cis/11-cis)	-2.003	8.205
217789_at	SNX6	sorting nexin 6	1.198	3.402
217791_s_at	ALDH18A1	aldehyde dehydrogenase 18 family member A1	1.181	3.452
217793_at	RAB11B	RAB11B, member RAS oncogene family	-0.849	2.987
217795_s_at	TMEM43	transmembrane protein 43	0.537	2.354
217796_s_at	NPLOC4	NPL4 homolog, ubiquitin recognition factor	-0.954	4.579
217801_at	ATP5E	ATP synthase, H+ transporting, mitochondrial F1 complex, epsilon subunit	-0.624	2.575
217802_s_at	NUCKS1	nuclear casein kinase and cyclin dependent kinase substrate 1	-0.564	3.858
217806_s_at	POLDIP2	DNA polymerase delta interacting protein 2	-1.324	6.294
217808_s_at	MAPKAP1	mitogen-activated protein kinase associated protein 1	-0.569	2.456
217811_at	SELT	selenoprotein T	0.962	3.012
217814_at	CCDC47	coiled-coil domain containing 47	0.731	3.73
217816_s_at	PCNP	PEST proteolytic signal containing nuclear protein	0.909	2.977
217817_at	ARPC4	actin related protein 2/3 complex subunit 4	-0.696	2.436
217821_s_at	WBP11	WW domain binding protein 11	1.266	4.118
217823_s_at	UBE2J1	ubiquitin conjugating enzyme E2 J1	1.221	3.96
217826_s_at	UBE2J1	ubiquitin conjugating enzyme E2 J1	1.128	3.174
217829_s_at	USP39	ubiquitin specific peptidase 39	1.442	2.285
217836_s_at	YY1AP1	YY1 associated protein 1	0.681	2.05
217838_s_at	EVL	Enah/Vasp-like	1.042	6.44
217845_x_at	HIGD1A	HIG1 hypoxia inducible domain family member 1A	-1.045	3.179
217846_at	MIR6890///QARS	microRNA 6890///glutaminyl-tRNA synthetase	-0.547	2.538
217860_at	NDUFA10	NADH:ubiquinone oxidoreductase subunit A10	-0.595	2.11
217863_at	PIAS1	protein inhibitor of activated STAT 1	0.893	2.73
217867_x_at	BACE2	beta-site APP-cleaving enzyme 2	-1.3	2.372
217869_at	HSD17B12	hydroxysteroid 17-beta dehydrogenase 12	-0.61	2.184
217871_s_at	MIF	macrophage migration inhibitory factor (glycosylation-inhibiting factor)	0.632	2.126
217874_at	SUCLG1	succinate-CoA ligase alpha subunit	-2.346	11.262
217880_at	CDC27	cell division cycle 27	0.914	2.691
217881_s_at	CDC27	cell division cycle 27	1.288	2.062
217885_at	IPO9	importin 9	0.519	2.807
217887_s_at	EPS15	epidermal growth factor receptor pathway substrate 15	0.793	3.965
217888_s_at	ARFGAP1	ADP ribosylation factor GTPase activating protein 1	-0.509	2.23
217893_s_at	AKIRIN1	akirin 1	-1.306	2.65
217894_at	KCTD3	potassium channel tetramerization domain containing 3	1.247	3.192
217901_at	DSG2	desmoglein 2	0.617	2.023
217911_s_at	BAG3	BCL2 associated athanogene 3	-0.85	3.474
217912_at	DUS1L	dihydrouridine synthase 1 like	-0.753	3.301
217914_at	TPCN1	two pore segment channel 1	-1.206	6.108
217915_s_at	RSL24D1	ribosomal L24 domain containing 1	1.052	4.686
217916_s_at	FAM49B	family with sequence similarity 49 member B	0.781	1.993
217927_at	SPCS1	signal peptidase complex subunit 1	-0.825	4.248
217931_at	CNPY3	canopy FGF signaling regulator 3	0.861	2.37
217935_s_at	UQCC1	ubiquinol-cytochrome c reductase complex assembly factor 1	-0.718	2.582
217940_s_at	NAXD	NAD(P)HX dehydratase	-0.659	2.21
217942_at	MRPS35	mitochondrial ribosomal protein S35	-0.837	5.125
217943_s_at	MAP7D1	MAP7 domain containing 1	0.797	2.392
217945_at	BTBD1	BTB domain containing 1	0.462	2.548
217949_s_at	VKORC1	vitamin K epoxide reductase complex subunit 1	0.937	4.372
217960_s_at	TOMM22	translocase of outer mitochondrial membrane 22	1.608	2.462
217961_at	SLC25A38	solute carrier family 25 member 38	-0.578	2.37
217963_s_at	BEX3	brain expressed X-linked 3	-0.853	5.452
217965_s_at	SAP30BP	SAP30 binding protein	0.827	3.859
217966_s_at	FAM129A	family with sequence similarity 129 member A	1.137	2.885
217967_s_at	FAM129A	family with sequence similarity 129 member A	1.018	3.707
217970_s_at	CNOT6	CCR4-NOT transcription complex subunit 6	0.589	2.351
217973_at	DCXR	dicarbonyl and L-xylulose reductase	-3.88	11.468
217976_s_at	DYNC1LI1	dynein cytoplasmic 1 light intermediate chain 1	-0.739	2.192
217977_at	MSRB1	methionine sulfoxide reductase B1	-1.182	3.755
217983_s_at	RNASET2	ribonuclease T2	3.156	6.546
217984_at	RNASET2	ribonuclease T2	2.878	5.707
217985_s_at	BAZ1A	bromodomain adjacent to zinc finger domain 1A	1.561	3.897
217986_s_at	BAZ1A	bromodomain adjacent to zinc finger domain 1A	2.052	4.721
217995_at	SQRDL	sulfide quinone reductase-like (yeast)	1.173	5.747
217996_at	PHLDA1	pleckstrin homology like domain family A member 1	1.108	3.418
218000_s_at	PHLDA1	pleckstrin homology like domain family A member 1	2.245	2.634
218004_at	BSDC1	BSD domain containing 1	-0.682	2.798
218005_at	ZNF22	zinc finger protein 22	0.859	3.615
218006_s_at	ZNF22	zinc finger protein 22	1.012	3.14
218009_s_at	PRC1	protein regulator of cytokinesis 1	2.088	3.227
218013_x_at	DCTN4	dynactin subunit 4	1.215	3.539
218018_at	PDXK	pyridoxal (pyridoxine, vitamin B6) kinase	-1.228	2.646
218019_s_at	PDXK	pyridoxal (pyridoxine, vitamin B6) kinase	-1.494	3.411
218021_at	DHRS4L2///DHRS4	dehydrogenase/reductase 4 like 2///dehydrogenase/reductase 4	-2.091	6.644
218024_at	MPC1	mitochondrial pyruvate carrier 1	-2.159	7.534
218025_s_at	ECI2	enoyl-CoA delta isomerase 2	-1.596	5.946
218026_at	COA3	cytochrome c oxidase assembly factor 3	-1.162	6.323
218031_s_at	FOXN3	forkhead box N3	0.872	2.826
218035_s_at	RBM47	RNA binding motif protein 47	-1.533	8.55
218036_x_at	NMD3	NMD3 ribosome export adaptor	1.764	5.617
218038_at	ATP5SL	ATP5S like	-0.837	2.42
218041_x_at	SLC38A2	solute carrier family 38 member 2	1.142	3.694
218081_at	C20orf27	chromosome 20 open reading frame 27	1.807	2.534
218083_at	PTGES2	prostaglandin E synthase 2	-0.893	3.697
218084_x_at	FXYD5	FXYD domain containing ion transport regulator 5	1.656	5.762
218086_at	NPDC1	neural proliferation, differentiation and control 1	2.464	4.783
218087_s_at	SORBS1	sorbin and SH3 domain containing 1	1.386	5.285
218094_s_at	SYS1-DBNDD2///SYS1///DBNDD2	SYS1-DBNDD2 readthrough (NMD candidate)///Sys1 golgi trafficking protein///dysbindin domain containing 2	0.931	3.527
218101_s_at	NDUFC2-KCTD14///NDUFC2	NDUFC2-KCTD14 readthrough///NADH:ubiquinone oxidoreductase subunit C2	-0.58	3.094
218103_at	FTSJ3	FtsJ homolog 3	-0.643	4
218106_s_at	MRPS10	mitochondrial ribosomal protein S10	-0.629	2.78
218108_at	UBR7	ubiquitin protein ligase E3 component n-recognin 7 (putative)	0.702	2.108
218109_s_at	MFSD1	major facilitator superfamily domain containing 1	0.681	4.117
218113_at	TMEM2	transmembrane protein 2	0.589	3.04
218117_at	RBX1	ring-box 1	0.732	3.379
218123_at	C21orf59	chromosome 21 open reading frame 59	-0.549	2.14
218126_at	RMDN3	regulator of microtubule dynamics 3	-0.494	2.512
218127_at	NFYB	nuclear transcription factor Y subunit beta	0.63	2.669
218134_s_at	RBM22	RNA binding motif protein 22	0.643	2.413
218138_at	MKKS	McKusick-Kaufman syndrome	-0.622	2.205
218139_s_at	AP5M1	adaptor related protein complex 5 mu 1 subunit	-0.723	3.12
218141_at	UBE2O	ubiquitin conjugating enzyme E2 O	-1.285	2.059
218145_at	TRIB3	tribbles pseudokinase 3	1.342	2.576
218146_at	GLT8D1	glycosyltransferase 8 domain containing 1	-0.734	2.351
218149_s_at	ZNF395	zinc finger protein 395	2.247	6.425
218152_at	HMG20A	high mobility group 20A	0.487	2.684
218155_x_at	TSR1	TSR1, ribosome maturation factor	-1.059	4.575
218165_at	MEAF6	MYST/Esa1 associated factor 6	0.741	3.037
218168_s_at	COQ8A	coenzyme Q8A	-0.529	2.619
218169_at	VAC14	Vac14, PIKFYVE complex component	-1.209	1.999
218170_at	ISOC1	isochorismatase domain containing 1	-0.807	3.969
218172_s_at	DERL1	derlin 1	1.48	2.239
218181_s_at	MAP4K4	mitogen-activated protein kinase kinase kinase kinase 4	1.389	6.257
218186_at	RAB25	RAB25, member RAS oncogene family	-3.78	7.391
218188_s_at	TIMM13	translocase of inner mitochondrial membrane 13	-0.74	3.171
218194_at	REXO2	RNA exonuclease 2	-0.701	2.575
218200_s_at	NDUFB2	NADH:ubiquinone oxidoreductase subunit B2	-0.791	3.99
218201_at	NDUFB2	NADH:ubiquinone oxidoreductase subunit B2	-0.568	2.806
218205_s_at	MKNK2	MAP kinase interacting serine/threonine kinase 2	-0.781	3.033
218208_at	PQLC1	PQ loop repeat containing 1	-0.81	2.153
218212_s_at	MOCS2	molybdenum cofactor synthesis 2	-1.036	3.424
218217_at	SCPEP1	serine carboxypeptidase 1	-1.361	5.25
218218_at	APPL2	adaptor protein, phosphotyrosine interacting with PH domain and leucine zipper 2	0.841	2.316
218223_s_at	PLEKHO1	pleckstrin homology domain containing O1	2.728	3.748
218228_s_at	TNKS2	tankyrase 2	0.96	2.362
218232_at	C1QA	complement C1q A chain	2.679	5.787
218233_s_at	TOMM6///PRICKLE4	translocase of outer mitochondrial membrane 6///prickle planar cell polarity protein 4	-0.734	3.943
218236_s_at	PRKD3	protein kinase D3	0.908	3.136
218237_s_at	SLC38A1	solute carrier family 38 member 1	1.26	2.923
218244_at	NOL8	nucleolar protein 8	1.729	2.821
218249_at	ZDHHC6	zinc finger DHHC-type containing 6	-0.64	2.154
218252_at	CKAP2	cytoskeleton associated protein 2	1.05	2.265
218256_s_at	NUP54	nucleoporin 54	0.973	2.388
218261_at	AP1M2	adaptor related protein complex 1 mu 2 subunit	-2.889	5.732
218272_at	TTC38	tetratricopeptide repeat domain 38	-1.586	6.55
218273_s_at	PDP1	pyruvate dehyrogenase phosphatase catalytic subunit 1	-0.987	3.848
218275_at	SLC25A10	solute carrier family 25 member 10	-2.23	4.881
218281_at	MRPL48	mitochondrial ribosomal protein L48	-0.641	3.162
218285_s_at	BDH2	3-hydroxybutyrate dehydrogenase, type 2	-1.358	4.217
218289_s_at	UBA5	ubiquitin like modifier activating enzyme 5	1.001	3.558
218290_at	MIR6789///PLEKHJ1	microRNA 6789///pleckstrin homology domain containing J1	-0.982	5.683
218292_s_at	PRKAG2	protein kinase AMP-activated non-catalytic subunit gamma 2	-0.689	2.101
218294_s_at	NUP50	nucleoporin 50	0.737	2.248
218298_s_at	C14orf159	chromosome 14 open reading frame 159	-0.613	2.041
218304_s_at	OSBPL11	oxysterol binding protein like 11	0.852	2.085
218307_at	RSAD1	radical S-adenosyl methionine domain containing 1	-0.623	2.569
218319_at	PELI1	pellino E3 ubiquitin protein ligase 1	0.795	2.373
218320_s_at	NDUFB11	NADH:ubiquinone oxidoreductase subunit B11	-0.754	3.439
218323_at	RHOT1	ras homolog family member T1	0.75	2.093
218330_s_at	NAV2	neuron navigator 2	-1.207	3.749
218331_s_at	FAM208B	family with sequence similarity 208 member B	0.605	2.339
218332_at	BEX1	brain expressed X-linked 1	-1.096	2.254
218338_at	PHC1	polyhomeotic homolog 1	0.786	3.167
218342_s_at	ERMP1	endoplasmic reticulum metallopeptidase 1	-0.76	2.017
218353_at	RGS5	regulator of G-protein signaling 5	2.194	3.344
218355_at	KIF4A	kinesin family member 4A	1.858	3.221
218370_s_at	S100PBP	S100P binding protein	0.636	2.42
218379_at	RBM7	RNA binding motif protein 7	0.725	2.479
218391_at	SNF8	SNF8, ESCRT-II complex subunit	-0.539	2.883
218392_x_at	SFXN1	sideroflexin 1	-0.919	2.797
218394_at	ROGDI	rogdi homolog	-0.844	2.203
218396_at	VPS13C	vacuolar protein sorting 13 homolog C	0.668	3.749
218397_at	FANCL	Fanconi anemia complementation group L	0.95	2.371
218400_at	OAS3	2'-5'-oligoadenylate synthetase 3	1.853	3.057
218404_at	SNX10	sorting nexin 10	1.453	4.044
218405_at	ABT1	activator of basal transcription 1	1.562	3.772
218407_x_at	NENF	neudesin neurotrophic factor	-0.52	2.785
218412_s_at	GTF2IRD1	GTF2I repeat domain containing 1	-0.605	2.107
218417_s_at	SLC48A1	solute carrier family 48 member 1	-0.803	2.13
218433_at	PANK3	pantothenate kinase 3	-1.121	3.272
218436_at	SIL1	SIL1 nucleotide exchange factor	-1.094	2.08
218440_at	MCCC1	methylcrotonoyl-CoA carboxylase 1	-1.126	4.94
218442_at	TTC4	tetratricopeptide repeat domain 4	0.732	2.091
218447_at	CMC2	C-X9-C motif containing 2	-1.032	2.368
218455_at	NFS1	NFS1 cysteine desulfurase	-1.03	4.127
218471_s_at	BBS1	Bardet-Biedl syndrome 1	-0.61	4.123
218472_s_at	PELO	pelota homolog (Drosophila)	0.65	2.811
218474_s_at	KCTD5	potassium channel tetramerization domain containing 5	0.822	1.989
218475_at	TRMT2A	tRNA methyltransferase 2 homolog A	0.875	2.092
218480_at	AGBL5	ATP/GTP binding protein like 5	-0.689	2.205
218484_at	NDUFA4L2	NDUFA4, mitochondrial complex associated like 2	6.279	10.822
218487_at	ALAD	aminolevulinate dehydratase	-2.152	6.499
218489_s_at	ALAD	aminolevulinate dehydratase	-1.323	3.29
218492_s_at	THAP7	THAP domain containing 7	-0.41	2.042
218502_s_at	TRPS1	transcriptional repressor GATA binding 1	-0.862	2.855
218507_at	HILPDA	hypoxia inducible lipid droplet associated	3.479	7.275
218514_at	SMG8	SMG8, nonsense mediated mRNA decay factor	0.712	4.412
218517_at	JADE1	jade family PHD finger 1	-0.922	3.576
218519_at	SLC35A5	solute carrier family 35 member A5	0.83	3.629
218520_at	TBK1	TANK binding kinase 1	0.86	4.58
218522_s_at	MAP1S	microtubule associated protein 1S	0.737	2.289
218523_at	LHPP	phospholysine phosphohistidine inorganic pyrophosphate phosphatase	-1.517	5.759
218526_s_at	RANGRF	RAN guanine nucleotide release factor	-0.644	2.773
218534_s_at	AGGF1	angiogenic factor with G-patch and FHA domains 1	0.456	2.092
218537_at	HCFC1R1	host cell factor C1 regulator 1	1.826	3.965
218542_at	CEP55	centrosomal protein 55	2.537	2.844
218543_s_at	PARP12	poly(ADP-ribose) polymerase family member 12	0.688	3.319
218546_at	C1orf115	chromosome 1 open reading frame 115	-1.289	5.288
218548_x_at	TEX264	testis expressed 264	-1.093	4.216
218552_at	ECHDC2	enoyl-CoA hydratase domain containing 2	-0.783	2.835
218559_s_at	MAFB	MAF bZIP transcription factor B	1.157	2.781
218563_at	NDUFA3	NADH:ubiquinone oxidoreductase subunit A3	-1.125	5.248
218575_at	LOC730268///ANAPC1	anaphase-promoting complex subunit 1-like///anaphase promoting complex subunit 1	0.531	2.096
218580_x_at	AURKAIP1	aurora kinase A interacting protein 1	-0.645	2.888
218583_s_at	DCUN1D1	defective in cullin neddylation 1 domain containing 1	-0.596	3.114
218585_s_at	DTL	denticleless E3 ubiquitin protein ligase homolog	3.175	4.944
218589_at	LPAR6	lysophosphatidic acid receptor 6	1.637	5.823
218596_at	TBC1D13	TBC1 domain family member 13	-2.408	3.57
218600_at	LIMD2	LIM domain containing 2	2.281	4.323
218601_at	URGCP	upregulator of cell proliferation	-0.682	2.787
218603_at	HECA	hdc homolog, cell cycle regulator	0.644	2.424
218604_at	LEMD3	LEM domain containing 3	1.061	2.198
218611_at	IER5	immediate early response 5	1.841	5.182
218614_at	KIAA1551	KIAA1551	1.302	4.705
218618_s_at	LOC101928615///FNDC3B	uncharacterized LOC101928615///fibronectin type III domain containing 3B	1.148	3.731
218627_at	DRAM1	DNA damage regulated autophagy modulator 1	1.035	5.885
218631_at	AVPI1	arginine vasopressin induced 1	-0.77	3.9
218633_x_at	ABHD10	abhydrolase domain containing 10	-0.887	4.243
218634_at	PHLDA3	pleckstrin homology like domain family A member 3	1.84	3.878
218641_at	C11orf95	chromosome 11 open reading frame 95	-0.55	2.594
218644_at	PLEK2	pleckstrin 2	1.36	2.615
218648_at	CRTC3	CREB regulated transcription coactivator 3	0.46	2.157
218656_s_at	LHFP	lipoma HMGIC fusion partner	1.302	2.192
218660_at	DYSF	dysferlin	1.229	3.24
218661_at	NAA60	N(alpha)-acetyltransferase 60, NatF catalytic subunit	-0.662	3.137
218671_s_at	ATPIF1	ATPase inhibitory factor 1	-0.807	4.165
218672_at	TNFAIP8L2-SCNM1///SCNM1	TNFAIP8L2-SCNM1 readthrough///sodium channel modifier 1	0.933	2.889
218677_at	S100A14	S100 calcium binding protein A14	-1.133	3.182
218678_at	NES	nestin	-1.041	2.661
218680_x_at	SERF2-C15ORF63///MIR1282///HYPK///SERF2	SERF2-C15orf63 readthrough///microRNA 1282///huntingtin interacting protein K///small EDRK-rich factor 2	-0.461	2.396
218687_s_at	MUC13	mucin 13, cell surface associated	-2.196	2.126
218688_at	TKFC	triokinase and FMN cyclase	-1.777	4.712
218699_at	RAB29	RAB29, member RAS oncogene family	-1.851	8.033
218700_s_at	RAB29	RAB29, member RAS oncogene family	-2.308	6.086
218706_s_at	GRAMD3	GRAM domain containing 3	0.743	2.278
218707_at	ZNF444	zinc finger protein 444	-1.64	2.081
218714_at	PRR14	proline rich 14	0.77	2.504
218719_s_at	GINS3	GINS complex subunit 3	1.879	2.473
218720_x_at	SEZ6L2	seizure related 6 homolog like 2	2.922	3.664
218722_s_at	CCDC51	coiled-coil domain containing 51	-0.929	3.182
218723_s_at	RGCC	regulator of cell cycle	2.341	3.581
218729_at	LXN	latexin	1.518	6.769
218731_s_at	VWA1	von Willebrand factor A domain containing 1	2.09	3.703
218733_at	MSL2	male-specific lethal 2 homolog (Drosophila)	1.254	2.597
218738_s_at	RNF138	ring finger protein 138	0.664	2.674
218747_s_at	TAPBPL	TAP binding protein like	0.803	2.152
218748_s_at	EXOC5	exocyst complex component 5	2.291	2.979
218755_at	KIF20A	kinesin family member 20A	2.488	2.02
218756_s_at	DHRS11	dehydrogenase/reductase 11	-2.008	5.978
218761_at	RNF111	ring finger protein 111	0.767	3.489
218763_at	STX18	syntaxin 18	-0.61	2.244
218764_at	PRKCH	protein kinase C eta	1.55	5.218
218767_at	REXO4	REX4 homolog, 3'-5' exonuclease	1.762	2.568
218768_at	NUP107	nucleoporin 107	0.574	2
218769_s_at	ANKRA2	ankyrin repeat family A member 2	0.952	2.892
218772_x_at	TMEM38B	transmembrane protein 38B	1.03	2.338
218781_at	SMC6	structural maintenance of chromosomes 6	0.731	3.417
218786_at	NT5DC3	5'-nucleotidase domain containing 3	1.758	2.834
218787_x_at	CWF19L1	CWF19-like 1, cell cycle control (S. pombe)	0.945	2.111
218792_s_at	BSPRY	B-box and SPRY domain containing	-1.703	3.452
218796_at	FERMT1	fermitin family member 1	-3.147	3.64
218802_at	MCUB	mitochondrial calcium uniporter dominant negative beta subunit	3.274	3.946
218805_at	GIMAP1-GIMAP5///GIMAP5	GIMAP1-GIMAP5 readthrough///GTPase, IMAP family member 5	1.142	3.763
218807_at	VAV3	vav guanine nucleotide exchange factor 3	-1.034	5.172
218808_at	DALRD3	DALR anticodon binding domain containing 3	-1.029	2.679
218818_at	FHL3	four and a half LIM domains 3	1.603	2.194
218820_at	C14orf132	chromosome 14 open reading frame 132	-1.092	2.948
218823_s_at	KCTD9	potassium channel tetramerization domain containing 9	1.001	2.6
218827_s_at	CEP192	centrosomal protein 192	0.95	2.62
218828_at	TMEM256-PLSCR3///PLSCR3	TMEM256-PLSCR3 readthrough (NMD candidate)///phospholipid scramblase 3	1.84	2.899
218837_s_at	UBE2D4	ubiquitin conjugating enzyme E2 D4 (putative)	-0.855	3.31
218838_s_at	TTC31	tetratricopeptide repeat domain 31	0.854	3.766
218839_at	HEY1	hes related family bHLH transcription factor with YRPW motif 1	3.325	2.232
218840_s_at	NADSYN1	NAD synthetase 1	2.165	2.612
218841_at	ASB8	ankyrin repeat and SOCS box containing 8	-0.843	2.838
218844_at	ACSF2	acyl-CoA synthetase family member 2	-3.948	9.408
218847_at	IGF2BP2	insulin like growth factor 2 mRNA binding protein 2	-2.943	4.254
218848_at	THOC6	THO complex 6	1.924	3.989
218849_s_at	PPP1R13L	protein phosphatase 1 regulatory subunit 13 like	0.918	3.177
218851_s_at	SFT2D3///WDR33	SFT2 domain containing 3///WD repeat domain 33	1.515	2.454
218854_at	DSE	dermatan sulfate epimerase	0.916	3.139
218858_at	DEPTOR	DEP domain containing MTOR-interacting protein	-1.256	3.164
218862_at	ASB13	ankyrin repeat and SOCS box containing 13	-0.696	2.413
218870_at	LOC101928361///ARHGAP15	uncharacterized LOC101928361///Rho GTPase activating protein 15	2.194	4.863
218871_x_at	CSGALNACT2	chondroitin sulfate N-acetylgalactosaminyltransferase 2	0.854	2.575
218872_at	TESC	tescalcin	1.484	2.133
218883_s_at	CENPU	centromere protein U	1.329	2.8
218887_at	MRPL2	mitochondrial ribosomal protein L2	-0.67	2.722
218888_s_at	NETO2	neuropilin and tolloid like 2	4.584	6.474
218889_at	NOC3L	NOC3 like DNA replication regulator	0.725	2.517
218891_at	C10orf76	chromosome 10 open reading frame 76	1.902	2.937
218897_at	TMEM177	transmembrane protein 177	-0.928	2.923
218898_at	FAM57A	family with sequence similarity 57 member A	0.804	2.433
218902_at	NOTCH1	notch 1	0.892	2.399
218908_at	ASPSCR1	ASPSCR1, UBX domain containing tether for SLC2A4	-0.994	2.542
218910_at	ANO10	anoctamin 10	-1.739	6.178
218918_at	MAN1C1	mannosidase alpha class 1C member 1	-2.974	6.172
218921_at	SIGIRR	single Ig and TIR domain containing	-1.531	5.319
218927_s_at	CHST12	carbohydrate (chondroitin 4) sulfotransferase 12	2.168	4.596
218931_at	RAB17	RAB17, member RAS oncogene family	-1.371	3.979
218934_s_at	HSPB7	heat shock protein family B (small) member 7	-2.154	2.936
218942_at	PIP4K2C	phosphatidylinositol-5-phosphate 4-kinase type 2 gamma	-1.245	6.208
218952_at	PCSK1N	proprotein convertase subtilisin/kexin type 1 inhibitor	-2.873	9.064
218954_s_at	BRF2	BRF2, RNA polymerase III transcription initiation factor 50 kDa subunit	2.392	5.058
218972_at	TTC17	tetratricopeptide repeat domain 17	0.494	2.03
218974_at	SOBP	sine oculis binding protein homolog	-1.498	5.183
218976_at	DNAJC12	DnaJ heat shock protein family (Hsp40) member C12	-3.398	5.166
218980_at	FHOD3	formin homology 2 domain containing 3	-1.578	4.78
218983_at	C1RL	complement C1r subcomponent like	0.905	1.98
218984_at	PUS7	pseudouridylate synthase 7 (putative)	0.953	2.538
218986_s_at	DDX60	DEXD/H-box helicase 60	1.458	4.548
218993_at	MRM3	mitochondrial rRNA methyltransferase 3	-0.478	2.058
218994_s_at	STAG3L4	stromal antigen 3-like 4 (pseudogene)	-1.088	1.991
218995_s_at	EDN1	endothelin 1	2.314	5.949
218999_at	TMEM140	transmembrane protein 140	1.625	5.44
219001_s_at	DCAF10	DDB1 and CUL4 associated factor 10	0.725	2.29
219013_at	GALNT11	polypeptide N-acetylgalactosaminyltransferase 11	-1.336	6.31
219014_at	PLAC8	placenta specific 8	1.014	2.955
219030_at	TPRKB	TP53RK binding protein	0.626	2.484
219035_s_at	RNF34	ring finger protein 34	0.598	2.602
219036_at	CEP70	centrosomal protein 70	-0.705	1.997
219039_at	SEMA4C	semaphorin 4C	1.829	3.816
219041_s_at	REPIN1	replication initiator 1	-0.572	2.003
219046_s_at	PKNOX2	PBX/knotted 1 homeobox 2	-1.1	2.109
219055_at	SRBD1	S1 RNA binding domain 1	0.722	2.158
219071_x_at	HGH1	HGH1 homolog	-0.931	4.488
219075_at	YIPF2	Yip1 domain family member 2	2.036	2.085
219076_s_at	PXMP2	peroxisomal membrane protein 2	-1.272	4.587
219077_s_at	WWOX	WW domain containing oxidoreductase	-1.551	5.324
219081_at	ANKHD1-EIF4EBP3///ANKHD1	ANKHD1-EIF4EBP3 readthrough///ankyrin repeat and KH domain containing 1	0.796	2.796
219082_at	CEMP1///AMDHD2	cementum protein 1///amidohydrolase domain containing 2	1.832	2.561
219095_at	PLA2G4B///JMJD7-PLA2G4B	phospholipase A2 group IVB///JMJD7-PLA2G4B readthrough	1.428	2.15
219096_at	ARMC7	armadillo repeat containing 7	-0.83	2.928
219103_at	ASAP3	ArfGAP with SH3 domain, ankyrin repeat and PH domain 3	-1.933	3.424
219109_at	SPAG16	sperm associated antigen 16	-1.02	2.453
219112_at	RAPGEF6	Rap guanine nucleotide exchange factor 6	0.996	2.946
219113_x_at	HSD17B14	hydroxysteroid 17-beta dehydrogenase 14	-1.53	5.509
219114_at	C3orf18	chromosome 3 open reading frame 18	-1.13	2.534
219117_s_at	FKBP11	FK506 binding protein 11	1.227	2.322
219118_at	FKBP11	FK506 binding protein 11	1.129	1.985
219124_at	TTI2	TELO2 interacting protein 2	-0.53	1.981
219126_at	PHF10	PHD finger protein 10	0.511	2.595
219127_at	PRR15L	proline rich 15 like	-1.149	2.037
219128_at	C2orf42	chromosome 2 open reading frame 42	-0.541	2.345
219134_at	ADGRL4	adhesion G protein-coupled receptor L4	2.054	3.075
219137_s_at	MFF	mitochondrial fission factor	-0.762	3.037
219140_s_at	RBP4	retinol binding protein 4	-3.679	2.042
219142_at	RASL11B	RAS like family 11 member B	-1.789	4.486
219144_at	DUSP26	dual specificity phosphatase 26 (putative)	-2.879	6.396
219149_x_at	DBR1	debranching RNA lariats 1	1.649	3.299
219154_at	TMEM120B	transmembrane protein 120B	-0.827	3.026
219156_at	SYNJ2BP-COX16///SYNJ2BP	SYNJ2BP-COX16 readthrough///synaptojanin 2 binding protein	-0.931	5.08
219161_s_at	CKLF-CMTM1///CKLF	CKLF-CMTM1 readthrough///chemokine like factor	1.824	7.841
219168_s_at	PRR5	proline rich 5	-0.96	2.039
219169_s_at	TFB1M	transcription factor B1, mitochondrial	-0.637	2.579
219175_s_at	SLC41A3	solute carrier family 41 member 3	-0.784	3.238
219176_at	C2orf47	chromosome 2 open reading frame 47	-0.696	2.498
219185_at	SIRT5	sirtuin 5	-0.877	4.002
219186_at	ZBTB7A	zinc finger and BTB domain containing 7A	-0.606	3.018
219188_s_at	MACROD1	MACRO domain containing 1	-1.462	5.724
219191_s_at	BIN2	bridging integrator 2	1.54	2.529
219192_at	UBAP2	ubiquitin associated protein 2	-0.69	2.304
219194_at	SEMA4G	semaphorin 4G	-0.517	2.318
219195_at	PPARGC1A	PPARG coactivator 1 alpha	-1.605	5.734
219202_at	RHBDF2	rhomboid 5 homolog 2	1.531	3.113
219205_at	SRR	serine racemase	-0.987	4.552
219209_at	IFIH1	interferon induced with helicase C domain 1	0.741	2.092
219215_s_at	SLC39A4	solute carrier family 39 member 4	-1.635	4.327
219220_x_at	MRPS22	mitochondrial ribosomal protein S22	-0.48	2.247
219222_at	RBKS	ribokinase	-0.832	3.521
219223_at	CACFD1	calcium channel flower domain containing 1	-1.271	5.934
219225_at	PGBD5	piggyBac transposable element derived 5	2.769	2.948
219228_at	ZNF331	zinc finger protein 331	-0.946	3.073
219229_at	SLCO3A1	solute carrier organic anion transporter family member 3A1	0.897	2.255
219232_s_at	EGLN3	egl-9 family hypoxia inducible factor 3	3.934	9.472
219237_s_at	DNAJB14	DnaJ heat shock protein family (Hsp40) member B14	0.907	2.892
219243_at	GIMAP4	GTPase, IMAP family member 4	1.615	3.705
219245_s_at	OGFOD2	2-oxoglutarate and iron dependent oxygenase domain containing 2	-0.562	2.265
219246_s_at	OGFOD2	2-oxoglutarate and iron dependent oxygenase domain containing 2	1.931	2.117
219247_s_at	ZDHHC14	zinc finger DHHC-type containing 14	-2.163	2.774
219249_s_at	FKBP10	FK506 binding protein 10	3.275	3.27
219250_s_at	FLRT3	fibronectin leucine rich transmembrane protein 3	-1.022	2.345
219251_s_at	WDR60	WD repeat domain 60	1.554	2.377
219258_at	TIPIN	TIMELESS interacting protein	1.75	2.614
219259_at	SEMA4A	semaphorin 4A	-0.648	2.017
219268_at	ETNK2	ethanolamine kinase 2	-1.289	5.837
219274_at	TSPAN12	tetraspanin 12	0.63	2.204
219277_s_at	OGDHL	oxoglutarate dehydrogenase-like	-2.767	7.642
219278_at	MAP3K6	mitogen-activated protein kinase kinase kinase 6	1.406	2.09
219279_at	DOCK10	dedicator of cytokinesis 10	2.862	5.192
219281_at	MSRA	methionine sulfoxide reductase A	-2.491	6.92
219282_s_at	TRPV2	transient receptor potential cation channel subfamily V member 2	1.482	4.147
219292_at	THAP1	THAP domain containing 1	0.875	2.307
219298_at	ECHDC3	enoyl-CoA hydratase domain containing 3	-1.308	3.56
219300_s_at	CNTNAP2	contactin associated protein-like 2	-1.586	2.291
219303_at	RNF219	ring finger protein 219	1.444	4.28
219304_s_at	PDGFD	platelet derived growth factor D	2.299	4.285
219305_x_at	FBXO2	F-box protein 2	-1.067	2.779
219313_at	GRAMD1C	GRAM domain containing 1C	-0.944	2.034
219324_at	NOL12	nucleolar protein 12	1.395	2.149
219326_s_at	B3GNT2	UDP-GlcNAc:betaGal beta-1,3-N-acetylglucosaminyltransferase 2	0.866	2.242
219330_at	VANGL1	VANGL planar cell polarity protein 1	0.587	2.304
219332_at	MICALL2	MICAL like 2	2.278	2.679
219333_s_at	CAPN10	calpain 10	-1.122	2.684
219341_at	CLN8	ceroid-lipofuscinosis, neuronal 8	-2.578	3.243
219342_at	CASD1	CAS1 domain containing 1	0.933	3.567
219356_s_at	CHMP5	charged multivesicular body protein 5	1.183	5.712
219360_s_at	TRPM4	transient receptor potential cation channel subfamily M member 4	-1.679	2.214
219368_at	NAP1L2	nucleosome assembly protein 1 like 2	-1.577	3.465
219373_at	DPM3	dolichyl-phosphate mannosyltransferase subunit 3	-0.781	2.601
219383_at	PRR5L	proline rich 5 like	2.39	2.708
219386_s_at	SLAMF8	SLAM family member 8	2.663	3.496
219388_at	GRHL2	grainyhead like transcription factor 2	-1.511	3.691
219389_at	SUSD4	sushi domain containing 4	-3.585	5.674
219395_at	MIR6773///ESRP2	microRNA 6773///epithelial splicing regulatory protein 2	-2.098	4.185
219396_s_at	MIR631///NEIL1	microRNA 631///nei like DNA glycosylase 1	-0.77	2.481
219397_at	COQ10B	coenzyme Q10B	-0.542	2.065
219398_at	CIDEC	cell death inducing DFFA like effector c	-0.735	2.3
219403_s_at	HPSE	heparanase	1.9	2.551
219405_at	TRIM68	tripartite motif containing 68	-0.574	2.206
219410_at	TMEM45A	transmembrane protein 45A	1.878	3.13
219413_at	ACBD4	acyl-CoA binding domain containing 4	-0.768	3.805
219414_at	CLSTN2	calsyntenin 2	-3.145	4.803
219419_at	RBFA	ribosome binding factor A (putative)	-0.542	2.161
219420_s_at	COA7	cytochrome c oxidase assembly factor 7 (putative)	-1.37	3.352
219423_x_at	TNFRSF25	TNF receptor superfamily member 25	2.056	3.548
219426_at	AGO3	argonaute 3, RISC catalytic component	-0.576	2.15
219427_at	FAT4	FAT atypical cadherin 4	1.367	2.579
219429_at	FA2H	fatty acid 2-hydroxylase	-1.68	2.776
219437_s_at	ANKRD11	ankyrin repeat domain 11	-1.063	3.996
219442_at	CLUHP3	clustered mitochondria homolog pseudogene 3	-1.124	3.782
219448_at	TMEM70	transmembrane protein 70	1.985	3.085
219451_at	MSRB2	methionine sulfoxide reductase B2	-0.891	2.114
219452_at	DPEP2	dipeptidase 2	1.496	2.675
219459_at	POLR3B	RNA polymerase III subunit B	-0.823	4.027
219461_at	PAK6	p21 (RAC1) activated kinase 6	-1.95	4.469
219462_at	TMEM53	transmembrane protein 53	-0.665	2.597
219466_s_at	APOA2	apolipoprotein A2	-2.082	2.975
219471_at	KIAA0226L	KIAA0226 like	2.267	3.94
219479_at	KDELC1	KDEL motif containing 1	2.185	2.72
219485_s_at	PSMD10	proteasome 26S subunit, non-ATPase 10	0.652	3.867
219492_at	CHIC2	cysteine rich hydrophobic domain 2	0.814	3.472
219496_at	SOWAHC	sosondowah ankyrin repeat domain family member C	-0.802	2.958
219497_s_at	BCL11A	B-cell CLL/lymphoma 11A	1.717	2.031
219501_at	ENOX1	ecto-NOX disulfide-thiol exchanger 1	-0.765	2.33
219506_at	C1orf54	chromosome 1 open reading frame 54	0.997	2.456
219509_at	MYOZ1	myozenin 1	-0.683	2.256
219522_at	FJX1	four jointed box 1	1.703	3.238
219527_at	MARC2	mitochondrial amidoxime reducing component 2	-1.346	3.511
219534_x_at	CDKN1C	cyclin dependent kinase inhibitor 1C	-1.91	6.164
219540_at	ZNF267	zinc finger protein 267	1.637	3.318
219543_at	PBLD	phenazine biosynthesis like protein domain containing	-1.751	4.018
219551_at	EAF2	ELL associated factor 2	-1.691	4.057
219553_at	NME7	NME/NM23 family member 7	0.657	2.045
219554_at	RHCG	Rh family C glycoprotein	-6.787	14.087
219564_at	KCNJ16	potassium voltage-gated channel subfamily J member 16	-0.868	4.266
219566_at	PLEKHF1	pleckstrin homology and FYVE domain containing 1	1.231	1.99
219569_s_at	SLC35G2	solute carrier family 35 member G2	1.418	4.273
219572_at	CADPS2	calcium dependent secretion activator 2	-0.833	2.645
219573_at	CARMIL1	capping protein regulator and myosin 1 linker 1	-1.09	4.776
219574_at	MARCH1	membrane associated ring-CH-type finger 1	2.734	4.948
219581_at	TSEN2	tRNA splicing endonuclease subunit 2	1.341	2.613
219582_at	OGFRL1	opioid growth factor receptor like 1	1.269	2.925
219588_s_at	NCAPG2	non-SMC condensin II complex subunit G2	2.99	6.247
219591_at	CEND1	cell cycle exit and neuronal differentiation 1	-1.078	3.571
219593_at	SLC15A3	solute carrier family 15 member 3	3.5	5.336
219602_s_at	PIEZO2	piezo type mechanosensitive ion channel component 2	1.028	2.575
219607_s_at	MS4A4A	membrane spanning 4-domains A4A	2.093	3.197
219619_at	DIRAS2	DIRAS family GTPase 2	3.426	4.154
219630_at	PDZK1IP1	PDZK1 interacting protein 1	-1.373	5.641
219632_s_at	SHPK///TRPV1	sedoheptulokinase///transient receptor potential cation channel subfamily V member 1	-1.126	3.775
219640_at	CLDN15	claudin 15	-1.205	2.189
219641_at	DET1	de-etiolated homolog 1 (Arabidopsis)	-0.529	2.231
219647_at	POPDC2	popeye domain containing 2	0.865	2.699
219655_at	SUGCT	succinyl-CoA:glutarate-CoA transferase	-1.926	3.167
219656_at	PCDH12	protocadherin 12	1.539	2.116
219664_s_at	DECR2	2,4-dienoyl-CoA reductase 2, peroxisomal	-0.986	3.027
219666_at	MS4A6A	membrane spanning 4-domains A6A	2.633	8.249
219675_s_at	UXS1	UDP-glucuronate decarboxylase 1	-0.845	2.865
219684_at	RTP4	receptor transporter protein 4	2.586	3.827
219698_s_at	METTL4	methyltransferase like 4	0.588	2.488
219700_at	PLXDC1	plexin domain containing 1	1.232	2.236
219702_at	PLAC1	placenta specific 1	-1.599	2.608
219706_at	AP5S1	adaptor related protein complex 5 sigma 1 subunit	-0.629	2.014
219722_s_at	GDPD3	glycerophosphodiester phosphodiesterase domain containing 3	-1.361	4.01
219723_x_at	AGPAT3	1-acylglycerol-3-phosphate O-acyltransferase 3	-1.298	2.598
219725_at	TREM2	triggering receptor expressed on myeloid cells 2	4.12	3.633
219732_at	PLPPR1	phospholipid phosphatase related 1	-3.457	8.001
219735_s_at	TFCP2L1	transcription factor CP2-like 1	-2.547	9.964
219737_s_at	PCDH9	protocadherin 9	-2.724	6.313
219741_x_at	ZNF552	zinc finger protein 552	-1.096	3.809
219747_at	NDNF	neuron derived neurotrophic factor	-2.723	3.173
219751_at	SETD6	SET domain containing 6	-1.202	3.49
219759_at	ERAP2	endoplasmic reticulum aminopeptidase 2	2.178	3.955
219760_at	LIN7B	lin-7 homolog B, crumbs cell polarity complex component	-0.882	2.29
219762_s_at	RPL36	ribosomal protein L36	1.151	3.147
219768_at	VTCN1	V-set domain containing T cell activation inhibitor 1	-3.326	5.064
219773_at	NOX4	NADPH oxidase 4	-2.527	3.884
219775_s_at	CPLX3	complexin 3	-1.532	3.128
219777_at	GIMAP6	GTPase, IMAP family member 6	2.152	5.132
219786_at	TESMIN	testis expressed metallothionein like protein	-1.041	2.037
219789_at	NPR3	natriuretic peptide receptor 3	-1.394	2.084
219815_at	GAL3ST4	galactose-3-O-sulfotransferase 4	1.692	2.506
219820_at	SLC6A16	solute carrier family 6 member 16	-1.434	2.923
219840_s_at	TCL6	T-cell leukemia/lymphoma 6 (non-protein coding)	-3.496	7.567
219850_s_at	EHF	ETS homologous factor	-3.237	4.007
219866_at	CLIC5	chloride intracellular channel 5	-2.805	7.809
219873_at	COLEC11	collectin subfamily member 11	-1.464	3.371
219883_at	TEX40	testis expressed 40	-0.582	2.236
219885_at	SLFN12	schlafen family member 12	2.206	4.143
219888_at	SPAG4	sperm associated antigen 4	3.448	5.658
219891_at	PGPEP1	pyroglutamyl-peptidase I	-0.857	3.615
219892_at	TM6SF1	transmembrane 6 superfamily member 1	1.497	4.475
219901_at	FGD6	FYVE, RhoGEF and PH domain containing 6	1.938	3.223
219902_at	BHMT2	betaine--homocysteine S-methyltransferase 2	-1.634	3.781
219915_s_at	SLC16A10	solute carrier family 16 member 10	-1.939	5.371
219918_s_at	ASPM	abnormal spindle microtubule assembly	3.92	4.929
219920_s_at	AMIGO3///GMPPB	adhesion molecule with Ig like domain 3///GDP-mannose pyrophosphorylase B	-1.27	3.447
219924_s_at	ZMYM6	zinc finger MYM-type containing 6	0.871	2.573
219940_s_at	PCID2	PCI domain containing 2	0.674	2.768
219946_x_at	MYH14	myosin, heavy chain 14, non-muscle	-0.9	2.382
219947_at	CLEC4A	C-type lectin domain family 4 member A	2.613	4.801
219948_x_at	UGT2A3	UDP glucuronosyltransferase family 2 member A3	1.453	2.541
219949_at	LRRC2	leucine rich repeat containing 2	-3.616	4.873
219952_s_at	MCOLN1	mucolipin 1	1.576	2.249
219963_at	DUSP13	dual specificity phosphatase 13	-1.12	3.471
219986_s_at	ACAD10	acyl-CoA dehydrogenase family member 10	-1.319	5.769
219992_at	TAC3	tachykinin 3	-0.949	3.973
219997_s_at	COPS7B	COP9 signalosome subunit 7B	1.838	2.787
220005_at	P2RY13	purinergic receptor P2Y13	3.277	5.376
220024_s_at	PRX	periaxin	-1.709	6.295
220035_at	NUP210	nucleoporin 210	-0.838	2.834
220044_x_at	LUC7L3	LUC7 like 3 pre-mRNA splicing factor	0.518	2.295
220050_at	SPACA9	sperm acrosome associated 9	-0.677	2.692
220059_at	STAP1	signal transducing adaptor family member 1	-2.394	3.852
220066_at	NOD2	nucleotide binding oligomerization domain containing 2	2.074	2.173
220072_at	CSPP1	centrosome and spindle pole associated protein 1	-1.083	2.728
220080_at	FBXL8	F-box and leucine rich repeat protein 8	2.216	2.022
220088_at	C5AR1	complement component 5a receptor 1	0.875	2.299
220094_s_at	MCUR1	mitochondrial calcium uniporter regulator 1	-1.192	5.154
220105_at	RSPH14	radial spoke head 14 homolog	-1.935	2.102
220109_at	TF	transferrin	-1.754	2.192
220120_s_at	EPB41L4A	erythrocyte membrane protein band 4.1 like 4A	2.43	4.033
220121_at	LINS1	lines homolog 1	2.197	3.019
220130_x_at	LTB4R2	leukotriene B4 receptor 2	-2.141	3.148
220133_at	ODAM	odontogenic, ameloblast asssociated	-1.095	2.184
220135_s_at	SLC7A9	solute carrier family 7 member 9	-2.472	7.194
220139_at	DNMT3L	DNA methyltransferase 3 like	-4.884	4.705
220146_at	TLR7	toll like receptor 7	3.304	3.801
220148_at	ALDH8A1	aldehyde dehydrogenase 8 family member A1	-1.663	2.232
220149_at	C2orf54	chromosome 2 open reading frame 54	-2.152	2.518
220150_s_at	FAM184A	family with sequence similarity 184 member A	-0.946	2.813
220161_s_at	EPB41L4B	erythrocyte membrane protein band 4.1 like 4B	-1.637	5.963
220162_s_at	DNLZ///CARD9	DNL-type zinc finger///caspase recruitment domain family member 9	1.507	2.153
220165_at	INO80D	INO80 complex subunit D	-1.1	3.064
220170_at	FHL5	four and a half LIM domains 5	2.052	2.124
220172_at	DCAF17	DDB1 and CUL4 associated factor 17	2.97	2.756
220178_at	MFSD12	major facilitator superfamily domain containing 12	-2.101	4.435
220191_at	GKN1	gastrokine 1	-2.542	3.727
220197_at	ATP6V0A4	ATPase H+ transporting V0 subunit a4	-4.192	9.508
220199_s_at	AIDA	axin interactor, dorsalization associated	1.863	4.284
220202_s_at	RC3H2	ring finger and CCCH-type domains 2	0.618	2.215
220215_at	ZNF669	zinc finger protein 669	-0.604	2.137
220228_at	AP4E1	adaptor related protein complex 4 epsilon 1 subunit	1.424	2.055
220230_s_at	CYB5R2	cytochrome b5 reductase 2	-1.96	3.233
220233_at	FBXO17	F-box protein 17	1.649	3.913
220238_s_at	KLHL7	kelch like family member 7	1.479	2.164
220276_at	RERGL	RERG like	-1.925	2.025
220277_at	CXXC4	CXXC finger protein 4	1.681	2.636
220281_at	SLC12A1	solute carrier family 12 member 1	-5.269	5.624
220283_at	HHIPL2	HHIP like 2	-1.387	3.075
220290_at	AIM1L	absent in melanoma 1-like	-0.761	2.352
220292_at	ZSCAN32	zinc finger and SCAN domain containing 32	-1.048	2.27
220301_at	CCDC102B	coiled-coil domain containing 102B	2.37	2.338
220303_at	PDZD3	PDZ domain containing 3	-3.012	4.933
220304_s_at	CNGB3	cyclic nucleotide gated channel beta 3	-1.052	2.187
220307_at	CD244	CD244 molecule	1.434	2.133
220310_at	TUBAL3	tubulin alpha like 3	-2.57	4.809
220311_at	N6AMT1	N-6 adenine-specific DNA methyltransferase 1 (putative)	2.266	3.616
220318_at	EPN3	epsin 3	-2.881	4.325
220319_s_at	MYLIP	myosin regulatory light chain interacting protein	1.551	3.045
220324_at	LINC00472	long intergenic non-protein coding RNA 472	-1.542	3.212
220330_s_at	SAMSN1	SAM domain, SH3 domain and nuclear localization signals 1	1.186	2.596
220332_at	CLDN16	claudin 16	-2.69	2.777
220352_x_at	FLJ42627	uncharacterized LOC645644	-1	3.453
220357_s_at	SGK2	SGK2, serine/threonine kinase 2	-1.461	3.892
220365_at	ALLC	allantoicase	-1.894	2.199
220376_at	LRRC19	leucine rich repeat containing 19	-1.358	3.528
220386_s_at	EML4	echinoderm microtubule associated protein like 4	1.337	2.407
220393_at	LGSN	lengsin, lens protein with glutamine synthetase domain	-3.06	4.007
220424_at	NPHS2	NPHS2, podocin	-7.343	9.07
220426_at	FNDC11	fibronectin type III domain containing 11	2.045	2.57
220432_s_at	CYP39A1	cytochrome P450 family 39 subfamily A member 1	-2.157	2.278
220459_at	MCM3AP-AS1	MCM3AP antisense RNA 1	-0.743	2.431
220486_x_at	LOC101928589///TMEM164	uncharacterized LOC101928589///transmembrane protein 164	-0.866	2.496
220489_s_at	SERINC2	serine incorporator 2	-1.639	2.192
220495_s_at	TXNDC15	thioredoxin domain containing 15	0.524	2.023
220502_s_at	SLC13A1	solute carrier family 13 member 1	-2.518	2.84
220503_at	SLC13A1	solute carrier family 13 member 1	-2.316	3.433
220507_s_at	UPB1	beta-ureidopropionase 1	-1.474	2.909
220510_at	RHBG	Rh family B glycoprotein (gene/pseudogene)	-3.204	5.743
220524_at	EPB41L4B	erythrocyte membrane protein band 4.1 like 4B	-1.661	4.204
220530_at			-2.368	2.263
220532_s_at	TMEM176B	transmembrane protein 176B	0.425	2.224
220542_s_at	BPIFA1	BPI fold containing family A member 1	-0.981	2.64
220543_at	C21orf62	chromosome 21 open reading frame 62	-1.35	2.826
220548_at	PKDREJ	polycystin (PKD) family receptor for egg jelly	-1.446	2.015
220554_at	SLC22A7	solute carrier family 22 member 7	-2.291	4.077
220574_at	SEMA6D	semaphorin 6D	-1.531	5.147
220594_at	OGT	O-linked N-acetylglucosamine (GlcNAc) transferase	-2.622	3.784
220604_x_at	FTCD	formimidoyltransferase cyclodeaminase	-2.837	5.418
220605_s_at	SIRT2	sirtuin 2	-0.754	2.819
220610_s_at	LRRFIP2	LRR binding FLII interacting protein 2	0.896	2.147
220615_s_at	FAR2	fatty acyl-CoA reductase 2	4.167	8.554
220617_s_at	ZNF532	zinc finger protein 532	3.853	5.114
220625_s_at	ELF5	E74 like ETS transcription factor 5	-2.48	2.665
220631_at	OSGEPL1	O-sialoglycoprotein endopeptidase-like 1	0.929	2.808
220642_x_at	GPR89A///GPR89B	G protein-coupled receptor 89A///G protein-coupled receptor 89B	-1.056	4.011
220654_at	PPY2P	pancreatic polypeptide 2, pseudogene	-1.696	2.601
220671_at	NOCT	nocturnin	-0.989	4.221
220675_s_at	PNPLA3	patatin like phospholipase domain containing 3	-4.626	6.64
220723_s_at	CWH43	cell wall biogenesis 43 C-terminal homolog	-2.615	3.508
220724_at	CWH43	cell wall biogenesis 43 C-terminal homolog	-5.31	6.133
220727_at	KCNK10	potassium two pore domain channel subfamily K member 10	-2.596	7.937
220731_s_at	NECAP2	NECAP endocytosis associated 2	0.731	3.763
220734_s_at	CPTP	ceramide-1-phosphate transfer protein	-0.762	2.119
220735_s_at	SENP7	SUMO1/sentrin specific peptidase 7	2.889	3.557
220737_at	RPS6KA6	ribosomal protein S6 kinase A6	-0.989	2.944
220740_s_at	SLC12A6	solute carrier family 12 member 6	-1.107	3.845
220741_s_at	PPA2	pyrophosphatase (inorganic) 2	-0.846	3.79
220753_s_at	CRYL1	crystallin lambda 1	-1.448	5.319
220770_s_at	ZBED8	zinc finger BED-type containing 8	1.277	3.313
220773_s_at	GPHN	gephyrin	-0.761	1.986
220796_x_at	SLC35E1	solute carrier family 35 member E1	-0.608	2.82
220801_s_at	HAO2	hydroxyacid oxidase 2	-3.351	9.693
220812_s_at	HHLA2	HERV-H LTR-associating 2	3.003	5.915
220833_at			-1.057	2.08
220852_at	FOXN3-AS2	FOXN3 antisense RNA 2	-1.251	3.079
220856_x_at			-0.76	2.638
220864_s_at	NDUFA13	NADH:ubiquinone oxidoreductase subunit A13	-0.589	3.039
220886_at	GABRQ	gamma-aminobutyric acid type A receptor theta subunit	-0.881	2.672
220889_s_at	CA10	carbonic anhydrase 10	-3.657	7.562
220892_s_at	PSAT1	phosphoserine aminotransferase 1	-2.067	3.077
220900_at			2.215	2.364
220924_s_at	SLC38A2	solute carrier family 38 member 2	1.118	3.756
220925_at	NAA35	N(alpha)-acetyltransferase 35, NatC auxiliary subunit	-0.657	2.507
220926_s_at	EDEM3	ER degradation enhancing alpha-mannosidase like protein 3	0.782	2.061
220933_s_at	ZCCHC6	zinc finger CCHC-type containing 6	0.672	2.772
220934_s_at	TMEM223	transmembrane protein 223	-0.861	4.346
220940_at	ANKRD36B	ankyrin repeat domain 36B	0.924	3.992
220944_at	PGLYRP4	peptidoglycan recognition protein 4	-1.002	2.545
220948_s_at	ATP1A1	ATPase Na+/K+ transporting subunit alpha 1	-1.488	5.225
220951_s_at	A1CF	APOBEC1 complementation factor	-1.032	2.928
220955_x_at	RAB23	RAB23, member RAS oncogene family	2.135	2.916
220959_s_at	OBP2A///OBP2B	odorant binding protein 2A///odorant binding protein 2B	-1.912	2.067
220965_s_at	RSPH6A	radial spoke head 6 homolog A	1.277	2.202
220980_s_at	ADPGK	ADP dependent glucokinase	0.879	5.755
220987_s_at	NUAK2///AKIP1	NUAK family kinase 2///A-kinase interacting protein 1	-1.666	3.378
220988_s_at	C1QTNF3	C1q and tumor necrosis factor related protein 3	1.867	2.04
220989_s_at	AMN	amnion associated transmembrane protein	-0.705	2.482
220990_s_at	MIR21///VMP1	microRNA 21///vacuole membrane protein 1	0.819	3.712
220999_s_at	CYFIP2	cytoplasmic FMR1 interacting protein 2	-2.024	4.519
221004_s_at	ITM2C	integral membrane protein 2C	-1.021	3.18
221005_s_at	PTDSS2	phosphatidylserine synthase 2	-1.521	4.01
221006_s_at	SNX27	sorting nexin family member 27	-0.546	2.415
221008_s_at	ETNPPL	ethanolamine-phosphate phospho-lyase	-2.442	5.704
221009_s_at	ANGPTL4	angiopoietin like 4	3.451	6.636
221011_s_at	LBH	limb bud and heart development	0.777	3.368
221012_s_at	TRIM8	tripartite motif containing 8	-0.786	2.706
221015_s_at	CDADC1	cytidine and dCMP deaminase domain containing 1	-1.746	3.461
221023_s_at	KCNH6	potassium voltage-gated channel subfamily H member 6	-1.17	2.27
221030_s_at	ARHGAP24	Rho GTPase activating protein 24	-1.382	6.234
221031_s_at	APOLD1	apolipoprotein L domain containing 1	2.761	3.654
221039_s_at	ASAP1	ArfGAP with SH3 domain, ankyrin repeat and PH domain 1	1.523	2.917
221042_s_at	CLMN	calmin	-1.545	3.368
221058_s_at	CKLF	chemokine like factor	0.915	2.841
221059_s_at	COTL1	coactosin like F-actin binding protein 1	-0.849	2.229
221063_x_at	RNF123	ring finger protein 123	-0.616	2.117
221069_s_at	TACO1	translational activator of cytochrome c oxidase I	-1.005	3.818
221071_at			-0.855	2.008
221085_at	TNFSF15	tumor necrosis factor superfamily member 15	-1.624	2.044
221088_s_at	PPP1R9A	protein phosphatase 1 regulatory subunit 9A	-1.051	4.456
221096_s_at	TMCO6	transmembrane and coiled-coil domains 6	1.186	2.928
221097_s_at	KCNMB2	potassium calcium-activated channel subfamily M regulatory beta subunit 2	-1.043	3
221106_at	SLC22A17	solute carrier family 22 member 17	-1.303	2.481
221122_at	HRASLS2	HRAS like suppressor 2	-1.683	2.774
221123_x_at	FBXO16///ZNF395	F-box protein 16///zinc finger protein 395	2.013	6.632
221139_s_at	CSAD	cysteine sulfinic acid decarboxylase	-0.785	2.478
221141_x_at	EPN1	epsin 1	-1.639	3.983
221155_x_at			-1.192	3.761
221161_at	ASCL3	achaete-scute family bHLH transcription factor 3	-1.363	2.319
221163_s_at	MLXIPL	MLX interacting protein like	-0.883	2.134
221171_at	CCDC30	coiled-coil domain containing 30	-1.306	3.043
221173_at	USH1C	USH1 protein network component harmonin	0.814	2.415
221187_s_at	FUZ	fuzzy planar cell polarity protein	-0.922	3.674
221189_s_at	MIR6878///TARS2	microRNA 6878///threonyl-tRNA synthetase 2, mitochondrial (putative)	-1.037	4.932
221195_at	RNFT1	ring finger protein, transmembrane 1	2.328	2.271
221197_s_at	CHAT	choline O-acetyltransferase	-1.701	2.454
221201_s_at	ZNF155	zinc finger protein 155	1.705	2.26
221203_s_at	YEATS2	YEATS domain containing 2	1.217	4.298
221206_at	PMS2CL///PMS2	PMS2 C-terminal like pseudogene///PMS1 homolog 2, mismatch repair system component	-0.48	2.116
221214_s_at	MIR7114///NSMF	microRNA 7114///NMDA receptor synaptonuclear signaling and neuronal migration factor	-0.73	2.145
221218_s_at	TPK1	thiamin pyrophosphokinase 1	1.207	3.546
221221_s_at	KLHL3	kelch like family member 3	-1.849	4.089
221223_x_at	CISH	cytokine inducible SH2 containing protein	-1.133	4.64
221227_x_at	COQ3	coenzyme Q3, methyltransferase	-0.84	2.707
221230_s_at	ARID4B	AT-rich interaction domain 4B	0.56	2.679
221232_s_at	ANKRD2	ankyrin repeat domain 2	-3.436	2.96
221249_s_at	FAM117A	family with sequence similarity 117 member A	-0.567	3.542
221253_s_at	BLOC1S5-TXNDC5///TXNDC5	BLOC1S5-TXNDC5 readthrough (NMD candidate)///thioredoxin domain containing 5	0.823	4.142
221256_s_at	HDHD3	haloacid dehalogenase like hydrolase domain containing 3	-1.435	3.749
221263_s_at	SF3B5	splicing factor 3b subunit 5	-0.672	2.096
221267_s_at	ABHD17A	abhydrolase domain containing 17A	0.501	2.969
221269_s_at	SH3BGRL3	SH3 domain binding glutamate rich protein like 3	1.788	3.623
221278_at	HOXB8	homeobox B8	-2.349	3.427
221298_s_at	SLC22A8	solute carrier family 22 member 8	-6.322	8.321
221302_at	KLF15	Kruppel like factor 15	-1.372	2.421
221306_at	GPR27	G protein-coupled receptor 27	-0.697	2.107
221340_at	CDX4	caudal type homeobox 4	1.256	2.426
221346_at	OR10J1	olfactory receptor family 10 subfamily J member 1	1.434	2.728
221371_at	TNFSF18	tumor necrosis factor superfamily member 18	-1.026	2.264
221374_at	FGF16	fibroblast growth factor 16	-1.578	2.734
221415_s_at	GJA9-MYCBP///GJA9///MYCBP	GJA9-MYCBP readthrough///gap junction protein alpha 9///MYC binding protein	2.441	5.307
221419_s_at			-0.916	2.167
221423_s_at	YIPF5	Yip1 domain family member 5	1.05	2.011
221427_s_at	CCNL2	cyclin L2	1.673	3.328
221428_s_at	TBL1XR1	transducin (beta)-like 1 X-linked receptor 1	2.493	6.92
221433_at	FGF21	fibroblast growth factor 21	-1.524	2.226
221471_at	SERINC3	serine incorporator 3	0.77	5.418
221472_at	SERINC3	serine incorporator 3	0.566	2.057
221473_x_at	SERINC3	serine incorporator 3	0.605	2.33
221476_s_at	RPL15	ribosomal protein L15	-0.494	3.366
221478_at	BNIP3L	BCL2 interacting protein 3 like	0.94	3.233
221479_s_at	BNIP3L	BCL2 interacting protein 3 like	0.85	3.344
221482_s_at	ARPP19	cAMP regulated phosphoprotein 19	-0.646	3.283
221485_at	B4GALT5	beta-1,4-galactosyltransferase 5	0.712	2.253
221489_s_at	SPRY4	sprouty RTK signaling antagonist 4	1.351	3.781
221494_x_at	EIF3K	eukaryotic translation initiation factor 3 subunit K	-0.439	2.135
221504_s_at	ATP6V1H	ATPase H+ transporting V1 subunit H	-1.227	6.242
221506_s_at	TNPO2	transportin 2	-0.847	3.762
221513_s_at	ALG11///UTP14A///UTP14C	ALG11, alpha-1,2-mannosyltransferase///UTP14A small subunit processome component///UTP14, small subunit processome component homolog C (S. cerevisiae)	-0.52	2.535
221517_s_at	MED17	mediator complex subunit 17	0.958	2.504
221518_s_at	USP47	ubiquitin specific peptidase 47	-0.763	4.547
221519_at	FBXW4	F-box and WD repeat domain containing 4	-0.725	4.158
221529_s_at	PLVAP	plasmalemma vesicle associated protein	2.605	4.387
221530_s_at	BHLHE41	basic helix-loop-helix family member e41	3.913	6.691
221540_x_at	GTF2H2C_2///GTF2H2C///GTF2H2B///GTF2H2	GTF2H2 family member C, copy 2///GTF2H2 family member C///general transcription factor IIH subunit 2B (pseudogene)///general transcription factor IIH subunit 2	-0.684	2.392
221555_x_at	CDC14B	cell division cycle 14B	-0.832	4.212
221557_s_at	LEF1	lymphoid enhancer binding factor 1	-2.263	3.864
221561_at	SOAT1	sterol O-acyltransferase 1	1.228	2.617
221565_s_at	CALHM2	calcium homeostasis modulator 2	2.026	3.36
221566_s_at	NOL3	nucleolar protein 3	3.595	5.86
221567_at	NOL3	nucleolar protein 3	3.291	5.718
221572_s_at	MIR6824///SLC26A6	microRNA 6824///solute carrier family 26 member 6	-1.415	4.671
221581_s_at	LAT2	linker for activation of T-cells family member 2	2.087	4.315
221583_s_at	KCNMA1	potassium calcium-activated channel subfamily M alpha 1	2.753	2.995
221584_s_at	KCNMA1	potassium calcium-activated channel subfamily M alpha 1	2.061	3.847
221588_x_at	ALDH6A1	aldehyde dehydrogenase 6 family member A1	-3.354	11.816
221589_s_at	ALDH6A1	aldehyde dehydrogenase 6 family member A1	-2.492	5.512
221590_s_at	ALDH6A1	aldehyde dehydrogenase 6 family member A1	-2.902	6.107
221595_at	RBM48	RNA binding motif protein 48	1.887	2.014
221599_at	AAMDC	adipogenesis associated Mth938 domain containing	-0.626	2.751
221601_s_at	FCMR	Fc fragment of IgM receptor	1.547	3.631
221605_s_at	PIPOX	pipecolic acid and sarcosine oxidase	-3.469	8.431
221620_s_at	APOO	apolipoprotein O	-1.376	6.491
221623_at	BCAN	brevican	-1.854	2.279
221636_s_at	MARC2	mitochondrial amidoxime reducing component 2	-1.568	5.712
221637_s_at	C11orf98///LBHD1	chromosome 11 open reading frame 98///LBH domain containing 1	-0.706	2.178
221648_s_at	AGMAT	agmatinase	-3.335	8.379
221662_s_at	SLC22A7	solute carrier family 22 member 7	-2.606	3.579
221666_s_at	PYCARD	PYD and CARD domain containing	3.077	4.601
221667_s_at	HSPB8	heat shock protein family B (small) member 8	2.259	6.309
221669_s_at	ACAD8	acyl-CoA dehydrogenase family member 8	-1.12	5.005
221675_s_at	CHPT1	choline phosphotransferase 1	-0.908	3.622
221676_s_at	CORO1C	coronin 1C	1.272	5.14
221677_s_at	DONSON	downstream neighbor of SON	0.967	2.612
221678_at	ABHD6	abhydrolase domain containing 6	-1.675	2.684
221685_s_at	SPDL1	spindle apparatus coiled-coil protein 1	2.281	2.933
221688_s_at	IMP3	IMP3, U3 small nucleolar ribonucleoprotein	0.505	2.136
221690_s_at	NLRP2	NLR family pyrin domain containing 2	-2.086	3.203
221691_x_at	NPM1	nucleophosmin	1.534	6.069
221692_s_at	MRPL34	mitochondrial ribosomal protein L34	-1.034	4.784
221698_s_at	CLEC7A	C-type lectin domain family 7 member A	1.645	6.685
221699_s_at	DDX50	DEAD-box helicase 50	0.532	2.518
221701_s_at	STRA6	stimulated by retinoic acid 6	-2.206	8.617
221702_s_at	TM2D3	TM2 domain containing 3	0.539	2.788
221705_s_at	SIKE1	suppressor of IKBKE 1	-0.927	3.305
221716_s_at	ACSBG2	acyl-CoA synthetase bubblegum family member 2	-1.111	2.55
221717_at			-1.142	3.062
221724_s_at	CLEC4A	C-type lectin domain family 4 member A	2.078	2.422
221725_at	WASF2	WAS protein family member 2	1.07	3.54
221729_at	COL5A2	collagen type V alpha 2 chain	2.041	4.823
221730_at	COL5A2	collagen type V alpha 2 chain	1.979	3.495
221731_x_at	VCAN	versican	2.755	4.075
221739_at	MYDGF	myeloid derived growth factor	0.892	3.036
221744_at	DCAF7	DDB1 and CUL4 associated factor 7	-0.912	2.966
221755_at	EHBP1L1	EH domain binding protein 1 like 1	3.572	6.934
221760_at	MAN1A1	mannosidase alpha class 1A member 1	-1.006	3.492
221763_at	JMJD1C	jumonji domain containing 1C	1.002	2.603
221773_at	ELK3	ELK3, ETS transcription factor	1.895	5.036
221781_s_at	DNAJC10	DnaJ heat shock protein family (Hsp40) member C10	1.909	2.364
221791_s_at	TMA7	translation machinery associated 7 homolog	-0.885	3.625
221798_x_at			0.448	2.778
221799_at	CHPF2	chondroitin polymerizing factor 2	1.355	2.163
221810_at	RAB15	RAB15, member RAS oncogene family	-2.243	4.358
221811_at	PGAP3	post-GPI attachment to proteins 3	-0.668	2.689
221816_s_at	PHF11	PHD finger protein 11	0.854	2.3
221826_at	ANGEL2	angel homolog 2	1.016	2.72
221829_s_at	TNPO1	transportin 1	-0.433	2.816
221840_at	PTPRE	protein tyrosine phosphatase, receptor type E	2.488	9.147
221847_at	SMIM10L1	small integral membrane protein 10 like 1	-0.575	2.117
221848_at	ZGPAT	zinc finger CCCH-type and G-patch domain containing	-2.188	4.357
221851_at	DCAF15	DDB1 and CUL4 associated factor 15	1.955	2.204
221856_s_at	FAM63A	family with sequence similarity 63 member A	-0.88	2.912
221858_at	TBC1D12	TBC1 domain family member 12	0.843	3.974
221860_at			-0.756	2.785
221870_at	EHD2	EH domain containing 2	4.434	5.165
221875_x_at	HLA-F	major histocompatibility complex, class I, F	1.441	4.638
221884_at	MECOM	MDS1 and EVI1 complex locus	-1.622	4.161
221891_x_at	SNORD14D///SNORD14C///HSPA8	small nucleolar RNA, C/D box 14D///small nucleolar RNA, C/D box 14C///heat shock protein family A (Hsp70) member 8	-0.615	2.89
221896_s_at	HIGD1A	HIG1 hypoxia inducible domain family member 1A	-1.412	3.227
221903_s_at	CYLD	CYLD lysine 63 deubiquitinase	1.309	2.577
221918_at	CDK17	cyclin dependent kinase 17	1.74	5.267
221922_at	GPSM2	G-protein signaling modulator 2	1.387	2.111
221928_at	ACACB	acetyl-CoA carboxylase beta	-1.677	3.88
221932_s_at	GLRX5	glutaredoxin 5	-1.666	4.299
221934_s_at	DALRD3	DALR anticodon binding domain containing 3	-0.649	2.621
221948_s_at	KLHL22	kelch like family member 22	-1.699	2.01
221951_at	TMEM80	transmembrane protein 80	-0.936	3.005
221953_s_at	MMP24-AS1	MMP24 antisense RNA 1	-1.486	6.055
221954_at	OSER1	oxidative stress responsive serine rich 1	0.554	2.231
221963_x_at	ZNF587B	zinc finger protein 587B	-0.902	3.018
221968_s_at	ZNF771	zinc finger protein 771	-1.249	2.373
221975_s_at	C21orf2	chromosome 21 open reading frame 2	1.753	2.886
221978_at	HLA-F	major histocompatibility complex, class I, F	1.05	3.674
221982_x_at	LAGE3	L antigen family member 3	-1.004	2.129
221990_at	PAX8	paired box 8	-0.681	2.656
221995_s_at	MRPL57	mitochondrial ribosomal protein L57	-0.935	3.051
222003_s_at	DOCK6	dedicator of cytokinesis 6	1.404	2.206
222006_at	LETM1	leucine zipper and EF-hand containing transmembrane protein 1	-1.129	3.034
222012_at	DCAF15	DDB1 and CUL4 associated factor 15	-1.221	2.415
222025_s_at	OPLAH	5-oxoprolinase (ATP-hydrolysing)	-1.643	6.155
222033_s_at	FLT1	fms related tyrosine kinase 1	2.56	4.844
222039_at	KIF18B	kinesin family member 18B	2.413	3
222051_s_at	E2F5	E2F transcription factor 5	-1.705	3.63
222056_s_at	FAHD2A	fumarylacetoacetate hydrolase domain containing 2A	-0.909	2.77
222062_at	IL27RA	interleukin 27 receptor subunit alpha	2.291	2.914
222073_at	COL4A3	collagen type IV alpha 3 chain	-1.46	4.225
222078_at	PKLR	pyruvate kinase, liver and RBC	-2.673	3.988
222081_at	SIRT5	sirtuin 5	-1.452	2.03
222083_at	GLYAT	glycine-N-acyltransferase	-3.852	8.087
222087_at	MIR1204///PVT1	microRNA 1204///Pvt1 oncogene (non-protein coding)	2.45	2.939
222088_s_at	SLC2A14///SLC2A3	solute carrier family 2 member 14///solute carrier family 2 member 3	1.987	4.623
222099_s_at	LSM14A	LSM14A, mRNA processing body assembly factor	-0.416	2.073
222102_at	GSTA3	glutathione S-transferase alpha 3	-3.581	3.176
222103_at	ATF1	activating transcription factor 1	0.993	2.912
222108_at	AMIGO2	adhesion molecule with Ig like domain 2	-0.809	2.272
222125_s_at	P4HTM	prolyl 4-hydroxylase, transmembrane	-0.571	2.239
222127_s_at	EXOC1	exocyst complex component 1	0.526	2.561
222128_at	NSUN6	NOP2/Sun RNA methyltransferase family member 6	0.881	2.109
222131_x_at	RHOT2	ras homolog family member T2	1.687	2.239
222136_x_at	ZNF729///ZNF43	zinc finger protein 729///zinc finger protein 43	0.859	2.57
222139_at	ERV3-2	endogenous retrovirus group 3 member 2	2.067	3.947
222140_s_at	GPR89A///GPR89B	G protein-coupled receptor 89A///G protein-coupled receptor 89B	-1.066	2.835
222146_s_at	TCF4	transcription factor 4	1.72	2.733
222150_s_at	GSAP	gamma-secretase activating protein	0.782	2.819
222158_s_at	DESI2	desumoylating isopeptidase 2	0.484	2.431
222183_x_at	MBD3	methyl-CpG binding domain protein 3	-0.944	1.981
222188_at	TRMO	tRNA methyltransferase O	-2.153	2.197
222193_at	LDAH	lipid droplet associated hydrolase	-1.008	4.61
222204_s_at	RRN3	RRN3 homolog, RNA polymerase I transcription factor	0.804	2.565
222209_s_at	TMEM135	transmembrane protein 135	1.109	2.148
222217_s_at	SLC27A3	solute carrier family 27 member 3	1.516	4.189
222220_s_at	TSNAXIP1	translin associated factor X interacting protein 1	-0.88	2.375
222221_x_at	EHD1	EH domain containing 1	-0.664	2.311
222271_at			-1.52	4.014
222280_at	TMEM147-AS1	TMEM147 antisense RNA 1	-0.919	5.144
222292_at	CD40	CD40 molecule	1.397	2.144
222302_at			-0.957	3.675
222322_at			-2.678	3.426
222325_at			-2.562	2.299
222326_at			0.921	2.023
222333_at	ALS2CL	ALS2 C-terminal like	-0.901	3.27
222338_x_at			-0.753	3.27
222345_at	EMC10	ER membrane protein complex subunit 10	-1.76	2.409
222351_at	PPP2R1B	protein phosphatase 2 scaffold subunit Abeta	-1.492	2.245
222356_at			-1.27	2.071
222365_at	TBCEL	tubulin folding cofactor E like	-1.631	3.512
222368_at			-0.863	2.955
222372_at	MAGI1	membrane associated guanylate kinase, WW and PDZ domain containing 1	-1.095	2.603
222373_at			-1.22	2.675
222383_s_at	ALOXE3	arachidonate lipoxygenase 3	-1.299	2.009
31835_at	HRG	histidine rich glycoprotein	-2.552	6.369
31845_at	ELF4	E74 like ETS transcription factor 4	1.354	4.308
32091_at	SLC25A44	solute carrier family 25 member 44	-1.131	3.894
32137_at	JAG2	jagged 2	0.989	2.483
32837_at	AGPAT2	1-acylglycerol-3-phosphate O-acyltransferase 2	-0.706	2.895
33304_at	ISG20	interferon stimulated exonuclease gene 20	2.023	3.98
33814_at	PAK4	p21 (RAC1) activated kinase 4	-0.579	3.011
34210_at	CD52	CD52 molecule	4.031	7.595
34471_at	MYH8	myosin heavy chain 8	-1.561	2.114
34689_at	ATRIP///TREX1	ATR interacting protein///three prime repair exonuclease 1	0.563	2.417
34764_at	LARS2	leucyl-tRNA synthetase 2, mitochondrial	-0.891	3.057
35148_at	TJP3	tight junction protein 3	-2.452	3.849
35150_at	CD40	CD40 molecule	0.771	3.129
35201_at	HNRNPL	heterogeneous nuclear ribonucleoprotein L	-0.561	2.272
35265_at	FXR2	FMR1 autosomal homolog 2	-0.7	3.918
35671_at	GTF3C1	general transcription factor IIIC subunit 1	-0.556	2.574
35685_at	RING1	ring finger protein 1	-0.547	2.517
35820_at	GM2A	GM2 ganglioside activator	2.455	3.658
36030_at	IFFO1	intermediate filament family orphan 1	0.709	3.019
36475_at	GCAT	glycine C-acetyltransferase	-1.182	4.069
36564_at	RNF19B	ring finger protein 19B	0.498	2.392
37117_at	PRR5-ARHGAP8///ARHGAP8	PRR5-ARHGAP8 readthrough///Rho GTPase activating protein 8	-1.372	4.794
37145_at	GNLY	granulysin	2.715	2.846
37201_at	ITIH4	inter-alpha-trypsin inhibitor heavy chain family member 4	-0.88	2.666
37590_g_at			-1.57	4.605
38069_at	CLCN7	chloride voltage-gated channel 7	-0.975	4.139
38149_at	ARHGAP25	Rho GTPase activating protein 25	1.22	5.429
38158_at	ESPL1	extra spindle pole bodies like 1, separase	-0.951	2.929
38241_at	BTN3A3	butyrophilin subfamily 3 member A3	1.752	4.487
38340_at	HIP1R	huntingtin interacting protein 1 related	-0.87	3.003
38398_at	MADD	MAP kinase activating death domain	-0.491	2.026
38487_at	STAB1	stabilin 1	1.105	3.238
38671_at	PLXND1	plexin D1	1.601	4.97
38710_at	LOC101927673///OTUB1	uncharacterized LOC101927673///OTU deubiquitinase, ubiquitin aldehyde binding 1	-0.502	2.308
38964_r_at	WAS	Wiskott-Aldrich syndrome	0.774	2.417
39248_at	AQP3	aquaporin 3 (Gill blood group)	-2.078	3.446
39249_at	AQP3	aquaporin 3 (Gill blood group)	-1.697	2.009
39313_at	WNK1	WNK lysine deficient protein kinase 1	-1.103	3.272
39729_at	PRDX2	peroxiredoxin 2	-0.647	2.528
39817_s_at	DNPH1	2'-deoxynucleoside 5'-phosphate N-hydrolase 1	-0.962	4.144
40093_at	BCAM	basal cell adhesion molecule (Lutheran blood group)	-1.286	4.525
40225_at	GAK	cyclin G associated kinase	-0.689	3.068
40273_at	SPHK2	sphingosine kinase 2	-1.836	8.236
40420_at	STK10	serine/threonine kinase 10	1.21	4.508
40472_at	LPCAT4	lysophosphatidylcholine acyltransferase 4	1.647	2.047
40562_at	GNA11	G protein subunit alpha 11	-0.622	2.592
40829_at	WDTC1	WD and tetratricopeptide repeats 1	-0.637	2.943
41220_at	SEPT9	septin 9	0.858	5.791
41577_at	PPP1R16B	protein phosphatase 1 regulatory subunit 16B	-1.771	2.953
41644_at	SASH1	SAM and SH3 domain containing 1	-0.667	2.235
41856_at	UNC5B	unc-5 netrin receptor B	0.874	2.899
43427_at	ACACB	acetyl-CoA carboxylase beta	-1.304	4.804
43544_at	MED16	mediator complex subunit 16	-0.632	2.308
43977_at	TMEM161A	transmembrane protein 161A	-0.465	2.207
44146_at	GMEB2	glucocorticoid modulatory element binding protein 2	-0.49	2.895
44654_at	G6PC3	glucose-6-phosphatase catalytic subunit 3	-0.631	2.948
44696_at	TBC1D13	TBC1 domain family member 13	-1.186	6.31
44783_s_at	HEY1	hes related family bHLH transcription factor with YRPW motif 1	1.178	2.391
44790_s_at	KIAA0226L	KIAA0226 like	1.541	3.126
45297_at	EHD2	EH domain containing 2	2.041	5.658
45526_g_at	NAA60	N(alpha)-acetyltransferase 60, NatF catalytic subunit	-0.538	3.295
45633_at	GINS3	GINS complex subunit 3	2.14	2.456
45714_at	HCFC1R1	host cell factor C1 regulator 1	0.562	1.978
45828_at	ATP5SL	ATP5S like	-0.546	2.299
46142_at	LMF1	lipase maturation factor 1	-0.982	2.633
47069_at	PRR5	proline rich 5	-0.947	5.245
47550_at	LZTS1	leucine zipper tumor suppressor 1	1.853	2.155
48031_r_at	FAXDC2	fatty acid hydroxylase domain containing 2	-1.047	3.392
48612_at	N4BP1	NEDD4 binding protein 1	-0.576	3.207
49327_at	SIRT3	sirtuin 3	-0.414	1.979
49329_at	KLHL22	kelch like family member 22	-0.703	3.013
49452_at	ACACB	acetyl-CoA carboxylase beta	-1.535	4.768
49485_at	PRDM4	PR/SET domain 4	-0.546	2.412
49679_s_at	MMP24-AS1	MMP24 antisense RNA 1	-1.056	4.7
49878_at	PEX16	peroxisomal biogenesis factor 16	-0.6	3.703
50376_at	ZNF444	zinc finger protein 444	-1.04	3.454
51774_s_at	UBE2D4	ubiquitin conjugating enzyme E2 D4 (putative)	-0.492	2.678
52940_at	SIGIRR	single Ig and TIR domain containing	-1.893	8.209
564_at	GNA11	G protein subunit alpha 11	-0.553	2.951
56821_at	SLC38A7	solute carrier family 38 member 7	-0.812	3.026
56919_at	WDR48	WD repeat domain 48	-1.012	2.41
57539_at	ZGPAT///LIME1	zinc finger CCCH-type and G-patch domain containing///Lck interacting transmembrane adaptor 1	-1.788	6.864
57540_at	RBKS	ribokinase	-1	3.67
58696_at	EXOSC4	exosome component 4	-0.723	3.076
58900_at	UBE2D4	ubiquitin conjugating enzyme E2 D4 (putative)	-0.606	3.059
59625_at	NOL3	nucleolar protein 3	2.083	6.668
59644_at	BMP2K	BMP2 inducible kinase	1.319	2.174
59697_at	RAB15	RAB15, member RAS oncogene family	-0.974	3.019
60471_at	RIN3	Ras and Rab interactor 3	0.952	3.444
60474_at	FERMT1	fermitin family member 1	-2.044	2.78
61874_at	CACFD1	calcium channel flower domain containing 1	-1.139	5.639
62212_at	LOC100129924///C1orf50	uncharacterized LOC100129924///chromosome 1 open reading frame 50	-0.477	2.426
62987_r_at	CACNG4	calcium voltage-gated channel auxiliary subunit gamma 4	-1.199	2.721
64064_at	GIMAP1-GIMAP5///GIMAP5	GIMAP1-GIMAP5 readthrough///GTPase, IMAP family member 5	0.736	2.669
64371_at	SUGP2	SURP and G-patch domain containing 2	-0.788	2.47
65517_at	AP1M2	adaptor related protein complex 1 mu 2 subunit	-2.398	6.558
65884_at	MAN1B1	mannosidase alpha class 1B member 1	0.574	2.882
89476_r_at	NPEPL1	aminopeptidase-like 1	-1.155	4.206
90265_at	ADAP1	ArfGAP with dual PH domains 1	-1.192	5.677
91703_at	EHBP1L1	EH domain binding protein 1 like 1	2.316	3.785
91816_f_at	MEX3D	mex-3 RNA binding family member D	1.073	3.144
AFFX-BioB-3_at			-0.824	3.407
AFFX-BioB-5_at			-0.79	4.178
AFFX-BioB-M_at			-0.939	3.572
AFFX-BioC-3_at			-0.764	4.39
AFFX-BioC-5_at			-0.552	2.823
AFFX-BioDn-3_at			-0.621	4.022
AFFX-BioDn-5_at			-0.817	3.564
AFFX-CreX-3_at			-0.469	3.296
AFFX-CreX-5_at			-0.659	4.341
AFFX-HUMGAPDH/M33197_5_at	GAPDH	glyceraldehyde-3-phosphate dehydrogenase	1.494	2.841
AFFX-HUMISGF3A/M97935_3_at	STAT1	signal transducer and activator of transcription 1	1.034	2.394
AFFX-HUMISGF3A/M97935_MB_at	STAT1	signal transducer and activator of transcription 1	1.819	3.143
AFFX-HUMRGE/M10098_3_at			-3.322	8.036
AFFX-HUMRGE/M10098_5_at			-4.283	4.882
AFFX-HUMRGE/M10098_M_at			-4.162	5.701
AFFX-M27830_5_at			-4.319	6.589
AFFX-r2-Ec-bioB-3_at			-0.811	3.257
AFFX-r2-Ec-bioB-5_at			-0.817	3.698
AFFX-r2-Ec-bioB-M_at			-0.717	3.343
AFFX-r2-Ec-bioC-3_at			-0.836	4.688
AFFX-r2-Ec-bioC-5_at			-0.769	2.897
AFFX-r2-Ec-bioD-3_at			-0.657	3.086
AFFX-r2-Ec-bioD-5_at			-0.776	4.404
AFFX-r2-Hs18SrRNA-3_s_at			-3.844	6.233
AFFX-r2-Hs18SrRNA-5_at			-5.328	5.23
AFFX-r2-Hs18SrRNA-M_x_at			-3.778	4.855
AFFX-r2-Hs28SrRNA-3_at			-3.404	7.044
AFFX-r2-Hs28SrRNA-5_at			-3.722	7.045
AFFX-r2-Hs28SrRNA-M_at			-1.944	6.128
AFFX-r2-P1-cre-3_at			-0.385	2.278
AFFX-r2-P1-cre-5_at			-0.446	3.517
