ID	Gene.symbol	Gene.title	log2(fold change)(TX vs NR)	-log10(Pvalue)(TX vs NR)
1001_at	TIE1	tyrosine kinase with immunoglobulin like and EGF like domains 1	-0.772	2.551
1002_f_at	CYP2C19	cytochrome P450 family 2 subfamily C member 19	-0.751	6.854
1003_s_at	CXCR5	C-X-C motif chemokine receptor 5	-0.331	2.527
1004_at	CXCR5	C-X-C motif chemokine receptor 5	-0.497	1.808
1006_at	MMP10	matrix metallopeptidase 10	-0.488	3.6
1007_s_at	MIR4640///DDR1	microRNA 4640///discoidin domain receptor tyrosine kinase 1	-0.453	3.75
1008_f_at	EIF2AK2	eukaryotic translation initiation factor 2 alpha kinase 2	-1.86	6.876
100_g_at	RABGGTA	Rab geranylgeranyltransferase alpha subunit	-0.382	2.807
1010_at	MAPK11	mitogen-activated protein kinase 11	-0.459	1.883
1011_s_at	YWHAE	tyrosine 3-monooxygenase/tryptophan 5-monooxygenase activation protein epsilon	1.41	5.223
1013_at	SMAD5	SMAD family member 5	1.032	5.079
1017_at	MSH6	mutS homolog 6	-0.295	1.87
1018_at	WNT10B	Wnt family member 10B	-0.508	6.537
1020_s_at	CIB1	calcium and integrin binding 1	0.593	3.866
1023_at	EPO	erythropoietin	-0.38	3.088
1024_at	CYP1A1	cytochrome P450 family 1 subfamily A member 1	-0.909	7.448
1026_s_at	COL11A2	collagen type XI alpha 2 chain	-0.564	6.365
1027_at	COL11A2	collagen type XI alpha 2 chain	-0.649	11.032
1028_at	TOP3A	topoisomerase (DNA) III alpha	-0.377	2.723
102_at	HIPK3	homeodomain interacting protein kinase 3	-0.631	5.624
1030_s_at	TOP1	topoisomerase (DNA) I	0.628	2.799
1031_at	SRPK1	SRSF protein kinase 1	0.641	3.278
1033_g_at	CXCR2	C-X-C motif chemokine receptor 2	-0.642	6.204
1034_at	TIMP3	TIMP metallopeptidase inhibitor 3	0.31	1.79
1038_s_at	IFNGR1	interferon gamma receptor 1	0.86	2.508
103_at	THBS4	thrombospondin 4	-0.853	4.209
1044_s_at	E2F5	E2F transcription factor 5	0.531	2.278
1049_g_at	RXRG	retinoid X receptor gamma	-0.602	6.668
104_at	POU6F1	POU class 6 homeobox 1	-0.319	3.212
1052_s_at	CEBPD	CCAAT/enhancer binding protein delta	0.717	2.227
1053_at	RFC2	replication factor C subunit 2	-0.259	1.676
1057_at	CRABP2	cellular retinoic acid binding protein 2	-0.571	2.242
1058_at	WASF3	WAS protein family member 3	1.17	4.502
1061_at	IL10RA	interleukin 10 receptor subunit alpha	-0.529	4.047
1063_s_at	TYRO3	TYRO3 protein tyrosine kinase	-0.383	1.673
1064_at	TWF1	twinfilin actin binding protein 1	0.837	4.494
1066_at	IL12RB1	interleukin 12 receptor subunit beta 1	-0.362	3.088
1067_at	FLT3LG	fms related tyrosine kinase 3 ligand	-0.546	2.8
1070_at	GTF2B	general transcription factor IIB	-0.431	3.006
1071_at	GATA2	GATA binding protein 2	-0.612	4.761
1073_at	TCEA1	transcription elongation factor A1	0.724	2.556
1074_at	RAB1A	RAB1A, member RAS oncogene family	1.11	9.364
1076_at	IL1A	interleukin 1 alpha	0.362	2.809
1080_s_at	CYP1A2	cytochrome P450 family 1 subfamily A member 2	-0.572	4.885
1082_at	PLCG1	phospholipase C gamma 1	-0.659	1.838
1084_at	ABL2	ABL proto-oncogene 2, non-receptor tyrosine kinase	-0.322	2.585
1085_s_at	PLCG2	phospholipase C gamma 2	-0.474	2.003
1086_at	CSF2RB	colony stimulating factor 2 receptor beta common subunit	-0.656	5.73
1087_at	EPOR	erythropoietin receptor	-0.338	2.752
1088_at	BDNF	brain derived neurotrophic factor	-0.771	3.823
1089_i_at			-0.563	3.254
1091_at	PRKAR1B	protein kinase cAMP-dependent type I regulatory subunit beta	-0.388	3.73
1092_at	EDN2	endothelin 2	-0.541	5.176
1093_at	PPP2R1B	protein phosphatase 2 scaffold subunit Abeta	0.558	2.381
1094_g_at	PPP2R1B	protein phosphatase 2 scaffold subunit Abeta	-0.437	3.738
1096_g_at	CD19	CD19 molecule	-0.578	2.911
1101_at	APBB1	amyloid beta precursor protein binding family B member 1	-0.532	4.962
1104_s_at	HSPA1L///HSPA1B///HSPA1A	heat shock protein family A (Hsp70) member 1 like///heat shock protein family A (Hsp70) member 1B///heat shock protein family A (Hsp70) member 1A	1.113	1.95
1107_s_at	ISG15	ISG15 ubiquitin-like modifier	-0.393	2.126
1108_s_at	EPHA1	EPH receptor A1	-0.531	6.162
1109_s_at	PDGFA	platelet derived growth factor subunit A	-0.43	3.427
110_at	CSPG4	chondroitin sulfate proteoglycan 4	-0.454	3.515
1113_at	BMP2	bone morphogenetic protein 2	-0.477	2.163
1114_at	BMP4	bone morphogenetic protein 4	-0.588	2.72
1117_at	CDA	cytidine deaminase	-0.238	1.947
1118_at	PTGER4	prostaglandin E receptor 4	-0.328	2.943
1119_at	RPA2	replication protein A2	0.448	2.992
1125_s_at	CD44	CD44 molecule (Indian blood group)	-0.311	3.122
1129_at	GBX1	gastrulation brain homeobox 1	-0.462	3.391
1132_s_at	RARG	retinoic acid receptor gamma	-0.406	3.171
1133_at	EN2	engrailed homeobox 2	-0.516	3.589
1134_at	TNK2	tyrosine kinase non receptor 2	-0.75	7.469
1136_at	DTYMK	deoxythymidylate kinase	-0.411	2.142
1138_at	SLC20A1	solute carrier family 20 member 1	-0.598	4.063
113_i_at	MAPT	microtubule associated protein tau	-0.536	2.36
1142_at			-0.699	2.409
1146_at	CD4	CD4 molecule	-0.586	5.431
1147_at	NR2F1	nuclear receptor subfamily 2 group F member 1	0.67	2.187
1149_at	TFEB	transcription factor EB	-0.671	4.408
114_r_at	MAPT	microtubule associated protein tau	-0.782	3.274
1152_i_at	CGB2///CGB1///CGB8///CGB7///CGB5///CGB3	chorionic gonadotropin beta subunit 2///chorionic gonadotropin beta subunit 1///chorionic gonadotropin beta subunit 8///chorionic gonadotropin beta subunit 7///chorionic gonadotropin beta subunit 5///chorionic gonadotropin beta subunit 3	-0.814	1.825
1153_f_at	CGB2///CGB1///CGB8///CGB7///CGB5///CGB3	chorionic gonadotropin beta subunit 2///chorionic gonadotropin beta subunit 1///chorionic gonadotropin beta subunit 8///chorionic gonadotropin beta subunit 7///chorionic gonadotropin beta subunit 5///chorionic gonadotropin beta subunit 3	-0.553	1.983
1155_at	MYCLP1	MYCL pseudogene 1	-0.779	3.993
1158_s_at	CALM3///CALM2///CALM1	calmodulin 3///calmodulin 2///calmodulin 1	-0.267	2.459
1167_s_at	MMP15	matrix metallopeptidase 15	-0.562	2.207
1169_at	PCDHGB7	protocadherin gamma subfamily B, 7	-0.518	1.835
116_at	PRKAR2A	protein kinase cAMP-dependent type II regulatory subunit alpha	-0.506	3.812
1177_at			-0.364	2.568
117_at	HSPA6	heat shock protein family A (Hsp70) member 6	-0.653	3.13
1182_at	PLCL1	phospholipase C like 1	0.494	1.672
1183_at	CCL17	C-C motif chemokine ligand 17	-0.538	3.325
1185_at	IL3RA	interleukin 3 receptor subunit alpha	-0.737	7.056
1186_at	GDF10	growth differentiation factor 10	-0.808	4.079
1189_at	CDK8	cyclin dependent kinase 8	-0.509	2.571
118_at	ITPKA	inositol-trisphosphate 3-kinase A	-0.471	1.723
1190_at	PTPRO	protein tyrosine phosphatase, receptor type O	0.343	1.778
1191_s_at	PSMD11	proteasome 26S subunit, non-ATPase 11	1.202	6.999
1192_at	PSMD12	proteasome 26S subunit, non-ATPase 12	0.984	4.621
1193_at	UBE3A	ubiquitin protein ligase E3A	-0.579	1.711
1194_g_at	UBE3A	ubiquitin protein ligase E3A	-0.687	6.804
1196_at	RCC1	regulator of chromosome condensation 1	-0.731	7.919
1200_at	GLI2	GLI family zinc finger 2	-0.685	6.134
1201_at	RAB33A	RAB33A, member RAS oncogene family	-0.471	3.08
1203_at	INHBA	inhibin beta A subunit	-0.577	3.833
1204_at	DGKG	diacylglycerol kinase gamma	-0.419	2.264
1205_at			-0.429	2.472
1207_at	CDK6	cyclin dependent kinase 6	-0.419	4.036
1208_at	PTK6	protein tyrosine kinase 6	-0.404	4.401
120_at	ITGA1	integrin subunit alpha 1	0.525	3.645
1210_s_at	TNFRSF25	TNF receptor superfamily member 25	-0.518	4.395
1211_s_at	CRADD	CASP2 and RIPK1 domain containing adaptor with death domain	0.397	1.684
1214_s_at	IFNB1	interferon beta 1	-0.425	2.844
1221_at	RAB5B	RAB5B, member RAS oncogene family	-0.513	3.004
1225_g_at	CDK16	cyclin dependent kinase 16	0.607	6.1
1228_s_at	CTAGE5	CTAGE family member 5, ER export factor	0.646	4.265
1229_at	MTMR11	myotubularin related protein 11	0.697	4.75
122_at	PRIM2	primase (DNA) subunit 2	-0.444	2.027
1231_at	UBE2B	ubiquitin conjugating enzyme E2 B	0.826	2.169
1233_s_at	AXL	AXL receptor tyrosine kinase	-0.735	6.579
1235_at	YWHAZ	tyrosine 3-monooxygenase/tryptophan 5-monooxygenase activation protein zeta	0.577	2.376
1239_s_at	CASP2	caspase 2	-0.642	2.942
1241_at	PTP4A2	protein tyrosine phosphatase type IVA, member 2	0.93	4.302
1242_at	ERF	ETS2 repressor factor	-0.466	3.947
1243_at	DDB2	damage specific DNA binding protein 2	-0.344	2.371
1244_at	STAT2	signal transducer and activator of transcription 2	-0.332	3.998
1246_at	PTPRS	protein tyrosine phosphatase, receptor type S	-0.637	4.424
1248_at	POLR2H	RNA polymerase II subunit H	0.285	2.372
1249_at	GAB1	GRB2 associated binding protein 1	-0.467	2.507
1250_at	PRKDC	protein kinase, DNA-activated, catalytic polypeptide	0.812	2.713
1254_at	GUCA1A	guanylate cyclase activator 1A	-0.615	2.404
1255_g_at	GUCA1A	guanylate cyclase activator 1A	-0.604	3.692
1258_s_at	ERCC4	ERCC excision repair 4, endonuclease catalytic subunit	0.345	2.224
1259_at	ZNF23	zinc finger protein 23	-0.494	3.266
1261_i_at	GSTA2///GSTA1	glutathione S-transferase alpha 2///glutathione S-transferase alpha 1	1.35	2.45
1263_at	IL3	interleukin 3	-0.417	2.74
1266_s_at	LCK	LCK proto-oncogene, Src family tyrosine kinase	-0.349	1.699
1267_at	PRKCH	protein kinase C eta	-0.449	5.022
1268_at	UBA1	ubiquitin like modifier activating enzyme 1	0.486	1.996
1269_at	PIK3R1	phosphoinositide-3-kinase regulatory subunit 1	1.608	6.824
1270_at	RAP1GAP	RAP1 GTPase activating protein	-0.55	5.037
1271_g_at	RELA	RELA proto-oncogene, NF-kB subunit	-0.45	4.094
1272_at	EIF2S3	eukaryotic translation initiation factor 2 subunit gamma	0.761	4.322
1273_r_at	CDC34	cell division cycle 34	-0.904	5.072
1277_at	ARHGEF16	Rho guanine nucleotide exchange factor 16	-0.553	6.847
1278_at	AXL	AXL receptor tyrosine kinase	0.464	1.895
1279_s_at	TEN1-CDK3///CDK3	TEN1-CDK3 readthrough (NMD candidate)///cyclin dependent kinase 3	-0.469	3.718
1284_at	PRKD3	protein kinase D3	-0.312	2.335
1289_at	GSTM5	glutathione S-transferase mu 5	-0.384	2.797
1290_g_at	GSTM5	glutathione S-transferase mu 5	-0.528	2.614
1293_s_at	GPLD1	glycosylphosphatidylinositol specific phospholipase D1	-0.414	2.704
1295_at	RELA	RELA proto-oncogene, NF-kB subunit	1.172	3.99
1296_at	CDH15	cadherin 15	-0.32	2.056
1297_at	RBPMS	RNA binding protein with multiple splicing	-0.285	2.007
1300_at	XRCC2	X-ray repair cross complementing 2	-0.74	1.734
1304_at			-0.455	4.374
1306_at	EIF4G1	eukaryotic translation initiation factor 4 gamma 1	-0.277	2.752
1307_at	XPA	XPA, DNA damage recognition and repair factor	0.922	5.375
130_s_at	NKX2-1	NK2 homeobox 1	-0.641	5.925
1314_at	PSMD1	proteasome 26S subunit, non-ATPase 1	0.632	2.813
1316_at	THRA	thyroid hormone receptor, alpha	-0.358	2.409
1318_at	RBBP4	RB binding protein 4, chromatin remodeling factor	1.078	6.906
1320_at	PTPN21	protein tyrosine phosphatase, non-receptor type 21	-0.484	2.204
1322_at	E2F1	E2F transcription factor 1	-0.636	4.496
1325_at	SMAD1	SMAD family member 1	0.576	1.991
1330_at	MAP3K3	mitogen-activated protein kinase kinase kinase 3	-0.774	6.817
1334_s_at	CSF3	colony stimulating factor 3	-0.42	4.547
1335_at	IGF1R	insulin like growth factor 1 receptor	-0.418	2.351
1336_s_at	PRKCB	protein kinase C beta	-0.57	2.564
1338_s_at	CYP2A13///CYP2A7///CYP2A6	cytochrome P450 family 2 subfamily A member 13///cytochrome P450 family 2 subfamily A member 7///cytochrome P450 family 2 subfamily A member 6	-0.677	2.412
1339_s_at	BCR	BCR, RhoGEF and GTPase activating protein	-0.354	1.896
1341_at	SPI1	Spi-1 proto-oncogene	-0.502	3.064
1342_g_at	TERF1	telomeric repeat binding factor 1	0.623	1.898
1344_at	PAX3	paired box 3	-0.526	4.957
1345_s_at	PAX3	paired box 3	-0.308	2.025
1346_at	MT3	metallothionein 3	-0.567	5.92
1350_at	CYP4F2	cytochrome P450 family 4 subfamily F member 2	1.671	2.877
1351_at	EPHB4	EPH receptor B4	-0.302	1.893
1354_at	NTRK2	neurotrophic receptor tyrosine kinase 2	-0.372	1.824
135_g_at	ABI2	abl-interactor 2	-0.401	1.76
1361_at	TERF1	telomeric repeat binding factor 1	0.532	3.643
1362_s_at	RXRB	retinoid X receptor beta	-0.482	5.044
1364_at	PTPRZ1	protein tyrosine phosphatase, receptor type Z1	-0.788	1.865
1366_i_at	UBC	ubiquitin C	-0.554	1.87
136_at	GPR31	G protein-coupled receptor 31	-0.505	4.974
1373_at	TCF3	transcription factor 3	0.319	2.028
1379_at	EPHA2	EPH receptor A2	-0.39	4.644
137_at	KLF1	Kruppel like factor 1	-0.508	4.108
1382_at	RPA1	replication protein A1	0.637	3.505
1383_at	PPP2R2A	protein phosphatase 2 regulatory subunit Balpha	0.678	5.068
1386_at	PTPN9	protein tyrosine phosphatase, non-receptor type 9	-0.386	4.02
1387_at	IL2	interleukin 2	-0.479	4.943
138_at	MAP4K1	mitogen-activated protein kinase kinase kinase kinase 1	-0.539	3.396
1392_at	GRK6	G protein-coupled receptor kinase 6	-0.537	5.022
1393_at	OCM2	oncomodulin 2	-0.586	3.349
1396_at	IGFBP5	insulin like growth factor binding protein 5	1.194	3.055
1398_g_at	MAP3K11	mitogen-activated protein kinase kinase kinase 11	-0.591	4.937
1400_at	CSF2	colony stimulating factor 2	-0.4	3.277
1401_g_at	CSF2	colony stimulating factor 2	-0.448	2.676
1406_at	NR2C1	nuclear receptor subfamily 2 group C member 1	-0.621	4.76
1407_g_at	NR2C1	nuclear receptor subfamily 2 group C member 1	-0.485	2.779
140_s_at	TRA2B	transformer 2 beta homolog (Drosophila)	0.617	2.539
1411_at	CYP11B1	cytochrome P450 family 11 subfamily B member 1	-0.787	2.92
1412_g_at	CYP11B2///CYP11B1	cytochrome P450 family 11 subfamily B member 2///cytochrome P450 family 11 subfamily B member 1	-0.367	3.308
1413_at			-0.526	3.301
1415_at			-0.433	2.108
1416_g_at			-0.437	2.141
1418_at	NOS2	nitric oxide synthase 2	-0.485	1.658
1419_g_at	NOS2	nitric oxide synthase 2	-0.556	6.555
141_s_at	BRF1	BRF1, RNA polymerase III transcription initiation factor 90 kDa subunit	-0.439	4.206
1422_g_at	CAMK4	calcium/calmodulin dependent protein kinase IV	-0.697	2.994
1425_at	PCDHB11	protocadherin beta 11	-0.588	2.565
1428_at	THRB	thyroid hormone receptor beta	-0.298	1.818
1430_at	SST	somatostatin	-0.503	2.419
1431_at	CYP2E1	cytochrome P450 family 2 subfamily E member 1	-0.435	3.384
1432_s_at	LTK	leukocyte receptor tyrosine kinase	-0.497	5.082
1436_at	CYP2D6	cytochrome P450 family 2 subfamily D member 6	-0.695	4.277
1437_at	PRKCA	protein kinase C alpha	-0.668	6.117
143_s_at	TAF5	TATA-box binding protein associated factor 5	-0.415	2.666
1447_at	PSMB1	proteasome subunit beta 1	0.582	1.752
1448_at	PSMA3	proteasome subunit alpha 3	0.874	2.337
1449_at	PSMA4	proteasome subunit alpha 4	1.103	7.014
1450_g_at	PSMA4	proteasome subunit alpha 4	0.674	3.294
1452_at	LMO4	LIM domain only 4	0.919	4.305
1455_f_at	CYP2C9	cytochrome P450 family 2 subfamily C member 9	-0.607	3.363
1457_at	JAK1	Janus kinase 1	1.064	4.252
1458_at	PTPN3	protein tyrosine phosphatase, non-receptor type 3	-0.847	4.858
1459_at	PTPN4	protein tyrosine phosphatase, non-receptor type 4	0.231	2.091
145_s_at	TBX5	T-box 5	-0.415	2.894
1460_g_at	PTPN4	protein tyrosine phosphatase, non-receptor type 4	0.839	5.854
1462_s_at	POLD1	DAN polymerase delta 1, catalytic subunit	-0.352	1.961
1463_at	PTPN12	protein tyrosine phosphatase, non-receptor type 12	1.295	3.106
1464_at	MIR483	microRNA 483	-0.293	2.179
1467_at	EPS8	epidermal growth factor receptor pathway substrate 8	1.292	4.882
1468_at	TRAP1	TNF receptor associated protein 1	0.468	1.667
1469_at	MAPKAPK2	mitogen-activated protein kinase-activated protein kinase 2	-0.542	5.576
146_at	PI4KB	phosphatidylinositol 4-kinase beta	-0.311	2.691
1470_at	POLD2	DAN polymerase delta 2, accessory subunit	-0.664	2.874
1474_s_at	MYB	MYB proto-oncogene, transcription factor	-0.284	1.879
1475_s_at	MYB	MYB proto-oncogene, transcription factor	-0.613	3.384
1476_s_at	MYB	MYB proto-oncogene, transcription factor	-0.51	3.841
1477_s_at	CYP2C18	cytochrome P450 family 2 subfamily C member 18	-0.49	5.222
147_at	TSG101	tumor susceptibility 101	0.412	2.129
1480_at	HSPA4	heat shock protein family A (Hsp70) member 4	0.458	3.454
1483_at	CDH4	cadherin 4	-0.324	2.831
1484_at	CDH8	cadherin 8	-0.843	2.217
1485_at	EPHA7	EPH receptor A7	0.935	2.877
1486_at	POLR2J	RNA polymerase II subunit J	-0.348	3.363
1488_at	PTPRK	protein tyrosine phosphatase, receptor type K	0.954	4.258
1489_s_at	MYCL	v-myc avian myelocytomatosis viral oncogene lung carcinoma derived homolog	-0.246	1.665
1492_f_at	CYP2A7	cytochrome P450 family 2 subfamily A member 7	-0.413	3.513
1493_r_at	CYP2A6	cytochrome P450 family 2 subfamily A member 6	-1.051	3.169
1494_f_at	CYP2A6	cytochrome P450 family 2 subfamily A member 6	-0.448	2.582
1495_at	LTBP1	latent transforming growth factor beta binding protein 1	0.677	3.038
1496_at	PTPRA	protein tyrosine phosphatase, receptor type A	0.372	1.892
1499_at	FNTA	farnesyltransferase, CAAX box, alpha	0.779	3.037
1504_s_at	FGF12	fibroblast growth factor 12	-0.332	2.224
1508_at	ITGA9	integrin subunit alpha 9	-0.482	3.279
1509_at	MMP16	matrix metallopeptidase 16	-0.315	2.192
150_at	MAGI1	membrane associated guanylate kinase, WW and PDZ domain containing 1	-0.848	2.696
1510_g_at	MMP16	matrix metallopeptidase 16	-0.364	1.89
1511_at	SHC3	SHC adaptor protein 3	-0.567	4.596
1512_at	DYRK1A	dual specificity tyrosine phosphorylation regulated kinase 1A	1.16	5.915
1513_at	KLK3	kallikrein related peptidase 3	-0.616	5.655
1514_g_at	KLK3	kallikrein related peptidase 3	-1.24	3.556
1516_g_at	FEN1	flap structure-specific endonuclease 1	-0.407	4.22
1517_at	CYP2F1	cytochrome P450 family 2 subfamily F member 1	-0.534	5.111
1518_at	ETS1	ETS proto-oncogene 1, transcription factor	-0.256	2.438
1519_at	ETS2	ETS proto-oncogene 2, transcription factor	-0.806	2.104
1521_at	NME1	NME/NM23 nucleoside diphosphate kinase 1	0.603	2.703
1522_at	TNK1	tyrosine kinase non receptor 1	-0.415	4.556
1523_g_at	TNK1	tyrosine kinase non receptor 1	-0.572	2.485
1524_at	MOK	MOK protein kinase	-0.627	5.657
1525_s_at	FGF8	fibroblast growth factor 8	-0.892	5.351
152_f_at	HIST2H4B///HIST4H4///HIST2H4A///HIST1H4L///HIST1H4E///HIST1H4B///HIST1H4H///HIST1H4C///HIST1H4J///HIST1H4K///HIST1H4F///HIST1H4D///HIST1H4A///HIST1H4I	histone cluster 2, H4b///histone cluster 4, H4///histone cluster 2, H4a///histone cluster 1, H4l///histone cluster 1, H4e///histone cluster 1, H4b///histone cluster 1, H4h///histone cluster 1, H4c///histone cluster 1, H4j///histone cluster 1, H4k///histone cluster 1, H4f///histone cluster 1, H4d///histone cluster 1, H4a///histone cluster 1, H4i	-0.339	2.732
1532_g_at	N4BP2L2	NEDD4 binding protein 2 like 2	0.777	5.854
1535_at	FOXN3	forkhead box N3	0.346	2.079
1537_at	EGFR	epidermal growth factor receptor	0.273	2.267
1538_s_at	IL2	interleukin 2	-0.349	1.779
1539_at	NRAS	neuroblastoma RAS viral oncogene homolog	-0.489	2.114
1540_f_at	IFNA5	interferon alpha 5	-0.341	1.839
1541_f_at	IFNA6///IFNA5	interferon alpha 6///interferon alpha 5	-0.296	1.769
1542_at	EGF	epidermal growth factor	-0.338	2.928
1543_at	MAP2K6	mitogen-activated protein kinase kinase 6	-0.525	1.892
1544_at	BLM	Bloom syndrome RecQ like helicase	-0.514	3.566
1547_at	JAK3	Janus kinase 3	-0.503	5.43
1548_s_at	IL10	interleukin 10	-0.519	5.514
1551_g_at	MRPL28	mitochondrial ribosomal protein L28	-0.363	2.041
1553_r_at	CYP2A13	cytochrome P450 family 2 subfamily A member 13	-0.921	8.662
1554_f_at	CYP2A13	cytochrome P450 family 2 subfamily A member 13	-0.513	5.011
1555_f_at	CYP2A7///CYP2A6	cytochrome P450 family 2 subfamily A member 7///cytochrome P450 family 2 subfamily A member 6	-0.295	2.15
1556_at	RBM5	RNA binding motif protein 5	0.692	3.138
1559_at	PAK2	p21 (RAC1) activated kinase 2	-0.856	4.664
155_s_at	SUMO1	small ubiquitin-like modifier 1	0.956	3.862
1561_at	LOC101927562///DUSP8	uncharacterized LOC101927562///dual specificity phosphatase 8	-1.056	7.744
1563_s_at	TNFRSF1A	TNF receptor superfamily member 1A	-0.526	2.25
1566_at	NCAM1	neural cell adhesion molecule 1	-0.769	5.004
1569_r_at	IL10RB	interleukin 10 receptor subunit beta	-0.537	2.601
156_s_at	GPR19	G protein-coupled receptor 19	-0.804	4.092
1571_f_at	RB1	RB transcriptional corepressor 1	1.073	5.529
1572_s_at	INSR	insulin receptor	-0.33	1.68
1573_at	PDGFB	platelet derived growth factor subunit B	-0.55	8.111
1574_s_at	IL4	interleukin 4	-1.188	3.343
1575_at	ABCB1	ATP binding cassette subfamily B member 1	1.237	5.175
1577_at	AR	androgen receptor	0.331	2.404
157_at	PRAME	preferentially expressed antigen in melanoma	-0.772	3.743
1584_at	CDC25C	cell division cycle 25C	-0.422	2.708
1585_at	ERBB3	erb-b2 receptor tyrosine kinase 3	1.835	4.041
1587_at	RARG	retinoic acid receptor gamma	-0.306	1.889
1592_at	TOP2A	topoisomerase (DNA) II alpha	-0.439	1.74
1596_g_at	TEK	TEK receptor tyrosine kinase	1.513	4.431
1598_g_at	GAS6	growth arrest specific 6	-0.266	2.61
159_at	VEGFC	vascular endothelial growth factor C	0.388	2.624
160020_at	MMP14	matrix metallopeptidase 14	-0.489	2.247
160023_at	WNT2	Wnt family member 2	-0.485	2.099
160024_at	CDK10	cyclin dependent kinase 10	-0.501	4.378
160025_at	TGFA	transforming growth factor alpha	-0.349	1.884
160028_s_at	RET	ret proto-oncogene	-0.347	2.307
160033_s_at	XRCC1	X-ray repair cross complementing 1	-0.415	3.728
160034_s_at	FANCC	Fanconi anemia complementation group C	-0.31	1.958
160035_at	CEACAM7	carcinoembryonic antigen related cell adhesion molecule 7	-0.745	4.484
160036_at	ESRRB	estrogen related receptor beta	-0.695	4.73
160038_s_at	INS	insulin	-0.519	5.3
160039_at	MAPK4	mitogen-activated protein kinase 4	-0.375	3.847
160041_at	PTPN18	protein tyrosine phosphatase, non-receptor type 18	-0.6	3.802
160042_s_at	HOXB6	homeobox B6	-0.335	2.941
160044_g_at	ACO2	aconitase 2	0.688	2.027
1602_at	PRKCI	protein kinase C iota	1.937	6.174
1603_g_at	PRKCI	protein kinase C iota	1.557	8.316
1604_at	EPHA5	EPH receptor A5	-0.678	1.942
1605_g_at	EPHA5	EPH receptor A5	-0.673	5.64
1607_at	CDKN2B	cyclin dependent kinase inhibitor 2B	-0.53	2.872
160_at	STAM	signal transducing adaptor molecule	0.44	4.713
1612_s_at	JUND	JunD proto-oncogene, AP-1 transcription factor subunit	1.233	4.286
1613_s_at	USP32///USP6	ubiquitin specific peptidase 32///ubiquitin specific peptidase 6	-0.711	5.41
1616_at	FGF9	fibroblast growth factor 9	1.482	5.794
1619_g_at	CYP19A1	cytochrome P450 family 19 subfamily A member 1	-0.365	2.781
1624_at	RAP1GDS1	Rap1 GTPase-GDP dissociation stimulator 1	0.336	2.02
1626_at	MUSK	muscle associated receptor tyrosine kinase	-0.809	5.628
1628_at			-0.376	3.881
1629_s_at	PTPN13	protein tyrosine phosphatase, non-receptor type 13	0.356	2.496
1631_at			-0.314	1.99
1632_at			-1.042	2.253
1634_s_at	TGFB1	transforming growth factor beta 1	-0.629	6.823
1635_at	ABL1	ABL proto-oncogene 1, non-receptor tyrosine kinase	0.437	4.129
1637_at	MAPKAPK3	mitogen-activated protein kinase-activated protein kinase 3	0.436	4.081
1638_at	ETV6	ETS variant 6	-0.638	3.634
163_at	DVL1	dishevelled segment polarity protein 1	-0.448	3.908
1640_at	ST13	suppression of tumorigenicity 13 (colon carcinoma) (Hsp70 interacting protein)	1.018	2.773
1641_s_at	DDB1	damage specific DNA binding protein 1	0.323	1.667
1642_at	MTA1	metastasis associated 1	-0.498	3.992
1643_g_at	MTA1	metastasis associated 1	0.564	2.218
1644_at	EIF3I	eukaryotic translation initiation factor 3 subunit I	1.184	4.496
1645_at	KISS1	KiSS-1 metastasis-suppressor	-0.436	3.822
1646_at	XIAP	X-linked inhibitor of apoptosis	-0.594	2.254
164_at	GNB3	G protein subunit beta 3	-0.467	4.191
1650_g_at	SMOX	spermine oxidase	-0.678	5.557
1651_at	UBE2C	ubiquitin conjugating enzyme E2 C	-0.511	2.378
1652_at	PIM2	Pim-2 proto-oncogene, serine/threonine kinase	-0.358	2.167
1659_s_at	RHEB	Ras homolog enriched in brain	0.879	3.749
1660_at	UBE2N	ubiquitin conjugating enzyme E2 N	1.113	3.975
1662_r_at			-0.724	3.41
1663_at	RARG	retinoic acid receptor gamma	-0.444	4.763
1665_s_at	TYMP	thymidine phosphorylase	-0.483	2.525
1666_at	IFNA1	interferon alpha 1	-0.537	3.383
1667_s_at	CYP4B1	cytochrome P450 family 4 subfamily B member 1	-0.68	5.501
166_at	GPR68	G protein-coupled receptor 68	-0.393	2.745
1670_at	TFDP1	transcription factor Dp-1	-0.351	2.286
1674_at	YES1	YES proto-oncogene 1, Src family tyrosine kinase	1.13	5.623
1675_at	RASA1	RAS p21 protein activator 1	0.697	6.308
1678_g_at	IGFBP5	insulin like growth factor binding protein 5	0.876	4.624
167_at	EIF5	eukaryotic translation initiation factor 5	0.913	4.133
1684_s_at	WT1	Wilms tumor 1	-0.313	1.916
1685_at	SPHAR///RAB4A	S-phase response (cyclin related)///RAB4A, member RAS oncogene family	0.576	2.975
1689_at	DCHS1	dachsous cadherin-related 1	-0.559	2.747
1690_at	PCDHGB5///PCDHGB4	protocadherin gamma subfamily B, 5///protocadherin gamma subfamily B, 4	-0.514	3.216
1692_s_at	GFRA2	GDNF family receptor alpha 2	-0.685	4.492
1693_s_at	TIMP1	TIMP metallopeptidase inhibitor 1	-0.634	2.446
1695_at	NEDD8	neural precursor cell expressed, developmentally down-regulated 8	0.523	3.978
1696_at	POLB	DNA polymerase beta	-0.29	2.978
169_at	CDX1	caudal type homeobox 1	-0.634	2.404
1700_at	MIR3190///MIR3191///BBC3	microRNA 3190///microRNA 3191///BCL2 binding component 3	-0.509	3.65
1701_at	TEP1	telomerase associated protein 1	-0.372	3.531
1703_g_at	E2F4	E2F transcription factor 4	-0.314	2.112
1704_at	VAV2	vav guanine nucleotide exchange factor 2	-0.53	2.118
1705_s_at	RARB	retinoic acid receptor beta	-0.672	3.734
1706_at	ARAF	A-Raf proto-oncogene, serine/threonine kinase	-0.381	3.557
1707_g_at	ARAF	A-Raf proto-oncogene, serine/threonine kinase	-0.408	3.595
1708_at	MAPK10	mitogen-activated protein kinase 10	0.643	3.328
1709_g_at	MAPK10	mitogen-activated protein kinase 10	-0.477	3.557
170_at	CDX2	caudal type homeobox 2	-0.442	3.946
1711_at	TP53BP1	tumor protein p53 binding protein 1	-0.268	1.659
1713_s_at	CDKN2A	cyclin dependent kinase inhibitor 2A	-0.619	4.318
1716_at	KSR1	kinase suppressor of ras 1	-0.423	4.217
1719_at	MSH3	mutS homolog 3	1.735	7.655
171_at	VBP1	VHL binding protein 1	1.159	5.423
1720_at	MAD2L1	MAD2 mitotic arrest deficient-like 1 (yeast)	-0.472	2.902
1722_at	MAP2K5	mitogen-activated protein kinase kinase 5	-0.419	2.323
1724_at	E2F4	E2F transcription factor 4	-0.313	2.505
1725_s_at	UBE3A	ubiquitin protein ligase E3A	0.846	2.966
1726_at	POLE	DNA polymerase epsilon, catalytic subunit	-0.257	2.237
1728_at	COMMD3-BMI1///BMI1	COMMD3-BMI1 readthrough///BMI1 proto-oncogene, polycomb ring finger	1.157	5.1
172_at	INPP5D	inositol polyphosphate-5-phosphatase D	-0.448	1.701
1735_g_at	TGFB3	transforming growth factor beta 3	-0.406	2.411
1737_s_at	IGFBP4	insulin like growth factor binding protein 4	1.236	3.289
1738_at	CDC25A	cell division cycle 25A	-0.593	5.198
1739_at	FOLH1B///FOLH1	folate hydrolase 1B///folate hydrolase (prostate-specific membrane antigen) 1	1.412	5.643
173_at	CDH18	cadherin 18	-0.872	4.439
1744_at			-0.425	3.404
1745_at	RET	ret proto-oncogene	-0.823	4.515
1747_at	DNASE2	deoxyribonuclease 2, lysosomal	-0.267	2.512
1750_at	FARSA	phenylalanyl-tRNA synthetase alpha subunit	-0.416	4.197
1751_g_at	FARSA	phenylalanyl-tRNA synthetase alpha subunit	0.456	3.202
1754_at	DAXX	death domain associated protein	-0.313	1.705
1760_s_at	PTPN7	protein tyrosine phosphatase, non-receptor type 7	-0.441	4.362
1761_at	PDGFRL	platelet derived growth factor receptor like	-0.841	5.064
1762_at	PMS2P4	PMS1 homolog 2, mismatch repair system component pseudogene 4	-0.467	1.712
1763_at	PMS2P5	PMS1 homolog 2, mismatch repair system component pseudogene 5	-0.371	2.582
1764_s_at	MAZ	MYC associated zinc finger protein	-0.419	1.998
1767_s_at	TGFB3	transforming growth factor beta 3	-0.429	2.859
1769_at	MAST1	microtubule associated serine/threonine kinase 1	-0.435	3.351
176_at	PPP2R5C	protein phosphatase 2 regulatory subunit B'gamma	0.981	5.725
1772_s_at	FNTA	farnesyltransferase, CAAX box, alpha	0.791	2.977
1773_at	CHURC1-FNTB///FNTB	CHURC1-FNTB readthrough///farnesyltransferase, CAAX box, beta	-0.345	4.292
1776_at	RRAD	RRAD, Ras related glycolysis inhibitor and calcium channel regulator	-0.384	1.742
1777_at	RIN1	Ras and Rab interactor 1	-0.47	2.858
1778_g_at	RIN1	Ras and Rab interactor 1	-0.543	2.806
177_at	PLD1	phospholipase D1	-0.632	3.119
1780_at	FGR	FGR proto-oncogene, Src family tyrosine kinase	-0.373	2.451
1781_at	ELK1	ELK1, ETS transcription factor	-0.364	2.622
1785_at	KDM5A	lysine demethylase 5A	0.802	5.21
1786_at	MERTK	MER proto-oncogene, tyrosine kinase	-0.323	2.615
1787_at	CDKN1C	cyclin dependent kinase inhibitor 1C	0.515	3.681
1788_s_at	DUSP4	dual specificity phosphatase 4	-0.304	2.458
1789_at	COPS5	COP9 signalosome subunit 5	1.384	6.537
178_f_at	PMS2P1	PMS1 homolog 2, mismatch repair system component pseudogene 1	0.603	3.213
1791_s_at	IFNA2	interferon alpha 2	-0.351	2.265
1796_s_at	MIR8085///BCL3	microRNA 8085///B-cell CLL/lymphoma 3	-0.729	5.437
1798_at	SLC39A6	solute carrier family 39 member 6	1.052	4.581
179_at	DTX2P1-UPK3BP1-PMS2P11	DTX2P1-UPK3BP1-PMS2P11 readthrough, transcribed pseudogene	-0.585	5.815
1803_at	CDK1	cyclin dependent kinase 1	-0.741	4.201
1804_at	KLK3	kallikrein related peptidase 3	-0.764	6.478
1805_g_at	KLK3	kallikrein related peptidase 3	-0.853	2.533
1807_g_at	MCF2	MCF.2 cell line derived transforming sequence	-0.553	2.676
180_at	MBOAT7	membrane bound O-acyltransferase domain containing 7	-0.554	1.965
1810_s_at	PRKCD	protein kinase C delta	-0.514	2.984
1811_at	PTPRH	protein tyrosine phosphatase, receptor type H	-0.693	3.349
1812_s_at	MET	MET proto-oncogene, receptor tyrosine kinase	0.435	1.864
1813_at	RHBDF1	rhomboid 5 homolog 1	-0.598	2.941
1814_at	TGFBR2	transforming growth factor beta receptor 2	0.65	2.292
1815_g_at	TGFBR2	transforming growth factor beta receptor 2	1.262	4.427
1821_at	RAP2B	RAP2B, member of RAS oncogene family	-0.599	6.087
1823_g_at	RET	ret proto-oncogene	-0.506	3.23
1825_at	IQGAP1	IQ motif containing GTPase activating protein 1	0.766	2.309
1826_at	RHOB	ras homolog family member B	0.424	2.978
1827_s_at	MYC	v-myc avian myelocytomatosis viral oncogene homolog	-0.824	5.142
1833_at	CDK2	cyclin dependent kinase 2	-0.216	2.116
1836_at	CCNI	cyclin I	0.495	1.905
1837_at	RRAS2	related RAS viral (r-ras) oncogene homolog 2	0.621	4.497
1838_g_at	RRAS2	related RAS viral (r-ras) oncogene homolog 2	0.419	2.651
183_at	MAP2	microtubule associated protein 2	-0.52	2.831
1846_at	LGALS8	galectin 8	0.711	2.694
1848_at	RAP1A	RAP1A, member of RAS oncogene family	1.635	4.578
184_at	APLNR	apelin receptor	-0.459	3.189
1850_at	MLH1	mutL homolog 1	-0.402	1.804
1851_s_at	FASLG	Fas ligand	-0.346	2.681
1853_at	WNT1	Wnt family member 1	-0.557	5.878
1855_at	FGF3	fibroblast growth factor 3	-0.292	1.745
1857_at	SMAD7	SMAD family member 7	0.936	6.261
1858_at	FASLG	Fas ligand	-0.406	1.797
1862_at	ATM	ATM serine/threonine kinase	-0.439	1.83
1865_at	SKIL	SKI-like proto-oncogene	-0.818	2.094
1869_at	TERT	telomerase reverse transcriptase	-0.314	2.4
1870_at	PTPN11	protein tyrosine phosphatase, non-receptor type 11	-0.692	2.627
1873_at	XPC	XPC complex subunit, DNA damage recognition and repair factor	0.785	7.778
1875_f_at	PMS2P3	PMS1 homolog 2, mismatch repair system component pseudogene 3	0.885	6.361
1877_g_at	RALA	RALA Ras like proto-oncogene A	1.006	8.136
1878_g_at	ERCC1	ERCC excision repair 1, endonuclease non-catalytic subunit	-0.603	5.936
1882_g_at	MECOM	MDS1 and EVI1 complex locus	0.746	2.913
1884_s_at	PCNA	proliferating cell nuclear antigen	0.724	3.089
1886_at	WNT7A	Wnt family member 7A	-0.58	4.073
1888_s_at	KIT	KIT proto-oncogene receptor tyrosine kinase	-0.389	2.894
1892_s_at	NTRK1	neurotrophic receptor tyrosine kinase 1	-0.522	3.396
1894_f_at	NF2	neurofibromin 2	-1.929	10.135
1896_s_at	ABCC1	ATP binding cassette subfamily C member 1	-0.485	3.176
1898_at	TRIM29	tripartite motif containing 29	-0.587	3.623
1899_s_at	RAD52	RAD52 homolog, DNA repair protein	-0.516	1.656
1903_at	RAP1B	RAP1B, member of RAS oncogene family	1.213	4.851
1908_at	ETV3	ETS variant 3	-0.349	1.714
1909_at	BCL2	BCL2, apoptosis regulator	0.801	4.308
1911_s_at	GADD45A	growth arrest and DNA damage inducible alpha	0.785	1.993
1912_s_at	APC	APC, WNT signaling pathway regulator	-0.339	3.522
1913_at	CCNG2	cyclin G2	1.334	7.085
1914_at	CCNA1	cyclin A1	-0.388	1.722
1917_at	RAF1	Raf-1 proto-oncogene, serine/threonine kinase	0.283	2.017
1918_at	SKI	SKI proto-oncogene	-0.997	6.014
191_at	MUC8	mucin 8	-0.351	1.942
1920_s_at	CCNG1	cyclin G1	0.619	2.605
1924_at	CCNH	cyclin H	0.676	4.178
1925_at	CCNF	cyclin F	-0.769	6.259
1928_s_at	SMAD2	SMAD family member 2	0.544	3.912
1929_at	ANGPT1	angiopoietin 1	0.427	2.769
192_at	TAF7	TATA-box binding protein associated factor 7	0.491	1.792
1930_at	ABCC3	ATP binding cassette subfamily C member 3	-0.612	4.985
1932_at	ABCC5	ATP binding cassette subfamily C member 5	-0.275	2.133
1935_at	MDM4	MDM4, p53 regulator	-0.32	2.422
1936_s_at	MYC	v-myc avian myelocytomatosis viral oncogene homolog	-0.401	3.7
1937_at			1.914	11.242
1938_at	SRC	SRC proto-oncogene, non-receptor tyrosine kinase	-0.594	7.465
1939_at	TP53	tumor protein p53	-0.398	3.034
193_at	AK6///TAF9	adenylate kinase 6///TATA-box binding protein associated factor 9	0.475	1.815
1940_at	KRAS	KRAS proto-oncogene, GTPase	1.06	3.236
1941_at	SKP2	S-phase kinase-associated protein 2, E3 ubiquitin protein ligase	-0.391	2.484
1943_at	CCNA2	cyclin A2	-0.436	4.333
1946_at	WT1-AS	WT1 antisense RNA	-1.025	7.55
1947_g_at	WT1-AS	WT1 antisense RNA	-0.487	4.399
1950_s_at	SMAD3	SMAD family member 3	-0.718	3.541
1952_s_at	SMAD5	SMAD family member 5	1.546	6.623
1956_s_at			-0.576	4.222
1957_s_at	TGFBR1	transforming growth factor beta receptor 1	-0.369	2.519
195_s_at	CASP4	caspase 4	0.867	1.852
1961_f_at	NOS3	nitric oxide synthase 3	-0.535	2.86
1967_f_at			-0.694	5.267
1968_g_at	FIP1L1///PDGFRA	factor interacting with PAPOLA and CPSF1///platelet derived growth factor receptor alpha	-0.894	4.14
1970_s_at	FGFR2	fibroblast growth factor receptor 2	-0.639	3.183
1972_s_at	MAP2	microtubule associated protein 2	-0.5	3.893
1973_s_at	MYC	v-myc avian myelocytomatosis viral oncogene homolog	-0.484	3.65
1974_s_at	TP53	tumor protein p53	-0.318	1.975
1975_s_at	IGF1	insulin like growth factor 1	-0.635	5.068
1976_s_at	FES	FES proto-oncogene, tyrosine kinase	-0.583	5.055
1977_s_at	ETS1	ETS proto-oncogene 1, transcription factor	-0.446	2.032
1978_at	ITGA2	integrin subunit alpha 2	-0.333	2.443
1983_at	CCND2	cyclin D2	-0.308	3.365
1988_at	PDGFRA	platelet derived growth factor receptor alpha	-0.806	7.011
1991_s_at	MAPKAPK3	mitogen-activated protein kinase-activated protein kinase 3	-0.39	2.067
1996_s_at	CCNF	cyclin F	-0.281	1.723
1998_i_at	BAX	BCL2 associated X, apoptosis regulator	-0.864	3.732
1999_s_at	MAPK14	mitogen-activated protein kinase 14	-0.763	3.611
199_s_at	PKN2	protein kinase N2	0.759	4.6
2000_at	ATM	ATM serine/threonine kinase	0.871	3.803
2001_g_at	ATM	ATM serine/threonine kinase	-0.393	2.889
2003_s_at	MSH6	mutS homolog 6	0.431	3.155
2005_s_at	JAK3	Janus kinase 3	-0.535	2.904
2007_g_at	JAK3	Janus kinase 3	-0.716	6.506
2009_at	PTK2B	protein tyrosine kinase 2 beta	-0.497	2.924
2013_at	TFDP2	transcription factor Dp-2	-0.401	2.979
2014_s_at	MAP2K6	mitogen-activated protein kinase kinase 6	-0.681	3.625
2017_s_at	CCND1	cyclin D1	1.537	9.692
2018_at	GJA1	gap junction protein alpha 1	-0.497	1.761
2020_at	CCND1	cyclin D1	0.768	4.267
2028_s_at	E2F1	E2F transcription factor 1	-0.486	3.32
2030_at	WNT11	Wnt family member 11	-0.948	3.946
2032_s_at	ITGAV	integrin subunit alpha V	-0.464	2.015
2034_s_at	CDKN1B	cyclin dependent kinase inhibitor 1B	-0.44	2.573
2038_g_at	BCL2	BCL2, apoptosis regulator	-0.42	4.607
2039_s_at	FYN	FYN proto-oncogene, Src family tyrosine kinase	0.489	2.954
2040_s_at	ABL1	ABL proto-oncogene 1, non-receptor tyrosine kinase	-0.252	1.684
2042_s_at	MYB	MYB proto-oncogene, transcription factor	-1.092	4.182
2043_s_at	BCR	BCR, RhoGEF and GTPase activating protein	-0.501	1.894
2044_s_at	RB1	RB transcriptional corepressor 1	1.063	3.927
2046_at	ERG	ERG, ETS transcription factor	-0.412	4.131
204_at	HOXA4	homeobox A4	-0.567	5.163
2050_s_at	RAC1	ras-related C3 botulinum toxin substrate 1 (rho family, small GTP binding protein Rac1)	0.802	4.934
2051_at	MGMT	O-6-methylguanine-DNA methyltransferase	-0.356	2.166
2054_g_at	CDH2	cadherin 2	0.655	1.98
2058_s_at	ITGB5	integrin subunit beta 5	0.433	3.416
205_g_at	HOXA4	homeobox A4	-0.409	1.694
2060_at	BCL2	BCL2, apoptosis regulator	-0.485	2.873
2063_at	BIVM-ERCC5///ERCC5	BIVM-ERCC5 readthrough///ERCC excision repair 5, endonuclease	0.807	2.764
2066_at	BAX	BCL2 associated X, apoptosis regulator	-0.766	6.943
2067_f_at	BAX	BCL2 associated X, apoptosis regulator	-0.643	4.182
2068_s_at	E2F2	E2F transcription factor 2	-0.641	4.786
2069_s_at	CTNNA1	catenin alpha 1	0.936	2.56
2071_s_at	MAPK8	mitogen-activated protein kinase 8	-0.773	6.266
2072_at	CDH12	cadherin 12	-0.537	3.065
2073_s_at	CDH13	cadherin 13	-0.556	2.999
2078_s_at	MYCN	v-myc avian myelocytomatosis viral oncogene neuroblastoma derived homolog	-0.712	7.24
2079_s_at	IGF2	insulin like growth factor 2	-0.62	3.445
2082_s_at	CDH1	cadherin 1	-0.553	5.233
2084_s_at	ETV4	ETS variant 4	-0.912	2.529
2085_s_at	CTNNA1	catenin alpha 1	1.162	2.759
2086_s_at	TYRO3	TYRO3 protein tyrosine kinase	0.46	2.013
2087_s_at	CDH11	cadherin 11	0.833	2.126
208_at	CTNNA2	catenin alpha 2	-0.823	2.123
2090_i_at	WNT6	Wnt family member 6	-0.58	2.435
2091_at	WNT4	Wnt family member 4	-0.397	2.047
2093_s_at	XRCC5	X-ray repair cross complementing 5	0.971	4.111
2094_s_at	FOS	Fos proto-oncogene, AP-1 transcription factor subunit	-0.351	1.901
210_at	PLCB2	phospholipase C beta 2	-0.632	6.661
213_at	ROR1	receptor tyrosine kinase like orphan receptor 1	-0.56	3.411
214_at	MSX1	msh homeobox 1	-0.308	2.033
218_at	IK	IK cytokine, down-regulator of HLA II	0.8	3.534
220_r_at	MAP2	microtubule associated protein 2	-0.92	2.664
224_at	KLF10	Kruppel like factor 10	1.077	2.473
225_at	GNB3	G protein subunit beta 3	-0.527	3.585
226_at	PRKAR1A	protein kinase cAMP-dependent type I regulatory subunit alpha	1.476	5.257
227_g_at	PRKAR1A	protein kinase cAMP-dependent type I regulatory subunit alpha	1.55	4.534
228_at	RALB	RALB Ras like proto-oncogene B	0.504	1.726
229_at	CEBPZ	CCAAT/enhancer binding protein zeta	0.455	2.435
230_s_at	FSHB	follicle stimulating hormone beta subunit	-0.651	1.938
231_at	TGM2	transglutaminase 2	-0.367	3.306
233_s_at	MATN1	matrilin 1, cartilage matrix protein	-0.417	3.036
235_at	S100B	S100 calcium binding protein B	-0.718	3.721
237_s_at	PPP2CA	protein phosphatase 2 catalytic subunit alpha	0.96	5.993
240_at	SRM	spermidine synthase	-0.329	3.759
241_g_at	SRM	spermidine synthase	-0.336	3.635
247_s_at	CYP21A1P///CYP21A2	cytochrome P450 family 21 subfamily A member 1, pseudogene///cytochrome P450 family 21 subfamily A member 2	-0.436	3.396
249_at	NFATC4	nuclear factor of activated T-cells 4	-0.356	2.583
251_at	CAMK1	calcium/calmodulin dependent protein kinase I	-0.409	2.797
252_at	GPR18	G protein-coupled receptor 18	-0.499	4.271
253_g_at	GPR18	G protein-coupled receptor 18	-0.651	3.537
255_s_at	INHA	inhibin alpha subunit	-0.754	7.976
257_at	ITGAV	integrin subunit alpha V	1.234	5.721
258_at	LTA	lymphotoxin alpha	-0.411	2.556
260_at	QDPR	quinoid dihydropteridine reductase	1.31	5.211
262_at	AMD1	adenosylmethionine decarboxylase 1	0.64	2.493
263_g_at	AMD1	adenosylmethionine decarboxylase 1	0.601	4.326
264_at	ADRA2A	adrenoceptor alpha 2A	-0.355	2.862
270_at	CYP3A4	cytochrome P450 family 3 subfamily A member 4	-0.385	2.238
271_s_at	CTSE	cathepsin E	-0.499	2.974
272_at	GRP	gastrin releasing peptide	-0.843	4.671
273_g_at	GRP	gastrin releasing peptide	-0.249	1.907
274_at	ZNF148	zinc finger protein 148	0.383	2.082
276_at	DNAJA1	DnaJ heat shock protein family (Hsp40) member A1	0.946	2.184
277_at	MCL1	BCL2 family apoptosis regulator	0.727	2.21
278_at	NPR2	natriuretic peptide receptor 2	-0.474	2.981
279_at	NR4A1	nuclear receptor subfamily 4 group A member 1	-0.317	2.284
280_g_at	NR4A1	nuclear receptor subfamily 4 group A member 1	-0.755	5.633
281_s_at	PPP3CA	protein phosphatase 3 catalytic subunit alpha	-0.281	1.688
282_at	KIF20B	kinesin family member 20B	-0.557	4.919
283_at	UQCRC1	ubiquinol-cytochrome c reductase core protein I	0.788	2.263
284_at	HIST1H2AH///HIST1H2AG///HIST1H2AM///HIST1H2AL///HIST1H2AK///HIST1H2AI	histone cluster 1, H2ah///histone cluster 1, H2ag///histone cluster 1, H2am///histone cluster 1, H2al///histone cluster 1, H2ak///histone cluster 1, H2ai	-0.698	3.547
288_s_at	LBR	lamin B receptor	0.818	2.825
290_s_at	GPR3	G protein-coupled receptor 3	-0.363	3.554
291_s_at	TACSTD2	tumor-associated calcium signal transducer 2	1.376	2.806
292_s_at	CLK1	CDC like kinase 1	0.706	2.598
293_at	VENTXP7	VENT homeobox pseudogene 7	-0.316	3.234
294_s_at	CDK11A///CDK11B	cyclin dependent kinase 11A///cyclin dependent kinase 11B	-0.561	6.548
296_at	TUBB2A	tubulin beta 2A class IIa	1.362	3.912
297_g_at	TUBB2A	tubulin beta 2A class IIa	0.702	3.497
298_at	MUC5AC	mucin 5AC, oligomeric mucus/gel-forming	-0.745	3.808
299_i_at			-0.697	2.332
301_at	LOC100508689	mucin	-0.704	8.055
302_at			-0.581	3.44
303_at	SOS1	SOS Ras/Rac guanine nucleotide exchange factor 1	-0.593	5.433
305_g_at	SOS2	SOS Ras/Rho guanine nucleotide exchange factor 2	0.741	6.496
306_s_at	HMGN1	high mobility group nucleosome binding domain 1	0.716	2.264
307_at	ALOX5	arachidonate 5-lipoxygenase	-0.452	2.07
310_s_at	MAPT	microtubule associated protein tau	0.354	1.93
31308_at			-0.576	1.881
31309_r_at			-0.876	2.254
31310_at	GLRA1	glycine receptor alpha 1	-0.331	2.056
31312_at	KCNB2	potassium voltage-gated channel subfamily B member 2	-1.295	2.975
31317_r_at	SKAP2///IGHG1	src kinase associated phosphoprotein 2///immunoglobulin heavy constant gamma 1 (G1m marker)	-0.733	5.119
31320_at	GPR12	G protein-coupled receptor 12	-0.546	3.646
31323_r_at	SLC1A2	solute carrier family 1 member 2	-0.424	2.385
31325_at			-0.584	3.064
31326_at	C1orf68	chromosome 1 open reading frame 68	-0.386	2.049
31328_at	SLC34A1	solute carrier family 34 member 1	1.927	8.466
31331_at			-0.329	1.76
31332_at			-0.568	3.232
31333_at	TLL1	tolloid like 1	-0.553	1.798
31334_at	GPR45	G protein-coupled receptor 45	-0.702	2.005
31335_at	IGF1R	insulin like growth factor 1 receptor	-0.463	5.178
31337_at	GNRH2	gonadotropin releasing hormone 2	-1.14	3.693
31339_at	PI15	peptidase inhibitor 15	-0.941	3.469
31340_at	MMP20	matrix metallopeptidase 20	-0.503	1.832
31342_at	GALNT2	polypeptide N-acetylgalactosaminyltransferase 2	-0.503	3.841
31343_at	IL1RN	interleukin 1 receptor antagonist	-0.807	4.283
31351_at			-0.671	2.556
31354_r_at	FOXE1	forkhead box E1	-0.515	3.32
31355_at	ASCL2	achaete-scute family bHLH transcription factor 2	-0.267	1.868
31357_at			-0.331	2.098
31358_at			-0.323	1.957
31359_at	NDUFV2	NADH:ubiquinone oxidoreductase core subunit V2	-0.455	1.779
31363_at			-0.549	4.131
31364_i_at	NFAT5	nuclear factor of activated T-cells 5	-0.537	2.005
31366_at	NR2E3	nuclear receptor subfamily 2 group E member 3	-0.338	1.824
31369_at			-0.523	3.014
31372_at	GALNT18	polypeptide N-acetylgalactosaminyltransferase 18	-0.366	2.147
31373_at			-0.438	3.154
31374_at			-0.389	2.63
31376_at			-0.611	1.972
31377_r_at			-0.466	3.823
31378_at	PITX3	paired like homeodomain 3	-0.482	4.017
31380_at	ERN1	endoplasmic reticulum to nucleus signaling 1	-0.336	2.03
31381_at	PGLYRP1	peptidoglycan recognition protein 1	-0.367	2.379
31384_at			-0.331	2.048
31387_at			-0.385	3.096
31391_at	HAP1	huntingtin associated protein 1	-0.399	3.294
31393_r_at	UTF1	undifferentiated embryonic cell transcription factor 1	-0.996	4.671
31394_at	SERPINI2	serpin family I member 2	-0.57	1.723
31396_r_at	MSI1	musashi RNA binding protein 1	-0.705	4.443
31398_at	ABCB11	ATP binding cassette subfamily B member 11	-0.357	2.204
313_at	GTF2A1	general transcription factor IIA subunit 1	-0.58	5.244
31405_at	MTNR1B	melatonin receptor 1B	-0.288	2.772
31406_at	GPR50	G protein-coupled receptor 50	-0.446	4.879
31409_at	SERPINB10	serpin family B member 10	-0.633	4.109
31410_at	TNFRSF13B	TNF receptor superfamily member 13B	-0.299	1.965
31411_at	BPY2	basic charge, Y-linked, 2	-0.504	2.776
31413_at	TTTY1B///TTTY1	testis-specific transcript, Y-linked 1B (non-protein coding)///testis-specific transcript, Y-linked 1 (non-protein coding)	-0.263	1.671
31415_at	XKRY2///XKRY	XK related, Y-linked 2///XK related, Y-linked	-0.27	1.89
31419_r_at			-0.794	4.693
31420_at			-0.397	2.384
31423_at			-1.203	3.526
31425_g_at	OR2F2///OR2F1	olfactory receptor family 2 subfamily F member 2///olfactory receptor family 2 subfamily F member 1 (gene/pseudogene)	-0.488	3.048
31426_at	GPR15	G protein-coupled receptor 15	-0.361	2.927
31427_at			0.931	4.986
31429_at	YME1L1	YME1 like 1 ATPase	-0.475	1.928
31431_at	FCGRT	Fc fragment of IgG receptor and transporter	0.878	4.356
31432_g_at	FCGRT	Fc fragment of IgG receptor and transporter	0.774	6.233
31435_at	ADAM7	ADAM metallopeptidase domain 7	-0.565	3.409
31437_r_at	ESR2	estrogen receptor 2	-0.435	2.317
31439_f_at	RHD///RHCE	Rh blood group D antigen///Rh blood group CcEe antigens	-0.354	1.833
31440_at	TCF7	transcription factor 7 (T-cell specific, HMG-box)	-0.495	5.034
31441_at	ECRP	ribonuclease A family member 2 pseudogene	-0.558	3.256
31443_at	LOC101928269///LOC100506403///RUNX1	uncharacterized LOC101928269///uncharacterized LOC100506403///runt related transcription factor 1	-0.349	2.026
31451_at	ARHGAP1	Rho GTPase activating protein 1	-0.397	3.411
31453_s_at	LILRA1	leukocyte immunoglobulin like receptor A1	-0.528	2.991
31456_at			-0.457	1.811
31457_at	FOXD2	forkhead box D2	-0.506	3.433
31458_at	KRT76	keratin 76	-0.308	1.995
31462_f_at	SSX5	SSX family member 5	-0.625	3.882
31465_g_at	DCT	dopachrome tautomerase	-0.467	5.862
31466_at	HLA-DRB6	major histocompatibility complex, class II, DR beta 6 (pseudogene)	-0.427	3.105
31467_at	HLA-DOA	major histocompatibility complex, class II, DO alpha	-0.352	2.457
31469_s_at	RUBCN	RUN and cysteine rich domain containing beclin 1 interacting protein	-0.598	3.012
31471_at	ZNF674	zinc finger protein 674	-0.422	3.237
31476_g_at	TNKS	tankyrase	-0.522	2.633
31479_f_at	LOC1720	dihydrofolate reductase pseudogene	-0.84	3.458
31480_f_at	MAGEA12	MAGE family member A12	-0.79	2.831
31482_at	CELP	carboxyl ester lipase pseudogene	-0.404	2.12
31484_at			-0.448	2.121
31486_s_at	MN1	MN1 proto-oncogene, transcriptional regulator	-0.486	3.439
31488_s_at	PGK1	phosphoglycerate kinase 1	1.299	3.387
31489_at	ATXN3	ataxin 3	-1.196	1.833
31490_at	SCN5A	sodium voltage-gated channel alpha subunit 5	-0.561	6.262
31494_at			-0.617	2.245
31495_at	XCL2	X-C motif chemokine ligand 2	-0.302	1.96
314_at	PIGB	phosphatidylinositol glycan anchor biosynthesis class B	0.46	3.387
31503_at			0.609	1.895
31507_at	KMT2D	lysine methyltransferase 2D	-0.762	6.855
31510_s_at	MIR4738///H3F3B///H3F3A	microRNA 4738///H3 histone, family 3B///H3 histone, family 3A	1.06	2.351
31513_at	LBX1	ladybird homeobox 1	-0.498	2.03
31514_at	DOK2	docking protein 2	-0.252	2.004
31518_i_at	BTF3P13	basic transcription factor 3 pseudogene 13	-0.577	2.945
31520_at	CBX2	chromobox 2	-0.458	5.013
31525_s_at	HBA2///HBA1	hemoglobin subunit alpha 2///hemoglobin subunit alpha 1	1.143	2.051
31526_f_at	CCDC144B///USP32P2///USP32P1///USP32///USP6	coiled-coil domain containing 144B (pseudogene)///ubiquitin specific peptidase 32 pseudogene 2///ubiquitin specific peptidase 32 pseudogene 1///ubiquitin specific peptidase 32///ubiquitin specific peptidase 6	0.943	2.096
31533_s_at	KCND3	potassium voltage-gated channel subfamily D member 3	-0.731	4.49
31536_at	RTN4	reticulon 4	0.889	2.255
31542_at	FLG	filaggrin	-0.446	2.244
31548_at	ADPRH	ADP-ribosylarginine hydrolase	-0.332	3.661
31551_at	GABRR2	gamma-aminobutyric acid type A receptor rho2 subunit	-0.38	2.443
31554_at	CHRND	cholinergic receptor nicotinic delta subunit	-0.345	2.476
31562_at	GRK1	G protein-coupled receptor kinase 1	-0.541	2.049
31563_at	TRBV16	T cell receptor beta variable 16 (gene/pseudogene)	-0.731	4.705
31567_at	GABRG3	gamma-aminobutyric acid type A receptor gamma3 subunit	-0.397	2.338
31570_at	SIM1	single-minded family bHLH transcription factor 1	-0.545	3.713
31571_at	POLR3G	RNA polymerase III subunit G	-0.87	2.005
31572_at	S100A12	S100 calcium binding protein A12	-0.547	4.872
31574_i_at			-0.522	1.676
31575_f_at			-0.669	2.222
31585_at	LOC100996542///GRM7	uncharacterized LOC100996542///glutamate metabotropic receptor 7	-0.435	2.18
31587_at	LOC101930602///SLC14A2	putative uncharacterized protein encoded by LINC00596-like///solute carrier family 14 member 2	-0.332	1.695
31591_s_at	CFHR4	complement factor H related 4	-0.659	2.755
31592_at			-0.262	1.791
31597_r_at	EIF4EBP1	eukaryotic translation initiation factor 4E binding protein 1	-0.86	6.195
31599_f_at	MAGEA6///MAGEA3	MAGE family member A6///MAGE family member A3	-0.274	2.48
31600_s_at	PMS2P9///PMS2P5///PMS2P4///PMS2P2///PMS2P1	PMS1 homolog 2, mismatch repair system component pseudogene 9///PMS1 homolog 2, mismatch repair system component pseudogene 5///PMS1 homolog 2, mismatch repair system component pseudogene 4///PMS1 homolog 2, mismatch repair system component pseudogene 2///PMS1 homolog 2, mismatch repair system component pseudogene 1	0.853	5.843
31602_at	TBX6	T-box 6	-0.627	6.331
31603_at	AIM2	absent in melanoma 2	-0.586	2.583
31604_at	GNAS	GNAS complex locus	-0.476	3.896
31605_at	DSTNP2	destrin, actin depolymerizing factor pseudogene 2	1.121	6.948
31606_at	RIMS1	regulating synaptic membrane exocytosis 1	-0.38	2.309
31608_g_at	VDAC1	voltage dependent anion channel 1	1.273	5.688
31611_s_at	BCL2L11	BCL2 like 11	-0.557	2.243
31616_r_at	CD44	CD44 molecule (Indian blood group)	-0.777	2.294
31617_at	PDPN	podoplanin	-0.701	1.997
31624_at	ALX3	ALX homeobox 3	-0.271	1.834
31626_i_at	AOC4P	amine oxidase, copper containing 4, pseudogene	-0.305	1.743
31627_f_at	AOC4P	amine oxidase, copper containing 4, pseudogene	-0.565	5
31635_g_at	PRH1	proline rich protein HaeIII subfamily 1	-0.63	3.327
31636_s_at	SLC18A3	solute carrier family 18 member A3	-0.39	3.001
31637_s_at	NR1D1///THRA	nuclear receptor subfamily 1 group D member 1///thyroid hormone receptor, alpha	-0.468	3.523
31640_r_at	SOX1	SRY-box 1	-0.577	3.535
31650_g_at	KIF25-AS1	KIF25 antisense RNA 1	-1.313	3.775
31652_at	MYH15	myosin heavy chain 15	-0.868	2.857
31656_at	DKFZP547J0410	DKFZP547J0410 protein	-0.94	4.705
31657_at	LOC100287387	uncharacterized LOC100287387	-0.513	1.777
31659_at	LRIT1	leucine rich repeat, Ig-like and transmembrane domains 1	-0.566	4.17
31660_at	DKFZP434A062	uncharacterized LOC26102	-0.521	3.182
31662_at	VPS45	vacuolar protein sorting 45 homolog	-0.464	1.883
31663_at	HGC6.3	uncharacterized LOC100128124	-0.47	2.415
31667_r_at	NR2E3	nuclear receptor subfamily 2 group E member 3	-0.373	2.364
31670_s_at	SRP72	signal recognition particle 72	0.907	4.356
31678_at			-0.886	2.718
31680_at	TOP1P2	topoisomerase (DNA) I pseudogene 2	0.689	2.738
31681_at	EPOR	erythropoietin receptor	-0.355	2.037
31685_at	FEV	FEV, ETS transcription factor	-0.591	3.17
31687_f_at	HBB	hemoglobin subunit beta	1.045	1.874
31690_at	GLUD2	glutamate dehydrogenase 2	1.124	6.398
31691_g_at	GLUD1	glutamate dehydrogenase 1	1.325	5.855
31692_at	HSPA1L///HSPA1B///HSPA1A	heat shock protein family A (Hsp70) member 1 like///heat shock protein family A (Hsp70) member 1B///heat shock protein family A (Hsp70) member 1A	0.883	1.688
31693_f_at	HIST1H3D///HIST1H2AD	histone cluster 1, H3d///histone cluster 1, H2ad	-0.821	2.473
31695_g_at	DDI2///RSC1A1	DNA damage inducible 1 homolog 2///regulatory solute carrier protein, family 1, member 1	-0.82	1.681
31696_at	RAP2B	RAP2B, member of RAS oncogene family	-0.444	1.773
31698_at	FOXC2	forkhead box C2	-0.367	3.514
31701_r_at	HAB1	B1 for mucin	-0.788	3.785
31704_at	DNASE1L2	deoxyribonuclease 1 like 2	-0.377	4.365
31705_at	SLURP1	secreted LY6/PLAUR domain containing 1	-0.337	3.762
31707_at	ZNF10	zinc finger protein 10	-0.501	1.73
31710_at	YME1L1	YME1 like 1 ATPase	-0.477	3.602
31713_s_at	DLGAP2	DLG associated protein 2	-0.441	1.878
31718_at	ABCD2	ATP binding cassette subfamily D member 2	-0.516	1.927
31720_s_at	FN1	fibronectin 1	0.494	1.714
31724_at	SHH	sonic hedgehog	-0.388	3.618
31725_s_at	ABCA2	ATP binding cassette subfamily A member 2	-0.545	2.652
31730_at	HIST1H1T	histone cluster 1, H1t	-0.533	3.989
31731_at	CBX4	chromobox 4	-0.729	2.511
31733_at	P2RX3	purinergic receptor P2X 3	-0.705	4.823
31734_at	HOXC11	homeobox C11	-0.435	1.91
31735_at	PPP1R2P9	protein phosphatase 1 regulatory inhibitor subunit 2 pseudogene 9	-0.274	1.785
31739_at			-0.603	2.484
31740_s_at	PAX4	paired box 4	-0.784	6.39
31741_at	PAX4	paired box 4	-1	2.155
31747_g_at	POM121L2	POM121 transmembrane nucleoporin like 2	-0.548	4.107
31748_at	POM121L2	POM121 transmembrane nucleoporin like 2	-0.521	3.4
31750_at	HIST1H1B	histone cluster 1, H1b	-0.418	2.453
31753_at	NALCN-AS1	NALCN antisense RNA 1	-0.352	3.183
31755_at	EN2	engrailed homeobox 2	-0.43	3.125
31757_at	STK35	serine/threonine kinase 35	-0.744	6.031
31759_at	SAG	S-antigen visual arrestin	-0.674	6.221
31760_at	SAG	S-antigen visual arrestin	-0.807	3.671
31762_at			-0.694	2.98
31766_s_at	DOCK10	dedicator of cytokinesis 10	-0.436	3.566
31768_at	HIST1H2AH///HIST1H2AG///HIST1H2AM///HIST1H2AL///HIST1H2AK///HIST1H2AI	histone cluster 1, H2ah///histone cluster 1, H2ag///histone cluster 1, H2am///histone cluster 1, H2al///histone cluster 1, H2ak///histone cluster 1, H2ai	-0.621	4.246
31771_at	TEX41	testis expressed 41 (non-protein coding)	-0.385	1.664
31772_at	OVOL3	ovo like zinc finger 3	-0.563	4.788
31774_at			-0.464	1.85
31777_at	MUSK	muscle associated receptor tyrosine kinase	-0.445	2.984
31778_at	GJA8	gap junction protein alpha 8	-0.557	5.178
31781_at	CDRT1	CMT1A duplicated region transcript 1	-0.541	2.856
31783_at	RENBP	renin binding protein	0.502	2.239
31784_at	NTN3	netrin 3	-0.468	3.481
31786_at	KHDRBS3	KH RNA binding domain containing, signal transduction associated 3	0.422	2.603
31796_at	KIF1C	kinesin family member 1C	-0.504	2.514
31797_at	TBPL1	TATA-box binding protein like 1	0.526	2.324
31800_at			0.661	5.342
31803_at	ICOSLG	inducible T-cell costimulator ligand	-0.374	2.423
31805_at	FGFR3	fibroblast growth factor receptor 3	0.49	2.512
31806_at	FMO1	flavin containing monooxygenase 1	1.048	2.591
31807_at	DDX49	DEAD-box helicase 49	-0.463	3.45
31808_at	ING3	inhibitor of growth family member 3	0.903	4.134
31813_at	CAMK2A	calcium/calmodulin dependent protein kinase II alpha	-0.447	2.346
31814_i_at	LRP3	LDL receptor related protein 3	-0.414	2.05
31815_r_at	LRP3	LDL receptor related protein 3	-1.23	8.033
31817_at	GABRB3	gamma-aminobutyric acid type A receptor beta3 subunit	0.498	3.196
31818_at			-0.525	4.639
31819_at	SLC22A24	solute carrier family 22 member 24	-0.694	4.405
31823_at	CUX1	cut like homeobox 1	-0.678	2.146
31825_at	SERPIND1	serpin family D member 1	-0.637	2.851
31826_at	FKBP15	FK506 binding protein 15	0.259	2.139
31829_r_at	TGOLN2	trans-golgi network protein 2	0.756	3.219
31832_at	NEMP1	nuclear envelope integral membrane protein 1	0.471	2.959
31834_r_at	ACSL6	acyl-CoA synthetase long-chain family member 6	-0.59	1.779
31835_at	HRG	histidine rich glycoprotein	-0.411	2.474
31838_at	FAM216A	family with sequence similarity 216 member A	0.738	3.586
31840_at	IDE	insulin degrading enzyme	0.29	1.861
31841_at	CTNNA2	catenin alpha 2	-0.725	2.196
31843_at	ESRRG	estrogen related receptor gamma	1.213	5.983
31850_at	GCLC	glutamate-cysteine ligase catalytic subunit	0.885	5.195
31851_at	TRIM13	tripartite motif containing 13	0.922	5.111
31852_at	ANKMY2	ankyrin repeat and MYND domain containing 2	0.369	2.628
31855_at	SRPX	sushi repeat containing protein, X-linked	-0.342	1.891
31857_r_at	DHX34	DEAH-box helicase 34	-0.985	2.45
31861_at	IGHMBP2	immunoglobulin mu binding protein 2	-0.275	1.877
31863_at	RRP1B	ribosomal RNA processing 1B	0.536	1.916
31867_at	BBX	BBX, HMG-box containing	1.712	9.944
31869_at	SWAP70	SWAP switching B-cell complex 70kDa subunit	1.045	5.4
31871_r_at	EHHADH	enoyl-CoA, hydratase/3-hydroxyacyl CoA dehydrogenase	1.076	4.703
31872_at	SS18	SS18, nBAF chromatin remodeling complex subunit	0.392	2.387
31877_at	CDC23	cell division cycle 23	0.444	2.278
31879_at	FUBP3	far upstream element binding protein 3	0.713	3.906
31880_at	UBXN8	UBX domain protein 8	0.335	1.816
31881_at	SGMS1	sphingomyelin synthase 1	0.961	3.581
31882_at	RRP9	ribosomal RNA processing 9, small subunit (SSU) processome component, homolog (yeast)	-0.238	2.033
31883_at	MTRR	5-methyltetrahydrofolate-homocysteine methyltransferase reductase	0.844	4.019
31884_at	MLH3	mutL homolog 3	0.268	1.759
31885_at	PTPN3	protein tyrosine phosphatase, non-receptor type 3	0.91	7.321
31886_at	NT5E	5'-nucleotidase ecto	-0.46	2.24
31890_s_at	ZNF143	zinc finger protein 143	0.545	1.886
31891_at	CHI3L2	chitinase 3 like 2	-0.62	2.444
31893_at	ARL2	ADP ribosylation factor like GTPase 2	0.633	2.868
31895_at	GRIK1-AS2///BACH1	GRIK1 antisense RNA 2///BTB domain and CNC homolog 1	1.016	3.146
31896_at	NBAS	neuroblastoma amplified sequence	0.511	3.035
31899_at	EMC2	ER membrane protein complex subunit 2	0.683	1.938
318_at	H1FX	H1 histone family member X	-0.699	4.365
31906_at	HSBP1	heat shock factor binding protein 1	0.793	3.114
31908_at	LFNG	LFNG O-fucosylpeptide 3-beta-N-acetylglucosaminyltransferase	-0.581	5.041
31925_s_at	RASGRF1	Ras protein specific guanine nucleotide releasing factor 1	-0.371	2.718
31926_at	CYP7A1	cytochrome P450 family 7 subfamily A member 1	-0.641	3.529
31927_s_at	C21orf33	chromosome 21 open reading frame 33	0.427	1.876
31929_at	RFX3	regulatory factor X3	-0.543	5.192
31933_r_at	BTF3	basic transcription factor 3	-0.54	5.552
31936_s_at	KIAA0430	KIAA0430	0.363	2.672
31939_at	ADGRB3	adhesion G protein-coupled receptor B3	-0.547	2.283
31946_s_at	FOXG1	forkhead box G1	-0.608	3.496
31947_r_at	FOXG1	forkhead box G1	-0.828	5.276
31950_at	PABPC1	poly(A) binding protein cytoplasmic 1	0.833	2.58
31951_s_at	PABPC1	poly(A) binding protein cytoplasmic 1	0.749	2.81
31954_f_at	GAGE10///GAGE12D///GAGE8///GAGE12F///GAGE2A///GAGE12H///GAGE12E///GAGE12B///GAGE12C///GAGE2D///GAGE12J///GAGE12G///GAGE13///GAGE2E///GAGE12I///GAGE7///GAGE6///GAGE5///GAGE4///GAGE2C///GAGE1	G antigen 10///G antigen 12D///G antigen 8///G antigen 12F///G antigen 2A///G antigen 12H///G antigen 12E///G antigen 12B///G antigen 12C///G antigen 2D///G antigen 12J///G antigen 12G///G antigen 13///G antigen 2E///G antigen 12I///G antigen 7///G antigen 6///G antigen 5///G antigen 4///G antigen 2C///G antigen 1	-0.593	2.322
31965_at	ADGRE2	adhesion G protein-coupled receptor E2	-0.554	4.772
31966_at	DIO1	deiodinase, iodothyronine type I	1.219	2.441
31967_at	NPHS1	NPHS1, nephrin	-0.302	1.887
31968_at			-0.513	1.94
31969_i_at	PPEF2	protein phosphatase with EF-hand domain 2	-0.365	1.842
31973_at	CACNA1G	calcium voltage-gated channel subunit alpha1 G	-0.486	2.765
31978_at	KIF25	kinesin family member 25	-0.556	3.299
31980_at	FOXN1	forkhead box N1	-0.487	4.293
31982_at	SORBS1	sorbin and SH3 domain containing 1	-0.619	1.712
31983_at	EMX2	empty spiracles homeobox 2	-0.91	4.784
31984_at	LILRP2	leukocyte immunoglobulin-like receptor pseudogene 2	-0.481	1.722
31994_at	ARFGEF2	ADP ribosylation factor guanine nucleotide exchange factor 2	-0.709	2.362
31996_at	ARFGEF2	ADP ribosylation factor guanine nucleotide exchange factor 2	-0.331	3.864
31998_at	ABCA1	ATP binding cassette subfamily A member 1	-0.453	2.24
32000_g_at	ABCA1	ATP binding cassette subfamily A member 1	-0.42	2.87
32013_at	ZFHX2	zinc finger homeobox 2	-0.562	3.521
32015_at	PYGO1	pygopus family PHD finger 1	-0.831	4.022
32016_at	C22orf24	chromosome 22 open reading frame 24	-0.498	4.245
32019_at	OBSCN///DKFZP434C153	obscurin, cytoskeletal calmodulin and titin-interacting RhoGEF///DKFZP434C153 protein	-0.447	2.375
32020_at	FAM205BP	transmembrane protein C9orf144B pseudogene	-0.823	2.158
32023_at	ZNF391	zinc finger protein 391	-0.679	2.294
32024_at	KHDRBS2	KH RNA binding domain containing, signal transduction associated 2	-0.831	6.432
32026_s_at	RAPGEF2	Rap guanine nucleotide exchange factor 2	1.042	4.984
32031_at	CAD	carbamoyl-phosphate synthetase 2, aspartate transcarbamylase, and dihydroorotase	-0.547	5.028
32034_at	ZNF217	zinc finger protein 217	0.965	5.369
32036_i_at	RPP14	ribonuclease P/MRP subunit p14	0.929	3.273
32037_r_at	RPP14	ribonuclease P/MRP subunit p14	1.161	2.095
32039_at	AP3B1	adaptor related protein complex 3 beta 1 subunit	0.425	3.707
32047_at	DFFA	DNA fragmentation factor subunit alpha	-0.352	2.705
32050_r_at	TCEB3	transcription elongation factor B subunit 3	-0.305	2.2
32052_at	HBB	hemoglobin subunit beta	1.744	1.919
32058_at	CHST10	carbohydrate sulfotransferase 10	-0.44	2.481
32063_at	PBX1	PBX homeobox 1	0.389	2.504
32068_at	C3AR1	complement component 3a receptor 1	-0.578	2.815
32069_at	N4BP1	NEDD4 binding protein 1	1.485	2.423
32072_at	MSLN	mesothelin	-0.293	3.754
32075_at	ZBTB14	zinc finger and BTB domain containing 14	0.743	2.876
32076_at	RCAN2	regulator of calcineurin 2	0.563	2.428
32079_at	KIF13B	kinesin family member 13B	-0.277	2.057
32080_at	MFSD10	major facilitator superfamily domain containing 10	-0.532	2.618
32083_at	GPR137B	G protein-coupled receptor 137B	0.929	4.402
32085_at	PIKFYVE	phosphoinositide kinase, FYVE-type zinc finger containing	1.089	6.907
32086_at	ZNF184	zinc finger protein 184	-0.626	3.424
32087_at	HSF2	heat shock transcription factor 2	0.627	2.872
32089_at	SPAG6	sperm associated antigen 6	-0.504	2.916
32090_at	NMNAT2	nicotinamide nucleotide adenylyltransferase 2	-0.518	3.397
32091_at	SLC25A44	solute carrier family 25 member 44	0.442	1.972
32093_at	CHD5	chromodomain helicase DNA binding protein 5	-0.572	2.09
32094_at	CHST3	carbohydrate sulfotransferase 3	-0.378	2.157
32096_at	TRMT1	tRNA methyltransferase 1	-0.647	5.34
32098_at	COL6A2	collagen type VI alpha 2 chain	-0.516	5.193
32100_r_at	GALNS	galactosamine (N-acetyl)-6-sulfatase	-0.949	5.072
32101_at	GALNS	galactosamine (N-acetyl)-6-sulfatase	-0.62	7.388
32109_at	FXYD1	FXYD domain containing ion transport regulator 1	-0.46	1.97
32110_at	LOC339166///WSCD1	uncharacterized LOC339166///WSC domain containing 1	-0.495	1.903
32111_at	CDYL	chromodomain Y-like	0.745	4.446
32112_s_at	AIM1	absent in melanoma 1	0.828	4.332
32113_at	AIM1	absent in melanoma 1	-0.551	1.852
32119_at	ZBTB20	zinc finger and BTB domain containing 20	1.314	5.078
32120_at	SPAG5	sperm associated antigen 5	0.666	4.397
32122_at	SUOX	sulfite oxidase	-0.513	2.499
32123_at	COL7A1	collagen type VII alpha 1 chain	-0.291	2.362
32124_at	THOC2	THO complex 2	0.514	3.866
32125_at	THOC2	THO complex 2	0.683	4.961
32129_at	RNF115	ring finger protein 115	1.124	7.988
32134_at	TES	testin LIM domain protein	0.447	1.813
32135_at	SREBF1	sterol regulatory element binding transcription factor 1	-0.523	4.333
32136_r_at	TPD52L1	tumor protein D52-like 1	-1.151	1.857
32142_at	STK3	serine/threonine kinase 3	0.573	2.374
32143_at	OSR2	odd-skipped related transciption factor 2	-0.399	3.353
32145_at	ADD1	adducin 1	0.528	2.547
32149_at	MSMB	microseminoprotein beta	-0.693	2.7
32150_at	GOLGA4	golgin A4	1.305	6.635
32152_at	ANK1	ankyrin 1	-0.549	2.937
32154_at	TFAP2A	transcription factor AP-2 alpha	-0.475	2.261
32159_at	KRAS	KRAS proto-oncogene, GTPase	0.561	4.043
32160_at	SIAH1	siah E3 ubiquitin protein ligase 1	1.395	8.036
32161_at	LOC100507577///LONP2	uncharacterized LOC100507577///lon peptidase 2, peroxisomal	1.556	7.952
32162_r_at			-0.597	3.012
32163_f_at	ERVH-1	endogenous retrovirus group H member 1	0.41	3.603
32165_at	SRSF7	serine and arginine rich splicing factor 7	0.992	6.125
32167_at	PMPCB	peptidase, mitochondrial processing beta subunit	1.035	7.505
32168_s_at	RCAN1	regulator of calcineurin 1	1.356	3.841
32169_at	FBXO21	F-box protein 21	0.907	4.473
32170_g_at	FBXO21	F-box protein 21	0.656	2.208
32171_at	EIF5	eukaryotic translation initiation factor 5	0.994	3.462
32172_at	SPEN	spen family transcriptional repressor	0.435	3.205
32175_at	SEPT7	septin 7	1.137	4.205
32176_at	RASA4B///RASA4CP///RASA4	RAS p21 protein activator 4B///RAS p21 protein activator 4C, pseudogene///RAS p21 protein activator 4	-0.679	4.732
32177_s_at	RASA4B///RASA4CP///RASA4	RAS p21 protein activator 4B///RAS p21 protein activator 4C, pseudogene///RAS p21 protein activator 4	-0.219	2.056
32178_r_at	SNAP23	synaptosome associated protein 23	1.083	2.1
32181_at	FLOT2	flotillin 2	-0.624	3.751
32183_at	SRSF11	serine and arginine rich splicing factor 11	1.438	5.446
32185_at	WNK1	WNK lysine deficient protein kinase 1	1.08	3.145
32188_at	MYT1	myelin transcription factor 1	-0.505	3.099
32189_g_at	MYT1	myelin transcription factor 1	-0.57	5.649
32192_g_at	PCGF2	polycomb group ring finger 2	-0.496	3.436
32194_at	CEBPZ	CCAAT/enhancer binding protein zeta	0.869	5.256
32196_at	CAND1	cullin associated and neddylation dissociated 1	0.546	4.187
32197_at	SLC25A11	solute carrier family 25 member 11	0.492	4.335
32200_at	ACPP	acid phosphatase, prostate	0.56	2.742
32203_at	RBCK1	RANBP2-type and C3HC4-type zinc finger containing 1	0.592	5.285
32204_at	PDE6G	phosphodiesterase 6G	-0.361	3.703
32205_at	PRKRA	protein activator of interferon induced protein kinase EIF2AK2	1.25	7.168
32206_at	CDC42BPA	CDC42 binding protein kinase alpha	0.736	7.178
32207_at	MPP1	membrane palmitoylated protein 1	-0.626	6.084
32208_at	KIAA0355	KIAA0355	0.521	2.017
32210_at	PGM1	phosphoglucomutase 1	1.247	8.085
32214_at	TXNL1	thioredoxin like 1	0.629	2.938
32215_i_at	RHOBTB3	Rho related BTB domain containing 3	1.993	4.23
32218_at	NUDT3	nudix hydrolase 3	0.312	1.911
32219_at	TLK1	tousled like kinase 1	1.379	6.335
32220_at	HMGB1	high mobility group box 1	1.58	7.146
32221_at	MRPS18B	mitochondrial ribosomal protein S18B	1.487	7.099
32222_at	NFATC2IP	nuclear factor of activated T-cells 2 interacting protein	0.32	1.894
32223_at	SUGP2	SURP and G-patch domain containing 2	0.326	1.827
32227_at	SRGN	serglycin	0.995	2.188
32228_at	AP2A2	adaptor related protein complex 2 alpha 2 subunit	-0.336	3.034
32230_at	EIF3I	eukaryotic translation initiation factor 3 subunit I	0.607	2.433
32232_at	NDUFB5	NADH:ubiquinone oxidoreductase subunit B5	0.855	3.607
32235_at	MGRN1	mahogunin ring finger 1	0.693	4.784
32237_at	KLHDC10	kelch domain containing 10	0.826	5.438
32241_at	TARDBP	TAR DNA binding protein	0.786	3.683
32248_at	WDR82	WD repeat domain 82	-0.429	2.104
32251_at	TCEAL4	transcription elongation factor A like 4	1.112	3.971
32253_at	RERE	arginine-glutamic acid dipeptide repeats	0.981	5.451
32255_i_at	TERF1	telomeric repeat binding factor 1	1.508	5.877
32260_at	PEA15	phosphoprotein enriched in astrocytes 15	0.548	2.991
32262_at	METTL13	methyltransferase like 13	0.502	3.159
32266_at	CDH12	cadherin 12	-0.547	2.003
32267_at	ZNF345	zinc finger protein 345	0.788	6.661
32274_r_at	XRCC6	X-ray repair cross complementing 6	-0.834	3.983
32281_at			-0.378	2.646
32282_at			-0.393	2.44
32283_at	LINC00893	long intergenic non-protein coding RNA 893	-0.779	2.071
32284_at	TBX1	T-box 1	-0.457	3.311
32285_g_at	TBX1	T-box 1	-0.316	1.662
32286_at	TBX1	T-box 1	-0.839	7.811
32289_at	PTPRS	protein tyrosine phosphatase, receptor type S	-0.574	4.81
32291_at	UNC13A	unc-13 homolog A	-0.707	2.214
32295_at	HCG9	HLA complex group 9 (non-protein coding)	-0.272	2.276
32296_at	CA5A	carbonic anhydrase 5A	-0.572	3.413
32298_at	ADAM2	ADAM metallopeptidase domain 2	-0.957	2.899
32300_s_at	TH	tyrosine hydroxylase	-0.489	2.671
32303_at	ETV3	ETS variant 3	-0.309	2.11
32317_s_at	SLX1B-SULT1A4///SLX1A-SULT1A3///SULT1A4///SULT1A3///SULT1A1///SULT1A2	SLX1B-SULT1A4 readthrough (NMD candidate)///SLX1A-SULT1A3 readthrough (NMD candidate)///sulfotransferase family 1A member 4///sulfotransferase family 1A member 3///sulfotransferase family 1A member 1///sulfotransferase family 1A member 2	1.183	4.644
32322_at	KCNC1	potassium voltage-gated channel subfamily C member 1	-0.616	2.286
32323_at	TRH	thyrotropin releasing hormone	-0.772	2.783
32326_at	TRIM52	tripartite motif containing 52	0.859	4.93
32331_at	LOC100507855///AK4	adenylate kinase 4, mitochondrial-like///adenylate kinase 4	1.519	3.472
32332_at	IDH2	isocitrate dehydrogenase (NADP(+)) 2, mitochondrial	0.8	3.366
32336_at	ALDOA	aldolase, fructose-bisphosphate A	0.609	2.548
32338_at	DKFZP564C152	DKFZP564C152 protein	0.622	2.41
32342_at	CYP11B2	cytochrome P450 family 11 subfamily B member 2	-0.477	2.978
32350_at	MALT1	MALT1 paracaspase	0.282	1.665
32351_at	GPR20	G protein-coupled receptor 20	-0.379	2.757
32352_at	PNMT	phenylethanolamine N-methyltransferase	-0.402	3.911
32354_at	NPAS3	neuronal PAS domain protein 3	-0.524	2.748
32355_at	TANC2	tetratricopeptide repeat, ankyrin repeat and coiled-coil containing 2	-0.463	2.568
32356_at	KCNJ5	potassium voltage-gated channel subfamily J member 5	-0.697	3.691
32359_at	WISP1	WNT1 inducible signaling pathway protein 1	-0.582	2.545
32362_r_at	TOP3B	topoisomerase (DNA) III beta	-1.019	7.04
32363_at	CH25H	cholesterol 25-hydroxylase	-0.369	2.659
32364_at	SIX6	SIX homeobox 6	-0.467	4.114
32366_at	CNTFR	ciliary neurotrophic factor receptor	-0.385	3.138
32368_at	PCDH8	protocadherin 8	-0.457	1.907
32374_at	PCDHA12	protocadherin alpha 12	-0.426	3.907
32378_at	PKM	pyruvate kinase, muscle	0.716	2.536
32384_g_at	GHRHR	growth hormone releasing hormone receptor	-0.442	4.213
32391_g_at	FMO6P	flavin containing monooxygenase 6 pseudogene	-0.924	9.682
32397_r_at	ERCC2	ERCC excision repair 2, TFIIH core complex helicase subunit	-0.327	1.81
323_at	PSKH1	protein serine kinase H1	-0.45	2.632
32401_at	NRTN	neurturin	-0.307	2.49
32404_at	CNGA3	cyclic nucleotide gated channel alpha 3	-0.718	2.645
32407_f_at			-0.436	2.73
32408_s_at	HNRNPCL4///HNRNPCL3///HNRNPCL2///HNRNPCL1///HNRNPC	heterogeneous nuclear ribonucleoprotein C-like 4///heterogeneous nuclear ribonucleoprotein C-like 3///heterogeneous nuclear ribonucleoprotein C-like 2///heterogeneous nuclear ribonucleoprotein C-like 1///heterogeneous nuclear ribonucleoprotein C (C1/C2)	1.001	4.364
32410_at	MYOG	myogenin (myogenic factor 4)	-0.382	3.032
32416_at	IL23A	interleukin 23 subunit alpha	-0.669	4.415
32419_at	PDE1C	phosphodiesterase 1C	-0.368	2.633
32420_at	GPR6	G protein-coupled receptor 6	-0.495	2.026
32422_at	DOC2B	double C2 domain beta	-0.459	5.11
32424_at	HAS1	hyaluronan synthase 1	-0.374	2.501
32425_at	CHRNA2	cholinergic receptor nicotinic alpha 2 subunit	-0.42	2.42
32427_at	CRYGD	crystallin gamma D	-0.621	2.291
32431_at	ZP2	zona pellucida glycoprotein 2	-0.333	2.555
32433_at	RPL15	ribosomal protein L15	0.517	1.87
32434_at	MARCKS	myristoylated alanine rich protein kinase C substrate	1.636	3.039
32439_at	ATP4B	ATPase H+/K+ transporting beta subunit	-0.435	3.376
32441_at	CTPS1	CTP synthase 1	0.401	1.957
32442_at	LOC100506699	uncharacterized LOC100506699	-0.448	4.402
32445_at	PAFAH1B2	platelet activating factor acetylhydrolase 1b catalytic subunit 2	-0.556	2.447
32446_at	TACR3	tachykinin receptor 3	-0.573	2.957
32447_at	NR5A1	nuclear receptor subfamily 5 group A member 1	-0.31	2.673
32448_at	UPK2	uroplakin 2	-0.486	3.305
32449_at	DGKQ	diacylglycerol kinase theta	-0.408	3.246
32450_at	SCN7A	sodium voltage-gated channel alpha subunit 7	-0.512	2.23
32452_at	TEN1-CDK3///CDK3	TEN1-CDK3 readthrough (NMD candidate)///cyclin dependent kinase 3	-0.265	2.246
32454_at			0.523	3.112
32455_s_at	PELP1	proline, glutamate and leucine rich protein 1	-0.464	2.27
32456_s_at	ATP2B3	ATPase plasma membrane Ca2+ transporting 3	-0.495	3.489
32457_f_at	PRB4	proline rich protein BstNI subfamily 4	-0.588	4.986
32458_f_at	PRB4	proline rich protein BstNI subfamily 4	-0.562	3.232
32459_at	SLC5A5	solute carrier family 5 member 5	-0.363	2.533
32461_f_at	ZNF81	zinc finger protein 81	-0.58	1.832
32463_at	ARHGAP6	Rho GTPase activating protein 6	-0.445	2.73
32471_at	TSHR	thyroid stimulating hormone receptor	-0.286	2.138
32472_at	OXT	oxytocin/neurophysin I prepropeptide	-0.502	3.649
32476_at	MAGEB3	MAGE family member B3	-1.065	2.729
32483_at	GPR135	G protein-coupled receptor 135	-0.381	2.406
32484_at	ACKR2	atypical chemokine receptor 2	-0.48	2.896
32491_at	DRD3	dopamine receptor D3	-0.427	2.006
32492_g_at	DRD3	dopamine receptor D3	-0.457	2.584
32496_at	KCNE1	potassium voltage-gated channel subfamily E regulatory subunit 1	-0.534	2.763
32498_at	GRM2	glutamate metabotropic receptor 2	-0.289	2.158
32499_at	PDIA2	protein disulfide isomerase family A member 2	-0.706	3.096
32500_at			-0.499	2.846
32502_at	GDPD5	glycerophosphodiester phosphodiesterase domain containing 5	-0.762	7.432
32503_at	SNX27	sorting nexin family member 27	-0.641	4.605
32505_at	GRINA	glutamate ionotropic receptor NMDA type subunit associated protein 1	-0.426	3.902
32506_at	TBC1D1	TBC1 domain family member 1	0.558	3.108
32507_at			-0.436	2.739
32510_at	AKR7A2	aldo-keto reductase family 7 member A2	0.939	2.152
32514_s_at	CTSZ	cathepsin Z	-0.643	1.658
32515_s_at	CTSZ	cathepsin Z	-0.591	6.497
32517_at	CAPN7	calpain 7	-0.547	2.567
32519_at	MAP2K2	mitogen-activated protein kinase kinase 2	-0.486	4.818
32520_at	NR1D1///THRA	nuclear receptor subfamily 1 group D member 1///thyroid hormone receptor, alpha	-0.375	3.605
32523_at	CLTB	clathrin light chain B	0.876	4.524
32525_r_at			-1.106	8.635
32526_at	JAM3	junctional adhesion molecule 3	-0.492	2.177
32528_at	CLPP	caseinolytic mitochondrial matrix peptidase proteolytic subunit	-0.443	5.015
32530_at	YWHAQ	tyrosine 3-monooxygenase/tryptophan 5-monooxygenase activation protein theta	0.522	2.86
32531_at	GJA1	gap junction protein alpha 1	0.867	3.473
32534_f_at	VAMP5	vesicle associated membrane protein 5	-0.443	1.719
32537_at	ACSBG1	acyl-CoA synthetase bubblegum family member 1	-0.305	1.8
32538_at	TF	transferrin	-0.55	2.296
32539_at	COPS8	COP9 signalosome subunit 8	0.402	2.783
32542_at	FHL1	four and a half LIM domains 1	1.042	1.801
32543_at	CALR	calreticulin	-0.567	1.944
32548_at	PTGES3	prostaglandin E synthase 3	1.478	6.505
32549_at	PAPPA	pappalysin 1	-0.956	5.726
32550_r_at	CEBPA	CCAAT/enhancer binding protein alpha	-0.719	5.577
32553_at	MAZ	MYC associated zinc finger protein	-0.301	1.824
32554_s_at	TBL1X	transducin (beta)-like 1X-linked	1.011	3.175
32555_at	TBL1X	transducin (beta)-like 1X-linked	-0.719	5.375
32556_at	U2AF2	U2 small nuclear RNA auxiliary factor 2	-0.428	4.438
32557_at	U2AF2	U2 small nuclear RNA auxiliary factor 2	-0.519	3.908
32562_at	ENG	endoglin	-0.453	3.669
32567_at	CHKA	choline kinase alpha	-0.692	5.277
32569_at	PAFAH1B1	platelet activating factor acetylhydrolase 1b regulatory subunit 1	1.477	7.754
32570_at	HPGD	hydroxyprostaglandin dehydrogenase 15-(NAD)	1.342	4.614
32571_at	MAT2A	methionine adenosyltransferase 2A	0.703	4.852
32573_at	GATC///SRSF9	glutamyl-tRNA amidotransferase subunit C///serine and arginine rich splicing factor 9	0.751	5.121
32574_at	SMPD1	sphingomyelin phosphodiesterase 1	0.685	5.168
32575_at	NAP1L4	nucleosome assembly protein 1 like 4	0.408	2.486
32576_at	EIF3F	eukaryotic translation initiation factor 3 subunit F	1.059	6.872
32577_s_at	PSMC3IP	PSMC3 interacting protein	-0.599	5.124
32579_at	SMARCA4	SWI/SNF related, matrix associated, actin dependent regulator of chromatin, subfamily a, member 4	0.804	4.439
32580_at	RGS12	regulator of G-protein signaling 12	-0.317	2.114
32582_at	MYH11	myosin heavy chain 11	-0.466	1.666
32586_at	LARP4B	La ribonucleoprotein domain family member 4B	0.451	4.272
32587_at	ZFP36L2	ZFP36 ring finger protein like 2	0.781	3.034
32588_s_at	ZFP36L2	ZFP36 ring finger protein like 2	1.281	6.769
32592_at	KHNYN	KH and NYN domain containing	-0.449	2.289
32593_at	RFTN1	raftlin, lipid raft linker 1	0.452	1.703
32594_at	CCT4	chaperonin containing TCP1 subunit 4	0.449	3.538
32595_at	GRSF1	G-rich RNA sequence binding factor 1	0.369	2.591
32597_at	RBL2	RB transcriptional corepressor like 2	1.333	4.85
32600_at	DOK4	docking protein 4	-0.564	3.266
32601_s_at	POLR2C	RNA polymerase II subunit C	-0.326	3.129
32603_at	RPA2	replication protein A2	-0.499	1.729
32604_s_at	CEP68	centrosomal protein 68	-0.351	3.332
32612_at	GSN	gelsolin	1.15	3.371
32613_at	SV2B	synaptic vesicle glycoprotein 2B	-0.708	3.302
32615_at	DARS	aspartyl-tRNA synthetase	0.929	4.544
32621_at	DR1	down-regulator of transcription 1	0.436	3.734
32622_at	DNM2	dynamin 2	0.848	5.822
32624_at	RALGAPA1	Ral GTPase activating protein catalytic alpha subunit 1	0.528	4.322
32626_at	GFPT1	glutamine--fructose-6-phosphate transaminase 1	0.732	5.597
32628_at	VEZF1	vascular endothelial zinc finger 1	0.664	3.995
32631_at	LOC100510710///GBAP1///GBA	glucosylceramidase-like///glucosylceramidase beta pseudogene 1///glucosylceramidase beta	-0.514	2.059
32634_s_at	ICA1	islet cell autoantigen 1	-0.335	2.02
32636_f_at	LOC101060386///BOLA2///SMG1	putative uncharacterized SMG1-like protein///bolA family member 2///SMG1, nonsense mediated mRNA decay associated PI3K related kinase	1.001	2.126
32637_r_at	LOC101060386///BOLA2///SMG1	putative uncharacterized SMG1-like protein///bolA family member 2///SMG1, nonsense mediated mRNA decay associated PI3K related kinase	0.641	2.826
32638_s_at	LOC101060386///BOLA2///SMG1	putative uncharacterized SMG1-like protein///bolA family member 2///SMG1, nonsense mediated mRNA decay associated PI3K related kinase	1.466	5.294
32639_at	NUPL2	nucleoporin like 2	0.801	5.334
32643_at	GBE1	glucan (1,4-alpha-), branching enzyme 1	1.499	7.272
32645_at	LOC101930416///LOC101929792///LOC100996724///PDE4DIP	myomegalin-like///uncharacterized LOC101929792///phosphodiesterase 4D interacting protein-like///phosphodiesterase 4D interacting protein	-0.496	2.108
32646_at	KIF21B	kinesin family member 21B	-0.393	3.14
32647_at	VTI1B	vesicle transport through interaction with t-SNAREs 1B	1.31	4.41
32652_g_at	TAGLN3	transgelin 3	-0.564	4.95
32654_g_at	BRD8	bromodomain containing 8	1.304	8.652
32655_s_at	BRD8	bromodomain containing 8	0.5	4.385
32656_at	MPDZ	multiple PDZ domain crumbs cell polarity complex component	1.47	5.351
32659_at	EIF2B4	eukaryotic translation initiation factor 2B subunit delta	-0.599	3.993
32660_at	TRANK1	tetratricopeptide repeat and ankyrin repeat containing 1	-0.542	2.155
32662_at	MDC1	mediator of DNA damage checkpoint 1	0.537	4.597
32664_at	RNASE4	ribonuclease A family member 4	0.593	2.07
32665_at	PPM1B	protein phosphatase, Mg2+/Mn2+ dependent 1B	1.447	7.074
32666_at	CXCL12	C-X-C motif chemokine ligand 12	1.55	4.257
32667_at	COL4A5	collagen type IV alpha 5 chain	0.401	1.787
32668_at	SSBP2	single stranded DNA binding protein 2	0.288	1.665
32669_at	SOCS5	suppressor of cytokine signaling 5	0.449	2.226
32671_at	TTLL4	tubulin tyrosine ligase like 4	-0.517	3.32
32674_at	ZNF638-IT1///ZNF638	ZNF638 intronic transcript 1///zinc finger protein 638	1.009	7.731
32676_at	ALDH6A1	aldehyde dehydrogenase 6 family member A1	1.349	3.016
32678_at	MYO5A	myosin VA	-0.515	2.012
32679_at	MTFR1	mitochondrial fission regulator 1	-0.394	3.035
32680_at	TNIK	TRAF2 and NCK interacting kinase	-1.628	4.925
32681_at	SLC9A1	solute carrier family 9 member A1	-0.376	3.31
32686_at	PTGER3	prostaglandin E receptor 3	0.749	2.342
32689_s_at	PTGER3	prostaglandin E receptor 3	0.576	2.377
32690_s_at	PTGER3	prostaglandin E receptor 3	-0.756	1.957
32692_at	PTGER3	prostaglandin E receptor 3	-0.566	2.701
32694_at	RARB	retinoic acid receptor beta	0.647	2.446
32695_at	HTATSF1	HIV-1 Tat specific factor 1	0.917	4.378
32696_at	PBX3	PBX homeobox 3	1.012	4.363
32697_at	IMPA1	inositol monophosphatase 1	0.44	3.673
32698_at	PVR	poliovirus receptor	-0.432	3.841
32699_s_at	PVR	poliovirus receptor	-0.551	3.945
32701_at	ARVCF	armadillo repeat gene deleted in velocardiofacial syndrome	-0.279	1.962
32702_at	TROAP	trophinin associated protein	-0.52	2.138
32704_at	DOCK2	dedicator of cytokinesis 2	-0.877	7.664
32705_at	CYP3A7-CYP3A51P///CYP3A7	CYP3A7-CYP3A51P readthrough///cytochrome P450 family 3 subfamily A member 7	0.632	3.231
32707_at	KATNA1	katanin catalytic subunit A1	0.952	6.323
32708_g_at	KATNA1	katanin catalytic subunit A1	0.828	6.354
32709_at	KCNAB1	potassium voltage-gated channel subfamily A member regulatory beta subunit 1	0.39	2.797
32714_s_at	ACVRL1	activin A receptor like type 1	-0.777	4.73
32715_at	VAMP8	vesicle associated membrane protein 8	0.547	2.036
32716_at	DGKA	diacylglycerol kinase alpha	-0.52	3.128
32717_at	NEURL1	neuralized E3 ubiquitin protein ligase 1	-0.459	3.588
32719_at	NRG1	neuregulin 1	-0.426	2.503
32720_at	ATG12	autophagy related 12	1.589	10.073
32723_at	CSTF1	cleavage stimulation factor subunit 1	0.782	3.853
32726_g_at	BID	BH3 interacting domain death agonist	-0.63	3.652
32729_at	MYH3	myosin, heavy chain 3, skeletal muscle, embryonic	-0.921	2.826
32733_at	MRPS14	mitochondrial ribosomal protein S14	-0.597	1.775
32734_at	PPP2R5E	protein phosphatase 2 regulatory subunit B'epsilon	0.694	2.473
32735_at	PHLPP2	PH domain and leucine rich repeat protein phosphatase 2	0.505	3.395
32736_at	RAC2	ras-related C3 botulinum toxin substrate 2 (rho family, small GTP binding protein Rac2)	-0.554	2.169
32737_at	RAC2	ras-related C3 botulinum toxin substrate 2 (rho family, small GTP binding protein Rac2)	-0.441	3.921
32738_at	NDUFS2	NADH:ubiquinone oxidoreductase core subunit S2	0.686	2.759
32739_at	PGM3	phosphoglucomutase 3	-0.496	2.253
32745_at	MRPL40	mitochondrial ribosomal protein L40	0.722	3.379
32747_at	ALDH2	aldehyde dehydrogenase 2 family (mitochondrial)	0.702	1.906
32749_s_at	FLNA	filamin A	0.576	3.542
32751_at	ILF3	interleukin enhancer binding factor 3	0.46	3.578
32753_at	SF3B3	splicing factor 3b subunit 3	-0.343	2.713
32759_at			-0.77	2.535
32760_at	SEMG1	semenogelin I	-0.445	2.619
32761_at	SRRM2	serine/arginine repetitive matrix 2	-0.798	6.211
32764_at	CPQ	carboxypeptidase Q	-0.226	2.16
32768_at	TDRD3	tudor domain containing 3	0.394	1.712
32769_at	WDFY3	WD repeat and FYVE domain containing 3	1.272	2.994
32775_r_at	PLSCR1	phospholipid scramblase 1	1.32	1.931
32777_at	WRB	tryptophan rich basic protein	0.748	4.815
32780_at	DST	dystonin	0.888	3.182
32781_f_at	DST	dystonin	1.307	3.009
32783_at	FBLN2	fibulin 2	-0.317	2.727
32784_at	PRPF4B	pre-mRNA processing factor 4B	0.51	1.674
32787_at	ERBB3	erb-b2 receptor tyrosine kinase 3	0.573	2.989
32790_at	NCBP2	nuclear cap binding protein subunit 2	0.574	5.307
32793_at	TRBC1	T cell receptor beta constant 1	-0.565	1.799
32794_g_at	TRBC1	T cell receptor beta constant 1	-0.437	1.963
32795_at			-0.336	2.428
32796_f_at	PRSS2	protease, serine 2	-0.476	2.127
32797_at			-0.388	2.233
32802_at	MARCH6	membrane associated ring-CH-type finger 6	1.444	9.79
32803_at	CNIH1	cornichon family AMPA receptor auxiliary protein 1	0.863	5.793
32805_at	LOC101930400///AKR1C2///AKR1C1	aldo-keto reductase family 1 member C2-like///aldo-keto reductase family 1, member C2///aldo-keto reductase family 1 member C1	1.168	2.822
32806_at	TSPO	translocator protein	0.753	3.362
32809_at	ZNF24	zinc finger protein 24	0.351	2.438
32810_at	TPMT	thiopurine S-methyltransferase	-0.475	4.642
32811_at	MYO1C	myosin IC	-0.329	2.503
32812_at	LIMCH1	LIM and calponin homology domains 1	0.947	4.554
32815_at			2.424	8.524
32819_at	HIST1H2BK	histone cluster 1, H2bk	-0.437	1.77
32821_at	LCN2	lipocalin 2	-0.911	2.58
32822_at	SLC25A4	solute carrier family 25 member 4	0.679	2.896
32825_at	PRMT1	protein arginine methyltransferase 1	0.788	3.292
32826_at	ENTPD1	ectonucleoside triphosphate diphosphohydrolase 1	-0.399	3.035
32827_at	RRAS2	related RAS viral (r-ras) oncogene homolog 2	1.171	5.529
32831_at	TIMM17A	translocase of inner mitochondrial membrane 17 homolog A (yeast)	0.636	3.157
32833_at	CLK1	CDC like kinase 1	0.929	3.587
32834_r_at	RIOK3	RIO kinase 3	1.578	8.343
32838_at	MYH10	myosin, heavy chain 10, non-muscle	1.427	6.677
32840_at			-0.747	4.088
32841_at	CNBP	CCHC-type zinc finger nucleic acid binding protein	1.246	3.049
32843_s_at	FBL	fibrillarin	0.618	5.229
32844_at	EIF4G1	eukaryotic translation initiation factor 4 gamma 1	0.346	3.927
32850_at	NUP153	nucleoporin 153	1.226	2.949
32853_at	TOMM70	translocase of outer mitochondrial membrane 70	1.309	5.726
32854_at	FBXW11	F-box and WD repeat domain containing 11	0.912	4.042
32857_at	SOS2	SOS Ras/Rho guanine nucleotide exchange factor 2	0.405	1.739
32859_at	STAT1	signal transducer and activator of transcription 1	0.54	1.675
32862_at	RASA3	RAS p21 protein activator 3	-0.928	4.118
32863_at	CAMK1G	calcium/calmodulin dependent protein kinase IG	-0.456	2.72
32864_at	SRY	sex determining region Y	-0.388	2.059
32866_at	ADAMTSL2	ADAMTS like 2	-0.308	2.233
32868_at	TGM3	transglutaminase 3	-0.442	2.448
32873_at	KCND2	potassium voltage-gated channel subfamily D member 2	-0.455	1.809
32875_at	RHO	rhodopsin	-0.352	3.273
32876_s_at	RHO	rhodopsin	-0.348	2.58
32879_at			-0.693	2.162
32881_at	BICDL1	BICD family like cargo adaptor 1	-0.33	2.384
32882_at	SOAT2	sterol O-acyltransferase 2	-0.396	3.699
32884_at	PHF20	PHD finger protein 20	-0.582	2.901
32894_at	AGFG2	ArfGAP with FG repeats 2	-0.484	2.553
32895_f_at	AGFG2	ArfGAP with FG repeats 2	-0.452	3.97
32898_at	ACTL8	actin like 8	-0.536	3.198
328_at	ZNF92	zinc finger protein 92	-0.525	2.9
32907_at	HTR6	5-hydroxytryptamine receptor 6	-0.514	3.245
32908_at	UBN1	ubinuclein 1	-0.326	3.251
32909_at	AQP5	aquaporin 5	-0.306	2.131
32910_at	KDM7A	lysine demethylase 7A	-0.704	3.851
32914_f_at	CACTIN	cactin, spliceosome C complex subunit	-0.287	2.017
32917_at	LCT	lactase	-0.622	5.743
32918_at	ZSWIM8-AS1///NDST2	ZSWIM8 antisense RNA 1///N-deacetylase and N-sulfotransferase 2	-0.441	4.005
32920_at	HCN4	hyperpolarization activated cyclic nucleotide gated potassium channel 4	-0.578	2.345
32923_r_at	SYN1	synapsin I	-0.761	4.309
32924_at	MMP24	matrix metallopeptidase 24	-0.317	1.936
32926_at			-0.531	2.338
32929_at	DOLPP1	dolichyldiphosphatase 1	-0.519	5.619
32931_at			-0.632	4.796
32933_r_at			-0.423	2.799
32938_at	EFR3B	EFR3 homolog B	-0.46	2.087
32939_g_at	EFR3B	EFR3 homolog B	-0.395	3.379
32941_at	IRF8	interferon regulatory factor 8	-0.477	1.924
32943_at	DBH	dopamine beta-hydroxylase	-0.326	1.883
32944_at	ROBO1	roundabout guidance receptor 1	-0.421	1.706
32945_i_at	MBL2	mannose binding lectin 2	-0.533	1.81
32949_at	DSCR4	Down syndrome critical region 4	-0.427	3.079
32950_at	POU6F2	POU class 6 homeobox 2	-0.507	2.252
32951_g_at	POU6F2	POU class 6 homeobox 2	-0.337	4.064
32952_at	POU6F2	POU class 6 homeobox 2	-0.429	3.697
32954_at	RIF1	replication timing regulatory factor 1	0.797	5.437
32955_at	TRIAP1	TP53 regulated inhibitor of apoptosis 1	0.735	3.21
32959_at	ATP6V1B1	ATPase H+ transporting V1 subunit B1	0.629	5.741
32962_at	CTH	cystathionine gamma-lyase	1.387	9.047
32963_s_at	RRAGD	Ras related GTP binding D	0.785	2.503
32965_f_at	HSPA1B	heat shock protein family A (Hsp70) member 1B	-0.548	5.88
32968_s_at	SEZ6L	seizure related 6 homolog like	-0.556	2.494
32969_r_at	VGF	VGF nerve growth factor inducible	-0.704	6.341
32970_f_at	HABP4	hyaluronan binding protein 4	0.858	9.075
32978_g_at	FAM65B	family with sequence similarity 65 member B	-0.315	2.467
32983_at	ADRA1B	adrenoceptor alpha 1B	-0.411	3.67
32984_s_at	CLCNKB///CLCNKA	chloride voltage-gated channel Kb///chloride voltage-gated channel Ka	0.579	2.254
32985_at	SALL1	spalt like transcription factor 1	1.048	5.271
32986_s_at	SMAD9	SMAD family member 9	-0.563	2.115
32987_at	CENPI	centromere protein I	-0.476	3.889
32989_at	RFX1	regulatory factor X1	-0.513	3.831
32990_at	SLC6A11	solute carrier family 6 member 11	-0.374	2.089
32993_s_at	ZMYND10	zinc finger MYND-type containing 10	-0.451	4.413
32994_at	ASB4	ankyrin repeat and SOCS box containing 4	-0.446	1.962
32996_g_at	ASB4	ankyrin repeat and SOCS box containing 4	-0.435	4.09
32997_at	PAGE1	PAGE family member 1	-0.729	2.927
32999_at	BFSP1	beaded filament structural protein 1	-0.296	1.764
33001_s_at	TGM5	transglutaminase 5	-0.386	1.822
33008_at	OR7E24	olfactory receptor family 7 subfamily E member 24	-0.363	1.754
33009_at	MAP3K1	mitogen-activated protein kinase kinase kinase 1	-0.661	2.851
33010_at	SLC5A4	solute carrier family 5 member 4	-0.342	3.097
33013_at	PDHA2	pyruvate dehydrogenase (lipoamide) alpha 2	-0.501	3.167
33014_at	MAFK	MAF bZIP transcription factor K	-0.394	3.028
33015_at			-0.34	1.876
33016_at	TSPO2	translocator protein 2	-0.473	5.32
33017_at	GPLD1	glycosylphosphatidylinositol specific phospholipase D1	-0.388	1.996
33018_at	HIST1H3I	histone cluster 1, H3i	-0.588	3.883
33019_at	PARK2	parkin RBR E3 ubiquitin protein ligase	-0.584	4.849
33022_at	RDH16	retinol dehydrogenase 16 (all-trans)	-0.388	3.205
33024_at	CMA1	chymase 1	-0.582	2.817
33025_at	TP53TG5	TP53 target 5	-0.56	6.036
33027_at	LOC101060581///AGAP5///AGAP7P///AGAP9///AGAP12P///AGAP6///BMS1P5///AGAP11///AGAP4///SYNPO2L	arf-GAP with GTPase, ANK repeat and PH domain-containing protein 5-like///ArfGAP with GTPase domain, ankyrin repeat and PH domain 5///ArfGAP with GTPase domain, ankyrin repeat and PH domain 7, pseudogene///ArfGAP with GTPase domain, ankyrin repeat and PH domain 9///ArfGAP with GTPase domain, ankyrin repeat and PH domain 12, pseudogene///ArfGAP with GTPase domain, ankyrin repeat and PH domain 6///BMS1, ribosome biogenesis factor pseudogene 5///ArfGAP with GTPase domain, ankyrin repeat and PH domain 11///ArfGAP with GTPase domain, ankyrin repeat and PH domain 4///synaptopodin 2 like	-0.256	1.692
33028_at	SLC6A5	solute carrier family 6 member 5	-0.429	3.665
33029_at	ALOX12B	arachidonate 12-lipoxygenase, 12R type	-0.495	5.424
33030_at	HIST1H1D	histone cluster 1, H1d	-0.494	5.691
33035_at	TIPRL	TOR signaling pathway regulator	0.616	4.62
33036_at	TRPA1	transient receptor potential cation channel subfamily A member 1	-0.429	1.873
33042_r_at			-1.026	4.013
33043_at	USP6	ubiquitin specific peptidase 6	-0.427	2.376
33045_r_at	EMX1	empty spiracles homeobox 1	-0.606	3.935
33051_at	GABRR1	gamma-aminobutyric acid type A receptor rho1 subunit	-0.429	2.459
33054_at	DNAH3	dynein axonemal heavy chain 3	-0.286	1.958
33056_at	EXOG	endo/exonuclease (5'-3'), endonuclease G-like	-0.673	2.909
33057_g_at	EXOG	endo/exonuclease (5'-3'), endonuclease G-like	-0.428	2.267
33058_at	KRT75	keratin 75	-0.406	2.89
33059_at	PART1	prostate androgen-regulated transcript 1 (non-protein coding)	-0.961	3.103
33063_at	GP1BA	glycoprotein Ib platelet alpha subunit	-0.476	2.405
33065_at	JPH3	junctophilin 3	-0.292	2.892
33067_at	HIST1H1A	histone cluster 1, H1a	-0.531	1.897
33072_at	HCRTR2	hypocretin receptor 2	-0.729	2.252
33073_at	PAK3	p21 (RAC1) activated kinase 3	-0.264	1.658
33076_at			-1.537	3.153
33077_at			-0.45	3.3
33078_at	PRAMEF12	PRAME family member 12	-0.323	2.056
33081_at			-0.39	2.149
33083_at	KIAA0509	uncharacterized LOC57242	-0.43	2.189
33085_at	PDCD1	programmed cell death 1	-0.277	1.737
33087_s_at	KCNH1	potassium voltage-gated channel subfamily H member 1	-0.552	3.184
33089_s_at	EFNA2	ephrin A2	-0.418	2.366
33090_at	EFNA2	ephrin A2	-0.522	5.2
33091_at	HOXD13	homeobox D13	-0.268	1.9
33097_at	CEBPE	CCAAT/enhancer binding protein epsilon	-0.468	3.401
33098_at	CCR3	C-C motif chemokine receptor 3	-0.6	3.052
33099_at	FUT5	fucosyltransferase 5	-0.422	2.577
33101_g_at	FETUB	fetuin B	-0.535	3.134
33102_at	ADD3	adducin 3	1.175	3.794
33103_s_at	ADD3	adducin 3	1.655	7.316
33104_at	PLEKHB1	pleckstrin homology domain containing B1	-0.528	3.181
33105_at	PLEKHB1	pleckstrin homology domain containing B1	-0.583	4.856
33107_at	TRIM37	tripartite motif containing 37	0.404	1.747
33108_i_at	SOX2	SRY-box 2	-0.567	3.892
33109_f_at	SOX2	SRY-box 2	-0.316	1.698
33110_at	SOX2	SRY-box 2	-0.389	1.947
33113_at	CITED2	Cbp/p300 interacting transactivator with Glu/Asp rich carboxy-terminal domain 2	1.258	5.732
33115_at	HOXC6	homeobox C6	-0.332	1.74
33119_at	FAM134B	family with sequence similarity 134 member B	-0.721	2.034
33126_at	GLT8D1	glycosyltransferase 8 domain containing 1	0.573	7.657
33127_at	LOXL2	lysyl oxidase like 2	-0.456	2.969
33128_s_at	CST6	cystatin E/M	-0.425	2.602
33129_at	CST6	cystatin E/M	-0.444	1.657
33130_at	HOXD1	homeobox D1	0.399	3.183
33131_at	SOX4	SRY-box 4	-0.322	1.918
33132_at	MIR6849///MIR1234///MIR939///CPSF1	microRNA 6849///microRNA 1234///microRNA 939///cleavage and polyadenylation specific factor 1	0.335	1.801
33136_at	UBE2I	ubiquitin conjugating enzyme E2 I	0.421	3.069
33144_at	CSNK1D	casein kinase 1 delta	-0.334	2.137
33145_at	FANCA	Fanconi anemia complementation group A	-0.531	4.301
33146_at	MCL1	BCL2 family apoptosis regulator	0.883	3.178
33147_at	ZFR	zinc finger RNA binding protein	-0.718	2.489
33148_at	ZFR	zinc finger RNA binding protein	0.354	2.106
33149_at	CLP1	cleavage and polyadenylation factor I subunit 1	0.408	2.481
33150_at	UTP3	UTP3, small subunit processome component homolog (S. cerevisiae)	0.719	2.835
33151_s_at	UTP3	UTP3, small subunit processome component homolog (S. cerevisiae)	-0.626	6.013
33152_at	ARF6	ADP ribosylation factor 6	0.742	4.977
33153_at	ALOX5	arachidonate 5-lipoxygenase	-0.587	4.282
33155_at	IDUA	iduronidase, alpha-L-	-0.423	3.894
33156_at	IDUA	iduronidase, alpha-L-	-0.739	3.507
33157_at	INSM1	INSM transcriptional repressor 1	-0.322	2.473
33160_at	NRL	neural retina leucine zipper	-0.612	3.115
33165_at	TOE1	target of EGR1, member 1 (nuclear)	-0.304	1.698
33166_at	TRADD	TNFRSF1A associated via death domain	-0.658	5.1
33167_r_at	ADSS	adenylosuccinate synthase	-0.954	3.412
33169_at	NEO1	neogenin 1	0.332	3.11
33172_at	SEPT11	septin 11	0.411	2.208
33173_g_at	SEPT11	septin 11	0.825	7.422
33176_at	DOHH	deoxyhypusine hydroxylase/monooxygenase	-0.49	3.162
33177_at	DOHH	deoxyhypusine hydroxylase/monooxygenase	-0.307	2.981
33178_at	JAG1	jagged 1	-0.47	4.192
33179_at	PPP1R2	protein phosphatase 1 regulatory inhibitor subunit 2	-0.456	2.343
33180_at	PPP1R2	protein phosphatase 1 regulatory inhibitor subunit 2	1.505	7.113
33182_at	NTRK2	neurotrophic receptor tyrosine kinase 2	0.676	2.44
33183_at	GALK1	galactokinase 1	-0.326	2.201
33184_at	GUCA1A	guanylate cyclase activator 1A	-0.34	1.725
33185_at	CLCC1	chloride channel CLIC like 1	-0.54	1.734
33190_g_at	LOC143286	uncharacterized LOC143286	-0.868	4.327
33195_at	DHODH	dihydroorotate dehydrogenase (quinone)	-0.272	2.009
331_at	MAPT	microtubule associated protein tau	-0.627	4.041
33200_at	LLGL1	LLGL1, scribble cell polarity complex component	-0.632	4.825
33201_at			-0.654	8.401
33203_s_at	FOXD1	forkhead box D1	-0.196	1.664
33205_at	SUPT3H	SPT3 homolog, SAGA and STAGA complex component	-0.432	1.934
33206_at	MTSS1L	metastasis suppressor 1 like	-0.28	2.466
33209_at	YY1	YY1 transcription factor	-0.345	2.567
33211_at	RRBP1	ribosome binding protein 1	-0.335	2.666
33216_at	MRPS12	mitochondrial ribosomal protein S12	-0.667	5.886
33218_at	ERBB2	erb-b2 receptor tyrosine kinase 2	0.371	3.189
33219_at	USP33	ubiquitin specific peptidase 33	1.531	6.327
33221_at	PAXIP1	PAX interacting protein 1	-0.539	2.178
33225_at	CYHR1	cysteine and histidine rich 1	-0.474	3.83
33229_at	RPS6KA3	ribosomal protein S6 kinase A3	1.212	4.424
33231_at	PRPF19	pre-mRNA processing factor 19	-0.34	2.447
33233_at	ARID4B///RBM34	AT-rich interaction domain 4B///RNA binding motif protein 34	0.521	3.764
33234_at	ARID4B///RBM34	AT-rich interaction domain 4B///RNA binding motif protein 34	0.88	5.616
33240_at	PDZRN3	PDZ domain containing ring finger 3	0.826	7.063
33241_at	MFAP3L	microfibrillar associated protein 3 like	0.779	2.562
33243_at	TNFAIP8	TNF alpha induced protein 8	0.692	2.129
33244_at	CHN2	chimerin 2	0.471	2.457
33247_at	PSMD14	proteasome 26S subunit, non-ATPase 14	0.934	3.04
33249_at	NR3C2	nuclear receptor subfamily 3 group C member 2	1.016	7.438
33252_at	MCM3	minichromosome maintenance complex component 3	-0.694	2.889
33253_at	TRIM14	tripartite motif containing 14	0.566	4.647
33255_at	NASP	nuclear autoantigenic sperm protein	-0.555	5.395
33257_at	DLST	dihydrolipoamide S-succinyltransferase	-0.356	1.822
33263_at	ENOSF1	enolase superfamily member 1	1.333	9.485
33265_at	PEX2	peroxisomal biogenesis factor 2	0.809	5.729
33266_at	AURKB	aurora kinase B	-0.439	3.576
33267_at	ATP8A1	ATPase phospholipid transporting 8A1	1.36	7.244
33270_i_at	DMXL1	Dmx like 1	1.23	5.1
33271_r_at	DMXL1	Dmx like 1	1.41	4.863
33277_at	MTMR2	myotubularin related protein 2	-0.681	6.271
33278_at	ACSM3	acyl-CoA synthetase medium-chain family member 3	1.194	3.707
33279_s_at	ACSM3	acyl-CoA synthetase medium-chain family member 3	0.405	1.806
33281_at	IKBKE	inhibitor of kappa light polypeptide gene enhancer in B-cells, kinase epsilon	-0.45	4.847
33284_at	MPO	myeloperoxidase	-0.538	3.567
33287_at	SPOUT1	SPOUT domain containing methyltransferase 1	-0.374	4.441
33291_at	RASGRP1	RAS guanyl releasing protein 1	0.888	4.228
33293_at	FAIM2	Fas apoptotic inhibitory molecule 2	-0.695	6.526
33294_at	EXOSC7	exosome component 7	0.886	4.458
33295_at	ACKR1	atypical chemokine receptor 1 (Duffy blood group)	-0.398	1.981
33296_at	GLCE	glucuronic acid epimerase	0.721	2.902
33297_at	OARD1	O-acyl-ADP-ribose deacylase 1	1.32	6.653
33306_at	ZNF24	zinc finger protein 24	-0.22	1.694
33308_at	GUSB	glucuronidase beta	0.243	1.815
33311_at	LOC102724652///CRYAA	alpha-crystallin A chain///crystallin alpha A	0.647	2.751
33313_g_at	LOC102724652///CRYAA	alpha-crystallin A chain///crystallin alpha A	1.831	6.577
33314_at	GCDH	glutaryl-CoA dehydrogenase	0.646	3.006
33318_at	MBNL2	muscleblind like splicing regulator 2	0.748	4.407
33322_i_at	SFN	stratifin	-0.453	2.025
33323_r_at	SFN	stratifin	-0.571	2.362
33325_at	RPS6KA2	ribosomal protein S6 kinase A2	0.276	1.838
33326_at	RAB21	RAB21, member RAS oncogene family	0.842	2.671
33328_at	HEG1	heart development protein with EGF like domains 1	0.67	2.557
33329_at	NFIC	nuclear factor I C	-0.323	2.702
33330_at	CLTCL1	clathrin heavy chain like 1	-0.502	3.176
33332_at	SERHL2///SERHL	serine hydrolase-like 2///serine hydrolase-like (pseudogene)	-0.586	4.371
33335_at	COG7	component of oligomeric golgi complex 7	-0.597	2.795
33336_at	SLC4A1	solute carrier family 4 member 1 (Diego blood group)	-0.456	1.93
33337_at	DEGS1	delta 4-desaturase, sphingolipid 1	0.505	2.161
33340_at	PJA2	praja ring finger ubiquitin ligase 2	1.177	6.572
33341_at	GNB1	G protein subunit beta 1	-0.518	3.584
33343_at	RNF14	ring finger protein 14	0.932	3.363
33344_at	MED14	mediator complex subunit 14	-0.653	3.628
33345_at	KIF3C	kinesin family member 3C	-0.325	2.184
33349_at	TNPO1	transportin 1	-0.397	2.491
33351_at	EIF1B	eukaryotic translation initiation factor 1B	0.877	2.72
33354_at	SMURF2	SMAD specific E3 ubiquitin protein ligase 2	1.018	6.478
33355_at	PBX1	PBX homeobox 1	0.596	3.625
33358_at	PPM1H	protein phosphatase, Mg2+/Mn2+ dependent 1H	0.43	3.114
33363_at	EIF2AK1	eukaryotic translation initiation factor 2 alpha kinase 1	-0.493	2.531
33366_at	SGSM3	small G protein signaling modulator 3	-0.421	4.604
33367_s_at	AZIN1	antizyme inhibitor 1	0.568	2.331
33368_at	AZIN1	antizyme inhibitor 1	1.361	4.636
33369_at	MSMO1	methylsterol monooxygenase 1	1.446	6.308
33370_r_at	MSMO1	methylsterol monooxygenase 1	0.758	2.26
33373_at	FUBP1	far upstream element binding protein 1	0.458	1.695
33374_at	C2	complement component 2	-0.524	3.942
33376_at			-0.285	1.684
33377_at	SEBOX///VTN	SEBOX homeobox///vitronectin	0.41	2.393
33379_at	SSX2IP	SSX family member 2 interacting protein	-0.319	1.998
33380_at	PAPD7	poly(A) RNA polymerase D7, non-canonical	0.686	4.487
33381_at	NCOA3	nuclear receptor coactivator 3	1.221	4.899
33384_at	CAST	calpastatin	-0.558	2.199
33385_g_at	CAST	calpastatin	0.765	4.485
33391_r_at	LOC101928634///SNORA67///CD68	uncharacterized LOC101928634///small nucleolar RNA, H/ACA box 67///CD68 molecule	-0.855	5.054
33393_at	DDX19B	DEAD-box helicase 19B	0.259	2.779
33395_at	SZRD1	SUZ RNA binding domain containing 1	-0.588	6.398
33398_at	ACIN1	apoptotic chromatin condensation inducer 1	-0.343	1.884
33399_at	SPTSSA	serine palmitoyltransferase small subunit A	1.293	7.162
333_s_at	RBMS1	RNA binding motif single stranded interacting protein 1	0.786	5.522
33400_r_at	SPTSSA	serine palmitoyltransferase small subunit A	1.193	2.81
33403_at	CHTOP	chromatin target of PRMT1	1.333	7.012
33404_at	CAP2	CAP, adenylate cyclase-associated protein, 2 (yeast)	0.703	5.596
33408_at	DIP2C	disco interacting protein 2 homolog C	0.462	3.655
33409_at	FKBP2	FK506 binding protein 2	0.834	3.827
33411_g_at	ITGA6	integrin subunit alpha 6	0.538	3.569
33414_at	LOC101060373///NOMO3///NOMO2///NOMO1	uncharacterized LOC101060373///NODAL modulator 3///NODAL modulator 2///NODAL modulator 1	0.412	2.773
33416_at	TCF25	transcription factor 25	-0.36	1.882
33418_at	RAB3GAP1	RAB3 GTPase activating protein catalytic subunit 1	0.683	8.156
33421_s_at	SC5D	sterol-C5-desaturase	0.573	2.451
33423_g_at	SEC13	SEC13 homolog, nuclear pore and COPII coat complex component	0.768	4.454
33431_at	FMOD	fibromodulin	-0.252	1.754
33432_at	MED8	mediator complex subunit 8	0.274	1.951
33434_at	BET1	Bet1 golgi vesicular membrane trafficking protein	0.656	3.615
33437_at	FTSJ1	FtsJ RNA methyltransferase homolog 1 (E. coli)	0.467	3.503
33438_at	WBP2	WW domain binding protein 2	1.107	4.106
33439_at	SIK1	salt inducible kinase 1	0.787	4.131
33440_at	ZEB1	zinc finger E-box binding homeobox 1	1.242	5.336
33441_at	TCTA	T-cell leukemia translocation altered	-0.277	3.207
33442_at	PRUNE2	prune homolog 2	1.095	6.761
33443_at	SERINC1	serine incorporator 1	1.888	4.907
33445_at	ABAT	4-aminobutyrate aminotransferase	-0.483	3.203
33446_at	ABAT	4-aminobutyrate aminotransferase	1.577	4.078
33450_at	ACTL6B	actin like 6B	-0.491	2.086
33451_s_at	RPL22	ribosomal protein L22	1	5.426
33452_at	PLAT	plasminogen activator, tissue type	0.388	1.66
33456_at	MAPRE1	microtubule associated protein RP/EB family member 1	0.706	2.014
33457_at	FAM208A	family with sequence similarity 208 member A	1.184	5.052
33459_at			-0.574	1.985
33469_r_at	CFHR3	complement factor H related 3	-0.496	3.333
33470_at	GRIP2	glutamate receptor interacting protein 2	-1.079	3.827
33471_g_at	GRIP2	glutamate receptor interacting protein 2	-0.476	3.244
33474_at	GLI1	GLI family zinc finger 1	-0.721	6.351
33477_at	RAB40A	RAB40A, member RAS oncogene family	-0.473	3.164
33478_at	TNP2	transition protein 2	-0.651	1.679
33480_at	MLN	motilin	-0.555	4.544
33482_at	MYOD1	myogenic differentiation 1	-0.731	4.468
33484_at	RNF2	ring finger protein 2	0.502	2.207
33487_at	HPD	4-hydroxyphenylpyruvate dioxygenase	1.573	3.534
33488_at	TLR3	toll like receptor 3	0.693	2.504
33494_at	ETFDH	electron transfer flavoprotein dehydrogenase	0.396	1.714
33496_at	AGTR2	angiotensin II receptor type 2	-0.914	5.208
33498_at	REG1CP	regenerating family member 1 gamma, pseudogene	-0.38	2.629
334_s_at	VIP	vasoactive intestinal peptide	-0.53	5.854
33503_at	AIPL1	aryl hydrocarbon receptor interacting protein like 1	-0.444	2.599
33506_at	INPP4A	inositol polyphosphate-4-phosphatase type I A	-0.3	2.069
33509_at	GRM1	glutamate metabotropic receptor 1	-0.322	1.813
33512_at	GUCA2B	guanylate cyclase activator 2B	-0.878	4.278
33514_at	CAMK4	calcium/calmodulin dependent protein kinase IV	-0.887	7.046
33515_at	TCP10	t-complex 10	-0.332	2.338
33516_at	HBD	hemoglobin subunit delta	1.373	2.459
33521_at	ATP4A	ATPase H+/K+ transporting alpha subunit	-0.279	1.823
33524_at	CRKL	CRK like proto-oncogene, adaptor protein	-0.476	2.766
33527_at	KCNJ3	potassium voltage-gated channel subfamily J member 3	0.649	2.558
33530_at	CEACAM8	carcinoembryonic antigen related cell adhesion molecule 8	-0.33	2.225
33536_at	PRKG2	protein kinase, cGMP-dependent, type II	-0.671	3.323
33543_s_at	PNN	pinin, desmosome associated protein	0.945	5.257
33545_at	SCN4A	sodium voltage-gated channel alpha subunit 4	-0.336	2.08
33557_at	C22orf31	chromosome 22 open reading frame 31	-0.551	5.937
33560_at			-0.556	1.657
33563_s_at	COL4A3	collagen type IV alpha 3 chain	-0.569	1.818
33564_at	AFM	afamin	1.571	6.201
33566_at	ZNF169	zinc finger protein 169	-0.311	2.8
33569_at	CLEC10A	C-type lectin domain family 10 member A	-0.333	2.113
33576_at	SLITRK5	SLIT and NTRK like family member 5	-0.419	2.171
33580_r_at	GALR3	galanin receptor 3	-0.516	5.414
33581_at	RBMS3	RNA binding motif single stranded interacting protein 3	-0.263	2.147
33583_r_at	RBMS3	RNA binding motif single stranded interacting protein 3	-0.705	6.532
33589_at			-0.565	4.544
33592_at	ZBTB7B	zinc finger and BTB domain containing 7B	-0.433	2.664
33593_at	CDY1B///CDY2B///CDY2A///CDY1	chromodomain Y-linked 1B///chromodomain Y-linked 2B///chromodomain Y-linked 2A///chromodomain Y-linked 1	-0.6	2.98
33597_at	ZNF132	zinc finger protein 132	-0.303	1.834
33599_at	RAB30	RAB30, member RAS oncogene family	-0.642	2.606
335_r_at	SF3A2	splicing factor 3a subunit 2	-1.003	7.058
33600_at	GRAP	GRB2-related adaptor protein	-0.256	2.019
33603_at	ABCD1	ATP binding cassette subfamily D member 1	-0.329	1.761
33604_at	IRS4	insulin receptor substrate 4	-0.69	5.872
33607_at	HTR1E	5-hydroxytryptamine receptor 1E	-0.344	2.285
33608_at	LY6G6F///LY6G6D	lymphocyte antigen 6 complex, locus G6F///lymphocyte antigen 6 complex, locus G6D	-0.419	3.694
33611_g_at	CLDN8	claudin 8	1.181	5.155
33615_at	OR1E1	olfactory receptor family 1 subfamily E member 1	-0.303	2.011
33617_s_at	ZBTB25	zinc finger and BTB domain containing 25	-1.055	9.132
33620_at	HOXB3	homeobox B3	-0.427	4.718
33621_at	HNF1B	HNF1 homeobox B	-0.468	2.519
33627_at	PIK3CD	phosphatidylinositol-4,5-bisphosphate 3-kinase catalytic subunit delta	-0.387	2.206
33628_g_at	PIK3CD	phosphatidylinositol-4,5-bisphosphate 3-kinase catalytic subunit delta	-0.649	4.003
33631_at	TXNL4A	thioredoxin like 4A	1.1	6.162
33633_at	PPAN-P2RY11///P2RY11	PPAN-P2RY11 readthrough///purinergic receptor P2Y11	-0.36	2.903
33636_at	CTAG1A///CTAG1B	cancer/testis antigen 1A///cancer/testis antigen 1B	-0.507	4.701
33640_at	AIF1	allograft inflammatory factor 1	-0.315	2.171
33648_at	ERICH1	glutamate rich 1	-0.354	2.705
33650_at	DDX27	DEAD-box helicase 27	-0.692	2.405
33653_at	MYF5	myogenic factor 5	-1.042	3.304
33658_at	ZNF124	zinc finger protein 124	0.544	2.199
33661_at	FAM69A	family with sequence similarity 69 member A	0.298	2.225
33665_s_at	CSF2RA	colony stimulating factor 2 receptor alpha subunit	-0.635	2.22
33666_at	HNRNPC	heterogeneous nuclear ribonucleoprotein C (C1/C2)	0.71	2.417
33669_at	RFX4	regulatory factor X4	-0.519	1.764
33678_i_at	TUBB4B	tubulin beta 4B class IVb	0.491	2.447
33680_f_at	GAGE10///GAGE12D///GAGE8///GAGE12F///GAGE2A///GAGE12H///GAGE12E///GAGE12B///GAGE12C///GAGE2D///GAGE12J///GAGE12G///GAGE13///GAGE2E///GAGE12I///GAGE7///GAGE6///GAGE5///GAGE4///GAGE2C///GAGE1	G antigen 10///G antigen 12D///G antigen 8///G antigen 12F///G antigen 2A///G antigen 12H///G antigen 12E///G antigen 12B///G antigen 12C///G antigen 2D///G antigen 12J///G antigen 12G///G antigen 13///G antigen 2E///G antigen 12I///G antigen 7///G antigen 6///G antigen 5///G antigen 4///G antigen 2C///G antigen 1	-0.563	2.06
33683_at	TUG1	taurine up-regulated 1 (non-protein coding)	0.436	2.062
33688_at	GBX2	gastrulation brain homeobox 2	-0.507	2.446
33690_at	LONRF1	LON peptidase N-terminal domain and ring finger 1	0.499	1.996
33691_at	SPATA31C2	SPATA31 subfamily C member 2	-0.467	2.19
33692_at			-0.508	1.765
33696_at	CBARP	CACN beta subunit associated regulatory protein	-0.402	2.408
33697_at	P2RX7	purinergic receptor P2X 7	-0.592	6.083
33699_at	PGC	progastricsin	-0.381	2.223
33700_at	SPRY2	sprouty RTK signaling antagonist 2	0.661	3.854
33701_at	LOC101929036///PAH	uncharacterized LOC101929036///phenylalanine hydroxylase	1.189	2.458
33704_at	URB1	URB1 ribosome biogenesis 1 homolog (S. cerevisiae)	-0.625	2.33
33706_at	SART1	squamous cell carcinoma antigen recognized by T-cells 1	0.56	3.066
33716_at	RAB22A	RAB22A, member RAS oncogene family	0.524	2.408
33719_at	SYNPO	synaptopodin	-0.664	2.738
33720_at	PNO1	partner of NOB1 homolog	0.716	3.11
33721_at	ABCC2	ATP binding cassette subfamily C member 2	0.582	2.492
33724_at	BRCA1	BRCA1, DNA repair associated	-0.311	1.683
33725_at	MAP1A	microtubule associated protein 1A	-0.413	2.763
33727_r_at	RTEL1-TNFRSF6B///TNFRSF6B	RTEL1-TNFRSF6B readthrough (NMD candidate)///TNF receptor superfamily member 6b	-0.853	5.523
33729_at	SLC25A14	solute carrier family 25 member 14	-0.396	2.924
33732_at	AP4M1	adaptor related protein complex 4 mu 1 subunit	-0.478	3.64
33735_at	SEZ6L	seizure related 6 homolog like	-0.402	2.412
33736_at	STOML1	stomatin like 1	-0.362	1.715
33738_r_at	ST20-MTHFS///ST20///MTHFS	ST20-MTHFS readthrough///suppressor of tumorigenicity 20///5,10-methenyltetrahydrofolate synthetase (5-formyltetrahydrofolate cyclo-ligase)	-0.739	5.604
33742_f_at	ATP6V1H	ATPase H+ transporting V1 subunit H	-0.781	1.862
33749_at	TP53TG1	TP53 target 1 (non-protein coding)	0.488	2.677
33752_at	IVNS1ABP	influenza virus NS1A binding protein	0.614	2.377
33753_at	DAAM1	dishevelled associated activator of morphogenesis 1	0.93	3.926
33761_s_at	FAM91A1///LINC00869	family with sequence similarity 91 member A1///long intergenic non-protein coding RNA 869	1.097	5.54
33762_r_at	LINC00869	long intergenic non-protein coding RNA 869	-0.443	3.182
33765_at			-1.023	1.831
33766_at	VIPR1	vasoactive intestinal peptide receptor 1	-0.248	2.231
33767_at	NEFH	neurofilament heavy polypeptide	-0.475	1.948
33768_at	DMWD	dystrophia myotonica, WD repeat containing	-0.736	5.98
33769_at	MPZL1	myelin protein zero like 1	0.542	1.859
33770_at	CHUK	conserved helix-loop-helix ubiquitous kinase	0.727	2.71
33776_at	RWDD3	RWD domain containing 3	0.701	2.803
33777_at	TBXAS1	thromboxane A synthase 1	-0.797	3.68
33778_at	TBC1D22A	TBC1 domain family member 22A	0.206	1.715
33779_at	VAMP1	vesicle associated membrane protein 1	-0.421	2.139
33781_s_at	UBE2M	ubiquitin conjugating enzyme E2 M	0.368	3.813
33782_r_at	UBE2M	ubiquitin conjugating enzyme E2 M	-0.481	4.019
33788_at	ENTPD4	ectonucleoside triphosphate diphosphohydrolase 4	0.671	3.505
33791_at	DLEU1	deleted in lymphocytic leukemia 1	1.153	7.14
33793_at	TCF20	transcription factor 20	-0.613	1.734
33794_g_at	TCF20	transcription factor 20	-0.217	1.968
33795_at	TCF20	transcription factor 20	-0.302	1.902
33798_at	SMG6	SMG6, nonsense mediated mRNA decay factor	-0.364	3.242
33799_at	SIAH2	siah E3 ubiquitin protein ligase 2	0.394	1.806
33800_at	ADCY9	adenylate cyclase 9	0.322	2.681
33805_at	CEP350	centrosomal protein 350	1.064	7.632
33809_at	GNAI1	G protein subunit alpha i1	0.642	2.366
33810_at	TRRAP	transformation/transcription domain associated protein	1.222	5.547
33811_at	DYX1C1-CCPG1///CCPG1	DYX1C1-CCPG1 readthrough (NMD candidate)///cell cycle progression 1	0.435	3.395
33812_at	ADAM19	ADAM metallopeptidase domain 19	-0.742	2.812
33814_at	PAK4	p21 (RAC1) activated kinase 4	-0.348	3.373
33816_at	MYO9B	myosin IXB	-0.86	2.42
33817_at	HNRNPA3	heterogeneous nuclear ribonucleoprotein A3	0.686	3.027
33818_at	VCP	valosin containing protein	-0.205	1.863
33821_at	ELOVL5	ELOVL fatty acid elongase 5	1.03	2.823
33825_at	SERPINA3	serpin family A member 3	-0.533	4.068
33826_at	CIZ1	CDKN1A interacting zinc finger protein 1	-0.417	2.726
33828_at	SMARCE1	SWI/SNF related, matrix associated, actin dependent regulator of chromatin, subfamily e, member 1	0.521	1.716
33830_at	LEPROT	leptin receptor overlapping transcript	1.196	5.326
33831_at	CREBBP	CREB binding protein	1.175	1.819
33834_at	CXCL12	C-X-C motif chemokine ligand 12	0.795	2.504
33835_at	TSPYL4	TSPY like 4	1.397	7.087
33836_at	LOC101060275///NPIPA8///NPIPA7///NPIPB9///NPIPA5///NPIPB5///NPIPB11///NPIPB6///NPIPB8///NPIPA2///NPIPA3///LOC613037///NPIPB4///PKD1P1///PDXDC2P///NPIPB3///NPIPA1	putative NPIP-like protein LOC613037///nuclear pore complex interacting protein family member A8///nuclear pore complex interacting protein family member A7///nuclear pore complex interacting protein family member B9///nuclear pore complex interacting protein family member A5///nuclear pore complex interacting protein family member B5///nuclear pore complex interacting protein family member B11///nuclear pore complex interacting protein family member B6///nuclear pore complex interacting protein family member B8///nuclear pore complex interacting protein family member A2///nuclear pore complex interacting protein family member A3///nuclear pore complex interacting protein member///nuclear pore complex interacting protein family member B4///polycystin 1, transient receptor potential channel interacting pseudogene 1///pyridoxal dependent decarboxylase domain containing 2, pseudogene///nuclear pore complex interacting protein family member B3///nuclear pore complex interacting protein family member A1	1.045	4.671
33837_at	SRP72	signal recognition particle 72	0.973	4.869
33841_at	FAM214B	family with sequence similarity 214 member B	-0.283	2.646
33842_at	FAM214B	family with sequence similarity 214 member B	-0.437	2.738
33843_g_at	FAM214B	family with sequence similarity 214 member B	-0.469	3.804
33845_at			1.217	3.99
33846_at			-0.523	3.172
33847_s_at	CDKN1B	cyclin dependent kinase inhibitor 1B	1.272	4.918
33848_r_at	CDKN1B	cyclin dependent kinase inhibitor 1B	0.66	2.365
33851_at	CFAP20	cilia and flagella associated protein 20	-0.331	2.169
33852_at	TIA1	TIA1 cytotoxic granule-associated RNA binding protein	0.95	4.311
33853_s_at	NRP2	neuropilin 2	-0.526	6.271
33854_at	ATP6V1D	ATPase H+ transporting V1 subunit D	0.754	2.416
33855_at	GRB2	growth factor receptor bound protein 2	0.988	3.681
33856_at	FAM127A	family with sequence similarity 127 member A	1.128	6.729
33859_at	SAP18	Sin3A associated protein 18	0.708	2.041
33863_at	HYOU1	hypoxia up-regulated 1	-0.441	2.629
33865_at	ZMYND11	zinc finger MYND-type containing 11	1.554	4.877
33867_s_at	RBMS1	RNA binding motif single stranded interacting protein 1	-1.051	5.146
33868_at	POLDIP3	DNA polymerase delta interacting protein 3	-0.405	2.439
33869_at	STAT5B	signal transducer and activator of transcription 5B	-0.314	2.028
33870_at	KDM3B	lysine demethylase 3B	-0.278	1.727
33873_at	VPS72	vacuolar protein sorting 72 homolog	0.215	1.858
33874_at	ATP6V0E1	ATPase H+ transporting V0 subunit e1	-0.84	6.548
33876_at	WWTR1	WW domain containing transcription regulator 1	1.327	3.165
33877_s_at	MTDH	metadherin	1.191	7.543
33878_at	EFHD1	EF-hand domain family member D1	0.766	1.944
33880_at	ACSL3	acyl-CoA synthetase long-chain family member 3	1.159	6.517
33881_at	ACSL3	acyl-CoA synthetase long-chain family member 3	1.084	6.489
33886_at	ABI1	abl interactor 1	1.322	4.293
33892_at	PKP2	plakophilin 2	0.642	2.689
33894_at	NET1	neuroepithelial cell transforming 1	1.635	5.434
33895_at	SH3YL1	SH3 and SYLF domain containing 1	1.278	3.528
33896_at	EP300	E1A binding protein p300	-0.713	3.037
338_at	ATF6	activating transcription factor 6	-0.322	3.618
33900_at	FSTL3	follistatin like 3	-0.474	2.559
33901_at	SLC29A1	solute carrier family 29 member 1 (Augustine blood group)	0.396	2.977
33903_at	MIR637///DAPK3	microRNA 637///death associated protein kinase 3	-0.335	3.126
33905_at	MBD2	methyl-CpG binding domain protein 2	0.77	4.077
33907_at	EIF4G3	eukaryotic translation initiation factor 4 gamma 3	0.388	1.732
33909_at	SF3B4	splicing factor 3b subunit 4	-0.492	3.181
33910_at	PTPRD	protein tyrosine phosphatase, receptor type D	1.626	5.104
33911_at	PTPRD	protein tyrosine phosphatase, receptor type D	0.411	1.827
33912_at	ZMPSTE24	zinc metallopeptidase STE24	0.935	4.604
33914_r_at	FECH	ferrochelatase	1.44	4.298
33915_at	SETD3	SET domain containing 3	0.584	3.771
33916_at	NISCH	nischarin	0.503	3.094
33917_at	EPB41L1	erythrocyte membrane protein band 4.1 like 1	0.498	2.671
33923_s_at	PRDM2	PR/SET domain 2	-0.632	2.14
33930_at	SCFD1	sec1 family domain containing 1	1.257	6.051
33932_at	GSPT1	G1 to S phase transition 1	0.466	3.684
33934_at	SENP6	SUMO1/sentrin specific peptidase 6	0.736	3.031
33936_at	GALC	galactosylceramidase	1.216	4.284
33939_at	KCNA1	potassium voltage-gated channel subfamily A member 1	-0.349	3.022
33944_at	APLP2	amyloid beta precursor like protein 2	0.894	3.459
33945_at	CD40LG	CD40 ligand	-0.589	3.932
33947_at	GPR3	G protein-coupled receptor 3	-0.575	5.232
33948_at	CRHR2	corticotropin releasing hormone receptor 2	-0.499	3.781
33949_at	CRHR2	corticotropin releasing hormone receptor 2	-0.557	2.373
33950_g_at	CRHR2	corticotropin releasing hormone receptor 2	-0.451	1.931
33953_at			-0.53	3.062
33960_s_at	CACNA1B	calcium voltage-gated channel subunit alpha1 B	-0.446	2.235
33963_at	AZU1	azurocidin 1	-0.4	2.416
33964_at	CRYGC	crystallin gamma C	-0.511	4.096
33967_at	HLA-DOA	major histocompatibility complex, class II, DO alpha	-0.295	2.254
33968_at	MKRN3	makorin ring finger protein 3	-0.537	2.955
33969_at	IFNW1	interferon omega 1	-0.537	2.406
33970_at	MAGEB1	MAGE family member B1	-0.585	3.117
33974_at	RASL10A	RAS like family 10 member A	-0.527	2.684
33976_at	ONECUT1	one cut homeobox 1	-0.813	3.01
33979_at	RNASE3	ribonuclease A family member 3	-0.626	3.533
33980_at	PFKFB1	6-phosphofructo-2-kinase/fructose-2,6-biphosphatase 1	-0.884	2.815
33982_f_at	ZNF43	zinc finger protein 43	0.863	4.219
33983_at	CD101	CD101 molecule	-0.446	4.433
33986_r_at	HSP90AB1	heat shock protein 90 alpha family class B member 1	0.615	2.747
33996_at	NMBR	neuromedin B receptor	-0.587	5.26
339_at	CAV2	caveolin 2	1.228	3.743
34001_at	ZNF204P	zinc finger protein 204, pseudogene	0.714	4.759
34010_at	ARHGAP22	Rho GTPase activating protein 22	-0.629	4.628
34017_s_at	ABCC1	ATP binding cassette subfamily C member 1	-0.464	2.551
34024_at	CLCN5	chloride voltage-gated channel 5	0.475	3.689
34026_at	LINC00563	long intergenic non-protein coding RNA 563	-0.661	3.943
34028_at	GPR19	G protein-coupled receptor 19	-0.558	1.882
34030_at	TULP1	tubby like protein 1	-0.39	3.86
34031_i_at	KRIT1	KRIT1, ankyrin repeat containing	2.305	6.12
34036_at	UHRF2	ubiquitin like with PHD and ring finger domains 2	-0.581	4.721
34037_at	IL9	interleukin 9	-0.393	1.818
34038_at	SLC6A13	solute carrier family 6 member 13	0.503	2.73
34039_at	NCR1	natural cytotoxicity triggering receptor 1	-0.453	1.657
34040_s_at	NCR1	natural cytotoxicity triggering receptor 1	-0.416	2.043
34041_at	CCL22	C-C motif chemokine ligand 22	-0.471	3.125
34042_at	CHAD	chondroadherin	-0.291	2.307
34045_at	CT62	cancer/testis antigen 62	-0.925	1.818
34048_at	GK2	glycerol kinase 2	-0.357	2.667
34049_at			-0.479	2.964
34051_at	LRCH1	leucine rich repeats and calponin homology domain containing 1	-0.589	3.199
34053_at	ZPBP	zona pellucida binding protein	-0.541	2.371
34054_at	CD70	CD70 molecule	-0.365	1.839
34055_at	ACVR1B	activin A receptor type 1B	-0.377	1.893
34059_at	MIR1204///PVT1	microRNA 1204///Pvt1 oncogene (non-protein coding)	-0.332	2.062
34061_at	MIR1204///PVT1	microRNA 1204///Pvt1 oncogene (non-protein coding)	-0.414	3.272
34062_at	ETV2	ETS variant 2	-0.47	3.295
34066_at	H6PD	hexose-6-phosphate dehydrogenase/glucose 1-dehydrogenase	-0.545	2.93
34068_f_at	SSX1	SSX family member 1	-0.781	2.737
34070_s_at	PDIA2	protein disulfide isomerase family A member 2	-0.439	3.482
34071_at			-0.317	3.694
34072_s_at			-0.557	2.551
34077_at	CXCR3	C-X-C motif chemokine receptor 3	-0.4	2.366
34080_at	NAALADL1	N-acetylated alpha-linked acidic dipeptidase-like 1	-0.321	2.204
34082_at	SSH1	slingshot protein phosphatase 1	0.354	3.331
34086_at	S1PR2	sphingosine-1-phosphate receptor 2	-0.28	2.189
34087_at	KCNK2	potassium two pore domain channel subfamily K member 2	-0.408	2.053
34090_at	B3GALT4	beta-1,3-galactosyltransferase 4	-0.435	3.344
34093_at	IGHG1///IGHD///IGHA2///IGH	immunoglobulin heavy constant gamma 1 (G1m marker)///immunoglobulin heavy constant delta///immunoglobulin heavy constant alpha 2 (A2m marker)///immunoglobulin heavy locus	-0.406	3.015
34099_f_at	YARS2	tyrosyl-tRNA synthetase 2	0.994	1.926
340_at	MATN3	matrilin 3	-0.497	3.717
34100_at			-0.44	2.252
34102_at	LCN1	lipocalin 1	-0.536	4.514
34107_at	PFKFB2	6-phosphofructo-2-kinase/fructose-2,6-biphosphatase 2	-0.58	1.835
34119_at	DNAJC22	DnaJ heat shock protein family (Hsp40) member C22	-0.74	2.056
34122_at	CSN2	casein beta	-0.414	3.317
34125_at	NR2E1	nuclear receptor subfamily 2 group E member 1	-0.441	2.925
34127_at	SLC22A13	solute carrier family 22 member 13	-0.264	1.892
34128_at	B3GALT5	beta-1,3-galactosyltransferase 5	-0.437	4.17
34129_at	STXBP5L	syntaxin binding protein 5 like	-0.409	2.543
34130_at	STXBP5L	syntaxin binding protein 5 like	-0.451	4.31
34131_at	SLC7A11	solute carrier family 7 member 11	-0.343	1.957
34137_at	OR2H1	olfactory receptor family 2 subfamily H member 1	-0.727	2.673
34138_at	GNAO1	G protein subunit alpha o1	-0.469	2.438
34139_at	SSTR4	somatostatin receptor 4	-0.533	5.803
34143_at	CHRNA1	cholinergic receptor nicotinic alpha 1 subunit	-0.423	1.857
34151_at	CCDC9	coiled-coil domain containing 9	-0.51	5.818
34152_at	SAG	S-antigen visual arrestin	-0.434	2.475
34154_at	CHRNB2	cholinergic receptor nicotinic beta 2 subunit	-0.325	2.81
34156_i_at	HIST1H2BN///HIST1H2AL	histone cluster 1, H2bn///histone cluster 1, H2al	-0.381	1.937
34157_f_at	HIST1H2AL	histone cluster 1, H2al	-0.332	4.586
34159_at	ERVW-1	endogenous retrovirus group W member 1	-0.794	2.982
34160_at	ACTG1///ACTB	actin gamma 1///actin beta	0.971	3.023
34161_at	LPO	lactoperoxidase	-0.321	2.113
34162_at	RBPMS	RNA binding protein with multiple splicing	0.886	6.221
34163_g_at	RBPMS	RNA binding protein with multiple splicing	1.505	7.287
34165_at	NKX2-8	NK2 homeobox 8	-0.282	2.015
34166_at	SLC6A7	solute carrier family 6 member 7	-0.318	1.902
34173_s_at	CNTN5	contactin 5	-0.378	2.392
34174_s_at	ADGRL2	adhesion G protein-coupled receptor L2	0.334	2.139
34179_at	ZBTB22	zinc finger and BTB domain containing 22	-0.486	2.722
34181_at	AGA	aspartylglucosaminidase	1.167	5.516
34188_at	ATP2B1	ATPase plasma membrane Ca2+ transporting 1	0.97	4.547
34191_at	DCP2	decapping mRNA 2	0.422	2.218
34193_at	CHL1	cell adhesion molecule L1 like	0.733	4.001
34194_at	CLIC5	chloride intracellular channel 5	1.653	4.479
34198_at	PTPN13	protein tyrosine phosphatase, non-receptor type 13	1.793	6.729
34199_at	SEC24A	SEC24 homolog A, COPII coat complex component	0.772	1.787
341_at	PTAFR	platelet activating factor receptor	-0.864	7.459
34202_at	NECTIN3	nectin cell adhesion molecule 3	0.777	6.649
34205_at			-0.439	2.368
34208_at	SLC12A5	solute carrier family 12 member 5	-0.546	1.795
34209_at	ITPKC	inositol-trisphosphate 3-kinase C	-0.251	1.893
34215_at	AKAP17A	A-kinase anchoring protein 17A	0.718	2.796
34218_at	LOC100996693///SPEG	CAVP-target protein-like///SPEG complex locus	-0.348	1.695
34219_at	INSL4	insulin like 4	-0.509	3.642
34220_at	SFMBT1	Scm-like with four mbt domains 1	0.683	4.353
34222_at	BRINP2	BMP/retinoic acid inducible neural specific 2	-0.352	2.581
34226_at	MAP4K5	mitogen-activated protein kinase kinase kinase kinase 5	0.366	2.699
34227_i_at	PRG4	proteoglycan 4	-0.662	3.367
34235_at	ADGRF5	adhesion G protein-coupled receptor F5	0.623	1.761
34238_at	IGSF1	immunoglobulin superfamily member 1	-0.37	1.803
34239_at	N4BP2L1	NEDD4 binding protein 2 like 1	0.415	2.641
34240_s_at	N4BP2L1	NEDD4 binding protein 2 like 1	-0.681	4.658
34243_i_at	L3MBTL1	l(3)mbt-like 1 (Drosophila)	-1.011	2.002
34244_r_at	L3MBTL1	l(3)mbt-like 1 (Drosophila)	-1.033	2.365
34245_at	PXDC1	PX domain containing 1	-0.473	2.315
34249_at	EPM2A	epilepsy, progressive myoclonus type 2A, Lafora disease (laforin)	-0.697	3.377
34250_at	IQSEC3	IQ motif and Sec7 domain 3	-0.43	4.021
34254_at	RALGDS	ral guanine nucleotide dissociation stimulator	-0.587	4.025
34256_at	ST3GAL5	ST3 beta-galactoside alpha-2,3-sialyltransferase 5	0.258	2.133
34257_at	MAGI2	membrane associated guanylate kinase, WW and PDZ domain containing 2	0.722	5.338
34263_s_at	DIAPH2	diaphanous related formin 2	-0.76	3.124
34267_r_at	LEPROT///LEPR	leptin receptor overlapping transcript///leptin receptor	0.39	1.783
34270_at	LSM5	LSM5 homolog, U6 small nuclear RNA and mRNA degradation associated	0.608	1.857
34274_at	SCAF8	SR-related CTD associated factor 8	1.161	5.784
34276_at	NINL	ninein like	0.776	4.749
34278_at	EIF1AX	eukaryotic translation initiation factor 1A, X-linked	1.2	5.779
34279_at	LOC102724250///NBPF25P///NBPF26///NBPF19///NBPF20///NBPF10///NBPF8///NBPF9///NBPF15///NBPF11///NBPF12///NBPF1///NBPF14	neuroblastoma breakpoint family member 1///neuroblastoma breakpoint family member 25, pseudogene///neuroblastoma breakpoint family member 26///neuroblastoma breakpoint family member 19///neuroblastoma breakpoint family member 20///neuroblastoma breakpoint family member 10///neuroblastoma breakpoint family member 8///neuroblastoma breakpoint family member 9///neuroblastoma breakpoint family member 15///neuroblastoma breakpoint family member 11///neuroblastoma breakpoint family member 12///neuroblastoma breakpoint family member 1///neuroblastoma breakpoint family member 14	1.73	3.43
34280_at	MIR452///MIR224///GABRE	microRNA 452///microRNA 224///gamma-aminobutyric acid type A receptor epsilon subunit	-0.516	3.89
34284_at	IFT88	intraflagellar transport 88	0.859	5.609
34289_f_at	MIR6884///MED24	microRNA 6884///mediator complex subunit 24	-0.186	1.698
34292_at	TMEM187	transmembrane protein 187	-0.605	4.222
34293_at	KIFC3	kinesin family member C3	-0.328	2.901
34298_at	ITIH1	inter-alpha-trypsin inhibitor heavy chain 1	-0.364	2.054
34299_at	PATZ1	POZ/BTB and AT hook containing zinc finger 1	-0.442	4.293
34300_at	PATZ1	POZ/BTB and AT hook containing zinc finger 1	-0.474	3.368
34301_r_at	KRT17///JUP	keratin 17///junction plakoglobin	-0.933	6.265
34306_at	MBNL1	muscleblind like splicing regulator 1	0.621	1.752
34307_at	TM9SF2	transmembrane 9 superfamily member 2	0.706	3.057
34311_at	GLRX	glutaredoxin	0.735	2.206
34312_at	NCOA2	nuclear receptor coactivator 2	1.611	6.104
34314_at	RRM1	ribonucleotide reductase catalytic subunit M1	0.524	2.303
34316_at	RPS15A	ribosomal protein S15a	0.768	1.849
34321_i_at	FAM3C	family with sequence similarity 3 member C	1.337	4.335
34323_at	COPS2	COP9 signalosome subunit 2	1.478	7.011
34324_at	CLN5	ceroid-lipofuscinosis, neuronal 5	0.937	3.891
34325_at	PQBP1	polyglutamine binding protein 1	-0.454	4.771
34326_at	COPB1	coatomer protein complex subunit beta 1	1.115	4.706
34327_at	HLTF	helicase like transcription factor	1.428	5.894
34328_s_at	HLTF	helicase like transcription factor	0.582	3.385
34329_at	PAK2	p21 (RAC1) activated kinase 2	1	3.68
34330_at	COX7A2L	cytochrome c oxidase subunit 7A2 like	0.697	3.347
34331_at	EPHB1	EPH receptor B1	-0.439	3.261
34332_at	GNPDA1	glucosamine-6-phosphate deaminase 1	0.538	3.907
34334_at	EFNB2	ephrin B2	-0.661	2.452
34335_at	EFNB2	ephrin B2	0.536	2.294
34337_s_at	MTF2	metal response element binding transcription factor 2	0.494	2.462
34338_at	TBCB	tubulin folding cofactor B	0.764	3.452
34341_at	PPAT	phosphoribosyl pyrophosphate amidotransferase	-0.538	2.601
34343_at	STAR	steroidogenic acute regulatory protein	-0.797	5.108
34346_at	PRKAG1	protein kinase AMP-activated non-catalytic subunit gamma 1	0.526	4.416
34349_at	SEC63	SEC63 homolog, protein translocation regulator	0.995	5.637
34350_at	CLIP1	CAP-Gly domain containing linker protein 1	0.38	2.549
34351_at	PLCG1	phospholipase C gamma 1	-0.438	3.857
34352_at	PCBD1	pterin-4 alpha-carbinolamine dehydratase 1	0.593	3.776
34353_at	PDS5A	PDS5 cohesin associated factor A	0.673	3.423
34355_at	MECP2	methyl-CpG binding protein 2	1.379	10.711
34364_at	PPIE	peptidylprolyl isomerase E	-0.207	1.759
34365_at	PPIE	peptidylprolyl isomerase E	-0.531	2.308
34368_at	HDAC2	histone deacetylase 2	0.969	5.084
34369_at	MFN2	mitofusin 2	0.448	3.504
34370_at	ARCN1	archain 1	0.752	3.351
34376_at	PKIG	protein kinase (cAMP-dependent, catalytic) inhibitor gamma	0.605	2.794
34383_at	USP1	ubiquitin specific peptidase 1	1.204	7.054
34385_at	SDHC	succinate dehydrogenase complex subunit C	0.885	3.587
34387_at	LPGAT1	lysophosphatidylglycerol acyltransferase 1	1.292	4.387
34389_at	COL14A1	collagen type XIV alpha 1 chain	-0.549	3.889
34390_at	LOC101927705///P4HA2	uncharacterized LOC101927705///prolyl 4-hydroxylase subunit alpha 2	0.677	4.242
34392_s_at	RAB1A	RAB1A, member RAS oncogene family	1.067	2.801
34393_r_at	RAB1A	RAB1A, member RAS oncogene family	1.432	4.003
34394_at	ADNP	activity dependent neuroprotector homeobox	0.617	3.402
34397_at	LUC7L3	LUC7 like 3 pre-mRNA splicing factor	1.239	7.183
34398_at	HSPH1	heat shock protein family H (Hsp110) member 1	-0.395	1.802
343_s_at	ENPP1	ectonucleotide pyrophosphatase/phosphodiesterase 1	0.743	4.782
34401_at	UQCRFS1	ubiquinol-cytochrome c reductase, Rieske iron-sulfur polypeptide 1	0.751	1.864
34402_at	STRAP	serine/threonine kinase receptor associated protein	1.185	3.803
34411_at	PAPSS1	3'-phosphoadenosine 5'-phosphosulfate synthase 1	1.407	7.724
34412_s_at	SEPT5-GP1BB///SEPT5///GP1BB	SEPT5-GP1BB readthrough///septin 5///glycoprotein Ib platelet beta subunit	-0.612	4.991
34414_at	KIAA0368	KIAA0368	-0.678	2.288
34416_at	CBL	Cbl proto-oncogene	-0.347	1.828
34417_at	DPY19L2P2	DPY19L2 pseudogene 2	0.913	3.759
34420_at	UCP3	uncoupling protein 3	-0.466	2.931
34422_r_at	UCP3	uncoupling protein 3	-0.602	2.62
34423_at	FAM149A	family with sequence similarity 149 member A	0.378	1.923
34426_at	MR1	major histocompatibility complex, class I-related	-0.56	3.216
34429_at	MADCAM1	mucosal vascular addressin cell adhesion molecule 1	-0.877	6.3
34434_at	CCL16	C-C motif chemokine ligand 16	-0.972	4.729
34437_at	TULP2	tubby like protein 2	-0.526	4.351
34444_at	TMEM257	transmembrane protein 257	-0.775	3.303
34445_at	RABGAP1L	RAB GTPase activating protein 1 like	0.442	3.217
34446_at	RABGAP1L	RAB GTPase activating protein 1 like	0.52	1.698
34447_at	CHRNA4	cholinergic receptor nicotinic alpha 4 subunit	-0.325	2.255
34454_r_at	APOC4-APOC2///APOC4///APOC2	APOC4-APOC2 readthrough (NMD candidate)///apolipoprotein C4///apolipoprotein C2	-0.621	2.689
34456_s_at	GLI2	GLI family zinc finger 2	-0.425	3.308
34458_at	S100A7	S100 calcium binding protein A7	-0.445	3.049
34461_at	SYCP1	synaptonemal complex protein 1	-1.041	4.538
34462_at	SCNN1D	sodium channel epithelial 1 delta subunit	-0.33	1.678
34466_at	HTR4	5-hydroxytryptamine receptor 4	-0.516	2.344
34468_at	HTR4	5-hydroxytryptamine receptor 4	-0.508	2.021
34470_at	TFEC	transcription factor EC	0.617	3.419
34472_at	FZD6	frizzled class receptor 6	0.678	3.394
34474_at	TMEM110	transmembrane protein 110	-0.406	4.202
34475_at			-0.47	6.051
34476_r_at	EREG	epiregulin	-0.723	3.295
34482_at	HAUS3	HAUS augmin like complex subunit 3	0.52	2.632
34485_r_at			-0.629	4.312
34486_at			-0.534	2.682
34487_at	ATXN3	ataxin 3	-0.789	1.73
34488_i_at	FSCN2	fascin actin-bundling protein 2, retinal	-0.478	4.035
34489_f_at	FSCN2	fascin actin-bundling protein 2, retinal	-0.649	6.05
34494_at	ADAMTS2	ADAM metallopeptidase with thrombospondin type 1 motif 2	-0.549	1.985
34495_r_at	SYNGR4	synaptogyrin 4	-1.221	4.965
34496_at	PIGL	phosphatidylinositol glycan anchor biosynthesis class L	-0.417	2.82
344_s_at	CNP	2',3'-cyclic nucleotide 3' phosphodiesterase	-0.524	3.962
34501_at	RUNX2	runt related transcription factor 2	-0.585	2.987
34504_at	SPP2	secreted phosphoprotein 2	-0.623	1.977
34508_r_at	LMTK2	lemur tyrosine kinase 2	-0.958	5.253
34509_at	MGAM	maltase-glucoamylase	0.99	2.408
34510_at	CDT1	chromatin licensing and DNA replication factor 1	-0.412	3.305
34511_s_at	SPATA31A5///SPATA31A3///SPATA31A1///SPATA31C2///SPATA31C1///SPATA31A6///SPATA31A7	SPATA31 subfamily A member 5///SPATA31 subfamily A member 3///SPATA31 subfamily A member 1///SPATA31 subfamily C member 2///SPATA31 subfamily C member 1///SPATA31 subfamily A member 6///SPATA31 subfamily A member 7	-0.534	4.54
34513_at	TSHR	thyroid stimulating hormone receptor	-0.497	4.309
34518_at	FSTL4	follistatin like 4	-0.798	5.727
34522_at			-0.447	5.347
34524_at	AJAP1	adherens junctions associated protein 1	-0.527	3.2
34525_at	TCL1B	T-cell leukemia/lymphoma 1B	-0.371	2.378
34530_at	LINC00847	long intergenic non-protein coding RNA 847	0.971	6.479
34533_at	TOM1L2	target of myb1 like 2 membrane trafficking protein	-0.353	3.321
34537_at	LOC100996843///KCNJ18///KCNJ12	ATP-sensitive inward rectifier potassium channel 12-like///potassium voltage-gated channel subfamily J member 18///potassium voltage-gated channel subfamily J member 12	-0.323	2.001
34540_at	GRIK3	glutamate ionotropic receptor kainate type subunit 3	-0.554	2.565
34541_at	CDR2L	cerebellar degeneration related protein 2 like	-0.501	3.683
34542_at	GAPDHS	glyceraldehyde-3-phosphate dehydrogenase, spermatogenic	-0.461	3.195
34545_at	CCDC88C	coiled-coil domain containing 88C	-0.353	1.854
34547_at	CELF3	CUGBP, Elav-like family member 3	-0.359	4.409
34549_g_at	CYP11B2///CYP11B1	cytochrome P450 family 11 subfamily B member 2///cytochrome P450 family 11 subfamily B member 1	-0.39	2.387
34552_at	GAST	gastrin	-0.632	2.675
34554_at	GLRA2	glycine receptor alpha 2	-0.998	5.198
34556_at	KRT9	keratin 9	-0.384	2.009
34558_at	OPRL1	opioid related nociceptin receptor 1	-0.379	2.851
34560_at	S100A5	S100 calcium binding protein A5	-0.383	2.12
34561_at	MS4A2	membrane spanning 4-domains A2	-0.556	1.864
34562_at	ZBTB6	zinc finger and BTB domain containing 6	0.834	3.972
34566_at	CALCB	calcitonin related polypeptide beta	-0.363	1.734
34568_at	KRT33B	keratin 33B	-0.508	1.762
34572_at	CA7	carbonic anhydrase 7	-0.516	4.467
34573_at	EFNA3	ephrin A3	-0.601	2.614
34578_at	SGCG	sarcoglycan gamma	-0.876	5.275
34580_at	OPRD1	opioid receptor delta 1	-0.27	1.875
34581_s_at	EPB41	erythrocyte membrane protein band 4.1	-0.412	2.001
34585_at	DLX2	distal-less homeobox 2	-0.498	2.843
34587_at	EPX	eosinophil peroxidase	-0.475	1.806
34589_f_at	AMELX	amelogenin, X-linked	-0.281	1.826
34590_at	CNTF	ciliary neurotrophic factor	-0.558	6.573
34594_at	USP6NL	USP6 N-terminal like	0.511	2.129
34595_at	MYO1A	myosin IA	-0.434	4.056
34597_at	CH17-360D5.1///NPY4R	neuropeptide Y receptor type 4-like///neuropeptide Y receptor Y4	-0.369	3.399
345_at	MGAT3	mannosyl (beta-1,4-)-glycoprotein beta-1,4-N-acetylglucosaminyltransferase	-0.555	4.209
34602_at	FCN2	ficolin 2	-0.55	3.877
34603_at	PDC	phosducin	-0.472	1.787
34605_at	ATF7	activating transcription factor 7	-0.631	2.739
34607_at	ICOS	inducible T-cell costimulator	-0.224	1.734
34612_at	S100G	S100 calcium binding protein G	-0.592	3.376
34616_at	F13B	coagulation factor XIII B chain	-0.471	2.291
34618_at	IHH	indian hedgehog	-0.298	2.05
34626_at	HIC1	hypermethylated in cancer 1	-0.406	2.985
34629_at	TP53I11	tumor protein p53 inducible protein 11	-0.376	2.169
34635_at	HTR7	5-hydroxytryptamine receptor 7	-0.828	1.69
34637_f_at	ADH1A	alcohol dehydrogenase 1A (class I), alpha polypeptide	1.087	3.458
34642_at	YWHAZ	tyrosine 3-monooxygenase/tryptophan 5-monooxygenase activation protein zeta	0.588	3.542
34647_at	MIR5047///MIR3064///DDX5	microRNA 5047///microRNA 3064///DEAD-box helicase 5	0.603	2.525
34648_at	SSR1	signal sequence receptor subunit 1	0.608	2.943
34651_at	COMT	catechol-O-methyltransferase	0.966	4.818
34652_at	NPAS1	neuronal PAS domain protein 1	-0.609	4.408
34653_at	RAPSN	receptor associated protein of the synapse	-0.406	2.564
34654_at	MTMR1	myotubularin related protein 1	1.162	5.991
34655_at	MPP2	membrane palmitoylated protein 2	-0.411	3.219
34656_at	MPP2	membrane palmitoylated protein 2	-0.524	4.747
34657_at	AKAP11	A-kinase anchoring protein 11	1.251	6.408
34658_at	PRM2	protamine 2	-0.449	4.195
34661_at	CLEC16A	C-type lectin domain family 16 member A	0.818	6.173
34662_at	MINA	MYC induced nuclear antigen	0.293	2.994
34664_at	FCGR2B	Fc fragment of IgG receptor IIb	-0.748	3.057
34667_at	NFX1	nuclear transcription factor, X-box binding 1	0.656	4.921
34672_at	TBC1D4	TBC1 domain family member 4	-0.398	2.146
34676_at	AGAP1	ArfGAP with GTPase domain, ankyrin repeat and PH domain 1	1.024	6.944
34677_f_at	CCDC144B///USP32P2///USP32P1///USP32///USP6	coiled-coil domain containing 144B (pseudogene)///ubiquitin specific peptidase 32 pseudogene 2///ubiquitin specific peptidase 32 pseudogene 1///ubiquitin specific peptidase 32///ubiquitin specific peptidase 6	1.051	2.814
34678_at	MYOF	myoferlin	0.918	2.598
34680_s_at	PSMD6	proteasome 26S subunit, non-ATPase 6	0.388	1.945
34683_at	CELF1	CUGBP, Elav-like family member 1	0.709	1.873
34684_at	RECQL	RecQ like helicase	0.953	4.33
34685_at	PYROXD1	pyridine nucleotide-disulphide oxidoreductase domain 1	0.632	2.008
34686_at	ADCY2	adenylate cyclase 2	-0.568	2.286
34688_at	CAMSAP2	calmodulin regulated spectrin associated protein family member 2	0.695	3.033
34689_at	ATRIP///TREX1	ATR interacting protein///three prime repair exonuclease 1	-0.569	5.59
34692_r_at	ARPC4	actin related protein 2/3 complex subunit 4	-0.842	7.673
34693_at	ST6GALNAC2	ST6 N-acetylgalactosaminide alpha-2,6-sialyltransferase 2	-0.333	2.616
34696_at	HIBCH	3-hydroxyisobutyryl-CoA hydrolase	2.08	5.089
34699_at	CD2AP	CD2 associated protein	1.659	7.825
34702_f_at	TPTEP1	transmembrane phosphatase with tensin homology pseudogene 1	0.336	2.232
34703_f_at	HHLA1	HERV-H LTR-associating 1	0.463	3.269
34705_at	TRAPPC3	trafficking protein particle complex 3	0.924	6.795
34706_at	MGA	MGA, MAX dimerization protein	-0.581	1.792
34710_r_at			-0.916	3.47
34712_at	DNMBP	dynamin binding protein	-0.686	8.992
34713_at	KIF3B	kinesin family member 3B	1.493	4.654
34715_at	FOXM1	forkhead box M1	-0.447	2.164
34716_at	SRSF10	serine and arginine rich splicing factor 10	0.475	3.126
34717_s_at	SRSF10	serine and arginine rich splicing factor 10	1.025	4.926
34718_at	IGF1R	insulin like growth factor 1 receptor	1.897	9.46
34719_at	GLS	glutaminase	1.025	2.677
34723_at	COX11	COX11, cytochrome c oxidase copper chaperone	1.063	4.806
34726_at	CACNB3	calcium voltage-gated channel auxiliary subunit beta 3	-0.559	1.905
34727_at	AHCYL1	adenosylhomocysteinase like 1	1.035	4.468
34728_g_at	AHCYL1	adenosylhomocysteinase like 1	1.342	5.708
34729_at	TRO	trophinin	-0.61	2.436
34731_at	PDCD11	programmed cell death 11	-0.509	4.717
34732_at	KIF5B	kinesin family member 5B	0.873	5.171
34734_at	LMAN1	lectin, mannose binding 1	1.132	7.065
34735_at	ROCK1	Rho associated coiled-coil containing protein kinase 1	-0.664	1.956
34736_at	CCNB1	cyclin B1	-0.35	1.962
34737_at	COG5	component of oligomeric golgi complex 5	-0.605	3.173
34738_at	MIR6778///SHMT1	microRNA 6778///serine hydroxymethyltransferase 1	0.997	4.884
34739_at	FNBP1L	formin binding protein 1 like	1.172	5.286
34743_at	SCRIB	scribbled planar cell polarity protein	0.23	1.74
34745_at	RAPGEF2	Rap guanine nucleotide exchange factor 2	1.108	5.599
34747_at	MMP14	matrix metallopeptidase 14	-0.517	3.186
34752_at	NEK7	NIMA related kinase 7	1.441	4.457
34753_at	VAMP7	vesicle associated membrane protein 7	0.91	4.077
34756_g_at	PARP2	poly(ADP-ribose) polymerase 2	0.686	6.134
34759_at	SLC30A1	solute carrier family 30 member 1	0.295	2.016
34760_at	LY75-CD302///CD302///LY75	LY75-CD302 readthrough///CD302 molecule///lymphocyte antigen 75	0.526	2.369
34761_r_at	ADAM9	ADAM metallopeptidase domain 9	0.692	1.999
34763_at	SMC3	structural maintenance of chromosomes 3	0.857	3.553
34766_r_at	SLC25A24	solute carrier family 25 member 24	1.475	1.94
34767_at	MOAP1	modulator of apoptosis 1	0.935	4.244
34768_at	TMX1	thioredoxin related transmembrane protein 1	0.878	4.276
34769_at	FAAH	fatty acid amide hydrolase	-0.264	2.115
34771_at	PLPP2	phospholipid phosphatase 2	-0.435	3.133
34773_at	TBCA	tubulin folding cofactor A	1.127	5.404
34774_at	PPT1	palmitoyl-protein thioesterase 1	0.955	2.943
34778_at	LRRC15	leucine rich repeat containing 15	-0.431	2.543
34781_at	DCTN6	dynactin subunit 6	0.898	3.676
34782_at	JARID2	jumonji and AT-rich interaction domain containing 2	-0.293	1.908
34783_s_at	BUB3	BUB3, mitotic checkpoint protein	0.597	4.261
34785_at	MED13L	mediator complex subunit 13 like	0.885	3.88
34786_at	KDM3A	lysine demethylase 3A	0.806	2.264
34791_at	SNORA29///TCP1	small nucleolar RNA, H/ACA box 29///t-complex 1	0.717	3.09
34792_at	AHCYL1	adenosylhomocysteinase like 1	0.934	3.541
34793_s_at	PLS3	plastin 3	1.489	4.406
34794_r_at	PLS3	plastin 3	-1.077	2.954
34795_at	PLOD2	procollagen-lysine,2-oxoglutarate 5-dioxygenase 2	1.077	3.491
34798_at	BAG1	BCL2 associated athanogene 1	0.773	4.606
34800_at	LRIG1	leucine rich repeats and immunoglobulin like domains 1	0.94	6.752
34804_at	SLC25A36	solute carrier family 25 member 36	1.036	6.47
34806_at	PTGDR2	prostaglandin D2 receptor 2	-0.603	4.833
34807_at	GLRX3	glutaredoxin 3	-0.682	1.988
34808_at	SIK3	SIK family kinase 3	0.45	5.466
34809_at	SIK3	SIK family kinase 3	0.828	3.036
34813_at	EIF1AX	eukaryotic translation initiation factor 1A, X-linked	1.103	4.442
34814_at	UBA2	ubiquitin like modifier activating enzyme 2	1.254	2.733
34816_at	EP400	E1A binding protein p400	-0.337	1.738
34817_s_at	ATXN2L	ataxin 2 like	-0.607	5.308
34821_at	CCDC28A	coiled-coil domain containing 28A	0.771	4.764
34822_at	TP53BP2	tumor protein p53 binding protein 2	0.679	4.328
34823_at	DPP4	dipeptidyl peptidase 4	1.335	4.396
34824_at	UBQLN2	ubiquilin 2	1.093	2.69
34825_at	TDP2	tyrosyl-DNA phosphodiesterase 2	1.176	3.749
34827_at	ULK1	unc-51 like autophagy activating kinase 1	-0.626	6.882
34828_at	POLR2I	RNA polymerase II subunit I	0.794	4.584
34832_s_at	IQSEC1	IQ motif and Sec7 domain 1	-0.302	2.06
34834_at	NUDCD3	NudC domain containing 3	-0.418	2.262
34835_at	NCSTN	nicastrin	0.416	2.895
34837_at	SPECC1L	sperm antigen with calponin homology and coiled-coil domains 1 like	0.51	3.064
34840_at	SERINC5	serine incorporator 5	1.033	4.071
34842_at	SNURF///SNRPN	SNRPN upstream reading frame///small nuclear ribonucleoprotein polypeptide N	0.898	1.926
34845_at	SAMM50	SAMM50 sorting and assembly machinery component	0.615	2.501
34846_at	CAMK2B	calcium/calmodulin dependent protein kinase II beta	-0.568	4.286
34848_at	FDFT1	farnesyl-diphosphate farnesyltransferase 1	0.502	2.589
34850_at	UBE2E3	ubiquitin conjugating enzyme E2 E3	0.944	4.803
34853_at	LOC100506718///FLRT2	uncharacterized LOC100506718///fibronectin leucine rich transmembrane protein 2	-0.713	1.969
34854_at	CIAPIN1	cytokine induced apoptosis inhibitor 1	0.904	6.997
34855_at	PAPOLA	poly(A) polymerase alpha	1.038	4.831
34856_at	DKK3	dickkopf WNT signaling pathway inhibitor 3	-0.609	3.433
34866_at	MGAT5	mannosyl (alpha-1,6-)-glycoprotein beta-1,6-N-acetyl-glucosaminyltransferase	0.43	2.732
34870_at	LDB3	LIM domain binding 3	-0.461	2.326
34871_at	CHMP7	charged multivesicular body protein 7	-0.451	2.536
34872_at	CHMP7	charged multivesicular body protein 7	-0.786	5.768
34873_at	NEBL	nebulette	0.639	2.943
34877_at	JAK1	Janus kinase 1	0.582	1.868
34878_at	SMC4	structural maintenance of chromosomes 4	0.749	2.726
34879_at	DPM1	dolichyl-phosphate mannosyltransferase subunit 1, catalytic	1.371	6.176
34884_at	CPS1	carbamoyl-phosphate synthase 1	-0.599	5.193
34885_at	SYNGR2	synaptogyrin 2	-0.71	2.59
34886_at	RDX	radixin	1.307	7.84
34887_at	RDX	radixin	1.457	4.69
34888_at	HEXB	hexosaminidase subunit beta	0.762	4.619
34889_at	ATP6V1A	ATPase H+ transporting V1 subunit A	1.013	3.709
34890_at	ATP6V1A	ATPase H+ transporting V1 subunit A	1.86	6.32
34892_at	TNFRSF10B	TNF receptor superfamily member 10b	-0.299	2.92
34894_r_at	PRSS22	protease, serine 22	-0.944	8.51
34895_at	SEC23IP	SEC23 interacting protein	0.802	8.048
348_at	KIFC1	kinesin family member C1	-0.565	4.419
34907_at	AATK	apoptosis associated tyrosine kinase	-0.453	2.774
34908_at	TTC30A	tetratricopeptide repeat domain 30A	0.582	3.151
34911_r_at	PHTF2	putative homeodomain transcription factor 2	-1.299	3.917
34913_at	CACNA1S	calcium voltage-gated channel subunit alpha1 S	-0.405	3.568
34914_at	PSTPIP1	proline-serine-threonine phosphatase interacting protein 1	-0.391	3.061
34916_s_at	TNFRSF4	TNF receptor superfamily member 4	-0.409	3.071
34917_at	TNFRSF4	TNF receptor superfamily member 4	-0.224	1.749
34919_at	CYTH3	cytohesin 3	-0.4	4.772
34920_at	AIRE	autoimmune regulator	-0.316	2.506
34921_at	SEC14L5	SEC14 like lipid binding 5	-0.437	2.785
34923_at	IQSEC2	IQ motif and Sec7 domain 2	-0.294	2.413
34926_at	CD1A	CD1a molecule	-0.496	3.901
34928_at	ZNF205	zinc finger protein 205	-0.505	3.621
34929_at	TNFRSF8	TNF receptor superfamily member 8	-0.299	2.078
34931_at	CPEB3	cytoplasmic polyadenylation element binding protein 3	-0.654	2.087
34936_at	SLC4A7	solute carrier family 4 member 7	0.729	3.186
34938_i_at	PP14571	uncharacterized LOC100130449	-0.599	2.068
34939_r_at	PP14571	uncharacterized LOC100130449	-0.66	2.079
34940_at	PLXDC2	plexin domain containing 2	1.049	4.321
34942_at	CNIH3	cornichon family AMPA receptor auxiliary protein 3	-0.763	1.762
34949_at	AAK1	AP2 associated kinase 1	-0.949	2.847
34959_at	FCER2	Fc fragment of IgE receptor II	-0.496	2.543
34971_at	RIBC2	RIB43A domain with coiled-coils 2	-0.389	2.729
34972_s_at	DNAH17	dynein axonemal heavy chain 17	-0.591	2.932
34977_at	SIGLEC7	sialic acid binding Ig like lectin 7	-0.485	2.113
34980_at	KDM4C	lysine demethylase 4C	-0.49	4.866
34982_at	CYP26A1	cytochrome P450 family 26 subfamily A member 1	-0.42	3.835
34983_at	CYP26A1	cytochrome P450 family 26 subfamily A member 1	-0.598	1.99
34984_at	TRPC3	transient receptor potential cation channel subfamily C member 3	-0.646	1.818
34987_s_at	HNRNPA1	heterogeneous nuclear ribonucleoprotein A1	1.21	6.314
34990_at	SETBP1	SET binding protein 1	0.572	3.484
34991_at	SGCD	sarcoglycan delta	-0.562	2.306
34992_g_at	SGCD	sarcoglycan delta	-0.457	2.723
34995_at	CALCRL	calcitonin receptor like receptor	0.441	2.853
34998_at	PRMT3	protein arginine methyltransferase 3	0.33	2.441
34999_at	NECTIN1	nectin cell adhesion molecule 1	-0.45	2.182
349_g_at	KIFC1	kinesin family member C1	-0.6	4.703
35003_at	KCTD20	potassium channel tetramerization domain containing 20	-0.465	2.182
35004_at	DHRS2	dehydrogenase/reductase 2	-0.632	4.482
35008_at	PER2	period circadian clock 2	0.744	4.54
35009_at	LRP2	LDL receptor related protein 2	1.422	5.255
35011_at	HECW1	HECT, C2 and WW domain containing E3 ubiquitin protein ligase 1	-0.496	2.61
35014_at	LOC100293211///IGHG1	uncharacterized LOC100293211///immunoglobulin heavy constant gamma 1 (G1m marker)	-0.703	5.11
35016_at	CD74	CD74 molecule	0.817	2.204
35019_at	ZNF254	zinc finger protein 254	0.553	2.953
35026_f_at	ZNF273	zinc finger protein 273	0.448	2.999
35032_at	PDE6C	phosphodiesterase 6C	-0.489	2.366
35036_at	CD93	CD93 molecule	-0.316	2.121
35039_at	DCUN1D4	defective in cullin neddylation 1 domain containing 4	0.567	1.907
35043_at	ERCC6	ERCC excision repair 6, chromatin remodeling factor	-0.271	1.883
35044_i_at	BMP8A	bone morphogenetic protein 8a	-0.558	2.285
35045_r_at	EVX1	even-skipped homeobox 1	-0.491	5.091
35046_at			-0.799	2.896
35047_at	RFX2	regulatory factor X2	-0.421	4.116
35049_g_at	GRIA3	glutamate ionotropic receptor AMPA type subunit 3	-0.573	2.647
35052_r_at			-0.595	2.033
35054_at			-0.636	3.396
35062_at	MYCNOS	MYCN opposite strand	-0.573	4.386
35063_at	HGFAC	HGF activator	-1.233	3.783
35064_at	TRIM31	tripartite motif containing 31	-0.468	2.284
35066_g_at	AGGF1	angiogenic factor with G-patch and FHA domains 1	0.957	9.71
35067_at	AGGF1	angiogenic factor with G-patch and FHA domains 1	1.249	12.349
35074_at	JRKL	JRK-like	0.461	2.373
35075_at	RPUSD2	RNA pseudouridylate synthase domain containing 2	-0.619	6.202
35081_at	FGF9	fibroblast growth factor 9	1.274	4.717
35082_at	ZIC3	Zic family member 3	-0.5	1.963
35086_at	SSUH2	ssu-2 homolog (C. elegans)	-0.305	2.329
35087_at			-0.504	6.065
35093_at	P2RX6	purinergic receptor P2X 6	-0.509	3.508
35094_f_at	LILRA3	leukocyte immunoglobulin like receptor A3	-0.364	2.164
35096_at	SLC1A6	solute carrier family 1 member 6	-0.398	3.461
350_at	VEZF1	vascular endothelial zinc finger 1	0.528	4.931
35100_at	ST8SIA3	ST8 alpha-N-acetyl-neuraminide alpha-2,8-sialyltransferase 3	-0.642	3.683
35104_r_at	LMO1	LIM domain only 1	-0.542	3.65
35108_at	BMS1P21///MBL1P	BMS1, ribosome biogenesis factor pseudogene 21///mannose binding lectin 1, pseudogene	-0.474	3.085
35112_at	RGS9	regulator of G-protein signaling 9	-0.45	3.751
35113_at	SLC22A1	solute carrier family 22 member 1	-0.455	2.679
35114_at	NR1I2	nuclear receptor subfamily 1 group I member 2	-0.658	4.366
35115_at	CDH22	cadherin 22	-0.595	2.71
35116_at	ANKRD12	ankyrin repeat domain 12	-0.475	1.662
35121_at	SLC6A6	solute carrier family 6 member 6	-0.48	1.983
35123_at	IPO8	importin 8	-0.431	2.211
35126_at	WASF2	WAS protein family member 2	-0.279	2.08
35127_at	HIST1H2AE	histone cluster 1, H2ae	-0.53	1.789
35131_at	IBSP	integrin binding sialoprotein	-0.792	2.133
35135_at	CCDC130	coiled-coil domain containing 130	-0.394	2.694
35136_at	NXT2	nuclear transport factor 2 like export factor 2	1.054	5.351
35139_at	ZNF248	zinc finger protein 248	0.588	4.332
35140_at	CDK8	cyclin dependent kinase 8	0.557	4.528
35143_at	FAM49A	family with sequence similarity 49 member A	-0.625	3.177
35144_at	ZC3H7B	zinc finger CCCH-type containing 7B	-0.559	3.631
35145_at	MNT	MAX network transcriptional repressor	0.492	2.11
35146_at	TGFB1I1	transforming growth factor beta 1 induced transcript 1	-0.417	3.164
35150_at	CD40	CD40 molecule	-0.284	1.771
35153_at	NBN	nibrin	1.347	3.512
35155_at	BTBD2	BTB domain containing 2	0.335	3.24
35156_at	R3HCC1	R3H domain and coiled-coil containing 1	-0.459	3.532
35162_s_at	ACVR2A	activin A receptor type 2A	0.67	6.816
35163_at	FOXJ3	forkhead box J3	1.011	6.443
35166_at	DSCR3	DSCR3 arrestin fold containing	0.306	1.778
35169_at	COL16A1	collagen type XVI alpha 1 chain	-0.65	6.081
35172_at	TPST2	tyrosylprotein sulfotransferase 2	0.404	2.536
35177_at	DDHD2	DDHD domain containing 2	1.45	7.282
35178_at	WIF1	WNT inhibitory factor 1	-0.99	4.378
35180_at	LARP4	La ribonucleoprotein domain family member 4	1.045	7.689
35183_at	ABCA3	ATP binding cassette subfamily A member 3	-0.496	2.71
35187_at	TRIM33	tripartite motif containing 33	0.675	4.52
35189_at	C2CD2L	C2CD2 like	-0.586	2.829
35192_at	GLDC	glycine decarboxylase	1.02	5.106
35193_at	RCBTB2	RCC1 and BTB domain containing protein 2	0.909	5.071
35195_at	RTCA	RNA 3'-terminal phosphate cyclase	0.88	8.53
35198_at	TMEM159	transmembrane protein 159	0.299	2.132
35199_at	WDR37	WD repeat domain 37	0.886	3.84
351_f_at	SRSF3	serine and arginine rich splicing factor 3	0.389	1.957
35200_at	HMGA2	high mobility group AT-hook 2	-0.326	2.212
35201_at	HNRNPL	heterogeneous nuclear ribonucleoprotein L	-0.774	1.964
35206_at	CEP250	centrosomal protein 250	-0.435	3.414
35207_at	SCNN1A	sodium channel epithelial 1 alpha subunit	0.539	2.379
35209_at	EPM2AIP1	EPM2A interacting protein 1	0.663	4.357
35212_at	RNF139	ring finger protein 139	1.009	4.117
35214_at	UGDH	UDP-glucose 6-dehydrogenase	0.802	6.44
35215_at	LARP7	La ribonucleoprotein domain family member 7	0.721	4.305
35220_at	ENPEP	glutamyl aminopeptidase	1.186	2.449
35221_at	PURA	purine rich element binding protein A	0.696	4.583
35223_at	HPS5	HPS5, biogenesis of lysosomal organelles complex 2 subunit 2	0.853	6.984
35229_at	CPT1A	carnitine palmitoyltransferase 1A	-0.271	1.953
35230_at	TICAM1	toll like receptor adaptor molecule 1	-0.29	1.792
35232_f_at	CETN3	centrin 3	0.369	2.457
35233_r_at	CETN3	centrin 3	0.554	2.859
35234_at	RECK	reversion inducing cysteine rich protein with kazal motifs	0.428	1.93
35237_at	COL21A1	collagen type XXI alpha 1 chain	-0.719	3.833
35241_at	ZNF518A	zinc finger protein 518A	0.408	2.098
35243_at	CDK18	cyclin dependent kinase 18	-0.39	2.922
35244_at	RPRD2	regulation of nuclear pre-mRNA domain containing 2	-0.271	2.348
35250_at	RNF24	ring finger protein 24	-0.489	3.568
35252_at	C2CD5	C2 calcium dependent domain containing 5	0.891	6.869
35255_at	IPO7	importin 7	0.652	2.909
35257_at	APOOL	apolipoprotein O like	0.598	1.804
35258_f_at	SCAF11	SR-related CTD associated factor 11	1.771	6.029
35259_s_at	SCAF11	SR-related CTD associated factor 11	1.743	6.653
35263_at	EIF4EBP2	eukaryotic translation initiation factor 4E binding protein 2	0.263	1.83
35264_at	NDUFS3	NADH:ubiquinone oxidoreductase core subunit S3	0.368	1.723
35267_g_at	BLCAP	bladder cancer associated protein	0.939	5.335
35268_at	MARCH7	membrane associated ring-CH-type finger 7	1.036	6.608
35271_at	ACTR3	ARP3 actin related protein 3 homolog	0.506	1.95
35273_at	MMS19	MMS19 homolog, cytosolic iron-sulfur assembly component	0.282	1.973
35282_r_at	CD81	CD81 molecule	0.584	2.465
35285_at	SLC4A4	solute carrier family 4 member 4	0.876	2.17
35286_r_at	SNRNP27	small nuclear ribonucleoprotein U4/U6.U5 subunit 27	1.035	4.571
35288_at	ARHGEF9	Cdc42 guanine nucleotide exchange factor 9	0.636	3.15
35290_at	YTHDF3	YTH N6-methyladenosine RNA binding protein 3	0.476	2.233
35291_at	BAG2	BCL2 associated athanogene 2	0.476	1.659
35294_at	TROVE2	TROVE domain family member 2	1.191	6.73
35295_g_at	TROVE2	TROVE domain family member 2	0.434	1.69
35296_at	GGPS1	geranylgeranyl diphosphate synthase 1	-0.324	2.112
35298_at	EIF3D	eukaryotic translation initiation factor 3 subunit D	0.509	2.435
35302_at	NXF1	nuclear RNA export factor 1	0.912	2.124
35304_at	WTH3DI///RAB6A	RAB6C-like///RAB6A, member RAS oncogene family	0.478	2.994
35306_at	DHX15	DEAH-box helicase 15	0.831	3.33
35307_at	GDI2	GDP dissociation inhibitor 2	0.984	3.95
35311_at	CREG1	cellular repressor of E1A stimulated genes 1	0.75	3.141
35315_at	ORM2///ORM1	orosomucoid 2///orosomucoid 1	-0.463	1.934
35316_at	RRAGA	Ras related GTP binding A	1.039	4.951
35317_at	MGEA5	meningioma expressed antigen 5 (hyaluronidase)	0.872	5.9
35319_at	CTCF	CCCTC-binding factor	1.115	8.032
35325_at	RAB14	RAB14, member RAS oncogene family	0.825	4.822
35330_at	FLNC	filamin C	-0.572	1.96
35331_at	CTNNAL1	catenin alpha like 1	-0.627	4.681
35332_at	APOB	apolipoprotein B	-0.588	5.689
35336_at	SUN2	Sad1 and UNC84 domain containing 2	0.487	3.279
35340_at	RAB8A	RAB8A, member RAS oncogene family	0.914	7.088
35341_at	TRIM38	tripartite motif containing 38	0.676	3.574
35342_at	HACD2	3-hydroxyacyl-CoA dehydratase 2	0.958	4.633
35343_at	GOT1	glutamic-oxaloacetic transaminase 1	0.797	4.282
35348_at	PRKAB1	protein kinase AMP-activated non-catalytic subunit beta 1	0.754	4.091
35351_at	RBM14-RBM4///RBM4	RBM14-RBM4 readthrough///RNA binding motif protein 4	0.686	4.86
35352_at	ARNT2	aryl hydrocarbon receptor nuclear translocator 2	0.431	2.123
35353_at	PSMC2	proteasome 26S subunit, ATPase 2	0.904	3.252
35356_at	MRFAP1L1	Morf4 family associated protein 1 like 1	0.751	4.909
35359_at	PUM2	pumilio RNA binding family member 2	0.733	6.114
35360_at	MICU1	mitochondrial calcium uptake 1	0.238	1.807
35362_at	MYO10	myosin X	0.635	2.833
35365_at	ILK	integrin linked kinase	0.296	2.094
35368_at	ZNF207	zinc finger protein 207	0.595	2.37
35371_at	LRBA	LPS responsive beige-like anchor protein	0.746	2.671
35379_at	COL9A1	collagen type IX alpha 1 chain	-0.722	6.286
35381_at	RTEL1	regulator of telomere elongation helicase 1	-0.41	3.613
35382_at	NOL3	nucleolar protein 3	-0.373	2.323
35387_r_at	ACHE	acetylcholinesterase (Cartwright blood group)	-0.83	5.87
35391_at	ADAM22	ADAM metallopeptidase domain 22	-0.822	3.798
35392_g_at	ADAM22	ADAM metallopeptidase domain 22	-0.396	1.897
35397_at	RAD51AP1	RAD51 associated protein 1	-0.347	1.707
35399_at	MOCS3	molybdenum cofactor synthesis 3	-0.453	2.104
353_at	PITPNB	phosphatidylinositol transfer protein beta	-0.362	2.958
35407_at	CDC25A	cell division cycle 25A	-0.549	4.899
35409_r_at	LOC101060181///ZNF44	zinc finger protein ZnFP12///zinc finger protein 44	0.724	2.754
35414_s_at	JAG1	jagged 1	1.182	4.28
35416_at	CUBN	cubilin	0.398	1.928
35420_r_at	ZSWIM8	zinc finger SWIM-type containing 8	-0.839	5.48
35423_at	GRM5	glutamate metabotropic receptor 5	-0.436	2.668
35424_g_at	GRM5	glutamate metabotropic receptor 5	-0.653	3.82
35429_at	DRC3	dynein regulatory complex subunit 3	-0.496	3.286
35434_at	MEF2D	myocyte enhancer factor 2D	-2.031	5.802
35435_s_at	HADH	hydroxyacyl-CoA dehydrogenase	1.146	4.612
35439_at	SF1	splicing factor 1	-0.223	1.676
35443_at	KPNA6	karyopherin subunit alpha 6	-0.355	1.809
35445_at	ARHGAP33	Rho GTPase activating protein 33	-0.512	4.137
35446_at	ARHGAP33	Rho GTPase activating protein 33	-0.404	3.41
35450_s_at	GTF2IP4///GTF2IP1///GTF2I	general transcription factor IIi pseudogene 4///general transcription factor IIi pseudogene 1///general transcription factor IIi	0.756	3.1
35452_at	SCAND2P	SCAN domain containing 2 pseudogene	-0.614	2.099
35460_at	GPR4	G protein-coupled receptor 4	-0.999	2.03
35467_g_at	DNAJB12	DnaJ heat shock protein family (Hsp40) member B12	0.33	2.414
35469_at	HTR2A	5-hydroxytryptamine receptor 2A	-0.365	2.493
35471_g_at	HTR2A	5-hydroxytryptamine receptor 2A	-0.353	2.986
35472_at	KCNJ15	potassium voltage-gated channel subfamily J member 15	0.931	2.597
35474_s_at	COL1A1	collagen type I alpha 1 chain	-0.516	4.366
35476_at	SH3PXD2A	SH3 and PX domains 2A	-0.573	4.185
35478_at	LTBR	lymphotoxin beta receptor	-0.447	3.029
35483_at	SNX29	sorting nexin 29	-0.414	3.493
35485_at	GRM4	glutamate metabotropic receptor 4	-0.38	3.076
35492_at	CYP4F12	cytochrome P450 family 4 subfamily F member 12	-0.382	2.501
35493_at	COL4A4	collagen type IV alpha 4 chain	1.202	6.309
35494_at	PANK3	pantothenate kinase 3	0.293	1.889
35495_at	GTF2A1	general transcription factor IIA subunit 1	-0.774	1.85
35496_at	CETN1	centrin 1	-0.674	3.54
35497_at	TSPAN2	tetraspanin 2	-0.527	3.863
35498_at	CRYGA	crystallin gamma A	-0.527	2.41
354_s_at	RECQL	RecQ like helicase	0.862	2.073
35501_at	HYPM	huntingtin interacting protein M	-0.436	3.157
35508_at	RAB35	RAB35, member RAS oncogene family	-0.438	1.823
35509_at			-0.451	3.27
35511_at	DAGLA	diacylglycerol lipase alpha	-0.249	2.015
35512_at	ZNRF4	zinc and ring finger 4	-0.368	3.064
35513_r_at	MCF2L2	MCF.2 cell line derived transforming sequence-like 2	-0.916	2.496
35514_at			-0.444	2.25
35515_at	TEKT2	tektin 2	-0.321	2.692
35516_at	SMG7-AS1	SMG7 antisense RNA 1	-0.254	1.912
35523_at	HPGDS	hematopoietic prostaglandin D synthase	-0.358	3.26
35532_i_at	KLRC4-KLRK1///KLRC4	KLRC4-KLRK1 readthrough///killer cell lectin like receptor C4	-0.73	3.218
35536_at	ECE2	endothelin converting enzyme 2	-0.316	2.227
35538_at	GSTTP1	glutathione S-transferase theta pseudogene 1	-0.35	2.559
35547_at	SLC16A7	solute carrier family 16 member 7	0.651	3.481
35548_at			-0.613	3.069
35550_at	PCYT1B	phosphate cytidylyltransferase 1, choline, beta	-0.518	2.961
35551_g_at	PCYT1B	phosphate cytidylyltransferase 1, choline, beta	-0.398	3.421
35552_at	PCYT1B	phosphate cytidylyltransferase 1, choline, beta	-0.247	2.185
35554_f_at	ZIC2	Zic family member 2	-0.557	2.724
35555_r_at	ZIC2	Zic family member 2	-0.816	7.757
35556_at	F9	coagulation factor IX	-0.58	1.777
35559_at	RORC	RAR related orphan receptor C	-0.342	2.226
35563_at	MKL1	megakaryoblastic leukemia (translocation) 1	-0.293	1.684
35564_at	LOC105377443	uncharacterized LOC105377443	-0.755	2.658
35567_at	C20orf194	chromosome 20 open reading frame 194	-0.496	4.283
35568_at	ADCYAP1R1	ADCYAP receptor type I	-0.333	2.934
35569_at	ZMIZ2	zinc finger MIZ-type containing 2	-0.265	3.058
35570_at	SLCO1B1	solute carrier organic anion transporter family member 1B1	-0.316	1.735
35572_f_at	ZNF253	zinc finger protein 253	0.856	5.477
35574_i_at			-0.47	2.268
35578_at			-0.811	2.76
35579_at	EXPH5	exophilin 5	0.421	2.225
35580_at	ADCY1	adenylate cyclase 1	-0.507	2.57
35581_at	TET1	tet methylcytosine dioxygenase 1	-0.577	2.921
35583_at	XAF1	XIAP associated factor 1	-0.669	2.888
35584_s_at	CACNA1F	calcium voltage-gated channel subunit alpha1 F	-0.535	3.516
35585_at	ERV9-1	endogenous retrovirus group 9 member 1	-0.495	4.941
35586_at			-0.682	4.874
35587_at			-0.323	1.807
35588_at	ZNF799///ZNF443	zinc finger protein 799///zinc finger protein 443	1.192	5.082
35589_at	GIPR	gastric inhibitory polypeptide receptor	-0.575	2.712
35593_at	AOC2	amine oxidase, copper containing 2	-0.335	2.647
35594_at	PNLIPRP2	pancreatic lipase related protein 2 (gene/pseudogene)	-0.612	3.017
35596_at	C19orf57	chromosome 19 open reading frame 57	-0.589	4.805
35598_at	HIST1H3I///HIST1H3E	histone cluster 1, H3i///histone cluster 1, H3e	-0.354	2.234
35599_at	GNMT	glycine N-methyltransferase	-0.327	2.37
355_s_at	FKBP1B	FK506 binding protein 1B	-0.337	1.837
35601_at	IGH	immunoglobulin heavy locus	-0.348	2.97
35603_at	NORAD	non-coding RNA activated by DNA damage	1.113	4.808
35605_at	ANGPTL7	angiopoietin like 7	-0.625	3.455
35606_at	HDC	histidine decarboxylase	-0.432	3.711
35608_at	AFDN-AS1	AFDN antisense RNA 1 (head to head)	-0.444	3.314
35616_at	CIITA	class II major histocompatibility complex transactivator	-0.379	1.756
35618_at	HELZ	helicase with zinc finger	0.852	4.84
35620_at	TOMM40	translocase of outer mitochondrial membrane 40	-0.412	1.812
35622_at	SHC2	SHC adaptor protein 2	-0.654	4.746
35624_at	ANKRD6	ankyrin repeat domain 6	0.386	2.315
35628_at	TM7SF2	transmembrane 7 superfamily member 2	0.4	2.432
35630_at	LLGL2	LLGL2, scribble cell polarity complex component	-0.424	4.087
35631_at	POLR2H	RNA polymerase II subunit H	0.266	1.755
35636_at	CA5B	carbonic anhydrase 5B	-0.575	1.783
35642_at	MTX2	metaxin 2	0.582	3.873
35645_at	SNX1	sorting nexin 1	0.328	2.153
35648_at	AUTS2	autism susceptibility candidate 2	2.056	7.209
35649_at	CDO1	cysteine dioxygenase type 1	0.466	1.673
35651_at	MAP3K4	mitogen-activated protein kinase kinase kinase 4	-0.41	2.376
35652_g_at	MAP3K4	mitogen-activated protein kinase kinase kinase 4	0.702	3.876
35653_at	GPS2	G protein pathway suppressor 2	0.533	4.476
35656_at	RNF6	ring finger protein 6	1.477	4.962
35658_at	PSEN1	presenilin 1	0.223	1.875
35660_at	SAG	S-antigen visual arrestin	-0.623	4.489
35663_at	NPTX2	neuronal pentraxin 2	-0.262	1.872
35665_at	PIK3C3	phosphatidylinositol 3-kinase catalytic subunit type 3	0.607	5.963
35666_at	SEMA3F	semaphorin 3F	-0.452	3.542
35667_at	SEMA3F	semaphorin 3F	-0.432	2.775
35669_at	COBL	cordon-bleu WH2 repeat protein	0.911	8.714
35672_at	AHCTF1	AT-hook containing transcription factor 1	-0.488	4.745
35675_at	SORBS3	sorbin and SH3 domain containing 3	-0.385	3.138
35677_at	METTL18	methyltransferase like 18	0.77	4.814
35681_r_at	ZEB2	zinc finger E-box binding homeobox 2	1.301	2.586
35683_at	MORC2	MORC family CW-type zinc finger 2	-0.67	2.459
35691_r_at	NFIX	nuclear factor I X	-0.92	6.623
35697_at	PTS	6-pyruvoyltetrahydropterin synthase	0.801	5.963
35704_at	PLA2G16	phospholipase A2 group XVI	0.627	1.998
35705_at	NR1D2	nuclear receptor subfamily 1 group D member 2	1.74	7.484
35706_at	NR1D2	nuclear receptor subfamily 1 group D member 2	0.645	2.817
35709_at	RFK	riboflavin kinase	1.208	4.391
35712_at	LRRN3	leucine rich repeat neuronal 3	-0.531	1.716
35715_at	ANAPC15	anaphase promoting complex subunit 15	0.229	2.727
35716_at	SULT1C2	sulfotransferase family 1C member 2	1.294	5.287
35719_at	PHLPP1	PH domain and leucine rich repeat protein phosphatase 1	0.311	1.804
35720_at	WDR47	WD repeat domain 47	0.953	2.481
35722_at	UPF2	UPF2 regulator of nonsense transcripts homolog (yeast)	0.639	2.837
35723_at	NUDT1	nudix hydrolase 1	-0.463	3.459
35727_at	UCKL1	uridine-cytidine kinase 1 like 1	-0.752	4.121
35733_at	ACTR2	ARP2 actin related protein 2 homolog	0.942	3.168
35734_at	ACTR2	ARP2 actin related protein 2 homolog	1.396	3.065
35735_at	GBP1	guanylate binding protein 1	1.306	2.212
35737_at	HMGN4	high mobility group nucleosomal binding domain 4	0.696	3.467
35738_at	HMGN4	high mobility group nucleosomal binding domain 4	1.051	5.263
35739_at	MTMR3	myotubularin related protein 3	0.563	2.826
35740_at	EMILIN1	elastin microfibril interfacer 1	-0.593	3.151
35741_at	PIP4K2B	phosphatidylinositol-5-phosphate 4-kinase type 2 beta	0.44	2.99
35742_at	C16orf45	chromosome 16 open reading frame 45	0.657	4.289
35745_f_at	PCBP2	poly(rC) binding protein 2	0.828	2.657
35746_r_at	PCBP2	poly(rC) binding protein 2	0.639	2.57
35747_at	NPTN	neuroplastin	1.099	3.725
35750_at	ZC3H15	zinc finger CCCH-type containing 15	0.979	5.342
35751_at	SDHB	succinate dehydrogenase complex iron sulfur subunit B	0.894	2.661
35753_at	PRPF8	pre-mRNA processing factor 8	0.319	2.838
35754_at	TMED10	transmembrane p24 trafficking protein 10	1.069	4.722
35755_at	ITPK1	inositol-tetrakisphosphate 1-kinase	0.375	1.879
35758_at	RUVBL2	RuvB like AAA ATPase 2	0.229	1.666
35759_at	CCT2	chaperonin containing TCP1 subunit 2	0.823	2.473
35761_at	AASDHPPT	aminoadipate-semialdehyde dehydrogenase-phosphopantetheinyl transferase	0.792	4.554
35762_at	FBXO28	F-box protein 28	0.869	5.426
35767_at	GABARAPL2	GABA type A receptor associated protein like 2	0.814	2.835
35770_at	ATP6AP1	ATPase H+ transporting accessory protein 1	0.418	2.63
35771_at	DEAF1	DEAF1, transcription factor	0.974	5.605
35774_r_at	NDUFB7	NADH:ubiquinone oxidoreductase subunit B7	-0.506	2.635
35777_at	RNF4	ring finger protein 4	0.474	3.242
35783_at	VAMP3	vesicle associated membrane protein 3	0.538	2.788
35784_at	VAMP3	vesicle associated membrane protein 3	1.225	5.711
35785_at	GABARAPL1	GABA type A receptor associated protein like 1	0.714	2.182
35787_at	DYNC1I2	dynein cytoplasmic 1 intermediate chain 2	0.83	2.569
35788_at	DYNC1I2	dynein cytoplasmic 1 intermediate chain 2	0.328	2.228
35790_at	VPS26A	VPS26, retromer complex component A	1.056	5.549
35792_at	MGLL	monoglyceride lipase	1.077	3.698
35793_at	G3BP2	G3BP stress granule assembly factor 2	1.597	4.904
35796_at	TWF2	twinfilin actin binding protein 2	-0.459	2.767
35799_at	DNAJB9	DnaJ heat shock protein family (Hsp40) member B9	1.003	5.266
357_at	DNM1L	dynamin 1 like	0.763	6.179
35800_at	PAFAH1B3	platelet activating factor acetylhydrolase 1b catalytic subunit 3	-0.527	6.059
35802_at	FNBP4	formin binding protein 4	1.172	6.635
35803_at	RND3	Rho family GTPase 3	0.995	3.526
35808_at	SRSF6	serine and arginine rich splicing factor 6	0.482	2.64
35809_g_at	SRSF6	serine and arginine rich splicing factor 6	0.485	3.036
35811_at	RNF13	ring finger protein 13	0.775	1.976
35817_at	MBP	myelin basic protein	-0.601	1.88
35818_at	CYCS	cytochrome c, somatic	1.004	2.262
35820_at	GM2A	GM2 ganglioside activator	-0.32	1.686
35827_at	SEC31A	SEC31 homolog A, COPII coat complex component	0.67	3.91
35829_at	CADM1	cell adhesion molecule 1	0.819	3.417
35831_at	ATP9A	ATPase phospholipid transporting 9A (putative)	0.555	3.553
35832_at	SULF1	sulfatase 1	-0.4	2.182
35833_at	INSIG2	insulin induced gene 2	0.428	2.027
35834_at	AZGP1	alpha-2-glycoprotein 1, zinc-binding	0.722	1.815
35836_at	NUDC	nuclear distribution C, dynein complex regulator	0.405	2.298
35838_at	PTGR2///ZNF410	prostaglandin reductase 2///zinc finger protein 410	0.953	4.168
35840_at	RNF167	ring finger protein 167	-0.332	3.031
35842_at	IL6ST	interleukin 6 signal transducer	1.551	4.707
35844_at	SDC4	syndecan 4	-0.247	1.662
35845_at	SEC24B	SEC24 homolog B, COPII coat complex component	1.273	6.091
35846_at	THRA	thyroid hormone receptor, alpha	0.278	2.301
35847_at	USP24	ubiquitin specific peptidase 24	0.433	3
35848_at	ZMIZ1	zinc finger MIZ-type containing 1	0.876	2.878
35851_g_at	JMJD6	arginine demethylase and lysine hydroxylase	-0.401	2.021
35853_at	PICK1	protein interacting with PRKCA 1	-0.456	4.91
35855_s_at	GRIK1	glutamate ionotropic receptor kainate type subunit 1	-0.484	1.954
35856_r_at	GRIK1	glutamate ionotropic receptor kainate type subunit 1	-0.484	3.076
35858_at	LOC100289561	uncharacterized LOC100289561	0.322	1.962
35863_g_at	SLC15A2	solute carrier family 15 member 2	-0.396	2.281
35864_at	ACR	acrosin	-0.455	2.384
35867_at	SLC22A2	solute carrier family 22 member 2	0.645	2.354
35868_at	AGER	advanced glycosylation end-product specific receptor	-0.359	2.134
35870_at	AASS	aminoadipate-semialdehyde synthase	-0.826	3.426
35871_s_at	SLC4A4	solute carrier family 4 member 4	1.627	6.175
35874_at	PAFAH2	platelet activating factor acetylhydrolase 2	-0.473	1.7
35876_s_at	SGPL1	sphingosine-1-phosphate lyase 1	-0.588	3.444
35877_at	SOX21	SRY-box 21	-0.291	1.858
35878_at	ZNF652	zinc finger protein 652	1.132	3.869
35883_at	SPIB	Spi-B transcription factor	-0.426	3.382
35886_at	PACSIN2	protein kinase C and casein kinase substrate in neurons 2	-0.468	3.435
35888_at	RLBP1	retinaldehyde binding protein 1	-0.733	2.221
35890_at	SEMA3D	semaphorin 3D	-0.798	2.301
35892_at	CR1	complement component 3b/4b receptor 1 (Knops blood group)	-0.791	2.314
35893_s_at	CR1	complement component 3b/4b receptor 1 (Knops blood group)	-0.32	1.9
35894_at	CR1	complement component 3b/4b receptor 1 (Knops blood group)	-0.607	1.699
35895_at	LEP	leptin	-0.948	4.14
35897_r_at	ADGRB1	adhesion G protein-coupled receptor B1	-0.695	5.26
35898_at	WISP2	WNT1 inducible signaling pathway protein 2	-0.503	4.858
358_at	P2RY10	purinergic receptor P2Y10	-0.707	5.182
35900_at	ARTN	artemin	-0.324	1.803
35904_at	SLC10A2	solute carrier family 10 member 2	-0.835	2.286
35909_at	PHLDA1	pleckstrin homology like domain family A member 1	-0.349	4.211
35910_f_at	MMP25	matrix metallopeptidase 25	-0.55	2.094
35911_r_at	MMP25	matrix metallopeptidase 25	-0.595	2.235
35913_at	ARID3A	AT-rich interaction domain 3A	-0.392	4.814
35915_at	INHBC	inhibin beta C subunit	-0.589	6.14
35916_s_at	HNRNPA3	heterogeneous nuclear ribonucleoprotein A3	0.968	3.619
35918_at	DLEC1	deleted in lung and esophageal cancer 1	-0.385	2.546
35920_at	HBBP1	hemoglobin subunit beta pseudogene 1	-0.783	4.562
35922_at	SYCP2	synaptonemal complex protein 2	-0.981	2.46
35925_at	AKR7A3	aldo-keto reductase family 7 member A3	0.917	3.191
35928_at	TPO	thyroid peroxidase	-0.412	2.819
35929_s_at	TSPY10///TSPY8///TSPY4///TSPY3///TSPY2///TSPY1	testis specific protein, Y-linked 10///testis specific protein, Y-linked 8///testis specific protein, Y-linked 4///testis specific protein, Y-linked 3///testis specific protein, Y-linked 2///testis specific protein, Y-linked 1	-0.696	3.314
35933_f_at	PMS2P3	PMS1 homolog 2, mismatch repair system component pseudogene 3	0.72	5.471
35934_at	EIF2S3	eukaryotic translation initiation factor 2 subunit gamma	0.9	3.744
35935_at	CHKB-CPT1B///CPT1B	CHKB-CPT1B readthrough (NMD candidate)///carnitine palmitoyltransferase 1B	-0.303	1.7
35941_f_at	KIF1C	kinesin family member 1C	-0.487	2.653
35943_s_at	GABPB1	GA binding protein transcription factor beta subunit 1	-0.54	2.448
35946_at	NELL1	neural EGFL like 1	0.615	3.434
35952_at	SPATA2L	spermatogenesis associated 2 like	-0.411	3.856
35954_at	PDYN	prodynorphin	-0.461	1.786
35956_s_at	PSG7///PSG4	pregnancy specific beta-1-glycoprotein 7 (gene/pseudogene)///pregnancy specific beta-1-glycoprotein 4	-0.328	1.745
35958_at	GTF2IRD2B///GTF2IRD2	GTF2I repeat domain containing 2B///GTF2I repeat domain containing 2	-0.373	2.429
35962_at	MAST1	microtubule associated serine/threonine kinase 1	-0.604	6.545
35964_at	MATN3	matrilin 3	-0.709	1.709
35973_at	ZDHHC17	zinc finger DHHC-type containing 17	1.585	8.544
35975_at	MLLT3	MLLT3, super elongation complex subunit	0.436	2.667
35976_at	CITED1	Cbp/p300 interacting transactivator with Glu/Asp rich carboxy-terminal domain 1	-0.391	2.896
35980_at	PLCB1	phospholipase C beta 1	0.836	3.521
35981_at	REG1B	regenerating family member 1 beta	-0.808	5.61
35983_at	WDR18	WD repeat domain 18	0.458	3.079
35984_at	LOC102724865///E2F6	transcription factor E2F6 pseudogene///E2F transcription factor 6	-0.399	1.751
35985_at	PALM2-AKAP2///AKAP2	PALM2-AKAP2 readthrough///A-kinase anchoring protein 2	1.285	7.614
35990_at	ZBTB40	zinc finger and BTB domain containing 40	-0.276	2.148
35991_at	LSM6	LSM6 homolog, U6 small nuclear RNA and mRNA degradation associated	0.617	3.686
35992_at	MSC	musculin	-0.321	2.847
35995_at	ZWINT	ZW10 interacting kinetochore protein	0.349	1.756
35996_at			-0.495	2.516
35998_at	ASXL3	additional sex combs like 3, transcriptional regulator	0.676	2.79
35999_r_at	SIK2	salt inducible kinase 2	1.188	3.672
36002_at	TRAPPC8	trafficking protein particle complex 8	1.194	6.574
36003_at	PARN	poly(A)-specific ribonuclease	-0.512	6.081
36006_at	SOX12	SRY-box 12	-0.472	2.3
36007_at	OLFML2B	olfactomedin like 2B	-1.205	1.892
36008_at	PTP4A3	protein tyrosine phosphatase type IVA, member 3	-0.605	4.884
36011_at	STX10	syntaxin 10	-0.563	4.68
36013_at	SLC30A9	solute carrier family 30 member 9	0.621	1.96
36014_at	ADGRG6	adhesion G protein-coupled receptor G6	1.097	5.463
36015_at	APITD1-CORT///APITD1	APITD1-CORT readthrough///apoptosis-inducing, TAF9-like domain 1	1.088	6.355
36016_at	APITD1-CORT///APITD1///CORT	APITD1-CORT readthrough///apoptosis-inducing, TAF9-like domain 1///cortistatin	-0.333	2.964
36023_at	SMIM10L1	small integral membrane protein 10 like 1	0.513	2.674
36026_at	PGAM2	phosphoglycerate mutase 2	-0.681	3.961
36029_at	MPPED2	metallophosphoesterase domain containing 2	0.586	3.348
36031_at	ING1	inhibitor of growth family member 1	0.809	3.469
36032_at	HSPB11	heat shock protein family B (small) member 11	1.589	7.865
36033_at	SREK1	splicing regulatory glutamic acid and lysine rich protein 1	0.921	5.876
36034_at	RGP1	RGP1 homolog, RAB6A GEF complex partner 1	-1.211	7.39
36035_at	GPAA1	glycosylphosphatidylinositol anchor attachment 1	-0.807	3.804
36037_g_at	SPTB	spectrin beta, erythrocytic	-0.304	2.349
36038_r_at	SPTB	spectrin beta, erythrocytic	-0.413	3.207
36040_at	SH3BGR	SH3 domain binding glutamate rich protein	1.295	7.842
36041_at	EXO1	exonuclease 1	-0.591	1.814
36042_at	NTRK2	neurotrophic receptor tyrosine kinase 2	-0.382	2.492
36044_at	PDE6D	phosphodiesterase 6D	-0.647	5.755
36046_at	RCHY1	ring finger and CHY zinc finger domain containing 1	0.884	4.222
36048_at	ZNF318	zinc finger protein 318	0.346	2.466
36049_at	RAB6B	RAB6B, member RAS oncogene family	-0.36	2.365
36050_at	SPATA2	spermatogenesis associated 2	-0.428	2.994
36051_s_at	ADD2	adducin 2	-0.436	5.612
36052_at	ADD2	adducin 2	-0.596	6.362
36054_at	MAU2	MAU2 sister chromatid cohesion factor	0.71	7.81
36055_at	MAU2	MAU2 sister chromatid cohesion factor	-0.479	2.331
36057_at	ARMCX2	armadillo repeat containing, X-linked 2	1.42	7.438
36059_at	LRP4	LDL receptor related protein 4	-0.416	1.678
36060_at	SRP54	signal recognition particle 54	1.149	6.018
36061_at	SEMA5A	semaphorin 5A	0.668	3.304
36065_at	LDB2	LIM domain binding 2	0.575	3.316
36071_at	IPO9	importin 9	-0.456	2.879
36072_at	ZNF189	zinc finger protein 189	0.667	3.97
36078_at	TENM4	teneurin transmembrane protein 4	-0.341	1.946
36080_at	CLOCK	clock circadian regulator	0.272	1.977
36085_at	GNAT1	G protein subunit alpha transducin 1	-0.543	4.867
36087_at	RRP8	ribosomal RNA processing 8, methyltransferase, homolog (yeast)	-0.316	1.741
36089_at	INPP5F	inositol polyphosphate-5-phosphatase F	0.555	3.188
36091_at	SKAP2	src kinase associated phosphoprotein 2	0.872	1.661
36092_at	LOC101930416///LOC101929792///LOC100996724///PDE4DIP	myomegalin-like///uncharacterized LOC101929792///phosphodiesterase 4D interacting protein-like///phosphodiesterase 4D interacting protein	1	5.427
36094_at	TNNT3	troponin T3, fast skeletal type	-0.399	1.729
36095_at	CLIP3	CAP-Gly domain containing linker protein 3	-0.597	4.56
36098_at	SRSF1	serine and arginine rich splicing factor 1	0.916	5.699
36099_at	SRSF1	serine and arginine rich splicing factor 1	1.628	4.846
360_at	ITPKC	inositol-trisphosphate 3-kinase C	-0.493	2.778
36100_at	VEGFA	vascular endothelial growth factor A	1.453	3.716
36102_at	VDAC3	voltage dependent anion channel 3	0.588	2.316
36106_at	APOC3	apolipoprotein C3	-1.194	3.738
36111_s_at	MIR636///SRSF2	microRNA 636///serine and arginine rich splicing factor 2	0.649	3.681
36112_r_at	MIR636///SRSF2	microRNA 636///serine and arginine rich splicing factor 2	1.395	5.444
36114_r_at	TNNT1	troponin T1, slow skeletal type	-0.582	3.375
36115_at	CLK3	CDC like kinase 3	-0.372	3.338
36118_at	NCOA1	nuclear receptor coactivator 1	-0.373	1.874
36121_at	EPN2-IT1///EPN2	EPN2 intronic transcript 1///epsin 2	-0.236	1.809
36123_at	TST	thiosulfate sulfurtransferase	0.743	1.983
36124_at	MPST	mercaptopyruvate sulfurtransferase	0.408	2.243
36126_at	COASY	Coenzyme A synthase	0.614	3.993
36128_at	TMED10	transmembrane p24 trafficking protein 10	0.85	2.89
36133_at	DSP	desmoplakin	1.394	4.103
36135_at	MIR6733///EBNA1BP2	microRNA 6733///EBNA1 binding protein 2	1.02	4.494
36137_at	CHD4	chromodomain helicase DNA binding protein 4	-0.336	3.307
36139_at	TRAF3IP2	TRAF3 interacting protein 2	-0.435	6.658
36140_at	YBX1	Y-box binding protein 1	-0.271	1.919
36145_at	PUF60	poly(U) binding splicing factor 60	0.47	5.278
36149_at	DPYSL3	dihydropyrimidinase like 3	0.409	2.239
36151_at	PLD3	phospholipase D family member 3	0.678	4.786
36153_at	DHX9	DEAH-box helicase 9	1.229	5.776
36155_at	SPOCK2	sparc/osteonectin, cwcv and kazal-like domains proteoglycan (testican) 2	0.725	4.395
36159_s_at	PRNP	prion protein	0.877	2.528
36161_at	AP2B1	adaptor related protein complex 2 beta 1 subunit	0.681	4.608
36163_at	DLD	dihydrolipoamide dehydrogenase	1.407	5.017
36164_at	PDHX	pyruvate dehydrogenase complex component X	0.948	5.283
36166_at	DNAJC8	DnaJ heat shock protein family (Hsp40) member C8	0.488	2.412
36168_at	FGFR1	fibroblast growth factor receptor 1	-0.543	1.818
36171_at	SUB1	SUB1 homolog, transcriptional regulator	0.956	4.071
36172_s_at	AP3D1	adaptor related protein complex 3 delta 1 subunit	1.038	7.39
36173_r_at	AP3D1	adaptor related protein complex 3 delta 1 subunit	-0.511	2.259
36176_at	TBCC	tubulin folding cofactor C	0.699	3.994
36177_at	TSN	translin	-0.523	2.658
36178_at	SHMT2	serine hydroxymethyltransferase 2	-0.226	1.993
36180_s_at	MAPKAPK2	mitogen-activated protein kinase-activated protein kinase 2	0.316	2.563
36181_at	LASP1	LIM and SH3 protein 1	0.765	2.374
36182_at	APC	APC, WNT signaling pathway regulator	-0.331	1.77
36185_at	AARS	alanyl-tRNA synthetase	0.343	1.718
36186_at	RNPS1	RNA binding protein with serine rich domain 1	0.777	5.774
36187_at	RNH1	ribonuclease/angiogenin inhibitor 1	0.446	2.07
36188_at	GTF3A	general transcription factor IIIA	0.885	4.269
36189_at	ILF2	interleukin enhancer binding factor 2	0.662	3.152
36190_at	LOC101060399///CDR2	cerebellar degeneration-related protein 2///cerebellar degeneration related protein 2	0.944	4.063
36192_at	SCRN1	secernin 1	1.095	5.569
36194_at	LRPAP1	LDL receptor related protein associated protein 1	1.019	5.344
36196_at	PFKM	phosphofructokinase, muscle	0.867	5.859
36197_at	CHI3L1	chitinase 3 like 1	-0.616	2.161
36198_at	TOMM20	translocase of outer mitochondrial membrane 20	1.04	4.837
36208_at	BRD2	bromodomain containing 2	-0.735	5.355
36209_at	BRD2	bromodomain containing 2	0.849	2.154
36211_at	BCL2L2	BCL2 like 2	-0.273	1.847
36213_at	MFHAS1	malignant fibrous histiocytoma amplified sequence 1	-0.283	1.843
36214_at	KLF4	Kruppel like factor 4	-0.658	2.437
36215_at	PRKACB	protein kinase cAMP-activated catalytic subunit beta	1.037	4.651
36220_at	DDAH1	dimethylarginine dimethylaminohydrolase 1	0.419	2.214
36222_at	LY6G6C	lymphocyte antigen 6 complex, locus G6C	-0.43	1.731
36226_r_at	SFPQ	splicing factor proline and glutamine rich	-1.155	5.875
36228_at	GLYAT	glycine-N-acyltransferase	0.898	3.623
36229_at	IL17RA	interleukin 17 receptor A	-0.716	4.282
36232_at	FGF13	fibroblast growth factor 13	-0.328	2.177
36233_at	PAPSS2	3'-phosphoadenosine 5'-phosphosulfate synthase 2	-0.49	1.738
36235_at	CSNK2A1	casein kinase 2 alpha 1	0.91	9.445
36238_at	FOXO4	forkhead box O4	-0.383	3.146
36239_at	POU2AF1	POU class 2 associating factor 1	-0.516	1.935
36240_at	RAPGEF1	Rap guanine nucleotide exchange factor 1	-0.329	1.962
36241_r_at	G6PC	glucose-6-phosphatase catalytic subunit	1.943	3.36
36246_at	ADCY8	adenylate cyclase 8	-0.345	1.898
36249_at	ASPHD1	aspartate beta-hydroxylase domain containing 1	-0.571	2.141
36250_at	ASPHD1	aspartate beta-hydroxylase domain containing 1	-0.387	1.831
36251_at	SYT2	synaptotagmin 2	-0.358	1.958
36255_at	ADORA3	adenosine A3 receptor	-0.64	2.794
36257_at			-0.301	1.928
36261_at	SYT17	synaptotagmin 17	-0.426	2.05
36262_at	GNS	glucosamine (N-acetyl)-6-sulfatase	0.629	3.723
36263_g_at	GNS	glucosamine (N-acetyl)-6-sulfatase	0.67	5.066
36266_at	RAPGEF3	Rap guanine nucleotide exchange factor 3	-0.585	3.428
36267_at	NFKBIL1	NFKB inhibitor like 1	-0.412	3.451
36268_at	LPAR4	lysophosphatidic acid receptor 4	-0.754	2.377
36270_at	CD86	CD86 molecule	-0.426	1.952
36275_at	SEMA6A	semaphorin 6A	0.969	5.985
36276_at	CNTN2	contactin 2	-0.426	1.952
36278_at	MAP3K10	mitogen-activated protein kinase kinase kinase 10	-0.25	2.489
36281_at	NHLH1	nescient helix-loop-helix 1	-0.49	4.334
36282_at	RRN3P1	RRN3 homolog, RNA polymerase I transcription factor pseudogene 1	-0.204	1.728
36283_at	DDX6	DEAD-box helicase 6	-0.503	1.83
36284_at	LY6D	lymphocyte antigen 6 complex, locus D	-0.534	2.036
36286_at	RBFADN	RBFA downstream neighbor (non-protein coding)	-0.305	1.822
36288_at	KRT81	keratin 81	-0.553	2.687
36290_s_at	FUT6///FUT5///FUT3	fucosyltransferase 6///fucosyltransferase 5///fucosyltransferase 3 (Lewis blood group)	0.415	2.823
36292_at	P2RY2	purinergic receptor P2Y2	-0.584	3.015
36293_at	CXCR6	C-X-C motif chemokine receptor 6	-0.425	1.97
36296_at	LTA	lymphotoxin alpha	-0.567	4.346
36297_at	ATF1	activating transcription factor 1	-0.732	3.287
36298_at	PRPH	peripherin	-0.376	3.767
36299_at	CALCA	calcitonin related polypeptide alpha	-0.575	2.711
362_at	PRKCZ	protein kinase C zeta	-0.315	2.03
36300_at	CALCA	calcitonin related polypeptide alpha	-0.339	1.796
36301_at	INSL3	insulin like 3	-0.388	3.696
36304_at	C8B	complement component 8, beta polypeptide	-0.58	3.688
36305_at	SLC6A3	solute carrier family 6 member 3	-0.404	3.11
36306_at	KCNQ3	potassium voltage-gated channel subfamily Q member 3	-0.368	2.741
36307_at	ARC	activity regulated cytoskeleton associated protein	-0.62	4.809
36310_at	KRT31	keratin 31	-0.3	2.721
36311_at	PDE1A	phosphodiesterase 1A	0.573	1.791
36312_at	SERPINB8	serpin family B member 8	-0.345	2.438
36313_at	EVI2A	ecotropic viral integration site 2A	-0.472	1.961
36315_i_at	EXOC6B	exocyst complex component 6B	-0.552	1.889
36316_r_at	EXOC6B	exocyst complex component 6B	-0.517	1.712
36322_at	FUT7	fucosyltransferase 7	-0.316	3.333
36328_at	SHBG	sex hormone binding globulin	-0.418	2.787
36332_at	AANAT	aralkylamine N-acetyltransferase	-0.244	2.32
36334_at	LY9	lymphocyte antigen 9	-0.306	1.837
36336_s_at	SBNO2	strawberry notch homolog 2	-0.389	2.39
36340_at	ZKSCAN1	zinc finger with KRAB and SCAN domains 1	-0.226	2.395
36346_at	RGR	retinal G protein coupled receptor	-0.495	2.262
36349_at	KCNJ2	potassium voltage-gated channel subfamily J member 2	-0.478	1.98
36352_at	HES2	hes family bHLH transcription factor 2	-0.579	3.905
36356_at	GDF5	growth differentiation factor 5	-0.249	1.757
36357_at	ERI2	ERI1 exoribonuclease family member 2	-0.552	2.114
36359_at	PRKACG	protein kinase cAMP-activated catalytic subunit gamma	-0.68	3.927
36362_at	SLC12A3	solute carrier family 12 member 3	0.842	2.022
36363_at	UGT8	UDP glycosyltransferase 8	1.29	6.741
36365_at	TRPC6	transient receptor potential cation channel subfamily C member 6	-0.442	1.902
36367_at	PCDH11Y///PCDH11X	protocadherin 11 Y-linked///protocadherin 11 X-linked	-0.386	2.506
36371_at	MFAP3	microfibrillar associated protein 3	-0.334	2.233
36373_at	ZXDB///ZXDA	zinc finger, X-linked, duplicated B///zinc finger, X-linked, duplicated A	-0.347	2.329
36375_at	ODF1	outer dense fiber of sperm tails 1	-0.469	1.789
36376_at	SLC26A4	solute carrier family 26 member 4	0.846	2.432
36393_at	DPF1	double PHD fingers 1	-0.306	2.277
36394_at	LY6H	lymphocyte antigen 6 complex, locus H	-0.483	2.92
36395_at			1.447	6.24
36396_at			0.368	2.161
36397_at	CHRNA5	cholinergic receptor nicotinic alpha 5 subunit	-0.652	3.501
363_at	PRKCG	protein kinase C gamma	-0.808	5.557
36400_at			-1.582	4.744
36402_at	ZNF101	zinc finger protein 101	-0.387	2.513
36403_s_at	ZNF101	zinc finger protein 101	-0.524	3.122
36404_at	GLP1R	glucagon like peptide 1 receptor	-0.413	3.126
36406_at	KLK13	kallikrein related peptidase 13	-0.463	2.717
36408_at	SLC22A14	solute carrier family 22 member 14	-0.481	4.075
36414_s_at	CASK	calcium/calmodulin dependent serine protein kinase	0.43	1.99
36417_s_at	ACAA1	acetyl-CoA acyltransferase 1	1.031	2.764
36423_at	NUPR1	nuclear protein 1, transcriptional regulator	-0.609	3.096
36424_at	NEBL	nebulette	-0.537	1.8
36426_g_at	NEBL	nebulette	-0.568	4.172
36429_at	GPR182	G protein-coupled receptor 182	-0.222	1.666
36430_at			-0.335	2.198
36432_at	MCCC2	methylcrotonoyl-CoA carboxylase 2	0.456	2.26
36435_at	PPM1A	protein phosphatase, Mg2+/Mn2+ dependent 1A	0.479	1.938
36436_at	LECT2	leukocyte cell derived chemotaxin 2	-0.561	4.878
36438_at	ADD3-AS1	ADD3 antisense RNA 1	-0.547	3.854
36440_at	PTCRA	pre T-cell antigen receptor alpha	-0.43	2.848
36446_s_at	HDGF	hepatoma-derived growth factor	1.112	7.609
36448_at	ABI2	abl-interactor 2	0.719	5.044
36449_s_at	PYY	peptide YY	-0.367	3.823
36450_at	PYY	peptide YY	-1.035	2.76
36451_at	ACVR1B	activin A receptor type 1B	0.928	7.896
36453_at	KBTBD11	kelch repeat and BTB domain containing 11	1.324	4.974
36456_at	ZZZ3	zinc finger ZZ-type containing 3	0.809	4.258
36457_at	GMPS	guanine monophosphate synthase	0.356	2.978
36458_at	FAN1	FANCD2/FANCI-associated nuclease 1	0.443	1.922
36463_at	BAG5	BCL2 associated athanogene 5	0.359	2.041
36468_at	DTNA	dystrobrevin alpha	-0.366	2.662
36472_at	NMI	N-myc and STAT interactor	0.889	2.052
36474_at	UFL1	UFM1 specific ligase 1	1.202	5.336
36475_at	GCAT	glycine C-acetyltransferase	-0.223	2.007
36483_at	GALNT3	polypeptide N-acetylgalactosaminyltransferase 3	-1.019	2.78
36484_at	GALNT3	polypeptide N-acetylgalactosaminyltransferase 3	0.758	2.655
36488_at	MEGF9	multiple EGF like domains 9	1.544	3.325
36489_at	PRPS1	phosphoribosyl pyrophosphate synthetase 1	0.64	3.064
36491_at	TMSB15B///TMSB15A	thymosin beta 15B///thymosin beta 15a	0.338	1.793
36492_at	PSMD9	proteasome 26S subunit, non-ATPase 9	0.449	4.314
36495_at	FBP1	fructose-bisphosphatase 1	1.242	2.577
36496_at	IMPA2	inositol monophosphatase 2	0.882	2.895
36499_at	CELSR2	cadherin EGF LAG seven-pass G-type receptor 2	-0.318	2.235
36501_at	PPM1A	protein phosphatase, Mg2+/Mn2+ dependent 1A	0.936	3.521
36502_at	CDK14	cyclin dependent kinase 14	1.655	6.025
36506_at	AKAP9	A-kinase anchoring protein 9	0.758	2.814
36507_at	ZNF282	zinc finger protein 282	-0.221	1.736
36508_at	GPC4	glypican 4	0.623	2.396
36509_at	PIK3C2A	phosphatidylinositol-4-phosphate 3-kinase catalytic subunit type 2 alpha	1.424	5.066
36511_at	SACM1L	SAC1 suppressor of actin mutations 1-like (yeast)	1.164	6.336
36513_at	MFAP5	microfibrillar associated protein 5	-0.396	1.743
36514_at	CGRRF1	cell growth regulator with ring finger domain 1	1.134	4.69
36515_at	GNE	glucosamine (UDP-N-acetyl)-2-epimerase/N-acetylmannosamine kinase	0.964	5.222
36517_at	U2AF1	U2 small nuclear RNA auxiliary factor 1	0.863	4.581
36521_at	DZIP1	DAZ interacting zinc finger protein 1	1.243	8.218
36522_at	CRTC1	CREB regulated transcription coactivator 1	-0.512	2.662
36524_at	LOC101930241///ARHGEF4	rho guanine nucleotide exchange factor 4-like///Rho guanine nucleotide exchange factor 4	-0.23	1.97
36525_at	FBXL2	F-box and leucine rich repeat protein 2	-0.36	2.065
36526_at	EXTL2	exostosin like glycosyltransferase 2	0.905	3.455
36527_at	RBMX2	RNA binding motif protein, X-linked 2	-0.713	5.476
36532_at	SYNJ2	synaptojanin 2	0.484	3.433
36536_at	IQCJ-SCHIP1///SCHIP1	IQCJ-SCHIP1 readthrough///schwannomin interacting protein 1	0.907	6.661
36537_at	ARHGEF18	Rho/Rac guanine nucleotide exchange factor 18	1.415	10.909
36539_at	GUSBP11	glucuronidase, beta pseudogene 11	-0.334	1.683
36540_at	RHOBTB2	Rho related BTB domain containing 2	-0.503	3.401
36541_at	DNAJA3	DnaJ heat shock protein family (Hsp40) member A3	-0.431	2.751
36542_at	SLC9A6	solute carrier family 9 member A6	0.527	3.384
36543_at	F3	coagulation factor III, tissue factor	0.944	4.334
36546_r_at	SFI1	SFI1 centrin binding protein	-0.413	1.656
36547_r_at	SFI1	SFI1 centrin binding protein	-0.905	6.924
36548_at	KIAA0895	KIAA0895	1.32	8.474
36549_at	SLC25A17	solute carrier family 25 member 17	-0.483	2.73
36550_at	RIN2	Ras and Rab interactor 2	0.974	3.595
36551_at	C12orf29	chromosome 12 open reading frame 29	0.792	3.681
36555_at	SNCG	synuclein gamma	-0.444	3.534
36556_at	ARHGAP44	Rho GTPase activating protein 44	-0.37	3.094
36558_at	CACNB1	calcium voltage-gated channel auxiliary subunit beta 1	-0.415	3.442
36559_g_at	CACNB1	calcium voltage-gated channel auxiliary subunit beta 1	-0.515	2.987
36561_at	PCCB	propionyl-CoA carboxylase beta subunit	0.422	2.109
36563_at	COPG2IT1	COPG2 imprinted transcript 1 (non-protein coding)	-0.523	2.691
36564_at	RNF19B	ring finger protein 19B	-0.865	7.181
36568_at	SLC17A7	solute carrier family 17 member 7	-0.49	4.074
36571_at	TOP2B	topoisomerase (DNA) II beta	1.26	7.299
36572_r_at	ARL6IP1	ADP ribosylation factor like GTPase 6 interacting protein 1	0.705	3.042
36576_at	H2AFY	H2A histone family member Y	0.686	5.334
36577_at	FERMT2	fermitin family member 2	0.739	2.676
36578_at	BIRC2	baculoviral IAP repeat containing 2	0.944	4.502
36579_at	UBE4A	ubiquitination factor E4A	1.013	6.491
36580_at	RMND5A	required for meiotic nuclear division 5 homolog A	1.036	3.772
36581_at	GARS	glycyl-tRNA synthetase	0.416	2.569
36584_at	ITIH2	inter-alpha-trypsin inhibitor heavy chain 2	-0.4	2.637
36585_at	ARF4	ADP ribosylation factor 4	1.462	3.648
36588_at	SUN1	Sad1 and UNC84 domain containing 1	0.842	2.983
36593_at	EXT2	exostosin glycosyltransferase 2	-0.329	1.682
36595_s_at	GATM	glycine amidinotransferase	1.684	2.035
36597_at	NOLC1	nucleolar and coiled-body phosphoprotein 1	0.626	2.595
36598_s_at	INPPL1	inositol polyphosphate phosphatase like 1	0.332	2.292
36600_at	PSME1	proteasome activator subunit 1	0.574	2.452
36604_at	UBE2N	ubiquitin conjugating enzyme E2 N	0.867	3.518
36605_at	TCF4	transcription factor 4	0.642	2.118
36606_at	CPE	carboxypeptidase E	0.989	1.971
36609_at	SLC1A3	solute carrier family 1 member 3	-0.4	2.218
36613_at	IFRD2	interferon related developmental regulator 2	-0.303	1.817
36617_at	ID1	inhibitor of DNA binding 1, HLH protein	1.085	2.98
36619_r_at	ID1	inhibitor of DNA binding 1, HLH protein	-0.628	3.899
36622_at	FGG	fibrinogen gamma chain	-0.546	2.437
36625_at	ACOT1///ACOT2	acyl-CoA thioesterase 1///acyl-CoA thioesterase 2	0.479	1.991
36626_at	HSD17B4	hydroxysteroid 17-beta dehydrogenase 4	0.955	5.007
36628_at	RALBP1	ralA binding protein 1	1.493	4.92
36633_at	AKAP10	A-kinase anchoring protein 10	0.79	3.496
36634_at	BTG2	BTG anti-proliferation factor 2	0.803	1.712
36636_at	OAT	ornithine aminotransferase	1.463	4.48
36637_at	ANXA11	annexin A11	0.968	4.488
36638_at	CTGF	connective tissue growth factor	1.78	3.885
36641_at	CAPZA2	capping actin protein of muscle Z-line alpha subunit 2	0.631	2.283
36643_at	MIR4640///DDR1	microRNA 4640///discoidin domain receptor tyrosine kinase 1	0.422	3.82
36645_at	RELA	RELA proto-oncogene, NF-kB subunit	0.878	3.376
36647_at	IARS2	isoleucyl-tRNA synthetase 2, mitochondrial	0.47	2.794
36650_at	CCND2	cyclin D2	0.49	2.635
36651_at	ACP2	acid phosphatase 2, lysosomal	-0.55	1.822
36653_g_at	UROS	uroporphyrinogen III synthase	0.364	2.171
36654_s_at	HNRNPA2B1	heterogeneous nuclear ribonucleoprotein A2/B1	1.236	3.448
36657_at	APOC4-APOC2///APOC4///APOC2	APOC4-APOC2 readthrough (NMD candidate)///apolipoprotein C4///apolipoprotein C2	-0.788	4.059
36659_at	COL4A2	collagen type IV alpha 2 chain	-0.55	1.705
36660_at	RAB11A	RAB11A, member RAS oncogene family	1.086	5.56
36662_at	MYL7	myosin light chain 7	-0.447	2.142
36663_at	NPPA	natriuretic peptide A	-0.637	4.008
36667_at	PYGB	phosphorylase, glycogen; brain	0.432	1.959
36668_at	CYB5R3	cytochrome b5 reductase 3	0.652	1.918
36670_at	EDC4	enhancer of mRNA decapping 4	-0.442	2.989
36675_r_at	PFN1	profilin 1	-0.383	1.757
36680_at	ACTG1P4///AMY2B///AMY2A///AMY1C///AMY1B///AMY1A	actin gamma 1 pseudogene 4///amylase, alpha 2B (pancreatic)///amylase, alpha 2A (pancreatic)///amylase, alpha 1C (salivary)///amylase, alpha 1B (salivary)///amylase, alpha 1A (salivary)	0.744	3.382
36684_at	AMD1	adenosylmethionine decarboxylase 1	0.812	3.096
36685_at	AMD1	adenosylmethionine decarboxylase 1	1.116	5.995
36688_at	SCP2	sterol carrier protein 2	1.388	2.869
36692_at	MTMR9	myotubularin related protein 9	0.497	2.442
36697_g_at	PIGCP1	phosphatidylinositol glycan anchor biosynthesis class C pseudogene 1	-0.315	1.676
36699_at	DSCAM	DS cell adhesion molecule	-0.57	2.007
36703_at	CCL25	C-C motif chemokine ligand 25	-0.402	1.706
36704_at	AP4S1	adaptor related protein complex 4 sigma 1 subunit	-0.282	2.145
36706_at	CDKL5	cyclin dependent kinase like 5	-0.482	5.595
36712_at			-0.52	1.845
36716_at	ADRA1A	adrenoceptor alpha 1A	-0.363	2.845
36717_at	LIAS	lipoic acid synthetase	0.374	1.693
36728_at	ADRA1D	adrenoceptor alpha 1D	-0.353	2.122
36730_at	ABCC10	ATP binding cassette subfamily C member 10	-0.338	2.078
36740_at	DOC2A	double C2 domain alpha	-0.432	2.603
36743_at	GALNT10	polypeptide N-acetylgalactosaminyltransferase 10	0.476	2.455
36746_s_at	CALCR	calcitonin receptor	-0.869	3.882
36747_at			-0.326	1.689
36751_at	RGS11	regulator of G-protein signaling 11	-0.425	4.102
36753_at	LILRB4	leukocyte immunoglobulin like receptor B4	-0.949	4.509
36756_at	IL5RA	interleukin 5 receptor subunit alpha	-0.502	2.56
36757_at	HIST1H3F///HIST1H3B///HIST1H3H///HIST1H3J///HIST1H3G///HIST1H3I///HIST1H3E///HIST1H3C///HIST1H3D///HIST1H3A	histone cluster 1, H3f///histone cluster 1, H3b///histone cluster 1, H3h///histone cluster 1, H3j///histone cluster 1, H3g///histone cluster 1, H3i///histone cluster 1, H3e///histone cluster 1, H3c///histone cluster 1, H3d///histone cluster 1, H3a	-0.391	2.008
36760_at	YWHAZ	tyrosine 3-monooxygenase/tryptophan 5-monooxygenase activation protein zeta	0.946	4.34
36762_at	GABRG2	gamma-aminobutyric acid type A receptor gamma2 subunit	-0.414	3.455
36765_at	SPEF1	sperm flagellar 1	-0.376	2.716
36768_at	NEUROD1	neuronal differentiation 1	-0.666	2.858
36769_at	RBBP5	RB binding protein 5, histone lysine methyltransferase complex subunit	0.609	4.108
36771_at	CNR2	cannabinoid receptor 2	-0.472	4.61
36773_f_at	LOC101060835///HLA-DQB1	HLA class II histocompatibility antigen, DQ beta 1 chain-like///major histocompatibility complex, class II, DQ beta 1	-0.67	4.57
36775_f_at	PRB1	proline rich protein BstNI subfamily 1	-0.617	3.663
36778_at	GPR143	G protein-coupled receptor 143	-0.386	2.832
36779_at	FABP6	fatty acid binding protein 6	-0.307	2.427
36782_s_at	INS-IGF2///IGF2	INS-IGF2 readthrough///insulin like growth factor 2	-0.559	3.213
36783_f_at	ZNF117	zinc finger protein 117	1.509	5.063
36788_at	GPC5	glypican 5	1.067	4.141
36789_f_at	LILRB5	leukocyte immunoglobulin like receptor B5	-0.443	1.775
36797_at			-0.587	2.046
36799_at	FZD2	frizzled class receptor 2	-0.24	2.093
36806_at	TRPV6	transient receptor potential cation channel subfamily V member 6	-0.566	3.939
36807_at	FAM155B	family with sequence similarity 155 member B	-0.384	2.042
36813_at	TRIP13	thyroid hormone receptor interactor 13	-0.224	1.672
36814_at	KIAA1109	KIAA1109	1.44	8.969
36819_at	ATXN3	ataxin 3	0.507	1.652
36821_at	FAM171A1	family with sequence similarity 171 member A1	1.371	7.74
36824_at	ASTN1	astrotactin 1	-0.606	1.71
36827_at	ACBD3	acyl-CoA binding domain containing 3	1.304	9.918
36830_at	MIPEP	mitochondrial intermediate peptidase	0.521	4.253
36834_at	MOXD1	monooxygenase DBH like 1	-0.516	3.823
36835_at	PKN2	protein kinase N2	1.357	6.605
36838_at	KLK10	kallikrein related peptidase 10	-0.394	2.459
36839_at	CDC6	cell division cycle 6	-0.84	8.051
36842_at	ERC2	ELKS/RAB6-interacting/CAST family member 2	-0.59	3.71
36843_at	SIPA1	signal-induced proliferation-associated 1	-0.404	3.329
36845_at	MORC3	MORC family CW-type zinc finger 3	1.157	3.319
36847_r_at	LSM7	LSM7 homolog, U6 small nuclear RNA and mRNA degradation associated	-0.335	1.922
36848_r_at	LSM7	LSM7 homolog, U6 small nuclear RNA and mRNA degradation associated	-0.823	6.566
36849_at	ARHGAP29	Rho GTPase activating protein 29	0.912	2.703
36851_g_at	TUSC3	tumor suppressor candidate 3	1.16	3.636
36852_at	TUSC3	tumor suppressor candidate 3	0.676	2.845
36853_at	GRIA1	glutamate ionotropic receptor AMPA type subunit 1	-0.61	3.403
36854_s_at	GRIA1	glutamate ionotropic receptor AMPA type subunit 1	-0.59	2.597
36856_at	PLEKHO2	pleckstrin homology domain containing O2	-0.439	2.851
36857_at	RAD1	RAD1 checkpoint DNA exonuclease	1.095	6.373
36860_at	ZC3H4	zinc finger CCCH-type containing 4	0.514	2.384
36864_at	PEX3	peroxisomal biogenesis factor 3	1.605	7.244
36870_at	VPS8	VPS8, CORVET complex subunit	0.385	2.427
36871_at	EPB42	erythrocyte membrane protein band 4.2	-0.731	3.262
36873_at	VLDLR	very low density lipoprotein receptor	0.556	2.597
36875_at	IBTK	inhibitor of Bruton tyrosine kinase	0.654	3.489
36876_at	FAH	fumarylacetoacetate hydrolase	0.475	2.252
36880_at	NQO2	NAD(P)H quinone dehydrogenase 2	0.509	1.95
36882_at	HOXD9	homeobox D9	-0.4	2.002
36884_at	CD163	CD163 molecule	-0.403	2.108
36886_f_at	KIR2DL5B///KIR2DL5A///KIR3DS1///KIR3DL2///KIR3DL1///KIR2DS5///KIR2DL4///KIR2DL3///KIR2DL2///KIR2DL1	killer cell immunoglobulin like receptor, two Ig domains and long cytoplasmic tail 5B///killer cell immunoglobulin like receptor, two Ig domains and long cytoplasmic tail 5A///killer cell immunoglobulin like receptor, three Ig domains and short cytoplasmic tail 1///killer cell immunoglobulin like receptor, three Ig domains and long cytoplasmic tail 2///killer cell immunoglobulin like receptor, three Ig domains and long cytoplasmic tail 1///killer cell immunoglobulin like receptor, two Ig domains and short cytoplasmic tail 5///killer cell immunoglobulin like receptor, two Ig domains and long cytoplasmic tail 4///killer cell immunoglobulin like receptor, two Ig domains and long cytoplasmic tail 3///killer cell immunoglobulin like receptor, two Ig domains and long cytoplasmic tail 2///killer cell immunoglobulin like receptor, two Ig domains and long cytoplasmic tail 1	-0.49	4.87
36888_at	HAUS5	HAUS augmin like complex subunit 5	-0.334	1.803
36891_at	MCAT	malonyl-CoA-acyl carrier protein transacylase	-0.366	2.086
36895_at	ORC3	origin recognition complex subunit 3	0.495	1.979
36897_at	MLC1	megalencephalic leukoencephalopathy with subcortical cysts 1	-0.683	1.666
36899_at	SATB1	SATB homeobox 1	0.613	4.033
36901_at	TMF1	TATA element modulatory factor 1	0.421	2.193
36905_at	MAP3K7	mitogen-activated protein kinase kinase kinase 7	0.761	5.074
36906_at	CNR1	cannabinoid receptor 1	-0.629	2.842
36907_at	MVK	mevalonate kinase	-0.261	2.394
36909_at	WEE1	WEE1 G2 checkpoint kinase	1.895	10.38
36910_at	MAP2K4	mitogen-activated protein kinase kinase 4	1.156	5.231
36914_at	CTSO	cathepsin O	-0.319	2.546
36915_at	CTSO	cathepsin O	0.486	3.735
36916_at	ST3GAL4	ST3 beta-galactoside alpha-2,3-sialyltransferase 4	-0.257	2.102
36917_at	LAMA2	laminin subunit alpha 2	-0.528	2.804
36920_at	MTM1	myotubularin 1	0.37	2.032
36921_at	DYNLT3	dynein light chain Tctex-type 3	1.216	4.759
36922_at	RRM2	ribonucleotide reductase regulatory subunit M2	-0.552	4.423
36923_at	FPGS	folylpolyglutamate synthase	-0.274	1.663
36924_r_at	SCG2	secretogranin II	-0.453	1.849
36925_at	HSPA2	heat shock protein family A (Hsp70) member 2	1.364	3.053
36926_at	MAPK6	mitogen-activated protein kinase 6	0.797	6.032
36928_at	ZNF146	zinc finger protein 146	1.025	5.515
36932_at	GTF3C2	general transcription factor IIIC subunit 2	0.83	4.254
36933_at	NDRG1	N-myc downstream regulated 1	0.84	3.15
36934_at	OSER1	oxidative stress responsive serine rich 1	-0.604	2.673
36936_at	TSTA3	tissue specific transplantation antigen P35B	-0.394	2.51
36941_at	MLLT11	myeloid/lymphoid or mixed-lineage leukemia; translocated to, 11	-0.545	2.028
36942_at	IST1	IST1, ESCRT-III associated factor	0.514	3.551
36943_r_at	PLAGL1	PLAG1 like zinc finger 1	0.981	1.824
36946_at	DYRK1A	dual specificity tyrosine phosphorylation regulated kinase 1A	1.328	6.737
36947_s_at	DYRK1A	dual specificity tyrosine phosphorylation regulated kinase 1A	-0.481	2.227
36948_at	EID1	EP300 interacting inhibitor of differentiation 1	0.938	2.665
36954_at	TATDN2	TatD DNase domain containing 2	0.33	4.435
36957_at	ZMYND8	zinc finger MYND-type containing 8	1.017	3.679
36960_at	PHC2	polyhomeotic homolog 2	0.736	3.021
36961_at	LETMD1	LETM1 domain containing 1	0.574	5.032
36962_at	COPA	coatomer protein complex subunit alpha	1.198	8.25
36965_at	ANK3	ankyrin 3, node of Ranvier (ankyrin G)	1.153	2.842
36971_at	TMEM131	transmembrane protein 131	0.925	7.041
36973_at	SF3B2	splicing factor 3b subunit 2	0.325	2.107
36974_at	PSMF1	proteasome inhibitor subunit 1	0.453	2.165
36975_at	SARAF	store-operated calcium entry associated regulatory factor	0.576	2.81
36976_at	CDH11	cadherin 11	1.326	3.334
36978_at	PSME4	proteasome activator subunit 4	0.506	2.829
36980_at	PNRC1	proline rich nuclear receptor coactivator 1	1.318	2.5
36982_at	USP14	ubiquitin specific peptidase 14	0.929	6.597
36983_f_at	HP	haptoglobin	-0.355	2.822
36986_at	LYPLA2	lysophospholipase II	-0.46	3.042
36989_at	DAG1	dystroglycan 1	0.297	2.436
36995_at	AMBP	alpha-1-microglobulin/bikunin precursor	-0.657	4.499
36997_at	AK1	adenylate kinase 1	-0.696	6.001
36998_s_at	ATXN2	ataxin 2	0.751	3.733
37000_at	MPC2	mitochondrial pyruvate carrier 2	0.913	2.772
37004_at	SFTPB	surfactant protein B	-0.593	1.78
37006_at	JCHAIN	joining chain of multimeric IgA and IgM	2.154	1.717
37007_at	SERINC3	serine incorporator 3	1.056	5.083
37008_r_at	SERPINA5	serpin family A member 5	0.703	2.08
37009_at	CAT	catalase	1.098	2.611
37010_at	GTF2A2	general transcription factor IIA subunit 2	0.668	3.144
37011_at	AIF1	allograft inflammatory factor 1	1.093	2.422
37012_at	CAPZB	capping actin protein of muscle Z-line beta subunit	0.848	5.496
37017_at	PLA2G2A	phospholipase A2 group IIA	-0.582	2.455
37020_at	CRP	C-reactive protein, pentraxin-related	-0.825	4.991
37022_at	PRELP	proline and arginine rich end leucine rich repeat protein	-0.776	6.695
37025_at	LITAF	lipopolysaccharide induced TNF factor	0.912	2.352
37031_at	FAM120A	family with sequence similarity 120A	0.879	5.261
37034_at	ANP32A	acidic nuclear phosphoprotein 32 family member A	1.042	5.111
37035_at	SERP1	stress-associated endoplasmic reticulum protein 1	1.506	6.244
37036_at	MDN1	midasin AAA ATPase 1	0.736	6.617
37037_at	P4HA1	prolyl 4-hydroxylase subunit alpha 1	0.783	4.925
37038_at	ABCD3	ATP binding cassette subfamily D member 3	1.44	5.015
37040_at	GANAB	glucosidase II alpha subunit	0.677	2.959
37042_at	HYAL2	hyaluronoglucosaminidase 2	-0.497	6.204
37043_at	ID3	inhibitor of DNA binding 3, HLH protein	0.311	1.702
37045_at	SNX19	sorting nexin 19	0.413	2.136
37046_at	PSMA5	proteasome subunit alpha 5	0.552	1.943
37047_at	NPC1	NPC intracellular cholesterol transporter 1	-0.497	2.977
37048_at	TOMM34	translocase of outer mitochondrial membrane 34	-0.287	2.21
37050_r_at	TOMM34	translocase of outer mitochondrial membrane 34	1.167	5.193
37051_at	KCNN3	potassium calcium-activated channel subfamily N member 3	-0.443	2.248
37059_at	GCKR	glucokinase (hexokinase 4) regulator	-0.299	2.106
37062_at	GABRA2	gamma-aminobutyric acid type A receptor alpha2 subunit	0.455	1.862
37066_at	PRTN3	proteinase 3	-0.348	1.921
37068_at	PLA2G7	phospholipase A2 group VII	-0.622	2.751
37069_at	DGCR5	DiGeorge syndrome critical region gene 5 (non-protein coding)	-0.616	5.132
37070_at	MPZ	myelin protein zero	-0.897	9.753
37072_at	CNGB1	cyclic nucleotide gated channel beta 1	-1.487	4.166
37074_at	SNTB1	syntrophin beta 1	-0.749	2.808
37075_at	SNTB1	syntrophin beta 1	-0.657	2.407
37076_at	SLC2A4	solute carrier family 2 member 4	-0.695	4.434
37079_at	NUS1P3	NUS1 dehydrodolichyl diphosphate synthase subunit pseudogene 3	0.537	2.766
37080_at	LOC102724528///PIGC	uncharacterized LOC102724528///phosphatidylinositol glycan anchor biosynthesis class C	-0.786	1.728
37088_at	AURKC	aurora kinase C	-0.528	5.32
37089_at	ADAM3A	ADAM metallopeptidase domain 3A (pseudogene)	-0.452	1.961
37091_g_at	ADAM3A	ADAM metallopeptidase domain 3A (pseudogene)	-0.959	4.125
37094_at	XRCC3	X-ray repair cross complementing 3	-0.407	4.052
37095_r_at	FPR2	formyl peptide receptor 2	-0.623	2.823
37097_at	SLC17A1	solute carrier family 17 member 1	0.51	1.685
37101_at	BRMS1	breast cancer metastasis suppressor 1	-0.446	3.955
37105_at	CTSG	cathepsin G	-0.519	4.343
37106_at	ZNF354A	zinc finger protein 354A	0.336	2.132
37107_at	PPM1D	protein phosphatase, Mg2+/Mn2+ dependent 1D	0.657	3.146
37108_at	CSNK1A1	casein kinase 1 alpha 1	-0.584	3.977
37115_at	ZMYND8	zinc finger MYND-type containing 8	-0.537	1.716
37117_at	PRR5-ARHGAP8///ARHGAP8	PRR5-ARHGAP8 readthrough///Rho GTPase activating protein 8	0.324	2.352
37118_at	RFPL1S	RFPL1 antisense RNA 1	-0.448	2.186
37120_at	TKTL1	transketolase like 1	-0.619	2.256
37123_at	VILL	villin like	-0.473	3.998
37125_f_at	CYP3A43///CYP3A5	cytochrome P450 family 3 subfamily A member 43///cytochrome P450 family 3 subfamily A member 5	0.674	1.776
37135_f_at	GRIN1	glutamate ionotropic receptor NMDA type subunit 1	-0.466	2.191
37137_at	GZMB	granzyme B	-0.45	2.049
37140_s_at	EDA	ectodysplasin A	-0.682	1.904
37143_s_at	PFAS	phosphoribosylformylglycinamidine synthase	-0.412	1.772
37144_at	PIAS4	protein inhibitor of activated STAT 4	-0.868	4.391
37147_at	CLEC11A	C-type lectin domain family 11 member A	-0.383	2.453
37150_at	KLHL20	kelch like family member 20	0.682	3.055
37156_at	ETV1	ETS variant 1	0.54	1.668
37157_at	CALB2	calbindin 2	-0.583	2.839
37158_at	SAMD14	sterile alpha motif domain containing 14	-0.796	3.936
37160_at	SPRR1B	small proline rich protein 1B	-0.507	4.448
37161_at	RSL1D1	ribosomal L1 domain containing 1	1.056	6.916
37162_at	CCDC6	coiled-coil domain containing 6	0.679	4.068
37164_at	RHD	Rh blood group D antigen	-0.652	2.533
37165_f_at	RHD///RHCE	Rh blood group D antigen///Rh blood group CcEe antigens	-0.253	2.717
37170_at	BMP2K	BMP2 inducible kinase	1.356	4.363
37177_at	CD58	CD58 molecule	0.885	3.835
37178_at	SLC25A46	solute carrier family 25 member 46	1.457	6.373
37181_at	MPV17	MPV17, mitochondrial inner membrane protein	0.669	6.188
37183_at	GAD1	glutamate decarboxylase 1	0.342	1.897
37184_at	STX1A	syntaxin 1A	-0.509	2.508
37186_s_at	AOC1	amine oxidase, copper containing 1	1.902	3.279
37188_at	PCK2	phosphoenolpyruvate carboxykinase 2, mitochondrial	0.847	1.817
37190_at	WASF1	WAS protein family member 1	0.823	6.391
37192_at	DMTN	dematin actin binding protein	-0.37	3.903
37193_at	MIR3658///UCK2	microRNA 3658///uridine-cytidine kinase 2	-0.384	2.393
37195_at	CYP11A1	cytochrome P450 family 11 subfamily A member 1	-0.307	3.103
37196_at	CDH5	cadherin 5	0.531	2.479
37197_s_at	DYNC2LI1	dynein cytoplasmic 2 light intermediate chain 1	0.487	2.407
37199_at	DYNC2LI1	dynein cytoplasmic 2 light intermediate chain 1	0.441	2.285
371_at	IRF3	interferon regulatory factor 3	-0.331	3.384
37203_at	LOC100653086///LOC100653057///CES1P1///CES1	uncharacterized LOC100653086///liver carboxylesterase 1-like///carboxylesterase 1 pseudogene 1///carboxylesterase 1	-0.385	2.178
37204_at	ITIH3	inter-alpha-trypsin inhibitor heavy chain 3	-0.729	4.943
37207_at	SERPINA7	serpin family A member 7	-0.667	3.818
37211_at	BDH1	3-hydroxybutyrate dehydrogenase, type 1	0.361	2.367
37220_at	FCGR1CP///FCGR1B///FCGR1A	Fc fragment of IgG receptor Ic, pseudogene///Fc fragment of IgG receptor Ib///Fc fragment of IgG receptor Ia	-0.714	1.711
37221_at	PRKAR2B	protein kinase cAMP-dependent type II regulatory subunit beta	0.769	3.738
37223_at	SGCB	sarcoglycan beta	0.596	3.752
37225_at	KANK1	KN motif and ankyrin repeat domains 1	0.901	3.159
37228_at	PLK1	polo like kinase 1	-0.761	2.735
37229_at	ATR	ATR serine/threonine kinase	0.592	4.716
37231_at	DLGAP5	DLG associated protein 5	-0.38	2.065
37236_at	KNG1	kininogen 1	1.885	6.368
37238_s_at	PKMYT1	protein kinase, membrane associated tyrosine/threonine 1	-0.816	6.252
37239_r_at	PKMYT1	protein kinase, membrane associated tyrosine/threonine 1	-0.843	7.291
37242_at	FTO	fat mass and obesity associated	0.565	5.143
37244_at	UCHL3	ubiquitin C-terminal hydrolase L3	0.705	2.77
37245_at	GABPA	GA binding protein transcription factor alpha subunit	0.459	2.268
37246_at	ACD	adrenocortical dysplasia homolog	-0.57	5.365
37247_at	TCF21	transcription factor 21	0.712	2.895
37250_at	GJA9-MYCBP///MYCBP	GJA9-MYCBP readthrough///MYC binding protein	0.527	3.809
37252_at	SNAPC2	small nuclear RNA activating complex polypeptide 2	-0.404	2.861
37253_at	PIP5K1B	phosphatidylinositol-4-phosphate 5-kinase type 1 beta	0.737	4.172
37255_at	NDST2	N-deacetylase and N-sulfotransferase 2	-0.319	2.565
37257_at	PRUNE1	prune exopolyphosphatase	-0.521	3.548
37259_at	SERPINI1	serpin family I member 1	0.638	2.538
37261_g_at	ABCC9	ATP binding cassette subfamily C member 9	-0.525	2.131
37263_at	GGH	gamma-glutamyl hydrolase	0.951	4.562
37265_at	RIMS3	regulating synaptic membrane exocytosis 3	-0.239	1.951
37268_at	VEGFB	vascular endothelial growth factor B	0.373	2.604
37269_at	LZTR1	leucine zipper like transcription regulator 1	-0.945	4.933
37272_at	ITPKB	inositol-trisphosphate 3-kinase B	0.575	4.725
37273_at	ERBB4	erb-b2 receptor tyrosine kinase 4	1.031	5.5
37276_at	IQGAP2	IQ motif containing GTPase activating protein 2	0.874	3.477
37277_at	NAIP	NLR family apoptosis inhibitory protein	-0.425	1.935
37279_at	GEM	GTP binding protein overexpressed in skeletal muscle	0.543	1.919
37281_at	PIEZO1	piezo type mechanosensitive ion channel component 1	-0.401	1.838
37283_at	MN1	MN1 proto-oncogene, transcriptional regulator	-0.548	3.7
37285_at	ALAS2	5'-aminolevulinate synthase 2	-0.475	4.617
37288_g_at	NRCAM	neuronal cell adhesion molecule	-0.78	2.503
37291_r_at	SNCA	synuclein alpha	0.84	1.901
37296_at	ARL1	ADP ribosylation factor like GTPase 1	0.501	3.426
37301_at	PRKCB	protein kinase C beta	-0.603	3.656
37304_at	CBX1	chromobox 1	0.771	3.04
37309_at	RHOA	ras homolog family member A	0.555	2.742
37311_at	TALDO1	transaldolase 1	0.53	2.025
37312_at	SERTAD2	SERTA domain containing 2	0.401	1.931
37315_f_at	EAPP	E2F associated phosphoprotein	0.7	3.629
37317_at	PAFAH1B1	platelet activating factor acetylhydrolase 1b regulatory subunit 1	-0.43	3.171
37318_at	ETF1	eukaryotic translation termination factor 1	1.236	3.493
37320_at	PTDSS1	phosphatidylserine synthase 1	0.376	2.555
37321_at	TTC1	tetratricopeptide repeat domain 1	-0.227	1.964
37323_r_at	HPGD	hydroxyprostaglandin dehydrogenase 15-(NAD)	-0.599	5.931
37325_at	FDPS	farnesyl diphosphate synthase	0.814	4.138
37329_at	NDUFV1	NADH:ubiquinone oxidoreductase core subunit V1	0.515	2.849
37330_at	ALDH4A1	aldehyde dehydrogenase 4 family member A1	0.423	2.125
37332_r_at	ALDH4A1	aldehyde dehydrogenase 4 family member A1	-0.486	3.574
37333_at	DNMT1	DNA (cytosine-5-)-methyltransferase 1	-0.283	2.195
37334_at	HNRNPA0	heterogeneous nuclear ribonucleoprotein A0	0.551	2.269
37336_at	UBXN4	UBX domain protein 4	1.241	5.375
37338_at	PRPSAP1	phosphoribosyl pyrophosphate synthetase associated protein 1	0.496	2.465
37340_at	GGCX	gamma-glutamyl carboxylase	-0.411	2.571
37345_at	CALU	calumenin	0.637	1.671
37347_at	CKS1B	CDC28 protein kinase regulatory subunit 1B	0.362	2.192
37348_s_at	HMGN3	high mobility group nucleosomal binding domain 3	0.953	2.219
37350_at	PSMD10	proteasome 26S subunit, non-ATPase 10	0.88	5.137
37352_at	SP100	SP100 nuclear antigen	0.899	4.003
37353_g_at	SP100	SP100 nuclear antigen	0.359	2.985
37357_at	LOC101060817///LOC729080///GCSH	glycine cleavage system H protein, mitochondrial-like///glycine cleavage system protein H (aminomethyl carrier) pseudogene///glycine cleavage system protein H	1.461	3.48
37358_at	UBE2E1	ubiquitin conjugating enzyme E2 E1	0.917	3.233
37359_at	SPCS2	signal peptidase complex subunit 2	1.191	4.379
37363_at	MTSS1	metastasis suppressor 1	1.185	6.714
37364_at	PHB2	prohibitin 2	0.483	2.397
37366_at	PDLIM5	PDZ and LIM domain 5	0.44	1.894
37369_s_at	NFATC4	nuclear factor of activated T-cells 4	-0.388	2.957
37371_at	SMPD1	sphingomyelin phosphodiesterase 1	-0.547	4.492
37372_at	SMPD1	sphingomyelin phosphodiesterase 1	-0.599	5.185
37373_at	UGP2	UDP-glucose pyrophosphorylase 2	0.613	1.773
37374_at	ANXA4	annexin A4	0.963	2.075
37377_i_at	LMNA	lamin A/C	-0.34	1.667
37378_r_at	LMNA	lamin A/C	-0.801	4.727
37382_at	LOC101929876///LOC100996747///RPS26	40S ribosomal protein S26///40S ribosomal protein S26///ribosomal protein S26	-0.642	1.832
37385_at	PPIG	peptidylprolyl isomerase G	0.553	2.649
37389_at	C11orf58	chromosome 11 open reading frame 58	1.419	4.183
37391_at	CTSL	cathepsin L	0.77	2.655
37392_at	PHKB	phosphorylase kinase regulatory subunit beta	1.898	7.333
37396_at	RFXANK	regulatory factor X associated ankyrin containing protein	-0.713	2.938
373_at			-0.79	4.134
37404_at	RGS12	regulator of G-protein signaling 12	-0.532	5.839
37405_at	SELENBP1	selenium binding protein 1	0.951	3.065
37406_at	MAPRE2	microtubule associated protein RP/EB family member 2	0.385	1.876
37409_at	SRPK2	SRSF protein kinase 2	1.192	3.92
37412_at	PIP4K2A	phosphatidylinositol-5-phosphate 4-kinase type 2 alpha	-1.026	4.709
37415_at	ATP10B	ATPase phospholipid transporting 10B (putative)	-0.34	1.951
37417_at	POU2F2	POU class 2 homeobox 2	-0.588	4.307
37419_g_at	POU2F2	POU class 2 homeobox 2	-0.414	3.822
37420_i_at	HLA-F	major histocompatibility complex, class I, F	0.834	1.82
37422_at	PPIC	peptidylprolyl isomerase C	0.6	2.586
37423_at	SLC12A2	solute carrier family 12 member 2	-0.537	2.605
37426_at	TOX3	TOX high mobility group box family member 3	1.212	4.163
37427_at	NTNG1	netrin G1	-0.548	4.324
37429_g_at	NTNG1	netrin G1	-0.498	2.223
37430_at	ALOX15B	arachidonate 15-lipoxygenase, type B	-0.443	3.195
37432_g_at	PIAS2	protein inhibitor of activated STAT 2	-0.368	2.537
37442_at	DKFZP586I1420	uncharacterized protein DKFZp586I1420	0.767	3.531
37443_at	TRMU	tRNA 5-methylaminomethyl-2-thiouridylate methyltransferase	-0.404	2.018
37444_at	PARD6A	par-6 family cell polarity regulator alpha	-0.344	1.807
37445_at	TMEM5	transmembrane protein 5	0.517	2.049
37446_at	GPRASP1	G protein-coupled receptor associated sorting protein 1	0.334	2.182
37448_s_at	GNAS	GNAS complex locus	0.858	2.848
37449_i_at	GNAS	GNAS complex locus	1.07	3.873
37450_r_at	GNAS	GNAS complex locus	0.755	2.84
37453_at	CLPX	caseinolytic mitochondrial matrix peptidase chaperone subunit	1.029	4.079
37454_at	CCL13	C-C motif chemokine ligand 13	-0.68	2.196
37455_at	CXCR5	C-X-C motif chemokine receptor 5	-0.424	3.781
37457_at	LRRTM2	leucine rich repeat transmembrane neuronal 2	-0.638	2.159
37458_at	CDC45	cell division cycle 45	-0.338	3.48
37460_at	TIAM1	T-cell lymphoma invasion and metastasis 1	-0.585	5.102
37461_at	ANGPT2	angiopoietin 2	-0.541	3.643
37463_r_at	SF3A2	splicing factor 3a subunit 2	-1.02	5.708
37464_at	PEX13	peroxisomal biogenesis factor 13	0.784	5.279
37465_at	TPPP	tubulin polymerization promoting protein	-0.397	2.675
37466_at	RAB29	RAB29, member RAS oncogene family	1.667	3.802
37470_at	LAIR1	leukocyte associated immunoglobulin like receptor 1	-0.337	2.697
37478_at	SCGN	secretagogin, EF-hand calcium binding protein	-0.694	8.058
37480_at	THPO	thrombopoietin	-0.432	1.975
37484_at	ITGA1	integrin subunit alpha 1	0.74	5.706
37486_f_at	MEIS3P1	Meis homeobox 3 pseudogene 1	-0.498	1.878
37487_at	TNRC6B	trinucleotide repeat containing 6B	0.473	4.088
37489_s_at	SLC4A3	solute carrier family 4 member 3	-0.413	2.585
37490_at	SLC4A3	solute carrier family 4 member 3	-0.298	2.399
37491_at	TAF1	TATA-box binding protein associated factor 1	0.529	4.606
37492_at	CLMN	calmin	0.564	4.169
37494_at	CSF2RB	colony stimulating factor 2 receptor beta common subunit	-0.557	6.245
37496_at	ABCB8	ATP binding cassette subfamily B member 8	-0.387	2.316
37498_at	KCNG1	potassium voltage-gated channel modifier subfamily G member 1	-0.278	2.171
37502_at	SMC2	structural maintenance of chromosomes 2	-0.824	5.285
37503_at	TBC1D30	TBC1 domain family member 30	-0.521	3.282
37506_at	PRPF40A	pre-mRNA processing factor 40 homolog A	1.861	11.676
37507_i_at	PRPF40A	pre-mRNA processing factor 40 homolog A	0.947	5.634
37508_f_at	PRPF40A	pre-mRNA processing factor 40 homolog A	1.785	9.96
37509_at	CRLF3	cytokine receptor like factor 3	0.845	2.223
37511_at	B9D1	B9 domain containing 1	-0.659	3.206
37517_at	RAP1GAP2	RAP1 GTPase activating protein 2	-0.242	1.846
37519_at	ASGR1	asialoglycoprotein receptor 1	-0.591	2.831
37520_at	ZNF330	zinc finger protein 330	0.877	3.144
37521_s_at	ZNF330	zinc finger protein 330	-0.428	1.897
37525_at	EPPIN-WFDC6///EPPIN	EPPIN-WFDC6 readthrough///epididymal peptidase inhibitor	-0.395	2.2
37526_at	VNN1	vanin 1	-0.426	2.689
37534_at	CXADR	coxsackie virus and adenovirus receptor	0.799	3.3
37535_at	CREB1	cAMP responsive element binding protein 1	1.675	4.694
37538_at	LOC730101	uncharacterized LOC730101	-0.482	2.988
37539_at	RGL1	ral guanine nucleotide dissociation stimulator like 1	0.868	5.631
37540_at	MYOM2	myomesin 2	-0.453	2.518
37541_at	SELPLG	selectin P ligand	-0.353	1.692
37546_r_at	SCAMP5	secretory carrier membrane protein 5	-0.966	2.848
37547_at	BBS9	Bardet-Biedl syndrome 9	0.405	1.741
37549_g_at	BBS9	Bardet-Biedl syndrome 9	0.389	3.329
37554_at	KLK6	kallikrein related peptidase 6	-0.464	1.998
37555_at	PWP2	PWP2 periodic tryptophan protein homolog (yeast)	0.263	2.828
37560_at	SNED1	sushi, nidogen and EGF like domains 1	-0.304	1.725
37566_at	PHF24	PHD finger protein 24	-0.871	2.581
37569_at	PDCD6	programmed cell death 6	0.908	5.524
37570_at	ARL2-SNX15///SNX15	ARL2-SNX15 readthrough (NMD candidate)///sorting nexin 15	-0.429	1.917
37572_at	CCK	cholecystokinin	-0.467	2.871
37573_at	ANGPTL2	angiopoietin like 2	-0.593	2.913
37575_at	ATF2	activating transcription factor 2	1.863	7.006
37581_at	PPP6C	protein phosphatase 6 catalytic subunit	0.552	3.222
37582_at	KRT15	keratin 15	-0.319	1.682
37588_s_at	MAPK8IP2	mitogen-activated protein kinase 8 interacting protein 2	-0.467	2.731
37589_at			0.35	2.072
37591_at	UCP2	uncoupling protein 2	0.476	1.715
37593_at	PCCA	propionyl-CoA carboxylase alpha subunit	0.753	2.144
37596_at	PLCD1	phospholipase C delta 1	-0.417	3.933
37601_at	SLC22A3	solute carrier family 22 member 3	-0.392	2.312
37604_at	HNMT	histamine N-methyltransferase	0.739	2.389
37605_at	COL2A1	collagen type II alpha 1 chain	-0.385	3.296
37606_at	KHK	ketohexokinase	0.253	2.213
37608_g_at	KHK	ketohexokinase	1.248	4.195
37609_at	NUBP1	nucleotide binding protein 1	0.277	3.1
37611_at	TNFRSF11B	TNF receptor superfamily member 11b	1.131	3.238
37615_at	GRB10	growth factor receptor bound protein 10	0.958	6.054
37616_at	AUH	AU RNA binding methylglutaconyl-CoA hydratase	1.19	4.819
37617_at	CCSER2	coiled-coil serine rich protein 2	0.757	3.305
37619_at	METAP1	methionyl aminopeptidase 1	0.842	7.336
37622_r_at	PSIP1	PC4 and SFRS1 interacting protein 1	0.866	2.959
37625_at	IRF4	interferon regulatory factor 4	-0.54	4.726
37628_at	MAOB	monoamine oxidase B	1.101	7.667
37633_s_at	PAEP	progestagen associated endometrial protein	-0.553	4.921
37634_at	PAEP	progestagen associated endometrial protein	-0.651	4.04
37635_at	TCHH	trichohyalin	-0.375	1.796
37639_at	HPN	hepsin	0.833	2.791
37640_at	HPRT1	hypoxanthine phosphoribosyltransferase 1	0.808	3.883
37644_s_at	FAS	Fas cell surface death receptor	-0.82	2.777
37648_at	TTLL12	tubulin tyrosine ligase like 12	-0.464	2.919
37649_at	HMBS	hydroxymethylbilane synthase	-0.507	2.56
37650_at	MKRN1	makorin ring finger protein 1	0.576	3.723
37652_at	CABIN1	calcineurin binding protein 1	-0.552	3.493
37654_at	SNX17	sorting nexin 17	0.503	3.226
37655_at	GOLGB1	golgin B1	0.333	2.595
37659_at	IMMT	inner membrane mitochondrial protein	1.438	6.31
37660_at	SPAG8	sperm associated antigen 8	-0.772	6.416
37661_at	ATP2B1	ATPase plasma membrane Ca2+ transporting 1	0.74	2.03
37662_at	UBE2G1	ubiquitin conjugating enzyme E2 G1	0.442	2.81
37665_at	EIF2B1	eukaryotic translation initiation factor 2B subunit alpha	-0.779	2.603
37667_at	UROD	uroporphyrinogen decarboxylase	0.792	4.194
37668_at	C1QBP	complement C1q binding protein	0.923	4.321
37670_at	ANXA7	annexin A7	1.182	4.36
37672_at	USP7	ubiquitin specific peptidase 7	0.845	7.333
37676_at	PDE8A	phosphodiesterase 8A	0.891	7.093
37677_at	PGK1	phosphoglycerate kinase 1	0.739	1.758
37678_at	BAMBI	BMP and activin membrane bound inhibitor	0.981	6.528
37680_at	AKAP12	A-kinase anchoring protein 12	0.854	1.717
37681_i_at	SNHG4///MATR3	small nucleolar RNA host gene 4///matrin 3	0.585	2.487
37685_at	PICALM	phosphatidylinositol binding clathrin assembly protein	1.148	3.385
37686_s_at	UNG	uracil DNA glycosylase	0.622	2.193
37687_i_at	FCGR2C///FCGR2A	Fc fragment of IgG receptor IIc (gene/pseudogene)///Fc fragment of IgG receptor IIa	-0.509	4.032
37689_s_at	FCGR2A	Fc fragment of IgG receptor IIa	-0.237	1.677
37691_at	MEF2B///BORCS8///BORCS8-MEF2B	myocyte enhancer factor 2B///BLOC-1 related complex subunit 8///BORCS8-MEF2B readthrough	-0.252	1.942
37693_at	LOC101930388///LOC101928143///NUMB	uncharacterized LOC101930388///uncharacterized LOC101928143///NUMB, endocytic adaptor protein	1.158	2.886
37694_at	PHF3	PHD finger protein 3	1.649	6.549
37695_at	RNF144A	ring finger protein 144A	0.432	2.706
37696_at	VDAC2	voltage dependent anion channel 2	0.976	5.49
37700_at	BLMH	bleomycin hydrolase	-0.666	2.682
37702_at	CUL3	cullin 3	-0.634	3.082
37703_at	SNORD45C///SNORD45A///SNORD45B///RABGGTB	small nucleolar RNA, C/D box 45C///small nucleolar RNA, C/D box 45A///small nucleolar RNA, C/D box 45B///Rab geranylgeranyltransferase beta subunit	1.02	7.077
37704_at	BCKDHA	branched chain keto acid dehydrogenase E1, alpha polypeptide	-0.258	1.691
37707_i_at	ADH5	alcohol dehydrogenase 5 (class III), chi polypeptide	1.639	6.448
37708_r_at	ADH5	alcohol dehydrogenase 5 (class III), chi polypeptide	1.551	6.332
37709_at	PUDP	pseudouridine 5'-phosphatase	0.295	2.168
37710_at	MEF2C	myocyte enhancer factor 2C	0.619	3.205
37716_at	CD200	CD200 molecule	0.323	1.943
37717_at	HNRNPM	heterogeneous nuclear ribonucleoprotein M	0.554	2.307
37718_at	SNRK	SNF related kinase	0.79	2.177
37719_at	MLF2	myeloid leukemia factor 2	0.598	5.627
37723_at	CCNG2	cyclin G2	0.595	2.369
37725_at	PPP1CC	protein phosphatase 1 catalytic subunit gamma	0.562	3.167
37726_at	MRPL3	mitochondrial ribosomal protein L3	0.597	1.923
37727_i_at	RCN2	reticulocalbin 2	0.916	2.294
37729_at	XPO1	exportin 1	1.014	3.586
37731_at	EPS15	epidermal growth factor receptor pathway substrate 15	1.407	7.668
37732_at	RYBP	RING1 and YY1 binding protein	1.211	2.073
37736_at	PCMT1	protein-L-isoaspartate (D-aspartate) O-methyltransferase	0.964	4.163
37738_g_at	PCMT1	protein-L-isoaspartate (D-aspartate) O-methyltransferase	0.676	1.915
37741_at	PYCR1	pyrroline-5-carboxylate reductase 1	-0.468	3.321
37744_r_at	FEZ1	fasciculation and elongation protein zeta 1	-0.667	3.562
37747_at	ANXA5	annexin A5	1.047	3.803
37748_at	KIAA0232	KIAA0232	0.678	5.209
37750_at	UBE2V2	ubiquitin conjugating enzyme E2 V2	1.033	4.165
37751_at	TM9SF4	transmembrane 9 superfamily member 4	0.615	4.409
37752_at	EIF4E	eukaryotic translation initiation factor 4E	0.598	2.003
37753_at	SMARCD1	SWI/SNF related, matrix associated, actin dependent regulator of chromatin, subfamily d, member 1	-0.2	2.186
37755_at	BTBD3	BTB domain containing 3	1.078	5.448
37756_at	RYK	receptor-like tyrosine kinase	1.133	5.702
37760_at	BAIAP2	BAI1 associated protein 2	0.553	2.676
37762_at	EMP1	epithelial membrane protein 1	-0.619	1.993
37764_at	HLCS	holocarboxylase synthetase	-0.598	3.347
37765_at	LMOD1	leiomodin 1	-0.767	7.241
37766_s_at	PSMC5	proteasome 26S subunit, ATPase 5	0.796	2.36
37767_at	HTT	huntingtin	-0.556	4.623
37770_at	TAF2	TATA-box binding protein associated factor 2	0.829	3.07
37771_at	TAOK2	TAO kinase 2	-0.391	4.181
37777_at	PTPRB	protein tyrosine phosphatase, receptor type B	0.602	4.008
37779_at	SMPDL3B	sphingomyelin phosphodiesterase acid like 3B	-0.412	5.876
37781_at	NRXN2	neurexin 2	-0.362	2.526
37782_at	SST	somatostatin	-0.412	1.934
37784_at	CDH6	cadherin 6	-0.855	3.031
37785_at	RND1	Rho family GTPase 1	-0.457	3.782
37786_at	MARCH3	membrane associated ring-CH-type finger 3	-0.582	3.013
37787_at	LINC00950	long intergenic non-protein coding RNA 950	-0.366	1.988
37790_at	VENTX	VENT homeobox	-0.471	4.024
37793_r_at	RAD51D	RAD51 paralog D	0.804	1.79
37796_at	SAP25///LRCH4	Sin3A associated protein 25///leucine rich repeats and calponin homology domain containing 4	-0.63	1.904
37799_at	ASGR2	asialoglycoprotein receptor 2	-0.517	2.892
377_g_at	SEMA3C	semaphorin 3C	0.761	1.827
37802_r_at	FAM63B	family with sequence similarity 63 member B	0.942	3.14
37804_at	VPS4B	vacuolar protein sorting 4 homolog B	0.743	4.231
37805_at	SRPX2	sushi repeat containing protein, X-linked 2	-0.562	3.315
37807_at	GCK	glucokinase	-0.728	4.602
37808_at	SNX7	sorting nexin 7	0.668	3.587
37813_at	DDX51	DEAD-box helicase 51	-0.331	3.166
37815_at	DDX51	DEAD-box helicase 51	-0.391	1.873
37816_at	C5	complement component 5	-0.437	1.752
37818_at	FBXO46	F-box protein 46	-0.548	3.103
37819_at	MDM1	Mdm1 nuclear protein	1.006	4.999
37822_at	KNOP1	lysine rich nucleolar protein 1	-0.568	4.591
37825_at	GALK2	galactokinase 2	0.445	2.957
37827_r_at	DOPEY2	dopey family member 2	0.843	2.121
37828_at	RSBN1	round spermatid basic protein 1	0.989	7.736
37830_at	TSPAN9	tetraspanin 9	-0.503	3.846
37831_at	SIPA1L3	signal induced proliferation associated 1 like 3	-0.332	2.339
37834_at	DYRK1B	dual specificity tyrosine phosphorylation regulated kinase 1B	-0.319	2.751
37841_at	BCHE	butyrylcholinesterase	0.747	2.252
37842_at	MDFIC	MyoD family inhibitor domain containing	0.764	2.801
37845_at	NCKAP1L	NCK associated protein 1 like	-0.401	2.027
37850_at	NIPAL3	NIPA like domain containing 3	-0.411	4.448
37854_at	ZW10	zw10 kinetochore protein	0.506	2.122
37858_at	COLQ	collagen like tail subunit of asymmetric acetylcholinesterase	-0.69	2.994
37862_at	DBT	dihydrolipoamide branched chain transacylase E2	-0.464	2.841
37865_at	EDN3	endothelin 3	-0.544	3.711
37866_at	LINC01314	long intergenic non-protein coding RNA 1314	-0.376	1.657
37867_at	MOG	myelin oligodendrocyte glycoprotein	-0.47	4.719
37870_at	TTF2	transcription termination factor 2	-0.264	2.244
37874_at	FMO5	flavin containing monooxygenase 5	0.432	2.181
37879_r_at	TPH1	tryptophan hydroxylase 1	-0.913	3.342
37882_at	GTF2E1	general transcription factor IIE subunit 1	0.501	2.604
37885_at	C2orf27B///C2orf27A	chromosome 2 open reading frame 27B///chromosome 2 open reading frame 27A	-0.492	3.497
37886_at	AKAP8L	A-kinase anchoring protein 8 like	-0.569	3.198
37887_at	CHEK2	checkpoint kinase 2	-0.664	3.971
37888_at	SLC35D1	solute carrier family 35 member D1	-0.303	1.793
37890_at	CD47	CD47 molecule	0.481	2.403
37891_at	YIPF6	Yip1 domain family member 6	0.817	2.858
37895_at	SLC35A1	solute carrier family 35 member A1	1.004	7.859
37898_r_at	TFF3	trefoil factor 3	-0.692	6.533
37899_at	TYMS	thymidylate synthetase	0.479	3.356
378_s_at	GML	glycosylphosphatidylinositol anchored molecule like	-0.31	3.111
37900_at	PEX11B	peroxisomal biogenesis factor 11 beta	1.344	8.955
37901_at	PIK3R4	phosphoinositide-3-kinase regulatory subunit 4	0.346	2.002
37905_r_at	GNL1	G protein nucleolar 1 (putative)	-0.675	4.901
37907_at	F8A3///F8A2///F8A1	coagulation factor VIII-associated 3///coagulation factor VIII-associated 2///coagulation factor VIII-associated 1	1.098	5.674
37908_at	GNG11	G protein subunit gamma 11	1.09	2.726
37910_at	HCFC1	host cell factor C1	1.457	9.181
37912_at	TRAF4	TNF receptor associated factor 4	-0.66	4.163
37913_at	DHFR	dihydrofolate reductase	0.417	3.683
37914_at	ZFYVE16	zinc finger FYVE-type containing 16	0.857	3.203
37915_at	BAZ2B	bromodomain adjacent to zinc finger domain 2B	0.687	3.848
37916_at	HMOX2	heme oxygenase 2	-0.664	6.78
37923_at	APOM	apolipoprotein M	-0.436	1.658
37926_at	KLF5	Kruppel like factor 5	-0.478	1.66
37927_at	RCC1	regulator of chromosome condensation 1	-0.582	3.48
37928_at	NFYB	nuclear transcription factor Y subunit beta	0.532	2.573
37935_at	PRPF4	pre-mRNA processing factor 4	0.348	1.67
37940_f_at	APOBEC3C	apolipoprotein B mRNA editing enzyme catalytic subunit 3C	-0.506	3.743
37942_at	GPR162	G protein-coupled receptor 162	-0.297	1.847
37944_at	GCH1	GTP cyclohydrolase 1	1.137	1.866
37947_at	BRD3	bromodomain containing 3	0.395	2.098
37948_at	ATP6V1C1	ATPase H+ transporting V1 subunit C1	1.045	3.829
37950_at	PREP	prolyl endopeptidase	-0.442	3.42
37951_at	DLC1	DLC1 Rho GTPase activating protein	0.476	2.461
37953_s_at	ASIC1	acid sensing ion channel subunit 1	-0.412	1.877
37954_at	ANXA8L1///ANXA8	annexin A8-like 1///annexin A8	-0.489	7.438
37957_at	ATG4A	autophagy related 4A cysteine peptidase	-0.261	2.336
37958_at	TMEM47	transmembrane protein 47	0.971	4.334
37959_at	GGA3	golgi associated, gamma adaptin ear containing, ARF binding protein 3	-0.372	3.061
37960_at	CHST2	carbohydrate sulfotransferase 2	-0.398	1.686
37962_r_at	STXBP3	syntaxin binding protein 3	0.93	2.617
37964_at	PCGF3	polycomb group ring finger 3	0.968	5.444
37965_at	PARVB	parvin beta	-0.359	1.687
37967_at	LST1	leukocyte specific transcript 1	-0.659	6.285
37968_at	NCR3	natural cytotoxicity triggering receptor 3	-0.312	2.038
37976_at	VSIG4	V-set and immunoglobulin domain containing 4	-0.534	2.652
37978_at	QPRT	quinolinate phosphoribosyltransferase	0.4	3.413
37979_at	YAP1	Yes associated protein 1	0.644	4.654
37981_at	DBN1	drebrin 1	0.269	2.136
37982_at	ECI1	enoyl-CoA delta isomerase 1	0.991	5.124
37983_at	AGTR1	angiotensin II receptor type 1	0.341	1.943
37984_s_at	ARF6	ADP ribosylation factor 6	1.581	6.402
37986_at	EPOR	erythropoietin receptor	-0.397	2.43
37991_at	STT3A	STT3A, catalytic subunit of the oligosaccharyltransferase complex	0.631	2.686
37993_at	ATP5D	ATP synthase, H+ transporting, mitochondrial F1 complex, delta subunit	-0.38	2.042
37994_at	FMR1	fragile X mental retardation 1	1.512	8.188
37995_s_at	FMR1	fragile X mental retardation 1	1.126	5.473
37999_at	CPOX	coproporphyrinogen oxidase	0.844	4.308
379_at	TXNDC9	thioredoxin domain containing 9	0.694	2.492
38000_at	PC	pyruvate carboxylase	1.142	7.249
38002_s_at	CACNA1C	calcium voltage-gated channel subunit alpha1 C	-0.777	2.361
38003_s_at	DGKZ	diacylglycerol kinase zeta	0.557	2.28
38004_at	CSPG4	chondroitin sulfate proteoglycan 4	-0.68	4.223
38008_at	NSG1	neuron specific gene family member 1	-0.719	3.765
38009_at	SPDEF	SAM pointed domain containing ETS transcription factor	-0.556	2.547
38010_at	BNIP3	BCL2 interacting protein 3	1.331	7.432
38011_at	URI1	URI1, prefoldin like chaperone	0.648	4.306
38014_at	ADAR	adenosine deaminase, RNA specific	0.44	2.74
38015_at			-0.664	1.712
38016_at	HNRNPD	heterogeneous nuclear ribonucleoprotein D	-0.387	2.865
38017_at	CD79A	CD79a molecule	-0.585	2.967
38019_at	LOC400927-CSNK1E///CSNK1E	LOC400927-CSNK1E readthrough///casein kinase 1 epsilon	-0.513	5.046
38020_at	ATG13	autophagy related 13	-0.568	4.666
38021_at	PLEC	plectin	-0.496	2.94
38022_s_at	PLEC	plectin	-0.479	2.517
38025_r_at	RUFY3	RUN and FYVE domain containing 3	0.711	3.439
38029_at	SLC3A2	solute carrier family 3 member 2	0.382	1.675
38032_at	SV2A	synaptic vesicle glycoprotein 2A	-0.255	1.968
38033_at	SEPT10	septin 10	1.394	6.104
38035_at	MTMR6	myotubularin related protein 6	0.617	4.056
38036_at	RPIA	ribose 5-phosphate isomerase A	0.611	2.545
38041_at	GALNT1	polypeptide N-acetylgalactosaminyltransferase 1	1.192	4.397
38042_at	PRKCA	protein kinase C alpha	0.917	5.545
38043_at	FAM3A	family with sequence similarity 3 member A	-0.396	2.856
38044_at	FAM107A	family with sequence similarity 107 member A	-0.263	1.948
38047_at	RBPMS	RNA binding protein with multiple splicing	0.303	2.342
38049_g_at	RBPMS	RNA binding protein with multiple splicing	0.68	6.641
38050_at	BCLAF1	BCL2 associated transcription factor 1	0.894	4.699
38052_at	F13A1	coagulation factor XIII A chain	-0.64	3.364
38053_s_at	BRE	brain and reproductive organ-expressed (TNFRSF1A modulator)	0.381	3.488
38056_at	MIR6785///TMEM94	microRNA 6785///transmembrane protein 94	-0.212	1.754
38057_at	DPT	dermatopontin	-0.678	7.34
38063_at	PBXIP1	PBX homeobox interacting protein 1	-0.353	2.322
38064_at	MVP	major vault protein	0.619	2.775
38065_at	HMGB2	high mobility group box 2	1.471	4.273
38070_at	MARCH6	membrane associated ring-CH-type finger 6	1.524	10.556
38074_at	AP3S1	adaptor related protein complex 3 sigma 1 subunit	1.142	6.915
38075_at	SYPL1	synaptophysin like 1	1.039	3.137
38077_at	COL6A3	collagen type VI alpha 3 chain	-0.283	2.023
38081_at	LOC101928830///LTA4H	uncharacterized LOC101928830///leukotriene A4 hydrolase	0.54	2.058
38084_at	CBX3	chromobox 3	0.891	3.225
38085_at	CBX3	chromobox 3	1.223	5.635
38086_at	IGSF3	immunoglobulin superfamily member 3	1.278	5.417
38088_r_at	S100A4	S100 calcium binding protein A4	-0.868	5.126
38091_at	LGALS9	galectin 9	-0.494	4.229
38093_at	MAPK1IP1L	mitogen-activated protein kinase 1 interacting protein 1 like	1.503	8.403
38094_at	HNRNPAB	heterogeneous nuclear ribonucleoprotein A/B	-0.57	8.072
38096_f_at	HLA-DPB1	major histocompatibility complex, class II, DP beta 1	1.103	1.723
38097_at	EI24	EI24, autophagy associated transmembrane protein	-0.525	4.141
38099_r_at	ACSL4	acyl-CoA synthetase long-chain family member 4	1.024	2.275
380_at	TBX5	T-box 5	-0.494	3.01
38100_at	SEC62	SEC62 homolog, preprotein translocation factor	0.595	3.076
38101_at	ZCCHC14	zinc finger CCHC-type containing 14	0.341	1.769
38102_at	MICU2	mitochondrial calcium uptake 2	1.214	4.586
38104_at	DECR1	2,4-dienoyl-CoA reductase 1, mitochondrial	0.56	1.713
38105_at	RSRC2	arginine and serine rich coiled-coil 2	1.343	6.017
38107_at	UNC119	unc-119 lipid binding chaperone	-0.288	2.105
38110_at	SDCBP	syndecan binding protein	1.105	2.878
38113_at	SYNE1	spectrin repeat containing nuclear envelope protein 1	0.969	3.746
38114_at	RAD21	RAD21 cohesin complex component	1.006	3.398
38115_at	TUSC2	tumor suppressor candidate 2	0.521	5.692
38118_at	SHC1	SHC adaptor protein 1	0.594	3.507
38119_at	GYPC	glycophorin C (Gerbich blood group)	-0.294	1.789
38120_at	PKD2	polycystin 2, transient receptor potential cation channel	1.356	5.985
38124_at	MDK	midkine (neurite growth-promoting factor 2)	-0.402	2.635
38129_at	GK	glycerol kinase	0.94	2.938
38130_s_at	GK3P///GK2///GK	glycerol kinase 3 pseudogene///glycerol kinase 2///glycerol kinase	1.053	3.402
38132_at	CDC42EP1	CDC42 effector protein 1	-0.351	3.223
38133_at	SLC5A12	solute carrier family 5 member 12	1.491	4.36
38134_at	PLAG1	PLAG1 zinc finger	0.836	4.867
38137_at	FKBP6	FK506 binding protein 6	-0.685	6.024
38139_at	FPGT	fucose-1-phosphate guanylyltransferase	0.891	5.908
38140_at	EXTL1	exostosin like glycosyltransferase 1	-0.492	2.148
38141_at	C5orf22	chromosome 5 open reading frame 22	0.848	2.812
38143_at	KLK7	kallikrein related peptidase 7	-0.94	1.923
38145_at	PATJ	PATJ, crumbs cell polarity complex component	1.054	4.809
38148_at	CRY1	cryptochrome circadian clock 1	0.931	2.69
38150_at	MTAP	methylthioadenosine phosphorylase	0.684	2.406
38155_at	ORC5	origin recognition complex subunit 5	0.565	4.803
38156_at	MDFI	MyoD family inhibitor	-0.301	1.953
38157_at	DXO	decapping exoribonuclease	-0.661	2.931
38160_at	LY75-CD302///CD302///LY75	LY75-CD302 readthrough///CD302 molecule///lymphocyte antigen 75	1.427	4.64
38166_r_at	KMT2D	lysine methyltransferase 2D	-0.729	5.433
38167_at	PPFIA4	PTPRF interacting protein alpha 4	-0.397	2.804
38169_s_at	SLC7A2	solute carrier family 7 member 2	-0.884	2.999
38170_at	VPS13A	vacuolar protein sorting 13 homolog A	0.457	3.858
38172_at	CBR3	carbonyl reductase 3	-0.521	4.227
38174_at	PSD	pleckstrin and Sec7 domain containing	-0.258	2.124
38176_at	GNB5	G protein subunit beta 5	0.655	2.594
38179_at	ZNF174	zinc finger protein 174	-0.211	1.992
38181_at	MMP11	matrix metallopeptidase 11	-0.419	4.504
38182_at	TXLNGY	taxilin gamma pseudogene, Y-linked	-0.567	2.39
38187_at	NAT1	N-acetyltransferase 1	0.698	6.809
38190_r_at	DEPDC5	DEP domain containing 5	-0.573	3.858
38194_s_at	IGK///IGKC	immunoglobulin kappa locus///immunoglobulin kappa constant	2.115	2.298
381_s_at	PIK3CD	phosphatidylinositol-4,5-bisphosphate 3-kinase catalytic subunit delta	-0.553	5.152
38200_at	FGD1	FYVE, RhoGEF and PH domain containing 1	-0.398	1.727
38205_at	NEUROD2	neuronal differentiation 2	-0.282	1.786
38206_at	RPL3L	ribosomal protein L3 like	-0.402	2.882
38207_at	MIR612///NEAT1	microRNA 612///nuclear paraspeckle assembly transcript 1 (non-protein coding)	0.731	1.964
38208_at	SLC35A3	solute carrier family 35 member A3	0.564	3.378
38211_at	ZBTB20	zinc finger and BTB domain containing 20	1.491	4.663
38212_at	B4GALNT1	beta-1,4-N-acetyl-galactosaminyltransferase 1	-0.271	2.265
38214_at	PTCH1	patched 1	-0.508	4.16
38215_at	MPPED1	metallophosphoesterase domain containing 1	-0.317	2.431
38217_at	MUC6	mucin 6, oligomeric mucus/gel-forming	-0.612	6.255
38219_at	CRK	CRK proto-oncogene, adaptor protein	-0.521	2.13
38220_at	DPYD	dihydropyrimidine dehydrogenase	0.983	2.644
38221_at	CNKSR1	connector enhancer of kinase suppressor of Ras 1	-0.492	4.416
38222_at	P2RY6	pyrimidinergic receptor P2Y6	-0.349	2.534
38223_at	TBC1D8	TBC1 domain family member 8	0.636	2.383
38224_at	SNAPC3	small nuclear RNA activating complex polypeptide 3	0.441	4.221
38225_at	KCNH2	potassium voltage-gated channel subfamily H member 2	-0.311	2.052
38228_g_at	MITF	melanogenesis associated transcription factor	0.825	4.195
38230_at	EPAS1	endothelial PAS domain protein 1	-0.775	5.269
38234_at	TLE3	transducin like enhancer of split 3	-0.789	2.058
38239_at	CLDN18	claudin 18	-0.616	3.152
38242_at	BLNK	B-cell linker	0.867	5.235
38247_at	F2RL1	F2R like trypsin receptor 1	1.059	6.672
38252_s_at	AGL	amylo-alpha-1, 6-glucosidase, 4-alpha-glucanotransferase	0.634	3.356
38253_at	AGL	amylo-alpha-1, 6-glucosidase, 4-alpha-glucanotransferase	1.426	7.567
38254_at	TBC1D9	TBC1 domain family member 9	0.826	4.544
38256_s_at	NGDN	neuroguidin	0.61	2.891
38257_at	MIR7113///MIR4691///NDUFS8	microRNA 7113///microRNA 4691///NADH:ubiquinone oxidoreductase core subunit S8	0.838	2.23
38258_at	MFSD9	major facilitator superfamily domain containing 9	-0.924	7.402
38267_at	SLC1A1	solute carrier family 1 member 1	1.261	3.709
38268_at	SLC1A1	solute carrier family 1 member 1	0.871	4.855
38269_at	PRKD2	protein kinase D2	-0.408	2.328
38270_at	PARG	poly(ADP-ribose) glycohydrolase	1.421	7.966
38274_at	TMEM115	transmembrane protein 115	0.385	3.162
38277_at	PPP3CB	protein phosphatase 3 catalytic subunit beta	0.405	2.415
38278_at	ARID5A	AT-rich interaction domain 5A	-0.561	2.165
38279_at	GNAZ	G protein subunit alpha z	-0.307	3.91
38280_s_at	NTRK2	neurotrophic receptor tyrosine kinase 2	0.455	2.16
38281_at	CASP7	caspase 7	-0.274	1.913
38282_at	ADAM15	ADAM metallopeptidase domain 15	-0.354	1.899
38283_at	EBAG9	estrogen receptor binding site associated, antigen, 9	0.93	3.51
38285_at	CRYM	crystallin mu	0.836	2.85
38286_at	AMOT	angiomotin	-0.56	1.791
38289_r_at	NF1P9///NF1	neurofibromin 1 pseudogene 9///neurofibromin 1	-0.488	2.361
38290_at	RGS14	regulator of G-protein signaling 14	-0.321	2.342
38293_s_at	LOC401021///HOXD4///HOXD3	uncharacterized LOC401021///homeobox D4///homeobox D3	0.786	4.787
38294_at	HOXD4	homeobox D4	1.156	5.716
38298_at	KCNMB1	potassium calcium-activated channel subfamily M regulatory beta subunit 1	-0.935	3.111
382_at	PPP4C	protein phosphatase 4 catalytic subunit	-0.999	7.161
38300_at	FZD1	frizzled class receptor 1	0.557	1.987
38304_r_at	KL	klotho	1.758	3.157
38305_at	ARFGEF1	ADP ribosylation factor guanine nucleotide exchange factor 1	-0.613	4.442
38306_at	ARFGEF1	ADP ribosylation factor guanine nucleotide exchange factor 1	1.296	7.823
38307_at	NCDN	neurochondrin	-0.931	3.7
38311_at	TGIF2	TGFB induced factor homeobox 2	-0.316	3.146
38313_at	ABCA2	ATP binding cassette subfamily A member 2	-0.404	2.154
38318_at	FAM8A1	family with sequence similarity 8 member A1	0.477	2.186
38320_s_at	LIPE	lipase E, hormone sensitive type	-0.547	5.995
38321_r_at	LIPE	lipase E, hormone sensitive type	-0.673	3.491
38325_at	MINPP1	multiple inositol-polyphosphate phosphatase 1	1.295	6.234
38326_at	G0S2	G0/G1 switch 2	1.217	1.689
38328_at	SLC25A13	solute carrier family 25 member 13	1.096	6.367
38335_at	OGG1	8-oxoguanine DNA glycosylase	0.748	4.184
38336_at	FRMD4B	FERM domain containing 4B	1.031	4.887
38338_at	RRAS	related RAS viral (r-ras) oncogene homolog	-0.213	1.879
38348_at	ACOX2	acyl-CoA oxidase 2	0.474	3.251
38353_at	TUBGCP3	tubulin gamma complex associated protein 3	0.734	2.943
38359_at	RASGRP2	RAS guanyl releasing protein 2	-0.463	3.88
38360_at	RASGRP2	RAS guanyl releasing protein 2	-0.642	2.68
38361_g_at	RASGRP2	RAS guanyl releasing protein 2	-0.595	1.994
38364_at	TLE4	transducin like enhancer of split 4	0.744	1.7
38365_at	PEX1	peroxisomal biogenesis factor 1	0.751	2.471
38368_at	DUT	deoxyuridine triphosphatase	1.287	5.69
38371_at	PSMA1	proteasome subunit alpha 1	0.768	3.053
38372_at	CXorf40B///CXorf40A	chromosome X open reading frame 40B///chromosome X open reading frame 40A	0.58	3.532
38374_at	KLF10	Kruppel like factor 10	1.436	2.731
38375_at	ESD	esterase D	0.686	1.667
38376_at	ACADVL	acyl-CoA dehydrogenase, very long chain	-0.598	3.116
38377_at	KAT6A	lysine acetyltransferase 6A	-0.423	4.492
38380_at	POP4	POP4 homolog, ribonuclease P/MRP subunit	-0.354	2
38382_at	LOC101929524	uncharacterized LOC101929524	-0.274	2.082
38385_at	DSTN	destrin, actin depolymerizing factor	0.869	1.655
38386_r_at	GSS	glutathione synthetase	-0.846	2.122
38390_at	COG2	component of oligomeric golgi complex 2	0.74	5.797
38392_at	ARPC5	actin related protein 2/3 complex subunit 5	1.11	3.345
38393_at	SUSD6	sushi domain containing 6	0.854	3.504
38394_at	GPD1L	glycerol-3-phosphate dehydrogenase 1-like	0.898	7.467
38395_at	NDUFS1	NADH:ubiquinone oxidoreductase core subunit S1	1.588	5.983
38397_at	POLD4	DNA polymerase delta 4, accessory subunit	-0.46	2.553
38399_at	SNRPB2	small nuclear ribonucleoprotein polypeptide B2	1.163	6.24
38402_at	LAMP2	lysosomal associated membrane protein 2	1.173	3.866
38403_at	LAMP2	lysosomal associated membrane protein 2	1.22	2.366
38405_at	FXR1	FMR1 autosomal homolog 1	0.576	4.315
38408_at	TSPAN7	tetraspanin 7	0.813	2.691
38409_at	SSFA2	sperm specific antigen 2	0.642	1.711
38410_at	CETN2	centrin 2	0.513	2.191
38412_at	PPP1R11	protein phosphatase 1 regulatory inhibitor subunit 11	0.353	2.771
38413_at	DAD1	defender against cell death 1	0.625	1.808
38414_at	CDC20	cell division cycle 20	-0.529	2.534
38417_at	AMPD2	adenosine monophosphate deaminase 2	-0.506	4.133
38418_at	CCND1	cyclin D1	1.13	4.467
38424_at	ESYT1	extended synaptotagmin 1	-0.472	3.452
38425_at	HMGCL	3-hydroxymethyl-3-methylglutaryl-CoA lyase	0.727	4.95
38427_at	COL15A1	collagen type XV alpha 1 chain	0.913	3.775
38431_at	MAPK9	mitogen-activated protein kinase 9	0.708	6.761
38432_at	ISG15	ISG15 ubiquitin-like modifier	-0.459	2.074
38434_at	AAMP	angio associated migratory cell protein	0.441	4.494
38435_at	PRDX4	peroxiredoxin 4	0.865	2.432
38437_at	CASC3	cancer susceptibility candidate 3	0.795	4.836
38439_at	NFE2L1	nuclear factor, erythroid 2 like 1	0.31	1.952
38440_s_at	ARMCX6	armadillo repeat containing, X-linked 6	0.551	4.08
38441_s_at	CD46	CD46 molecule	1.301	4.076
38442_at	MFAP2	microfibrillar associated protein 2	-0.248	2.626
38443_at	PTPN11	protein tyrosine phosphatase, non-receptor type 11	0.892	5.764
38445_at	LOC100505585///ARHGEF1	uncharacterized LOC100505585///Rho guanine nucleotide exchange factor 1	-0.615	3.446
38446_at	XIST	X inactive specific transcript (non-protein coding)	1.406	1.685
38447_at	GRK2	G protein-coupled receptor kinase 2	-0.578	4.116
38448_at	ACTN2	actinin alpha 2	-0.387	1.804
38450_at	SSB	Sjogren syndrome antigen B	0.708	2.987
38452_at	NIPA2	non imprinted in Prader-Willi/Angelman syndrome 2	-0.569	3.797
38455_at	SNRPB	small nuclear ribonucleoprotein polypeptides B and B1	0.633	4.301
38462_at	NDUFA5	NADH:ubiquinone oxidoreductase subunit A5	1.434	3.425
38465_at	PAM	peptidylglycine alpha-amidating monooxygenase	0.895	4.413
38468_at	HPS1	HPS1, biogenesis of lysosomal organelles complex 3 subunit 1	-0.375	3.702
38469_at	TSPAN8	tetraspanin 8	1.342	2.973
38470_i_at	APPBP2	amyloid beta precursor protein binding protein 2	1.271	4.074
38471_r_at	APPBP2	amyloid beta precursor protein binding protein 2	0.837	3.138
38478_at	SFSWAP	splicing factor SWAP homolog	-0.463	1.916
38481_at	RPA1	replication protein A1	0.972	4.415
38482_at	CLDN7	claudin 7	-0.356	3.017
38483_at	CTDNEP1	CTD nuclear envelope phosphatase 1	0.875	5.499
38488_s_at	IL15	interleukin 15	0.846	3.126
38489_at	FGFBP1	fibroblast growth factor binding protein 1	-0.31	2.998
38490_r_at	ALG13	ALG13, UDP-N-acetylglucosaminyltransferase subunit	0.63	3.08
38491_at	ETV6	ETS variant 6	-0.331	1.955
38493_at	KYNU	kynureninase	-0.712	3.86
38494_at	ACRV1	acrosomal vesicle protein 1	-0.598	2.675
38496_at	ELK4	ELK4, ETS transcription factor	-0.438	3.015
38497_at	ELK4	ELK4, ETS transcription factor	-0.434	1.683
38498_at	CRYBB2	crystallin beta B2	-0.5	3.875
38501_s_at	ITGB3BP	integrin subunit beta 3 binding protein	0.421	2.397
38502_at	NUDT13	nudix hydrolase 13	0.394	2.242
38503_at	ALDH1B1	aldehyde dehydrogenase 1 family member B1	0.654	3.922
38507_at	LOC101929829///CYP2D6	cytochrome P450 family 2 subfamily D member 6 pseudogene///cytochrome P450 family 2 subfamily D member 6	-0.333	3.333
38512_r_at	ELAVL3	ELAV like neuron-specific RNA binding protein 3	-0.627	3.454
38524_at	OCLN	occludin	1.072	5.857
38525_at	STAM2	signal transducing adaptor molecule 2	-0.6	2.275
38526_at	PDE4D	phosphodiesterase 4D	0.332	2.052
38527_at	NONO	non-POU domain containing, octamer-binding	1.295	6.747
38528_at	ACACA	acetyl-CoA carboxylase alpha	-0.496	4.089
38534_at			-0.334	3.263
38539_at	SLC24A1	solute carrier family 24 member 1	0.372	1.866
38540_at	MRAS	muscle RAS oncogene homolog	-0.426	2.157
38541_at	CYP21A1P///CYP21A2	cytochrome P450 family 21 subfamily A member 1, pseudogene///cytochrome P450 family 21 subfamily A member 2	-0.469	2.559
38543_at	ALK	anaplastic lymphoma receptor tyrosine kinase	-0.415	3.888
38544_at	INHA	inhibin alpha subunit	-0.384	1.801
38545_at	INHBB	inhibin beta B subunit	-0.321	1.972
38551_at	L1CAM	L1 cell adhesion molecule	0.708	3.408
38552_f_at	BCAP29	B-cell receptor-associated protein 29	0.306	1.75
38556_at	PMS2CL///PMS2	PMS2 C-terminal like pseudogene///PMS1 homolog 2, mismatch repair system component	-0.45	4.888
38558_at	MAG	myelin associated glycoprotein	-0.295	1.821
38559_at	TET3	tet methylcytosine dioxygenase 3	-0.379	2.267
38562_g_at	UTP20	UTP20, small subunit processome component	-0.554	2.439
38568_at	TOPORS	TOP1 binding arginine/serine rich protein	1.128	5.697
38571_at	FGFR1OP	FGFR1 oncogene partner	0.516	4.128
38572_at	FGFR1OP	FGFR1 oncogene partner	-0.514	3.638
38577_at	GDF7	growth differentiation factor 7	-0.676	6.165
38578_at	CD27	CD27 molecule	-1.082	2.057
38579_at	IRGC	immunity related GTPase cinema	-0.47	3.779
38581_at	GNAQ	G protein subunit alpha q	0.381	2.206
38587_at	FABP2	fatty acid binding protein 2	-0.636	2.229
38589_i_at	LOC100506248///MIR1244-2///MIR1244-3///MIR1244-1///LOC728026///PTMA	prothymosin alpha///microRNA 1244-2///microRNA 1244-3///microRNA 1244-1///prothymosin alpha-like///prothymosin, alpha	0.755	1.826
38594_i_at	CEP170B	centrosomal protein 170B	-0.278	2.223
38595_r_at	CEP170B	centrosomal protein 170B	-0.776	2.722
38598_at	SLC11A1	solute carrier family 11 member 1	-0.564	2.066
38599_s_at	FAM50A	family with sequence similarity 50 member A	-0.285	1.997
38601_at	BEST1	bestrophin 1	-0.291	2.334
38602_at	MYH6	myosin heavy chain 6	-0.403	3.014
38604_at	NPY	neuropeptide Y	-0.331	2.502
38606_at	TDO2	tryptophan 2,3-dioxygenase	-0.364	2.885
38610_s_at	KRT10	keratin 10	0.35	1.856
38612_at	TSPAN3	tetraspanin 3	0.76	2.435
38615_at	OLFM4	olfactomedin 4	-0.884	2.269
38616_at	NDRG2	NDRG family member 2	-0.391	3.62
38618_at	LIMK2	LIM domain kinase 2	0.537	3.491
38621_at	DDAH2	dimethylarginine dimethylaminohydrolase 2	-0.487	2.753
38632_at	DNAJB5	DnaJ heat shock protein family (Hsp40) member B5	-0.586	2.471
38636_at	ISLR	immunoglobulin superfamily containing leucine rich repeat	-0.389	3.065
38638_at	PDHA1	pyruvate dehydrogenase (lipoamide) alpha 1	0.669	2.11
38641_at	TSC22D4	TSC22 domain family member 4	-0.629	3
38642_at	ALCAM	activated leukocyte cell adhesion molecule	0.691	3.794
38643_at	FAM114A1	family with sequence similarity 114 member A1	0.314	1.745
38647_at	COPE	coatomer protein complex subunit epsilon	0.383	2.585
38648_at	ZNF384	zinc finger protein 384	0.619	4.287
38649_at	FNDC3A	fibronectin type III domain containing 3A	1.14	6.234
38650_at	IGFBP5	insulin like growth factor binding protein 5	1.046	1.796
38651_at	FEZ2	fasciculation and elongation protein zeta 2	0.507	3.264
38654_at	HNRNPU	heterogeneous nuclear ribonucleoprotein U	1.086	6.917
38655_at	TMEM106C	transmembrane protein 106C	0.559	3.279
38657_s_at	CLTA	clathrin light chain A	0.714	5.405
38659_at	SHOC2	SHOC2, leucine rich repeat scaffold protein	0.954	3.911
38662_at	EIF2AK2	eukaryotic translation initiation factor 2 alpha kinase 2	1.328	6.924
38663_at	BANF1	barrier to autointegration factor 1	0.46	3.228
38664_at	CFDP1	craniofacial development protein 1	1.583	7.708
38667_at	GLOD4	glyoxalase domain containing 4	1.195	5.797
38672_at	PPP1R10	protein phosphatase 1 regulatory subunit 10	-0.312	2.402
38673_s_at	CDKN1C	cyclin dependent kinase inhibitor 1C	0.387	2.288
38674_at	KLHL9	kelch like family member 9	0.423	2.713
38675_at	SNRPC	small nuclear ribonucleoprotein polypeptide C	-0.33	2.865
38676_at	HSPA13	heat shock protein family A (Hsp70) member 13	1.576	6.472
38677_at	HSPA13	heat shock protein family A (Hsp70) member 13	0.95	5.833
38678_at	SNRPE	small nuclear ribonucleoprotein polypeptide E	0.431	1.791
38679_g_at	SNRPE	small nuclear ribonucleoprotein polypeptide E	0.746	2.45
38684_at	ATP2C1	ATPase secretory pathway Ca2+ transporting 1	0.716	3.497
38685_at	STX12	syntaxin 12	0.842	6.444
38687_at	ANAPC13	anaphase promoting complex subunit 13	0.481	2.007
38688_at	POGZ	pogo transposable element with ZNF domain	0.833	5.496
38689_at	RTCB	RNA 2',3'-cyclic phosphate and 5'-OH ligase	0.691	2.751
38690_at	CLDND1	claudin domain containing 1	0.43	2.816
38692_at	NAB1	NGFI-A binding protein 1	0.862	4.583
38693_at	ATP5L	ATP synthase, H+ transporting, mitochondrial Fo complex subunit G	0.617	3.02
38694_at	LOC100294033///TCAF1	protein FAM115A-like///TRPM8 channel associated factor 1	0.84	3.529
38697_at	YIPF3	Yip1 domain family member 3	0.391	2.014
38698_at	HSPE1-MOB4///MOB4	HSPE1-MOB4 readthrough///MOB family member 4, phocein	0.697	7.061
38701_at	UBE2L3	ubiquitin conjugating enzyme E2 L3	-0.244	2.019
38702_at	POLE3	DNA polymerase epsilon 3, accessory subunit	1.045	7.229
38705_at	UBE2D2	ubiquitin conjugating enzyme E2 D2	0.5	3.582
38707_r_at	E2F4	E2F transcription factor 4	-0.317	2.298
38708_at	RAN	RAN, member RAS oncogene family	1.042	3.875
38711_at	CLASP2	cytoplasmic linker associated protein 2	1.518	8.02
38715_at	GYPB	glycophorin B (MNS blood group)	-0.419	3.041
38717_at	METTL7A	methyltransferase like 7A	1.069	2.38
38722_at	COL6A1	collagen type VI alpha 1 chain	-0.339	2.236
38727_at	MCFD2	multiple coagulation factor deficiency 2	1.065	4.111
38728_at	NUP205	nucleoporin 205	0.534	2.208
38730_at	MPRIP	myosin phosphatase Rho interacting protein	-0.498	2.429
38732_at	CLNS1A	chloride nucleotide-sensitive channel 1A	0.596	2.469
38735_at	KIAA0513	KIAA0513	-1.069	4.337
38736_at	WDR1	WD repeat domain 1	0.406	2.205
38738_at	SUMO3	small ubiquitin-like modifier 3	0.529	3.021
38742_s_at	RAF1	Raf-1 proto-oncogene, serine/threonine kinase	-0.329	2.339
38743_f_at	RAF1	Raf-1 proto-oncogene, serine/threonine kinase	0.853	7.847
38744_at	SHFM1	split hand/foot malformation (ectrodactyly) type 1	0.982	4.834
38745_at	LIPA	lipase A, lysosomal acid type	0.506	1.769
38746_at	ITGB4	integrin subunit beta 4	-0.231	1.916
38753_at	XPOT	exportin for tRNA	0.897	5.557
38758_at	PDAP1	PDGFA associated protein 1	-0.396	1.888
38762_at	DDX42	DEAD-box helicase 42	0.681	5.138
38764_at	DICER1	dicer 1, ribonuclease III	0.487	2.034
38765_at	DICER1	dicer 1, ribonuclease III	1.516	4.574
38767_at	SPRY1	sprouty RTK signaling antagonist 1	-0.367	2.795
38768_at	HADH	hydroxyacyl-CoA dehydrogenase	1.676	3.717
38769_at	ADAM12	ADAM metallopeptidase domain 12	-0.523	4.488
38770_at	ADAM12	ADAM metallopeptidase domain 12	-0.41	1.999
38774_at	STX7	syntaxin 7	0.485	2.234
38775_at	LRP1	LDL receptor related protein 1	-0.669	7.685
38776_at	ATP5G2	ATP synthase, H+ transporting, mitochondrial Fo complex subunit C2 (subunit 9)	-0.376	2.829
38777_at	ATP5G2	ATP synthase, H+ transporting, mitochondrial Fo complex subunit C2 (subunit 9)	-0.441	2.205
38778_at	OTUD4	OTU deubiquitinase 4	0.753	3.883
38781_at	GSTA2///GSTA1	glutathione S-transferase alpha 2///glutathione S-transferase alpha 1	1.607	2.135
38782_at	GTF2H1	general transcription factor IIH subunit 1	0.834	8.203
38784_g_at	MUC1	mucin 1, cell surface associated	0.526	2.209
38785_at	MUC1	mucin 1, cell surface associated	-0.398	3.177
38787_at	PML	promyelocytic leukemia	-0.382	2.909
38790_at	EPHX1	epoxide hydrolase 1	0.568	3.172
38791_at	DDOST	dolichyl-diphosphooligosaccharide--protein glycosyltransferase non-catalytic subunit	0.92	3.302
38797_at	SLC39A14	solute carrier family 39 member 14	0.624	2.491
387_at	CDK9	cyclin dependent kinase 9	0.343	1.672
38800_at	STMN2	stathmin 2	-0.466	3.305
38801_at	VAPA	VAMP associated protein A	0.584	2.855
38803_at	NCALD	neurocalcin delta	0.388	3.56
38804_at	CSE1L	chromosome segregation 1 like	0.733	2.524
38805_at	TGIF1	TGFB induced factor homeobox 1	0.725	3.077
38807_at	HSPA4	heat shock protein family A (Hsp70) member 4	1.175	8.09
38814_at	ATP6V1G1	ATPase H+ transporting V1 subunit G1	0.462	1.877
38815_at	ARPC1A	actin related protein 2/3 complex subunit 1A	0.558	2.835
38817_at	SPAG7	sperm associated antigen 7	0.721	4.146
38819_at	PTK7	protein tyrosine kinase 7 (inactive)	-0.498	2.861
38820_at	SEP15	15 kDa selenoprotein	0.949	2.205
38821_at	PGRMC2	progesterone receptor membrane component 2	1.072	5.374
38822_at	STK17A	serine/threonine kinase 17a	-0.589	3.306
38823_s_at	STK17A	serine/threonine kinase 17a	0.65	2.918
38826_at	SEPT6	septin 6	0.971	3.136
38828_s_at	KHSRP	KH-type splicing regulatory protein	0.78	6.745
38831_f_at	GNB2	G protein subunit beta 2	0.887	2.932
38832_r_at	GNB2	G protein subunit beta 2	-0.297	2.166
38834_at	TOPBP1	topoisomerase (DNA) II binding protein 1	1.012	5.093
38839_at	PFN2	profilin 2	1.432	5.364
38840_s_at	PFN2	profilin 2	0.803	1.939
38842_at	AMOTL2	angiomotin like 2	0.368	1.691
38844_at	PDK2	pyruvate dehydrogenase kinase 2	-0.556	2.398
38845_at	PDK2	pyruvate dehydrogenase kinase 2	-0.3	2.066
38846_at	SSBP1	single stranded DNA binding protein 1	0.994	2.496
38848_at	ZG16	zymogen granule protein 16	-0.566	2.684
38849_at	SCAMP1	secretory carrier membrane protein 1	2.118	12.969
38851_at	LOR	loricrin	-0.508	2.7
38852_at	AGAP2	ArfGAP with GTPase domain, ankyrin repeat and PH domain 2	-1.341	2.939
38854_at	CEP135	centrosomal protein 135	0.522	4.1
38856_at	ADAMTSL3	ADAMTS like 3	0.647	3.745
38860_at	LOC729966///PDE4C	uncharacterized LOC729966///phosphodiesterase 4C	-0.59	5.794
38861_at	PON1	paraoxonase 1	-0.369	2.079
38865_at	GRAP2	GRB2-related adaptor protein 2	-0.569	3.806
38867_g_at	GRAP2	GRB2-related adaptor protein 2	-0.23	1.838
38871_at	BCL10	B-cell CLL/lymphoma 10	0.479	1.971
38874_s_at	PRPH2	peripherin 2	-0.337	1.848
38876_at	ASB9	ankyrin repeat and SOCS box containing 9	0.406	1.78
38881_i_at	LOC101930303///TRIM16L///TRIM16	uncharacterized LOC101930303///tripartite motif containing 16-like///tripartite motif containing 16	-0.247	1.851
38885_at	DNA2	DNA replication helicase/nuclease 2	-0.87	3.021
38888_at	LGI1	leucine rich glioma inactivated 1	-0.641	1.827
38891_at	MTTP	microsomal triglyceride transfer protein	0.52	2.003
38892_at	GLTSCR1L	GLTSCR1 like	0.961	2.204
38896_at	TNPO2	transportin 2	-0.535	2.362
38898_at			-0.401	3.437
388_at	PIK3R2	phosphoinositide-3-kinase regulatory subunit 2	-0.291	2.292
38900_at	PAX3	paired box 3	-0.595	4.121
38904_at	SRC	SRC proto-oncogene, non-receptor tyrosine kinase	-0.493	4.366
38908_s_at	REV3L	REV3 like, DNA directed polymerase zeta catalytic subunit	0.406	2.327
38909_at	CYP27B1	cytochrome P450 family 27 subfamily B member 1	0.803	2.846
38912_at	NAT2	N-acetyltransferase 2	-0.569	2.548
38916_at	MAMLD1	mastermind like domain containing 1	-0.348	2.456
38922_at	TNK1	tyrosine kinase non receptor 1	-0.374	2.243
38923_at	LOC101930531///LOC101930278///FRG1CP///FRG1JP///FRG1	uncharacterized LOC101930531///uncharacterized LOC101930278///FSHD region gene 1 family member C, pseudogene///FSHD region gene 1 family member J, pseudogene///FSHD region gene 1	0.752	3.158
38924_s_at	ABI1	abl interactor 1	1.533	5.469
38927_i_at	TYR	tyrosinase	-0.382	1.922
38928_r_at	TYR	tyrosinase	-0.702	4.639
38930_at			-0.41	2.101
38931_at	ZFX	zinc finger protein, X-linked	0.604	2.539
38936_at	CELA2A///CELA2B	chymotrypsin like elastase family member 2A///chymotrypsin like elastase family member 2B	-0.443	3.138
38940_at	SPC25	SPC25, NDC80 kinetochore complex component	-0.48	1.87
38943_at	HCCS	holocytochrome c synthase	0.508	3.659
38947_at			-0.356	2.27
38952_s_at	COL13A1	collagen type XIII alpha 1 chain	-0.701	2.594
38953_at	TRAIP	TRAF interacting protein	-0.507	2.564
38954_at	VIPR2	vasoactive intestinal peptide receptor 2	-0.463	3.157
38955_at	AVPR1A	arginine vasopressin receptor 1A	-0.439	2.202
38956_at	NAGPA	N-acetylglucosamine-1-phosphodiester alpha-N-acetylglucosaminidase	-0.554	5.352
38958_at	CASR	calcium sensing receptor	0.509	1.906
38959_s_at	CASR	calcium sensing receptor	-0.259	1.694
38960_at	INPP5J	inositol polyphosphate-5-phosphatase J	-0.595	3.514
38962_at	TRIM66	tripartite motif containing 66	0.295	1.768
38963_i_at	WAS	Wiskott-Aldrich syndrome	-0.412	2.191
38964_r_at	WAS	Wiskott-Aldrich syndrome	-0.889	5.439
38967_at	C14orf2	chromosome 14 open reading frame 2	1.086	3.518
38971_r_at	TNIP1	TNFAIP3 interacting protein 1	-0.577	3.591
38972_at	KCTD12	potassium channel tetramerization domain containing 12	1.243	3.417
38974_at	PARK7	Parkinsonism associated deglycase	0.73	1.9
38980_at	TAB2	TGF-beta activated kinase 1/MAP3K7 binding protein 2	0.927	3.739
38981_at	NDUFB3	NADH:ubiquinone oxidoreductase subunit B3	0.63	2.129
38982_at	TERF2IP	TERF2 interacting protein	0.313	2.357
38985_at	LEPROTL1	leptin receptor overlapping transcript-like 1	1.154	4.911
38986_at	PDIA3	protein disulfide isomerase family A member 3	1.312	3.273
38987_at	WDR77	WD repeat domain 77	0.505	1.738
38988_at	WHSC1	Wolf-Hirschhorn syndrome candidate 1	-0.552	4.581
38990_at	FBXO9	F-box protein 9	1.395	8.696
38992_at	DEK	DEK proto-oncogene	1.044	3.831
38994_at	SOCS2	suppressor of cytokine signaling 2	0.767	3.259
38996_at	ERF	ETS2 repressor factor	0.413	3.181
38997_at	SLC25A1	solute carrier family 25 member 1	0.614	1.852
38998_g_at	SLC25A1	solute carrier family 25 member 1	1.011	8.022
38999_s_at	NMT1	N-myristoyltransferase 1	0.403	2.526
389_s_at	FAS	Fas cell surface death receptor	-0.419	2.296
39000_at	NMT1	N-myristoyltransferase 1	0.362	3.803
39002_at	TCAP	titin-cap	-0.495	2.102
39005_s_at	LTN1	listerin E3 ubiquitin protein ligase 1	1.376	6.903
39006_r_at	LTN1	listerin E3 ubiquitin protein ligase 1	-0.616	1.812
39007_at	MMP2	matrix metallopeptidase 2	-0.423	1.908
39008_at	CP	ceruloplasmin (ferroxidase)	-0.469	2.223
39012_g_at	ENSA	endosulfine alpha	0.845	5.206
39016_r_at	KRT6A	keratin 6A	-0.699	2.928
39023_at	IDH1	isocitrate dehydrogenase (NADP(+)) 1, cytosolic	1.051	4.518
39028_at	IPO5	importin 5	0.957	2.44
39032_at	TSC22D1	TSC22 domain family member 1	1.093	3.26
39035_at	UBR5	ubiquitin protein ligase E3 component n-recognin 5	0.798	3.919
39036_g_at	UBR5	ubiquitin protein ligase E3 component n-recognin 5	-0.4	1.784
39037_at	AFF1	AF4/FMR2 family member 1	1.09	5.075
39039_s_at	UBE2J1	ubiquitin conjugating enzyme E2 J1	0.795	2.213
39040_at	UBE2J1	ubiquitin conjugating enzyme E2 J1	0.392	1.792
39041_at	DLAT	dihydrolipoamide S-acetyltransferase	0.676	2.793
39042_at	TG	thyroglobulin	-0.496	5.397
39043_at	ARPC1B	actin related protein 2/3 complex subunit 1B	-0.741	2.95
39044_s_at	DGKD	diacylglycerol kinase delta	-0.478	3.327
39045_at	ADIPOR2	adiponectin receptor 2	0.662	6.911
39046_at	H2AFV	H2A histone family member V	1.73	8.993
39047_at	SART3	squamous cell carcinoma antigen recognized by T-cells 3	0.324	2.575
39056_at	PAICS	phosphoribosylaminoimidazole carboxylase; phosphoribosylaminoimidazolesuccinocarboxamide synthase	1.302	5.625
39057_at	KLC1	kinesin light chain 1	0.879	4.899
39060_at	PSMB7	proteasome subunit beta 7	0.71	2.928
39061_at	BST2	bone marrow stromal cell antigen 2	0.666	2.246
39065_s_at	TTC3P1///TTC3	tetratricopeptide repeat domain 3 pseudogene 1///tetratricopeptide repeat domain 3	1.237	5.23
39070_at	FSCN1	fascin actin-bundling protein 1	0.64	5.356
39071_at	ITGAV	integrin subunit alpha V	1.126	3.058
39072_at	MXI1	MAX interactor 1, dimerization protein	1.132	9.078
39075_at	NEU1	neuraminidase 1 (lysosomal sialidase)	-0.356	2.622
39077_at	SNORD65///SNORD49B///LRRC75A-AS1///SNORD49A	small nucleolar RNA, C/D box 65///small nucleolar RNA, C/D box 49B///LRRC75A antisense RNA 1///small nucleolar RNA, C/D box 49A	1.077	3.96
39081_at	MT2A	metallothionein 2A	-0.843	2.375
39083_at	UBE2D3	ubiquitin conjugating enzyme E2 D3	1.153	5.353
39086_g_at	SSBP1	single stranded DNA binding protein 1	0.809	2.012
39090_at	NUDT4	nudix hydrolase 4	-0.893	3.691
39094_at	BRD4	bromodomain containing 4	-0.424	2.274
39096_at	SON	SON DNA binding protein	1.106	4.857
39097_at	SON	SON DNA binding protein	0.851	5.274
39098_at	ELN	elastin	-0.623	4.835
39099_at	SEC23A	Sec23 homolog A, coat complex II component	1.168	3.568
390_at	CCR4	C-C motif chemokine receptor 4	-0.458	2.603
39102_at	GPSM2	G-protein signaling modulator 2	-0.468	4.372
39108_at	LSS	lanosterol synthase (2,3-oxidosqualene-lanosterol cyclase)	-0.304	3.852
39111_s_at	PPIL2	peptidylprolyl isomerase like 2	-0.48	3.378
39112_at	USF2	upstream transcription factor 2, c-fos interacting	0.435	3.389
39113_at	PDIA4	protein disulfide isomerase family A member 4	-0.961	3.469
39116_at	TMCO1	transmembrane and coiled-coil domains 1	-0.35	1.678
39117_at	PHF2	PHD finger protein 2	0.908	4.915
39118_at	DNAJA1	DnaJ heat shock protein family (Hsp40) member A1	0.728	2.969
39121_at	ABCD4	ATP binding cassette subfamily D member 4	-0.928	6.459
39124_r_at	TRPC1	transient receptor potential cation channel subfamily C member 1	-0.615	2.311
39125_at			-0.847	6.951
39127_f_at	PTPA	protein phosphatase 2 phosphatase activator	0.705	2.804
39128_r_at	PTPA	protein phosphatase 2 phosphatase activator	-0.905	6.348
39130_at	VPS39	VPS39, HOPS complex subunit	-0.471	4.668
39131_at	UPF3A	UPF3 regulator of nonsense transcripts homolog A (yeast)	1.263	8.939
39132_at	SMARCA5	SWI/SNF related, matrix associated, actin dependent regulator of chromatin, subfamily a, member 5	0.583	2.976
39133_at	BLOC1S1-RDH5///BLOC1S1	BLOC1S1-RDH5 readthrough///biogenesis of lysosomal organelles complex 1 subunit 1	0.598	3.084
39135_at	GRAMD4	GRAM domain containing 4	0.306	1.871
39136_at	OXSR1	oxidative stress responsive 1	0.701	1.989
39137_at	NFRKB	nuclear factor related to kappaB binding protein	-0.355	2.561
39138_g_at	NFRKB	nuclear factor related to kappaB binding protein	-0.592	6.599
39140_at	DHX29	DEAH-box helicase 29	0.688	3.626
39142_at	NUDT21	nudix hydrolase 21	0.598	3.823
39144_at	NFATC1	nuclear factor of activated T-cells 1	-0.413	2.878
39147_g_at	ATRX	ATRX, chromatin remodeler	1.009	5.967
39150_at	RNF11	ring finger protein 11	0.831	5.641
39157_at			-0.948	5.428
39162_at	GTF2H5	general transcription factor IIH subunit 5	0.726	4.863
39163_at	KIDINS220	kinase D-interacting substrate 220kDa	1.026	3.586
39166_s_at	SERPINH1	serpin family H member 1	-0.786	4.248
39169_at	SEC61G	Sec61 translocon gamma subunit	0.491	1.778
39172_at	ADO	2-aminoethanethiol dioxygenase	0.508	2.859
39174_at	NCOA4	nuclear receptor coactivator 4	0.972	2.829
39180_at	FUS	FUS RNA binding protein	0.667	5.825
39182_at	EMP3	epithelial membrane protein 3	0.58	2.103
39187_at	RUNX2	runt related transcription factor 2	-0.578	6.022
39190_s_at	SLC25A42	solute carrier family 25 member 42	-0.333	2.127
39193_at			-0.352	3.213
39194_at			-0.551	2.554
39195_s_at	SLC25A26	solute carrier family 25 member 26	-0.416	2.863
39196_i_at	LRIG1	leucine rich repeats and immunoglobulin like domains 1	-0.255	2.139
39199_at	ACVR1B	activin A receptor type 1B	-0.512	1.906
391_at	PPP5C	protein phosphatase 5 catalytic subunit	-0.324	3.18
39202_at	TRAF3IP1	TRAF3 interacting protein 1	-0.475	3.74
39203_at	C14orf132	chromosome 14 open reading frame 132	-0.641	4.171
39204_at			-0.394	2.073
39205_at	GDPD5	glycerophosphodiester phosphodiesterase domain containing 5	-0.781	2.689
39207_r_at	ACAN	aggrecan	-1.029	5.173
39208_i_at	PPBP	pro-platelet basic protein	0.677	2.099
39209_r_at	PPBP	pro-platelet basic protein	-0.461	1.691
39210_at	FUT4	fucosyltransferase 4	-0.393	2.058
39212_at	ZNF415	zinc finger protein 415	0.559	2.328
39215_at	NPPB	natriuretic peptide B	-0.406	3.087
39216_at	UNC93A	unc-93 homolog A (C. elegans)	-0.53	4.266
39221_at	LILRB2	leukocyte immunoglobulin like receptor B2	-0.571	1.787
39226_at	CD3G	CD3g molecule	-0.241	1.679
39231_at	CHD1	chromodomain helicase DNA binding protein 1	0.805	1.812
39234_at	PTOV1-AS2	PTOV1 antisense RNA 2	-0.459	2.752
39236_s_at	FAAH	fatty acid amide hydrolase	-0.312	1.68
39243_s_at	PSIP1	PC4 and SFRS1 interacting protein 1	1.084	6.444
39247_at	LOC101930322///ABCC6P2///ABCC6P1///ABCC6	multidrug resistance-associated protein 6-like///ATP binding cassette subfamily C member 6 pseudogene 2///ATP binding cassette subfamily C member 6 pseudogene 1///ATP binding cassette subfamily C member 6	0.957	3.231
39248_at	AQP3	aquaporin 3 (Gill blood group)	1.097	2.774
39249_at	AQP3	aquaporin 3 (Gill blood group)	0.562	3.444
39251_at	CCNC	cyclin C	0.825	4.002
39256_at	KLF12	Kruppel like factor 12	-0.561	5.618
39259_at			-0.739	2.005
39260_at	SLC16A4	solute carrier family 16 member 4	1.273	2.774
39261_at	ZBTB48	zinc finger and BTB domain containing 48	-0.524	5.469
39264_at	OAS2	2'-5'-oligoadenylate synthetase 2	-0.755	3.158
39270_at	CLEC4M	C-type lectin domain family 4 member M	-0.297	1.738
39271_at	MIA	melanoma inhibitory activity	-0.38	2.481
39274_at	NUP62	nucleoporin 62	-0.458	2.192
39275_at	CACNA1D	calcium voltage-gated channel subunit alpha1 D	-0.454	2.99
39278_at	TGM4	transglutaminase 4	-0.243	1.728
39285_at	PCYT1A	phosphate cytidylyltransferase 1, choline, alpha	-0.407	3.436
39287_at	CADM3-AS1	CADM3 antisense RNA 1	-0.481	3.535
39291_at	PHKA1	phosphorylase kinase regulatory subunit alpha 1	-0.464	2.26
39297_at	MIR548F5///MAB21L1	microRNA 548f-5///mab-21 like 1	-0.421	2.806
39299_at	FASTKD2	FAST kinase domains 2	0.633	3.881
39300_at	CALML3	calmodulin like 3	-0.459	5.388
39302_at	DSC2	desmocollin 2	0.437	1.982
39303_at	BTRC	beta-transducin repeat containing E3 ubiquitin protein ligase	-0.336	1.793
39305_at	BTRC	beta-transducin repeat containing E3 ubiquitin protein ligase	-0.253	1.793
39307_s_at	CLTB	clathrin light chain B	0.681	3.989
39309_at	BDKRB2	bradykinin receptor B2	0.626	3.536
39310_at	BDKRB2	bradykinin receptor B2	-0.423	2.152
39313_at	WNK1	WNK lysine deficient protein kinase 1	0.402	2.145
39316_at	RAB40C	RAB40C, member RAS oncogene family	-0.283	1.974
39322_at	KLHL25	kelch like family member 25	-0.551	6.635
39324_at	PGAP1	post-GPI attachment to proteins 1	1.082	6.306
39328_at	HMGCR	3-hydroxy-3-methylglutaryl-CoA reductase	-0.703	1.807
39331_at	TUBB2A	tubulin beta 2A class IIa	1.201	6.58
39334_s_at	ATN1	atrophin 1	-0.369	2.231
39335_at	EIF5AL1	eukaryotic translation initiation factor 5A-like 1	-0.386	2.664
39337_at	H2AFZ	H2A histone family member Z	0.97	3.131
39344_at	TRA2A	transformer 2 alpha homolog	0.822	3.422
39345_at	NPC2	NPC intracellular cholesterol transporter 2	0.378	1.851
39346_at	KHDRBS1	KH RNA binding domain containing, signal transduction associated 1	0.795	4.506
39348_at	PRMT2	protein arginine methyltransferase 2	0.394	2.96
39349_at	PRMT2	protein arginine methyltransferase 2	-0.799	2.432
39350_at	GPC3	glypican 3	1.279	3.58
39354_at	PRDX6	peroxiredoxin 6	0.842	3.395
39357_at	EMG1	EMG1, N1-specific pseudouridine methyltransferase	0.511	2.396
39358_at	NCOR2	nuclear receptor corepressor 2	1.12	6.133
39359_s_at	NCOR2	nuclear receptor corepressor 2	-0.568	3.31
39360_at	SNX3	sorting nexin 3	0.736	2.471
39364_s_at	PPP1R3C	protein phosphatase 1 regulatory subunit 3C	-0.429	3.415
39368_at	EIF2S2	eukaryotic translation initiation factor 2 subunit beta	-0.409	2.119
39374_at	GTSE1	G2 and S-phase expressed 1	-0.369	2.36
39375_g_at	GTSE1	G2 and S-phase expressed 1	-0.528	3.397
39376_at	HIPK1	homeodomain interacting protein kinase 1	1.361	7.323
39377_at	MRPS27	mitochondrial ribosomal protein S27	1.174	6.861
39378_at	BECN1	beclin 1	0.565	3.196
39379_at	DESI2	desumoylating isopeptidase 2	1.137	7.033
39381_at	C6orf120	chromosome 6 open reading frame 120	0.828	3.168
39382_at	TRIM2	tripartite motif containing 2	1.774	6.072
39388_at	CAMK2G	calcium/calmodulin dependent protein kinase II gamma	0.58	4.547
39389_at	CD9	CD9 molecule	1.409	3.874
39390_at	NUP133	nucleoporin 133	0.586	3.048
39391_at	STAMBP	STAM binding protein	0.446	3.278
39394_at	C2orf72	chromosome 2 open reading frame 72	-0.507	2.463
39396_at	LYPLA1	lysophospholipase I	0.933	3.563
39397_at	NR2F2	nuclear receptor subfamily 2 group F member 2	1.17	3.728
39399_at	TBCD	tubulin folding cofactor D	-0.636	4.834
39403_at	DNAJC13	DnaJ heat shock protein family (Hsp40) member C13	0.359	1.862
39404_s_at	UPF1	UPF1, RNA helicase and ATPase	0.295	1.733
39405_at	ALG11///UTP14C	ALG11, alpha-1,2-mannosyltransferase///UTP14, small subunit processome component homolog C (S. cerevisiae)	0.753	5.403
39406_at	BMP1	bone morphogenetic protein 1	-0.428	3.201
39410_at	ASAP2	ArfGAP with SH3 domain, ankyrin repeat and PH domain 2	1.186	4.703
39411_at	TIPARP	TCDD inducible poly(ADP-ribose) polymerase	0.841	1.949
39415_at	HNRNPK	heterogeneous nuclear ribonucleoprotein K	1.121	4.731
39419_at	SPAG9	sperm associated antigen 9	1.504	4.616
39422_at	LOC101930416///LOC101929792///LOC100996724///PDE4DIP	myomegalin-like///uncharacterized LOC101929792///phosphodiesterase 4D interacting protein-like///phosphodiesterase 4D interacting protein	-0.616	2.783
39424_at	TNFRSF14	TNF receptor superfamily member 14	-0.539	3.846
39425_at	TXNRD1	thioredoxin reductase 1	0.44	1.888
39426_at	TCERG1	transcription elongation regulator 1	0.559	1.81
39429_at	UVRAG	UV radiation resistance associated	0.582	3.324
39430_at	TNKS	tankyrase	0.336	2.894
39431_at	NPEPPS	aminopeptidase puromycin sensitive	0.775	5.505
39433_at	KIAA0930	KIAA0930	-0.536	3.462
39436_at	BNIP3L	BCL2 interacting protein 3 like	0.687	2.214
39438_at	CREBL2	cAMP responsive element binding protein like 2	1.178	4.384
39442_at	UNC50	unc-50 inner nuclear membrane RNA binding protein	0.816	3.019
39446_s_at	KPNA6	karyopherin subunit alpha 6	-0.33	1.784
39447_f_at	LRRC23	leucine rich repeat containing 23	-0.423	2.595
39448_r_at	LRRC23	leucine rich repeat containing 23	-0.446	2.006
39451_i_at	IDS	iduronate 2-sulfatase	-0.246	1.976
39454_f_at	TLX2	T-cell leukemia homeobox 2	-0.39	3.699
39455_r_at	TLX2	T-cell leukemia homeobox 2	-0.768	5.546
39459_at	ATXN7L3B	ataxin 7 like 3B	-0.422	2.796
39460_g_at	ATXN7L3B	ataxin 7 like 3B	-0.699	5.162
39465_f_at	C5orf45	chromosome 5 open reading frame 45	-0.511	4.222
39467_f_at			-0.258	2.007
39468_r_at			-0.504	2.274
39470_at			1.11	3.281
39471_at	CAPRIN1	cell cycle associated protein 1	1.731	6.557
39473_r_at			-0.768	3.24
39477_s_at	TMEM246	transmembrane protein 246	-0.491	2.404
39478_at	KCTD7	potassium channel tetramerization domain containing 7	-0.97	4.225
39481_at	ELOVL6	ELOVL fatty acid elongase 6	-0.457	2.024
39482_at	GAPDH	glyceraldehyde-3-phosphate dehydrogenase	-0.564	2.807
39486_s_at	HEG1	heart development protein with EGF like domains 1	-0.532	1.803
39487_at	INPP4A	inositol polyphosphate-4-phosphatase type I A	-0.494	4.785
39488_at	PCDH9	protocadherin 9	-0.423	2.557
39489_g_at	PCDH9	protocadherin 9	-0.574	6.237
39490_f_at			-0.488	2.995
39491_s_at	KCNB1	potassium voltage-gated channel subfamily B member 1	-0.843	3.227
39493_at	SEC61A1	Sec61 translocon alpha 1 subunit	-0.744	6.135
39495_at			-1.736	3.313
39497_at			-0.887	3.257
39498_at			-0.556	5.294
39501_f_at	NECAB3	N-terminal EF-hand calcium binding protein 3	-0.438	4.053
39502_at	DPYSL4	dihydropyrimidinase like 4	-0.339	2.906
39503_s_at	DPYSL4	dihydropyrimidinase like 4	-0.418	3.69
39505_at	GJC2	gap junction protein gamma 2	-0.485	3.88
39506_at	BICC1	BicC family RNA binding protein 1	1.086	4.256
39507_at	OGT	O-linked N-acetylglucosamine (GlcNAc) transferase	0.826	3.808
39509_at	BBIP1	BBSome interacting protein 1	0.64	5.38
39510_r_at	MIR4680///PDCD4	microRNA 4680///programmed cell death 4 (neoplastic transformation inhibitor)	0.657	2.464
39512_s_at	INPP4A	inositol polyphosphate-4-phosphatase type I A	-0.663	3.097
39514_s_at	INPP4A	inositol polyphosphate-4-phosphatase type I A	-0.401	1.841
39518_at	PRRC1	proline rich coiled-coil 1	-0.747	2.722
39521_at	SLC12A4	solute carrier family 12 member 4	-0.34	2.038
39524_at	RHO	rhodopsin	-0.526	3.38
39525_at	PLEKHB2	pleckstrin homology domain containing B2	0.776	4.303
39528_at	RRAD	RRAD, Ras related glycolysis inhibitor and calcium channel regulator	-0.366	2.325
39530_at	PDLIM7	PDZ and LIM domain 7	-0.395	2.571
39532_at	RIN1	Ras and Rab interactor 1	-0.539	4.435
39535_at	HMX1	H6 family homeobox 1	-0.823	6.335
39536_at			-0.707	5.217
39538_at	SORT1	sortilin 1	-0.359	2.821
39542_at	ENC1	ectodermal-neural cortex 1	0.361	1.717
39545_at	CDKN1C	cyclin dependent kinase inhibitor 1C	0.628	2.817
39546_s_at	NOL7	nucleolar protein 7	0.679	6.122
39548_at	NPAS2	neuronal PAS domain protein 2	-0.492	1.672
39554_at	ING2	inhibitor of growth family member 2	-0.49	3.587
39555_at	ING2	inhibitor of growth family member 2	-0.672	2.231
39557_at	LYRM9	LYR motif containing 9	0.531	4.615
39558_s_at	LYRM9	LYR motif containing 9	-0.564	2.594
39559_at	KMO	kynurenine 3-monooxygenase (kynurenine 3-hydroxylase)	0.609	5.396
39561_at	CBX6	chromobox 6	0.764	3.231
39564_s_at	ABCB6	ATP binding cassette subfamily B member 6 (Langereis blood group)	-0.46	2.689
39567_at	AQP7P5///LOC101930168///LOC100509620///AQP7P1///AQP7	aquaporin 7 pseudogene 5///putative aquaporin-7-like protein 3///putative aquaporin-7-like protein 3///aquaporin 7 pseudogene 1///aquaporin 7	0.396	2.632
39568_g_at	AQP7P5///LOC101930168///LOC100509620///AQP7P1///AQP7	aquaporin 7 pseudogene 5///putative aquaporin-7-like protein 3///putative aquaporin-7-like protein 3///aquaporin 7 pseudogene 1///aquaporin 7	0.525	3.681
39573_at	GRIK2	glutamate ionotropic receptor kainate type subunit 2	-0.434	3.805
39574_at	SEMA4F	ssemaphorin 4F	-0.298	2.66
39577_at	SOSTDC1	sclerostin domain containing 1	1.065	4.168
39578_at	HR	hair growth associated	-0.53	2.147
39579_at	CLDN10	claudin 10	1.113	2.587
39580_at	PPP1R26	protein phosphatase 1 regulatory subunit 26	0.733	4.414
39583_at	LRRN2	leucine rich repeat neuronal 2	-0.215	1.941
39586_at	DSG1	desmoglein 1	-0.326	1.736
39587_at	CCDC22	coiled-coil domain containing 22	-0.44	2.612
39588_at	TNFSF12-TNFSF13///TNFSF12	TNFSF12-TNFSF13 readthrough///tumor necrosis factor superfamily member 12	-0.201	2.034
39589_at	KIAA0319	KIAA0319	-0.629	4.843
39590_at	APBA2	amyloid beta precursor protein binding family A member 2	-0.333	2.551
39591_s_at	FGL2	fibrinogen like 2	1.282	6.585
39592_r_at	FGL2	fibrinogen like 2	0.456	2.276
39593_at	FGL2	fibrinogen like 2	1.237	5.652
39596_at	NTRK3	neurotrophic receptor tyrosine kinase 3	-0.394	2.733
39598_at	GJB1	gap junction protein beta 1	0.534	2.895
39601_at	RASSF1	Ras association domain family member 1	-0.385	1.87
39603_at	TSNAX-DISC1///DISC1	TSNAX-DISC1 readthrough (NMD candidate)///disrupted in schizophrenia 1	-0.506	2.081
39609_at	SIM2	single-minded family bHLH transcription factor 2	-0.279	2.068
39610_at	HOXB2	homeobox B2	0.512	2.808
39611_at	EFNA5	ephrin A5	-0.319	1.819
39613_at	MAN1A1	mannosidase alpha class 1A member 1	0.423	1.735
39615_at	KAZN	kazrin, periplakin interacting protein	0.411	2.783
39616_at	PTGER3	prostaglandin E receptor 3	1.227	4.036
39617_at	LIFR	leukemia inhibitory factor receptor alpha	0.923	4.981
39619_at	REEP2	receptor accessory protein 2	-0.437	4.153
39620_at	POU6F1	POU class 6 homeobox 1	-0.48	2.963
39621_at	OTUD3	OTU deubiquitinase 3	0.487	2.882
39624_at	LTB4R	leukotriene B4 receptor	-0.415	2.512
39625_at	EXPH5	exophilin 5	0.704	3.918
39628_at	RAB9A	RAB9A, member RAS oncogene family	0.778	4.348
39632_at	MMP13	matrix metallopeptidase 13	-0.636	3.564
39635_at	THSD7A	thrombospondin type 1 domain containing 7A	0.527	2.137
39637_at	SLC26A2	solute carrier family 26 member 2	0.479	2.042
39641_at	CCNO	cyclin O	-0.26	1.743
39642_at	ELOVL2	ELOVL fatty acid elongase 2	-0.531	1.679
39645_r_at	ARR3	arrestin 3	-0.4	2.851
39647_s_at	CACNB2	calcium voltage-gated channel auxiliary subunit beta 2	-0.53	1.885
39650_s_at	PCNX2	pecanex homolog 2 (Drosophila)	-0.421	2.545
39654_at	ASPA	aspartoacylase	1.048	4.878
39656_at	RGS6	regulator of G-protein signaling 6	-0.542	4.496
39657_at	KRT4	keratin 4	-0.299	2.211
39659_at	TSFM	Ts translation elongation factor, mitochondrial	-0.241	1.949
39665_at	GLRB	glycine receptor beta	0.549	3.307
39666_at	GNG4	G protein subunit gamma 4	-0.317	1.908
39668_at	TFAP2B	transcription factor AP-2 beta	-0.897	6.188
39670_at	PARP3	poly(ADP-ribose) polymerase family member 3	-0.317	2.646
39672_at	PTPN7	protein tyrosine phosphatase, non-receptor type 7	-0.469	2.82
39673_i_at	ECM2	extracellular matrix protein 2	0.536	2.026
39674_r_at	ECM2	extracellular matrix protein 2	0.77	3.141
39677_at	GINS1	GINS complex subunit 1	0.424	2.787
39678_at	ACAT1	acetyl-CoA acetyltransferase 1	0.987	2.135
39679_at	AQP2	aquaporin 2	0.61	2.621
39680_at	STATH	statherin	-0.836	1.689
39683_at	CRYBB1	crystallin beta B1	-0.361	2.315
39685_at	ATXN10	ataxin 10	0.756	3.316
39686_g_at	ATXN10	ataxin 10	0.761	2.983
39687_at	ATXN10	ataxin 10	-0.516	4.186
39688_at	DPF2	double PHD fingers 2	-0.486	3.604
39691_at	SH3GLB1	SH3 domain containing GRB2 like endophilin B1	0.904	4.037
39692_at	CREB3L2	cAMP responsive element binding protein 3 like 2	1.631	6.824
39693_at	TMEM109	transmembrane protein 109	0.445	2.22
39696_at	PEG10	paternally expressed 10	0.885	4.555
39697_at	HSD11B2	hydroxysteroid 11-beta dehydrogenase 2	1.07	2.836
396_f_at	EPOR	erythropoietin receptor	-0.632	5.366
39701_at	PEG3	paternally expressed 3	0.613	4.108
39702_at	RPP30	ribonuclease P/MRP subunit p30	0.259	1.985
39703_at	KDM6A	lysine demethylase 6A	0.613	3.081
39704_s_at	HMGA1	high mobility group AT-hook 1	-0.592	3.218
39706_at	CPNE3	copine 3	1.062	3.562
39707_at	MTMR4	myotubularin related protein 4	1.223	8.44
39708_at	STAT3	signal transducer and activator of transcription 3	1.552	3.993
39710_at	NREP	neuronal regeneration related protein	1.473	5.731
39714_at	SH3BGRL	SH3 domain binding glutamate rich protein like	1.273	4.364
39717_g_at	MRPL33	mitochondrial ribosomal protein L33	-0.395	1.859
39721_at	EFNB1	ephrin B1	-0.486	3.787
39723_at	CUL1	cullin 1	-0.408	3.26
39724_s_at	CUL1	cullin 1	0.838	4.168
39725_at	RBM39	RNA binding motif protein 39	0.73	4.194
39727_at	DUSP11	dual specificity phosphatase 11	1.101	4.998
39730_at	ABL1	ABL proto-oncogene 1, non-receptor tyrosine kinase	0.286	1.887
39731_at	LOC101928747///RBMX///SNORD61	uncharacterized LOC101928747///RNA binding motif protein, X-linked///small nucleolar RNA, C/D box 61	0.865	3.828
39732_at	MAP7	microtubule associated protein 7	1.611	6.67
39733_at	HERPUD1	homocysteine inducible ER protein with ubiquitin like domain 1	1.296	4.677
39734_at	AIMP1	aminoacyl tRNA synthetase complex interacting multifunctional protein 1	0.893	5.452
39737_at			-0.762	1.969
39738_at	MYH9	myosin, heavy chain 9, non-muscle	1.168	4.013
39741_at	HADHB	hydroxyacyl-CoA dehydrogenase/3-ketoacyl-CoA thiolase/enoyl-CoA hydratase (trifunctional protein), beta subunit	0.649	2.025
39742_at	TANK	TRAF family member associated NFKB activator	1.41	2.293
39744_at	DDX3X	DEAD-box helicase 3, X-linked	1.193	3.767
39745_at	OPA1	OPA1, mitochondrial dynamin like GTPase	0.505	3.222
39751_at	ZDHHC3	zinc finger DHHC-type containing 3	0.584	4.322
39752_at	CYB561D2	cytochrome b561 family member D2	-0.243	1.811
39753_at	ITGA5	integrin subunit alpha 5	-0.589	5.118
39754_at	ITGB5	integrin subunit beta 5	0.399	3.696
39756_g_at	XBP1	X-box binding protein 1	0.579	2.136
39759_at	QKI	QKI, KH domain containing RNA binding	1.777	4.295
39761_at	AVL9	AVL9 cell migration associated	0.357	3.292
39762_at	ZMYM4	zinc finger MYM-type containing 4	0.309	2.189
39763_at	HPX	hemopexin	-0.31	2.98
39764_at	ACVR1	activin A receptor type 1	0.692	3.246
39770_at	SMG7	SMG7, nonsense mediated mRNA decay factor	0.329	1.804
39771_at	RHOBTB1	Rho related BTB domain containing 1	0.97	3.073
39772_at	ERI3	ERI1 exoribonuclease family member 3	0.272	1.769
39773_at	C14orf1	chromosome 14 open reading frame 1	0.304	2.013
39774_at	OXA1L	OXA1L, mitochondrial inner membrane protein	1.05	6.492
39776_at	ULK2	unc-51 like autophagy activating kinase 2	0.685	3.804
39777_at	MYCBP2	MYC binding protein 2, E3 ubiquitin protein ligase	1.003	6.095
39778_at	MGAT1	mannosyl (alpha-1,3-)-glycoprotein beta-1,2-N-acetylglucosaminyltransferase	-0.574	4.261
39780_at	PPP3CB	protein phosphatase 3 catalytic subunit beta	0.484	2.524
39782_at	C1D	C1D nuclear receptor corepressor	1.227	4.907
39783_at	KIAA0100	KIAA0100	0.417	3.479
39785_at	CEP57	centrosomal protein 57	0.562	4.628
39788_at	PKP4	plakophilin 4	0.648	4.66
39790_at	ATP2A2	ATPase sarcoplasmic/endoplasmic reticulum Ca2+ transporting 2	0.983	4.865
39791_at	ATP2A2	ATPase sarcoplasmic/endoplasmic reticulum Ca2+ transporting 2	1.026	4.24
39792_at	HNRNPR	heterogeneous nuclear ribonucleoprotein R	1.84	6.85
39793_at	GBAS	glioblastoma amplified sequence	1.175	3.565
39794_at	USP8	ubiquitin specific peptidase 8	1.149	5.297
39797_at	UBR2	ubiquitin protein ligase E3 component n-recognin 2	0.721	5.839
39802_at	CCL7	C-C motif chemokine ligand 7	-0.651	5.008
39805_at	ABCB6	ATP binding cassette subfamily B member 6 (Langereis blood group)	-0.35	2.838
39806_at	ASF1A	anti-silencing function 1A histone chaperone	0.68	3.12
39808_at	WNT11	Wnt family member 11	-0.256	2.147
39813_s_at	PCNX4	pecanex homolog 4 (Drosophila)	-0.557	4.541
39815_at	NENF	neudesin neurotrophic factor	-0.954	5.655
39816_g_at	NENF	neudesin neurotrophic factor	-0.447	2.505
39817_s_at	DNPH1	2'-deoxynucleoside 5'-phosphate N-hydrolase 1	0.679	1.922
39818_at	DNPH1	2'-deoxynucleoside 5'-phosphate N-hydrolase 1	-0.795	6.242
39821_s_at	GADD45B	growth arrest and DNA damage inducible beta	-0.465	4.803
39823_at	DCAF8	DDB1 and CUL4 associated factor 8	0.687	2.129
39825_at	SLC25A1	solute carrier family 25 member 1	0.646	3.35
39827_at	DDIT4	DNA damage inducible transcript 4	1.052	1.887
39828_at	ARL4C	ADP ribosylation factor like GTPase 4C	-0.331	1.729
39829_at	ARL4C	ADP ribosylation factor like GTPase 4C	-0.696	3.102
39831_at	SRRT	serrate, RNA effector molecule	-0.486	2.485
39834_at	CHRNE	cholinergic receptor nicotinic epsilon subunit	-0.549	7.108
39836_at	ZNF467	zinc finger protein 467	-0.267	2.887
39837_s_at	ZNF467	zinc finger protein 467	-0.377	3.198
39839_at	YBX3	Y-box binding protein 3	0.909	3.272
39840_at	GREM1	gremlin 1, DAN family BMP antagonist	-0.304	2.352
39842_at	CRLF1	cytokine receptor like factor 1	-0.686	6.316
39843_at	CRLF1	cytokine receptor like factor 1	-0.554	4.038
39845_at	HTRA2	HtrA serine peptidase 2	-0.417	4.075
39847_at	NOP14	NOP14 nucleolar protein	-0.278	1.852
39848_at	KCNS1	potassium voltage-gated channel modifier subfamily S member 1	-0.684	6.06
39849_at	KCNS1	potassium voltage-gated channel modifier subfamily S member 1	-0.475	2.531
39850_at	ANK2	ankyrin 2, neuronal	1.485	6.079
39853_at			-0.709	4.893
39854_r_at	PNPLA2	patatin like phospholipase domain containing 2	-0.98	5.449
39855_at	FZR1	fizzy/cell division cycle 20 related 1	-0.837	8.112
39857_at	STX11	syntaxin 11	-1.251	4.818
39858_s_at	STX11	syntaxin 11	-0.527	2.069
39859_r_at	STX11	syntaxin 11	-0.567	3.285
39862_at	PRSS53	protease, serine 53	-0.407	2.513
39863_at	ZNF646	zinc finger protein 646	-0.521	6.168
39864_at	CIRBP	cold inducible RNA binding protein	0.659	2.57
39866_at	USP22	ubiquitin specific peptidase 22	-0.937	3.095
39867_at	TUFM	Tu translation elongation factor, mitochondrial	0.521	3.216
39868_at	PCBP3	poly(rC) binding protein 3	-0.379	3.482
39869_at	ELAC2	elaC ribonuclease Z 2	-0.428	1.79
39871_at	RBMXL2	RNA binding motif protein, X-linked like 2	-0.528	2.425
39873_at	CDK17	cyclin dependent kinase 17	0.913	3.545
39875_at	WASL	Wiskott-Aldrich syndrome like	-0.545	2.055
39877_at	KCNC4	potassium voltage-gated channel subfamily C member 4	-0.544	2.217
39880_at	LRRC37A2///LRRC37A3///LRRC37A4P///LRRC37A	leucine rich repeat containing 37 member A2///leucine rich repeat containing 37 member A3///leucine rich repeat containing 37 member A4, pseudogene///leucine rich repeat containing 37A	-0.559	2.345
39881_at	SLC25A42	solute carrier family 25 member 42	-0.579	1.902
39882_at	TIMM8A	translocase of inner mitochondrial membrane 8 homolog A (yeast)	-0.622	3.211
39886_at	GRIP1	glutamate receptor interacting protein 1	-0.478	1.823
39887_at	GRIP1	glutamate receptor interacting protein 1	-0.411	2.174
39890_at			-0.478	5.523
39892_at			-0.79	10.214
39894_f_at	BRD1	bromodomain containing 1	-0.695	2.107
39895_r_at	BRD1	bromodomain containing 1	-0.803	4.247
39896_at	DHX16	DEAH-box helicase 16	-0.656	2.699
39897_at	YTHDC1	YTH domain containing 1	0.8	3.072
39899_at	CADM4	cell adhesion molecule 4	-1.521	4.409
398_at	DDX18	DEAD-box helicase 18	0.463	3.326
39902_at			-0.946	2.923
39903_at	CIB2	calcium and integrin binding family member 2	-0.267	2.44
39904_at	CIB2	calcium and integrin binding family member 2	-0.437	2.781
39911_at			-0.487	4.345
39913_at	HS6ST1	heparan sulfate 6-O-sulfotransferase 1	-0.478	2.932
39914_r_at	TRPM2	transient receptor potential cation channel subfamily M member 2	-0.788	7.426
39915_at	TRPM2	transient receptor potential cation channel subfamily M member 2	-0.329	1.931
39917_at	TUBGCP2	tubulin gamma complex associated protein 2	-0.293	1.708
39918_at	TUBGCP2	tubulin gamma complex associated protein 2	0.453	3.837
39919_at	C1QL1	complement C1q like 1	-0.737	4.028
39920_r_at	C1QL1	complement C1q like 1	-1.011	7.174
39924_at	ZC3H13	zinc finger CCCH-type containing 13	0.922	5.664
39925_at	COL9A2	collagen type IX alpha 2 chain	-0.318	2.266
39926_at	SMAD5	SMAD family member 5	1.109	7.276
39927_at	ARHGAP5	Rho GTPase activating protein 5	0.819	2.471
39928_at	GRM3	glutamate metabotropic receptor 3	-0.646	4.21
39944_at	ZNF35	zinc finger protein 35	-1.03	2.343
39946_at	REG3A	regenerating family member 3 alpha	-0.714	4.294
39947_at	EFNA4	ephrin A4	-0.462	4.165
39950_at	SMPDL3A	sphingomyelin phosphodiesterase acid like 3A	1.288	4.648
39951_at	PLS1	plastin 1	0.696	4.545
39956_at	KIF3A	kinesin family member 3A	1.255	8.45
39957_at	SOCS6	suppressor of cytokine signaling 6	0.425	1.66
39960_at	COQ2	coenzyme Q2, polyprenyltransferase	-0.628	2.405
39962_at	CDC42BPA	CDC42 binding protein kinase alpha	0.874	8.105
39963_at	ZKSCAN4	zinc finger with KRAB and SCAN domains 4	-0.348	2.359
39964_at	RP2	retinitis pigmentosa 2 (X-linked recessive)	0.78	1.927
39967_at	LDOC1	leucine zipper down-regulated in cancer 1	0.535	4.401
39970_at	NR0B1	nuclear receptor subfamily 0 group B member 1	-0.888	4.533
39971_at	LYL1	LYL1, basic helix-loop-helix family member	-0.384	1.855
39972_at	GPR17	G protein-coupled receptor 17	-0.467	3.171
39975_at	UBFD1	ubiquitin family domain containing 1	0.3	1.965
39977_at	ZBTB11	zinc finger and BTB domain containing 11	1.371	7.99
39978_at	HSD17B3	hydroxysteroid 17-beta dehydrogenase 3	-0.384	3.456
39979_at	F10	coagulation factor X	-0.525	4.842
39989_at	RRAGB	Ras related GTP binding B	0.624	7.519
39999_at	CASP10	caspase 10	-0.374	2.131
40000_f_at	VPS13A	vacuolar protein sorting 13 homolog A	0.479	1.907
40002_r_at	VPS13A	vacuolar protein sorting 13 homolog A	1.825	10.244
40003_at	GP2	glycoprotein 2	-0.39	2.677
40004_at	SIX1	SIX homeobox 1	-0.419	4.718
40013_at	CLIC2	chloride intracellular channel 2	-0.686	2.469
40015_at	MAST4	microtubule associated serine/threonine kinase family member 4	-0.325	2.621
40021_at	KCND1	potassium voltage-gated channel subfamily D member 1	-0.529	3.123
40022_at	FKTN	fukutin	-0.667	2.183
40029_at	MEGF6	multiple EGF like domains 6	-0.941	3.455
40038_at	MIR6132///ST7-OT3///ST7	microRNA 6132///ST7 overlapping transcript 3///suppression of tumorigenicity 7	-0.441	2.302
40042_r_at	LOC102724788	proline dehydrogenase 1, mitochondrial	-0.62	4.617
40044_at	ELL	elongation factor for RNA polymerase II	-0.566	2.787
40048_at	PUM1	pumilio RNA binding family member 1	0.827	6.798
40049_at	DAPK1	death associated protein kinase 1	0.782	4.916
40050_at	CBFA2T2	CBFA2/RUNX1 translocation partner 2	-0.424	3.525
40055_s_at	MMP19	matrix metallopeptidase 19	-0.558	4.321
40060_r_at	PDLIM5	PDZ and LIM domain 5	1.758	4.969
40061_at	PLAGL2	PLAG1 like zinc finger 2	-0.419	2.922
40062_s_at	MYL4	myosin light chain 4	-0.474	2.293
40063_at	CALCOCO2	calcium binding and coiled-coil domain 2	1.038	5.358
40064_at	TRAK2	trafficking kinesin protein 2	0.436	1.706
40065_s_at	DLG1	discs large MAGUK scaffold protein 1	0.666	3.768
40066_at	UBA3	ubiquitin like modifier activating enzyme 3	0.846	3.227
40069_at	SVIL	supervillin	0.623	2.434
40071_at	CYP1B1	cytochrome P450 family 1 subfamily B member 1	1.148	3.251
40077_at	ACO1	aconitase 1	0.585	2.924
40086_at	WAPL	WAPL cohesin release factor	0.934	5.96
40088_at	NRIP1	nuclear receptor interacting protein 1	1.256	6.25
40093_at	BCAM	basal cell adhesion molecule (Lutheran blood group)	0.359	2.042
40095_at	CA2	carbonic anhydrase 2	0.922	2.807
400_at	PDX1	pancreatic and duodenal homeobox 1	-0.769	4.4
40100_at	ARHGEF2	Rho/Rac guanine nucleotide exchange factor 2	0.329	1.665
40101_g_at	ARHGEF2	Rho/Rac guanine nucleotide exchange factor 2	-0.391	2.427
40102_at	OSBPL2	oxysterol binding protein like 2	-0.559	3.122
40105_at	MUT	methylmalonyl-CoA mutase	1.318	8.54
40107_at	ALDOC	aldolase, fructose-bisphosphate C	-0.407	2.305
40108_at	BZW1	basic leucine zipper and W2 domains 1	0.738	2.77
40109_at	SRF	serum response factor	0.276	1.857
40112_at	IDH3B	isocitrate dehydrogenase 3 (NAD(+)) beta	0.572	3.267
40113_at	TRIB2	tribbles pseudokinase 2	0.559	2.102
40117_at	MCM6	minichromosome maintenance complex component 6	0.319	2.3
40120_at	HAGH	hydroxyacylglutathione hydrolase	0.503	1.896
40121_at	UBE2K	ubiquitin conjugating enzyme E2 K	0.675	1.935
40122_at	SYNCRIP	synaptotagmin binding cytoplasmic RNA interacting protein	0.772	4.702
40123_at	GBF1	golgi brefeldin A resistant guanine nucleotide exchange factor 1	-0.303	3.499
40125_at	CANX	calnexin	0.524	1.681
40128_at	CLINT1	clathrin interactor 1	1.203	5.375
40129_at	PRKDC	protein kinase, DNA-activated, catalytic polypeptide	0.693	2.928
40132_g_at	CCZ1B///CCZ1	CCZ1 homolog B, vacuolar protein trafficking and biogenesis associated///CCZ1 homolog, vacuolar protein trafficking and biogenesis associated	0.532	2.38
40137_at	PTPN1	protein tyrosine phosphatase, non-receptor type 1	-0.264	2.24
40139_at	MTOR	mechanistic target of rapamycin	0.423	3.801
40141_at	CUL4B	cullin 4B	0.644	4.47
40146_at	RAP1B	RAP1B, member of RAS oncogene family	0.731	2.388
40147_at	VAT1	vesicle amine transport 1	1.262	4.598
40150_at	SNRPD3	small nuclear ribonucleoprotein D3 polypeptide	1.406	5.972
40154_at	ARPC4-TTLL3///TTLL3///ARPC4	ARPC4-TTLL3 readthrough///tubulin tyrosine ligase like 3///actin related protein 2/3 complex subunit 4	-0.781	6.268
40159_r_at	NCF1C///NCF1B///NCF1	neutrophil cytosolic factor 1C pseudogene///neutrophil cytosolic factor 1B pseudogene///neutrophil cytosolic factor 1	-1.115	6.833
40160_at	POM121	POM121 transmembrane nucleoporin	0.4	3.104
40161_at	COMP	cartilage oligomeric matrix protein	-0.64	4.935
40162_s_at	COMP	cartilage oligomeric matrix protein	-0.858	2.247
40167_s_at	WSB2	WD repeat and SOCS box containing 2	0.748	2.316
40170_at	PLIN3	perilipin 3	-0.488	1.727
40172_g_at	FRAT2	frequently rearranged in advanced T-cell lymphomas 2	-0.3	2.322
40173_at	FRAT2	frequently rearranged in advanced T-cell lymphomas 2	-0.481	3.305
40174_at	CLCN2	chloride voltage-gated channel 2	-0.547	4.33
40176_at	TRIM27	tripartite motif containing 27	0.344	2.213
40177_at			-1.067	2.334
40178_at	ZBTB33	zinc finger and BTB domain containing 33	-0.582	2.001
40180_at	IRS2	insulin receptor substrate 2	-0.526	2.14
40182_s_at	CARM1	coactivator associated arginine methyltransferase 1	-0.514	4.871
40183_at	YIPF2	Yip1 domain family member 2	-0.386	1.763
40184_at	CSNK1A1	casein kinase 1 alpha 1	0.707	5.157
40185_at	GFAP	glial fibrillary acidic protein	-0.376	2.862
40187_at	DDX52	DEAD-box helicase 52	0.91	7.048
40189_at	SETSIP///SET	SET-like protein///SET nuclear proto-oncogene	0.873	2.684
40190_at	CEP68	centrosomal protein 68	-0.54	1.8
40192_at			-0.708	3.365
40196_at	CTDSPL	CTD small phosphatase like	0.441	2.523
40197_at	CTDSPL	CTD small phosphatase like	-0.597	2.457
40199_at	MSX1	msh homeobox 1	-0.547	3.753
40202_at	KLF9	Kruppel like factor 9	0.972	3.729
40204_at	CTRL	chymotrypsin like	-0.396	1.943
40205_g_at	CTRL	chymotrypsin like	-0.527	4.24
40207_g_at	PSKH1	protein serine kinase H1	-0.663	1.87
40209_at	ICAM5	intercellular adhesion molecule 5	-0.715	3.402
40212_at	KSR1	kinase suppressor of ras 1	-0.679	3.217
40213_at	SMARCA1	SWI/SNF related, matrix associated, actin dependent regulator of chromatin, subfamily a, member 1	0.998	5.399
40214_at	UGCG	UDP-glucose ceramide glucosyltransferase	-0.446	2.186
40215_at	UGCG	UDP-glucose ceramide glucosyltransferase	0.769	3.031
40216_at	TRAF3IP1	TRAF3 interacting protein 1	-0.713	3.163
40218_at	CDS1	CDP-diacylglycerol synthase 1	1.067	4.68
40225_at	GAK	cyclin G associated kinase	0.475	2.534
40226_at	GAK	cyclin G associated kinase	-0.457	2.769
40228_at	C21orf2	chromosome 21 open reading frame 2	-0.419	2.938
40229_at	TOM1L1	target of myb1 like 1 membrane trafficking protein	0.632	2.634
40235_at	TNK2	tyrosine kinase non receptor 2	-0.492	2.932
40236_at	SLC7A2	solute carrier family 7 member 2	-0.396	3.367
40238_at	IQCK	IQ motif containing K	0.382	1.978
40240_at	GPRC5B	G protein-coupled receptor class C group 5 member B	0.448	3.877
40241_at			-0.33	1.719
40242_at	THOC1	THO complex 1	0.402	3.13
40243_at	GNAL	G protein subunit alpha L	-0.522	4.331
40244_s_at	MPPE1	metallophosphoesterase 1	0.44	3.624
40246_at	DLG1	discs large MAGUK scaffold protein 1	0.602	1.953
40248_at	SLC9A7	solute carrier family 9 member A7	-0.322	2.555
40249_at	ACHE	acetylcholinesterase (Cartwright blood group)	-0.655	6.612
40250_at	KRR1	KRR1, small subunit processome component homolog	0.969	3.451
40252_g_at			-1.213	5.815
40255_at	DDX28	DEAD-box helicase 28	-0.357	3.229
40257_at	KANK3	KN motif and ankyrin repeat domains 3	-0.715	5.876
40260_g_at	RBFOX2	RNA binding protein, fox-1 homolog 2	0.725	5.189
40261_at	RBFOX2	RNA binding protein, fox-1 homolog 2	-0.54	3.55
40264_g_at	ZFPL1	zinc finger protein like 1	-0.326	2.958
40265_s_at	TMEM262	transmembrane protein 262	-0.573	2.802
40268_at	FOSL2	FOS like 2, AP-1 transcription factor subunit	-0.44	5.303
40269_at	PRPF18	pre-mRNA processing factor 18	0.403	3.235
40277_at	GGA2	golgi associated, gamma adaptin ear containing, ARF binding protein 2	-0.498	6.329
40278_at	GGA2	golgi associated, gamma adaptin ear containing, ARF binding protein 2	0.299	2.005
40279_at	VGLL4	vestigial like family member 4	0.372	2.85
40283_at	CFD	complement factor D	-0.653	4.872
40286_r_at	KLHL35	kelch like family member 35	-0.611	3.798
40288_r_at	KLHL35	kelch like family member 35	-0.595	4.867
40290_f_at	ST3GAL1	ST3 beta-galactoside alpha-2,3-sialyltransferase 1	0.734	4.697
40293_at	FBP2	fructose-bisphosphatase 2	-0.348	2.107
40295_at	CPNE6	copine 6	-0.571	5.712
40296_at	SASH3	SAM and SH3 domain containing 3	-0.331	2.366
40298_at	ATP2C2	ATPase secretory pathway Ca2+ transporting 2	-0.61	5.352
40299_at	GPR161	G protein-coupled receptor 161	-0.856	7.677
40301_at	GPR161	G protein-coupled receptor 161	-0.535	1.701
40305_r_at	PIGK	phosphatidylinositol glycan anchor biosynthesis class K	0.861	2.57
40306_at	KIAA1549///BRAF	KIAA1549///B-Raf proto-oncogene, serine/threonine kinase	0.356	1.83
40308_at	ATAD2B	ATPase family, AAA domain containing 2B	0.276	1.926
40311_at	TFR2	transferrin receptor 2	-0.328	4.461
40312_at	DACH1	dachshund family transcription factor 1	0.359	1.66
40319_at	DYNC1I1	dynein cytoplasmic 1 intermediate chain 1	-0.451	1.981
40321_at	IL1RL1	interleukin 1 receptor like 1	-0.76	5.378
40324_r_at	TOP3B	topoisomerase (DNA) III beta	-0.442	3.379
40326_at	CBLN1	cerebellin 1 precursor	-0.344	1.794
40327_at	HOXB13	homeobox B13	-0.542	5.546
40328_at	TWIST1	twist family bHLH transcription factor 1	-0.575	3.062
40330_at	PLCE1	phospholipase C epsilon 1	-0.532	1.791
40331_at	MARCO	macrophage receptor with collagenous structure	-0.477	2.915
40333_at	BMP4	bone morphogenetic protein 4	-0.286	1.701
40337_at	FUT1	fucosyltransferase 1 (H blood group)	-0.536	4.892
40342_at	DAZ4///DAZ2///DAZ3///DAZ1	deleted in azoospermia 4///deleted in azoospermia 2///deleted in azoospermia 3///deleted in azoospermia 1	-0.364	1.889
40346_at	FAM189A1	family with sequence similarity 189 member A1	-0.288	2.2
40349_at	CBR4	carbonyl reductase 4	1.635	7.055
40350_at	ADAM23	ADAM metallopeptidase domain 23	-0.786	6.308
40351_at	GNB3	G protein subunit beta 3	-0.239	1.82
40353_at	DPY19L4	dpy-19 like 4 (C. elegans)	0.698	4.381
40354_at	HSPA4L	heat shock protein family A (Hsp70) member 4 like	0.935	6.418
40361_at	CCT6B	chaperonin containing TCP1 subunit 6B	0.445	2.803
40364_at	SLC31A1	solute carrier family 31 member 1	1.131	6.087
40369_f_at	HLA-G	major histocompatibility complex, class I, G	0.641	3.199
40370_f_at	HLA-G	major histocompatibility complex, class I, G	0.61	2.979
40371_at	DRD2	dopamine receptor D2	-0.406	2.394
40372_at	PNLIPRP1	pancreatic lipase related protein 1	-0.83	2.872
40374_at	ANKRD1	ankyrin repeat domain 1	-0.615	5.158
40380_at	ELAVL4	ELAV like neuron-specific RNA binding protein 4	-0.487	1.826
40382_at	CRH	corticotropin releasing hormone	-0.419	2.409
40383_at	THOC5	THO complex 5	-0.359	1.932
40384_at	NPHP1	nephrocystin 1	-0.438	1.817
40386_r_at	TDGF1	teratocarcinoma-derived growth factor 1	1.16	2.346
40392_at	CDX2	caudal type homeobox 2	-0.522	3.328
40396_at	P2RX5	purinergic receptor P2X 5	-0.524	3.57
403_s_at	FLT4	fms related tyrosine kinase 4	-0.442	4.819
40404_s_at	CDC16	cell division cycle 16	0.712	3.673
40405_at	NAB2	NGFI-A binding protein 2	-0.406	2.095
40407_at	KPNA2	karyopherin subunit alpha 2	0.778	2.613
40408_at	CARS	cysteinyl-tRNA synthetase	0.474	2.883
40409_at	ALDH3A2	aldehyde dehydrogenase 3 family member A2	1.286	4.95
40410_at	DCTN3	dynactin subunit 3	0.348	4.248
40413_at	DAP3	death associated protein 3	0.576	3.462
40415_at	ACAA1	acetyl-CoA acyltransferase 1	0.808	2.069
40416_at	SMARCB1	SWI/SNF related, matrix associated, actin dependent regulator of chromatin, subfamily b, member 1	-0.618	4.075
40417_at	CCT5	chaperonin containing TCP1 subunit 5	0.956	3.979
40418_at	RBBP4	RB binding protein 4, chromatin remodeling factor	0.662	2.149
40419_at	STOM	stomatin	0.507	2.34
40422_at	IGFBP2	insulin like growth factor binding protein 2	1.446	6.37
40423_at	EHBP1	EH domain binding protein 1	0.893	5.999
40424_at	PROSC	proline synthetase cotranscribed homolog (bacterial)	1.28	6.951
40427_at	POPDC2///COX17	popeye domain containing 2///COX17, cytochrome c oxidase copper chaperone	0.578	2.555
40432_at	GNS	glucosamine (N-acetyl)-6-sulfatase	0.705	3.947
40433_at	GNS	glucosamine (N-acetyl)-6-sulfatase	0.352	2.496
40434_at	PODXL	podocalyxin like	0.929	1.944
40437_at	TMEM87A	transmembrane protein 87A	0.45	2.075
40438_at	PPP1R12A	protein phosphatase 1 regulatory subunit 12A	0.934	2.203
40440_at	SERBP1	SERPINE1 mRNA binding protein 1	0.568	3.462
40441_g_at	SERBP1	SERPINE1 mRNA binding protein 1	1.558	5.622
40443_at	CTNND1	catenin delta 1	0.827	4.828
40449_at	RFC1	replication factor C subunit 1	-0.293	1.713
40453_s_at	SRSF5	serine and arginine rich splicing factor 5	1.206	5.386
40456_at	SLC39A8	solute carrier family 39 member 8	0.91	3.534
40457_at	SRSF3	serine and arginine rich splicing factor 3	0.888	3.394
40459_at	ACOX1	acyl-CoA oxidase 1	0.703	3.266
40463_at	TNPO1	transportin 1	1.487	8.63
40464_g_at	TNPO1	transportin 1	1.299	7.216
40465_at	DDX23	DEAD-box helicase 23	-0.217	1.865
40467_at	SDHD	succinate dehydrogenase complex subunit D	-0.606	2.56
40470_at	OGDH	oxoglutarate dehydrogenase	0.774	4.493
40471_at	PEX19	peroxisomal biogenesis factor 19	0.952	3.48
40473_at	STK24	serine/threonine kinase 24	0.865	6.562
40474_r_at	KPNA1	karyopherin subunit alpha 1	-0.895	3.373
40478_at	TMX4	thioredoxin related transmembrane protein 4	0.939	6.513
40479_at	FYN	FYN proto-oncogene, Src family tyrosine kinase	-1.036	3.592
40480_s_at	FYN	FYN proto-oncogene, Src family tyrosine kinase	1.556	7.235
40481_r_at	FYN	FYN proto-oncogene, Src family tyrosine kinase	-0.787	2.98
40482_s_at	C1orf61	chromosome 1 open reading frame 61	-0.691	2.216
40484_g_at	C1orf61	chromosome 1 open reading frame 61	-0.328	2.167
40487_at	TRIM44	tripartite motif containing 44	1.748	6.837
40493_at	CD44	CD44 molecule (Indian blood group)	1.086	3.085
40494_at	DEDD	death effector domain containing	0.548	3.169
40495_at	ORAI2	ORAI calcium release-activated calcium modulator 2	-0.318	2.361
40499_r_at	NPRL2	NPR2-like, GATOR1 complex subunit	-0.476	3.146
40500_at	NDRG4	NDRG family member 4	-0.456	2.923
40506_s_at	LOC100996696///PABPC4	polyadenylate-binding protein 4 pseudogene///poly(A) binding protein cytoplasmic 4	0.581	3.297
40507_at	SLC2A1	solute carrier family 2 member 1	-0.435	2.56
40508_at	GSTA4	glutathione S-transferase alpha 4	0.368	3.403
40509_at	ETFA	electron transfer flavoprotein alpha subunit	0.942	2.547
40511_at	GATA3	GATA binding protein 3	0.376	2.381
40512_at	CHN1	chimerin 1	-0.679	1.88
40515_at	EIF2B2	eukaryotic translation initiation factor 2B subunit beta	0.794	5.263
40516_at	AHR	aryl hydrocarbon receptor	1.329	4.741
40517_at	TTC37	tetratricopeptide repeat domain 37	1.083	4.074
40523_at	FOXA2	forkhead box A2	-0.769	3.384
40525_at	DOT1L	DOT1 like histone lysine methyltransferase	-0.262	1.785
40526_at	DOT1L	DOT1 like histone lysine methyltransferase	-0.395	3.521
40527_at	KCNQ1	potassium voltage-gated channel subfamily Q member 1	-0.803	3.554
40529_at	LHX2	LIM homeobox 2	-0.412	4.233
40530_at	APBB2	amyloid beta precursor protein binding family B member 2	-0.539	2.426
40531_at	SOX3	SRY-box 3	-0.844	3.119
40532_at	BIRC5	baculoviral IAP repeat containing 5	-0.461	2.446
40533_at	BIRC5	baculoviral IAP repeat containing 5	-0.67	3.686
40534_at			-0.708	2.017
40539_at	MYO9B	myosin IXB	-0.453	2.104
40540_at	KIAA1211L	KIAA1211 like	-0.426	3.041
40542_at	ASCL1	achaete-scute family bHLH transcription factor 1	-0.294	2.033
40544_g_at	ASCL1	achaete-scute family bHLH transcription factor 1	-0.476	2.576
40547_at	IK	IK cytokine, down-regulator of HLA II	-0.661	2.588
40550_at	IDS	iduronate 2-sulfatase	-0.665	7.2
40555_at	RHOQ	ras homolog family member Q	0.527	2.961
40557_at	GUCA1B	guanylate cyclase activator 1B	-0.564	4.678
40558_at	GUCA1B	guanylate cyclase activator 1B	-0.574	3.386
40559_at	FAM27B///FAM27C///FAM182B	family with sequence similarity 27 member B///family with sequence similarity 27 member C///family with sequence similarity 182 member B	-0.439	3.565
40560_at	TBX2	T-box 2	-0.357	3.1
40561_at	TLX2	T-cell leukemia homeobox 2	-0.693	5.199
40562_at	GNA11	G protein subunit alpha 11	0.689	3.769
40564_at	NUP50	nucleoporin 50	1	5.775
40565_at			-0.369	3.639
40566_at	PRKCA	protein kinase C alpha	-0.373	2.277
40568_at	ATP6V1B2	ATPase H+ transporting V1 subunit B2	0.988	3.241
40572_at	AAK1	AP2 associated kinase 1	-0.566	2.134
40576_f_at	HNRNPDL	heterogeneous nuclear ribonucleoprotein D like	1.484	7.782
40581_at	TRIO	trio Rho guanine nucleotide exchange factor	0.534	4.723
40585_at	ADCY7	adenylate cyclase 7	0.799	2.134
40586_at	EEF1E1	eukaryotic translation elongation factor 1 epsilon 1	-0.433	2.465
40587_s_at	EEF1E1	eukaryotic translation elongation factor 1 epsilon 1	0.74	2.927
40589_at	SNTB2	syntrophin beta 2	0.397	2.199
40590_at			-0.277	1.663
40594_r_at	ACVRL1	activin A receptor like type 1	-0.971	5.419
40597_g_at	TCOF1	treacle ribosome biogenesis factor 1	-0.86	6.187
40598_at	STARD5	StAR related lipid transfer domain containing 5	-0.383	3.081
40599_at	IL16	interleukin 16	-0.754	2.764
405_at	RXRA	retinoid X receptor alpha	-0.544	4.521
40600_at	DNAJC4	DnaJ heat shock protein family (Hsp40) member C4	-0.523	2.215
40601_at	TM2D1	TM2 domain containing 1	0.904	3.206
40603_at	SPRED2	sprouty related EVH1 domain containing 2	-0.524	6.281
40605_at	SNX4	sorting nexin 4	1.067	4.714
40607_at	DPYSL2	dihydropyrimidinase like 2	1.22	4.776
40611_s_at	ZFR	zinc finger RNA binding protein	-0.584	4.625
40612_at	DOPEY1	dopey family member 1	-0.473	2.133
40613_at	C6orf62	chromosome 6 open reading frame 62	1.03	2.858
40615_at	SPG11	spastic paraplegia 11 (autosomal recessive)	0.691	4.578
40617_at	THUMPD1	THUMP domain containing 1	0.717	2.271
40618_at	CDV3	CDV3 homolog	1.404	5.727
40620_at	PAWR	pro-apoptotic WT1 regulator	-0.508	4.104
40621_at	PAWR	pro-apoptotic WT1 regulator	0.722	3.925
40622_r_at	UBE3B	ubiquitin protein ligase E3B	-0.846	5.237
40629_at	PIGH	phosphatidylinositol glycan anchor biosynthesis class H	0.774	6.049
40630_at			-0.374	3.065
40631_at	TOB1	transducer of ERBB2, 1	1.825	7.378
40638_at	SFPQ	splicing factor proline and glutamine rich	0.944	3.218
40639_at	SCO2	SCO2 cytochrome c oxidase assembly protein	-0.434	3.288
40640_at	NCAPH2	non-SMC condensin II complex subunit H2	-0.392	2.381
40641_at	BTAF1	B-TFIID TATA-box binding protein associated factor 1	0.278	1.765
40643_at	ITGA2B	integrin subunit alpha 2b	-0.377	2.785
40645_at	GSK3B	glycogen synthase kinase 3 beta	0.386	1.961
40650_r_at	CRHR1	corticotropin releasing hormone receptor 1	-0.775	6.248
40651_s_at	CRHR1	corticotropin releasing hormone receptor 1	-0.423	3.303
40653_at	RGS7	regulator of G-protein signaling 7	0.49	1.846
40654_at	PEX7	peroxisomal biogenesis factor 7	1.213	6.422
40659_at	NR4A3	nuclear receptor subfamily 4 group A member 3	-1.93	4.225
40660_at	NR4A3	nuclear receptor subfamily 4 group A member 3	-0.463	2.418
40662_g_at	NR4A3	nuclear receptor subfamily 4 group A member 3	-0.432	2.785
40666_at	ENTPD5	ectonucleoside triphosphate diphosphohydrolase 5	0.912	5.524
40667_at	CD6	CD6 molecule	-0.212	1.813
40668_s_at	CD6	CD6 molecule	-0.452	3.439
40673_at	ACADSB	acyl-CoA dehydrogenase, short/branched chain	2.048	6.297
40677_at	CCDC106	coiled-coil domain containing 106	-0.244	2.091
40678_at	ST8SIA1	ST8 alpha-N-acetyl-neuraminide alpha-2,8-sialyltransferase 1	-0.396	2.463
40679_at	SLC6A12	solute carrier family 6 member 12	0.367	1.725
40683_at	GRB14	growth factor receptor bound protein 14	0.704	2.974
40684_at	GCHFR	GTP cyclohydrolase I feedback regulator	0.801	6.588
40697_at	CCNA2	cyclin A2	-0.361	3.549
406_at	ITGB4	integrin subunit beta 4	-1.096	3.599
40700_at	SP140	SP140 nuclear body protein	-0.545	1.692
40701_at	USP13	ubiquitin specific peptidase 13 (isopeptidase T-3)	-0.947	4.804
40702_at	IFNG	interferon gamma	-0.246	1.917
40703_at	RBP3	retinol binding protein 3	-0.288	2.533
40706_at			-0.415	2.99
40710_at	CLGN	calmegin	-0.431	2.125
40713_at	NFAT5	nuclear factor of activated T-cells 5	0.425	2.113
40718_at	CTSW	cathepsin W	-0.289	2.197
40719_at	TRAF3IP3	TRAF3 interacting protein 3	-1.633	3.411
40722_at	EFCAB11	EF-hand calcium binding domain 11	-0.695	2.487
40725_at	GOSR1	golgi SNAP receptor complex member 1	1.141	6.368
40726_at	KIF11	kinesin family member 11	-0.703	3.509
40727_at	ANAPC10	anaphase promoting complex subunit 10	0.542	2.6
40728_at	ALOX12P2	arachidonate 12-lipoxygenase pseudogene 2	-0.391	4.039
40729_s_at	LTB	lymphotoxin beta	-0.853	3.727
40730_at	PNOC	prepronociceptin	-0.458	3.75
40732_at	NPAT	nuclear protein, coactivator of histone transcription	0.432	2.134
40733_f_at	MSX2	msh homeobox 2	-0.546	1.989
40735_at	HAL	histidine ammonia-lyase	-0.418	2.017
40737_at	KCNMA1	potassium calcium-activated channel subfamily M alpha 1	-0.311	2.295
40741_at	CETP	cholesteryl ester transfer protein	-0.511	1.891
40742_at	HCK	HCK proto-oncogene, Src family tyrosine kinase	-0.828	2.274
40743_at	AMPD1	adenosine monophosphate deaminase 1	-0.388	2.045
40744_at	RAD52	RAD52 homolog, DNA repair protein	-0.488	4.045
40745_at	AP1B1	adaptor related protein complex 1 beta 1 subunit	-0.733	2.354
40748_at	CPA2	carboxypeptidase A2	-0.282	1.749
40750_at	PDE4A	phosphodiesterase 4A	-0.502	3.02
40751_at	IZUMO4	IZUMO family member 4	-0.357	1.859
40754_at	GTF2H3	general transcription factor IIH subunit 3	-0.531	1.789
40759_at	MMP16	matrix metallopeptidase 16	-0.58	3.351
40762_g_at	SLC16A5	solute carrier family 16 member 5	-0.692	4.116
40764_at	GOT2	glutamic-oxaloacetic transaminase 2	0.974	3.934
40765_at	LOC102724985///PDXDC1	pyridoxal-dependent decarboxylase domain-containing protein 1///pyridoxal dependent decarboxylase domain containing 1	0.589	5.147
40767_at	TFPI	tissue factor pathway inhibitor	0.846	2.746
40769_r_at	NUP214	nucleoporin 214	-0.339	2.063
40770_f_at	HNRNPDL	heterogeneous nuclear ribonucleoprotein D like	1.677	8.487
40771_at	MSN	moesin	0.764	3.523
40772_at	MFSD7	major facilitator superfamily domain containing 7	-0.612	4.427
40775_at	ITM2A	integral membrane protein 2A	1.573	3.324
40778_at	HSD17B10	hydroxysteroid 17-beta dehydrogenase 10	0.346	2.168
40779_at	KIFAP3	kinesin associated protein 3	0.85	3.354
40780_at	CTBP2	C-terminal binding protein 2	0.717	4.958
40784_at	PPP2R5C	protein phosphatase 2 regulatory subunit B'gamma	0.4	1.713
40785_g_at	PPP2R5C	protein phosphatase 2 regulatory subunit B'gamma	0.453	4.55
40786_at	PPP2R5C	protein phosphatase 2 regulatory subunit B'gamma	1.356	7.875
40790_at	BHLHE40	basic helix-loop-helix family member e40	1.401	3.853
40791_at	POLR2A	RNA polymerase II subunit A	-0.511	4.366
40794_at	KLK3	kallikrein related peptidase 3	-0.748	3.896
40799_at	HN1L	hematological and neurological expressed 1 like	-0.551	3.404
40801_at	GAPVD1	GTPase activating protein and VPS9 domains 1	0.878	4.03
40803_at	TMEM123	transmembrane protein 123	1.643	5.515
40805_at	SIPA1L1	signal induced proliferation associated 1 like 1	1.12	4.317
40806_at	MGAT2	mannosyl (alpha-1,6-)-glycoprotein beta-1,2-N-acetylglucosaminyltransferase	0.534	1.996
40808_at	CHGA	chromogranin A	-0.539	3.315
40809_at	SNTB2	syntrophin beta 2	-0.636	2.737
40813_at	SLC5A3	solute carrier family 5 member 3	1.676	5.679
40815_g_at	IDS	iduronate 2-sulfatase	-0.256	1.773
40816_at	PWP1	PWP1 homolog, endonuclein	0.564	4.42
40817_at	NUCB1	nucleobindin 1	0.331	1.842
40818_at	RBPJ	recombination signal binding protein for immunoglobulin kappa J region	0.744	1.775
40819_at	RBM8A	RNA binding motif protein 8A	-0.302	1.786
40821_at	AHCY	adenosylhomocysteinase	0.862	3.63
40824_at	XPO7	exportin 7	0.778	7.125
40826_at	MARK3	microtubule affinity regulating kinase 3	0.664	4.523
40827_at	IARS	isoleucyl-tRNA synthetase	0.81	2.169
40828_at	ARHGEF7	Rho guanine nucleotide exchange factor 7	0.533	4.32
40829_at	WDTC1	WD and tetratricopeptide repeats 1	-0.644	4.872
40830_at	DNAJC4	DnaJ heat shock protein family (Hsp40) member C4	-0.565	3.726
40831_at	KIF1BP	KIF1 binding protein	0.551	3.735
40832_s_at	TOR1AIP1	torsin 1A interacting protein 1	1.385	5.09
40835_at	TUT1	terminal uridylyl transferase 1, U6 snRNA-specific	-0.482	3.071
40836_s_at	EML3	echinoderm microtubule associated protein like 3	-0.395	2.192
40838_at	ZNF292	zinc finger protein 292	0.802	2.837
40839_at	UBL3	ubiquitin like 3	-0.442	5.174
40842_at	SNRPA	small nuclear ribonucleoprotein polypeptide A	0.44	2.175
40844_at	CTR9	CTR9 homolog, Paf1/RNA polymerase II complex component	0.952	5.172
40849_s_at	CREB3	cAMP responsive element binding protein 3	-0.302	2.282
40851_r_at	SEC23B	Sec23 homolog B, coat complex II component	0.601	2.544
40855_at	SAMD4A	sterile alpha motif domain containing 4A	0.342	2.57
40857_f_at	PSG11///PSG3	pregnancy specific beta-1-glycoprotein 11///pregnancy specific beta-1-glycoprotein 3	-0.627	4.258
40859_at	ZC3H14	zinc finger CCCH-type containing 14	1.194	4.57
40860_s_at	ZC3H14	zinc finger CCCH-type containing 14	-0.547	1.741
40861_at	MORF4L2	mortality factor 4 like 2	1.191	4.926
40867_at	PPP2R1A	protein phosphatase 2 scaffold subunit Aalpha	0.341	2.121
40868_at	THUMPD1	THUMP domain containing 1	0.659	2.291
40874_at	CDV3	CDV3 homolog	0.55	3.094
40875_s_at	SNRNP70	small nuclear ribonucleoprotein U1 subunit 70	0.599	2.772
40876_at	GYG1	glycogenin 1	0.644	2.327
40878_f_at	HERC2P2	hect domain and RLD 2 pseudogene 2	0.899	2.47
40884_g_at	STX16	syntaxin 16	-0.655	3.607
40888_f_at			-1.6	4.604
40889_at	LOC100510710///GBAP1///GBA	glucosylceramidase-like///glucosylceramidase beta pseudogene 1///glucosylceramidase beta	-0.813	3.153
40891_f_at	LAGE3	L antigen family member 3	-0.568	2.196
40892_s_at			-0.625	2.685
40893_at	SUCLA2	succinate-CoA ligase ADP-forming beta subunit	0.764	2.297
40896_at	POU2F1	POU class 2 homeobox 1	-0.285	1.69
40897_at	PDE6A	phosphodiesterase 6A	-0.357	2.587
40900_at	MYH10	myosin, heavy chain 10, non-muscle	0.97	2.356
40901_at	STRN3	striatin 3	1.185	4.563
40906_at	ZNF688	zinc finger protein 688	-0.32	3.778
40907_at			-0.435	2.852
40909_at	RABL3	RAB, member of RAS oncogene family like 3	-0.585	2.962
40910_at	CAPZA1	capping actin protein of muscle Z-line alpha subunit 1	1.027	3.055
40911_at			-0.66	7.001
40912_s_at	BPHL	biphenyl hydrolase like	0.617	2.89
40914_s_at	ATP2B4	ATPase plasma membrane Ca2+ transporting 4	-0.439	3.335
40916_at	BEX4	brain expressed X-linked 4	0.535	2.907
40921_at	CDC14BL	CDC14 cell division cycle 14 C-like	-0.78	6.714
40923_at	SLC36A1	solute carrier family 36 member 1	-0.556	1.904
40925_at			-0.641	6.704
40927_at	SLC6A8	solute carrier family 6 member 8	-0.588	4.174
40928_at	WSB1	WD repeat and SOCS box containing 1	1.21	2.688
40931_at	TMED5	transmembrane p24 trafficking protein 5	1.456	3.735
40932_at	ZDHHC18	zinc finger DHHC-type containing 18	-0.469	1.825
40934_at	MFSD5	major facilitator superfamily domain containing 5	-0.73	2.369
40936_at	LOC101929500///CRIM1	uncharacterized LOC101929500///cysteine rich transmembrane BMP regulator 1	0.781	3.071
40937_at	SCAPER	S-phase cyclin A associated protein in the ER	0.343	2.333
40945_at	KLF11	Kruppel like factor 11	-0.367	1.946
40947_at	ISG20L2	interferon stimulated exonuclease gene 20 like 2	-0.469	3.871
40949_at	DYNC1LI2	dynein cytoplasmic 1 light intermediate chain 2	0.311	1.68
40951_at	NPIPA5///NPIPB5///LOC613037///NPIPB4///NPIPB3	nuclear pore complex interacting protein family member A5///nuclear pore complex interacting protein family member B5///nuclear pore complex interacting protein member///nuclear pore complex interacting protein family member B4///nuclear pore complex interacting protein family member B3	0.886	4.72
40957_at	SUZ12	SUZ12 polycomb repressive complex 2 subunit	0.506	2.007
40958_at	SPTB	spectrin beta, erythrocytic	-0.49	5.768
40959_at	PLEKHG3	pleckstrin homology and RhoGEF domain containing G3	-0.557	7.354
40962_s_at	SMARCA2	SWI/SNF related, matrix associated, actin dependent regulator of chromatin, subfamily a, member 2	1.213	6.123
40963_at	ABCA4	ATP binding cassette subfamily A member 4	-0.481	3.905
40964_at	HK2	hexokinase 2	-0.558	3.393
40968_at	SOCS3	suppressor of cytokine signaling 3	-0.577	3.43
40970_at	RFXAP	regulatory factor X associated protein	-0.465	3.286
40972_at	AKT2	AKT serine/threonine kinase 2	-0.612	3.343
40973_at	PARD3	par-3 family cell polarity regulator	0.778	5.839
40974_at	SRRD	SRR1 domain containing	-0.505	5.744
40975_s_at	TFIP11	tuftelin interacting protein 11	-0.645	2.62
40976_at	KATNB1	katanin regulatory subunit B1	-1.33	3.088
40979_at	AHSA1	activator of Hsp90 ATPase activity 1	0.484	3.322
40980_at	CHD8	chromodomain helicase DNA binding protein 8	0.483	3.95
40988_at	YME1L1	YME1 like 1 ATPase	0.865	3.208
40989_at			-0.602	3.022
40995_at	NEFL	neurofilament, light polypeptide	0.714	1.662
40999_at	MED12	mediator complex subunit 12	-0.724	5.069
409_at	YWHAQ	tyrosine 3-monooxygenase/tryptophan 5-monooxygenase activation protein theta	0.753	2.063
41000_at	FOXN3	forkhead box N3	0.909	4.076
41001_at	RPH3A	rabphilin 3A	-0.445	3.858
41004_at	TOP3A	topoisomerase (DNA) III alpha	-0.377	3.317
41008_at	FAM169A	family with sequence similarity 169 member A	1.168	5.959
41010_at	HOMER1	homer scaffolding protein 1	1.128	3.991
41013_at	VSTM4	V-set and transmembrane domain containing 4	0.663	2.936
41016_at	TNR	tenascin R	-0.356	1.954
41017_at	MYBPH	myosin binding protein H	-0.458	3.493
41020_at	PCSK2	proprotein convertase subtilisin/kexin type 2	-0.556	2.884
41024_f_at	GYPE	glycophorin E (MNS blood group)	-0.36	2.043
41027_at	FOXC1	forkhead box C1	0.995	3.384
41030_at	FOXJ1	forkhead box J1	-0.326	1.669
41035_at	TBKBP1	TBK1 binding protein 1	-0.3	1.883
41041_s_at	MYO7A	myosin VIIA	-0.606	2.175
41042_r_at	MYO7A	myosin VIIA	-0.9	6.21
41043_at	SOX15	SRY-box 15	-0.463	4.637
41049_at	IRS1	insulin receptor substrate 1	0.656	3.951
41051_at	TSNAX	translin associated factor X	0.914	6.156
41052_s_at	LOC100507353///CACNA1A	uncharacterized LOC100507353///calcium voltage-gated channel subunit alpha1 A	-0.494	4.277
41054_at	FCHO1	FCH domain only 1	-0.298	2.028
41055_at	NACAD	NAC alpha domain containing	-0.443	5.006
41058_g_at	ACOT13	acyl-CoA thioesterase 13	1.166	3.815
41059_at	CD300A	CD300a molecule	-0.488	2.784
41060_at	CCNE1	cyclin E1	-0.423	2.613
41063_g_at	PCGF1	polycomb group ring finger 1	-0.367	2.013
41064_at	PCGF1	polycomb group ring finger 1	-0.556	2.95
41069_at	LECT1	leukocyte cell derived chemotaxin 1	-0.31	1.772
41070_r_at	MTERF1	mitochondrial transcription termination factor 1	0.742	2.175
41075_at	AKAP3	A-kinase anchoring protein 3	-0.311	1.691
41076_at	GJB3	gap junction protein beta 3	-0.643	5.939
41081_at	BUB1	BUB1 mitotic checkpoint serine/threonine kinase	-0.46	1.653
41088_at	ABHD2	abhydrolase domain containing 2	-0.357	3.376
41091_at	BPTF	bromodomain PHD finger transcription factor	0.998	4.869
41095_at	ERCC2	ERCC excision repair 2, TFIIH core complex helicase subunit	-0.335	1.822
41098_at	DAAM2	dishevelled associated activator of morphogenesis 2	-0.322	1.882
410_s_at	CSNK2B	casein kinase 2 beta	0.702	4.65
41110_at	CUL5	cullin 5	0.847	5.249
41112_at	ZNF500	zinc finger protein 500	-0.518	4.044
41113_at	ZNF500	zinc finger protein 500	-0.32	1.829
41114_at	MAST2	microtubule associated serine/threonine kinase 2	-0.32	2.013
41117_s_at	SLC9A3R2	SLC9A3 regulator 2	-0.245	1.654
41120_at	AMT	aminomethyltransferase	0.584	6.82
41121_at	STX16	syntaxin 16	-0.353	2.333
41122_at	KDM1A	lysine demethylase 1A	0.37	1.703
41123_s_at	ENPP2	ectonucleotide pyrophosphatase/phosphodiesterase 2	1.032	2.72
41124_r_at	ENPP2	ectonucleotide pyrophosphatase/phosphodiesterase 2	0.956	2.437
41125_r_at	ENPP2	ectonucleotide pyrophosphatase/phosphodiesterase 2	-0.99	7.822
41128_at	TMEM183B///TMEM183A	transmembrane protein 183B///transmembrane protein 183A	0.572	5.861
41129_at	TMEM41B	transmembrane protein 41B	0.39	3.224
41131_f_at	RPL36A-HNRNPH2///HNRNPH2	RPL36A-HNRNPH2 readthrough///heterogeneous nuclear ribonucleoprotein H2 (H')	0.742	1.836
41132_r_at	RPL36A-HNRNPH2///HNRNPH2	RPL36A-HNRNPH2 readthrough///heterogeneous nuclear ribonucleoprotein H2 (H')	1.528	3.506
41133_at	G3BP1	G3BP stress granule assembly factor 1	1.431	5.129
41135_at	RPL39	ribosomal protein L39	-0.686	2.557
41138_at	CD99	CD99 molecule	-0.66	2.85
41139_at	MAGED1	MAGE family member D1	0.402	2.03
41140_at	IFNGR2	interferon gamma receptor 2 (interferon gamma transducer 1)	0.42	2.348
41141_at	THAP12	THAP domain containing 12	0.593	3.481
41142_at	OXCT1	3-oxoacid CoA-transferase 1	1.312	4.249
41143_at	CALM3///CALM2///CALM1	calmodulin 3///calmodulin 2///calmodulin 1	0.836	2.481
41144_g_at	CALM3///CALM2///CALM1	calmodulin 3///calmodulin 2///calmodulin 1	1.243	7.443
41146_at	PARP1	poly(ADP-ribose) polymerase 1	1.075	7.323
41147_at	ISCA1	iron-sulfur cluster assembly 1	1.239	8.716
41150_r_at	POFUT1	protein O-fucosyltransferase 1	-1.202	3.913
41151_at	INPP5K	inositol polyphosphate-5-phosphatase K	-0.306	2.328
41153_f_at	CTNNA1	catenin alpha 1	0.879	3.472
41154_r_at	CTNNA1	catenin alpha 1	0.697	1.659
41155_at	CTNNA1	catenin alpha 1	0.863	1.967
41156_g_at	CTNNA1	catenin alpha 1	0.881	3.135
41160_at	MBD3	methyl-CpG binding domain protein 3	-0.513	2.995
41164_at	IGHM	immunoglobulin heavy constant mu	1.522	1.896
41167_at	PPP2R2A	protein phosphatase 2 regulatory subunit Balpha	0.617	3.715
41168_at	TAPBP	TAP binding protein (tapasin)	1.118	4.544
41170_at	LOC441155///ZC3H11A	zinc finger CCCH-type domain-containing-like///zinc finger CCCH-type containing 11A	1.007	4.028
41174_at	RGPD6///RGPD8///RGPD3///RGPD4///RGPD5///GCC2	RANBP2-like and GRIP domain containing 6///RANBP2-like and GRIP domain containing 8///RANBP2-like and GRIP domain containing 3///RANBP2-like and GRIP domain containing 4///RANBP2-like and GRIP domain containing 5///GRIP and coiled-coil domain containing 2	1.405	4.756
41175_at	CBFB	core-binding factor beta subunit	0.292	1.772
41179_at	RNF44	ring finger protein 44	0.41	1.979
41181_r_at	DDTL///DDT	D-dopachrome tautomerase-like///D-dopachrome tautomerase	-0.648	4.628
41185_f_at	LOC101929087///SUMO2///SUMO3	small ubiquitin-related modifier 2 pseudogene///small ubiquitin-like modifier 2///small ubiquitin-like modifier 3	0.578	1.717
41187_at	MYL12B	myosin light chain 12B	0.634	2.145
41189_at	TNFRSF25	TNF receptor superfamily member 25	-0.292	2.309
41190_at	TNFRSF25	TNF receptor superfamily member 25	-0.526	3.725
41191_at	PALLD	palladin, cytoskeletal associated protein	0.915	3.058
41201_at	DNM1L	dynamin 1 like	0.853	4.107
41202_s_at	CTDSP2	CTD small phosphatase 2	0.409	1.854
41204_s_at	SF1	splicing factor 1	-0.431	2.893
41207_at	C9orf3	chromosome 9 open reading frame 3	0.314	1.892
41212_r_at	EIF4H	eukaryotic translation initiation factor 4H	1.163	7.404
41215_s_at	ID2B///ID2	inhibitor of DNA binding 2B, HLH protein (pseudogene)///inhibitor of DNA binding 2, HLH protein	1.183	2.921
41217_at	VPS41	VPS41, HOPS complex subunit	0.397	2.128
41219_at	AHSA2	AHA1, activator of heat shock 90kDa protein ATPase homolog 2 (yeast)	0.733	2.949
41220_at	SEPT9	septin 9	-0.893	3.404
41224_at	LOC101929240///SNRNP200	U5 small nuclear ribonucleoprotein 200 kDa helicase pseudogene///small nuclear ribonucleoprotein U5 subunit 200	0.611	4.074
41225_at	DUSP3	dual specificity phosphatase 3	0.843	2.255
41226_at	DUSP3	dual specificity phosphatase 3	-0.341	3.43
41228_r_at	ATP5F1	ATP synthase, H+ transporting, mitochondrial Fo complex subunit B1	1.062	1.7
41229_at	NFIB	nuclear factor I B	0.629	3.196
41230_at	MAP2K5	mitogen-activated protein kinase kinase 5	-0.381	2.831
41233_at	TMEM135///DNAJB6	transmembrane protein 135///DnaJ heat shock protein family (Hsp40) member B6	0.925	3.781
41238_s_at	CELA3B///CELA3A	chymotrypsin like elastase family member 3B///chymotrypsin like elastase family member 3A	-0.691	2.479
41240_at	PSMA2	proteasome subunit alpha 2	1.003	5.246
41241_at	NARS	asparaginyl-tRNA synthetase	0.693	1.752
41242_at	UAP1	UDP-N-acetylglucosamine pyrophosphorylase 1	0.666	2.99
41243_at	SLC35E2B///SLC35E2	solute carrier family 35 member E2B///solute carrier family 35 member E2	0.909	3.908
41244_f_at	PPP1CB	protein phosphatase 1 catalytic subunit beta	-0.458	3.484
41245_at	GDF10	growth differentiation factor 10	-0.737	2.603
41247_at	KCNB1	potassium voltage-gated channel subfamily B member 1	-0.682	2.186
41248_at	CSTF2T	cleavage stimulation factor subunit 2, tau variant	0.528	3.706
41250_at	AIMP2	aminoacyl tRNA synthetase complex interacting multifunctional protein 2	0.629	3.128
41253_s_at	PLEKHB2	pleckstrin homology domain containing B2	0.602	3.248
41255_at	ADAM22	ADAM metallopeptidase domain 22	-0.503	4.398
41256_at	EEF1D	eukaryotic translation elongation factor 1 delta	0.682	2.87
41257_at	CAST	calpastatin	0.82	3.1
41259_at	NOP16	NOP16 nucleolar protein	-0.592	4.386
41262_at	GTPBP1	GTP binding protein 1	-0.62	4.392
41263_at	GTPBP1	GTP binding protein 1	-0.617	4.16
41265_at	RBM4B	RNA binding motif protein 4B	-0.513	3.771
41266_at	ITGA6	integrin subunit alpha 6	1.092	4.015
41267_at	TCF25	transcription factor 25	0.419	2.998
41272_s_at	MXRA7	matrix remodeling associated 7	-0.676	2.745
41275_at	E2F5	E2F transcription factor 5	0.333	1.781
41277_at	SAP18	Sin3A associated protein 18	0.878	6.927
41278_at	ACTL6A	actin like 6A	0.999	4.048
41280_r_at	MAPK8IP1	mitogen-activated protein kinase 8 interacting protein 1	-0.433	4.211
41281_s_at	PEX10	peroxisomal biogenesis factor 10	-0.52	5.536
41283_at	HNRNPH3	heterogeneous nuclear ribonucleoprotein H3	1.005	3.841
41284_at	INPP5A	inositol polyphosphate-5-phosphatase A	-0.239	1.681
41285_at	INPP5A	inositol polyphosphate-5-phosphatase A	-0.53	2.72
41287_s_at	CALM1	calmodulin 1	-0.379	2.635
41288_at	CALM3///CALM2///CALM1	calmodulin 3///calmodulin 2///calmodulin 1	0.55	2.505
41289_at	NCAM1	neural cell adhesion molecule 1	-0.348	2.881
41291_at	TMEM259	transmembrane protein 259	-0.585	4.767
41293_at	KRT7	keratin 7	-0.331	2.038
41294_at	KRT7	keratin 7	-0.659	2.723
41295_at	STARD7	StAR related lipid transfer domain containing 7	0.559	2.035
41299_f_at	CFAP20	cilia and flagella associated protein 20	-0.343	2.504
41303_r_at	RSRP1	arginine and serine rich protein 1	0.588	2.321
41305_at	SLC5A2	solute carrier family 5 member 2	-0.401	2.725
41306_at	NECAB3	N-terminal EF-hand calcium binding protein 3	-0.412	2.856
41307_at	LINC01481	long intergenic non-protein coding RNA 1481	-0.536	3.951
41308_at	CTBP1	C-terminal binding protein 1	1.476	3.547
41311_f_at	NR2F6	nuclear receptor subfamily 2 group F member 6	-0.423	3.423
41312_r_at	NR2F6	nuclear receptor subfamily 2 group F member 6	-0.516	5.55
41315_at	SAFB	scaffold attachment factor B	-0.404	3.424
41316_s_at	SAFB	scaffold attachment factor B	0.719	4.799
41317_at	RAP2A	RAP2A, member of RAS oncogene family	0.54	3.246
41320_s_at	LRRFIP1	LRR binding FLII interacting protein 1	1.73	2.942
41321_s_at	RMND5B	required for meiotic nuclear division 5 homolog B	-0.4	2.91
41322_s_at	NHP2	NHP2 ribonucleoprotein	0.62	2.888
41324_g_at	LOC100507424///ITFG2	uncharacterized LOC100507424///integrin alpha FG-GAP repeat containing 2	-0.407	3.515
41325_at	KCNK3	potassium two pore domain channel subfamily K member 3	-0.781	2.531
41329_at	SCYL3	SCY1 like pseudokinase 3	0.481	3.603
41333_at	ACAP2	ArfGAP with coiled-coil, ankyrin repeat and PH domains 2	0.805	2.39
41334_r_at	MTDH	metadherin	-1.044	2.363
41335_at	NSL1	NSL1, MIS12 kinetochore complex component	1.41	5.997
41337_at	AES	amino-terminal enhancer of split	0.58	4.432
41338_at	AES	amino-terminal enhancer of split	0.805	2.296
41339_at	UBE4B	ubiquitination factor E4B	-0.621	1.752
41340_at	SEMA7A	semaphorin 7A (John Milton Hagen blood group)	-0.745	2.445
41342_at	RANBP1	RAN binding protein 1	0.545	2.394
41347_at	IRX5	iroquois homeobox 5	-0.41	4.971
41348_at	IRX5	iroquois homeobox 5	-0.415	4.016
41350_at	COL6A1	collagen type VI alpha 1 chain	-0.475	3.351
41351_at	COL6A1	collagen type VI alpha 1 chain	-0.288	1.78
41356_at	BCL11A	B-cell CLL/lymphoma 11A	-0.306	1.701
41357_at	ATP5B	ATP synthase, H+ transporting, mitochondrial F1 complex, beta polypeptide	-0.8	2.934
41361_at	CNOT8	CCR4-NOT transcription complex subunit 8	-0.387	2.728
41365_at	MUC5B	mucin 5B, oligomeric mucus/gel-forming	-0.302	2.219
41366_at	R3HDM2	R3H domain containing 2	1.474	11.944
41368_at	SLC13A3	solute carrier family 13 member 3	1.006	2.121
41369_at	PNLIP	pancreatic lipase	-0.813	3.735
41370_at	SNRNP40	small nuclear ribonucleoprotein U5 subunit 40	0.315	1.808
41372_at	ATG14	autophagy related 14	0.617	5.42
41373_s_at	MAP1B	microtubule associated protein 1B	-0.528	2.308
41374_at	RPS6KB2	ribosomal protein S6 kinase B2	-0.463	3.926
41379_at	SMC5	structural maintenance of chromosomes 5	0.764	4.549
41381_at	CHD9	chromodomain helicase DNA binding protein 9	0.931	3.647
41382_at	DMBT1	deleted in malignant brain tumors 1	-0.484	2.818
41383_at	MUC5AC	mucin 5AC, oligomeric mucus/gel-forming	-0.506	2.799
41385_at	EPB41L3	erythrocyte membrane protein band 4.1 like 3	0.648	3.637
41391_at	NOP14-AS1	NOP14 antisense RNA 1	-0.75	4.752
41394_at	PLD2	phospholipase D2	-0.232	1.843
41396_at	CLIP2	CAP-Gly domain containing linker protein 2	-0.599	4.498
41400_at	TK1	thymidine kinase 1	-0.332	1.774
41402_at	PARM1	prostate androgen-regulated mucin-like protein 1	0.791	4.812
41403_at	SNRPF	small nuclear ribonucleoprotein polypeptide F	0.556	1.86
41404_at	RPS6KA4	ribosomal protein S6 kinase A4	-0.481	5.265
41411_at	NDUFAF1	NADH:ubiquinone oxidoreductase complex assembly factor 1	1.134	5.62
41414_at	RHBDD3	rhomboid domain containing 3	-0.318	3.792
41419_at	GULP1	GULP, engulfment adaptor PTB domain containing 1	1.244	3.887
41421_at	CAMTA2	calmodulin binding transcription activator 2	0.543	2.695
41422_at	DPYS	dihydropyrimidinase	0.872	1.683
41423_at	CLSTN3	calsyntenin 3	0.326	1.716
41427_at			-0.362	2.781
41431_at	ICK	intestinal cell (MAK-like) kinase	0.388	2.269
41434_at	USP46	ubiquitin specific peptidase 46	0.533	3.816
41436_at	ZMYM2	zinc finger MYM-type containing 2	1.379	6.209
41437_at	TMEM251	transmembrane protein 251	0.924	6.609
41438_at	OSBPL8	oxysterol binding protein like 8	0.991	3.364
41439_at	MYO1B	myosin IB	0.97	4.738
41444_at	MAP2K7	mitogen-activated protein kinase kinase 7	-0.433	2.819
41445_at	TGFB1	transforming growth factor beta 1	-0.437	3.963
41450_at	SAR1A	secretion associated Ras related GTPase 1A	-0.75	3.525
41451_s_at	SAR1A	secretion associated Ras related GTPase 1A	0.453	2.909
41453_at	DLG3	discs large MAGUK scaffold protein 3	-0.321	2.523
41454_at	HEBP2	heme binding protein 2	0.802	3.4
41456_at	GATB	glutamyl-tRNA amidotransferase subunit B	-0.305	2.773
41457_at	FAM179B	family with sequence similarity 179 member B	0.562	4.757
41458_at	SZT2	seizure threshold 2 homolog (mouse)	-0.461	4.983
41461_at	PMS1	PMS1 homolog 1, mismatch repair system component	0.406	2.657
41462_at	SNX2	sorting nexin 2	1.226	4.68
41464_at	SETD1A	SET domain containing 1A	-0.403	2.109
41465_at	ZNF148	zinc finger protein 148	0.41	1.679
41466_s_at	ZNF148	zinc finger protein 148	1.022	6.35
41467_at	MSH5-SAPCD1///SAPCD1///MSH5	MSH5-SAPCD1 readthrough (NMD candidate)///suppressor APC domain containing 1///mutS homolog 5	-0.495	3.684
41473_at	EPHX2	epoxide hydrolase 2	0.735	1.854
41476_at	GNA11	G protein subunit alpha 11	0.634	5.891
41478_at	TTC28	tetratricopeptide repeat domain 28	0.274	1.995
41479_s_at	RAD51C	RAD51 paralog C	0.399	2.879
41480_at	RAD51C	RAD51 paralog C	-0.785	3.314
41481_at	ITGA2	integrin subunit alpha 2	0.623	3.169
41482_at	GFER	growth factor, augmenter of liver regeneration	-0.428	3.061
41483_s_at	JUND	JunD proto-oncogene, AP-1 transcription factor subunit	1.321	5.047
41484_r_at	JUND	JunD proto-oncogene, AP-1 transcription factor subunit	-0.506	4.293
41486_at	RASSF8	Ras association domain family member 8	-1.039	5.422
41487_at	RASSF8	Ras association domain family member 8	-0.709	1.806
41488_at	LYRM1	LYR motif containing 1	1.049	6.01
41491_s_at	ATP11A	ATPase phospholipid transporting 11A	-0.35	2.82
41492_r_at	ATP11A	ATPase phospholipid transporting 11A	-1.016	6.41
41495_at	CREBZF	CREB/ATF bZIP transcription factor	1.361	6.557
41497_at	CDKN2D	cyclin dependent kinase inhibitor 2D	-0.622	3.762
41498_at	CLSTN1	calsyntenin 1	0.919	5.022
414_at	HOXD10	homeobox D10	-0.803	7.421
41501_at	HIPK3	homeodomain interacting protein kinase 3	-0.343	3.589
41503_at	ZHX2	zinc fingers and homeoboxes 2	0.529	4.83
41504_s_at	MAF	MAF bZIP transcription factor	1.876	6.101
41507_at	MAPKAPK5-AS1	MAPKAPK5 antisense RNA 1	-0.511	3.447
41508_at	EGR4	early growth response 4	-0.292	1.727
41510_s_at	HSPA9	heat shock protein family A (Hsp70) member 9	0.451	2.171
41513_s_at	OAZ3	ornithine decarboxylase antizyme 3	-0.438	2.692
41515_at	RBBP7	RB binding protein 7, chromatin remodeling factor	-0.365	2.48
41517_g_at	YKT6	YKT6 v-SNARE homolog (S. cerevisiae)	-0.404	3.161
41518_at			-0.603	3.123
41521_at	MFNG	MFNG O-fucosylpeptide 3-beta-N-acetylglucosaminyltransferase	-0.395	4.5
41522_at	MFNG	MFNG O-fucosylpeptide 3-beta-N-acetylglucosaminyltransferase	-0.247	2.234
41524_at	INPP1	inositol polyphosphate-1-phosphatase	0.727	4.822
41525_at	HMG20B	high mobility group 20B	-0.311	2.033
41527_f_at	FAM168B	family with sequence similarity 168 member B	-0.598	2.52
41529_g_at	FAM168B	family with sequence similarity 168 member B	1.14	7.091
41534_at	PCDH7	protocadherin 7	-0.455	2.531
41535_at	CDK2AP1	cyclin dependent kinase 2 associated protein 1	1.579	4.722
41536_at	ID4	inhibitor of DNA binding 4, HLH protein	0.562	2.454
41537_r_at	NFIX	nuclear factor I X	-0.677	2.275
41538_r_at	GRIN2C	glutamate ionotropic receptor NMDA type subunit 2C	-0.604	2.51
41540_at	PPP1R7	protein phosphatase 1 regulatory subunit 7	0.386	3.312
41541_at	GUK1	guanylate kinase 1	-0.789	5.46
41542_at	ZFAND5	zinc finger AN1-type containing 5	1.159	3.269
41543_at	AFF3	AF4/FMR2 family member 3	-0.421	2.522
41547_at	BUB3	BUB3, mitotic checkpoint protein	0.65	3.177
41551_at	RER1	retention in endoplasmic reticulum sorting receptor 1	0.339	1.949
41552_g_at	RER1	retention in endoplasmic reticulum sorting receptor 1	0.674	5.242
41555_at	HS3ST1	heparan sulfate-glucosamine 3-sulfotransferase 1	-0.392	2.036
41556_s_at	HS3ST1	heparan sulfate-glucosamine 3-sulfotransferase 1	-0.337	1.956
41557_at	SKIV2L2	Ski2 like RNA helicase 2	0.627	2.523
41558_s_at	GRAMD1B	GRAM domain containing 1B	-0.818	6.296
41560_at	PDCD2	programmed cell death 2	-0.72	3.619
41562_at	COMMD3-BMI1///BMI1	COMMD3-BMI1 readthrough///BMI1 proto-oncogene, polycomb ring finger	0.592	4.152
41564_at	TRPM1	transient receptor potential cation channel subfamily M member 1	-0.655	5.014
41565_at	ATXN2L	ataxin 2 like	-0.433	4.082
41566_at	TCF15	transcription factor 15 (basic helix-loop-helix)	-0.544	2.812
41567_at	TCF15	transcription factor 15 (basic helix-loop-helix)	-0.511	4.188
41573_at	SP3	Sp3 transcription factor	1.271	4.927
41574_at	PNN	pinin, desmosome associated protein	0.674	2.92
41576_at			-0.309	1.682
41578_at	NHLH2	nescient helix-loop-helix 2	-0.468	2.923
41584_at	RPS10-NUDT3///NUDT3	RPS10-NUDT3 readthrough///nudix hydrolase 3	-0.317	2.979
41585_at	SEL1L3	SEL1L family member 3	0.712	2.966
41586_at	FGF18	fibroblast growth factor 18	-0.706	5.575
41588_at	FGF18	fibroblast growth factor 18	-0.693	2.824
41592_at	SOCS1	suppressor of cytokine signaling 1	-0.352	2.411
41593_at	SOCS1	suppressor of cytokine signaling 1	-0.474	3.925
41594_at	JAK1	Janus kinase 1	0.68	3.044
41596_s_at	NAGLU	N-acetyl-alpha-glucosaminidase	0.639	4.618
41597_s_at	LOC102724364///LOC100996517///SEC22B	vesicle-trafficking protein SEC22b-like///vesicle-trafficking protein SEC22b///SEC22 homolog B, vesicle trafficking protein (gene/pseudogene)	1.087	5.474
415_at	CRKL	CRK like proto-oncogene, adaptor protein	-0.292	1.871
41602_at	HPCA	hippocalcin	-0.516	3.435
41603_at	TBL3	transducin beta like 3	-0.398	4.605
41604_at	ANKRD46	ankyrin repeat domain 46	1.372	8.62
41605_at	RALGAPB	Ral GTPase activating protein non-catalytic beta subunit	-0.332	1.673
41610_at	LAMA5	laminin subunit alpha 5	0.483	2.62
41612_at	ZNF264	zinc finger protein 264	0.267	2.071
41613_at	TECPR2	tectonin beta-propeller repeat containing 2	-0.612	5.672
41618_at	COL17A1	collagen type XVII alpha 1 chain	-0.897	2.201
41619_at	IRF6	interferon regulatory factor 6	-0.426	3.823
41624_r_at	FZR1	fizzy/cell division cycle 20 related 1	-0.739	3.306
41625_at	MED13	mediator complex subunit 13	0.972	4.128
41631_f_at	ZC2HC1A	zinc finger C2HC-type containing 1A	-0.583	2.129
41632_at	E2F3	E2F transcription factor 3	1.202	2.508
41633_at	SENP3	SUMO1/sentrin/SMT3 specific peptidase 3	0.398	2.968
41634_at	SECISBP2L	SECIS binding protein 2 like	1.003	5.652
41635_at	WTAP	Wilms tumor 1 associated protein	1.567	6.067
41636_at	RAB11FIP3	RAB11 family interacting protein 3	-0.596	3.164
41637_at	DEXI	Dexi homolog	0.554	4.36
41638_at	PPWD1	peptidylprolyl isomerase domain and WD repeat containing 1	0.958	3.369
41642_at	LOC102725134	uncharacterized LOC102725134	1.186	6.391
41645_at	PLA2G6	phospholipase A2 group VI	-0.855	4.318
41646_at	TAOK3	TAO kinase 3	1.2	6.94
41648_at	CRAT	carnitine O-acetyltransferase	0.391	2.092
41649_at	FOXJ2	forkhead box J2	0.677	5.563
41651_at	KIAA1033	KIAA1033	1.435	9.352
41652_at	COL11A2	collagen type XI alpha 2 chain	-0.308	1.675
41654_at	ADA	adenosine deaminase	-0.417	2.93
41656_at	NMT2	N-myristoyltransferase 2	0.6	3.634
41658_at	CDC42EP2	CDC42 effector protein 2	-0.291	1.676
41660_at	CELSR1	cadherin EGF LAG seven-pass G-type receptor 1	0.376	2.668
41661_at			-0.476	2.228
41662_at	NECAP1	NECAP endocytosis associated 1	0.414	2.172
41665_at	PCF11	PCF11 cleavage and polyadenylation factor subunit	-0.817	3.219
41669_at	ZCCHC11	zinc finger CCHC-type containing 11	0.364	1.705
41671_at	EML1	echinoderm microtubule associated protein like 1	-0.682	1.842
41673_at	FGF12	fibroblast growth factor 12	-0.55	2.062
41674_at	FGF12	fibroblast growth factor 12	-0.283	2.223
41680_at	TTC39A	tetratricopeptide repeat domain 39A	-0.736	3.691
41682_s_at	BCKDHB	branched chain keto acid dehydrogenase E1 subunit beta	0.646	4.552
41683_i_at	BCKDHB	branched chain keto acid dehydrogenase E1 subunit beta	1.374	4.822
41685_at	FAM153A	family with sequence similarity 153 member A	0.543	1.759
41686_s_at	LOC102725213///LOC102724062///LOC101930363///LOC101928349///LOC100507387///FAM153A///FAM153B	uncharacterized LOC102725213///uncharacterized LOC102724062///uncharacterized LOC101930363///uncharacterized LOC101928349///uncharacterized LOC100507387///family with sequence similarity 153 member A///family with sequence similarity 153 member B	-0.275	1.878
41687_r_at			-0.833	2.089
41690_at	ARID5B	AT-rich interaction domain 5B	0.692	2.237
41692_at	SYNJ1	synaptojanin 1	1.213	4.35
41696_at	GGCT	gamma-glutamylcyclotransferase	0.339	1.987
416_s_at	HOXC5	homeobox C5	-0.647	4.091
41700_at	F2R	coagulation factor II thrombin receptor	1.875	3.988
41702_r_at	POLR3F	RNA polymerase III subunit F	-0.974	3.537
41704_at	TMEM151B	transmembrane protein 151B	-0.405	1.997
41705_at	RFNG	RFNG O-fucosylpeptide 3-beta-N-acetylglucosaminyltransferase	0.473	4.379
41709_at	PPFIBP2	PPFIA binding protein 2	0.351	2.631
41710_at	GSAP	gamma-secretase activating protein	0.764	3.541
41712_at	AQR	aquarius intron-binding spliceosomal factor	0.289	1.687
41713_at	ZKSCAN1	zinc finger with KRAB and SCAN domains 1	1.178	5.36
41720_r_at	MIR1908///FADS1	microRNA 1908///fatty acid desaturase 1	-0.311	1.857
41721_at	KLK2	kallikrein related peptidase 2	-0.716	2.605
41722_at	NNT	nicotinamide nucleotide transhydrogenase	1.743	9.629
41723_s_at	LOC101060835///LOC100996809///HLA-DRB6///HLA-DRB5///HLA-DRB4///HLA-DRB3///HLA-DRB1///HLA-DQB1	HLA class II histocompatibility antigen, DQ beta 1 chain-like///HLA class II histocompatibility antigen, DRB1-10 beta chain-like///major histocompatibility complex, class II, DR beta 6 (pseudogene)///major histocompatibility complex, class II, DR beta 5///major histocompatibility complex, class II, DR beta 4///major histocompatibility complex, class II, DR beta 3///major histocompatibility complex, class II, DR beta 1///major histocompatibility complex, class II, DQ beta 1	0.826	1.671
41724_at	BCAP31	B-cell receptor-associated protein 31	0.544	2.059
41727_at	CNOT1	CCR4-NOT transcription complex subunit 1	0.253	1.687
41729_at	ARIH1	ariadne RBR E3 ubiquitin protein ligase 1	0.488	5.016
41733_at	SMG1P5///BOLA2///SMG1P2	SMG1P5, nonsense mediated mRNA decay associated PI3K related kinase pseudogene 5///bolA family member 2///SMG1P2, nonsense mediated mRNA decay associated PI3K related kinase pseudogene 2	1.367	3.846
41736_g_at	DENND3	DENN domain containing 3	-0.383	2.286
41737_at	SRRM1	serine and arginine repetitive matrix 1	1.203	7.264
41739_s_at	CALD1	caldesmon 1	1.203	5.119
41740_at	ARL3	ADP ribosylation factor like GTPase 3	-0.393	2.258
41741_at	RBM3	RNA binding motif (RNP1, RRM) protein 3	1.238	4.357
41742_s_at	OPTN	optineurin	0.833	4.687
41743_i_at	OPTN	optineurin	1.429	7.435
41744_at	OPTN	optineurin	0.604	4.66
41749_at	C21orf33	chromosome 21 open reading frame 33	-0.645	2.754
41751_at	PDIA6	protein disulfide isomerase family A member 6	-0.556	2.1
41754_at	LRPPRC	leucine rich pentatricopeptide repeat containing	0.841	3.886
41758_at	TMEM184B	transmembrane protein 184B	0.467	4.198
41761_at	TIAL1	TIA1 cytotoxic granule-associated RNA binding protein-like 1	0.731	4.642
41763_g_at	TIAL1	TIA1 cytotoxic granule-associated RNA binding protein-like 1	0.873	3.848
41767_r_at	GOLGA8A	golgin A8 family member A	0.737	2.852
41768_at	PRKAR1A	protein kinase cAMP-dependent type I regulatory subunit alpha	0.534	1.9
41770_at	MAOA	monoamine oxidase A	0.826	3.354
41771_g_at	MAOA	monoamine oxidase A	0.695	1.855
41772_at	MAOA	monoamine oxidase A	1.544	5.273
41774_at	ARL4D	ADP ribosylation factor like GTPase 4D	-0.619	1.804
41779_at	RGS16	regulator of G-protein signaling 16	-0.634	1.686
41780_at	PPFIA1	PTPRF interacting protein alpha 1	0.836	5.351
41782_g_at	PPFIA1	PTPRF interacting protein alpha 1	-0.54	2.426
41783_at	CRABP2	cellular retinoic acid binding protein 2	-0.278	2.428
41784_at	PNISR	PNN interacting serine and arginine rich protein	1.162	5.294
41786_at	IAH1	isoamyl acetate-hydrolyzing esterase 1 homolog	-0.591	5.498
41788_i_at	TSC22D2	TSC22 domain family member 2	1.528	4.431
41790_at	ALDH5A1	aldehyde dehydrogenase 5 family member A1	1.332	6.789
41792_at	ABCC8	ATP binding cassette subfamily C member 8	-0.545	2.863
41793_at	ABCC8	ATP binding cassette subfamily C member 8	-0.535	4.169
41794_at	PDE6H	phosphodiesterase 6H	-0.46	2.195
41795_at	NCK1	NCK adaptor protein 1	0.568	2.906
41797_at	PPIL6	peptidylprolyl isomerase like 6	-0.459	1.994
41798_at	SMPD2	sphingomyelin phosphodiesterase 2	-0.362	2.573
41800_s_at	DNAJC7	DnaJ heat shock protein family (Hsp40) member C7	0.552	3.081
41803_g_at	C11orf80	chromosome 11 open reading frame 80	-0.3	1.903
41808_at	DMTF1	cyclin D binding myb like transcription factor 1	0.6	2.918
41809_at	TMEM243	transmembrane protein 243	0.753	4.26
41811_f_at	PKI55	DKFZp434H1419	-0.485	1.843
41813_at	NUP210	nucleoporin 210	-0.319	2.039
41814_at	FUCA1	fucosidase, alpha-L- 1, tissue	0.85	4.393
41815_at	SYNE2	spectrin repeat containing nuclear envelope protein 2	0.895	2.821
41822_at	ZNF324	zinc finger protein 324	-0.569	4.592
41823_at	STAU1	staufen double-stranded RNA binding protein 1	0.575	1.907
41824_at	UTP18	UTP18, small subunit processome component	-0.334	1.941
41825_at	PINK1-AS	PINK1 antisense RNA	-0.672	6.497
41828_at	MBD1	methyl-CpG binding domain protein 1	-0.756	2.251
41829_at	LARP1	La ribonucleoprotein domain family member 1	-0.554	5.297
41832_s_at	JTB	jumping translocation breakpoint	-0.708	3.524
41834_g_at	JTB	jumping translocation breakpoint	0.786	6.19
41835_at	NOL4	nucleolar protein 4	-0.82	1.674
41837_at	C14orf132	chromosome 14 open reading frame 132	-0.334	2.633
41841_at	BRD3	bromodomain containing 3	0.395	2.82
41843_r_at	YIPF4	Yip1 domain family member 4	-0.677	3.142
41844_at	YIPF4	Yip1 domain family member 4	-0.319	3.855
41845_at	CRX	cone-rod homeobox	-0.359	2.228
41848_f_at	IL24	interleukin 24	-0.816	2.001
41851_at	CCDC85B	coiled-coil domain containing 85B	-0.445	2.044
41852_at	RLF	rearranged L-myc fusion	-0.366	1.785
41853_at	PRPSAP2	phosphoribosyl pyrophosphate synthetase associated protein 2	1.291	6.7
41855_at	HAT1	histone acetyltransferase 1	1.297	5.065
41856_at	UNC5B	unc-5 netrin receptor B	-0.474	4.366
41861_at	NOC2L	NOC2 like nucleolar associated transcriptional repressor	-0.702	3.48
41864_at	STX2	syntaxin 2	-0.273	2.69
41865_at	ATPAF2	ATP synthase mitochondrial F1 complex assembly factor 2	-0.397	1.828
41867_at	CREB3L1	cAMP responsive element binding protein 3 like 1	-0.597	5.211
41871_at	PDPN	podoplanin	-0.414	2.723
41872_at	DFNA5	DFNA5, deafness associated tumor suppressor	0.736	3.735
41873_at	FAM131B	family with sequence similarity 131 member B	-0.327	2.205
418_at	MKI67	marker of proliferation Ki-67	-0.78	3.587
423_at	EWSR1	EWS RNA binding protein 1	-0.334	2.043
424_s_at	FGFR1	fibroblast growth factor receptor 1	-0.423	3.189
427_f_at	IFNA10	interferon alpha 10	-0.315	1.924
430_at	PNP	purine nucleoside phosphorylase	0.734	2.362
433_at	TRAC///TRAJ17///TRAV20///TRDV2	T-cell receptor alpha constant///T cell receptor alpha joining 17///T cell receptor alpha variable 20///T cell receptor delta variable 2	-0.415	3.191
435_g_at	H1F0	H1 histone family member 0	-0.902	3.143
438_at	PRKACA	protein kinase cAMP-activated catalytic subunit alpha	-0.785	5.402
441_s_at	LIF	leukemia inhibitory factor	-0.445	4.098
445_at	NKX3-1	NK3 homeobox 1	-0.464	2.808
450_g_at	CGRRF1	cell growth regulator with ring finger domain 1	0.615	3.381
451_at	ALK	anaplastic lymphoma receptor tyrosine kinase	-0.329	2.648
454_at	SMARCD1	SWI/SNF related, matrix associated, actin dependent regulator of chromatin, subfamily d, member 1	0.484	2.326
455_at	SMARCD2	SWI/SNF related, matrix associated, actin dependent regulator of chromatin, subfamily d, member 2	-0.373	3.499
457_s_at	SUMO1	small ubiquitin-like modifier 1	-0.544	5.682
458_at	CCR6	C-C motif chemokine receptor 6	-0.724	2.192
460_at	PKNOX1	PBX/knotted 1 homeobox 1	-0.573	3.015
462_at	NFIB	nuclear factor I B	0.526	3.853
463_g_at	NFIB	nuclear factor I B	0.289	3.065
466_at	GTF2IP4///GTF2IP1///GTF2I	general transcription factor IIi pseudogene 4///general transcription factor IIi pseudogene 1///general transcription factor IIi	0.842	3.835
468_at	FGF13	fibroblast growth factor 13	-0.372	2.548
470_at	CGREF1	cell growth regulator with EF-hand domain 1	-0.404	1.968
471_f_at	TUBB3	tubulin beta 3 class III	0.433	2.87
472_at	STAT5B	signal transducer and activator of transcription 5B	-0.871	1.924
478_g_at	IRF5	interferon regulatory factor 5	-0.376	2.434
480_at	PKMYT1	protein kinase, membrane associated tyrosine/threonine 1	-0.452	4.217
482_at	CDH13	cadherin 13	-0.93	3.678
483_g_at	CDH13	cadherin 13	0.635	2.688
485_at	DHH	desert hedgehog	-0.301	1.687
489_at	MUTYH	mutY DNA glycosylase	-0.214	2.313
490_g_at	MUTYH	mutY DNA glycosylase	-0.221	1.831
491_at	PTPRG	protein tyrosine phosphatase, receptor type G	0.345	2.2
492_g_at	PTPRG	protein tyrosine phosphatase, receptor type G	0.514	2.443
494_at	IL13	interleukin 13	-0.613	8.482
495_at	IL15RA	interleukin 15 receptor subunit alpha	-0.65	4.12
496_s_at	IL11RA	interleukin 11 receptor subunit alpha	-0.289	2.234
497_at	CLN3	CLN3, battenin	-0.323	2.66
499_at	MAD1L1	MAD1 mitotic arrest deficient like 1	-0.644	4.96
500_at	CYP2J2	cytochrome P450 family 2 subfamily J member 2	-0.817	6.275
501_g_at	CYP2J2	cytochrome P450 family 2 subfamily J member 2	-0.389	3.494
502_s_at	HOXA1	homeobox A1	-0.486	2.446
504_at	UBE2D3	ubiquitin conjugating enzyme E2 D3	0.673	1.759
505_at	CDC37	cell division cycle 37	0.683	4.62
507_s_at	ELF2	E74 like ETS transcription factor 2	0.433	3.087
508_at	SUPT4H1	SPT4 homolog, DSIF elongation factor subunit	0.341	2.323
509_at	SMAD4	SMAD family member 4	1.18	5.696
511_s_at	FRK	fyn related Src family tyrosine kinase	0.321	1.779
512_at	NR1H3	nuclear receptor subfamily 1 group H member 3	0.581	4.159
513_at	MAP2K5	mitogen-activated protein kinase kinase 5	-0.444	3.945
514_at	CBLB	Cbl proto-oncogene B	-0.441	2.719
515_s_at	CBLB	Cbl proto-oncogene B	-0.624	2.641
519_g_at	NR1H2	nuclear receptor subfamily 1 group H member 2	-0.27	2.52
521_at	MT4	metallothionein 4	-0.514	5.116
525_g_at	PMS1	PMS1 homolog 1, mismatch repair system component	0.518	3.161
526_s_at	PMS2CL///PMS2	PMS2 C-terminal like pseudogene///PMS1 homolog 2, mismatch repair system component	-0.433	2.534
530_at	TONSL	tonsoku-like, DNA repair protein	-0.405	2.826
532_at	PTH1R	parathyroid hormone 1 receptor	1.426	4.031
535_s_at	NFKB2	nuclear factor kappa B subunit 2	-0.389	2.727
539_at	RYK	receptor-like tyrosine kinase	0.568	4.991
540_at	HSPB2-C11orf52///C11orf52///HSPB2	HSPB2-C11orf52 readthrough (NMD candidate)///chromosome 11 open reading frame 52///heat shock protein family B (small) member 2	-0.599	5.174
541_g_at	HSPB2	heat shock protein family B (small) member 2	-0.466	2.202
547_s_at	NR4A2	nuclear receptor subfamily 4 group A member 2	-0.745	3.521
548_s_at	SYK	spleen associated tyrosine kinase	-0.842	4.077
549_at	RARS	arginyl-tRNA synthetase	0.604	2.839
552_at	ARHGAP1	Rho GTPase activating protein 1	-0.373	3.62
553_g_at	ARHGAP1	Rho GTPase activating protein 1	0.879	6.357
555_at	RAB40B	RAB40B, member RAS oncogene family	0.861	2.582
556_s_at	GSTM4///GSTM2///GSTM1	glutathione S-transferase mu 4///glutathione S-transferase mu 2 (muscle)///glutathione S-transferase mu 1	-0.579	3.491
557_s_at	SSTR3	somatostatin receptor 3	-0.669	5.784
558_at	KRT1	keratin 1	-0.367	2.997
559_s_at	TLX1	T-cell leukemia homeobox 1	-0.637	3.047
560_s_at	TAL1	TAL bHLH transcription factor 1, erythroid differentiation factor	-0.504	3.025
564_at	GNA11	G protein subunit alpha 11	0.454	4.457
569_g_at	PRKACA	protein kinase cAMP-activated catalytic subunit alpha	-0.336	1.856
571_at	NAP1L1	nucleosome assembly protein 1 like 1	0.778	2.594
572_at	TTK	TTK protein kinase	-0.357	3.096
573_at	IGFALS	insulin like growth factor binding protein acid labile subunit	-0.511	5.164
575_s_at	EPCAM	epithelial cell adhesion molecule	0.951	2.722
577_at	MDK	midkine (neurite growth-promoting factor 2)	-0.503	3.057
580_at	HIST1H1E	histone cluster 1, H1e	-0.55	2.113
587_at	S1PR1	sphingosine-1-phosphate receptor 1	-0.357	2.462
591_s_at	PTPN1	protein tyrosine phosphatase, non-receptor type 1	-0.65	4.078
593_s_at	ROS1	ROS proto-oncogene 1, receptor tyrosine kinase	-0.609	4.459
598_at	COL2A1	collagen type II alpha 1 chain	-0.558	7.42
599_at	HLX	H2.0 like homeobox	-0.344	1.82
600_at	RAB5A	RAB5A, member RAS oncogene family	0.772	4.11
601_s_at	KRT16	keratin 16	-0.531	3.622
602_s_at	HSD17B1	hydroxysteroid 17-beta dehydrogenase 1	-0.88	2.702
604_at	BRCA1	BRCA1, DNA repair associated	-0.608	4.273
605_at	VAT1	vesicle amine transport 1	0.274	2.502
606_at	RND2	Rho family GTPase 2	-0.383	3.131
607_s_at	VWF	von Willebrand factor	-0.609	2.458
617_at	ACPP	acid phosphatase, prostate	0.797	3.479
620_at	RAB3A	RAB3A, member RAS oncogene family	-0.435	4.588
621_at	SPHAR///RAB4A	S-phase response (cyclin related)///RAB4A, member RAS oncogene family	0.314	2.043
623_s_at	RAB2A	RAB2A, member RAS oncogene family	1.51	6.339
624_at	RAB3B	RAB3B, member RAS oncogene family	-0.597	3.373
629_at	IL9R	interleukin 9 receptor	-0.574	5.965
630_at	DCTD	dCMP deaminase	1.086	5.79
631_g_at	DCTD	dCMP deaminase	0.838	3.881
635_s_at	PPP2R5B	protein phosphatase 2 regulatory subunit B'beta	-0.517	3.445
637_at			-0.576	2.951
638_at	HMGA2	high mobility group AT-hook 2	-0.718	2.599
640_at	RNF185-AS1	RNF185 antisense RNA 1	-0.404	2.828
643_at	NR0B2	nuclear receptor subfamily 0 group B member 2	-0.587	4.359
644_at	RND2	Rho family GTPase 2	-0.413	1.93
647_at	PROCR	protein C receptor	-0.279	1.684
648_at	AVPR1B	arginine vasopressin receptor 1B	-0.332	2.993
651_at	RPA3	replication protein A3	0.394	2.691
652_g_at	RPA3	replication protein A3	1.121	4.626
654_at	MXI1	MAX interactor 1, dimerization protein	0.475	4.3
656_at	INPP1	inositol polyphosphate-1-phosphatase	-0.601	3.365
657_at	PCDHGA1///PCDHGA2///PCDHGA3///PCDHGA4///PCDHGA5///PCDHGA6///PCDHGA7///PCDHGA9///PCDHGA10///PCDHGA11///PCDHGB1///PCDHGB2///PCDHGB3///PCDHGB5///PCDHGB6///PCDHGB7///PCDHGC4///PCDHGC5///PCDHGA12///PCDHGA8///PCDHGB4///PCDHGC3	protocadherin gamma subfamily A, 1///protocadherin gamma subfamily A, 2///protocadherin gamma subfamily A, 3///protocadherin gamma subfamily A, 4///protocadherin gamma subfamily A, 5///protocadherin gamma subfamily A, 6///protocadherin gamma subfamily A, 7///protocadherin gamma subfamily A, 9///protocadherin gamma subfamily A, 10///protocadherin gamma subfamily A, 11///protocadherin gamma subfamily B, 1///protocadherin gamma subfamily B, 2///protocadherin gamma subfamily B, 3///protocadherin gamma subfamily B, 5///protocadherin gamma subfamily B, 6///protocadherin gamma subfamily B, 7///protocadherin gamma subfamily C, 4///protocadherin gamma subfamily C, 5///protocadherin gamma subfamily A, 12///protocadherin gamma subfamily A, 8///protocadherin gamma subfamily B, 4///protocadherin gamma subfamily C, 3	-0.662	9.256
659_g_at	THBS2	thrombospondin 2	-0.726	4.429
660_at	CYP24A1	cytochrome P450 family 24 subfamily A member 1	-0.795	1.967
662_at	DHX9	DEAH-box helicase 9	1.22	6.161
663_at	EIF1AX	eukaryotic translation initiation factor 1A, X-linked	1.09	5.868
665_at	NEK4	NIMA related kinase 4	1.832	7.299
672_at	SERPINE1	serpin family E member 1	-0.4	3.3
673_at	MTHFD1	methylenetetrahydrofolate dehydrogenase, cyclohydrolase and formyltetrahydrofolate synthetase 1	0.352	1.865
674_g_at	MTHFD1	methylenetetrahydrofolate dehydrogenase, cyclohydrolase and formyltetrahydrofolate synthetase 1	0.685	3.441
678_at	ALPPL2	alkaline phosphatase, placental like 2	-0.372	2.525
679_at	CTSG	cathepsin G	-0.613	6.963
680_s_at	RBP3	retinol binding protein 3	-0.356	2.01
689_at	CDR2L	cerebellar degeneration related protein 2 like	-0.291	1.848
694_at	MUC5B	mucin 5B, oligomeric mucus/gel-forming	-0.798	4.094
695_at	TNC	tenascin C	-0.593	4.476
696_at	HOXD8	homeobox D8	0.734	3.463
697_f_at	CGB1///LHB	chorionic gonadotropin beta subunit 1///luteinizing hormone beta polypeptide	-0.404	4.367
699_s_at			-0.44	2.15
701_s_at	INSL3	insulin like 3	-0.461	5.498
702_f_at	MSX2P1	msh homeobox 2 pseudogene 1	-0.499	3.534
705_at	MTHFR	methylenetetrahydrofolate reductase (NAD(P)H)	-0.446	3.859
706_at	NR3C1	nuclear receptor subfamily 3 group C member 1	-0.661	3.744
707_s_at	LOC100508689	mucin	-0.461	3.22
708_at	PTH	parathyroid hormone	-0.578	3.286
709_at	TUBB	tubulin beta class I	-0.353	1.842
710_at	P4HB	prolyl 4-hydroxylase subunit beta	-0.403	2.067
712_s_at	MIR6778///SHMT1	microRNA 6778///serine hydroxymethyltransferase 1	0.801	3.571
714_at	CAP2	CAP, adenylate cyclase-associated protein, 2 (yeast)	-0.722	4.958
717_at	TRIB2	tribbles pseudokinase 2	0.49	1.862
718_at	HTRA1	HtrA serine peptidase 1	0.589	4.11
719_g_at	HTRA1	HtrA serine peptidase 1	0.799	4.381
720_at	HSF4	heat shock transcription factor 4	-0.393	3.991
721_g_at	HSF4	heat shock transcription factor 4	-0.426	2.032
723_s_at	HNRNPC	heterogeneous nuclear ribonucleoprotein C (C1/C2)	0.983	4.487
724_at	GRK3	G protein-coupled receptor kinase 3	-0.514	4.124
725_i_at	CSHL1	chorionic somatomammotropin hormone like 1	-0.719	2.409
726_f_at	CSHL1	chorionic somatomammotropin hormone like 1	-0.495	4.174
727_at	WDR13	WD repeat domain 13	-0.561	4.459
728_at	LAMA1	laminin subunit alpha 1	-0.27	2.747
729_i_at			-1.312	7.08
730_r_at	MUC3A	mucin 3A, cell surface associated	-1.01	7.438
731_f_at	MUC3A	mucin 3A, cell surface associated	-0.461	1.782
734_at	MUC4	mucin 4, cell surface associated	-0.551	2.632
735_s_at	AKAP13	A-kinase anchoring protein 13	-0.604	2.619
736_f_at	POM121L1P	POM121 transmembrane nucleoporin like 1, pseudogene	-0.355	4.279
738_at	NT5C2	5'-nucleotidase, cytosolic II	1.049	6.122
740_at	HTR3A	5-hydroxytryptamine receptor 3A	-0.379	3.03
742_at	HABP2	hyaluronan binding protein 2	-0.806	7.271
753_at	NID2	nidogen 2	0.428	1.798
754_s_at	BCR	BCR, RhoGEF and GTPase activating protein	-0.244	2.185
755_at	ITPR1	inositol 1,4,5-trisphosphate receptor type 1	1.011	6.675
756_at	ITPR2	inositol 1,4,5-trisphosphate receptor type 2	-0.563	3.516
758_at	PTGIR	prostaglandin I2 (prostacyclin) receptor (IP)	-0.233	1.83
759_at	PTGIS	prostaglandin I2 (prostacyclin) synthase	-0.529	3.341
760_at	DYRK2	dual specificity tyrosine phosphorylation regulated kinase 2	-0.326	3.875
763_at	GMFB	glia maturation factor beta	0.594	3.329
765_s_at	LGALS4	galectin 4	-0.636	4.84
766_at	LGALS9	galectin 9	-0.502	3.566
771_s_at	CD7	CD7 molecule	-0.347	2.417
777_at	GDI2	GDP dissociation inhibitor 2	0.825	2.865
779_at	COL4A6	collagen type IV alpha 6 chain	-0.329	2.328
780_at	LOC101928269///LOC100506403///RUNX1	uncharacterized LOC101928269///uncharacterized LOC100506403///runt related transcription factor 1	-0.495	2.64
781_at	RABGGTB	Rab geranylgeranyltransferase beta subunit	0.817	4.956
783_at	WWP1	WW domain containing E3 ubiquitin protein ligase 1	1.173	6.304
784_g_at	WWP1	WW domain containing E3 ubiquitin protein ligase 1	0.872	4.456
785_at	WWP2	WW domain containing E3 ubiquitin protein ligase 2	-1.054	3.261
789_at	EGR1	early growth response 1	-0.553	3.789
790_at	NGF	nerve growth factor	-0.697	3.671
791_g_at	NGF	nerve growth factor	-0.494	3.269
792_s_at	TFAP2A	transcription factor AP-2 alpha	-0.284	2.647
793_at	PGF	placental growth factor	-0.502	5.412
794_at	PTPN6	protein tyrosine phosphatase, non-receptor type 6	-0.424	2.918
797_at	MIR6756///MCAM	microRNA 6756///melanoma cell adhesion molecule	-0.949	3.667
799_at	CDK5R1	cyclin dependent kinase 5 regulatory subunit 1	-0.538	3.296
800_g_at	CDK5R1	cyclin dependent kinase 5 regulatory subunit 1	-0.47	3.212
801_at	PTPN14	protein tyrosine phosphatase, non-receptor type 14	-0.333	1.893
802_at	TAF12	TATA-box binding protein associated factor 12	-0.499	2.337
803_at	TAF13	TATA-box binding protein associated factor 13	-0.704	3.099
804_s_at	LLGL1	LLGL1, scribble cell polarity complex component	-0.89	8.871
805_at	GRAP	GRB2-related adaptor protein	-0.519	3.361
806_at	PLK3	polo like kinase 3	-0.477	3.531
808_at	RAB27B	RAB27B, member RAS oncogene family	-0.593	3.263
812_at	PPP1R2	protein phosphatase 1 regulatory inhibitor subunit 2	0.734	2.277
813_at			-0.484	2.151
814_s_at			-0.81	1.893
815_at	DOK1	docking protein 1	-0.444	3.379
818_s_at	ATRX	ATRX, chromatin remodeler	1.11	6.823
822_s_at	CRADD	CASP2 and RIPK1 domain containing adaptor with death domain	-0.348	2.738
823_at	CX3CL1	C-X3-C motif chemokine ligand 1	0.385	3.549
825_at	PRPF4B	pre-mRNA processing factor 4B	-0.257	1.973
826_at	DDX3X	DEAD-box helicase 3, X-linked	1.614	6.15
827_s_at	DYRK1A	dual specificity tyrosine phosphorylation regulated kinase 1A	-0.46	2.554
830_at	VAC14	Vac14, PIKFYVE complex component	-0.539	5.167
831_at	DDX10	DEAD-box helicase 10	0.953	5.678
832_at	UBE2D2	ubiquitin conjugating enzyme E2 D2	0.425	5.632
836_at	PTCH1	patched 1	-0.862	8.307
837_s_at	ME1	malic enzyme 1	0.615	2.108
844_at	PPP1R1A	protein phosphatase 1 regulatory inhibitor subunit 1A	-0.44	1.915
847_at	EIF5A	eukaryotic translation initiation factor 5A	-0.694	5.297
848_at	TRAF1	TNF receptor associated factor 1	-0.527	3.502
854_at	BLK	BLK proto-oncogene, Src family tyrosine kinase	-0.674	3.936
857_at	PPM1A	protein phosphatase, Mg2+/Mn2+ dependent 1A	0.784	2.094
859_at	CYP1B1	cytochrome P450 family 1 subfamily B member 1	0.871	2.494
861_g_at	MSH2	mutS homolog 2	0.339	1.757
865_at	RPS6KA3	ribosomal protein S6 kinase A3	0.469	2.315
868_at	TAF10	TATA-box binding protein associated factor 10	0.37	1.856
869_at	GTF2A2	general transcription factor IIA subunit 2	0.641	2.862
872_i_at	IRS1	insulin receptor substrate 1	0.796	1.769
873_at	HOXA5	homeobox A5	1.172	7.65
878_s_at	PRL	prolactin	-0.543	3.034
882_at	CSF1	colony stimulating factor 1	-0.646	5.088
883_s_at	PIM1	Pim-1 proto-oncogene, serine/threonine kinase	-0.579	3.096
884_at	ITGA3	integrin subunit alpha 3	-0.368	2.774
885_g_at	ITGA3	integrin subunit alpha 3	-0.46	2.076
886_at	DCK	deoxycytidine kinase	0.568	2.211
887_at	CERS1///GDF1	ceramide synthase 1///growth differentiation factor 1	-0.683	6.7
888_s_at	CERS1///GDF1	ceramide synthase 1///growth differentiation factor 1	-0.692	4.074
890_at	UBE2A	ubiquitin conjugating enzyme E2 A	0.354	2.536
891_at	YY1	YY1 transcription factor	1.106	4.953
896_at	MUC2	mucin 2, oligomeric mucus/gel-forming	-0.482	3.146
898_s_at	EFNA3	ephrin A3	-0.487	1.861
899_at	IHH	indian hedgehog	-0.552	4.672
900_at	PLCB4	phospholipase C beta 4	-0.776	1.787
902_at	EPHB2	EPH receptor B2	-0.317	2.136
907_at	ADA	adenosine deaminase	-0.709	6.815
912_s_at	PLA2G1B	phospholipase A2 group IB	-0.411	2.98
913_at	ERG	ERG, ETS transcription factor	-0.511	3.888
914_g_at	ERG	ERG, ETS transcription factor	0.991	4.811
915_at	IFIT1	interferon induced protein with tetratricopeptide repeats 1	0.812	3.899
916_at	PTPRN	protein tyrosine phosphatase, receptor type N	-0.482	2.853
917_g_at	PTPRN	protein tyrosine phosphatase, receptor type N	-0.362	2.033
921_s_at	ACVR1B	activin A receptor type 1B	-0.442	4.112
922_at	PPP2R1A	protein phosphatase 2 scaffold subunit Aalpha	0.484	1.837
923_at	UBL4A	ubiquitin like 4A	-0.357	2.622
924_s_at	PPP2CB	protein phosphatase 2 catalytic subunit beta	0.886	3.288
928_at	SLC26A3	solute carrier family 26 member 3	-0.57	2.716
930_at	PPP2R3A	protein phosphatase 2 regulatory subunit B''alpha	1.08	5.045
933_f_at	ZNF91	zinc finger protein 91	1.056	5.985
936_s_at	NSG1	neuron specific gene family member 1	-0.569	2.361
937_at			-0.51	3.915
938_at	IL9R	interleukin 9 receptor	-0.329	1.885
939_at	MELTF	melanotransferrin	-0.288	2.28
940_g_at	NF1P9///NF1	neurofibromin 1 pseudogene 9///neurofibromin 1	-0.493	5.505
942_at	RGN	regucalcin	0.917	7.593
943_at	LOC101928269///LOC100506403///RUNX1	uncharacterized LOC101928269///uncharacterized LOC100506403///runt related transcription factor 1	-0.343	2.587
948_s_at	PPID	peptidylprolyl isomerase D	1.061	3.763
949_s_at	PSMC6	proteasome 26S subunit, ATPase 6	1.091	4.624
950_at	SEC62	SEC62 homolog, preprotein translocation factor	0.836	2.534
951_at	PSMF1	proteasome inhibitor subunit 1	0.557	2.843
953_g_at	LOC101929368///FKBP1A	uncharacterized LOC101929368///FK506 binding protein 1A	0.714	4.622
959_at	CDC42	cell division cycle 42	-0.36	2.083
960_g_at	CDC42	cell division cycle 42	-0.616	5.31
962_at	BMX	BMX non-receptor tyrosine kinase	-0.577	5.182
969_s_at	USP9Y///USP9X	ubiquitin specific peptidase 9, Y-linked///ubiquitin specific peptidase 9, X-linked	0.592	3.141
970_r_at	USP9X	ubiquitin specific peptidase 9, X-linked	-1.144	4.567
974_at	MAP3K14	mitogen-activated protein kinase kinase kinase 14	-0.412	2.424
977_s_at	CDH1	cadherin 1	0.828	4.77
978_at	BCL6	B-cell CLL/lymphoma 6	-0.446	2.741
979_g_at	BCL6	B-cell CLL/lymphoma 6	-0.621	2.769
983_at	MAPK12	mitogen-activated protein kinase 12	-0.419	2.952
984_g_at	MAPK12	mitogen-activated protein kinase 12	-0.54	3.603
986_at	CYP19A1	cytochrome P450 family 19 subfamily A member 1	-0.505	1.76
990_at	FLT1	fms related tyrosine kinase 1	-0.641	3.585
994_at	PTPRM	protein tyrosine phosphatase, receptor type M	0.598	2.602
995_g_at	PTPRM	protein tyrosine phosphatase, receptor type M	0.95	4.922
999_at	CYP27A1	cytochrome P450 family 27 subfamily A member 1	0.36	2.637
AFFX-BioDn-3_st			-0.423	2.959
AFFX-DapX-3_at			-0.569	2.974
AFFX-HSAC07/X00351_3_st	ACTB	actin beta	-1.257	2.16
AFFX-HSAC07/X00351_5_at	ACTB	actin beta	1.037	3.1
AFFX-HSAC07/X00351_5_st	ACTB	actin beta	-0.466	4.325
AFFX-HSAC07/X00351_M_at	ACTB	actin beta	0.84	2.825
AFFX-HSAC07/X00351_M_st	ACTB	actin beta	-0.645	3.874
AFFX-HUMGAPDH/M33197_3_st	GAPDH	glyceraldehyde-3-phosphate dehydrogenase	-0.751	4.088
AFFX-HUMGAPDH/M33197_5_st	GAPDH	glyceraldehyde-3-phosphate dehydrogenase	-0.686	4.779
AFFX-HUMGAPDH/M33197_M_st	GAPDH	glyceraldehyde-3-phosphate dehydrogenase	-0.737	6.187
AFFX-HUMISGF3A/M97935_3_at	STAT1	signal transducer and activator of transcription 1	0.846	2.403
AFFX-HUMRGE/M10098_3_at			-3.184	10.049
AFFX-HUMRGE/M10098_5_at			-3.476	8.449
AFFX-HUMRGE/M10098_M_at			-3.142	8.13
AFFX-LysX-5_at			-0.796	1.742
AFFX-M27830_5_at			-2.972	10.402
AFFX-M27830_M_at			-1.884	8.545
AFFX-MurFAS_at	Fas	Fas (TNF receptor superfamily member 6)	-0.54	1.936
AFFX-MurIL4_at	Il4	interleukin 4	-0.477	1.829
AFFX-PheX-3_at			-0.468	2.537
AFFX-TrpnX-M_at			-0.355	1.982
AFFX-YEL021w/URA3_at			-0.948	2.155
