P05019	M1A	0.4464	ambiguous
P05019	M1C	0.3667	ambiguous
P05019	M1D	0.8232	pathogenic
P05019	M1E	0.5877	pathogenic
P05019	M1F	0.2716	benign
P05019	M1G	0.6323	pathogenic
P05019	M1H	0.5874	pathogenic
P05019	M1I	0.4367	ambiguous
P05019	M1K	0.3676	ambiguous
P05019	M1L	0.1797	benign
P05019	M1N	0.622	pathogenic
P05019	M1P	0.6428	pathogenic
P05019	M1Q	0.3441	ambiguous
P05019	M1R	0.3175	benign
P05019	M1S	0.4793	ambiguous
P05019	M1T	0.3283	benign
P05019	M1V	0.146	benign
P05019	M1W	0.4453	ambiguous
P05019	M1Y	0.5373	ambiguous
P05019	G2A	0.1256	benign
P05019	G2C	0.2269	benign
P05019	G2D	0.1174	benign
P05019	G2E	0.0865	benign
P05019	G2F	0.4335	ambiguous
P05019	G2H	0.2731	benign
P05019	G2I	0.2903	benign
P05019	G2K	0.2356	benign
P05019	G2L	0.3431	ambiguous
P05019	G2M	0.4031	ambiguous
P05019	G2N	0.1958	benign
P05019	G2P	0.4568	ambiguous
P05019	G2Q	0.1723	benign
P05019	G2R	0.1834	benign
P05019	G2S	0.1243	benign
P05019	G2T	0.1615	benign
P05019	G2V	0.1991	benign
P05019	G2W	0.2388	benign
P05019	G2Y	0.3018	benign
P05019	K3A	0.2359	benign
P05019	K3C	0.5388	ambiguous
P05019	K3D	0.2304	benign
P05019	K3E	0.1001	benign
P05019	K3F	0.4913	ambiguous
P05019	K3G	0.237	benign
P05019	K3H	0.2266	benign
P05019	K3I	0.2465	benign
P05019	K3L	0.2876	benign
P05019	K3M	0.2042	benign
P05019	K3N	0.1817	benign
P05019	K3P	0.3682	ambiguous
P05019	K3Q	0.122	benign
P05019	K3R	0.0816	benign
P05019	K3S	0.2303	benign
P05019	K3T	0.1306	benign
P05019	K3V	0.2583	benign
P05019	K3W	0.603	pathogenic
P05019	K3Y	0.4113	ambiguous
P05019	I4A	0.158	benign
P05019	I4C	0.2955	benign
P05019	I4D	0.2053	benign
P05019	I4E	0.2001	benign
P05019	I4F	0.0644	benign
P05019	I4G	0.2234	benign
P05019	I4H	0.1622	benign
P05019	I4K	0.1494	benign
P05019	I4L	0.0956	benign
P05019	I4M	0.0889	benign
P05019	I4N	0.0717	benign
P05019	I4P	0.2234	benign
P05019	I4Q	0.1787	benign
P05019	I4R	0.1095	benign
P05019	I4S	0.1073	benign
P05019	I4T	0.1105	benign
P05019	I4V	0.0863	benign
P05019	I4W	0.3335	benign
P05019	I4Y	0.1447	benign
P05019	S5A	0.0965	benign
P05019	S5C	0.0827	benign
P05019	S5D	0.1902	benign
P05019	S5E	0.3116	benign
P05019	S5F	0.1686	benign
P05019	S5G	0.0753	benign
P05019	S5H	0.1831	benign
P05019	S5I	0.1311	benign
P05019	S5K	0.3742	ambiguous
P05019	S5L	0.1498	benign
P05019	S5M	0.2521	benign
P05019	S5N	0.1051	benign
P05019	S5P	0.1181	benign
P05019	S5Q	0.3001	benign
P05019	S5R	0.2826	benign
P05019	S5T	0.0745	benign
P05019	S5V	0.1567	benign
P05019	S5W	0.2295	benign
P05019	S5Y	0.1375	benign
P05019	S6A	0.0926	benign
P05019	S6C	0.0799	benign
P05019	S6D	0.2163	benign
P05019	S6E	0.3396	benign
P05019	S6F	0.136	benign
P05019	S6G	0.0824	benign
P05019	S6H	0.1852	benign
P05019	S6I	0.1212	benign
P05019	S6K	0.424	ambiguous
P05019	S6L	0.1335	benign
P05019	S6M	0.2373	benign
P05019	S6N	0.1231	benign
P05019	S6P	0.1271	benign
P05019	S6Q	0.3223	benign
P05019	S6R	0.3158	benign
P05019	S6T	0.0857	benign
P05019	S6V	0.1313	benign
P05019	S6W	0.2163	benign
P05019	S6Y	0.1261	benign
P05019	L7A	0.1378	benign
P05019	L7C	0.2522	benign
P05019	L7D	0.3326	benign
P05019	L7E	0.1857	benign
P05019	L7F	0.0705	benign
P05019	L7G	0.2337	benign
P05019	L7H	0.1126	benign
P05019	L7I	0.0813	benign
P05019	L7K	0.1479	benign
P05019	L7M	0.1096	benign
P05019	L7N	0.2064	benign
P05019	L7P	0.1105	benign
P05019	L7Q	0.0993	benign
P05019	L7R	0.107	benign
P05019	L7S	0.1242	benign
P05019	L7T	0.1337	benign
P05019	L7V	0.0802	benign
P05019	L7W	0.129	benign
P05019	L7Y	0.1706	benign
P05019	P8A	0.1163	benign
P05019	P8C	0.3354	benign
P05019	P8D	0.2898	benign
P05019	P8E	0.2311	benign
P05019	P8F	0.4392	ambiguous
P05019	P8G	0.2038	benign
P05019	P8H	0.1365	benign
P05019	P8I	0.4147	ambiguous
P05019	P8K	0.2288	benign
P05019	P8L	0.2409	benign
P05019	P8M	0.4424	ambiguous
P05019	P8N	0.2494	benign
P05019	P8Q	0.1361	benign
P05019	P8R	0.1476	benign
P05019	P8S	0.1	benign
P05019	P8T	0.1047	benign
P05019	P8V	0.2959	benign
P05019	P8W	0.4361	ambiguous
P05019	P8Y	0.3186	benign
P05019	T9A	0.072	benign
P05019	T9C	0.2884	benign
P05019	T9D	0.2355	benign
P05019	T9E	0.2084	benign
P05019	T9F	0.1641	benign
P05019	T9G	0.1429	benign
P05019	T9H	0.1589	benign
P05019	T9I	0.1686	benign
P05019	T9K	0.1625	benign
P05019	T9L	0.1156	benign
P05019	T9M	0.1281	benign
P05019	T9N	0.1033	benign
P05019	T9P	0.0873	benign
P05019	T9Q	0.1635	benign
P05019	T9R	0.1278	benign
P05019	T9S	0.0883	benign
P05019	T9V	0.1378	benign
P05019	T9W	0.3679	ambiguous
P05019	T9Y	0.2018	benign
P05019	Q10A	0.1616	benign
P05019	Q10C	0.4381	ambiguous
P05019	Q10D	0.2233	benign
P05019	Q10E	0.085	benign
P05019	Q10F	0.4135	ambiguous
P05019	Q10G	0.1741	benign
P05019	Q10H	0.1412	benign
P05019	Q10I	0.2582	benign
P05019	Q10K	0.1047	benign
P05019	Q10L	0.1198	benign
P05019	Q10M	0.2935	benign
P05019	Q10N	0.2026	benign
P05019	Q10P	0.1038	benign
P05019	Q10R	0.0994	benign
P05019	Q10S	0.1624	benign
P05019	Q10T	0.1503	benign
P05019	Q10V	0.1718	benign
P05019	Q10W	0.3148	benign
P05019	Q10Y	0.2734	benign
P05019	L11A	0.1941	benign
P05019	L11C	0.2657	benign
P05019	L11D	0.4004	ambiguous
P05019	L11E	0.3014	benign
P05019	L11F	0.083	benign
P05019	L11G	0.2775	benign
P05019	L11H	0.1537	benign
P05019	L11I	0.0821	benign
P05019	L11K	0.2161	benign
P05019	L11M	0.1133	benign
P05019	L11N	0.2451	benign
P05019	L11P	0.1812	benign
P05019	L11Q	0.1487	benign
P05019	L11R	0.1405	benign
P05019	L11S	0.216	benign
P05019	L11T	0.1934	benign
P05019	L11V	0.0863	benign
P05019	L11W	0.1224	benign
P05019	L11Y	0.1666	benign
P05019	F12A	0.2551	benign
P05019	F12C	0.1696	benign
P05019	F12D	0.5081	ambiguous
P05019	F12E	0.4794	ambiguous
P05019	F12G	0.3121	benign
P05019	F12H	0.3697	ambiguous
P05019	F12I	0.1449	benign
P05019	F12K	0.4996	ambiguous
P05019	F12L	0.4442	ambiguous
P05019	F12M	0.3242	benign
P05019	F12N	0.3944	ambiguous
P05019	F12P	0.4742	ambiguous
P05019	F12Q	0.3714	ambiguous
P05019	F12R	0.3631	ambiguous
P05019	F12S	0.1778	benign
P05019	F12T	0.2674	benign
P05019	F12V	0.144	benign
P05019	F12W	0.2202	benign
P05019	F12Y	0.168	benign
P05019	K13A	0.298	benign
P05019	K13C	0.4782	ambiguous
P05019	K13D	0.4734	ambiguous
P05019	K13E	0.1872	benign
P05019	K13F	0.5687	pathogenic
P05019	K13G	0.3153	benign
P05019	K13H	0.2078	benign
P05019	K13I	0.3458	ambiguous
P05019	K13L	0.2836	benign
P05019	K13M	0.283	benign
P05019	K13N	0.3696	ambiguous
P05019	K13P	0.3231	benign
P05019	K13Q	0.1098	benign
P05019	K13R	0.0823	benign
P05019	K13S	0.2884	benign
P05019	K13T	0.1527	benign
P05019	K13V	0.3304	benign
P05019	K13W	0.553	ambiguous
P05019	K13Y	0.4509	ambiguous
P05019	C14A	0.3324	benign
P05019	C14D	0.3894	ambiguous
P05019	C14E	0.6105	pathogenic
P05019	C14F	0.103	benign
P05019	C14G	0.1118	benign
P05019	C14H	0.3509	ambiguous
P05019	C14I	0.3233	benign
P05019	C14K	0.6427	pathogenic
P05019	C14L	0.3313	benign
P05019	C14M	0.4926	ambiguous
P05019	C14N	0.3341	benign
P05019	C14P	0.5483	ambiguous
P05019	C14Q	0.5002	ambiguous
P05019	C14R	0.3615	ambiguous
P05019	C14S	0.2478	benign
P05019	C14T	0.398	ambiguous
P05019	C14V	0.3083	benign
P05019	C14W	0.2232	benign
P05019	C14Y	0.1369	benign
P05019	C15A	0.1718	benign
P05019	C15D	0.2792	benign
P05019	C15E	0.4722	ambiguous
P05019	C15F	0.0793	benign
P05019	C15G	0.0856	benign
P05019	C15H	0.1711	benign
P05019	C15I	0.1991	benign
P05019	C15K	0.4447	ambiguous
P05019	C15L	0.1999	benign
P05019	C15M	0.4042	ambiguous
P05019	C15N	0.2084	benign
P05019	C15P	0.2993	benign
P05019	C15Q	0.2785	benign
P05019	C15R	0.1716	benign
P05019	C15S	0.111	benign
P05019	C15T	0.2123	benign
P05019	C15V	0.1908	benign
P05019	C15W	0.191	benign
P05019	C15Y	0.0936	benign
P05019	F16A	0.2186	benign
P05019	F16C	0.1306	benign
P05019	F16D	0.5236	ambiguous
P05019	F16E	0.6569	pathogenic
P05019	F16G	0.3278	benign
P05019	F16H	0.418	ambiguous
P05019	F16I	0.0845	benign
P05019	F16K	0.6476	pathogenic
P05019	F16L	0.3756	ambiguous
P05019	F16M	0.2983	benign
P05019	F16N	0.4026	ambiguous
P05019	F16P	0.5498	ambiguous
P05019	F16Q	0.5289	ambiguous
P05019	F16R	0.4718	ambiguous
P05019	F16S	0.1553	benign
P05019	F16T	0.235	benign
P05019	F16V	0.0927	benign
P05019	F16W	0.2496	benign
P05019	F16Y	0.1485	benign
P05019	C17A	0.4358	ambiguous
P05019	C17D	0.608	pathogenic
P05019	C17E	0.7257	pathogenic
P05019	C17F	0.2	benign
P05019	C17G	0.1639	benign
P05019	C17H	0.4352	ambiguous
P05019	C17I	0.6137	pathogenic
P05019	C17K	0.7333	pathogenic
P05019	C17L	0.4562	ambiguous
P05019	C17M	0.6964	pathogenic
P05019	C17N	0.6135	pathogenic
P05019	C17P	0.6189	pathogenic
P05019	C17Q	0.5256	ambiguous
P05019	C17R	0.3446	ambiguous
P05019	C17S	0.3281	benign
P05019	C17T	0.5102	ambiguous
P05019	C17V	0.5378	ambiguous
P05019	C17W	0.2656	benign
P05019	C17Y	0.2895	benign
P05019	D18A	0.3026	benign
P05019	D18C	0.5632	ambiguous
P05019	D18E	0.3199	benign
P05019	D18F	0.6135	pathogenic
P05019	D18G	0.234	benign
P05019	D18H	0.267	benign
P05019	D18I	0.4832	ambiguous
P05019	D18K	0.5602	ambiguous
P05019	D18L	0.5092	ambiguous
P05019	D18M	0.7702	pathogenic
P05019	D18N	0.1653	benign
P05019	D18P	0.6128	pathogenic
P05019	D18Q	0.4479	ambiguous
P05019	D18R	0.4459	ambiguous
P05019	D18S	0.1979	benign
P05019	D18T	0.3861	ambiguous
P05019	D18V	0.339	benign
P05019	D18W	0.8209	pathogenic
P05019	D18Y	0.2136	benign
P05019	F19A	0.1713	benign
P05019	F19C	0.1128	benign
P05019	F19D	0.3046	benign
P05019	F19E	0.5201	ambiguous
P05019	F19G	0.2745	benign
P05019	F19H	0.3076	benign
P05019	F19I	0.0663	benign
P05019	F19K	0.5184	ambiguous
P05019	F19L	0.4234	ambiguous
P05019	F19M	0.2541	benign
P05019	F19N	0.2383	benign
P05019	F19P	0.6047	pathogenic
P05019	F19Q	0.4451	ambiguous
P05019	F19R	0.3699	ambiguous
P05019	F19S	0.1153	benign
P05019	F19T	0.1653	benign
P05019	F19V	0.0737	benign
P05019	F19W	0.3093	benign
P05019	F19Y	0.1131	benign
P05019	L20A	0.2428	benign
P05019	L20C	0.2916	benign
P05019	L20D	0.7184	pathogenic
P05019	L20E	0.3781	ambiguous
P05019	L20F	0.0846	benign
P05019	L20G	0.3615	ambiguous
P05019	L20H	0.2068	benign
P05019	L20I	0.113	benign
P05019	L20K	0.2936	benign
P05019	L20M	0.1159	benign
P05019	L20N	0.5051	ambiguous
P05019	L20P	0.2818	benign
P05019	L20Q	0.1323	benign
P05019	L20R	0.1773	benign
P05019	L20S	0.2346	benign
P05019	L20T	0.246	benign
P05019	L20V	0.1064	benign
P05019	L20W	0.085	benign
P05019	L20Y	0.2847	benign
P05019	K21A	0.3561	ambiguous
P05019	K21C	0.7103	pathogenic
P05019	K21D	0.5847	pathogenic
P05019	K21E	0.1988	benign
P05019	K21F	0.7449	pathogenic
P05019	K21G	0.4047	ambiguous
P05019	K21H	0.3502	ambiguous
P05019	K21I	0.4791	ambiguous
P05019	K21L	0.3735	ambiguous
P05019	K21M	0.3088	benign
P05019	K21N	0.528	ambiguous
P05019	K21P	0.5332	ambiguous
P05019	K21Q	0.153	benign
P05019	K21R	0.0963	benign
P05019	K21S	0.4943	ambiguous
P05019	K21T	0.2301	benign
P05019	K21V	0.3847	ambiguous
P05019	K21W	0.6845	pathogenic
P05019	K21Y	0.6386	pathogenic
P05019	V22A	0.1668	benign
P05019	V22C	0.4869	ambiguous
P05019	V22D	0.1934	benign
P05019	V22E	0.1758	benign
P05019	V22F	0.0962	benign
P05019	V22G	0.0999	benign
P05019	V22H	0.362	ambiguous
P05019	V22I	0.0896	benign
P05019	V22K	0.2164	benign
P05019	V22L	0.141	benign
P05019	V22M	0.1075	benign
P05019	V22N	0.1972	benign
P05019	V22P	0.3939	ambiguous
P05019	V22Q	0.2095	benign
P05019	V22R	0.1974	benign
P05019	V22S	0.1884	benign
P05019	V22T	0.2149	benign
P05019	V22W	0.3863	ambiguous
P05019	V22Y	0.2741	benign
P05019	K23A	0.331	benign
P05019	K23C	0.5498	ambiguous
P05019	K23D	0.4775	ambiguous
P05019	K23E	0.1611	benign
P05019	K23F	0.6579	pathogenic
P05019	K23G	0.3415	ambiguous
P05019	K23H	0.2704	benign
P05019	K23I	0.3821	ambiguous
P05019	K23L	0.3785	ambiguous
P05019	K23M	0.2698	benign
P05019	K23N	0.3386	benign
P05019	K23P	0.4083	ambiguous
P05019	K23Q	0.1184	benign
P05019	K23R	0.0772	benign
P05019	K23S	0.332	benign
P05019	K23T	0.1716	benign
P05019	K23V	0.3548	ambiguous
P05019	K23W	0.5492	ambiguous
P05019	K23Y	0.514	ambiguous
P05019	M24A	0.2991	benign
P05019	M24C	0.552	ambiguous
P05019	M24D	0.6555	pathogenic
P05019	M24E	0.4071	ambiguous
P05019	M24F	0.186	benign
P05019	M24G	0.3709	ambiguous
P05019	M24H	0.3648	ambiguous
P05019	M24I	0.18	benign
P05019	M24K	0.1565	benign
P05019	M24L	0.1044	benign
P05019	M24N	0.3444	ambiguous
P05019	M24P	0.4496	ambiguous
P05019	M24Q	0.2197	benign
P05019	M24R	0.1597	benign
P05019	M24S	0.3066	benign
P05019	M24T	0.2034	benign
P05019	M24V	0.0809	benign
P05019	M24W	0.314	benign
P05019	M24Y	0.3477	ambiguous
P05019	H25A	0.134	benign
P05019	H25C	0.0967	benign
P05019	H25D	0.1343	benign
P05019	H25E	0.1627	benign
P05019	H25F	0.1761	benign
P05019	H25G	0.1298	benign
P05019	H25I	0.1572	benign
P05019	H25K	0.1161	benign
P05019	H25L	0.0855	benign
P05019	H25M	0.2695	benign
P05019	H25N	0.0883	benign
P05019	H25P	0.0827	benign
P05019	H25Q	0.0962	benign
P05019	H25R	0.0631	benign
P05019	H25S	0.1286	benign
P05019	H25T	0.1345	benign
P05019	H25V	0.13	benign
P05019	H25W	0.1873	benign
P05019	H25Y	0.0787	benign
P05019	T26A	0.0681	benign
P05019	T26C	0.1603	benign
P05019	T26D	0.205	benign
P05019	T26E	0.1904	benign
P05019	T26F	0.0832	benign
P05019	T26G	0.1186	benign
P05019	T26H	0.1166	benign
P05019	T26I	0.0581	benign
P05019	T26K	0.103	benign
P05019	T26L	0.0605	benign
P05019	T26M	0.072	benign
P05019	T26N	0.0902	benign
P05019	T26P	0.0842	benign
P05019	T26Q	0.1418	benign
P05019	T26R	0.0819	benign
P05019	T26S	0.0816	benign
P05019	T26V	0.0677	benign
P05019	T26W	0.1993	benign
P05019	T26Y	0.1119	benign
P05019	M27A	0.1058	benign
P05019	M27C	0.3753	ambiguous
P05019	M27D	0.427	ambiguous
P05019	M27E	0.273	benign
P05019	M27F	0.1304	benign
P05019	M27G	0.1927	benign
P05019	M27H	0.2344	benign
P05019	M27I	0.1182	benign
P05019	M27K	0.1009	benign
P05019	M27L	0.0904	benign
P05019	M27N	0.2281	benign
P05019	M27P	0.2113	benign
P05019	M27Q	0.1558	benign
P05019	M27R	0.0937	benign
P05019	M27S	0.1344	benign
P05019	M27T	0.0685	benign
P05019	M27V	0.0516	benign
P05019	M27W	0.2576	benign
P05019	M27Y	0.2699	benign
P05019	S28A	0.0798	benign
P05019	S28C	0.1061	benign
P05019	S28D	0.4309	ambiguous
P05019	S28E	0.5	ambiguous
P05019	S28F	0.1544	benign
P05019	S28G	0.1068	benign
P05019	S28H	0.2704	benign
P05019	S28I	0.1647	benign
P05019	S28K	0.5226	ambiguous
P05019	S28L	0.1161	benign
P05019	S28M	0.2113	benign
P05019	S28N	0.2139	benign
P05019	S28P	0.0859	benign
P05019	S28Q	0.3999	ambiguous
P05019	S28R	0.4652	ambiguous
P05019	S28T	0.0702	benign
P05019	S28V	0.1497	benign
P05019	S28W	0.1941	benign
P05019	S28Y	0.156	benign
P05019	S29A	0.0666	benign
P05019	S29C	0.0743	benign
P05019	S29D	0.3568	ambiguous
P05019	S29E	0.4237	ambiguous
P05019	S29F	0.0903	benign
P05019	S29G	0.0869	benign
P05019	S29H	0.2084	benign
P05019	S29I	0.102	benign
P05019	S29K	0.3921	ambiguous
P05019	S29L	0.0838	benign
P05019	S29M	0.1642	benign
P05019	S29N	0.1812	benign
P05019	S29P	0.0936	benign
P05019	S29Q	0.3294	benign
P05019	S29R	0.3193	benign
P05019	S29T	0.0708	benign
P05019	S29V	0.0953	benign
P05019	S29W	0.1363	benign
P05019	S29Y	0.0873	benign
P05019	S30A	0.0713	benign
P05019	S30C	0.0765	benign
P05019	S30D	0.4266	ambiguous
P05019	S30E	0.4802	ambiguous
P05019	S30F	0.1116	benign
P05019	S30G	0.0758	benign
P05019	S30H	0.2509	benign
P05019	S30I	0.0977	benign
P05019	S30K	0.4579	ambiguous
P05019	S30L	0.0816	benign
P05019	S30M	0.1548	benign
P05019	S30N	0.1832	benign
P05019	S30P	0.1003	benign
P05019	S30Q	0.3703	ambiguous
P05019	S30R	0.3794	ambiguous
P05019	S30T	0.0693	benign
P05019	S30V	0.0989	benign
P05019	S30W	0.152	benign
P05019	S30Y	0.1315	benign
P05019	H31A	0.2663	benign
P05019	H31C	0.174	benign
P05019	H31D	0.2897	benign
P05019	H31E	0.4062	ambiguous
P05019	H31F	0.2571	benign
P05019	H31G	0.2598	benign
P05019	H31I	0.2485	benign
P05019	H31K	0.3714	ambiguous
P05019	H31L	0.1308	benign
P05019	H31M	0.4546	ambiguous
P05019	H31N	0.1286	benign
P05019	H31P	0.1218	benign
P05019	H31Q	0.2146	benign
P05019	H31R	0.1528	benign
P05019	H31S	0.1701	benign
P05019	H31T	0.2336	benign
P05019	H31V	0.2256	benign
P05019	H31W	0.3043	benign
P05019	H31Y	0.0968	benign
P05019	L32A	0.1891	benign
P05019	L32C	0.2431	benign
P05019	L32D	0.6672	pathogenic
P05019	L32E	0.5222	ambiguous
P05019	L32F	0.0802	benign
P05019	L32G	0.3094	benign
P05019	L32H	0.2237	benign
P05019	L32I	0.0699	benign
P05019	L32K	0.378	ambiguous
P05019	L32M	0.1172	benign
P05019	L32N	0.3995	ambiguous
P05019	L32P	0.2971	benign
P05019	L32Q	0.2434	benign
P05019	L32R	0.2376	benign
P05019	L32S	0.2229	benign
P05019	L32T	0.1787	benign
P05019	L32V	0.0715	benign
P05019	L32W	0.1377	benign
P05019	L32Y	0.2052	benign
P05019	F33A	0.2463	benign
P05019	F33C	0.1215	benign
P05019	F33D	0.8342	pathogenic
P05019	F33E	0.8566	pathogenic
P05019	F33G	0.3518	ambiguous
P05019	F33H	0.6047	pathogenic
P05019	F33I	0.0949	benign
P05019	F33K	0.8326	pathogenic
P05019	F33L	0.3047	benign
P05019	F33M	0.3032	benign
P05019	F33N	0.6176	pathogenic
P05019	F33P	0.621	pathogenic
P05019	F33Q	0.6969	pathogenic
P05019	F33R	0.7018	pathogenic
P05019	F33S	0.2323	benign
P05019	F33T	0.2749	benign
P05019	F33V	0.0986	benign
P05019	F33W	0.2955	benign
P05019	F33Y	0.2091	benign
P05019	Y34A	0.2452	benign
P05019	Y34C	0.071	benign
P05019	Y34D	0.4647	ambiguous
P05019	Y34E	0.7629	pathogenic
P05019	Y34F	0.0823	benign
P05019	Y34G	0.2008	benign
P05019	Y34H	0.2044	benign
P05019	Y34I	0.2003	benign
P05019	Y34K	0.7342	pathogenic
P05019	Y34L	0.1518	benign
P05019	Y34M	0.415	ambiguous
P05019	Y34N	0.2303	benign
P05019	Y34P	0.3946	ambiguous
P05019	Y34Q	0.5006	ambiguous
P05019	Y34R	0.523	ambiguous
P05019	Y34S	0.0979	benign
P05019	Y34T	0.2192	benign
P05019	Y34V	0.1662	benign
P05019	Y34W	0.2953	benign
P05019	L35A	0.1411	benign
P05019	L35C	0.3164	benign
P05019	L35D	0.8336	pathogenic
P05019	L35E	0.6597	pathogenic
P05019	L35F	0.0836	benign
P05019	L35G	0.3021	benign
P05019	L35H	0.3963	ambiguous
P05019	L35I	0.0873	benign
P05019	L35K	0.61	pathogenic
P05019	L35M	0.1046	benign
P05019	L35N	0.5956	pathogenic
P05019	L35P	0.339	benign
P05019	L35Q	0.375	ambiguous
P05019	L35R	0.4675	ambiguous
P05019	L35S	0.2208	benign
P05019	L35T	0.1495	benign
P05019	L35V	0.0764	benign
P05019	L35W	0.1797	benign
P05019	L35Y	0.336	benign
P05019	A36C	0.2594	benign
P05019	A36D	0.6819	pathogenic
P05019	A36E	0.7075	pathogenic
P05019	A36F	0.1432	benign
P05019	A36G	0.0964	benign
P05019	A36H	0.6487	pathogenic
P05019	A36I	0.1264	benign
P05019	A36K	0.8132	pathogenic
P05019	A36L	0.0939	benign
P05019	A36M	0.1543	benign
P05019	A36N	0.4573	ambiguous
P05019	A36P	0.3342	benign
P05019	A36Q	0.6316	pathogenic
P05019	A36R	0.7562	pathogenic
P05019	A36S	0.1039	benign
P05019	A36T	0.0834	benign
P05019	A36V	0.0771	benign
P05019	A36W	0.5425	ambiguous
P05019	A36Y	0.4163	ambiguous
P05019	L37A	0.198	benign
P05019	L37C	0.3301	benign
P05019	L37D	0.9228	pathogenic
P05019	L37E	0.8294	pathogenic
P05019	L37F	0.0873	benign
P05019	L37G	0.4298	ambiguous
P05019	L37H	0.5896	pathogenic
P05019	L37I	0.0736	benign
P05019	L37K	0.8025	pathogenic
P05019	L37M	0.1179	benign
P05019	L37N	0.6948	pathogenic
P05019	L37P	0.5809	pathogenic
P05019	L37Q	0.5406	ambiguous
P05019	L37R	0.6828	pathogenic
P05019	L37S	0.3152	benign
P05019	L37T	0.2682	benign
P05019	L37V	0.0693	benign
P05019	L37W	0.264	benign
P05019	L37Y	0.4431	ambiguous
P05019	C38A	0.3855	ambiguous
P05019	C38D	0.9524	pathogenic
P05019	C38E	0.979	pathogenic
P05019	C38F	0.1097	benign
P05019	C38G	0.2124	benign
P05019	C38H	0.8216	pathogenic
P05019	C38I	0.3623	ambiguous
P05019	C38K	0.9838	pathogenic
P05019	C38L	0.2579	benign
P05019	C38M	0.5581	ambiguous
P05019	C38N	0.8418	pathogenic
P05019	C38P	0.8135	pathogenic
P05019	C38Q	0.9169	pathogenic
P05019	C38R	0.9122	pathogenic
P05019	C38S	0.3453	ambiguous
P05019	C38T	0.5074	ambiguous
P05019	C38V	0.3342	benign
P05019	C38W	0.5148	ambiguous
P05019	C38Y	0.4152	ambiguous
P05019	L39A	0.2294	benign
P05019	L39C	0.2806	benign
P05019	L39D	0.8984	pathogenic
P05019	L39E	0.8144	pathogenic
P05019	L39F	0.0679	benign
P05019	L39G	0.3937	ambiguous
P05019	L39H	0.477	ambiguous
P05019	L39I	0.0854	benign
P05019	L39K	0.7871	pathogenic
P05019	L39M	0.1249	benign
P05019	L39N	0.6533	pathogenic
P05019	L39P	0.5872	pathogenic
P05019	L39Q	0.4981	ambiguous
P05019	L39R	0.6488	pathogenic
P05019	L39S	0.2871	benign
P05019	L39T	0.2678	benign
P05019	L39V	0.0857	benign
P05019	L39W	0.2284	benign
P05019	L39Y	0.3524	ambiguous
P05019	L40A	0.2198	benign
P05019	L40C	0.3518	ambiguous
P05019	L40D	0.8431	pathogenic
P05019	L40E	0.6614	pathogenic
P05019	L40F	0.0819	benign
P05019	L40G	0.395	ambiguous
P05019	L40H	0.3908	ambiguous
P05019	L40I	0.0982	benign
P05019	L40K	0.616	pathogenic
P05019	L40M	0.1213	benign
P05019	L40N	0.5755	pathogenic
P05019	L40P	0.4796	ambiguous
P05019	L40Q	0.3215	benign
P05019	L40R	0.5012	ambiguous
P05019	L40S	0.2875	benign
P05019	L40T	0.2619	benign
P05019	L40V	0.095	benign
P05019	L40W	0.194	benign
P05019	L40Y	0.3584	ambiguous
P05019	T41A	0.0661	benign
P05019	T41C	0.2331	benign
P05019	T41D	0.5352	ambiguous
P05019	T41E	0.5592	ambiguous
P05019	T41F	0.1423	benign
P05019	T41G	0.1494	benign
P05019	T41H	0.2838	benign
P05019	T41I	0.1023	benign
P05019	T41K	0.4263	ambiguous
P05019	T41L	0.0794	benign
P05019	T41M	0.093	benign
P05019	T41N	0.1704	benign
P05019	T41P	0.1352	benign
P05019	T41Q	0.3669	ambiguous
P05019	T41R	0.3663	ambiguous
P05019	T41S	0.0987	benign
P05019	T41V	0.0982	benign
P05019	T41W	0.4043	ambiguous
P05019	T41Y	0.2385	benign
P05019	F42A	0.1883	benign
P05019	F42C	0.1211	benign
P05019	F42D	0.7208	pathogenic
P05019	F42E	0.7499	pathogenic
P05019	F42G	0.3104	benign
P05019	F42H	0.5564	ambiguous
P05019	F42I	0.0794	benign
P05019	F42K	0.7875	pathogenic
P05019	F42L	0.275	benign
P05019	F42M	0.2056	benign
P05019	F42N	0.5248	ambiguous
P05019	F42P	0.6993	pathogenic
P05019	F42Q	0.6407	pathogenic
P05019	F42R	0.6873	pathogenic
P05019	F42S	0.1932	benign
P05019	F42T	0.2458	benign
P05019	F42V	0.0726	benign
P05019	F42W	0.2589	benign
P05019	F42Y	0.1642	benign
P05019	T43A	0.081	benign
P05019	T43C	0.2349	benign
P05019	T43D	0.4988	ambiguous
P05019	T43E	0.4748	ambiguous
P05019	T43F	0.1805	benign
P05019	T43G	0.1733	benign
P05019	T43H	0.2283	benign
P05019	T43I	0.1735	benign
P05019	T43K	0.3446	ambiguous
P05019	T43L	0.1204	benign
P05019	T43M	0.1203	benign
P05019	T43N	0.1968	benign
P05019	T43P	0.0918	benign
P05019	T43Q	0.2683	benign
P05019	T43R	0.2527	benign
P05019	T43S	0.0977	benign
P05019	T43V	0.1483	benign
P05019	T43W	0.3898	ambiguous
P05019	T43Y	0.2607	benign
P05019	S44A	0.0811	benign
P05019	S44C	0.0834	benign
P05019	S44D	0.2752	benign
P05019	S44E	0.4062	ambiguous
P05019	S44F	0.1561	benign
P05019	S44G	0.0683	benign
P05019	S44H	0.2086	benign
P05019	S44I	0.1231	benign
P05019	S44K	0.4784	ambiguous
P05019	S44L	0.1239	benign
P05019	S44M	0.1997	benign
P05019	S44N	0.1186	benign
P05019	S44P	0.1111	benign
P05019	S44Q	0.3327	benign
P05019	S44R	0.3982	ambiguous
P05019	S44T	0.0707	benign
P05019	S44V	0.1221	benign
P05019	S44W	0.2203	benign
P05019	S44Y	0.1498	benign
P05019	S45A	0.0622	benign
P05019	S45C	0.0856	benign
P05019	S45D	0.3694	ambiguous
P05019	S45E	0.4016	ambiguous
P05019	S45F	0.133	benign
P05019	S45G	0.0925	benign
P05019	S45H	0.2579	benign
P05019	S45I	0.1544	benign
P05019	S45K	0.5411	ambiguous
P05019	S45L	0.0975	benign
P05019	S45M	0.1766	benign
P05019	S45N	0.2042	benign
P05019	S45P	0.0857	benign
P05019	S45Q	0.3628	ambiguous
P05019	S45R	0.4659	ambiguous
P05019	S45T	0.0681	benign
P05019	S45V	0.1214	benign
P05019	S45W	0.1983	benign
P05019	S45Y	0.1514	benign
P05019	A46C	0.2989	benign
P05019	A46D	0.2268	benign
P05019	A46E	0.2211	benign
P05019	A46F	0.1986	benign
P05019	A46G	0.1055	benign
P05019	A46H	0.3256	benign
P05019	A46I	0.1578	benign
P05019	A46K	0.3256	benign
P05019	A46L	0.1281	benign
P05019	A46M	0.1614	benign
P05019	A46N	0.1939	benign
P05019	A46P	0.1334	benign
P05019	A46Q	0.2532	benign
P05019	A46R	0.2671	benign
P05019	A46S	0.0827	benign
P05019	A46T	0.0714	benign
P05019	A46V	0.0906	benign
P05019	A46W	0.432	ambiguous
P05019	A46Y	0.3057	benign
P05019	T47A	0.0604	benign
P05019	T47C	0.3156	benign
P05019	T47D	0.2184	benign
P05019	T47E	0.1766	benign
P05019	T47F	0.1665	benign
P05019	T47G	0.124	benign
P05019	T47H	0.1883	benign
P05019	T47I	0.1294	benign
P05019	T47K	0.1477	benign
P05019	T47L	0.1003	benign
P05019	T47M	0.0887	benign
P05019	T47N	0.1206	benign
P05019	T47P	0.0987	benign
P05019	T47Q	0.155	benign
P05019	T47R	0.1232	benign
P05019	T47S	0.0857	benign
P05019	T47V	0.1	benign
P05019	T47W	0.3592	ambiguous
P05019	T47Y	0.2158	benign
P05019	A48C	0.6612	pathogenic
P05019	A48D	0.4613	ambiguous
P05019	A48E	0.4843	ambiguous
P05019	A48F	0.5799	pathogenic
P05019	A48G	0.1238	benign
P05019	A48H	0.7006	pathogenic
P05019	A48I	0.5566	ambiguous
P05019	A48K	0.6741	pathogenic
P05019	A48L	0.4033	ambiguous
P05019	A48M	0.526	ambiguous
P05019	A48N	0.5135	ambiguous
P05019	A48P	0.2644	benign
P05019	A48Q	0.5711	pathogenic
P05019	A48R	0.527	ambiguous
P05019	A48S	0.1274	benign
P05019	A48T	0.2171	benign
P05019	A48V	0.3175	benign
P05019	A48W	0.8122	pathogenic
P05019	A48Y	0.733	pathogenic
P05019	G49A	0.0838	benign
P05019	G49C	0.2417	benign
P05019	G49D	0.2513	benign
P05019	G49E	0.1929	benign
P05019	G49F	0.3637	ambiguous
P05019	G49H	0.3364	benign
P05019	G49I	0.1813	benign
P05019	G49K	0.3563	ambiguous
P05019	G49L	0.2491	benign
P05019	G49M	0.3052	benign
P05019	G49N	0.2787	benign
P05019	G49P	0.4587	ambiguous
P05019	G49Q	0.246	benign
P05019	G49R	0.2407	benign
P05019	G49S	0.0904	benign
P05019	G49T	0.1211	benign
P05019	G49V	0.1183	benign
P05019	G49W	0.3108	benign
P05019	G49Y	0.3408	ambiguous
P05019	P50A	0.0918	benign
P05019	P50C	0.5628	ambiguous
P05019	P50D	0.4188	ambiguous
P05019	P50E	0.2558	benign
P05019	P50F	0.5267	ambiguous
P05019	P50G	0.2636	benign
P05019	P50H	0.2127	benign
P05019	P50I	0.414	ambiguous
P05019	P50K	0.298	benign
P05019	P50L	0.1738	benign
P05019	P50M	0.3537	ambiguous
P05019	P50N	0.3001	benign
P05019	P50Q	0.1478	benign
P05019	P50R	0.1961	benign
P05019	P50S	0.1121	benign
P05019	P50T	0.1052	benign
P05019	P50V	0.2743	benign
P05019	P50W	0.5789	pathogenic
P05019	P50Y	0.4844	ambiguous
P05019	E51A	0.754	pathogenic
P05019	E51C	0.9912	pathogenic
P05019	E51D	0.8626	pathogenic
P05019	E51F	0.9884	pathogenic
P05019	E51G	0.7874	pathogenic
P05019	E51H	0.9508	pathogenic
P05019	E51I	0.9515	pathogenic
P05019	E51K	0.7542	pathogenic
P05019	E51L	0.9459	pathogenic
P05019	E51M	0.9521	pathogenic
P05019	E51N	0.9519	pathogenic
P05019	E51P	0.9605	pathogenic
P05019	E51Q	0.4964	ambiguous
P05019	E51R	0.768	pathogenic
P05019	E51S	0.8502	pathogenic
P05019	E51T	0.9001	pathogenic
P05019	E51V	0.8386	pathogenic
P05019	E51W	0.9956	pathogenic
P05019	E51Y	0.9761	pathogenic
P05019	T52A	0.7836	pathogenic
P05019	T52C	0.9821	pathogenic
P05019	T52D	0.9094	pathogenic
P05019	T52E	0.884	pathogenic
P05019	T52F	0.874	pathogenic
P05019	T52G	0.8614	pathogenic
P05019	T52H	0.8027	pathogenic
P05019	T52I	0.875	pathogenic
P05019	T52K	0.7154	pathogenic
P05019	T52L	0.6323	pathogenic
P05019	T52M	0.4516	ambiguous
P05019	T52N	0.6906	pathogenic
P05019	T52P	0.777	pathogenic
P05019	T52Q	0.8116	pathogenic
P05019	T52R	0.7292	pathogenic
P05019	T52S	0.757	pathogenic
P05019	T52V	0.7814	pathogenic
P05019	T52W	0.9546	pathogenic
P05019	T52Y	0.825	pathogenic
P05019	L53A	0.9471	pathogenic
P05019	L53C	0.985	pathogenic
P05019	L53D	0.9972	pathogenic
P05019	L53E	0.9876	pathogenic
P05019	L53F	0.7893	pathogenic
P05019	L53G	0.9859	pathogenic
P05019	L53H	0.9644	pathogenic
P05019	L53I	0.6488	pathogenic
P05019	L53K	0.9573	pathogenic
P05019	L53M	0.7269	pathogenic
P05019	L53N	0.9892	pathogenic
P05019	L53P	0.9839	pathogenic
P05019	L53Q	0.9535	pathogenic
P05019	L53R	0.8357	pathogenic
P05019	L53S	0.9855	pathogenic
P05019	L53T	0.97	pathogenic
P05019	L53V	0.6555	pathogenic
P05019	L53W	0.9205	pathogenic
P05019	L53Y	0.9307	pathogenic
P05019	C54A	0.9955	pathogenic
P05019	C54D	0.9988	pathogenic
P05019	C54E	0.9996	pathogenic
P05019	C54F	0.9915	pathogenic
P05019	C54G	0.978	pathogenic
P05019	C54H	0.998	pathogenic
P05019	C54I	0.9982	pathogenic
P05019	C54K	0.9996	pathogenic
P05019	C54L	0.9923	pathogenic
P05019	C54M	0.9984	pathogenic
P05019	C54N	0.999	pathogenic
P05019	C54P	0.9978	pathogenic
P05019	C54Q	0.9992	pathogenic
P05019	C54R	0.9922	pathogenic
P05019	C54S	0.9968	pathogenic
P05019	C54T	0.9982	pathogenic
P05019	C54V	0.996	pathogenic
P05019	C54W	0.9907	pathogenic
P05019	C54Y	0.9955	pathogenic
P05019	G55A	0.9711	pathogenic
P05019	G55C	0.995	pathogenic
P05019	G55D	0.9924	pathogenic
P05019	G55E	0.9963	pathogenic
P05019	G55F	0.9956	pathogenic
P05019	G55H	0.9971	pathogenic
P05019	G55I	0.9974	pathogenic
P05019	G55K	0.9963	pathogenic
P05019	G55L	0.9957	pathogenic
P05019	G55M	0.9983	pathogenic
P05019	G55N	0.9973	pathogenic
P05019	G55P	0.9979	pathogenic
P05019	G55Q	0.9955	pathogenic
P05019	G55R	0.9834	pathogenic
P05019	G55S	0.9494	pathogenic
P05019	G55T	0.9913	pathogenic
P05019	G55V	0.9932	pathogenic
P05019	G55W	0.9884	pathogenic
P05019	G55Y	0.9947	pathogenic
P05019	A56C	0.9565	pathogenic
P05019	A56D	0.939	pathogenic
P05019	A56E	0.9166	pathogenic
P05019	A56F	0.9145	pathogenic
P05019	A56G	0.3382	benign
P05019	A56H	0.9339	pathogenic
P05019	A56I	0.9544	pathogenic
P05019	A56K	0.9538	pathogenic
P05019	A56L	0.8175	pathogenic
P05019	A56M	0.8628	pathogenic
P05019	A56N	0.8819	pathogenic
P05019	A56P	0.8848	pathogenic
P05019	A56Q	0.8407	pathogenic
P05019	A56R	0.8484	pathogenic
P05019	A56S	0.2131	benign
P05019	A56T	0.6497	pathogenic
P05019	A56V	0.845	pathogenic
P05019	A56W	0.9622	pathogenic
P05019	A56Y	0.9394	pathogenic
P05019	E57A	0.87	pathogenic
P05019	E57C	0.996	pathogenic
P05019	E57D	0.8463	pathogenic
P05019	E57F	0.9956	pathogenic
P05019	E57G	0.9148	pathogenic
P05019	E57H	0.9713	pathogenic
P05019	E57I	0.9878	pathogenic
P05019	E57K	0.9012	pathogenic
P05019	E57L	0.9846	pathogenic
P05019	E57M	0.9849	pathogenic
P05019	E57N	0.966	pathogenic
P05019	E57P	0.9886	pathogenic
P05019	E57Q	0.7114	pathogenic
P05019	E57R	0.9069	pathogenic
P05019	E57S	0.9108	pathogenic
P05019	E57T	0.9676	pathogenic
P05019	E57V	0.9547	pathogenic
P05019	E57W	0.9979	pathogenic
P05019	E57Y	0.9888	pathogenic
P05019	L58A	0.9825	pathogenic
P05019	L58C	0.9989	pathogenic
P05019	L58D	0.9991	pathogenic
P05019	L58E	0.9946	pathogenic
P05019	L58F	0.9863	pathogenic
P05019	L58G	0.9923	pathogenic
P05019	L58H	0.998	pathogenic
P05019	L58I	0.9072	pathogenic
P05019	L58K	0.9882	pathogenic
P05019	L58M	0.8974	pathogenic
P05019	L58N	0.9965	pathogenic
P05019	L58P	0.9984	pathogenic
P05019	L58Q	0.9967	pathogenic
P05019	L58R	0.983	pathogenic
P05019	L58S	0.9987	pathogenic
P05019	L58T	0.9853	pathogenic
P05019	L58V	0.9246	pathogenic
P05019	L58W	0.9956	pathogenic
P05019	L58Y	0.9954	pathogenic
P05019	V59A	0.925	pathogenic
P05019	V59C	0.9939	pathogenic
P05019	V59D	0.9882	pathogenic
P05019	V59E	0.9723	pathogenic
P05019	V59F	0.9633	pathogenic
P05019	V59G	0.8835	pathogenic
P05019	V59H	0.9927	pathogenic
P05019	V59I	0.6386	pathogenic
P05019	V59K	0.9735	pathogenic
P05019	V59L	0.9537	pathogenic
P05019	V59M	0.9729	pathogenic
P05019	V59N	0.9776	pathogenic
P05019	V59P	0.977	pathogenic
P05019	V59Q	0.966	pathogenic
P05019	V59R	0.9029	pathogenic
P05019	V59S	0.9076	pathogenic
P05019	V59T	0.8741	pathogenic
P05019	V59W	0.9947	pathogenic
P05019	V59Y	0.9869	pathogenic
P05019	D60A	0.9668	pathogenic
P05019	D60C	0.9979	pathogenic
P05019	D60E	0.966	pathogenic
P05019	D60F	0.9926	pathogenic
P05019	D60G	0.9722	pathogenic
P05019	D60H	0.972	pathogenic
P05019	D60I	0.9965	pathogenic
P05019	D60K	0.9925	pathogenic
P05019	D60L	0.9858	pathogenic
P05019	D60M	0.9973	pathogenic
P05019	D60N	0.9364	pathogenic
P05019	D60P	0.9972	pathogenic
P05019	D60Q	0.9912	pathogenic
P05019	D60R	0.9865	pathogenic
P05019	D60S	0.943	pathogenic
P05019	D60T	0.9908	pathogenic
P05019	D60V	0.9814	pathogenic
P05019	D60W	0.9958	pathogenic
P05019	D60Y	0.9373	pathogenic
P05019	A61C	0.8171	pathogenic
P05019	A61D	0.9101	pathogenic
P05019	A61E	0.9365	pathogenic
P05019	A61F	0.9192	pathogenic
P05019	A61G	0.6404	pathogenic
P05019	A61H	0.9199	pathogenic
P05019	A61I	0.8762	pathogenic
P05019	A61K	0.9727	pathogenic
P05019	A61L	0.7205	pathogenic
P05019	A61M	0.6971	pathogenic
P05019	A61N	0.8769	pathogenic
P05019	A61P	0.9906	pathogenic
P05019	A61Q	0.9026	pathogenic
P05019	A61R	0.9082	pathogenic
P05019	A61S	0.2433	benign
P05019	A61T	0.1367	benign
P05019	A61V	0.5474	ambiguous
P05019	A61W	0.9798	pathogenic
P05019	A61Y	0.94	pathogenic
P05019	L62A	0.9913	pathogenic
P05019	L62C	0.9977	pathogenic
P05019	L62D	0.9998	pathogenic
P05019	L62E	0.998	pathogenic
P05019	L62F	0.9806	pathogenic
P05019	L62G	0.9978	pathogenic
P05019	L62H	0.9984	pathogenic
P05019	L62I	0.804	pathogenic
P05019	L62K	0.9941	pathogenic
P05019	L62M	0.8553	pathogenic
P05019	L62N	0.9988	pathogenic
P05019	L62P	0.9975	pathogenic
P05019	L62Q	0.9961	pathogenic
P05019	L62R	0.9891	pathogenic
P05019	L62S	0.9984	pathogenic
P05019	L62T	0.9949	pathogenic
P05019	L62V	0.9003	pathogenic
P05019	L62W	0.996	pathogenic
P05019	L62Y	0.9973	pathogenic
P05019	Q63A	0.7821	pathogenic
P05019	Q63C	0.994	pathogenic
P05019	Q63D	0.9812	pathogenic
P05019	Q63E	0.4625	ambiguous
P05019	Q63F	0.9812	pathogenic
P05019	Q63G	0.8893	pathogenic
P05019	Q63H	0.9394	pathogenic
P05019	Q63I	0.9241	pathogenic
P05019	Q63K	0.7926	pathogenic
P05019	Q63L	0.7227	pathogenic
P05019	Q63M	0.8154	pathogenic
P05019	Q63N	0.9027	pathogenic
P05019	Q63P	0.981	pathogenic
P05019	Q63R	0.7323	pathogenic
P05019	Q63S	0.7884	pathogenic
P05019	Q63T	0.8379	pathogenic
P05019	Q63V	0.8751	pathogenic
P05019	Q63W	0.9868	pathogenic
P05019	Q63Y	0.972	pathogenic
P05019	F64A	0.9837	pathogenic
P05019	F64C	0.9906	pathogenic
P05019	F64D	0.9904	pathogenic
P05019	F64E	0.9899	pathogenic
P05019	F64G	0.9927	pathogenic
P05019	F64H	0.9785	pathogenic
P05019	F64I	0.9491	pathogenic
P05019	F64K	0.9941	pathogenic
P05019	F64L	0.9957	pathogenic
P05019	F64M	0.9639	pathogenic
P05019	F64N	0.9888	pathogenic
P05019	F64P	0.9999	pathogenic
P05019	F64Q	0.9913	pathogenic
P05019	F64R	0.9838	pathogenic
P05019	F64S	0.9886	pathogenic
P05019	F64T	0.9881	pathogenic
P05019	F64V	0.938	pathogenic
P05019	F64W	0.9048	pathogenic
P05019	F64Y	0.6067	pathogenic
P05019	V65A	0.8721	pathogenic
P05019	V65C	0.9779	pathogenic
P05019	V65D	0.9917	pathogenic
P05019	V65E	0.9754	pathogenic
P05019	V65F	0.9097	pathogenic
P05019	V65G	0.9363	pathogenic
P05019	V65H	0.9869	pathogenic
P05019	V65I	0.2136	benign
P05019	V65K	0.9828	pathogenic
P05019	V65L	0.8702	pathogenic
P05019	V65M	0.9503	pathogenic
P05019	V65N	0.9839	pathogenic
P05019	V65P	0.9785	pathogenic
P05019	V65Q	0.9649	pathogenic
P05019	V65R	0.9231	pathogenic
P05019	V65S	0.9172	pathogenic
P05019	V65T	0.8817	pathogenic
P05019	V65W	0.9956	pathogenic
P05019	V65Y	0.9823	pathogenic
P05019	C66A	0.9962	pathogenic
P05019	C66D	0.9992	pathogenic
P05019	C66E	0.9998	pathogenic
P05019	C66F	0.9959	pathogenic
P05019	C66G	0.9821	pathogenic
P05019	C66H	0.9991	pathogenic
P05019	C66I	0.9987	pathogenic
P05019	C66K	0.9998	pathogenic
P05019	C66L	0.9955	pathogenic
P05019	C66M	0.9988	pathogenic
P05019	C66N	0.9994	pathogenic
P05019	C66P	0.9985	pathogenic
P05019	C66Q	0.9997	pathogenic
P05019	C66R	0.9969	pathogenic
P05019	C66S	0.9977	pathogenic
P05019	C66T	0.9985	pathogenic
P05019	C66V	0.997	pathogenic
P05019	C66W	0.9968	pathogenic
P05019	C66Y	0.998	pathogenic
P05019	G67A	0.425	ambiguous
P05019	G67C	0.8765	pathogenic
P05019	G67D	0.8278	pathogenic
P05019	G67E	0.6917	pathogenic
P05019	G67F	0.9766	pathogenic
P05019	G67H	0.8627	pathogenic
P05019	G67I	0.9667	pathogenic
P05019	G67K	0.7996	pathogenic
P05019	G67L	0.9262	pathogenic
P05019	G67M	0.9421	pathogenic
P05019	G67N	0.8151	pathogenic
P05019	G67P	0.9867	pathogenic
P05019	G67Q	0.644	pathogenic
P05019	G67R	0.6171	pathogenic
P05019	G67S	0.3065	benign
P05019	G67T	0.808	pathogenic
P05019	G67V	0.9227	pathogenic
P05019	G67W	0.9153	pathogenic
P05019	G67Y	0.9437	pathogenic
P05019	D68A	0.3101	benign
P05019	D68C	0.844	pathogenic
P05019	D68E	0.101	benign
P05019	D68F	0.8561	pathogenic
P05019	D68G	0.3028	benign
P05019	D68H	0.5048	ambiguous
P05019	D68I	0.71	pathogenic
P05019	D68K	0.515	ambiguous
P05019	D68L	0.6695	pathogenic
P05019	D68M	0.8266	pathogenic
P05019	D68N	0.161	benign
P05019	D68P	0.4118	ambiguous
P05019	D68Q	0.3856	ambiguous
P05019	D68R	0.5676	pathogenic
P05019	D68S	0.1817	benign
P05019	D68T	0.4193	ambiguous
P05019	D68V	0.4833	ambiguous
P05019	D68W	0.9466	pathogenic
P05019	D68Y	0.5349	ambiguous
P05019	R69A	0.9017	pathogenic
P05019	R69C	0.8574	pathogenic
P05019	R69D	0.8934	pathogenic
P05019	R69E	0.7803	pathogenic
P05019	R69F	0.9839	pathogenic
P05019	R69G	0.8014	pathogenic
P05019	R69H	0.393	ambiguous
P05019	R69I	0.9472	pathogenic
P05019	R69K	0.4149	ambiguous
P05019	R69L	0.8737	pathogenic
P05019	R69M	0.9317	pathogenic
P05019	R69N	0.8713	pathogenic
P05019	R69P	0.9804	pathogenic
P05019	R69Q	0.3322	benign
P05019	R69S	0.8775	pathogenic
P05019	R69T	0.7765	pathogenic
P05019	R69V	0.9454	pathogenic
P05019	R69W	0.8052	pathogenic
P05019	R69Y	0.9229	pathogenic
P05019	G70A	0.9491	pathogenic
P05019	G70C	0.9907	pathogenic
P05019	G70D	0.9903	pathogenic
P05019	G70E	0.9939	pathogenic
P05019	G70F	0.9907	pathogenic
P05019	G70H	0.9944	pathogenic
P05019	G70I	0.9876	pathogenic
P05019	G70K	0.9948	pathogenic
P05019	G70L	0.9907	pathogenic
P05019	G70M	0.9955	pathogenic
P05019	G70N	0.9885	pathogenic
P05019	G70P	0.9946	pathogenic
P05019	G70Q	0.9919	pathogenic
P05019	G70R	0.9846	pathogenic
P05019	G70S	0.9351	pathogenic
P05019	G70T	0.9766	pathogenic
P05019	G70V	0.9794	pathogenic
P05019	G70W	0.9853	pathogenic
P05019	G70Y	0.9819	pathogenic
P05019	F71A	0.9955	pathogenic
P05019	F71C	0.9961	pathogenic
P05019	F71D	0.9975	pathogenic
P05019	F71E	0.9982	pathogenic
P05019	F71G	0.9971	pathogenic
P05019	F71H	0.9946	pathogenic
P05019	F71I	0.905	pathogenic
P05019	F71K	0.9972	pathogenic
P05019	F71L	0.998	pathogenic
P05019	F71M	0.9874	pathogenic
P05019	F71N	0.9939	pathogenic
P05019	F71P	0.9993	pathogenic
P05019	F71Q	0.9974	pathogenic
P05019	F71R	0.9903	pathogenic
P05019	F71S	0.9964	pathogenic
P05019	F71T	0.9968	pathogenic
P05019	F71V	0.9608	pathogenic
P05019	F71W	0.958	pathogenic
P05019	F71Y	0.8175	pathogenic
P05019	Y72A	0.9762	pathogenic
P05019	Y72C	0.9548	pathogenic
P05019	Y72D	0.9805	pathogenic
P05019	Y72E	0.9972	pathogenic
P05019	Y72F	0.3208	benign
P05019	Y72G	0.9705	pathogenic
P05019	Y72H	0.9074	pathogenic
P05019	Y72I	0.9505	pathogenic
P05019	Y72K	0.9946	pathogenic
P05019	Y72L	0.9043	pathogenic
P05019	Y72M	0.9803	pathogenic
P05019	Y72N	0.924	pathogenic
P05019	Y72P	0.9802	pathogenic
P05019	Y72Q	0.9895	pathogenic
P05019	Y72R	0.9693	pathogenic
P05019	Y72S	0.8815	pathogenic
P05019	Y72T	0.9716	pathogenic
P05019	Y72V	0.9245	pathogenic
P05019	Y72W	0.8129	pathogenic
P05019	F73A	0.9851	pathogenic
P05019	F73C	0.9803	pathogenic
P05019	F73D	0.9943	pathogenic
P05019	F73E	0.9936	pathogenic
P05019	F73G	0.9894	pathogenic
P05019	F73H	0.9729	pathogenic
P05019	F73I	0.7846	pathogenic
P05019	F73K	0.9879	pathogenic
P05019	F73L	0.9872	pathogenic
P05019	F73M	0.9502	pathogenic
P05019	F73N	0.9857	pathogenic
P05019	F73P	0.9967	pathogenic
P05019	F73Q	0.98	pathogenic
P05019	F73R	0.9397	pathogenic
P05019	F73S	0.981	pathogenic
P05019	F73T	0.985	pathogenic
P05019	F73V	0.841	pathogenic
P05019	F73W	0.871	pathogenic
P05019	F73Y	0.678	pathogenic
P05019	N74A	0.4348	ambiguous
P05019	N74C	0.4942	ambiguous
P05019	N74D	0.4655	ambiguous
P05019	N74E	0.8268	pathogenic
P05019	N74F	0.8298	pathogenic
P05019	N74G	0.315	benign
P05019	N74H	0.1768	benign
P05019	N74I	0.6148	pathogenic
P05019	N74K	0.8219	pathogenic
P05019	N74L	0.4732	ambiguous
P05019	N74M	0.631	pathogenic
P05019	N74P	0.684	pathogenic
P05019	N74Q	0.5503	ambiguous
P05019	N74R	0.7042	pathogenic
P05019	N74S	0.0472	benign
P05019	N74T	0.2078	benign
P05019	N74V	0.5382	ambiguous
P05019	N74W	0.8492	pathogenic
P05019	N74Y	0.3938	ambiguous
P05019	K75A	0.9297	pathogenic
P05019	K75C	0.981	pathogenic
P05019	K75D	0.979	pathogenic
P05019	K75E	0.897	pathogenic
P05019	K75F	0.9836	pathogenic
P05019	K75G	0.9106	pathogenic
P05019	K75H	0.7597	pathogenic
P05019	K75I	0.9154	pathogenic
P05019	K75L	0.8822	pathogenic
P05019	K75M	0.8844	pathogenic
P05019	K75N	0.9531	pathogenic
P05019	K75P	0.9011	pathogenic
P05019	K75Q	0.5531	ambiguous
P05019	K75R	0.1365	benign
P05019	K75S	0.9422	pathogenic
P05019	K75T	0.8453	pathogenic
P05019	K75V	0.8986	pathogenic
P05019	K75W	0.9745	pathogenic
P05019	K75Y	0.935	pathogenic
P05019	P76A	0.2456	benign
P05019	P76C	0.9326	pathogenic
P05019	P76D	0.9003	pathogenic
P05019	P76E	0.8161	pathogenic
P05019	P76F	0.9127	pathogenic
P05019	P76G	0.6241	pathogenic
P05019	P76H	0.6115	pathogenic
P05019	P76I	0.8031	pathogenic
P05019	P76K	0.7825	pathogenic
P05019	P76L	0.5222	ambiguous
P05019	P76M	0.7506	pathogenic
P05019	P76N	0.722	pathogenic
P05019	P76Q	0.4813	ambiguous
P05019	P76R	0.6163	pathogenic
P05019	P76S	0.4159	ambiguous
P05019	P76T	0.4026	ambiguous
P05019	P76V	0.6227	pathogenic
P05019	P76W	0.9445	pathogenic
P05019	P76Y	0.8528	pathogenic
P05019	T77A	0.071	benign
P05019	T77C	0.5279	ambiguous
P05019	T77D	0.6517	pathogenic
P05019	T77E	0.5284	ambiguous
P05019	T77F	0.27	benign
P05019	T77G	0.1544	benign
P05019	T77H	0.375	ambiguous
P05019	T77I	0.1603	benign
P05019	T77K	0.3556	ambiguous
P05019	T77L	0.101	benign
P05019	T77M	0.0899	benign
P05019	T77N	0.1885	benign
P05019	T77P	0.1074	benign
P05019	T77Q	0.2699	benign
P05019	T77R	0.2642	benign
P05019	T77S	0.112	benign
P05019	T77V	0.1092	benign
P05019	T77W	0.5734	pathogenic
P05019	T77Y	0.3834	ambiguous
P05019	G78A	0.2816	benign
P05019	G78C	0.6639	pathogenic
P05019	G78D	0.8677	pathogenic
P05019	G78E	0.8908	pathogenic
P05019	G78F	0.8202	pathogenic
P05019	G78H	0.8239	pathogenic
P05019	G78I	0.6559	pathogenic
P05019	G78K	0.9444	pathogenic
P05019	G78L	0.7609	pathogenic
P05019	G78M	0.8128	pathogenic
P05019	G78N	0.6524	pathogenic
P05019	G78P	0.8693	pathogenic
P05019	G78Q	0.8216	pathogenic
P05019	G78R	0.8036	pathogenic
P05019	G78S	0.1556	benign
P05019	G78T	0.3805	ambiguous
P05019	G78V	0.4584	ambiguous
P05019	G78W	0.7495	pathogenic
P05019	G78Y	0.7701	pathogenic
P05019	Y79A	0.8526	pathogenic
P05019	Y79C	0.6752	pathogenic
P05019	Y79D	0.8297	pathogenic
P05019	Y79E	0.9486	pathogenic
P05019	Y79F	0.2351	benign
P05019	Y79G	0.6673	pathogenic
P05019	Y79H	0.7696	pathogenic
P05019	Y79I	0.8522	pathogenic
P05019	Y79K	0.9259	pathogenic
P05019	Y79L	0.7483	pathogenic
P05019	Y79M	0.8536	pathogenic
P05019	Y79N	0.6035	pathogenic
P05019	Y79P	0.8272	pathogenic
P05019	Y79Q	0.8985	pathogenic
P05019	Y79R	0.7911	pathogenic
P05019	Y79S	0.5968	pathogenic
P05019	Y79T	0.8389	pathogenic
P05019	Y79V	0.7464	pathogenic
P05019	Y79W	0.6014	pathogenic
P05019	G80A	0.2467	benign
P05019	G80C	0.5161	ambiguous
P05019	G80D	0.8487	pathogenic
P05019	G80E	0.8491	pathogenic
P05019	G80F	0.6823	pathogenic
P05019	G80H	0.6681	pathogenic
P05019	G80I	0.4968	ambiguous
P05019	G80K	0.8872	pathogenic
P05019	G80L	0.6027	pathogenic
P05019	G80M	0.7215	pathogenic
P05019	G80N	0.5774	pathogenic
P05019	G80P	0.8085	pathogenic
P05019	G80Q	0.6806	pathogenic
P05019	G80R	0.6514	pathogenic
P05019	G80S	0.1352	benign
P05019	G80T	0.3166	benign
P05019	G80V	0.3581	ambiguous
P05019	G80W	0.6248	pathogenic
P05019	G80Y	0.6295	pathogenic
P05019	S81A	0.1007	benign
P05019	S81C	0.2718	benign
P05019	S81D	0.8059	pathogenic
P05019	S81E	0.8816	pathogenic
P05019	S81F	0.218	benign
P05019	S81G	0.0975	benign
P05019	S81H	0.498	ambiguous
P05019	S81I	0.2835	benign
P05019	S81K	0.9062	pathogenic
P05019	S81L	0.1616	benign
P05019	S81M	0.2969	benign
P05019	S81N	0.2356	benign
P05019	S81P	0.1162	benign
P05019	S81Q	0.649	pathogenic
P05019	S81R	0.8469	pathogenic
P05019	S81T	0.1144	benign
P05019	S81V	0.2452	benign
P05019	S81W	0.4168	ambiguous
P05019	S81Y	0.2262	benign
P05019	S82A	0.127	benign
P05019	S82C	0.2752	benign
P05019	S82D	0.7722	pathogenic
P05019	S82E	0.901	pathogenic
P05019	S82F	0.3294	benign
P05019	S82G	0.0908	benign
P05019	S82H	0.4893	ambiguous
P05019	S82I	0.2737	benign
P05019	S82K	0.91	pathogenic
P05019	S82L	0.2034	benign
P05019	S82M	0.3118	benign
P05019	S82N	0.1472	benign
P05019	S82P	0.1693	benign
P05019	S82Q	0.6758	pathogenic
P05019	S82R	0.8505	pathogenic
P05019	S82T	0.098	benign
P05019	S82V	0.2526	benign
P05019	S82W	0.5273	ambiguous
P05019	S82Y	0.339	benign
P05019	S83A	0.0999	benign
P05019	S83C	0.205	benign
P05019	S83D	0.7809	pathogenic
P05019	S83E	0.8403	pathogenic
P05019	S83F	0.2177	benign
P05019	S83G	0.0925	benign
P05019	S83H	0.4191	ambiguous
P05019	S83I	0.148	benign
P05019	S83K	0.8419	pathogenic
P05019	S83L	0.1341	benign
P05019	S83M	0.1982	benign
P05019	S83N	0.1758	benign
P05019	S83P	0.172	benign
P05019	S83Q	0.5326	ambiguous
P05019	S83R	0.7451	pathogenic
P05019	S83T	0.0993	benign
P05019	S83V	0.156	benign
P05019	S83W	0.374	ambiguous
P05019	S83Y	0.2672	benign
P05019	R84A	0.8539	pathogenic
P05019	R84C	0.6831	pathogenic
P05019	R84D	0.9644	pathogenic
P05019	R84E	0.8945	pathogenic
P05019	R84F	0.8728	pathogenic
P05019	R84G	0.6225	pathogenic
P05019	R84H	0.3443	ambiguous
P05019	R84I	0.8113	pathogenic
P05019	R84K	0.3365	benign
P05019	R84L	0.6898	pathogenic
P05019	R84M	0.844	pathogenic
P05019	R84N	0.9269	pathogenic
P05019	R84P	0.7225	pathogenic
P05019	R84Q	0.3259	benign
P05019	R84S	0.8807	pathogenic
P05019	R84T	0.8364	pathogenic
P05019	R84V	0.8243	pathogenic
P05019	R84W	0.436	ambiguous
P05019	R84Y	0.7443	pathogenic
P05019	R85A	0.7276	pathogenic
P05019	R85C	0.7201	pathogenic
P05019	R85D	0.9212	pathogenic
P05019	R85E	0.7991	pathogenic
P05019	R85F	0.8218	pathogenic
P05019	R85G	0.5006	ambiguous
P05019	R85H	0.2939	benign
P05019	R85I	0.7187	pathogenic
P05019	R85K	0.2302	benign
P05019	R85L	0.6178	pathogenic
P05019	R85M	0.7248	pathogenic
P05019	R85N	0.8623	pathogenic
P05019	R85P	0.5916	pathogenic
P05019	R85Q	0.287	benign
P05019	R85S	0.8196	pathogenic
P05019	R85T	0.6839	pathogenic
P05019	R85V	0.7265	pathogenic
P05019	R85W	0.4041	ambiguous
P05019	R85Y	0.6918	pathogenic
P05019	A86C	0.4668	ambiguous
P05019	A86D	0.4004	ambiguous
P05019	A86E	0.3629	ambiguous
P05019	A86F	0.2139	benign
P05019	A86G	0.0945	benign
P05019	A86H	0.3367	benign
P05019	A86I	0.1473	benign
P05019	A86K	0.4865	ambiguous
P05019	A86L	0.104	benign
P05019	A86M	0.1525	benign
P05019	A86N	0.1595	benign
P05019	A86P	0.1006	benign
P05019	A86Q	0.2442	benign
P05019	A86R	0.4237	ambiguous
P05019	A86S	0.074	benign
P05019	A86T	0.0819	benign
P05019	A86V	0.0841	benign
P05019	A86W	0.5791	pathogenic
P05019	A86Y	0.3302	benign
P05019	P87A	0.0923	benign
P05019	P87C	0.5733	pathogenic
P05019	P87D	0.6168	pathogenic
P05019	P87E	0.4577	ambiguous
P05019	P87F	0.4175	ambiguous
P05019	P87G	0.2344	benign
P05019	P87H	0.1515	benign
P05019	P87I	0.3021	benign
P05019	P87K	0.4015	ambiguous
P05019	P87L	0.1312	benign
P05019	P87M	0.3049	benign
P05019	P87N	0.2437	benign
P05019	P87Q	0.1326	benign
P05019	P87R	0.2393	benign
P05019	P87S	0.099	benign
P05019	P87T	0.1156	benign
P05019	P87V	0.202	benign
P05019	P87W	0.5644	pathogenic
P05019	P87Y	0.3884	ambiguous
P05019	Q88A	0.1769	benign
P05019	Q88C	0.7767	pathogenic
P05019	Q88D	0.5149	ambiguous
P05019	Q88E	0.1631	benign
P05019	Q88F	0.6949	pathogenic
P05019	Q88G	0.2073	benign
P05019	Q88H	0.1978	benign
P05019	Q88I	0.4293	ambiguous
P05019	Q88K	0.194	benign
P05019	Q88L	0.175	benign
P05019	Q88M	0.3662	ambiguous
P05019	Q88N	0.205	benign
P05019	Q88P	0.0896	benign
P05019	Q88R	0.1853	benign
P05019	Q88S	0.1685	benign
P05019	Q88T	0.1863	benign
P05019	Q88V	0.249	benign
P05019	Q88W	0.6626	pathogenic
P05019	Q88Y	0.4682	ambiguous
P05019	T89A	0.1035	benign
P05019	T89C	0.6423	pathogenic
P05019	T89D	0.5636	ambiguous
P05019	T89E	0.4245	ambiguous
P05019	T89F	0.3578	ambiguous
P05019	T89G	0.2464	benign
P05019	T89H	0.2477	benign
P05019	T89I	0.2436	benign
P05019	T89K	0.1461	benign
P05019	T89L	0.1412	benign
P05019	T89M	0.1098	benign
P05019	T89N	0.1569	benign
P05019	T89P	0.1397	benign
P05019	T89Q	0.1975	benign
P05019	T89R	0.1151	benign
P05019	T89S	0.138	benign
P05019	T89V	0.1803	benign
P05019	T89W	0.5599	ambiguous
P05019	T89Y	0.3391	benign
P05019	G90A	0.8997	pathogenic
P05019	G90C	0.9856	pathogenic
P05019	G90D	0.9817	pathogenic
P05019	G90E	0.9911	pathogenic
P05019	G90F	0.9919	pathogenic
P05019	G90H	0.9911	pathogenic
P05019	G90I	0.9904	pathogenic
P05019	G90K	0.9931	pathogenic
P05019	G90L	0.9895	pathogenic
P05019	G90M	0.9931	pathogenic
P05019	G90N	0.9714	pathogenic
P05019	G90P	0.9912	pathogenic
P05019	G90Q	0.9891	pathogenic
P05019	G90R	0.9755	pathogenic
P05019	G90S	0.778	pathogenic
P05019	G90T	0.9506	pathogenic
P05019	G90V	0.9743	pathogenic
P05019	G90W	0.9753	pathogenic
P05019	G90Y	0.9885	pathogenic
P05019	I91A	0.9939	pathogenic
P05019	I91C	0.9998	pathogenic
P05019	I91D	0.999	pathogenic
P05019	I91E	0.9979	pathogenic
P05019	I91F	0.9585	pathogenic
P05019	I91G	0.9991	pathogenic
P05019	I91H	0.9992	pathogenic
P05019	I91K	0.9962	pathogenic
P05019	I91L	0.8139	pathogenic
P05019	I91M	0.8474	pathogenic
P05019	I91N	0.9955	pathogenic
P05019	I91P	0.9909	pathogenic
P05019	I91Q	0.9983	pathogenic
P05019	I91R	0.9931	pathogenic
P05019	I91S	0.9958	pathogenic
P05019	I91T	0.9965	pathogenic
P05019	I91V	0.8062	pathogenic
P05019	I91W	0.9975	pathogenic
P05019	I91Y	0.9946	pathogenic
P05019	V92A	0.9022	pathogenic
P05019	V92C	0.9973	pathogenic
P05019	V92D	0.9897	pathogenic
P05019	V92E	0.9781	pathogenic
P05019	V92F	0.958	pathogenic
P05019	V92G	0.9286	pathogenic
P05019	V92H	0.9942	pathogenic
P05019	V92I	0.6078	pathogenic
P05019	V92K	0.9741	pathogenic
P05019	V92L	0.9745	pathogenic
P05019	V92M	0.9674	pathogenic
P05019	V92N	0.9833	pathogenic
P05019	V92P	0.9749	pathogenic
P05019	V92Q	0.9705	pathogenic
P05019	V92R	0.8931	pathogenic
P05019	V92S	0.9056	pathogenic
P05019	V92T	0.859	pathogenic
P05019	V92W	0.9967	pathogenic
P05019	V92Y	0.9914	pathogenic
P05019	D93A	0.8067	pathogenic
P05019	D93C	0.989	pathogenic
P05019	D93E	0.4999	ambiguous
P05019	D93F	0.9763	pathogenic
P05019	D93G	0.8069	pathogenic
P05019	D93H	0.8433	pathogenic
P05019	D93I	0.9692	pathogenic
P05019	D93K	0.9404	pathogenic
P05019	D93L	0.9494	pathogenic
P05019	D93M	0.9773	pathogenic
P05019	D93N	0.3069	benign
P05019	D93P	0.989	pathogenic
P05019	D93Q	0.8526	pathogenic
P05019	D93R	0.9261	pathogenic
P05019	D93S	0.5388	ambiguous
P05019	D93T	0.8445	pathogenic
P05019	D93V	0.8977	pathogenic
P05019	D93W	0.9886	pathogenic
P05019	D93Y	0.8312	pathogenic
P05019	E94A	0.7681	pathogenic
P05019	E94C	0.9954	pathogenic
P05019	E94D	0.8913	pathogenic
P05019	E94F	0.9893	pathogenic
P05019	E94G	0.9365	pathogenic
P05019	E94H	0.9642	pathogenic
P05019	E94I	0.924	pathogenic
P05019	E94K	0.8224	pathogenic
P05019	E94L	0.9499	pathogenic
P05019	E94M	0.9376	pathogenic
P05019	E94N	0.9591	pathogenic
P05019	E94P	0.9973	pathogenic
P05019	E94Q	0.6304	pathogenic
P05019	E94R	0.8709	pathogenic
P05019	E94S	0.8998	pathogenic
P05019	E94T	0.8801	pathogenic
P05019	E94V	0.821	pathogenic
P05019	E94W	0.9973	pathogenic
P05019	E94Y	0.9809	pathogenic
P05019	C95A	0.9956	pathogenic
P05019	C95D	0.9985	pathogenic
P05019	C95E	0.9996	pathogenic
P05019	C95F	0.9909	pathogenic
P05019	C95G	0.9767	pathogenic
P05019	C95H	0.9989	pathogenic
P05019	C95I	0.9959	pathogenic
P05019	C95K	0.9997	pathogenic
P05019	C95L	0.9907	pathogenic
P05019	C95M	0.9969	pathogenic
P05019	C95N	0.9985	pathogenic
P05019	C95P	0.9988	pathogenic
P05019	C95Q	0.9996	pathogenic
P05019	C95R	0.9967	pathogenic
P05019	C95S	0.9977	pathogenic
P05019	C95T	0.998	pathogenic
P05019	C95V	0.9915	pathogenic
P05019	C95W	0.9958	pathogenic
P05019	C95Y	0.9929	pathogenic
P05019	C96A	0.9956	pathogenic
P05019	C96D	0.9992	pathogenic
P05019	C96E	0.9997	pathogenic
P05019	C96F	0.9915	pathogenic
P05019	C96G	0.9854	pathogenic
P05019	C96H	0.9982	pathogenic
P05019	C96I	0.9967	pathogenic
P05019	C96K	0.9997	pathogenic
P05019	C96L	0.9892	pathogenic
P05019	C96M	0.9981	pathogenic
P05019	C96N	0.9987	pathogenic
P05019	C96P	0.9973	pathogenic
P05019	C96Q	0.9994	pathogenic
P05019	C96R	0.9934	pathogenic
P05019	C96S	0.9958	pathogenic
P05019	C96T	0.9982	pathogenic
P05019	C96V	0.9938	pathogenic
P05019	C96W	0.9953	pathogenic
P05019	C96Y	0.9955	pathogenic
P05019	F97A	0.9929	pathogenic
P05019	F97C	0.9896	pathogenic
P05019	F97D	0.9955	pathogenic
P05019	F97E	0.9928	pathogenic
P05019	F97G	0.992	pathogenic
P05019	F97H	0.9198	pathogenic
P05019	F97I	0.9645	pathogenic
P05019	F97K	0.9847	pathogenic
P05019	F97L	0.9951	pathogenic
P05019	F97M	0.9812	pathogenic
P05019	F97N	0.9803	pathogenic
P05019	F97P	0.9995	pathogenic
P05019	F97Q	0.9762	pathogenic
P05019	F97R	0.9393	pathogenic
P05019	F97S	0.9818	pathogenic
P05019	F97T	0.9903	pathogenic
P05019	F97V	0.9605	pathogenic
P05019	F97W	0.8908	pathogenic
P05019	F97Y	0.5298	ambiguous
P05019	R98A	0.6225	pathogenic
P05019	R98C	0.3816	ambiguous
P05019	R98D	0.8117	pathogenic
P05019	R98E	0.5399	ambiguous
P05019	R98F	0.8023	pathogenic
P05019	R98G	0.3902	ambiguous
P05019	R98H	0.1144	benign
P05019	R98I	0.6611	pathogenic
P05019	R98K	0.1501	benign
P05019	R98L	0.4476	ambiguous
P05019	R98M	0.6163	pathogenic
P05019	R98N	0.6424	pathogenic
P05019	R98P	0.9151	pathogenic
P05019	R98Q	0.0964	benign
P05019	R98S	0.5552	ambiguous
P05019	R98T	0.4817	ambiguous
P05019	R98V	0.6608	pathogenic
P05019	R98W	0.3289	benign
P05019	R98Y	0.5819	pathogenic
P05019	S99A	0.3328	benign
P05019	S99C	0.7171	pathogenic
P05019	S99D	0.8161	pathogenic
P05019	S99E	0.8562	pathogenic
P05019	S99F	0.8093	pathogenic
P05019	S99G	0.2305	benign
P05019	S99H	0.6814	pathogenic
P05019	S99I	0.7894	pathogenic
P05019	S99K	0.8992	pathogenic
P05019	S99L	0.6654	pathogenic
P05019	S99M	0.7482	pathogenic
P05019	S99N	0.533	ambiguous
P05019	S99P	0.802	pathogenic
P05019	S99Q	0.7433	pathogenic
P05019	S99R	0.8181	pathogenic
P05019	S99T	0.3267	benign
P05019	S99V	0.7812	pathogenic
P05019	S99W	0.8086	pathogenic
P05019	S99Y	0.6699	pathogenic
P05019	C100A	0.9937	pathogenic
P05019	C100D	0.9986	pathogenic
P05019	C100E	0.9995	pathogenic
P05019	C100F	0.9938	pathogenic
P05019	C100G	0.974	pathogenic
P05019	C100H	0.9984	pathogenic
P05019	C100I	0.9974	pathogenic
P05019	C100K	0.9995	pathogenic
P05019	C100L	0.9915	pathogenic
P05019	C100M	0.9974	pathogenic
P05019	C100N	0.9987	pathogenic
P05019	C100P	0.9966	pathogenic
P05019	C100Q	0.9993	pathogenic
P05019	C100R	0.9938	pathogenic
P05019	C100S	0.9952	pathogenic
P05019	C100T	0.9966	pathogenic
P05019	C100V	0.9931	pathogenic
P05019	C100W	0.9914	pathogenic
P05019	C100Y	0.9968	pathogenic
P05019	D101A	0.8156	pathogenic
P05019	D101C	0.9607	pathogenic
P05019	D101E	0.5181	ambiguous
P05019	D101F	0.9844	pathogenic
P05019	D101G	0.7808	pathogenic
P05019	D101H	0.7959	pathogenic
P05019	D101I	0.9694	pathogenic
P05019	D101K	0.9437	pathogenic
P05019	D101L	0.9598	pathogenic
P05019	D101M	0.985	pathogenic
P05019	D101N	0.3609	ambiguous
P05019	D101P	0.9522	pathogenic
P05019	D101Q	0.8651	pathogenic
P05019	D101R	0.9326	pathogenic
P05019	D101S	0.4431	ambiguous
P05019	D101T	0.7851	pathogenic
P05019	D101V	0.9057	pathogenic
P05019	D101W	0.995	pathogenic
P05019	D101Y	0.8679	pathogenic
P05019	L102A	0.9448	pathogenic
P05019	L102C	0.9879	pathogenic
P05019	L102D	0.995	pathogenic
P05019	L102E	0.9746	pathogenic
P05019	L102F	0.5308	ambiguous
P05019	L102G	0.975	pathogenic
P05019	L102H	0.939	pathogenic
P05019	L102I	0.4052	ambiguous
P05019	L102K	0.9253	pathogenic
P05019	L102M	0.4536	ambiguous
P05019	L102N	0.9803	pathogenic
P05019	L102P	0.9759	pathogenic
P05019	L102Q	0.9113	pathogenic
P05019	L102R	0.866	pathogenic
P05019	L102S	0.9774	pathogenic
P05019	L102T	0.917	pathogenic
P05019	L102V	0.5247	ambiguous
P05019	L102W	0.777	pathogenic
P05019	L102Y	0.8511	pathogenic
P05019	R103A	0.4619	ambiguous
P05019	R103C	0.4182	ambiguous
P05019	R103D	0.7741	pathogenic
P05019	R103E	0.4025	ambiguous
P05019	R103F	0.6294	pathogenic
P05019	R103G	0.3162	benign
P05019	R103H	0.1328	benign
P05019	R103I	0.4291	ambiguous
P05019	R103K	0.1255	benign
P05019	R103L	0.2829	benign
P05019	R103M	0.3833	ambiguous
P05019	R103N	0.6314	pathogenic
P05019	R103P	0.6752	pathogenic
P05019	R103Q	0.0967	benign
P05019	R103S	0.5204	ambiguous
P05019	R103T	0.3672	ambiguous
P05019	R103V	0.4724	ambiguous
P05019	R103W	0.1813	benign
P05019	R103Y	0.4377	ambiguous
P05019	R104A	0.8581	pathogenic
P05019	R104C	0.657	pathogenic
P05019	R104D	0.9398	pathogenic
P05019	R104E	0.7749	pathogenic
P05019	R104F	0.895	pathogenic
P05019	R104G	0.8209	pathogenic
P05019	R104H	0.2749	benign
P05019	R104I	0.5864	pathogenic
P05019	R104K	0.2763	benign
P05019	R104L	0.3656	ambiguous
P05019	R104M	0.691	pathogenic
P05019	R104N	0.8898	pathogenic
P05019	R104P	0.9767	pathogenic
P05019	R104Q	0.24	benign
P05019	R104S	0.886	pathogenic
P05019	R104T	0.6512	pathogenic
P05019	R104V	0.6607	pathogenic
P05019	R104W	0.5059	ambiguous
P05019	R104Y	0.7521	pathogenic
P05019	L105A	0.979	pathogenic
P05019	L105C	0.9978	pathogenic
P05019	L105D	0.9993	pathogenic
P05019	L105E	0.9928	pathogenic
P05019	L105F	0.9583	pathogenic
P05019	L105G	0.9934	pathogenic
P05019	L105H	0.997	pathogenic
P05019	L105I	0.763	pathogenic
P05019	L105K	0.9823	pathogenic
P05019	L105M	0.5444	ambiguous
P05019	L105N	0.998	pathogenic
P05019	L105P	0.9929	pathogenic
P05019	L105Q	0.9855	pathogenic
P05019	L105R	0.9771	pathogenic
P05019	L105S	0.9973	pathogenic
P05019	L105T	0.9855	pathogenic
P05019	L105V	0.8496	pathogenic
P05019	L105W	0.983	pathogenic
P05019	L105Y	0.9918	pathogenic
P05019	E106A	0.8791	pathogenic
P05019	E106C	0.9964	pathogenic
P05019	E106D	0.9648	pathogenic
P05019	E106F	0.9973	pathogenic
P05019	E106G	0.9004	pathogenic
P05019	E106H	0.9785	pathogenic
P05019	E106I	0.9897	pathogenic
P05019	E106K	0.9236	pathogenic
P05019	E106L	0.9771	pathogenic
P05019	E106M	0.9764	pathogenic
P05019	E106N	0.9813	pathogenic
P05019	E106P	0.996	pathogenic
P05019	E106Q	0.5249	ambiguous
P05019	E106R	0.9099	pathogenic
P05019	E106S	0.921	pathogenic
P05019	E106T	0.9617	pathogenic
P05019	E106V	0.9644	pathogenic
P05019	E106W	0.9983	pathogenic
P05019	E106Y	0.9937	pathogenic
P05019	M107A	0.7106	pathogenic
P05019	M107C	0.9752	pathogenic
P05019	M107D	0.9166	pathogenic
P05019	M107E	0.7414	pathogenic
P05019	M107F	0.6944	pathogenic
P05019	M107G	0.8224	pathogenic
P05019	M107H	0.8231	pathogenic
P05019	M107I	0.8517	pathogenic
P05019	M107K	0.3951	ambiguous
P05019	M107L	0.237	benign
P05019	M107N	0.688	pathogenic
P05019	M107P	0.995	pathogenic
P05019	M107Q	0.3652	ambiguous
P05019	M107R	0.4742	ambiguous
P05019	M107S	0.6241	pathogenic
P05019	M107T	0.5702	pathogenic
P05019	M107V	0.5116	ambiguous
P05019	M107W	0.8634	pathogenic
P05019	M107Y	0.7524	pathogenic
P05019	Y108A	0.9953	pathogenic
P05019	Y108C	0.9962	pathogenic
P05019	Y108D	0.9929	pathogenic
P05019	Y108E	0.9987	pathogenic
P05019	Y108F	0.685	pathogenic
P05019	Y108G	0.9922	pathogenic
P05019	Y108H	0.9907	pathogenic
P05019	Y108I	0.9915	pathogenic
P05019	Y108K	0.9981	pathogenic
P05019	Y108L	0.968	pathogenic
P05019	Y108M	0.9953	pathogenic
P05019	Y108N	0.9836	pathogenic
P05019	Y108P	0.9966	pathogenic
P05019	Y108Q	0.9986	pathogenic
P05019	Y108R	0.9938	pathogenic
P05019	Y108S	0.9884	pathogenic
P05019	Y108T	0.9967	pathogenic
P05019	Y108V	0.9838	pathogenic
P05019	Y108W	0.9503	pathogenic
P05019	C109A	0.9949	pathogenic
P05019	C109D	0.9992	pathogenic
P05019	C109E	0.9996	pathogenic
P05019	C109F	0.994	pathogenic
P05019	C109G	0.9802	pathogenic
P05019	C109H	0.9986	pathogenic
P05019	C109I	0.9969	pathogenic
P05019	C109K	0.9996	pathogenic
P05019	C109L	0.9912	pathogenic
P05019	C109M	0.998	pathogenic
P05019	C109N	0.9992	pathogenic
P05019	C109P	0.9979	pathogenic
P05019	C109Q	0.9994	pathogenic
P05019	C109R	0.9931	pathogenic
P05019	C109S	0.9965	pathogenic
P05019	C109T	0.9977	pathogenic
P05019	C109V	0.9931	pathogenic
P05019	C109W	0.9962	pathogenic
P05019	C109Y	0.9969	pathogenic
P05019	A110C	0.9392	pathogenic
P05019	A110D	0.9718	pathogenic
P05019	A110E	0.9599	pathogenic
P05019	A110F	0.8067	pathogenic
P05019	A110G	0.6826	pathogenic
P05019	A110H	0.8523	pathogenic
P05019	A110I	0.908	pathogenic
P05019	A110K	0.9392	pathogenic
P05019	A110L	0.638	pathogenic
P05019	A110M	0.841	pathogenic
P05019	A110N	0.8508	pathogenic
P05019	A110P	0.9107	pathogenic
P05019	A110Q	0.8333	pathogenic
P05019	A110R	0.7867	pathogenic
P05019	A110S	0.2973	benign
P05019	A110T	0.776	pathogenic
P05019	A110V	0.7939	pathogenic
P05019	A110W	0.9666	pathogenic
P05019	A110Y	0.8638	pathogenic
P05019	P111A	0.1944	benign
P05019	P111C	0.891	pathogenic
P05019	P111D	0.8036	pathogenic
P05019	P111E	0.6991	pathogenic
P05019	P111F	0.8527	pathogenic
P05019	P111G	0.5528	ambiguous
P05019	P111H	0.4571	ambiguous
P05019	P111I	0.713	pathogenic
P05019	P111K	0.6603	pathogenic
P05019	P111L	0.4016	ambiguous
P05019	P111M	0.7108	pathogenic
P05019	P111N	0.6234	pathogenic
P05019	P111Q	0.3838	ambiguous
P05019	P111R	0.4803	ambiguous
P05019	P111S	0.2152	benign
P05019	P111T	0.2532	benign
P05019	P111V	0.518	ambiguous
P05019	P111W	0.9217	pathogenic
P05019	P111Y	0.8051	pathogenic
P05019	L112A	0.1382	benign
P05019	L112C	0.4908	ambiguous
P05019	L112D	0.498	ambiguous
P05019	L112E	0.2447	benign
P05019	L112F	0.1338	benign
P05019	L112G	0.2752	benign
P05019	L112H	0.1992	benign
P05019	L112I	0.0884	benign
P05019	L112K	0.1957	benign
P05019	L112M	0.0997	benign
P05019	L112N	0.2463	benign
P05019	L112P	0.0965	benign
P05019	L112Q	0.097	benign
P05019	L112R	0.1542	benign
P05019	L112S	0.1505	benign
P05019	L112T	0.1618	benign
P05019	L112V	0.0751	benign
P05019	L112W	0.2371	benign
P05019	L112Y	0.2985	benign
P05019	K113A	0.8572	pathogenic
P05019	K113C	0.9576	pathogenic
P05019	K113D	0.9514	pathogenic
P05019	K113E	0.8238	pathogenic
P05019	K113F	0.9653	pathogenic
P05019	K113G	0.8798	pathogenic
P05019	K113H	0.6231	pathogenic
P05019	K113I	0.819	pathogenic
P05019	K113L	0.7361	pathogenic
P05019	K113M	0.7542	pathogenic
P05019	K113N	0.8952	pathogenic
P05019	K113P	0.7168	pathogenic
P05019	K113Q	0.4177	ambiguous
P05019	K113R	0.1417	benign
P05019	K113S	0.89	pathogenic
P05019	K113T	0.7371	pathogenic
P05019	K113V	0.8124	pathogenic
P05019	K113W	0.9551	pathogenic
P05019	K113Y	0.9103	pathogenic
P05019	P114A	0.0729	benign
P05019	P114C	0.6095	pathogenic
P05019	P114D	0.4399	ambiguous
P05019	P114E	0.3052	benign
P05019	P114F	0.4805	ambiguous
P05019	P114G	0.2093	benign
P05019	P114H	0.2121	benign
P05019	P114I	0.2948	benign
P05019	P114K	0.3221	benign
P05019	P114L	0.1317	benign
P05019	P114M	0.2623	benign
P05019	P114N	0.2416	benign
P05019	P114Q	0.1516	benign
P05019	P114R	0.2547	benign
P05019	P114S	0.0953	benign
P05019	P114T	0.0766	benign
P05019	P114V	0.176	benign
P05019	P114W	0.6114	pathogenic
P05019	P114Y	0.429	ambiguous
P05019	A115C	0.4079	ambiguous
P05019	A115D	0.2673	benign
P05019	A115E	0.2203	benign
P05019	A115F	0.2754	benign
P05019	A115G	0.0873	benign
P05019	A115H	0.3297	benign
P05019	A115I	0.1688	benign
P05019	A115K	0.3311	benign
P05019	A115L	0.1248	benign
P05019	A115M	0.1659	benign
P05019	A115N	0.1453	benign
P05019	A115P	0.0822	benign
P05019	A115Q	0.1889	benign
P05019	A115R	0.3075	benign
P05019	A115S	0.0687	benign
P05019	A115T	0.0681	benign
P05019	A115V	0.0924	benign
P05019	A115W	0.5588	ambiguous
P05019	A115Y	0.3717	ambiguous
P05019	K116A	0.6499	pathogenic
P05019	K116C	0.9475	pathogenic
P05019	K116D	0.8996	pathogenic
P05019	K116E	0.7022	pathogenic
P05019	K116F	0.9544	pathogenic
P05019	K116G	0.7333	pathogenic
P05019	K116H	0.6715	pathogenic
P05019	K116I	0.774	pathogenic
P05019	K116L	0.72	pathogenic
P05019	K116M	0.713	pathogenic
P05019	K116N	0.8382	pathogenic
P05019	K116P	0.6163	pathogenic
P05019	K116Q	0.4155	ambiguous
P05019	K116R	0.1182	benign
P05019	K116S	0.7458	pathogenic
P05019	K116T	0.5577	ambiguous
P05019	K116V	0.6738	pathogenic
P05019	K116W	0.9574	pathogenic
P05019	K116Y	0.9105	pathogenic
P05019	S117A	0.053	benign
P05019	S117C	0.2531	benign
P05019	S117D	0.5279	ambiguous
P05019	S117E	0.5085	ambiguous
P05019	S117F	0.2606	benign
P05019	S117G	0.1119	benign
P05019	S117H	0.4478	ambiguous
P05019	S117I	0.2075	benign
P05019	S117K	0.6815	pathogenic
P05019	S117L	0.1238	benign
P05019	S117M	0.1875	benign
P05019	S117N	0.2376	benign
P05019	S117P	0.1045	benign
P05019	S117Q	0.4451	ambiguous
P05019	S117R	0.7101	pathogenic
P05019	S117T	0.0804	benign
P05019	S117V	0.1373	benign
P05019	S117W	0.4128	ambiguous
P05019	S117Y	0.2519	benign
P05019	A118C	0.5726	pathogenic
P05019	A118D	0.4266	ambiguous
P05019	A118E	0.3635	ambiguous
P05019	A118F	0.3895	ambiguous
P05019	A118G	0.1319	benign
P05019	A118H	0.4902	ambiguous
P05019	A118I	0.2631	benign
P05019	A118K	0.5668	pathogenic
P05019	A118L	0.1839	benign
P05019	A118M	0.2632	benign
P05019	A118N	0.241	benign
P05019	A118P	0.1027	benign
P05019	A118Q	0.3208	benign
P05019	A118R	0.5163	ambiguous
P05019	A118S	0.0816	benign
P05019	A118T	0.0858	benign
P05019	A118V	0.1234	benign
P05019	A118W	0.7716	pathogenic
P05019	A118Y	0.548	ambiguous
P05019	R119A	0.7349	pathogenic
P05019	R119C	0.6707	pathogenic
P05019	R119D	0.9156	pathogenic
P05019	R119E	0.7946	pathogenic
P05019	R119F	0.8473	pathogenic
P05019	R119G	0.5335	ambiguous
P05019	R119H	0.3531	ambiguous
P05019	R119I	0.7295	pathogenic
P05019	R119K	0.3059	benign
P05019	R119L	0.5741	pathogenic
P05019	R119M	0.7843	pathogenic
P05019	R119N	0.898	pathogenic
P05019	R119P	0.544	ambiguous
P05019	R119Q	0.3269	benign
P05019	R119S	0.8134	pathogenic
P05019	R119T	0.7277	pathogenic
P05019	R119V	0.7187	pathogenic
P05019	R119W	0.5038	ambiguous
P05019	R119Y	0.7535	pathogenic
P05019	S120A	0.1174	benign
P05019	S120C	0.4855	ambiguous
P05019	S120D	0.7044	pathogenic
P05019	S120E	0.8223	pathogenic
P05019	S120F	0.4428	ambiguous
P05019	S120G	0.2335	benign
P05019	S120H	0.7029	pathogenic
P05019	S120I	0.5471	ambiguous
P05019	S120K	0.9373	pathogenic
P05019	S120L	0.2429	benign
P05019	S120M	0.4133	ambiguous
P05019	S120N	0.4487	ambiguous
P05019	S120P	0.2354	benign
P05019	S120Q	0.7874	pathogenic
P05019	S120R	0.9302	pathogenic
P05019	S120T	0.1519	benign
P05019	S120V	0.4174	ambiguous
P05019	S120W	0.5959	pathogenic
P05019	S120Y	0.4137	ambiguous
P05019	V121A	0.2022	benign
P05019	V121C	0.798	pathogenic
P05019	V121D	0.5528	ambiguous
P05019	V121E	0.4639	ambiguous
P05019	V121F	0.215	benign
P05019	V121G	0.2594	benign
P05019	V121H	0.6976	pathogenic
P05019	V121I	0.081	benign
P05019	V121K	0.5654	pathogenic
P05019	V121L	0.1462	benign
P05019	V121M	0.1585	benign
P05019	V121N	0.3668	ambiguous
P05019	V121P	0.3007	benign
P05019	V121Q	0.4251	ambiguous
P05019	V121R	0.52	ambiguous
P05019	V121S	0.2691	benign
P05019	V121T	0.2727	benign
P05019	V121W	0.8185	pathogenic
P05019	V121Y	0.6176	pathogenic
P05019	R122A	0.7484	pathogenic
P05019	R122C	0.6686	pathogenic
P05019	R122D	0.9144	pathogenic
P05019	R122E	0.7523	pathogenic
P05019	R122F	0.8446	pathogenic
P05019	R122G	0.5819	pathogenic
P05019	R122H	0.324	benign
P05019	R122I	0.7501	pathogenic
P05019	R122K	0.3041	benign
P05019	R122L	0.5627	ambiguous
P05019	R122M	0.7257	pathogenic
P05019	R122N	0.9052	pathogenic
P05019	R122P	0.6056	pathogenic
P05019	R122Q	0.3041	benign
P05019	R122S	0.8257	pathogenic
P05019	R122T	0.6901	pathogenic
P05019	R122V	0.762	pathogenic
P05019	R122W	0.4232	ambiguous
P05019	R122Y	0.7664	pathogenic
P05019	A123C	0.6721	pathogenic
P05019	A123D	0.4769	ambiguous
P05019	A123E	0.3588	ambiguous
P05019	A123F	0.4777	ambiguous
P05019	A123G	0.1485	benign
P05019	A123H	0.5868	pathogenic
P05019	A123I	0.3764	ambiguous
P05019	A123K	0.6581	pathogenic
P05019	A123L	0.2452	benign
P05019	A123M	0.2901	benign
P05019	A123N	0.3038	benign
P05019	A123P	0.249	benign
P05019	A123Q	0.367	ambiguous
P05019	A123R	0.5913	pathogenic
P05019	A123S	0.0852	benign
P05019	A123T	0.0977	benign
P05019	A123V	0.1748	benign
P05019	A123W	0.8004	pathogenic
P05019	A123Y	0.5956	pathogenic
P05019	Q124A	0.309	benign
P05019	Q124C	0.9402	pathogenic
P05019	Q124D	0.7653	pathogenic
P05019	Q124E	0.1763	benign
P05019	Q124F	0.8864	pathogenic
P05019	Q124G	0.4049	ambiguous
P05019	Q124H	0.6229	pathogenic
P05019	Q124I	0.603	pathogenic
P05019	Q124K	0.3112	benign
P05019	Q124L	0.2671	benign
P05019	Q124M	0.5126	ambiguous
P05019	Q124N	0.5734	pathogenic
P05019	Q124P	0.1695	benign
P05019	Q124R	0.3059	benign
P05019	Q124S	0.3407	ambiguous
P05019	Q124T	0.3561	ambiguous
P05019	Q124V	0.3636	ambiguous
P05019	Q124W	0.874	pathogenic
P05019	Q124Y	0.8298	pathogenic
P05019	R125A	0.7893	pathogenic
P05019	R125C	0.5875	pathogenic
P05019	R125D	0.9111	pathogenic
P05019	R125E	0.738	pathogenic
P05019	R125F	0.8429	pathogenic
P05019	R125G	0.5562	ambiguous
P05019	R125H	0.2476	benign
P05019	R125I	0.6727	pathogenic
P05019	R125K	0.2663	benign
P05019	R125L	0.5324	ambiguous
P05019	R125M	0.6995	pathogenic
P05019	R125N	0.8668	pathogenic
P05019	R125P	0.6032	pathogenic
P05019	R125Q	0.2498	benign
P05019	R125S	0.8435	pathogenic
P05019	R125T	0.7116	pathogenic
P05019	R125V	0.7309	pathogenic
P05019	R125W	0.3918	ambiguous
P05019	R125Y	0.6797	pathogenic
P05019	H126A	0.6981	pathogenic
P05019	H126C	0.6523	pathogenic
P05019	H126D	0.5772	pathogenic
P05019	H126E	0.7383	pathogenic
P05019	H126F	0.556	ambiguous
P05019	H126G	0.6737	pathogenic
P05019	H126I	0.6826	pathogenic
P05019	H126K	0.6697	pathogenic
P05019	H126L	0.3076	benign
P05019	H126M	0.7526	pathogenic
P05019	H126N	0.2945	benign
P05019	H126P	0.2306	benign
P05019	H126Q	0.5519	ambiguous
P05019	H126R	0.4138	ambiguous
P05019	H126S	0.6031	pathogenic
P05019	H126T	0.7125	pathogenic
P05019	H126V	0.6311	pathogenic
P05019	H126W	0.7186	pathogenic
P05019	H126Y	0.2804	benign
P05019	T127A	0.1665	benign
P05019	T127C	0.7962	pathogenic
P05019	T127D	0.7001	pathogenic
P05019	T127E	0.5893	pathogenic
P05019	T127F	0.6416	pathogenic
P05019	T127G	0.3643	ambiguous
P05019	T127H	0.5459	ambiguous
P05019	T127I	0.4667	ambiguous
P05019	T127K	0.3712	ambiguous
P05019	T127L	0.2536	benign
P05019	T127M	0.1728	benign
P05019	T127N	0.3736	ambiguous
P05019	T127P	0.2147	benign
P05019	T127Q	0.4045	ambiguous
P05019	T127R	0.2854	benign
P05019	T127S	0.2168	benign
P05019	T127V	0.3456	ambiguous
P05019	T127W	0.8003	pathogenic
P05019	T127Y	0.6925	pathogenic
P05019	D128A	0.444	ambiguous
P05019	D128C	0.9259	pathogenic
P05019	D128E	0.444	ambiguous
P05019	D128F	0.8855	pathogenic
P05019	D128G	0.4423	ambiguous
P05019	D128H	0.7054	pathogenic
P05019	D128I	0.7729	pathogenic
P05019	D128K	0.8357	pathogenic
P05019	D128L	0.7523	pathogenic
P05019	D128M	0.906	pathogenic
P05019	D128N	0.2843	benign
P05019	D128P	0.8326	pathogenic
P05019	D128Q	0.7725	pathogenic
P05019	D128R	0.8085	pathogenic
P05019	D128S	0.3269	benign
P05019	D128T	0.6044	pathogenic
P05019	D128V	0.5366	ambiguous
P05019	D128W	0.9749	pathogenic
P05019	D128Y	0.5775	pathogenic
P05019	M129A	0.2708	benign
P05019	M129C	0.6966	pathogenic
P05019	M129D	0.6567	pathogenic
P05019	M129E	0.416	ambiguous
P05019	M129F	0.2616	benign
P05019	M129G	0.3802	ambiguous
P05019	M129H	0.3872	ambiguous
P05019	M129I	0.2039	benign
P05019	M129K	0.1458	benign
P05019	M129L	0.1164	benign
P05019	M129N	0.3442	ambiguous
P05019	M129P	0.462	ambiguous
P05019	M129Q	0.2092	benign
P05019	M129R	0.1682	benign
P05019	M129S	0.2872	benign
P05019	M129T	0.1479	benign
P05019	M129V	0.0657	benign
P05019	M129W	0.5414	ambiguous
P05019	M129Y	0.4577	ambiguous
P05019	P130A	0.1504	benign
P05019	P130C	0.7197	pathogenic
P05019	P130D	0.6553	pathogenic
P05019	P130E	0.4457	ambiguous
P05019	P130F	0.6578	pathogenic
P05019	P130G	0.3713	ambiguous
P05019	P130H	0.3045	benign
P05019	P130I	0.4528	ambiguous
P05019	P130K	0.4106	ambiguous
P05019	P130L	0.1886	benign
P05019	P130M	0.4439	ambiguous
P05019	P130N	0.4752	ambiguous
P05019	P130Q	0.2191	benign
P05019	P130R	0.2828	benign
P05019	P130S	0.224	benign
P05019	P130T	0.1807	benign
P05019	P130V	0.321	benign
P05019	P130W	0.7234	pathogenic
P05019	P130Y	0.6081	pathogenic
P05019	K131A	0.4314	ambiguous
P05019	K131C	0.8592	pathogenic
P05019	K131D	0.7638	pathogenic
P05019	K131E	0.3464	ambiguous
P05019	K131F	0.886	pathogenic
P05019	K131G	0.5111	ambiguous
P05019	K131H	0.5023	ambiguous
P05019	K131I	0.5569	ambiguous
P05019	K131L	0.5032	ambiguous
P05019	K131M	0.4308	ambiguous
P05019	K131N	0.6759	pathogenic
P05019	K131P	0.5354	ambiguous
P05019	K131Q	0.2143	benign
P05019	K131R	0.0826	benign
P05019	K131S	0.5983	pathogenic
P05019	K131T	0.3648	ambiguous
P05019	K131V	0.4583	ambiguous
P05019	K131W	0.8692	pathogenic
P05019	K131Y	0.7958	pathogenic
P05019	T132A	0.0612	benign
P05019	T132C	0.4249	ambiguous
P05019	T132D	0.2591	benign
P05019	T132E	0.2209	benign
P05019	T132F	0.223	benign
P05019	T132G	0.1341	benign
P05019	T132H	0.2054	benign
P05019	T132I	0.1386	benign
P05019	T132K	0.1601	benign
P05019	T132L	0.1041	benign
P05019	T132M	0.0917	benign
P05019	T132N	0.0899	benign
P05019	T132P	0.0734	benign
P05019	T132Q	0.1587	benign
P05019	T132R	0.1494	benign
P05019	T132S	0.0856	benign
P05019	T132V	0.1074	benign
P05019	T132W	0.5103	ambiguous
P05019	T132Y	0.2288	benign
P05019	Q133A	0.1346	benign
P05019	Q133C	0.6254	pathogenic
P05019	Q133D	0.3332	benign
P05019	Q133E	0.0955	benign
P05019	Q133F	0.6518	pathogenic
P05019	Q133G	0.1682	benign
P05019	Q133H	0.2061	benign
P05019	Q133I	0.3299	benign
P05019	Q133K	0.1004	benign
P05019	Q133L	0.1298	benign
P05019	Q133M	0.3059	benign
P05019	Q133N	0.2459	benign
P05019	Q133P	0.0616	benign
P05019	Q133R	0.1034	benign
P05019	Q133S	0.1552	benign
P05019	Q133T	0.1492	benign
P05019	Q133V	0.1914	benign
P05019	Q133W	0.4474	ambiguous
P05019	Q133Y	0.4618	ambiguous
P05019	K134A	0.417	ambiguous
P05019	K134C	0.815	pathogenic
P05019	K134D	0.5716	pathogenic
P05019	K134E	0.2884	benign
P05019	K134F	0.8144	pathogenic
P05019	K134G	0.4447	ambiguous
P05019	K134H	0.3475	ambiguous
P05019	K134I	0.4007	ambiguous
P05019	K134L	0.4512	ambiguous
P05019	K134M	0.3277	benign
P05019	K134N	0.4076	ambiguous
P05019	K134P	0.4481	ambiguous
P05019	K134Q	0.1829	benign
P05019	K134R	0.0964	benign
P05019	K134S	0.4664	ambiguous
P05019	K134T	0.2361	benign
P05019	K134V	0.4217	ambiguous
P05019	K134W	0.8046	pathogenic
P05019	K134Y	0.6392	pathogenic
P05019	Y135A	0.181	benign
P05019	Y135C	0.1108	benign
P05019	Y135D	0.1308	benign
P05019	Y135E	0.2594	benign
P05019	Y135F	0.1032	benign
P05019	Y135G	0.1703	benign
P05019	Y135H	0.1207	benign
P05019	Y135I	0.1886	benign
P05019	Y135K	0.2304	benign
P05019	Y135L	0.2295	benign
P05019	Y135M	0.2867	benign
P05019	Y135N	0.0889	benign
P05019	Y135P	0.2247	benign
P05019	Y135Q	0.1969	benign
P05019	Y135R	0.1998	benign
P05019	Y135S	0.0913	benign
P05019	Y135T	0.1478	benign
P05019	Y135V	0.1533	benign
P05019	Y135W	0.279	benign
P05019	Q136A	0.124	benign
P05019	Q136C	0.3016	benign
P05019	Q136D	0.214	benign
P05019	Q136E	0.0887	benign
P05019	Q136F	0.3146	benign
P05019	Q136G	0.1453	benign
P05019	Q136H	0.0953	benign
P05019	Q136I	0.1718	benign
P05019	Q136K	0.072	benign
P05019	Q136L	0.0856	benign
P05019	Q136M	0.2128	benign
P05019	Q136N	0.1676	benign
P05019	Q136P	0.0745	benign
P05019	Q136R	0.0684	benign
P05019	Q136S	0.12	benign
P05019	Q136T	0.1073	benign
P05019	Q136V	0.1218	benign
P05019	Q136W	0.2167	benign
P05019	Q136Y	0.1999	benign
P05019	P137A	0.0678	benign
P05019	P137C	0.2347	benign
P05019	P137D	0.2017	benign
P05019	P137E	0.1492	benign
P05019	P137F	0.1762	benign
P05019	P137G	0.1483	benign
P05019	P137H	0.0766	benign
P05019	P137I	0.1131	benign
P05019	P137K	0.1052	benign
P05019	P137L	0.0689	benign
P05019	P137M	0.1415	benign
P05019	P137N	0.1345	benign
P05019	P137Q	0.0755	benign
P05019	P137R	0.0839	benign
P05019	P137S	0.0774	benign
P05019	P137T	0.0669	benign
P05019	P137V	0.0935	benign
P05019	P137W	0.2566	benign
P05019	P137Y	0.152	benign
P05019	P138A	0.0597	benign
P05019	P138C	0.2133	benign
P05019	P138D	0.1794	benign
P05019	P138E	0.1434	benign
P05019	P138F	0.1714	benign
P05019	P138G	0.1325	benign
P05019	P138H	0.0855	benign
P05019	P138I	0.1184	benign
P05019	P138K	0.1103	benign
P05019	P138L	0.0718	benign
P05019	P138M	0.153	benign
P05019	P138N	0.1378	benign
P05019	P138Q	0.0809	benign
P05019	P138R	0.0805	benign
P05019	P138S	0.071	benign
P05019	P138T	0.0641	benign
P05019	P138V	0.093	benign
P05019	P138W	0.2293	benign
P05019	P138Y	0.1625	benign
P05019	S139A	0.0647	benign
P05019	S139C	0.0993	benign
P05019	S139D	0.1739	benign
P05019	S139E	0.2094	benign
P05019	S139F	0.1158	benign
P05019	S139G	0.0735	benign
P05019	S139H	0.1397	benign
P05019	S139I	0.0985	benign
P05019	S139K	0.2126	benign
P05019	S139L	0.0847	benign
P05019	S139M	0.1369	benign
P05019	S139N	0.0915	benign
P05019	S139P	0.0665	benign
P05019	S139Q	0.1879	benign
P05019	S139R	0.1813	benign
P05019	S139T	0.067	benign
P05019	S139V	0.0971	benign
P05019	S139W	0.16	benign
P05019	S139Y	0.1045	benign
P05019	T140A	0.0672	benign
P05019	T140C	0.2811	benign
P05019	T140D	0.1713	benign
P05019	T140E	0.139	benign
P05019	T140F	0.1683	benign
P05019	T140G	0.1198	benign
P05019	T140H	0.1343	benign
P05019	T140I	0.1258	benign
P05019	T140K	0.0944	benign
P05019	T140L	0.0965	benign
P05019	T140M	0.0978	benign
P05019	T140N	0.0904	benign
P05019	T140P	0.07	benign
P05019	T140Q	0.1163	benign
P05019	T140R	0.0809	benign
P05019	T140S	0.0794	benign
P05019	T140V	0.1084	benign
P05019	T140W	0.2789	benign
P05019	T140Y	0.168	benign
P05019	N141A	0.0906	benign
P05019	N141C	0.1739	benign
P05019	N141D	0.0817	benign
P05019	N141E	0.1398	benign
P05019	N141F	0.2616	benign
P05019	N141G	0.1223	benign
P05019	N141H	0.0712	benign
P05019	N141I	0.1173	benign
P05019	N141K	0.0925	benign
P05019	N141L	0.1233	benign
P05019	N141M	0.174	benign
P05019	N141P	0.1318	benign
P05019	N141Q	0.1286	benign
P05019	N141R	0.1007	benign
P05019	N141S	0.0649	benign
P05019	N141T	0.0725	benign
P05019	N141V	0.1116	benign
P05019	N141W	0.3601	ambiguous
P05019	N141Y	0.1007	benign
P05019	K142A	0.2023	benign
P05019	K142C	0.5581	ambiguous
P05019	K142D	0.2951	benign
P05019	K142E	0.1067	benign
P05019	K142F	0.5813	pathogenic
P05019	K142G	0.197	benign
P05019	K142H	0.2428	benign
P05019	K142I	0.2549	benign
P05019	K142L	0.2646	benign
P05019	K142M	0.1915	benign
P05019	K142N	0.2342	benign
P05019	K142P	0.2895	benign
P05019	K142Q	0.1026	benign
P05019	K142R	0.0699	benign
P05019	K142S	0.2317	benign
P05019	K142T	0.1186	benign
P05019	K142V	0.2466	benign
P05019	K142W	0.4945	ambiguous
P05019	K142Y	0.427	ambiguous
P05019	N143A	0.1196	benign
P05019	N143C	0.2367	benign
P05019	N143D	0.0941	benign
P05019	N143E	0.1204	benign
P05019	N143F	0.2967	benign
P05019	N143G	0.1599	benign
P05019	N143H	0.0833	benign
P05019	N143I	0.114	benign
P05019	N143K	0.0689	benign
P05019	N143L	0.1307	benign
P05019	N143M	0.1489	benign
P05019	N143P	0.184	benign
P05019	N143Q	0.1226	benign
P05019	N143R	0.0969	benign
P05019	N143S	0.0899	benign
P05019	N143T	0.0877	benign
P05019	N143V	0.1243	benign
P05019	N143W	0.3777	ambiguous
P05019	N143Y	0.0978	benign
P05019	T144A	0.07	benign
P05019	T144C	0.3091	benign
P05019	T144D	0.1817	benign
P05019	T144E	0.1094	benign
P05019	T144F	0.1659	benign
P05019	T144G	0.1149	benign
P05019	T144H	0.1301	benign
P05019	T144I	0.1089	benign
P05019	T144K	0.0571	benign
P05019	T144L	0.0821	benign
P05019	T144M	0.073	benign
P05019	T144N	0.0954	benign
P05019	T144P	0.077	benign
P05019	T144Q	0.085	benign
P05019	T144R	0.0527	benign
P05019	T144S	0.0903	benign
P05019	T144V	0.0967	benign
P05019	T144W	0.2241	benign
P05019	T144Y	0.1581	benign
P05019	K145A	0.1505	benign
P05019	K145C	0.5749	pathogenic
P05019	K145D	0.2899	benign
P05019	K145E	0.1226	benign
P05019	K145F	0.4959	ambiguous
P05019	K145G	0.2054	benign
P05019	K145H	0.2273	benign
P05019	K145I	0.1951	benign
P05019	K145L	0.2161	benign
P05019	K145M	0.1778	benign
P05019	K145N	0.229	benign
P05019	K145P	0.2269	benign
P05019	K145Q	0.1163	benign
P05019	K145R	0.0734	benign
P05019	K145S	0.2023	benign
P05019	K145T	0.1068	benign
P05019	K145V	0.1824	benign
P05019	K145W	0.5567	ambiguous
P05019	K145Y	0.3994	ambiguous
P05019	S146A	0.0702	benign
P05019	S146C	0.1017	benign
P05019	S146D	0.2028	benign
P05019	S146E	0.1923	benign
P05019	S146F	0.1223	benign
P05019	S146G	0.0915	benign
P05019	S146H	0.1477	benign
P05019	S146I	0.1093	benign
P05019	S146K	0.197	benign
P05019	S146L	0.0814	benign
P05019	S146M	0.1441	benign
P05019	S146N	0.1121	benign
P05019	S146P	0.0674	benign
P05019	S146Q	0.1829	benign
P05019	S146R	0.1974	benign
P05019	S146T	0.0732	benign
P05019	S146V	0.1075	benign
P05019	S146W	0.1303	benign
P05019	S146Y	0.0912	benign
P05019	Q147A	0.1398	benign
P05019	Q147C	0.414	ambiguous
P05019	Q147D	0.1992	benign
P05019	Q147E	0.0693	benign
P05019	Q147F	0.4231	ambiguous
P05019	Q147G	0.1396	benign
P05019	Q147H	0.1337	benign
P05019	Q147I	0.2369	benign
P05019	Q147K	0.0753	benign
P05019	Q147L	0.1096	benign
P05019	Q147M	0.2686	benign
P05019	Q147N	0.1935	benign
P05019	Q147P	0.0765	benign
P05019	Q147R	0.0776	benign
P05019	Q147S	0.1434	benign
P05019	Q147T	0.1402	benign
P05019	Q147V	0.1566	benign
P05019	Q147W	0.2542	benign
P05019	Q147Y	0.2767	benign
P05019	R148A	0.2214	benign
P05019	R148C	0.2004	benign
P05019	R148D	0.3301	benign
P05019	R148E	0.1728	benign
P05019	R148F	0.3523	ambiguous
P05019	R148G	0.1174	benign
P05019	R148H	0.1096	benign
P05019	R148I	0.1759	benign
P05019	R148K	0.0846	benign
P05019	R148L	0.1666	benign
P05019	R148M	0.1792	benign
P05019	R148N	0.3173	benign
P05019	R148P	0.2021	benign
P05019	R148Q	0.0908	benign
P05019	R148S	0.2824	benign
P05019	R148T	0.155	benign
P05019	R148V	0.2168	benign
P05019	R148W	0.1302	benign
P05019	R148Y	0.2571	benign
P05019	R149A	0.2338	benign
P05019	R149C	0.2338	benign
P05019	R149D	0.356	ambiguous
P05019	R149E	0.1654	benign
P05019	R149F	0.4007	ambiguous
P05019	R149G	0.1161	benign
P05019	R149H	0.1309	benign
P05019	R149I	0.1974	benign
P05019	R149K	0.0855	benign
P05019	R149L	0.1847	benign
P05019	R149M	0.1906	benign
P05019	R149N	0.3594	ambiguous
P05019	R149P	0.2203	benign
P05019	R149Q	0.0911	benign
P05019	R149S	0.297	benign
P05019	R149T	0.1616	benign
P05019	R149V	0.2317	benign
P05019	R149W	0.1354	benign
P05019	R149Y	0.2958	benign
P05019	K150A	0.2058	benign
P05019	K150C	0.635	pathogenic
P05019	K150D	0.2928	benign
P05019	K150E	0.1084	benign
P05019	K150F	0.5669	pathogenic
P05019	K150G	0.2121	benign
P05019	K150H	0.2692	benign
P05019	K150I	0.2608	benign
P05019	K150L	0.2605	benign
P05019	K150M	0.1926	benign
P05019	K150N	0.2363	benign
P05019	K150P	0.2798	benign
P05019	K150Q	0.125	benign
P05019	K150R	0.078	benign
P05019	K150S	0.2479	benign
P05019	K150T	0.1315	benign
P05019	K150V	0.2666	benign
P05019	K150W	0.5454	ambiguous
P05019	K150Y	0.4503	ambiguous
P05019	G151A	0.0893	benign
P05019	G151C	0.1382	benign
P05019	G151D	0.0975	benign
P05019	G151E	0.0909	benign
P05019	G151F	0.2854	benign
P05019	G151H	0.1809	benign
P05019	G151I	0.1264	benign
P05019	G151K	0.1564	benign
P05019	G151L	0.2116	benign
P05019	G151M	0.2376	benign
P05019	G151N	0.1514	benign
P05019	G151P	0.3084	benign
P05019	G151Q	0.1549	benign
P05019	G151R	0.125	benign
P05019	G151S	0.093	benign
P05019	G151T	0.1	benign
P05019	G151V	0.09	benign
P05019	G151W	0.1713	benign
P05019	G151Y	0.1801	benign
P05019	W152A	0.0534	benign
P05019	W152C	0.1406	benign
P05019	W152D	0.0747	benign
P05019	W152E	0.0635	benign
P05019	W152F	0.0861	benign
P05019	W152G	0.0329	benign
P05019	W152H	0.1053	benign
P05019	W152I	0.0698	benign
P05019	W152K	0.0705	benign
P05019	W152L	0.0774	benign
P05019	W152M	0.1016	benign
P05019	W152N	0.0946	benign
P05019	W152P	0.1546	benign
P05019	W152Q	0.0862	benign
P05019	W152R	0.0745	benign
P05019	W152S	0.0545	benign
P05019	W152T	0.0513	benign
P05019	W152V	0.0557	benign
P05019	W152Y	0.1108	benign
P05019	P153A	0.0756	benign
P05019	P153C	0.2232	benign
P05019	P153D	0.1609	benign
P05019	P153E	0.1047	benign
P05019	P153F	0.2207	benign
P05019	P153G	0.1236	benign
P05019	P153H	0.092	benign
P05019	P153I	0.1639	benign
P05019	P153K	0.0872	benign
P05019	P153L	0.088	benign
P05019	P153M	0.1716	benign
P05019	P153N	0.1429	benign
P05019	P153Q	0.0709	benign
P05019	P153R	0.0713	benign
P05019	P153S	0.0885	benign
P05019	P153T	0.0791	benign
P05019	P153V	0.1246	benign
P05019	P153W	0.2176	benign
P05019	P153Y	0.1855	benign
P05019	K154A	0.1213	benign
P05019	K154C	0.4789	ambiguous
P05019	K154D	0.1906	benign
P05019	K154E	0.0748	benign
P05019	K154F	0.3997	ambiguous
P05019	K154G	0.1506	benign
P05019	K154H	0.2003	benign
P05019	K154I	0.174	benign
P05019	K154L	0.1621	benign
P05019	K154M	0.1339	benign
P05019	K154N	0.1653	benign
P05019	K154P	0.1892	benign
P05019	K154Q	0.0894	benign
P05019	K154R	0.0698	benign
P05019	K154S	0.1566	benign
P05019	K154T	0.0951	benign
P05019	K154V	0.1457	benign
P05019	K154W	0.4621	ambiguous
P05019	K154Y	0.3302	benign
P05019	T155A	0.0732	benign
P05019	T155C	0.3006	benign
P05019	T155D	0.1459	benign
P05019	T155E	0.091	benign
P05019	T155F	0.1587	benign
P05019	T155G	0.1225	benign
P05019	T155H	0.1193	benign
P05019	T155I	0.1009	benign
P05019	T155K	0.0541	benign
P05019	T155L	0.0861	benign
P05019	T155M	0.0776	benign
P05019	T155N	0.0741	benign
P05019	T155P	0.0745	benign
P05019	T155Q	0.0837	benign
P05019	T155R	0.0595	benign
P05019	T155S	0.0875	benign
P05019	T155V	0.1	benign
P05019	T155W	0.2482	benign
P05019	T155Y	0.1425	benign
P05019	H156A	0.1117	benign
P05019	H156C	0.0961	benign
P05019	H156D	0.0997	benign
P05019	H156E	0.1286	benign
P05019	H156F	0.1497	benign
P05019	H156G	0.1263	benign
P05019	H156I	0.1339	benign
P05019	H156K	0.1059	benign
P05019	H156L	0.0847	benign
P05019	H156M	0.2307	benign
P05019	H156N	0.0859	benign
P05019	H156P	0.0768	benign
P05019	H156Q	0.0932	benign
P05019	H156R	0.0665	benign
P05019	H156S	0.1058	benign
P05019	H156T	0.1152	benign
P05019	H156V	0.1128	benign
P05019	H156W	0.1664	benign
P05019	H156Y	0.0737	benign
P05019	P157A	0.0648	benign
P05019	P157C	0.1833	benign
P05019	P157D	0.1474	benign
P05019	P157E	0.1086	benign
P05019	P157F	0.1785	benign
P05019	P157G	0.1217	benign
P05019	P157H	0.0798	benign
P05019	P157I	0.1361	benign
P05019	P157K	0.0916	benign
P05019	P157L	0.077	benign
P05019	P157M	0.1618	benign
P05019	P157N	0.1455	benign
P05019	P157Q	0.0775	benign
P05019	P157R	0.065	benign
P05019	P157S	0.0781	benign
P05019	P157T	0.0662	benign
P05019	P157V	0.1057	benign
P05019	P157W	0.1835	benign
P05019	P157Y	0.1644	benign
P05019	G158A	0.0676	benign
P05019	G158C	0.1296	benign
P05019	G158D	0.0923	benign
P05019	G158E	0.0669	benign
P05019	G158F	0.2246	benign
P05019	G158H	0.1349	benign
P05019	G158I	0.1152	benign
P05019	G158K	0.0848	benign
P05019	G158L	0.1466	benign
P05019	G158M	0.1756	benign
P05019	G158N	0.1527	benign
P05019	G158P	0.1988	benign
P05019	G158Q	0.0929	benign
P05019	G158R	0.0675	benign
P05019	G158S	0.0906	benign
P05019	G158T	0.0777	benign
P05019	G158V	0.0831	benign
P05019	G158W	0.1237	benign
P05019	G158Y	0.1666	benign
P05019	G159A	0.0818	benign
P05019	G159C	0.1298	benign
P05019	G159D	0.0898	benign
P05019	G159E	0.0733	benign
P05019	G159F	0.2248	benign
P05019	G159H	0.1469	benign
P05019	G159I	0.1165	benign
P05019	G159K	0.0924	benign
P05019	G159L	0.1558	benign
P05019	G159M	0.1793	benign
P05019	G159N	0.1436	benign
P05019	G159P	0.249	benign
P05019	G159Q	0.1068	benign
P05019	G159R	0.0756	benign
P05019	G159S	0.0876	benign
P05019	G159T	0.0853	benign
P05019	G159V	0.0873	benign
P05019	G159W	0.1248	benign
P05019	G159Y	0.1674	benign
P05019	E160A	0.0998	benign
P05019	E160C	0.4297	ambiguous
P05019	E160D	0.1015	benign
P05019	E160F	0.2899	benign
P05019	E160G	0.0792	benign
P05019	E160H	0.1685	benign
P05019	E160I	0.1447	benign
P05019	E160K	0.0643	benign
P05019	E160L	0.1491	benign
P05019	E160M	0.1917	benign
P05019	E160N	0.1339	benign
P05019	E160P	0.1851	benign
P05019	E160Q	0.0778	benign
P05019	E160R	0.0886	benign
P05019	E160S	0.1165	benign
P05019	E160T	0.1163	benign
P05019	E160V	0.1084	benign
P05019	E160W	0.3844	ambiguous
P05019	E160Y	0.2293	benign
P05019	Q161A	0.1272	benign
P05019	Q161C	0.3404	ambiguous
P05019	Q161D	0.1615	benign
P05019	Q161E	0.0642	benign
P05019	Q161F	0.4019	ambiguous
P05019	Q161G	0.1077	benign
P05019	Q161H	0.1336	benign
P05019	Q161I	0.1981	benign
P05019	Q161K	0.0634	benign
P05019	Q161L	0.1017	benign
P05019	Q161M	0.2045	benign
P05019	Q161N	0.1549	benign
P05019	Q161P	0.0763	benign
P05019	Q161R	0.0725	benign
P05019	Q161S	0.1428	benign
P05019	Q161T	0.1186	benign
P05019	Q161V	0.1397	benign
P05019	Q161W	0.2141	benign
P05019	Q161Y	0.2455	benign
P05019	K162A	0.1296	benign
P05019	K162C	0.4623	ambiguous
P05019	K162D	0.1814	benign
P05019	K162E	0.071	benign
P05019	K162F	0.4104	ambiguous
P05019	K162G	0.1402	benign
P05019	K162H	0.1886	benign
P05019	K162I	0.1674	benign
P05019	K162L	0.153	benign
P05019	K162M	0.1187	benign
P05019	K162N	0.1306	benign
P05019	K162P	0.1903	benign
P05019	K162Q	0.0868	benign
P05019	K162R	0.0726	benign
P05019	K162S	0.155	benign
P05019	K162T	0.0835	benign
P05019	K162V	0.1547	benign
P05019	K162W	0.4084	ambiguous
P05019	K162Y	0.3153	benign
P05019	E163A	0.0762	benign
P05019	E163C	0.4244	ambiguous
P05019	E163D	0.0942	benign
P05019	E163F	0.3023	benign
P05019	E163G	0.0696	benign
P05019	E163H	0.177	benign
P05019	E163I	0.139	benign
P05019	E163K	0.0667	benign
P05019	E163L	0.141	benign
P05019	E163M	0.1801	benign
P05019	E163N	0.1204	benign
P05019	E163P	0.1543	benign
P05019	E163Q	0.0859	benign
P05019	E163R	0.0923	benign
P05019	E163S	0.106	benign
P05019	E163T	0.0972	benign
P05019	E163V	0.0908	benign
P05019	E163W	0.3931	ambiguous
P05019	E163Y	0.2326	benign
P05019	G164A	0.0838	benign
P05019	G164C	0.1385	benign
P05019	G164D	0.081	benign
P05019	G164E	0.0771	benign
P05019	G164F	0.253	benign
P05019	G164H	0.1625	benign
P05019	G164I	0.1182	benign
P05019	G164K	0.1153	benign
P05019	G164L	0.1898	benign
P05019	G164M	0.2018	benign
P05019	G164N	0.1277	benign
P05019	G164P	0.2841	benign
P05019	G164Q	0.1316	benign
P05019	G164R	0.1024	benign
P05019	G164S	0.091	benign
P05019	G164T	0.0939	benign
P05019	G164V	0.0836	benign
P05019	G164W	0.1599	benign
P05019	G164Y	0.1595	benign
P05019	T165A	0.0705	benign
P05019	T165C	0.3158	benign
P05019	T165D	0.1574	benign
P05019	T165E	0.0936	benign
P05019	T165F	0.1668	benign
P05019	T165G	0.1211	benign
P05019	T165H	0.1464	benign
P05019	T165I	0.1136	benign
P05019	T165K	0.0578	benign
P05019	T165L	0.0922	benign
P05019	T165M	0.0795	benign
P05019	T165N	0.094	benign
P05019	T165P	0.0818	benign
P05019	T165Q	0.0936	benign
P05019	T165R	0.0561	benign
P05019	T165S	0.0936	benign
P05019	T165V	0.107	benign
P05019	T165W	0.2381	benign
P05019	T165Y	0.1834	benign
P05019	E166A	0.0834	benign
P05019	E166C	0.5332	ambiguous
P05019	E166D	0.0987	benign
P05019	E166F	0.3894	ambiguous
P05019	E166G	0.0804	benign
P05019	E166H	0.1974	benign
P05019	E166I	0.1982	benign
P05019	E166K	0.0705	benign
P05019	E166L	0.177	benign
P05019	E166M	0.228	benign
P05019	E166N	0.1458	benign
P05019	E166P	0.1844	benign
P05019	E166Q	0.0945	benign
P05019	E166R	0.1025	benign
P05019	E166S	0.1203	benign
P05019	E166T	0.1137	benign
P05019	E166V	0.1194	benign
P05019	E166W	0.4931	ambiguous
P05019	E166Y	0.2983	benign
P05019	A167C	0.2797	benign
P05019	A167D	0.0883	benign
P05019	A167E	0.085	benign
P05019	A167F	0.1662	benign
P05019	A167G	0.08	benign
P05019	A167H	0.1872	benign
P05019	A167I	0.1353	benign
P05019	A167K	0.1204	benign
P05019	A167L	0.118	benign
P05019	A167M	0.1382	benign
P05019	A167N	0.1127	benign
P05019	A167P	0.0903	benign
P05019	A167Q	0.1385	benign
P05019	A167R	0.1241	benign
P05019	A167S	0.0812	benign
P05019	A167T	0.0668	benign
P05019	A167V	0.0874	benign
P05019	A167W	0.2869	benign
P05019	A167Y	0.1796	benign
P05019	S168A	0.0731	benign
P05019	S168C	0.0861	benign
P05019	S168D	0.1248	benign
P05019	S168E	0.1685	benign
P05019	S168F	0.1237	benign
P05019	S168G	0.0747	benign
P05019	S168H	0.1327	benign
P05019	S168I	0.0994	benign
P05019	S168K	0.1811	benign
P05019	S168L	0.0987	benign
P05019	S168M	0.1675	benign
P05019	S168N	0.0823	benign
P05019	S168P	0.0851	benign
P05019	S168Q	0.1788	benign
P05019	S168R	0.1398	benign
P05019	S168T	0.0729	benign
P05019	S168V	0.1062	benign
P05019	S168W	0.1644	benign
P05019	S168Y	0.1059	benign
P05019	L169A	0.0825	benign
P05019	L169C	0.1577	benign
P05019	L169D	0.148	benign
P05019	L169E	0.0706	benign
P05019	L169F	0.0818	benign
P05019	L169G	0.1069	benign
P05019	L169H	0.0627	benign
P05019	L169I	0.0797	benign
P05019	L169K	0.0562	benign
P05019	L169M	0.0877	benign
P05019	L169N	0.106	benign
P05019	L169P	0.0583	benign
P05019	L169Q	0.0387	benign
P05019	L169R	0.0463	benign
P05019	L169S	0.0767	benign
P05019	L169T	0.0791	benign
P05019	L169V	0.0695	benign
P05019	L169W	0.0664	benign
P05019	L169Y	0.1168	benign
P05019	Q170A	0.1127	benign
P05019	Q170C	0.308	benign
P05019	Q170D	0.1603	benign
P05019	Q170E	0.0693	benign
P05019	Q170F	0.3232	benign
P05019	Q170G	0.1275	benign
P05019	Q170H	0.1074	benign
P05019	Q170I	0.1852	benign
P05019	Q170K	0.0729	benign
P05019	Q170L	0.0923	benign
P05019	Q170M	0.2034	benign
P05019	Q170N	0.1514	benign
P05019	Q170P	0.0658	benign
P05019	Q170R	0.0738	benign
P05019	Q170S	0.1301	benign
P05019	Q170T	0.1131	benign
P05019	Q170V	0.1288	benign
P05019	Q170W	0.1995	benign
P05019	Q170Y	0.2093	benign
P05019	I171A	0.1288	benign
P05019	I171C	0.2744	benign
P05019	I171D	0.1644	benign
P05019	I171E	0.1089	benign
P05019	I171F	0.0708	benign
P05019	I171G	0.1682	benign
P05019	I171H	0.1269	benign
P05019	I171K	0.0754	benign
P05019	I171L	0.0683	benign
P05019	I171M	0.057	benign
P05019	I171N	0.0653	benign
P05019	I171P	0.1605	benign
P05019	I171Q	0.093	benign
P05019	I171R	0.0618	benign
P05019	I171S	0.0899	benign
P05019	I171T	0.1181	benign
P05019	I171V	0.0791	benign
P05019	I171W	0.2181	benign
P05019	I171Y	0.1419	benign
P05019	R172A	0.1428	benign
P05019	R172C	0.2418	benign
P05019	R172D	0.2593	benign
P05019	R172E	0.1332	benign
P05019	R172F	0.3277	benign
P05019	R172G	0.0964	benign
P05019	R172H	0.127	benign
P05019	R172I	0.1451	benign
P05019	R172K	0.0708	benign
P05019	R172L	0.1524	benign
P05019	R172M	0.1545	benign
P05019	R172N	0.2703	benign
P05019	R172P	0.1622	benign
P05019	R172Q	0.0914	benign
P05019	R172S	0.1962	benign
P05019	R172T	0.0977	benign
P05019	R172V	0.179	benign
P05019	R172W	0.1348	benign
P05019	R172Y	0.2794	benign
P05019	G173A	0.0965	benign
P05019	G173C	0.1455	benign
P05019	G173D	0.0974	benign
P05019	G173E	0.0726	benign
P05019	G173F	0.2791	benign
P05019	G173H	0.1616	benign
P05019	G173I	0.1524	benign
P05019	G173K	0.1168	benign
P05019	G173L	0.18	benign
P05019	G173M	0.2283	benign
P05019	G173N	0.1454	benign
P05019	G173P	0.2481	benign
P05019	G173Q	0.1107	benign
P05019	G173R	0.1021	benign
P05019	G173S	0.1024	benign
P05019	G173T	0.1085	benign
P05019	G173V	0.104	benign
P05019	G173W	0.1291	benign
P05019	G173Y	0.1692	benign
P05019	K174A	0.1555	benign
P05019	K174C	0.445	ambiguous
P05019	K174D	0.1966	benign
P05019	K174E	0.0749	benign
P05019	K174F	0.3933	ambiguous
P05019	K174G	0.1368	benign
P05019	K174H	0.1958	benign
P05019	K174I	0.1727	benign
P05019	K174L	0.1558	benign
P05019	K174M	0.133	benign
P05019	K174N	0.1565	benign
P05019	K174P	0.2004	benign
P05019	K174Q	0.0827	benign
P05019	K174R	0.0658	benign
P05019	K174S	0.1671	benign
P05019	K174T	0.1051	benign
P05019	K174V	0.1675	benign
P05019	K174W	0.3266	benign
P05019	K174Y	0.3021	benign
P05019	K175A	0.1881	benign
P05019	K175C	0.5182	ambiguous
P05019	K175D	0.2441	benign
P05019	K175E	0.0872	benign
P05019	K175F	0.4658	ambiguous
P05019	K175G	0.1569	benign
P05019	K175H	0.2267	benign
P05019	K175I	0.1976	benign
P05019	K175L	0.1807	benign
P05019	K175M	0.1281	benign
P05019	K175N	0.1921	benign
P05019	K175P	0.2228	benign
P05019	K175Q	0.0906	benign
P05019	K175R	0.0678	benign
P05019	K175S	0.2145	benign
P05019	K175T	0.1186	benign
P05019	K175V	0.187	benign
P05019	K175W	0.3969	ambiguous
P05019	K175Y	0.327	benign
P05019	K176A	0.1529	benign
P05019	K176C	0.5742	pathogenic
P05019	K176D	0.2215	benign
P05019	K176E	0.0805	benign
P05019	K176F	0.4999	ambiguous
P05019	K176G	0.1485	benign
P05019	K176H	0.2464	benign
P05019	K176I	0.2038	benign
P05019	K176L	0.1983	benign
P05019	K176M	0.1396	benign
P05019	K176N	0.1786	benign
P05019	K176P	0.2228	benign
P05019	K176Q	0.1033	benign
P05019	K176R	0.0759	benign
P05019	K176S	0.1958	benign
P05019	K176T	0.0948	benign
P05019	K176V	0.1865	benign
P05019	K176W	0.4545	ambiguous
P05019	K176Y	0.3663	ambiguous
P05019	E177A	0.0943	benign
P05019	E177C	0.4663	ambiguous
P05019	E177D	0.11	benign
P05019	E177F	0.3447	ambiguous
P05019	E177G	0.0698	benign
P05019	E177H	0.1863	benign
P05019	E177I	0.1678	benign
P05019	E177K	0.0782	benign
P05019	E177L	0.1649	benign
P05019	E177M	0.2231	benign
P05019	E177N	0.1418	benign
P05019	E177P	0.1738	benign
P05019	E177Q	0.0811	benign
P05019	E177R	0.1099	benign
P05019	E177S	0.1202	benign
P05019	E177T	0.1208	benign
P05019	E177V	0.1127	benign
P05019	E177W	0.4143	ambiguous
P05019	E177Y	0.2459	benign
P05019	Q178A	0.122	benign
P05019	Q178C	0.38	ambiguous
P05019	Q178D	0.1627	benign
P05019	Q178E	0.0656	benign
P05019	Q178F	0.3835	ambiguous
P05019	Q178G	0.1076	benign
P05019	Q178H	0.1404	benign
P05019	Q178I	0.2032	benign
P05019	Q178K	0.0726	benign
P05019	Q178L	0.107	benign
P05019	Q178M	0.2233	benign
P05019	Q178N	0.1603	benign
P05019	Q178P	0.0767	benign
P05019	Q178R	0.0785	benign
P05019	Q178S	0.1397	benign
P05019	Q178T	0.1217	benign
P05019	Q178V	0.1413	benign
P05019	Q178W	0.2286	benign
P05019	Q178Y	0.2503	benign
P05019	R179A	0.1924	benign
P05019	R179C	0.2139	benign
P05019	R179D	0.269	benign
P05019	R179E	0.1416	benign
P05019	R179F	0.327	benign
P05019	R179G	0.1034	benign
P05019	R179H	0.1269	benign
P05019	R179I	0.1518	benign
P05019	R179K	0.0853	benign
P05019	R179L	0.1567	benign
P05019	R179M	0.18	benign
P05019	R179N	0.2956	benign
P05019	R179P	0.1818	benign
P05019	R179Q	0.0948	benign
P05019	R179S	0.2458	benign
P05019	R179T	0.1426	benign
P05019	R179V	0.1894	benign
P05019	R179W	0.1398	benign
P05019	R179Y	0.2525	benign
P05019	R180A	0.1412	benign
P05019	R180C	0.276	benign
P05019	R180D	0.246	benign
P05019	R180E	0.1172	benign
P05019	R180F	0.3091	benign
P05019	R180G	0.0832	benign
P05019	R180H	0.1464	benign
P05019	R180I	0.128	benign
P05019	R180K	0.0758	benign
P05019	R180L	0.1311	benign
P05019	R180M	0.1439	benign
P05019	R180N	0.2803	benign
P05019	R180P	0.1773	benign
P05019	R180Q	0.0951	benign
P05019	R180S	0.2128	benign
P05019	R180T	0.1023	benign
P05019	R180V	0.1539	benign
P05019	R180W	0.1376	benign
P05019	R180Y	0.275	benign
P05019	E181A	0.102	benign
P05019	E181C	0.4906	ambiguous
P05019	E181D	0.0951	benign
P05019	E181F	0.3709	ambiguous
P05019	E181G	0.0752	benign
P05019	E181H	0.1923	benign
P05019	E181I	0.1862	benign
P05019	E181K	0.0899	benign
P05019	E181L	0.1893	benign
P05019	E181M	0.2468	benign
P05019	E181N	0.1363	benign
P05019	E181P	0.2132	benign
P05019	E181Q	0.0932	benign
P05019	E181R	0.1196	benign
P05019	E181S	0.1312	benign
P05019	E181T	0.1326	benign
P05019	E181V	0.1215	benign
P05019	E181W	0.4568	ambiguous
P05019	E181Y	0.2577	benign
P05019	I182A	0.0535	benign
P05019	I182C	0.2809	benign
P05019	I182D	0.1157	benign
P05019	I182E	0.0856	benign
P05019	I182F	0.0741	benign
P05019	I182G	0.1218	benign
P05019	I182H	0.1263	benign
P05019	I182K	0.0615	benign
P05019	I182L	0.0754	benign
P05019	I182M	0.0578	benign
P05019	I182N	0.0568	benign
P05019	I182P	0.0985	benign
P05019	I182Q	0.0944	benign
P05019	I182R	0.0514	benign
P05019	I182S	0.0619	benign
P05019	I182T	0.0394	benign
P05019	I182V	0.074	benign
P05019	I182W	0.2202	benign
P05019	I182Y	0.1445	benign
P05019	G183A	0.0819	benign
P05019	G183C	0.1219	benign
P05019	G183D	0.1092	benign
P05019	G183E	0.104	benign
P05019	G183F	0.2183	benign
P05019	G183H	0.148	benign
P05019	G183I	0.1159	benign
P05019	G183K	0.1499	benign
P05019	G183L	0.1696	benign
P05019	G183M	0.2549	benign
P05019	G183N	0.1717	benign
P05019	G183P	0.2058	benign
P05019	G183Q	0.1402	benign
P05019	G183R	0.1028	benign
P05019	G183S	0.0892	benign
P05019	G183T	0.0919	benign
P05019	G183V	0.0907	benign
P05019	G183W	0.1362	benign
P05019	G183Y	0.1651	benign
P05019	S184A	0.0572	benign
P05019	S184C	0.0832	benign
P05019	S184D	0.0997	benign
P05019	S184E	0.1115	benign
P05019	S184F	0.1085	benign
P05019	S184G	0.0591	benign
P05019	S184H	0.1245	benign
P05019	S184I	0.0953	benign
P05019	S184K	0.1419	benign
P05019	S184L	0.0883	benign
P05019	S184M	0.1358	benign
P05019	S184N	0.0789	benign
P05019	S184P	0.0751	benign
P05019	S184Q	0.1432	benign
P05019	S184R	0.1227	benign
P05019	S184T	0.0699	benign
P05019	S184V	0.0946	benign
P05019	S184W	0.122	benign
P05019	S184Y	0.0877	benign
P05019	R185A	0.1446	benign
P05019	R185C	0.2326	benign
P05019	R185D	0.2212	benign
P05019	R185E	0.1247	benign
P05019	R185F	0.3027	benign
P05019	R185G	0.0872	benign
P05019	R185H	0.1301	benign
P05019	R185I	0.1507	benign
P05019	R185K	0.0838	benign
P05019	R185L	0.1458	benign
P05019	R185M	0.1824	benign
P05019	R185N	0.2739	benign
P05019	R185P	0.1693	benign
P05019	R185Q	0.0907	benign
P05019	R185S	0.2014	benign
P05019	R185T	0.1193	benign
P05019	R185V	0.1667	benign
P05019	R185W	0.1313	benign
P05019	R185Y	0.2602	benign
P05019	N186A	0.1411	benign
P05019	N186C	0.2472	benign
P05019	N186D	0.0935	benign
P05019	N186E	0.1439	benign
P05019	N186F	0.2641	benign
P05019	N186G	0.1657	benign
P05019	N186H	0.0899	benign
P05019	N186I	0.1312	benign
P05019	N186K	0.1083	benign
P05019	N186L	0.1569	benign
P05019	N186M	0.2054	benign
P05019	N186P	0.1751	benign
P05019	N186Q	0.176	benign
P05019	N186R	0.1357	benign
P05019	N186S	0.0979	benign
P05019	N186T	0.1009	benign
P05019	N186V	0.1431	benign
P05019	N186W	0.405	ambiguous
P05019	N186Y	0.0972	benign
P05019	A187C	0.2163	benign
P05019	A187D	0.0925	benign
P05019	A187E	0.0931	benign
P05019	A187F	0.1571	benign
P05019	A187G	0.0755	benign
P05019	A187H	0.1626	benign
P05019	A187I	0.1446	benign
P05019	A187K	0.1218	benign
P05019	A187L	0.1119	benign
P05019	A187M	0.151	benign
P05019	A187N	0.1221	benign
P05019	A187P	0.0914	benign
P05019	A187Q	0.1305	benign
P05019	A187R	0.103	benign
P05019	A187S	0.0733	benign
P05019	A187T	0.0683	benign
P05019	A187V	0.0955	benign
P05019	A187W	0.2316	benign
P05019	A187Y	0.17	benign
P05019	E188A	0.0751	benign
P05019	E188C	0.351	ambiguous
P05019	E188D	0.0836	benign
P05019	E188F	0.2626	benign
P05019	E188G	0.068	benign
P05019	E188H	0.1562	benign
P05019	E188I	0.1543	benign
P05019	E188K	0.0871	benign
P05019	E188L	0.1563	benign
P05019	E188M	0.2343	benign
P05019	E188N	0.1267	benign
P05019	E188P	0.1549	benign
P05019	E188Q	0.085	benign
P05019	E188R	0.0995	benign
P05019	E188S	0.0946	benign
P05019	E188T	0.1066	benign
P05019	E188V	0.1023	benign
P05019	E188W	0.364	ambiguous
P05019	E188Y	0.212	benign
P05019	C189A	0.1035	benign
P05019	C189D	0.0879	benign
P05019	C189E	0.1143	benign
P05019	C189F	0.0847	benign
P05019	C189G	0.061	benign
P05019	C189H	0.0741	benign
P05019	C189I	0.1437	benign
P05019	C189K	0.1042	benign
P05019	C189L	0.1321	benign
P05019	C189M	0.2398	benign
P05019	C189N	0.0903	benign
P05019	C189P	0.1375	benign
P05019	C189Q	0.0934	benign
P05019	C189R	0.0628	benign
P05019	C189S	0.0906	benign
P05019	C189T	0.1207	benign
P05019	C189V	0.1294	benign
P05019	C189W	0.1206	benign
P05019	C189Y	0.0657	benign
P05019	R190A	0.1261	benign
P05019	R190C	0.2228	benign
P05019	R190D	0.2109	benign
P05019	R190E	0.1207	benign
P05019	R190F	0.2752	benign
P05019	R190G	0.0798	benign
P05019	R190H	0.1263	benign
P05019	R190I	0.1334	benign
P05019	R190K	0.0775	benign
P05019	R190L	0.1313	benign
P05019	R190M	0.1588	benign
P05019	R190N	0.2483	benign
P05019	R190P	0.1428	benign
P05019	R190Q	0.0955	benign
P05019	R190S	0.1762	benign
P05019	R190T	0.1015	benign
P05019	R190V	0.158	benign
P05019	R190W	0.1387	benign
P05019	R190Y	0.2531	benign
P05019	G191A	0.1063	benign
P05019	G191C	0.1446	benign
P05019	G191D	0.0917	benign
P05019	G191E	0.0766	benign
P05019	G191F	0.2771	benign
P05019	G191H	0.1714	benign
P05019	G191I	0.1552	benign
P05019	G191K	0.1237	benign
P05019	G191L	0.1915	benign
P05019	G191M	0.2587	benign
P05019	G191N	0.1519	benign
P05019	G191P	0.2724	benign
P05019	G191Q	0.1238	benign
P05019	G191R	0.1037	benign
P05019	G191S	0.1049	benign
P05019	G191T	0.1261	benign
P05019	G191V	0.1109	benign
P05019	G191W	0.1362	benign
P05019	G191Y	0.1793	benign
P05019	K192A	0.1409	benign
P05019	K192C	0.3922	ambiguous
P05019	K192D	0.1589	benign
P05019	K192E	0.069	benign
P05019	K192F	0.3326	benign
P05019	K192G	0.1097	benign
P05019	K192H	0.187	benign
P05019	K192I	0.1714	benign
P05019	K192L	0.1527	benign
P05019	K192M	0.1455	benign
P05019	K192N	0.1348	benign
P05019	K192P	0.1881	benign
P05019	K192Q	0.0861	benign
P05019	K192R	0.0683	benign
P05019	K192S	0.1413	benign
P05019	K192T	0.1055	benign
P05019	K192V	0.156	benign
P05019	K192W	0.3294	benign
P05019	K192Y	0.2687	benign
P05019	K193A	0.0965	benign
P05019	K193C	0.3697	ambiguous
P05019	K193D	0.1251	benign
P05019	K193E	0.0717	benign
P05019	K193F	0.2824	benign
P05019	K193G	0.1066	benign
P05019	K193H	0.1474	benign
P05019	K193I	0.1369	benign
P05019	K193L	0.1328	benign
P05019	K193M	0.1265	benign
P05019	K193N	0.0939	benign
P05019	K193P	0.1352	benign
P05019	K193Q	0.092	benign
P05019	K193R	0.0671	benign
P05019	K193S	0.1157	benign
P05019	K193T	0.0711	benign
P05019	K193V	0.1321	benign
P05019	K193W	0.3391	benign
P05019	K193Y	0.2128	benign
P05019	G194A	0.0883	benign
P05019	G194C	0.1383	benign
P05019	G194D	0.0822	benign
P05019	G194E	0.0635	benign
P05019	G194F	0.254	benign
P05019	G194H	0.1656	benign
P05019	G194I	0.1346	benign
P05019	G194K	0.1016	benign
P05019	G194L	0.1662	benign
P05019	G194M	0.2124	benign
P05019	G194N	0.1304	benign
P05019	G194P	0.2081	benign
P05019	G194Q	0.111	benign
P05019	G194R	0.0882	benign
P05019	G194S	0.0994	benign
P05019	G194T	0.0971	benign
P05019	G194V	0.0968	benign
P05019	G194W	0.1239	benign
P05019	G194Y	0.1696	benign
P05019	K195A	0.1519	benign
P05019	K195C	0.3692	ambiguous
P05019	K195D	0.1764	benign
P05019	K195E	0.077	benign
P05019	K195F	0.3478	ambiguous
P05019	K195G	0.1506	benign
P05019	K195H	0.1966	benign
P05019	K195I	0.1994	benign
P05019	K195L	0.1568	benign
P05019	K195M	0.1524	benign
P05019	K195N	0.1496	benign
P05019	K195P	0.1973	benign
P05019	K195Q	0.0941	benign
P05019	K195R	0.0676	benign
P05019	K195S	0.1551	benign
P05019	K195T	0.1132	benign
P05019	K195V	0.1702	benign
P05019	K195W	0.399	ambiguous
P05019	K195Y	0.2982	benign
