P12277	M1A	0.5376	ambiguous
P12277	M1C	0.4101	ambiguous
P12277	M1D	0.941	pathogenic
P12277	M1E	0.8169	pathogenic
P12277	M1F	0.2614	benign
P12277	M1G	0.6807	pathogenic
P12277	M1H	0.7772	pathogenic
P12277	M1I	0.46	ambiguous
P12277	M1K	0.6701	pathogenic
P12277	M1L	0.1475	benign
P12277	M1N	0.7452	pathogenic
P12277	M1P	0.6395	pathogenic
P12277	M1Q	0.4603	ambiguous
P12277	M1R	0.625	pathogenic
P12277	M1S	0.56	ambiguous
P12277	M1T	0.6243	pathogenic
P12277	M1V	0.1262	benign
P12277	M1W	0.6928	pathogenic
P12277	M1Y	0.6034	pathogenic
P12277	P2A	0.2189	benign
P12277	P2C	0.7305	pathogenic
P12277	P2D	0.656	pathogenic
P12277	P2E	0.5869	pathogenic
P12277	P2F	0.7774	pathogenic
P12277	P2G	0.4037	ambiguous
P12277	P2H	0.5349	ambiguous
P12277	P2I	0.6536	pathogenic
P12277	P2K	0.6563	pathogenic
P12277	P2L	0.4997	ambiguous
P12277	P2M	0.7431	pathogenic
P12277	P2N	0.5875	pathogenic
P12277	P2Q	0.4855	ambiguous
P12277	P2R	0.4582	ambiguous
P12277	P2S	0.3422	ambiguous
P12277	P2T	0.3184	benign
P12277	P2V	0.5038	ambiguous
P12277	P2W	0.8917	pathogenic
P12277	P2Y	0.7121	pathogenic
P12277	F3A	0.5724	pathogenic
P12277	F3C	0.5113	ambiguous
P12277	F3D	0.7919	pathogenic
P12277	F3E	0.8348	pathogenic
P12277	F3G	0.6944	pathogenic
P12277	F3H	0.7208	pathogenic
P12277	F3I	0.5267	ambiguous
P12277	F3K	0.878	pathogenic
P12277	F3L	0.9062	pathogenic
P12277	F3M	0.7454	pathogenic
P12277	F3N	0.7162	pathogenic
P12277	F3P	0.8687	pathogenic
P12277	F3Q	0.8035	pathogenic
P12277	F3R	0.7992	pathogenic
P12277	F3S	0.5142	ambiguous
P12277	F3T	0.6683	pathogenic
P12277	F3V	0.4516	ambiguous
P12277	F3W	0.5437	ambiguous
P12277	F3Y	0.2744	benign
P12277	S4A	0.0968	benign
P12277	S4C	0.1244	benign
P12277	S4D	0.4682	ambiguous
P12277	S4E	0.5425	ambiguous
P12277	S4F	0.4397	ambiguous
P12277	S4G	0.0569	benign
P12277	S4H	0.4634	ambiguous
P12277	S4I	0.4227	ambiguous
P12277	S4K	0.7312	pathogenic
P12277	S4L	0.2531	benign
P12277	S4M	0.4349	ambiguous
P12277	S4N	0.2412	benign
P12277	S4P	0.1811	benign
P12277	S4Q	0.5208	ambiguous
P12277	S4R	0.6523	pathogenic
P12277	S4T	0.1203	benign
P12277	S4V	0.3444	ambiguous
P12277	S4W	0.543	ambiguous
P12277	S4Y	0.4008	ambiguous
P12277	N5A	0.1821	benign
P12277	N5C	0.2031	benign
P12277	N5D	0.2	benign
P12277	N5E	0.4367	ambiguous
P12277	N5F	0.5385	ambiguous
P12277	N5G	0.2079	benign
P12277	N5H	0.17	benign
P12277	N5I	0.3431	ambiguous
P12277	N5K	0.5314	ambiguous
P12277	N5L	0.3042	benign
P12277	N5M	0.5069	ambiguous
P12277	N5P	0.2587	benign
P12277	N5Q	0.3954	ambiguous
P12277	N5R	0.4455	ambiguous
P12277	N5S	0.0738	benign
P12277	N5T	0.1573	benign
P12277	N5V	0.2552	benign
P12277	N5W	0.7614	pathogenic
P12277	N5Y	0.236	benign
P12277	S6A	0.1053	benign
P12277	S6C	0.1439	benign
P12277	S6D	0.4164	ambiguous
P12277	S6E	0.4935	ambiguous
P12277	S6F	0.3654	ambiguous
P12277	S6G	0.1076	benign
P12277	S6H	0.3646	ambiguous
P12277	S6I	0.3095	benign
P12277	S6K	0.653	pathogenic
P12277	S6L	0.2238	benign
P12277	S6M	0.3426	ambiguous
P12277	S6N	0.2079	benign
P12277	S6P	0.2566	benign
P12277	S6Q	0.4754	ambiguous
P12277	S6R	0.5869	pathogenic
P12277	S6T	0.0676	benign
P12277	S6V	0.2435	benign
P12277	S6W	0.4645	ambiguous
P12277	S6Y	0.3091	benign
P12277	H7A	0.6358	pathogenic
P12277	H7C	0.4177	ambiguous
P12277	H7D	0.6878	pathogenic
P12277	H7E	0.7485	pathogenic
P12277	H7F	0.6311	pathogenic
P12277	H7G	0.6064	pathogenic
P12277	H7I	0.7939	pathogenic
P12277	H7K	0.7176	pathogenic
P12277	H7L	0.4879	ambiguous
P12277	H7M	0.8384	pathogenic
P12277	H7N	0.4229	ambiguous
P12277	H7P	0.3772	ambiguous
P12277	H7Q	0.6149	pathogenic
P12277	H7R	0.4537	ambiguous
P12277	H7S	0.5429	ambiguous
P12277	H7T	0.696	pathogenic
P12277	H7V	0.7015	pathogenic
P12277	H7W	0.6464	pathogenic
P12277	H7Y	0.3913	ambiguous
P12277	N8A	0.3822	ambiguous
P12277	N8C	0.3988	ambiguous
P12277	N8D	0.3552	ambiguous
P12277	N8E	0.6355	pathogenic
P12277	N8F	0.7984	pathogenic
P12277	N8G	0.4139	ambiguous
P12277	N8H	0.2841	benign
P12277	N8I	0.4976	ambiguous
P12277	N8K	0.8054	pathogenic
P12277	N8L	0.4146	ambiguous
P12277	N8M	0.6864	pathogenic
P12277	N8P	0.49	ambiguous
P12277	N8Q	0.6149	pathogenic
P12277	N8R	0.6923	pathogenic
P12277	N8S	0.1325	benign
P12277	N8T	0.2937	benign
P12277	N8V	0.4041	ambiguous
P12277	N8W	0.9021	pathogenic
P12277	N8Y	0.4259	ambiguous
P12277	A9C	0.2787	benign
P12277	A9D	0.0964	benign
P12277	A9E	0.0889	benign
P12277	A9F	0.1921	benign
P12277	A9G	0.1029	benign
P12277	A9H	0.1632	benign
P12277	A9I	0.1437	benign
P12277	A9K	0.1508	benign
P12277	A9L	0.1043	benign
P12277	A9M	0.158	benign
P12277	A9N	0.105	benign
P12277	A9P	0.1081	benign
P12277	A9Q	0.1192	benign
P12277	A9R	0.155	benign
P12277	A9S	0.0704	benign
P12277	A9T	0.0709	benign
P12277	A9V	0.0973	benign
P12277	A9W	0.3973	ambiguous
P12277	A9Y	0.2292	benign
P12277	L10A	0.1887	benign
P12277	L10C	0.3864	ambiguous
P12277	L10D	0.5419	ambiguous
P12277	L10E	0.2875	benign
P12277	L10F	0.1068	benign
P12277	L10G	0.3577	ambiguous
P12277	L10H	0.1954	benign
P12277	L10I	0.1223	benign
P12277	L10K	0.2794	benign
P12277	L10M	0.1163	benign
P12277	L10N	0.2974	benign
P12277	L10P	0.5138	ambiguous
P12277	L10Q	0.1317	benign
P12277	L10R	0.2033	benign
P12277	L10S	0.242	benign
P12277	L10T	0.2213	benign
P12277	L10V	0.0963	benign
P12277	L10W	0.1912	benign
P12277	L10Y	0.1996	benign
P12277	K11A	0.8279	pathogenic
P12277	K11C	0.8802	pathogenic
P12277	K11D	0.9414	pathogenic
P12277	K11E	0.8524	pathogenic
P12277	K11F	0.9476	pathogenic
P12277	K11G	0.8457	pathogenic
P12277	K11H	0.644	pathogenic
P12277	K11I	0.8824	pathogenic
P12277	K11L	0.7594	pathogenic
P12277	K11M	0.8162	pathogenic
P12277	K11N	0.9326	pathogenic
P12277	K11P	0.8576	pathogenic
P12277	K11Q	0.6134	pathogenic
P12277	K11R	0.1743	benign
P12277	K11S	0.9084	pathogenic
P12277	K11T	0.7959	pathogenic
P12277	K11V	0.7912	pathogenic
P12277	K11W	0.9456	pathogenic
P12277	K11Y	0.8404	pathogenic
P12277	L12A	0.1893	benign
P12277	L12C	0.3721	ambiguous
P12277	L12D	0.563	ambiguous
P12277	L12E	0.2217	benign
P12277	L12F	0.1939	benign
P12277	L12G	0.3031	benign
P12277	L12H	0.2511	benign
P12277	L12I	0.1495	benign
P12277	L12K	0.17	benign
P12277	L12M	0.0833	benign
P12277	L12N	0.2814	benign
P12277	L12P	0.6328	pathogenic
P12277	L12Q	0.1007	benign
P12277	L12R	0.1558	benign
P12277	L12S	0.2153	benign
P12277	L12T	0.1748	benign
P12277	L12V	0.1084	benign
P12277	L12W	0.3209	benign
P12277	L12Y	0.3145	benign
P12277	R13A	0.1689	benign
P12277	R13C	0.1514	benign
P12277	R13D	0.2776	benign
P12277	R13E	0.2036	benign
P12277	R13F	0.4913	ambiguous
P12277	R13G	0.1323	benign
P12277	R13H	0.0963	benign
P12277	R13I	0.2324	benign
P12277	R13K	0.0841	benign
P12277	R13L	0.1586	benign
P12277	R13M	0.2317	benign
P12277	R13N	0.209	benign
P12277	R13P	0.4418	ambiguous
P12277	R13Q	0.0816	benign
P12277	R13S	0.1962	benign
P12277	R13T	0.1298	benign
P12277	R13V	0.2321	benign
P12277	R13W	0.2965	benign
P12277	R13Y	0.3084	benign
P12277	F14A	0.8572	pathogenic
P12277	F14C	0.577	pathogenic
P12277	F14D	0.9199	pathogenic
P12277	F14E	0.9133	pathogenic
P12277	F14G	0.8751	pathogenic
P12277	F14H	0.5104	ambiguous
P12277	F14I	0.536	ambiguous
P12277	F14K	0.864	pathogenic
P12277	F14L	0.8419	pathogenic
P12277	F14M	0.717	pathogenic
P12277	F14N	0.7378	pathogenic
P12277	F14P	0.9852	pathogenic
P12277	F14Q	0.7933	pathogenic
P12277	F14R	0.7932	pathogenic
P12277	F14S	0.7723	pathogenic
P12277	F14T	0.8486	pathogenic
P12277	F14V	0.5652	pathogenic
P12277	F14W	0.419	ambiguous
P12277	F14Y	0.1004	benign
P12277	P15A	0.0623	benign
P12277	P15C	0.2968	benign
P12277	P15D	0.24	benign
P12277	P15E	0.1849	benign
P12277	P15F	0.549	ambiguous
P12277	P15G	0.171	benign
P12277	P15H	0.1422	benign
P12277	P15I	0.4117	ambiguous
P12277	P15K	0.135	benign
P12277	P15L	0.1524	benign
P12277	P15M	0.3304	benign
P12277	P15N	0.2191	benign
P12277	P15Q	0.1151	benign
P12277	P15R	0.1044	benign
P12277	P15S	0.078	benign
P12277	P15T	0.0859	benign
P12277	P15V	0.2315	benign
P12277	P15W	0.5871	pathogenic
P12277	P15Y	0.4527	ambiguous
P12277	A16C	0.4002	ambiguous
P12277	A16D	0.4456	ambiguous
P12277	A16E	0.3217	benign
P12277	A16F	0.5029	ambiguous
P12277	A16G	0.1789	benign
P12277	A16H	0.5245	ambiguous
P12277	A16I	0.252	benign
P12277	A16K	0.5103	ambiguous
P12277	A16L	0.2703	benign
P12277	A16M	0.3754	ambiguous
P12277	A16N	0.4523	ambiguous
P12277	A16P	0.1011	benign
P12277	A16Q	0.4074	ambiguous
P12277	A16R	0.4824	ambiguous
P12277	A16S	0.103	benign
P12277	A16T	0.1229	benign
P12277	A16V	0.1155	benign
P12277	A16W	0.7749	pathogenic
P12277	A16Y	0.5819	pathogenic
P12277	E17A	0.058	benign
P12277	E17C	0.4435	ambiguous
P12277	E17D	0.1009	benign
P12277	E17F	0.5669	pathogenic
P12277	E17G	0.084	benign
P12277	E17H	0.2024	benign
P12277	E17I	0.2142	benign
P12277	E17K	0.0758	benign
P12277	E17L	0.2336	benign
P12277	E17M	0.285	benign
P12277	E17N	0.1505	benign
P12277	E17P	0.2743	benign
P12277	E17Q	0.0789	benign
P12277	E17R	0.115	benign
P12277	E17S	0.0865	benign
P12277	E17T	0.1049	benign
P12277	E17V	0.1167	benign
P12277	E17W	0.6737	pathogenic
P12277	E17Y	0.4012	ambiguous
P12277	D18A	0.0721	benign
P12277	D18C	0.4021	ambiguous
P12277	D18E	0.0661	benign
P12277	D18F	0.4066	ambiguous
P12277	D18G	0.1367	benign
P12277	D18H	0.1822	benign
P12277	D18I	0.2336	benign
P12277	D18K	0.2238	benign
P12277	D18L	0.2079	benign
P12277	D18M	0.3244	benign
P12277	D18N	0.1031	benign
P12277	D18P	0.7661	pathogenic
P12277	D18Q	0.1206	benign
P12277	D18R	0.2578	benign
P12277	D18S	0.0817	benign
P12277	D18T	0.1315	benign
P12277	D18V	0.1076	benign
P12277	D18W	0.7026	pathogenic
P12277	D18Y	0.1476	benign
P12277	E19A	0.9203	pathogenic
P12277	E19C	0.97	pathogenic
P12277	E19D	0.5657	pathogenic
P12277	E19F	0.9972	pathogenic
P12277	E19G	0.9088	pathogenic
P12277	E19H	0.974	pathogenic
P12277	E19I	0.9898	pathogenic
P12277	E19K	0.983	pathogenic
P12277	E19L	0.9899	pathogenic
P12277	E19M	0.9916	pathogenic
P12277	E19N	0.8454	pathogenic
P12277	E19P	0.9951	pathogenic
P12277	E19Q	0.8976	pathogenic
P12277	E19R	0.9632	pathogenic
P12277	E19S	0.8951	pathogenic
P12277	E19T	0.9681	pathogenic
P12277	E19V	0.9668	pathogenic
P12277	E19W	0.9979	pathogenic
P12277	E19Y	0.9819	pathogenic
P12277	F20A	0.973	pathogenic
P12277	F20C	0.8392	pathogenic
P12277	F20D	0.9923	pathogenic
P12277	F20E	0.9923	pathogenic
P12277	F20G	0.9763	pathogenic
P12277	F20H	0.9228	pathogenic
P12277	F20I	0.808	pathogenic
P12277	F20K	0.9858	pathogenic
P12277	F20L	0.9546	pathogenic
P12277	F20M	0.8309	pathogenic
P12277	F20N	0.9587	pathogenic
P12277	F20P	0.9986	pathogenic
P12277	F20Q	0.9799	pathogenic
P12277	F20R	0.9761	pathogenic
P12277	F20S	0.9572	pathogenic
P12277	F20T	0.9756	pathogenic
P12277	F20V	0.8109	pathogenic
P12277	F20W	0.6042	pathogenic
P12277	F20Y	0.0975	benign
P12277	P21A	0.889	pathogenic
P12277	P21C	0.9817	pathogenic
P12277	P21D	0.9976	pathogenic
P12277	P21E	0.9934	pathogenic
P12277	P21F	0.9958	pathogenic
P12277	P21G	0.9842	pathogenic
P12277	P21H	0.991	pathogenic
P12277	P21I	0.9779	pathogenic
P12277	P21K	0.995	pathogenic
P12277	P21L	0.9462	pathogenic
P12277	P21M	0.9928	pathogenic
P12277	P21N	0.9982	pathogenic
P12277	P21Q	0.9906	pathogenic
P12277	P21R	0.9775	pathogenic
P12277	P21S	0.9831	pathogenic
P12277	P21T	0.9721	pathogenic
P12277	P21V	0.943	pathogenic
P12277	P21W	0.9965	pathogenic
P12277	P21Y	0.996	pathogenic
P12277	D22A	0.3234	benign
P12277	D22C	0.6464	pathogenic
P12277	D22E	0.3124	benign
P12277	D22F	0.7564	pathogenic
P12277	D22G	0.5936	pathogenic
P12277	D22H	0.5105	ambiguous
P12277	D22I	0.411	ambiguous
P12277	D22K	0.6703	pathogenic
P12277	D22L	0.5003	ambiguous
P12277	D22M	0.7155	pathogenic
P12277	D22N	0.1344	benign
P12277	D22P	0.735	pathogenic
P12277	D22Q	0.5065	ambiguous
P12277	D22R	0.656	pathogenic
P12277	D22S	0.2404	benign
P12277	D22T	0.4502	ambiguous
P12277	D22V	0.2189	benign
P12277	D22W	0.9489	pathogenic
P12277	D22Y	0.4059	ambiguous
P12277	L23A	0.9499	pathogenic
P12277	L23C	0.8783	pathogenic
P12277	L23D	0.9979	pathogenic
P12277	L23E	0.9948	pathogenic
P12277	L23F	0.4227	ambiguous
P12277	L23G	0.9761	pathogenic
P12277	L23H	0.9733	pathogenic
P12277	L23I	0.3966	ambiguous
P12277	L23K	0.9813	pathogenic
P12277	L23M	0.4397	ambiguous
P12277	L23N	0.9878	pathogenic
P12277	L23P	0.9691	pathogenic
P12277	L23Q	0.9798	pathogenic
P12277	L23R	0.9589	pathogenic
P12277	L23S	0.9911	pathogenic
P12277	L23T	0.8822	pathogenic
P12277	L23V	0.4151	ambiguous
P12277	L23W	0.9135	pathogenic
P12277	L23Y	0.9111	pathogenic
P12277	S24A	0.0767	benign
P12277	S24C	0.1546	benign
P12277	S24D	0.3428	ambiguous
P12277	S24E	0.3006	benign
P12277	S24F	0.3517	ambiguous
P12277	S24G	0.0888	benign
P12277	S24H	0.2213	benign
P12277	S24I	0.3197	benign
P12277	S24K	0.2415	benign
P12277	S24L	0.1622	benign
P12277	S24M	0.2589	benign
P12277	S24N	0.1859	benign
P12277	S24P	0.6438	pathogenic
P12277	S24Q	0.2346	benign
P12277	S24R	0.2013	benign
P12277	S24T	0.0682	benign
P12277	S24V	0.2331	benign
P12277	S24W	0.4571	ambiguous
P12277	S24Y	0.3058	benign
P12277	A25C	0.1615	benign
P12277	A25D	0.1645	benign
P12277	A25E	0.11	benign
P12277	A25F	0.1941	benign
P12277	A25G	0.0736	benign
P12277	A25H	0.1538	benign
P12277	A25I	0.1265	benign
P12277	A25K	0.1027	benign
P12277	A25L	0.0815	benign
P12277	A25M	0.1303	benign
P12277	A25N	0.11	benign
P12277	A25P	0.171	benign
P12277	A25Q	0.0909	benign
P12277	A25R	0.1305	benign
P12277	A25S	0.0655	benign
P12277	A25T	0.07	benign
P12277	A25V	0.0828	benign
P12277	A25W	0.4165	ambiguous
P12277	A25Y	0.2481	benign
P12277	H26A	0.9751	pathogenic
P12277	H26C	0.5545	ambiguous
P12277	H26D	0.9926	pathogenic
P12277	H26E	0.9945	pathogenic
P12277	H26F	0.9436	pathogenic
P12277	H26G	0.9751	pathogenic
P12277	H26I	0.9963	pathogenic
P12277	H26K	0.9899	pathogenic
P12277	H26L	0.9719	pathogenic
P12277	H26M	0.9907	pathogenic
P12277	H26N	0.8516	pathogenic
P12277	H26P	0.9751	pathogenic
P12277	H26Q	0.9739	pathogenic
P12277	H26R	0.9696	pathogenic
P12277	H26S	0.9195	pathogenic
P12277	H26T	0.9867	pathogenic
P12277	H26V	0.9903	pathogenic
P12277	H26W	0.9254	pathogenic
P12277	H26Y	0.8669	pathogenic
P12277	N27A	0.4663	ambiguous
P12277	N27C	0.2357	benign
P12277	N27D	0.5084	ambiguous
P12277	N27E	0.772	pathogenic
P12277	N27F	0.6587	pathogenic
P12277	N27G	0.4168	ambiguous
P12277	N27H	0.1283	benign
P12277	N27I	0.7707	pathogenic
P12277	N27K	0.7098	pathogenic
P12277	N27L	0.6	pathogenic
P12277	N27M	0.6797	pathogenic
P12277	N27P	0.9594	pathogenic
P12277	N27Q	0.453	ambiguous
P12277	N27R	0.5627	ambiguous
P12277	N27S	0.0893	benign
P12277	N27T	0.3507	ambiguous
P12277	N27V	0.6216	pathogenic
P12277	N27W	0.8434	pathogenic
P12277	N27Y	0.2907	benign
P12277	N28A	0.9623	pathogenic
P12277	N28C	0.4581	ambiguous
P12277	N28D	0.9764	pathogenic
P12277	N28E	0.9975	pathogenic
P12277	N28F	0.9973	pathogenic
P12277	N28G	0.9418	pathogenic
P12277	N28H	0.9062	pathogenic
P12277	N28I	0.9863	pathogenic
P12277	N28K	0.9987	pathogenic
P12277	N28L	0.9707	pathogenic
P12277	N28M	0.98	pathogenic
P12277	N28P	0.9938	pathogenic
P12277	N28Q	0.9898	pathogenic
P12277	N28R	0.9972	pathogenic
P12277	N28S	0.3341	benign
P12277	N28T	0.8283	pathogenic
P12277	N28V	0.9629	pathogenic
P12277	N28W	0.9991	pathogenic
P12277	N28Y	0.9827	pathogenic
P12277	H29A	0.8541	pathogenic
P12277	H29C	0.2191	benign
P12277	H29D	0.9754	pathogenic
P12277	H29E	0.9606	pathogenic
P12277	H29F	0.4248	ambiguous
P12277	H29G	0.9418	pathogenic
P12277	H29I	0.7243	pathogenic
P12277	H29K	0.9028	pathogenic
P12277	H29L	0.4772	ambiguous
P12277	H29M	0.8461	pathogenic
P12277	H29N	0.721	pathogenic
P12277	H29P	0.8891	pathogenic
P12277	H29Q	0.8424	pathogenic
P12277	H29R	0.7267	pathogenic
P12277	H29S	0.8617	pathogenic
P12277	H29T	0.8993	pathogenic
P12277	H29V	0.6801	pathogenic
P12277	H29W	0.4516	ambiguous
P12277	H29Y	0.1764	benign
P12277	M30A	0.9311	pathogenic
P12277	M30C	0.9228	pathogenic
P12277	M30D	0.9995	pathogenic
P12277	M30E	0.9963	pathogenic
P12277	M30F	0.8675	pathogenic
P12277	M30G	0.9876	pathogenic
P12277	M30H	0.9966	pathogenic
P12277	M30I	0.9579	pathogenic
P12277	M30K	0.993	pathogenic
P12277	M30L	0.4265	ambiguous
P12277	M30N	0.9947	pathogenic
P12277	M30P	0.9988	pathogenic
P12277	M30Q	0.972	pathogenic
P12277	M30R	0.9927	pathogenic
P12277	M30S	0.978	pathogenic
P12277	M30T	0.9167	pathogenic
P12277	M30V	0.4852	ambiguous
P12277	M30W	0.9971	pathogenic
P12277	M30Y	0.994	pathogenic
P12277	A31C	0.7002	pathogenic
P12277	A31D	0.9845	pathogenic
P12277	A31E	0.961	pathogenic
P12277	A31F	0.9647	pathogenic
P12277	A31G	0.2075	benign
P12277	A31H	0.9147	pathogenic
P12277	A31I	0.9825	pathogenic
P12277	A31K	0.9429	pathogenic
P12277	A31L	0.9425	pathogenic
P12277	A31M	0.942	pathogenic
P12277	A31N	0.9313	pathogenic
P12277	A31P	0.9876	pathogenic
P12277	A31Q	0.8352	pathogenic
P12277	A31R	0.8683	pathogenic
P12277	A31S	0.118	benign
P12277	A31T	0.7596	pathogenic
P12277	A31V	0.8607	pathogenic
P12277	A31W	0.989	pathogenic
P12277	A31Y	0.9575	pathogenic
P12277	K32A	0.4612	ambiguous
P12277	K32C	0.7127	pathogenic
P12277	K32D	0.7845	pathogenic
P12277	K32E	0.3599	ambiguous
P12277	K32F	0.9127	pathogenic
P12277	K32G	0.5215	ambiguous
P12277	K32H	0.3167	benign
P12277	K32I	0.7591	pathogenic
P12277	K32L	0.56	ambiguous
P12277	K32M	0.4925	ambiguous
P12277	K32N	0.602	pathogenic
P12277	K32P	0.9596	pathogenic
P12277	K32Q	0.1845	benign
P12277	K32R	0.0796	benign
P12277	K32S	0.5378	ambiguous
P12277	K32T	0.3517	ambiguous
P12277	K32V	0.5847	pathogenic
P12277	K32W	0.8758	pathogenic
P12277	K32Y	0.826	pathogenic
P12277	V33A	0.1949	benign
P12277	V33C	0.3943	ambiguous
P12277	V33D	0.8501	pathogenic
P12277	V33E	0.6624	pathogenic
P12277	V33F	0.192	benign
P12277	V33G	0.3593	ambiguous
P12277	V33H	0.4829	ambiguous
P12277	V33I	0.1045	benign
P12277	V33K	0.6289	pathogenic
P12277	V33L	0.4394	ambiguous
P12277	V33M	0.3322	benign
P12277	V33N	0.4033	ambiguous
P12277	V33P	0.9545	pathogenic
P12277	V33Q	0.5004	ambiguous
P12277	V33R	0.4798	ambiguous
P12277	V33S	0.2742	benign
P12277	V33T	0.328	benign
P12277	V33W	0.8486	pathogenic
P12277	V33Y	0.467	ambiguous
P12277	L34A	0.9455	pathogenic
P12277	L34C	0.8537	pathogenic
P12277	L34D	0.9996	pathogenic
P12277	L34E	0.998	pathogenic
P12277	L34F	0.7523	pathogenic
P12277	L34G	0.9914	pathogenic
P12277	L34H	0.995	pathogenic
P12277	L34I	0.3533	ambiguous
P12277	L34K	0.9972	pathogenic
P12277	L34M	0.2888	benign
P12277	L34N	0.9972	pathogenic
P12277	L34P	0.9965	pathogenic
P12277	L34Q	0.9904	pathogenic
P12277	L34R	0.9928	pathogenic
P12277	L34S	0.9934	pathogenic
P12277	L34T	0.9694	pathogenic
P12277	L34V	0.359	ambiguous
P12277	L34W	0.9774	pathogenic
P12277	L34Y	0.9844	pathogenic
P12277	T35A	0.2274	benign
P12277	T35C	0.4923	ambiguous
P12277	T35D	0.3736	ambiguous
P12277	T35E	0.4791	ambiguous
P12277	T35F	0.681	pathogenic
P12277	T35G	0.2252	benign
P12277	T35H	0.3038	benign
P12277	T35I	0.5964	pathogenic
P12277	T35K	0.2059	benign
P12277	T35L	0.2707	benign
P12277	T35M	0.2662	benign
P12277	T35N	0.1579	benign
P12277	T35P	0.3113	benign
P12277	T35Q	0.2724	benign
P12277	T35R	0.2451	benign
P12277	T35S	0.1109	benign
P12277	T35V	0.4429	ambiguous
P12277	T35W	0.8395	pathogenic
P12277	T35Y	0.5994	pathogenic
P12277	P36A	0.0613	benign
P12277	P36C	0.3443	ambiguous
P12277	P36D	0.3638	ambiguous
P12277	P36E	0.1392	benign
P12277	P36F	0.4635	ambiguous
P12277	P36G	0.2025	benign
P12277	P36H	0.1195	benign
P12277	P36I	0.2492	benign
P12277	P36K	0.0791	benign
P12277	P36L	0.0812	benign
P12277	P36M	0.212	benign
P12277	P36N	0.2698	benign
P12277	P36Q	0.0842	benign
P12277	P36R	0.0552	benign
P12277	P36S	0.1151	benign
P12277	P36T	0.0935	benign
P12277	P36V	0.144	benign
P12277	P36W	0.4585	ambiguous
P12277	P36Y	0.3638	ambiguous
P12277	E37A	0.0588	benign
P12277	E37C	0.5306	ambiguous
P12277	E37D	0.0912	benign
P12277	E37F	0.5602	ambiguous
P12277	E37G	0.0795	benign
P12277	E37H	0.1937	benign
P12277	E37I	0.2425	benign
P12277	E37K	0.0777	benign
P12277	E37L	0.2182	benign
P12277	E37M	0.2979	benign
P12277	E37N	0.1463	benign
P12277	E37P	0.3592	ambiguous
P12277	E37Q	0.0661	benign
P12277	E37R	0.1164	benign
P12277	E37S	0.0845	benign
P12277	E37T	0.1035	benign
P12277	E37V	0.1327	benign
P12277	E37W	0.7512	pathogenic
P12277	E37Y	0.4243	ambiguous
P12277	L38A	0.3567	ambiguous
P12277	L38C	0.4756	ambiguous
P12277	L38D	0.8446	pathogenic
P12277	L38E	0.5589	ambiguous
P12277	L38F	0.3255	benign
P12277	L38G	0.655	pathogenic
P12277	L38H	0.341	ambiguous
P12277	L38I	0.0965	benign
P12277	L38K	0.1765	benign
P12277	L38M	0.1021	benign
P12277	L38N	0.6226	pathogenic
P12277	L38P	0.9513	pathogenic
P12277	L38Q	0.1955	benign
P12277	L38R	0.1392	benign
P12277	L38S	0.5279	ambiguous
P12277	L38T	0.2829	benign
P12277	L38V	0.0946	benign
P12277	L38W	0.4123	ambiguous
P12277	L38Y	0.4913	ambiguous
P12277	Y39A	0.9909	pathogenic
P12277	Y39C	0.9464	pathogenic
P12277	Y39D	0.9937	pathogenic
P12277	Y39E	0.9975	pathogenic
P12277	Y39F	0.3934	ambiguous
P12277	Y39G	0.9778	pathogenic
P12277	Y39H	0.9649	pathogenic
P12277	Y39I	0.9844	pathogenic
P12277	Y39K	0.9977	pathogenic
P12277	Y39L	0.9013	pathogenic
P12277	Y39M	0.9869	pathogenic
P12277	Y39N	0.9878	pathogenic
P12277	Y39P	0.9949	pathogenic
P12277	Y39Q	0.9967	pathogenic
P12277	Y39R	0.9872	pathogenic
P12277	Y39S	0.9827	pathogenic
P12277	Y39T	0.9948	pathogenic
P12277	Y39V	0.9547	pathogenic
P12277	Y39W	0.7833	pathogenic
P12277	A40C	0.2948	benign
P12277	A40D	0.2554	benign
P12277	A40E	0.1394	benign
P12277	A40F	0.3604	ambiguous
P12277	A40G	0.094	benign
P12277	A40H	0.2545	benign
P12277	A40I	0.281	benign
P12277	A40K	0.1655	benign
P12277	A40L	0.1693	benign
P12277	A40M	0.2144	benign
P12277	A40N	0.2163	benign
P12277	A40P	0.8157	pathogenic
P12277	A40Q	0.1446	benign
P12277	A40R	0.1471	benign
P12277	A40S	0.0804	benign
P12277	A40T	0.0854	benign
P12277	A40V	0.1473	benign
P12277	A40W	0.6152	pathogenic
P12277	A40Y	0.3727	ambiguous
P12277	E41A	0.0775	benign
P12277	E41C	0.4474	ambiguous
P12277	E41D	0.1084	benign
P12277	E41F	0.5565	ambiguous
P12277	E41G	0.0926	benign
P12277	E41H	0.1629	benign
P12277	E41I	0.2336	benign
P12277	E41K	0.0619	benign
P12277	E41L	0.2041	benign
P12277	E41M	0.2719	benign
P12277	E41N	0.1198	benign
P12277	E41P	0.7766	pathogenic
P12277	E41Q	0.0597	benign
P12277	E41R	0.085	benign
P12277	E41S	0.0848	benign
P12277	E41T	0.0955	benign
P12277	E41V	0.1514	benign
P12277	E41W	0.7055	pathogenic
P12277	E41Y	0.3917	ambiguous
P12277	L42A	0.7721	pathogenic
P12277	L42C	0.5508	ambiguous
P12277	L42D	0.9707	pathogenic
P12277	L42E	0.8763	pathogenic
P12277	L42F	0.3135	benign
P12277	L42G	0.8489	pathogenic
P12277	L42H	0.5765	pathogenic
P12277	L42I	0.3354	benign
P12277	L42K	0.7236	pathogenic
P12277	L42M	0.1969	benign
P12277	L42N	0.7106	pathogenic
P12277	L42P	0.9922	pathogenic
P12277	L42Q	0.5457	ambiguous
P12277	L42R	0.6347	pathogenic
P12277	L42S	0.8353	pathogenic
P12277	L42T	0.7461	pathogenic
P12277	L42V	0.3506	ambiguous
P12277	L42W	0.4643	ambiguous
P12277	L42Y	0.4041	ambiguous
P12277	R43A	0.8257	pathogenic
P12277	R43C	0.3349	benign
P12277	R43D	0.9813	pathogenic
P12277	R43E	0.8702	pathogenic
P12277	R43F	0.9071	pathogenic
P12277	R43G	0.7752	pathogenic
P12277	R43H	0.392	ambiguous
P12277	R43I	0.8651	pathogenic
P12277	R43K	0.4377	ambiguous
P12277	R43L	0.804	pathogenic
P12277	R43M	0.898	pathogenic
P12277	R43N	0.9562	pathogenic
P12277	R43P	0.9905	pathogenic
P12277	R43Q	0.3376	benign
P12277	R43S	0.8924	pathogenic
P12277	R43T	0.8851	pathogenic
P12277	R43V	0.8454	pathogenic
P12277	R43W	0.6633	pathogenic
P12277	R43Y	0.7312	pathogenic
P12277	A44C	0.2454	benign
P12277	A44D	0.082	benign
P12277	A44E	0.1	benign
P12277	A44F	0.2826	benign
P12277	A44G	0.0699	benign
P12277	A44H	0.169	benign
P12277	A44I	0.2295	benign
P12277	A44K	0.1672	benign
P12277	A44L	0.1383	benign
P12277	A44M	0.2024	benign
P12277	A44N	0.1003	benign
P12277	A44P	0.1442	benign
P12277	A44Q	0.1364	benign
P12277	A44R	0.2063	benign
P12277	A44S	0.0593	benign
P12277	A44T	0.071	benign
P12277	A44V	0.1244	benign
P12277	A44W	0.5233	ambiguous
P12277	A44Y	0.3002	benign
P12277	K45A	0.2393	benign
P12277	K45C	0.445	ambiguous
P12277	K45D	0.6352	pathogenic
P12277	K45E	0.1998	benign
P12277	K45F	0.7081	pathogenic
P12277	K45G	0.4665	ambiguous
P12277	K45H	0.2751	benign
P12277	K45I	0.2236	benign
P12277	K45L	0.196	benign
P12277	K45M	0.2038	benign
P12277	K45N	0.51	ambiguous
P12277	K45P	0.9257	pathogenic
P12277	K45Q	0.109	benign
P12277	K45R	0.0701	benign
P12277	K45S	0.3716	ambiguous
P12277	K45T	0.1701	benign
P12277	K45V	0.1619	benign
P12277	K45W	0.7473	pathogenic
P12277	K45Y	0.6023	pathogenic
P12277	S46A	0.0621	benign
P12277	S46C	0.063	benign
P12277	S46D	0.378	ambiguous
P12277	S46E	0.1843	benign
P12277	S46F	0.2164	benign
P12277	S46G	0.1032	benign
P12277	S46H	0.1952	benign
P12277	S46I	0.1278	benign
P12277	S46K	0.3129	benign
P12277	S46L	0.1254	benign
P12277	S46M	0.1375	benign
P12277	S46N	0.1341	benign
P12277	S46P	0.7033	pathogenic
P12277	S46Q	0.1709	benign
P12277	S46R	0.2736	benign
P12277	S46T	0.0684	benign
P12277	S46V	0.097	benign
P12277	S46W	0.3639	ambiguous
P12277	S46Y	0.1751	benign
P12277	T47A	0.8598	pathogenic
P12277	T47C	0.9364	pathogenic
P12277	T47D	0.9834	pathogenic
P12277	T47E	0.9873	pathogenic
P12277	T47F	0.9895	pathogenic
P12277	T47G	0.8409	pathogenic
P12277	T47H	0.9546	pathogenic
P12277	T47I	0.9841	pathogenic
P12277	T47K	0.9767	pathogenic
P12277	T47L	0.8642	pathogenic
P12277	T47M	0.9136	pathogenic
P12277	T47N	0.9394	pathogenic
P12277	T47P	0.8744	pathogenic
P12277	T47Q	0.9752	pathogenic
P12277	T47R	0.9669	pathogenic
P12277	T47S	0.5873	pathogenic
P12277	T47V	0.9266	pathogenic
P12277	T47W	0.9972	pathogenic
P12277	T47Y	0.9885	pathogenic
P12277	P48A	0.0768	benign
P12277	P48C	0.413	ambiguous
P12277	P48D	0.3194	benign
P12277	P48E	0.214	benign
P12277	P48F	0.5609	ambiguous
P12277	P48G	0.2336	benign
P12277	P48H	0.1846	benign
P12277	P48I	0.3103	benign
P12277	P48K	0.175	benign
P12277	P48L	0.1642	benign
P12277	P48M	0.3512	ambiguous
P12277	P48N	0.2952	benign
P12277	P48Q	0.1522	benign
P12277	P48R	0.1285	benign
P12277	P48S	0.1076	benign
P12277	P48T	0.1104	benign
P12277	P48V	0.1973	benign
P12277	P48W	0.6849	pathogenic
P12277	P48Y	0.5017	ambiguous
P12277	S49A	0.1433	benign
P12277	S49C	0.1562	benign
P12277	S49D	0.7527	pathogenic
P12277	S49E	0.8342	pathogenic
P12277	S49F	0.5642	pathogenic
P12277	S49G	0.1122	benign
P12277	S49H	0.6183	pathogenic
P12277	S49I	0.7201	pathogenic
P12277	S49K	0.9303	pathogenic
P12277	S49L	0.2794	benign
P12277	S49M	0.4388	ambiguous
P12277	S49N	0.3305	benign
P12277	S49P	0.9078	pathogenic
P12277	S49Q	0.7628	pathogenic
P12277	S49R	0.8845	pathogenic
P12277	S49T	0.1256	benign
P12277	S49V	0.5319	ambiguous
P12277	S49W	0.7129	pathogenic
P12277	S49Y	0.5325	ambiguous
P12277	G50A	0.6033	pathogenic
P12277	G50C	0.6915	pathogenic
P12277	G50D	0.745	pathogenic
P12277	G50E	0.8472	pathogenic
P12277	G50F	0.964	pathogenic
P12277	G50H	0.8743	pathogenic
P12277	G50I	0.9554	pathogenic
P12277	G50K	0.9109	pathogenic
P12277	G50L	0.9228	pathogenic
P12277	G50M	0.9436	pathogenic
P12277	G50N	0.6341	pathogenic
P12277	G50P	0.9919	pathogenic
P12277	G50Q	0.8229	pathogenic
P12277	G50R	0.8299	pathogenic
P12277	G50S	0.3784	ambiguous
P12277	G50T	0.7883	pathogenic
P12277	G50V	0.9146	pathogenic
P12277	G50W	0.9436	pathogenic
P12277	G50Y	0.9209	pathogenic
P12277	F51A	0.9758	pathogenic
P12277	F51C	0.6522	pathogenic
P12277	F51D	0.9977	pathogenic
P12277	F51E	0.9982	pathogenic
P12277	F51G	0.9881	pathogenic
P12277	F51H	0.9649	pathogenic
P12277	F51I	0.7455	pathogenic
P12277	F51K	0.9979	pathogenic
P12277	F51L	0.9909	pathogenic
P12277	F51M	0.9126	pathogenic
P12277	F51N	0.981	pathogenic
P12277	F51P	0.9996	pathogenic
P12277	F51Q	0.9928	pathogenic
P12277	F51R	0.9927	pathogenic
P12277	F51S	0.9642	pathogenic
P12277	F51T	0.9703	pathogenic
P12277	F51V	0.5623	ambiguous
P12277	F51W	0.8246	pathogenic
P12277	F51Y	0.3245	benign
P12277	T52A	0.3927	ambiguous
P12277	T52C	0.4672	ambiguous
P12277	T52D	0.8339	pathogenic
P12277	T52E	0.8819	pathogenic
P12277	T52F	0.8163	pathogenic
P12277	T52G	0.4878	ambiguous
P12277	T52H	0.592	pathogenic
P12277	T52I	0.7929	pathogenic
P12277	T52K	0.7776	pathogenic
P12277	T52L	0.3961	ambiguous
P12277	T52M	0.3803	ambiguous
P12277	T52N	0.3797	ambiguous
P12277	T52P	0.7586	pathogenic
P12277	T52Q	0.6568	pathogenic
P12277	T52R	0.6914	pathogenic
P12277	T52S	0.1577	benign
P12277	T52V	0.5821	pathogenic
P12277	T52W	0.9547	pathogenic
P12277	T52Y	0.8183	pathogenic
P12277	L53A	0.7747	pathogenic
P12277	L53C	0.8527	pathogenic
P12277	L53D	0.9994	pathogenic
P12277	L53E	0.9965	pathogenic
P12277	L53F	0.5259	ambiguous
P12277	L53G	0.9804	pathogenic
P12277	L53H	0.994	pathogenic
P12277	L53I	0.1144	benign
P12277	L53K	0.9963	pathogenic
P12277	L53M	0.3034	benign
P12277	L53N	0.996	pathogenic
P12277	L53P	0.9464	pathogenic
P12277	L53Q	0.989	pathogenic
P12277	L53R	0.9897	pathogenic
P12277	L53S	0.981	pathogenic
P12277	L53T	0.8402	pathogenic
P12277	L53V	0.0995	benign
P12277	L53W	0.9576	pathogenic
P12277	L53Y	0.9744	pathogenic
P12277	D54A	0.9689	pathogenic
P12277	D54C	0.9955	pathogenic
P12277	D54E	0.9627	pathogenic
P12277	D54F	0.9983	pathogenic
P12277	D54G	0.9564	pathogenic
P12277	D54H	0.9888	pathogenic
P12277	D54I	0.9984	pathogenic
P12277	D54K	0.9969	pathogenic
P12277	D54L	0.9932	pathogenic
P12277	D54M	0.9989	pathogenic
P12277	D54N	0.9372	pathogenic
P12277	D54P	0.9971	pathogenic
P12277	D54Q	0.9934	pathogenic
P12277	D54R	0.9938	pathogenic
P12277	D54S	0.9495	pathogenic
P12277	D54T	0.991	pathogenic
P12277	D54V	0.9938	pathogenic
P12277	D54W	0.9985	pathogenic
P12277	D54Y	0.9856	pathogenic
P12277	D55A	0.6843	pathogenic
P12277	D55C	0.9332	pathogenic
P12277	D55E	0.6067	pathogenic
P12277	D55F	0.9726	pathogenic
P12277	D55G	0.6369	pathogenic
P12277	D55H	0.8118	pathogenic
P12277	D55I	0.9678	pathogenic
P12277	D55K	0.9146	pathogenic
P12277	D55L	0.9196	pathogenic
P12277	D55M	0.9499	pathogenic
P12277	D55N	0.4988	ambiguous
P12277	D55P	0.9975	pathogenic
P12277	D55Q	0.7718	pathogenic
P12277	D55R	0.9059	pathogenic
P12277	D55S	0.6	pathogenic
P12277	D55T	0.8678	pathogenic
P12277	D55V	0.905	pathogenic
P12277	D55W	0.9898	pathogenic
P12277	D55Y	0.8188	pathogenic
P12277	V56A	0.2531	benign
P12277	V56C	0.5893	pathogenic
P12277	V56D	0.9857	pathogenic
P12277	V56E	0.9854	pathogenic
P12277	V56F	0.8971	pathogenic
P12277	V56G	0.6884	pathogenic
P12277	V56H	0.993	pathogenic
P12277	V56I	0.1242	benign
P12277	V56K	0.9946	pathogenic
P12277	V56L	0.5743	pathogenic
P12277	V56M	0.5705	pathogenic
P12277	V56N	0.9269	pathogenic
P12277	V56P	0.9932	pathogenic
P12277	V56Q	0.977	pathogenic
P12277	V56R	0.9861	pathogenic
P12277	V56S	0.5627	ambiguous
P12277	V56T	0.5272	ambiguous
P12277	V56W	0.9984	pathogenic
P12277	V56Y	0.9907	pathogenic
P12277	I57A	0.9721	pathogenic
P12277	I57C	0.9797	pathogenic
P12277	I57D	0.9999	pathogenic
P12277	I57E	0.9991	pathogenic
P12277	I57F	0.8809	pathogenic
P12277	I57G	0.9982	pathogenic
P12277	I57H	0.9991	pathogenic
P12277	I57K	0.9991	pathogenic
P12277	I57L	0.4649	ambiguous
P12277	I57M	0.3985	ambiguous
P12277	I57N	0.9975	pathogenic
P12277	I57P	0.9989	pathogenic
P12277	I57Q	0.9971	pathogenic
P12277	I57R	0.9978	pathogenic
P12277	I57S	0.9872	pathogenic
P12277	I57T	0.9761	pathogenic
P12277	I57V	0.319	benign
P12277	I57W	0.9977	pathogenic
P12277	I57Y	0.9945	pathogenic
P12277	Q58A	0.7872	pathogenic
P12277	Q58C	0.9927	pathogenic
P12277	Q58D	0.9927	pathogenic
P12277	Q58E	0.7534	pathogenic
P12277	Q58F	0.9954	pathogenic
P12277	Q58G	0.8574	pathogenic
P12277	Q58H	0.9858	pathogenic
P12277	Q58I	0.9829	pathogenic
P12277	Q58K	0.8868	pathogenic
P12277	Q58L	0.9382	pathogenic
P12277	Q58M	0.9278	pathogenic
P12277	Q58N	0.9355	pathogenic
P12277	Q58P	0.9907	pathogenic
P12277	Q58R	0.831	pathogenic
P12277	Q58S	0.8047	pathogenic
P12277	Q58T	0.9174	pathogenic
P12277	Q58V	0.9549	pathogenic
P12277	Q58W	0.9958	pathogenic
P12277	Q58Y	0.9968	pathogenic
P12277	T59A	0.8317	pathogenic
P12277	T59C	0.9085	pathogenic
P12277	T59D	0.9938	pathogenic
P12277	T59E	0.9933	pathogenic
P12277	T59F	0.9973	pathogenic
P12277	T59G	0.8874	pathogenic
P12277	T59H	0.9911	pathogenic
P12277	T59I	0.9865	pathogenic
P12277	T59K	0.9936	pathogenic
P12277	T59L	0.9564	pathogenic
P12277	T59M	0.9261	pathogenic
P12277	T59N	0.9364	pathogenic
P12277	T59P	0.7044	pathogenic
P12277	T59Q	0.986	pathogenic
P12277	T59R	0.9891	pathogenic
P12277	T59S	0.8512	pathogenic
P12277	T59V	0.8985	pathogenic
P12277	T59W	0.9983	pathogenic
P12277	T59Y	0.9966	pathogenic
P12277	G60A	0.9468	pathogenic
P12277	G60C	0.9932	pathogenic
P12277	G60D	0.9992	pathogenic
P12277	G60E	0.9996	pathogenic
P12277	G60F	0.9997	pathogenic
P12277	G60H	0.9999	pathogenic
P12277	G60I	0.9995	pathogenic
P12277	G60K	0.9998	pathogenic
P12277	G60L	0.9993	pathogenic
P12277	G60M	0.9996	pathogenic
P12277	G60N	0.9994	pathogenic
P12277	G60P	0.9997	pathogenic
P12277	G60Q	0.9995	pathogenic
P12277	G60R	0.9991	pathogenic
P12277	G60S	0.9774	pathogenic
P12277	G60T	0.9966	pathogenic
P12277	G60V	0.998	pathogenic
P12277	G60W	0.9996	pathogenic
P12277	G60Y	0.9997	pathogenic
P12277	V61A	0.8842	pathogenic
P12277	V61C	0.9223	pathogenic
P12277	V61D	0.9983	pathogenic
P12277	V61E	0.9924	pathogenic
P12277	V61F	0.9453	pathogenic
P12277	V61G	0.9657	pathogenic
P12277	V61H	0.9974	pathogenic
P12277	V61I	0.1059	benign
P12277	V61K	0.9939	pathogenic
P12277	V61L	0.7726	pathogenic
P12277	V61M	0.7748	pathogenic
P12277	V61N	0.9872	pathogenic
P12277	V61P	0.9987	pathogenic
P12277	V61Q	0.9893	pathogenic
P12277	V61R	0.9855	pathogenic
P12277	V61S	0.9532	pathogenic
P12277	V61T	0.8021	pathogenic
P12277	V61W	0.9978	pathogenic
P12277	V61Y	0.994	pathogenic
P12277	D62A	0.9841	pathogenic
P12277	D62C	0.9973	pathogenic
P12277	D62E	0.9612	pathogenic
P12277	D62F	0.9981	pathogenic
P12277	D62G	0.9887	pathogenic
P12277	D62H	0.9957	pathogenic
P12277	D62I	0.9962	pathogenic
P12277	D62K	0.9971	pathogenic
P12277	D62L	0.9882	pathogenic
P12277	D62M	0.998	pathogenic
P12277	D62N	0.9486	pathogenic
P12277	D62P	0.9995	pathogenic
P12277	D62Q	0.993	pathogenic
P12277	D62R	0.995	pathogenic
P12277	D62S	0.9711	pathogenic
P12277	D62T	0.9926	pathogenic
P12277	D62V	0.9888	pathogenic
P12277	D62W	0.9992	pathogenic
P12277	D62Y	0.9864	pathogenic
P12277	N63A	0.9766	pathogenic
P12277	N63C	0.8498	pathogenic
P12277	N63D	0.99	pathogenic
P12277	N63E	0.9951	pathogenic
P12277	N63F	0.9887	pathogenic
P12277	N63G	0.9806	pathogenic
P12277	N63H	0.9369	pathogenic
P12277	N63I	0.9613	pathogenic
P12277	N63K	0.9984	pathogenic
P12277	N63L	0.9487	pathogenic
P12277	N63M	0.9764	pathogenic
P12277	N63P	0.9954	pathogenic
P12277	N63Q	0.99	pathogenic
P12277	N63R	0.996	pathogenic
P12277	N63S	0.6531	pathogenic
P12277	N63T	0.9295	pathogenic
P12277	N63V	0.9537	pathogenic
P12277	N63W	0.9976	pathogenic
P12277	N63Y	0.9543	pathogenic
P12277	P64A	0.4061	ambiguous
P12277	P64C	0.9151	pathogenic
P12277	P64D	0.9779	pathogenic
P12277	P64E	0.8742	pathogenic
P12277	P64F	0.9781	pathogenic
P12277	P64G	0.8809	pathogenic
P12277	P64H	0.8284	pathogenic
P12277	P64I	0.8838	pathogenic
P12277	P64K	0.7444	pathogenic
P12277	P64L	0.6914	pathogenic
P12277	P64M	0.8913	pathogenic
P12277	P64N	0.9543	pathogenic
P12277	P64Q	0.6952	pathogenic
P12277	P64R	0.6122	pathogenic
P12277	P64S	0.7589	pathogenic
P12277	P64T	0.6596	pathogenic
P12277	P64V	0.7644	pathogenic
P12277	P64W	0.9889	pathogenic
P12277	P64Y	0.9769	pathogenic
P12277	G65A	0.9713	pathogenic
P12277	G65C	0.9927	pathogenic
P12277	G65D	0.9983	pathogenic
P12277	G65E	0.9989	pathogenic
P12277	G65F	0.9993	pathogenic
P12277	G65H	0.9998	pathogenic
P12277	G65I	0.9991	pathogenic
P12277	G65K	0.9996	pathogenic
P12277	G65L	0.9988	pathogenic
P12277	G65M	0.9996	pathogenic
P12277	G65N	0.9989	pathogenic
P12277	G65P	0.9986	pathogenic
P12277	G65Q	0.9991	pathogenic
P12277	G65R	0.9984	pathogenic
P12277	G65S	0.9759	pathogenic
P12277	G65T	0.9955	pathogenic
P12277	G65V	0.9975	pathogenic
P12277	G65W	0.9991	pathogenic
P12277	G65Y	0.9992	pathogenic
P12277	H66A	0.9968	pathogenic
P12277	H66C	0.95	pathogenic
P12277	H66D	0.9971	pathogenic
P12277	H66E	0.9992	pathogenic
P12277	H66F	0.983	pathogenic
P12277	H66G	0.9977	pathogenic
P12277	H66I	0.9978	pathogenic
P12277	H66K	0.9987	pathogenic
P12277	H66L	0.9784	pathogenic
P12277	H66M	0.9966	pathogenic
P12277	H66N	0.984	pathogenic
P12277	H66P	0.9504	pathogenic
P12277	H66Q	0.9987	pathogenic
P12277	H66R	0.9986	pathogenic
P12277	H66S	0.9889	pathogenic
P12277	H66T	0.9988	pathogenic
P12277	H66V	0.9985	pathogenic
P12277	H66W	0.9569	pathogenic
P12277	H66Y	0.9777	pathogenic
P12277	P67A	0.7665	pathogenic
P12277	P67C	0.9829	pathogenic
P12277	P67D	0.9508	pathogenic
P12277	P67E	0.8916	pathogenic
P12277	P67F	0.9972	pathogenic
P12277	P67G	0.9096	pathogenic
P12277	P67H	0.9154	pathogenic
P12277	P67I	0.9877	pathogenic
P12277	P67K	0.883	pathogenic
P12277	P67L	0.9329	pathogenic
P12277	P67M	0.9857	pathogenic
P12277	P67N	0.9537	pathogenic
P12277	P67Q	0.869	pathogenic
P12277	P67R	0.8332	pathogenic
P12277	P67S	0.8656	pathogenic
P12277	P67T	0.8856	pathogenic
P12277	P67V	0.9704	pathogenic
P12277	P67W	0.9971	pathogenic
P12277	P67Y	0.9917	pathogenic
P12277	Y68A	0.7619	pathogenic
P12277	Y68C	0.2562	benign
P12277	Y68D	0.7788	pathogenic
P12277	Y68E	0.9291	pathogenic
P12277	Y68F	0.0481	benign
P12277	Y68G	0.7266	pathogenic
P12277	Y68H	0.3136	benign
P12277	Y68I	0.84	pathogenic
P12277	Y68K	0.9283	pathogenic
P12277	Y68L	0.8053	pathogenic
P12277	Y68M	0.7263	pathogenic
P12277	Y68N	0.4675	ambiguous
P12277	Y68P	0.9863	pathogenic
P12277	Y68Q	0.8489	pathogenic
P12277	Y68R	0.8824	pathogenic
P12277	Y68S	0.5288	ambiguous
P12277	Y68T	0.7581	pathogenic
P12277	Y68V	0.6651	pathogenic
P12277	Y68W	0.4703	ambiguous
P12277	I69A	0.9855	pathogenic
P12277	I69C	0.9952	pathogenic
P12277	I69D	0.9979	pathogenic
P12277	I69E	0.9964	pathogenic
P12277	I69F	0.9348	pathogenic
P12277	I69G	0.9955	pathogenic
P12277	I69H	0.997	pathogenic
P12277	I69K	0.9965	pathogenic
P12277	I69L	0.7729	pathogenic
P12277	I69M	0.827	pathogenic
P12277	I69N	0.982	pathogenic
P12277	I69P	0.9897	pathogenic
P12277	I69Q	0.9921	pathogenic
P12277	I69R	0.9906	pathogenic
P12277	I69S	0.9806	pathogenic
P12277	I69T	0.982	pathogenic
P12277	I69V	0.7203	pathogenic
P12277	I69W	0.9957	pathogenic
P12277	I69Y	0.9863	pathogenic
P12277	M70A	0.5904	pathogenic
P12277	M70C	0.7099	pathogenic
P12277	M70D	0.9531	pathogenic
P12277	M70E	0.7743	pathogenic
P12277	M70F	0.3457	ambiguous
P12277	M70G	0.8068	pathogenic
P12277	M70H	0.6089	pathogenic
P12277	M70I	0.8124	pathogenic
P12277	M70K	0.2802	benign
P12277	M70L	0.1554	benign
P12277	M70N	0.7217	pathogenic
P12277	M70P	0.888	pathogenic
P12277	M70Q	0.3475	ambiguous
P12277	M70R	0.3891	ambiguous
P12277	M70S	0.6079	pathogenic
P12277	M70T	0.4908	ambiguous
P12277	M70V	0.2778	benign
P12277	M70W	0.7128	pathogenic
P12277	M70Y	0.4397	ambiguous
P12277	T71A	0.9504	pathogenic
P12277	T71C	0.991	pathogenic
P12277	T71D	0.9966	pathogenic
P12277	T71E	0.995	pathogenic
P12277	T71F	0.9968	pathogenic
P12277	T71G	0.9669	pathogenic
P12277	T71H	0.9952	pathogenic
P12277	T71I	0.9895	pathogenic
P12277	T71K	0.9943	pathogenic
P12277	T71L	0.9646	pathogenic
P12277	T71M	0.9482	pathogenic
P12277	T71N	0.9655	pathogenic
P12277	T71P	0.9142	pathogenic
P12277	T71Q	0.9911	pathogenic
P12277	T71R	0.9929	pathogenic
P12277	T71S	0.9586	pathogenic
P12277	T71V	0.9577	pathogenic
P12277	T71W	0.9988	pathogenic
P12277	T71Y	0.9973	pathogenic
P12277	V72A	0.9618	pathogenic
P12277	V72C	0.9637	pathogenic
P12277	V72D	0.9986	pathogenic
P12277	V72E	0.9975	pathogenic
P12277	V72F	0.9951	pathogenic
P12277	V72G	0.9673	pathogenic
P12277	V72H	0.9996	pathogenic
P12277	V72I	0.5096	ambiguous
P12277	V72K	0.9984	pathogenic
P12277	V72L	0.9897	pathogenic
P12277	V72M	0.9842	pathogenic
P12277	V72N	0.9927	pathogenic
P12277	V72P	0.989	pathogenic
P12277	V72Q	0.9975	pathogenic
P12277	V72R	0.9944	pathogenic
P12277	V72S	0.965	pathogenic
P12277	V72T	0.8651	pathogenic
P12277	V72W	0.9998	pathogenic
P12277	V72Y	0.9993	pathogenic
P12277	G73A	0.988	pathogenic
P12277	G73C	0.9971	pathogenic
P12277	G73D	0.9994	pathogenic
P12277	G73E	0.9997	pathogenic
P12277	G73F	0.9996	pathogenic
P12277	G73H	0.9999	pathogenic
P12277	G73I	0.9996	pathogenic
P12277	G73K	0.9998	pathogenic
P12277	G73L	0.9991	pathogenic
P12277	G73M	0.9998	pathogenic
P12277	G73N	0.9995	pathogenic
P12277	G73P	0.9994	pathogenic
P12277	G73Q	0.9997	pathogenic
P12277	G73R	0.9993	pathogenic
P12277	G73S	0.9904	pathogenic
P12277	G73T	0.9982	pathogenic
P12277	G73V	0.9991	pathogenic
P12277	G73W	0.9995	pathogenic
P12277	G73Y	0.9997	pathogenic
P12277	C74A	0.3661	ambiguous
P12277	C74D	0.9993	pathogenic
P12277	C74E	0.9995	pathogenic
P12277	C74F	0.9558	pathogenic
P12277	C74G	0.6009	pathogenic
P12277	C74H	0.9986	pathogenic
P12277	C74I	0.8833	pathogenic
P12277	C74K	0.9998	pathogenic
P12277	C74L	0.7916	pathogenic
P12277	C74M	0.8953	pathogenic
P12277	C74N	0.993	pathogenic
P12277	C74P	0.9993	pathogenic
P12277	C74Q	0.998	pathogenic
P12277	C74R	0.9981	pathogenic
P12277	C74S	0.765	pathogenic
P12277	C74T	0.8703	pathogenic
P12277	C74V	0.6593	pathogenic
P12277	C74W	0.9982	pathogenic
P12277	C74Y	0.9936	pathogenic
P12277	V75A	0.8778	pathogenic
P12277	V75C	0.9401	pathogenic
P12277	V75D	0.9961	pathogenic
P12277	V75E	0.993	pathogenic
P12277	V75F	0.9785	pathogenic
P12277	V75G	0.8892	pathogenic
P12277	V75H	0.9972	pathogenic
P12277	V75I	0.4091	ambiguous
P12277	V75K	0.9949	pathogenic
P12277	V75L	0.9554	pathogenic
P12277	V75M	0.9593	pathogenic
P12277	V75N	0.9744	pathogenic
P12277	V75P	0.9932	pathogenic
P12277	V75Q	0.9895	pathogenic
P12277	V75R	0.9831	pathogenic
P12277	V75S	0.9003	pathogenic
P12277	V75T	0.5742	pathogenic
P12277	V75W	0.9993	pathogenic
P12277	V75Y	0.9956	pathogenic
P12277	A76C	0.8637	pathogenic
P12277	A76D	0.9988	pathogenic
P12277	A76E	0.9985	pathogenic
P12277	A76F	0.9891	pathogenic
P12277	A76G	0.7381	pathogenic
P12277	A76H	0.9981	pathogenic
P12277	A76I	0.9846	pathogenic
P12277	A76K	0.9995	pathogenic
P12277	A76L	0.9193	pathogenic
P12277	A76M	0.9751	pathogenic
P12277	A76N	0.9964	pathogenic
P12277	A76P	0.9788	pathogenic
P12277	A76Q	0.9944	pathogenic
P12277	A76R	0.9952	pathogenic
P12277	A76S	0.6873	pathogenic
P12277	A76T	0.9602	pathogenic
P12277	A76V	0.9378	pathogenic
P12277	A76W	0.9989	pathogenic
P12277	A76Y	0.9973	pathogenic
P12277	G77A	0.8195	pathogenic
P12277	G77C	0.9797	pathogenic
P12277	G77D	0.9989	pathogenic
P12277	G77E	0.9989	pathogenic
P12277	G77F	0.9993	pathogenic
P12277	G77H	0.9997	pathogenic
P12277	G77I	0.9985	pathogenic
P12277	G77K	0.9995	pathogenic
P12277	G77L	0.998	pathogenic
P12277	G77M	0.999	pathogenic
P12277	G77N	0.9992	pathogenic
P12277	G77P	0.9961	pathogenic
P12277	G77Q	0.9988	pathogenic
P12277	G77R	0.9973	pathogenic
P12277	G77S	0.945	pathogenic
P12277	G77T	0.9933	pathogenic
P12277	G77V	0.9941	pathogenic
P12277	G77W	0.9986	pathogenic
P12277	G77Y	0.9994	pathogenic
P12277	D78A	0.9949	pathogenic
P12277	D78C	0.9943	pathogenic
P12277	D78E	0.9861	pathogenic
P12277	D78F	0.9996	pathogenic
P12277	D78G	0.9918	pathogenic
P12277	D78H	0.9971	pathogenic
P12277	D78I	0.9993	pathogenic
P12277	D78K	0.9989	pathogenic
P12277	D78L	0.9982	pathogenic
P12277	D78M	0.9996	pathogenic
P12277	D78N	0.9623	pathogenic
P12277	D78P	0.9995	pathogenic
P12277	D78Q	0.9986	pathogenic
P12277	D78R	0.998	pathogenic
P12277	D78S	0.9818	pathogenic
P12277	D78T	0.9961	pathogenic
P12277	D78V	0.9967	pathogenic
P12277	D78W	0.9998	pathogenic
P12277	D78Y	0.9955	pathogenic
P12277	E79A	0.5556	ambiguous
P12277	E79C	0.9735	pathogenic
P12277	E79D	0.8862	pathogenic
P12277	E79F	0.9949	pathogenic
P12277	E79G	0.7523	pathogenic
P12277	E79H	0.9759	pathogenic
P12277	E79I	0.9236	pathogenic
P12277	E79K	0.8319	pathogenic
P12277	E79L	0.9567	pathogenic
P12277	E79M	0.9351	pathogenic
P12277	E79N	0.9601	pathogenic
P12277	E79P	0.9392	pathogenic
P12277	E79Q	0.6208	pathogenic
P12277	E79R	0.8774	pathogenic
P12277	E79S	0.802	pathogenic
P12277	E79T	0.877	pathogenic
P12277	E79V	0.8256	pathogenic
P12277	E79W	0.9975	pathogenic
P12277	E79Y	0.9902	pathogenic
P12277	E80A	0.356	ambiguous
P12277	E80C	0.9445	pathogenic
P12277	E80D	0.3078	benign
P12277	E80F	0.9471	pathogenic
P12277	E80G	0.5695	pathogenic
P12277	E80H	0.8328	pathogenic
P12277	E80I	0.833	pathogenic
P12277	E80K	0.7017	pathogenic
P12277	E80L	0.8122	pathogenic
P12277	E80M	0.8067	pathogenic
P12277	E80N	0.6752	pathogenic
P12277	E80P	0.9555	pathogenic
P12277	E80Q	0.379	ambiguous
P12277	E80R	0.8252	pathogenic
P12277	E80S	0.5596	ambiguous
P12277	E80T	0.6718	pathogenic
P12277	E80V	0.6561	pathogenic
P12277	E80W	0.9845	pathogenic
P12277	E80Y	0.879	pathogenic
P12277	S81A	0.2903	benign
P12277	S81C	0.1387	benign
P12277	S81D	0.9856	pathogenic
P12277	S81E	0.9945	pathogenic
P12277	S81F	0.9939	pathogenic
P12277	S81G	0.4111	ambiguous
P12277	S81H	0.991	pathogenic
P12277	S81I	0.946	pathogenic
P12277	S81K	0.9995	pathogenic
P12277	S81L	0.8877	pathogenic
P12277	S81M	0.8591	pathogenic
P12277	S81N	0.9143	pathogenic
P12277	S81P	0.9959	pathogenic
P12277	S81Q	0.9929	pathogenic
P12277	S81R	0.9989	pathogenic
P12277	S81T	0.0953	benign
P12277	S81V	0.7715	pathogenic
P12277	S81W	0.9976	pathogenic
P12277	S81Y	0.9927	pathogenic
P12277	Y82A	0.9928	pathogenic
P12277	Y82C	0.9418	pathogenic
P12277	Y82D	0.9951	pathogenic
P12277	Y82E	0.9984	pathogenic
P12277	Y82F	0.1932	benign
P12277	Y82G	0.9827	pathogenic
P12277	Y82H	0.9887	pathogenic
P12277	Y82I	0.9759	pathogenic
P12277	Y82K	0.9989	pathogenic
P12277	Y82L	0.9075	pathogenic
P12277	Y82M	0.9708	pathogenic
P12277	Y82N	0.9852	pathogenic
P12277	Y82P	0.9929	pathogenic
P12277	Y82Q	0.998	pathogenic
P12277	Y82R	0.9955	pathogenic
P12277	Y82S	0.9819	pathogenic
P12277	Y82T	0.9903	pathogenic
P12277	Y82V	0.9417	pathogenic
P12277	Y82W	0.7007	pathogenic
P12277	E83A	0.0909	benign
P12277	E83C	0.4784	ambiguous
P12277	E83D	0.0774	benign
P12277	E83F	0.4919	ambiguous
P12277	E83G	0.1381	benign
P12277	E83H	0.2217	benign
P12277	E83I	0.1574	benign
P12277	E83K	0.1485	benign
P12277	E83L	0.1936	benign
P12277	E83M	0.2641	benign
P12277	E83N	0.1319	benign
P12277	E83P	0.7183	pathogenic
P12277	E83Q	0.1103	benign
P12277	E83R	0.2132	benign
P12277	E83S	0.1054	benign
P12277	E83T	0.0958	benign
P12277	E83V	0.0979	benign
P12277	E83W	0.7419	pathogenic
P12277	E83Y	0.358	ambiguous
P12277	V84A	0.2891	benign
P12277	V84C	0.7499	pathogenic
P12277	V84D	0.6111	pathogenic
P12277	V84E	0.49	ambiguous
P12277	V84F	0.3905	ambiguous
P12277	V84G	0.4532	ambiguous
P12277	V84H	0.7795	pathogenic
P12277	V84I	0.0847	benign
P12277	V84K	0.6403	pathogenic
P12277	V84L	0.2663	benign
P12277	V84M	0.2258	benign
P12277	V84N	0.4463	ambiguous
P12277	V84P	0.9413	pathogenic
P12277	V84Q	0.5788	pathogenic
P12277	V84R	0.6202	pathogenic
P12277	V84S	0.4295	ambiguous
P12277	V84T	0.159	benign
P12277	V84W	0.9349	pathogenic
P12277	V84Y	0.7213	pathogenic
P12277	F85A	0.9974	pathogenic
P12277	F85C	0.9754	pathogenic
P12277	F85D	0.9995	pathogenic
P12277	F85E	0.9995	pathogenic
P12277	F85G	0.9957	pathogenic
P12277	F85H	0.9869	pathogenic
P12277	F85I	0.9937	pathogenic
P12277	F85K	0.9995	pathogenic
P12277	F85L	0.9949	pathogenic
P12277	F85M	0.9838	pathogenic
P12277	F85N	0.9974	pathogenic
P12277	F85P	0.9998	pathogenic
P12277	F85Q	0.9985	pathogenic
P12277	F85R	0.9977	pathogenic
P12277	F85S	0.9961	pathogenic
P12277	F85T	0.9983	pathogenic
P12277	F85V	0.9901	pathogenic
P12277	F85W	0.7967	pathogenic
P12277	F85Y	0.6157	pathogenic
P12277	K86A	0.2396	benign
P12277	K86C	0.4573	ambiguous
P12277	K86D	0.6934	pathogenic
P12277	K86E	0.2032	benign
P12277	K86F	0.9004	pathogenic
P12277	K86G	0.2859	benign
P12277	K86H	0.2917	benign
P12277	K86I	0.6854	pathogenic
P12277	K86L	0.5715	pathogenic
P12277	K86M	0.4018	ambiguous
P12277	K86N	0.5553	ambiguous
P12277	K86P	0.8684	pathogenic
P12277	K86Q	0.112	benign
P12277	K86R	0.0722	benign
P12277	K86S	0.2887	benign
P12277	K86T	0.2866	benign
P12277	K86V	0.5593	ambiguous
P12277	K86W	0.8052	pathogenic
P12277	K86Y	0.7816	pathogenic
P12277	D87A	0.0593	benign
P12277	D87C	0.2755	benign
P12277	D87E	0.0695	benign
P12277	D87F	0.4275	ambiguous
P12277	D87G	0.0779	benign
P12277	D87H	0.1253	benign
P12277	D87I	0.2101	benign
P12277	D87K	0.1179	benign
P12277	D87L	0.172	benign
P12277	D87M	0.3089	benign
P12277	D87N	0.0752	benign
P12277	D87P	0.164	benign
P12277	D87Q	0.104	benign
P12277	D87R	0.1491	benign
P12277	D87S	0.0641	benign
P12277	D87T	0.1017	benign
P12277	D87V	0.1025	benign
P12277	D87W	0.6749	pathogenic
P12277	D87Y	0.1699	benign
P12277	L88A	0.9254	pathogenic
P12277	L88C	0.8383	pathogenic
P12277	L88D	0.9991	pathogenic
P12277	L88E	0.9968	pathogenic
P12277	L88F	0.2942	benign
P12277	L88G	0.9914	pathogenic
P12277	L88H	0.9822	pathogenic
P12277	L88I	0.1099	benign
P12277	L88K	0.9928	pathogenic
P12277	L88M	0.2363	benign
P12277	L88N	0.9951	pathogenic
P12277	L88P	0.9915	pathogenic
P12277	L88Q	0.9857	pathogenic
P12277	L88R	0.9852	pathogenic
P12277	L88S	0.9899	pathogenic
P12277	L88T	0.9277	pathogenic
P12277	L88V	0.141	benign
P12277	L88W	0.9066	pathogenic
P12277	L88Y	0.9071	pathogenic
P12277	F89A	0.9605	pathogenic
P12277	F89C	0.8628	pathogenic
P12277	F89D	0.9976	pathogenic
P12277	F89E	0.9971	pathogenic
P12277	F89G	0.9824	pathogenic
P12277	F89H	0.9802	pathogenic
P12277	F89I	0.7391	pathogenic
P12277	F89K	0.9968	pathogenic
P12277	F89L	0.6271	pathogenic
P12277	F89M	0.5456	ambiguous
P12277	F89N	0.9905	pathogenic
P12277	F89P	0.9987	pathogenic
P12277	F89Q	0.9909	pathogenic
P12277	F89R	0.9925	pathogenic
P12277	F89S	0.9814	pathogenic
P12277	F89T	0.9704	pathogenic
P12277	F89V	0.7632	pathogenic
P12277	F89W	0.7741	pathogenic
P12277	F89Y	0.6135	pathogenic
P12277	D90A	0.7961	pathogenic
P12277	D90C	0.9658	pathogenic
P12277	D90E	0.75	pathogenic
P12277	D90F	0.9289	pathogenic
P12277	D90G	0.761	pathogenic
P12277	D90H	0.8128	pathogenic
P12277	D90I	0.9185	pathogenic
P12277	D90K	0.9725	pathogenic
P12277	D90L	0.8508	pathogenic
P12277	D90M	0.958	pathogenic
P12277	D90N	0.1804	benign
P12277	D90P	0.9927	pathogenic
P12277	D90Q	0.919	pathogenic
P12277	D90R	0.9633	pathogenic
P12277	D90S	0.4603	ambiguous
P12277	D90T	0.7797	pathogenic
P12277	D90V	0.8539	pathogenic
P12277	D90W	0.9852	pathogenic
P12277	D90Y	0.7267	pathogenic
P12277	P91A	0.1563	benign
P12277	P91C	0.5503	ambiguous
P12277	P91D	0.7031	pathogenic
P12277	P91E	0.5056	ambiguous
P12277	P91F	0.8407	pathogenic
P12277	P91G	0.4374	ambiguous
P12277	P91H	0.3742	ambiguous
P12277	P91I	0.4664	ambiguous
P12277	P91K	0.2359	benign
P12277	P91L	0.2798	benign
P12277	P91M	0.5788	pathogenic
P12277	P91N	0.616	pathogenic
P12277	P91Q	0.2939	benign
P12277	P91R	0.1635	benign
P12277	P91S	0.3158	benign
P12277	P91T	0.2195	benign
P12277	P91V	0.2791	benign
P12277	P91W	0.8837	pathogenic
P12277	P91Y	0.7827	pathogenic
P12277	I92A	0.9338	pathogenic
P12277	I92C	0.9571	pathogenic
P12277	I92D	0.9994	pathogenic
P12277	I92E	0.9977	pathogenic
P12277	I92F	0.9703	pathogenic
P12277	I92G	0.9933	pathogenic
P12277	I92H	0.9988	pathogenic
P12277	I92K	0.9982	pathogenic
P12277	I92L	0.4007	ambiguous
P12277	I92M	0.6388	pathogenic
P12277	I92N	0.9923	pathogenic
P12277	I92P	0.9925	pathogenic
P12277	I92Q	0.9974	pathogenic
P12277	I92R	0.9972	pathogenic
P12277	I92S	0.9783	pathogenic
P12277	I92T	0.9226	pathogenic
P12277	I92V	0.0597	benign
P12277	I92W	0.9994	pathogenic
P12277	I92Y	0.9976	pathogenic
P12277	I93A	0.9804	pathogenic
P12277	I93C	0.9944	pathogenic
P12277	I93D	0.9998	pathogenic
P12277	I93E	0.9985	pathogenic
P12277	I93F	0.9885	pathogenic
P12277	I93G	0.9989	pathogenic
P12277	I93H	0.9995	pathogenic
P12277	I93K	0.9981	pathogenic
P12277	I93L	0.7282	pathogenic
P12277	I93M	0.8161	pathogenic
P12277	I93N	0.998	pathogenic
P12277	I93P	0.9985	pathogenic
P12277	I93Q	0.9982	pathogenic
P12277	I93R	0.9962	pathogenic
P12277	I93S	0.9923	pathogenic
P12277	I93T	0.9453	pathogenic
P12277	I93V	0.3538	ambiguous
P12277	I93W	0.9992	pathogenic
P12277	I93Y	0.9987	pathogenic
P12277	E94A	0.1125	benign
P12277	E94C	0.6513	pathogenic
P12277	E94D	0.2185	benign
P12277	E94F	0.835	pathogenic
P12277	E94G	0.2428	benign
P12277	E94H	0.3483	ambiguous
P12277	E94I	0.6514	pathogenic
P12277	E94K	0.2643	benign
P12277	E94L	0.5883	pathogenic
P12277	E94M	0.5014	ambiguous
P12277	E94N	0.2495	benign
P12277	E94P	0.9852	pathogenic
P12277	E94Q	0.0874	benign
P12277	E94R	0.294	benign
P12277	E94S	0.0978	benign
P12277	E94T	0.2723	benign
P12277	E94V	0.4091	ambiguous
P12277	E94W	0.9174	pathogenic
P12277	E94Y	0.7048	pathogenic
P12277	D95A	0.2102	benign
P12277	D95C	0.8011	pathogenic
P12277	D95E	0.2517	benign
P12277	D95F	0.7404	pathogenic
P12277	D95G	0.2593	benign
P12277	D95H	0.5464	ambiguous
P12277	D95I	0.6617	pathogenic
P12277	D95K	0.6292	pathogenic
P12277	D95L	0.4939	ambiguous
P12277	D95M	0.7009	pathogenic
P12277	D95N	0.1954	benign
P12277	D95P	0.9802	pathogenic
P12277	D95Q	0.4635	ambiguous
P12277	D95R	0.7155	pathogenic
P12277	D95S	0.2077	benign
P12277	D95T	0.4628	ambiguous
P12277	D95V	0.4478	ambiguous
P12277	D95W	0.9559	pathogenic
P12277	D95Y	0.431	ambiguous
P12277	R96A	0.9982	pathogenic
P12277	R96C	0.975	pathogenic
P12277	R96D	0.9992	pathogenic
P12277	R96E	0.9961	pathogenic
P12277	R96F	0.9973	pathogenic
P12277	R96G	0.9947	pathogenic
P12277	R96H	0.9788	pathogenic
P12277	R96I	0.9934	pathogenic
P12277	R96K	0.9809	pathogenic
P12277	R96L	0.993	pathogenic
P12277	R96M	0.9991	pathogenic
P12277	R96N	0.9983	pathogenic
P12277	R96P	0.9993	pathogenic
P12277	R96Q	0.989	pathogenic
P12277	R96S	0.9984	pathogenic
P12277	R96T	0.9983	pathogenic
P12277	R96V	0.9945	pathogenic
P12277	R96W	0.9556	pathogenic
P12277	R96Y	0.9735	pathogenic
P12277	H97A	0.9992	pathogenic
P12277	H97C	0.9521	pathogenic
P12277	H97D	0.9993	pathogenic
P12277	H97E	0.9993	pathogenic
P12277	H97F	0.9826	pathogenic
P12277	H97G	0.9983	pathogenic
P12277	H97I	0.9994	pathogenic
P12277	H97K	0.9978	pathogenic
P12277	H97L	0.9936	pathogenic
P12277	H97M	0.9973	pathogenic
P12277	H97N	0.9952	pathogenic
P12277	H97P	0.998	pathogenic
P12277	H97Q	0.9973	pathogenic
P12277	H97R	0.9968	pathogenic
P12277	H97S	0.9985	pathogenic
P12277	H97T	0.9995	pathogenic
P12277	H97V	0.9994	pathogenic
P12277	H97W	0.9317	pathogenic
P12277	H97Y	0.9882	pathogenic
P12277	G98A	0.2203	benign
P12277	G98C	0.2442	benign
P12277	G98D	0.5328	ambiguous
P12277	G98E	0.6075	pathogenic
P12277	G98F	0.7743	pathogenic
P12277	G98H	0.5297	ambiguous
P12277	G98I	0.7262	pathogenic
P12277	G98K	0.707	pathogenic
P12277	G98L	0.6338	pathogenic
P12277	G98M	0.6284	pathogenic
P12277	G98N	0.2502	benign
P12277	G98P	0.9866	pathogenic
P12277	G98Q	0.4376	ambiguous
P12277	G98R	0.5902	pathogenic
P12277	G98S	0.1354	benign
P12277	G98T	0.421	ambiguous
P12277	G98V	0.5762	pathogenic
P12277	G98W	0.7387	pathogenic
P12277	G98Y	0.6374	pathogenic
P12277	G99A	0.6446	pathogenic
P12277	G99C	0.7041	pathogenic
P12277	G99D	0.7205	pathogenic
P12277	G99E	0.8639	pathogenic
P12277	G99F	0.9478	pathogenic
P12277	G99H	0.8609	pathogenic
P12277	G99I	0.9074	pathogenic
P12277	G99K	0.8793	pathogenic
P12277	G99L	0.92	pathogenic
P12277	G99M	0.9366	pathogenic
P12277	G99N	0.638	pathogenic
P12277	G99P	0.9766	pathogenic
P12277	G99Q	0.8443	pathogenic
P12277	G99R	0.8286	pathogenic
P12277	G99S	0.3856	ambiguous
P12277	G99T	0.7177	pathogenic
P12277	G99V	0.8629	pathogenic
P12277	G99W	0.9406	pathogenic
P12277	G99Y	0.9152	pathogenic
P12277	Y100A	0.9953	pathogenic
P12277	Y100C	0.906	pathogenic
P12277	Y100D	0.9937	pathogenic
P12277	Y100E	0.9981	pathogenic
P12277	Y100F	0.1129	benign
P12277	Y100G	0.9864	pathogenic
P12277	Y100H	0.9549	pathogenic
P12277	Y100I	0.9724	pathogenic
P12277	Y100K	0.9957	pathogenic
P12277	Y100L	0.9622	pathogenic
P12277	Y100M	0.9815	pathogenic
P12277	Y100N	0.9737	pathogenic
P12277	Y100P	0.9977	pathogenic
P12277	Y100Q	0.9961	pathogenic
P12277	Y100R	0.9872	pathogenic
P12277	Y100S	0.9839	pathogenic
P12277	Y100T	0.9953	pathogenic
P12277	Y100V	0.9627	pathogenic
P12277	Y100W	0.7621	pathogenic
P12277	K101A	0.2601	benign
P12277	K101C	0.5838	pathogenic
P12277	K101D	0.6742	pathogenic
P12277	K101E	0.2813	benign
P12277	K101F	0.8047	pathogenic
P12277	K101G	0.2353	benign
P12277	K101H	0.3274	benign
P12277	K101I	0.5729	pathogenic
P12277	K101L	0.2741	benign
P12277	K101M	0.2763	benign
P12277	K101N	0.4466	ambiguous
P12277	K101P	0.7265	pathogenic
P12277	K101Q	0.1288	benign
P12277	K101R	0.1105	benign
P12277	K101S	0.299	benign
P12277	K101T	0.1939	benign
P12277	K101V	0.4365	ambiguous
P12277	K101W	0.8889	pathogenic
P12277	K101Y	0.7657	pathogenic
P12277	P102A	0.0668	benign
P12277	P102C	0.4865	ambiguous
P12277	P102D	0.6162	pathogenic
P12277	P102E	0.3309	benign
P12277	P102F	0.6397	pathogenic
P12277	P102G	0.327	benign
P12277	P102H	0.2638	benign
P12277	P102I	0.3781	ambiguous
P12277	P102K	0.1938	benign
P12277	P102L	0.1771	benign
P12277	P102M	0.3913	ambiguous
P12277	P102N	0.496	ambiguous
P12277	P102Q	0.1866	benign
P12277	P102R	0.1399	benign
P12277	P102S	0.1667	benign
P12277	P102T	0.1577	benign
P12277	P102V	0.2217	benign
P12277	P102W	0.7725	pathogenic
P12277	P102Y	0.5812	pathogenic
P12277	S103A	0.0767	benign
P12277	S103C	0.1271	benign
P12277	S103D	0.172	benign
P12277	S103E	0.2334	benign
P12277	S103F	0.2473	benign
P12277	S103G	0.0666	benign
P12277	S103H	0.2273	benign
P12277	S103I	0.2146	benign
P12277	S103K	0.3197	benign
P12277	S103L	0.1182	benign
P12277	S103M	0.163	benign
P12277	S103N	0.1053	benign
P12277	S103P	0.5576	ambiguous
P12277	S103Q	0.2771	benign
P12277	S103R	0.3465	ambiguous
P12277	S103T	0.0518	benign
P12277	S103V	0.173	benign
P12277	S103W	0.3881	ambiguous
P12277	S103Y	0.2587	benign
P12277	D104A	0.1097	benign
P12277	D104C	0.6066	pathogenic
P12277	D104E	0.2485	benign
P12277	D104F	0.6999	pathogenic
P12277	D104G	0.3109	benign
P12277	D104H	0.4112	ambiguous
P12277	D104I	0.6502	pathogenic
P12277	D104K	0.6274	pathogenic
P12277	D104L	0.5254	ambiguous
P12277	D104M	0.5636	ambiguous
P12277	D104N	0.1831	benign
P12277	D104P	0.9497	pathogenic
P12277	D104Q	0.2992	benign
P12277	D104R	0.6493	pathogenic
P12277	D104S	0.1171	benign
P12277	D104T	0.3179	benign
P12277	D104V	0.3579	ambiguous
P12277	D104W	0.9453	pathogenic
P12277	D104Y	0.4458	ambiguous
P12277	E105A	0.1048	benign
P12277	E105C	0.4547	ambiguous
P12277	E105D	0.1802	benign
P12277	E105F	0.4486	ambiguous
P12277	E105G	0.1446	benign
P12277	E105H	0.2132	benign
P12277	E105I	0.1175	benign
P12277	E105K	0.0644	benign
P12277	E105L	0.1539	benign
P12277	E105M	0.1798	benign
P12277	E105N	0.1902	benign
P12277	E105P	0.4423	ambiguous
P12277	E105Q	0.071	benign
P12277	E105R	0.1154	benign
P12277	E105S	0.1281	benign
P12277	E105T	0.0908	benign
P12277	E105V	0.0813	benign
P12277	E105W	0.7514	pathogenic
P12277	E105Y	0.3841	ambiguous
P12277	H106A	0.9869	pathogenic
P12277	H106C	0.9086	pathogenic
P12277	H106D	0.9943	pathogenic
P12277	H106E	0.9898	pathogenic
P12277	H106F	0.9718	pathogenic
P12277	H106G	0.987	pathogenic
P12277	H106I	0.9902	pathogenic
P12277	H106K	0.9939	pathogenic
P12277	H106L	0.9641	pathogenic
P12277	H106M	0.9745	pathogenic
P12277	H106N	0.9348	pathogenic
P12277	H106P	0.9499	pathogenic
P12277	H106Q	0.9464	pathogenic
P12277	H106R	0.9939	pathogenic
P12277	H106S	0.9822	pathogenic
P12277	H106T	0.9942	pathogenic
P12277	H106V	0.993	pathogenic
P12277	H106W	0.9621	pathogenic
P12277	H106Y	0.9713	pathogenic
P12277	K107A	0.4673	ambiguous
P12277	K107C	0.587	pathogenic
P12277	K107D	0.8065	pathogenic
P12277	K107E	0.2857	benign
P12277	K107F	0.821	pathogenic
P12277	K107G	0.6874	pathogenic
P12277	K107H	0.3186	benign
P12277	K107I	0.2756	benign
P12277	K107L	0.3967	ambiguous
P12277	K107M	0.3244	benign
P12277	K107N	0.6439	pathogenic
P12277	K107P	0.5328	ambiguous
P12277	K107Q	0.1663	benign
P12277	K107R	0.0924	benign
P12277	K107S	0.5797	pathogenic
P12277	K107T	0.2045	benign
P12277	K107V	0.2256	benign
P12277	K107W	0.8491	pathogenic
P12277	K107Y	0.7647	pathogenic
P12277	T108A	0.4654	ambiguous
P12277	T108C	0.7732	pathogenic
P12277	T108D	0.9381	pathogenic
P12277	T108E	0.8937	pathogenic
P12277	T108F	0.9279	pathogenic
P12277	T108G	0.7216	pathogenic
P12277	T108H	0.7908	pathogenic
P12277	T108I	0.8171	pathogenic
P12277	T108K	0.7277	pathogenic
P12277	T108L	0.596	pathogenic
P12277	T108M	0.4153	ambiguous
P12277	T108N	0.6572	pathogenic
P12277	T108P	0.6566	pathogenic
P12277	T108Q	0.7231	pathogenic
P12277	T108R	0.6799	pathogenic
P12277	T108S	0.4229	ambiguous
P12277	T108V	0.5961	pathogenic
P12277	T108W	0.9594	pathogenic
P12277	T108Y	0.9058	pathogenic
P12277	D109A	0.8385	pathogenic
P12277	D109C	0.917	pathogenic
P12277	D109E	0.8901	pathogenic
P12277	D109F	0.9827	pathogenic
P12277	D109G	0.9447	pathogenic
P12277	D109H	0.9108	pathogenic
P12277	D109I	0.9328	pathogenic
P12277	D109K	0.9839	pathogenic
P12277	D109L	0.9441	pathogenic
P12277	D109M	0.9816	pathogenic
P12277	D109N	0.2204	benign
P12277	D109P	0.9931	pathogenic
P12277	D109Q	0.9595	pathogenic
P12277	D109R	0.9722	pathogenic
P12277	D109S	0.539	ambiguous
P12277	D109T	0.9038	pathogenic
P12277	D109V	0.7878	pathogenic
P12277	D109W	0.9974	pathogenic
P12277	D109Y	0.8794	pathogenic
P12277	L110A	0.9037	pathogenic
P12277	L110C	0.861	pathogenic
P12277	L110D	0.9946	pathogenic
P12277	L110E	0.9714	pathogenic
P12277	L110F	0.688	pathogenic
P12277	L110G	0.9657	pathogenic
P12277	L110H	0.9331	pathogenic
P12277	L110I	0.206	benign
P12277	L110K	0.9167	pathogenic
P12277	L110M	0.2266	benign
P12277	L110N	0.9518	pathogenic
P12277	L110P	0.9568	pathogenic
P12277	L110Q	0.8676	pathogenic
P12277	L110R	0.8559	pathogenic
P12277	L110S	0.9556	pathogenic
P12277	L110T	0.7354	pathogenic
P12277	L110V	0.2751	benign
P12277	L110W	0.8854	pathogenic
P12277	L110Y	0.9355	pathogenic
P12277	N111A	0.397	ambiguous
P12277	N111C	0.29	benign
P12277	N111D	0.1408	benign
P12277	N111E	0.4636	ambiguous
P12277	N111F	0.7013	pathogenic
P12277	N111G	0.6993	pathogenic
P12277	N111H	0.114	benign
P12277	N111I	0.2818	benign
P12277	N111K	0.3187	benign
P12277	N111L	0.3061	benign
P12277	N111M	0.419	ambiguous
P12277	N111P	0.9364	pathogenic
P12277	N111Q	0.3374	benign
P12277	N111R	0.3463	ambiguous
P12277	N111S	0.1275	benign
P12277	N111T	0.2299	benign
P12277	N111V	0.2671	benign
P12277	N111W	0.8668	pathogenic
P12277	N111Y	0.2917	benign
P12277	P112A	0.0669	benign
P12277	P112C	0.3748	ambiguous
P12277	P112D	0.8156	pathogenic
P12277	P112E	0.6276	pathogenic
P12277	P112F	0.4426	ambiguous
P12277	P112G	0.3863	ambiguous
P12277	P112H	0.212	benign
P12277	P112I	0.4297	ambiguous
P12277	P112K	0.5814	pathogenic
P12277	P112L	0.3477	ambiguous
P12277	P112M	0.4871	ambiguous
P12277	P112N	0.6207	pathogenic
P12277	P112Q	0.3666	ambiguous
P12277	P112R	0.4405	ambiguous
P12277	P112S	0.137	benign
P12277	P112T	0.1665	benign
P12277	P112V	0.2662	benign
P12277	P112W	0.6056	pathogenic
P12277	P112Y	0.4377	ambiguous
P12277	D113A	0.0609	benign
P12277	D113C	0.3177	benign
P12277	D113E	0.0777	benign
P12277	D113F	0.4072	ambiguous
P12277	D113G	0.0874	benign
P12277	D113H	0.1339	benign
P12277	D113I	0.1979	benign
P12277	D113K	0.1441	benign
P12277	D113L	0.188	benign
P12277	D113M	0.3283	benign
P12277	D113N	0.0675	benign
P12277	D113P	0.7593	pathogenic
P12277	D113Q	0.1099	benign
P12277	D113R	0.1707	benign
P12277	D113S	0.0663	benign
P12277	D113T	0.1113	benign
P12277	D113V	0.104	benign
P12277	D113W	0.7257	pathogenic
P12277	D113Y	0.1675	benign
P12277	N114A	0.2284	benign
P12277	N114C	0.1781	benign
P12277	N114D	0.2482	benign
P12277	N114E	0.4252	ambiguous
P12277	N114F	0.386	ambiguous
P12277	N114G	0.3257	benign
P12277	N114H	0.0432	benign
P12277	N114I	0.259	benign
P12277	N114K	0.1611	benign
P12277	N114L	0.1974	benign
P12277	N114M	0.341	ambiguous
P12277	N114P	0.9255	pathogenic
P12277	N114Q	0.235	benign
P12277	N114R	0.1718	benign
P12277	N114S	0.117	benign
P12277	N114T	0.1949	benign
P12277	N114V	0.2464	benign
P12277	N114W	0.7435	pathogenic
P12277	N114Y	0.1371	benign
P12277	L115A	0.9785	pathogenic
P12277	L115C	0.9449	pathogenic
P12277	L115D	0.9995	pathogenic
P12277	L115E	0.9968	pathogenic
P12277	L115F	0.86	pathogenic
P12277	L115G	0.9961	pathogenic
P12277	L115H	0.9931	pathogenic
P12277	L115I	0.208	benign
P12277	L115K	0.995	pathogenic
P12277	L115M	0.5933	pathogenic
P12277	L115N	0.9973	pathogenic
P12277	L115P	0.9943	pathogenic
P12277	L115Q	0.9916	pathogenic
P12277	L115R	0.9855	pathogenic
P12277	L115S	0.9962	pathogenic
P12277	L115T	0.973	pathogenic
P12277	L115V	0.3112	benign
P12277	L115W	0.9773	pathogenic
P12277	L115Y	0.9853	pathogenic
P12277	Q116A	0.1608	benign
P12277	Q116C	0.3404	ambiguous
P12277	Q116D	0.3955	ambiguous
P12277	Q116E	0.0934	benign
P12277	Q116F	0.5037	ambiguous
P12277	Q116G	0.2821	benign
P12277	Q116H	0.1388	benign
P12277	Q116I	0.1559	benign
P12277	Q116K	0.0598	benign
P12277	Q116L	0.0917	benign
P12277	Q116M	0.2625	benign
P12277	Q116N	0.2657	benign
P12277	Q116P	0.3609	ambiguous
P12277	Q116R	0.0685	benign
P12277	Q116S	0.2025	benign
P12277	Q116T	0.1244	benign
P12277	Q116V	0.1057	benign
P12277	Q116W	0.4118	ambiguous
P12277	Q116Y	0.3629	ambiguous
P12277	G117A	0.5544	ambiguous
P12277	G117C	0.7273	pathogenic
P12277	G117D	0.7194	pathogenic
P12277	G117E	0.8561	pathogenic
P12277	G117F	0.9186	pathogenic
P12277	G117H	0.9201	pathogenic
P12277	G117I	0.9085	pathogenic
P12277	G117K	0.9502	pathogenic
P12277	G117L	0.9131	pathogenic
P12277	G117M	0.9323	pathogenic
P12277	G117N	0.7957	pathogenic
P12277	G117P	0.9874	pathogenic
P12277	G117Q	0.9008	pathogenic
P12277	G117R	0.9136	pathogenic
P12277	G117S	0.5362	ambiguous
P12277	G117T	0.796	pathogenic
P12277	G117V	0.8087	pathogenic
P12277	G117W	0.9022	pathogenic
P12277	G117Y	0.875	pathogenic
P12277	G118A	0.554	ambiguous
P12277	G118C	0.868	pathogenic
P12277	G118D	0.9683	pathogenic
P12277	G118E	0.9795	pathogenic
P12277	G118F	0.9882	pathogenic
P12277	G118H	0.9927	pathogenic
P12277	G118I	0.9698	pathogenic
P12277	G118K	0.9936	pathogenic
P12277	G118L	0.9821	pathogenic
P12277	G118M	0.9856	pathogenic
P12277	G118N	0.9716	pathogenic
P12277	G118P	0.9926	pathogenic
P12277	G118Q	0.983	pathogenic
P12277	G118R	0.9795	pathogenic
P12277	G118S	0.642	pathogenic
P12277	G118T	0.9094	pathogenic
P12277	G118V	0.9374	pathogenic
P12277	G118W	0.9766	pathogenic
P12277	G118Y	0.9839	pathogenic
P12277	D119A	0.2124	benign
P12277	D119C	0.6527	pathogenic
P12277	D119E	0.2099	benign
P12277	D119F	0.7093	pathogenic
P12277	D119G	0.1922	benign
P12277	D119H	0.4029	ambiguous
P12277	D119I	0.5248	ambiguous
P12277	D119K	0.5053	ambiguous
P12277	D119L	0.5123	ambiguous
P12277	D119M	0.6826	pathogenic
P12277	D119N	0.1097	benign
P12277	D119P	0.7853	pathogenic
P12277	D119Q	0.4194	ambiguous
P12277	D119R	0.5504	ambiguous
P12277	D119S	0.1237	benign
P12277	D119T	0.2489	benign
P12277	D119V	0.3154	benign
P12277	D119W	0.9178	pathogenic
P12277	D119Y	0.3611	ambiguous
P12277	D120A	0.3077	benign
P12277	D120C	0.7129	pathogenic
P12277	D120E	0.3564	ambiguous
P12277	D120F	0.7121	pathogenic
P12277	D120G	0.2703	benign
P12277	D120H	0.4403	ambiguous
P12277	D120I	0.5327	ambiguous
P12277	D120K	0.6772	pathogenic
P12277	D120L	0.5644	pathogenic
P12277	D120M	0.721	pathogenic
P12277	D120N	0.099	benign
P12277	D120P	0.9116	pathogenic
P12277	D120Q	0.5232	ambiguous
P12277	D120R	0.6829	pathogenic
P12277	D120S	0.1697	benign
P12277	D120T	0.3053	benign
P12277	D120V	0.352	ambiguous
P12277	D120W	0.9535	pathogenic
P12277	D120Y	0.4	ambiguous
P12277	L121A	0.9377	pathogenic
P12277	L121C	0.9159	pathogenic
P12277	L121D	0.9967	pathogenic
P12277	L121E	0.9895	pathogenic
P12277	L121F	0.3814	ambiguous
P12277	L121G	0.9846	pathogenic
P12277	L121H	0.9719	pathogenic
P12277	L121I	0.3488	ambiguous
P12277	L121K	0.9844	pathogenic
P12277	L121M	0.2388	benign
P12277	L121N	0.9872	pathogenic
P12277	L121P	0.9774	pathogenic
P12277	L121Q	0.9657	pathogenic
P12277	L121R	0.9701	pathogenic
P12277	L121S	0.9853	pathogenic
P12277	L121T	0.9201	pathogenic
P12277	L121V	0.3958	ambiguous
P12277	L121W	0.8683	pathogenic
P12277	L121Y	0.9062	pathogenic
P12277	D122A	0.4088	ambiguous
P12277	D122C	0.7997	pathogenic
P12277	D122E	0.5963	pathogenic
P12277	D122F	0.9309	pathogenic
P12277	D122G	0.7707	pathogenic
P12277	D122H	0.4559	ambiguous
P12277	D122I	0.8169	pathogenic
P12277	D122K	0.8737	pathogenic
P12277	D122L	0.6628	pathogenic
P12277	D122M	0.9152	pathogenic
P12277	D122N	0.1756	benign
P12277	D122P	0.6545	pathogenic
P12277	D122Q	0.7649	pathogenic
P12277	D122R	0.8865	pathogenic
P12277	D122S	0.2825	benign
P12277	D122T	0.7921	pathogenic
P12277	D122V	0.6333	pathogenic
P12277	D122W	0.9867	pathogenic
P12277	D122Y	0.5863	pathogenic
P12277	P123A	0.0726	benign
P12277	P123C	0.4466	ambiguous
P12277	P123D	0.3225	benign
P12277	P123E	0.164	benign
P12277	P123F	0.662	pathogenic
P12277	P123G	0.2127	benign
P12277	P123H	0.2094	benign
P12277	P123I	0.4007	ambiguous
P12277	P123K	0.2059	benign
P12277	P123L	0.2235	benign
P12277	P123M	0.3774	ambiguous
P12277	P123N	0.3069	benign
P12277	P123Q	0.1473	benign
P12277	P123R	0.1601	benign
P12277	P123S	0.1051	benign
P12277	P123T	0.104	benign
P12277	P123V	0.2491	benign
P12277	P123W	0.7498	pathogenic
P12277	P123Y	0.6088	pathogenic
P12277	N124A	0.0871	benign
P12277	N124C	0.1827	benign
P12277	N124D	0.1044	benign
P12277	N124E	0.1478	benign
P12277	N124F	0.4942	ambiguous
P12277	N124G	0.1668	benign
P12277	N124H	0.0678	benign
P12277	N124I	0.206	benign
P12277	N124K	0.0806	benign
P12277	N124L	0.1765	benign
P12277	N124M	0.2625	benign
P12277	N124P	0.7992	pathogenic
P12277	N124Q	0.1079	benign
P12277	N124R	0.1003	benign
P12277	N124S	0.0625	benign
P12277	N124T	0.0895	benign
P12277	N124V	0.1477	benign
P12277	N124W	0.7053	pathogenic
P12277	N124Y	0.1885	benign
P12277	Y125A	0.8994	pathogenic
P12277	Y125C	0.464	ambiguous
P12277	Y125D	0.9198	pathogenic
P12277	Y125E	0.9826	pathogenic
P12277	Y125F	0.1437	benign
P12277	Y125G	0.8984	pathogenic
P12277	Y125H	0.5993	pathogenic
P12277	Y125I	0.8982	pathogenic
P12277	Y125K	0.9407	pathogenic
P12277	Y125L	0.8092	pathogenic
P12277	Y125M	0.8984	pathogenic
P12277	Y125N	0.7783	pathogenic
P12277	Y125P	0.9941	pathogenic
P12277	Y125Q	0.9325	pathogenic
P12277	Y125R	0.8282	pathogenic
P12277	Y125S	0.7826	pathogenic
P12277	Y125T	0.917	pathogenic
P12277	Y125V	0.7721	pathogenic
P12277	Y125W	0.6417	pathogenic
P12277	V126A	0.9346	pathogenic
P12277	V126C	0.9632	pathogenic
P12277	V126D	0.9994	pathogenic
P12277	V126E	0.9982	pathogenic
P12277	V126F	0.9912	pathogenic
P12277	V126G	0.9699	pathogenic
P12277	V126H	0.9994	pathogenic
P12277	V126I	0.236	benign
P12277	V126K	0.9989	pathogenic
P12277	V126L	0.9643	pathogenic
P12277	V126M	0.98	pathogenic
P12277	V126N	0.9977	pathogenic
P12277	V126P	0.9959	pathogenic
P12277	V126Q	0.997	pathogenic
P12277	V126R	0.9955	pathogenic
P12277	V126S	0.9759	pathogenic
P12277	V126T	0.9438	pathogenic
P12277	V126W	0.9999	pathogenic
P12277	V126Y	0.9989	pathogenic
P12277	L127A	0.7062	pathogenic
P12277	L127C	0.7226	pathogenic
P12277	L127D	0.9667	pathogenic
P12277	L127E	0.7726	pathogenic
P12277	L127F	0.4003	ambiguous
P12277	L127G	0.9376	pathogenic
P12277	L127H	0.603	pathogenic
P12277	L127I	0.1081	benign
P12277	L127K	0.5719	pathogenic
P12277	L127M	0.2315	benign
P12277	L127N	0.8191	pathogenic
P12277	L127P	0.9732	pathogenic
P12277	L127Q	0.4272	ambiguous
P12277	L127R	0.4672	ambiguous
P12277	L127S	0.8094	pathogenic
P12277	L127T	0.6441	pathogenic
P12277	L127V	0.1305	benign
P12277	L127W	0.7139	pathogenic
P12277	L127Y	0.7135	pathogenic
P12277	S128A	0.9018	pathogenic
P12277	S128C	0.9516	pathogenic
P12277	S128D	0.9973	pathogenic
P12277	S128E	0.9959	pathogenic
P12277	S128F	0.9926	pathogenic
P12277	S128G	0.9431	pathogenic
P12277	S128H	0.986	pathogenic
P12277	S128I	0.9936	pathogenic
P12277	S128K	0.9993	pathogenic
P12277	S128L	0.9835	pathogenic
P12277	S128M	0.9882	pathogenic
P12277	S128N	0.9939	pathogenic
P12277	S128P	0.9986	pathogenic
P12277	S128Q	0.9926	pathogenic
P12277	S128R	0.9986	pathogenic
P12277	S128T	0.849	pathogenic
P12277	S128V	0.9906	pathogenic
P12277	S128W	0.9855	pathogenic
P12277	S128Y	0.9881	pathogenic
P12277	S129A	0.2173	benign
P12277	S129C	0.1178	benign
P12277	S129D	0.996	pathogenic
P12277	S129E	0.9966	pathogenic
P12277	S129F	0.9862	pathogenic
P12277	S129G	0.544	ambiguous
P12277	S129H	0.9914	pathogenic
P12277	S129I	0.8622	pathogenic
P12277	S129K	0.9996	pathogenic
P12277	S129L	0.7725	pathogenic
P12277	S129M	0.8585	pathogenic
P12277	S129N	0.9391	pathogenic
P12277	S129P	0.9935	pathogenic
P12277	S129Q	0.9915	pathogenic
P12277	S129R	0.9985	pathogenic
P12277	S129T	0.2127	benign
P12277	S129V	0.6385	pathogenic
P12277	S129W	0.9953	pathogenic
P12277	S129Y	0.9874	pathogenic
P12277	R130A	0.9987	pathogenic
P12277	R130C	0.9947	pathogenic
P12277	R130D	0.9992	pathogenic
P12277	R130E	0.9961	pathogenic
P12277	R130F	0.9995	pathogenic
P12277	R130G	0.9981	pathogenic
P12277	R130H	0.9956	pathogenic
P12277	R130I	0.9985	pathogenic
P12277	R130K	0.9969	pathogenic
P12277	R130L	0.9973	pathogenic
P12277	R130M	0.9998	pathogenic
P12277	R130N	0.9995	pathogenic
P12277	R130P	0.9988	pathogenic
P12277	R130Q	0.9967	pathogenic
P12277	R130S	0.9988	pathogenic
P12277	R130T	0.9993	pathogenic
P12277	R130V	0.9979	pathogenic
P12277	R130W	0.9935	pathogenic
P12277	R130Y	0.9988	pathogenic
P12277	V131A	0.9755	pathogenic
P12277	V131C	0.9619	pathogenic
P12277	V131D	0.9994	pathogenic
P12277	V131E	0.9985	pathogenic
P12277	V131F	0.9888	pathogenic
P12277	V131G	0.9614	pathogenic
P12277	V131H	0.9997	pathogenic
P12277	V131I	0.22	benign
P12277	V131K	0.9993	pathogenic
P12277	V131L	0.9544	pathogenic
P12277	V131M	0.9724	pathogenic
P12277	V131N	0.9971	pathogenic
P12277	V131P	0.9982	pathogenic
P12277	V131Q	0.9984	pathogenic
P12277	V131R	0.9981	pathogenic
P12277	V131S	0.9851	pathogenic
P12277	V131T	0.9669	pathogenic
P12277	V131W	0.9998	pathogenic
P12277	V131Y	0.9988	pathogenic
P12277	R132A	0.9989	pathogenic
P12277	R132C	0.9966	pathogenic
P12277	R132D	0.9991	pathogenic
P12277	R132E	0.9946	pathogenic
P12277	R132F	0.9995	pathogenic
P12277	R132G	0.9964	pathogenic
P12277	R132H	0.9981	pathogenic
P12277	R132I	0.9988	pathogenic
P12277	R132K	0.9977	pathogenic
P12277	R132L	0.9964	pathogenic
P12277	R132M	0.9999	pathogenic
P12277	R132N	0.9995	pathogenic
P12277	R132P	0.9982	pathogenic
P12277	R132Q	0.9978	pathogenic
P12277	R132S	0.9987	pathogenic
P12277	R132T	0.9995	pathogenic
P12277	R132V	0.9986	pathogenic
P12277	R132W	0.996	pathogenic
P12277	R132Y	0.9986	pathogenic
P12277	T133A	0.7608	pathogenic
P12277	T133C	0.881	pathogenic
P12277	T133D	0.9974	pathogenic
P12277	T133E	0.9976	pathogenic
P12277	T133F	0.9959	pathogenic
P12277	T133G	0.8691	pathogenic
P12277	T133H	0.9924	pathogenic
P12277	T133I	0.9922	pathogenic
P12277	T133K	0.9953	pathogenic
P12277	T133L	0.96	pathogenic
P12277	T133M	0.9364	pathogenic
P12277	T133N	0.9761	pathogenic
P12277	T133P	0.9851	pathogenic
P12277	T133Q	0.9921	pathogenic
P12277	T133R	0.9908	pathogenic
P12277	T133S	0.7961	pathogenic
P12277	T133V	0.9259	pathogenic
P12277	T133W	0.9988	pathogenic
P12277	T133Y	0.996	pathogenic
P12277	G134A	0.9178	pathogenic
P12277	G134C	0.9907	pathogenic
P12277	G134D	0.9994	pathogenic
P12277	G134E	0.9994	pathogenic
P12277	G134F	0.9995	pathogenic
P12277	G134H	0.9998	pathogenic
P12277	G134I	0.9986	pathogenic
P12277	G134K	0.9997	pathogenic
P12277	G134L	0.9988	pathogenic
P12277	G134M	0.9995	pathogenic
P12277	G134N	0.9991	pathogenic
P12277	G134P	0.999	pathogenic
P12277	G134Q	0.9991	pathogenic
P12277	G134R	0.9985	pathogenic
P12277	G134S	0.9617	pathogenic
P12277	G134T	0.9939	pathogenic
P12277	G134V	0.9953	pathogenic
P12277	G134W	0.9996	pathogenic
P12277	G134Y	0.9997	pathogenic
P12277	R135A	0.9993	pathogenic
P12277	R135C	0.987	pathogenic
P12277	R135D	0.9996	pathogenic
P12277	R135E	0.9974	pathogenic
P12277	R135F	0.9994	pathogenic
P12277	R135G	0.9974	pathogenic
P12277	R135H	0.9867	pathogenic
P12277	R135I	0.9988	pathogenic
P12277	R135K	0.9834	pathogenic
P12277	R135L	0.9955	pathogenic
P12277	R135M	0.9997	pathogenic
P12277	R135N	0.9994	pathogenic
P12277	R135P	0.999	pathogenic
P12277	R135Q	0.9919	pathogenic
P12277	R135S	0.9995	pathogenic
P12277	R135T	0.9996	pathogenic
P12277	R135V	0.9983	pathogenic
P12277	R135W	0.9923	pathogenic
P12277	R135Y	0.9979	pathogenic
P12277	S136A	0.579	pathogenic
P12277	S136C	0.3025	benign
P12277	S136D	0.9916	pathogenic
P12277	S136E	0.9959	pathogenic
P12277	S136F	0.9979	pathogenic
P12277	S136G	0.6465	pathogenic
P12277	S136H	0.9881	pathogenic
P12277	S136I	0.9922	pathogenic
P12277	S136K	0.9998	pathogenic
P12277	S136L	0.9757	pathogenic
P12277	S136M	0.9741	pathogenic
P12277	S136N	0.6801	pathogenic
P12277	S136P	0.9972	pathogenic
P12277	S136Q	0.993	pathogenic
P12277	S136R	0.9995	pathogenic
P12277	S136T	0.7662	pathogenic
P12277	S136V	0.9741	pathogenic
P12277	S136W	0.9988	pathogenic
P12277	S136Y	0.9951	pathogenic
P12277	I137A	0.9504	pathogenic
P12277	I137C	0.9495	pathogenic
P12277	I137D	0.9995	pathogenic
P12277	I137E	0.9981	pathogenic
P12277	I137F	0.7507	pathogenic
P12277	I137G	0.9945	pathogenic
P12277	I137H	0.997	pathogenic
P12277	I137K	0.9963	pathogenic
P12277	I137L	0.2619	benign
P12277	I137M	0.4742	ambiguous
P12277	I137N	0.9936	pathogenic
P12277	I137P	0.9888	pathogenic
P12277	I137Q	0.996	pathogenic
P12277	I137R	0.9937	pathogenic
P12277	I137S	0.984	pathogenic
P12277	I137T	0.962	pathogenic
P12277	I137V	0.0817	benign
P12277	I137W	0.9954	pathogenic
P12277	I137Y	0.9857	pathogenic
P12277	R138A	0.7651	pathogenic
P12277	R138C	0.4021	ambiguous
P12277	R138D	0.9375	pathogenic
P12277	R138E	0.7478	pathogenic
P12277	R138F	0.9654	pathogenic
P12277	R138G	0.7137	pathogenic
P12277	R138H	0.3195	benign
P12277	R138I	0.863	pathogenic
P12277	R138K	0.1622	benign
P12277	R138L	0.7756	pathogenic
P12277	R138M	0.8651	pathogenic
P12277	R138N	0.9031	pathogenic
P12277	R138P	0.973	pathogenic
P12277	R138Q	0.2397	benign
P12277	R138S	0.8015	pathogenic
P12277	R138T	0.7385	pathogenic
P12277	R138V	0.8481	pathogenic
P12277	R138W	0.791	pathogenic
P12277	R138Y	0.9093	pathogenic
P12277	G139A	0.6337	pathogenic
P12277	G139C	0.8102	pathogenic
P12277	G139D	0.5751	pathogenic
P12277	G139E	0.8101	pathogenic
P12277	G139F	0.9768	pathogenic
P12277	G139H	0.8338	pathogenic
P12277	G139I	0.9658	pathogenic
P12277	G139K	0.8496	pathogenic
P12277	G139L	0.9607	pathogenic
P12277	G139M	0.964	pathogenic
P12277	G139N	0.535	ambiguous
P12277	G139P	0.9666	pathogenic
P12277	G139Q	0.8226	pathogenic
P12277	G139R	0.8114	pathogenic
P12277	G139S	0.3649	ambiguous
P12277	G139T	0.7224	pathogenic
P12277	G139V	0.928	pathogenic
P12277	G139W	0.9571	pathogenic
P12277	G139Y	0.9374	pathogenic
P12277	F140A	0.9544	pathogenic
P12277	F140C	0.6111	pathogenic
P12277	F140D	0.993	pathogenic
P12277	F140E	0.9912	pathogenic
P12277	F140G	0.9804	pathogenic
P12277	F140H	0.8113	pathogenic
P12277	F140I	0.5989	pathogenic
P12277	F140K	0.9767	pathogenic
P12277	F140L	0.9273	pathogenic
P12277	F140M	0.7936	pathogenic
P12277	F140N	0.9618	pathogenic
P12277	F140P	0.9989	pathogenic
P12277	F140Q	0.964	pathogenic
P12277	F140R	0.9488	pathogenic
P12277	F140S	0.945	pathogenic
P12277	F140T	0.9613	pathogenic
P12277	F140V	0.6369	pathogenic
P12277	F140W	0.6714	pathogenic
P12277	F140Y	0.1564	benign
P12277	C141A	0.2931	benign
P12277	C141D	0.947	pathogenic
P12277	C141E	0.9642	pathogenic
P12277	C141F	0.8188	pathogenic
P12277	C141G	0.1696	benign
P12277	C141H	0.8638	pathogenic
P12277	C141I	0.9315	pathogenic
P12277	C141K	0.9689	pathogenic
P12277	C141L	0.7884	pathogenic
P12277	C141M	0.8848	pathogenic
P12277	C141N	0.7389	pathogenic
P12277	C141P	0.817	pathogenic
P12277	C141Q	0.8769	pathogenic
P12277	C141R	0.8079	pathogenic
P12277	C141S	0.195	benign
P12277	C141T	0.3342	benign
P12277	C141V	0.7526	pathogenic
P12277	C141W	0.9647	pathogenic
P12277	C141Y	0.8987	pathogenic
P12277	L142A	0.9749	pathogenic
P12277	L142C	0.9569	pathogenic
P12277	L142D	0.9996	pathogenic
P12277	L142E	0.9979	pathogenic
P12277	L142F	0.8233	pathogenic
P12277	L142G	0.9902	pathogenic
P12277	L142H	0.9791	pathogenic
P12277	L142I	0.8529	pathogenic
P12277	L142K	0.9953	pathogenic
P12277	L142M	0.6839	pathogenic
P12277	L142N	0.9908	pathogenic
P12277	L142P	0.9969	pathogenic
P12277	L142Q	0.9855	pathogenic
P12277	L142R	0.9882	pathogenic
P12277	L142S	0.9904	pathogenic
P12277	L142T	0.9819	pathogenic
P12277	L142V	0.8755	pathogenic
P12277	L142W	0.9869	pathogenic
P12277	L142Y	0.9791	pathogenic
P12277	P143A	0.7802	pathogenic
P12277	P143C	0.984	pathogenic
P12277	P143D	0.9984	pathogenic
P12277	P143E	0.9971	pathogenic
P12277	P143F	0.9984	pathogenic
P12277	P143G	0.9408	pathogenic
P12277	P143H	0.992	pathogenic
P12277	P143I	0.9937	pathogenic
P12277	P143K	0.9991	pathogenic
P12277	P143L	0.9711	pathogenic
P12277	P143M	0.9936	pathogenic
P12277	P143N	0.9893	pathogenic
P12277	P143Q	0.9908	pathogenic
P12277	P143R	0.9961	pathogenic
P12277	P143S	0.8459	pathogenic
P12277	P143T	0.9399	pathogenic
P12277	P143V	0.9764	pathogenic
P12277	P143W	0.9995	pathogenic
P12277	P143Y	0.9986	pathogenic
P12277	P144A	0.6384	pathogenic
P12277	P144C	0.9424	pathogenic
P12277	P144D	0.9985	pathogenic
P12277	P144E	0.9969	pathogenic
P12277	P144F	0.999	pathogenic
P12277	P144G	0.9093	pathogenic
P12277	P144H	0.9925	pathogenic
P12277	P144I	0.9849	pathogenic
P12277	P144K	0.9983	pathogenic
P12277	P144L	0.9615	pathogenic
P12277	P144M	0.9875	pathogenic
P12277	P144N	0.9887	pathogenic
P12277	P144Q	0.9858	pathogenic
P12277	P144R	0.9918	pathogenic
P12277	P144S	0.8114	pathogenic
P12277	P144T	0.6962	pathogenic
P12277	P144V	0.913	pathogenic
P12277	P144W	0.9995	pathogenic
P12277	P144Y	0.999	pathogenic
P12277	H145A	0.8279	pathogenic
P12277	H145C	0.3205	benign
P12277	H145D	0.9631	pathogenic
P12277	H145E	0.9694	pathogenic
P12277	H145F	0.5359	ambiguous
P12277	H145G	0.8656	pathogenic
P12277	H145I	0.9436	pathogenic
P12277	H145K	0.9253	pathogenic
P12277	H145L	0.6831	pathogenic
P12277	H145M	0.9311	pathogenic
P12277	H145N	0.6189	pathogenic
P12277	H145P	0.966	pathogenic
P12277	H145Q	0.835	pathogenic
P12277	H145R	0.6868	pathogenic
P12277	H145S	0.7502	pathogenic
P12277	H145T	0.9415	pathogenic
P12277	H145V	0.8845	pathogenic
P12277	H145W	0.5836	pathogenic
P12277	H145Y	0.3066	benign
P12277	C146A	0.6827	pathogenic
P12277	C146D	0.9886	pathogenic
P12277	C146E	0.9969	pathogenic
P12277	C146F	0.9719	pathogenic
P12277	C146G	0.6121	pathogenic
P12277	C146H	0.9853	pathogenic
P12277	C146I	0.8589	pathogenic
P12277	C146K	0.9993	pathogenic
P12277	C146L	0.8114	pathogenic
P12277	C146M	0.8956	pathogenic
P12277	C146N	0.6101	pathogenic
P12277	C146P	0.9957	pathogenic
P12277	C146Q	0.9859	pathogenic
P12277	C146R	0.9939	pathogenic
P12277	C146S	0.5348	ambiguous
P12277	C146T	0.5815	pathogenic
P12277	C146V	0.6719	pathogenic
P12277	C146W	0.9967	pathogenic
P12277	C146Y	0.9903	pathogenic
P12277	S147A	0.3663	ambiguous
P12277	S147C	0.3298	benign
P12277	S147D	0.9528	pathogenic
P12277	S147E	0.9795	pathogenic
P12277	S147F	0.9687	pathogenic
P12277	S147G	0.3572	ambiguous
P12277	S147H	0.9253	pathogenic
P12277	S147I	0.9498	pathogenic
P12277	S147K	0.9959	pathogenic
P12277	S147L	0.7778	pathogenic
P12277	S147M	0.8965	pathogenic
P12277	S147N	0.7839	pathogenic
P12277	S147P	0.9498	pathogenic
P12277	S147Q	0.9575	pathogenic
P12277	S147R	0.9881	pathogenic
P12277	S147T	0.2442	benign
P12277	S147V	0.8755	pathogenic
P12277	S147W	0.9651	pathogenic
P12277	S147Y	0.9504	pathogenic
P12277	R148A	0.9906	pathogenic
P12277	R148C	0.9618	pathogenic
P12277	R148D	0.9981	pathogenic
P12277	R148E	0.9855	pathogenic
P12277	R148F	0.9968	pathogenic
P12277	R148G	0.9887	pathogenic
P12277	R148H	0.9456	pathogenic
P12277	R148I	0.9937	pathogenic
P12277	R148K	0.9036	pathogenic
P12277	R148L	0.9846	pathogenic
P12277	R148M	0.9975	pathogenic
P12277	R148N	0.9979	pathogenic
P12277	R148P	0.9907	pathogenic
P12277	R148Q	0.9285	pathogenic
P12277	R148S	0.9957	pathogenic
P12277	R148T	0.9951	pathogenic
P12277	R148V	0.9903	pathogenic
P12277	R148W	0.9662	pathogenic
P12277	R148Y	0.9934	pathogenic
P12277	G149A	0.2978	benign
P12277	G149C	0.8966	pathogenic
P12277	G149D	0.9764	pathogenic
P12277	G149E	0.9693	pathogenic
P12277	G149F	0.9853	pathogenic
P12277	G149H	0.9852	pathogenic
P12277	G149I	0.9783	pathogenic
P12277	G149K	0.9907	pathogenic
P12277	G149L	0.973	pathogenic
P12277	G149M	0.9791	pathogenic
P12277	G149N	0.9663	pathogenic
P12277	G149P	0.9907	pathogenic
P12277	G149Q	0.9683	pathogenic
P12277	G149R	0.9741	pathogenic
P12277	G149S	0.4886	ambiguous
P12277	G149T	0.8905	pathogenic
P12277	G149V	0.9397	pathogenic
P12277	G149W	0.9757	pathogenic
P12277	G149Y	0.9729	pathogenic
P12277	E150A	0.9587	pathogenic
P12277	E150C	0.9941	pathogenic
P12277	E150D	0.9046	pathogenic
P12277	E150F	0.9992	pathogenic
P12277	E150G	0.9419	pathogenic
P12277	E150H	0.9896	pathogenic
P12277	E150I	0.9947	pathogenic
P12277	E150K	0.9748	pathogenic
P12277	E150L	0.9951	pathogenic
P12277	E150M	0.9937	pathogenic
P12277	E150N	0.9788	pathogenic
P12277	E150P	0.9978	pathogenic
P12277	E150Q	0.7944	pathogenic
P12277	E150R	0.9732	pathogenic
P12277	E150S	0.9696	pathogenic
P12277	E150T	0.9864	pathogenic
P12277	E150V	0.9855	pathogenic
P12277	E150W	0.9994	pathogenic
P12277	E150Y	0.9975	pathogenic
P12277	R151A	0.9961	pathogenic
P12277	R151C	0.9739	pathogenic
P12277	R151D	0.9984	pathogenic
P12277	R151E	0.9908	pathogenic
P12277	R151F	0.999	pathogenic
P12277	R151G	0.9864	pathogenic
P12277	R151H	0.9819	pathogenic
P12277	R151I	0.9958	pathogenic
P12277	R151K	0.9547	pathogenic
P12277	R151L	0.9791	pathogenic
P12277	R151M	0.9983	pathogenic
P12277	R151N	0.9978	pathogenic
P12277	R151P	0.9987	pathogenic
P12277	R151Q	0.9752	pathogenic
P12277	R151S	0.9986	pathogenic
P12277	R151T	0.9977	pathogenic
P12277	R151V	0.9941	pathogenic
P12277	R151W	0.9876	pathogenic
P12277	R151Y	0.9916	pathogenic
P12277	R152A	0.9646	pathogenic
P12277	R152C	0.8069	pathogenic
P12277	R152D	0.995	pathogenic
P12277	R152E	0.9462	pathogenic
P12277	R152F	0.9903	pathogenic
P12277	R152G	0.9579	pathogenic
P12277	R152H	0.7909	pathogenic
P12277	R152I	0.9579	pathogenic
P12277	R152K	0.6651	pathogenic
P12277	R152L	0.918	pathogenic
P12277	R152M	0.9742	pathogenic
P12277	R152N	0.9893	pathogenic
P12277	R152P	0.9977	pathogenic
P12277	R152Q	0.6618	pathogenic
P12277	R152S	0.9885	pathogenic
P12277	R152T	0.9828	pathogenic
P12277	R152V	0.9564	pathogenic
P12277	R152W	0.9101	pathogenic
P12277	R152Y	0.9703	pathogenic
P12277	A153C	0.4172	ambiguous
P12277	A153D	0.2369	benign
P12277	A153E	0.1775	benign
P12277	A153F	0.4082	ambiguous
P12277	A153G	0.1149	benign
P12277	A153H	0.36	ambiguous
P12277	A153I	0.3182	benign
P12277	A153K	0.2994	benign
P12277	A153L	0.1748	benign
P12277	A153M	0.2342	benign
P12277	A153N	0.1922	benign
P12277	A153P	0.9563	pathogenic
P12277	A153Q	0.1858	benign
P12277	A153R	0.284	benign
P12277	A153S	0.0881	benign
P12277	A153T	0.0977	benign
P12277	A153V	0.1702	benign
P12277	A153W	0.8022	pathogenic
P12277	A153Y	0.5044	ambiguous
P12277	I154A	0.6193	pathogenic
P12277	I154C	0.8936	pathogenic
P12277	I154D	0.9957	pathogenic
P12277	I154E	0.9853	pathogenic
P12277	I154F	0.9398	pathogenic
P12277	I154G	0.9577	pathogenic
P12277	I154H	0.995	pathogenic
P12277	I154K	0.9891	pathogenic
P12277	I154L	0.2699	benign
P12277	I154M	0.3449	ambiguous
P12277	I154N	0.9425	pathogenic
P12277	I154P	0.9903	pathogenic
P12277	I154Q	0.9809	pathogenic
P12277	I154R	0.982	pathogenic
P12277	I154S	0.8388	pathogenic
P12277	I154T	0.389	ambiguous
P12277	I154V	0.056	benign
P12277	I154W	0.9982	pathogenic
P12277	I154Y	0.9951	pathogenic
P12277	E155A	0.9375	pathogenic
P12277	E155C	0.9908	pathogenic
P12277	E155D	0.9863	pathogenic
P12277	E155F	0.9992	pathogenic
P12277	E155G	0.9019	pathogenic
P12277	E155H	0.9915	pathogenic
P12277	E155I	0.9965	pathogenic
P12277	E155K	0.9772	pathogenic
P12277	E155L	0.9926	pathogenic
P12277	E155M	0.9939	pathogenic
P12277	E155N	0.9885	pathogenic
P12277	E155P	0.9993	pathogenic
P12277	E155Q	0.6954	pathogenic
P12277	E155R	0.9711	pathogenic
P12277	E155S	0.9421	pathogenic
P12277	E155T	0.9798	pathogenic
P12277	E155V	0.9861	pathogenic
P12277	E155W	0.9998	pathogenic
P12277	E155Y	0.9987	pathogenic
P12277	K156A	0.1321	benign
P12277	K156C	0.4073	ambiguous
P12277	K156D	0.2598	benign
P12277	K156E	0.1084	benign
P12277	K156F	0.5798	pathogenic
P12277	K156G	0.1725	benign
P12277	K156H	0.1691	benign
P12277	K156I	0.245	benign
P12277	K156L	0.1858	benign
P12277	K156M	0.1329	benign
P12277	K156N	0.1458	benign
P12277	K156P	0.9342	pathogenic
P12277	K156Q	0.0798	benign
P12277	K156R	0.0856	benign
P12277	K156S	0.1451	benign
P12277	K156T	0.0705	benign
P12277	K156V	0.187	benign
P12277	K156W	0.6935	pathogenic
P12277	K156Y	0.4555	ambiguous
P12277	L157A	0.4043	ambiguous
P12277	L157C	0.5959	pathogenic
P12277	L157D	0.9165	pathogenic
P12277	L157E	0.681	pathogenic
P12277	L157F	0.3259	benign
P12277	L157G	0.8084	pathogenic
P12277	L157H	0.4472	ambiguous
P12277	L157I	0.1557	benign
P12277	L157K	0.4064	ambiguous
P12277	L157M	0.1423	benign
P12277	L157N	0.7522	pathogenic
P12277	L157P	0.9663	pathogenic
P12277	L157Q	0.3714	ambiguous
P12277	L157R	0.3266	benign
P12277	L157S	0.6527	pathogenic
P12277	L157T	0.3341	benign
P12277	L157V	0.1458	benign
P12277	L157W	0.5664	pathogenic
P12277	L157Y	0.5487	ambiguous
P12277	A158C	0.3292	benign
P12277	A158D	0.9799	pathogenic
P12277	A158E	0.9679	pathogenic
P12277	A158F	0.9194	pathogenic
P12277	A158G	0.2308	benign
P12277	A158H	0.9679	pathogenic
P12277	A158I	0.65	pathogenic
P12277	A158K	0.9943	pathogenic
P12277	A158L	0.6194	pathogenic
P12277	A158M	0.6261	pathogenic
P12277	A158N	0.8879	pathogenic
P12277	A158P	0.986	pathogenic
P12277	A158Q	0.9412	pathogenic
P12277	A158R	0.9895	pathogenic
P12277	A158S	0.0832	benign
P12277	A158T	0.1084	benign
P12277	A158V	0.2786	benign
P12277	A158W	0.9914	pathogenic
P12277	A158Y	0.9676	pathogenic
P12277	V159A	0.1366	benign
P12277	V159C	0.505	ambiguous
P12277	V159D	0.564	pathogenic
P12277	V159E	0.2957	benign
P12277	V159F	0.2863	benign
P12277	V159G	0.174	benign
P12277	V159H	0.5914	pathogenic
P12277	V159I	0.0805	benign
P12277	V159K	0.3169	benign
P12277	V159L	0.2026	benign
P12277	V159M	0.1466	benign
P12277	V159N	0.3034	benign
P12277	V159P	0.9115	pathogenic
P12277	V159Q	0.2764	benign
P12277	V159R	0.3218	benign
P12277	V159S	0.1547	benign
P12277	V159T	0.1029	benign
P12277	V159W	0.8881	pathogenic
P12277	V159Y	0.7111	pathogenic
P12277	E160A	0.0906	benign
P12277	E160C	0.6376	pathogenic
P12277	E160D	0.0794	benign
P12277	E160F	0.6626	pathogenic
P12277	E160G	0.1	benign
P12277	E160H	0.2848	benign
P12277	E160I	0.3568	ambiguous
P12277	E160K	0.1751	benign
P12277	E160L	0.3158	benign
P12277	E160M	0.3852	ambiguous
P12277	E160N	0.1523	benign
P12277	E160P	0.8386	pathogenic
P12277	E160Q	0.1051	benign
P12277	E160R	0.2616	benign
P12277	E160S	0.0961	benign
P12277	E160T	0.1036	benign
P12277	E160V	0.2084	benign
P12277	E160W	0.8361	pathogenic
P12277	E160Y	0.516	ambiguous
P12277	A161C	0.4699	ambiguous
P12277	A161D	0.9381	pathogenic
P12277	A161E	0.8999	pathogenic
P12277	A161F	0.8488	pathogenic
P12277	A161G	0.1468	benign
P12277	A161H	0.8927	pathogenic
P12277	A161I	0.613	pathogenic
P12277	A161K	0.9526	pathogenic
P12277	A161L	0.6334	pathogenic
P12277	A161M	0.6344	pathogenic
P12277	A161N	0.7607	pathogenic
P12277	A161P	0.9521	pathogenic
P12277	A161Q	0.8281	pathogenic
P12277	A161R	0.9267	pathogenic
P12277	A161S	0.1011	benign
P12277	A161T	0.1774	benign
P12277	A161V	0.2996	benign
P12277	A161W	0.9791	pathogenic
P12277	A161Y	0.8903	pathogenic
P12277	L162A	0.8882	pathogenic
P12277	L162C	0.788	pathogenic
P12277	L162D	0.9992	pathogenic
P12277	L162E	0.9959	pathogenic
P12277	L162F	0.6043	pathogenic
P12277	L162G	0.9606	pathogenic
P12277	L162H	0.986	pathogenic
P12277	L162I	0.5627	ambiguous
P12277	L162K	0.9912	pathogenic
P12277	L162M	0.4881	ambiguous
P12277	L162N	0.9901	pathogenic
P12277	L162P	0.9952	pathogenic
P12277	L162Q	0.9825	pathogenic
P12277	L162R	0.9806	pathogenic
P12277	L162S	0.9806	pathogenic
P12277	L162T	0.8821	pathogenic
P12277	L162V	0.4345	ambiguous
P12277	L162W	0.9778	pathogenic
P12277	L162Y	0.9741	pathogenic
P12277	S163A	0.0633	benign
P12277	S163C	0.109	benign
P12277	S163D	0.1702	benign
P12277	S163E	0.2316	benign
P12277	S163F	0.2223	benign
P12277	S163G	0.0645	benign
P12277	S163H	0.2145	benign
P12277	S163I	0.2064	benign
P12277	S163K	0.3463	ambiguous
P12277	S163L	0.1092	benign
P12277	S163M	0.1976	benign
P12277	S163N	0.0964	benign
P12277	S163P	0.7152	pathogenic
P12277	S163Q	0.2477	benign
P12277	S163R	0.3306	benign
P12277	S163T	0.0775	benign
P12277	S163V	0.1685	benign
P12277	S163W	0.4229	ambiguous
P12277	S163Y	0.1963	benign
P12277	S164A	0.068	benign
P12277	S164C	0.1066	benign
P12277	S164D	0.2743	benign
P12277	S164E	0.2913	benign
P12277	S164F	0.2147	benign
P12277	S164G	0.068	benign
P12277	S164H	0.2217	benign
P12277	S164I	0.1967	benign
P12277	S164K	0.2837	benign
P12277	S164L	0.0967	benign
P12277	S164M	0.1811	benign
P12277	S164N	0.1334	benign
P12277	S164P	0.5033	ambiguous
P12277	S164Q	0.2569	benign
P12277	S164R	0.2983	benign
P12277	S164T	0.0712	benign
P12277	S164V	0.1463	benign
P12277	S164W	0.446	ambiguous
P12277	S164Y	0.2134	benign
P12277	L165A	0.7904	pathogenic
P12277	L165C	0.7858	pathogenic
P12277	L165D	0.9936	pathogenic
P12277	L165E	0.966	pathogenic
P12277	L165F	0.4155	ambiguous
P12277	L165G	0.944	pathogenic
P12277	L165H	0.914	pathogenic
P12277	L165I	0.3239	benign
P12277	L165K	0.9357	pathogenic
P12277	L165M	0.2095	benign
P12277	L165N	0.9554	pathogenic
P12277	L165P	0.9728	pathogenic
P12277	L165Q	0.8409	pathogenic
P12277	L165R	0.8882	pathogenic
P12277	L165S	0.9276	pathogenic
P12277	L165T	0.7664	pathogenic
P12277	L165V	0.2975	benign
P12277	L165W	0.8548	pathogenic
P12277	L165Y	0.9016	pathogenic
P12277	D166A	0.0768	benign
P12277	D166C	0.3066	benign
P12277	D166E	0.0754	benign
P12277	D166F	0.5181	ambiguous
P12277	D166G	0.0595	benign
P12277	D166H	0.109	benign
P12277	D166I	0.2457	benign
P12277	D166K	0.0916	benign
P12277	D166L	0.2463	benign
P12277	D166M	0.3828	ambiguous
P12277	D166N	0.067	benign
P12277	D166P	0.2364	benign
P12277	D166Q	0.0921	benign
P12277	D166R	0.1214	benign
P12277	D166S	0.0508	benign
P12277	D166T	0.0667	benign
P12277	D166V	0.1277	benign
P12277	D166W	0.7755	pathogenic
P12277	D166Y	0.2284	benign
P12277	G167A	0.2015	benign
P12277	G167C	0.3263	benign
P12277	G167D	0.1985	benign
P12277	G167E	0.2923	benign
P12277	G167F	0.817	pathogenic
P12277	G167H	0.42	ambiguous
P12277	G167I	0.6312	pathogenic
P12277	G167K	0.3382	benign
P12277	G167L	0.6872	pathogenic
P12277	G167M	0.6896	pathogenic
P12277	G167N	0.2632	benign
P12277	G167P	0.8668	pathogenic
P12277	G167Q	0.3474	ambiguous
P12277	G167R	0.3171	benign
P12277	G167S	0.1257	benign
P12277	G167T	0.2359	benign
P12277	G167V	0.436	ambiguous
P12277	G167W	0.714	pathogenic
P12277	G167Y	0.6544	pathogenic
P12277	D168A	0.1369	benign
P12277	D168C	0.5261	ambiguous
P12277	D168E	0.1003	benign
P12277	D168F	0.5585	ambiguous
P12277	D168G	0.156	benign
P12277	D168H	0.2411	benign
P12277	D168I	0.3073	benign
P12277	D168K	0.2941	benign
P12277	D168L	0.3285	benign
P12277	D168M	0.5522	ambiguous
P12277	D168N	0.0992	benign
P12277	D168P	0.2659	benign
P12277	D168Q	0.2336	benign
P12277	D168R	0.3577	ambiguous
P12277	D168S	0.0997	benign
P12277	D168T	0.1831	benign
P12277	D168V	0.1676	benign
P12277	D168W	0.885	pathogenic
P12277	D168Y	0.2773	benign
P12277	L169A	0.7426	pathogenic
P12277	L169C	0.724	pathogenic
P12277	L169D	0.9584	pathogenic
P12277	L169E	0.8856	pathogenic
P12277	L169F	0.2038	benign
P12277	L169G	0.8709	pathogenic
P12277	L169H	0.5174	ambiguous
P12277	L169I	0.3926	ambiguous
P12277	L169K	0.6715	pathogenic
P12277	L169M	0.2365	benign
P12277	L169N	0.8164	pathogenic
P12277	L169P	0.9576	pathogenic
P12277	L169Q	0.6028	pathogenic
P12277	L169R	0.5503	ambiguous
P12277	L169S	0.849	pathogenic
P12277	L169T	0.7059	pathogenic
P12277	L169V	0.3892	ambiguous
P12277	L169W	0.507	ambiguous
P12277	L169Y	0.4665	ambiguous
P12277	A170C	0.2656	benign
P12277	A170D	0.2752	benign
P12277	A170E	0.1567	benign
P12277	A170F	0.3861	ambiguous
P12277	A170G	0.1073	benign
P12277	A170H	0.2164	benign
P12277	A170I	0.2416	benign
P12277	A170K	0.1111	benign
P12277	A170L	0.1611	benign
P12277	A170M	0.2223	benign
P12277	A170N	0.1731	benign
P12277	A170P	0.5238	ambiguous
P12277	A170Q	0.1204	benign
P12277	A170R	0.1221	benign
P12277	A170S	0.0741	benign
P12277	A170T	0.0818	benign
P12277	A170V	0.1267	benign
P12277	A170W	0.6884	pathogenic
P12277	A170Y	0.4167	ambiguous
P12277	G171A	0.9539	pathogenic
P12277	G171C	0.9906	pathogenic
P12277	G171D	0.9964	pathogenic
P12277	G171E	0.9972	pathogenic
P12277	G171F	0.9985	pathogenic
P12277	G171H	0.9991	pathogenic
P12277	G171I	0.9978	pathogenic
P12277	G171K	0.9983	pathogenic
P12277	G171L	0.9978	pathogenic
P12277	G171M	0.9992	pathogenic
P12277	G171N	0.998	pathogenic
P12277	G171P	0.998	pathogenic
P12277	G171Q	0.9978	pathogenic
P12277	G171R	0.9953	pathogenic
P12277	G171S	0.9635	pathogenic
P12277	G171T	0.9923	pathogenic
P12277	G171V	0.9934	pathogenic
P12277	G171W	0.9975	pathogenic
P12277	G171Y	0.9986	pathogenic
P12277	R172A	0.3527	ambiguous
P12277	R172C	0.2002	benign
P12277	R172D	0.5067	ambiguous
P12277	R172E	0.2498	benign
P12277	R172F	0.7074	pathogenic
P12277	R172G	0.2903	benign
P12277	R172H	0.092	benign
P12277	R172I	0.2849	benign
P12277	R172K	0.0609	benign
P12277	R172L	0.3389	benign
P12277	R172M	0.3304	benign
P12277	R172N	0.3241	benign
P12277	R172P	0.8904	pathogenic
P12277	R172Q	0.0899	benign
P12277	R172S	0.2913	benign
P12277	R172T	0.1107	benign
P12277	R172V	0.2879	benign
P12277	R172W	0.4437	ambiguous
P12277	R172Y	0.5254	ambiguous
P12277	Y173A	0.9958	pathogenic
P12277	Y173C	0.9645	pathogenic
P12277	Y173D	0.994	pathogenic
P12277	Y173E	0.9983	pathogenic
P12277	Y173F	0.4332	ambiguous
P12277	Y173G	0.9786	pathogenic
P12277	Y173H	0.9866	pathogenic
P12277	Y173I	0.9878	pathogenic
P12277	Y173K	0.998	pathogenic
P12277	Y173L	0.9473	pathogenic
P12277	Y173M	0.9929	pathogenic
P12277	Y173N	0.9804	pathogenic
P12277	Y173P	0.9919	pathogenic
P12277	Y173Q	0.998	pathogenic
P12277	Y173R	0.9935	pathogenic
P12277	Y173S	0.9825	pathogenic
P12277	Y173T	0.9948	pathogenic
P12277	Y173V	0.9732	pathogenic
P12277	Y173W	0.915	pathogenic
P12277	Y174A	0.9103	pathogenic
P12277	Y174C	0.4291	ambiguous
P12277	Y174D	0.9177	pathogenic
P12277	Y174E	0.9539	pathogenic
P12277	Y174F	0.0809	benign
P12277	Y174G	0.9127	pathogenic
P12277	Y174H	0.3667	ambiguous
P12277	Y174I	0.7542	pathogenic
P12277	Y174K	0.924	pathogenic
P12277	Y174L	0.7302	pathogenic
P12277	Y174M	0.8308	pathogenic
P12277	Y174N	0.746	pathogenic
P12277	Y174P	0.9929	pathogenic
P12277	Y174Q	0.8772	pathogenic
P12277	Y174R	0.8171	pathogenic
P12277	Y174S	0.7547	pathogenic
P12277	Y174T	0.8258	pathogenic
P12277	Y174V	0.6363	pathogenic
P12277	Y174W	0.5763	pathogenic
P12277	A175C	0.5679	pathogenic
P12277	A175D	0.3647	ambiguous
P12277	A175E	0.3919	ambiguous
P12277	A175F	0.7871	pathogenic
P12277	A175G	0.1761	benign
P12277	A175H	0.5933	pathogenic
P12277	A175I	0.7186	pathogenic
P12277	A175K	0.6718	pathogenic
P12277	A175L	0.4703	ambiguous
P12277	A175M	0.6158	pathogenic
P12277	A175N	0.3774	ambiguous
P12277	A175P	0.0793	benign
P12277	A175Q	0.4197	ambiguous
P12277	A175R	0.606	pathogenic
P12277	A175S	0.0794	benign
P12277	A175T	0.2052	benign
P12277	A175V	0.435	ambiguous
P12277	A175W	0.9489	pathogenic
P12277	A175Y	0.8092	pathogenic
P12277	L176A	0.9835	pathogenic
P12277	L176C	0.9916	pathogenic
P12277	L176D	0.9997	pathogenic
P12277	L176E	0.9976	pathogenic
P12277	L176F	0.9829	pathogenic
P12277	L176G	0.9952	pathogenic
P12277	L176H	0.9971	pathogenic
P12277	L176I	0.7602	pathogenic
P12277	L176K	0.9956	pathogenic
P12277	L176M	0.8563	pathogenic
P12277	L176N	0.9967	pathogenic
P12277	L176P	0.9965	pathogenic
P12277	L176Q	0.995	pathogenic
P12277	L176R	0.9905	pathogenic
P12277	L176S	0.9975	pathogenic
P12277	L176T	0.9865	pathogenic
P12277	L176V	0.8498	pathogenic
P12277	L176W	0.9956	pathogenic
P12277	L176Y	0.9959	pathogenic
P12277	K177A	0.1917	benign
P12277	K177C	0.461	ambiguous
P12277	K177D	0.326	benign
P12277	K177E	0.1785	benign
P12277	K177F	0.8025	pathogenic
P12277	K177G	0.1814	benign
P12277	K177H	0.2146	benign
P12277	K177I	0.457	ambiguous
P12277	K177L	0.3359	benign
P12277	K177M	0.3047	benign
P12277	K177N	0.2278	benign
P12277	K177P	0.4953	ambiguous
P12277	K177Q	0.1126	benign
P12277	K177R	0.0879	benign
P12277	K177S	0.1703	benign
P12277	K177T	0.1073	benign
P12277	K177V	0.3407	ambiguous
P12277	K177W	0.8102	pathogenic
P12277	K177Y	0.6192	pathogenic
P12277	S178A	0.0927	benign
P12277	S178C	0.1581	benign
P12277	S178D	0.0935	benign
P12277	S178E	0.1791	benign
P12277	S178F	0.3277	benign
P12277	S178G	0.0693	benign
P12277	S178H	0.1935	benign
P12277	S178I	0.268	benign
P12277	S178K	0.3474	ambiguous
P12277	S178L	0.1818	benign
P12277	S178M	0.2222	benign
P12277	S178N	0.0638	benign
P12277	S178P	0.5696	pathogenic
P12277	S178Q	0.2561	benign
P12277	S178R	0.4149	ambiguous
P12277	S178T	0.0662	benign
P12277	S178V	0.21	benign
P12277	S178W	0.4844	ambiguous
P12277	S178Y	0.2272	benign
P12277	M179A	0.9653	pathogenic
P12277	M179C	0.9461	pathogenic
P12277	M179D	0.9978	pathogenic
P12277	M179E	0.9922	pathogenic
P12277	M179F	0.8838	pathogenic
P12277	M179G	0.988	pathogenic
P12277	M179H	0.9869	pathogenic
P12277	M179I	0.9647	pathogenic
P12277	M179K	0.9689	pathogenic
P12277	M179L	0.3072	benign
P12277	M179N	0.9872	pathogenic
P12277	M179P	0.9973	pathogenic
P12277	M179Q	0.9357	pathogenic
P12277	M179R	0.9785	pathogenic
P12277	M179S	0.9776	pathogenic
P12277	M179T	0.9745	pathogenic
P12277	M179V	0.7342	pathogenic
P12277	M179W	0.9897	pathogenic
P12277	M179Y	0.9857	pathogenic
P12277	T180A	0.2052	benign
P12277	T180C	0.7395	pathogenic
P12277	T180D	0.3009	benign
P12277	T180E	0.4463	ambiguous
P12277	T180F	0.9176	pathogenic
P12277	T180G	0.2023	benign
P12277	T180H	0.5362	ambiguous
P12277	T180I	0.8849	pathogenic
P12277	T180K	0.405	ambiguous
P12277	T180L	0.4703	ambiguous
P12277	T180M	0.4322	ambiguous
P12277	T180N	0.1368	benign
P12277	T180P	0.2593	benign
P12277	T180Q	0.3867	ambiguous
P12277	T180R	0.4652	ambiguous
P12277	T180S	0.0744	benign
P12277	T180V	0.7275	pathogenic
P12277	T180W	0.9565	pathogenic
P12277	T180Y	0.8402	pathogenic
P12277	E181A	0.1779	benign
P12277	E181C	0.8888	pathogenic
P12277	E181D	0.0587	benign
P12277	E181F	0.8866	pathogenic
P12277	E181G	0.2627	benign
P12277	E181H	0.5785	pathogenic
P12277	E181I	0.5482	ambiguous
P12277	E181K	0.3421	ambiguous
P12277	E181L	0.5263	ambiguous
P12277	E181M	0.6783	pathogenic
P12277	E181N	0.2422	benign
P12277	E181P	0.3296	benign
P12277	E181Q	0.2606	benign
P12277	E181R	0.5282	ambiguous
P12277	E181S	0.2322	benign
P12277	E181T	0.2888	benign
P12277	E181V	0.312	benign
P12277	E181W	0.9614	pathogenic
P12277	E181Y	0.7609	pathogenic
P12277	A182C	0.5178	ambiguous
P12277	A182D	0.1185	benign
P12277	A182E	0.079	benign
P12277	A182F	0.4955	ambiguous
P12277	A182G	0.1345	benign
P12277	A182H	0.3042	benign
P12277	A182I	0.2172	benign
P12277	A182K	0.1452	benign
P12277	A182L	0.1693	benign
P12277	A182M	0.2044	benign
P12277	A182N	0.1384	benign
P12277	A182P	0.2805	benign
P12277	A182Q	0.1161	benign
P12277	A182R	0.2255	benign
P12277	A182S	0.0825	benign
P12277	A182T	0.0706	benign
P12277	A182V	0.1113	benign
P12277	A182W	0.8022	pathogenic
P12277	A182Y	0.5261	ambiguous
P12277	E183A	0.4484	ambiguous
P12277	E183C	0.9734	pathogenic
P12277	E183D	0.2719	benign
P12277	E183F	0.975	pathogenic
P12277	E183G	0.6555	pathogenic
P12277	E183H	0.853	pathogenic
P12277	E183I	0.7419	pathogenic
P12277	E183K	0.5841	pathogenic
P12277	E183L	0.8087	pathogenic
P12277	E183M	0.8305	pathogenic
P12277	E183N	0.706	pathogenic
P12277	E183P	0.9924	pathogenic
P12277	E183Q	0.2495	benign
P12277	E183R	0.7258	pathogenic
P12277	E183S	0.575	pathogenic
P12277	E183T	0.5319	ambiguous
P12277	E183V	0.5439	ambiguous
P12277	E183W	0.9933	pathogenic
P12277	E183Y	0.9546	pathogenic
P12277	Q184A	0.7686	pathogenic
P12277	Q184C	0.9776	pathogenic
P12277	Q184D	0.9899	pathogenic
P12277	Q184E	0.4666	ambiguous
P12277	Q184F	0.9959	pathogenic
P12277	Q184G	0.84	pathogenic
P12277	Q184H	0.9764	pathogenic
P12277	Q184I	0.945	pathogenic
P12277	Q184K	0.7617	pathogenic
P12277	Q184L	0.8943	pathogenic
P12277	Q184M	0.8501	pathogenic
P12277	Q184N	0.9086	pathogenic
P12277	Q184P	0.995	pathogenic
P12277	Q184R	0.7882	pathogenic
P12277	Q184S	0.8014	pathogenic
P12277	Q184T	0.7383	pathogenic
P12277	Q184V	0.8829	pathogenic
P12277	Q184W	0.9959	pathogenic
P12277	Q184Y	0.9909	pathogenic
P12277	Q185A	0.3888	ambiguous
P12277	Q185C	0.969	pathogenic
P12277	Q185D	0.4575	ambiguous
P12277	Q185E	0.1799	benign
P12277	Q185F	0.9779	pathogenic
P12277	Q185G	0.4627	ambiguous
P12277	Q185H	0.7466	pathogenic
P12277	Q185I	0.8507	pathogenic
P12277	Q185K	0.259	benign
P12277	Q185L	0.5233	ambiguous
P12277	Q185M	0.6848	pathogenic
P12277	Q185N	0.4794	ambiguous
P12277	Q185P	0.9705	pathogenic
P12277	Q185R	0.4084	ambiguous
P12277	Q185S	0.3675	ambiguous
P12277	Q185T	0.3262	benign
P12277	Q185V	0.6487	pathogenic
P12277	Q185W	0.9563	pathogenic
P12277	Q185Y	0.9322	pathogenic
P12277	Q186A	0.2329	benign
P12277	Q186C	0.7932	pathogenic
P12277	Q186D	0.6799	pathogenic
P12277	Q186E	0.1748	benign
P12277	Q186F	0.9171	pathogenic
P12277	Q186G	0.3744	ambiguous
P12277	Q186H	0.4495	ambiguous
P12277	Q186I	0.6059	pathogenic
P12277	Q186K	0.1251	benign
P12277	Q186L	0.286	benign
P12277	Q186M	0.4683	ambiguous
P12277	Q186N	0.5248	ambiguous
P12277	Q186P	0.9334	pathogenic
P12277	Q186R	0.1716	benign
P12277	Q186S	0.3241	benign
P12277	Q186T	0.2146	benign
P12277	Q186V	0.3826	ambiguous
P12277	Q186W	0.8935	pathogenic
P12277	Q186Y	0.8325	pathogenic
P12277	L187A	0.9855	pathogenic
P12277	L187C	0.9835	pathogenic
P12277	L187D	0.999	pathogenic
P12277	L187E	0.997	pathogenic
P12277	L187F	0.9624	pathogenic
P12277	L187G	0.9937	pathogenic
P12277	L187H	0.9912	pathogenic
P12277	L187I	0.9616	pathogenic
P12277	L187K	0.9908	pathogenic
P12277	L187M	0.7026	pathogenic
P12277	L187N	0.9954	pathogenic
P12277	L187P	0.9996	pathogenic
P12277	L187Q	0.9897	pathogenic
P12277	L187R	0.9869	pathogenic
P12277	L187S	0.998	pathogenic
P12277	L187T	0.9961	pathogenic
P12277	L187V	0.9624	pathogenic
P12277	L187W	0.9891	pathogenic
P12277	L187Y	0.9809	pathogenic
P12277	I188A	0.9604	pathogenic
P12277	I188C	0.9947	pathogenic
P12277	I188D	0.9991	pathogenic
P12277	I188E	0.988	pathogenic
P12277	I188F	0.9835	pathogenic
P12277	I188G	0.997	pathogenic
P12277	I188H	0.9976	pathogenic
P12277	I188K	0.9801	pathogenic
P12277	I188L	0.8503	pathogenic
P12277	I188M	0.7723	pathogenic
P12277	I188N	0.9915	pathogenic
P12277	I188P	0.9977	pathogenic
P12277	I188Q	0.97	pathogenic
P12277	I188R	0.9474	pathogenic
P12277	I188S	0.9778	pathogenic
P12277	I188T	0.8737	pathogenic
P12277	I188V	0.5722	pathogenic
P12277	I188W	0.9973	pathogenic
P12277	I188Y	0.9956	pathogenic
P12277	D189A	0.3897	ambiguous
P12277	D189C	0.9554	pathogenic
P12277	D189E	0.3648	ambiguous
P12277	D189F	0.9739	pathogenic
P12277	D189G	0.6833	pathogenic
P12277	D189H	0.7884	pathogenic
P12277	D189I	0.912	pathogenic
P12277	D189K	0.8161	pathogenic
P12277	D189L	0.8711	pathogenic
P12277	D189M	0.9518	pathogenic
P12277	D189N	0.1867	benign
P12277	D189P	0.9974	pathogenic
P12277	D189Q	0.7298	pathogenic
P12277	D189R	0.8417	pathogenic
P12277	D189S	0.3101	benign
P12277	D189T	0.5979	pathogenic
P12277	D189V	0.7639	pathogenic
P12277	D189W	0.9932	pathogenic
P12277	D189Y	0.8116	pathogenic
P12277	D190A	0.8448	pathogenic
P12277	D190C	0.9903	pathogenic
P12277	D190E	0.7084	pathogenic
P12277	D190F	0.9951	pathogenic
P12277	D190G	0.8759	pathogenic
P12277	D190H	0.9632	pathogenic
P12277	D190I	0.9918	pathogenic
P12277	D190K	0.9729	pathogenic
P12277	D190L	0.9798	pathogenic
P12277	D190M	0.9929	pathogenic
P12277	D190N	0.5739	pathogenic
P12277	D190P	0.9993	pathogenic
P12277	D190Q	0.931	pathogenic
P12277	D190R	0.9742	pathogenic
P12277	D190S	0.684	pathogenic
P12277	D190T	0.9453	pathogenic
P12277	D190V	0.9702	pathogenic
P12277	D190W	0.9986	pathogenic
P12277	D190Y	0.956	pathogenic
P12277	H191A	0.9951	pathogenic
P12277	H191C	0.944	pathogenic
P12277	H191D	0.998	pathogenic
P12277	H191E	0.9988	pathogenic
P12277	H191F	0.9853	pathogenic
P12277	H191G	0.9717	pathogenic
P12277	H191I	0.9992	pathogenic
P12277	H191K	0.9806	pathogenic
P12277	H191L	0.987	pathogenic
P12277	H191M	0.9979	pathogenic
P12277	H191N	0.9855	pathogenic
P12277	H191P	0.9936	pathogenic
P12277	H191Q	0.9943	pathogenic
P12277	H191R	0.9647	pathogenic
P12277	H191S	0.9897	pathogenic
P12277	H191T	0.9974	pathogenic
P12277	H191V	0.9987	pathogenic
P12277	H191W	0.9813	pathogenic
P12277	H191Y	0.9658	pathogenic
P12277	F192A	0.9961	pathogenic
P12277	F192C	0.9803	pathogenic
P12277	F192D	0.9991	pathogenic
P12277	F192E	0.9992	pathogenic
P12277	F192G	0.9985	pathogenic
P12277	F192H	0.987	pathogenic
P12277	F192I	0.9607	pathogenic
P12277	F192K	0.9985	pathogenic
P12277	F192L	0.9906	pathogenic
P12277	F192M	0.9795	pathogenic
P12277	F192N	0.9923	pathogenic
P12277	F192P	1.0	pathogenic
P12277	F192Q	0.9965	pathogenic
P12277	F192R	0.9951	pathogenic
P12277	F192S	0.9969	pathogenic
P12277	F192T	0.9973	pathogenic
P12277	F192V	0.9742	pathogenic
P12277	F192W	0.97	pathogenic
P12277	F192Y	0.7453	pathogenic
P12277	L193A	0.993	pathogenic
P12277	L193C	0.9935	pathogenic
P12277	L193D	0.9999	pathogenic
P12277	L193E	0.9997	pathogenic
P12277	L193F	0.9962	pathogenic
P12277	L193G	0.9982	pathogenic
P12277	L193H	0.9993	pathogenic
P12277	L193I	0.9755	pathogenic
P12277	L193K	0.9994	pathogenic
P12277	L193M	0.9655	pathogenic
P12277	L193N	0.9994	pathogenic
P12277	L193P	0.9996	pathogenic
P12277	L193Q	0.9988	pathogenic
P12277	L193R	0.9971	pathogenic
P12277	L193S	0.9992	pathogenic
P12277	L193T	0.9979	pathogenic
P12277	L193V	0.9826	pathogenic
P12277	L193W	0.9991	pathogenic
P12277	L193Y	0.9986	pathogenic
P12277	F194A	0.9979	pathogenic
P12277	F194C	0.9996	pathogenic
P12277	F194D	0.9992	pathogenic
P12277	F194E	0.9994	pathogenic
P12277	F194G	0.9985	pathogenic
P12277	F194H	0.998	pathogenic
P12277	F194I	0.9988	pathogenic
P12277	F194K	0.9994	pathogenic
P12277	F194L	0.9997	pathogenic
P12277	F194M	0.9983	pathogenic
P12277	F194N	0.9989	pathogenic
P12277	F194P	0.9998	pathogenic
P12277	F194Q	0.999	pathogenic
P12277	F194R	0.9969	pathogenic
P12277	F194S	0.9984	pathogenic
P12277	F194T	0.9988	pathogenic
P12277	F194V	0.9989	pathogenic
P12277	F194W	0.9787	pathogenic
P12277	F194Y	0.9683	pathogenic
P12277	D195A	0.9734	pathogenic
P12277	D195C	0.9983	pathogenic
P12277	D195E	0.9661	pathogenic
P12277	D195F	0.9984	pathogenic
P12277	D195G	0.9804	pathogenic
P12277	D195H	0.9924	pathogenic
P12277	D195I	0.998	pathogenic
P12277	D195K	0.9955	pathogenic
P12277	D195L	0.9902	pathogenic
P12277	D195M	0.9989	pathogenic
P12277	D195N	0.9589	pathogenic
P12277	D195P	0.9959	pathogenic
P12277	D195Q	0.9795	pathogenic
P12277	D195R	0.9925	pathogenic
P12277	D195S	0.9535	pathogenic
P12277	D195T	0.9925	pathogenic
P12277	D195V	0.9924	pathogenic
P12277	D195W	0.9993	pathogenic
P12277	D195Y	0.9843	pathogenic
P12277	K196A	0.9601	pathogenic
P12277	K196C	0.9787	pathogenic
P12277	K196D	0.9942	pathogenic
P12277	K196E	0.947	pathogenic
P12277	K196F	0.9957	pathogenic
P12277	K196G	0.987	pathogenic
P12277	K196H	0.922	pathogenic
P12277	K196I	0.9672	pathogenic
P12277	K196L	0.9393	pathogenic
P12277	K196M	0.9336	pathogenic
P12277	K196N	0.9901	pathogenic
P12277	K196P	0.9572	pathogenic
P12277	K196Q	0.7712	pathogenic
P12277	K196R	0.2431	benign
P12277	K196S	0.983	pathogenic
P12277	K196T	0.9436	pathogenic
P12277	K196V	0.9477	pathogenic
P12277	K196W	0.9961	pathogenic
P12277	K196Y	0.9839	pathogenic
P12277	P197A	0.9768	pathogenic
P12277	P197C	0.9989	pathogenic
P12277	P197D	0.9989	pathogenic
P12277	P197E	0.9987	pathogenic
P12277	P197F	0.9998	pathogenic
P12277	P197G	0.991	pathogenic
P12277	P197H	0.9991	pathogenic
P12277	P197I	0.9986	pathogenic
P12277	P197K	0.9992	pathogenic
P12277	P197L	0.9945	pathogenic
P12277	P197M	0.9991	pathogenic
P12277	P197N	0.9992	pathogenic
P12277	P197Q	0.9988	pathogenic
P12277	P197R	0.9976	pathogenic
P12277	P197S	0.9976	pathogenic
P12277	P197T	0.9946	pathogenic
P12277	P197V	0.9943	pathogenic
P12277	P197W	0.9999	pathogenic
P12277	P197Y	0.9997	pathogenic
P12277	V198A	0.7869	pathogenic
P12277	V198C	0.9543	pathogenic
P12277	V198D	0.9572	pathogenic
P12277	V198E	0.9109	pathogenic
P12277	V198F	0.8749	pathogenic
P12277	V198G	0.8183	pathogenic
P12277	V198H	0.9835	pathogenic
P12277	V198I	0.152	benign
P12277	V198K	0.9499	pathogenic
P12277	V198L	0.756	pathogenic
P12277	V198M	0.7441	pathogenic
P12277	V198N	0.8667	pathogenic
P12277	V198P	0.9725	pathogenic
P12277	V198Q	0.8869	pathogenic
P12277	V198R	0.9391	pathogenic
P12277	V198S	0.769	pathogenic
P12277	V198T	0.5828	pathogenic
P12277	V198W	0.9974	pathogenic
P12277	V198Y	0.9801	pathogenic
P12277	S199A	0.9185	pathogenic
P12277	S199C	0.9781	pathogenic
P12277	S199D	0.996	pathogenic
P12277	S199E	0.9971	pathogenic
P12277	S199F	0.9979	pathogenic
P12277	S199G	0.9644	pathogenic
P12277	S199H	0.992	pathogenic
P12277	S199I	0.9971	pathogenic
P12277	S199K	0.9997	pathogenic
P12277	S199L	0.9924	pathogenic
P12277	S199M	0.9937	pathogenic
P12277	S199N	0.9922	pathogenic
P12277	S199P	0.9927	pathogenic
P12277	S199Q	0.9958	pathogenic
P12277	S199R	0.9996	pathogenic
P12277	S199T	0.9675	pathogenic
P12277	S199V	0.9973	pathogenic
P12277	S199W	0.9951	pathogenic
P12277	S199Y	0.9968	pathogenic
P12277	P200A	0.7606	pathogenic
P12277	P200C	0.9884	pathogenic
P12277	P200D	0.9918	pathogenic
P12277	P200E	0.9833	pathogenic
P12277	P200F	0.997	pathogenic
P12277	P200G	0.9345	pathogenic
P12277	P200H	0.9541	pathogenic
P12277	P200I	0.9927	pathogenic
P12277	P200K	0.9873	pathogenic
P12277	P200L	0.9477	pathogenic
P12277	P200M	0.9914	pathogenic
P12277	P200N	0.9773	pathogenic
P12277	P200Q	0.9499	pathogenic
P12277	P200R	0.9507	pathogenic
P12277	P200S	0.8773	pathogenic
P12277	P200T	0.8685	pathogenic
P12277	P200V	0.963	pathogenic
P12277	P200W	0.9982	pathogenic
P12277	P200Y	0.9943	pathogenic
P12277	L201A	0.9872	pathogenic
P12277	L201C	0.9967	pathogenic
P12277	L201D	0.9998	pathogenic
P12277	L201E	0.9992	pathogenic
P12277	L201F	0.9877	pathogenic
P12277	L201G	0.9966	pathogenic
P12277	L201H	0.9972	pathogenic
P12277	L201I	0.9567	pathogenic
P12277	L201K	0.9967	pathogenic
P12277	L201M	0.9585	pathogenic
P12277	L201N	0.9953	pathogenic
P12277	L201P	0.9981	pathogenic
P12277	L201Q	0.9977	pathogenic
P12277	L201R	0.9921	pathogenic
P12277	L201S	0.998	pathogenic
P12277	L201T	0.9942	pathogenic
P12277	L201V	0.9619	pathogenic
P12277	L201W	0.9975	pathogenic
P12277	L201Y	0.9942	pathogenic
P12277	L202A	0.9925	pathogenic
P12277	L202C	0.9966	pathogenic
P12277	L202D	0.9999	pathogenic
P12277	L202E	0.9993	pathogenic
P12277	L202F	0.9906	pathogenic
P12277	L202G	0.996	pathogenic
P12277	L202H	0.9976	pathogenic
P12277	L202I	0.9643	pathogenic
P12277	L202K	0.9963	pathogenic
P12277	L202M	0.9528	pathogenic
P12277	L202N	0.9979	pathogenic
P12277	L202P	0.9985	pathogenic
P12277	L202Q	0.9953	pathogenic
P12277	L202R	0.9924	pathogenic
P12277	L202S	0.9989	pathogenic
P12277	L202T	0.9965	pathogenic
P12277	L202V	0.9802	pathogenic
P12277	L202W	0.9969	pathogenic
P12277	L202Y	0.9962	pathogenic
P12277	L203A	0.736	pathogenic
P12277	L203C	0.8876	pathogenic
P12277	L203D	0.9926	pathogenic
P12277	L203E	0.9128	pathogenic
P12277	L203F	0.8765	pathogenic
P12277	L203G	0.9229	pathogenic
P12277	L203H	0.9338	pathogenic
P12277	L203I	0.3746	ambiguous
P12277	L203K	0.8637	pathogenic
P12277	L203M	0.3506	ambiguous
P12277	L203N	0.91	pathogenic
P12277	L203P	0.988	pathogenic
P12277	L203Q	0.7309	pathogenic
P12277	L203R	0.8231	pathogenic
P12277	L203S	0.8909	pathogenic
P12277	L203T	0.2983	benign
P12277	L203V	0.2837	benign
P12277	L203W	0.9557	pathogenic
P12277	L203Y	0.9603	pathogenic
P12277	A204C	0.4373	ambiguous
P12277	A204D	0.9807	pathogenic
P12277	A204E	0.978	pathogenic
P12277	A204F	0.9732	pathogenic
P12277	A204G	0.3765	ambiguous
P12277	A204H	0.9472	pathogenic
P12277	A204I	0.9781	pathogenic
P12277	A204K	0.9948	pathogenic
P12277	A204L	0.9295	pathogenic
P12277	A204M	0.9445	pathogenic
P12277	A204N	0.8748	pathogenic
P12277	A204P	0.9909	pathogenic
P12277	A204Q	0.924	pathogenic
P12277	A204R	0.9781	pathogenic
P12277	A204S	0.1081	benign
P12277	A204T	0.5871	pathogenic
P12277	A204V	0.8436	pathogenic
P12277	A204W	0.9961	pathogenic
P12277	A204Y	0.9784	pathogenic
P12277	S205A	0.1052	benign
P12277	S205C	0.4368	ambiguous
P12277	S205D	0.9973	pathogenic
P12277	S205E	0.9958	pathogenic
P12277	S205F	0.9962	pathogenic
P12277	S205G	0.2861	benign
P12277	S205H	0.9926	pathogenic
P12277	S205I	0.994	pathogenic
P12277	S205K	0.9994	pathogenic
P12277	S205L	0.9391	pathogenic
P12277	S205M	0.9744	pathogenic
P12277	S205N	0.9755	pathogenic
P12277	S205P	0.9917	pathogenic
P12277	S205Q	0.9872	pathogenic
P12277	S205R	0.9979	pathogenic
P12277	S205T	0.7406	pathogenic
P12277	S205V	0.9663	pathogenic
P12277	S205W	0.9975	pathogenic
P12277	S205Y	0.9951	pathogenic
P12277	G206A	0.6581	pathogenic
P12277	G206C	0.6689	pathogenic
P12277	G206D	0.9328	pathogenic
P12277	G206E	0.9516	pathogenic
P12277	G206F	0.9643	pathogenic
P12277	G206H	0.8408	pathogenic
P12277	G206I	0.9859	pathogenic
P12277	G206K	0.9088	pathogenic
P12277	G206L	0.9601	pathogenic
P12277	G206M	0.9679	pathogenic
P12277	G206N	0.7225	pathogenic
P12277	G206P	0.9981	pathogenic
P12277	G206Q	0.805	pathogenic
P12277	G206R	0.7471	pathogenic
P12277	G206S	0.4575	ambiguous
P12277	G206T	0.8742	pathogenic
P12277	G206V	0.9576	pathogenic
P12277	G206W	0.946	pathogenic
P12277	G206Y	0.9178	pathogenic
P12277	M207A	0.9182	pathogenic
P12277	M207C	0.811	pathogenic
P12277	M207D	0.9989	pathogenic
P12277	M207E	0.9932	pathogenic
P12277	M207F	0.9376	pathogenic
P12277	M207G	0.9829	pathogenic
P12277	M207H	0.9949	pathogenic
P12277	M207I	0.9892	pathogenic
P12277	M207K	0.9922	pathogenic
P12277	M207L	0.8995	pathogenic
P12277	M207N	0.9847	pathogenic
P12277	M207P	0.9987	pathogenic
P12277	M207Q	0.942	pathogenic
P12277	M207R	0.992	pathogenic
P12277	M207S	0.9528	pathogenic
P12277	M207T	0.984	pathogenic
P12277	M207V	0.8568	pathogenic
P12277	M207W	0.9972	pathogenic
P12277	M207Y	0.9933	pathogenic
P12277	A208C	0.8663	pathogenic
P12277	A208D	0.9879	pathogenic
P12277	A208E	0.989	pathogenic
P12277	A208F	0.9902	pathogenic
P12277	A208G	0.1182	benign
P12277	A208H	0.99	pathogenic
P12277	A208I	0.9939	pathogenic
P12277	A208K	0.9972	pathogenic
P12277	A208L	0.9396	pathogenic
P12277	A208M	0.9806	pathogenic
P12277	A208N	0.9675	pathogenic
P12277	A208P	0.978	pathogenic
P12277	A208Q	0.9719	pathogenic
P12277	A208R	0.9886	pathogenic
P12277	A208S	0.3725	ambiguous
P12277	A208T	0.945	pathogenic
P12277	A208V	0.9625	pathogenic
P12277	A208W	0.998	pathogenic
P12277	A208Y	0.9911	pathogenic
P12277	R209A	0.9879	pathogenic
P12277	R209C	0.9293	pathogenic
P12277	R209D	0.9955	pathogenic
P12277	R209E	0.9775	pathogenic
P12277	R209F	0.9981	pathogenic
P12277	R209G	0.9814	pathogenic
P12277	R209H	0.9322	pathogenic
P12277	R209I	0.994	pathogenic
P12277	R209K	0.8778	pathogenic
P12277	R209L	0.9837	pathogenic
P12277	R209M	0.9966	pathogenic
P12277	R209N	0.9934	pathogenic
P12277	R209P	0.997	pathogenic
P12277	R209Q	0.8862	pathogenic
P12277	R209S	0.9916	pathogenic
P12277	R209T	0.9918	pathogenic
P12277	R209V	0.9898	pathogenic
P12277	R209W	0.9631	pathogenic
P12277	R209Y	0.9919	pathogenic
P12277	D210A	0.9938	pathogenic
P12277	D210C	0.9958	pathogenic
P12277	D210E	0.9871	pathogenic
P12277	D210F	0.9978	pathogenic
P12277	D210G	0.9884	pathogenic
P12277	D210H	0.9897	pathogenic
P12277	D210I	0.9994	pathogenic
P12277	D210K	0.9992	pathogenic
P12277	D210L	0.9982	pathogenic
P12277	D210M	0.9997	pathogenic
P12277	D210N	0.9829	pathogenic
P12277	D210P	0.9995	pathogenic
P12277	D210Q	0.9976	pathogenic
P12277	D210R	0.9983	pathogenic
P12277	D210S	0.9873	pathogenic
P12277	D210T	0.9984	pathogenic
P12277	D210V	0.9974	pathogenic
P12277	D210W	0.999	pathogenic
P12277	D210Y	0.9837	pathogenic
P12277	W211A	0.9992	pathogenic
P12277	W211C	0.9996	pathogenic
P12277	W211D	0.9997	pathogenic
P12277	W211E	0.9998	pathogenic
P12277	W211F	0.8534	pathogenic
P12277	W211G	0.9962	pathogenic
P12277	W211H	0.9985	pathogenic
P12277	W211I	0.9989	pathogenic
P12277	W211K	0.9999	pathogenic
P12277	W211L	0.9972	pathogenic
P12277	W211M	0.9993	pathogenic
P12277	W211N	0.9997	pathogenic
P12277	W211P	0.9998	pathogenic
P12277	W211Q	0.9999	pathogenic
P12277	W211R	0.9998	pathogenic
P12277	W211S	0.9979	pathogenic
P12277	W211T	0.9995	pathogenic
P12277	W211V	0.9991	pathogenic
P12277	W211Y	0.9632	pathogenic
P12277	P212A	0.9858	pathogenic
P12277	P212C	0.9982	pathogenic
P12277	P212D	0.9972	pathogenic
P12277	P212E	0.9971	pathogenic
P12277	P212F	0.9997	pathogenic
P12277	P212G	0.9918	pathogenic
P12277	P212H	0.9976	pathogenic
P12277	P212I	0.9986	pathogenic
P12277	P212K	0.998	pathogenic
P12277	P212L	0.9917	pathogenic
P12277	P212M	0.9986	pathogenic
P12277	P212N	0.9985	pathogenic
P12277	P212Q	0.9967	pathogenic
P12277	P212R	0.9937	pathogenic
P12277	P212S	0.9967	pathogenic
P12277	P212T	0.9938	pathogenic
P12277	P212V	0.9955	pathogenic
P12277	P212W	0.9996	pathogenic
P12277	P212Y	0.9993	pathogenic
P12277	D213A	0.9207	pathogenic
P12277	D213C	0.9919	pathogenic
P12277	D213E	0.8711	pathogenic
P12277	D213F	0.9945	pathogenic
P12277	D213G	0.9638	pathogenic
P12277	D213H	0.9757	pathogenic
P12277	D213I	0.9896	pathogenic
P12277	D213K	0.9917	pathogenic
P12277	D213L	0.9821	pathogenic
P12277	D213M	0.9959	pathogenic
P12277	D213N	0.8757	pathogenic
P12277	D213P	0.9975	pathogenic
P12277	D213Q	0.9768	pathogenic
P12277	D213R	0.9886	pathogenic
P12277	D213S	0.8914	pathogenic
P12277	D213T	0.9733	pathogenic
P12277	D213V	0.9576	pathogenic
P12277	D213W	0.9986	pathogenic
P12277	D213Y	0.9665	pathogenic
P12277	A214C	0.7719	pathogenic
P12277	A214D	0.984	pathogenic
P12277	A214E	0.9883	pathogenic
P12277	A214F	0.9881	pathogenic
P12277	A214G	0.0585	benign
P12277	A214H	0.9805	pathogenic
P12277	A214I	0.997	pathogenic
P12277	A214K	0.9969	pathogenic
P12277	A214L	0.9723	pathogenic
P12277	A214M	0.9827	pathogenic
P12277	A214N	0.9359	pathogenic
P12277	A214P	0.9968	pathogenic
P12277	A214Q	0.9637	pathogenic
P12277	A214R	0.9858	pathogenic
P12277	A214S	0.1646	benign
P12277	A214T	0.911	pathogenic
P12277	A214V	0.979	pathogenic
P12277	A214W	0.9978	pathogenic
P12277	A214Y	0.9896	pathogenic
P12277	R215A	0.9985	pathogenic
P12277	R215C	0.9874	pathogenic
P12277	R215D	0.9996	pathogenic
P12277	R215E	0.9966	pathogenic
P12277	R215F	0.9999	pathogenic
P12277	R215G	0.9967	pathogenic
P12277	R215H	0.9946	pathogenic
P12277	R215I	0.9995	pathogenic
P12277	R215K	0.9907	pathogenic
P12277	R215L	0.9976	pathogenic
P12277	R215M	0.9998	pathogenic
P12277	R215N	0.9996	pathogenic
P12277	R215P	0.999	pathogenic
P12277	R215Q	0.9929	pathogenic
P12277	R215S	0.9993	pathogenic
P12277	R215T	0.9994	pathogenic
P12277	R215V	0.9989	pathogenic
P12277	R215W	0.9963	pathogenic
P12277	R215Y	0.9994	pathogenic
P12277	G216A	0.9515	pathogenic
P12277	G216C	0.9953	pathogenic
P12277	G216D	0.9987	pathogenic
P12277	G216E	0.9994	pathogenic
P12277	G216F	0.9995	pathogenic
P12277	G216H	0.9998	pathogenic
P12277	G216I	0.999	pathogenic
P12277	G216K	0.9998	pathogenic
P12277	G216L	0.9987	pathogenic
P12277	G216M	0.9996	pathogenic
P12277	G216N	0.9994	pathogenic
P12277	G216P	0.9999	pathogenic
P12277	G216Q	0.9996	pathogenic
P12277	G216R	0.9991	pathogenic
P12277	G216S	0.9876	pathogenic
P12277	G216T	0.9981	pathogenic
P12277	G216V	0.9973	pathogenic
P12277	G216W	0.9994	pathogenic
P12277	G216Y	0.9994	pathogenic
P12277	I217A	0.9926	pathogenic
P12277	I217C	0.9957	pathogenic
P12277	I217D	0.9997	pathogenic
P12277	I217E	0.9994	pathogenic
P12277	I217F	0.9884	pathogenic
P12277	I217G	0.9984	pathogenic
P12277	I217H	0.9997	pathogenic
P12277	I217K	0.9993	pathogenic
P12277	I217L	0.8487	pathogenic
P12277	I217M	0.9297	pathogenic
P12277	I217N	0.9969	pathogenic
P12277	I217P	0.9988	pathogenic
P12277	I217Q	0.9993	pathogenic
P12277	I217R	0.998	pathogenic
P12277	I217S	0.9949	pathogenic
P12277	I217T	0.9955	pathogenic
P12277	I217V	0.7202	pathogenic
P12277	I217W	0.9995	pathogenic
P12277	I217Y	0.9983	pathogenic
P12277	W218A	0.9944	pathogenic
P12277	W218C	0.9918	pathogenic
P12277	W218D	0.9997	pathogenic
P12277	W218E	0.9998	pathogenic
P12277	W218F	0.3592	ambiguous
P12277	W218G	0.9807	pathogenic
P12277	W218H	0.993	pathogenic
P12277	W218I	0.9951	pathogenic
P12277	W218K	0.9997	pathogenic
P12277	W218L	0.9801	pathogenic
P12277	W218M	0.9961	pathogenic
P12277	W218N	0.9996	pathogenic
P12277	W218P	0.9997	pathogenic
P12277	W218Q	0.9996	pathogenic
P12277	W218R	0.9984	pathogenic
P12277	W218S	0.9938	pathogenic
P12277	W218T	0.9984	pathogenic
P12277	W218V	0.9926	pathogenic
P12277	W218Y	0.6915	pathogenic
P12277	H219A	0.9807	pathogenic
P12277	H219C	0.676	pathogenic
P12277	H219D	0.9943	pathogenic
P12277	H219E	0.9931	pathogenic
P12277	H219F	0.7531	pathogenic
P12277	H219G	0.9872	pathogenic
P12277	H219I	0.9352	pathogenic
P12277	H219K	0.9847	pathogenic
P12277	H219L	0.8139	pathogenic
P12277	H219M	0.9509	pathogenic
P12277	H219N	0.9455	pathogenic
P12277	H219P	0.9842	pathogenic
P12277	H219Q	0.9722	pathogenic
P12277	H219R	0.9621	pathogenic
P12277	H219S	0.9762	pathogenic
P12277	H219T	0.9861	pathogenic
P12277	H219V	0.9383	pathogenic
P12277	H219W	0.8281	pathogenic
P12277	H219Y	0.694	pathogenic
P12277	N220A	0.9542	pathogenic
P12277	N220C	0.8373	pathogenic
P12277	N220D	0.9257	pathogenic
P12277	N220E	0.9956	pathogenic
P12277	N220F	0.9987	pathogenic
P12277	N220G	0.9082	pathogenic
P12277	N220H	0.9205	pathogenic
P12277	N220I	0.9892	pathogenic
P12277	N220K	0.9965	pathogenic
P12277	N220L	0.9754	pathogenic
P12277	N220M	0.9875	pathogenic
P12277	N220P	0.9877	pathogenic
P12277	N220Q	0.9894	pathogenic
P12277	N220R	0.9897	pathogenic
P12277	N220S	0.3548	ambiguous
P12277	N220T	0.8069	pathogenic
P12277	N220V	0.9791	pathogenic
P12277	N220W	0.999	pathogenic
P12277	N220Y	0.9874	pathogenic
P12277	D221A	0.1124	benign
P12277	D221C	0.5123	ambiguous
P12277	D221E	0.1013	benign
P12277	D221F	0.5687	pathogenic
P12277	D221G	0.1413	benign
P12277	D221H	0.1696	benign
P12277	D221I	0.2803	benign
P12277	D221K	0.1803	benign
P12277	D221L	0.306	benign
P12277	D221M	0.4858	ambiguous
P12277	D221N	0.0674	benign
P12277	D221P	0.6123	pathogenic
P12277	D221Q	0.1599	benign
P12277	D221R	0.2161	benign
P12277	D221S	0.0886	benign
P12277	D221T	0.1454	benign
P12277	D221V	0.1625	benign
P12277	D221W	0.8615	pathogenic
P12277	D221Y	0.245	benign
P12277	N222A	0.0994	benign
P12277	N222C	0.1938	benign
P12277	N222D	0.0719	benign
P12277	N222E	0.1461	benign
P12277	N222F	0.5317	ambiguous
P12277	N222G	0.174	benign
P12277	N222H	0.0848	benign
P12277	N222I	0.2664	benign
P12277	N222K	0.1181	benign
P12277	N222L	0.1813	benign
P12277	N222M	0.2727	benign
P12277	N222P	0.7433	pathogenic
P12277	N222Q	0.1277	benign
P12277	N222R	0.151	benign
P12277	N222S	0.0609	benign
P12277	N222T	0.0949	benign
P12277	N222V	0.2006	benign
P12277	N222W	0.7534	pathogenic
P12277	N222Y	0.2262	benign
P12277	K223A	0.973	pathogenic
P12277	K223C	0.9601	pathogenic
P12277	K223D	0.9909	pathogenic
P12277	K223E	0.9303	pathogenic
P12277	K223F	0.9971	pathogenic
P12277	K223G	0.9484	pathogenic
P12277	K223H	0.8394	pathogenic
P12277	K223I	0.991	pathogenic
P12277	K223L	0.9586	pathogenic
P12277	K223M	0.9331	pathogenic
P12277	K223N	0.9703	pathogenic
P12277	K223P	0.9962	pathogenic
P12277	K223Q	0.6313	pathogenic
P12277	K223R	0.2134	benign
P12277	K223S	0.9765	pathogenic
P12277	K223T	0.9561	pathogenic
P12277	K223V	0.9846	pathogenic
P12277	K223W	0.9967	pathogenic
P12277	K223Y	0.9883	pathogenic
P12277	T224A	0.3195	benign
P12277	T224C	0.7419	pathogenic
P12277	T224D	0.3745	ambiguous
P12277	T224E	0.6997	pathogenic
P12277	T224F	0.9044	pathogenic
P12277	T224G	0.423	ambiguous
P12277	T224H	0.5169	ambiguous
P12277	T224I	0.8868	pathogenic
P12277	T224K	0.6856	pathogenic
P12277	T224L	0.5515	ambiguous
P12277	T224M	0.4165	ambiguous
P12277	T224N	0.1091	benign
P12277	T224P	0.9442	pathogenic
P12277	T224Q	0.5116	ambiguous
P12277	T224R	0.6527	pathogenic
P12277	T224S	0.0997	benign
P12277	T224V	0.7514	pathogenic
P12277	T224W	0.9638	pathogenic
P12277	T224Y	0.7809	pathogenic
P12277	F225A	0.9909	pathogenic
P12277	F225C	0.9503	pathogenic
P12277	F225D	0.9995	pathogenic
P12277	F225E	0.9995	pathogenic
P12277	F225G	0.9969	pathogenic
P12277	F225H	0.9933	pathogenic
P12277	F225I	0.9257	pathogenic
P12277	F225K	0.9995	pathogenic
P12277	F225L	0.9837	pathogenic
P12277	F225M	0.9391	pathogenic
P12277	F225N	0.997	pathogenic
P12277	F225P	0.9999	pathogenic
P12277	F225Q	0.9982	pathogenic
P12277	F225R	0.9981	pathogenic
P12277	F225S	0.9927	pathogenic
P12277	F225T	0.993	pathogenic
P12277	F225V	0.8764	pathogenic
P12277	F225W	0.9584	pathogenic
P12277	F225Y	0.8313	pathogenic
P12277	L226A	0.9755	pathogenic
P12277	L226C	0.973	pathogenic
P12277	L226D	0.9999	pathogenic
P12277	L226E	0.9994	pathogenic
P12277	L226F	0.9786	pathogenic
P12277	L226G	0.9962	pathogenic
P12277	L226H	0.9971	pathogenic
P12277	L226I	0.7373	pathogenic
P12277	L226K	0.9977	pathogenic
P12277	L226M	0.8214	pathogenic
P12277	L226N	0.998	pathogenic
P12277	L226P	0.9995	pathogenic
P12277	L226Q	0.9964	pathogenic
P12277	L226R	0.9935	pathogenic
P12277	L226S	0.9947	pathogenic
P12277	L226T	0.9842	pathogenic
P12277	L226V	0.7859	pathogenic
P12277	L226W	0.9977	pathogenic
P12277	L226Y	0.9977	pathogenic
P12277	V227A	0.8694	pathogenic
P12277	V227C	0.8915	pathogenic
P12277	V227D	0.9985	pathogenic
P12277	V227E	0.9968	pathogenic
P12277	V227F	0.9132	pathogenic
P12277	V227G	0.9255	pathogenic
P12277	V227H	0.9982	pathogenic
P12277	V227I	0.1183	benign
P12277	V227K	0.9981	pathogenic
P12277	V227L	0.7237	pathogenic
P12277	V227M	0.8284	pathogenic
P12277	V227N	0.9881	pathogenic
P12277	V227P	0.9969	pathogenic
P12277	V227Q	0.9932	pathogenic
P12277	V227R	0.9949	pathogenic
P12277	V227S	0.9435	pathogenic
P12277	V227T	0.8649	pathogenic
P12277	V227W	0.9986	pathogenic
P12277	V227Y	0.993	pathogenic
P12277	W228A	0.9972	pathogenic
P12277	W228C	0.9994	pathogenic
P12277	W228D	0.9999	pathogenic
P12277	W228E	0.9998	pathogenic
P12277	W228F	0.9271	pathogenic
P12277	W228G	0.9915	pathogenic
P12277	W228H	0.9989	pathogenic
P12277	W228I	0.9978	pathogenic
P12277	W228K	0.9999	pathogenic
P12277	W228L	0.9935	pathogenic
P12277	W228M	0.9975	pathogenic
P12277	W228N	0.9998	pathogenic
P12277	W228P	0.9997	pathogenic
P12277	W228Q	0.9998	pathogenic
P12277	W228R	0.9998	pathogenic
P12277	W228S	0.9968	pathogenic
P12277	W228T	0.9979	pathogenic
P12277	W228V	0.9985	pathogenic
P12277	W228Y	0.9927	pathogenic
P12277	V229A	0.8993	pathogenic
P12277	V229C	0.8455	pathogenic
P12277	V229D	0.9942	pathogenic
P12277	V229E	0.9885	pathogenic
P12277	V229F	0.9035	pathogenic
P12277	V229G	0.9345	pathogenic
P12277	V229H	0.9953	pathogenic
P12277	V229I	0.0661	benign
P12277	V229K	0.9929	pathogenic
P12277	V229L	0.4208	ambiguous
P12277	V229M	0.6607	pathogenic
P12277	V229N	0.9622	pathogenic
P12277	V229P	0.9923	pathogenic
P12277	V229Q	0.9869	pathogenic
P12277	V229R	0.9871	pathogenic
P12277	V229S	0.9448	pathogenic
P12277	V229T	0.8741	pathogenic
P12277	V229W	0.997	pathogenic
P12277	V229Y	0.9871	pathogenic
P12277	N230A	0.9538	pathogenic
P12277	N230C	0.7213	pathogenic
P12277	N230D	0.985	pathogenic
P12277	N230E	0.9978	pathogenic
P12277	N230F	0.9982	pathogenic
P12277	N230G	0.7568	pathogenic
P12277	N230H	0.9792	pathogenic
P12277	N230I	0.9966	pathogenic
P12277	N230K	0.9989	pathogenic
P12277	N230L	0.9647	pathogenic
P12277	N230M	0.981	pathogenic
P12277	N230P	0.9976	pathogenic
P12277	N230Q	0.9926	pathogenic
P12277	N230R	0.9975	pathogenic
P12277	N230S	0.5711	pathogenic
P12277	N230T	0.9714	pathogenic
P12277	N230V	0.9911	pathogenic
P12277	N230W	0.9992	pathogenic
P12277	N230Y	0.9896	pathogenic
P12277	E231A	0.9987	pathogenic
P12277	E231C	0.9997	pathogenic
P12277	E231D	0.9996	pathogenic
P12277	E231F	1.0	pathogenic
P12277	E231G	0.9967	pathogenic
P12277	E231H	0.9999	pathogenic
P12277	E231I	0.9998	pathogenic
P12277	E231K	0.9988	pathogenic
P12277	E231L	0.9998	pathogenic
P12277	E231M	0.9996	pathogenic
P12277	E231N	0.9998	pathogenic
P12277	E231P	0.9999	pathogenic
P12277	E231Q	0.9975	pathogenic
P12277	E231R	0.999	pathogenic
P12277	E231S	0.9993	pathogenic
P12277	E231T	0.9996	pathogenic
P12277	E231V	0.9996	pathogenic
P12277	E231W	1.0	pathogenic
P12277	E231Y	0.9999	pathogenic
P12277	E232A	0.9988	pathogenic
P12277	E232C	0.9998	pathogenic
P12277	E232D	0.9993	pathogenic
P12277	E232F	1.0	pathogenic
P12277	E232G	0.994	pathogenic
P12277	E232H	0.9999	pathogenic
P12277	E232I	0.9998	pathogenic
P12277	E232K	0.9985	pathogenic
P12277	E232L	0.9999	pathogenic
P12277	E232M	0.9996	pathogenic
P12277	E232N	0.9998	pathogenic
P12277	E232P	1.0	pathogenic
P12277	E232Q	0.9984	pathogenic
P12277	E232R	0.9993	pathogenic
P12277	E232S	0.9995	pathogenic
P12277	E232T	0.9994	pathogenic
P12277	E232V	0.9997	pathogenic
P12277	E232W	1.0	pathogenic
P12277	E232Y	0.9999	pathogenic
P12277	D233A	0.9998	pathogenic
P12277	D233C	0.9999	pathogenic
P12277	D233E	0.9989	pathogenic
P12277	D233F	1.0	pathogenic
P12277	D233G	0.9993	pathogenic
P12277	D233H	0.9998	pathogenic
P12277	D233I	0.9999	pathogenic
P12277	D233K	0.9999	pathogenic
P12277	D233L	0.9999	pathogenic
P12277	D233M	1.0	pathogenic
P12277	D233N	0.9984	pathogenic
P12277	D233P	1.0	pathogenic
P12277	D233Q	0.9999	pathogenic
P12277	D233R	0.9998	pathogenic
P12277	D233S	0.9995	pathogenic
P12277	D233T	0.9999	pathogenic
P12277	D233V	0.9997	pathogenic
P12277	D233W	1.0	pathogenic
P12277	D233Y	0.9992	pathogenic
P12277	H234A	0.991	pathogenic
P12277	H234C	0.9406	pathogenic
P12277	H234D	0.9929	pathogenic
P12277	H234E	0.9951	pathogenic
P12277	H234F	0.9917	pathogenic
P12277	H234G	0.9951	pathogenic
P12277	H234I	0.9977	pathogenic
P12277	H234K	0.9989	pathogenic
P12277	H234L	0.9872	pathogenic
P12277	H234M	0.9901	pathogenic
P12277	H234N	0.9433	pathogenic
P12277	H234P	0.9943	pathogenic
P12277	H234Q	0.9591	pathogenic
P12277	H234R	0.9982	pathogenic
P12277	H234S	0.966	pathogenic
P12277	H234T	0.995	pathogenic
P12277	H234V	0.9977	pathogenic
P12277	H234W	0.9955	pathogenic
P12277	H234Y	0.9904	pathogenic
P12277	L235A	0.8911	pathogenic
P12277	L235C	0.8127	pathogenic
P12277	L235D	0.9989	pathogenic
P12277	L235E	0.9928	pathogenic
P12277	L235F	0.7315	pathogenic
P12277	L235G	0.9834	pathogenic
P12277	L235H	0.9864	pathogenic
P12277	L235I	0.2237	benign
P12277	L235K	0.9944	pathogenic
P12277	L235M	0.2071	benign
P12277	L235N	0.9865	pathogenic
P12277	L235P	0.9986	pathogenic
P12277	L235Q	0.9723	pathogenic
P12277	L235R	0.991	pathogenic
P12277	L235S	0.9585	pathogenic
P12277	L235T	0.6843	pathogenic
P12277	L235V	0.2116	benign
P12277	L235W	0.9811	pathogenic
P12277	L235Y	0.9806	pathogenic
P12277	R236A	0.9992	pathogenic
P12277	R236C	0.9977	pathogenic
P12277	R236D	0.9997	pathogenic
P12277	R236E	0.9966	pathogenic
P12277	R236F	0.9996	pathogenic
P12277	R236G	0.998	pathogenic
P12277	R236H	0.9972	pathogenic
P12277	R236I	0.999	pathogenic
P12277	R236K	0.9966	pathogenic
P12277	R236L	0.9967	pathogenic
P12277	R236M	0.9999	pathogenic
P12277	R236N	0.9997	pathogenic
P12277	R236P	0.999	pathogenic
P12277	R236Q	0.9974	pathogenic
P12277	R236S	0.9995	pathogenic
P12277	R236T	0.9997	pathogenic
P12277	R236V	0.999	pathogenic
P12277	R236W	0.9953	pathogenic
P12277	R236Y	0.9992	pathogenic
P12277	V237A	0.9304	pathogenic
P12277	V237C	0.9336	pathogenic
P12277	V237D	0.9984	pathogenic
P12277	V237E	0.996	pathogenic
P12277	V237F	0.8471	pathogenic
P12277	V237G	0.9405	pathogenic
P12277	V237H	0.9982	pathogenic
P12277	V237I	0.0971	benign
P12277	V237K	0.9978	pathogenic
P12277	V237L	0.5169	ambiguous
P12277	V237M	0.7007	pathogenic
P12277	V237N	0.9906	pathogenic
P12277	V237P	0.9944	pathogenic
P12277	V237Q	0.9951	pathogenic
P12277	V237R	0.9958	pathogenic
P12277	V237S	0.9792	pathogenic
P12277	V237T	0.9526	pathogenic
P12277	V237W	0.9983	pathogenic
P12277	V237Y	0.9897	pathogenic
P12277	I238A	0.9963	pathogenic
P12277	I238C	0.9991	pathogenic
P12277	I238D	0.9999	pathogenic
P12277	I238E	0.9995	pathogenic
P12277	I238F	0.9878	pathogenic
P12277	I238G	0.9996	pathogenic
P12277	I238H	0.9998	pathogenic
P12277	I238K	0.9996	pathogenic
P12277	I238L	0.9546	pathogenic
P12277	I238M	0.9146	pathogenic
P12277	I238N	0.9985	pathogenic
P12277	I238P	0.9991	pathogenic
P12277	I238Q	0.9987	pathogenic
P12277	I238R	0.999	pathogenic
P12277	I238S	0.996	pathogenic
P12277	I238T	0.997	pathogenic
P12277	I238V	0.8972	pathogenic
P12277	I238W	0.9998	pathogenic
P12277	I238Y	0.999	pathogenic
P12277	S239A	0.3707	ambiguous
P12277	S239C	0.7481	pathogenic
P12277	S239D	0.999	pathogenic
P12277	S239E	0.999	pathogenic
P12277	S239F	0.9979	pathogenic
P12277	S239G	0.8377	pathogenic
P12277	S239H	0.9973	pathogenic
P12277	S239I	0.9956	pathogenic
P12277	S239K	0.9999	pathogenic
P12277	S239L	0.9828	pathogenic
P12277	S239M	0.9916	pathogenic
P12277	S239N	0.9947	pathogenic
P12277	S239P	0.9992	pathogenic
P12277	S239Q	0.9972	pathogenic
P12277	S239R	0.9996	pathogenic
P12277	S239T	0.8841	pathogenic
P12277	S239V	0.9855	pathogenic
P12277	S239W	0.9986	pathogenic
P12277	S239Y	0.9975	pathogenic
P12277	M240A	0.9958	pathogenic
P12277	M240C	0.9877	pathogenic
P12277	M240D	0.9997	pathogenic
P12277	M240E	0.9974	pathogenic
P12277	M240F	0.9388	pathogenic
P12277	M240G	0.998	pathogenic
P12277	M240H	0.9973	pathogenic
P12277	M240I	0.984	pathogenic
P12277	M240K	0.9937	pathogenic
P12277	M240L	0.8005	pathogenic
P12277	M240N	0.9961	pathogenic
P12277	M240P	0.9997	pathogenic
P12277	M240Q	0.9724	pathogenic
P12277	M240R	0.9918	pathogenic
P12277	M240S	0.9921	pathogenic
P12277	M240T	0.9938	pathogenic
P12277	M240V	0.8857	pathogenic
P12277	M240W	0.996	pathogenic
P12277	M240Y	0.9941	pathogenic
P12277	Q241A	0.6674	pathogenic
P12277	Q241C	0.9651	pathogenic
P12277	Q241D	0.946	pathogenic
P12277	Q241E	0.1088	benign
P12277	Q241F	0.9955	pathogenic
P12277	Q241G	0.7697	pathogenic
P12277	Q241H	0.9316	pathogenic
P12277	Q241I	0.9676	pathogenic
P12277	Q241K	0.7282	pathogenic
P12277	Q241L	0.8666	pathogenic
P12277	Q241M	0.8781	pathogenic
P12277	Q241N	0.8762	pathogenic
P12277	Q241P	0.994	pathogenic
P12277	Q241R	0.7496	pathogenic
P12277	Q241S	0.7311	pathogenic
P12277	Q241T	0.8539	pathogenic
P12277	Q241V	0.8852	pathogenic
P12277	Q241W	0.9965	pathogenic
P12277	Q241Y	0.9917	pathogenic
P12277	K242A	0.376	ambiguous
P12277	K242C	0.7661	pathogenic
P12277	K242D	0.5985	pathogenic
P12277	K242E	0.2159	benign
P12277	K242F	0.8803	pathogenic
P12277	K242G	0.5332	ambiguous
P12277	K242H	0.3752	ambiguous
P12277	K242I	0.533	ambiguous
P12277	K242L	0.3494	ambiguous
P12277	K242M	0.2062	benign
P12277	K242N	0.4097	ambiguous
P12277	K242P	0.5072	ambiguous
P12277	K242Q	0.1198	benign
P12277	K242R	0.1212	benign
P12277	K242S	0.4384	ambiguous
P12277	K242T	0.2005	benign
P12277	K242V	0.43	ambiguous
P12277	K242W	0.8822	pathogenic
P12277	K242Y	0.7615	pathogenic
P12277	G243A	0.5907	pathogenic
P12277	G243C	0.8282	pathogenic
P12277	G243D	0.6106	pathogenic
P12277	G243E	0.8245	pathogenic
P12277	G243F	0.983	pathogenic
P12277	G243H	0.9237	pathogenic
P12277	G243I	0.975	pathogenic
P12277	G243K	0.9413	pathogenic
P12277	G243L	0.9659	pathogenic
P12277	G243M	0.9656	pathogenic
P12277	G243N	0.6893	pathogenic
P12277	G243P	0.9945	pathogenic
P12277	G243Q	0.8805	pathogenic
P12277	G243R	0.913	pathogenic
P12277	G243S	0.3683	ambiguous
P12277	G243T	0.6756	pathogenic
P12277	G243V	0.9324	pathogenic
P12277	G243W	0.9651	pathogenic
P12277	G243Y	0.9479	pathogenic
P12277	G244A	0.6199	pathogenic
P12277	G244C	0.9011	pathogenic
P12277	G244D	0.9788	pathogenic
P12277	G244E	0.9885	pathogenic
P12277	G244F	0.9954	pathogenic
P12277	G244H	0.9889	pathogenic
P12277	G244I	0.9935	pathogenic
P12277	G244K	0.9923	pathogenic
P12277	G244L	0.9933	pathogenic
P12277	G244M	0.9943	pathogenic
P12277	G244N	0.9624	pathogenic
P12277	G244P	0.9934	pathogenic
P12277	G244Q	0.9803	pathogenic
P12277	G244R	0.9756	pathogenic
P12277	G244S	0.5492	ambiguous
P12277	G244T	0.9446	pathogenic
P12277	G244V	0.9834	pathogenic
P12277	G244W	0.9872	pathogenic
P12277	G244Y	0.9921	pathogenic
P12277	N245A	0.5924	pathogenic
P12277	N245C	0.4362	ambiguous
P12277	N245D	0.1497	benign
P12277	N245E	0.7626	pathogenic
P12277	N245F	0.9402	pathogenic
P12277	N245G	0.7181	pathogenic
P12277	N245H	0.2658	benign
P12277	N245I	0.7182	pathogenic
P12277	N245K	0.6189	pathogenic
P12277	N245L	0.7471	pathogenic
P12277	N245M	0.7829	pathogenic
P12277	N245P	0.9667	pathogenic
P12277	N245Q	0.6147	pathogenic
P12277	N245R	0.6046	pathogenic
P12277	N245S	0.1541	benign
P12277	N245T	0.5388	ambiguous
P12277	N245V	0.6181	pathogenic
P12277	N245W	0.9703	pathogenic
P12277	N245Y	0.6098	pathogenic
P12277	M246A	0.9708	pathogenic
P12277	M246C	0.9605	pathogenic
P12277	M246D	0.9992	pathogenic
P12277	M246E	0.9939	pathogenic
P12277	M246F	0.866	pathogenic
P12277	M246G	0.9949	pathogenic
P12277	M246H	0.9961	pathogenic
P12277	M246I	0.6284	pathogenic
P12277	M246K	0.9882	pathogenic
P12277	M246L	0.328	benign
P12277	M246N	0.9915	pathogenic
P12277	M246P	0.9913	pathogenic
P12277	M246Q	0.9673	pathogenic
P12277	M246R	0.9891	pathogenic
P12277	M246S	0.9824	pathogenic
P12277	M246T	0.9206	pathogenic
P12277	M246V	0.235	benign
P12277	M246W	0.9932	pathogenic
P12277	M246Y	0.991	pathogenic
P12277	K247A	0.5415	ambiguous
P12277	K247C	0.7268	pathogenic
P12277	K247D	0.898	pathogenic
P12277	K247E	0.3879	ambiguous
P12277	K247F	0.9268	pathogenic
P12277	K247G	0.5656	pathogenic
P12277	K247H	0.4515	ambiguous
P12277	K247I	0.6505	pathogenic
P12277	K247L	0.6001	pathogenic
P12277	K247M	0.4553	ambiguous
P12277	K247N	0.7257	pathogenic
P12277	K247P	0.9331	pathogenic
P12277	K247Q	0.1771	benign
P12277	K247R	0.0728	benign
P12277	K247S	0.652	pathogenic
P12277	K247T	0.3713	ambiguous
P12277	K247V	0.5714	pathogenic
P12277	K247W	0.8548	pathogenic
P12277	K247Y	0.8291	pathogenic
P12277	E248A	0.1143	benign
P12277	E248C	0.9172	pathogenic
P12277	E248D	0.1934	benign
P12277	E248F	0.948	pathogenic
P12277	E248G	0.2101	benign
P12277	E248H	0.7277	pathogenic
P12277	E248I	0.7132	pathogenic
P12277	E248K	0.364	ambiguous
P12277	E248L	0.559	ambiguous
P12277	E248M	0.6064	pathogenic
P12277	E248N	0.4108	ambiguous
P12277	E248P	0.9477	pathogenic
P12277	E248Q	0.1648	benign
P12277	E248R	0.5588	ambiguous
P12277	E248S	0.2368	benign
P12277	E248T	0.3213	benign
P12277	E248V	0.4247	ambiguous
P12277	E248W	0.9838	pathogenic
P12277	E248Y	0.8824	pathogenic
P12277	V249A	0.8849	pathogenic
P12277	V249C	0.9746	pathogenic
P12277	V249D	0.9886	pathogenic
P12277	V249E	0.987	pathogenic
P12277	V249F	0.9947	pathogenic
P12277	V249G	0.8107	pathogenic
P12277	V249H	0.9983	pathogenic
P12277	V249I	0.3883	ambiguous
P12277	V249K	0.995	pathogenic
P12277	V249L	0.9856	pathogenic
P12277	V249M	0.9764	pathogenic
P12277	V249N	0.9365	pathogenic
P12277	V249P	0.9891	pathogenic
P12277	V249Q	0.9886	pathogenic
P12277	V249R	0.9867	pathogenic
P12277	V249S	0.8753	pathogenic
P12277	V249T	0.7199	pathogenic
P12277	V249W	0.9998	pathogenic
P12277	V249Y	0.9979	pathogenic
P12277	F250A	0.9964	pathogenic
P12277	F250C	0.9875	pathogenic
P12277	F250D	0.9997	pathogenic
P12277	F250E	0.9997	pathogenic
P12277	F250G	0.9977	pathogenic
P12277	F250H	0.9948	pathogenic
P12277	F250I	0.9816	pathogenic
P12277	F250K	0.9997	pathogenic
P12277	F250L	0.9967	pathogenic
P12277	F250M	0.9839	pathogenic
P12277	F250N	0.9984	pathogenic
P12277	F250P	0.9999	pathogenic
P12277	F250Q	0.999	pathogenic
P12277	F250R	0.9985	pathogenic
P12277	F250S	0.9966	pathogenic
P12277	F250T	0.9975	pathogenic
P12277	F250V	0.9754	pathogenic
P12277	F250W	0.9388	pathogenic
P12277	F250Y	0.8063	pathogenic
P12277	T251A	0.0721	benign
P12277	T251C	0.2674	benign
P12277	T251D	0.3014	benign
P12277	T251E	0.1887	benign
P12277	T251F	0.2617	benign
P12277	T251G	0.1323	benign
P12277	T251H	0.1189	benign
P12277	T251I	0.1996	benign
P12277	T251K	0.0999	benign
P12277	T251L	0.0973	benign
P12277	T251M	0.1065	benign
P12277	T251N	0.09	benign
P12277	T251P	0.6183	pathogenic
P12277	T251Q	0.1077	benign
P12277	T251R	0.0824	benign
P12277	T251S	0.0738	benign
P12277	T251V	0.1543	benign
P12277	T251W	0.5446	ambiguous
P12277	T251Y	0.2314	benign
P12277	R252A	0.9793	pathogenic
P12277	R252C	0.7946	pathogenic
P12277	R252D	0.9924	pathogenic
P12277	R252E	0.9733	pathogenic
P12277	R252F	0.9952	pathogenic
P12277	R252G	0.9669	pathogenic
P12277	R252H	0.7672	pathogenic
P12277	R252I	0.9675	pathogenic
P12277	R252K	0.7419	pathogenic
P12277	R252L	0.9168	pathogenic
P12277	R252M	0.9858	pathogenic
P12277	R252N	0.981	pathogenic
P12277	R252P	0.9978	pathogenic
P12277	R252Q	0.7646	pathogenic
P12277	R252S	0.9812	pathogenic
P12277	R252T	0.9462	pathogenic
P12277	R252V	0.9608	pathogenic
P12277	R252W	0.9463	pathogenic
P12277	R252Y	0.9838	pathogenic
P12277	F253A	0.996	pathogenic
P12277	F253C	0.9706	pathogenic
P12277	F253D	0.9994	pathogenic
P12277	F253E	0.9995	pathogenic
P12277	F253G	0.9971	pathogenic
P12277	F253H	0.9882	pathogenic
P12277	F253I	0.9845	pathogenic
P12277	F253K	0.9995	pathogenic
P12277	F253L	0.9955	pathogenic
P12277	F253M	0.9815	pathogenic
P12277	F253N	0.9973	pathogenic
P12277	F253P	0.9999	pathogenic
P12277	F253Q	0.9984	pathogenic
P12277	F253R	0.9983	pathogenic
P12277	F253S	0.9964	pathogenic
P12277	F253T	0.9974	pathogenic
P12277	F253V	0.9787	pathogenic
P12277	F253W	0.7669	pathogenic
P12277	F253Y	0.6648	pathogenic
P12277	C254A	0.7293	pathogenic
P12277	C254D	0.9963	pathogenic
P12277	C254E	0.9967	pathogenic
P12277	C254F	0.9566	pathogenic
P12277	C254G	0.6942	pathogenic
P12277	C254H	0.9755	pathogenic
P12277	C254I	0.9289	pathogenic
P12277	C254K	0.9952	pathogenic
P12277	C254L	0.9538	pathogenic
P12277	C254M	0.9628	pathogenic
P12277	C254N	0.9553	pathogenic
P12277	C254P	0.9991	pathogenic
P12277	C254Q	0.9757	pathogenic
P12277	C254R	0.9615	pathogenic
P12277	C254S	0.5543	ambiguous
P12277	C254T	0.7156	pathogenic
P12277	C254V	0.7333	pathogenic
P12277	C254W	0.99	pathogenic
P12277	C254Y	0.9793	pathogenic
P12277	T255A	0.0678	benign
P12277	T255C	0.2128	benign
P12277	T255D	0.1779	benign
P12277	T255E	0.1619	benign
P12277	T255F	0.2003	benign
P12277	T255G	0.1474	benign
P12277	T255H	0.0752	benign
P12277	T255I	0.1474	benign
P12277	T255K	0.0777	benign
P12277	T255L	0.0935	benign
P12277	T255M	0.1051	benign
P12277	T255N	0.0588	benign
P12277	T255P	0.8306	pathogenic
P12277	T255Q	0.1021	benign
P12277	T255R	0.0676	benign
P12277	T255S	0.0703	benign
P12277	T255V	0.1231	benign
P12277	T255W	0.4292	ambiguous
P12277	T255Y	0.1507	benign
P12277	G256A	0.3884	ambiguous
P12277	G256C	0.9289	pathogenic
P12277	G256D	0.9976	pathogenic
P12277	G256E	0.9977	pathogenic
P12277	G256F	0.9954	pathogenic
P12277	G256H	0.9977	pathogenic
P12277	G256I	0.9861	pathogenic
P12277	G256K	0.9987	pathogenic
P12277	G256L	0.9879	pathogenic
P12277	G256M	0.9922	pathogenic
P12277	G256N	0.9936	pathogenic
P12277	G256P	0.9992	pathogenic
P12277	G256Q	0.9954	pathogenic
P12277	G256R	0.9953	pathogenic
P12277	G256S	0.7348	pathogenic
P12277	G256T	0.9536	pathogenic
P12277	G256V	0.9593	pathogenic
P12277	G256W	0.9974	pathogenic
P12277	G256Y	0.9971	pathogenic
P12277	L257A	0.8943	pathogenic
P12277	L257C	0.8832	pathogenic
P12277	L257D	0.9989	pathogenic
P12277	L257E	0.9888	pathogenic
P12277	L257F	0.9488	pathogenic
P12277	L257G	0.9861	pathogenic
P12277	L257H	0.9844	pathogenic
P12277	L257I	0.248	benign
P12277	L257K	0.9826	pathogenic
P12277	L257M	0.4948	ambiguous
P12277	L257N	0.9735	pathogenic
P12277	L257P	0.998	pathogenic
P12277	L257Q	0.9597	pathogenic
P12277	L257R	0.9691	pathogenic
P12277	L257S	0.971	pathogenic
P12277	L257T	0.8542	pathogenic
P12277	L257V	0.2715	benign
P12277	L257W	0.989	pathogenic
P12277	L257Y	0.9893	pathogenic
P12277	T258A	0.0726	benign
P12277	T258C	0.2626	benign
P12277	T258D	0.2501	benign
P12277	T258E	0.1645	benign
P12277	T258F	0.2522	benign
P12277	T258G	0.1063	benign
P12277	T258H	0.1169	benign
P12277	T258I	0.1918	benign
P12277	T258K	0.0856	benign
P12277	T258L	0.0839	benign
P12277	T258M	0.1035	benign
P12277	T258N	0.0706	benign
P12277	T258P	0.6234	pathogenic
P12277	T258Q	0.0905	benign
P12277	T258R	0.0851	benign
P12277	T258S	0.0669	benign
P12277	T258V	0.1606	benign
P12277	T258W	0.5641	pathogenic
P12277	T258Y	0.2259	benign
P12277	Q259A	0.2328	benign
P12277	Q259C	0.5696	pathogenic
P12277	Q259D	0.4182	ambiguous
P12277	Q259E	0.0933	benign
P12277	Q259F	0.8309	pathogenic
P12277	Q259G	0.2801	benign
P12277	Q259H	0.182	benign
P12277	Q259I	0.6366	pathogenic
P12277	Q259K	0.066	benign
P12277	Q259L	0.2326	benign
P12277	Q259M	0.4387	ambiguous
P12277	Q259N	0.2976	benign
P12277	Q259P	0.9392	pathogenic
P12277	Q259R	0.0833	benign
P12277	Q259S	0.2577	benign
P12277	Q259T	0.2091	benign
P12277	Q259V	0.4565	ambiguous
P12277	Q259W	0.7099	pathogenic
P12277	Q259Y	0.5901	pathogenic
P12277	I260A	0.7659	pathogenic
P12277	I260C	0.9439	pathogenic
P12277	I260D	0.9978	pathogenic
P12277	I260E	0.9911	pathogenic
P12277	I260F	0.6376	pathogenic
P12277	I260G	0.9769	pathogenic
P12277	I260H	0.9936	pathogenic
P12277	I260K	0.9895	pathogenic
P12277	I260L	0.1655	benign
P12277	I260M	0.1713	benign
P12277	I260N	0.9781	pathogenic
P12277	I260P	0.9945	pathogenic
P12277	I260Q	0.9841	pathogenic
P12277	I260R	0.9844	pathogenic
P12277	I260S	0.9292	pathogenic
P12277	I260T	0.6577	pathogenic
P12277	I260V	0.0998	benign
P12277	I260W	0.987	pathogenic
P12277	I260Y	0.9751	pathogenic
P12277	E261A	0.7075	pathogenic
P12277	E261C	0.9797	pathogenic
P12277	E261D	0.842	pathogenic
P12277	E261F	0.9972	pathogenic
P12277	E261G	0.5745	pathogenic
P12277	E261H	0.9529	pathogenic
P12277	E261I	0.9798	pathogenic
P12277	E261K	0.8412	pathogenic
P12277	E261L	0.9842	pathogenic
P12277	E261M	0.9763	pathogenic
P12277	E261N	0.8478	pathogenic
P12277	E261P	0.9971	pathogenic
P12277	E261Q	0.388	ambiguous
P12277	E261R	0.8598	pathogenic
P12277	E261S	0.6472	pathogenic
P12277	E261T	0.8506	pathogenic
P12277	E261V	0.9435	pathogenic
P12277	E261W	0.9987	pathogenic
P12277	E261Y	0.9923	pathogenic
P12277	T262A	0.0631	benign
P12277	T262C	0.2524	benign
P12277	T262D	0.1449	benign
P12277	T262E	0.1189	benign
P12277	T262F	0.248	benign
P12277	T262G	0.1098	benign
P12277	T262H	0.116	benign
P12277	T262I	0.1784	benign
P12277	T262K	0.0797	benign
P12277	T262L	0.102	benign
P12277	T262M	0.1011	benign
P12277	T262N	0.0618	benign
P12277	T262P	0.6303	pathogenic
P12277	T262Q	0.0992	benign
P12277	T262R	0.0915	benign
P12277	T262S	0.0668	benign
P12277	T262V	0.1369	benign
P12277	T262W	0.5623	ambiguous
P12277	T262Y	0.1995	benign
P12277	L263A	0.155	benign
P12277	L263C	0.3178	benign
P12277	L263D	0.6455	pathogenic
P12277	L263E	0.33	benign
P12277	L263F	0.1941	benign
P12277	L263G	0.408	ambiguous
P12277	L263H	0.134	benign
P12277	L263I	0.0882	benign
P12277	L263K	0.1505	benign
P12277	L263M	0.1123	benign
P12277	L263N	0.3101	benign
P12277	L263P	0.9432	pathogenic
P12277	L263Q	0.1025	benign
P12277	L263R	0.1063	benign
P12277	L263S	0.2057	benign
P12277	L263T	0.1562	benign
P12277	L263V	0.089	benign
P12277	L263W	0.3836	ambiguous
P12277	L263Y	0.3328	benign
P12277	F264A	0.9283	pathogenic
P12277	F264C	0.5925	pathogenic
P12277	F264D	0.9966	pathogenic
P12277	F264E	0.9931	pathogenic
P12277	F264G	0.973	pathogenic
P12277	F264H	0.9513	pathogenic
P12277	F264I	0.5406	ambiguous
P12277	F264K	0.9923	pathogenic
P12277	F264L	0.8224	pathogenic
P12277	F264M	0.5581	ambiguous
P12277	F264N	0.9771	pathogenic
P12277	F264P	0.9989	pathogenic
P12277	F264Q	0.9727	pathogenic
P12277	F264R	0.9814	pathogenic
P12277	F264S	0.941	pathogenic
P12277	F264T	0.9369	pathogenic
P12277	F264V	0.5495	ambiguous
P12277	F264W	0.7831	pathogenic
P12277	F264Y	0.3852	ambiguous
P12277	K265A	0.3052	benign
P12277	K265C	0.5369	ambiguous
P12277	K265D	0.6503	pathogenic
P12277	K265E	0.205	benign
P12277	K265F	0.829	pathogenic
P12277	K265G	0.4145	ambiguous
P12277	K265H	0.257	benign
P12277	K265I	0.4108	ambiguous
P12277	K265L	0.3729	ambiguous
P12277	K265M	0.3139	benign
P12277	K265N	0.4515	ambiguous
P12277	K265P	0.9372	pathogenic
P12277	K265Q	0.1053	benign
P12277	K265R	0.0789	benign
P12277	K265S	0.358	ambiguous
P12277	K265T	0.1929	benign
P12277	K265V	0.3609	ambiguous
P12277	K265W	0.8269	pathogenic
P12277	K265Y	0.6906	pathogenic
P12277	S266A	0.0664	benign
P12277	S266C	0.1251	benign
P12277	S266D	0.1562	benign
P12277	S266E	0.1353	benign
P12277	S266F	0.3501	ambiguous
P12277	S266G	0.0731	benign
P12277	S266H	0.1731	benign
P12277	S266I	0.1994	benign
P12277	S266K	0.1601	benign
P12277	S266L	0.1237	benign
P12277	S266M	0.1815	benign
P12277	S266N	0.0863	benign
P12277	S266P	0.6109	pathogenic
P12277	S266Q	0.1432	benign
P12277	S266R	0.1752	benign
P12277	S266T	0.0738	benign
P12277	S266V	0.1687	benign
P12277	S266W	0.4459	ambiguous
P12277	S266Y	0.2517	benign
P12277	K267A	0.3185	benign
P12277	K267C	0.5278	ambiguous
P12277	K267D	0.4582	ambiguous
P12277	K267E	0.1588	benign
P12277	K267F	0.8057	pathogenic
P12277	K267G	0.3223	benign
P12277	K267H	0.2136	benign
P12277	K267I	0.5232	ambiguous
P12277	K267L	0.3854	ambiguous
P12277	K267M	0.2881	benign
P12277	K267N	0.3283	benign
P12277	K267P	0.89	pathogenic
P12277	K267Q	0.097	benign
P12277	K267R	0.0671	benign
P12277	K267S	0.3005	benign
P12277	K267T	0.2242	benign
P12277	K267V	0.4385	ambiguous
P12277	K267W	0.7196	pathogenic
P12277	K267Y	0.6294	pathogenic
P12277	D268A	0.1061	benign
P12277	D268C	0.3105	benign
P12277	D268E	0.1209	benign
P12277	D268F	0.623	pathogenic
P12277	D268G	0.054	benign
P12277	D268H	0.1388	benign
P12277	D268I	0.3628	ambiguous
P12277	D268K	0.1442	benign
P12277	D268L	0.3603	ambiguous
P12277	D268M	0.4719	ambiguous
P12277	D268N	0.061	benign
P12277	D268P	0.4405	ambiguous
P12277	D268Q	0.14	benign
P12277	D268R	0.1798	benign
P12277	D268S	0.068	benign
P12277	D268T	0.1313	benign
P12277	D268V	0.239	benign
P12277	D268W	0.7947	pathogenic
P12277	D268Y	0.2353	benign
P12277	Y269A	0.2323	benign
P12277	Y269C	0.0777	benign
P12277	Y269D	0.2896	benign
P12277	Y269E	0.3992	ambiguous
P12277	Y269F	0.0956	benign
P12277	Y269G	0.2696	benign
P12277	Y269H	0.0696	benign
P12277	Y269I	0.3606	ambiguous
P12277	Y269K	0.2019	benign
P12277	Y269L	0.3592	ambiguous
P12277	Y269M	0.3865	ambiguous
P12277	Y269N	0.1368	benign
P12277	Y269P	0.9202	pathogenic
P12277	Y269Q	0.1725	benign
P12277	Y269R	0.1254	benign
P12277	Y269S	0.1212	benign
P12277	Y269T	0.2106	benign
P12277	Y269V	0.224	benign
P12277	Y269W	0.3196	benign
P12277	E270A	0.0888	benign
P12277	E270C	0.6043	pathogenic
P12277	E270D	0.1596	benign
P12277	E270F	0.8535	pathogenic
P12277	E270G	0.1103	benign
P12277	E270H	0.4118	ambiguous
P12277	E270I	0.4688	ambiguous
P12277	E270K	0.1817	benign
P12277	E270L	0.5476	ambiguous
P12277	E270M	0.534	ambiguous
P12277	E270N	0.2605	benign
P12277	E270P	0.4205	ambiguous
P12277	E270Q	0.0999	benign
P12277	E270R	0.2656	benign
P12277	E270S	0.1097	benign
P12277	E270T	0.1368	benign
P12277	E270V	0.2606	benign
P12277	E270W	0.9529	pathogenic
P12277	E270Y	0.7242	pathogenic
P12277	F271A	0.9963	pathogenic
P12277	F271C	0.9871	pathogenic
P12277	F271D	0.9986	pathogenic
P12277	F271E	0.9992	pathogenic
P12277	F271G	0.9961	pathogenic
P12277	F271H	0.9933	pathogenic
P12277	F271I	0.9658	pathogenic
P12277	F271K	0.9992	pathogenic
P12277	F271L	0.9928	pathogenic
P12277	F271M	0.9734	pathogenic
P12277	F271N	0.9947	pathogenic
P12277	F271P	0.999	pathogenic
P12277	F271Q	0.9989	pathogenic
P12277	F271R	0.9982	pathogenic
P12277	F271S	0.9963	pathogenic
P12277	F271T	0.9977	pathogenic
P12277	F271V	0.9665	pathogenic
P12277	F271W	0.8741	pathogenic
P12277	F271Y	0.3946	ambiguous
P12277	M272A	0.7083	pathogenic
P12277	M272C	0.8166	pathogenic
P12277	M272D	0.9952	pathogenic
P12277	M272E	0.9619	pathogenic
P12277	M272F	0.9109	pathogenic
P12277	M272G	0.955	pathogenic
P12277	M272H	0.9683	pathogenic
P12277	M272I	0.9627	pathogenic
P12277	M272K	0.965	pathogenic
P12277	M272L	0.6785	pathogenic
P12277	M272N	0.9469	pathogenic
P12277	M272P	0.9973	pathogenic
P12277	M272Q	0.5616	ambiguous
P12277	M272R	0.9613	pathogenic
P12277	M272S	0.6074	pathogenic
P12277	M272T	0.9081	pathogenic
P12277	M272V	0.7709	pathogenic
P12277	M272W	0.994	pathogenic
P12277	M272Y	0.9855	pathogenic
P12277	W273A	0.9642	pathogenic
P12277	W273C	0.9496	pathogenic
P12277	W273D	0.9926	pathogenic
P12277	W273E	0.9877	pathogenic
P12277	W273F	0.6486	pathogenic
P12277	W273G	0.8995	pathogenic
P12277	W273H	0.7682	pathogenic
P12277	W273I	0.9846	pathogenic
P12277	W273K	0.9607	pathogenic
P12277	W273L	0.9411	pathogenic
P12277	W273M	0.9725	pathogenic
P12277	W273N	0.9784	pathogenic
P12277	W273P	0.9983	pathogenic
P12277	W273Q	0.9653	pathogenic
P12277	W273R	0.9274	pathogenic
P12277	W273S	0.9263	pathogenic
P12277	W273T	0.9733	pathogenic
P12277	W273V	0.9668	pathogenic
P12277	W273Y	0.6788	pathogenic
P12277	N274A	0.6656	pathogenic
P12277	N274C	0.5751	pathogenic
P12277	N274D	0.2313	benign
P12277	N274E	0.8288	pathogenic
P12277	N274F	0.9455	pathogenic
P12277	N274G	0.6253	pathogenic
P12277	N274H	0.2308	benign
P12277	N274I	0.7961	pathogenic
P12277	N274K	0.7613	pathogenic
P12277	N274L	0.7159	pathogenic
P12277	N274M	0.7551	pathogenic
P12277	N274P	0.9815	pathogenic
P12277	N274Q	0.7474	pathogenic
P12277	N274R	0.8506	pathogenic
P12277	N274S	0.1323	benign
P12277	N274T	0.2238	benign
P12277	N274V	0.7595	pathogenic
P12277	N274W	0.9789	pathogenic
P12277	N274Y	0.6606	pathogenic
P12277	P275A	0.0858	benign
P12277	P275C	0.45	ambiguous
P12277	P275D	0.196	benign
P12277	P275E	0.1109	benign
P12277	P275F	0.7936	pathogenic
P12277	P275G	0.2266	benign
P12277	P275H	0.1201	benign
P12277	P275I	0.5453	ambiguous
P12277	P275K	0.0895	benign
P12277	P275L	0.2568	benign
P12277	P275M	0.4605	ambiguous
P12277	P275N	0.1839	benign
P12277	P275Q	0.0798	benign
P12277	P275R	0.073	benign
P12277	P275S	0.0881	benign
P12277	P275T	0.101	benign
P12277	P275V	0.3402	ambiguous
P12277	P275W	0.7707	pathogenic
P12277	P275Y	0.6014	pathogenic
P12277	H276A	0.9673	pathogenic
P12277	H276C	0.7902	pathogenic
P12277	H276D	0.964	pathogenic
P12277	H276E	0.949	pathogenic
P12277	H276F	0.9356	pathogenic
P12277	H276G	0.9607	pathogenic
P12277	H276I	0.9828	pathogenic
P12277	H276K	0.6944	pathogenic
P12277	H276L	0.9099	pathogenic
P12277	H276M	0.9854	pathogenic
P12277	H276N	0.8422	pathogenic
P12277	H276P	0.9482	pathogenic
P12277	H276Q	0.8109	pathogenic
P12277	H276R	0.3059	benign
P12277	H276S	0.9324	pathogenic
P12277	H276T	0.9637	pathogenic
P12277	H276V	0.9619	pathogenic
P12277	H276W	0.8783	pathogenic
P12277	H276Y	0.6907	pathogenic
P12277	L277A	0.9661	pathogenic
P12277	L277C	0.9178	pathogenic
P12277	L277D	0.9973	pathogenic
P12277	L277E	0.9859	pathogenic
P12277	L277F	0.6025	pathogenic
P12277	L277G	0.9895	pathogenic
P12277	L277H	0.6367	pathogenic
P12277	L277I	0.5456	ambiguous
P12277	L277K	0.9114	pathogenic
P12277	L277M	0.5696	pathogenic
P12277	L277N	0.9718	pathogenic
P12277	L277P	0.9959	pathogenic
P12277	L277Q	0.9148	pathogenic
P12277	L277R	0.8071	pathogenic
P12277	L277S	0.9887	pathogenic
P12277	L277T	0.9481	pathogenic
P12277	L277V	0.6759	pathogenic
P12277	L277W	0.8244	pathogenic
P12277	L277Y	0.8359	pathogenic
P12277	G278A	0.9945	pathogenic
P12277	G278C	0.9984	pathogenic
P12277	G278D	0.9995	pathogenic
P12277	G278E	0.9998	pathogenic
P12277	G278F	0.9999	pathogenic
P12277	G278H	0.9999	pathogenic
P12277	G278I	0.9998	pathogenic
P12277	G278K	0.9998	pathogenic
P12277	G278L	0.9997	pathogenic
P12277	G278M	0.9999	pathogenic
P12277	G278N	0.9997	pathogenic
P12277	G278P	0.9997	pathogenic
P12277	G278Q	0.9998	pathogenic
P12277	G278R	0.9993	pathogenic
P12277	G278S	0.9957	pathogenic
P12277	G278T	0.9993	pathogenic
P12277	G278V	0.9996	pathogenic
P12277	G278W	0.9997	pathogenic
P12277	G278Y	0.9998	pathogenic
P12277	Y279A	0.9924	pathogenic
P12277	Y279C	0.8273	pathogenic
P12277	Y279D	0.99	pathogenic
P12277	Y279E	0.9983	pathogenic
P12277	Y279F	0.1165	benign
P12277	Y279G	0.9838	pathogenic
P12277	Y279H	0.9138	pathogenic
P12277	Y279I	0.9882	pathogenic
P12277	Y279K	0.9979	pathogenic
P12277	Y279L	0.9796	pathogenic
P12277	Y279M	0.9813	pathogenic
P12277	Y279N	0.8942	pathogenic
P12277	Y279P	0.9979	pathogenic
P12277	Y279Q	0.995	pathogenic
P12277	Y279R	0.9917	pathogenic
P12277	Y279S	0.957	pathogenic
P12277	Y279T	0.9928	pathogenic
P12277	Y279V	0.9728	pathogenic
P12277	Y279W	0.6941	pathogenic
P12277	I280A	0.9461	pathogenic
P12277	I280C	0.9348	pathogenic
P12277	I280D	0.9976	pathogenic
P12277	I280E	0.993	pathogenic
P12277	I280F	0.9107	pathogenic
P12277	I280G	0.9875	pathogenic
P12277	I280H	0.9922	pathogenic
P12277	I280K	0.9898	pathogenic
P12277	I280L	0.4011	ambiguous
P12277	I280M	0.6817	pathogenic
P12277	I280N	0.9667	pathogenic
P12277	I280P	0.9869	pathogenic
P12277	I280Q	0.9889	pathogenic
P12277	I280R	0.9833	pathogenic
P12277	I280S	0.953	pathogenic
P12277	I280T	0.8788	pathogenic
P12277	I280V	0.0767	benign
P12277	I280W	0.9977	pathogenic
P12277	I280Y	0.9863	pathogenic
P12277	L281A	0.9194	pathogenic
P12277	L281C	0.8516	pathogenic
P12277	L281D	0.9991	pathogenic
P12277	L281E	0.9956	pathogenic
P12277	L281F	0.9782	pathogenic
P12277	L281G	0.9425	pathogenic
P12277	L281H	0.9563	pathogenic
P12277	L281I	0.8847	pathogenic
P12277	L281K	0.9946	pathogenic
P12277	L281M	0.7784	pathogenic
P12277	L281N	0.9504	pathogenic
P12277	L281P	0.9978	pathogenic
P12277	L281Q	0.981	pathogenic
P12277	L281R	0.9903	pathogenic
P12277	L281S	0.9659	pathogenic
P12277	L281T	0.7382	pathogenic
P12277	L281V	0.7966	pathogenic
P12277	L281W	0.9968	pathogenic
P12277	L281Y	0.9951	pathogenic
P12277	T282A	0.8494	pathogenic
P12277	T282C	0.9227	pathogenic
P12277	T282D	0.9964	pathogenic
P12277	T282E	0.9969	pathogenic
P12277	T282F	0.9959	pathogenic
P12277	T282G	0.9211	pathogenic
P12277	T282H	0.9892	pathogenic
P12277	T282I	0.994	pathogenic
P12277	T282K	0.9977	pathogenic
P12277	T282L	0.9771	pathogenic
P12277	T282M	0.9748	pathogenic
P12277	T282N	0.9585	pathogenic
P12277	T282P	0.9378	pathogenic
P12277	T282Q	0.9892	pathogenic
P12277	T282R	0.9941	pathogenic
P12277	T282S	0.7374	pathogenic
P12277	T282V	0.9426	pathogenic
P12277	T282W	0.9992	pathogenic
P12277	T282Y	0.9973	pathogenic
P12277	C283A	0.9965	pathogenic
P12277	C283D	0.9955	pathogenic
P12277	C283E	0.9998	pathogenic
P12277	C283F	0.9979	pathogenic
P12277	C283G	0.9961	pathogenic
P12277	C283H	0.9994	pathogenic
P12277	C283I	0.9992	pathogenic
P12277	C283K	1.0	pathogenic
P12277	C283L	0.9982	pathogenic
P12277	C283M	0.9986	pathogenic
P12277	C283N	0.9993	pathogenic
P12277	C283P	0.9994	pathogenic
P12277	C283Q	0.9998	pathogenic
P12277	C283R	0.9997	pathogenic
P12277	C283S	0.9952	pathogenic
P12277	C283T	0.9991	pathogenic
P12277	C283V	0.9975	pathogenic
P12277	C283W	0.9995	pathogenic
P12277	C283Y	0.9994	pathogenic
P12277	P284A	0.9779	pathogenic
P12277	P284C	0.9966	pathogenic
P12277	P284D	0.9998	pathogenic
P12277	P284E	0.9996	pathogenic
P12277	P284F	0.9999	pathogenic
P12277	P284G	0.9975	pathogenic
P12277	P284H	0.9992	pathogenic
P12277	P284I	0.9978	pathogenic
P12277	P284K	0.9998	pathogenic
P12277	P284L	0.9919	pathogenic
P12277	P284M	0.9992	pathogenic
P12277	P284N	0.9996	pathogenic
P12277	P284Q	0.9993	pathogenic
P12277	P284R	0.9987	pathogenic
P12277	P284S	0.9951	pathogenic
P12277	P284T	0.9936	pathogenic
P12277	P284V	0.9915	pathogenic
P12277	P284W	1.0	pathogenic
P12277	P284Y	0.9999	pathogenic
P12277	S285A	0.9434	pathogenic
P12277	S285C	0.9965	pathogenic
P12277	S285D	0.9986	pathogenic
P12277	S285E	0.9981	pathogenic
P12277	S285F	0.9996	pathogenic
P12277	S285G	0.9708	pathogenic
P12277	S285H	0.9991	pathogenic
P12277	S285I	0.9995	pathogenic
P12277	S285K	0.9998	pathogenic
P12277	S285L	0.9989	pathogenic
P12277	S285M	0.9988	pathogenic
P12277	S285N	0.9989	pathogenic
P12277	S285P	0.9987	pathogenic
P12277	S285Q	0.9984	pathogenic
P12277	S285R	0.9997	pathogenic
P12277	S285T	0.8425	pathogenic
P12277	S285V	0.9985	pathogenic
P12277	S285W	0.9987	pathogenic
P12277	S285Y	0.9992	pathogenic
P12277	N286A	0.9974	pathogenic
P12277	N286C	0.994	pathogenic
P12277	N286D	0.9991	pathogenic
P12277	N286E	0.9989	pathogenic
P12277	N286F	0.9992	pathogenic
P12277	N286G	0.998	pathogenic
P12277	N286H	0.998	pathogenic
P12277	N286I	0.9963	pathogenic
P12277	N286K	0.9999	pathogenic
P12277	N286L	0.9937	pathogenic
P12277	N286M	0.9981	pathogenic
P12277	N286P	0.9952	pathogenic
P12277	N286Q	0.9992	pathogenic
P12277	N286R	0.9994	pathogenic
P12277	N286S	0.953	pathogenic
P12277	N286T	0.994	pathogenic
P12277	N286V	0.9959	pathogenic
P12277	N286W	0.9997	pathogenic
P12277	N286Y	0.9958	pathogenic
P12277	L287A	0.9571	pathogenic
P12277	L287C	0.9555	pathogenic
P12277	L287D	0.9998	pathogenic
P12277	L287E	0.9984	pathogenic
P12277	L287F	0.995	pathogenic
P12277	L287G	0.9949	pathogenic
P12277	L287H	0.9986	pathogenic
P12277	L287I	0.4912	ambiguous
P12277	L287K	0.9976	pathogenic
P12277	L287M	0.8394	pathogenic
P12277	L287N	0.9966	pathogenic
P12277	L287P	0.9985	pathogenic
P12277	L287Q	0.9964	pathogenic
P12277	L287R	0.9924	pathogenic
P12277	L287S	0.9958	pathogenic
P12277	L287T	0.9394	pathogenic
P12277	L287V	0.611	pathogenic
P12277	L287W	0.9991	pathogenic
P12277	L287Y	0.9988	pathogenic
P12277	G288A	0.9969	pathogenic
P12277	G288C	0.9992	pathogenic
P12277	G288D	0.9997	pathogenic
P12277	G288E	0.9999	pathogenic
P12277	G288F	0.9998	pathogenic
P12277	G288H	1.0	pathogenic
P12277	G288I	0.9999	pathogenic
P12277	G288K	0.9999	pathogenic
P12277	G288L	0.9997	pathogenic
P12277	G288M	0.9999	pathogenic
P12277	G288N	0.9999	pathogenic
P12277	G288P	0.9998	pathogenic
P12277	G288Q	0.9999	pathogenic
P12277	G288R	0.9997	pathogenic
P12277	G288S	0.9982	pathogenic
P12277	G288T	0.9996	pathogenic
P12277	G288V	0.9997	pathogenic
P12277	G288W	0.9999	pathogenic
P12277	G288Y	0.9999	pathogenic
P12277	T289A	0.9677	pathogenic
P12277	T289C	0.9811	pathogenic
P12277	T289D	0.9952	pathogenic
P12277	T289E	0.997	pathogenic
P12277	T289F	0.9978	pathogenic
P12277	T289G	0.953	pathogenic
P12277	T289H	0.9922	pathogenic
P12277	T289I	0.998	pathogenic
P12277	T289K	0.9941	pathogenic
P12277	T289L	0.9849	pathogenic
P12277	T289M	0.9825	pathogenic
P12277	T289N	0.959	pathogenic
P12277	T289P	0.9564	pathogenic
P12277	T289Q	0.9948	pathogenic
P12277	T289R	0.9911	pathogenic
P12277	T289S	0.8724	pathogenic
P12277	T289V	0.9862	pathogenic
P12277	T289W	0.999	pathogenic
P12277	T289Y	0.9971	pathogenic
P12277	G290A	0.9277	pathogenic
P12277	G290C	0.9924	pathogenic
P12277	G290D	0.9996	pathogenic
P12277	G290E	0.9996	pathogenic
P12277	G290F	0.9996	pathogenic
P12277	G290H	0.9998	pathogenic
P12277	G290I	0.9993	pathogenic
P12277	G290K	0.9998	pathogenic
P12277	G290L	0.9989	pathogenic
P12277	G290M	0.9995	pathogenic
P12277	G290N	0.9993	pathogenic
P12277	G290P	0.9994	pathogenic
P12277	G290Q	0.9994	pathogenic
P12277	G290R	0.9991	pathogenic
P12277	G290S	0.9639	pathogenic
P12277	G290T	0.9876	pathogenic
P12277	G290V	0.9972	pathogenic
P12277	G290W	0.9997	pathogenic
P12277	G290Y	0.9997	pathogenic
P12277	L291A	0.968	pathogenic
P12277	L291C	0.9292	pathogenic
P12277	L291D	0.9997	pathogenic
P12277	L291E	0.9978	pathogenic
P12277	L291F	0.9881	pathogenic
P12277	L291G	0.9938	pathogenic
P12277	L291H	0.9988	pathogenic
P12277	L291I	0.4582	ambiguous
P12277	L291K	0.9979	pathogenic
P12277	L291M	0.554	ambiguous
P12277	L291N	0.9957	pathogenic
P12277	L291P	0.9991	pathogenic
P12277	L291Q	0.9932	pathogenic
P12277	L291R	0.9963	pathogenic
P12277	L291S	0.9956	pathogenic
P12277	L291T	0.9581	pathogenic
P12277	L291V	0.2869	benign
P12277	L291W	0.9991	pathogenic
P12277	L291Y	0.9985	pathogenic
P12277	R292A	0.9994	pathogenic
P12277	R292C	0.9979	pathogenic
P12277	R292D	0.9994	pathogenic
P12277	R292E	0.9975	pathogenic
P12277	R292F	0.9992	pathogenic
P12277	R292G	0.9973	pathogenic
P12277	R292H	0.9973	pathogenic
P12277	R292I	0.9994	pathogenic
P12277	R292K	0.9977	pathogenic
P12277	R292L	0.9972	pathogenic
P12277	R292M	0.9999	pathogenic
P12277	R292N	0.9997	pathogenic
P12277	R292P	0.9985	pathogenic
P12277	R292Q	0.9981	pathogenic
P12277	R292S	0.9993	pathogenic
P12277	R292T	0.9997	pathogenic
P12277	R292V	0.9992	pathogenic
P12277	R292W	0.9945	pathogenic
P12277	R292Y	0.9986	pathogenic
P12277	A293C	0.8413	pathogenic
P12277	A293D	0.9981	pathogenic
P12277	A293E	0.9985	pathogenic
P12277	A293F	0.9956	pathogenic
P12277	A293G	0.0617	benign
P12277	A293H	0.9988	pathogenic
P12277	A293I	0.9949	pathogenic
P12277	A293K	0.9994	pathogenic
P12277	A293L	0.9619	pathogenic
P12277	A293M	0.9901	pathogenic
P12277	A293N	0.994	pathogenic
P12277	A293P	0.9919	pathogenic
P12277	A293Q	0.9961	pathogenic
P12277	A293R	0.9967	pathogenic
P12277	A293S	0.5995	pathogenic
P12277	A293T	0.9399	pathogenic
P12277	A293V	0.9646	pathogenic
P12277	A293W	0.9995	pathogenic
P12277	A293Y	0.9981	pathogenic
P12277	G294A	0.9243	pathogenic
P12277	G294C	0.993	pathogenic
P12277	G294D	0.9987	pathogenic
P12277	G294E	0.9991	pathogenic
P12277	G294F	0.9996	pathogenic
P12277	G294H	0.9997	pathogenic
P12277	G294I	0.9991	pathogenic
P12277	G294K	0.9998	pathogenic
P12277	G294L	0.9991	pathogenic
P12277	G294M	0.9992	pathogenic
P12277	G294N	0.9989	pathogenic
P12277	G294P	0.9996	pathogenic
P12277	G294Q	0.9993	pathogenic
P12277	G294R	0.9991	pathogenic
P12277	G294S	0.8342	pathogenic
P12277	G294T	0.986	pathogenic
P12277	G294V	0.9965	pathogenic
P12277	G294W	0.9992	pathogenic
P12277	G294Y	0.9996	pathogenic
P12277	V295A	0.9069	pathogenic
P12277	V295C	0.9013	pathogenic
P12277	V295D	0.9983	pathogenic
P12277	V295E	0.9963	pathogenic
P12277	V295F	0.9461	pathogenic
P12277	V295G	0.9249	pathogenic
P12277	V295H	0.9987	pathogenic
P12277	V295I	0.2822	benign
P12277	V295K	0.9979	pathogenic
P12277	V295L	0.9429	pathogenic
P12277	V295M	0.8822	pathogenic
P12277	V295N	0.9893	pathogenic
P12277	V295P	0.9985	pathogenic
P12277	V295Q	0.993	pathogenic
P12277	V295R	0.9943	pathogenic
P12277	V295S	0.9436	pathogenic
P12277	V295T	0.8929	pathogenic
P12277	V295W	0.9994	pathogenic
P12277	V295Y	0.9955	pathogenic
P12277	H296A	0.9966	pathogenic
P12277	H296C	0.9293	pathogenic
P12277	H296D	0.9986	pathogenic
P12277	H296E	0.999	pathogenic
P12277	H296F	0.9634	pathogenic
P12277	H296G	0.9967	pathogenic
P12277	H296I	0.9957	pathogenic
P12277	H296K	0.9966	pathogenic
P12277	H296L	0.9002	pathogenic
P12277	H296M	0.9661	pathogenic
P12277	H296N	0.9932	pathogenic
P12277	H296P	0.9919	pathogenic
P12277	H296Q	0.994	pathogenic
P12277	H296R	0.9947	pathogenic
P12277	H296S	0.9958	pathogenic
P12277	H296T	0.9984	pathogenic
P12277	H296V	0.9966	pathogenic
P12277	H296W	0.9647	pathogenic
P12277	H296Y	0.9766	pathogenic
P12277	I297A	0.73	pathogenic
P12277	I297C	0.8249	pathogenic
P12277	I297D	0.9992	pathogenic
P12277	I297E	0.9973	pathogenic
P12277	I297F	0.8764	pathogenic
P12277	I297G	0.9686	pathogenic
P12277	I297H	0.9977	pathogenic
P12277	I297K	0.9971	pathogenic
P12277	I297L	0.1274	benign
P12277	I297M	0.2287	benign
P12277	I297N	0.9881	pathogenic
P12277	I297P	0.9963	pathogenic
P12277	I297Q	0.9934	pathogenic
P12277	I297R	0.9939	pathogenic
P12277	I297S	0.9269	pathogenic
P12277	I297T	0.8226	pathogenic
P12277	I297V	0.0783	benign
P12277	I297W	0.9978	pathogenic
P12277	I297Y	0.992	pathogenic
P12277	K298A	0.5228	ambiguous
P12277	K298C	0.5564	ambiguous
P12277	K298D	0.8545	pathogenic
P12277	K298E	0.4231	ambiguous
P12277	K298F	0.8942	pathogenic
P12277	K298G	0.7339	pathogenic
P12277	K298H	0.2522	benign
P12277	K298I	0.5453	ambiguous
P12277	K298L	0.4707	ambiguous
P12277	K298M	0.3826	ambiguous
P12277	K298N	0.5915	pathogenic
P12277	K298P	0.9759	pathogenic
P12277	K298Q	0.1246	benign
P12277	K298R	0.0724	benign
P12277	K298S	0.4968	ambiguous
P12277	K298T	0.3011	benign
P12277	K298V	0.4413	ambiguous
P12277	K298W	0.8796	pathogenic
P12277	K298Y	0.7773	pathogenic
P12277	L299A	0.9347	pathogenic
P12277	L299C	0.8886	pathogenic
P12277	L299D	0.999	pathogenic
P12277	L299E	0.9957	pathogenic
P12277	L299F	0.851	pathogenic
P12277	L299G	0.9928	pathogenic
P12277	L299H	0.991	pathogenic
P12277	L299I	0.1144	benign
P12277	L299K	0.9949	pathogenic
P12277	L299M	0.403	ambiguous
P12277	L299N	0.9891	pathogenic
P12277	L299P	0.9917	pathogenic
P12277	L299Q	0.9861	pathogenic
P12277	L299R	0.9907	pathogenic
P12277	L299S	0.9877	pathogenic
P12277	L299T	0.9447	pathogenic
P12277	L299V	0.1694	benign
P12277	L299W	0.9879	pathogenic
P12277	L299Y	0.9851	pathogenic
P12277	P300A	0.183	benign
P12277	P300C	0.7157	pathogenic
P12277	P300D	0.6414	pathogenic
P12277	P300E	0.3689	ambiguous
P12277	P300F	0.9039	pathogenic
P12277	P300G	0.4906	ambiguous
P12277	P300H	0.4442	ambiguous
P12277	P300I	0.6348	pathogenic
P12277	P300K	0.4195	ambiguous
P12277	P300L	0.3837	ambiguous
P12277	P300M	0.6702	pathogenic
P12277	P300N	0.5558	ambiguous
P12277	P300Q	0.3095	benign
P12277	P300R	0.3562	ambiguous
P12277	P300S	0.3057	benign
P12277	P300T	0.2386	benign
P12277	P300V	0.4439	ambiguous
P12277	P300W	0.9243	pathogenic
P12277	P300Y	0.8464	pathogenic
P12277	N301A	0.1125	benign
P12277	N301C	0.111	benign
P12277	N301D	0.2192	benign
P12277	N301E	0.1803	benign
P12277	N301F	0.2105	benign
P12277	N301G	0.1856	benign
P12277	N301H	0.0468	benign
P12277	N301I	0.1236	benign
P12277	N301K	0.1022	benign
P12277	N301L	0.0733	benign
P12277	N301M	0.1768	benign
P12277	N301P	0.6704	pathogenic
P12277	N301Q	0.1151	benign
P12277	N301R	0.11	benign
P12277	N301S	0.0952	benign
P12277	N301T	0.1113	benign
P12277	N301V	0.1145	benign
P12277	N301W	0.5358	ambiguous
P12277	N301Y	0.0862	benign
P12277	L302A	0.6076	pathogenic
P12277	L302C	0.7402	pathogenic
P12277	L302D	0.9973	pathogenic
P12277	L302E	0.9846	pathogenic
P12277	L302F	0.3358	benign
P12277	L302G	0.9455	pathogenic
P12277	L302H	0.9653	pathogenic
P12277	L302I	0.172	benign
P12277	L302K	0.9839	pathogenic
P12277	L302M	0.1135	benign
P12277	L302N	0.9819	pathogenic
P12277	L302P	0.9788	pathogenic
P12277	L302Q	0.9363	pathogenic
P12277	L302R	0.9692	pathogenic
P12277	L302S	0.9115	pathogenic
P12277	L302T	0.5762	pathogenic
P12277	L302V	0.101	benign
P12277	L302W	0.893	pathogenic
P12277	L302Y	0.9056	pathogenic
P12277	G303A	0.1063	benign
P12277	G303C	0.1831	benign
P12277	G303D	0.6711	pathogenic
P12277	G303E	0.5393	ambiguous
P12277	G303F	0.8673	pathogenic
P12277	G303H	0.7452	pathogenic
P12277	G303I	0.5698	pathogenic
P12277	G303K	0.8901	pathogenic
P12277	G303L	0.6481	pathogenic
P12277	G303M	0.6494	pathogenic
P12277	G303N	0.5286	ambiguous
P12277	G303P	0.8568	pathogenic
P12277	G303Q	0.6053	pathogenic
P12277	G303R	0.8089	pathogenic
P12277	G303S	0.0828	benign
P12277	G303T	0.2352	benign
P12277	G303V	0.3739	ambiguous
P12277	G303W	0.8213	pathogenic
P12277	G303Y	0.775	pathogenic
P12277	K304A	0.2036	benign
P12277	K304C	0.5128	ambiguous
P12277	K304D	0.3924	ambiguous
P12277	K304E	0.1189	benign
P12277	K304F	0.8038	pathogenic
P12277	K304G	0.2285	benign
P12277	K304H	0.2692	benign
P12277	K304I	0.3783	ambiguous
P12277	K304L	0.3007	benign
P12277	K304M	0.2435	benign
P12277	K304N	0.2351	benign
P12277	K304P	0.6741	pathogenic
P12277	K304Q	0.0817	benign
P12277	K304R	0.0989	benign
P12277	K304S	0.1975	benign
P12277	K304T	0.1179	benign
P12277	K304V	0.2933	benign
P12277	K304W	0.8366	pathogenic
P12277	K304Y	0.6864	pathogenic
P12277	H305A	0.3115	benign
P12277	H305C	0.2058	benign
P12277	H305D	0.1152	benign
P12277	H305E	0.2061	benign
P12277	H305F	0.4378	ambiguous
P12277	H305G	0.4129	ambiguous
P12277	H305I	0.3658	ambiguous
P12277	H305K	0.3552	ambiguous
P12277	H305L	0.1784	benign
P12277	H305M	0.3809	ambiguous
P12277	H305N	0.0633	benign
P12277	H305P	0.3989	ambiguous
P12277	H305Q	0.2093	benign
P12277	H305R	0.2818	benign
P12277	H305S	0.1636	benign
P12277	H305T	0.1823	benign
P12277	H305V	0.2847	benign
P12277	H305W	0.5422	ambiguous
P12277	H305Y	0.1486	benign
P12277	E306A	0.0965	benign
P12277	E306C	0.6317	pathogenic
P12277	E306D	0.0736	benign
P12277	E306F	0.7009	pathogenic
P12277	E306G	0.1053	benign
P12277	E306H	0.2545	benign
P12277	E306I	0.2951	benign
P12277	E306K	0.1038	benign
P12277	E306L	0.2916	benign
P12277	E306M	0.3988	ambiguous
P12277	E306N	0.157	benign
P12277	E306P	0.1162	benign
P12277	E306Q	0.1019	benign
P12277	E306R	0.1859	benign
P12277	E306S	0.0991	benign
P12277	E306T	0.1369	benign
P12277	E306V	0.1759	benign
P12277	E306W	0.8249	pathogenic
P12277	E306Y	0.5285	ambiguous
P12277	K307A	0.1676	benign
P12277	K307C	0.4825	ambiguous
P12277	K307D	0.3073	benign
P12277	K307E	0.1406	benign
P12277	K307F	0.6933	pathogenic
P12277	K307G	0.23	benign
P12277	K307H	0.2018	benign
P12277	K307I	0.3159	benign
P12277	K307L	0.2043	benign
P12277	K307M	0.1868	benign
P12277	K307N	0.2246	benign
P12277	K307P	0.6874	pathogenic
P12277	K307Q	0.0903	benign
P12277	K307R	0.0854	benign
P12277	K307S	0.2083	benign
P12277	K307T	0.1137	benign
P12277	K307V	0.2352	benign
P12277	K307W	0.7326	pathogenic
P12277	K307Y	0.4876	ambiguous
P12277	F308A	0.9451	pathogenic
P12277	F308C	0.8338	pathogenic
P12277	F308D	0.9904	pathogenic
P12277	F308E	0.9925	pathogenic
P12277	F308G	0.9646	pathogenic
P12277	F308H	0.9572	pathogenic
P12277	F308I	0.7197	pathogenic
P12277	F308K	0.9923	pathogenic
P12277	F308L	0.8863	pathogenic
P12277	F308M	0.7703	pathogenic
P12277	F308N	0.9722	pathogenic
P12277	F308P	0.9984	pathogenic
P12277	F308Q	0.9795	pathogenic
P12277	F308R	0.9841	pathogenic
P12277	F308S	0.9639	pathogenic
P12277	F308T	0.9524	pathogenic
P12277	F308V	0.7439	pathogenic
P12277	F308W	0.7525	pathogenic
P12277	F308Y	0.4301	ambiguous
P12277	S309A	0.069	benign
P12277	S309C	0.1877	benign
P12277	S309D	0.1999	benign
P12277	S309E	0.2505	benign
P12277	S309F	0.3894	ambiguous
P12277	S309G	0.0649	benign
P12277	S309H	0.2845	benign
P12277	S309I	0.2431	benign
P12277	S309K	0.4729	ambiguous
P12277	S309L	0.1748	benign
P12277	S309M	0.2452	benign
P12277	S309N	0.0961	benign
P12277	S309P	0.0729	benign
P12277	S309Q	0.2673	benign
P12277	S309R	0.5441	ambiguous
P12277	S309T	0.0766	benign
P12277	S309V	0.1724	benign
P12277	S309W	0.5437	ambiguous
P12277	S309Y	0.3732	ambiguous
P12277	E310A	0.1278	benign
P12277	E310C	0.7359	pathogenic
P12277	E310D	0.0778	benign
P12277	E310F	0.7235	pathogenic
P12277	E310G	0.1768	benign
P12277	E310H	0.3889	ambiguous
P12277	E310I	0.3302	benign
P12277	E310K	0.2314	benign
P12277	E310L	0.3173	benign
P12277	E310M	0.4245	ambiguous
P12277	E310N	0.2081	benign
P12277	E310P	0.6347	pathogenic
P12277	E310Q	0.1641	benign
P12277	E310R	0.3743	ambiguous
P12277	E310S	0.1511	benign
P12277	E310T	0.1552	benign
P12277	E310V	0.1808	benign
P12277	E310W	0.8742	pathogenic
P12277	E310Y	0.5587	ambiguous
P12277	V311A	0.3411	ambiguous
P12277	V311C	0.675	pathogenic
P12277	V311D	0.9248	pathogenic
P12277	V311E	0.891	pathogenic
P12277	V311F	0.3739	ambiguous
P12277	V311G	0.518	ambiguous
P12277	V311H	0.9253	pathogenic
P12277	V311I	0.079	benign
P12277	V311K	0.9406	pathogenic
P12277	V311L	0.2626	benign
P12277	V311M	0.2535	benign
P12277	V311N	0.7722	pathogenic
P12277	V311P	0.9424	pathogenic
P12277	V311Q	0.8847	pathogenic
P12277	V311R	0.9253	pathogenic
P12277	V311S	0.5273	ambiguous
P12277	V311T	0.3433	ambiguous
P12277	V311W	0.9487	pathogenic
P12277	V311Y	0.8145	pathogenic
P12277	L312A	0.8465	pathogenic
P12277	L312C	0.6759	pathogenic
P12277	L312D	0.9989	pathogenic
P12277	L312E	0.9899	pathogenic
P12277	L312F	0.9569	pathogenic
P12277	L312G	0.9682	pathogenic
P12277	L312H	0.9938	pathogenic
P12277	L312I	0.3345	benign
P12277	L312K	0.993	pathogenic
P12277	L312M	0.4496	ambiguous
P12277	L312N	0.9824	pathogenic
P12277	L312P	0.9917	pathogenic
P12277	L312Q	0.9679	pathogenic
P12277	L312R	0.9858	pathogenic
P12277	L312S	0.97	pathogenic
P12277	L312T	0.7739	pathogenic
P12277	L312V	0.3197	benign
P12277	L312W	0.9927	pathogenic
P12277	L312Y	0.9957	pathogenic
P12277	K313A	0.2716	benign
P12277	K313C	0.5652	pathogenic
P12277	K313D	0.3814	ambiguous
P12277	K313E	0.1883	benign
P12277	K313F	0.7936	pathogenic
P12277	K313G	0.1988	benign
P12277	K313H	0.2301	benign
P12277	K313I	0.4903	ambiguous
P12277	K313L	0.3607	ambiguous
P12277	K313M	0.3182	benign
P12277	K313N	0.3026	benign
P12277	K313P	0.749	pathogenic
P12277	K313Q	0.1055	benign
P12277	K313R	0.1056	benign
P12277	K313S	0.2396	benign
P12277	K313T	0.1316	benign
P12277	K313V	0.3744	ambiguous
P12277	K313W	0.7905	pathogenic
P12277	K313Y	0.6636	pathogenic
P12277	R314A	0.365	ambiguous
P12277	R314C	0.1762	benign
P12277	R314D	0.6841	pathogenic
P12277	R314E	0.4099	ambiguous
P12277	R314F	0.6606	pathogenic
P12277	R314G	0.2812	benign
P12277	R314H	0.1479	benign
P12277	R314I	0.332	benign
P12277	R314K	0.0992	benign
P12277	R314L	0.247	benign
P12277	R314M	0.3107	benign
P12277	R314N	0.501	ambiguous
P12277	R314P	0.9108	pathogenic
P12277	R314Q	0.1121	benign
P12277	R314S	0.4427	ambiguous
P12277	R314T	0.2438	benign
P12277	R314V	0.3626	ambiguous
P12277	R314W	0.3486	ambiguous
P12277	R314Y	0.4771	ambiguous
P12277	L315A	0.8674	pathogenic
P12277	L315C	0.6856	pathogenic
P12277	L315D	0.9929	pathogenic
P12277	L315E	0.9369	pathogenic
P12277	L315F	0.4982	ambiguous
P12277	L315G	0.9319	pathogenic
P12277	L315H	0.8033	pathogenic
P12277	L315I	0.5066	ambiguous
P12277	L315K	0.8779	pathogenic
P12277	L315M	0.1891	benign
P12277	L315N	0.9149	pathogenic
P12277	L315P	0.9931	pathogenic
P12277	L315Q	0.7149	pathogenic
P12277	L315R	0.84	pathogenic
P12277	L315S	0.9218	pathogenic
P12277	L315T	0.8164	pathogenic
P12277	L315V	0.4233	ambiguous
P12277	L315W	0.805	pathogenic
P12277	L315Y	0.7903	pathogenic
P12277	R316A	0.9859	pathogenic
P12277	R316C	0.8011	pathogenic
P12277	R316D	0.9855	pathogenic
P12277	R316E	0.9687	pathogenic
P12277	R316F	0.9926	pathogenic
P12277	R316G	0.8784	pathogenic
P12277	R316H	0.5102	ambiguous
P12277	R316I	0.9944	pathogenic
P12277	R316K	0.6252	pathogenic
P12277	R316L	0.9741	pathogenic
P12277	R316M	0.9913	pathogenic
P12277	R316N	0.9575	pathogenic
P12277	R316P	0.9912	pathogenic
P12277	R316Q	0.6284	pathogenic
P12277	R316S	0.9779	pathogenic
P12277	R316T	0.9918	pathogenic
P12277	R316V	0.993	pathogenic
P12277	R316W	0.9022	pathogenic
P12277	R316Y	0.9661	pathogenic
P12277	L317A	0.9897	pathogenic
P12277	L317C	0.9512	pathogenic
P12277	L317D	0.9999	pathogenic
P12277	L317E	0.9991	pathogenic
P12277	L317F	0.9734	pathogenic
P12277	L317G	0.9952	pathogenic
P12277	L317H	0.9982	pathogenic
P12277	L317I	0.5641	pathogenic
P12277	L317K	0.9982	pathogenic
P12277	L317M	0.6956	pathogenic
P12277	L317N	0.9985	pathogenic
P12277	L317P	0.999	pathogenic
P12277	L317Q	0.9965	pathogenic
P12277	L317R	0.9963	pathogenic
P12277	L317S	0.9985	pathogenic
P12277	L317T	0.9913	pathogenic
P12277	L317V	0.5671	pathogenic
P12277	L317W	0.9959	pathogenic
P12277	L317Y	0.9965	pathogenic
P12277	Q318A	0.8651	pathogenic
P12277	Q318C	0.9981	pathogenic
P12277	Q318D	0.9807	pathogenic
P12277	Q318E	0.8435	pathogenic
P12277	Q318F	0.9934	pathogenic
P12277	Q318G	0.9068	pathogenic
P12277	Q318H	0.9963	pathogenic
P12277	Q318I	0.9855	pathogenic
P12277	Q318K	0.9874	pathogenic
P12277	Q318L	0.9747	pathogenic
P12277	Q318M	0.9527	pathogenic
P12277	Q318N	0.9559	pathogenic
P12277	Q318P	0.9942	pathogenic
P12277	Q318R	0.9831	pathogenic
P12277	Q318S	0.7906	pathogenic
P12277	Q318T	0.9135	pathogenic
P12277	Q318V	0.9745	pathogenic
P12277	Q318W	0.9974	pathogenic
P12277	Q318Y	0.9976	pathogenic
P12277	K319A	0.7707	pathogenic
P12277	K319C	0.857	pathogenic
P12277	K319D	0.9887	pathogenic
P12277	K319E	0.8842	pathogenic
P12277	K319F	0.9828	pathogenic
P12277	K319G	0.8875	pathogenic
P12277	K319H	0.8324	pathogenic
P12277	K319I	0.8083	pathogenic
P12277	K319L	0.8328	pathogenic
P12277	K319M	0.6565	pathogenic
P12277	K319N	0.9578	pathogenic
P12277	K319P	0.8749	pathogenic
P12277	K319Q	0.4048	ambiguous
P12277	K319R	0.181	benign
P12277	K319S	0.8992	pathogenic
P12277	K319T	0.5974	pathogenic
P12277	K319V	0.7127	pathogenic
P12277	K319W	0.9768	pathogenic
P12277	K319Y	0.9512	pathogenic
P12277	R320A	0.9981	pathogenic
P12277	R320C	0.9976	pathogenic
P12277	R320D	0.9979	pathogenic
P12277	R320E	0.9932	pathogenic
P12277	R320F	0.9995	pathogenic
P12277	R320G	0.9938	pathogenic
P12277	R320H	0.9969	pathogenic
P12277	R320I	0.9989	pathogenic
P12277	R320K	0.9956	pathogenic
P12277	R320L	0.9963	pathogenic
P12277	R320M	0.9998	pathogenic
P12277	R320N	0.9991	pathogenic
P12277	R320P	0.9976	pathogenic
P12277	R320Q	0.9967	pathogenic
P12277	R320S	0.9992	pathogenic
P12277	R320T	0.9992	pathogenic
P12277	R320V	0.9986	pathogenic
P12277	R320W	0.9951	pathogenic
P12277	R320Y	0.9983	pathogenic
P12277	G321A	0.9839	pathogenic
P12277	G321C	0.9961	pathogenic
P12277	G321D	0.9979	pathogenic
P12277	G321E	0.9989	pathogenic
P12277	G321F	0.9985	pathogenic
P12277	G321H	0.9996	pathogenic
P12277	G321I	0.9981	pathogenic
P12277	G321K	0.9995	pathogenic
P12277	G321L	0.9986	pathogenic
P12277	G321M	0.9993	pathogenic
P12277	G321N	0.9988	pathogenic
P12277	G321P	0.999	pathogenic
P12277	G321Q	0.9993	pathogenic
P12277	G321R	0.9985	pathogenic
P12277	G321S	0.9854	pathogenic
P12277	G321T	0.9962	pathogenic
P12277	G321V	0.9964	pathogenic
P12277	G321W	0.9983	pathogenic
P12277	G321Y	0.9987	pathogenic
P12277	T322A	0.4291	ambiguous
P12277	T322C	0.9193	pathogenic
P12277	T322D	0.9674	pathogenic
P12277	T322E	0.9353	pathogenic
P12277	T322F	0.9578	pathogenic
P12277	T322G	0.7897	pathogenic
P12277	T322H	0.9476	pathogenic
P12277	T322I	0.768	pathogenic
P12277	T322K	0.9231	pathogenic
P12277	T322L	0.6724	pathogenic
P12277	T322M	0.5025	ambiguous
P12277	T322N	0.8097	pathogenic
P12277	T322P	0.7696	pathogenic
P12277	T322Q	0.889	pathogenic
P12277	T322R	0.9121	pathogenic
P12277	T322S	0.4814	ambiguous
P12277	T322V	0.5689	pathogenic
P12277	T322W	0.9893	pathogenic
P12277	T322Y	0.9703	pathogenic
P12277	G323A	0.5949	pathogenic
P12277	G323C	0.8978	pathogenic
P12277	G323D	0.9623	pathogenic
P12277	G323E	0.971	pathogenic
P12277	G323F	0.9828	pathogenic
P12277	G323H	0.957	pathogenic
P12277	G323I	0.9879	pathogenic
P12277	G323K	0.977	pathogenic
P12277	G323L	0.9687	pathogenic
P12277	G323M	0.9783	pathogenic
P12277	G323N	0.9351	pathogenic
P12277	G323P	0.9988	pathogenic
P12277	G323Q	0.9459	pathogenic
P12277	G323R	0.9338	pathogenic
P12277	G323S	0.6032	pathogenic
P12277	G323T	0.918	pathogenic
P12277	G323V	0.9673	pathogenic
P12277	G323W	0.9766	pathogenic
P12277	G323Y	0.9709	pathogenic
P12277	G324A	0.9906	pathogenic
P12277	G324C	0.9981	pathogenic
P12277	G324D	0.9981	pathogenic
P12277	G324E	0.9989	pathogenic
P12277	G324F	0.9988	pathogenic
P12277	G324H	0.9998	pathogenic
P12277	G324I	0.9981	pathogenic
P12277	G324K	0.9995	pathogenic
P12277	G324L	0.999	pathogenic
P12277	G324M	0.9993	pathogenic
P12277	G324N	0.9993	pathogenic
P12277	G324P	0.9993	pathogenic
P12277	G324Q	0.9996	pathogenic
P12277	G324R	0.9987	pathogenic
P12277	G324S	0.9927	pathogenic
P12277	G324T	0.9956	pathogenic
P12277	G324V	0.9965	pathogenic
P12277	G324W	0.9982	pathogenic
P12277	G324Y	0.9991	pathogenic
P12277	V325A	0.9748	pathogenic
P12277	V325C	0.9891	pathogenic
P12277	V325D	0.9909	pathogenic
P12277	V325E	0.9435	pathogenic
P12277	V325F	0.9666	pathogenic
P12277	V325G	0.9314	pathogenic
P12277	V325H	0.9977	pathogenic
P12277	V325I	0.6029	pathogenic
P12277	V325K	0.9889	pathogenic
P12277	V325L	0.9893	pathogenic
P12277	V325M	0.9689	pathogenic
P12277	V325N	0.9637	pathogenic
P12277	V325P	0.9894	pathogenic
P12277	V325Q	0.9815	pathogenic
P12277	V325R	0.975	pathogenic
P12277	V325S	0.9505	pathogenic
P12277	V325T	0.9022	pathogenic
P12277	V325W	0.9983	pathogenic
P12277	V325Y	0.9932	pathogenic
P12277	D326A	0.9881	pathogenic
P12277	D326C	0.9992	pathogenic
P12277	D326E	0.9931	pathogenic
P12277	D326F	0.9984	pathogenic
P12277	D326G	0.9863	pathogenic
P12277	D326H	0.9944	pathogenic
P12277	D326I	0.9993	pathogenic
P12277	D326K	0.9991	pathogenic
P12277	D326L	0.9963	pathogenic
P12277	D326M	0.9996	pathogenic
P12277	D326N	0.98	pathogenic
P12277	D326P	0.9983	pathogenic
P12277	D326Q	0.9984	pathogenic
P12277	D326R	0.9983	pathogenic
P12277	D326S	0.9782	pathogenic
P12277	D326T	0.9977	pathogenic
P12277	D326V	0.9974	pathogenic
P12277	D326W	0.9996	pathogenic
P12277	D326Y	0.9902	pathogenic
P12277	T327A	0.9079	pathogenic
P12277	T327C	0.9902	pathogenic
P12277	T327D	0.9811	pathogenic
P12277	T327E	0.9805	pathogenic
P12277	T327F	0.9967	pathogenic
P12277	T327G	0.9205	pathogenic
P12277	T327H	0.98	pathogenic
P12277	T327I	0.9959	pathogenic
P12277	T327K	0.9737	pathogenic
P12277	T327L	0.977	pathogenic
P12277	T327M	0.9347	pathogenic
P12277	T327N	0.9404	pathogenic
P12277	T327P	0.9795	pathogenic
P12277	T327Q	0.9689	pathogenic
P12277	T327R	0.9788	pathogenic
P12277	T327S	0.5656	pathogenic
P12277	T327V	0.9749	pathogenic
P12277	T327W	0.9988	pathogenic
P12277	T327Y	0.9957	pathogenic
P12277	A328C	0.8768	pathogenic
P12277	A328D	0.4168	ambiguous
P12277	A328E	0.2416	benign
P12277	A328F	0.8967	pathogenic
P12277	A328G	0.4224	ambiguous
P12277	A328H	0.7942	pathogenic
P12277	A328I	0.7426	pathogenic
P12277	A328K	0.6675	pathogenic
P12277	A328L	0.4534	ambiguous
P12277	A328M	0.5414	ambiguous
P12277	A328N	0.5378	ambiguous
P12277	A328P	0.6494	pathogenic
P12277	A328Q	0.3838	ambiguous
P12277	A328R	0.7057	pathogenic
P12277	A328S	0.1966	benign
P12277	A328T	0.3051	benign
P12277	A328V	0.4236	ambiguous
P12277	A328W	0.9838	pathogenic
P12277	A328Y	0.9218	pathogenic
P12277	A329C	0.8077	pathogenic
P12277	A329D	0.9266	pathogenic
P12277	A329E	0.8092	pathogenic
P12277	A329F	0.8955	pathogenic
P12277	A329G	0.5155	ambiguous
P12277	A329H	0.9235	pathogenic
P12277	A329I	0.7573	pathogenic
P12277	A329K	0.9697	pathogenic
P12277	A329L	0.7002	pathogenic
P12277	A329M	0.6573	pathogenic
P12277	A329N	0.7859	pathogenic
P12277	A329P	0.8235	pathogenic
P12277	A329Q	0.7874	pathogenic
P12277	A329R	0.9427	pathogenic
P12277	A329S	0.124	benign
P12277	A329T	0.2827	benign
P12277	A329V	0.4297	ambiguous
P12277	A329W	0.9864	pathogenic
P12277	A329Y	0.956	pathogenic
P12277	V330A	0.2006	benign
P12277	V330C	0.8501	pathogenic
P12277	V330D	0.4947	ambiguous
P12277	V330E	0.1909	benign
P12277	V330F	0.4856	ambiguous
P12277	V330G	0.3654	ambiguous
P12277	V330H	0.7289	pathogenic
P12277	V330I	0.1076	benign
P12277	V330K	0.3522	ambiguous
P12277	V330L	0.3979	ambiguous
P12277	V330M	0.247	benign
P12277	V330N	0.4139	ambiguous
P12277	V330P	0.8129	pathogenic
P12277	V330Q	0.2822	benign
P12277	V330R	0.4585	ambiguous
P12277	V330S	0.2368	benign
P12277	V330T	0.1171	benign
P12277	V330W	0.969	pathogenic
P12277	V330Y	0.8541	pathogenic
P12277	G331A	0.309	benign
P12277	G331C	0.6231	pathogenic
P12277	G331D	0.2838	benign
P12277	G331E	0.6063	pathogenic
P12277	G331F	0.9595	pathogenic
P12277	G331H	0.8442	pathogenic
P12277	G331I	0.938	pathogenic
P12277	G331K	0.9054	pathogenic
P12277	G331L	0.889	pathogenic
P12277	G331M	0.9123	pathogenic
P12277	G331N	0.4432	ambiguous
P12277	G331P	0.9678	pathogenic
P12277	G331Q	0.784	pathogenic
P12277	G331R	0.877	pathogenic
P12277	G331S	0.2214	benign
P12277	G331T	0.6069	pathogenic
P12277	G331V	0.8414	pathogenic
P12277	G331W	0.9369	pathogenic
P12277	G331Y	0.9077	pathogenic
P12277	G332A	0.235	benign
P12277	G332C	0.4214	ambiguous
P12277	G332D	0.4011	ambiguous
P12277	G332E	0.5869	pathogenic
P12277	G332F	0.901	pathogenic
P12277	G332H	0.7424	pathogenic
P12277	G332I	0.8657	pathogenic
P12277	G332K	0.8851	pathogenic
P12277	G332L	0.8379	pathogenic
P12277	G332M	0.8044	pathogenic
P12277	G332N	0.3573	ambiguous
P12277	G332P	0.9506	pathogenic
P12277	G332Q	0.6895	pathogenic
P12277	G332R	0.8148	pathogenic
P12277	G332S	0.1247	benign
P12277	G332T	0.3727	ambiguous
P12277	G332V	0.7362	pathogenic
P12277	G332W	0.8707	pathogenic
P12277	G332Y	0.8128	pathogenic
P12277	V333A	0.7139	pathogenic
P12277	V333C	0.8792	pathogenic
P12277	V333D	0.9224	pathogenic
P12277	V333E	0.8106	pathogenic
P12277	V333F	0.595	pathogenic
P12277	V333G	0.775	pathogenic
P12277	V333H	0.9382	pathogenic
P12277	V333I	0.0676	benign
P12277	V333K	0.8833	pathogenic
P12277	V333L	0.5262	ambiguous
P12277	V333M	0.3871	ambiguous
P12277	V333N	0.7442	pathogenic
P12277	V333P	0.9787	pathogenic
P12277	V333Q	0.8299	pathogenic
P12277	V333R	0.869	pathogenic
P12277	V333S	0.7199	pathogenic
P12277	V333T	0.2393	benign
P12277	V333W	0.9791	pathogenic
P12277	V333Y	0.8931	pathogenic
P12277	F334A	0.9708	pathogenic
P12277	F334C	0.7827	pathogenic
P12277	F334D	0.9938	pathogenic
P12277	F334E	0.9958	pathogenic
P12277	F334G	0.9884	pathogenic
P12277	F334H	0.8879	pathogenic
P12277	F334I	0.8677	pathogenic
P12277	F334K	0.9978	pathogenic
P12277	F334L	0.99	pathogenic
P12277	F334M	0.9251	pathogenic
P12277	F334N	0.9663	pathogenic
P12277	F334P	0.9996	pathogenic
P12277	F334Q	0.988	pathogenic
P12277	F334R	0.9915	pathogenic
P12277	F334S	0.9366	pathogenic
P12277	F334T	0.9572	pathogenic
P12277	F334V	0.7982	pathogenic
P12277	F334W	0.5594	ambiguous
P12277	F334Y	0.2195	benign
P12277	D335A	0.9978	pathogenic
P12277	D335C	0.9996	pathogenic
P12277	D335E	0.9981	pathogenic
P12277	D335F	0.9996	pathogenic
P12277	D335G	0.9986	pathogenic
P12277	D335H	0.9987	pathogenic
P12277	D335I	0.9997	pathogenic
P12277	D335K	0.9998	pathogenic
P12277	D335L	0.9988	pathogenic
P12277	D335M	0.9999	pathogenic
P12277	D335N	0.9981	pathogenic
P12277	D335P	0.9996	pathogenic
P12277	D335Q	0.9994	pathogenic
P12277	D335R	0.9991	pathogenic
P12277	D335S	0.996	pathogenic
P12277	D335T	0.9994	pathogenic
P12277	D335V	0.999	pathogenic
P12277	D335W	0.9997	pathogenic
P12277	D335Y	0.9972	pathogenic
P12277	V336A	0.9453	pathogenic
P12277	V336C	0.9492	pathogenic
P12277	V336D	0.9983	pathogenic
P12277	V336E	0.9968	pathogenic
P12277	V336F	0.8645	pathogenic
P12277	V336G	0.9767	pathogenic
P12277	V336H	0.9988	pathogenic
P12277	V336I	0.0659	benign
P12277	V336K	0.9984	pathogenic
P12277	V336L	0.4905	ambiguous
P12277	V336M	0.7167	pathogenic
P12277	V336N	0.9943	pathogenic
P12277	V336P	0.9957	pathogenic
P12277	V336Q	0.9974	pathogenic
P12277	V336R	0.9968	pathogenic
P12277	V336S	0.9838	pathogenic
P12277	V336T	0.9485	pathogenic
P12277	V336W	0.9977	pathogenic
P12277	V336Y	0.9888	pathogenic
P12277	S337A	0.9456	pathogenic
P12277	S337C	0.9855	pathogenic
P12277	S337D	0.9987	pathogenic
P12277	S337E	0.9972	pathogenic
P12277	S337F	0.9986	pathogenic
P12277	S337G	0.976	pathogenic
P12277	S337H	0.9975	pathogenic
P12277	S337I	0.9987	pathogenic
P12277	S337K	0.9998	pathogenic
P12277	S337L	0.9986	pathogenic
P12277	S337M	0.9978	pathogenic
P12277	S337N	0.9986	pathogenic
P12277	S337P	0.999	pathogenic
P12277	S337Q	0.9972	pathogenic
P12277	S337R	0.9996	pathogenic
P12277	S337T	0.973	pathogenic
P12277	S337V	0.9986	pathogenic
P12277	S337W	0.9957	pathogenic
P12277	S337Y	0.9977	pathogenic
P12277	N338A	0.9902	pathogenic
P12277	N338C	0.9496	pathogenic
P12277	N338D	0.9965	pathogenic
P12277	N338E	0.9993	pathogenic
P12277	N338F	0.9993	pathogenic
P12277	N338G	0.9898	pathogenic
P12277	N338H	0.994	pathogenic
P12277	N338I	0.9928	pathogenic
P12277	N338K	0.9996	pathogenic
P12277	N338L	0.9866	pathogenic
P12277	N338M	0.9945	pathogenic
P12277	N338P	0.9753	pathogenic
P12277	N338Q	0.9989	pathogenic
P12277	N338R	0.9992	pathogenic
P12277	N338S	0.8141	pathogenic
P12277	N338T	0.9648	pathogenic
P12277	N338V	0.9814	pathogenic
P12277	N338W	0.9998	pathogenic
P12277	N338Y	0.9963	pathogenic
P12277	A339C	0.7276	pathogenic
P12277	A339D	0.9254	pathogenic
P12277	A339E	0.8256	pathogenic
P12277	A339F	0.7428	pathogenic
P12277	A339G	0.3977	ambiguous
P12277	A339H	0.8638	pathogenic
P12277	A339I	0.6094	pathogenic
P12277	A339K	0.9431	pathogenic
P12277	A339L	0.2839	benign
P12277	A339M	0.4442	ambiguous
P12277	A339N	0.5912	pathogenic
P12277	A339P	0.9923	pathogenic
P12277	A339Q	0.6751	pathogenic
P12277	A339R	0.8953	pathogenic
P12277	A339S	0.1475	benign
P12277	A339T	0.3683	ambiguous
P12277	A339V	0.4617	ambiguous
P12277	A339W	0.9522	pathogenic
P12277	A339Y	0.8197	pathogenic
P12277	D340A	0.9659	pathogenic
P12277	D340C	0.9975	pathogenic
P12277	D340E	0.9576	pathogenic
P12277	D340F	0.9973	pathogenic
P12277	D340G	0.9732	pathogenic
P12277	D340H	0.9918	pathogenic
P12277	D340I	0.9977	pathogenic
P12277	D340K	0.9965	pathogenic
P12277	D340L	0.9947	pathogenic
P12277	D340M	0.9988	pathogenic
P12277	D340N	0.9222	pathogenic
P12277	D340P	0.9975	pathogenic
P12277	D340Q	0.9893	pathogenic
P12277	D340R	0.994	pathogenic
P12277	D340S	0.9568	pathogenic
P12277	D340T	0.9933	pathogenic
P12277	D340V	0.9911	pathogenic
P12277	D340W	0.9993	pathogenic
P12277	D340Y	0.9823	pathogenic
P12277	R341A	0.999	pathogenic
P12277	R341C	0.9918	pathogenic
P12277	R341D	0.9993	pathogenic
P12277	R341E	0.9969	pathogenic
P12277	R341F	0.9996	pathogenic
P12277	R341G	0.9974	pathogenic
P12277	R341H	0.9964	pathogenic
P12277	R341I	0.9989	pathogenic
P12277	R341K	0.9953	pathogenic
P12277	R341L	0.9975	pathogenic
P12277	R341M	0.9998	pathogenic
P12277	R341N	0.9994	pathogenic
P12277	R341P	0.9989	pathogenic
P12277	R341Q	0.9967	pathogenic
P12277	R341S	0.9991	pathogenic
P12277	R341T	0.9987	pathogenic
P12277	R341V	0.9988	pathogenic
P12277	R341W	0.9965	pathogenic
P12277	R341Y	0.9983	pathogenic
P12277	L342A	0.9753	pathogenic
P12277	L342C	0.9787	pathogenic
P12277	L342D	0.9998	pathogenic
P12277	L342E	0.9982	pathogenic
P12277	L342F	0.9821	pathogenic
P12277	L342G	0.9973	pathogenic
P12277	L342H	0.9984	pathogenic
P12277	L342I	0.2816	benign
P12277	L342K	0.9959	pathogenic
P12277	L342M	0.519	ambiguous
P12277	L342N	0.9979	pathogenic
P12277	L342P	0.998	pathogenic
P12277	L342Q	0.9951	pathogenic
P12277	L342R	0.9924	pathogenic
P12277	L342S	0.9977	pathogenic
P12277	L342T	0.9858	pathogenic
P12277	L342V	0.6327	pathogenic
P12277	L342W	0.9977	pathogenic
P12277	L342Y	0.9973	pathogenic
P12277	G343A	0.9383	pathogenic
P12277	G343C	0.9813	pathogenic
P12277	G343D	0.9946	pathogenic
P12277	G343E	0.9968	pathogenic
P12277	G343F	0.9981	pathogenic
P12277	G343H	0.9962	pathogenic
P12277	G343I	0.9975	pathogenic
P12277	G343K	0.9952	pathogenic
P12277	G343L	0.994	pathogenic
P12277	G343M	0.9981	pathogenic
P12277	G343N	0.9911	pathogenic
P12277	G343P	0.9981	pathogenic
P12277	G343Q	0.994	pathogenic
P12277	G343R	0.9907	pathogenic
P12277	G343S	0.94	pathogenic
P12277	G343T	0.9885	pathogenic
P12277	G343V	0.9938	pathogenic
P12277	G343W	0.998	pathogenic
P12277	G343Y	0.997	pathogenic
P12277	F344A	0.7764	pathogenic
P12277	F344C	0.319	benign
P12277	F344D	0.9418	pathogenic
P12277	F344E	0.9293	pathogenic
P12277	F344G	0.8993	pathogenic
P12277	F344H	0.4103	ambiguous
P12277	F344I	0.6533	pathogenic
P12277	F344K	0.7478	pathogenic
P12277	F344L	0.9389	pathogenic
P12277	F344M	0.661	pathogenic
P12277	F344N	0.7228	pathogenic
P12277	F344P	0.9983	pathogenic
P12277	F344Q	0.6887	pathogenic
P12277	F344R	0.6505	pathogenic
P12277	F344S	0.585	pathogenic
P12277	F344T	0.7721	pathogenic
P12277	F344V	0.5133	ambiguous
P12277	F344W	0.5936	pathogenic
P12277	F344Y	0.1418	benign
P12277	S345A	0.6187	pathogenic
P12277	S345C	0.7673	pathogenic
P12277	S345D	0.9767	pathogenic
P12277	S345E	0.9931	pathogenic
P12277	S345F	0.9969	pathogenic
P12277	S345G	0.5231	ambiguous
P12277	S345H	0.9762	pathogenic
P12277	S345I	0.9966	pathogenic
P12277	S345K	0.996	pathogenic
P12277	S345L	0.9528	pathogenic
P12277	S345M	0.9823	pathogenic
P12277	S345N	0.9069	pathogenic
P12277	S345P	0.9354	pathogenic
P12277	S345Q	0.9876	pathogenic
P12277	S345R	0.9925	pathogenic
P12277	S345T	0.3243	benign
P12277	S345V	0.9881	pathogenic
P12277	S345W	0.9924	pathogenic
P12277	S345Y	0.9896	pathogenic
P12277	E346A	0.9854	pathogenic
P12277	E346C	0.9981	pathogenic
P12277	E346D	0.995	pathogenic
P12277	E346F	0.9999	pathogenic
P12277	E346G	0.9903	pathogenic
P12277	E346H	0.9993	pathogenic
P12277	E346I	0.9992	pathogenic
P12277	E346K	0.9949	pathogenic
P12277	E346L	0.9995	pathogenic
P12277	E346M	0.9993	pathogenic
P12277	E346N	0.9989	pathogenic
P12277	E346P	0.9958	pathogenic
P12277	E346Q	0.9863	pathogenic
P12277	E346R	0.9952	pathogenic
P12277	E346S	0.9928	pathogenic
P12277	E346T	0.997	pathogenic
P12277	E346V	0.9972	pathogenic
P12277	E346W	1.0	pathogenic
P12277	E346Y	0.9998	pathogenic
P12277	V347A	0.6451	pathogenic
P12277	V347C	0.9398	pathogenic
P12277	V347D	0.9865	pathogenic
P12277	V347E	0.9529	pathogenic
P12277	V347F	0.9234	pathogenic
P12277	V347G	0.6829	pathogenic
P12277	V347H	0.9788	pathogenic
P12277	V347I	0.365	ambiguous
P12277	V347K	0.9023	pathogenic
P12277	V347L	0.9481	pathogenic
P12277	V347M	0.9003	pathogenic
P12277	V347N	0.9047	pathogenic
P12277	V347P	0.9772	pathogenic
P12277	V347Q	0.9081	pathogenic
P12277	V347R	0.7343	pathogenic
P12277	V347S	0.7793	pathogenic
P12277	V347T	0.5909	pathogenic
P12277	V347W	0.9931	pathogenic
P12277	V347Y	0.9703	pathogenic
P12277	E348A	0.2166	benign
P12277	E348C	0.9172	pathogenic
P12277	E348D	0.2285	benign
P12277	E348F	0.9437	pathogenic
P12277	E348G	0.3295	benign
P12277	E348H	0.7091	pathogenic
P12277	E348I	0.8456	pathogenic
P12277	E348K	0.614	pathogenic
P12277	E348L	0.8183	pathogenic
P12277	E348M	0.7622	pathogenic
P12277	E348N	0.4794	ambiguous
P12277	E348P	0.984	pathogenic
P12277	E348Q	0.157	benign
P12277	E348R	0.7062	pathogenic
P12277	E348S	0.2491	benign
P12277	E348T	0.5031	ambiguous
P12277	E348V	0.6525	pathogenic
P12277	E348W	0.9857	pathogenic
P12277	E348Y	0.8957	pathogenic
P12277	L349A	0.7826	pathogenic
P12277	L349C	0.9365	pathogenic
P12277	L349D	0.9957	pathogenic
P12277	L349E	0.9351	pathogenic
P12277	L349F	0.9566	pathogenic
P12277	L349G	0.9336	pathogenic
P12277	L349H	0.9796	pathogenic
P12277	L349I	0.6511	pathogenic
P12277	L349K	0.9706	pathogenic
P12277	L349M	0.4659	ambiguous
P12277	L349N	0.8757	pathogenic
P12277	L349P	0.9966	pathogenic
P12277	L349Q	0.6524	pathogenic
P12277	L349R	0.9765	pathogenic
P12277	L349S	0.9485	pathogenic
P12277	L349T	0.8564	pathogenic
P12277	L349V	0.7262	pathogenic
P12277	L349W	0.9945	pathogenic
P12277	L349Y	0.9885	pathogenic
P12277	V350A	0.8554	pathogenic
P12277	V350C	0.8788	pathogenic
P12277	V350D	0.9971	pathogenic
P12277	V350E	0.9907	pathogenic
P12277	V350F	0.9571	pathogenic
P12277	V350G	0.8524	pathogenic
P12277	V350H	0.997	pathogenic
P12277	V350I	0.2845	benign
P12277	V350K	0.9951	pathogenic
P12277	V350L	0.7621	pathogenic
P12277	V350M	0.797	pathogenic
P12277	V350N	0.9791	pathogenic
P12277	V350P	0.9947	pathogenic
P12277	V350Q	0.9823	pathogenic
P12277	V350R	0.9879	pathogenic
P12277	V350S	0.9084	pathogenic
P12277	V350T	0.681	pathogenic
P12277	V350W	0.9989	pathogenic
P12277	V350Y	0.9948	pathogenic
P12277	Q351A	0.8092	pathogenic
P12277	Q351C	0.9939	pathogenic
P12277	Q351D	0.9565	pathogenic
P12277	Q351E	0.4698	ambiguous
P12277	Q351F	0.9983	pathogenic
P12277	Q351G	0.6717	pathogenic
P12277	Q351H	0.9708	pathogenic
P12277	Q351I	0.9892	pathogenic
P12277	Q351K	0.8023	pathogenic
P12277	Q351L	0.9561	pathogenic
P12277	Q351M	0.9448	pathogenic
P12277	Q351N	0.7155	pathogenic
P12277	Q351P	0.9895	pathogenic
P12277	Q351R	0.8071	pathogenic
P12277	Q351S	0.6678	pathogenic
P12277	Q351T	0.8441	pathogenic
P12277	Q351V	0.968	pathogenic
P12277	Q351W	0.9959	pathogenic
P12277	Q351Y	0.9971	pathogenic
P12277	M352A	0.4537	ambiguous
P12277	M352C	0.6187	pathogenic
P12277	M352D	0.9231	pathogenic
P12277	M352E	0.7677	pathogenic
P12277	M352F	0.5162	ambiguous
P12277	M352G	0.6262	pathogenic
P12277	M352H	0.6999	pathogenic
P12277	M352I	0.6244	pathogenic
P12277	M352K	0.342	ambiguous
P12277	M352L	0.1615	benign
P12277	M352N	0.5981	pathogenic
P12277	M352P	0.995	pathogenic
P12277	M352Q	0.3738	ambiguous
P12277	M352R	0.4679	ambiguous
P12277	M352S	0.5377	ambiguous
P12277	M352T	0.2176	benign
P12277	M352V	0.1965	benign
P12277	M352W	0.8734	pathogenic
P12277	M352Y	0.7679	pathogenic
P12277	V353A	0.7954	pathogenic
P12277	V353C	0.9349	pathogenic
P12277	V353D	0.991	pathogenic
P12277	V353E	0.9806	pathogenic
P12277	V353F	0.934	pathogenic
P12277	V353G	0.8066	pathogenic
P12277	V353H	0.9956	pathogenic
P12277	V353I	0.3422	ambiguous
P12277	V353K	0.9919	pathogenic
P12277	V353L	0.5565	ambiguous
P12277	V353M	0.7084	pathogenic
P12277	V353N	0.9559	pathogenic
P12277	V353P	0.9929	pathogenic
P12277	V353Q	0.9793	pathogenic
P12277	V353R	0.9877	pathogenic
P12277	V353S	0.9268	pathogenic
P12277	V353T	0.6384	pathogenic
P12277	V353W	0.999	pathogenic
P12277	V353Y	0.9941	pathogenic
P12277	V354A	0.6836	pathogenic
P12277	V354C	0.874	pathogenic
P12277	V354D	0.9889	pathogenic
P12277	V354E	0.9675	pathogenic
P12277	V354F	0.8578	pathogenic
P12277	V354G	0.8385	pathogenic
P12277	V354H	0.9846	pathogenic
P12277	V354I	0.1071	benign
P12277	V354K	0.9768	pathogenic
P12277	V354L	0.6845	pathogenic
P12277	V354M	0.6761	pathogenic
P12277	V354N	0.9382	pathogenic
P12277	V354P	0.9948	pathogenic
P12277	V354Q	0.9594	pathogenic
P12277	V354R	0.9491	pathogenic
P12277	V354S	0.8098	pathogenic
P12277	V354T	0.5655	pathogenic
P12277	V354W	0.993	pathogenic
P12277	V354Y	0.9739	pathogenic
P12277	D355A	0.6845	pathogenic
P12277	D355C	0.9648	pathogenic
P12277	D355E	0.6372	pathogenic
P12277	D355F	0.9746	pathogenic
P12277	D355G	0.7198	pathogenic
P12277	D355H	0.833	pathogenic
P12277	D355I	0.9495	pathogenic
P12277	D355K	0.8867	pathogenic
P12277	D355L	0.9319	pathogenic
P12277	D355M	0.979	pathogenic
P12277	D355N	0.235	benign
P12277	D355P	0.9952	pathogenic
P12277	D355Q	0.8532	pathogenic
P12277	D355R	0.8766	pathogenic
P12277	D355S	0.4629	ambiguous
P12277	D355T	0.7159	pathogenic
P12277	D355V	0.8427	pathogenic
P12277	D355W	0.9914	pathogenic
P12277	D355Y	0.8383	pathogenic
P12277	G356A	0.8412	pathogenic
P12277	G356C	0.98	pathogenic
P12277	G356D	0.9975	pathogenic
P12277	G356E	0.9976	pathogenic
P12277	G356F	0.9993	pathogenic
P12277	G356H	0.9989	pathogenic
P12277	G356I	0.9974	pathogenic
P12277	G356K	0.9989	pathogenic
P12277	G356L	0.9984	pathogenic
P12277	G356M	0.9987	pathogenic
P12277	G356N	0.9962	pathogenic
P12277	G356P	0.9998	pathogenic
P12277	G356Q	0.997	pathogenic
P12277	G356R	0.9964	pathogenic
P12277	G356S	0.8713	pathogenic
P12277	G356T	0.9773	pathogenic
P12277	G356V	0.9916	pathogenic
P12277	G356W	0.9988	pathogenic
P12277	G356Y	0.9989	pathogenic
P12277	V357A	0.7968	pathogenic
P12277	V357C	0.865	pathogenic
P12277	V357D	0.9951	pathogenic
P12277	V357E	0.9869	pathogenic
P12277	V357F	0.9525	pathogenic
P12277	V357G	0.8536	pathogenic
P12277	V357H	0.9967	pathogenic
P12277	V357I	0.1192	benign
P12277	V357K	0.9923	pathogenic
P12277	V357L	0.7899	pathogenic
P12277	V357M	0.7981	pathogenic
P12277	V357N	0.9713	pathogenic
P12277	V357P	0.9963	pathogenic
P12277	V357Q	0.9836	pathogenic
P12277	V357R	0.987	pathogenic
P12277	V357S	0.8907	pathogenic
P12277	V357T	0.6965	pathogenic
P12277	V357W	0.9985	pathogenic
P12277	V357Y	0.9938	pathogenic
P12277	K358A	0.4669	ambiguous
P12277	K358C	0.6415	pathogenic
P12277	K358D	0.7043	pathogenic
P12277	K358E	0.2811	benign
P12277	K358F	0.8969	pathogenic
P12277	K358G	0.4716	ambiguous
P12277	K358H	0.3033	benign
P12277	K358I	0.6717	pathogenic
P12277	K358L	0.5228	ambiguous
P12277	K358M	0.3995	ambiguous
P12277	K358N	0.3891	ambiguous
P12277	K358P	0.9776	pathogenic
P12277	K358Q	0.1381	benign
P12277	K358R	0.096	benign
P12277	K358S	0.4406	ambiguous
P12277	K358T	0.2646	benign
P12277	K358V	0.5806	pathogenic
P12277	K358W	0.8638	pathogenic
P12277	K358Y	0.78	pathogenic
P12277	L359A	0.4047	ambiguous
P12277	L359C	0.4671	ambiguous
P12277	L359D	0.8942	pathogenic
P12277	L359E	0.6027	pathogenic
P12277	L359F	0.3127	benign
P12277	L359G	0.7119	pathogenic
P12277	L359H	0.3643	ambiguous
P12277	L359I	0.19	benign
P12277	L359K	0.2377	benign
P12277	L359M	0.1497	benign
P12277	L359N	0.6969	pathogenic
P12277	L359P	0.978	pathogenic
P12277	L359Q	0.235	benign
P12277	L359R	0.2196	benign
P12277	L359S	0.6068	pathogenic
P12277	L359T	0.2071	benign
P12277	L359V	0.1292	benign
P12277	L359W	0.5201	ambiguous
P12277	L359Y	0.5081	ambiguous
P12277	L360A	0.8862	pathogenic
P12277	L360C	0.782	pathogenic
P12277	L360D	0.9991	pathogenic
P12277	L360E	0.9933	pathogenic
P12277	L360F	0.6434	pathogenic
P12277	L360G	0.9786	pathogenic
P12277	L360H	0.9841	pathogenic
P12277	L360I	0.38	ambiguous
P12277	L360K	0.9929	pathogenic
P12277	L360M	0.1687	benign
P12277	L360N	0.9926	pathogenic
P12277	L360P	0.9958	pathogenic
P12277	L360Q	0.9628	pathogenic
P12277	L360R	0.9891	pathogenic
P12277	L360S	0.9793	pathogenic
P12277	L360T	0.9378	pathogenic
P12277	L360V	0.3752	ambiguous
P12277	L360W	0.9668	pathogenic
P12277	L360Y	0.973	pathogenic
P12277	I361A	0.3651	ambiguous
P12277	I361C	0.7393	pathogenic
P12277	I361D	0.9845	pathogenic
P12277	I361E	0.9445	pathogenic
P12277	I361F	0.8286	pathogenic
P12277	I361G	0.8109	pathogenic
P12277	I361H	0.9571	pathogenic
P12277	I361K	0.8711	pathogenic
P12277	I361L	0.2758	benign
P12277	I361M	0.2659	benign
P12277	I361N	0.8399	pathogenic
P12277	I361P	0.9706	pathogenic
P12277	I361Q	0.8819	pathogenic
P12277	I361R	0.8122	pathogenic
P12277	I361S	0.5812	pathogenic
P12277	I361T	0.1642	benign
P12277	I361V	0.066	benign
P12277	I361W	0.9822	pathogenic
P12277	I361Y	0.9585	pathogenic
P12277	E362A	0.0959	benign
P12277	E362C	0.6391	pathogenic
P12277	E362D	0.1181	benign
P12277	E362F	0.7282	pathogenic
P12277	E362G	0.1357	benign
P12277	E362H	0.2671	benign
P12277	E362I	0.3321	benign
P12277	E362K	0.0972	benign
P12277	E362L	0.2794	benign
P12277	E362M	0.3776	ambiguous
P12277	E362N	0.1858	benign
P12277	E362P	0.8946	pathogenic
P12277	E362Q	0.0759	benign
P12277	E362R	0.1463	benign
P12277	E362S	0.1183	benign
P12277	E362T	0.1164	benign
P12277	E362V	0.1979	benign
P12277	E362W	0.8435	pathogenic
P12277	E362Y	0.5548	ambiguous
P12277	M363A	0.8471	pathogenic
P12277	M363C	0.8696	pathogenic
P12277	M363D	0.9973	pathogenic
P12277	M363E	0.9816	pathogenic
P12277	M363F	0.7764	pathogenic
P12277	M363G	0.9656	pathogenic
P12277	M363H	0.9884	pathogenic
P12277	M363I	0.7937	pathogenic
P12277	M363K	0.9727	pathogenic
P12277	M363L	0.3275	benign
P12277	M363N	0.9787	pathogenic
P12277	M363P	0.9993	pathogenic
P12277	M363Q	0.9299	pathogenic
P12277	M363R	0.9794	pathogenic
P12277	M363S	0.9431	pathogenic
P12277	M363T	0.869	pathogenic
P12277	M363V	0.4432	ambiguous
P12277	M363W	0.9636	pathogenic
P12277	M363Y	0.9521	pathogenic
P12277	E364A	0.9699	pathogenic
P12277	E364C	0.995	pathogenic
P12277	E364D	0.8779	pathogenic
P12277	E364F	0.9998	pathogenic
P12277	E364G	0.9262	pathogenic
P12277	E364H	0.9959	pathogenic
P12277	E364I	0.9984	pathogenic
P12277	E364K	0.9906	pathogenic
P12277	E364L	0.9981	pathogenic
P12277	E364M	0.9986	pathogenic
P12277	E364N	0.9837	pathogenic
P12277	E364P	0.9989	pathogenic
P12277	E364Q	0.9373	pathogenic
P12277	E364R	0.9857	pathogenic
P12277	E364S	0.9694	pathogenic
P12277	E364T	0.9913	pathogenic
P12277	E364V	0.9937	pathogenic
P12277	E364W	0.9998	pathogenic
P12277	E364Y	0.999	pathogenic
P12277	Q365A	0.1864	benign
P12277	Q365C	0.3731	ambiguous
P12277	Q365D	0.5244	ambiguous
P12277	Q365E	0.0979	benign
P12277	Q365F	0.6364	pathogenic
P12277	Q365G	0.1942	benign
P12277	Q365H	0.1743	benign
P12277	Q365I	0.3298	benign
P12277	Q365K	0.0468	benign
P12277	Q365L	0.1201	benign
P12277	Q365M	0.2828	benign
P12277	Q365N	0.3015	benign
P12277	Q365P	0.8481	pathogenic
P12277	Q365R	0.0665	benign
P12277	Q365S	0.2516	benign
P12277	Q365T	0.1509	benign
P12277	Q365V	0.2291	benign
P12277	Q365W	0.489	ambiguous
P12277	Q365Y	0.4612	ambiguous
P12277	R366A	0.347	ambiguous
P12277	R366C	0.1267	benign
P12277	R366D	0.7627	pathogenic
P12277	R366E	0.4355	ambiguous
P12277	R366F	0.6223	pathogenic
P12277	R366G	0.3533	ambiguous
P12277	R366H	0.1234	benign
P12277	R366I	0.3757	ambiguous
P12277	R366K	0.0947	benign
P12277	R366L	0.2119	benign
P12277	R366M	0.304	benign
P12277	R366N	0.5711	pathogenic
P12277	R366P	0.9743	pathogenic
P12277	R366Q	0.1003	benign
P12277	R366S	0.4971	ambiguous
P12277	R366T	0.3545	ambiguous
P12277	R366V	0.4085	ambiguous
P12277	R366W	0.3758	ambiguous
P12277	R366Y	0.4124	ambiguous
P12277	L367A	0.6222	pathogenic
P12277	L367C	0.7246	pathogenic
P12277	L367D	0.9841	pathogenic
P12277	L367E	0.8547	pathogenic
P12277	L367F	0.6355	pathogenic
P12277	L367G	0.9049	pathogenic
P12277	L367H	0.8001	pathogenic
P12277	L367I	0.2604	benign
P12277	L367K	0.7608	pathogenic
P12277	L367M	0.1981	benign
P12277	L367N	0.9112	pathogenic
P12277	L367P	0.9893	pathogenic
P12277	L367Q	0.5566	ambiguous
P12277	L367R	0.6467	pathogenic
P12277	L367S	0.8582	pathogenic
P12277	L367T	0.6925	pathogenic
P12277	L367V	0.2582	benign
P12277	L367W	0.8118	pathogenic
P12277	L367Y	0.8553	pathogenic
P12277	E368A	0.1196	benign
P12277	E368C	0.7589	pathogenic
P12277	E368D	0.3462	ambiguous
P12277	E368F	0.8701	pathogenic
P12277	E368G	0.1625	benign
P12277	E368H	0.5894	pathogenic
P12277	E368I	0.426	ambiguous
P12277	E368K	0.2864	benign
P12277	E368L	0.3707	ambiguous
P12277	E368M	0.477	ambiguous
P12277	E368N	0.3949	ambiguous
P12277	E368P	0.9131	pathogenic
P12277	E368Q	0.119	benign
P12277	E368R	0.3773	ambiguous
P12277	E368S	0.1932	benign
P12277	E368T	0.2731	benign
P12277	E368V	0.2555	benign
P12277	E368W	0.9632	pathogenic
P12277	E368Y	0.8162	pathogenic
P12277	Q369A	0.0797	benign
P12277	Q369C	0.3345	benign
P12277	Q369D	0.1781	benign
P12277	Q369E	0.0705	benign
P12277	Q369F	0.5348	ambiguous
P12277	Q369G	0.1045	benign
P12277	Q369H	0.1196	benign
P12277	Q369I	0.286	benign
P12277	Q369K	0.0534	benign
P12277	Q369L	0.0974	benign
P12277	Q369M	0.2262	benign
P12277	Q369N	0.1315	benign
P12277	Q369P	0.4792	ambiguous
P12277	Q369R	0.0684	benign
P12277	Q369S	0.114	benign
P12277	Q369T	0.1082	benign
P12277	Q369V	0.1795	benign
P12277	Q369W	0.424	ambiguous
P12277	Q369Y	0.3485	ambiguous
P12277	G370A	0.2777	benign
P12277	G370C	0.33	benign
P12277	G370D	0.1219	benign
P12277	G370E	0.1667	benign
P12277	G370F	0.8466	pathogenic
P12277	G370H	0.332	benign
P12277	G370I	0.7156	pathogenic
P12277	G370K	0.2556	benign
P12277	G370L	0.7207	pathogenic
P12277	G370M	0.6958	pathogenic
P12277	G370N	0.1669	benign
P12277	G370P	0.9401	pathogenic
P12277	G370Q	0.2134	benign
P12277	G370R	0.2988	benign
P12277	G370S	0.1456	benign
P12277	G370T	0.381	ambiguous
P12277	G370V	0.5478	ambiguous
P12277	G370W	0.7175	pathogenic
P12277	G370Y	0.6018	pathogenic
P12277	Q371A	0.1266	benign
P12277	Q371C	0.3432	ambiguous
P12277	Q371D	0.2359	benign
P12277	Q371E	0.0698	benign
P12277	Q371F	0.4753	ambiguous
P12277	Q371G	0.1623	benign
P12277	Q371H	0.1379	benign
P12277	Q371I	0.2261	benign
P12277	Q371K	0.0586	benign
P12277	Q371L	0.0939	benign
P12277	Q371M	0.2178	benign
P12277	Q371N	0.2039	benign
P12277	Q371P	0.6143	pathogenic
P12277	Q371R	0.0782	benign
P12277	Q371S	0.1664	benign
P12277	Q371T	0.1329	benign
P12277	Q371V	0.144	benign
P12277	Q371W	0.4062	ambiguous
P12277	Q371Y	0.335	benign
P12277	A372C	0.2345	benign
P12277	A372D	0.0835	benign
P12277	A372E	0.1161	benign
P12277	A372F	0.2776	benign
P12277	A372G	0.0845	benign
P12277	A372H	0.1879	benign
P12277	A372I	0.1941	benign
P12277	A372K	0.1607	benign
P12277	A372L	0.1319	benign
P12277	A372M	0.178	benign
P12277	A372N	0.09	benign
P12277	A372P	0.0719	benign
P12277	A372Q	0.1418	benign
P12277	A372R	0.185	benign
P12277	A372S	0.0592	benign
P12277	A372T	0.0693	benign
P12277	A372V	0.1096	benign
P12277	A372W	0.542	ambiguous
P12277	A372Y	0.3114	benign
P12277	I373A	0.3961	ambiguous
P12277	I373C	0.8394	pathogenic
P12277	I373D	0.9724	pathogenic
P12277	I373E	0.9443	pathogenic
P12277	I373F	0.2576	benign
P12277	I373G	0.8979	pathogenic
P12277	I373H	0.9543	pathogenic
P12277	I373K	0.9442	pathogenic
P12277	I373L	0.174	benign
P12277	I373M	0.1598	benign
P12277	I373N	0.9064	pathogenic
P12277	I373P	0.793	pathogenic
P12277	I373Q	0.9445	pathogenic
P12277	I373R	0.9142	pathogenic
P12277	I373S	0.7167	pathogenic
P12277	I373T	0.3915	ambiguous
P12277	I373V	0.0664	benign
P12277	I373W	0.9015	pathogenic
P12277	I373Y	0.8375	pathogenic
P12277	D374A	0.1306	benign
P12277	D374C	0.4919	ambiguous
P12277	D374E	0.1044	benign
P12277	D374F	0.5644	pathogenic
P12277	D374G	0.1302	benign
P12277	D374H	0.1967	benign
P12277	D374I	0.3848	ambiguous
P12277	D374K	0.2902	benign
P12277	D374L	0.3906	ambiguous
P12277	D374M	0.5187	ambiguous
P12277	D374N	0.0853	benign
P12277	D374P	0.5887	pathogenic
P12277	D374Q	0.2239	benign
P12277	D374R	0.3175	benign
P12277	D374S	0.088	benign
P12277	D374T	0.1521	benign
P12277	D374V	0.233	benign
P12277	D374W	0.795	pathogenic
P12277	D374Y	0.2604	benign
P12277	D375A	0.157	benign
P12277	D375C	0.5178	ambiguous
P12277	D375E	0.1695	benign
P12277	D375F	0.5732	pathogenic
P12277	D375G	0.1435	benign
P12277	D375H	0.2118	benign
P12277	D375I	0.4117	ambiguous
P12277	D375K	0.4053	ambiguous
P12277	D375L	0.4507	ambiguous
P12277	D375M	0.6213	pathogenic
P12277	D375N	0.1097	benign
P12277	D375P	0.6399	pathogenic
P12277	D375Q	0.3145	benign
P12277	D375R	0.4356	ambiguous
P12277	D375S	0.1083	benign
P12277	D375T	0.1975	benign
P12277	D375V	0.2725	benign
P12277	D375W	0.8565	pathogenic
P12277	D375Y	0.2811	benign
P12277	L376A	0.4091	ambiguous
P12277	L376C	0.501	ambiguous
P12277	L376D	0.8537	pathogenic
P12277	L376E	0.5446	ambiguous
P12277	L376F	0.2281	benign
P12277	L376G	0.7687	pathogenic
P12277	L376H	0.4347	ambiguous
P12277	L376I	0.1124	benign
P12277	L376K	0.3514	ambiguous
P12277	L376M	0.114	benign
P12277	L376N	0.7236	pathogenic
P12277	L376P	0.9152	pathogenic
P12277	L376Q	0.2769	benign
P12277	L376R	0.3084	benign
P12277	L376S	0.5714	pathogenic
P12277	L376T	0.4265	ambiguous
P12277	L376V	0.1074	benign
P12277	L376W	0.4651	ambiguous
P12277	L376Y	0.4916	ambiguous
P12277	M377A	0.4779	ambiguous
P12277	M377C	0.6124	pathogenic
P12277	M377D	0.8784	pathogenic
P12277	M377E	0.5135	ambiguous
P12277	M377F	0.2182	benign
P12277	M377G	0.7589	pathogenic
P12277	M377H	0.6338	pathogenic
P12277	M377I	0.1201	benign
P12277	M377K	0.4266	ambiguous
P12277	M377L	0.0759	benign
P12277	M377N	0.657	pathogenic
P12277	M377P	0.8349	pathogenic
P12277	M377Q	0.3748	ambiguous
P12277	M377R	0.4485	ambiguous
P12277	M377S	0.5415	ambiguous
P12277	M377T	0.3413	ambiguous
P12277	M377V	0.0677	benign
P12277	M377W	0.6056	pathogenic
P12277	M377Y	0.5359	ambiguous
P12277	P378A	0.6847	pathogenic
P12277	P378C	0.9845	pathogenic
P12277	P378D	0.9843	pathogenic
P12277	P378E	0.9665	pathogenic
P12277	P378F	0.9907	pathogenic
P12277	P378G	0.9356	pathogenic
P12277	P378H	0.9769	pathogenic
P12277	P378I	0.9167	pathogenic
P12277	P378K	0.9802	pathogenic
P12277	P378L	0.8455	pathogenic
P12277	P378M	0.9678	pathogenic
P12277	P378N	0.988	pathogenic
P12277	P378Q	0.9699	pathogenic
P12277	P378R	0.9639	pathogenic
P12277	P378S	0.9473	pathogenic
P12277	P378T	0.8665	pathogenic
P12277	P378V	0.7906	pathogenic
P12277	P378W	0.9965	pathogenic
P12277	P378Y	0.9886	pathogenic
P12277	A379C	0.3817	ambiguous
P12277	A379D	0.1283	benign
P12277	A379E	0.0944	benign
P12277	A379F	0.3064	benign
P12277	A379G	0.1087	benign
P12277	A379H	0.2794	benign
P12277	A379I	0.1823	benign
P12277	A379K	0.1757	benign
P12277	A379L	0.1415	benign
P12277	A379M	0.2061	benign
P12277	A379N	0.1533	benign
P12277	A379P	0.111	benign
P12277	A379Q	0.1354	benign
P12277	A379R	0.2054	benign
P12277	A379S	0.0759	benign
P12277	A379T	0.0754	benign
P12277	A379V	0.1021	benign
P12277	A379W	0.6469	pathogenic
P12277	A379Y	0.3945	ambiguous
P12277	Q380A	0.1249	benign
P12277	Q380C	0.6732	pathogenic
P12277	Q380D	0.265	benign
P12277	Q380E	0.0743	benign
P12277	Q380F	0.6909	pathogenic
P12277	Q380G	0.2062	benign
P12277	Q380H	0.2803	benign
P12277	Q380I	0.4003	ambiguous
P12277	Q380K	0.1115	benign
P12277	Q380L	0.1827	benign
P12277	Q380M	0.3587	ambiguous
P12277	Q380N	0.2651	benign
P12277	Q380P	0.0759	benign
P12277	Q380R	0.1385	benign
P12277	Q380S	0.16	benign
P12277	Q380T	0.1597	benign
P12277	Q380V	0.222	benign
P12277	Q380W	0.6309	pathogenic
P12277	Q380Y	0.5741	pathogenic
P12277	K381A	0.4895	ambiguous
P12277	K381C	0.8091	pathogenic
P12277	K381D	0.7743	pathogenic
P12277	K381E	0.3481	ambiguous
P12277	K381F	0.9006	pathogenic
P12277	K381G	0.6042	pathogenic
P12277	K381H	0.61	pathogenic
P12277	K381I	0.5674	pathogenic
P12277	K381L	0.5302	ambiguous
P12277	K381M	0.4707	ambiguous
P12277	K381N	0.6628	pathogenic
P12277	K381P	0.5598	ambiguous
P12277	K381Q	0.2543	benign
P12277	K381R	0.1234	benign
P12277	K381S	0.6077	pathogenic
P12277	K381T	0.3666	ambiguous
P12277	K381V	0.4266	ambiguous
P12277	K381W	0.9283	pathogenic
P12277	K381Y	0.807	pathogenic
Q8WXI7	P12277A	0.1261	benign
Q8WXI7	P12277C	0.5563	ambiguous
Q8WXI7	P12277D	0.3322	benign
Q8WXI7	P12277E	0.2812	benign
Q8WXI7	P12277F	0.3475	ambiguous
Q8WXI7	P12277G	0.3082	benign
Q8WXI7	P12277H	0.1292	benign
Q8WXI7	P12277I	0.3057	benign
Q8WXI7	P12277K	0.2677	benign
Q8WXI7	P12277L	0.1288	benign
Q8WXI7	P12277M	0.3597	ambiguous
Q8WXI7	P12277N	0.2737	benign
Q8WXI7	P12277Q	0.1585	benign
Q8WXI7	P12277R	0.128	benign
Q8WXI7	P12277S	0.1213	benign
Q8WXI7	P12277T	0.1244	benign
Q8WXI7	P12277V	0.2452	benign
Q8WXI7	P12277W	0.4563	ambiguous
Q8WXI7	P12277Y	0.3083	benign
