P31751	M1A	0.5277	ambiguous
P31751	M1C	0.3582	ambiguous
P31751	M1D	0.8736	pathogenic
P31751	M1E	0.6923	pathogenic
P31751	M1F	0.3595	ambiguous
P31751	M1G	0.626	pathogenic
P31751	M1H	0.7151	pathogenic
P31751	M1I	0.4748	ambiguous
P31751	M1K	0.5542	ambiguous
P31751	M1L	0.1923	benign
P31751	M1N	0.6514	pathogenic
P31751	M1P	0.7341	pathogenic
P31751	M1Q	0.3503	ambiguous
P31751	M1R	0.4951	ambiguous
P31751	M1S	0.5119	ambiguous
P31751	M1T	0.4669	ambiguous
P31751	M1V	0.1103	benign
P31751	M1W	0.617	pathogenic
P31751	M1Y	0.6645	pathogenic
P31751	N2A	0.1314	benign
P31751	N2C	0.2296	benign
P31751	N2D	0.0789	benign
P31751	N2E	0.1574	benign
P31751	N2F	0.4813	ambiguous
P31751	N2G	0.1427	benign
P31751	N2H	0.1158	benign
P31751	N2I	0.2785	benign
P31751	N2K	0.2149	benign
P31751	N2L	0.2466	benign
P31751	N2M	0.2946	benign
P31751	N2P	0.2204	benign
P31751	N2Q	0.1819	benign
P31751	N2R	0.232	benign
P31751	N2S	0.0733	benign
P31751	N2T	0.0897	benign
P31751	N2V	0.2411	benign
P31751	N2W	0.6367	pathogenic
P31751	N2Y	0.1985	benign
P31751	E3A	0.1811	benign
P31751	E3C	0.7259	pathogenic
P31751	E3D	0.0682	benign
P31751	E3F	0.7115	pathogenic
P31751	E3G	0.1711	benign
P31751	E3H	0.3949	ambiguous
P31751	E3I	0.472	ambiguous
P31751	E3K	0.3107	benign
P31751	E3L	0.4663	ambiguous
P31751	E3M	0.591	pathogenic
P31751	E3N	0.2117	benign
P31751	E3P	0.4403	ambiguous
P31751	E3Q	0.182	benign
P31751	E3R	0.3515	ambiguous
P31751	E3S	0.1857	benign
P31751	E3T	0.2333	benign
P31751	E3V	0.2864	benign
P31751	E3W	0.864	pathogenic
P31751	E3Y	0.5651	pathogenic
P31751	V4A	0.1614	benign
P31751	V4C	0.6281	pathogenic
P31751	V4D	0.2313	benign
P31751	V4E	0.2238	benign
P31751	V4F	0.1832	benign
P31751	V4G	0.1541	benign
P31751	V4H	0.5685	pathogenic
P31751	V4I	0.089	benign
P31751	V4K	0.46	ambiguous
P31751	V4L	0.2209	benign
P31751	V4M	0.2366	benign
P31751	V4N	0.2141	benign
P31751	V4P	0.3001	benign
P31751	V4Q	0.3267	benign
P31751	V4R	0.4354	ambiguous
P31751	V4S	0.1909	benign
P31751	V4T	0.2097	benign
P31751	V4W	0.8063	pathogenic
P31751	V4Y	0.4923	ambiguous
P31751	S5A	0.0568	benign
P31751	S5C	0.0865	benign
P31751	S5D	0.1958	benign
P31751	S5E	0.2332	benign
P31751	S5F	0.1502	benign
P31751	S5G	0.0826	benign
P31751	S5H	0.2058	benign
P31751	S5I	0.13	benign
P31751	S5K	0.3799	ambiguous
P31751	S5L	0.0971	benign
P31751	S5M	0.1465	benign
P31751	S5N	0.0943	benign
P31751	S5P	0.1474	benign
P31751	S5Q	0.2455	benign
P31751	S5R	0.3283	benign
P31751	S5T	0.0558	benign
P31751	S5V	0.1034	benign
P31751	S5W	0.2734	benign
P31751	S5Y	0.1599	benign
P31751	V6A	0.5282	ambiguous
P31751	V6C	0.8046	pathogenic
P31751	V6D	0.7565	pathogenic
P31751	V6E	0.686	pathogenic
P31751	V6F	0.3487	ambiguous
P31751	V6G	0.5731	pathogenic
P31751	V6H	0.867	pathogenic
P31751	V6I	0.0735	benign
P31751	V6K	0.7625	pathogenic
P31751	V6L	0.2483	benign
P31751	V6M	0.3475	ambiguous
P31751	V6N	0.6622	pathogenic
P31751	V6P	0.6629	pathogenic
P31751	V6Q	0.7332	pathogenic
P31751	V6R	0.7071	pathogenic
P31751	V6S	0.6173	pathogenic
P31751	V6T	0.4559	ambiguous
P31751	V6W	0.9055	pathogenic
P31751	V6Y	0.7643	pathogenic
P31751	I7A	0.6164	pathogenic
P31751	I7C	0.7138	pathogenic
P31751	I7D	0.9537	pathogenic
P31751	I7E	0.8243	pathogenic
P31751	I7F	0.3352	benign
P31751	I7G	0.8838	pathogenic
P31751	I7H	0.8162	pathogenic
P31751	I7K	0.7427	pathogenic
P31751	I7L	0.1987	benign
P31751	I7M	0.2254	benign
P31751	I7N	0.7915	pathogenic
P31751	I7P	0.9575	pathogenic
P31751	I7Q	0.7094	pathogenic
P31751	I7R	0.6386	pathogenic
P31751	I7S	0.6892	pathogenic
P31751	I7T	0.4666	ambiguous
P31751	I7V	0.0617	benign
P31751	I7W	0.8998	pathogenic
P31751	I7Y	0.7429	pathogenic
P31751	K8A	0.9171	pathogenic
P31751	K8C	0.8922	pathogenic
P31751	K8D	0.9932	pathogenic
P31751	K8E	0.8901	pathogenic
P31751	K8F	0.9756	pathogenic
P31751	K8G	0.9478	pathogenic
P31751	K8H	0.7632	pathogenic
P31751	K8I	0.9079	pathogenic
P31751	K8L	0.8279	pathogenic
P31751	K8M	0.844	pathogenic
P31751	K8N	0.985	pathogenic
P31751	K8P	0.9955	pathogenic
P31751	K8Q	0.5827	pathogenic
P31751	K8R	0.0867	benign
P31751	K8S	0.9698	pathogenic
P31751	K8T	0.8967	pathogenic
P31751	K8V	0.8379	pathogenic
P31751	K8W	0.9614	pathogenic
P31751	K8Y	0.9292	pathogenic
P31751	E9A	0.4357	ambiguous
P31751	E9C	0.9603	pathogenic
P31751	E9D	0.751	pathogenic
P31751	E9F	0.9867	pathogenic
P31751	E9G	0.6883	pathogenic
P31751	E9H	0.9315	pathogenic
P31751	E9I	0.9107	pathogenic
P31751	E9K	0.8287	pathogenic
P31751	E9L	0.9617	pathogenic
P31751	E9M	0.9297	pathogenic
P31751	E9N	0.9146	pathogenic
P31751	E9P	0.9976	pathogenic
P31751	E9Q	0.3642	ambiguous
P31751	E9R	0.8377	pathogenic
P31751	E9S	0.6031	pathogenic
P31751	E9T	0.6603	pathogenic
P31751	E9V	0.7058	pathogenic
P31751	E9W	0.9946	pathogenic
P31751	E9Y	0.9707	pathogenic
P31751	G10A	0.9705	pathogenic
P31751	G10C	0.9979	pathogenic
P31751	G10D	0.9961	pathogenic
P31751	G10E	0.9982	pathogenic
P31751	G10F	0.9989	pathogenic
P31751	G10H	0.9998	pathogenic
P31751	G10I	0.9989	pathogenic
P31751	G10K	0.9996	pathogenic
P31751	G10L	0.9989	pathogenic
P31751	G10M	0.9995	pathogenic
P31751	G10N	0.9987	pathogenic
P31751	G10P	0.9999	pathogenic
P31751	G10Q	0.9993	pathogenic
P31751	G10R	0.9993	pathogenic
P31751	G10S	0.9905	pathogenic
P31751	G10T	0.9966	pathogenic
P31751	G10V	0.9977	pathogenic
P31751	G10W	0.9993	pathogenic
P31751	G10Y	0.9989	pathogenic
P31751	W11A	0.9625	pathogenic
P31751	W11C	0.986	pathogenic
P31751	W11D	0.9924	pathogenic
P31751	W11E	0.9921	pathogenic
P31751	W11F	0.3907	ambiguous
P31751	W11G	0.9287	pathogenic
P31751	W11H	0.9746	pathogenic
P31751	W11I	0.9353	pathogenic
P31751	W11K	0.9962	pathogenic
P31751	W11L	0.8626	pathogenic
P31751	W11M	0.9556	pathogenic
P31751	W11N	0.988	pathogenic
P31751	W11P	0.9743	pathogenic
P31751	W11Q	0.9951	pathogenic
P31751	W11R	0.9937	pathogenic
P31751	W11S	0.9658	pathogenic
P31751	W11T	0.9691	pathogenic
P31751	W11V	0.9118	pathogenic
P31751	W11Y	0.6513	pathogenic
P31751	L12A	0.9748	pathogenic
P31751	L12C	0.9556	pathogenic
P31751	L12D	0.9999	pathogenic
P31751	L12E	0.9989	pathogenic
P31751	L12F	0.9928	pathogenic
P31751	L12G	0.9907	pathogenic
P31751	L12H	0.9993	pathogenic
P31751	L12I	0.4206	ambiguous
P31751	L12K	0.9981	pathogenic
P31751	L12M	0.8779	pathogenic
P31751	L12N	0.9986	pathogenic
P31751	L12P	0.9995	pathogenic
P31751	L12Q	0.9977	pathogenic
P31751	L12R	0.9943	pathogenic
P31751	L12S	0.9987	pathogenic
P31751	L12T	0.9844	pathogenic
P31751	L12V	0.2374	benign
P31751	L12W	0.999	pathogenic
P31751	L12Y	0.9989	pathogenic
P31751	H13A	0.5717	pathogenic
P31751	H13C	0.249	benign
P31751	H13D	0.8136	pathogenic
P31751	H13E	0.6056	pathogenic
P31751	H13F	0.2362	benign
P31751	H13G	0.6477	pathogenic
P31751	H13I	0.7088	pathogenic
P31751	H13K	0.6511	pathogenic
P31751	H13L	0.1975	benign
P31751	H13M	0.5243	ambiguous
P31751	H13N	0.2747	benign
P31751	H13P	0.9401	pathogenic
P31751	H13Q	0.1887	benign
P31751	H13R	0.4188	ambiguous
P31751	H13S	0.4593	ambiguous
P31751	H13T	0.6909	pathogenic
P31751	H13V	0.598	pathogenic
P31751	H13W	0.3956	ambiguous
P31751	H13Y	0.1285	benign
P31751	K14A	0.9975	pathogenic
P31751	K14C	0.9983	pathogenic
P31751	K14D	0.9995	pathogenic
P31751	K14E	0.9987	pathogenic
P31751	K14F	0.9993	pathogenic
P31751	K14G	0.9939	pathogenic
P31751	K14H	0.9961	pathogenic
P31751	K14I	0.9984	pathogenic
P31751	K14L	0.9978	pathogenic
P31751	K14M	0.9987	pathogenic
P31751	K14N	0.9998	pathogenic
P31751	K14P	0.9978	pathogenic
P31751	K14Q	0.997	pathogenic
P31751	K14R	0.8581	pathogenic
P31751	K14S	0.9986	pathogenic
P31751	K14T	0.9959	pathogenic
P31751	K14V	0.9967	pathogenic
P31751	K14W	0.9991	pathogenic
P31751	K14Y	0.9971	pathogenic
P31751	R15A	0.9957	pathogenic
P31751	R15C	0.9977	pathogenic
P31751	R15D	0.9985	pathogenic
P31751	R15E	0.9901	pathogenic
P31751	R15F	0.9993	pathogenic
P31751	R15G	0.9914	pathogenic
P31751	R15H	0.9928	pathogenic
P31751	R15I	0.998	pathogenic
P31751	R15K	0.9091	pathogenic
P31751	R15L	0.994	pathogenic
P31751	R15M	0.9991	pathogenic
P31751	R15N	0.9991	pathogenic
P31751	R15P	0.9986	pathogenic
P31751	R15Q	0.9768	pathogenic
P31751	R15S	0.9991	pathogenic
P31751	R15T	0.9985	pathogenic
P31751	R15V	0.9962	pathogenic
P31751	R15W	0.9961	pathogenic
P31751	R15Y	0.9971	pathogenic
P31751	G16A	0.9964	pathogenic
P31751	G16C	0.9995	pathogenic
P31751	G16D	0.9996	pathogenic
P31751	G16E	0.9996	pathogenic
P31751	G16F	0.9996	pathogenic
P31751	G16H	1.0	pathogenic
P31751	G16I	0.9998	pathogenic
P31751	G16K	0.9999	pathogenic
P31751	G16L	0.9996	pathogenic
P31751	G16M	0.9999	pathogenic
P31751	G16N	0.9999	pathogenic
P31751	G16P	0.9998	pathogenic
P31751	G16Q	0.9998	pathogenic
P31751	G16R	0.9996	pathogenic
P31751	G16S	0.9986	pathogenic
P31751	G16T	0.9993	pathogenic
P31751	G16V	0.9993	pathogenic
P31751	G16W	0.9993	pathogenic
P31751	G16Y	0.9996	pathogenic
P31751	E17A	0.9957	pathogenic
P31751	E17C	0.9996	pathogenic
P31751	E17D	0.9903	pathogenic
P31751	E17F	0.9995	pathogenic
P31751	E17G	0.9944	pathogenic
P31751	E17H	0.9996	pathogenic
P31751	E17I	0.9993	pathogenic
P31751	E17K	0.9981	pathogenic
P31751	E17L	0.9997	pathogenic
P31751	E17M	0.9993	pathogenic
P31751	E17N	0.9979	pathogenic
P31751	E17P	0.9984	pathogenic
P31751	E17Q	0.9923	pathogenic
P31751	E17R	0.9963	pathogenic
P31751	E17S	0.9967	pathogenic
P31751	E17T	0.9989	pathogenic
P31751	E17V	0.9985	pathogenic
P31751	E17W	0.9999	pathogenic
P31751	E17Y	0.9994	pathogenic
P31751	Y18A	0.9965	pathogenic
P31751	Y18C	0.9918	pathogenic
P31751	Y18D	0.9907	pathogenic
P31751	Y18E	0.9985	pathogenic
P31751	Y18F	0.5897	pathogenic
P31751	Y18G	0.9849	pathogenic
P31751	Y18H	0.9791	pathogenic
P31751	Y18I	0.9906	pathogenic
P31751	Y18K	0.9985	pathogenic
P31751	Y18L	0.9815	pathogenic
P31751	Y18M	0.9929	pathogenic
P31751	Y18N	0.9709	pathogenic
P31751	Y18P	0.9977	pathogenic
P31751	Y18Q	0.9991	pathogenic
P31751	Y18R	0.9966	pathogenic
P31751	Y18S	0.9909	pathogenic
P31751	Y18T	0.9958	pathogenic
P31751	Y18V	0.9771	pathogenic
P31751	Y18W	0.9463	pathogenic
P31751	I19A	0.9985	pathogenic
P31751	I19C	0.9998	pathogenic
P31751	I19D	0.9999	pathogenic
P31751	I19E	0.9996	pathogenic
P31751	I19F	0.9822	pathogenic
P31751	I19G	0.9997	pathogenic
P31751	I19H	0.9998	pathogenic
P31751	I19K	0.9994	pathogenic
P31751	I19L	0.9314	pathogenic
P31751	I19M	0.9769	pathogenic
P31751	I19N	0.9994	pathogenic
P31751	I19P	0.9982	pathogenic
P31751	I19Q	0.9988	pathogenic
P31751	I19R	0.9965	pathogenic
P31751	I19S	0.9985	pathogenic
P31751	I19T	0.9991	pathogenic
P31751	I19V	0.9394	pathogenic
P31751	I19W	0.9988	pathogenic
P31751	I19Y	0.997	pathogenic
P31751	K20A	0.9887	pathogenic
P31751	K20C	0.9924	pathogenic
P31751	K20D	0.9977	pathogenic
P31751	K20E	0.995	pathogenic
P31751	K20F	0.9985	pathogenic
P31751	K20G	0.9826	pathogenic
P31751	K20H	0.9501	pathogenic
P31751	K20I	0.9959	pathogenic
P31751	K20L	0.9877	pathogenic
P31751	K20M	0.9891	pathogenic
P31751	K20N	0.9958	pathogenic
P31751	K20P	0.9882	pathogenic
P31751	K20Q	0.9268	pathogenic
P31751	K20R	0.1795	benign
P31751	K20S	0.992	pathogenic
P31751	K20T	0.9754	pathogenic
P31751	K20V	0.9892	pathogenic
P31751	K20W	0.9971	pathogenic
P31751	K20Y	0.9942	pathogenic
P31751	T21A	0.8434	pathogenic
P31751	T21C	0.9812	pathogenic
P31751	T21D	0.9699	pathogenic
P31751	T21E	0.9761	pathogenic
P31751	T21F	0.9765	pathogenic
P31751	T21G	0.8179	pathogenic
P31751	T21H	0.8986	pathogenic
P31751	T21I	0.9768	pathogenic
P31751	T21K	0.976	pathogenic
P31751	T21L	0.8927	pathogenic
P31751	T21M	0.8203	pathogenic
P31751	T21N	0.1804	benign
P31751	T21P	0.9353	pathogenic
P31751	T21Q	0.9238	pathogenic
P31751	T21R	0.961	pathogenic
P31751	T21S	0.6332	pathogenic
P31751	T21V	0.9153	pathogenic
P31751	T21W	0.9952	pathogenic
P31751	T21Y	0.9618	pathogenic
P31751	W22A	0.9993	pathogenic
P31751	W22C	0.9997	pathogenic
P31751	W22D	0.9999	pathogenic
P31751	W22E	0.9999	pathogenic
P31751	W22F	0.9322	pathogenic
P31751	W22G	0.9973	pathogenic
P31751	W22H	0.9994	pathogenic
P31751	W22I	0.9993	pathogenic
P31751	W22K	1.0	pathogenic
P31751	W22L	0.9973	pathogenic
P31751	W22M	0.9996	pathogenic
P31751	W22N	0.9998	pathogenic
P31751	W22P	0.9993	pathogenic
P31751	W22Q	1.0	pathogenic
P31751	W22R	0.9999	pathogenic
P31751	W22S	0.9985	pathogenic
P31751	W22T	0.9996	pathogenic
P31751	W22V	0.999	pathogenic
P31751	W22Y	0.9746	pathogenic
P31751	R23A	0.9998	pathogenic
P31751	R23C	0.9994	pathogenic
P31751	R23D	0.9997	pathogenic
P31751	R23E	0.9985	pathogenic
P31751	R23F	0.9996	pathogenic
P31751	R23G	0.9991	pathogenic
P31751	R23H	0.9955	pathogenic
P31751	R23I	0.9995	pathogenic
P31751	R23K	0.988	pathogenic
P31751	R23L	0.9986	pathogenic
P31751	R23M	0.9999	pathogenic
P31751	R23N	0.9997	pathogenic
P31751	R23P	0.9995	pathogenic
P31751	R23Q	0.9972	pathogenic
P31751	R23S	0.9998	pathogenic
P31751	R23T	0.9999	pathogenic
P31751	R23V	0.9996	pathogenic
P31751	R23W	0.9979	pathogenic
P31751	R23Y	0.9981	pathogenic
P31751	P24A	0.3145	benign
P31751	P24C	0.9217	pathogenic
P31751	P24D	0.9221	pathogenic
P31751	P24E	0.7753	pathogenic
P31751	P24F	0.9662	pathogenic
P31751	P24G	0.7313	pathogenic
P31751	P24H	0.7576	pathogenic
P31751	P24I	0.9317	pathogenic
P31751	P24K	0.8193	pathogenic
P31751	P24L	0.6712	pathogenic
P31751	P24M	0.8757	pathogenic
P31751	P24N	0.8167	pathogenic
P31751	P24Q	0.5067	ambiguous
P31751	P24R	0.6518	pathogenic
P31751	P24S	0.4955	ambiguous
P31751	P24T	0.6424	pathogenic
P31751	P24V	0.8159	pathogenic
P31751	P24W	0.976	pathogenic
P31751	P24Y	0.9436	pathogenic
P31751	R25A	0.9986	pathogenic
P31751	R25C	0.9968	pathogenic
P31751	R25D	0.9997	pathogenic
P31751	R25E	0.9974	pathogenic
P31751	R25F	0.9997	pathogenic
P31751	R25G	0.9981	pathogenic
P31751	R25H	0.9973	pathogenic
P31751	R25I	0.9993	pathogenic
P31751	R25K	0.9947	pathogenic
P31751	R25L	0.9979	pathogenic
P31751	R25M	0.9999	pathogenic
P31751	R25N	0.9997	pathogenic
P31751	R25P	0.999	pathogenic
P31751	R25Q	0.9975	pathogenic
P31751	R25S	0.9995	pathogenic
P31751	R25T	0.9996	pathogenic
P31751	R25V	0.9988	pathogenic
P31751	R25W	0.998	pathogenic
P31751	R25Y	0.9986	pathogenic
P31751	Y26A	0.998	pathogenic
P31751	Y26C	0.9821	pathogenic
P31751	Y26D	0.9995	pathogenic
P31751	Y26E	0.9999	pathogenic
P31751	Y26F	0.2493	benign
P31751	Y26G	0.9956	pathogenic
P31751	Y26H	0.986	pathogenic
P31751	Y26I	0.996	pathogenic
P31751	Y26K	0.9998	pathogenic
P31751	Y26L	0.9883	pathogenic
P31751	Y26M	0.9977	pathogenic
P31751	Y26N	0.9959	pathogenic
P31751	Y26P	0.9994	pathogenic
P31751	Y26Q	0.9997	pathogenic
P31751	Y26R	0.9985	pathogenic
P31751	Y26S	0.9955	pathogenic
P31751	Y26T	0.9992	pathogenic
P31751	Y26V	0.9912	pathogenic
P31751	Y26W	0.668	pathogenic
P31751	F27A	0.9995	pathogenic
P31751	F27C	0.9973	pathogenic
P31751	F27D	0.9999	pathogenic
P31751	F27E	0.9999	pathogenic
P31751	F27G	0.9996	pathogenic
P31751	F27H	0.9988	pathogenic
P31751	F27I	0.9959	pathogenic
P31751	F27K	0.9999	pathogenic
P31751	F27L	0.9997	pathogenic
P31751	F27M	0.9983	pathogenic
P31751	F27N	0.9998	pathogenic
P31751	F27P	1.0	pathogenic
P31751	F27Q	0.9997	pathogenic
P31751	F27R	0.9992	pathogenic
P31751	F27S	0.9997	pathogenic
P31751	F27T	0.9997	pathogenic
P31751	F27V	0.9952	pathogenic
P31751	F27W	0.9937	pathogenic
P31751	F27Y	0.9601	pathogenic
P31751	L28A	0.5707	pathogenic
P31751	L28C	0.5202	ambiguous
P31751	L28D	0.9781	pathogenic
P31751	L28E	0.7244	pathogenic
P31751	L28F	0.27	benign
P31751	L28G	0.9206	pathogenic
P31751	L28H	0.4982	ambiguous
P31751	L28I	0.0872	benign
P31751	L28K	0.5512	ambiguous
P31751	L28M	0.1563	benign
P31751	L28N	0.8606	pathogenic
P31751	L28P	0.9956	pathogenic
P31751	L28Q	0.2915	benign
P31751	L28R	0.3481	ambiguous
P31751	L28S	0.7086	pathogenic
P31751	L28T	0.5022	ambiguous
P31751	L28V	0.0889	benign
P31751	L28W	0.546	ambiguous
P31751	L28Y	0.5953	pathogenic
P31751	L29A	0.9939	pathogenic
P31751	L29C	0.9863	pathogenic
P31751	L29D	1.0	pathogenic
P31751	L29E	0.9995	pathogenic
P31751	L29F	0.9931	pathogenic
P31751	L29G	0.9987	pathogenic
P31751	L29H	0.9996	pathogenic
P31751	L29I	0.8437	pathogenic
P31751	L29K	0.9993	pathogenic
P31751	L29M	0.9123	pathogenic
P31751	L29N	0.9998	pathogenic
P31751	L29P	0.9998	pathogenic
P31751	L29Q	0.999	pathogenic
P31751	L29R	0.998	pathogenic
P31751	L29S	0.9997	pathogenic
P31751	L29T	0.9987	pathogenic
P31751	L29V	0.8848	pathogenic
P31751	L29W	0.9994	pathogenic
P31751	L29Y	0.9991	pathogenic
P31751	K30A	0.9441	pathogenic
P31751	K30C	0.804	pathogenic
P31751	K30D	0.9914	pathogenic
P31751	K30E	0.892	pathogenic
P31751	K30F	0.9306	pathogenic
P31751	K30G	0.931	pathogenic
P31751	K30H	0.5469	ambiguous
P31751	K30I	0.9612	pathogenic
P31751	K30L	0.6867	pathogenic
P31751	K30M	0.7269	pathogenic
P31751	K30N	0.9578	pathogenic
P31751	K30P	0.997	pathogenic
P31751	K30Q	0.4237	ambiguous
P31751	K30R	0.0913	benign
P31751	K30S	0.9584	pathogenic
P31751	K30T	0.8623	pathogenic
P31751	K30V	0.9235	pathogenic
P31751	K30W	0.9242	pathogenic
P31751	K30Y	0.796	pathogenic
P31751	S31A	0.1209	benign
P31751	S31C	0.2332	benign
P31751	S31D	0.3817	ambiguous
P31751	S31E	0.5796	pathogenic
P31751	S31F	0.7138	pathogenic
P31751	S31G	0.1256	benign
P31751	S31H	0.5461	ambiguous
P31751	S31I	0.5957	pathogenic
P31751	S31K	0.8192	pathogenic
P31751	S31L	0.3242	benign
P31751	S31M	0.3759	ambiguous
P31751	S31N	0.1675	benign
P31751	S31P	0.8569	pathogenic
P31751	S31Q	0.6236	pathogenic
P31751	S31R	0.7721	pathogenic
P31751	S31T	0.1201	benign
P31751	S31V	0.5242	ambiguous
P31751	S31W	0.719	pathogenic
P31751	S31Y	0.5463	ambiguous
P31751	D32A	0.9791	pathogenic
P31751	D32C	0.9844	pathogenic
P31751	D32E	0.9741	pathogenic
P31751	D32F	0.9986	pathogenic
P31751	D32G	0.9454	pathogenic
P31751	D32H	0.9895	pathogenic
P31751	D32I	0.9962	pathogenic
P31751	D32K	0.997	pathogenic
P31751	D32L	0.9942	pathogenic
P31751	D32M	0.997	pathogenic
P31751	D32N	0.4039	ambiguous
P31751	D32P	0.9961	pathogenic
P31751	D32Q	0.9925	pathogenic
P31751	D32R	0.9944	pathogenic
P31751	D32S	0.8218	pathogenic
P31751	D32T	0.907	pathogenic
P31751	D32V	0.9856	pathogenic
P31751	D32W	0.9994	pathogenic
P31751	D32Y	0.9901	pathogenic
P31751	G33A	0.9881	pathogenic
P31751	G33C	0.9977	pathogenic
P31751	G33D	0.9998	pathogenic
P31751	G33E	0.9997	pathogenic
P31751	G33F	0.9997	pathogenic
P31751	G33H	0.9998	pathogenic
P31751	G33I	0.9997	pathogenic
P31751	G33K	0.9998	pathogenic
P31751	G33L	0.9996	pathogenic
P31751	G33M	0.9998	pathogenic
P31751	G33N	0.9995	pathogenic
P31751	G33P	0.9999	pathogenic
P31751	G33Q	0.9996	pathogenic
P31751	G33R	0.999	pathogenic
P31751	G33S	0.9906	pathogenic
P31751	G33T	0.9987	pathogenic
P31751	G33V	0.9994	pathogenic
P31751	G33W	0.9997	pathogenic
P31751	G33Y	0.9996	pathogenic
P31751	S34A	0.2075	benign
P31751	S34C	0.2872	benign
P31751	S34D	0.9326	pathogenic
P31751	S34E	0.935	pathogenic
P31751	S34F	0.7862	pathogenic
P31751	S34G	0.3355	benign
P31751	S34H	0.8095	pathogenic
P31751	S34I	0.8038	pathogenic
P31751	S34K	0.9803	pathogenic
P31751	S34L	0.4391	ambiguous
P31751	S34M	0.5256	ambiguous
P31751	S34N	0.6322	pathogenic
P31751	S34P	0.9973	pathogenic
P31751	S34Q	0.8476	pathogenic
P31751	S34R	0.9523	pathogenic
P31751	S34T	0.1245	benign
P31751	S34V	0.7039	pathogenic
P31751	S34W	0.8538	pathogenic
P31751	S34Y	0.711	pathogenic
P31751	F35A	0.9974	pathogenic
P31751	F35C	0.9908	pathogenic
P31751	F35D	0.9999	pathogenic
P31751	F35E	0.9999	pathogenic
P31751	F35G	0.9991	pathogenic
P31751	F35H	0.9995	pathogenic
P31751	F35I	0.9699	pathogenic
P31751	F35K	0.9999	pathogenic
P31751	F35L	0.9774	pathogenic
P31751	F35M	0.9767	pathogenic
P31751	F35N	0.9998	pathogenic
P31751	F35P	1.0	pathogenic
P31751	F35Q	0.9998	pathogenic
P31751	F35R	0.9993	pathogenic
P31751	F35S	0.9995	pathogenic
P31751	F35T	0.9995	pathogenic
P31751	F35V	0.9675	pathogenic
P31751	F35W	0.9922	pathogenic
P31751	F35Y	0.9716	pathogenic
P31751	I36A	0.4739	ambiguous
P31751	I36C	0.7704	pathogenic
P31751	I36D	0.9807	pathogenic
P31751	I36E	0.9019	pathogenic
P31751	I36F	0.3748	ambiguous
P31751	I36G	0.9234	pathogenic
P31751	I36H	0.8511	pathogenic
P31751	I36K	0.8279	pathogenic
P31751	I36L	0.1425	benign
P31751	I36M	0.1712	benign
P31751	I36N	0.8758	pathogenic
P31751	I36P	0.9848	pathogenic
P31751	I36Q	0.7805	pathogenic
P31751	I36R	0.6482	pathogenic
P31751	I36S	0.642	pathogenic
P31751	I36T	0.2535	benign
P31751	I36V	0.0899	benign
P31751	I36W	0.869	pathogenic
P31751	I36Y	0.7932	pathogenic
P31751	G37A	0.985	pathogenic
P31751	G37C	0.9969	pathogenic
P31751	G37D	0.9999	pathogenic
P31751	G37E	0.9999	pathogenic
P31751	G37F	0.9992	pathogenic
P31751	G37H	0.9999	pathogenic
P31751	G37I	0.9986	pathogenic
P31751	G37K	0.9999	pathogenic
P31751	G37L	0.9992	pathogenic
P31751	G37M	0.9998	pathogenic
P31751	G37N	0.9998	pathogenic
P31751	G37P	0.9998	pathogenic
P31751	G37Q	0.9999	pathogenic
P31751	G37R	0.9997	pathogenic
P31751	G37S	0.9943	pathogenic
P31751	G37T	0.9972	pathogenic
P31751	G37V	0.9981	pathogenic
P31751	G37W	0.9995	pathogenic
P31751	G37Y	0.9994	pathogenic
P31751	Y38A	0.9967	pathogenic
P31751	Y38C	0.8462	pathogenic
P31751	Y38D	0.9981	pathogenic
P31751	Y38E	0.9992	pathogenic
P31751	Y38F	0.137	benign
P31751	Y38G	0.9866	pathogenic
P31751	Y38H	0.9518	pathogenic
P31751	Y38I	0.9898	pathogenic
P31751	Y38K	0.9987	pathogenic
P31751	Y38L	0.9737	pathogenic
P31751	Y38M	0.9883	pathogenic
P31751	Y38N	0.9866	pathogenic
P31751	Y38P	0.9995	pathogenic
P31751	Y38Q	0.998	pathogenic
P31751	Y38R	0.9934	pathogenic
P31751	Y38S	0.9871	pathogenic
P31751	Y38T	0.997	pathogenic
P31751	Y38V	0.9791	pathogenic
P31751	Y38W	0.6371	pathogenic
P31751	K39A	0.9883	pathogenic
P31751	K39C	0.9954	pathogenic
P31751	K39D	0.9973	pathogenic
P31751	K39E	0.989	pathogenic
P31751	K39F	0.999	pathogenic
P31751	K39G	0.9836	pathogenic
P31751	K39H	0.9719	pathogenic
P31751	K39I	0.9954	pathogenic
P31751	K39L	0.9864	pathogenic
P31751	K39M	0.9893	pathogenic
P31751	K39N	0.9972	pathogenic
P31751	K39P	0.9854	pathogenic
P31751	K39Q	0.9303	pathogenic
P31751	K39R	0.152	benign
P31751	K39S	0.9945	pathogenic
P31751	K39T	0.982	pathogenic
P31751	K39V	0.989	pathogenic
P31751	K39W	0.9962	pathogenic
P31751	K39Y	0.9947	pathogenic
P31751	E40A	0.6456	pathogenic
P31751	E40C	0.9572	pathogenic
P31751	E40D	0.1479	benign
P31751	E40F	0.9624	pathogenic
P31751	E40G	0.5567	ambiguous
P31751	E40H	0.8985	pathogenic
P31751	E40I	0.8702	pathogenic
P31751	E40K	0.8421	pathogenic
P31751	E40L	0.8712	pathogenic
P31751	E40M	0.8955	pathogenic
P31751	E40N	0.6191	pathogenic
P31751	E40P	0.982	pathogenic
P31751	E40Q	0.5215	ambiguous
P31751	E40R	0.8556	pathogenic
P31751	E40S	0.6287	pathogenic
P31751	E40T	0.7125	pathogenic
P31751	E40V	0.7008	pathogenic
P31751	E40W	0.9895	pathogenic
P31751	E40Y	0.9302	pathogenic
P31751	R41A	0.4471	ambiguous
P31751	R41C	0.2288	benign
P31751	R41D	0.8346	pathogenic
P31751	R41E	0.4173	ambiguous
P31751	R41F	0.6459	pathogenic
P31751	R41G	0.4413	ambiguous
P31751	R41H	0.1913	benign
P31751	R41I	0.3221	benign
P31751	R41K	0.0735	benign
P31751	R41L	0.2686	benign
P31751	R41M	0.3199	benign
P31751	R41N	0.7504	pathogenic
P31751	R41P	0.3311	benign
P31751	R41Q	0.1208	benign
P31751	R41S	0.6582	pathogenic
P31751	R41T	0.4528	ambiguous
P31751	R41V	0.3644	ambiguous
P31751	R41W	0.373	ambiguous
P31751	R41Y	0.5257	ambiguous
P31751	P42A	0.5975	pathogenic
P31751	P42C	0.9493	pathogenic
P31751	P42D	0.9656	pathogenic
P31751	P42E	0.9185	pathogenic
P31751	P42F	0.9785	pathogenic
P31751	P42G	0.8764	pathogenic
P31751	P42H	0.9177	pathogenic
P31751	P42I	0.8791	pathogenic
P31751	P42K	0.9445	pathogenic
P31751	P42L	0.6926	pathogenic
P31751	P42M	0.8924	pathogenic
P31751	P42N	0.9565	pathogenic
P31751	P42Q	0.8773	pathogenic
P31751	P42R	0.8855	pathogenic
P31751	P42S	0.8565	pathogenic
P31751	P42T	0.7569	pathogenic
P31751	P42V	0.7554	pathogenic
P31751	P42W	0.9861	pathogenic
P31751	P42Y	0.9776	pathogenic
P31751	E43A	0.1223	benign
P31751	E43C	0.6153	pathogenic
P31751	E43D	0.0623	benign
P31751	E43F	0.5604	ambiguous
P31751	E43G	0.1326	benign
P31751	E43H	0.3201	benign
P31751	E43I	0.2781	benign
P31751	E43K	0.2104	benign
P31751	E43L	0.2394	benign
P31751	E43M	0.3729	ambiguous
P31751	E43N	0.1652	benign
P31751	E43P	0.2955	benign
P31751	E43Q	0.1359	benign
P31751	E43R	0.282	benign
P31751	E43S	0.1301	benign
P31751	E43T	0.1787	benign
P31751	E43V	0.1641	benign
P31751	E43W	0.7858	pathogenic
P31751	E43Y	0.4414	ambiguous
P31751	A44C	0.1469	benign
P31751	A44D	0.0994	benign
P31751	A44E	0.1141	benign
P31751	A44F	0.1157	benign
P31751	A44G	0.0693	benign
P31751	A44H	0.1479	benign
P31751	A44I	0.0821	benign
P31751	A44K	0.1871	benign
P31751	A44L	0.0687	benign
P31751	A44M	0.0834	benign
P31751	A44N	0.0841	benign
P31751	A44P	0.1045	benign
P31751	A44Q	0.133	benign
P31751	A44R	0.1974	benign
P31751	A44S	0.0665	benign
P31751	A44T	0.0617	benign
P31751	A44V	0.0613	benign
P31751	A44W	0.307	benign
P31751	A44Y	0.1588	benign
P31751	P45A	0.0504	benign
P31751	P45C	0.1279	benign
P31751	P45D	0.1377	benign
P31751	P45E	0.112	benign
P31751	P45F	0.1638	benign
P31751	P45G	0.0942	benign
P31751	P45H	0.0843	benign
P31751	P45I	0.1106	benign
P31751	P45K	0.1375	benign
P31751	P45L	0.0702	benign
P31751	P45M	0.1141	benign
P31751	P45N	0.1006	benign
P31751	P45Q	0.0743	benign
P31751	P45R	0.1028	benign
P31751	P45S	0.063	benign
P31751	P45T	0.0583	benign
P31751	P45V	0.082	benign
P31751	P45W	0.239	benign
P31751	P45Y	0.1611	benign
P31751	D46A	0.1352	benign
P31751	D46C	0.348	ambiguous
P31751	D46E	0.0832	benign
P31751	D46F	0.3852	ambiguous
P31751	D46G	0.1107	benign
P31751	D46H	0.2018	benign
P31751	D46I	0.2456	benign
P31751	D46K	0.3302	benign
P31751	D46L	0.2329	benign
P31751	D46M	0.3825	ambiguous
P31751	D46N	0.096	benign
P31751	D46P	0.3954	ambiguous
P31751	D46Q	0.1872	benign
P31751	D46R	0.3273	benign
P31751	D46S	0.0956	benign
P31751	D46T	0.166	benign
P31751	D46V	0.1569	benign
P31751	D46W	0.7337	pathogenic
P31751	D46Y	0.2313	benign
P31751	Q47A	0.1061	benign
P31751	Q47C	0.2379	benign
P31751	Q47D	0.1305	benign
P31751	Q47E	0.0753	benign
P31751	Q47F	0.3189	benign
P31751	Q47G	0.1213	benign
P31751	Q47H	0.0819	benign
P31751	Q47I	0.2022	benign
P31751	Q47K	0.0975	benign
P31751	Q47L	0.0956	benign
P31751	Q47M	0.2036	benign
P31751	Q47N	0.1114	benign
P31751	Q47P	0.0872	benign
P31751	Q47R	0.0916	benign
P31751	Q47S	0.1007	benign
P31751	Q47T	0.1015	benign
P31751	Q47V	0.1348	benign
P31751	Q47W	0.3129	benign
P31751	Q47Y	0.1901	benign
P31751	T48A	0.059	benign
P31751	T48C	0.1179	benign
P31751	T48D	0.1652	benign
P31751	T48E	0.1618	benign
P31751	T48F	0.1272	benign
P31751	T48G	0.0881	benign
P31751	T48H	0.1066	benign
P31751	T48I	0.0984	benign
P31751	T48K	0.1856	benign
P31751	T48L	0.0673	benign
P31751	T48M	0.0761	benign
P31751	T48N	0.0648	benign
P31751	T48P	0.065	benign
P31751	T48Q	0.1229	benign
P31751	T48R	0.1665	benign
P31751	T48S	0.0591	benign
P31751	T48V	0.0819	benign
P31751	T48W	0.2771	benign
P31751	T48Y	0.1303	benign
P31751	L49A	0.115	benign
P31751	L49C	0.3245	benign
P31751	L49D	0.4112	ambiguous
P31751	L49E	0.2278	benign
P31751	L49F	0.1117	benign
P31751	L49G	0.2326	benign
P31751	L49H	0.1667	benign
P31751	L49I	0.0901	benign
P31751	L49K	0.2536	benign
P31751	L49M	0.0872	benign
P31751	L49N	0.1897	benign
P31751	L49P	0.1544	benign
P31751	L49Q	0.1018	benign
P31751	L49R	0.2068	benign
P31751	L49S	0.1193	benign
P31751	L49T	0.1231	benign
P31751	L49V	0.0712	benign
P31751	L49W	0.2467	benign
P31751	L49Y	0.2634	benign
P31751	P50A	0.0886	benign
P31751	P50C	0.43	ambiguous
P31751	P50D	0.5562	ambiguous
P31751	P50E	0.3522	ambiguous
P31751	P50F	0.4844	ambiguous
P31751	P50G	0.3147	benign
P31751	P50H	0.2562	benign
P31751	P50I	0.3262	benign
P31751	P50K	0.5367	ambiguous
P31751	P50L	0.1279	benign
P31751	P50M	0.2953	benign
P31751	P50N	0.3421	ambiguous
P31751	P50Q	0.1889	benign
P31751	P50R	0.3779	ambiguous
P31751	P50S	0.1399	benign
P31751	P50T	0.1289	benign
P31751	P50V	0.2088	benign
P31751	P50W	0.7123	pathogenic
P31751	P50Y	0.489	ambiguous
P31751	P51A	0.3326	benign
P31751	P51C	0.9151	pathogenic
P31751	P51D	0.9937	pathogenic
P31751	P51E	0.9694	pathogenic
P31751	P51F	0.9836	pathogenic
P31751	P51G	0.9191	pathogenic
P31751	P51H	0.9416	pathogenic
P31751	P51I	0.9153	pathogenic
P31751	P51K	0.9749	pathogenic
P31751	P51L	0.8183	pathogenic
P31751	P51M	0.9498	pathogenic
P31751	P51N	0.9858	pathogenic
P31751	P51Q	0.9031	pathogenic
P31751	P51R	0.9148	pathogenic
P31751	P51S	0.8253	pathogenic
P31751	P51T	0.8324	pathogenic
P31751	P51V	0.7639	pathogenic
P31751	P51W	0.9927	pathogenic
P31751	P51Y	0.9821	pathogenic
P31751	L52A	0.9365	pathogenic
P31751	L52C	0.9855	pathogenic
P31751	L52D	0.9988	pathogenic
P31751	L52E	0.9927	pathogenic
P31751	L52F	0.9754	pathogenic
P31751	L52G	0.9874	pathogenic
P31751	L52H	0.9946	pathogenic
P31751	L52I	0.7204	pathogenic
P31751	L52K	0.9913	pathogenic
P31751	L52M	0.7714	pathogenic
P31751	L52N	0.9835	pathogenic
P31751	L52P	0.9981	pathogenic
P31751	L52Q	0.9794	pathogenic
P31751	L52R	0.9795	pathogenic
P31751	L52S	0.982	pathogenic
P31751	L52T	0.9668	pathogenic
P31751	L52V	0.7536	pathogenic
P31751	L52W	0.9927	pathogenic
P31751	L52Y	0.9897	pathogenic
P31751	N53A	0.9977	pathogenic
P31751	N53C	0.9895	pathogenic
P31751	N53D	0.9988	pathogenic
P31751	N53E	0.9989	pathogenic
P31751	N53F	0.9982	pathogenic
P31751	N53G	0.9929	pathogenic
P31751	N53H	0.9947	pathogenic
P31751	N53I	0.9975	pathogenic
P31751	N53K	0.9995	pathogenic
P31751	N53L	0.9911	pathogenic
P31751	N53M	0.9977	pathogenic
P31751	N53P	0.9946	pathogenic
P31751	N53Q	0.9983	pathogenic
P31751	N53R	0.998	pathogenic
P31751	N53S	0.9744	pathogenic
P31751	N53T	0.9934	pathogenic
P31751	N53V	0.9962	pathogenic
P31751	N53W	0.9991	pathogenic
P31751	N53Y	0.9912	pathogenic
P31751	N54A	0.6718	pathogenic
P31751	N54C	0.5607	ambiguous
P31751	N54D	0.3842	ambiguous
P31751	N54E	0.8993	pathogenic
P31751	N54F	0.9062	pathogenic
P31751	N54G	0.8036	pathogenic
P31751	N54H	0.3579	ambiguous
P31751	N54I	0.7582	pathogenic
P31751	N54K	0.9129	pathogenic
P31751	N54L	0.6473	pathogenic
P31751	N54M	0.8273	pathogenic
P31751	N54P	0.9868	pathogenic
P31751	N54Q	0.8019	pathogenic
P31751	N54R	0.8227	pathogenic
P31751	N54S	0.1939	benign
P31751	N54T	0.4868	ambiguous
P31751	N54V	0.6656	pathogenic
P31751	N54W	0.9724	pathogenic
P31751	N54Y	0.5538	ambiguous
P31751	F55A	0.9994	pathogenic
P31751	F55C	0.999	pathogenic
P31751	F55D	0.9998	pathogenic
P31751	F55E	0.9998	pathogenic
P31751	F55G	0.9997	pathogenic
P31751	F55H	0.9985	pathogenic
P31751	F55I	0.9946	pathogenic
P31751	F55K	0.9998	pathogenic
P31751	F55L	0.9997	pathogenic
P31751	F55M	0.9986	pathogenic
P31751	F55N	0.9995	pathogenic
P31751	F55P	1.0	pathogenic
P31751	F55Q	0.9996	pathogenic
P31751	F55R	0.9988	pathogenic
P31751	F55S	0.9996	pathogenic
P31751	F55T	0.9995	pathogenic
P31751	F55V	0.995	pathogenic
P31751	F55W	0.9927	pathogenic
P31751	F55Y	0.9566	pathogenic
P31751	S56A	0.3115	benign
P31751	S56C	0.3276	benign
P31751	S56D	0.8918	pathogenic
P31751	S56E	0.9612	pathogenic
P31751	S56F	0.8764	pathogenic
P31751	S56G	0.4122	ambiguous
P31751	S56H	0.8204	pathogenic
P31751	S56I	0.8129	pathogenic
P31751	S56K	0.9836	pathogenic
P31751	S56L	0.5053	ambiguous
P31751	S56M	0.6588	pathogenic
P31751	S56N	0.517	ambiguous
P31751	S56P	0.9671	pathogenic
P31751	S56Q	0.9041	pathogenic
P31751	S56R	0.9697	pathogenic
P31751	S56T	0.165	benign
P31751	S56V	0.7263	pathogenic
P31751	S56W	0.9099	pathogenic
P31751	S56Y	0.8199	pathogenic
P31751	V57A	0.974	pathogenic
P31751	V57C	0.994	pathogenic
P31751	V57D	0.9996	pathogenic
P31751	V57E	0.9985	pathogenic
P31751	V57F	0.9899	pathogenic
P31751	V57G	0.9887	pathogenic
P31751	V57H	0.9997	pathogenic
P31751	V57I	0.3058	benign
P31751	V57K	0.9987	pathogenic
P31751	V57L	0.9527	pathogenic
P31751	V57M	0.9771	pathogenic
P31751	V57N	0.999	pathogenic
P31751	V57P	0.9944	pathogenic
P31751	V57Q	0.9988	pathogenic
P31751	V57R	0.9965	pathogenic
P31751	V57S	0.9934	pathogenic
P31751	V57T	0.9771	pathogenic
P31751	V57W	0.9999	pathogenic
P31751	V57Y	0.9995	pathogenic
P31751	A58C	0.694	pathogenic
P31751	A58D	0.7405	pathogenic
P31751	A58E	0.4623	ambiguous
P31751	A58F	0.6917	pathogenic
P31751	A58G	0.188	benign
P31751	A58H	0.7491	pathogenic
P31751	A58I	0.7323	pathogenic
P31751	A58K	0.7188	pathogenic
P31751	A58L	0.4012	ambiguous
P31751	A58M	0.5487	ambiguous
P31751	A58N	0.6543	pathogenic
P31751	A58P	0.96	pathogenic
P31751	A58Q	0.4416	ambiguous
P31751	A58R	0.5513	ambiguous
P31751	A58S	0.1528	benign
P31751	A58T	0.3369	benign
P31751	A58V	0.4689	ambiguous
P31751	A58W	0.9192	pathogenic
P31751	A58Y	0.7399	pathogenic
P31751	E59A	0.3296	benign
P31751	E59C	0.9414	pathogenic
P31751	E59D	0.2678	benign
P31751	E59F	0.9619	pathogenic
P31751	E59G	0.3034	benign
P31751	E59H	0.7645	pathogenic
P31751	E59I	0.8987	pathogenic
P31751	E59K	0.4592	ambiguous
P31751	E59L	0.8281	pathogenic
P31751	E59M	0.848	pathogenic
P31751	E59N	0.5272	ambiguous
P31751	E59P	0.9305	pathogenic
P31751	E59Q	0.2106	benign
P31751	E59R	0.5359	ambiguous
P31751	E59S	0.3963	ambiguous
P31751	E59T	0.6215	pathogenic
P31751	E59V	0.7053	pathogenic
P31751	E59W	0.9884	pathogenic
P31751	E59Y	0.9129	pathogenic
P31751	C60A	0.8892	pathogenic
P31751	C60D	0.9991	pathogenic
P31751	C60E	0.9996	pathogenic
P31751	C60F	0.9883	pathogenic
P31751	C60G	0.8572	pathogenic
P31751	C60H	0.9987	pathogenic
P31751	C60I	0.9826	pathogenic
P31751	C60K	0.9998	pathogenic
P31751	C60L	0.9817	pathogenic
P31751	C60M	0.9846	pathogenic
P31751	C60N	0.9947	pathogenic
P31751	C60P	0.9995	pathogenic
P31751	C60Q	0.9989	pathogenic
P31751	C60R	0.9986	pathogenic
P31751	C60S	0.8794	pathogenic
P31751	C60T	0.9512	pathogenic
P31751	C60V	0.9237	pathogenic
P31751	C60W	0.9981	pathogenic
P31751	C60Y	0.9964	pathogenic
P31751	Q61A	0.7597	pathogenic
P31751	Q61C	0.9772	pathogenic
P31751	Q61D	0.9745	pathogenic
P31751	Q61E	0.5937	pathogenic
P31751	Q61F	0.9643	pathogenic
P31751	Q61G	0.9006	pathogenic
P31751	Q61H	0.8834	pathogenic
P31751	Q61I	0.8802	pathogenic
P31751	Q61K	0.8263	pathogenic
P31751	Q61L	0.7628	pathogenic
P31751	Q61M	0.7774	pathogenic
P31751	Q61N	0.8835	pathogenic
P31751	Q61P	0.987	pathogenic
P31751	Q61R	0.7829	pathogenic
P31751	Q61S	0.6938	pathogenic
P31751	Q61T	0.6923	pathogenic
P31751	Q61V	0.7783	pathogenic
P31751	Q61W	0.9868	pathogenic
P31751	Q61Y	0.9698	pathogenic
P31751	L62A	0.907	pathogenic
P31751	L62C	0.8964	pathogenic
P31751	L62D	0.9982	pathogenic
P31751	L62E	0.982	pathogenic
P31751	L62F	0.8346	pathogenic
P31751	L62G	0.9803	pathogenic
P31751	L62H	0.973	pathogenic
P31751	L62I	0.2326	benign
P31751	L62K	0.9688	pathogenic
P31751	L62M	0.3694	ambiguous
P31751	L62N	0.9815	pathogenic
P31751	L62P	0.9907	pathogenic
P31751	L62Q	0.9404	pathogenic
P31751	L62R	0.9534	pathogenic
P31751	L62S	0.9823	pathogenic
P31751	L62T	0.8711	pathogenic
P31751	L62V	0.2341	benign
P31751	L62W	0.9546	pathogenic
P31751	L62Y	0.9673	pathogenic
P31751	M63A	0.9777	pathogenic
P31751	M63C	0.9741	pathogenic
P31751	M63D	0.998	pathogenic
P31751	M63E	0.9868	pathogenic
P31751	M63F	0.7857	pathogenic
P31751	M63G	0.9825	pathogenic
P31751	M63H	0.973	pathogenic
P31751	M63I	0.9539	pathogenic
P31751	M63K	0.9635	pathogenic
P31751	M63L	0.4049	ambiguous
P31751	M63N	0.987	pathogenic
P31751	M63P	0.9987	pathogenic
P31751	M63Q	0.859	pathogenic
P31751	M63R	0.9431	pathogenic
P31751	M63S	0.9719	pathogenic
P31751	M63T	0.9802	pathogenic
P31751	M63V	0.7043	pathogenic
P31751	M63W	0.966	pathogenic
P31751	M63Y	0.949	pathogenic
P31751	K64A	0.7897	pathogenic
P31751	K64C	0.8936	pathogenic
P31751	K64D	0.9704	pathogenic
P31751	K64E	0.7213	pathogenic
P31751	K64F	0.9799	pathogenic
P31751	K64G	0.8851	pathogenic
P31751	K64H	0.7514	pathogenic
P31751	K64I	0.869	pathogenic
P31751	K64L	0.8077	pathogenic
P31751	K64M	0.6758	pathogenic
P31751	K64N	0.9286	pathogenic
P31751	K64P	0.8893	pathogenic
P31751	K64Q	0.3428	ambiguous
P31751	K64R	0.1303	benign
P31751	K64S	0.898	pathogenic
P31751	K64T	0.6546	pathogenic
P31751	K64V	0.7575	pathogenic
P31751	K64W	0.9725	pathogenic
P31751	K64Y	0.9482	pathogenic
P31751	T65A	0.2804	benign
P31751	T65C	0.7656	pathogenic
P31751	T65D	0.9509	pathogenic
P31751	T65E	0.8748	pathogenic
P31751	T65F	0.8686	pathogenic
P31751	T65G	0.575	pathogenic
P31751	T65H	0.8357	pathogenic
P31751	T65I	0.7276	pathogenic
P31751	T65K	0.8294	pathogenic
P31751	T65L	0.4495	ambiguous
P31751	T65M	0.2385	benign
P31751	T65N	0.6018	pathogenic
P31751	T65P	0.9015	pathogenic
P31751	T65Q	0.6428	pathogenic
P31751	T65R	0.7507	pathogenic
P31751	T65S	0.4007	ambiguous
P31751	T65V	0.4361	ambiguous
P31751	T65W	0.9441	pathogenic
P31751	T65Y	0.8838	pathogenic
P31751	E66A	0.8067	pathogenic
P31751	E66C	0.9883	pathogenic
P31751	E66D	0.3446	ambiguous
P31751	E66F	0.9961	pathogenic
P31751	E66G	0.732	pathogenic
P31751	E66H	0.9707	pathogenic
P31751	E66I	0.9807	pathogenic
P31751	E66K	0.9421	pathogenic
P31751	E66L	0.9766	pathogenic
P31751	E66M	0.9774	pathogenic
P31751	E66N	0.7555	pathogenic
P31751	E66P	0.9625	pathogenic
P31751	E66Q	0.7446	pathogenic
P31751	E66R	0.9472	pathogenic
P31751	E66S	0.713	pathogenic
P31751	E66T	0.8947	pathogenic
P31751	E66V	0.9278	pathogenic
P31751	E66W	0.9984	pathogenic
P31751	E66Y	0.9923	pathogenic
P31751	R67A	0.9636	pathogenic
P31751	R67C	0.8757	pathogenic
P31751	R67D	0.9807	pathogenic
P31751	R67E	0.9429	pathogenic
P31751	R67F	0.9656	pathogenic
P31751	R67G	0.9102	pathogenic
P31751	R67H	0.6182	pathogenic
P31751	R67I	0.9127	pathogenic
P31751	R67K	0.3406	ambiguous
P31751	R67L	0.8719	pathogenic
P31751	R67M	0.9468	pathogenic
P31751	R67N	0.9713	pathogenic
P31751	R67P	0.9828	pathogenic
P31751	R67Q	0.646	pathogenic
P31751	R67S	0.9783	pathogenic
P31751	R67T	0.9521	pathogenic
P31751	R67V	0.9223	pathogenic
P31751	R67W	0.8409	pathogenic
P31751	R67Y	0.9067	pathogenic
P31751	P68A	0.9767	pathogenic
P31751	P68C	0.9976	pathogenic
P31751	P68D	0.9974	pathogenic
P31751	P68E	0.9965	pathogenic
P31751	P68F	0.9984	pathogenic
P31751	P68G	0.9835	pathogenic
P31751	P68H	0.9953	pathogenic
P31751	P68I	0.9931	pathogenic
P31751	P68K	0.9972	pathogenic
P31751	P68L	0.9807	pathogenic
P31751	P68M	0.9954	pathogenic
P31751	P68N	0.9953	pathogenic
P31751	P68Q	0.9942	pathogenic
P31751	P68R	0.9914	pathogenic
P31751	P68S	0.9934	pathogenic
P31751	P68T	0.9865	pathogenic
P31751	P68V	0.9825	pathogenic
P31751	P68W	0.9992	pathogenic
P31751	P68Y	0.9975	pathogenic
P31751	R69A	0.9336	pathogenic
P31751	R69C	0.6985	pathogenic
P31751	R69D	0.9892	pathogenic
P31751	R69E	0.9333	pathogenic
P31751	R69F	0.9637	pathogenic
P31751	R69G	0.8764	pathogenic
P31751	R69H	0.5706	pathogenic
P31751	R69I	0.8823	pathogenic
P31751	R69K	0.1388	benign
P31751	R69L	0.7615	pathogenic
P31751	R69M	0.9057	pathogenic
P31751	R69N	0.9825	pathogenic
P31751	R69P	0.9666	pathogenic
P31751	R69Q	0.485	ambiguous
P31751	R69S	0.9717	pathogenic
P31751	R69T	0.9436	pathogenic
P31751	R69V	0.8713	pathogenic
P31751	R69W	0.853	pathogenic
P31751	R69Y	0.9254	pathogenic
P31751	P70A	0.1314	benign
P31751	P70C	0.6645	pathogenic
P31751	P70D	0.7496	pathogenic
P31751	P70E	0.4856	ambiguous
P31751	P70F	0.832	pathogenic
P31751	P70G	0.4728	ambiguous
P31751	P70H	0.4272	ambiguous
P31751	P70I	0.585	pathogenic
P31751	P70K	0.5824	pathogenic
P31751	P70L	0.2856	benign
P31751	P70M	0.5393	ambiguous
P31751	P70N	0.538	ambiguous
P31751	P70Q	0.2767	benign
P31751	P70R	0.425	ambiguous
P31751	P70S	0.2644	benign
P31751	P70T	0.2619	benign
P31751	P70V	0.388	ambiguous
P31751	P70W	0.9071	pathogenic
P31751	P70Y	0.7911	pathogenic
P31751	N71A	0.72	pathogenic
P31751	N71C	0.2638	benign
P31751	N71D	0.7181	pathogenic
P31751	N71E	0.9377	pathogenic
P31751	N71F	0.5327	ambiguous
P31751	N71G	0.6289	pathogenic
P31751	N71H	0.1227	benign
P31751	N71I	0.9481	pathogenic
P31751	N71K	0.9403	pathogenic
P31751	N71L	0.8423	pathogenic
P31751	N71M	0.8339	pathogenic
P31751	N71P	0.9799	pathogenic
P31751	N71Q	0.7433	pathogenic
P31751	N71R	0.8504	pathogenic
P31751	N71S	0.1813	benign
P31751	N71T	0.7431	pathogenic
P31751	N71V	0.8741	pathogenic
P31751	N71W	0.8373	pathogenic
P31751	N71Y	0.1809	benign
P31751	T72A	0.5794	pathogenic
P31751	T72C	0.7289	pathogenic
P31751	T72D	0.9974	pathogenic
P31751	T72E	0.9968	pathogenic
P31751	T72F	0.9937	pathogenic
P31751	T72G	0.8095	pathogenic
P31751	T72H	0.9876	pathogenic
P31751	T72I	0.9726	pathogenic
P31751	T72K	0.9969	pathogenic
P31751	T72L	0.9305	pathogenic
P31751	T72M	0.8686	pathogenic
P31751	T72N	0.9535	pathogenic
P31751	T72P	0.985	pathogenic
P31751	T72Q	0.9844	pathogenic
P31751	T72R	0.9915	pathogenic
P31751	T72S	0.5923	pathogenic
P31751	T72V	0.8413	pathogenic
P31751	T72W	0.9989	pathogenic
P31751	T72Y	0.9946	pathogenic
P31751	F73A	0.9972	pathogenic
P31751	F73C	0.9936	pathogenic
P31751	F73D	0.9999	pathogenic
P31751	F73E	0.9999	pathogenic
P31751	F73G	0.9993	pathogenic
P31751	F73H	0.9992	pathogenic
P31751	F73I	0.9306	pathogenic
P31751	F73K	0.9999	pathogenic
P31751	F73L	0.9948	pathogenic
P31751	F73M	0.9709	pathogenic
P31751	F73N	0.9997	pathogenic
P31751	F73P	1.0	pathogenic
P31751	F73Q	0.9998	pathogenic
P31751	F73R	0.9995	pathogenic
P31751	F73S	0.9992	pathogenic
P31751	F73T	0.9985	pathogenic
P31751	F73V	0.9186	pathogenic
P31751	F73W	0.9822	pathogenic
P31751	F73Y	0.948	pathogenic
P31751	V74A	0.9381	pathogenic
P31751	V74C	0.9345	pathogenic
P31751	V74D	0.9961	pathogenic
P31751	V74E	0.9868	pathogenic
P31751	V74F	0.77	pathogenic
P31751	V74G	0.9469	pathogenic
P31751	V74H	0.9869	pathogenic
P31751	V74I	0.1146	benign
P31751	V74K	0.9883	pathogenic
P31751	V74L	0.587	pathogenic
P31751	V74M	0.6134	pathogenic
P31751	V74N	0.9734	pathogenic
P31751	V74P	0.9987	pathogenic
P31751	V74Q	0.9679	pathogenic
P31751	V74R	0.9725	pathogenic
P31751	V74S	0.9411	pathogenic
P31751	V74T	0.8958	pathogenic
P31751	V74W	0.9916	pathogenic
P31751	V74Y	0.969	pathogenic
P31751	I75A	0.9901	pathogenic
P31751	I75C	0.9849	pathogenic
P31751	I75D	0.9999	pathogenic
P31751	I75E	0.9996	pathogenic
P31751	I75F	0.9294	pathogenic
P31751	I75G	0.9987	pathogenic
P31751	I75H	0.9996	pathogenic
P31751	I75K	0.9993	pathogenic
P31751	I75L	0.414	ambiguous
P31751	I75M	0.5358	ambiguous
P31751	I75N	0.9987	pathogenic
P31751	I75P	0.9992	pathogenic
P31751	I75Q	0.9989	pathogenic
P31751	I75R	0.9988	pathogenic
P31751	I75S	0.9958	pathogenic
P31751	I75T	0.9949	pathogenic
P31751	I75V	0.3349	benign
P31751	I75W	0.9987	pathogenic
P31751	I75Y	0.9963	pathogenic
P31751	R76A	0.9974	pathogenic
P31751	R76C	0.9675	pathogenic
P31751	R76D	0.9993	pathogenic
P31751	R76E	0.9946	pathogenic
P31751	R76F	0.9985	pathogenic
P31751	R76G	0.9947	pathogenic
P31751	R76H	0.9429	pathogenic
P31751	R76I	0.9942	pathogenic
P31751	R76K	0.9382	pathogenic
P31751	R76L	0.9886	pathogenic
P31751	R76M	0.9985	pathogenic
P31751	R76N	0.9987	pathogenic
P31751	R76P	0.9993	pathogenic
P31751	R76Q	0.9401	pathogenic
P31751	R76S	0.9972	pathogenic
P31751	R76T	0.9966	pathogenic
P31751	R76V	0.994	pathogenic
P31751	R76W	0.9799	pathogenic
P31751	R76Y	0.9946	pathogenic
P31751	C77A	0.9674	pathogenic
P31751	C77D	0.9997	pathogenic
P31751	C77E	0.9999	pathogenic
P31751	C77F	0.9516	pathogenic
P31751	C77G	0.7457	pathogenic
P31751	C77H	0.9987	pathogenic
P31751	C77I	0.9958	pathogenic
P31751	C77K	0.9999	pathogenic
P31751	C77L	0.9816	pathogenic
P31751	C77M	0.9888	pathogenic
P31751	C77N	0.9972	pathogenic
P31751	C77P	0.9998	pathogenic
P31751	C77Q	0.9994	pathogenic
P31751	C77R	0.999	pathogenic
P31751	C77S	0.9765	pathogenic
P31751	C77T	0.9916	pathogenic
P31751	C77V	0.985	pathogenic
P31751	C77W	0.9986	pathogenic
P31751	C77Y	0.9954	pathogenic
P31751	L78A	0.9601	pathogenic
P31751	L78C	0.9668	pathogenic
P31751	L78D	0.9985	pathogenic
P31751	L78E	0.9842	pathogenic
P31751	L78F	0.8124	pathogenic
P31751	L78G	0.9868	pathogenic
P31751	L78H	0.9417	pathogenic
P31751	L78I	0.701	pathogenic
P31751	L78K	0.894	pathogenic
P31751	L78M	0.603	pathogenic
P31751	L78N	0.9852	pathogenic
P31751	L78P	0.9915	pathogenic
P31751	L78Q	0.8943	pathogenic
P31751	L78R	0.7362	pathogenic
P31751	L78S	0.9838	pathogenic
P31751	L78T	0.963	pathogenic
P31751	L78V	0.7413	pathogenic
P31751	L78W	0.869	pathogenic
P31751	L78Y	0.9366	pathogenic
P31751	Q79A	0.9101	pathogenic
P31751	Q79C	0.9965	pathogenic
P31751	Q79D	0.9963	pathogenic
P31751	Q79E	0.8974	pathogenic
P31751	Q79F	0.9934	pathogenic
P31751	Q79G	0.9477	pathogenic
P31751	Q79H	0.9859	pathogenic
P31751	Q79I	0.9889	pathogenic
P31751	Q79K	0.9786	pathogenic
P31751	Q79L	0.9313	pathogenic
P31751	Q79M	0.9289	pathogenic
P31751	Q79N	0.9595	pathogenic
P31751	Q79P	0.9928	pathogenic
P31751	Q79R	0.964	pathogenic
P31751	Q79S	0.861	pathogenic
P31751	Q79T	0.9379	pathogenic
P31751	Q79V	0.9733	pathogenic
P31751	Q79W	0.9968	pathogenic
P31751	Q79Y	0.9961	pathogenic
P31751	W80A	0.9654	pathogenic
P31751	W80C	0.9822	pathogenic
P31751	W80D	0.9958	pathogenic
P31751	W80E	0.9958	pathogenic
P31751	W80F	0.6206	pathogenic
P31751	W80G	0.854	pathogenic
P31751	W80H	0.9884	pathogenic
P31751	W80I	0.9725	pathogenic
P31751	W80K	0.9968	pathogenic
P31751	W80L	0.7467	pathogenic
P31751	W80M	0.8605	pathogenic
P31751	W80N	0.991	pathogenic
P31751	W80P	0.9984	pathogenic
P31751	W80Q	0.9941	pathogenic
P31751	W80R	0.9937	pathogenic
P31751	W80S	0.9658	pathogenic
P31751	W80T	0.986	pathogenic
P31751	W80V	0.9499	pathogenic
P31751	W80Y	0.8417	pathogenic
P31751	T81A	0.8188	pathogenic
P31751	T81C	0.9823	pathogenic
P31751	T81D	0.9792	pathogenic
P31751	T81E	0.9673	pathogenic
P31751	T81F	0.9842	pathogenic
P31751	T81G	0.8977	pathogenic
P31751	T81H	0.9583	pathogenic
P31751	T81I	0.9904	pathogenic
P31751	T81K	0.9455	pathogenic
P31751	T81L	0.9168	pathogenic
P31751	T81M	0.7997	pathogenic
P31751	T81N	0.8828	pathogenic
P31751	T81P	0.9518	pathogenic
P31751	T81Q	0.9235	pathogenic
P31751	T81R	0.9297	pathogenic
P31751	T81S	0.8629	pathogenic
P31751	T81V	0.9521	pathogenic
P31751	T81W	0.9953	pathogenic
P31751	T81Y	0.9867	pathogenic
P31751	T82A	0.3136	benign
P31751	T82C	0.8819	pathogenic
P31751	T82D	0.9619	pathogenic
P31751	T82E	0.9312	pathogenic
P31751	T82F	0.9489	pathogenic
P31751	T82G	0.6705	pathogenic
P31751	T82H	0.8562	pathogenic
P31751	T82I	0.9268	pathogenic
P31751	T82K	0.9298	pathogenic
P31751	T82L	0.7798	pathogenic
P31751	T82M	0.5334	ambiguous
P31751	T82N	0.6245	pathogenic
P31751	T82P	0.9702	pathogenic
P31751	T82Q	0.7791	pathogenic
P31751	T82R	0.8628	pathogenic
P31751	T82S	0.2835	benign
P31751	T82V	0.6849	pathogenic
P31751	T82W	0.9774	pathogenic
P31751	T82Y	0.9357	pathogenic
P31751	V83A	0.9574	pathogenic
P31751	V83C	0.9761	pathogenic
P31751	V83D	0.995	pathogenic
P31751	V83E	0.9852	pathogenic
P31751	V83F	0.8108	pathogenic
P31751	V83G	0.9667	pathogenic
P31751	V83H	0.9927	pathogenic
P31751	V83I	0.2009	benign
P31751	V83K	0.994	pathogenic
P31751	V83L	0.8603	pathogenic
P31751	V83M	0.7606	pathogenic
P31751	V83N	0.9693	pathogenic
P31751	V83P	0.9927	pathogenic
P31751	V83Q	0.9838	pathogenic
P31751	V83R	0.9831	pathogenic
P31751	V83S	0.9655	pathogenic
P31751	V83T	0.9477	pathogenic
P31751	V83W	0.996	pathogenic
P31751	V83Y	0.9735	pathogenic
P31751	I84A	0.9841	pathogenic
P31751	I84C	0.9977	pathogenic
P31751	I84D	0.9998	pathogenic
P31751	I84E	0.998	pathogenic
P31751	I84F	0.9834	pathogenic
P31751	I84G	0.9989	pathogenic
P31751	I84H	0.9995	pathogenic
P31751	I84K	0.998	pathogenic
P31751	I84L	0.8996	pathogenic
P31751	I84M	0.8667	pathogenic
P31751	I84N	0.9978	pathogenic
P31751	I84P	0.9985	pathogenic
P31751	I84Q	0.998	pathogenic
P31751	I84R	0.995	pathogenic
P31751	I84S	0.9929	pathogenic
P31751	I84T	0.9226	pathogenic
P31751	I84V	0.3458	ambiguous
P31751	I84W	0.9987	pathogenic
P31751	I84Y	0.9982	pathogenic
P31751	E85A	0.9936	pathogenic
P31751	E85C	0.9986	pathogenic
P31751	E85D	0.9941	pathogenic
P31751	E85F	0.9997	pathogenic
P31751	E85G	0.9924	pathogenic
P31751	E85H	0.9991	pathogenic
P31751	E85I	0.9982	pathogenic
P31751	E85K	0.9977	pathogenic
P31751	E85L	0.9986	pathogenic
P31751	E85M	0.9986	pathogenic
P31751	E85N	0.9989	pathogenic
P31751	E85P	0.9997	pathogenic
P31751	E85Q	0.9735	pathogenic
P31751	E85R	0.9966	pathogenic
P31751	E85S	0.9922	pathogenic
P31751	E85T	0.9951	pathogenic
P31751	E85V	0.995	pathogenic
P31751	E85W	0.9998	pathogenic
P31751	E85Y	0.9996	pathogenic
P31751	R86A	0.9995	pathogenic
P31751	R86C	0.9979	pathogenic
P31751	R86D	0.9986	pathogenic
P31751	R86E	0.9925	pathogenic
P31751	R86F	0.9998	pathogenic
P31751	R86G	0.9982	pathogenic
P31751	R86H	0.9936	pathogenic
P31751	R86I	0.9994	pathogenic
P31751	R86K	0.9852	pathogenic
P31751	R86L	0.998	pathogenic
P31751	R86M	0.9998	pathogenic
P31751	R86N	0.9991	pathogenic
P31751	R86P	0.9998	pathogenic
P31751	R86Q	0.9958	pathogenic
P31751	R86S	0.9998	pathogenic
P31751	R86T	0.9996	pathogenic
P31751	R86V	0.9991	pathogenic
P31751	R86W	0.997	pathogenic
P31751	R86Y	0.9979	pathogenic
P31751	T87A	0.6966	pathogenic
P31751	T87C	0.8972	pathogenic
P31751	T87D	0.9893	pathogenic
P31751	T87E	0.9829	pathogenic
P31751	T87F	0.925	pathogenic
P31751	T87G	0.9074	pathogenic
P31751	T87H	0.9199	pathogenic
P31751	T87I	0.791	pathogenic
P31751	T87K	0.9752	pathogenic
P31751	T87L	0.5742	pathogenic
P31751	T87M	0.3854	ambiguous
P31751	T87N	0.7211	pathogenic
P31751	T87P	0.9436	pathogenic
P31751	T87Q	0.898	pathogenic
P31751	T87R	0.9576	pathogenic
P31751	T87S	0.6825	pathogenic
P31751	T87V	0.6264	pathogenic
P31751	T87W	0.9838	pathogenic
P31751	T87Y	0.9277	pathogenic
P31751	F88A	0.9989	pathogenic
P31751	F88C	0.9957	pathogenic
P31751	F88D	0.9999	pathogenic
P31751	F88E	0.9999	pathogenic
P31751	F88G	0.9993	pathogenic
P31751	F88H	0.9993	pathogenic
P31751	F88I	0.991	pathogenic
P31751	F88K	0.9999	pathogenic
P31751	F88L	0.9973	pathogenic
P31751	F88M	0.9914	pathogenic
P31751	F88N	0.9997	pathogenic
P31751	F88P	1.0	pathogenic
P31751	F88Q	0.9998	pathogenic
P31751	F88R	0.9995	pathogenic
P31751	F88S	0.9995	pathogenic
P31751	F88T	0.9996	pathogenic
P31751	F88V	0.988	pathogenic
P31751	F88W	0.9919	pathogenic
P31751	F88Y	0.9634	pathogenic
P31751	H89A	0.6863	pathogenic
P31751	H89C	0.1959	benign
P31751	H89D	0.9303	pathogenic
P31751	H89E	0.9457	pathogenic
P31751	H89F	0.501	ambiguous
P31751	H89G	0.8294	pathogenic
P31751	H89I	0.8895	pathogenic
P31751	H89K	0.957	pathogenic
P31751	H89L	0.6781	pathogenic
P31751	H89M	0.8595	pathogenic
P31751	H89N	0.4129	ambiguous
P31751	H89P	0.9879	pathogenic
P31751	H89Q	0.6909	pathogenic
P31751	H89R	0.7783	pathogenic
P31751	H89S	0.4653	ambiguous
P31751	H89T	0.7909	pathogenic
P31751	H89V	0.8053	pathogenic
P31751	H89W	0.6772	pathogenic
P31751	H89Y	0.2705	benign
P31751	V90A	0.4619	ambiguous
P31751	V90C	0.8142	pathogenic
P31751	V90D	0.9946	pathogenic
P31751	V90E	0.9867	pathogenic
P31751	V90F	0.98	pathogenic
P31751	V90G	0.719	pathogenic
P31751	V90H	0.9966	pathogenic
P31751	V90I	0.3915	ambiguous
P31751	V90K	0.9929	pathogenic
P31751	V90L	0.8662	pathogenic
P31751	V90M	0.8827	pathogenic
P31751	V90N	0.9816	pathogenic
P31751	V90P	0.9948	pathogenic
P31751	V90Q	0.9855	pathogenic
P31751	V90R	0.982	pathogenic
P31751	V90S	0.7776	pathogenic
P31751	V90T	0.4049	ambiguous
P31751	V90W	0.9995	pathogenic
P31751	V90Y	0.9981	pathogenic
P31751	D91A	0.246	benign
P31751	D91C	0.6936	pathogenic
P31751	D91E	0.1081	benign
P31751	D91F	0.7472	pathogenic
P31751	D91G	0.2524	benign
P31751	D91H	0.47	ambiguous
P31751	D91I	0.5493	ambiguous
P31751	D91K	0.6212	pathogenic
P31751	D91L	0.5057	ambiguous
P31751	D91M	0.6894	pathogenic
P31751	D91N	0.1622	benign
P31751	D91P	0.685	pathogenic
P31751	D91Q	0.3842	ambiguous
P31751	D91R	0.6167	pathogenic
P31751	D91S	0.1774	benign
P31751	D91T	0.3384	benign
P31751	D91V	0.3527	ambiguous
P31751	D91W	0.9314	pathogenic
P31751	D91Y	0.4977	ambiguous
P31751	S92A	0.1027	benign
P31751	S92C	0.0856	benign
P31751	S92D	0.2743	benign
P31751	S92E	0.4431	ambiguous
P31751	S92F	0.3386	benign
P31751	S92G	0.0793	benign
P31751	S92H	0.2389	benign
P31751	S92I	0.2872	benign
P31751	S92K	0.4603	ambiguous
P31751	S92L	0.1333	benign
P31751	S92M	0.197	benign
P31751	S92N	0.1081	benign
P31751	S92P	0.8746	pathogenic
P31751	S92Q	0.3772	ambiguous
P31751	S92R	0.4033	ambiguous
P31751	S92T	0.065	benign
P31751	S92V	0.2302	benign
P31751	S92W	0.515	ambiguous
P31751	S92Y	0.2619	benign
P31751	P93A	0.0612	benign
P31751	P93C	0.2547	benign
P31751	P93D	0.3225	benign
P31751	P93E	0.2104	benign
P31751	P93F	0.3127	benign
P31751	P93G	0.176	benign
P31751	P93H	0.1293	benign
P31751	P93I	0.1868	benign
P31751	P93K	0.2675	benign
P31751	P93L	0.0972	benign
P31751	P93M	0.1825	benign
P31751	P93N	0.1434	benign
P31751	P93Q	0.1069	benign
P31751	P93R	0.1728	benign
P31751	P93S	0.0885	benign
P31751	P93T	0.0908	benign
P31751	P93V	0.1244	benign
P31751	P93W	0.4915	ambiguous
P31751	P93Y	0.3083	benign
P31751	D94A	0.0683	benign
P31751	D94C	0.2732	benign
P31751	D94E	0.0523	benign
P31751	D94F	0.3163	benign
P31751	D94G	0.0872	benign
P31751	D94H	0.1439	benign
P31751	D94I	0.1513	benign
P31751	D94K	0.1432	benign
P31751	D94L	0.1437	benign
P31751	D94M	0.2244	benign
P31751	D94N	0.0857	benign
P31751	D94P	0.3567	ambiguous
P31751	D94Q	0.1014	benign
P31751	D94R	0.1622	benign
P31751	D94S	0.0749	benign
P31751	D94T	0.1031	benign
P31751	D94V	0.0916	benign
P31751	D94W	0.5872	pathogenic
P31751	D94Y	0.1738	benign
P31751	E95A	0.3376	benign
P31751	E95C	0.906	pathogenic
P31751	E95D	0.1774	benign
P31751	E95F	0.935	pathogenic
P31751	E95G	0.4425	ambiguous
P31751	E95H	0.7648	pathogenic
P31751	E95I	0.6678	pathogenic
P31751	E95K	0.5439	ambiguous
P31751	E95L	0.6819	pathogenic
P31751	E95M	0.702	pathogenic
P31751	E95N	0.5592	ambiguous
P31751	E95P	0.9753	pathogenic
P31751	E95Q	0.2892	benign
P31751	E95R	0.6695	pathogenic
P31751	E95S	0.4222	ambiguous
P31751	E95T	0.5032	ambiguous
P31751	E95V	0.4657	ambiguous
P31751	E95W	0.9815	pathogenic
P31751	E95Y	0.9018	pathogenic
P31751	R96A	0.9887	pathogenic
P31751	R96C	0.9773	pathogenic
P31751	R96D	0.9977	pathogenic
P31751	R96E	0.9624	pathogenic
P31751	R96F	0.9995	pathogenic
P31751	R96G	0.9762	pathogenic
P31751	R96H	0.9851	pathogenic
P31751	R96I	0.9964	pathogenic
P31751	R96K	0.8934	pathogenic
P31751	R96L	0.9859	pathogenic
P31751	R96M	0.9969	pathogenic
P31751	R96N	0.9978	pathogenic
P31751	R96P	0.9988	pathogenic
P31751	R96Q	0.8939	pathogenic
P31751	R96S	0.9981	pathogenic
P31751	R96T	0.9959	pathogenic
P31751	R96V	0.9924	pathogenic
P31751	R96W	0.9942	pathogenic
P31751	R96Y	0.9972	pathogenic
P31751	E97A	0.2854	benign
P31751	E97C	0.8871	pathogenic
P31751	E97D	0.1518	benign
P31751	E97F	0.8901	pathogenic
P31751	E97G	0.2955	benign
P31751	E97H	0.6412	pathogenic
P31751	E97I	0.6204	pathogenic
P31751	E97K	0.386	ambiguous
P31751	E97L	0.5224	ambiguous
P31751	E97M	0.586	pathogenic
P31751	E97N	0.3351	benign
P31751	E97P	0.9709	pathogenic
P31751	E97Q	0.2055	benign
P31751	E97R	0.4784	ambiguous
P31751	E97S	0.3354	benign
P31751	E97T	0.3852	ambiguous
P31751	E97V	0.4003	ambiguous
P31751	E97W	0.948	pathogenic
P31751	E97Y	0.8021	pathogenic
P31751	E98A	0.1142	benign
P31751	E98C	0.7242	pathogenic
P31751	E98D	0.0998	benign
P31751	E98F	0.6942	pathogenic
P31751	E98G	0.1257	benign
P31751	E98H	0.4317	ambiguous
P31751	E98I	0.3803	ambiguous
P31751	E98K	0.2653	benign
P31751	E98L	0.3223	benign
P31751	E98M	0.3705	ambiguous
P31751	E98N	0.2144	benign
P31751	E98P	0.9484	pathogenic
P31751	E98Q	0.1213	benign
P31751	E98R	0.3516	ambiguous
P31751	E98S	0.1502	benign
P31751	E98T	0.1859	benign
P31751	E98V	0.2238	benign
P31751	E98W	0.8787	pathogenic
P31751	E98Y	0.5711	pathogenic
P31751	W99A	0.9981	pathogenic
P31751	W99C	0.9993	pathogenic
P31751	W99D	0.9996	pathogenic
P31751	W99E	0.9996	pathogenic
P31751	W99F	0.8638	pathogenic
P31751	W99G	0.9932	pathogenic
P31751	W99H	0.9986	pathogenic
P31751	W99I	0.9955	pathogenic
P31751	W99K	0.9999	pathogenic
P31751	W99L	0.9852	pathogenic
P31751	W99M	0.9942	pathogenic
P31751	W99N	0.9995	pathogenic
P31751	W99P	0.9999	pathogenic
P31751	W99Q	0.9999	pathogenic
P31751	W99R	0.9998	pathogenic
P31751	W99S	0.9984	pathogenic
P31751	W99T	0.9983	pathogenic
P31751	W99V	0.9953	pathogenic
P31751	W99Y	0.9521	pathogenic
P31751	M100A	0.6862	pathogenic
P31751	M100C	0.7458	pathogenic
P31751	M100D	0.9891	pathogenic
P31751	M100E	0.8616	pathogenic
P31751	M100F	0.8327	pathogenic
P31751	M100G	0.8699	pathogenic
P31751	M100H	0.9458	pathogenic
P31751	M100I	0.4412	ambiguous
P31751	M100K	0.7357	pathogenic
P31751	M100L	0.272	benign
P31751	M100N	0.8656	pathogenic
P31751	M100P	0.9969	pathogenic
P31751	M100Q	0.5643	pathogenic
P31751	M100R	0.7981	pathogenic
P31751	M100S	0.7126	pathogenic
P31751	M100T	0.3969	ambiguous
P31751	M100V	0.1778	benign
P31751	M100W	0.9683	pathogenic
P31751	M100Y	0.9474	pathogenic
P31751	R101A	0.125	benign
P31751	R101C	0.1038	benign
P31751	R101D	0.2439	benign
P31751	R101E	0.1235	benign
P31751	R101F	0.3109	benign
P31751	R101G	0.0981	benign
P31751	R101H	0.0713	benign
P31751	R101I	0.1951	benign
P31751	R101K	0.0692	benign
P31751	R101L	0.106	benign
P31751	R101M	0.1413	benign
P31751	R101N	0.1947	benign
P31751	R101P	0.8774	pathogenic
P31751	R101Q	0.0557	benign
P31751	R101S	0.1664	benign
P31751	R101T	0.1016	benign
P31751	R101V	0.1743	benign
P31751	R101W	0.1222	benign
P31751	R101Y	0.2003	benign
P31751	A102C	0.3065	benign
P31751	A102D	0.7018	pathogenic
P31751	A102E	0.5902	pathogenic
P31751	A102F	0.6398	pathogenic
P31751	A102G	0.2789	benign
P31751	A102H	0.5772	pathogenic
P31751	A102I	0.5207	ambiguous
P31751	A102K	0.823	pathogenic
P31751	A102L	0.5002	ambiguous
P31751	A102M	0.4328	ambiguous
P31751	A102N	0.4434	ambiguous
P31751	A102P	0.9886	pathogenic
P31751	A102Q	0.5376	ambiguous
P31751	A102R	0.7468	pathogenic
P31751	A102S	0.0949	benign
P31751	A102T	0.1723	benign
P31751	A102V	0.2389	benign
P31751	A102W	0.9065	pathogenic
P31751	A102Y	0.6904	pathogenic
P31751	I103A	0.9857	pathogenic
P31751	I103C	0.9896	pathogenic
P31751	I103D	0.9999	pathogenic
P31751	I103E	0.9994	pathogenic
P31751	I103F	0.896	pathogenic
P31751	I103G	0.9992	pathogenic
P31751	I103H	0.9995	pathogenic
P31751	I103K	0.9991	pathogenic
P31751	I103L	0.5421	ambiguous
P31751	I103M	0.5909	pathogenic
P31751	I103N	0.9985	pathogenic
P31751	I103P	0.9994	pathogenic
P31751	I103Q	0.9988	pathogenic
P31751	I103R	0.9983	pathogenic
P31751	I103S	0.9944	pathogenic
P31751	I103T	0.9904	pathogenic
P31751	I103V	0.3006	benign
P31751	I103W	0.9983	pathogenic
P31751	I103Y	0.9951	pathogenic
P31751	Q104A	0.3071	benign
P31751	Q104C	0.7101	pathogenic
P31751	Q104D	0.5776	pathogenic
P31751	Q104E	0.1166	benign
P31751	Q104F	0.8543	pathogenic
P31751	Q104G	0.3377	benign
P31751	Q104H	0.3182	benign
P31751	Q104I	0.6109	pathogenic
P31751	Q104K	0.2054	benign
P31751	Q104L	0.2303	benign
P31751	Q104M	0.4608	ambiguous
P31751	Q104N	0.3918	ambiguous
P31751	Q104P	0.9628	pathogenic
P31751	Q104R	0.1881	benign
P31751	Q104S	0.3107	benign
P31751	Q104T	0.2722	benign
P31751	Q104V	0.4165	ambiguous
P31751	Q104W	0.8166	pathogenic
P31751	Q104Y	0.7064	pathogenic
P31751	M105A	0.1111	benign
P31751	M105C	0.4254	ambiguous
P31751	M105D	0.311	benign
P31751	M105E	0.1959	benign
P31751	M105F	0.2291	benign
P31751	M105G	0.2122	benign
P31751	M105H	0.2065	benign
P31751	M105I	0.1931	benign
P31751	M105K	0.1302	benign
P31751	M105L	0.0894	benign
P31751	M105N	0.1631	benign
P31751	M105P	0.9652	pathogenic
P31751	M105Q	0.1307	benign
P31751	M105R	0.13	benign
P31751	M105S	0.1286	benign
P31751	M105T	0.0758	benign
P31751	M105V	0.0842	benign
P31751	M105W	0.4308	ambiguous
P31751	M105Y	0.3243	benign
P31751	V106A	0.7191	pathogenic
P31751	V106C	0.9751	pathogenic
P31751	V106D	0.9984	pathogenic
P31751	V106E	0.9829	pathogenic
P31751	V106F	0.9779	pathogenic
P31751	V106G	0.9204	pathogenic
P31751	V106H	0.9957	pathogenic
P31751	V106I	0.3311	benign
P31751	V106K	0.9891	pathogenic
P31751	V106L	0.9472	pathogenic
P31751	V106M	0.9223	pathogenic
P31751	V106N	0.9887	pathogenic
P31751	V106P	0.9966	pathogenic
P31751	V106Q	0.9791	pathogenic
P31751	V106R	0.9761	pathogenic
P31751	V106S	0.937	pathogenic
P31751	V106T	0.7033	pathogenic
P31751	V106W	0.9994	pathogenic
P31751	V106Y	0.9961	pathogenic
P31751	A107C	0.6523	pathogenic
P31751	A107D	0.9352	pathogenic
P31751	A107E	0.8122	pathogenic
P31751	A107F	0.9009	pathogenic
P31751	A107G	0.2823	benign
P31751	A107H	0.8423	pathogenic
P31751	A107I	0.8534	pathogenic
P31751	A107K	0.9104	pathogenic
P31751	A107L	0.7668	pathogenic
P31751	A107M	0.7358	pathogenic
P31751	A107N	0.7285	pathogenic
P31751	A107P	0.9953	pathogenic
P31751	A107Q	0.6132	pathogenic
P31751	A107R	0.7914	pathogenic
P31751	A107S	0.1038	benign
P31751	A107T	0.2826	benign
P31751	A107V	0.5427	ambiguous
P31751	A107W	0.9722	pathogenic
P31751	A107Y	0.8988	pathogenic
P31751	N108A	0.1112	benign
P31751	N108C	0.183	benign
P31751	N108D	0.087	benign
P31751	N108E	0.2226	benign
P31751	N108F	0.4528	ambiguous
P31751	N108G	0.1357	benign
P31751	N108H	0.1042	benign
P31751	N108I	0.252	benign
P31751	N108K	0.2907	benign
P31751	N108L	0.1925	benign
P31751	N108M	0.2839	benign
P31751	N108P	0.9112	pathogenic
P31751	N108Q	0.2235	benign
P31751	N108R	0.2835	benign
P31751	N108S	0.061	benign
P31751	N108T	0.1057	benign
P31751	N108V	0.1805	benign
P31751	N108W	0.6913	pathogenic
P31751	N108Y	0.1711	benign
P31751	S109A	0.0876	benign
P31751	S109C	0.0933	benign
P31751	S109D	0.2314	benign
P31751	S109E	0.3113	benign
P31751	S109F	0.2359	benign
P31751	S109G	0.0665	benign
P31751	S109H	0.2022	benign
P31751	S109I	0.184	benign
P31751	S109K	0.3958	ambiguous
P31751	S109L	0.1379	benign
P31751	S109M	0.1906	benign
P31751	S109N	0.0973	benign
P31751	S109P	0.9158	pathogenic
P31751	S109Q	0.2807	benign
P31751	S109R	0.3191	benign
P31751	S109T	0.0758	benign
P31751	S109V	0.1702	benign
P31751	S109W	0.4095	ambiguous
P31751	S109Y	0.2053	benign
P31751	L110A	0.7489	pathogenic
P31751	L110C	0.7376	pathogenic
P31751	L110D	0.9805	pathogenic
P31751	L110E	0.8216	pathogenic
P31751	L110F	0.5759	pathogenic
P31751	L110G	0.9072	pathogenic
P31751	L110H	0.7246	pathogenic
P31751	L110I	0.2088	benign
P31751	L110K	0.7305	pathogenic
P31751	L110M	0.233	benign
P31751	L110N	0.858	pathogenic
P31751	L110P	0.9682	pathogenic
P31751	L110Q	0.4759	ambiguous
P31751	L110R	0.5779	pathogenic
P31751	L110S	0.8564	pathogenic
P31751	L110T	0.7419	pathogenic
P31751	L110V	0.2166	benign
P31751	L110W	0.7892	pathogenic
P31751	L110Y	0.8521	pathogenic
P31751	K111A	0.4133	ambiguous
P31751	K111C	0.5816	pathogenic
P31751	K111D	0.6708	pathogenic
P31751	K111E	0.264	benign
P31751	K111F	0.8515	pathogenic
P31751	K111G	0.3939	ambiguous
P31751	K111H	0.2704	benign
P31751	K111I	0.5504	ambiguous
P31751	K111L	0.3945	ambiguous
P31751	K111M	0.3662	ambiguous
P31751	K111N	0.5177	ambiguous
P31751	K111P	0.7246	pathogenic
P31751	K111Q	0.1078	benign
P31751	K111R	0.0799	benign
P31751	K111S	0.4363	ambiguous
P31751	K111T	0.2807	benign
P31751	K111V	0.4802	ambiguous
P31751	K111W	0.7896	pathogenic
P31751	K111Y	0.7252	pathogenic
P31751	Q112A	0.0998	benign
P31751	Q112C	0.2018	benign
P31751	Q112D	0.1131	benign
P31751	Q112E	0.0626	benign
P31751	Q112F	0.3255	benign
P31751	Q112G	0.0958	benign
P31751	Q112H	0.0906	benign
P31751	Q112I	0.1918	benign
P31751	Q112K	0.0777	benign
P31751	Q112L	0.0777	benign
P31751	Q112M	0.1758	benign
P31751	Q112N	0.0914	benign
P31751	Q112P	0.0897	benign
P31751	Q112R	0.0828	benign
P31751	Q112S	0.0949	benign
P31751	Q112T	0.0956	benign
P31751	Q112V	0.1197	benign
P31751	Q112W	0.2394	benign
P31751	Q112Y	0.18	benign
P31751	R113A	0.105	benign
P31751	R113C	0.0878	benign
P31751	R113D	0.1527	benign
P31751	R113E	0.1023	benign
P31751	R113F	0.2532	benign
P31751	R113G	0.0699	benign
P31751	R113H	0.07	benign
P31751	R113I	0.138	benign
P31751	R113K	0.0657	benign
P31751	R113L	0.0985	benign
P31751	R113M	0.125	benign
P31751	R113N	0.1608	benign
P31751	R113P	0.1351	benign
P31751	R113Q	0.059	benign
P31751	R113S	0.1289	benign
P31751	R113T	0.0864	benign
P31751	R113V	0.1277	benign
P31751	R113W	0.1097	benign
P31751	R113Y	0.1677	benign
P31751	A114C	0.1278	benign
P31751	A114D	0.0738	benign
P31751	A114E	0.0678	benign
P31751	A114F	0.1378	benign
P31751	A114G	0.0555	benign
P31751	A114H	0.1301	benign
P31751	A114I	0.0873	benign
P31751	A114K	0.1205	benign
P31751	A114L	0.0735	benign
P31751	A114M	0.0962	benign
P31751	A114N	0.0857	benign
P31751	A114P	0.0865	benign
P31751	A114Q	0.0879	benign
P31751	A114R	0.1177	benign
P31751	A114S	0.0633	benign
P31751	A114T	0.0642	benign
P31751	A114V	0.0604	benign
P31751	A114W	0.2242	benign
P31751	A114Y	0.1468	benign
P31751	P115A	0.0519	benign
P31751	P115C	0.1426	benign
P31751	P115D	0.1332	benign
P31751	P115E	0.097	benign
P31751	P115F	0.1547	benign
P31751	P115G	0.0994	benign
P31751	P115H	0.0879	benign
P31751	P115I	0.1037	benign
P31751	P115K	0.1116	benign
P31751	P115L	0.065	benign
P31751	P115M	0.1128	benign
P31751	P115N	0.1154	benign
P31751	P115Q	0.0715	benign
P31751	P115R	0.0843	benign
P31751	P115S	0.0663	benign
P31751	P115T	0.0619	benign
P31751	P115V	0.0772	benign
P31751	P115W	0.2082	benign
P31751	P115Y	0.1692	benign
P31751	G116A	0.066	benign
P31751	G116C	0.0903	benign
P31751	G116D	0.0819	benign
P31751	G116E	0.0674	benign
P31751	G116F	0.2176	benign
P31751	G116H	0.1288	benign
P31751	G116I	0.1013	benign
P31751	G116K	0.1162	benign
P31751	G116L	0.1192	benign
P31751	G116M	0.1423	benign
P31751	G116N	0.1146	benign
P31751	G116P	0.1731	benign
P31751	G116Q	0.0959	benign
P31751	G116R	0.0942	benign
P31751	G116S	0.0712	benign
P31751	G116T	0.0691	benign
P31751	G116V	0.069	benign
P31751	G116W	0.1533	benign
P31751	G116Y	0.1598	benign
P31751	E117A	0.0792	benign
P31751	E117C	0.3455	ambiguous
P31751	E117D	0.0639	benign
P31751	E117F	0.3254	benign
P31751	E117G	0.0726	benign
P31751	E117H	0.1725	benign
P31751	E117I	0.1514	benign
P31751	E117K	0.0889	benign
P31751	E117L	0.1576	benign
P31751	E117M	0.1904	benign
P31751	E117N	0.1067	benign
P31751	E117P	0.1979	benign
P31751	E117Q	0.083	benign
P31751	E117R	0.127	benign
P31751	E117S	0.0862	benign
P31751	E117T	0.0956	benign
P31751	E117V	0.1005	benign
P31751	E117W	0.4954	ambiguous
P31751	E117Y	0.243	benign
P31751	D118A	0.0968	benign
P31751	D118C	0.2675	benign
P31751	D118E	0.0719	benign
P31751	D118F	0.2683	benign
P31751	D118G	0.098	benign
P31751	D118H	0.173	benign
P31751	D118I	0.1332	benign
P31751	D118K	0.2115	benign
P31751	D118L	0.1557	benign
P31751	D118M	0.2391	benign
P31751	D118N	0.0832	benign
P31751	D118P	0.2715	benign
P31751	D118Q	0.1577	benign
P31751	D118R	0.2306	benign
P31751	D118S	0.0918	benign
P31751	D118T	0.1147	benign
P31751	D118V	0.0896	benign
P31751	D118W	0.61	pathogenic
P31751	D118Y	0.1321	benign
P31751	P119A	0.0537	benign
P31751	P119C	0.1273	benign
P31751	P119D	0.125	benign
P31751	P119E	0.1074	benign
P31751	P119F	0.1393	benign
P31751	P119G	0.1029	benign
P31751	P119H	0.0857	benign
P31751	P119I	0.0953	benign
P31751	P119K	0.1133	benign
P31751	P119L	0.0673	benign
P31751	P119M	0.1068	benign
P31751	P119N	0.1053	benign
P31751	P119Q	0.0805	benign
P31751	P119R	0.0906	benign
P31751	P119S	0.0661	benign
P31751	P119T	0.0586	benign
P31751	P119V	0.0769	benign
P31751	P119W	0.2021	benign
P31751	P119Y	0.1363	benign
P31751	M120A	0.1358	benign
P31751	M120C	0.4961	ambiguous
P31751	M120D	0.428	ambiguous
P31751	M120E	0.2226	benign
P31751	M120F	0.261	benign
P31751	M120G	0.2266	benign
P31751	M120H	0.3433	ambiguous
P31751	M120I	0.2237	benign
P31751	M120K	0.1568	benign
P31751	M120L	0.0918	benign
P31751	M120N	0.3435	ambiguous
P31751	M120P	0.2355	benign
P31751	M120Q	0.1727	benign
P31751	M120R	0.1397	benign
P31751	M120S	0.1884	benign
P31751	M120T	0.1114	benign
P31751	M120V	0.0639	benign
P31751	M120W	0.4295	ambiguous
P31751	M120Y	0.4504	ambiguous
P31751	D121A	0.1203	benign
P31751	D121C	0.3455	ambiguous
P31751	D121E	0.0964	benign
P31751	D121F	0.3622	ambiguous
P31751	D121G	0.1081	benign
P31751	D121H	0.2027	benign
P31751	D121I	0.2018	benign
P31751	D121K	0.3052	benign
P31751	D121L	0.2188	benign
P31751	D121M	0.3694	ambiguous
P31751	D121N	0.0927	benign
P31751	D121P	0.3723	ambiguous
P31751	D121Q	0.2136	benign
P31751	D121R	0.2976	benign
P31751	D121S	0.1067	benign
P31751	D121T	0.1605	benign
P31751	D121V	0.1239	benign
P31751	D121W	0.6864	pathogenic
P31751	D121Y	0.1567	benign
P31751	Y122A	0.1515	benign
P31751	Y122C	0.0586	benign
P31751	Y122D	0.1018	benign
P31751	Y122E	0.2161	benign
P31751	Y122F	0.0724	benign
P31751	Y122G	0.1377	benign
P31751	Y122H	0.1265	benign
P31751	Y122I	0.139	benign
P31751	Y122K	0.2908	benign
P31751	Y122L	0.1698	benign
P31751	Y122M	0.2322	benign
P31751	Y122N	0.0873	benign
P31751	Y122P	0.2472	benign
P31751	Y122Q	0.1934	benign
P31751	Y122R	0.2012	benign
P31751	Y122S	0.0807	benign
P31751	Y122T	0.1417	benign
P31751	Y122V	0.1144	benign
P31751	Y122W	0.2233	benign
P31751	K123A	0.1728	benign
P31751	K123C	0.3171	benign
P31751	K123D	0.309	benign
P31751	K123E	0.1321	benign
P31751	K123F	0.5042	ambiguous
P31751	K123G	0.2004	benign
P31751	K123H	0.1577	benign
P31751	K123I	0.2293	benign
P31751	K123L	0.1966	benign
P31751	K123M	0.1768	benign
P31751	K123N	0.2648	benign
P31751	K123P	0.2709	benign
P31751	K123Q	0.0884	benign
P31751	K123R	0.0683	benign
P31751	K123S	0.2058	benign
P31751	K123T	0.1133	benign
P31751	K123V	0.1996	benign
P31751	K123W	0.4821	ambiguous
P31751	K123Y	0.3781	ambiguous
P31751	C124A	0.1528	benign
P31751	C124D	0.2149	benign
P31751	C124E	0.3296	benign
P31751	C124F	0.0872	benign
P31751	C124G	0.0756	benign
P31751	C124H	0.1957	benign
P31751	C124I	0.2187	benign
P31751	C124K	0.404	ambiguous
P31751	C124L	0.2094	benign
P31751	C124M	0.2976	benign
P31751	C124N	0.1663	benign
P31751	C124P	0.244	benign
P31751	C124Q	0.247	benign
P31751	C124R	0.186	benign
P31751	C124S	0.1139	benign
P31751	C124T	0.1806	benign
P31751	C124V	0.1893	benign
P31751	C124W	0.1693	benign
P31751	C124Y	0.0961	benign
P31751	G125A	0.089	benign
P31751	G125C	0.0964	benign
P31751	G125D	0.1858	benign
P31751	G125E	0.1972	benign
P31751	G125F	0.2717	benign
P31751	G125H	0.2324	benign
P31751	G125I	0.1319	benign
P31751	G125K	0.3625	ambiguous
P31751	G125L	0.1827	benign
P31751	G125M	0.2518	benign
P31751	G125N	0.1865	benign
P31751	G125P	0.3207	benign
P31751	G125Q	0.237	benign
P31751	G125R	0.2293	benign
P31751	G125S	0.0734	benign
P31751	G125T	0.0979	benign
P31751	G125V	0.0961	benign
P31751	G125W	0.2514	benign
P31751	G125Y	0.2189	benign
P31751	S126A	0.0803	benign
P31751	S126C	0.0846	benign
P31751	S126D	0.3604	ambiguous
P31751	S126E	0.4382	ambiguous
P31751	S126F	0.1041	benign
P31751	S126G	0.0907	benign
P31751	S126H	0.2821	benign
P31751	S126I	0.1109	benign
P31751	S126K	0.625	pathogenic
P31751	S126L	0.066	benign
P31751	S126M	0.1369	benign
P31751	S126N	0.1392	benign
P31751	S126P	0.097	benign
P31751	S126Q	0.4335	ambiguous
P31751	S126R	0.5626	ambiguous
P31751	S126T	0.0755	benign
P31751	S126V	0.111	benign
P31751	S126W	0.2358	benign
P31751	S126Y	0.1271	benign
P31751	P127A	0.0725	benign
P31751	P127C	0.2305	benign
P31751	P127D	0.2833	benign
P31751	P127E	0.2131	benign
P31751	P127F	0.2264	benign
P31751	P127G	0.187	benign
P31751	P127H	0.1253	benign
P31751	P127I	0.1538	benign
P31751	P127K	0.2444	benign
P31751	P127L	0.0812	benign
P31751	P127M	0.1807	benign
P31751	P127N	0.2055	benign
P31751	P127Q	0.1205	benign
P31751	P127R	0.1456	benign
P31751	P127S	0.089	benign
P31751	P127T	0.0799	benign
P31751	P127V	0.1139	benign
P31751	P127W	0.3799	ambiguous
P31751	P127Y	0.2372	benign
P31751	S128A	0.0681	benign
P31751	S128C	0.0653	benign
P31751	S128D	0.1727	benign
P31751	S128E	0.2471	benign
P31751	S128F	0.1248	benign
P31751	S128G	0.0587	benign
P31751	S128H	0.1715	benign
P31751	S128I	0.0925	benign
P31751	S128K	0.3347	benign
P31751	S128L	0.0802	benign
P31751	S128M	0.1288	benign
P31751	S128N	0.0792	benign
P31751	S128P	0.106	benign
P31751	S128Q	0.251	benign
P31751	S128R	0.2711	benign
P31751	S128T	0.0646	benign
P31751	S128V	0.0902	benign
P31751	S128W	0.1853	benign
P31751	S128Y	0.1211	benign
P31751	D129A	0.1151	benign
P31751	D129C	0.2518	benign
P31751	D129E	0.084	benign
P31751	D129F	0.2938	benign
P31751	D129G	0.1028	benign
P31751	D129H	0.1703	benign
P31751	D129I	0.1811	benign
P31751	D129K	0.2616	benign
P31751	D129L	0.2047	benign
P31751	D129M	0.3334	benign
P31751	D129N	0.0904	benign
P31751	D129P	0.3262	benign
P31751	D129Q	0.184	benign
P31751	D129R	0.2473	benign
P31751	D129S	0.0916	benign
P31751	D129T	0.1379	benign
P31751	D129V	0.1244	benign
P31751	D129W	0.6233	pathogenic
P31751	D129Y	0.141	benign
P31751	S130A	0.0613	benign
P31751	S130C	0.0581	benign
P31751	S130D	0.1395	benign
P31751	S130E	0.21	benign
P31751	S130F	0.0884	benign
P31751	S130G	0.0624	benign
P31751	S130H	0.1341	benign
P31751	S130I	0.0758	benign
P31751	S130K	0.2826	benign
P31751	S130L	0.0703	benign
P31751	S130M	0.1122	benign
P31751	S130N	0.0729	benign
P31751	S130P	0.0748	benign
P31751	S130Q	0.2021	benign
P31751	S130R	0.2265	benign
P31751	S130T	0.0601	benign
P31751	S130V	0.0787	benign
P31751	S130W	0.1579	benign
P31751	S130Y	0.0911	benign
P31751	S131A	0.0618	benign
P31751	S131C	0.0699	benign
P31751	S131D	0.1723	benign
P31751	S131E	0.2422	benign
P31751	S131F	0.1019	benign
P31751	S131G	0.0629	benign
P31751	S131H	0.1763	benign
P31751	S131I	0.0968	benign
P31751	S131K	0.3515	ambiguous
P31751	S131L	0.0689	benign
P31751	S131M	0.1243	benign
P31751	S131N	0.0905	benign
P31751	S131P	0.0775	benign
P31751	S131Q	0.2525	benign
P31751	S131R	0.2928	benign
P31751	S131T	0.0638	benign
P31751	S131V	0.0917	benign
P31751	S131W	0.1723	benign
P31751	S131Y	0.1099	benign
P31751	T132A	0.0511	benign
P31751	T132C	0.1199	benign
P31751	T132D	0.1066	benign
P31751	T132E	0.1083	benign
P31751	T132F	0.107	benign
P31751	T132G	0.0642	benign
P31751	T132H	0.1068	benign
P31751	T132I	0.073	benign
P31751	T132K	0.1142	benign
P31751	T132L	0.0613	benign
P31751	T132M	0.0694	benign
P31751	T132N	0.0704	benign
P31751	T132P	0.0598	benign
P31751	T132Q	0.0998	benign
P31751	T132R	0.0962	benign
P31751	T132S	0.0637	benign
P31751	T132V	0.0626	benign
P31751	T132W	0.2139	benign
P31751	T132Y	0.1167	benign
P31751	T133A	0.0496	benign
P31751	T133C	0.1523	benign
P31751	T133D	0.1161	benign
P31751	T133E	0.103	benign
P31751	T133F	0.1306	benign
P31751	T133G	0.0724	benign
P31751	T133H	0.1268	benign
P31751	T133I	0.0861	benign
P31751	T133K	0.1138	benign
P31751	T133L	0.0663	benign
P31751	T133M	0.0686	benign
P31751	T133N	0.0808	benign
P31751	T133P	0.0598	benign
P31751	T133Q	0.1022	benign
P31751	T133R	0.096	benign
P31751	T133S	0.0637	benign
P31751	T133V	0.0674	benign
P31751	T133W	0.2339	benign
P31751	T133Y	0.1383	benign
P31751	E134A	0.1253	benign
P31751	E134C	0.6425	pathogenic
P31751	E134D	0.0934	benign
P31751	E134F	0.6321	pathogenic
P31751	E134G	0.0997	benign
P31751	E134H	0.3364	benign
P31751	E134I	0.3498	ambiguous
P31751	E134K	0.1191	benign
P31751	E134L	0.2926	benign
P31751	E134M	0.3577	ambiguous
P31751	E134N	0.2163	benign
P31751	E134P	0.3363	benign
P31751	E134Q	0.1177	benign
P31751	E134R	0.1836	benign
P31751	E134S	0.1588	benign
P31751	E134T	0.1783	benign
P31751	E134V	0.1932	benign
P31751	E134W	0.7375	pathogenic
P31751	E134Y	0.4827	ambiguous
P31751	E135A	0.0955	benign
P31751	E135C	0.5407	ambiguous
P31751	E135D	0.067	benign
P31751	E135F	0.4592	ambiguous
P31751	E135G	0.0901	benign
P31751	E135H	0.2654	benign
P31751	E135I	0.2068	benign
P31751	E135K	0.1246	benign
P31751	E135L	0.2079	benign
P31751	E135M	0.2481	benign
P31751	E135N	0.1353	benign
P31751	E135P	0.2698	benign
P31751	E135Q	0.1096	benign
P31751	E135R	0.192	benign
P31751	E135S	0.1297	benign
P31751	E135T	0.1328	benign
P31751	E135V	0.1224	benign
P31751	E135W	0.6572	pathogenic
P31751	E135Y	0.3241	benign
P31751	M136A	0.3673	ambiguous
P31751	M136C	0.7178	pathogenic
P31751	M136D	0.7094	pathogenic
P31751	M136E	0.4675	ambiguous
P31751	M136F	0.3567	ambiguous
P31751	M136G	0.4877	ambiguous
P31751	M136H	0.5852	pathogenic
P31751	M136I	0.3885	ambiguous
P31751	M136K	0.28	benign
P31751	M136L	0.1317	benign
P31751	M136N	0.5281	ambiguous
P31751	M136P	0.5369	ambiguous
P31751	M136Q	0.3367	benign
P31751	M136R	0.2737	benign
P31751	M136S	0.4858	ambiguous
P31751	M136T	0.2822	benign
P31751	M136V	0.12	benign
P31751	M136W	0.5816	pathogenic
P31751	M136Y	0.5736	pathogenic
P31751	E137A	0.1535	benign
P31751	E137C	0.71	pathogenic
P31751	E137D	0.0837	benign
P31751	E137F	0.6894	pathogenic
P31751	E137G	0.1593	benign
P31751	E137H	0.4257	ambiguous
P31751	E137I	0.395	ambiguous
P31751	E137K	0.2698	benign
P31751	E137L	0.3516	ambiguous
P31751	E137M	0.4426	ambiguous
P31751	E137N	0.2292	benign
P31751	E137P	0.4664	ambiguous
P31751	E137Q	0.172	benign
P31751	E137R	0.3513	ambiguous
P31751	E137S	0.2087	benign
P31751	E137T	0.2354	benign
P31751	E137V	0.2173	benign
P31751	E137W	0.8549	pathogenic
P31751	E137Y	0.5621	ambiguous
P31751	V138A	0.0951	benign
P31751	V138C	0.5021	ambiguous
P31751	V138D	0.1851	benign
P31751	V138E	0.1929	benign
P31751	V138F	0.1146	benign
P31751	V138G	0.1032	benign
P31751	V138H	0.4114	ambiguous
P31751	V138I	0.0723	benign
P31751	V138K	0.2977	benign
P31751	V138L	0.1197	benign
P31751	V138M	0.0902	benign
P31751	V138N	0.1695	benign
P31751	V138P	0.2481	benign
P31751	V138Q	0.2764	benign
P31751	V138R	0.2688	benign
P31751	V138S	0.1372	benign
P31751	V138T	0.1195	benign
P31751	V138W	0.5497	ambiguous
P31751	V138Y	0.3357	benign
P31751	A139C	0.261	benign
P31751	A139D	0.2293	benign
P31751	A139E	0.2525	benign
P31751	A139F	0.2164	benign
P31751	A139G	0.1116	benign
P31751	A139H	0.3417	ambiguous
P31751	A139I	0.1566	benign
P31751	A139K	0.4344	ambiguous
P31751	A139L	0.1256	benign
P31751	A139M	0.1536	benign
P31751	A139N	0.183	benign
P31751	A139P	0.1323	benign
P31751	A139Q	0.295	benign
P31751	A139R	0.3839	ambiguous
P31751	A139S	0.0804	benign
P31751	A139T	0.0732	benign
P31751	A139V	0.0901	benign
P31751	A139W	0.5361	ambiguous
P31751	A139Y	0.3236	benign
P31751	V140A	0.1004	benign
P31751	V140C	0.3942	ambiguous
P31751	V140D	0.2104	benign
P31751	V140E	0.2126	benign
P31751	V140F	0.0896	benign
P31751	V140G	0.1025	benign
P31751	V140H	0.3135	benign
P31751	V140I	0.0683	benign
P31751	V140K	0.2513	benign
P31751	V140L	0.0887	benign
P31751	V140M	0.0788	benign
P31751	V140N	0.147	benign
P31751	V140P	0.1941	benign
P31751	V140Q	0.1965	benign
P31751	V140R	0.2148	benign
P31751	V140S	0.1112	benign
P31751	V140T	0.1155	benign
P31751	V140W	0.4807	ambiguous
P31751	V140Y	0.2908	benign
P31751	S141A	0.074	benign
P31751	S141C	0.0711	benign
P31751	S141D	0.2993	benign
P31751	S141E	0.4012	ambiguous
P31751	S141F	0.1621	benign
P31751	S141G	0.0655	benign
P31751	S141H	0.2368	benign
P31751	S141I	0.1427	benign
P31751	S141K	0.4954	ambiguous
P31751	S141L	0.0976	benign
P31751	S141M	0.1578	benign
P31751	S141N	0.0961	benign
P31751	S141P	0.1076	benign
P31751	S141Q	0.3379	benign
P31751	S141R	0.4295	ambiguous
P31751	S141T	0.0682	benign
P31751	S141V	0.1296	benign
P31751	S141W	0.2498	benign
P31751	S141Y	0.1639	benign
P31751	K142A	0.2606	benign
P31751	K142C	0.5323	ambiguous
P31751	K142D	0.465	ambiguous
P31751	K142E	0.184	benign
P31751	K142F	0.7344	pathogenic
P31751	K142G	0.281	benign
P31751	K142H	0.2519	benign
P31751	K142I	0.4732	ambiguous
P31751	K142L	0.367	ambiguous
P31751	K142M	0.3111	benign
P31751	K142N	0.4027	ambiguous
P31751	K142P	0.3564	ambiguous
P31751	K142Q	0.125	benign
P31751	K142R	0.0741	benign
P31751	K142S	0.3276	benign
P31751	K142T	0.186	benign
P31751	K142V	0.3715	ambiguous
P31751	K142W	0.6483	pathogenic
P31751	K142Y	0.5923	pathogenic
P31751	A143C	0.1914	benign
P31751	A143D	0.1604	benign
P31751	A143E	0.171	benign
P31751	A143F	0.1867	benign
P31751	A143G	0.0739	benign
P31751	A143H	0.2186	benign
P31751	A143I	0.1323	benign
P31751	A143K	0.2597	benign
P31751	A143L	0.1001	benign
P31751	A143M	0.1249	benign
P31751	A143N	0.1088	benign
P31751	A143P	0.079	benign
P31751	A143Q	0.1783	benign
P31751	A143R	0.2513	benign
P31751	A143S	0.0688	benign
P31751	A143T	0.0634	benign
P31751	A143V	0.0812	benign
P31751	A143W	0.4032	ambiguous
P31751	A143Y	0.2384	benign
P31751	R144A	0.1889	benign
P31751	R144C	0.1202	benign
P31751	R144D	0.3634	ambiguous
P31751	R144E	0.2299	benign
P31751	R144F	0.382	ambiguous
P31751	R144G	0.1125	benign
P31751	R144H	0.0961	benign
P31751	R144I	0.2582	benign
P31751	R144K	0.0803	benign
P31751	R144L	0.1881	benign
P31751	R144M	0.2475	benign
P31751	R144N	0.3447	ambiguous
P31751	R144P	0.18	benign
P31751	R144Q	0.087	benign
P31751	R144S	0.2624	benign
P31751	R144T	0.1625	benign
P31751	R144V	0.2418	benign
P31751	R144W	0.1458	benign
P31751	R144Y	0.2813	benign
P31751	A145C	0.1784	benign
P31751	A145D	0.1772	benign
P31751	A145E	0.1675	benign
P31751	A145F	0.1908	benign
P31751	A145G	0.0761	benign
P31751	A145H	0.2113	benign
P31751	A145I	0.1302	benign
P31751	A145K	0.2371	benign
P31751	A145L	0.0954	benign
P31751	A145M	0.1222	benign
P31751	A145N	0.1095	benign
P31751	A145P	0.0794	benign
P31751	A145Q	0.1603	benign
P31751	A145R	0.2242	benign
P31751	A145S	0.0713	benign
P31751	A145T	0.0632	benign
P31751	A145V	0.0796	benign
P31751	A145W	0.3738	ambiguous
P31751	A145Y	0.2367	benign
P31751	K146A	0.4531	ambiguous
P31751	K146C	0.7157	pathogenic
P31751	K146D	0.7616	pathogenic
P31751	K146E	0.4116	ambiguous
P31751	K146F	0.8911	pathogenic
P31751	K146G	0.4876	ambiguous
P31751	K146H	0.4019	ambiguous
P31751	K146I	0.6593	pathogenic
P31751	K146L	0.5531	ambiguous
P31751	K146M	0.489	ambiguous
P31751	K146N	0.6925	pathogenic
P31751	K146P	0.5575	ambiguous
P31751	K146Q	0.2196	benign
P31751	K146R	0.0685	benign
P31751	K146S	0.591	pathogenic
P31751	K146T	0.3548	ambiguous
P31751	K146V	0.5222	ambiguous
P31751	K146W	0.8019	pathogenic
P31751	K146Y	0.7857	pathogenic
P31751	V147A	0.1641	benign
P31751	V147C	0.6321	pathogenic
P31751	V147D	0.7867	pathogenic
P31751	V147E	0.7037	pathogenic
P31751	V147F	0.3151	benign
P31751	V147G	0.2872	benign
P31751	V147H	0.7851	pathogenic
P31751	V147I	0.1178	benign
P31751	V147K	0.6405	pathogenic
P31751	V147L	0.3631	ambiguous
P31751	V147M	0.2451	benign
P31751	V147N	0.5518	ambiguous
P31751	V147P	0.4475	ambiguous
P31751	V147Q	0.5765	pathogenic
P31751	V147R	0.6049	pathogenic
P31751	V147S	0.3381	benign
P31751	V147T	0.3268	benign
P31751	V147W	0.8959	pathogenic
P31751	V147Y	0.6371	pathogenic
P31751	T148A	0.2006	benign
P31751	T148C	0.4099	ambiguous
P31751	T148D	0.5697	pathogenic
P31751	T148E	0.6807	pathogenic
P31751	T148F	0.725	pathogenic
P31751	T148G	0.1954	benign
P31751	T148H	0.4217	ambiguous
P31751	T148I	0.8173	pathogenic
P31751	T148K	0.5029	ambiguous
P31751	T148L	0.3767	ambiguous
P31751	T148M	0.2397	benign
P31751	T148N	0.1569	benign
P31751	T148P	0.7048	pathogenic
P31751	T148Q	0.4097	ambiguous
P31751	T148R	0.4372	ambiguous
P31751	T148S	0.0988	benign
P31751	T148V	0.5768	pathogenic
P31751	T148W	0.8982	pathogenic
P31751	T148Y	0.6924	pathogenic
P31751	M149A	0.8413	pathogenic
P31751	M149C	0.9241	pathogenic
P31751	M149D	0.9933	pathogenic
P31751	M149E	0.9584	pathogenic
P31751	M149F	0.6662	pathogenic
P31751	M149G	0.9488	pathogenic
P31751	M149H	0.976	pathogenic
P31751	M149I	0.7661	pathogenic
P31751	M149K	0.8922	pathogenic
P31751	M149L	0.2089	benign
P31751	M149N	0.9682	pathogenic
P31751	M149P	0.9108	pathogenic
P31751	M149Q	0.8531	pathogenic
P31751	M149R	0.8743	pathogenic
P31751	M149S	0.9156	pathogenic
P31751	M149T	0.7965	pathogenic
P31751	M149V	0.1721	benign
P31751	M149W	0.9428	pathogenic
P31751	M149Y	0.9459	pathogenic
P31751	N150A	0.0846	benign
P31751	N150C	0.1203	benign
P31751	N150D	0.0953	benign
P31751	N150E	0.214	benign
P31751	N150F	0.3514	ambiguous
P31751	N150G	0.1027	benign
P31751	N150H	0.0765	benign
P31751	N150I	0.1866	benign
P31751	N150K	0.2151	benign
P31751	N150L	0.1535	benign
P31751	N150M	0.1767	benign
P31751	N150P	0.528	ambiguous
P31751	N150Q	0.1649	benign
P31751	N150R	0.2136	benign
P31751	N150S	0.0561	benign
P31751	N150T	0.0759	benign
P31751	N150V	0.1602	benign
P31751	N150W	0.5045	ambiguous
P31751	N150Y	0.1358	benign
P31751	D151A	0.7682	pathogenic
P31751	D151C	0.9213	pathogenic
P31751	D151E	0.5908	pathogenic
P31751	D151F	0.9795	pathogenic
P31751	D151G	0.8287	pathogenic
P31751	D151H	0.7015	pathogenic
P31751	D151I	0.9719	pathogenic
P31751	D151K	0.9608	pathogenic
P31751	D151L	0.9711	pathogenic
P31751	D151M	0.9728	pathogenic
P31751	D151N	0.3147	benign
P31751	D151P	0.9969	pathogenic
P31751	D151Q	0.8316	pathogenic
P31751	D151R	0.9571	pathogenic
P31751	D151S	0.4719	ambiguous
P31751	D151T	0.8527	pathogenic
P31751	D151V	0.9206	pathogenic
P31751	D151W	0.9966	pathogenic
P31751	D151Y	0.8564	pathogenic
P31751	F152A	0.999	pathogenic
P31751	F152C	0.9964	pathogenic
P31751	F152D	0.9998	pathogenic
P31751	F152E	0.9998	pathogenic
P31751	F152G	0.9993	pathogenic
P31751	F152H	0.9976	pathogenic
P31751	F152I	0.9936	pathogenic
P31751	F152K	0.9997	pathogenic
P31751	F152L	0.9991	pathogenic
P31751	F152M	0.9946	pathogenic
P31751	F152N	0.9993	pathogenic
P31751	F152P	1.0	pathogenic
P31751	F152Q	0.9997	pathogenic
P31751	F152R	0.9988	pathogenic
P31751	F152S	0.9993	pathogenic
P31751	F152T	0.9992	pathogenic
P31751	F152V	0.9906	pathogenic
P31751	F152W	0.9713	pathogenic
P31751	F152Y	0.8825	pathogenic
P31751	D153A	0.2821	benign
P31751	D153C	0.6818	pathogenic
P31751	D153E	0.1227	benign
P31751	D153F	0.7633	pathogenic
P31751	D153G	0.4822	ambiguous
P31751	D153H	0.3717	ambiguous
P31751	D153I	0.4601	ambiguous
P31751	D153K	0.6409	pathogenic
P31751	D153L	0.5225	ambiguous
P31751	D153M	0.7203	pathogenic
P31751	D153N	0.1785	benign
P31751	D153P	0.9839	pathogenic
P31751	D153Q	0.3552	ambiguous
P31751	D153R	0.5881	pathogenic
P31751	D153S	0.1794	benign
P31751	D153T	0.3072	benign
P31751	D153V	0.2792	benign
P31751	D153W	0.9439	pathogenic
P31751	D153Y	0.4467	ambiguous
P31751	Y154A	0.8693	pathogenic
P31751	Y154C	0.3106	benign
P31751	Y154D	0.899	pathogenic
P31751	Y154E	0.971	pathogenic
P31751	Y154F	0.1415	benign
P31751	Y154G	0.869	pathogenic
P31751	Y154H	0.7294	pathogenic
P31751	Y154I	0.7493	pathogenic
P31751	Y154K	0.9606	pathogenic
P31751	Y154L	0.5393	ambiguous
P31751	Y154M	0.8138	pathogenic
P31751	Y154N	0.7363	pathogenic
P31751	Y154P	0.9053	pathogenic
P31751	Y154Q	0.9436	pathogenic
P31751	Y154R	0.9106	pathogenic
P31751	Y154S	0.6651	pathogenic
P31751	Y154T	0.8093	pathogenic
P31751	Y154V	0.6106	pathogenic
P31751	Y154W	0.708	pathogenic
P31751	L155A	0.8312	pathogenic
P31751	L155C	0.7707	pathogenic
P31751	L155D	0.9905	pathogenic
P31751	L155E	0.8486	pathogenic
P31751	L155F	0.6921	pathogenic
P31751	L155G	0.9638	pathogenic
P31751	L155H	0.8188	pathogenic
P31751	L155I	0.1755	benign
P31751	L155K	0.7536	pathogenic
P31751	L155M	0.2633	benign
P31751	L155N	0.9558	pathogenic
P31751	L155P	0.9924	pathogenic
P31751	L155Q	0.5229	ambiguous
P31751	L155R	0.6414	pathogenic
P31751	L155S	0.9308	pathogenic
P31751	L155T	0.8395	pathogenic
P31751	L155V	0.1821	benign
P31751	L155W	0.8821	pathogenic
P31751	L155Y	0.9033	pathogenic
P31751	K156A	0.8979	pathogenic
P31751	K156C	0.8355	pathogenic
P31751	K156D	0.9894	pathogenic
P31751	K156E	0.9349	pathogenic
P31751	K156F	0.9897	pathogenic
P31751	K156G	0.9207	pathogenic
P31751	K156H	0.6736	pathogenic
P31751	K156I	0.9725	pathogenic
P31751	K156L	0.895	pathogenic
P31751	K156M	0.8583	pathogenic
P31751	K156N	0.967	pathogenic
P31751	K156P	0.9937	pathogenic
P31751	K156Q	0.4848	ambiguous
P31751	K156R	0.1289	benign
P31751	K156S	0.9365	pathogenic
P31751	K156T	0.8225	pathogenic
P31751	K156V	0.9235	pathogenic
P31751	K156W	0.9849	pathogenic
P31751	K156Y	0.963	pathogenic
P31751	L157A	0.9554	pathogenic
P31751	L157C	0.8656	pathogenic
P31751	L157D	0.9983	pathogenic
P31751	L157E	0.9864	pathogenic
P31751	L157F	0.9138	pathogenic
P31751	L157G	0.9815	pathogenic
P31751	L157H	0.9662	pathogenic
P31751	L157I	0.4666	ambiguous
P31751	L157K	0.9702	pathogenic
P31751	L157M	0.4706	ambiguous
P31751	L157N	0.9648	pathogenic
P31751	L157P	0.9862	pathogenic
P31751	L157Q	0.9461	pathogenic
P31751	L157R	0.9487	pathogenic
P31751	L157S	0.9842	pathogenic
P31751	L157T	0.9403	pathogenic
P31751	L157V	0.3221	benign
P31751	L157W	0.975	pathogenic
P31751	L157Y	0.9727	pathogenic
P31751	L158A	0.9926	pathogenic
P31751	L158C	0.9986	pathogenic
P31751	L158D	0.9999	pathogenic
P31751	L158E	0.9995	pathogenic
P31751	L158F	0.9983	pathogenic
P31751	L158G	0.999	pathogenic
P31751	L158H	0.9996	pathogenic
P31751	L158I	0.8673	pathogenic
P31751	L158K	0.9991	pathogenic
P31751	L158M	0.9758	pathogenic
P31751	L158N	0.9996	pathogenic
P31751	L158P	0.999	pathogenic
P31751	L158Q	0.9995	pathogenic
P31751	L158R	0.9973	pathogenic
P31751	L158S	0.9997	pathogenic
P31751	L158T	0.997	pathogenic
P31751	L158V	0.9482	pathogenic
P31751	L158W	0.9994	pathogenic
P31751	L158Y	0.9997	pathogenic
P31751	G159A	0.9977	pathogenic
P31751	G159C	0.9993	pathogenic
P31751	G159D	0.9997	pathogenic
P31751	G159E	0.9998	pathogenic
P31751	G159F	0.9999	pathogenic
P31751	G159H	1.0	pathogenic
P31751	G159I	0.9998	pathogenic
P31751	G159K	0.9999	pathogenic
P31751	G159L	0.9997	pathogenic
P31751	G159M	0.9999	pathogenic
P31751	G159N	0.9999	pathogenic
P31751	G159P	0.9999	pathogenic
P31751	G159Q	0.9999	pathogenic
P31751	G159R	0.9998	pathogenic
P31751	G159S	0.9988	pathogenic
P31751	G159T	0.9995	pathogenic
P31751	G159V	0.9996	pathogenic
P31751	G159W	0.9998	pathogenic
P31751	G159Y	0.9999	pathogenic
P31751	K160A	0.987	pathogenic
P31751	K160C	0.9848	pathogenic
P31751	K160D	0.9976	pathogenic
P31751	K160E	0.9822	pathogenic
P31751	K160F	0.9977	pathogenic
P31751	K160G	0.9894	pathogenic
P31751	K160H	0.9422	pathogenic
P31751	K160I	0.9861	pathogenic
P31751	K160L	0.9812	pathogenic
P31751	K160M	0.954	pathogenic
P31751	K160N	0.9931	pathogenic
P31751	K160P	0.9987	pathogenic
P31751	K160Q	0.8601	pathogenic
P31751	K160R	0.2577	benign
P31751	K160S	0.9912	pathogenic
P31751	K160T	0.9388	pathogenic
P31751	K160V	0.9743	pathogenic
P31751	K160W	0.995	pathogenic
P31751	K160Y	0.9919	pathogenic
P31751	G161A	0.9994	pathogenic
P31751	G161C	0.9998	pathogenic
P31751	G161D	0.9998	pathogenic
P31751	G161E	0.9999	pathogenic
P31751	G161F	0.9999	pathogenic
P31751	G161H	1.0	pathogenic
P31751	G161I	0.9998	pathogenic
P31751	G161K	0.9999	pathogenic
P31751	G161L	0.9999	pathogenic
P31751	G161M	0.9999	pathogenic
P31751	G161N	0.9999	pathogenic
P31751	G161P	1.0	pathogenic
P31751	G161Q	1.0	pathogenic
P31751	G161R	0.9999	pathogenic
P31751	G161S	0.9996	pathogenic
P31751	G161T	0.9994	pathogenic
P31751	G161V	0.9996	pathogenic
P31751	G161W	0.9999	pathogenic
P31751	G161Y	0.9999	pathogenic
P31751	T162A	0.8788	pathogenic
P31751	T162C	0.9929	pathogenic
P31751	T162D	0.9941	pathogenic
P31751	T162E	0.9946	pathogenic
P31751	T162F	0.9889	pathogenic
P31751	T162G	0.9449	pathogenic
P31751	T162H	0.9832	pathogenic
P31751	T162I	0.9956	pathogenic
P31751	T162K	0.9935	pathogenic
P31751	T162L	0.9706	pathogenic
P31751	T162M	0.9432	pathogenic
P31751	T162N	0.9192	pathogenic
P31751	T162P	0.9758	pathogenic
P31751	T162Q	0.9873	pathogenic
P31751	T162R	0.987	pathogenic
P31751	T162S	0.8303	pathogenic
P31751	T162V	0.9744	pathogenic
P31751	T162W	0.9979	pathogenic
P31751	T162Y	0.9893	pathogenic
P31751	F163A	0.999	pathogenic
P31751	F163C	0.999	pathogenic
P31751	F163D	0.9998	pathogenic
P31751	F163E	0.9998	pathogenic
P31751	F163G	0.9989	pathogenic
P31751	F163H	0.9984	pathogenic
P31751	F163I	0.9996	pathogenic
P31751	F163K	0.9998	pathogenic
P31751	F163L	0.9999	pathogenic
P31751	F163M	0.9989	pathogenic
P31751	F163N	0.999	pathogenic
P31751	F163P	1.0	pathogenic
P31751	F163Q	0.9996	pathogenic
P31751	F163R	0.9989	pathogenic
P31751	F163S	0.9987	pathogenic
P31751	F163T	0.9994	pathogenic
P31751	F163V	0.9989	pathogenic
P31751	F163W	0.9827	pathogenic
P31751	F163Y	0.9047	pathogenic
P31751	G164A	0.9902	pathogenic
P31751	G164C	0.9986	pathogenic
P31751	G164D	0.9999	pathogenic
P31751	G164E	0.9999	pathogenic
P31751	G164F	0.9999	pathogenic
P31751	G164H	1.0	pathogenic
P31751	G164I	0.9999	pathogenic
P31751	G164K	1.0	pathogenic
P31751	G164L	0.9997	pathogenic
P31751	G164M	0.9999	pathogenic
P31751	G164N	0.9999	pathogenic
P31751	G164P	0.9999	pathogenic
P31751	G164Q	0.9998	pathogenic
P31751	G164R	0.9998	pathogenic
P31751	G164S	0.9936	pathogenic
P31751	G164T	0.9992	pathogenic
P31751	G164V	0.9997	pathogenic
P31751	G164W	0.9999	pathogenic
P31751	G164Y	0.9999	pathogenic
P31751	K165A	0.9929	pathogenic
P31751	K165C	0.9897	pathogenic
P31751	K165D	0.9974	pathogenic
P31751	K165E	0.9907	pathogenic
P31751	K165F	0.9989	pathogenic
P31751	K165G	0.9934	pathogenic
P31751	K165H	0.9592	pathogenic
P31751	K165I	0.9934	pathogenic
P31751	K165L	0.9883	pathogenic
P31751	K165M	0.9783	pathogenic
P31751	K165N	0.9954	pathogenic
P31751	K165P	0.9987	pathogenic
P31751	K165Q	0.9471	pathogenic
P31751	K165R	0.4329	ambiguous
P31751	K165S	0.9945	pathogenic
P31751	K165T	0.9699	pathogenic
P31751	K165V	0.9868	pathogenic
P31751	K165W	0.9964	pathogenic
P31751	K165Y	0.9938	pathogenic
P31751	V166A	0.9989	pathogenic
P31751	V166C	0.9975	pathogenic
P31751	V166D	0.9991	pathogenic
P31751	V166E	0.9994	pathogenic
P31751	V166F	0.9987	pathogenic
P31751	V166G	0.9799	pathogenic
P31751	V166H	0.9998	pathogenic
P31751	V166I	0.9398	pathogenic
P31751	V166K	0.9995	pathogenic
P31751	V166L	0.9993	pathogenic
P31751	V166M	0.9991	pathogenic
P31751	V166N	0.996	pathogenic
P31751	V166P	0.9997	pathogenic
P31751	V166Q	0.9994	pathogenic
P31751	V166R	0.998	pathogenic
P31751	V166S	0.9962	pathogenic
P31751	V166T	0.9914	pathogenic
P31751	V166W	1.0	pathogenic
P31751	V166Y	0.9992	pathogenic
P31751	I167A	0.97	pathogenic
P31751	I167C	0.9659	pathogenic
P31751	I167D	0.9998	pathogenic
P31751	I167E	0.9992	pathogenic
P31751	I167F	0.7162	pathogenic
P31751	I167G	0.9961	pathogenic
P31751	I167H	0.9969	pathogenic
P31751	I167K	0.9982	pathogenic
P31751	I167L	0.4215	ambiguous
P31751	I167M	0.4809	ambiguous
P31751	I167N	0.9945	pathogenic
P31751	I167P	0.9994	pathogenic
P31751	I167Q	0.9966	pathogenic
P31751	I167R	0.995	pathogenic
P31751	I167S	0.985	pathogenic
P31751	I167T	0.9814	pathogenic
P31751	I167V	0.2163	benign
P31751	I167W	0.9938	pathogenic
P31751	I167Y	0.972	pathogenic
P31751	L168A	0.964	pathogenic
P31751	L168C	0.97	pathogenic
P31751	L168D	0.9999	pathogenic
P31751	L168E	0.9985	pathogenic
P31751	L168F	0.9768	pathogenic
P31751	L168G	0.9916	pathogenic
P31751	L168H	0.9971	pathogenic
P31751	L168I	0.8837	pathogenic
P31751	L168K	0.995	pathogenic
P31751	L168M	0.6646	pathogenic
P31751	L168N	0.9989	pathogenic
P31751	L168P	0.9998	pathogenic
P31751	L168Q	0.9851	pathogenic
P31751	L168R	0.9871	pathogenic
P31751	L168S	0.9956	pathogenic
P31751	L168T	0.9916	pathogenic
P31751	L168V	0.8497	pathogenic
P31751	L168W	0.9968	pathogenic
P31751	L168Y	0.9963	pathogenic
P31751	V169A	0.7798	pathogenic
P31751	V169C	0.8645	pathogenic
P31751	V169D	0.9991	pathogenic
P31751	V169E	0.9984	pathogenic
P31751	V169F	0.9942	pathogenic
P31751	V169G	0.812	pathogenic
P31751	V169H	0.9994	pathogenic
P31751	V169I	0.6206	pathogenic
P31751	V169K	0.9991	pathogenic
P31751	V169L	0.9799	pathogenic
P31751	V169M	0.9815	pathogenic
P31751	V169N	0.9954	pathogenic
P31751	V169P	0.9989	pathogenic
P31751	V169Q	0.9965	pathogenic
P31751	V169R	0.9956	pathogenic
P31751	V169S	0.8304	pathogenic
P31751	V169T	0.8346	pathogenic
P31751	V169W	0.9999	pathogenic
P31751	V169Y	0.9989	pathogenic
P31751	R170A	0.6851	pathogenic
P31751	R170C	0.2298	benign
P31751	R170D	0.9649	pathogenic
P31751	R170E	0.5358	ambiguous
P31751	R170F	0.8798	pathogenic
P31751	R170G	0.6477	pathogenic
P31751	R170H	0.2318	benign
P31751	R170I	0.6079	pathogenic
P31751	R170K	0.0758	benign
P31751	R170L	0.5053	ambiguous
P31751	R170M	0.491	ambiguous
P31751	R170N	0.8912	pathogenic
P31751	R170P	0.9908	pathogenic
P31751	R170Q	0.1107	benign
P31751	R170S	0.7797	pathogenic
P31751	R170T	0.5292	ambiguous
P31751	R170V	0.5907	pathogenic
P31751	R170W	0.4909	ambiguous
P31751	R170Y	0.7528	pathogenic
P31751	E171A	0.8732	pathogenic
P31751	E171C	0.9686	pathogenic
P31751	E171D	0.8192	pathogenic
P31751	E171F	0.9969	pathogenic
P31751	E171G	0.8591	pathogenic
P31751	E171H	0.9272	pathogenic
P31751	E171I	0.9868	pathogenic
P31751	E171K	0.8999	pathogenic
P31751	E171L	0.9657	pathogenic
P31751	E171M	0.9737	pathogenic
P31751	E171N	0.924	pathogenic
P31751	E171P	0.9981	pathogenic
P31751	E171Q	0.6261	pathogenic
P31751	E171R	0.9268	pathogenic
P31751	E171S	0.9137	pathogenic
P31751	E171T	0.9776	pathogenic
P31751	E171V	0.9559	pathogenic
P31751	E171W	0.998	pathogenic
P31751	E171Y	0.9908	pathogenic
P31751	K172A	0.816	pathogenic
P31751	K172C	0.8953	pathogenic
P31751	K172D	0.9591	pathogenic
P31751	K172E	0.6847	pathogenic
P31751	K172F	0.975	pathogenic
P31751	K172G	0.879	pathogenic
P31751	K172H	0.6296	pathogenic
P31751	K172I	0.6839	pathogenic
P31751	K172L	0.682	pathogenic
P31751	K172M	0.578	pathogenic
P31751	K172N	0.8219	pathogenic
P31751	K172P	0.9818	pathogenic
P31751	K172Q	0.3635	ambiguous
P31751	K172R	0.0962	benign
P31751	K172S	0.896	pathogenic
P31751	K172T	0.6227	pathogenic
P31751	K172V	0.6352	pathogenic
P31751	K172W	0.9535	pathogenic
P31751	K172Y	0.9245	pathogenic
P31751	A173C	0.3186	benign
P31751	A173D	0.2749	benign
P31751	A173E	0.2585	benign
P31751	A173F	0.3067	benign
P31751	A173G	0.1	benign
P31751	A173H	0.3495	ambiguous
P31751	A173I	0.2118	benign
P31751	A173K	0.393	ambiguous
P31751	A173L	0.1418	benign
P31751	A173M	0.1776	benign
P31751	A173N	0.1631	benign
P31751	A173P	0.4441	ambiguous
P31751	A173Q	0.2638	benign
P31751	A173R	0.3786	ambiguous
P31751	A173S	0.0793	benign
P31751	A173T	0.0795	benign
P31751	A173V	0.1143	benign
P31751	A173W	0.6891	pathogenic
P31751	A173Y	0.4067	ambiguous
P31751	T174A	0.1829	benign
P31751	T174C	0.3892	ambiguous
P31751	T174D	0.4457	ambiguous
P31751	T174E	0.7133	pathogenic
P31751	T174F	0.7248	pathogenic
P31751	T174G	0.2307	benign
P31751	T174H	0.486	ambiguous
P31751	T174I	0.7463	pathogenic
P31751	T174K	0.7222	pathogenic
P31751	T174L	0.3302	benign
P31751	T174M	0.2744	benign
P31751	T174N	0.167	benign
P31751	T174P	0.6242	pathogenic
P31751	T174Q	0.579	pathogenic
P31751	T174R	0.6069	pathogenic
P31751	T174S	0.0719	benign
P31751	T174V	0.5594	ambiguous
P31751	T174W	0.8044	pathogenic
P31751	T174Y	0.6511	pathogenic
P31751	G175A	0.2368	benign
P31751	G175C	0.3339	benign
P31751	G175D	0.3731	ambiguous
P31751	G175E	0.3762	ambiguous
P31751	G175F	0.8777	pathogenic
P31751	G175H	0.5134	ambiguous
P31751	G175I	0.8493	pathogenic
P31751	G175K	0.5418	ambiguous
P31751	G175L	0.6454	pathogenic
P31751	G175M	0.6836	pathogenic
P31751	G175N	0.2525	benign
P31751	G175P	0.9787	pathogenic
P31751	G175Q	0.3152	benign
P31751	G175R	0.3992	ambiguous
P31751	G175S	0.1319	benign
P31751	G175T	0.4316	ambiguous
P31751	G175V	0.7059	pathogenic
P31751	G175W	0.7968	pathogenic
P31751	G175Y	0.7537	pathogenic
P31751	R176A	0.2085	benign
P31751	R176C	0.0871	benign
P31751	R176D	0.4264	ambiguous
P31751	R176E	0.258	benign
P31751	R176F	0.279	benign
P31751	R176G	0.1707	benign
P31751	R176H	0.0753	benign
P31751	R176I	0.139	benign
P31751	R176K	0.0807	benign
P31751	R176L	0.1291	benign
P31751	R176M	0.1524	benign
P31751	R176N	0.2691	benign
P31751	R176P	0.8905	pathogenic
P31751	R176Q	0.0754	benign
P31751	R176S	0.2293	benign
P31751	R176T	0.1436	benign
P31751	R176V	0.1568	benign
P31751	R176W	0.1578	benign
P31751	R176Y	0.2178	benign
P31751	Y177A	0.6722	pathogenic
P31751	Y177C	0.1491	benign
P31751	Y177D	0.7754	pathogenic
P31751	Y177E	0.8936	pathogenic
P31751	Y177F	0.0832	benign
P31751	Y177G	0.7511	pathogenic
P31751	Y177H	0.237	benign
P31751	Y177I	0.4477	ambiguous
P31751	Y177K	0.8594	pathogenic
P31751	Y177L	0.3395	benign
P31751	Y177M	0.652	pathogenic
P31751	Y177N	0.3638	ambiguous
P31751	Y177P	0.7735	pathogenic
P31751	Y177Q	0.7281	pathogenic
P31751	Y177R	0.7185	pathogenic
P31751	Y177S	0.4781	ambiguous
P31751	Y177T	0.6023	pathogenic
P31751	Y177V	0.3762	ambiguous
P31751	Y177W	0.4236	ambiguous
P31751	Y178A	0.9627	pathogenic
P31751	Y178C	0.4747	ambiguous
P31751	Y178D	0.9849	pathogenic
P31751	Y178E	0.9962	pathogenic
P31751	Y178F	0.0959	benign
P31751	Y178G	0.9475	pathogenic
P31751	Y178H	0.8123	pathogenic
P31751	Y178I	0.9496	pathogenic
P31751	Y178K	0.9946	pathogenic
P31751	Y178L	0.8582	pathogenic
P31751	Y178M	0.9428	pathogenic
P31751	Y178N	0.9194	pathogenic
P31751	Y178P	0.9986	pathogenic
P31751	Y178Q	0.9846	pathogenic
P31751	Y178R	0.971	pathogenic
P31751	Y178S	0.8992	pathogenic
P31751	Y178T	0.9724	pathogenic
P31751	Y178V	0.8487	pathogenic
P31751	Y178W	0.6872	pathogenic
P31751	A179C	0.9855	pathogenic
P31751	A179D	0.9998	pathogenic
P31751	A179E	0.9997	pathogenic
P31751	A179F	0.9981	pathogenic
P31751	A179G	0.9703	pathogenic
P31751	A179H	0.9996	pathogenic
P31751	A179I	0.9978	pathogenic
P31751	A179K	0.9999	pathogenic
P31751	A179L	0.9836	pathogenic
P31751	A179M	0.998	pathogenic
P31751	A179N	0.9993	pathogenic
P31751	A179P	0.9977	pathogenic
P31751	A179Q	0.9975	pathogenic
P31751	A179R	0.9963	pathogenic
P31751	A179S	0.898	pathogenic
P31751	A179T	0.9915	pathogenic
P31751	A179V	0.9925	pathogenic
P31751	A179W	0.9998	pathogenic
P31751	A179Y	0.9995	pathogenic
P31751	M180A	0.9567	pathogenic
P31751	M180C	0.9509	pathogenic
P31751	M180D	0.9999	pathogenic
P31751	M180E	0.9987	pathogenic
P31751	M180F	0.9753	pathogenic
P31751	M180G	0.9951	pathogenic
P31751	M180H	0.9996	pathogenic
P31751	M180I	0.9088	pathogenic
P31751	M180K	0.9979	pathogenic
P31751	M180L	0.5581	ambiguous
P31751	M180N	0.9992	pathogenic
P31751	M180P	0.9999	pathogenic
P31751	M180Q	0.9869	pathogenic
P31751	M180R	0.9977	pathogenic
P31751	M180S	0.9913	pathogenic
P31751	M180T	0.9832	pathogenic
P31751	M180V	0.4232	ambiguous
P31751	M180W	0.9994	pathogenic
P31751	M180Y	0.9991	pathogenic
P31751	K181A	0.9998	pathogenic
P31751	K181C	0.9999	pathogenic
P31751	K181D	0.9999	pathogenic
P31751	K181E	0.9998	pathogenic
P31751	K181F	1.0	pathogenic
P31751	K181G	0.9994	pathogenic
P31751	K181H	0.9992	pathogenic
P31751	K181I	0.9998	pathogenic
P31751	K181L	0.9997	pathogenic
P31751	K181M	0.9992	pathogenic
P31751	K181N	0.9999	pathogenic
P31751	K181P	0.9999	pathogenic
P31751	K181Q	0.9997	pathogenic
P31751	K181R	0.9939	pathogenic
P31751	K181S	0.9999	pathogenic
P31751	K181T	0.9989	pathogenic
P31751	K181V	0.9997	pathogenic
P31751	K181W	1.0	pathogenic
P31751	K181Y	0.9999	pathogenic
P31751	I182A	0.9902	pathogenic
P31751	I182C	0.9836	pathogenic
P31751	I182D	0.9997	pathogenic
P31751	I182E	0.9991	pathogenic
P31751	I182F	0.8703	pathogenic
P31751	I182G	0.9983	pathogenic
P31751	I182H	0.9985	pathogenic
P31751	I182K	0.9987	pathogenic
P31751	I182L	0.6741	pathogenic
P31751	I182M	0.6171	pathogenic
P31751	I182N	0.9937	pathogenic
P31751	I182P	0.9994	pathogenic
P31751	I182Q	0.9976	pathogenic
P31751	I182R	0.9974	pathogenic
P31751	I182S	0.9894	pathogenic
P31751	I182T	0.9887	pathogenic
P31751	I182V	0.2474	benign
P31751	I182W	0.997	pathogenic
P31751	I182Y	0.9856	pathogenic
P31751	L183A	0.9933	pathogenic
P31751	L183C	0.9934	pathogenic
P31751	L183D	1.0	pathogenic
P31751	L183E	0.9994	pathogenic
P31751	L183F	0.9916	pathogenic
P31751	L183G	0.9991	pathogenic
P31751	L183H	0.9992	pathogenic
P31751	L183I	0.7833	pathogenic
P31751	L183K	0.9992	pathogenic
P31751	L183M	0.88	pathogenic
P31751	L183N	0.9993	pathogenic
P31751	L183P	0.9998	pathogenic
P31751	L183Q	0.9978	pathogenic
P31751	L183R	0.9974	pathogenic
P31751	L183S	0.999	pathogenic
P31751	L183T	0.996	pathogenic
P31751	L183V	0.8714	pathogenic
P31751	L183W	0.9989	pathogenic
P31751	L183Y	0.9991	pathogenic
P31751	R184A	0.9536	pathogenic
P31751	R184C	0.5739	pathogenic
P31751	R184D	0.983	pathogenic
P31751	R184E	0.9269	pathogenic
P31751	R184F	0.9852	pathogenic
P31751	R184G	0.8937	pathogenic
P31751	R184H	0.3567	ambiguous
P31751	R184I	0.9681	pathogenic
P31751	R184K	0.1992	benign
P31751	R184L	0.8296	pathogenic
P31751	R184M	0.9418	pathogenic
P31751	R184N	0.9674	pathogenic
P31751	R184P	0.9684	pathogenic
P31751	R184Q	0.3556	ambiguous
P31751	R184S	0.9614	pathogenic
P31751	R184T	0.9591	pathogenic
P31751	R184V	0.9635	pathogenic
P31751	R184W	0.7866	pathogenic
P31751	R184Y	0.927	pathogenic
P31751	K185A	0.9991	pathogenic
P31751	K185C	0.9996	pathogenic
P31751	K185D	0.9996	pathogenic
P31751	K185E	0.9986	pathogenic
P31751	K185F	1.0	pathogenic
P31751	K185G	0.9991	pathogenic
P31751	K185H	0.9977	pathogenic
P31751	K185I	0.9997	pathogenic
P31751	K185L	0.9988	pathogenic
P31751	K185M	0.9976	pathogenic
P31751	K185N	0.9996	pathogenic
P31751	K185P	0.9977	pathogenic
P31751	K185Q	0.9957	pathogenic
P31751	K185R	0.7913	pathogenic
P31751	K185S	0.9997	pathogenic
P31751	K185T	0.9972	pathogenic
P31751	K185V	0.9994	pathogenic
P31751	K185W	0.9998	pathogenic
P31751	K185Y	0.9998	pathogenic
P31751	E186A	0.3954	ambiguous
P31751	E186C	0.9686	pathogenic
P31751	E186D	0.1773	benign
P31751	E186F	0.9854	pathogenic
P31751	E186G	0.5018	ambiguous
P31751	E186H	0.801	pathogenic
P31751	E186I	0.92	pathogenic
P31751	E186K	0.6397	pathogenic
P31751	E186L	0.9191	pathogenic
P31751	E186M	0.9013	pathogenic
P31751	E186N	0.5555	ambiguous
P31751	E186P	0.9616	pathogenic
P31751	E186Q	0.3705	ambiguous
P31751	E186R	0.7427	pathogenic
P31751	E186S	0.4307	ambiguous
P31751	E186T	0.6701	pathogenic
P31751	E186V	0.7651	pathogenic
P31751	E186W	0.9896	pathogenic
P31751	E186Y	0.9542	pathogenic
P31751	V187A	0.8479	pathogenic
P31751	V187C	0.9523	pathogenic
P31751	V187D	0.9002	pathogenic
P31751	V187E	0.8932	pathogenic
P31751	V187F	0.677	pathogenic
P31751	V187G	0.8192	pathogenic
P31751	V187H	0.9609	pathogenic
P31751	V187I	0.1274	benign
P31751	V187K	0.9401	pathogenic
P31751	V187L	0.7604	pathogenic
P31751	V187M	0.5137	ambiguous
P31751	V187N	0.7892	pathogenic
P31751	V187P	0.9952	pathogenic
P31751	V187Q	0.897	pathogenic
P31751	V187R	0.9337	pathogenic
P31751	V187S	0.8674	pathogenic
P31751	V187T	0.7268	pathogenic
P31751	V187W	0.985	pathogenic
P31751	V187Y	0.9255	pathogenic
P31751	I188A	0.9962	pathogenic
P31751	I188C	0.998	pathogenic
P31751	I188D	0.9999	pathogenic
P31751	I188E	0.9996	pathogenic
P31751	I188F	0.9953	pathogenic
P31751	I188G	0.9996	pathogenic
P31751	I188H	0.9998	pathogenic
P31751	I188K	0.9997	pathogenic
P31751	I188L	0.8084	pathogenic
P31751	I188M	0.9139	pathogenic
P31751	I188N	0.9987	pathogenic
P31751	I188P	0.9993	pathogenic
P31751	I188Q	0.9995	pathogenic
P31751	I188R	0.9992	pathogenic
P31751	I188S	0.9982	pathogenic
P31751	I188T	0.9955	pathogenic
P31751	I188V	0.3743	ambiguous
P31751	I188W	0.9997	pathogenic
P31751	I188Y	0.9995	pathogenic
P31751	I189A	0.8003	pathogenic
P31751	I189C	0.9239	pathogenic
P31751	I189D	0.9935	pathogenic
P31751	I189E	0.9649	pathogenic
P31751	I189F	0.5815	pathogenic
P31751	I189G	0.9768	pathogenic
P31751	I189H	0.9572	pathogenic
P31751	I189K	0.9152	pathogenic
P31751	I189L	0.3281	benign
P31751	I189M	0.2913	benign
P31751	I189N	0.9466	pathogenic
P31751	I189P	0.9941	pathogenic
P31751	I189Q	0.9228	pathogenic
P31751	I189R	0.8571	pathogenic
P31751	I189S	0.8855	pathogenic
P31751	I189T	0.6108	pathogenic
P31751	I189V	0.1031	benign
P31751	I189W	0.9679	pathogenic
P31751	I189Y	0.9322	pathogenic
P31751	A190C	0.7758	pathogenic
P31751	A190D	0.7973	pathogenic
P31751	A190E	0.5609	ambiguous
P31751	A190F	0.8623	pathogenic
P31751	A190G	0.4407	ambiguous
P31751	A190H	0.7866	pathogenic
P31751	A190I	0.8504	pathogenic
P31751	A190K	0.8333	pathogenic
P31751	A190L	0.504	ambiguous
P31751	A190M	0.5869	pathogenic
P31751	A190N	0.574	pathogenic
P31751	A190P	0.9951	pathogenic
P31751	A190Q	0.3475	ambiguous
P31751	A190R	0.7042	pathogenic
P31751	A190S	0.1602	benign
P31751	A190T	0.3573	ambiguous
P31751	A190V	0.6258	pathogenic
P31751	A190W	0.9782	pathogenic
P31751	A190Y	0.9035	pathogenic
P31751	K191A	0.9884	pathogenic
P31751	K191C	0.9856	pathogenic
P31751	K191D	0.9967	pathogenic
P31751	K191E	0.9801	pathogenic
P31751	K191F	0.999	pathogenic
P31751	K191G	0.9838	pathogenic
P31751	K191H	0.9315	pathogenic
P31751	K191I	0.9976	pathogenic
P31751	K191L	0.9814	pathogenic
P31751	K191M	0.9791	pathogenic
P31751	K191N	0.994	pathogenic
P31751	K191P	0.9962	pathogenic
P31751	K191Q	0.9094	pathogenic
P31751	K191R	0.1998	benign
P31751	K191S	0.995	pathogenic
P31751	K191T	0.9825	pathogenic
P31751	K191V	0.9903	pathogenic
P31751	K191W	0.9951	pathogenic
P31751	K191Y	0.9937	pathogenic
P31751	D192A	0.9712	pathogenic
P31751	D192C	0.9965	pathogenic
P31751	D192E	0.8238	pathogenic
P31751	D192F	0.9967	pathogenic
P31751	D192G	0.8948	pathogenic
P31751	D192H	0.9906	pathogenic
P31751	D192I	0.9975	pathogenic
P31751	D192K	0.9871	pathogenic
P31751	D192L	0.9914	pathogenic
P31751	D192M	0.9968	pathogenic
P31751	D192N	0.9136	pathogenic
P31751	D192P	0.9988	pathogenic
P31751	D192Q	0.9761	pathogenic
P31751	D192R	0.9821	pathogenic
P31751	D192S	0.9578	pathogenic
P31751	D192T	0.9881	pathogenic
P31751	D192V	0.9827	pathogenic
P31751	D192W	0.9982	pathogenic
P31751	D192Y	0.9722	pathogenic
P31751	E193A	0.9878	pathogenic
P31751	E193C	0.9987	pathogenic
P31751	E193D	0.995	pathogenic
P31751	E193F	0.9998	pathogenic
P31751	E193G	0.9945	pathogenic
P31751	E193H	0.9995	pathogenic
P31751	E193I	0.9988	pathogenic
P31751	E193K	0.9967	pathogenic
P31751	E193L	0.9985	pathogenic
P31751	E193M	0.9974	pathogenic
P31751	E193N	0.9992	pathogenic
P31751	E193P	0.9999	pathogenic
P31751	E193Q	0.9829	pathogenic
P31751	E193R	0.9954	pathogenic
P31751	E193S	0.9967	pathogenic
P31751	E193T	0.9971	pathogenic
P31751	E193V	0.996	pathogenic
P31751	E193W	0.9999	pathogenic
P31751	E193Y	0.9996	pathogenic
P31751	V194A	0.9368	pathogenic
P31751	V194C	0.9961	pathogenic
P31751	V194D	0.9948	pathogenic
P31751	V194E	0.9677	pathogenic
P31751	V194F	0.9163	pathogenic
P31751	V194G	0.9375	pathogenic
P31751	V194H	0.9969	pathogenic
P31751	V194I	0.2578	benign
P31751	V194K	0.9799	pathogenic
P31751	V194L	0.956	pathogenic
P31751	V194M	0.8583	pathogenic
P31751	V194N	0.9895	pathogenic
P31751	V194P	0.998	pathogenic
P31751	V194Q	0.9779	pathogenic
P31751	V194R	0.9758	pathogenic
P31751	V194S	0.9744	pathogenic
P31751	V194T	0.8957	pathogenic
P31751	V194W	0.9979	pathogenic
P31751	V194Y	0.9867	pathogenic
P31751	A195C	0.7622	pathogenic
P31751	A195D	0.8903	pathogenic
P31751	A195E	0.7597	pathogenic
P31751	A195F	0.8056	pathogenic
P31751	A195G	0.4584	ambiguous
P31751	A195H	0.868	pathogenic
P31751	A195I	0.6332	pathogenic
P31751	A195K	0.94	pathogenic
P31751	A195L	0.4221	ambiguous
P31751	A195M	0.468	ambiguous
P31751	A195N	0.6255	pathogenic
P31751	A195P	0.8967	pathogenic
P31751	A195Q	0.6024	pathogenic
P31751	A195R	0.8792	pathogenic
P31751	A195S	0.1802	benign
P31751	A195T	0.2264	benign
P31751	A195V	0.3559	ambiguous
P31751	A195W	0.9763	pathogenic
P31751	A195Y	0.9247	pathogenic
P31751	H196A	0.998	pathogenic
P31751	H196C	0.9854	pathogenic
P31751	H196D	0.9996	pathogenic
P31751	H196E	0.9994	pathogenic
P31751	H196F	0.9916	pathogenic
P31751	H196G	0.9989	pathogenic
P31751	H196I	0.9997	pathogenic
P31751	H196K	0.9992	pathogenic
P31751	H196L	0.9931	pathogenic
P31751	H196M	0.9987	pathogenic
P31751	H196N	0.996	pathogenic
P31751	H196P	0.9965	pathogenic
P31751	H196Q	0.999	pathogenic
P31751	H196R	0.9973	pathogenic
P31751	H196S	0.9967	pathogenic
P31751	H196T	0.9994	pathogenic
P31751	H196V	0.9992	pathogenic
P31751	H196W	0.985	pathogenic
P31751	H196Y	0.9931	pathogenic
P31751	T197A	0.95	pathogenic
P31751	T197C	0.9926	pathogenic
P31751	T197D	0.9996	pathogenic
P31751	T197E	0.9988	pathogenic
P31751	T197F	0.999	pathogenic
P31751	T197G	0.9949	pathogenic
P31751	T197H	0.9982	pathogenic
P31751	T197I	0.9887	pathogenic
P31751	T197K	0.9991	pathogenic
P31751	T197L	0.9724	pathogenic
P31751	T197M	0.97	pathogenic
P31751	T197N	0.9965	pathogenic
P31751	T197P	0.9953	pathogenic
P31751	T197Q	0.9978	pathogenic
P31751	T197R	0.9978	pathogenic
P31751	T197S	0.979	pathogenic
P31751	T197V	0.9285	pathogenic
P31751	T197W	0.9997	pathogenic
P31751	T197Y	0.9995	pathogenic
P31751	V198A	0.7952	pathogenic
P31751	V198C	0.9036	pathogenic
P31751	V198D	0.981	pathogenic
P31751	V198E	0.8823	pathogenic
P31751	V198F	0.5573	ambiguous
P31751	V198G	0.8824	pathogenic
P31751	V198H	0.9518	pathogenic
P31751	V198I	0.081	benign
P31751	V198K	0.8386	pathogenic
P31751	V198L	0.2832	benign
P31751	V198M	0.233	benign
P31751	V198N	0.8844	pathogenic
P31751	V198P	0.9987	pathogenic
P31751	V198Q	0.7543	pathogenic
P31751	V198R	0.8005	pathogenic
P31751	V198S	0.8909	pathogenic
P31751	V198T	0.7677	pathogenic
P31751	V198W	0.9787	pathogenic
P31751	V198Y	0.9228	pathogenic
P31751	T199A	0.5091	ambiguous
P31751	T199C	0.9554	pathogenic
P31751	T199D	0.9957	pathogenic
P31751	T199E	0.9843	pathogenic
P31751	T199F	0.9914	pathogenic
P31751	T199G	0.9056	pathogenic
P31751	T199H	0.9909	pathogenic
P31751	T199I	0.9864	pathogenic
P31751	T199K	0.9887	pathogenic
P31751	T199L	0.9178	pathogenic
P31751	T199M	0.8006	pathogenic
P31751	T199N	0.9371	pathogenic
P31751	T199P	0.9857	pathogenic
P31751	T199Q	0.9625	pathogenic
P31751	T199R	0.9679	pathogenic
P31751	T199S	0.8299	pathogenic
P31751	T199V	0.9033	pathogenic
P31751	T199W	0.9975	pathogenic
P31751	T199Y	0.996	pathogenic
P31751	E200A	0.9983	pathogenic
P31751	E200C	0.9997	pathogenic
P31751	E200D	0.9998	pathogenic
P31751	E200F	1.0	pathogenic
P31751	E200G	0.9987	pathogenic
P31751	E200H	0.9999	pathogenic
P31751	E200I	0.9999	pathogenic
P31751	E200K	0.9996	pathogenic
P31751	E200L	0.9999	pathogenic
P31751	E200M	0.9998	pathogenic
P31751	E200N	0.9999	pathogenic
P31751	E200P	0.9999	pathogenic
P31751	E200Q	0.9981	pathogenic
P31751	E200R	0.9993	pathogenic
P31751	E200S	0.9994	pathogenic
P31751	E200T	0.9997	pathogenic
P31751	E200V	0.9993	pathogenic
P31751	E200W	1.0	pathogenic
P31751	E200Y	1.0	pathogenic
P31751	S201A	0.4387	ambiguous
P31751	S201C	0.2962	benign
P31751	S201D	0.9802	pathogenic
P31751	S201E	0.9796	pathogenic
P31751	S201F	0.9686	pathogenic
P31751	S201G	0.3412	ambiguous
P31751	S201H	0.8728	pathogenic
P31751	S201I	0.9215	pathogenic
P31751	S201K	0.9874	pathogenic
P31751	S201L	0.837	pathogenic
P31751	S201M	0.7949	pathogenic
P31751	S201N	0.4054	ambiguous
P31751	S201P	0.999	pathogenic
P31751	S201Q	0.9189	pathogenic
P31751	S201R	0.9765	pathogenic
P31751	S201T	0.5967	pathogenic
P31751	S201V	0.9028	pathogenic
P31751	S201W	0.9533	pathogenic
P31751	S201Y	0.8542	pathogenic
P31751	R202A	0.9478	pathogenic
P31751	R202C	0.7501	pathogenic
P31751	R202D	0.9796	pathogenic
P31751	R202E	0.8953	pathogenic
P31751	R202F	0.9803	pathogenic
P31751	R202G	0.9367	pathogenic
P31751	R202H	0.4294	ambiguous
P31751	R202I	0.9356	pathogenic
P31751	R202K	0.4328	ambiguous
P31751	R202L	0.8544	pathogenic
P31751	R202M	0.9283	pathogenic
P31751	R202N	0.9392	pathogenic
P31751	R202P	0.9993	pathogenic
P31751	R202Q	0.4017	ambiguous
P31751	R202S	0.9513	pathogenic
P31751	R202T	0.9086	pathogenic
P31751	R202V	0.9345	pathogenic
P31751	R202W	0.8312	pathogenic
P31751	R202Y	0.9459	pathogenic
P31751	V203A	0.9923	pathogenic
P31751	V203C	0.9927	pathogenic
P31751	V203D	0.9994	pathogenic
P31751	V203E	0.9985	pathogenic
P31751	V203F	0.9873	pathogenic
P31751	V203G	0.9749	pathogenic
P31751	V203H	0.999	pathogenic
P31751	V203I	0.5335	ambiguous
P31751	V203K	0.9991	pathogenic
P31751	V203L	0.9912	pathogenic
P31751	V203M	0.9916	pathogenic
P31751	V203N	0.9959	pathogenic
P31751	V203P	0.9993	pathogenic
P31751	V203Q	0.9975	pathogenic
P31751	V203R	0.9962	pathogenic
P31751	V203S	0.9894	pathogenic
P31751	V203T	0.982	pathogenic
P31751	V203W	0.9997	pathogenic
P31751	V203Y	0.9976	pathogenic
P31751	L204A	0.9924	pathogenic
P31751	L204C	0.9946	pathogenic
P31751	L204D	0.9999	pathogenic
P31751	L204E	0.9986	pathogenic
P31751	L204F	0.9853	pathogenic
P31751	L204G	0.9968	pathogenic
P31751	L204H	0.9968	pathogenic
P31751	L204I	0.9478	pathogenic
P31751	L204K	0.9978	pathogenic
P31751	L204M	0.8683	pathogenic
P31751	L204N	0.9981	pathogenic
P31751	L204P	0.9997	pathogenic
P31751	L204Q	0.9947	pathogenic
P31751	L204R	0.9944	pathogenic
P31751	L204S	0.9985	pathogenic
P31751	L204T	0.9968	pathogenic
P31751	L204V	0.9773	pathogenic
P31751	L204W	0.9961	pathogenic
P31751	L204Y	0.9974	pathogenic
P31751	Q205A	0.616	pathogenic
P31751	Q205C	0.935	pathogenic
P31751	Q205D	0.9895	pathogenic
P31751	Q205E	0.3818	ambiguous
P31751	Q205F	0.9888	pathogenic
P31751	Q205G	0.699	pathogenic
P31751	Q205H	0.8888	pathogenic
P31751	Q205I	0.9444	pathogenic
P31751	Q205K	0.3217	benign
P31751	Q205L	0.6705	pathogenic
P31751	Q205M	0.8056	pathogenic
P31751	Q205N	0.9315	pathogenic
P31751	Q205P	0.9833	pathogenic
P31751	Q205R	0.3081	benign
P31751	Q205S	0.7653	pathogenic
P31751	Q205T	0.7809	pathogenic
P31751	Q205V	0.8459	pathogenic
P31751	Q205W	0.9817	pathogenic
P31751	Q205Y	0.9787	pathogenic
P31751	N206A	0.2971	benign
P31751	N206C	0.2931	benign
P31751	N206D	0.3066	benign
P31751	N206E	0.5418	ambiguous
P31751	N206F	0.6377	pathogenic
P31751	N206G	0.2589	benign
P31751	N206H	0.1205	benign
P31751	N206I	0.4784	ambiguous
P31751	N206K	0.4585	ambiguous
P31751	N206L	0.3872	ambiguous
P31751	N206M	0.4021	ambiguous
P31751	N206P	0.9872	pathogenic
P31751	N206Q	0.344	ambiguous
P31751	N206R	0.4399	ambiguous
P31751	N206S	0.1205	benign
P31751	N206T	0.1819	benign
P31751	N206V	0.3986	ambiguous
P31751	N206W	0.8522	pathogenic
P31751	N206Y	0.2652	benign
P31751	T207A	0.1891	benign
P31751	T207C	0.3212	benign
P31751	T207D	0.9334	pathogenic
P31751	T207E	0.9123	pathogenic
P31751	T207F	0.8486	pathogenic
P31751	T207G	0.4833	ambiguous
P31751	T207H	0.8005	pathogenic
P31751	T207I	0.6059	pathogenic
P31751	T207K	0.927	pathogenic
P31751	T207L	0.4016	ambiguous
P31751	T207M	0.2797	benign
P31751	T207N	0.4903	ambiguous
P31751	T207P	0.7666	pathogenic
P31751	T207Q	0.7761	pathogenic
P31751	T207R	0.8777	pathogenic
P31751	T207S	0.2016	benign
P31751	T207V	0.3797	ambiguous
P31751	T207W	0.9641	pathogenic
P31751	T207Y	0.88	pathogenic
P31751	R208A	0.4723	ambiguous
P31751	R208C	0.1891	benign
P31751	R208D	0.6661	pathogenic
P31751	R208E	0.4092	ambiguous
P31751	R208F	0.75	pathogenic
P31751	R208G	0.3278	benign
P31751	R208H	0.1201	benign
P31751	R208I	0.4712	ambiguous
P31751	R208K	0.1039	benign
P31751	R208L	0.4029	ambiguous
P31751	R208M	0.4549	ambiguous
P31751	R208N	0.5631	ambiguous
P31751	R208P	0.8272	pathogenic
P31751	R208Q	0.1022	benign
P31751	R208S	0.4702	ambiguous
P31751	R208T	0.3421	ambiguous
P31751	R208V	0.4478	ambiguous
P31751	R208W	0.3389	benign
P31751	R208Y	0.5492	ambiguous
P31751	H209A	0.9907	pathogenic
P31751	H209C	0.6915	pathogenic
P31751	H209D	0.9871	pathogenic
P31751	H209E	0.9944	pathogenic
P31751	H209F	0.9541	pathogenic
P31751	H209G	0.9903	pathogenic
P31751	H209I	0.9941	pathogenic
P31751	H209K	0.998	pathogenic
P31751	H209L	0.9638	pathogenic
P31751	H209M	0.9908	pathogenic
P31751	H209N	0.8398	pathogenic
P31751	H209P	0.9257	pathogenic
P31751	H209Q	0.9892	pathogenic
P31751	H209R	0.9963	pathogenic
P31751	H209S	0.929	pathogenic
P31751	H209T	0.9947	pathogenic
P31751	H209V	0.9943	pathogenic
P31751	H209W	0.9526	pathogenic
P31751	H209Y	0.8695	pathogenic
P31751	P210A	0.6348	pathogenic
P31751	P210C	0.9356	pathogenic
P31751	P210D	0.9747	pathogenic
P31751	P210E	0.9402	pathogenic
P31751	P210F	0.992	pathogenic
P31751	P210G	0.9392	pathogenic
P31751	P210H	0.8856	pathogenic
P31751	P210I	0.9655	pathogenic
P31751	P210K	0.9707	pathogenic
P31751	P210L	0.8823	pathogenic
P31751	P210M	0.9736	pathogenic
P31751	P210N	0.9431	pathogenic
P31751	P210Q	0.8784	pathogenic
P31751	P210R	0.8795	pathogenic
P31751	P210S	0.7885	pathogenic
P31751	P210T	0.8318	pathogenic
P31751	P210V	0.9062	pathogenic
P31751	P210W	0.9936	pathogenic
P31751	P210Y	0.9834	pathogenic
P31751	F211A	0.9943	pathogenic
P31751	F211C	0.9407	pathogenic
P31751	F211D	0.9992	pathogenic
P31751	F211E	0.9996	pathogenic
P31751	F211G	0.9919	pathogenic
P31751	F211H	0.9753	pathogenic
P31751	F211I	0.9967	pathogenic
P31751	F211K	0.9996	pathogenic
P31751	F211L	0.9979	pathogenic
P31751	F211M	0.9886	pathogenic
P31751	F211N	0.9773	pathogenic
P31751	F211P	0.9998	pathogenic
P31751	F211Q	0.9972	pathogenic
P31751	F211R	0.9975	pathogenic
P31751	F211S	0.9829	pathogenic
P31751	F211T	0.9979	pathogenic
P31751	F211V	0.9914	pathogenic
P31751	F211W	0.9418	pathogenic
P31751	F211Y	0.6342	pathogenic
P31751	L212A	0.9784	pathogenic
P31751	L212C	0.9452	pathogenic
P31751	L212D	0.9999	pathogenic
P31751	L212E	0.9988	pathogenic
P31751	L212F	0.9789	pathogenic
P31751	L212G	0.9967	pathogenic
P31751	L212H	0.9973	pathogenic
P31751	L212I	0.5195	ambiguous
P31751	L212K	0.9983	pathogenic
P31751	L212M	0.7553	pathogenic
P31751	L212N	0.998	pathogenic
P31751	L212P	0.9991	pathogenic
P31751	L212Q	0.9949	pathogenic
P31751	L212R	0.9947	pathogenic
P31751	L212S	0.9966	pathogenic
P31751	L212T	0.9794	pathogenic
P31751	L212V	0.5758	pathogenic
P31751	L212W	0.9978	pathogenic
P31751	L212Y	0.998	pathogenic
P31751	T213A	0.7122	pathogenic
P31751	T213C	0.8698	pathogenic
P31751	T213D	0.9953	pathogenic
P31751	T213E	0.9889	pathogenic
P31751	T213F	0.9754	pathogenic
P31751	T213G	0.9007	pathogenic
P31751	T213H	0.9888	pathogenic
P31751	T213I	0.8495	pathogenic
P31751	T213K	0.9894	pathogenic
P31751	T213L	0.6344	pathogenic
P31751	T213M	0.6737	pathogenic
P31751	T213N	0.9451	pathogenic
P31751	T213P	0.8779	pathogenic
P31751	T213Q	0.9665	pathogenic
P31751	T213R	0.9842	pathogenic
P31751	T213S	0.8531	pathogenic
P31751	T213V	0.6179	pathogenic
P31751	T213W	0.9957	pathogenic
P31751	T213Y	0.9905	pathogenic
P31751	A214C	0.3902	ambiguous
P31751	A214D	0.6092	pathogenic
P31751	A214E	0.4532	ambiguous
P31751	A214F	0.4752	ambiguous
P31751	A214G	0.1377	benign
P31751	A214H	0.5443	ambiguous
P31751	A214I	0.4363	ambiguous
P31751	A214K	0.7101	pathogenic
P31751	A214L	0.2944	benign
P31751	A214M	0.2553	benign
P31751	A214N	0.307	benign
P31751	A214P	0.857	pathogenic
P31751	A214Q	0.336	benign
P31751	A214R	0.5908	pathogenic
P31751	A214S	0.0836	benign
P31751	A214T	0.0902	benign
P31751	A214V	0.2124	benign
P31751	A214W	0.878	pathogenic
P31751	A214Y	0.6224	pathogenic
P31751	L215A	0.9738	pathogenic
P31751	L215C	0.9726	pathogenic
P31751	L215D	0.9999	pathogenic
P31751	L215E	0.9983	pathogenic
P31751	L215F	0.9792	pathogenic
P31751	L215G	0.9919	pathogenic
P31751	L215H	0.9979	pathogenic
P31751	L215I	0.9083	pathogenic
P31751	L215K	0.9961	pathogenic
P31751	L215M	0.7782	pathogenic
P31751	L215N	0.9976	pathogenic
P31751	L215P	0.9983	pathogenic
P31751	L215Q	0.9933	pathogenic
P31751	L215R	0.9917	pathogenic
P31751	L215S	0.9967	pathogenic
P31751	L215T	0.991	pathogenic
P31751	L215V	0.8818	pathogenic
P31751	L215W	0.9968	pathogenic
P31751	L215Y	0.9965	pathogenic
P31751	K216A	0.8516	pathogenic
P31751	K216C	0.7856	pathogenic
P31751	K216D	0.9772	pathogenic
P31751	K216E	0.7692	pathogenic
P31751	K216F	0.9421	pathogenic
P31751	K216G	0.9357	pathogenic
P31751	K216H	0.3736	ambiguous
P31751	K216I	0.8135	pathogenic
P31751	K216L	0.7684	pathogenic
P31751	K216M	0.6799	pathogenic
P31751	K216N	0.9076	pathogenic
P31751	K216P	0.9862	pathogenic
P31751	K216Q	0.3345	benign
P31751	K216R	0.0848	benign
P31751	K216S	0.8917	pathogenic
P31751	K216T	0.6105	pathogenic
P31751	K216V	0.7089	pathogenic
P31751	K216W	0.9012	pathogenic
P31751	K216Y	0.8374	pathogenic
P31751	Y217A	0.9735	pathogenic
P31751	Y217C	0.8433	pathogenic
P31751	Y217D	0.9798	pathogenic
P31751	Y217E	0.9952	pathogenic
P31751	Y217F	0.3102	benign
P31751	Y217G	0.9297	pathogenic
P31751	Y217H	0.9113	pathogenic
P31751	Y217I	0.9897	pathogenic
P31751	Y217K	0.9952	pathogenic
P31751	Y217L	0.9707	pathogenic
P31751	Y217M	0.9812	pathogenic
P31751	Y217N	0.9247	pathogenic
P31751	Y217P	0.9996	pathogenic
P31751	Y217Q	0.993	pathogenic
P31751	Y217R	0.9893	pathogenic
P31751	Y217S	0.9205	pathogenic
P31751	Y217T	0.9824	pathogenic
P31751	Y217V	0.9636	pathogenic
P31751	Y217W	0.8518	pathogenic
P31751	A218C	0.8675	pathogenic
P31751	A218D	0.9978	pathogenic
P31751	A218E	0.9962	pathogenic
P31751	A218F	0.985	pathogenic
P31751	A218G	0.7987	pathogenic
P31751	A218H	0.9858	pathogenic
P31751	A218I	0.9864	pathogenic
P31751	A218K	0.9986	pathogenic
P31751	A218L	0.956	pathogenic
P31751	A218M	0.968	pathogenic
P31751	A218N	0.9808	pathogenic
P31751	A218P	0.9987	pathogenic
P31751	A218Q	0.9755	pathogenic
P31751	A218R	0.9903	pathogenic
P31751	A218S	0.2457	benign
P31751	A218T	0.7449	pathogenic
P31751	A218V	0.9281	pathogenic
P31751	A218W	0.998	pathogenic
P31751	A218Y	0.992	pathogenic
P31751	F219A	0.9994	pathogenic
P31751	F219C	0.9971	pathogenic
P31751	F219D	0.9999	pathogenic
P31751	F219E	0.9999	pathogenic
P31751	F219G	0.9996	pathogenic
P31751	F219H	0.9982	pathogenic
P31751	F219I	0.9961	pathogenic
P31751	F219K	0.9999	pathogenic
P31751	F219L	0.9996	pathogenic
P31751	F219M	0.9968	pathogenic
P31751	F219N	0.9995	pathogenic
P31751	F219P	1.0	pathogenic
P31751	F219Q	0.9997	pathogenic
P31751	F219R	0.9993	pathogenic
P31751	F219S	0.9993	pathogenic
P31751	F219T	0.9996	pathogenic
P31751	F219V	0.9946	pathogenic
P31751	F219W	0.9761	pathogenic
P31751	F219Y	0.9356	pathogenic
P31751	Q220A	0.8193	pathogenic
P31751	Q220C	0.9873	pathogenic
P31751	Q220D	0.9964	pathogenic
P31751	Q220E	0.6863	pathogenic
P31751	Q220F	0.997	pathogenic
P31751	Q220G	0.9423	pathogenic
P31751	Q220H	0.9787	pathogenic
P31751	Q220I	0.9805	pathogenic
P31751	Q220K	0.9461	pathogenic
P31751	Q220L	0.9504	pathogenic
P31751	Q220M	0.9139	pathogenic
P31751	Q220N	0.9628	pathogenic
P31751	Q220P	0.9929	pathogenic
P31751	Q220R	0.9266	pathogenic
P31751	Q220S	0.7852	pathogenic
P31751	Q220T	0.6514	pathogenic
P31751	Q220V	0.9337	pathogenic
P31751	Q220W	0.9982	pathogenic
P31751	Q220Y	0.9979	pathogenic
P31751	T221A	0.8541	pathogenic
P31751	T221C	0.9503	pathogenic
P31751	T221D	0.9035	pathogenic
P31751	T221E	0.9607	pathogenic
P31751	T221F	0.9852	pathogenic
P31751	T221G	0.8414	pathogenic
P31751	T221H	0.9109	pathogenic
P31751	T221I	0.9899	pathogenic
P31751	T221K	0.9735	pathogenic
P31751	T221L	0.8993	pathogenic
P31751	T221M	0.7893	pathogenic
P31751	T221N	0.6167	pathogenic
P31751	T221P	0.9801	pathogenic
P31751	T221Q	0.9256	pathogenic
P31751	T221R	0.9582	pathogenic
P31751	T221S	0.5314	ambiguous
P31751	T221V	0.9518	pathogenic
P31751	T221W	0.9927	pathogenic
P31751	T221Y	0.9783	pathogenic
P31751	H222A	0.0928	benign
P31751	H222C	0.1212	benign
P31751	H222D	0.113	benign
P31751	H222E	0.1428	benign
P31751	H222F	0.3094	benign
P31751	H222G	0.1358	benign
P31751	H222I	0.2139	benign
P31751	H222K	0.1249	benign
P31751	H222L	0.1153	benign
P31751	H222M	0.2695	benign
P31751	H222N	0.052	benign
P31751	H222P	0.0826	benign
P31751	H222Q	0.0876	benign
P31751	H222R	0.0711	benign
P31751	H222S	0.0862	benign
P31751	H222T	0.1039	benign
P31751	H222V	0.1436	benign
P31751	H222W	0.3879	ambiguous
P31751	H222Y	0.1274	benign
P31751	D223A	0.8769	pathogenic
P31751	D223C	0.968	pathogenic
P31751	D223E	0.6606	pathogenic
P31751	D223F	0.9775	pathogenic
P31751	D223G	0.773	pathogenic
P31751	D223H	0.8589	pathogenic
P31751	D223I	0.9772	pathogenic
P31751	D223K	0.9655	pathogenic
P31751	D223L	0.9622	pathogenic
P31751	D223M	0.9864	pathogenic
P31751	D223N	0.4442	ambiguous
P31751	D223P	0.9935	pathogenic
P31751	D223Q	0.897	pathogenic
P31751	D223R	0.9589	pathogenic
P31751	D223S	0.5714	pathogenic
P31751	D223T	0.8182	pathogenic
P31751	D223V	0.9404	pathogenic
P31751	D223W	0.9944	pathogenic
P31751	D223Y	0.8856	pathogenic
P31751	R224A	0.9918	pathogenic
P31751	R224C	0.706	pathogenic
P31751	R224D	0.9967	pathogenic
P31751	R224E	0.9826	pathogenic
P31751	R224F	0.9785	pathogenic
P31751	R224G	0.9832	pathogenic
P31751	R224H	0.3859	ambiguous
P31751	R224I	0.9808	pathogenic
P31751	R224K	0.7894	pathogenic
P31751	R224L	0.944	pathogenic
P31751	R224M	0.9816	pathogenic
P31751	R224N	0.9823	pathogenic
P31751	R224P	0.9997	pathogenic
P31751	R224Q	0.7275	pathogenic
P31751	R224S	0.9881	pathogenic
P31751	R224T	0.9845	pathogenic
P31751	R224V	0.9805	pathogenic
P31751	R224W	0.7817	pathogenic
P31751	R224Y	0.8665	pathogenic
P31751	L225A	0.9888	pathogenic
P31751	L225C	0.9876	pathogenic
P31751	L225D	0.9999	pathogenic
P31751	L225E	0.9995	pathogenic
P31751	L225F	0.9934	pathogenic
P31751	L225G	0.9986	pathogenic
P31751	L225H	0.9992	pathogenic
P31751	L225I	0.6125	pathogenic
P31751	L225K	0.9989	pathogenic
P31751	L225M	0.9078	pathogenic
P31751	L225N	0.999	pathogenic
P31751	L225P	0.9997	pathogenic
P31751	L225Q	0.9989	pathogenic
P31751	L225R	0.9972	pathogenic
P31751	L225S	0.9992	pathogenic
P31751	L225T	0.9939	pathogenic
P31751	L225V	0.604	pathogenic
P31751	L225W	0.9993	pathogenic
P31751	L225Y	0.9986	pathogenic
P31751	C226A	0.9696	pathogenic
P31751	C226D	0.9999	pathogenic
P31751	C226E	0.9999	pathogenic
P31751	C226F	0.8724	pathogenic
P31751	C226G	0.9366	pathogenic
P31751	C226H	0.9961	pathogenic
P31751	C226I	0.9514	pathogenic
P31751	C226K	1.0	pathogenic
P31751	C226L	0.9528	pathogenic
P31751	C226M	0.9832	pathogenic
P31751	C226N	0.9966	pathogenic
P31751	C226P	0.9998	pathogenic
P31751	C226Q	0.9995	pathogenic
P31751	C226R	0.999	pathogenic
P31751	C226S	0.9749	pathogenic
P31751	C226T	0.9875	pathogenic
P31751	C226V	0.8855	pathogenic
P31751	C226W	0.9937	pathogenic
P31751	C226Y	0.9647	pathogenic
P31751	F227A	0.9974	pathogenic
P31751	F227C	0.9912	pathogenic
P31751	F227D	0.9998	pathogenic
P31751	F227E	0.9997	pathogenic
P31751	F227G	0.999	pathogenic
P31751	F227H	0.9982	pathogenic
P31751	F227I	0.9483	pathogenic
P31751	F227K	0.9995	pathogenic
P31751	F227L	0.9829	pathogenic
P31751	F227M	0.943	pathogenic
P31751	F227N	0.9986	pathogenic
P31751	F227P	1.0	pathogenic
P31751	F227Q	0.9991	pathogenic
P31751	F227R	0.9986	pathogenic
P31751	F227S	0.9987	pathogenic
P31751	F227T	0.9982	pathogenic
P31751	F227V	0.9641	pathogenic
P31751	F227W	0.9879	pathogenic
P31751	F227Y	0.9158	pathogenic
P31751	V228A	0.9658	pathogenic
P31751	V228C	0.977	pathogenic
P31751	V228D	0.9997	pathogenic
P31751	V228E	0.9992	pathogenic
P31751	V228F	0.9946	pathogenic
P31751	V228G	0.9801	pathogenic
P31751	V228H	0.9997	pathogenic
P31751	V228I	0.2486	benign
P31751	V228K	0.9994	pathogenic
P31751	V228L	0.9561	pathogenic
P31751	V228M	0.9842	pathogenic
P31751	V228N	0.9987	pathogenic
P31751	V228P	0.9984	pathogenic
P31751	V228Q	0.9986	pathogenic
P31751	V228R	0.9973	pathogenic
P31751	V228S	0.9867	pathogenic
P31751	V228T	0.9695	pathogenic
P31751	V228W	0.9999	pathogenic
P31751	V228Y	0.9996	pathogenic
P31751	M229A	0.9913	pathogenic
P31751	M229C	0.99	pathogenic
P31751	M229D	0.9994	pathogenic
P31751	M229E	0.9956	pathogenic
P31751	M229F	0.9704	pathogenic
P31751	M229G	0.993	pathogenic
P31751	M229H	0.9986	pathogenic
P31751	M229I	0.9903	pathogenic
P31751	M229K	0.9974	pathogenic
P31751	M229L	0.5935	pathogenic
P31751	M229N	0.9935	pathogenic
P31751	M229P	0.9998	pathogenic
P31751	M229Q	0.9769	pathogenic
P31751	M229R	0.9979	pathogenic
P31751	M229S	0.9855	pathogenic
P31751	M229T	0.9215	pathogenic
P31751	M229V	0.9016	pathogenic
P31751	M229W	0.9988	pathogenic
P31751	M229Y	0.9983	pathogenic
P31751	E230A	0.9073	pathogenic
P31751	E230C	0.9967	pathogenic
P31751	E230D	0.6872	pathogenic
P31751	E230F	0.9994	pathogenic
P31751	E230G	0.9273	pathogenic
P31751	E230H	0.9943	pathogenic
P31751	E230I	0.9949	pathogenic
P31751	E230K	0.9851	pathogenic
P31751	E230L	0.9949	pathogenic
P31751	E230M	0.9936	pathogenic
P31751	E230N	0.9466	pathogenic
P31751	E230P	0.9913	pathogenic
P31751	E230Q	0.7778	pathogenic
P31751	E230R	0.9806	pathogenic
P31751	E230S	0.9224	pathogenic
P31751	E230T	0.9701	pathogenic
P31751	E230V	0.9795	pathogenic
P31751	E230W	0.9998	pathogenic
P31751	E230Y	0.9984	pathogenic
P31751	Y231A	0.9979	pathogenic
P31751	Y231C	0.9927	pathogenic
P31751	Y231D	0.9987	pathogenic
P31751	Y231E	0.9997	pathogenic
P31751	Y231F	0.3921	ambiguous
P31751	Y231G	0.993	pathogenic
P31751	Y231H	0.9984	pathogenic
P31751	Y231I	0.994	pathogenic
P31751	Y231K	0.9995	pathogenic
P31751	Y231L	0.954	pathogenic
P31751	Y231M	0.9917	pathogenic
P31751	Y231N	0.9937	pathogenic
P31751	Y231P	0.9984	pathogenic
P31751	Y231Q	0.9998	pathogenic
P31751	Y231R	0.999	pathogenic
P31751	Y231S	0.9967	pathogenic
P31751	Y231T	0.9985	pathogenic
P31751	Y231V	0.984	pathogenic
P31751	Y231W	0.9674	pathogenic
P31751	A232C	0.4714	ambiguous
P31751	A232D	0.9943	pathogenic
P31751	A232E	0.9845	pathogenic
P31751	A232F	0.956	pathogenic
P31751	A232G	0.7634	pathogenic
P31751	A232H	0.9806	pathogenic
P31751	A232I	0.75	pathogenic
P31751	A232K	0.9964	pathogenic
P31751	A232L	0.6944	pathogenic
P31751	A232M	0.8175	pathogenic
P31751	A232N	0.9483	pathogenic
P31751	A232P	0.991	pathogenic
P31751	A232Q	0.9407	pathogenic
P31751	A232R	0.9773	pathogenic
P31751	A232S	0.3161	benign
P31751	A232T	0.4683	ambiguous
P31751	A232V	0.3239	benign
P31751	A232W	0.9957	pathogenic
P31751	A232Y	0.9811	pathogenic
P31751	N233A	0.4197	ambiguous
P31751	N233C	0.3191	benign
P31751	N233D	0.7407	pathogenic
P31751	N233E	0.9504	pathogenic
P31751	N233F	0.9527	pathogenic
P31751	N233G	0.5714	pathogenic
P31751	N233H	0.6259	pathogenic
P31751	N233I	0.6736	pathogenic
P31751	N233K	0.966	pathogenic
P31751	N233L	0.72	pathogenic
P31751	N233M	0.7949	pathogenic
P31751	N233P	0.621	pathogenic
P31751	N233Q	0.8682	pathogenic
P31751	N233R	0.9223	pathogenic
P31751	N233S	0.1001	benign
P31751	N233T	0.4572	ambiguous
P31751	N233V	0.4864	ambiguous
P31751	N233W	0.9855	pathogenic
P31751	N233Y	0.8022	pathogenic
P31751	G234A	0.9891	pathogenic
P31751	G234C	0.997	pathogenic
P31751	G234D	0.9997	pathogenic
P31751	G234E	0.9998	pathogenic
P31751	G234F	0.9997	pathogenic
P31751	G234H	0.9999	pathogenic
P31751	G234I	0.9998	pathogenic
P31751	G234K	0.9999	pathogenic
P31751	G234L	0.9997	pathogenic
P31751	G234M	0.9998	pathogenic
P31751	G234N	0.9996	pathogenic
P31751	G234P	0.9999	pathogenic
P31751	G234Q	0.9997	pathogenic
P31751	G234R	0.9994	pathogenic
P31751	G234S	0.9928	pathogenic
P31751	G234T	0.9988	pathogenic
P31751	G234V	0.9995	pathogenic
P31751	G234W	0.9997	pathogenic
P31751	G234Y	0.9997	pathogenic
P31751	G235A	0.9974	pathogenic
P31751	G235C	0.9992	pathogenic
P31751	G235D	0.9997	pathogenic
P31751	G235E	0.9997	pathogenic
P31751	G235F	0.9998	pathogenic
P31751	G235H	1.0	pathogenic
P31751	G235I	0.9999	pathogenic
P31751	G235K	0.9998	pathogenic
P31751	G235L	0.9998	pathogenic
P31751	G235M	0.9999	pathogenic
P31751	G235N	0.9998	pathogenic
P31751	G235P	0.9999	pathogenic
P31751	G235Q	0.9998	pathogenic
P31751	G235R	0.9995	pathogenic
P31751	G235S	0.9983	pathogenic
P31751	G235T	0.9995	pathogenic
P31751	G235V	0.9997	pathogenic
P31751	G235W	0.9997	pathogenic
P31751	G235Y	0.9999	pathogenic
P31751	E236A	0.9972	pathogenic
P31751	E236C	0.9995	pathogenic
P31751	E236D	0.9424	pathogenic
P31751	E236F	0.9999	pathogenic
P31751	E236G	0.9953	pathogenic
P31751	E236H	0.9996	pathogenic
P31751	E236I	0.9998	pathogenic
P31751	E236K	0.9987	pathogenic
P31751	E236L	0.9997	pathogenic
P31751	E236M	0.9997	pathogenic
P31751	E236N	0.9977	pathogenic
P31751	E236P	0.9992	pathogenic
P31751	E236Q	0.9956	pathogenic
P31751	E236R	0.9984	pathogenic
P31751	E236S	0.9948	pathogenic
P31751	E236T	0.999	pathogenic
P31751	E236V	0.9994	pathogenic
P31751	E236W	0.9999	pathogenic
P31751	E236Y	0.9998	pathogenic
P31751	L237A	0.9855	pathogenic
P31751	L237C	0.99	pathogenic
P31751	L237D	0.9999	pathogenic
P31751	L237E	0.9993	pathogenic
P31751	L237F	0.9869	pathogenic
P31751	L237G	0.9973	pathogenic
P31751	L237H	0.9994	pathogenic
P31751	L237I	0.5715	pathogenic
P31751	L237K	0.9992	pathogenic
P31751	L237M	0.7344	pathogenic
P31751	L237N	0.9987	pathogenic
P31751	L237P	0.9995	pathogenic
P31751	L237Q	0.9987	pathogenic
P31751	L237R	0.9984	pathogenic
P31751	L237S	0.999	pathogenic
P31751	L237T	0.9941	pathogenic
P31751	L237V	0.7401	pathogenic
P31751	L237W	0.999	pathogenic
P31751	L237Y	0.9981	pathogenic
P31751	F238A	0.9972	pathogenic
P31751	F238C	0.997	pathogenic
P31751	F238D	0.9991	pathogenic
P31751	F238E	0.9995	pathogenic
P31751	F238G	0.9972	pathogenic
P31751	F238H	0.994	pathogenic
P31751	F238I	0.9989	pathogenic
P31751	F238K	0.9996	pathogenic
P31751	F238L	0.9996	pathogenic
P31751	F238M	0.9983	pathogenic
P31751	F238N	0.9967	pathogenic
P31751	F238P	0.9998	pathogenic
P31751	F238Q	0.9985	pathogenic
P31751	F238R	0.996	pathogenic
P31751	F238S	0.9975	pathogenic
P31751	F238T	0.9994	pathogenic
P31751	F238V	0.9985	pathogenic
P31751	F238W	0.9793	pathogenic
P31751	F238Y	0.7956	pathogenic
P31751	F239A	0.9898	pathogenic
P31751	F239C	0.9343	pathogenic
P31751	F239D	0.9981	pathogenic
P31751	F239E	0.9983	pathogenic
P31751	F239G	0.9937	pathogenic
P31751	F239H	0.9083	pathogenic
P31751	F239I	0.977	pathogenic
P31751	F239K	0.9979	pathogenic
P31751	F239L	0.9968	pathogenic
P31751	F239M	0.9806	pathogenic
P31751	F239N	0.9802	pathogenic
P31751	F239P	0.9998	pathogenic
P31751	F239Q	0.9876	pathogenic
P31751	F239R	0.9888	pathogenic
P31751	F239S	0.965	pathogenic
P31751	F239T	0.9617	pathogenic
P31751	F239V	0.9538	pathogenic
P31751	F239W	0.8326	pathogenic
P31751	F239Y	0.4268	ambiguous
P31751	H240A	0.9973	pathogenic
P31751	H240C	0.9476	pathogenic
P31751	H240D	0.9995	pathogenic
P31751	H240E	0.9982	pathogenic
P31751	H240F	0.9616	pathogenic
P31751	H240G	0.9986	pathogenic
P31751	H240I	0.9931	pathogenic
P31751	H240K	0.998	pathogenic
P31751	H240L	0.9141	pathogenic
P31751	H240M	0.9939	pathogenic
P31751	H240N	0.9892	pathogenic
P31751	H240P	0.9931	pathogenic
P31751	H240Q	0.9879	pathogenic
P31751	H240R	0.9906	pathogenic
P31751	H240S	0.9951	pathogenic
P31751	H240T	0.9978	pathogenic
P31751	H240V	0.9934	pathogenic
P31751	H240W	0.9406	pathogenic
P31751	H240Y	0.9385	pathogenic
P31751	L241A	0.9886	pathogenic
P31751	L241C	0.9895	pathogenic
P31751	L241D	0.9999	pathogenic
P31751	L241E	0.999	pathogenic
P31751	L241F	0.9939	pathogenic
P31751	L241G	0.9974	pathogenic
P31751	L241H	0.9981	pathogenic
P31751	L241I	0.806	pathogenic
P31751	L241K	0.9978	pathogenic
P31751	L241M	0.9029	pathogenic
P31751	L241N	0.9983	pathogenic
P31751	L241P	0.9997	pathogenic
P31751	L241Q	0.9975	pathogenic
P31751	L241R	0.9935	pathogenic
P31751	L241S	0.9982	pathogenic
P31751	L241T	0.9925	pathogenic
P31751	L241V	0.8704	pathogenic
P31751	L241W	0.9988	pathogenic
P31751	L241Y	0.9985	pathogenic
P31751	S242A	0.4778	ambiguous
P31751	S242C	0.6827	pathogenic
P31751	S242D	0.9907	pathogenic
P31751	S242E	0.974	pathogenic
P31751	S242F	0.9762	pathogenic
P31751	S242G	0.5711	pathogenic
P31751	S242H	0.9454	pathogenic
P31751	S242I	0.9465	pathogenic
P31751	S242K	0.9954	pathogenic
P31751	S242L	0.8678	pathogenic
P31751	S242M	0.8337	pathogenic
P31751	S242N	0.8618	pathogenic
P31751	S242P	0.9967	pathogenic
P31751	S242Q	0.8768	pathogenic
P31751	S242R	0.9904	pathogenic
P31751	S242T	0.591	pathogenic
P31751	S242V	0.9265	pathogenic
P31751	S242W	0.9727	pathogenic
P31751	S242Y	0.9554	pathogenic
P31751	R243A	0.9258	pathogenic
P31751	R243C	0.6671	pathogenic
P31751	R243D	0.9769	pathogenic
P31751	R243E	0.8669	pathogenic
P31751	R243F	0.9733	pathogenic
P31751	R243G	0.8193	pathogenic
P31751	R243H	0.3548	ambiguous
P31751	R243I	0.9356	pathogenic
P31751	R243K	0.2526	benign
P31751	R243L	0.8432	pathogenic
P31751	R243M	0.9114	pathogenic
P31751	R243N	0.9446	pathogenic
P31751	R243P	0.9919	pathogenic
P31751	R243Q	0.3004	benign
P31751	R243S	0.9382	pathogenic
P31751	R243T	0.9031	pathogenic
P31751	R243V	0.9223	pathogenic
P31751	R243W	0.7368	pathogenic
P31751	R243Y	0.9143	pathogenic
P31751	E244A	0.7514	pathogenic
P31751	E244C	0.9645	pathogenic
P31751	E244D	0.1532	benign
P31751	E244F	0.9778	pathogenic
P31751	E244G	0.7041	pathogenic
P31751	E244H	0.93	pathogenic
P31751	E244I	0.9363	pathogenic
P31751	E244K	0.8988	pathogenic
P31751	E244L	0.9279	pathogenic
P31751	E244M	0.9457	pathogenic
P31751	E244N	0.7051	pathogenic
P31751	E244P	0.9916	pathogenic
P31751	E244Q	0.6242	pathogenic
P31751	E244R	0.9153	pathogenic
P31751	E244S	0.6614	pathogenic
P31751	E244T	0.8395	pathogenic
P31751	E244V	0.8187	pathogenic
P31751	E244W	0.9929	pathogenic
P31751	E244Y	0.9584	pathogenic
P31751	R245A	0.9595	pathogenic
P31751	R245C	0.8707	pathogenic
P31751	R245D	0.9762	pathogenic
P31751	R245E	0.9303	pathogenic
P31751	R245F	0.9822	pathogenic
P31751	R245G	0.831	pathogenic
P31751	R245H	0.5663	pathogenic
P31751	R245I	0.9758	pathogenic
P31751	R245K	0.374	ambiguous
P31751	R245L	0.9356	pathogenic
P31751	R245M	0.9582	pathogenic
P31751	R245N	0.9643	pathogenic
P31751	R245P	0.9738	pathogenic
P31751	R245Q	0.6132	pathogenic
P31751	R245S	0.978	pathogenic
P31751	R245T	0.9584	pathogenic
P31751	R245V	0.9667	pathogenic
P31751	R245W	0.8687	pathogenic
P31751	R245Y	0.9374	pathogenic
P31751	V246A	0.5467	ambiguous
P31751	V246C	0.7401	pathogenic
P31751	V246D	0.9306	pathogenic
P31751	V246E	0.8559	pathogenic
P31751	V246F	0.365	ambiguous
P31751	V246G	0.4612	ambiguous
P31751	V246H	0.8856	pathogenic
P31751	V246I	0.087	benign
P31751	V246K	0.8689	pathogenic
P31751	V246L	0.3659	ambiguous
P31751	V246M	0.2719	benign
P31751	V246N	0.6259	pathogenic
P31751	V246P	0.9388	pathogenic
P31751	V246Q	0.7034	pathogenic
P31751	V246R	0.8089	pathogenic
P31751	V246S	0.5295	ambiguous
P31751	V246T	0.4328	ambiguous
P31751	V246W	0.9546	pathogenic
P31751	V246Y	0.7937	pathogenic
P31751	F247A	0.9963	pathogenic
P31751	F247C	0.9886	pathogenic
P31751	F247D	0.9994	pathogenic
P31751	F247E	0.9995	pathogenic
P31751	F247G	0.9972	pathogenic
P31751	F247H	0.997	pathogenic
P31751	F247I	0.9893	pathogenic
P31751	F247K	0.9997	pathogenic
P31751	F247L	0.9945	pathogenic
P31751	F247M	0.9772	pathogenic
P31751	F247N	0.9977	pathogenic
P31751	F247P	0.9998	pathogenic
P31751	F247Q	0.9989	pathogenic
P31751	F247R	0.9989	pathogenic
P31751	F247S	0.9971	pathogenic
P31751	F247T	0.9985	pathogenic
P31751	F247V	0.9887	pathogenic
P31751	F247W	0.9782	pathogenic
P31751	F247Y	0.9281	pathogenic
P31751	T248A	0.0929	benign
P31751	T248C	0.3127	benign
P31751	T248D	0.4575	ambiguous
P31751	T248E	0.5648	pathogenic
P31751	T248F	0.5869	pathogenic
P31751	T248G	0.1059	benign
P31751	T248H	0.3591	ambiguous
P31751	T248I	0.5788	pathogenic
P31751	T248K	0.5088	ambiguous
P31751	T248L	0.1635	benign
P31751	T248M	0.147	benign
P31751	T248N	0.1262	benign
P31751	T248P	0.0678	benign
P31751	T248Q	0.3413	ambiguous
P31751	T248R	0.4745	ambiguous
P31751	T248S	0.0691	benign
P31751	T248V	0.3496	ambiguous
P31751	T248W	0.8154	pathogenic
P31751	T248Y	0.5952	pathogenic
P31751	E249A	0.6873	pathogenic
P31751	E249C	0.9773	pathogenic
P31751	E249D	0.6896	pathogenic
P31751	E249F	0.9945	pathogenic
P31751	E249G	0.7885	pathogenic
P31751	E249H	0.9744	pathogenic
P31751	E249I	0.8877	pathogenic
P31751	E249K	0.8675	pathogenic
P31751	E249L	0.9212	pathogenic
P31751	E249M	0.9226	pathogenic
P31751	E249N	0.8675	pathogenic
P31751	E249P	0.882	pathogenic
P31751	E249Q	0.6606	pathogenic
P31751	E249R	0.9131	pathogenic
P31751	E249S	0.7961	pathogenic
P31751	E249T	0.7984	pathogenic
P31751	E249V	0.7068	pathogenic
P31751	E249W	0.9983	pathogenic
P31751	E249Y	0.9904	pathogenic
P31751	E250A	0.1696	benign
P31751	E250C	0.6901	pathogenic
P31751	E250D	0.0556	benign
P31751	E250F	0.7409	pathogenic
P31751	E250G	0.1852	benign
P31751	E250H	0.4506	ambiguous
P31751	E250I	0.4689	ambiguous
P31751	E250K	0.398	ambiguous
P31751	E250L	0.4152	ambiguous
P31751	E250M	0.555	ambiguous
P31751	E250N	0.1701	benign
P31751	E250P	0.3383	benign
P31751	E250Q	0.2159	benign
P31751	E250R	0.4846	ambiguous
P31751	E250S	0.1642	benign
P31751	E250T	0.2539	benign
P31751	E250V	0.2856	benign
P31751	E250W	0.8728	pathogenic
P31751	E250Y	0.5549	ambiguous
P31751	R251A	0.9487	pathogenic
P31751	R251C	0.8543	pathogenic
P31751	R251D	0.9689	pathogenic
P31751	R251E	0.8963	pathogenic
P31751	R251F	0.9932	pathogenic
P31751	R251G	0.939	pathogenic
P31751	R251H	0.7159	pathogenic
P31751	R251I	0.9497	pathogenic
P31751	R251K	0.383	ambiguous
P31751	R251L	0.9295	pathogenic
P31751	R251M	0.95	pathogenic
P31751	R251N	0.9672	pathogenic
P31751	R251P	0.9896	pathogenic
P31751	R251Q	0.532	ambiguous
P31751	R251S	0.9776	pathogenic
P31751	R251T	0.9015	pathogenic
P31751	R251V	0.9269	pathogenic
P31751	R251W	0.9214	pathogenic
P31751	R251Y	0.979	pathogenic
P31751	A252C	0.638	pathogenic
P31751	A252D	0.9956	pathogenic
P31751	A252E	0.9916	pathogenic
P31751	A252F	0.9812	pathogenic
P31751	A252G	0.3588	ambiguous
P31751	A252H	0.993	pathogenic
P31751	A252I	0.8991	pathogenic
P31751	A252K	0.9983	pathogenic
P31751	A252L	0.8369	pathogenic
P31751	A252M	0.8396	pathogenic
P31751	A252N	0.9634	pathogenic
P31751	A252P	0.9935	pathogenic
P31751	A252Q	0.9728	pathogenic
P31751	A252R	0.9931	pathogenic
P31751	A252S	0.1539	benign
P31751	A252T	0.1818	benign
P31751	A252V	0.5129	ambiguous
P31751	A252W	0.9979	pathogenic
P31751	A252Y	0.9942	pathogenic
P31751	R253A	0.4388	ambiguous
P31751	R253C	0.1333	benign
P31751	R253D	0.9816	pathogenic
P31751	R253E	0.6889	pathogenic
P31751	R253F	0.8895	pathogenic
P31751	R253G	0.5499	ambiguous
P31751	R253H	0.3317	benign
P31751	R253I	0.4632	ambiguous
P31751	R253K	0.1321	benign
P31751	R253L	0.4435	ambiguous
P31751	R253M	0.4924	ambiguous
P31751	R253N	0.928	pathogenic
P31751	R253P	0.9753	pathogenic
P31751	R253Q	0.0962	benign
P31751	R253S	0.6852	pathogenic
P31751	R253T	0.515	ambiguous
P31751	R253V	0.4399	ambiguous
P31751	R253W	0.7035	pathogenic
P31751	R253Y	0.829	pathogenic
P31751	F254A	0.9898	pathogenic
P31751	F254C	0.9275	pathogenic
P31751	F254D	0.999	pathogenic
P31751	F254E	0.9985	pathogenic
P31751	F254G	0.9944	pathogenic
P31751	F254H	0.9769	pathogenic
P31751	F254I	0.8651	pathogenic
P31751	F254K	0.9977	pathogenic
P31751	F254L	0.9877	pathogenic
P31751	F254M	0.9437	pathogenic
P31751	F254N	0.9928	pathogenic
P31751	F254P	0.9998	pathogenic
P31751	F254Q	0.9948	pathogenic
P31751	F254R	0.9928	pathogenic
P31751	F254S	0.9902	pathogenic
P31751	F254T	0.9869	pathogenic
P31751	F254V	0.8628	pathogenic
P31751	F254W	0.8756	pathogenic
P31751	F254Y	0.5539	ambiguous
P31751	Y255A	0.9949	pathogenic
P31751	Y255C	0.9168	pathogenic
P31751	Y255D	0.9985	pathogenic
P31751	Y255E	0.9995	pathogenic
P31751	Y255F	0.3474	ambiguous
P31751	Y255G	0.9908	pathogenic
P31751	Y255H	0.9859	pathogenic
P31751	Y255I	0.9742	pathogenic
P31751	Y255K	0.9997	pathogenic
P31751	Y255L	0.899	pathogenic
P31751	Y255M	0.9865	pathogenic
P31751	Y255N	0.9903	pathogenic
P31751	Y255P	0.9975	pathogenic
P31751	Y255Q	0.999	pathogenic
P31751	Y255R	0.9977	pathogenic
P31751	Y255S	0.9814	pathogenic
P31751	Y255T	0.9942	pathogenic
P31751	Y255V	0.9549	pathogenic
P31751	Y255W	0.8197	pathogenic
P31751	G256A	0.1971	benign
P31751	G256C	0.6229	pathogenic
P31751	G256D	0.9983	pathogenic
P31751	G256E	0.9979	pathogenic
P31751	G256F	0.9891	pathogenic
P31751	G256H	0.998	pathogenic
P31751	G256I	0.9061	pathogenic
P31751	G256K	0.9995	pathogenic
P31751	G256L	0.9179	pathogenic
P31751	G256M	0.9336	pathogenic
P31751	G256N	0.9888	pathogenic
P31751	G256P	0.9993	pathogenic
P31751	G256Q	0.9948	pathogenic
P31751	G256R	0.9982	pathogenic
P31751	G256S	0.3005	benign
P31751	G256T	0.6145	pathogenic
P31751	G256V	0.7903	pathogenic
P31751	G256W	0.9967	pathogenic
P31751	G256Y	0.9965	pathogenic
P31751	A257C	0.7379	pathogenic
P31751	A257D	0.9987	pathogenic
P31751	A257E	0.997	pathogenic
P31751	A257F	0.9798	pathogenic
P31751	A257G	0.2293	benign
P31751	A257H	0.9961	pathogenic
P31751	A257I	0.9592	pathogenic
P31751	A257K	0.9991	pathogenic
P31751	A257L	0.8845	pathogenic
P31751	A257M	0.8924	pathogenic
P31751	A257N	0.9902	pathogenic
P31751	A257P	0.9975	pathogenic
P31751	A257Q	0.9882	pathogenic
P31751	A257R	0.9958	pathogenic
P31751	A257S	0.1976	benign
P31751	A257T	0.6716	pathogenic
P31751	A257V	0.8123	pathogenic
P31751	A257W	0.9976	pathogenic
P31751	A257Y	0.9943	pathogenic
P31751	E258A	0.9539	pathogenic
P31751	E258C	0.9836	pathogenic
P31751	E258D	0.9953	pathogenic
P31751	E258F	0.9999	pathogenic
P31751	E258G	0.9513	pathogenic
P31751	E258H	0.999	pathogenic
P31751	E258I	0.9991	pathogenic
P31751	E258K	0.9955	pathogenic
P31751	E258L	0.9978	pathogenic
P31751	E258M	0.9959	pathogenic
P31751	E258N	0.9919	pathogenic
P31751	E258P	0.9997	pathogenic
P31751	E258Q	0.8861	pathogenic
P31751	E258R	0.9963	pathogenic
P31751	E258S	0.9507	pathogenic
P31751	E258T	0.9916	pathogenic
P31751	E258V	0.9945	pathogenic
P31751	E258W	1.0	pathogenic
P31751	E258Y	0.9999	pathogenic
P31751	I259A	0.9158	pathogenic
P31751	I259C	0.9852	pathogenic
P31751	I259D	0.9996	pathogenic
P31751	I259E	0.9986	pathogenic
P31751	I259F	0.956	pathogenic
P31751	I259G	0.9939	pathogenic
P31751	I259H	0.9993	pathogenic
P31751	I259K	0.999	pathogenic
P31751	I259L	0.5159	ambiguous
P31751	I259M	0.4152	ambiguous
P31751	I259N	0.9918	pathogenic
P31751	I259P	0.9994	pathogenic
P31751	I259Q	0.9982	pathogenic
P31751	I259R	0.9987	pathogenic
P31751	I259S	0.9725	pathogenic
P31751	I259T	0.814	pathogenic
P31751	I259V	0.2373	benign
P31751	I259W	0.999	pathogenic
P31751	I259Y	0.9973	pathogenic
P31751	V260A	0.5408	ambiguous
P31751	V260C	0.803	pathogenic
P31751	V260D	0.9974	pathogenic
P31751	V260E	0.9932	pathogenic
P31751	V260F	0.8557	pathogenic
P31751	V260G	0.8085	pathogenic
P31751	V260H	0.9957	pathogenic
P31751	V260I	0.0962	benign
P31751	V260K	0.996	pathogenic
P31751	V260L	0.4221	ambiguous
P31751	V260M	0.4949	ambiguous
P31751	V260N	0.9726	pathogenic
P31751	V260P	0.9978	pathogenic
P31751	V260Q	0.9864	pathogenic
P31751	V260R	0.9918	pathogenic
P31751	V260S	0.7544	pathogenic
P31751	V260T	0.3559	ambiguous
P31751	V260W	0.9979	pathogenic
P31751	V260Y	0.991	pathogenic
P31751	S261A	0.1031	benign
P31751	S261C	0.0867	benign
P31751	S261D	0.9361	pathogenic
P31751	S261E	0.9356	pathogenic
P31751	S261F	0.7112	pathogenic
P31751	S261G	0.2233	benign
P31751	S261H	0.8522	pathogenic
P31751	S261I	0.5557	ambiguous
P31751	S261K	0.9866	pathogenic
P31751	S261L	0.124	benign
P31751	S261M	0.3145	benign
P31751	S261N	0.625	pathogenic
P31751	S261P	0.9907	pathogenic
P31751	S261Q	0.893	pathogenic
P31751	S261R	0.9755	pathogenic
P31751	S261T	0.1432	benign
P31751	S261V	0.3605	ambiguous
P31751	S261W	0.8246	pathogenic
P31751	S261Y	0.7038	pathogenic
P31751	A262C	0.9557	pathogenic
P31751	A262D	0.9991	pathogenic
P31751	A262E	0.9994	pathogenic
P31751	A262F	0.9968	pathogenic
P31751	A262G	0.343	ambiguous
P31751	A262H	0.9989	pathogenic
P31751	A262I	0.9966	pathogenic
P31751	A262K	0.9998	pathogenic
P31751	A262L	0.9825	pathogenic
P31751	A262M	0.9907	pathogenic
P31751	A262N	0.9965	pathogenic
P31751	A262P	0.9978	pathogenic
P31751	A262Q	0.9965	pathogenic
P31751	A262R	0.9984	pathogenic
P31751	A262S	0.4182	ambiguous
P31751	A262T	0.9527	pathogenic
P31751	A262V	0.9812	pathogenic
P31751	A262W	0.9998	pathogenic
P31751	A262Y	0.9992	pathogenic
P31751	L263A	0.9579	pathogenic
P31751	L263C	0.9493	pathogenic
P31751	L263D	0.9997	pathogenic
P31751	L263E	0.9973	pathogenic
P31751	L263F	0.9133	pathogenic
P31751	L263G	0.9941	pathogenic
P31751	L263H	0.9969	pathogenic
P31751	L263I	0.247	benign
P31751	L263K	0.9964	pathogenic
P31751	L263M	0.363	ambiguous
P31751	L263N	0.9959	pathogenic
P31751	L263P	0.9994	pathogenic
P31751	L263Q	0.991	pathogenic
P31751	L263R	0.9937	pathogenic
P31751	L263S	0.9927	pathogenic
P31751	L263T	0.9312	pathogenic
P31751	L263V	0.2677	benign
P31751	L263W	0.9922	pathogenic
P31751	L263Y	0.9961	pathogenic
P31751	E264A	0.1695	benign
P31751	E264C	0.7788	pathogenic
P31751	E264D	0.1305	benign
P31751	E264F	0.7796	pathogenic
P31751	E264G	0.1489	benign
P31751	E264H	0.3575	ambiguous
P31751	E264I	0.8248	pathogenic
P31751	E264K	0.4506	ambiguous
P31751	E264L	0.6843	pathogenic
P31751	E264M	0.7135	pathogenic
P31751	E264N	0.2604	benign
P31751	E264P	0.9914	pathogenic
P31751	E264Q	0.1309	benign
P31751	E264R	0.4852	ambiguous
P31751	E264S	0.1591	benign
P31751	E264T	0.4197	ambiguous
P31751	E264V	0.6105	pathogenic
P31751	E264W	0.9272	pathogenic
P31751	E264Y	0.6325	pathogenic
P31751	Y265A	0.9799	pathogenic
P31751	Y265C	0.8634	pathogenic
P31751	Y265D	0.9548	pathogenic
P31751	Y265E	0.9892	pathogenic
P31751	Y265F	0.2437	benign
P31751	Y265G	0.9676	pathogenic
P31751	Y265H	0.7669	pathogenic
P31751	Y265I	0.9796	pathogenic
P31751	Y265K	0.9935	pathogenic
P31751	Y265L	0.964	pathogenic
P31751	Y265M	0.9749	pathogenic
P31751	Y265N	0.9122	pathogenic
P31751	Y265P	0.9992	pathogenic
P31751	Y265Q	0.99	pathogenic
P31751	Y265R	0.9863	pathogenic
P31751	Y265S	0.9485	pathogenic
P31751	Y265T	0.9804	pathogenic
P31751	Y265V	0.9516	pathogenic
P31751	Y265W	0.8496	pathogenic
P31751	L266A	0.9868	pathogenic
P31751	L266C	0.9511	pathogenic
P31751	L266D	0.9999	pathogenic
P31751	L266E	0.9992	pathogenic
P31751	L266F	0.9835	pathogenic
P31751	L266G	0.9977	pathogenic
P31751	L266H	0.9984	pathogenic
P31751	L266I	0.7704	pathogenic
P31751	L266K	0.999	pathogenic
P31751	L266M	0.7167	pathogenic
P31751	L266N	0.9988	pathogenic
P31751	L266P	0.9996	pathogenic
P31751	L266Q	0.9965	pathogenic
P31751	L266R	0.9972	pathogenic
P31751	L266S	0.9982	pathogenic
P31751	L266T	0.9922	pathogenic
P31751	L266V	0.823	pathogenic
P31751	L266W	0.998	pathogenic
P31751	L266Y	0.9986	pathogenic
P31751	H267A	0.9993	pathogenic
P31751	H267C	0.9881	pathogenic
P31751	H267D	0.9992	pathogenic
P31751	H267E	0.9993	pathogenic
P31751	H267F	0.9979	pathogenic
P31751	H267G	0.9984	pathogenic
P31751	H267I	0.9998	pathogenic
P31751	H267K	0.9973	pathogenic
P31751	H267L	0.9963	pathogenic
P31751	H267M	0.9996	pathogenic
P31751	H267N	0.9959	pathogenic
P31751	H267P	0.9975	pathogenic
P31751	H267Q	0.997	pathogenic
P31751	H267R	0.993	pathogenic
P31751	H267S	0.9981	pathogenic
P31751	H267T	0.9998	pathogenic
P31751	H267V	0.9997	pathogenic
P31751	H267W	0.9901	pathogenic
P31751	H267Y	0.9948	pathogenic
P31751	S268A	0.0855	benign
P31751	S268C	0.1117	benign
P31751	S268D	0.3599	ambiguous
P31751	S268E	0.3795	ambiguous
P31751	S268F	0.3304	benign
P31751	S268G	0.0696	benign
P31751	S268H	0.2989	benign
P31751	S268I	0.3594	ambiguous
P31751	S268K	0.5068	ambiguous
P31751	S268L	0.1375	benign
P31751	S268M	0.202	benign
P31751	S268N	0.1552	benign
P31751	S268P	0.985	pathogenic
P31751	S268Q	0.3231	benign
P31751	S268R	0.4445	ambiguous
P31751	S268T	0.0928	benign
P31751	S268V	0.2778	benign
P31751	S268W	0.5452	ambiguous
P31751	S268Y	0.3432	ambiguous
P31751	R269A	0.3775	ambiguous
P31751	R269C	0.112	benign
P31751	R269D	0.7295	pathogenic
P31751	R269E	0.3286	benign
P31751	R269F	0.6145	pathogenic
P31751	R269G	0.2717	benign
P31751	R269H	0.1089	benign
P31751	R269I	0.3676	ambiguous
P31751	R269K	0.0928	benign
P31751	R269L	0.2416	benign
P31751	R269M	0.2654	benign
P31751	R269N	0.5229	ambiguous
P31751	R269P	0.9556	pathogenic
P31751	R269Q	0.0744	benign
P31751	R269S	0.4597	ambiguous
P31751	R269T	0.3385	benign
P31751	R269V	0.3898	ambiguous
P31751	R269W	0.2664	benign
P31751	R269Y	0.4808	ambiguous
P31751	D270A	0.2915	benign
P31751	D270C	0.6719	pathogenic
P31751	D270E	0.2477	benign
P31751	D270F	0.8386	pathogenic
P31751	D270G	0.1522	benign
P31751	D270H	0.3706	ambiguous
P31751	D270I	0.8482	pathogenic
P31751	D270K	0.5334	ambiguous
P31751	D270L	0.7279	pathogenic
P31751	D270M	0.8029	pathogenic
P31751	D270N	0.0831	benign
P31751	D270P	0.9544	pathogenic
P31751	D270Q	0.3555	ambiguous
P31751	D270R	0.5261	ambiguous
P31751	D270S	0.145	benign
P31751	D270T	0.5008	ambiguous
P31751	D270V	0.6775	pathogenic
P31751	D270W	0.9497	pathogenic
P31751	D270Y	0.4932	ambiguous
P31751	V271A	0.9658	pathogenic
P31751	V271C	0.9712	pathogenic
P31751	V271D	0.9986	pathogenic
P31751	V271E	0.9964	pathogenic
P31751	V271F	0.9506	pathogenic
P31751	V271G	0.9769	pathogenic
P31751	V271H	0.9984	pathogenic
P31751	V271I	0.1365	benign
P31751	V271K	0.9965	pathogenic
P31751	V271L	0.945	pathogenic
P31751	V271M	0.8838	pathogenic
P31751	V271N	0.9944	pathogenic
P31751	V271P	0.9992	pathogenic
P31751	V271Q	0.9953	pathogenic
P31751	V271R	0.993	pathogenic
P31751	V271S	0.9824	pathogenic
P31751	V271T	0.8874	pathogenic
P31751	V271W	0.9988	pathogenic
P31751	V271Y	0.9944	pathogenic
P31751	V272A	0.9539	pathogenic
P31751	V272C	0.9772	pathogenic
P31751	V272D	0.9997	pathogenic
P31751	V272E	0.9993	pathogenic
P31751	V272F	0.9909	pathogenic
P31751	V272G	0.9845	pathogenic
P31751	V272H	0.9997	pathogenic
P31751	V272I	0.224	benign
P31751	V272K	0.9997	pathogenic
P31751	V272L	0.9599	pathogenic
P31751	V272M	0.9689	pathogenic
P31751	V272N	0.9977	pathogenic
P31751	V272P	0.9982	pathogenic
P31751	V272Q	0.9984	pathogenic
P31751	V272R	0.9984	pathogenic
P31751	V272S	0.9825	pathogenic
P31751	V272T	0.96	pathogenic
P31751	V272W	0.9999	pathogenic
P31751	V272Y	0.9992	pathogenic
P31751	Y273A	0.9985	pathogenic
P31751	Y273C	0.9847	pathogenic
P31751	Y273D	0.9991	pathogenic
P31751	Y273E	0.9997	pathogenic
P31751	Y273F	0.7286	pathogenic
P31751	Y273G	0.9941	pathogenic
P31751	Y273H	0.9912	pathogenic
P31751	Y273I	0.9958	pathogenic
P31751	Y273K	0.9998	pathogenic
P31751	Y273L	0.9687	pathogenic
P31751	Y273M	0.9973	pathogenic
P31751	Y273N	0.9957	pathogenic
P31751	Y273P	0.9912	pathogenic
P31751	Y273Q	0.9997	pathogenic
P31751	Y273R	0.9994	pathogenic
P31751	Y273S	0.9898	pathogenic
P31751	Y273T	0.9988	pathogenic
P31751	Y273V	0.9942	pathogenic
P31751	Y273W	0.9707	pathogenic
P31751	R274A	0.9996	pathogenic
P31751	R274C	0.9981	pathogenic
P31751	R274D	0.9998	pathogenic
P31751	R274E	0.9987	pathogenic
P31751	R274F	1.0	pathogenic
P31751	R274G	0.9968	pathogenic
P31751	R274H	0.999	pathogenic
P31751	R274I	1.0	pathogenic
P31751	R274K	0.9978	pathogenic
P31751	R274L	0.999	pathogenic
P31751	R274M	1.0	pathogenic
P31751	R274N	0.9999	pathogenic
P31751	R274P	0.9999	pathogenic
P31751	R274Q	0.9982	pathogenic
P31751	R274S	0.9998	pathogenic
P31751	R274T	0.9999	pathogenic
P31751	R274V	0.9999	pathogenic
P31751	R274W	0.9992	pathogenic
P31751	R274Y	0.9998	pathogenic
P31751	D275A	1.0	pathogenic
P31751	D275C	1.0	pathogenic
P31751	D275E	0.9998	pathogenic
P31751	D275F	0.9998	pathogenic
P31751	D275G	0.9998	pathogenic
P31751	D275H	0.9999	pathogenic
P31751	D275I	1.0	pathogenic
P31751	D275K	0.9999	pathogenic
P31751	D275L	1.0	pathogenic
P31751	D275M	1.0	pathogenic
P31751	D275N	0.9994	pathogenic
P31751	D275P	1.0	pathogenic
P31751	D275Q	0.9999	pathogenic
P31751	D275R	0.9998	pathogenic
P31751	D275S	0.9999	pathogenic
P31751	D275T	1.0	pathogenic
P31751	D275V	1.0	pathogenic
P31751	D275W	1.0	pathogenic
P31751	D275Y	0.9991	pathogenic
P31751	I276A	0.9574	pathogenic
P31751	I276C	0.9535	pathogenic
P31751	I276D	0.9996	pathogenic
P31751	I276E	0.9988	pathogenic
P31751	I276F	0.9098	pathogenic
P31751	I276G	0.9945	pathogenic
P31751	I276H	0.9989	pathogenic
P31751	I276K	0.9986	pathogenic
P31751	I276L	0.0727	benign
P31751	I276M	0.2841	benign
P31751	I276N	0.9927	pathogenic
P31751	I276P	0.9965	pathogenic
P31751	I276Q	0.997	pathogenic
P31751	I276R	0.998	pathogenic
P31751	I276S	0.9854	pathogenic
P31751	I276T	0.9603	pathogenic
P31751	I276V	0.1903	benign
P31751	I276W	0.9976	pathogenic
P31751	I276Y	0.9955	pathogenic
P31751	K277A	0.9985	pathogenic
P31751	K277C	0.9996	pathogenic
P31751	K277D	0.9998	pathogenic
P31751	K277E	0.9997	pathogenic
P31751	K277F	0.9999	pathogenic
P31751	K277G	0.9988	pathogenic
P31751	K277H	0.9971	pathogenic
P31751	K277I	0.9993	pathogenic
P31751	K277L	0.9974	pathogenic
P31751	K277M	0.9968	pathogenic
P31751	K277N	0.9998	pathogenic
P31751	K277P	0.9965	pathogenic
P31751	K277Q	0.9985	pathogenic
P31751	K277R	0.9709	pathogenic
P31751	K277S	0.9994	pathogenic
P31751	K277T	0.9964	pathogenic
P31751	K277V	0.9992	pathogenic
P31751	K277W	0.9999	pathogenic
P31751	K277Y	0.9997	pathogenic
P31751	L278A	0.985	pathogenic
P31751	L278C	0.9959	pathogenic
P31751	L278D	0.9998	pathogenic
P31751	L278E	0.9989	pathogenic
P31751	L278F	0.9983	pathogenic
P31751	L278G	0.9943	pathogenic
P31751	L278H	0.9996	pathogenic
P31751	L278I	0.9808	pathogenic
P31751	L278K	0.9982	pathogenic
P31751	L278M	0.9453	pathogenic
P31751	L278N	0.9985	pathogenic
P31751	L278P	0.9818	pathogenic
P31751	L278Q	0.9991	pathogenic
P31751	L278R	0.9972	pathogenic
P31751	L278S	0.9993	pathogenic
P31751	L278T	0.9953	pathogenic
P31751	L278V	0.9778	pathogenic
P31751	L278W	0.9995	pathogenic
P31751	L278Y	0.9996	pathogenic
P31751	E279A	0.9992	pathogenic
P31751	E279C	0.9996	pathogenic
P31751	E279D	0.9981	pathogenic
P31751	E279F	1.0	pathogenic
P31751	E279G	0.9968	pathogenic
P31751	E279H	0.9999	pathogenic
P31751	E279I	1.0	pathogenic
P31751	E279K	0.9997	pathogenic
P31751	E279L	0.9999	pathogenic
P31751	E279M	0.9999	pathogenic
P31751	E279N	0.9998	pathogenic
P31751	E279P	0.9996	pathogenic
P31751	E279Q	0.998	pathogenic
P31751	E279R	0.9993	pathogenic
P31751	E279S	0.9991	pathogenic
P31751	E279T	0.9998	pathogenic
P31751	E279V	0.9999	pathogenic
P31751	E279W	1.0	pathogenic
P31751	E279Y	0.9999	pathogenic
P31751	N280A	1.0	pathogenic
P31751	N280C	0.9995	pathogenic
P31751	N280D	0.9998	pathogenic
P31751	N280E	0.9998	pathogenic
P31751	N280F	0.9999	pathogenic
P31751	N280G	0.9999	pathogenic
P31751	N280H	0.9997	pathogenic
P31751	N280I	0.9995	pathogenic
P31751	N280K	0.9999	pathogenic
P31751	N280L	0.9998	pathogenic
P31751	N280M	0.9997	pathogenic
P31751	N280P	0.9998	pathogenic
P31751	N280Q	0.9999	pathogenic
P31751	N280R	0.9999	pathogenic
P31751	N280S	0.9997	pathogenic
P31751	N280T	0.9996	pathogenic
P31751	N280V	0.9997	pathogenic
P31751	N280W	1.0	pathogenic
P31751	N280Y	0.999	pathogenic
P31751	L281A	0.9788	pathogenic
P31751	L281C	0.9319	pathogenic
P31751	L281D	0.9999	pathogenic
P31751	L281E	0.9991	pathogenic
P31751	L281F	0.9863	pathogenic
P31751	L281G	0.9982	pathogenic
P31751	L281H	0.9987	pathogenic
P31751	L281I	0.3606	ambiguous
P31751	L281K	0.9989	pathogenic
P31751	L281M	0.6531	pathogenic
P31751	L281N	0.9981	pathogenic
P31751	L281P	0.9998	pathogenic
P31751	L281Q	0.9975	pathogenic
P31751	L281R	0.9976	pathogenic
P31751	L281S	0.9978	pathogenic
P31751	L281T	0.9774	pathogenic
P31751	L281V	0.3734	ambiguous
P31751	L281W	0.9989	pathogenic
P31751	L281Y	0.9987	pathogenic
P31751	M282A	0.9947	pathogenic
P31751	M282C	0.9802	pathogenic
P31751	M282D	0.9999	pathogenic
P31751	M282E	0.9993	pathogenic
P31751	M282F	0.9823	pathogenic
P31751	M282G	0.9981	pathogenic
P31751	M282H	0.9988	pathogenic
P31751	M282I	0.9895	pathogenic
P31751	M282K	0.9982	pathogenic
P31751	M282L	0.2783	benign
P31751	M282N	0.9978	pathogenic
P31751	M282P	0.9995	pathogenic
P31751	M282Q	0.9917	pathogenic
P31751	M282R	0.9982	pathogenic
P31751	M282S	0.997	pathogenic
P31751	M282T	0.9955	pathogenic
P31751	M282V	0.8427	pathogenic
P31751	M282W	0.9995	pathogenic
P31751	M282Y	0.9986	pathogenic
P31751	L283A	0.988	pathogenic
P31751	L283C	0.989	pathogenic
P31751	L283D	0.9999	pathogenic
P31751	L283E	0.9993	pathogenic
P31751	L283F	0.9781	pathogenic
P31751	L283G	0.9987	pathogenic
P31751	L283H	0.9993	pathogenic
P31751	L283I	0.5308	ambiguous
P31751	L283K	0.9988	pathogenic
P31751	L283M	0.633	pathogenic
P31751	L283N	0.9993	pathogenic
P31751	L283P	0.9994	pathogenic
P31751	L283Q	0.9983	pathogenic
P31751	L283R	0.9974	pathogenic
P31751	L283S	0.9994	pathogenic
P31751	L283T	0.9914	pathogenic
P31751	L283V	0.6163	pathogenic
P31751	L283W	0.9977	pathogenic
P31751	L283Y	0.998	pathogenic
P31751	D284A	0.9625	pathogenic
P31751	D284C	0.9818	pathogenic
P31751	D284E	0.9607	pathogenic
P31751	D284F	0.9975	pathogenic
P31751	D284G	0.9055	pathogenic
P31751	D284H	0.9862	pathogenic
P31751	D284I	0.9991	pathogenic
P31751	D284K	0.9976	pathogenic
P31751	D284L	0.9912	pathogenic
P31751	D284M	0.9976	pathogenic
P31751	D284N	0.8301	pathogenic
P31751	D284P	0.9992	pathogenic
P31751	D284Q	0.9891	pathogenic
P31751	D284R	0.995	pathogenic
P31751	D284S	0.8584	pathogenic
P31751	D284T	0.9674	pathogenic
P31751	D284V	0.9935	pathogenic
P31751	D284W	0.9991	pathogenic
P31751	D284Y	0.9865	pathogenic
P31751	K285A	0.4093	ambiguous
P31751	K285C	0.7188	pathogenic
P31751	K285D	0.7464	pathogenic
P31751	K285E	0.273	benign
P31751	K285F	0.942	pathogenic
P31751	K285G	0.4842	ambiguous
P31751	K285H	0.4228	ambiguous
P31751	K285I	0.7077	pathogenic
P31751	K285L	0.7081	pathogenic
P31751	K285M	0.4807	ambiguous
P31751	K285N	0.6291	pathogenic
P31751	K285P	0.9039	pathogenic
P31751	K285Q	0.1541	benign
P31751	K285R	0.0873	benign
P31751	K285S	0.461	ambiguous
P31751	K285T	0.3271	benign
P31751	K285V	0.5828	pathogenic
P31751	K285W	0.8921	pathogenic
P31751	K285Y	0.8462	pathogenic
P31751	D286A	0.3691	ambiguous
P31751	D286C	0.7856	pathogenic
P31751	D286E	0.1517	benign
P31751	D286F	0.6967	pathogenic
P31751	D286G	0.5045	ambiguous
P31751	D286H	0.5453	ambiguous
P31751	D286I	0.6802	pathogenic
P31751	D286K	0.782	pathogenic
P31751	D286L	0.6489	pathogenic
P31751	D286M	0.7224	pathogenic
P31751	D286N	0.1924	benign
P31751	D286P	0.9874	pathogenic
P31751	D286Q	0.5315	ambiguous
P31751	D286R	0.7896	pathogenic
P31751	D286S	0.2894	benign
P31751	D286T	0.446	ambiguous
P31751	D286V	0.4344	ambiguous
P31751	D286W	0.9256	pathogenic
P31751	D286Y	0.3658	ambiguous
P31751	G287A	0.9924	pathogenic
P31751	G287C	0.9966	pathogenic
P31751	G287D	0.9997	pathogenic
P31751	G287E	0.9998	pathogenic
P31751	G287F	0.9997	pathogenic
P31751	G287H	0.9998	pathogenic
P31751	G287I	0.9999	pathogenic
P31751	G287K	0.9999	pathogenic
P31751	G287L	0.9996	pathogenic
P31751	G287M	0.9998	pathogenic
P31751	G287N	0.9996	pathogenic
P31751	G287P	1.0	pathogenic
P31751	G287Q	0.9997	pathogenic
P31751	G287R	0.9993	pathogenic
P31751	G287S	0.9913	pathogenic
P31751	G287T	0.999	pathogenic
P31751	G287V	0.9996	pathogenic
P31751	G287W	0.9995	pathogenic
P31751	G287Y	0.9996	pathogenic
P31751	H288A	0.9986	pathogenic
P31751	H288C	0.9299	pathogenic
P31751	H288D	0.9978	pathogenic
P31751	H288E	0.9988	pathogenic
P31751	H288F	0.9808	pathogenic
P31751	H288G	0.9969	pathogenic
P31751	H288I	0.999	pathogenic
P31751	H288K	0.9927	pathogenic
P31751	H288L	0.9931	pathogenic
P31751	H288M	0.9986	pathogenic
P31751	H288N	0.96	pathogenic
P31751	H288P	0.9977	pathogenic
P31751	H288Q	0.9922	pathogenic
P31751	H288R	0.9468	pathogenic
P31751	H288S	0.9919	pathogenic
P31751	H288T	0.999	pathogenic
P31751	H288V	0.9983	pathogenic
P31751	H288W	0.9681	pathogenic
P31751	H288Y	0.9214	pathogenic
P31751	I289A	0.934	pathogenic
P31751	I289C	0.9114	pathogenic
P31751	I289D	0.9998	pathogenic
P31751	I289E	0.9993	pathogenic
P31751	I289F	0.9652	pathogenic
P31751	I289G	0.9941	pathogenic
P31751	I289H	0.9993	pathogenic
P31751	I289K	0.9992	pathogenic
P31751	I289L	0.3217	benign
P31751	I289M	0.539	ambiguous
P31751	I289N	0.9954	pathogenic
P31751	I289P	0.9951	pathogenic
P31751	I289Q	0.9984	pathogenic
P31751	I289R	0.9985	pathogenic
P31751	I289S	0.9801	pathogenic
P31751	I289T	0.94	pathogenic
P31751	I289V	0.0835	benign
P31751	I289W	0.9995	pathogenic
P31751	I289Y	0.9981	pathogenic
P31751	K290A	0.9839	pathogenic
P31751	K290C	0.9133	pathogenic
P31751	K290D	0.9995	pathogenic
P31751	K290E	0.9949	pathogenic
P31751	K290F	0.9969	pathogenic
P31751	K290G	0.9938	pathogenic
P31751	K290H	0.8894	pathogenic
P31751	K290I	0.9708	pathogenic
P31751	K290L	0.9468	pathogenic
P31751	K290M	0.9192	pathogenic
P31751	K290N	0.9956	pathogenic
P31751	K290P	0.9993	pathogenic
P31751	K290Q	0.8793	pathogenic
P31751	K290R	0.2507	benign
P31751	K290S	0.9914	pathogenic
P31751	K290T	0.959	pathogenic
P31751	K290V	0.9231	pathogenic
P31751	K290W	0.9945	pathogenic
P31751	K290Y	0.9918	pathogenic
P31751	I291A	0.9963	pathogenic
P31751	I291C	0.9954	pathogenic
P31751	I291D	0.9999	pathogenic
P31751	I291E	0.9997	pathogenic
P31751	I291F	0.9784	pathogenic
P31751	I291G	0.9995	pathogenic
P31751	I291H	0.9998	pathogenic
P31751	I291K	0.9995	pathogenic
P31751	I291L	0.4195	ambiguous
P31751	I291M	0.6771	pathogenic
P31751	I291N	0.9987	pathogenic
P31751	I291P	0.9988	pathogenic
P31751	I291Q	0.9996	pathogenic
P31751	I291R	0.9994	pathogenic
P31751	I291S	0.9989	pathogenic
P31751	I291T	0.9982	pathogenic
P31751	I291V	0.3042	benign
P31751	I291W	0.9998	pathogenic
P31751	I291Y	0.9988	pathogenic
P31751	T292A	0.5171	ambiguous
P31751	T292C	0.8724	pathogenic
P31751	T292D	0.9989	pathogenic
P31751	T292E	0.9988	pathogenic
P31751	T292F	0.9973	pathogenic
P31751	T292G	0.925	pathogenic
P31751	T292H	0.9976	pathogenic
P31751	T292I	0.9806	pathogenic
P31751	T292K	0.9988	pathogenic
P31751	T292L	0.939	pathogenic
P31751	T292M	0.9103	pathogenic
P31751	T292N	0.9832	pathogenic
P31751	T292P	0.9881	pathogenic
P31751	T292Q	0.9955	pathogenic
P31751	T292R	0.9961	pathogenic
P31751	T292S	0.8402	pathogenic
P31751	T292V	0.8923	pathogenic
P31751	T292W	0.9997	pathogenic
P31751	T292Y	0.9993	pathogenic
P31751	D293A	1.0	pathogenic
P31751	D293C	1.0	pathogenic
P31751	D293E	1.0	pathogenic
P31751	D293F	1.0	pathogenic
P31751	D293G	0.9999	pathogenic
P31751	D293H	1.0	pathogenic
P31751	D293I	1.0	pathogenic
P31751	D293K	0.9999	pathogenic
P31751	D293L	1.0	pathogenic
P31751	D293M	1.0	pathogenic
P31751	D293N	0.9997	pathogenic
P31751	D293P	0.9999	pathogenic
P31751	D293Q	1.0	pathogenic
P31751	D293R	0.9999	pathogenic
P31751	D293S	0.9998	pathogenic
P31751	D293T	1.0	pathogenic
P31751	D293V	1.0	pathogenic
P31751	D293W	1.0	pathogenic
P31751	D293Y	0.9997	pathogenic
P31751	F294A	0.9984	pathogenic
P31751	F294C	0.9952	pathogenic
P31751	F294D	0.9997	pathogenic
P31751	F294E	0.9998	pathogenic
P31751	F294G	0.9986	pathogenic
P31751	F294H	0.9981	pathogenic
P31751	F294I	0.9973	pathogenic
P31751	F294K	0.9998	pathogenic
P31751	F294L	0.9985	pathogenic
P31751	F294M	0.992	pathogenic
P31751	F294N	0.9987	pathogenic
P31751	F294P	1.0	pathogenic
P31751	F294Q	0.9996	pathogenic
P31751	F294R	0.9991	pathogenic
P31751	F294S	0.9984	pathogenic
P31751	F294T	0.9987	pathogenic
P31751	F294V	0.996	pathogenic
P31751	F294W	0.9803	pathogenic
P31751	F294Y	0.9037	pathogenic
P31751	G295A	0.9975	pathogenic
P31751	G295C	0.9988	pathogenic
P31751	G295D	0.9997	pathogenic
P31751	G295E	0.9999	pathogenic
P31751	G295F	0.9997	pathogenic
P31751	G295H	1.0	pathogenic
P31751	G295I	0.9991	pathogenic
P31751	G295K	1.0	pathogenic
P31751	G295L	0.9992	pathogenic
P31751	G295M	0.9998	pathogenic
P31751	G295N	0.9999	pathogenic
P31751	G295P	0.9997	pathogenic
P31751	G295Q	0.9999	pathogenic
P31751	G295R	0.9999	pathogenic
P31751	G295S	0.9978	pathogenic
P31751	G295T	0.9985	pathogenic
P31751	G295V	0.999	pathogenic
P31751	G295W	0.9997	pathogenic
P31751	G295Y	0.9999	pathogenic
P31751	L296A	0.998	pathogenic
P31751	L296C	0.9992	pathogenic
P31751	L296D	0.9999	pathogenic
P31751	L296E	0.9996	pathogenic
P31751	L296F	0.9901	pathogenic
P31751	L296G	0.9992	pathogenic
P31751	L296H	0.9995	pathogenic
P31751	L296I	0.9581	pathogenic
P31751	L296K	0.9992	pathogenic
P31751	L296M	0.9621	pathogenic
P31751	L296N	0.9987	pathogenic
P31751	L296P	0.9998	pathogenic
P31751	L296Q	0.9997	pathogenic
P31751	L296R	0.9974	pathogenic
P31751	L296S	0.9997	pathogenic
P31751	L296T	0.999	pathogenic
P31751	L296V	0.9916	pathogenic
P31751	L296W	0.9981	pathogenic
P31751	L296Y	0.9986	pathogenic
P31751	C297A	0.9401	pathogenic
P31751	C297D	0.9998	pathogenic
P31751	C297E	0.9999	pathogenic
P31751	C297F	0.9987	pathogenic
P31751	C297G	0.9683	pathogenic
P31751	C297H	0.9997	pathogenic
P31751	C297I	0.9983	pathogenic
P31751	C297K	1.0	pathogenic
P31751	C297L	0.9956	pathogenic
P31751	C297M	0.9966	pathogenic
P31751	C297N	0.9989	pathogenic
P31751	C297P	0.9997	pathogenic
P31751	C297Q	0.9996	pathogenic
P31751	C297R	0.9996	pathogenic
P31751	C297S	0.9149	pathogenic
P31751	C297T	0.9886	pathogenic
P31751	C297V	0.9869	pathogenic
P31751	C297W	0.9997	pathogenic
P31751	C297Y	0.9997	pathogenic
P31751	K298A	0.9975	pathogenic
P31751	K298C	0.9969	pathogenic
P31751	K298D	0.9997	pathogenic
P31751	K298E	0.9985	pathogenic
P31751	K298F	0.9998	pathogenic
P31751	K298G	0.9977	pathogenic
P31751	K298H	0.9913	pathogenic
P31751	K298I	0.9991	pathogenic
P31751	K298L	0.998	pathogenic
P31751	K298M	0.997	pathogenic
P31751	K298N	0.9996	pathogenic
P31751	K298P	0.9992	pathogenic
P31751	K298Q	0.9887	pathogenic
P31751	K298R	0.4638	ambiguous
P31751	K298S	0.999	pathogenic
P31751	K298T	0.9953	pathogenic
P31751	K298V	0.9969	pathogenic
P31751	K298W	0.9994	pathogenic
P31751	K298Y	0.9992	pathogenic
P31751	E299A	0.9235	pathogenic
P31751	E299C	0.9968	pathogenic
P31751	E299D	0.949	pathogenic
P31751	E299F	0.9986	pathogenic
P31751	E299G	0.9506	pathogenic
P31751	E299H	0.9974	pathogenic
P31751	E299I	0.9817	pathogenic
P31751	E299K	0.9828	pathogenic
P31751	E299L	0.9887	pathogenic
P31751	E299M	0.9856	pathogenic
P31751	E299N	0.9911	pathogenic
P31751	E299P	0.9954	pathogenic
P31751	E299Q	0.9105	pathogenic
P31751	E299R	0.9846	pathogenic
P31751	E299S	0.9737	pathogenic
P31751	E299T	0.9582	pathogenic
P31751	E299V	0.9347	pathogenic
P31751	E299W	0.9995	pathogenic
P31751	E299Y	0.998	pathogenic
P31751	G300A	0.5775	pathogenic
P31751	G300C	0.7736	pathogenic
P31751	G300D	0.6302	pathogenic
P31751	G300E	0.7847	pathogenic
P31751	G300F	0.9518	pathogenic
P31751	G300H	0.8751	pathogenic
P31751	G300I	0.9617	pathogenic
P31751	G300K	0.9443	pathogenic
P31751	G300L	0.9296	pathogenic
P31751	G300M	0.9221	pathogenic
P31751	G300N	0.5039	ambiguous
P31751	G300P	0.9967	pathogenic
P31751	G300Q	0.8371	pathogenic
P31751	G300R	0.9106	pathogenic
P31751	G300S	0.3929	ambiguous
P31751	G300T	0.8083	pathogenic
P31751	G300V	0.9155	pathogenic
P31751	G300W	0.9504	pathogenic
P31751	G300Y	0.9131	pathogenic
P31751	I301A	0.9705	pathogenic
P31751	I301C	0.95	pathogenic
P31751	I301D	0.9974	pathogenic
P31751	I301E	0.9942	pathogenic
P31751	I301F	0.7374	pathogenic
P31751	I301G	0.9922	pathogenic
P31751	I301H	0.9918	pathogenic
P31751	I301K	0.9916	pathogenic
P31751	I301L	0.4263	ambiguous
P31751	I301M	0.3819	ambiguous
P31751	I301N	0.9671	pathogenic
P31751	I301P	0.9927	pathogenic
P31751	I301Q	0.9866	pathogenic
P31751	I301R	0.9861	pathogenic
P31751	I301S	0.9708	pathogenic
P31751	I301T	0.9595	pathogenic
P31751	I301V	0.1406	benign
P31751	I301W	0.9927	pathogenic
P31751	I301Y	0.9707	pathogenic
P31751	S302A	0.0684	benign
P31751	S302C	0.0894	benign
P31751	S302D	0.3294	benign
P31751	S302E	0.38	ambiguous
P31751	S302F	0.2339	benign
P31751	S302G	0.0647	benign
P31751	S302H	0.2118	benign
P31751	S302I	0.1948	benign
P31751	S302K	0.3045	benign
P31751	S302L	0.0934	benign
P31751	S302M	0.1317	benign
P31751	S302N	0.1103	benign
P31751	S302P	0.258	benign
P31751	S302Q	0.2786	benign
P31751	S302R	0.2684	benign
P31751	S302T	0.0515	benign
P31751	S302V	0.1447	benign
P31751	S302W	0.3945	ambiguous
P31751	S302Y	0.2377	benign
P31751	D303A	0.093	benign
P31751	D303C	0.3266	benign
P31751	D303E	0.0842	benign
P31751	D303F	0.3721	ambiguous
P31751	D303G	0.1117	benign
P31751	D303H	0.159	benign
P31751	D303I	0.2219	benign
P31751	D303K	0.2427	benign
P31751	D303L	0.2257	benign
P31751	D303M	0.3497	ambiguous
P31751	D303N	0.079	benign
P31751	D303P	0.2401	benign
P31751	D303Q	0.1616	benign
P31751	D303R	0.2417	benign
P31751	D303S	0.0808	benign
P31751	D303T	0.1365	benign
P31751	D303V	0.1375	benign
P31751	D303W	0.6935	pathogenic
P31751	D303Y	0.1989	benign
P31751	G304A	0.1129	benign
P31751	G304C	0.185	benign
P31751	G304D	0.1737	benign
P31751	G304E	0.1698	benign
P31751	G304F	0.5001	ambiguous
P31751	G304H	0.2557	benign
P31751	G304I	0.2903	benign
P31751	G304K	0.3279	benign
P31751	G304L	0.3474	ambiguous
P31751	G304M	0.3186	benign
P31751	G304N	0.1779	benign
P31751	G304P	0.8579	pathogenic
P31751	G304Q	0.2043	benign
P31751	G304R	0.2475	benign
P31751	G304S	0.0848	benign
P31751	G304T	0.1043	benign
P31751	G304V	0.1831	benign
P31751	G304W	0.456	ambiguous
P31751	G304Y	0.3957	ambiguous
P31751	A305C	0.4189	ambiguous
P31751	A305D	0.4282	ambiguous
P31751	A305E	0.4574	ambiguous
P31751	A305F	0.5667	pathogenic
P31751	A305G	0.2122	benign
P31751	A305H	0.5323	ambiguous
P31751	A305I	0.4544	ambiguous
P31751	A305K	0.6632	pathogenic
P31751	A305L	0.2913	benign
P31751	A305M	0.2837	benign
P31751	A305N	0.2835	benign
P31751	A305P	0.9068	pathogenic
P31751	A305Q	0.3499	ambiguous
P31751	A305R	0.5887	pathogenic
P31751	A305S	0.0918	benign
P31751	A305T	0.1157	benign
P31751	A305V	0.212	benign
P31751	A305W	0.9044	pathogenic
P31751	A305Y	0.6734	pathogenic
P31751	T306A	0.2312	benign
P31751	T306C	0.6808	pathogenic
P31751	T306D	0.8895	pathogenic
P31751	T306E	0.8072	pathogenic
P31751	T306F	0.8117	pathogenic
P31751	T306G	0.4736	ambiguous
P31751	T306H	0.6587	pathogenic
P31751	T306I	0.8322	pathogenic
P31751	T306K	0.5273	ambiguous
P31751	T306L	0.4176	ambiguous
P31751	T306M	0.2964	benign
P31751	T306N	0.5499	ambiguous
P31751	T306P	0.6506	pathogenic
P31751	T306Q	0.515	ambiguous
P31751	T306R	0.4417	ambiguous
P31751	T306S	0.2466	benign
P31751	T306V	0.4668	ambiguous
P31751	T306W	0.9485	pathogenic
P31751	T306Y	0.8418	pathogenic
P31751	M307A	0.949	pathogenic
P31751	M307C	0.9391	pathogenic
P31751	M307D	0.9995	pathogenic
P31751	M307E	0.9969	pathogenic
P31751	M307F	0.9645	pathogenic
P31751	M307G	0.9904	pathogenic
P31751	M307H	0.9972	pathogenic
P31751	M307I	0.9975	pathogenic
P31751	M307K	0.9947	pathogenic
P31751	M307L	0.8072	pathogenic
P31751	M307N	0.9959	pathogenic
P31751	M307P	0.9992	pathogenic
P31751	M307Q	0.9718	pathogenic
P31751	M307R	0.9898	pathogenic
P31751	M307S	0.9771	pathogenic
P31751	M307T	0.6843	pathogenic
P31751	M307V	0.7673	pathogenic
P31751	M307W	0.9977	pathogenic
P31751	M307Y	0.9971	pathogenic
P31751	K308A	0.9346	pathogenic
P31751	K308C	0.9321	pathogenic
P31751	K308D	0.9843	pathogenic
P31751	K308E	0.9327	pathogenic
P31751	K308F	0.9908	pathogenic
P31751	K308G	0.9057	pathogenic
P31751	K308H	0.6833	pathogenic
P31751	K308I	0.979	pathogenic
P31751	K308L	0.9371	pathogenic
P31751	K308M	0.8676	pathogenic
P31751	K308N	0.9313	pathogenic
P31751	K308P	0.9936	pathogenic
P31751	K308Q	0.5322	ambiguous
P31751	K308R	0.1095	benign
P31751	K308S	0.9246	pathogenic
P31751	K308T	0.8157	pathogenic
P31751	K308V	0.947	pathogenic
P31751	K308W	0.9811	pathogenic
P31751	K308Y	0.9583	pathogenic
P31751	T309A	0.998	pathogenic
P31751	T309C	0.9998	pathogenic
P31751	T309D	0.9992	pathogenic
P31751	T309E	0.9993	pathogenic
P31751	T309F	0.9995	pathogenic
P31751	T309G	0.9967	pathogenic
P31751	T309H	0.999	pathogenic
P31751	T309I	0.9996	pathogenic
P31751	T309K	0.9992	pathogenic
P31751	T309L	0.9984	pathogenic
P31751	T309M	0.9986	pathogenic
P31751	T309N	0.9952	pathogenic
P31751	T309P	0.9976	pathogenic
P31751	T309Q	0.9992	pathogenic
P31751	T309R	0.9989	pathogenic
P31751	T309S	0.9877	pathogenic
P31751	T309V	0.9979	pathogenic
P31751	T309W	0.9999	pathogenic
P31751	T309Y	0.999	pathogenic
P31751	F310A	0.9994	pathogenic
P31751	F310C	0.9993	pathogenic
P31751	F310D	0.9999	pathogenic
P31751	F310E	0.9998	pathogenic
P31751	F310G	0.9997	pathogenic
P31751	F310H	0.9993	pathogenic
P31751	F310I	0.9978	pathogenic
P31751	F310K	0.9998	pathogenic
P31751	F310L	0.9999	pathogenic
P31751	F310M	0.999	pathogenic
P31751	F310N	0.9996	pathogenic
P31751	F310P	0.9999	pathogenic
P31751	F310Q	0.9996	pathogenic
P31751	F310R	0.9984	pathogenic
P31751	F310S	0.9996	pathogenic
P31751	F310T	0.9995	pathogenic
P31751	F310V	0.9971	pathogenic
P31751	F310W	0.993	pathogenic
P31751	F310Y	0.9824	pathogenic
P31751	C311A	0.995	pathogenic
P31751	C311D	1.0	pathogenic
P31751	C311E	1.0	pathogenic
P31751	C311F	0.9989	pathogenic
P31751	C311G	0.9953	pathogenic
P31751	C311H	0.9999	pathogenic
P31751	C311I	0.9974	pathogenic
P31751	C311K	1.0	pathogenic
P31751	C311L	0.9963	pathogenic
P31751	C311M	0.9991	pathogenic
P31751	C311N	0.9998	pathogenic
P31751	C311P	0.9996	pathogenic
P31751	C311Q	0.9999	pathogenic
P31751	C311R	0.9997	pathogenic
P31751	C311S	0.9975	pathogenic
P31751	C311T	0.9971	pathogenic
P31751	C311V	0.9852	pathogenic
P31751	C311W	0.9997	pathogenic
P31751	C311Y	0.9999	pathogenic
P31751	G312A	0.999	pathogenic
P31751	G312C	0.9996	pathogenic
P31751	G312D	0.9999	pathogenic
P31751	G312E	1.0	pathogenic
P31751	G312F	0.9998	pathogenic
P31751	G312H	1.0	pathogenic
P31751	G312I	0.9999	pathogenic
P31751	G312K	1.0	pathogenic
P31751	G312L	0.9998	pathogenic
P31751	G312M	1.0	pathogenic
P31751	G312N	1.0	pathogenic
P31751	G312P	0.9999	pathogenic
P31751	G312Q	1.0	pathogenic
P31751	G312R	0.9999	pathogenic
P31751	G312S	0.9994	pathogenic
P31751	G312T	0.9997	pathogenic
P31751	G312V	0.9998	pathogenic
P31751	G312W	0.9999	pathogenic
P31751	G312Y	0.9999	pathogenic
P31751	T313A	0.999	pathogenic
P31751	T313C	0.9999	pathogenic
P31751	T313D	0.9997	pathogenic
P31751	T313E	0.999	pathogenic
P31751	T313F	0.9996	pathogenic
P31751	T313G	0.9991	pathogenic
P31751	T313H	0.9994	pathogenic
P31751	T313I	0.9996	pathogenic
P31751	T313K	0.9989	pathogenic
P31751	T313L	0.9991	pathogenic
P31751	T313M	0.9989	pathogenic
P31751	T313N	0.9989	pathogenic
P31751	T313P	0.9949	pathogenic
P31751	T313Q	0.9997	pathogenic
P31751	T313R	0.9993	pathogenic
P31751	T313S	0.9966	pathogenic
P31751	T313V	0.9989	pathogenic
P31751	T313W	0.9999	pathogenic
P31751	T313Y	0.9998	pathogenic
P31751	P314A	0.9755	pathogenic
P31751	P314C	0.9996	pathogenic
P31751	P314D	0.9999	pathogenic
P31751	P314E	0.9996	pathogenic
P31751	P314F	0.9999	pathogenic
P31751	P314G	0.9987	pathogenic
P31751	P314H	0.9998	pathogenic
P31751	P314I	0.999	pathogenic
P31751	P314K	0.9998	pathogenic
P31751	P314L	0.996	pathogenic
P31751	P314M	0.9993	pathogenic
P31751	P314N	0.9998	pathogenic
P31751	P314Q	0.9996	pathogenic
P31751	P314R	0.9987	pathogenic
P31751	P314S	0.9981	pathogenic
P31751	P314T	0.9959	pathogenic
P31751	P314V	0.9951	pathogenic
P31751	P314W	0.9999	pathogenic
P31751	P314Y	0.9999	pathogenic
P31751	E315A	0.9862	pathogenic
P31751	E315C	0.9984	pathogenic
P31751	E315D	0.9974	pathogenic
P31751	E315F	0.9998	pathogenic
P31751	E315G	0.9904	pathogenic
P31751	E315H	0.9998	pathogenic
P31751	E315I	0.9995	pathogenic
P31751	E315K	0.9994	pathogenic
P31751	E315L	0.9993	pathogenic
P31751	E315M	0.9993	pathogenic
P31751	E315N	0.9993	pathogenic
P31751	E315P	0.9983	pathogenic
P31751	E315Q	0.9928	pathogenic
P31751	E315R	0.9983	pathogenic
P31751	E315S	0.995	pathogenic
P31751	E315T	0.9987	pathogenic
P31751	E315V	0.9982	pathogenic
P31751	E315W	0.9999	pathogenic
P31751	E315Y	0.9996	pathogenic
P31751	Y316A	0.9998	pathogenic
P31751	Y316C	0.9998	pathogenic
P31751	Y316D	0.9994	pathogenic
P31751	Y316E	0.9999	pathogenic
P31751	Y316F	0.8807	pathogenic
P31751	Y316G	0.9983	pathogenic
P31751	Y316H	0.9999	pathogenic
P31751	Y316I	0.9986	pathogenic
P31751	Y316K	1.0	pathogenic
P31751	Y316L	0.9958	pathogenic
P31751	Y316M	0.9994	pathogenic
P31751	Y316N	0.9985	pathogenic
P31751	Y316P	0.9999	pathogenic
P31751	Y316Q	1.0	pathogenic
P31751	Y316R	0.9999	pathogenic
P31751	Y316S	0.9987	pathogenic
P31751	Y316T	0.9995	pathogenic
P31751	Y316V	0.9955	pathogenic
P31751	Y316W	0.9967	pathogenic
P31751	L317A	0.9948	pathogenic
P31751	L317C	0.9979	pathogenic
P31751	L317D	1.0	pathogenic
P31751	L317E	0.9998	pathogenic
P31751	L317F	0.9988	pathogenic
P31751	L317G	0.9996	pathogenic
P31751	L317H	0.9999	pathogenic
P31751	L317I	0.8738	pathogenic
P31751	L317K	0.9997	pathogenic
P31751	L317M	0.923	pathogenic
P31751	L317N	0.9997	pathogenic
P31751	L317P	0.9999	pathogenic
P31751	L317Q	0.9996	pathogenic
P31751	L317R	0.9989	pathogenic
P31751	L317S	0.9997	pathogenic
P31751	L317T	0.9976	pathogenic
P31751	L317V	0.934	pathogenic
P31751	L317W	0.9997	pathogenic
P31751	L317Y	0.9998	pathogenic
P31751	A318C	0.9905	pathogenic
P31751	A318D	0.9996	pathogenic
P31751	A318E	0.9997	pathogenic
P31751	A318F	0.9991	pathogenic
P31751	A318G	0.9822	pathogenic
P31751	A318H	0.9991	pathogenic
P31751	A318I	0.9997	pathogenic
P31751	A318K	0.9999	pathogenic
P31751	A318L	0.992	pathogenic
P31751	A318M	0.9992	pathogenic
P31751	A318N	0.9996	pathogenic
P31751	A318P	0.9782	pathogenic
P31751	A318Q	0.9986	pathogenic
P31751	A318R	0.9988	pathogenic
P31751	A318S	0.7932	pathogenic
P31751	A318T	0.9992	pathogenic
P31751	A318V	0.9992	pathogenic
P31751	A318W	0.9999	pathogenic
P31751	A318Y	0.9996	pathogenic
P31751	P319A	0.9939	pathogenic
P31751	P319C	0.9997	pathogenic
P31751	P319D	0.9999	pathogenic
P31751	P319E	0.9997	pathogenic
P31751	P319F	1.0	pathogenic
P31751	P319G	0.9992	pathogenic
P31751	P319H	0.9998	pathogenic
P31751	P319I	0.9998	pathogenic
P31751	P319K	0.9999	pathogenic
P31751	P319L	0.9988	pathogenic
P31751	P319M	0.9998	pathogenic
P31751	P319N	0.9999	pathogenic
P31751	P319Q	0.9998	pathogenic
P31751	P319R	0.9994	pathogenic
P31751	P319S	0.9988	pathogenic
P31751	P319T	0.999	pathogenic
P31751	P319V	0.9989	pathogenic
P31751	P319W	1.0	pathogenic
P31751	P319Y	1.0	pathogenic
P31751	E320A	0.9955	pathogenic
P31751	E320C	0.9987	pathogenic
P31751	E320D	0.9949	pathogenic
P31751	E320F	0.9999	pathogenic
P31751	E320G	0.9959	pathogenic
P31751	E320H	0.9997	pathogenic
P31751	E320I	0.9997	pathogenic
P31751	E320K	0.999	pathogenic
P31751	E320L	0.9996	pathogenic
P31751	E320M	0.9994	pathogenic
P31751	E320N	0.9993	pathogenic
P31751	E320P	0.9996	pathogenic
P31751	E320Q	0.9924	pathogenic
P31751	E320R	0.9986	pathogenic
P31751	E320S	0.9975	pathogenic
P31751	E320T	0.9991	pathogenic
P31751	E320V	0.999	pathogenic
P31751	E320W	1.0	pathogenic
P31751	E320Y	0.9999	pathogenic
P31751	V321A	0.9979	pathogenic
P31751	V321C	0.9979	pathogenic
P31751	V321D	0.999	pathogenic
P31751	V321E	0.9984	pathogenic
P31751	V321F	0.9946	pathogenic
P31751	V321G	0.9908	pathogenic
P31751	V321H	0.9998	pathogenic
P31751	V321I	0.4172	ambiguous
P31751	V321K	0.9992	pathogenic
P31751	V321L	0.9798	pathogenic
P31751	V321M	0.9791	pathogenic
P31751	V321N	0.9961	pathogenic
P31751	V321P	0.9995	pathogenic
P31751	V321Q	0.9988	pathogenic
P31751	V321R	0.9983	pathogenic
P31751	V321S	0.9967	pathogenic
P31751	V321T	0.9945	pathogenic
P31751	V321W	0.9999	pathogenic
P31751	V321Y	0.9986	pathogenic
P31751	L322A	0.9937	pathogenic
P31751	L322C	0.9984	pathogenic
P31751	L322D	0.9999	pathogenic
P31751	L322E	0.9995	pathogenic
P31751	L322F	0.9982	pathogenic
P31751	L322G	0.9993	pathogenic
P31751	L322H	0.9998	pathogenic
P31751	L322I	0.8455	pathogenic
P31751	L322K	0.9994	pathogenic
P31751	L322M	0.9441	pathogenic
P31751	L322N	0.9997	pathogenic
P31751	L322P	0.9998	pathogenic
P31751	L322Q	0.9996	pathogenic
P31751	L322R	0.9985	pathogenic
P31751	L322S	0.9997	pathogenic
P31751	L322T	0.9977	pathogenic
P31751	L322V	0.9424	pathogenic
P31751	L322W	0.9992	pathogenic
P31751	L322Y	0.9997	pathogenic
P31751	E323A	0.8748	pathogenic
P31751	E323C	0.9897	pathogenic
P31751	E323D	0.7737	pathogenic
P31751	E323F	0.997	pathogenic
P31751	E323G	0.8426	pathogenic
P31751	E323H	0.9879	pathogenic
P31751	E323I	0.9881	pathogenic
P31751	E323K	0.9668	pathogenic
P31751	E323L	0.9594	pathogenic
P31751	E323M	0.9736	pathogenic
P31751	E323N	0.9698	pathogenic
P31751	E323P	0.9991	pathogenic
P31751	E323Q	0.8224	pathogenic
P31751	E323R	0.9559	pathogenic
P31751	E323S	0.9343	pathogenic
P31751	E323T	0.9607	pathogenic
P31751	E323V	0.9499	pathogenic
P31751	E323W	0.9978	pathogenic
P31751	E323Y	0.9942	pathogenic
P31751	D324A	0.9938	pathogenic
P31751	D324C	0.9992	pathogenic
P31751	D324E	0.9551	pathogenic
P31751	D324F	0.9985	pathogenic
P31751	D324G	0.9704	pathogenic
P31751	D324H	0.9983	pathogenic
P31751	D324I	0.9992	pathogenic
P31751	D324K	0.9983	pathogenic
P31751	D324L	0.9968	pathogenic
P31751	D324M	0.999	pathogenic
P31751	D324N	0.9736	pathogenic
P31751	D324P	0.9997	pathogenic
P31751	D324Q	0.9975	pathogenic
P31751	D324R	0.9975	pathogenic
P31751	D324S	0.9917	pathogenic
P31751	D324T	0.9973	pathogenic
P31751	D324V	0.9962	pathogenic
P31751	D324W	0.9995	pathogenic
P31751	D324Y	0.989	pathogenic
P31751	N325A	0.6441	pathogenic
P31751	N325C	0.5194	ambiguous
P31751	N325D	0.726	pathogenic
P31751	N325E	0.9243	pathogenic
P31751	N325F	0.9501	pathogenic
P31751	N325G	0.6327	pathogenic
P31751	N325H	0.5353	ambiguous
P31751	N325I	0.7647	pathogenic
P31751	N325K	0.9381	pathogenic
P31751	N325L	0.673	pathogenic
P31751	N325M	0.7429	pathogenic
P31751	N325P	0.9842	pathogenic
P31751	N325Q	0.8472	pathogenic
P31751	N325R	0.8779	pathogenic
P31751	N325S	0.1746	benign
P31751	N325T	0.2922	benign
P31751	N325V	0.6475	pathogenic
P31751	N325W	0.9821	pathogenic
P31751	N325Y	0.758	pathogenic
P31751	D326A	0.9629	pathogenic
P31751	D326C	0.9974	pathogenic
P31751	D326E	0.9636	pathogenic
P31751	D326F	0.995	pathogenic
P31751	D326G	0.9297	pathogenic
P31751	D326H	0.9852	pathogenic
P31751	D326I	0.9962	pathogenic
P31751	D326K	0.9955	pathogenic
P31751	D326L	0.9899	pathogenic
P31751	D326M	0.9984	pathogenic
P31751	D326N	0.8074	pathogenic
P31751	D326P	0.9939	pathogenic
P31751	D326Q	0.9915	pathogenic
P31751	D326R	0.991	pathogenic
P31751	D326S	0.9054	pathogenic
P31751	D326T	0.9805	pathogenic
P31751	D326V	0.9867	pathogenic
P31751	D326W	0.9994	pathogenic
P31751	D326Y	0.9707	pathogenic
P31751	Y327A	0.9973	pathogenic
P31751	Y327C	0.9881	pathogenic
P31751	Y327D	0.9977	pathogenic
P31751	Y327E	0.9995	pathogenic
P31751	Y327F	0.9265	pathogenic
P31751	Y327G	0.9839	pathogenic
P31751	Y327H	0.9955	pathogenic
P31751	Y327I	0.9958	pathogenic
P31751	Y327K	0.9996	pathogenic
P31751	Y327L	0.979	pathogenic
P31751	Y327M	0.9982	pathogenic
P31751	Y327N	0.9936	pathogenic
P31751	Y327P	0.9953	pathogenic
P31751	Y327Q	0.9998	pathogenic
P31751	Y327R	0.998	pathogenic
P31751	Y327S	0.9846	pathogenic
P31751	Y327T	0.9953	pathogenic
P31751	Y327V	0.9859	pathogenic
P31751	Y327W	0.9783	pathogenic
P31751	G328A	0.7808	pathogenic
P31751	G328C	0.8571	pathogenic
P31751	G328D	0.9134	pathogenic
P31751	G328E	0.9817	pathogenic
P31751	G328F	0.9927	pathogenic
P31751	G328H	0.9695	pathogenic
P31751	G328I	0.9926	pathogenic
P31751	G328K	0.9932	pathogenic
P31751	G328L	0.9815	pathogenic
P31751	G328M	0.9861	pathogenic
P31751	G328N	0.8249	pathogenic
P31751	G328P	0.9984	pathogenic
P31751	G328Q	0.965	pathogenic
P31751	G328R	0.9803	pathogenic
P31751	G328S	0.3445	ambiguous
P31751	G328T	0.7126	pathogenic
P31751	G328V	0.9746	pathogenic
P31751	G328W	0.9902	pathogenic
P31751	G328Y	0.9881	pathogenic
P31751	R329A	0.8893	pathogenic
P31751	R329C	0.5189	ambiguous
P31751	R329D	0.9792	pathogenic
P31751	R329E	0.8428	pathogenic
P31751	R329F	0.9379	pathogenic
P31751	R329G	0.8371	pathogenic
P31751	R329H	0.4013	ambiguous
P31751	R329I	0.8483	pathogenic
P31751	R329K	0.2464	benign
P31751	R329L	0.7027	pathogenic
P31751	R329M	0.8349	pathogenic
P31751	R329N	0.9584	pathogenic
P31751	R329P	0.8401	pathogenic
P31751	R329Q	0.3021	benign
P31751	R329S	0.9415	pathogenic
P31751	R329T	0.8472	pathogenic
P31751	R329V	0.8435	pathogenic
P31751	R329W	0.7156	pathogenic
P31751	R329Y	0.897	pathogenic
P31751	A330C	0.7874	pathogenic
P31751	A330D	0.9857	pathogenic
P31751	A330E	0.9647	pathogenic
P31751	A330F	0.9771	pathogenic
P31751	A330G	0.4422	ambiguous
P31751	A330H	0.9766	pathogenic
P31751	A330I	0.9721	pathogenic
P31751	A330K	0.995	pathogenic
P31751	A330L	0.9086	pathogenic
P31751	A330M	0.8882	pathogenic
P31751	A330N	0.9261	pathogenic
P31751	A330P	0.8566	pathogenic
P31751	A330Q	0.9271	pathogenic
P31751	A330R	0.9823	pathogenic
P31751	A330S	0.2056	benign
P31751	A330T	0.6994	pathogenic
P31751	A330V	0.8674	pathogenic
P31751	A330W	0.996	pathogenic
P31751	A330Y	0.988	pathogenic
P31751	V331A	0.9634	pathogenic
P31751	V331C	0.9819	pathogenic
P31751	V331D	0.9997	pathogenic
P31751	V331E	0.9989	pathogenic
P31751	V331F	0.998	pathogenic
P31751	V331G	0.9811	pathogenic
P31751	V331H	0.9999	pathogenic
P31751	V331I	0.6893	pathogenic
P31751	V331K	0.9995	pathogenic
P31751	V331L	0.9952	pathogenic
P31751	V331M	0.9922	pathogenic
P31751	V331N	0.9986	pathogenic
P31751	V331P	0.9973	pathogenic
P31751	V331Q	0.9987	pathogenic
P31751	V331R	0.9976	pathogenic
P31751	V331S	0.9757	pathogenic
P31751	V331T	0.9557	pathogenic
P31751	V331W	0.9999	pathogenic
P31751	V331Y	0.9998	pathogenic
P31751	D332A	0.9996	pathogenic
P31751	D332C	0.9999	pathogenic
P31751	D332E	0.9992	pathogenic
P31751	D332F	1.0	pathogenic
P31751	D332G	0.9994	pathogenic
P31751	D332H	0.9998	pathogenic
P31751	D332I	0.9999	pathogenic
P31751	D332K	0.9999	pathogenic
P31751	D332L	0.9997	pathogenic
P31751	D332M	1.0	pathogenic
P31751	D332N	0.9984	pathogenic
P31751	D332P	0.9998	pathogenic
P31751	D332Q	0.9999	pathogenic
P31751	D332R	0.9998	pathogenic
P31751	D332S	0.9986	pathogenic
P31751	D332T	0.9997	pathogenic
P31751	D332V	0.9997	pathogenic
P31751	D332W	1.0	pathogenic
P31751	D332Y	0.9996	pathogenic
P31751	W333A	0.9983	pathogenic
P31751	W333C	0.9982	pathogenic
P31751	W333D	0.9999	pathogenic
P31751	W333E	0.9999	pathogenic
P31751	W333F	0.8103	pathogenic
P31751	W333G	0.9938	pathogenic
P31751	W333H	0.9978	pathogenic
P31751	W333I	0.9956	pathogenic
P31751	W333K	1.0	pathogenic
P31751	W333L	0.9896	pathogenic
P31751	W333M	0.9975	pathogenic
P31751	W333N	0.9995	pathogenic
P31751	W333P	0.9999	pathogenic
P31751	W333Q	0.9999	pathogenic
P31751	W333R	0.9998	pathogenic
P31751	W333S	0.9962	pathogenic
P31751	W333T	0.9979	pathogenic
P31751	W333V	0.9957	pathogenic
P31751	W333Y	0.9395	pathogenic
P31751	W334A	0.9991	pathogenic
P31751	W334C	0.9998	pathogenic
P31751	W334D	0.9999	pathogenic
P31751	W334E	0.9999	pathogenic
P31751	W334F	0.9576	pathogenic
P31751	W334G	0.9935	pathogenic
P31751	W334H	0.9994	pathogenic
P31751	W334I	0.9997	pathogenic
P31751	W334K	1.0	pathogenic
P31751	W334L	0.998	pathogenic
P31751	W334M	0.9996	pathogenic
P31751	W334N	0.9999	pathogenic
P31751	W334P	0.9998	pathogenic
P31751	W334Q	1.0	pathogenic
P31751	W334R	0.9999	pathogenic
P31751	W334S	0.999	pathogenic
P31751	W334T	0.9994	pathogenic
P31751	W334V	0.9994	pathogenic
P31751	W334Y	0.9813	pathogenic
P31751	G335A	0.868	pathogenic
P31751	G335C	0.9819	pathogenic
P31751	G335D	0.9992	pathogenic
P31751	G335E	0.9993	pathogenic
P31751	G335F	0.9993	pathogenic
P31751	G335H	0.9998	pathogenic
P31751	G335I	0.9984	pathogenic
P31751	G335K	0.9999	pathogenic
P31751	G335L	0.9971	pathogenic
P31751	G335M	0.9976	pathogenic
P31751	G335N	0.9984	pathogenic
P31751	G335P	0.9998	pathogenic
P31751	G335Q	0.9991	pathogenic
P31751	G335R	0.9996	pathogenic
P31751	G335S	0.9097	pathogenic
P31751	G335T	0.987	pathogenic
P31751	G335V	0.9948	pathogenic
P31751	G335W	0.9995	pathogenic
P31751	G335Y	0.9994	pathogenic
P31751	L336A	0.7446	pathogenic
P31751	L336C	0.7963	pathogenic
P31751	L336D	0.9991	pathogenic
P31751	L336E	0.9939	pathogenic
P31751	L336F	0.6411	pathogenic
P31751	L336G	0.9552	pathogenic
P31751	L336H	0.9862	pathogenic
P31751	L336I	0.2973	benign
P31751	L336K	0.9955	pathogenic
P31751	L336M	0.2574	benign
P31751	L336N	0.9826	pathogenic
P31751	L336P	0.998	pathogenic
P31751	L336Q	0.9759	pathogenic
P31751	L336R	0.992	pathogenic
P31751	L336S	0.9202	pathogenic
P31751	L336T	0.4699	ambiguous
P31751	L336V	0.1832	benign
P31751	L336W	0.9627	pathogenic
P31751	L336Y	0.9655	pathogenic
P31751	G337A	0.9589	pathogenic
P31751	G337C	0.9982	pathogenic
P31751	G337D	0.9998	pathogenic
P31751	G337E	0.9998	pathogenic
P31751	G337F	0.9999	pathogenic
P31751	G337H	1.0	pathogenic
P31751	G337I	0.9998	pathogenic
P31751	G337K	1.0	pathogenic
P31751	G337L	0.9995	pathogenic
P31751	G337M	0.9998	pathogenic
P31751	G337N	0.9999	pathogenic
P31751	G337P	0.9999	pathogenic
P31751	G337Q	0.9999	pathogenic
P31751	G337R	0.9998	pathogenic
P31751	G337S	0.9905	pathogenic
P31751	G337T	0.9989	pathogenic
P31751	G337V	0.9993	pathogenic
P31751	G337W	0.9999	pathogenic
P31751	G337Y	0.9999	pathogenic
P31751	V338A	0.981	pathogenic
P31751	V338C	0.987	pathogenic
P31751	V338D	0.9991	pathogenic
P31751	V338E	0.9979	pathogenic
P31751	V338F	0.9956	pathogenic
P31751	V338G	0.9798	pathogenic
P31751	V338H	0.9996	pathogenic
P31751	V338I	0.2966	benign
P31751	V338K	0.999	pathogenic
P31751	V338L	0.9883	pathogenic
P31751	V338M	0.9793	pathogenic
P31751	V338N	0.9943	pathogenic
P31751	V338P	0.9988	pathogenic
P31751	V338Q	0.9981	pathogenic
P31751	V338R	0.9965	pathogenic
P31751	V338S	0.9803	pathogenic
P31751	V338T	0.9548	pathogenic
P31751	V338W	0.9998	pathogenic
P31751	V338Y	0.9994	pathogenic
P31751	V339A	0.9168	pathogenic
P31751	V339C	0.9278	pathogenic
P31751	V339D	0.9983	pathogenic
P31751	V339E	0.997	pathogenic
P31751	V339F	0.9822	pathogenic
P31751	V339G	0.8562	pathogenic
P31751	V339H	0.9993	pathogenic
P31751	V339I	0.4167	ambiguous
P31751	V339K	0.9989	pathogenic
P31751	V339L	0.8911	pathogenic
P31751	V339M	0.9552	pathogenic
P31751	V339N	0.9877	pathogenic
P31751	V339P	0.9986	pathogenic
P31751	V339Q	0.9963	pathogenic
P31751	V339R	0.9965	pathogenic
P31751	V339S	0.9327	pathogenic
P31751	V339T	0.8231	pathogenic
P31751	V339W	0.9997	pathogenic
P31751	V339Y	0.9986	pathogenic
P31751	M340A	0.7049	pathogenic
P31751	M340C	0.8221	pathogenic
P31751	M340D	0.9961	pathogenic
P31751	M340E	0.983	pathogenic
P31751	M340F	0.7809	pathogenic
P31751	M340G	0.9027	pathogenic
P31751	M340H	0.9877	pathogenic
P31751	M340I	0.7502	pathogenic
P31751	M340K	0.9853	pathogenic
P31751	M340L	0.1982	benign
P31751	M340N	0.9282	pathogenic
P31751	M340P	0.9988	pathogenic
P31751	M340Q	0.9263	pathogenic
P31751	M340R	0.9869	pathogenic
P31751	M340S	0.7114	pathogenic
P31751	M340T	0.3182	benign
P31751	M340V	0.2697	benign
P31751	M340W	0.9894	pathogenic
P31751	M340Y	0.9822	pathogenic
P31751	Y341A	0.9964	pathogenic
P31751	Y341C	0.9708	pathogenic
P31751	Y341D	0.9981	pathogenic
P31751	Y341E	0.9993	pathogenic
P31751	Y341F	0.3278	benign
P31751	Y341G	0.9845	pathogenic
P31751	Y341H	0.9868	pathogenic
P31751	Y341I	0.9966	pathogenic
P31751	Y341K	0.9995	pathogenic
P31751	Y341L	0.9825	pathogenic
P31751	Y341M	0.9931	pathogenic
P31751	Y341N	0.9844	pathogenic
P31751	Y341P	0.9997	pathogenic
P31751	Y341Q	0.9991	pathogenic
P31751	Y341R	0.998	pathogenic
P31751	Y341S	0.9884	pathogenic
P31751	Y341T	0.9957	pathogenic
P31751	Y341V	0.9853	pathogenic
P31751	Y341W	0.9009	pathogenic
P31751	E342A	0.9972	pathogenic
P31751	E342C	0.9989	pathogenic
P31751	E342D	0.9989	pathogenic
P31751	E342F	0.9999	pathogenic
P31751	E342G	0.9966	pathogenic
P31751	E342H	0.9996	pathogenic
P31751	E342I	0.9995	pathogenic
P31751	E342K	0.9989	pathogenic
P31751	E342L	0.9996	pathogenic
P31751	E342M	0.9996	pathogenic
P31751	E342N	0.9996	pathogenic
P31751	E342P	0.9999	pathogenic
P31751	E342Q	0.9932	pathogenic
P31751	E342R	0.9982	pathogenic
P31751	E342S	0.9979	pathogenic
P31751	E342T	0.998	pathogenic
P31751	E342V	0.9984	pathogenic
P31751	E342W	0.9999	pathogenic
P31751	E342Y	0.9998	pathogenic
P31751	M343A	0.9908	pathogenic
P31751	M343C	0.9782	pathogenic
P31751	M343D	0.9998	pathogenic
P31751	M343E	0.999	pathogenic
P31751	M343F	0.959	pathogenic
P31751	M343G	0.9945	pathogenic
P31751	M343H	0.9992	pathogenic
P31751	M343I	0.9928	pathogenic
P31751	M343K	0.9986	pathogenic
P31751	M343L	0.701	pathogenic
P31751	M343N	0.9968	pathogenic
P31751	M343P	1.0	pathogenic
P31751	M343Q	0.9922	pathogenic
P31751	M343R	0.9991	pathogenic
P31751	M343S	0.9951	pathogenic
P31751	M343T	0.9956	pathogenic
P31751	M343V	0.9388	pathogenic
P31751	M343W	0.9991	pathogenic
P31751	M343Y	0.997	pathogenic
P31751	M344A	0.6543	pathogenic
P31751	M344C	0.7361	pathogenic
P31751	M344D	0.9957	pathogenic
P31751	M344E	0.9761	pathogenic
P31751	M344F	0.8465	pathogenic
P31751	M344G	0.9073	pathogenic
P31751	M344H	0.9832	pathogenic
P31751	M344I	0.5613	ambiguous
P31751	M344K	0.969	pathogenic
P31751	M344L	0.1358	benign
P31751	M344N	0.9339	pathogenic
P31751	M344P	0.9982	pathogenic
P31751	M344Q	0.879	pathogenic
P31751	M344R	0.9707	pathogenic
P31751	M344S	0.7492	pathogenic
P31751	M344T	0.4825	ambiguous
P31751	M344V	0.2054	benign
P31751	M344W	0.9891	pathogenic
P31751	M344Y	0.9807	pathogenic
P31751	C345A	0.799	pathogenic
P31751	C345D	0.9977	pathogenic
P31751	C345E	0.9977	pathogenic
P31751	C345F	0.9174	pathogenic
P31751	C345G	0.7656	pathogenic
P31751	C345H	0.9909	pathogenic
P31751	C345I	0.8528	pathogenic
P31751	C345K	0.9991	pathogenic
P31751	C345L	0.8964	pathogenic
P31751	C345M	0.9264	pathogenic
P31751	C345N	0.9684	pathogenic
P31751	C345P	0.9992	pathogenic
P31751	C345Q	0.9926	pathogenic
P31751	C345R	0.9904	pathogenic
P31751	C345S	0.7676	pathogenic
P31751	C345T	0.7547	pathogenic
P31751	C345V	0.5127	ambiguous
P31751	C345W	0.9835	pathogenic
P31751	C345Y	0.9767	pathogenic
P31751	G346A	0.9731	pathogenic
P31751	G346C	0.9872	pathogenic
P31751	G346D	0.999	pathogenic
P31751	G346E	0.9989	pathogenic
P31751	G346F	0.9989	pathogenic
P31751	G346H	0.9988	pathogenic
P31751	G346I	0.9993	pathogenic
P31751	G346K	0.9991	pathogenic
P31751	G346L	0.9976	pathogenic
P31751	G346M	0.9989	pathogenic
P31751	G346N	0.9973	pathogenic
P31751	G346P	0.9993	pathogenic
P31751	G346Q	0.9955	pathogenic
P31751	G346R	0.9961	pathogenic
P31751	G346S	0.9463	pathogenic
P31751	G346T	0.9938	pathogenic
P31751	G346V	0.9983	pathogenic
P31751	G346W	0.9987	pathogenic
P31751	G346Y	0.999	pathogenic
P31751	R347A	0.9879	pathogenic
P31751	R347C	0.8511	pathogenic
P31751	R347D	0.9951	pathogenic
P31751	R347E	0.9812	pathogenic
P31751	R347F	0.9756	pathogenic
P31751	R347G	0.968	pathogenic
P31751	R347H	0.6854	pathogenic
P31751	R347I	0.9751	pathogenic
P31751	R347K	0.7357	pathogenic
P31751	R347L	0.9514	pathogenic
P31751	R347M	0.9832	pathogenic
P31751	R347N	0.9871	pathogenic
P31751	R347P	0.996	pathogenic
P31751	R347Q	0.7918	pathogenic
P31751	R347S	0.9884	pathogenic
P31751	R347T	0.9874	pathogenic
P31751	R347V	0.9747	pathogenic
P31751	R347W	0.8827	pathogenic
P31751	R347Y	0.9428	pathogenic
P31751	L348A	0.9781	pathogenic
P31751	L348C	0.9928	pathogenic
P31751	L348D	0.9998	pathogenic
P31751	L348E	0.9986	pathogenic
P31751	L348F	0.9914	pathogenic
P31751	L348G	0.9939	pathogenic
P31751	L348H	0.9969	pathogenic
P31751	L348I	0.9397	pathogenic
P31751	L348K	0.9962	pathogenic
P31751	L348M	0.9314	pathogenic
P31751	L348N	0.9934	pathogenic
P31751	L348P	0.9938	pathogenic
P31751	L348Q	0.9978	pathogenic
P31751	L348R	0.9951	pathogenic
P31751	L348S	0.9928	pathogenic
P31751	L348T	0.9796	pathogenic
P31751	L348V	0.9515	pathogenic
P31751	L348W	0.998	pathogenic
P31751	L348Y	0.9964	pathogenic
P31751	P349A	0.9929	pathogenic
P31751	P349C	0.9993	pathogenic
P31751	P349D	0.9999	pathogenic
P31751	P349E	0.9999	pathogenic
P31751	P349F	1.0	pathogenic
P31751	P349G	0.999	pathogenic
P31751	P349H	0.9998	pathogenic
P31751	P349I	0.9995	pathogenic
P31751	P349K	0.9999	pathogenic
P31751	P349L	0.9961	pathogenic
P31751	P349M	0.9998	pathogenic
P31751	P349N	0.9999	pathogenic
P31751	P349Q	0.9998	pathogenic
P31751	P349R	0.9995	pathogenic
P31751	P349S	0.9992	pathogenic
P31751	P349T	0.9992	pathogenic
P31751	P349V	0.9983	pathogenic
P31751	P349W	1.0	pathogenic
P31751	P349Y	0.9999	pathogenic
P31751	F350A	0.9994	pathogenic
P31751	F350C	0.9988	pathogenic
P31751	F350D	0.9999	pathogenic
P31751	F350E	0.9999	pathogenic
P31751	F350G	0.9993	pathogenic
P31751	F350H	0.9975	pathogenic
P31751	F350I	0.9995	pathogenic
P31751	F350K	0.9999	pathogenic
P31751	F350L	0.9999	pathogenic
P31751	F350M	0.9994	pathogenic
P31751	F350N	0.9994	pathogenic
P31751	F350P	1.0	pathogenic
P31751	F350Q	0.9998	pathogenic
P31751	F350R	0.9994	pathogenic
P31751	F350S	0.9994	pathogenic
P31751	F350T	0.9998	pathogenic
P31751	F350V	0.9988	pathogenic
P31751	F350W	0.98	pathogenic
P31751	F350Y	0.9271	pathogenic
P31751	Y351A	0.9667	pathogenic
P31751	Y351C	0.8662	pathogenic
P31751	Y351D	0.9795	pathogenic
P31751	Y351E	0.995	pathogenic
P31751	Y351F	0.314	benign
P31751	Y351G	0.938	pathogenic
P31751	Y351H	0.9426	pathogenic
P31751	Y351I	0.9806	pathogenic
P31751	Y351K	0.9957	pathogenic
P31751	Y351L	0.9441	pathogenic
P31751	Y351M	0.984	pathogenic
P31751	Y351N	0.9462	pathogenic
P31751	Y351P	0.9863	pathogenic
P31751	Y351Q	0.9866	pathogenic
P31751	Y351R	0.972	pathogenic
P31751	Y351S	0.8793	pathogenic
P31751	Y351T	0.9692	pathogenic
P31751	Y351V	0.9421	pathogenic
P31751	Y351W	0.8015	pathogenic
P31751	N352A	0.6765	pathogenic
P31751	N352C	0.4283	ambiguous
P31751	N352D	0.5564	ambiguous
P31751	N352E	0.9641	pathogenic
P31751	N352F	0.9642	pathogenic
P31751	N352G	0.6929	pathogenic
P31751	N352H	0.2892	benign
P31751	N352I	0.9493	pathogenic
P31751	N352K	0.9876	pathogenic
P31751	N352L	0.8764	pathogenic
P31751	N352M	0.9187	pathogenic
P31751	N352P	0.9767	pathogenic
P31751	N352Q	0.8728	pathogenic
P31751	N352R	0.9728	pathogenic
P31751	N352S	0.0856	benign
P31751	N352T	0.5476	ambiguous
P31751	N352V	0.8664	pathogenic
P31751	N352W	0.9812	pathogenic
P31751	N352Y	0.799	pathogenic
P31751	Q353A	0.1645	benign
P31751	Q353C	0.8167	pathogenic
P31751	Q353D	0.7597	pathogenic
P31751	Q353E	0.3103	benign
P31751	Q353F	0.9264	pathogenic
P31751	Q353G	0.2946	benign
P31751	Q353H	0.4313	ambiguous
P31751	Q353I	0.6616	pathogenic
P31751	Q353K	0.4418	ambiguous
P31751	Q353L	0.2772	benign
P31751	Q353M	0.4704	ambiguous
P31751	Q353N	0.3482	ambiguous
P31751	Q353P	0.1786	benign
P31751	Q353R	0.4154	ambiguous
P31751	Q353S	0.1802	benign
P31751	Q353T	0.1858	benign
P31751	Q353V	0.4025	ambiguous
P31751	Q353W	0.9567	pathogenic
P31751	Q353Y	0.8625	pathogenic
P31751	D354A	0.9703	pathogenic
P31751	D354C	0.9936	pathogenic
P31751	D354E	0.7969	pathogenic
P31751	D354F	0.9967	pathogenic
P31751	D354G	0.9817	pathogenic
P31751	D354H	0.9854	pathogenic
P31751	D354I	0.99	pathogenic
P31751	D354K	0.9942	pathogenic
P31751	D354L	0.9871	pathogenic
P31751	D354M	0.9963	pathogenic
P31751	D354N	0.7217	pathogenic
P31751	D354P	0.9978	pathogenic
P31751	D354Q	0.9812	pathogenic
P31751	D354R	0.9928	pathogenic
P31751	D354S	0.9155	pathogenic
P31751	D354T	0.9779	pathogenic
P31751	D354V	0.9643	pathogenic
P31751	D354W	0.9993	pathogenic
P31751	D354Y	0.9767	pathogenic
P31751	H355A	0.9937	pathogenic
P31751	H355C	0.9618	pathogenic
P31751	H355D	0.9958	pathogenic
P31751	H355E	0.995	pathogenic
P31751	H355F	0.9817	pathogenic
P31751	H355G	0.9951	pathogenic
P31751	H355I	0.9967	pathogenic
P31751	H355K	0.9955	pathogenic
P31751	H355L	0.9744	pathogenic
P31751	H355M	0.9932	pathogenic
P31751	H355N	0.9694	pathogenic
P31751	H355P	0.9425	pathogenic
P31751	H355Q	0.9868	pathogenic
P31751	H355R	0.9805	pathogenic
P31751	H355S	0.9875	pathogenic
P31751	H355T	0.9937	pathogenic
P31751	H355V	0.995	pathogenic
P31751	H355W	0.9681	pathogenic
P31751	H355Y	0.9605	pathogenic
P31751	E356A	0.9756	pathogenic
P31751	E356C	0.998	pathogenic
P31751	E356D	0.7258	pathogenic
P31751	E356F	0.9993	pathogenic
P31751	E356G	0.9547	pathogenic
P31751	E356H	0.9956	pathogenic
P31751	E356I	0.9969	pathogenic
P31751	E356K	0.9872	pathogenic
P31751	E356L	0.9935	pathogenic
P31751	E356M	0.9967	pathogenic
P31751	E356N	0.9814	pathogenic
P31751	E356P	0.9974	pathogenic
P31751	E356Q	0.9309	pathogenic
P31751	E356R	0.9825	pathogenic
P31751	E356S	0.9697	pathogenic
P31751	E356T	0.9871	pathogenic
P31751	E356V	0.9888	pathogenic
P31751	E356W	0.9996	pathogenic
P31751	E356Y	0.9983	pathogenic
P31751	R357A	0.7739	pathogenic
P31751	R357C	0.4234	ambiguous
P31751	R357D	0.9674	pathogenic
P31751	R357E	0.818	pathogenic
P31751	R357F	0.9123	pathogenic
P31751	R357G	0.7463	pathogenic
P31751	R357H	0.286	benign
P31751	R357I	0.5106	ambiguous
P31751	R357K	0.1078	benign
P31751	R357L	0.476	ambiguous
P31751	R357M	0.6159	pathogenic
P31751	R357N	0.9062	pathogenic
P31751	R357P	0.9865	pathogenic
P31751	R357Q	0.2226	benign
P31751	R357S	0.8962	pathogenic
P31751	R357T	0.6338	pathogenic
P31751	R357V	0.4968	ambiguous
P31751	R357W	0.7208	pathogenic
P31751	R357Y	0.8328	pathogenic
P31751	L358A	0.993	pathogenic
P31751	L358C	0.9951	pathogenic
P31751	L358D	0.9999	pathogenic
P31751	L358E	0.9993	pathogenic
P31751	L358F	0.9981	pathogenic
P31751	L358G	0.9985	pathogenic
P31751	L358H	0.9991	pathogenic
P31751	L358I	0.954	pathogenic
P31751	L358K	0.9984	pathogenic
P31751	L358M	0.9025	pathogenic
P31751	L358N	0.9979	pathogenic
P31751	L358P	0.9997	pathogenic
P31751	L358Q	0.9983	pathogenic
P31751	L358R	0.9965	pathogenic
P31751	L358S	0.9993	pathogenic
P31751	L358T	0.9878	pathogenic
P31751	L358V	0.9607	pathogenic
P31751	L358W	0.9996	pathogenic
P31751	L358Y	0.9994	pathogenic
P31751	F359A	0.9992	pathogenic
P31751	F359C	0.9989	pathogenic
P31751	F359D	0.9995	pathogenic
P31751	F359E	0.9992	pathogenic
P31751	F359G	0.9985	pathogenic
P31751	F359H	0.9982	pathogenic
P31751	F359I	0.9996	pathogenic
P31751	F359K	0.9996	pathogenic
P31751	F359L	0.9999	pathogenic
P31751	F359M	0.9977	pathogenic
P31751	F359N	0.9991	pathogenic
P31751	F359P	1.0	pathogenic
P31751	F359Q	0.9984	pathogenic
P31751	F359R	0.9974	pathogenic
P31751	F359S	0.9993	pathogenic
P31751	F359T	0.9995	pathogenic
P31751	F359V	0.9994	pathogenic
P31751	F359W	0.9784	pathogenic
P31751	F359Y	0.9541	pathogenic
P31751	E360A	0.9262	pathogenic
P31751	E360C	0.9922	pathogenic
P31751	E360D	0.8814	pathogenic
P31751	E360F	0.9969	pathogenic
P31751	E360G	0.914	pathogenic
P31751	E360H	0.9816	pathogenic
P31751	E360I	0.9932	pathogenic
P31751	E360K	0.983	pathogenic
P31751	E360L	0.9835	pathogenic
P31751	E360M	0.9841	pathogenic
P31751	E360N	0.9713	pathogenic
P31751	E360P	0.999	pathogenic
P31751	E360Q	0.7557	pathogenic
P31751	E360R	0.9699	pathogenic
P31751	E360S	0.9074	pathogenic
P31751	E360T	0.9137	pathogenic
P31751	E360V	0.9718	pathogenic
P31751	E360W	0.9987	pathogenic
P31751	E360Y	0.9943	pathogenic
P31751	L361A	0.8218	pathogenic
P31751	L361C	0.86	pathogenic
P31751	L361D	0.9818	pathogenic
P31751	L361E	0.9291	pathogenic
P31751	L361F	0.8669	pathogenic
P31751	L361G	0.9171	pathogenic
P31751	L361H	0.8763	pathogenic
P31751	L361I	0.8261	pathogenic
P31751	L361K	0.8167	pathogenic
P31751	L361M	0.3173	benign
P31751	L361N	0.8304	pathogenic
P31751	L361P	0.9997	pathogenic
P31751	L361Q	0.6315	pathogenic
P31751	L361R	0.728	pathogenic
P31751	L361S	0.9235	pathogenic
P31751	L361T	0.934	pathogenic
P31751	L361V	0.7876	pathogenic
P31751	L361W	0.9187	pathogenic
P31751	L361Y	0.8751	pathogenic
P31751	I362A	0.9987	pathogenic
P31751	I362C	0.9997	pathogenic
P31751	I362D	1.0	pathogenic
P31751	I362E	0.9998	pathogenic
P31751	I362F	0.9975	pathogenic
P31751	I362G	0.9999	pathogenic
P31751	I362H	0.9999	pathogenic
P31751	I362K	0.9999	pathogenic
P31751	I362L	0.9663	pathogenic
P31751	I362M	0.9833	pathogenic
P31751	I362N	0.9997	pathogenic
P31751	I362P	0.9997	pathogenic
P31751	I362Q	0.9997	pathogenic
P31751	I362R	0.9996	pathogenic
P31751	I362S	0.9992	pathogenic
P31751	I362T	0.999	pathogenic
P31751	I362V	0.9374	pathogenic
P31751	I362W	0.9999	pathogenic
P31751	I362Y	0.9997	pathogenic
P31751	L363A	0.968	pathogenic
P31751	L363C	0.9746	pathogenic
P31751	L363D	0.9997	pathogenic
P31751	L363E	0.996	pathogenic
P31751	L363F	0.9908	pathogenic
P31751	L363G	0.9932	pathogenic
P31751	L363H	0.9966	pathogenic
P31751	L363I	0.4739	ambiguous
P31751	L363K	0.9918	pathogenic
P31751	L363M	0.7021	pathogenic
P31751	L363N	0.9955	pathogenic
P31751	L363P	0.9994	pathogenic
P31751	L363Q	0.9839	pathogenic
P31751	L363R	0.9769	pathogenic
P31751	L363S	0.9936	pathogenic
P31751	L363T	0.9571	pathogenic
P31751	L363V	0.471	ambiguous
P31751	L363W	0.9969	pathogenic
P31751	L363Y	0.9983	pathogenic
P31751	M364A	0.745	pathogenic
P31751	M364C	0.7839	pathogenic
P31751	M364D	0.9704	pathogenic
P31751	M364E	0.8781	pathogenic
P31751	M364F	0.7382	pathogenic
P31751	M364G	0.7803	pathogenic
P31751	M364H	0.8161	pathogenic
P31751	M364I	0.8417	pathogenic
P31751	M364K	0.7241	pathogenic
P31751	M364L	0.1891	benign
P31751	M364N	0.778	pathogenic
P31751	M364P	0.9966	pathogenic
P31751	M364Q	0.5344	ambiguous
P31751	M364R	0.679	pathogenic
P31751	M364S	0.7179	pathogenic
P31751	M364T	0.46	ambiguous
P31751	M364V	0.2522	benign
P31751	M364W	0.9145	pathogenic
P31751	M364Y	0.9052	pathogenic
P31751	E365A	0.783	pathogenic
P31751	E365C	0.9922	pathogenic
P31751	E365D	0.4541	ambiguous
P31751	E365F	0.998	pathogenic
P31751	E365G	0.6893	pathogenic
P31751	E365H	0.9703	pathogenic
P31751	E365I	0.9924	pathogenic
P31751	E365K	0.9219	pathogenic
P31751	E365L	0.9824	pathogenic
P31751	E365M	0.9808	pathogenic
P31751	E365N	0.8937	pathogenic
P31751	E365P	0.9977	pathogenic
P31751	E365Q	0.6403	pathogenic
P31751	E365R	0.9395	pathogenic
P31751	E365S	0.7939	pathogenic
P31751	E365T	0.8929	pathogenic
P31751	E365V	0.9531	pathogenic
P31751	E365W	0.9989	pathogenic
P31751	E365Y	0.9933	pathogenic
P31751	E366A	0.5301	ambiguous
P31751	E366C	0.9629	pathogenic
P31751	E366D	0.0588	benign
P31751	E366F	0.9785	pathogenic
P31751	E366G	0.4533	ambiguous
P31751	E366H	0.8517	pathogenic
P31751	E366I	0.8825	pathogenic
P31751	E366K	0.7212	pathogenic
P31751	E366L	0.8886	pathogenic
P31751	E366M	0.912	pathogenic
P31751	E366N	0.3729	ambiguous
P31751	E366P	0.6922	pathogenic
P31751	E366Q	0.4858	ambiguous
P31751	E366R	0.805	pathogenic
P31751	E366S	0.4672	ambiguous
P31751	E366T	0.6085	pathogenic
P31751	E366V	0.7193	pathogenic
P31751	E366W	0.9909	pathogenic
P31751	E366Y	0.9325	pathogenic
P31751	I367A	0.9011	pathogenic
P31751	I367C	0.9303	pathogenic
P31751	I367D	0.9946	pathogenic
P31751	I367E	0.9876	pathogenic
P31751	I367F	0.7929	pathogenic
P31751	I367G	0.971	pathogenic
P31751	I367H	0.9881	pathogenic
P31751	I367K	0.9831	pathogenic
P31751	I367L	0.2338	benign
P31751	I367M	0.3771	ambiguous
P31751	I367N	0.9314	pathogenic
P31751	I367P	0.858	pathogenic
P31751	I367Q	0.9808	pathogenic
P31751	I367R	0.9791	pathogenic
P31751	I367S	0.9321	pathogenic
P31751	I367T	0.9088	pathogenic
P31751	I367V	0.1922	benign
P31751	I367W	0.9866	pathogenic
P31751	I367Y	0.9597	pathogenic
P31751	R368A	0.9385	pathogenic
P31751	R368C	0.6347	pathogenic
P31751	R368D	0.9829	pathogenic
P31751	R368E	0.9615	pathogenic
P31751	R368F	0.9757	pathogenic
P31751	R368G	0.8666	pathogenic
P31751	R368H	0.3835	ambiguous
P31751	R368I	0.9136	pathogenic
P31751	R368K	0.2478	benign
P31751	R368L	0.8579	pathogenic
P31751	R368M	0.948	pathogenic
P31751	R368N	0.9639	pathogenic
P31751	R368P	0.9564	pathogenic
P31751	R368Q	0.5023	ambiguous
P31751	R368S	0.9445	pathogenic
P31751	R368T	0.9155	pathogenic
P31751	R368V	0.9106	pathogenic
P31751	R368W	0.8117	pathogenic
P31751	R368Y	0.9229	pathogenic
P31751	F369A	0.9919	pathogenic
P31751	F369C	0.933	pathogenic
P31751	F369D	0.9989	pathogenic
P31751	F369E	0.9985	pathogenic
P31751	F369G	0.9964	pathogenic
P31751	F369H	0.9815	pathogenic
P31751	F369I	0.8272	pathogenic
P31751	F369K	0.9987	pathogenic
P31751	F369L	0.9816	pathogenic
P31751	F369M	0.9011	pathogenic
P31751	F369N	0.9905	pathogenic
P31751	F369P	0.9978	pathogenic
P31751	F369Q	0.9949	pathogenic
P31751	F369R	0.9971	pathogenic
P31751	F369S	0.989	pathogenic
P31751	F369T	0.9918	pathogenic
P31751	F369V	0.8734	pathogenic
P31751	F369W	0.8745	pathogenic
P31751	F369Y	0.3999	ambiguous
P31751	P370A	0.914	pathogenic
P31751	P370C	0.9874	pathogenic
P31751	P370D	0.9979	pathogenic
P31751	P370E	0.996	pathogenic
P31751	P370F	0.9969	pathogenic
P31751	P370G	0.9737	pathogenic
P31751	P370H	0.9663	pathogenic
P31751	P370I	0.9942	pathogenic
P31751	P370K	0.9972	pathogenic
P31751	P370L	0.9562	pathogenic
P31751	P370M	0.9939	pathogenic
P31751	P370N	0.9925	pathogenic
P31751	P370Q	0.9773	pathogenic
P31751	P370R	0.9861	pathogenic
P31751	P370S	0.9271	pathogenic
P31751	P370T	0.9485	pathogenic
P31751	P370V	0.9834	pathogenic
P31751	P370W	0.9972	pathogenic
P31751	P370Y	0.9966	pathogenic
P31751	R371A	0.7507	pathogenic
P31751	R371C	0.5238	ambiguous
P31751	R371D	0.9258	pathogenic
P31751	R371E	0.8552	pathogenic
P31751	R371F	0.9186	pathogenic
P31751	R371G	0.5412	ambiguous
P31751	R371H	0.314	benign
P31751	R371I	0.8229	pathogenic
P31751	R371K	0.1451	benign
P31751	R371L	0.7017	pathogenic
P31751	R371M	0.8164	pathogenic
P31751	R371N	0.8784	pathogenic
P31751	R371P	0.6799	pathogenic
P31751	R371Q	0.312	benign
P31751	R371S	0.8252	pathogenic
P31751	R371T	0.7807	pathogenic
P31751	R371V	0.7853	pathogenic
P31751	R371W	0.6289	pathogenic
P31751	R371Y	0.8108	pathogenic
P31751	T372A	0.079	benign
P31751	T372C	0.2512	benign
P31751	T372D	0.6871	pathogenic
P31751	T372E	0.7333	pathogenic
P31751	T372F	0.2185	benign
P31751	T372G	0.1097	benign
P31751	T372H	0.2175	benign
P31751	T372I	0.2152	benign
P31751	T372K	0.6602	pathogenic
P31751	T372L	0.1043	benign
P31751	T372M	0.0913	benign
P31751	T372N	0.0687	benign
P31751	T372P	0.1341	benign
P31751	T372Q	0.334	benign
P31751	T372R	0.5899	pathogenic
P31751	T372S	0.0718	benign
P31751	T372V	0.1516	benign
P31751	T372W	0.6175	pathogenic
P31751	T372Y	0.2772	benign
P31751	L373A	0.8595	pathogenic
P31751	L373C	0.8439	pathogenic
P31751	L373D	0.9989	pathogenic
P31751	L373E	0.9936	pathogenic
P31751	L373F	0.6238	pathogenic
P31751	L373G	0.9812	pathogenic
P31751	L373H	0.978	pathogenic
P31751	L373I	0.1424	benign
P31751	L373K	0.9922	pathogenic
P31751	L373M	0.2358	benign
P31751	L373N	0.9856	pathogenic
P31751	L373P	0.9853	pathogenic
P31751	L373Q	0.9608	pathogenic
P31751	L373R	0.982	pathogenic
P31751	L373S	0.9651	pathogenic
P31751	L373T	0.8707	pathogenic
P31751	L373V	0.1495	benign
P31751	L373W	0.9596	pathogenic
P31751	L373Y	0.9619	pathogenic
P31751	S374A	0.0858	benign
P31751	S374C	0.0978	benign
P31751	S374D	0.5655	pathogenic
P31751	S374E	0.6818	pathogenic
P31751	S374F	0.4646	ambiguous
P31751	S374G	0.0622	benign
P31751	S374H	0.4561	ambiguous
P31751	S374I	0.3137	benign
P31751	S374K	0.8102	pathogenic
P31751	S374L	0.1494	benign
P31751	S374M	0.2249	benign
P31751	S374N	0.2198	benign
P31751	S374P	0.3806	ambiguous
P31751	S374Q	0.5824	pathogenic
P31751	S374R	0.7881	pathogenic
P31751	S374T	0.0827	benign
P31751	S374V	0.2376	benign
P31751	S374W	0.6359	pathogenic
P31751	S374Y	0.4426	ambiguous
P31751	P375A	0.0508	benign
P31751	P375C	0.2221	benign
P31751	P375D	0.307	benign
P31751	P375E	0.2294	benign
P31751	P375F	0.2108	benign
P31751	P375G	0.1194	benign
P31751	P375H	0.1232	benign
P31751	P375I	0.1152	benign
P31751	P375K	0.281	benign
P31751	P375L	0.0639	benign
P31751	P375M	0.1127	benign
P31751	P375N	0.133	benign
P31751	P375Q	0.0923	benign
P31751	P375R	0.2135	benign
P31751	P375S	0.0664	benign
P31751	P375T	0.0632	benign
P31751	P375V	0.078	benign
P31751	P375W	0.3954	ambiguous
P31751	P375Y	0.264	benign
P31751	E376A	0.1268	benign
P31751	E376C	0.7148	pathogenic
P31751	E376D	0.0814	benign
P31751	E376F	0.7217	pathogenic
P31751	E376G	0.2198	benign
P31751	E376H	0.437	ambiguous
P31751	E376I	0.3668	ambiguous
P31751	E376K	0.3548	ambiguous
P31751	E376L	0.3234	benign
P31751	E376M	0.4618	ambiguous
P31751	E376N	0.24	benign
P31751	E376P	0.3686	ambiguous
P31751	E376Q	0.1743	benign
P31751	E376R	0.4352	ambiguous
P31751	E376S	0.1781	benign
P31751	E376T	0.2295	benign
P31751	E376V	0.2029	benign
P31751	E376W	0.878	pathogenic
P31751	E376Y	0.5741	pathogenic
P31751	A377C	0.6294	pathogenic
P31751	A377D	0.9892	pathogenic
P31751	A377E	0.9838	pathogenic
P31751	A377F	0.9724	pathogenic
P31751	A377G	0.091	benign
P31751	A377H	0.991	pathogenic
P31751	A377I	0.919	pathogenic
P31751	A377K	0.9972	pathogenic
P31751	A377L	0.8497	pathogenic
P31751	A377M	0.8688	pathogenic
P31751	A377N	0.9482	pathogenic
P31751	A377P	0.9826	pathogenic
P31751	A377Q	0.9675	pathogenic
P31751	A377R	0.9925	pathogenic
P31751	A377S	0.1414	benign
P31751	A377T	0.5085	ambiguous
P31751	A377V	0.6761	pathogenic
P31751	A377W	0.9969	pathogenic
P31751	A377Y	0.99	pathogenic
P31751	K378A	0.6687	pathogenic
P31751	K378C	0.6716	pathogenic
P31751	K378D	0.9793	pathogenic
P31751	K378E	0.6918	pathogenic
P31751	K378F	0.957	pathogenic
P31751	K378G	0.7602	pathogenic
P31751	K378H	0.633	pathogenic
P31751	K378I	0.6526	pathogenic
P31751	K378L	0.736	pathogenic
P31751	K378M	0.5668	pathogenic
P31751	K378N	0.9314	pathogenic
P31751	K378P	0.9778	pathogenic
P31751	K378Q	0.2048	benign
P31751	K378R	0.0741	benign
P31751	K378S	0.8163	pathogenic
P31751	K378T	0.5324	ambiguous
P31751	K378V	0.5227	ambiguous
P31751	K378W	0.9328	pathogenic
P31751	K378Y	0.9167	pathogenic
P31751	S379A	0.0831	benign
P31751	S379C	0.0955	benign
P31751	S379D	0.3385	benign
P31751	S379E	0.5394	ambiguous
P31751	S379F	0.2389	benign
P31751	S379G	0.0898	benign
P31751	S379H	0.3644	ambiguous
P31751	S379I	0.306	benign
P31751	S379K	0.8496	pathogenic
P31751	S379L	0.1248	benign
P31751	S379M	0.1796	benign
P31751	S379N	0.147	benign
P31751	S379P	0.9255	pathogenic
P31751	S379Q	0.5176	ambiguous
P31751	S379R	0.8277	pathogenic
P31751	S379T	0.1006	benign
P31751	S379V	0.2317	benign
P31751	S379W	0.5303	ambiguous
P31751	S379Y	0.274	benign
P31751	L380A	0.807	pathogenic
P31751	L380C	0.7247	pathogenic
P31751	L380D	0.9995	pathogenic
P31751	L380E	0.996	pathogenic
P31751	L380F	0.6044	pathogenic
P31751	L380G	0.976	pathogenic
P31751	L380H	0.9853	pathogenic
P31751	L380I	0.1588	benign
P31751	L380K	0.9964	pathogenic
P31751	L380M	0.2496	benign
P31751	L380N	0.9912	pathogenic
P31751	L380P	0.9976	pathogenic
P31751	L380Q	0.9737	pathogenic
P31751	L380R	0.9907	pathogenic
P31751	L380S	0.9593	pathogenic
P31751	L380T	0.7872	pathogenic
P31751	L380V	0.1154	benign
P31751	L380W	0.9728	pathogenic
P31751	L380Y	0.9774	pathogenic
P31751	L381A	0.9439	pathogenic
P31751	L381C	0.9249	pathogenic
P31751	L381D	0.9998	pathogenic
P31751	L381E	0.9985	pathogenic
P31751	L381F	0.9379	pathogenic
P31751	L381G	0.9919	pathogenic
P31751	L381H	0.9969	pathogenic
P31751	L381I	0.5132	ambiguous
P31751	L381K	0.9986	pathogenic
P31751	L381M	0.5573	ambiguous
P31751	L381N	0.9969	pathogenic
P31751	L381P	0.998	pathogenic
P31751	L381Q	0.9939	pathogenic
P31751	L381R	0.9965	pathogenic
P31751	L381S	0.9932	pathogenic
P31751	L381T	0.9604	pathogenic
P31751	L381V	0.5249	ambiguous
P31751	L381W	0.9949	pathogenic
P31751	L381Y	0.9959	pathogenic
P31751	A382C	0.294	benign
P31751	A382D	0.5926	pathogenic
P31751	A382E	0.4961	ambiguous
P31751	A382F	0.311	benign
P31751	A382G	0.1024	benign
P31751	A382H	0.4667	ambiguous
P31751	A382I	0.269	benign
P31751	A382K	0.6915	pathogenic
P31751	A382L	0.1661	benign
P31751	A382M	0.1758	benign
P31751	A382N	0.2587	benign
P31751	A382P	0.9585	pathogenic
P31751	A382Q	0.3464	ambiguous
P31751	A382R	0.6018	pathogenic
P31751	A382S	0.076	benign
P31751	A382T	0.094	benign
P31751	A382V	0.1512	benign
P31751	A382W	0.7296	pathogenic
P31751	A382Y	0.4515	ambiguous
P31751	G383A	0.1904	benign
P31751	G383C	0.3651	ambiguous
P31751	G383D	0.7081	pathogenic
P31751	G383E	0.6516	pathogenic
P31751	G383F	0.8695	pathogenic
P31751	G383H	0.747	pathogenic
P31751	G383I	0.8109	pathogenic
P31751	G383K	0.8418	pathogenic
P31751	G383L	0.6733	pathogenic
P31751	G383M	0.7209	pathogenic
P31751	G383N	0.5376	ambiguous
P31751	G383P	0.996	pathogenic
P31751	G383Q	0.5821	pathogenic
P31751	G383R	0.7331	pathogenic
P31751	G383S	0.1652	benign
P31751	G383T	0.4427	ambiguous
P31751	G383V	0.6149	pathogenic
P31751	G383W	0.877	pathogenic
P31751	G383Y	0.8078	pathogenic
P31751	L384A	0.9845	pathogenic
P31751	L384C	0.9325	pathogenic
P31751	L384D	0.9998	pathogenic
P31751	L384E	0.9992	pathogenic
P31751	L384F	0.6322	pathogenic
P31751	L384G	0.9949	pathogenic
P31751	L384H	0.9941	pathogenic
P31751	L384I	0.7087	pathogenic
P31751	L384K	0.9984	pathogenic
P31751	L384M	0.4849	ambiguous
P31751	L384N	0.9971	pathogenic
P31751	L384P	0.9994	pathogenic
P31751	L384Q	0.995	pathogenic
P31751	L384R	0.9963	pathogenic
P31751	L384S	0.9963	pathogenic
P31751	L384T	0.9872	pathogenic
P31751	L384V	0.7486	pathogenic
P31751	L384W	0.979	pathogenic
P31751	L384Y	0.9764	pathogenic
P31751	L385A	0.9898	pathogenic
P31751	L385C	0.9635	pathogenic
P31751	L385D	0.9999	pathogenic
P31751	L385E	0.9994	pathogenic
P31751	L385F	0.9755	pathogenic
P31751	L385G	0.9944	pathogenic
P31751	L385H	0.9982	pathogenic
P31751	L385I	0.8889	pathogenic
P31751	L385K	0.999	pathogenic
P31751	L385M	0.8036	pathogenic
P31751	L385N	0.9988	pathogenic
P31751	L385P	0.9995	pathogenic
P31751	L385Q	0.9975	pathogenic
P31751	L385R	0.9972	pathogenic
P31751	L385S	0.9985	pathogenic
P31751	L385T	0.9902	pathogenic
P31751	L385V	0.8997	pathogenic
P31751	L385W	0.9976	pathogenic
P31751	L385Y	0.9985	pathogenic
P31751	K386A	0.5639	ambiguous
P31751	K386C	0.4811	ambiguous
P31751	K386D	0.877	pathogenic
P31751	K386E	0.3953	ambiguous
P31751	K386F	0.8697	pathogenic
P31751	K386G	0.7029	pathogenic
P31751	K386H	0.3285	benign
P31751	K386I	0.4128	ambiguous
P31751	K386L	0.4106	ambiguous
P31751	K386M	0.298	benign
P31751	K386N	0.7252	pathogenic
P31751	K386P	0.9756	pathogenic
P31751	K386Q	0.1163	benign
P31751	K386R	0.0739	benign
P31751	K386S	0.6562	pathogenic
P31751	K386T	0.3234	benign
P31751	K386V	0.3386	benign
P31751	K386W	0.7912	pathogenic
P31751	K386Y	0.7784	pathogenic
P31751	K387A	0.9947	pathogenic
P31751	K387C	0.9968	pathogenic
P31751	K387D	0.9986	pathogenic
P31751	K387E	0.9973	pathogenic
P31751	K387F	0.9995	pathogenic
P31751	K387G	0.9925	pathogenic
P31751	K387H	0.9848	pathogenic
P31751	K387I	0.9964	pathogenic
P31751	K387L	0.9927	pathogenic
P31751	K387M	0.9897	pathogenic
P31751	K387N	0.9982	pathogenic
P31751	K387P	0.9882	pathogenic
P31751	K387Q	0.9867	pathogenic
P31751	K387R	0.4376	ambiguous
P31751	K387S	0.9986	pathogenic
P31751	K387T	0.9886	pathogenic
P31751	K387V	0.9913	pathogenic
P31751	K387W	0.9987	pathogenic
P31751	K387Y	0.9976	pathogenic
P31751	D388A	0.6548	pathogenic
P31751	D388C	0.8815	pathogenic
P31751	D388E	0.3411	ambiguous
P31751	D388F	0.9363	pathogenic
P31751	D388G	0.8892	pathogenic
P31751	D388H	0.7993	pathogenic
P31751	D388I	0.7158	pathogenic
P31751	D388K	0.9315	pathogenic
P31751	D388L	0.764	pathogenic
P31751	D388M	0.8762	pathogenic
P31751	D388N	0.266	benign
P31751	D388P	0.973	pathogenic
P31751	D388Q	0.81	pathogenic
P31751	D388R	0.9376	pathogenic
P31751	D388S	0.532	ambiguous
P31751	D388T	0.7272	pathogenic
P31751	D388V	0.5276	ambiguous
P31751	D388W	0.9897	pathogenic
P31751	D388Y	0.7227	pathogenic
P31751	P389A	0.6738	pathogenic
P31751	P389C	0.9779	pathogenic
P31751	P389D	0.9972	pathogenic
P31751	P389E	0.9878	pathogenic
P31751	P389F	0.9969	pathogenic
P31751	P389G	0.9643	pathogenic
P31751	P389H	0.9701	pathogenic
P31751	P389I	0.9776	pathogenic
P31751	P389K	0.9921	pathogenic
P31751	P389L	0.9632	pathogenic
P31751	P389M	0.9864	pathogenic
P31751	P389N	0.9924	pathogenic
P31751	P389Q	0.9646	pathogenic
P31751	P389R	0.9639	pathogenic
P31751	P389S	0.9034	pathogenic
P31751	P389T	0.8943	pathogenic
P31751	P389V	0.9218	pathogenic
P31751	P389W	0.9975	pathogenic
P31751	P389Y	0.9961	pathogenic
P31751	K390A	0.2479	benign
P31751	K390C	0.4159	ambiguous
P31751	K390D	0.6136	pathogenic
P31751	K390E	0.238	benign
P31751	K390F	0.6845	pathogenic
P31751	K390G	0.2614	benign
P31751	K390H	0.2165	benign
P31751	K390I	0.3809	ambiguous
P31751	K390L	0.2283	benign
P31751	K390M	0.2378	benign
P31751	K390N	0.4332	ambiguous
P31751	K390P	0.7788	pathogenic
P31751	K390Q	0.1016	benign
P31751	K390R	0.07	benign
P31751	K390S	0.3004	benign
P31751	K390T	0.1948	benign
P31751	K390V	0.2668	benign
P31751	K390W	0.6294	pathogenic
P31751	K390Y	0.5712	pathogenic
P31751	Q391A	0.1786	benign
P31751	Q391C	0.4277	ambiguous
P31751	Q391D	0.3878	ambiguous
P31751	Q391E	0.1157	benign
P31751	Q391F	0.5109	ambiguous
P31751	Q391G	0.2336	benign
P31751	Q391H	0.1721	benign
P31751	Q391I	0.3152	benign
P31751	Q391K	0.125	benign
P31751	Q391L	0.0835	benign
P31751	Q391M	0.2298	benign
P31751	Q391N	0.2596	benign
P31751	Q391P	0.7371	pathogenic
P31751	Q391R	0.14	benign
P31751	Q391S	0.2359	benign
P31751	Q391T	0.1962	benign
P31751	Q391V	0.1925	benign
P31751	Q391W	0.5538	ambiguous
P31751	Q391Y	0.3532	ambiguous
P31751	R392A	0.9992	pathogenic
P31751	R392C	0.9941	pathogenic
P31751	R392D	0.9996	pathogenic
P31751	R392E	0.9963	pathogenic
P31751	R392F	0.9998	pathogenic
P31751	R392G	0.998	pathogenic
P31751	R392H	0.9953	pathogenic
P31751	R392I	0.9987	pathogenic
P31751	R392K	0.9952	pathogenic
P31751	R392L	0.9946	pathogenic
P31751	R392M	0.9999	pathogenic
P31751	R392N	0.9995	pathogenic
P31751	R392P	0.9978	pathogenic
P31751	R392Q	0.9972	pathogenic
P31751	R392S	0.9997	pathogenic
P31751	R392T	0.9997	pathogenic
P31751	R392V	0.9985	pathogenic
P31751	R392W	0.9979	pathogenic
P31751	R392Y	0.9977	pathogenic
P31751	L393A	0.8789	pathogenic
P31751	L393C	0.9097	pathogenic
P31751	L393D	0.9969	pathogenic
P31751	L393E	0.9794	pathogenic
P31751	L393F	0.6758	pathogenic
P31751	L393G	0.9783	pathogenic
P31751	L393H	0.9485	pathogenic
P31751	L393I	0.3406	ambiguous
P31751	L393K	0.9416	pathogenic
P31751	L393M	0.3417	ambiguous
P31751	L393N	0.9828	pathogenic
P31751	L393P	0.9529	pathogenic
P31751	L393Q	0.9068	pathogenic
P31751	L393R	0.8973	pathogenic
P31751	L393S	0.9727	pathogenic
P31751	L393T	0.8767	pathogenic
P31751	L393V	0.3838	ambiguous
P31751	L393W	0.8505	pathogenic
P31751	L393Y	0.8778	pathogenic
P31751	G394A	0.9255	pathogenic
P31751	G394C	0.9902	pathogenic
P31751	G394D	0.9993	pathogenic
P31751	G394E	0.9996	pathogenic
P31751	G394F	0.9992	pathogenic
P31751	G394H	0.9998	pathogenic
P31751	G394I	0.9987	pathogenic
P31751	G394K	0.9998	pathogenic
P31751	G394L	0.9973	pathogenic
P31751	G394M	0.9993	pathogenic
P31751	G394N	0.9996	pathogenic
P31751	G394P	0.9981	pathogenic
P31751	G394Q	0.9996	pathogenic
P31751	G394R	0.9989	pathogenic
P31751	G394S	0.9872	pathogenic
P31751	G394T	0.996	pathogenic
P31751	G394V	0.9966	pathogenic
P31751	G394W	0.9993	pathogenic
P31751	G394Y	0.9994	pathogenic
P31751	G395A	0.3424	ambiguous
P31751	G395C	0.6508	pathogenic
P31751	G395D	0.9897	pathogenic
P31751	G395E	0.987	pathogenic
P31751	G395F	0.9778	pathogenic
P31751	G395H	0.981	pathogenic
P31751	G395I	0.9632	pathogenic
P31751	G395K	0.9946	pathogenic
P31751	G395L	0.9638	pathogenic
P31751	G395M	0.966	pathogenic
P31751	G395N	0.9567	pathogenic
P31751	G395P	0.9986	pathogenic
P31751	G395Q	0.973	pathogenic
P31751	G395R	0.9802	pathogenic
P31751	G395S	0.3435	ambiguous
P31751	G395T	0.8344	pathogenic
P31751	G395V	0.9165	pathogenic
P31751	G395W	0.9715	pathogenic
P31751	G395Y	0.9726	pathogenic
P31751	G396A	0.3089	benign
P31751	G396C	0.3014	benign
P31751	G396D	0.7289	pathogenic
P31751	G396E	0.7474	pathogenic
P31751	G396F	0.7946	pathogenic
P31751	G396H	0.6648	pathogenic
P31751	G396I	0.703	pathogenic
P31751	G396K	0.8102	pathogenic
P31751	G396L	0.6227	pathogenic
P31751	G396M	0.696	pathogenic
P31751	G396N	0.5292	ambiguous
P31751	G396P	0.9774	pathogenic
P31751	G396Q	0.6801	pathogenic
P31751	G396R	0.7271	pathogenic
P31751	G396S	0.1428	benign
P31751	G396T	0.3151	benign
P31751	G396V	0.5828	pathogenic
P31751	G396W	0.7692	pathogenic
P31751	G396Y	0.7311	pathogenic
P31751	P397A	0.0615	benign
P31751	P397C	0.1949	benign
P31751	P397D	0.2206	benign
P31751	P397E	0.1477	benign
P31751	P397F	0.2101	benign
P31751	P397G	0.1482	benign
P31751	P397H	0.1065	benign
P31751	P397I	0.1294	benign
P31751	P397K	0.1483	benign
P31751	P397L	0.0791	benign
P31751	P397M	0.151	benign
P31751	P397N	0.1549	benign
P31751	P397Q	0.0881	benign
P31751	P397R	0.1054	benign
P31751	P397S	0.0822	benign
P31751	P397T	0.0782	benign
P31751	P397V	0.0932	benign
P31751	P397W	0.3668	ambiguous
P31751	P397Y	0.2386	benign
P31751	S398A	0.0571	benign
P31751	S398C	0.0607	benign
P31751	S398D	0.0898	benign
P31751	S398E	0.1277	benign
P31751	S398F	0.1301	benign
P31751	S398G	0.059	benign
P31751	S398H	0.0863	benign
P31751	S398I	0.1193	benign
P31751	S398K	0.1371	benign
P31751	S398L	0.0682	benign
P31751	S398M	0.104	benign
P31751	S398N	0.0587	benign
P31751	S398P	0.4197	ambiguous
P31751	S398Q	0.1062	benign
P31751	S398R	0.1196	benign
P31751	S398T	0.0625	benign
P31751	S398V	0.0938	benign
P31751	S398W	0.1902	benign
P31751	S398Y	0.1061	benign
P31751	D399A	0.9203	pathogenic
P31751	D399C	0.9866	pathogenic
P31751	D399E	0.9662	pathogenic
P31751	D399F	0.9972	pathogenic
P31751	D399G	0.5584	ambiguous
P31751	D399H	0.9865	pathogenic
P31751	D399I	0.9977	pathogenic
P31751	D399K	0.9932	pathogenic
P31751	D399L	0.9912	pathogenic
P31751	D399M	0.9977	pathogenic
P31751	D399N	0.7746	pathogenic
P31751	D399P	0.9884	pathogenic
P31751	D399Q	0.9893	pathogenic
P31751	D399R	0.9887	pathogenic
P31751	D399S	0.7968	pathogenic
P31751	D399T	0.9649	pathogenic
P31751	D399V	0.989	pathogenic
P31751	D399W	0.9992	pathogenic
P31751	D399Y	0.9811	pathogenic
P31751	A400C	0.6046	pathogenic
P31751	A400D	0.9782	pathogenic
P31751	A400E	0.9706	pathogenic
P31751	A400F	0.9007	pathogenic
P31751	A400G	0.1668	benign
P31751	A400H	0.9199	pathogenic
P31751	A400I	0.8572	pathogenic
P31751	A400K	0.9826	pathogenic
P31751	A400L	0.9089	pathogenic
P31751	A400M	0.8843	pathogenic
P31751	A400N	0.9433	pathogenic
P31751	A400P	0.904	pathogenic
P31751	A400Q	0.922	pathogenic
P31751	A400R	0.9453	pathogenic
P31751	A400S	0.1626	benign
P31751	A400T	0.5573	ambiguous
P31751	A400V	0.5677	pathogenic
P31751	A400W	0.9697	pathogenic
P31751	A400Y	0.9334	pathogenic
P31751	K401A	0.1434	benign
P31751	K401C	0.361	ambiguous
P31751	K401D	0.4067	ambiguous
P31751	K401E	0.1217	benign
P31751	K401F	0.5696	pathogenic
P31751	K401G	0.1748	benign
P31751	K401H	0.1888	benign
P31751	K401I	0.2539	benign
P31751	K401L	0.1625	benign
P31751	K401M	0.1606	benign
P31751	K401N	0.3013	benign
P31751	K401P	0.5531	ambiguous
P31751	K401Q	0.0773	benign
P31751	K401R	0.0665	benign
P31751	K401S	0.2162	benign
P31751	K401T	0.1278	benign
P31751	K401V	0.1787	benign
P31751	K401W	0.4662	ambiguous
P31751	K401Y	0.4677	ambiguous
P31751	E402A	0.2387	benign
P31751	E402C	0.9073	pathogenic
P31751	E402D	0.1233	benign
P31751	E402F	0.9352	pathogenic
P31751	E402G	0.396	ambiguous
P31751	E402H	0.7788	pathogenic
P31751	E402I	0.756	pathogenic
P31751	E402K	0.7463	pathogenic
P31751	E402L	0.6823	pathogenic
P31751	E402M	0.6612	pathogenic
P31751	E402N	0.4289	ambiguous
P31751	E402P	0.9471	pathogenic
P31751	E402Q	0.2876	benign
P31751	E402R	0.8217	pathogenic
P31751	E402S	0.3668	ambiguous
P31751	E402T	0.5321	ambiguous
P31751	E402V	0.5105	ambiguous
P31751	E402W	0.9841	pathogenic
P31751	E402Y	0.8827	pathogenic
P31751	V403A	0.8896	pathogenic
P31751	V403C	0.9618	pathogenic
P31751	V403D	0.998	pathogenic
P31751	V403E	0.994	pathogenic
P31751	V403F	0.9144	pathogenic
P31751	V403G	0.9234	pathogenic
P31751	V403H	0.9986	pathogenic
P31751	V403I	0.0945	benign
P31751	V403K	0.997	pathogenic
P31751	V403L	0.5439	ambiguous
P31751	V403M	0.707	pathogenic
P31751	V403N	0.9911	pathogenic
P31751	V403P	0.9875	pathogenic
P31751	V403Q	0.9947	pathogenic
P31751	V403R	0.9954	pathogenic
P31751	V403S	0.9755	pathogenic
P31751	V403T	0.9115	pathogenic
P31751	V403W	0.9984	pathogenic
P31751	V403Y	0.9933	pathogenic
P31751	M404A	0.384	ambiguous
P31751	M404C	0.7399	pathogenic
P31751	M404D	0.9926	pathogenic
P31751	M404E	0.6612	pathogenic
P31751	M404F	0.8225	pathogenic
P31751	M404G	0.7899	pathogenic
P31751	M404H	0.8843	pathogenic
P31751	M404I	0.6784	pathogenic
P31751	M404K	0.1722	benign
P31751	M404L	0.3987	ambiguous
P31751	M404N	0.9372	pathogenic
P31751	M404P	0.9912	pathogenic
P31751	M404Q	0.1691	benign
P31751	M404R	0.2403	benign
P31751	M404S	0.6222	pathogenic
P31751	M404T	0.2549	benign
P31751	M404V	0.2082	benign
P31751	M404W	0.9442	pathogenic
P31751	M404Y	0.9403	pathogenic
P31751	E405A	0.0765	benign
P31751	E405C	0.4058	ambiguous
P31751	E405D	0.0854	benign
P31751	E405F	0.4881	ambiguous
P31751	E405G	0.0813	benign
P31751	E405H	0.1953	benign
P31751	E405I	0.2479	benign
P31751	E405K	0.1236	benign
P31751	E405L	0.1652	benign
P31751	E405M	0.2279	benign
P31751	E405N	0.1044	benign
P31751	E405P	0.8729	pathogenic
P31751	E405Q	0.0673	benign
P31751	E405R	0.1564	benign
P31751	E405S	0.0814	benign
P31751	E405T	0.1045	benign
P31751	E405V	0.1476	benign
P31751	E405W	0.6861	pathogenic
P31751	E405Y	0.3454	ambiguous
P31751	H406A	0.7901	pathogenic
P31751	H406C	0.4093	ambiguous
P31751	H406D	0.6432	pathogenic
P31751	H406E	0.7925	pathogenic
P31751	H406F	0.9102	pathogenic
P31751	H406G	0.855	pathogenic
P31751	H406I	0.9526	pathogenic
P31751	H406K	0.9661	pathogenic
P31751	H406L	0.7754	pathogenic
P31751	H406M	0.8767	pathogenic
P31751	H406N	0.2474	benign
P31751	H406P	0.9225	pathogenic
P31751	H406Q	0.7071	pathogenic
P31751	H406R	0.9471	pathogenic
P31751	H406S	0.5084	ambiguous
P31751	H406T	0.8276	pathogenic
P31751	H406V	0.9184	pathogenic
P31751	H406W	0.9273	pathogenic
P31751	H406Y	0.7183	pathogenic
P31751	R407A	0.1452	benign
P31751	R407C	0.0995	benign
P31751	R407D	0.2789	benign
P31751	R407E	0.1862	benign
P31751	R407F	0.3973	ambiguous
P31751	R407G	0.0977	benign
P31751	R407H	0.0795	benign
P31751	R407I	0.2071	benign
P31751	R407K	0.0664	benign
P31751	R407L	0.1617	benign
P31751	R407M	0.2033	benign
P31751	R407N	0.2448	benign
P31751	R407P	0.1087	benign
P31751	R407Q	0.0718	benign
P31751	R407S	0.1678	benign
P31751	R407T	0.1227	benign
P31751	R407V	0.1942	benign
P31751	R407W	0.1718	benign
P31751	R407Y	0.2573	benign
P31751	F408A	0.9856	pathogenic
P31751	F408C	0.9268	pathogenic
P31751	F408D	0.9984	pathogenic
P31751	F408E	0.999	pathogenic
P31751	F408G	0.9936	pathogenic
P31751	F408H	0.9767	pathogenic
P31751	F408I	0.9289	pathogenic
P31751	F408K	0.9994	pathogenic
P31751	F408L	0.9901	pathogenic
P31751	F408M	0.9592	pathogenic
P31751	F408N	0.9922	pathogenic
P31751	F408P	0.9982	pathogenic
P31751	F408Q	0.9977	pathogenic
P31751	F408R	0.9977	pathogenic
P31751	F408S	0.9869	pathogenic
P31751	F408T	0.993	pathogenic
P31751	F408V	0.9167	pathogenic
P31751	F408W	0.7246	pathogenic
P31751	F408Y	0.3786	ambiguous
P31751	F409A	0.9957	pathogenic
P31751	F409C	0.9697	pathogenic
P31751	F409D	0.9994	pathogenic
P31751	F409E	0.9997	pathogenic
P31751	F409G	0.9942	pathogenic
P31751	F409H	0.9842	pathogenic
P31751	F409I	0.9829	pathogenic
P31751	F409K	0.9996	pathogenic
P31751	F409L	0.9877	pathogenic
P31751	F409M	0.9733	pathogenic
P31751	F409N	0.9959	pathogenic
P31751	F409P	0.9996	pathogenic
P31751	F409Q	0.9985	pathogenic
P31751	F409R	0.9982	pathogenic
P31751	F409S	0.9916	pathogenic
P31751	F409T	0.9966	pathogenic
P31751	F409V	0.9753	pathogenic
P31751	F409W	0.892	pathogenic
P31751	F409Y	0.5009	ambiguous
P31751	L410A	0.0581	benign
P31751	L410C	0.1409	benign
P31751	L410D	0.1967	benign
P31751	L410E	0.1425	benign
P31751	L410F	0.0737	benign
P31751	L410G	0.1054	benign
P31751	L410H	0.0874	benign
P31751	L410I	0.0685	benign
P31751	L410K	0.1404	benign
P31751	L410M	0.0732	benign
P31751	L410N	0.1024	benign
P31751	L410P	0.3934	ambiguous
P31751	L410Q	0.0737	benign
P31751	L410R	0.0999	benign
P31751	L410S	0.0627	benign
P31751	L410T	0.0665	benign
P31751	L410V	0.0585	benign
P31751	L410W	0.167	benign
P31751	L410Y	0.1364	benign
P31751	S411A	0.0628	benign
P31751	S411C	0.0756	benign
P31751	S411D	0.1671	benign
P31751	S411E	0.2395	benign
P31751	S411F	0.1649	benign
P31751	S411G	0.0594	benign
P31751	S411H	0.1392	benign
P31751	S411I	0.1621	benign
P31751	S411K	0.2977	benign
P31751	S411L	0.09	benign
P31751	S411M	0.1294	benign
P31751	S411N	0.0766	benign
P31751	S411P	0.057	benign
P31751	S411Q	0.179	benign
P31751	S411R	0.3031	benign
P31751	S411T	0.0633	benign
P31751	S411V	0.1223	benign
P31751	S411W	0.2723	benign
P31751	S411Y	0.1593	benign
P31751	I412A	0.4312	ambiguous
P31751	I412C	0.5007	ambiguous
P31751	I412D	0.9311	pathogenic
P31751	I412E	0.8713	pathogenic
P31751	I412F	0.2292	benign
P31751	I412G	0.7194	pathogenic
P31751	I412H	0.7994	pathogenic
P31751	I412K	0.8562	pathogenic
P31751	I412L	0.0958	benign
P31751	I412M	0.1077	benign
P31751	I412N	0.6729	pathogenic
P31751	I412P	0.854	pathogenic
P31751	I412Q	0.7508	pathogenic
P31751	I412R	0.7901	pathogenic
P31751	I412S	0.548	ambiguous
P31751	I412T	0.3511	ambiguous
P31751	I412V	0.0557	benign
P31751	I412W	0.8487	pathogenic
P31751	I412Y	0.6885	pathogenic
P31751	N413A	0.1399	benign
P31751	N413C	0.1157	benign
P31751	N413D	0.0798	benign
P31751	N413E	0.2234	benign
P31751	N413F	0.4815	ambiguous
P31751	N413G	0.2533	benign
P31751	N413H	0.1008	benign
P31751	N413I	0.1508	benign
P31751	N413K	0.2148	benign
P31751	N413L	0.1991	benign
P31751	N413M	0.2747	benign
P31751	N413P	0.3059	benign
P31751	N413Q	0.1737	benign
P31751	N413R	0.1952	benign
P31751	N413S	0.0721	benign
P31751	N413T	0.1238	benign
P31751	N413V	0.1115	benign
P31751	N413W	0.6614	pathogenic
P31751	N413Y	0.2143	benign
P31751	W414A	0.9938	pathogenic
P31751	W414C	0.9959	pathogenic
P31751	W414D	0.9988	pathogenic
P31751	W414E	0.9988	pathogenic
P31751	W414F	0.4583	ambiguous
P31751	W414G	0.9778	pathogenic
P31751	W414H	0.9938	pathogenic
P31751	W414I	0.9833	pathogenic
P31751	W414K	0.9992	pathogenic
P31751	W414L	0.969	pathogenic
P31751	W414M	0.9871	pathogenic
P31751	W414N	0.9985	pathogenic
P31751	W414P	0.9923	pathogenic
P31751	W414Q	0.9987	pathogenic
P31751	W414R	0.9979	pathogenic
P31751	W414S	0.9901	pathogenic
P31751	W414T	0.9934	pathogenic
P31751	W414V	0.9841	pathogenic
P31751	W414Y	0.9007	pathogenic
P31751	Q415A	0.114	benign
P31751	Q415C	0.412	ambiguous
P31751	Q415D	0.1282	benign
P31751	Q415E	0.0699	benign
P31751	Q415F	0.5153	ambiguous
P31751	Q415G	0.1315	benign
P31751	Q415H	0.1222	benign
P31751	Q415I	0.2861	benign
P31751	Q415K	0.0913	benign
P31751	Q415L	0.1146	benign
P31751	Q415M	0.2498	benign
P31751	Q415N	0.1309	benign
P31751	Q415P	0.1058	benign
P31751	Q415R	0.0974	benign
P31751	Q415S	0.1289	benign
P31751	Q415T	0.1171	benign
P31751	Q415V	0.1791	benign
P31751	Q415W	0.3789	ambiguous
P31751	Q415Y	0.3359	benign
P31751	D416A	0.1543	benign
P31751	D416C	0.6753	pathogenic
P31751	D416E	0.1364	benign
P31751	D416F	0.7175	pathogenic
P31751	D416G	0.2691	benign
P31751	D416H	0.3533	ambiguous
P31751	D416I	0.6218	pathogenic
P31751	D416K	0.5825	pathogenic
P31751	D416L	0.3851	ambiguous
P31751	D416M	0.5608	ambiguous
P31751	D416N	0.1433	benign
P31751	D416P	0.9231	pathogenic
P31751	D416Q	0.3598	ambiguous
P31751	D416R	0.6387	pathogenic
P31751	D416S	0.1798	benign
P31751	D416T	0.3931	ambiguous
P31751	D416V	0.3668	ambiguous
P31751	D416W	0.9072	pathogenic
P31751	D416Y	0.3452	ambiguous
P31751	V417A	0.5016	ambiguous
P31751	V417C	0.886	pathogenic
P31751	V417D	0.9935	pathogenic
P31751	V417E	0.9839	pathogenic
P31751	V417F	0.8421	pathogenic
P31751	V417G	0.8367	pathogenic
P31751	V417H	0.9931	pathogenic
P31751	V417I	0.1034	benign
P31751	V417K	0.9898	pathogenic
P31751	V417L	0.3064	benign
P31751	V417M	0.3559	ambiguous
P31751	V417N	0.9671	pathogenic
P31751	V417P	0.9893	pathogenic
P31751	V417Q	0.9753	pathogenic
P31751	V417R	0.9817	pathogenic
P31751	V417S	0.8585	pathogenic
P31751	V417T	0.511	ambiguous
P31751	V417W	0.9963	pathogenic
P31751	V417Y	0.985	pathogenic
P31751	V418A	0.1208	benign
P31751	V418C	0.3828	ambiguous
P31751	V418D	0.2901	benign
P31751	V418E	0.1686	benign
P31751	V418F	0.0896	benign
P31751	V418G	0.1435	benign
P31751	V418H	0.2823	benign
P31751	V418I	0.0614	benign
P31751	V418K	0.2657	benign
P31751	V418L	0.0735	benign
P31751	V418M	0.0874	benign
P31751	V418N	0.1608	benign
P31751	V418P	0.6555	pathogenic
P31751	V418Q	0.151	benign
P31751	V418R	0.2083	benign
P31751	V418S	0.1289	benign
P31751	V418T	0.1265	benign
P31751	V418W	0.4923	ambiguous
P31751	V418Y	0.2379	benign
P31751	Q419A	0.1347	benign
P31751	Q419C	0.3299	benign
P31751	Q419D	0.123	benign
P31751	Q419E	0.062	benign
P31751	Q419F	0.5047	ambiguous
P31751	Q419G	0.1386	benign
P31751	Q419H	0.1302	benign
P31751	Q419I	0.4165	ambiguous
P31751	Q419K	0.1161	benign
P31751	Q419L	0.0967	benign
P31751	Q419M	0.2687	benign
P31751	Q419N	0.1293	benign
P31751	Q419P	0.5676	pathogenic
P31751	Q419R	0.0988	benign
P31751	Q419S	0.1398	benign
P31751	Q419T	0.1822	benign
P31751	Q419V	0.2433	benign
P31751	Q419W	0.3912	ambiguous
P31751	Q419Y	0.2926	benign
P31751	K420A	0.9396	pathogenic
P31751	K420C	0.7522	pathogenic
P31751	K420D	0.9872	pathogenic
P31751	K420E	0.8102	pathogenic
P31751	K420F	0.9896	pathogenic
P31751	K420G	0.7944	pathogenic
P31751	K420H	0.7141	pathogenic
P31751	K420I	0.9711	pathogenic
P31751	K420L	0.8369	pathogenic
P31751	K420M	0.7758	pathogenic
P31751	K420N	0.9587	pathogenic
P31751	K420P	0.9912	pathogenic
P31751	K420Q	0.35	ambiguous
P31751	K420R	0.0865	benign
P31751	K420S	0.9649	pathogenic
P31751	K420T	0.9349	pathogenic
P31751	K420V	0.9464	pathogenic
P31751	K420W	0.9563	pathogenic
P31751	K420Y	0.9507	pathogenic
P31751	K421A	0.388	ambiguous
P31751	K421C	0.5676	pathogenic
P31751	K421D	0.6823	pathogenic
P31751	K421E	0.2557	benign
P31751	K421F	0.8527	pathogenic
P31751	K421G	0.4958	ambiguous
P31751	K421H	0.287	benign
P31751	K421I	0.5246	ambiguous
P31751	K421L	0.3241	benign
P31751	K421M	0.2805	benign
P31751	K421N	0.4471	ambiguous
P31751	K421P	0.9648	pathogenic
P31751	K421Q	0.108	benign
P31751	K421R	0.0741	benign
P31751	K421S	0.4813	ambiguous
P31751	K421T	0.266	benign
P31751	K421V	0.4125	ambiguous
P31751	K421W	0.8069	pathogenic
P31751	K421Y	0.6798	pathogenic
P31751	L422A	0.3166	benign
P31751	L422C	0.3911	ambiguous
P31751	L422D	0.8696	pathogenic
P31751	L422E	0.5344	ambiguous
P31751	L422F	0.1954	benign
P31751	L422G	0.6323	pathogenic
P31751	L422H	0.3756	ambiguous
P31751	L422I	0.0918	benign
P31751	L422K	0.4695	ambiguous
P31751	L422M	0.1181	benign
P31751	L422N	0.6053	pathogenic
P31751	L422P	0.8697	pathogenic
P31751	L422Q	0.2319	benign
P31751	L422R	0.3386	benign
P31751	L422S	0.4642	ambiguous
P31751	L422T	0.3	benign
P31751	L422V	0.0787	benign
P31751	L422W	0.39	ambiguous
P31751	L422Y	0.3989	ambiguous
P31751	L423A	0.0741	benign
P31751	L423C	0.1957	benign
P31751	L423D	0.2276	benign
P31751	L423E	0.1413	benign
P31751	L423F	0.0992	benign
P31751	L423G	0.1736	benign
P31751	L423H	0.1105	benign
P31751	L423I	0.0638	benign
P31751	L423K	0.1481	benign
P31751	L423M	0.0727	benign
P31751	L423N	0.115	benign
P31751	L423P	0.0667	benign
P31751	L423Q	0.0733	benign
P31751	L423R	0.1222	benign
P31751	L423S	0.0828	benign
P31751	L423T	0.0683	benign
P31751	L423V	0.0565	benign
P31751	L423W	0.2128	benign
P31751	L423Y	0.2115	benign
P31751	P424A	0.374	ambiguous
P31751	P424C	0.9064	pathogenic
P31751	P424D	0.9993	pathogenic
P31751	P424E	0.996	pathogenic
P31751	P424F	0.9969	pathogenic
P31751	P424G	0.9657	pathogenic
P31751	P424H	0.9889	pathogenic
P31751	P424I	0.9484	pathogenic
P31751	P424K	0.9983	pathogenic
P31751	P424L	0.9135	pathogenic
P31751	P424M	0.9829	pathogenic
P31751	P424N	0.9962	pathogenic
P31751	P424Q	0.9861	pathogenic
P31751	P424R	0.9895	pathogenic
P31751	P424S	0.8415	pathogenic
P31751	P424T	0.8835	pathogenic
P31751	P424V	0.8145	pathogenic
P31751	P424W	0.9987	pathogenic
P31751	P424Y	0.9975	pathogenic
P31751	P425A	0.4489	ambiguous
P31751	P425C	0.8637	pathogenic
P31751	P425D	0.9811	pathogenic
P31751	P425E	0.95	pathogenic
P31751	P425F	0.9535	pathogenic
P31751	P425G	0.8989	pathogenic
P31751	P425H	0.8806	pathogenic
P31751	P425I	0.8135	pathogenic
P31751	P425K	0.9706	pathogenic
P31751	P425L	0.5382	ambiguous
P31751	P425M	0.8499	pathogenic
P31751	P425N	0.9541	pathogenic
P31751	P425Q	0.8839	pathogenic
P31751	P425R	0.9228	pathogenic
P31751	P425S	0.7273	pathogenic
P31751	P425T	0.691	pathogenic
P31751	P425V	0.6476	pathogenic
P31751	P425W	0.9793	pathogenic
P31751	P425Y	0.9534	pathogenic
P31751	F426A	0.9958	pathogenic
P31751	F426C	0.9687	pathogenic
P31751	F426D	0.9989	pathogenic
P31751	F426E	0.9983	pathogenic
P31751	F426G	0.9973	pathogenic
P31751	F426H	0.9682	pathogenic
P31751	F426I	0.958	pathogenic
P31751	F426K	0.9988	pathogenic
P31751	F426L	0.9962	pathogenic
P31751	F426M	0.9781	pathogenic
P31751	F426N	0.9952	pathogenic
P31751	F426P	0.9998	pathogenic
P31751	F426Q	0.9949	pathogenic
P31751	F426R	0.995	pathogenic
P31751	F426S	0.9925	pathogenic
P31751	F426T	0.996	pathogenic
P31751	F426V	0.9463	pathogenic
P31751	F426W	0.7349	pathogenic
P31751	F426Y	0.4667	ambiguous
P31751	K427A	0.7117	pathogenic
P31751	K427C	0.523	ambiguous
P31751	K427D	0.979	pathogenic
P31751	K427E	0.613	pathogenic
P31751	K427F	0.8794	pathogenic
P31751	K427G	0.9169	pathogenic
P31751	K427H	0.4325	ambiguous
P31751	K427I	0.3535	ambiguous
P31751	K427L	0.4181	ambiguous
P31751	K427M	0.3404	ambiguous
P31751	K427N	0.9137	pathogenic
P31751	K427P	0.9365	pathogenic
P31751	K427Q	0.1687	benign
P31751	K427R	0.0795	benign
P31751	K427S	0.8242	pathogenic
P31751	K427T	0.3957	ambiguous
P31751	K427V	0.3044	benign
P31751	K427W	0.8259	pathogenic
P31751	K427Y	0.7829	pathogenic
P31751	P428A	0.9867	pathogenic
P31751	P428C	0.9986	pathogenic
P31751	P428D	0.9998	pathogenic
P31751	P428E	0.9994	pathogenic
P31751	P428F	0.9998	pathogenic
P31751	P428G	0.9979	pathogenic
P31751	P428H	0.9994	pathogenic
P31751	P428I	0.9974	pathogenic
P31751	P428K	0.9996	pathogenic
P31751	P428L	0.9909	pathogenic
P31751	P428M	0.9988	pathogenic
P31751	P428N	0.9997	pathogenic
P31751	P428Q	0.9994	pathogenic
P31751	P428R	0.9987	pathogenic
P31751	P428S	0.9988	pathogenic
P31751	P428T	0.997	pathogenic
P31751	P428V	0.9921	pathogenic
P31751	P428W	0.9999	pathogenic
P31751	P428Y	0.9997	pathogenic
P31751	Q429A	0.1524	benign
P31751	Q429C	0.6114	pathogenic
P31751	Q429D	0.4751	ambiguous
P31751	Q429E	0.1288	benign
P31751	Q429F	0.6465	pathogenic
P31751	Q429G	0.3472	ambiguous
P31751	Q429H	0.2318	benign
P31751	Q429I	0.3025	benign
P31751	Q429K	0.191	benign
P31751	Q429L	0.1251	benign
P31751	Q429M	0.2846	benign
P31751	Q429N	0.3035	benign
P31751	Q429P	0.2919	benign
P31751	Q429R	0.2014	benign
P31751	Q429S	0.2194	benign
P31751	Q429T	0.1809	benign
P31751	Q429V	0.1664	benign
P31751	Q429W	0.722	pathogenic
P31751	Q429Y	0.5088	ambiguous
P31751	V430A	0.9462	pathogenic
P31751	V430C	0.9757	pathogenic
P31751	V430D	0.9965	pathogenic
P31751	V430E	0.989	pathogenic
P31751	V430F	0.9717	pathogenic
P31751	V430G	0.9232	pathogenic
P31751	V430H	0.9976	pathogenic
P31751	V430I	0.2401	benign
P31751	V430K	0.9939	pathogenic
P31751	V430L	0.8869	pathogenic
P31751	V430M	0.9267	pathogenic
P31751	V430N	0.9825	pathogenic
P31751	V430P	0.9848	pathogenic
P31751	V430Q	0.9917	pathogenic
P31751	V430R	0.9888	pathogenic
P31751	V430S	0.9726	pathogenic
P31751	V430T	0.9281	pathogenic
P31751	V430W	0.9992	pathogenic
P31751	V430Y	0.9943	pathogenic
P31751	T431A	0.0816	benign
P31751	T431C	0.2546	benign
P31751	T431D	0.3606	ambiguous
P31751	T431E	0.3163	benign
P31751	T431F	0.2733	benign
P31751	T431G	0.171	benign
P31751	T431H	0.2505	benign
P31751	T431I	0.1846	benign
P31751	T431K	0.3052	benign
P31751	T431L	0.096	benign
P31751	T431M	0.0886	benign
P31751	T431N	0.1133	benign
P31751	T431P	0.37	ambiguous
P31751	T431Q	0.2187	benign
P31751	T431R	0.2812	benign
P31751	T431S	0.0818	benign
P31751	T431V	0.1271	benign
P31751	T431W	0.641	pathogenic
P31751	T431Y	0.3554	ambiguous
P31751	S432A	0.2679	benign
P31751	S432C	0.1885	benign
P31751	S432D	0.5515	ambiguous
P31751	S432E	0.9226	pathogenic
P31751	S432F	0.8427	pathogenic
P31751	S432G	0.1189	benign
P31751	S432H	0.7325	pathogenic
P31751	S432I	0.9103	pathogenic
P31751	S432K	0.9839	pathogenic
P31751	S432L	0.4737	ambiguous
P31751	S432M	0.6193	pathogenic
P31751	S432N	0.2354	benign
P31751	S432P	0.9835	pathogenic
P31751	S432Q	0.9221	pathogenic
P31751	S432R	0.9754	pathogenic
P31751	S432T	0.172	benign
P31751	S432V	0.8065	pathogenic
P31751	S432W	0.905	pathogenic
P31751	S432Y	0.7776	pathogenic
P31751	E433A	0.2526	benign
P31751	E433C	0.9268	pathogenic
P31751	E433D	0.1115	benign
P31751	E433F	0.9383	pathogenic
P31751	E433G	0.4434	ambiguous
P31751	E433H	0.7552	pathogenic
P31751	E433I	0.7363	pathogenic
P31751	E433K	0.5083	ambiguous
P31751	E433L	0.6803	pathogenic
P31751	E433M	0.7498	pathogenic
P31751	E433N	0.473	ambiguous
P31751	E433P	0.5074	ambiguous
P31751	E433Q	0.3574	ambiguous
P31751	E433R	0.6321	pathogenic
P31751	E433S	0.3557	ambiguous
P31751	E433T	0.4981	ambiguous
P31751	E433V	0.4933	ambiguous
P31751	E433W	0.9776	pathogenic
P31751	E433Y	0.8879	pathogenic
P31751	V434A	0.131	benign
P31751	V434C	0.5544	ambiguous
P31751	V434D	0.3592	ambiguous
P31751	V434E	0.279	benign
P31751	V434F	0.1537	benign
P31751	V434G	0.2126	benign
P31751	V434H	0.5211	ambiguous
P31751	V434I	0.0625	benign
P31751	V434K	0.4533	ambiguous
P31751	V434L	0.1282	benign
P31751	V434M	0.087	benign
P31751	V434N	0.2021	benign
P31751	V434P	0.7721	pathogenic
P31751	V434Q	0.3475	ambiguous
P31751	V434R	0.4167	ambiguous
P31751	V434S	0.1493	benign
P31751	V434T	0.0772	benign
P31751	V434W	0.6776	pathogenic
P31751	V434Y	0.4582	ambiguous
P31751	D435A	0.9932	pathogenic
P31751	D435C	0.9977	pathogenic
P31751	D435E	0.9877	pathogenic
P31751	D435F	0.9996	pathogenic
P31751	D435G	0.9936	pathogenic
P31751	D435H	0.998	pathogenic
P31751	D435I	0.9993	pathogenic
P31751	D435K	0.9993	pathogenic
P31751	D435L	0.9983	pathogenic
P31751	D435M	0.9996	pathogenic
P31751	D435N	0.9808	pathogenic
P31751	D435P	0.9991	pathogenic
P31751	D435Q	0.9986	pathogenic
P31751	D435R	0.9989	pathogenic
P31751	D435S	0.9863	pathogenic
P31751	D435T	0.9971	pathogenic
P31751	D435V	0.997	pathogenic
P31751	D435W	0.9999	pathogenic
P31751	D435Y	0.9959	pathogenic
P31751	T436A	0.5436	ambiguous
P31751	T436C	0.7874	pathogenic
P31751	T436D	0.9869	pathogenic
P31751	T436E	0.9873	pathogenic
P31751	T436F	0.9709	pathogenic
P31751	T436G	0.8899	pathogenic
P31751	T436H	0.9776	pathogenic
P31751	T436I	0.7667	pathogenic
P31751	T436K	0.9809	pathogenic
P31751	T436L	0.5932	pathogenic
P31751	T436M	0.6176	pathogenic
P31751	T436N	0.9085	pathogenic
P31751	T436P	0.8877	pathogenic
P31751	T436Q	0.9685	pathogenic
P31751	T436R	0.966	pathogenic
P31751	T436S	0.706	pathogenic
P31751	T436V	0.4199	ambiguous
P31751	T436W	0.9942	pathogenic
P31751	T436Y	0.9863	pathogenic
P31751	R437A	0.7952	pathogenic
P31751	R437C	0.48	ambiguous
P31751	R437D	0.9588	pathogenic
P31751	R437E	0.8513	pathogenic
P31751	R437F	0.9656	pathogenic
P31751	R437G	0.6869	pathogenic
P31751	R437H	0.3443	ambiguous
P31751	R437I	0.9055	pathogenic
P31751	R437K	0.3772	ambiguous
P31751	R437L	0.8202	pathogenic
P31751	R437M	0.8793	pathogenic
P31751	R437N	0.9155	pathogenic
P31751	R437P	0.9953	pathogenic
P31751	R437Q	0.2714	benign
P31751	R437S	0.7576	pathogenic
P31751	R437T	0.7525	pathogenic
P31751	R437V	0.9015	pathogenic
P31751	R437W	0.8016	pathogenic
P31751	R437Y	0.8837	pathogenic
P31751	Y438A	0.989	pathogenic
P31751	Y438C	0.8144	pathogenic
P31751	Y438D	0.989	pathogenic
P31751	Y438E	0.9979	pathogenic
P31751	Y438F	0.4251	ambiguous
P31751	Y438G	0.973	pathogenic
P31751	Y438H	0.9407	pathogenic
P31751	Y438I	0.9894	pathogenic
P31751	Y438K	0.9989	pathogenic
P31751	Y438L	0.9473	pathogenic
P31751	Y438M	0.9821	pathogenic
P31751	Y438N	0.6416	pathogenic
P31751	Y438P	0.9948	pathogenic
P31751	Y438Q	0.9949	pathogenic
P31751	Y438R	0.9949	pathogenic
P31751	Y438S	0.9398	pathogenic
P31751	Y438T	0.9912	pathogenic
P31751	Y438V	0.9716	pathogenic
P31751	Y438W	0.9118	pathogenic
P31751	F439A	0.9977	pathogenic
P31751	F439C	0.9968	pathogenic
P31751	F439D	0.9994	pathogenic
P31751	F439E	0.9991	pathogenic
P31751	F439G	0.999	pathogenic
P31751	F439H	0.9969	pathogenic
P31751	F439I	0.9732	pathogenic
P31751	F439K	0.9992	pathogenic
P31751	F439L	0.9994	pathogenic
P31751	F439M	0.9934	pathogenic
P31751	F439N	0.9986	pathogenic
P31751	F439P	0.9999	pathogenic
P31751	F439Q	0.9983	pathogenic
P31751	F439R	0.9954	pathogenic
P31751	F439S	0.9983	pathogenic
P31751	F439T	0.9977	pathogenic
P31751	F439V	0.9765	pathogenic
P31751	F439W	0.9793	pathogenic
P31751	F439Y	0.937	pathogenic
P31751	D440A	0.9237	pathogenic
P31751	D440C	0.9895	pathogenic
P31751	D440E	0.9055	pathogenic
P31751	D440F	0.9962	pathogenic
P31751	D440G	0.9701	pathogenic
P31751	D440H	0.9808	pathogenic
P31751	D440I	0.9962	pathogenic
P31751	D440K	0.996	pathogenic
P31751	D440L	0.9845	pathogenic
P31751	D440M	0.9973	pathogenic
P31751	D440N	0.9505	pathogenic
P31751	D440P	0.9865	pathogenic
P31751	D440Q	0.9883	pathogenic
P31751	D440R	0.99	pathogenic
P31751	D440S	0.8868	pathogenic
P31751	D440T	0.9822	pathogenic
P31751	D440V	0.9843	pathogenic
P31751	D440W	0.9978	pathogenic
P31751	D440Y	0.9817	pathogenic
P31751	D441A	0.2118	benign
P31751	D441C	0.6943	pathogenic
P31751	D441E	0.0822	benign
P31751	D441F	0.8017	pathogenic
P31751	D441G	0.2755	benign
P31751	D441H	0.4457	ambiguous
P31751	D441I	0.5143	ambiguous
P31751	D441K	0.4428	ambiguous
P31751	D441L	0.5091	ambiguous
P31751	D441M	0.6418	pathogenic
P31751	D441N	0.1689	benign
P31751	D441P	0.5697	pathogenic
P31751	D441Q	0.3248	benign
P31751	D441R	0.492	ambiguous
P31751	D441S	0.1605	benign
P31751	D441T	0.2755	benign
P31751	D441V	0.3087	benign
P31751	D441W	0.9322	pathogenic
P31751	D441Y	0.5009	ambiguous
P31751	E442A	0.78	pathogenic
P31751	E442C	0.9811	pathogenic
P31751	E442D	0.436	ambiguous
P31751	E442F	0.9841	pathogenic
P31751	E442G	0.8709	pathogenic
P31751	E442H	0.9597	pathogenic
P31751	E442I	0.9139	pathogenic
P31751	E442K	0.9055	pathogenic
P31751	E442L	0.9447	pathogenic
P31751	E442M	0.9372	pathogenic
P31751	E442N	0.8851	pathogenic
P31751	E442P	0.9907	pathogenic
P31751	E442Q	0.7481	pathogenic
P31751	E442R	0.8801	pathogenic
P31751	E442S	0.826	pathogenic
P31751	E442T	0.8087	pathogenic
P31751	E442V	0.8171	pathogenic
P31751	E442W	0.9964	pathogenic
P31751	E442Y	0.9712	pathogenic
P31751	F443A	0.9988	pathogenic
P31751	F443C	0.9985	pathogenic
P31751	F443D	0.9983	pathogenic
P31751	F443E	0.9984	pathogenic
P31751	F443G	0.9989	pathogenic
P31751	F443H	0.9969	pathogenic
P31751	F443I	0.997	pathogenic
P31751	F443K	0.9994	pathogenic
P31751	F443L	0.9998	pathogenic
P31751	F443M	0.9971	pathogenic
P31751	F443N	0.9966	pathogenic
P31751	F443P	1.0	pathogenic
P31751	F443Q	0.999	pathogenic
P31751	F443R	0.9984	pathogenic
P31751	F443S	0.9994	pathogenic
P31751	F443T	0.9993	pathogenic
P31751	F443V	0.9967	pathogenic
P31751	F443W	0.9868	pathogenic
P31751	F443Y	0.8784	pathogenic
P31751	T444A	0.8292	pathogenic
P31751	T444C	0.9536	pathogenic
P31751	T444D	0.9957	pathogenic
P31751	T444E	0.9899	pathogenic
P31751	T444F	0.9933	pathogenic
P31751	T444G	0.9556	pathogenic
P31751	T444H	0.9848	pathogenic
P31751	T444I	0.9288	pathogenic
P31751	T444K	0.9623	pathogenic
P31751	T444L	0.7316	pathogenic
P31751	T444M	0.7834	pathogenic
P31751	T444N	0.9683	pathogenic
P31751	T444P	0.9515	pathogenic
P31751	T444Q	0.9514	pathogenic
P31751	T444R	0.9434	pathogenic
P31751	T444S	0.8874	pathogenic
P31751	T444V	0.7707	pathogenic
P31751	T444W	0.9977	pathogenic
P31751	T444Y	0.9959	pathogenic
P31751	A445C	0.428	ambiguous
P31751	A445D	0.5747	pathogenic
P31751	A445E	0.4749	ambiguous
P31751	A445F	0.583	pathogenic
P31751	A445G	0.1049	benign
P31751	A445H	0.5642	pathogenic
P31751	A445I	0.5177	ambiguous
P31751	A445K	0.6452	pathogenic
P31751	A445L	0.2666	benign
P31751	A445M	0.3152	benign
P31751	A445N	0.3045	benign
P31751	A445P	0.9567	pathogenic
P31751	A445Q	0.3491	ambiguous
P31751	A445R	0.5134	ambiguous
P31751	A445S	0.085	benign
P31751	A445T	0.1399	benign
P31751	A445V	0.2586	benign
P31751	A445W	0.9037	pathogenic
P31751	A445Y	0.6816	pathogenic
P31751	Q446A	0.3574	ambiguous
P31751	Q446C	0.8213	pathogenic
P31751	Q446D	0.7827	pathogenic
P31751	Q446E	0.134	benign
P31751	Q446F	0.9425	pathogenic
P31751	Q446G	0.4959	ambiguous
P31751	Q446H	0.6339	pathogenic
P31751	Q446I	0.815	pathogenic
P31751	Q446K	0.3655	ambiguous
P31751	Q446L	0.3442	ambiguous
P31751	Q446M	0.5532	ambiguous
P31751	Q446N	0.6423	pathogenic
P31751	Q446P	0.831	pathogenic
P31751	Q446R	0.3543	ambiguous
P31751	Q446S	0.4636	ambiguous
P31751	Q446T	0.4715	ambiguous
P31751	Q446V	0.5656	pathogenic
P31751	Q446W	0.9476	pathogenic
P31751	Q446Y	0.8816	pathogenic
P31751	S447A	0.0775	benign
P31751	S447C	0.1184	benign
P31751	S447D	0.3354	benign
P31751	S447E	0.4459	ambiguous
P31751	S447F	0.3401	ambiguous
P31751	S447G	0.0943	benign
P31751	S447H	0.3326	benign
P31751	S447I	0.2545	benign
P31751	S447K	0.5944	pathogenic
P31751	S447L	0.1375	benign
P31751	S447M	0.1757	benign
P31751	S447N	0.107	benign
P31751	S447P	0.1191	benign
P31751	S447Q	0.4081	ambiguous
P31751	S447R	0.5678	pathogenic
P31751	S447T	0.0634	benign
P31751	S447V	0.1979	benign
P31751	S447W	0.4939	ambiguous
P31751	S447Y	0.2955	benign
P31751	I448A	0.8687	pathogenic
P31751	I448C	0.9386	pathogenic
P31751	I448D	0.9935	pathogenic
P31751	I448E	0.9869	pathogenic
P31751	I448F	0.7086	pathogenic
P31751	I448G	0.9829	pathogenic
P31751	I448H	0.9847	pathogenic
P31751	I448K	0.9801	pathogenic
P31751	I448L	0.3274	benign
P31751	I448M	0.4021	ambiguous
P31751	I448N	0.9479	pathogenic
P31751	I448P	0.8657	pathogenic
P31751	I448Q	0.9795	pathogenic
P31751	I448R	0.9655	pathogenic
P31751	I448S	0.928	pathogenic
P31751	I448T	0.9103	pathogenic
P31751	I448V	0.1128	benign
P31751	I448W	0.9874	pathogenic
P31751	I448Y	0.9651	pathogenic
P31751	T449A	0.0909	benign
P31751	T449C	0.2925	benign
P31751	T449D	0.4954	ambiguous
P31751	T449E	0.3684	ambiguous
P31751	T449F	0.3666	ambiguous
P31751	T449G	0.3175	benign
P31751	T449H	0.2657	benign
P31751	T449I	0.203	benign
P31751	T449K	0.3112	benign
P31751	T449L	0.1391	benign
P31751	T449M	0.111	benign
P31751	T449N	0.1602	benign
P31751	T449P	0.3954	ambiguous
P31751	T449Q	0.2341	benign
P31751	T449R	0.2537	benign
P31751	T449S	0.1204	benign
P31751	T449V	0.1298	benign
P31751	T449W	0.7303	pathogenic
P31751	T449Y	0.4459	ambiguous
P31751	I450A	0.6808	pathogenic
P31751	I450C	0.7795	pathogenic
P31751	I450D	0.9603	pathogenic
P31751	I450E	0.9314	pathogenic
P31751	I450F	0.3189	benign
P31751	I450G	0.9147	pathogenic
P31751	I450H	0.9046	pathogenic
P31751	I450K	0.9214	pathogenic
P31751	I450L	0.0907	benign
P31751	I450M	0.1751	benign
P31751	I450N	0.8311	pathogenic
P31751	I450P	0.8235	pathogenic
P31751	I450Q	0.8917	pathogenic
P31751	I450R	0.8759	pathogenic
P31751	I450S	0.8194	pathogenic
P31751	I450T	0.7261	pathogenic
P31751	I450V	0.0612	benign
P31751	I450W	0.9134	pathogenic
P31751	I450Y	0.784	pathogenic
P31751	T451A	0.8548	pathogenic
P31751	T451C	0.9805	pathogenic
P31751	T451D	0.9693	pathogenic
P31751	T451E	0.9701	pathogenic
P31751	T451F	0.9696	pathogenic
P31751	T451G	0.9239	pathogenic
P31751	T451H	0.9343	pathogenic
P31751	T451I	0.9722	pathogenic
P31751	T451K	0.9703	pathogenic
P31751	T451L	0.8595	pathogenic
P31751	T451M	0.8462	pathogenic
P31751	T451N	0.8912	pathogenic
P31751	T451P	0.8091	pathogenic
P31751	T451Q	0.9489	pathogenic
P31751	T451R	0.967	pathogenic
P31751	T451S	0.5496	ambiguous
P31751	T451V	0.9272	pathogenic
P31751	T451W	0.992	pathogenic
P31751	T451Y	0.9781	pathogenic
P31751	P452A	0.7378	pathogenic
P31751	P452C	0.9776	pathogenic
P31751	P452D	0.9854	pathogenic
P31751	P452E	0.9558	pathogenic
P31751	P452F	0.9913	pathogenic
P31751	P452G	0.9536	pathogenic
P31751	P452H	0.944	pathogenic
P31751	P452I	0.9678	pathogenic
P31751	P452K	0.9668	pathogenic
P31751	P452L	0.8604	pathogenic
P31751	P452M	0.9705	pathogenic
P31751	P452N	0.9805	pathogenic
P31751	P452Q	0.9314	pathogenic
P31751	P452R	0.9099	pathogenic
P31751	P452S	0.9101	pathogenic
P31751	P452T	0.9107	pathogenic
P31751	P452V	0.9168	pathogenic
P31751	P452W	0.9958	pathogenic
P31751	P452Y	0.9867	pathogenic
P31751	P453A	0.2817	benign
P31751	P453C	0.8623	pathogenic
P31751	P453D	0.887	pathogenic
P31751	P453E	0.7375	pathogenic
P31751	P453F	0.9518	pathogenic
P31751	P453G	0.7068	pathogenic
P31751	P453H	0.733	pathogenic
P31751	P453I	0.8562	pathogenic
P31751	P453K	0.8161	pathogenic
P31751	P453L	0.5838	pathogenic
P31751	P453M	0.8388	pathogenic
P31751	P453N	0.8552	pathogenic
P31751	P453Q	0.642	pathogenic
P31751	P453R	0.6443	pathogenic
P31751	P453S	0.5342	ambiguous
P31751	P453T	0.4777	ambiguous
P31751	P453V	0.6683	pathogenic
P31751	P453W	0.9661	pathogenic
P31751	P453Y	0.9357	pathogenic
P31751	D454A	0.1899	benign
P31751	D454C	0.5498	ambiguous
P31751	D454E	0.1205	benign
P31751	D454F	0.6505	pathogenic
P31751	D454G	0.1589	benign
P31751	D454H	0.365	ambiguous
P31751	D454I	0.4634	ambiguous
P31751	D454K	0.4695	ambiguous
P31751	D454L	0.4086	ambiguous
P31751	D454M	0.6333	pathogenic
P31751	D454N	0.1458	benign
P31751	D454P	0.4891	ambiguous
P31751	D454Q	0.3218	benign
P31751	D454R	0.4555	ambiguous
P31751	D454S	0.15	benign
P31751	D454T	0.2959	benign
P31751	D454V	0.2604	benign
P31751	D454W	0.8859	pathogenic
P31751	D454Y	0.3526	ambiguous
P31751	R455A	0.1651	benign
P31751	R455C	0.1232	benign
P31751	R455D	0.2294	benign
P31751	R455E	0.163	benign
P31751	R455F	0.3684	ambiguous
P31751	R455G	0.0948	benign
P31751	R455H	0.0864	benign
P31751	R455I	0.2038	benign
P31751	R455K	0.0774	benign
P31751	R455L	0.1654	benign
P31751	R455M	0.2108	benign
P31751	R455N	0.2326	benign
P31751	R455P	0.2029	benign
P31751	R455Q	0.0758	benign
P31751	R455S	0.1775	benign
P31751	R455T	0.1274	benign
P31751	R455V	0.2066	benign
P31751	R455W	0.1858	benign
P31751	R455Y	0.2587	benign
P31751	Y456A	0.1494	benign
P31751	Y456C	0.0656	benign
P31751	Y456D	0.0831	benign
P31751	Y456E	0.182	benign
P31751	Y456F	0.0854	benign
P31751	Y456G	0.1089	benign
P31751	Y456H	0.1195	benign
P31751	Y456I	0.2265	benign
P31751	Y456K	0.2676	benign
P31751	Y456L	0.2142	benign
P31751	Y456M	0.2897	benign
P31751	Y456N	0.0784	benign
P31751	Y456P	0.2117	benign
P31751	Y456Q	0.1855	benign
P31751	Y456R	0.1976	benign
P31751	Y456S	0.0826	benign
P31751	Y456T	0.139	benign
P31751	Y456V	0.1579	benign
P31751	Y456W	0.2333	benign
P31751	D457A	0.155	benign
P31751	D457C	0.3657	ambiguous
P31751	D457E	0.1159	benign
P31751	D457F	0.5063	ambiguous
P31751	D457G	0.113	benign
P31751	D457H	0.206	benign
P31751	D457I	0.3625	ambiguous
P31751	D457K	0.3348	benign
P31751	D457L	0.3508	ambiguous
P31751	D457M	0.5501	ambiguous
P31751	D457N	0.1026	benign
P31751	D457P	0.3624	ambiguous
P31751	D457Q	0.2298	benign
P31751	D457R	0.2947	benign
P31751	D457S	0.1028	benign
P31751	D457T	0.1969	benign
P31751	D457V	0.2239	benign
P31751	D457W	0.7822	pathogenic
P31751	D457Y	0.2488	benign
P31751	S458A	0.0716	benign
P31751	S458C	0.072	benign
P31751	S458D	0.1268	benign
P31751	S458E	0.1947	benign
P31751	S458F	0.1704	benign
P31751	S458G	0.0643	benign
P31751	S458H	0.1346	benign
P31751	S458I	0.131	benign
P31751	S458K	0.2744	benign
P31751	S458L	0.1213	benign
P31751	S458M	0.1716	benign
P31751	S458N	0.0747	benign
P31751	S458P	0.0987	benign
P31751	S458Q	0.2089	benign
P31751	S458R	0.2305	benign
P31751	S458T	0.0661	benign
P31751	S458V	0.116	benign
P31751	S458W	0.2534	benign
P31751	S458Y	0.1332	benign
P31751	L459A	0.0728	benign
P31751	L459C	0.1919	benign
P31751	L459D	0.171	benign
P31751	L459E	0.1139	benign
P31751	L459F	0.0817	benign
P31751	L459G	0.1268	benign
P31751	L459H	0.091	benign
P31751	L459I	0.0793	benign
P31751	L459K	0.1193	benign
P31751	L459M	0.0749	benign
P31751	L459N	0.1238	benign
P31751	L459P	0.0745	benign
P31751	L459Q	0.0686	benign
P31751	L459R	0.0893	benign
P31751	L459S	0.0765	benign
P31751	L459T	0.0808	benign
P31751	L459V	0.0659	benign
P31751	L459W	0.1273	benign
P31751	L459Y	0.1614	benign
P31751	G460A	0.1029	benign
P31751	G460C	0.13	benign
P31751	G460D	0.0871	benign
P31751	G460E	0.1142	benign
P31751	G460F	0.3925	ambiguous
P31751	G460H	0.215	benign
P31751	G460I	0.2423	benign
P31751	G460K	0.3612	ambiguous
P31751	G460L	0.2628	benign
P31751	G460M	0.3608	ambiguous
P31751	G460N	0.1439	benign
P31751	G460P	0.2566	benign
P31751	G460Q	0.2018	benign
P31751	G460R	0.2693	benign
P31751	G460S	0.0823	benign
P31751	G460T	0.122	benign
P31751	G460V	0.1492	benign
P31751	G460W	0.3449	ambiguous
P31751	G460Y	0.2733	benign
P31751	L461A	0.0547	benign
P31751	L461C	0.1024	benign
P31751	L461D	0.1286	benign
P31751	L461E	0.1188	benign
P31751	L461F	0.0662	benign
P31751	L461G	0.091	benign
P31751	L461H	0.0847	benign
P31751	L461I	0.0736	benign
P31751	L461K	0.1317	benign
P31751	L461M	0.0724	benign
P31751	L461N	0.0789	benign
P31751	L461P	0.0605	benign
P31751	L461Q	0.0827	benign
P31751	L461R	0.1084	benign
P31751	L461S	0.0524	benign
P31751	L461T	0.0577	benign
P31751	L461V	0.063	benign
P31751	L461W	0.1188	benign
P31751	L461Y	0.1091	benign
P31751	L462A	0.066	benign
P31751	L462C	0.1837	benign
P31751	L462D	0.1415	benign
P31751	L462E	0.0868	benign
P31751	L462F	0.0802	benign
P31751	L462G	0.1159	benign
P31751	L462H	0.0811	benign
P31751	L462I	0.0828	benign
P31751	L462K	0.0993	benign
P31751	L462M	0.0735	benign
P31751	L462N	0.1101	benign
P31751	L462P	0.0611	benign
P31751	L462Q	0.0562	benign
P31751	L462R	0.0799	benign
P31751	L462S	0.0716	benign
P31751	L462T	0.0707	benign
P31751	L462V	0.0656	benign
P31751	L462W	0.109	benign
P31751	L462Y	0.1567	benign
P31751	E463A	0.1415	benign
P31751	E463C	0.5357	ambiguous
P31751	E463D	0.0512	benign
P31751	E463F	0.5974	pathogenic
P31751	E463G	0.1078	benign
P31751	E463H	0.2646	benign
P31751	E463I	0.4152	ambiguous
P31751	E463K	0.255	benign
P31751	E463L	0.3383	benign
P31751	E463M	0.4801	ambiguous
P31751	E463N	0.1482	benign
P31751	E463P	0.2447	benign
P31751	E463Q	0.1267	benign
P31751	E463R	0.2846	benign
P31751	E463S	0.1282	benign
P31751	E463T	0.2007	benign
P31751	E463V	0.2463	benign
P31751	E463W	0.7788	pathogenic
P31751	E463Y	0.4415	ambiguous
P31751	L464A	0.0574	benign
P31751	L464C	0.1687	benign
P31751	L464D	0.1283	benign
P31751	L464E	0.0927	benign
P31751	L464F	0.0827	benign
P31751	L464G	0.1014	benign
P31751	L464H	0.0786	benign
P31751	L464I	0.0756	benign
P31751	L464K	0.0921	benign
P31751	L464M	0.0619	benign
P31751	L464N	0.0767	benign
P31751	L464P	0.0548	benign
P31751	L464Q	0.058	benign
P31751	L464R	0.079	benign
P31751	L464S	0.0649	benign
P31751	L464T	0.0584	benign
P31751	L464V	0.0597	benign
P31751	L464W	0.1202	benign
P31751	L464Y	0.1375	benign
P31751	D465A	0.1963	benign
P31751	D465C	0.4769	ambiguous
P31751	D465E	0.1055	benign
P31751	D465F	0.6011	pathogenic
P31751	D465G	0.137	benign
P31751	D465H	0.2433	benign
P31751	D465I	0.4628	ambiguous
P31751	D465K	0.4068	ambiguous
P31751	D465L	0.4129	ambiguous
P31751	D465M	0.6328	pathogenic
P31751	D465N	0.1192	benign
P31751	D465P	0.3321	benign
P31751	D465Q	0.2374	benign
P31751	D465R	0.3729	ambiguous
P31751	D465S	0.1331	benign
P31751	D465T	0.2591	benign
P31751	D465V	0.2963	benign
P31751	D465W	0.82	pathogenic
P31751	D465Y	0.3089	benign
P31751	Q466A	0.1544	benign
P31751	Q466C	0.4412	ambiguous
P31751	Q466D	0.1639	benign
P31751	Q466E	0.0675	benign
P31751	Q466F	0.6243	pathogenic
P31751	Q466G	0.1427	benign
P31751	Q466H	0.1317	benign
P31751	Q466I	0.413	ambiguous
P31751	Q466K	0.0997	benign
P31751	Q466L	0.1655	benign
P31751	Q466M	0.3866	ambiguous
P31751	Q466N	0.1696	benign
P31751	Q466P	0.074	benign
P31751	Q466R	0.0922	benign
P31751	Q466S	0.138	benign
P31751	Q466T	0.1508	benign
P31751	Q466V	0.254	benign
P31751	Q466W	0.4973	ambiguous
P31751	Q466Y	0.3779	ambiguous
P31751	R467A	0.2378	benign
P31751	R467C	0.1585	benign
P31751	R467D	0.3182	benign
P31751	R467E	0.1752	benign
P31751	R467F	0.5299	ambiguous
P31751	R467G	0.1316	benign
P31751	R467H	0.1034	benign
P31751	R467I	0.2984	benign
P31751	R467K	0.0879	benign
P31751	R467L	0.2291	benign
P31751	R467M	0.2775	benign
P31751	R467N	0.3286	benign
P31751	R467P	0.1772	benign
P31751	R467Q	0.079	benign
P31751	R467S	0.2875	benign
P31751	R467T	0.1854	benign
P31751	R467V	0.2805	benign
P31751	R467W	0.2474	benign
P31751	R467Y	0.3485	ambiguous
P31751	T468A	0.0713	benign
P31751	T468C	0.2409	benign
P31751	T468D	0.243	benign
P31751	T468E	0.2093	benign
P31751	T468F	0.2935	benign
P31751	T468G	0.1338	benign
P31751	T468H	0.1879	benign
P31751	T468I	0.2136	benign
P31751	T468K	0.2243	benign
P31751	T468L	0.1217	benign
P31751	T468M	0.1157	benign
P31751	T468N	0.0937	benign
P31751	T468P	0.066	benign
P31751	T468Q	0.1629	benign
P31751	T468R	0.1794	benign
P31751	T468S	0.0887	benign
P31751	T468V	0.1517	benign
P31751	T468W	0.5183	ambiguous
P31751	T468Y	0.2959	benign
P31751	H469A	0.3858	ambiguous
P31751	H469C	0.264	benign
P31751	H469D	0.4997	ambiguous
P31751	H469E	0.5829	pathogenic
P31751	H469F	0.4734	ambiguous
P31751	H469G	0.514	ambiguous
P31751	H469I	0.5197	ambiguous
P31751	H469K	0.6404	pathogenic
P31751	H469L	0.2325	benign
P31751	H469M	0.6644	pathogenic
P31751	H469N	0.2128	benign
P31751	H469P	0.166	benign
P31751	H469Q	0.4139	ambiguous
P31751	H469R	0.2937	benign
P31751	H469S	0.3511	ambiguous
P31751	H469T	0.4834	ambiguous
P31751	H469V	0.384	ambiguous
P31751	H469W	0.5859	pathogenic
P31751	H469Y	0.1728	benign
P31751	F470A	0.996	pathogenic
P31751	F470C	0.9973	pathogenic
P31751	F470D	0.9975	pathogenic
P31751	F470E	0.9967	pathogenic
P31751	F470G	0.9965	pathogenic
P31751	F470H	0.9925	pathogenic
P31751	F470I	0.983	pathogenic
P31751	F470K	0.9978	pathogenic
P31751	F470L	0.998	pathogenic
P31751	F470M	0.9945	pathogenic
P31751	F470N	0.9957	pathogenic
P31751	F470P	0.9991	pathogenic
P31751	F470Q	0.9959	pathogenic
P31751	F470R	0.9932	pathogenic
P31751	F470S	0.9961	pathogenic
P31751	F470T	0.9973	pathogenic
P31751	F470V	0.9885	pathogenic
P31751	F470W	0.9758	pathogenic
P31751	F470Y	0.9227	pathogenic
P31751	P471A	0.2214	benign
P31751	P471C	0.7515	pathogenic
P31751	P471D	0.7221	pathogenic
P31751	P471E	0.4514	ambiguous
P31751	P471F	0.8984	pathogenic
P31751	P471G	0.5018	ambiguous
P31751	P471H	0.3966	ambiguous
P31751	P471I	0.8151	pathogenic
P31751	P471K	0.5914	pathogenic
P31751	P471L	0.4483	ambiguous
P31751	P471M	0.7698	pathogenic
P31751	P471N	0.6192	pathogenic
P31751	P471Q	0.2706	benign
P31751	P471R	0.3634	ambiguous
P31751	P471S	0.2521	benign
P31751	P471T	0.3113	benign
P31751	P471V	0.6288	pathogenic
P31751	P471W	0.9013	pathogenic
P31751	P471Y	0.8388	pathogenic
P31751	Q472A	0.3084	benign
P31751	Q472C	0.8834	pathogenic
P31751	Q472D	0.5994	pathogenic
P31751	Q472E	0.1735	benign
P31751	Q472F	0.9113	pathogenic
P31751	Q472G	0.3694	ambiguous
P31751	Q472H	0.5632	ambiguous
P31751	Q472I	0.7969	pathogenic
P31751	Q472K	0.3228	benign
P31751	Q472L	0.3955	ambiguous
P31751	Q472M	0.6552	pathogenic
P31751	Q472N	0.4859	ambiguous
P31751	Q472P	0.2997	benign
P31751	Q472R	0.3148	benign
P31751	Q472S	0.3434	ambiguous
P31751	Q472T	0.4533	ambiguous
P31751	Q472V	0.5991	pathogenic
P31751	Q472W	0.929	pathogenic
P31751	Q472Y	0.8272	pathogenic
P31751	F473A	0.9974	pathogenic
P31751	F473C	0.9985	pathogenic
P31751	F473D	0.9981	pathogenic
P31751	F473E	0.9975	pathogenic
P31751	F473G	0.9966	pathogenic
P31751	F473H	0.9969	pathogenic
P31751	F473I	0.9926	pathogenic
P31751	F473K	0.9986	pathogenic
P31751	F473L	0.9995	pathogenic
P31751	F473M	0.9961	pathogenic
P31751	F473N	0.9967	pathogenic
P31751	F473P	0.9998	pathogenic
P31751	F473Q	0.998	pathogenic
P31751	F473R	0.9965	pathogenic
P31751	F473S	0.9986	pathogenic
P31751	F473T	0.9987	pathogenic
P31751	F473V	0.992	pathogenic
P31751	F473W	0.9799	pathogenic
P31751	F473Y	0.8892	pathogenic
P31751	S474A	0.5926	pathogenic
P31751	S474C	0.757	pathogenic
P31751	S474D	0.9547	pathogenic
P31751	S474E	0.978	pathogenic
P31751	S474F	0.9673	pathogenic
P31751	S474G	0.6898	pathogenic
P31751	S474H	0.9282	pathogenic
P31751	S474I	0.9719	pathogenic
P31751	S474K	0.9963	pathogenic
P31751	S474L	0.9108	pathogenic
P31751	S474M	0.9601	pathogenic
P31751	S474N	0.8795	pathogenic
P31751	S474P	0.9788	pathogenic
P31751	S474Q	0.9573	pathogenic
P31751	S474R	0.9884	pathogenic
P31751	S474T	0.4146	ambiguous
P31751	S474V	0.9514	pathogenic
P31751	S474W	0.9677	pathogenic
P31751	S474Y	0.9355	pathogenic
P31751	Y475A	0.9852	pathogenic
P31751	Y475C	0.8676	pathogenic
P31751	Y475D	0.9917	pathogenic
P31751	Y475E	0.9972	pathogenic
P31751	Y475F	0.1739	benign
P31751	Y475G	0.9694	pathogenic
P31751	Y475H	0.9461	pathogenic
P31751	Y475I	0.9816	pathogenic
P31751	Y475K	0.9957	pathogenic
P31751	Y475L	0.9607	pathogenic
P31751	Y475M	0.9882	pathogenic
P31751	Y475N	0.9753	pathogenic
P31751	Y475P	0.996	pathogenic
P31751	Y475Q	0.9951	pathogenic
P31751	Y475R	0.9824	pathogenic
P31751	Y475S	0.9546	pathogenic
P31751	Y475T	0.9877	pathogenic
P31751	Y475V	0.9431	pathogenic
P31751	Y475W	0.7358	pathogenic
P31751	S476A	0.1361	benign
P31751	S476C	0.1587	benign
P31751	S476D	0.8418	pathogenic
P31751	S476E	0.7972	pathogenic
P31751	S476F	0.522	ambiguous
P31751	S476G	0.2753	benign
P31751	S476H	0.5906	pathogenic
P31751	S476I	0.4996	ambiguous
P31751	S476K	0.9259	pathogenic
P31751	S476L	0.3029	benign
P31751	S476M	0.4525	ambiguous
P31751	S476N	0.4866	ambiguous
P31751	S476P	0.8792	pathogenic
P31751	S476Q	0.6795	pathogenic
P31751	S476R	0.8626	pathogenic
P31751	S476T	0.173	benign
P31751	S476V	0.3783	ambiguous
P31751	S476W	0.6724	pathogenic
P31751	S476Y	0.5073	ambiguous
P31751	A477C	0.7791	pathogenic
P31751	A477D	0.8551	pathogenic
P31751	A477E	0.8344	pathogenic
P31751	A477F	0.7942	pathogenic
P31751	A477G	0.3348	benign
P31751	A477H	0.8547	pathogenic
P31751	A477I	0.8946	pathogenic
P31751	A477K	0.9306	pathogenic
P31751	A477L	0.6887	pathogenic
P31751	A477M	0.8451	pathogenic
P31751	A477N	0.7474	pathogenic
P31751	A477P	0.6962	pathogenic
P31751	A477Q	0.7633	pathogenic
P31751	A477R	0.8002	pathogenic
P31751	A477S	0.2008	benign
P31751	A477T	0.5411	ambiguous
P31751	A477V	0.6979	pathogenic
P31751	A477W	0.9653	pathogenic
P31751	A477Y	0.8667	pathogenic
P31751	S478A	0.1916	benign
P31751	S478C	0.3682	ambiguous
P31751	S478D	0.68	pathogenic
P31751	S478E	0.7346	pathogenic
P31751	S478F	0.719	pathogenic
P31751	S478G	0.2127	benign
P31751	S478H	0.7385	pathogenic
P31751	S478I	0.7272	pathogenic
P31751	S478K	0.9289	pathogenic
P31751	S478L	0.5714	pathogenic
P31751	S478M	0.6606	pathogenic
P31751	S478N	0.519	ambiguous
P31751	S478P	0.6138	pathogenic
P31751	S478Q	0.7635	pathogenic
P31751	S478R	0.8707	pathogenic
P31751	S478T	0.2498	benign
P31751	S478V	0.5892	pathogenic
P31751	S478W	0.7725	pathogenic
P31751	S478Y	0.6701	pathogenic
P31751	I479A	0.2555	benign
P31751	I479C	0.4734	ambiguous
P31751	I479D	0.561	ambiguous
P31751	I479E	0.5057	ambiguous
P31751	I479F	0.1539	benign
P31751	I479G	0.3128	benign
P31751	I479H	0.4685	ambiguous
P31751	I479K	0.4852	ambiguous
P31751	I479L	0.1121	benign
P31751	I479M	0.1323	benign
P31751	I479N	0.2856	benign
P31751	I479P	0.4104	ambiguous
P31751	I479Q	0.3816	ambiguous
P31751	I479R	0.3463	ambiguous
P31751	I479S	0.2333	benign
P31751	I479T	0.3097	benign
P31751	I479V	0.079	benign
P31751	I479W	0.6481	pathogenic
P31751	I479Y	0.4571	ambiguous
P31751	R480A	0.4427	ambiguous
P31751	R480C	0.4043	ambiguous
P31751	R480D	0.6042	pathogenic
P31751	R480E	0.3241	benign
P31751	R480F	0.6903	pathogenic
P31751	R480G	0.2678	benign
P31751	R480H	0.2365	benign
P31751	R480I	0.5178	ambiguous
P31751	R480K	0.1418	benign
P31751	R480L	0.3732	ambiguous
P31751	R480M	0.5064	ambiguous
P31751	R480N	0.6332	pathogenic
P31751	R480P	0.484	ambiguous
P31751	R480Q	0.1523	benign
P31751	R480S	0.5464	ambiguous
P31751	R480T	0.3613	ambiguous
P31751	R480V	0.5317	ambiguous
P31751	R480W	0.3831	ambiguous
P31751	R480Y	0.6114	pathogenic
P31751	E481A	0.3479	ambiguous
P31751	E481C	0.8528	pathogenic
P31751	E481D	0.1044	benign
P31751	E481F	0.8666	pathogenic
P31751	E481G	0.2696	benign
P31751	E481H	0.548	ambiguous
P31751	E481I	0.705	pathogenic
P31751	E481K	0.3832	ambiguous
P31751	E481L	0.6576	pathogenic
P31751	E481M	0.7464	pathogenic
P31751	E481N	0.3265	benign
P31751	E481P	0.5339	ambiguous
P31751	E481Q	0.1942	benign
P31751	E481R	0.419	ambiguous
P31751	E481S	0.2754	benign
P31751	E481T	0.4301	ambiguous
P31751	E481V	0.4964	ambiguous
P31751	E481W	0.92	pathogenic
P31751	E481Y	0.7099	pathogenic
