P31749	M1A	0.481	ambiguous
P31749	M1C	0.3702	ambiguous
P31749	M1D	0.8294	pathogenic
P31749	M1E	0.68	pathogenic
P31749	M1F	0.236	benign
P31749	M1G	0.6042	pathogenic
P31749	M1H	0.6259	pathogenic
P31749	M1I	0.4236	ambiguous
P31749	M1K	0.5007	ambiguous
P31749	M1L	0.1619	benign
P31749	M1N	0.6098	pathogenic
P31749	M1P	0.6546	pathogenic
P31749	M1Q	0.3585	ambiguous
P31749	M1R	0.472	ambiguous
P31749	M1S	0.4688	ambiguous
P31749	M1T	0.4629	ambiguous
P31749	M1V	0.0991	benign
P31749	M1W	0.6303	pathogenic
P31749	M1Y	0.551	ambiguous
P31749	S2A	0.0883	benign
P31749	S2C	0.1062	benign
P31749	S2D	0.1511	benign
P31749	S2E	0.2306	benign
P31749	S2F	0.2954	benign
P31749	S2G	0.0706	benign
P31749	S2H	0.1977	benign
P31749	S2I	0.2329	benign
P31749	S2K	0.3206	benign
P31749	S2L	0.1872	benign
P31749	S2M	0.2381	benign
P31749	S2N	0.0619	benign
P31749	S2P	0.1421	benign
P31749	S2Q	0.2509	benign
P31749	S2R	0.2975	benign
P31749	S2T	0.074	benign
P31749	S2V	0.2223	benign
P31749	S2W	0.3909	ambiguous
P31749	S2Y	0.213	benign
P31749	D3A	0.1429	benign
P31749	D3C	0.4967	ambiguous
P31749	D3E	0.0837	benign
P31749	D3F	0.5688	pathogenic
P31749	D3G	0.1266	benign
P31749	D3H	0.2308	benign
P31749	D3I	0.4264	ambiguous
P31749	D3K	0.3296	benign
P31749	D3L	0.4102	ambiguous
P31749	D3M	0.6202	pathogenic
P31749	D3N	0.11	benign
P31749	D3P	0.3743	ambiguous
P31749	D3Q	0.2281	benign
P31749	D3R	0.3278	benign
P31749	D3S	0.115	benign
P31749	D3T	0.1914	benign
P31749	D3V	0.2513	benign
P31749	D3W	0.8067	pathogenic
P31749	D3Y	0.2831	benign
P31749	V4A	0.0935	benign
P31749	V4C	0.4654	ambiguous
P31749	V4D	0.1547	benign
P31749	V4E	0.1576	benign
P31749	V4F	0.1386	benign
P31749	V4G	0.0951	benign
P31749	V4H	0.3938	ambiguous
P31749	V4I	0.0933	benign
P31749	V4K	0.3004	benign
P31749	V4L	0.1547	benign
P31749	V4M	0.1989	benign
P31749	V4N	0.1753	benign
P31749	V4P	0.2574	benign
P31749	V4Q	0.2261	benign
P31749	V4R	0.2485	benign
P31749	V4S	0.1323	benign
P31749	V4T	0.128	benign
P31749	V4W	0.6669	pathogenic
P31749	V4Y	0.3729	ambiguous
P31749	A5C	0.2501	benign
P31749	A5D	0.1463	benign
P31749	A5E	0.1444	benign
P31749	A5F	0.2184	benign
P31749	A5G	0.1017	benign
P31749	A5H	0.2452	benign
P31749	A5I	0.1566	benign
P31749	A5K	0.2565	benign
P31749	A5L	0.142	benign
P31749	A5M	0.1934	benign
P31749	A5N	0.1272	benign
P31749	A5P	0.1539	benign
P31749	A5Q	0.1707	benign
P31749	A5R	0.231	benign
P31749	A5S	0.075	benign
P31749	A5T	0.0701	benign
P31749	A5V	0.0939	benign
P31749	A5W	0.5411	ambiguous
P31749	A5Y	0.2959	benign
P31749	I6A	0.3238	benign
P31749	I6C	0.7756	pathogenic
P31749	I6D	0.8598	pathogenic
P31749	I6E	0.7677	pathogenic
P31749	I6F	0.3	benign
P31749	I6G	0.7501	pathogenic
P31749	I6H	0.8319	pathogenic
P31749	I6K	0.7328	pathogenic
P31749	I6L	0.181	benign
P31749	I6M	0.245	benign
P31749	I6N	0.6922	pathogenic
P31749	I6P	0.5839	pathogenic
P31749	I6Q	0.7809	pathogenic
P31749	I6R	0.6273	pathogenic
P31749	I6S	0.5163	ambiguous
P31749	I6T	0.2146	benign
P31749	I6V	0.0531	benign
P31749	I6W	0.8797	pathogenic
P31749	I6Y	0.7355	pathogenic
P31749	V7A	0.757	pathogenic
P31749	V7C	0.8936	pathogenic
P31749	V7D	0.9775	pathogenic
P31749	V7E	0.8691	pathogenic
P31749	V7F	0.6051	pathogenic
P31749	V7G	0.8718	pathogenic
P31749	V7H	0.949	pathogenic
P31749	V7I	0.1055	benign
P31749	V7K	0.8449	pathogenic
P31749	V7L	0.4676	ambiguous
P31749	V7M	0.6975	pathogenic
P31749	V7N	0.9609	pathogenic
P31749	V7P	0.981	pathogenic
P31749	V7Q	0.8187	pathogenic
P31749	V7R	0.7681	pathogenic
P31749	V7S	0.877	pathogenic
P31749	V7T	0.7579	pathogenic
P31749	V7W	0.9688	pathogenic
P31749	V7Y	0.9071	pathogenic
P31749	K8A	0.9172	pathogenic
P31749	K8C	0.9161	pathogenic
P31749	K8D	0.9911	pathogenic
P31749	K8E	0.8951	pathogenic
P31749	K8F	0.9626	pathogenic
P31749	K8G	0.9498	pathogenic
P31749	K8H	0.7801	pathogenic
P31749	K8I	0.916	pathogenic
P31749	K8L	0.8645	pathogenic
P31749	K8M	0.8748	pathogenic
P31749	K8N	0.9845	pathogenic
P31749	K8P	0.996	pathogenic
P31749	K8Q	0.7047	pathogenic
P31749	K8R	0.1127	benign
P31749	K8S	0.973	pathogenic
P31749	K8T	0.9174	pathogenic
P31749	K8V	0.8554	pathogenic
P31749	K8W	0.9641	pathogenic
P31749	K8Y	0.9113	pathogenic
P31749	E9A	0.4642	ambiguous
P31749	E9C	0.9555	pathogenic
P31749	E9D	0.828	pathogenic
P31749	E9F	0.9875	pathogenic
P31749	E9G	0.7531	pathogenic
P31749	E9H	0.9434	pathogenic
P31749	E9I	0.8948	pathogenic
P31749	E9K	0.8405	pathogenic
P31749	E9L	0.9664	pathogenic
P31749	E9M	0.9351	pathogenic
P31749	E9N	0.9428	pathogenic
P31749	E9P	0.9973	pathogenic
P31749	E9Q	0.407	ambiguous
P31749	E9R	0.8554	pathogenic
P31749	E9S	0.6649	pathogenic
P31749	E9T	0.6746	pathogenic
P31749	E9V	0.6657	pathogenic
P31749	E9W	0.995	pathogenic
P31749	E9Y	0.9737	pathogenic
P31749	G10A	0.9642	pathogenic
P31749	G10C	0.9977	pathogenic
P31749	G10D	0.9956	pathogenic
P31749	G10E	0.9981	pathogenic
P31749	G10F	0.9989	pathogenic
P31749	G10H	0.9998	pathogenic
P31749	G10I	0.999	pathogenic
P31749	G10K	0.9996	pathogenic
P31749	G10L	0.9989	pathogenic
P31749	G10M	0.9995	pathogenic
P31749	G10N	0.9986	pathogenic
P31749	G10P	0.9999	pathogenic
P31749	G10Q	0.9992	pathogenic
P31749	G10R	0.9992	pathogenic
P31749	G10S	0.9854	pathogenic
P31749	G10T	0.9963	pathogenic
P31749	G10V	0.998	pathogenic
P31749	G10W	0.9993	pathogenic
P31749	G10Y	0.9989	pathogenic
P31749	W11A	0.966	pathogenic
P31749	W11C	0.9886	pathogenic
P31749	W11D	0.9913	pathogenic
P31749	W11E	0.991	pathogenic
P31749	W11F	0.4214	ambiguous
P31749	W11G	0.9327	pathogenic
P31749	W11H	0.9793	pathogenic
P31749	W11I	0.9423	pathogenic
P31749	W11K	0.9956	pathogenic
P31749	W11L	0.8737	pathogenic
P31749	W11M	0.9577	pathogenic
P31749	W11N	0.99	pathogenic
P31749	W11P	0.9753	pathogenic
P31749	W11Q	0.9955	pathogenic
P31749	W11R	0.9939	pathogenic
P31749	W11S	0.971	pathogenic
P31749	W11T	0.9709	pathogenic
P31749	W11V	0.9272	pathogenic
P31749	W11Y	0.7154	pathogenic
P31749	L12A	0.9581	pathogenic
P31749	L12C	0.9483	pathogenic
P31749	L12D	0.9997	pathogenic
P31749	L12E	0.9983	pathogenic
P31749	L12F	0.9923	pathogenic
P31749	L12G	0.9838	pathogenic
P31749	L12H	0.9991	pathogenic
P31749	L12I	0.4083	ambiguous
P31749	L12K	0.9969	pathogenic
P31749	L12M	0.8868	pathogenic
P31749	L12N	0.9979	pathogenic
P31749	L12P	0.9993	pathogenic
P31749	L12Q	0.997	pathogenic
P31749	L12R	0.9925	pathogenic
P31749	L12S	0.9978	pathogenic
P31749	L12T	0.9803	pathogenic
P31749	L12V	0.199	benign
P31749	L12W	0.9991	pathogenic
P31749	L12Y	0.9986	pathogenic
P31749	H13A	0.6231	pathogenic
P31749	H13C	0.288	benign
P31749	H13D	0.7918	pathogenic
P31749	H13E	0.6518	pathogenic
P31749	H13F	0.2553	benign
P31749	H13G	0.7183	pathogenic
P31749	H13I	0.725	pathogenic
P31749	H13K	0.6832	pathogenic
P31749	H13L	0.1937	benign
P31749	H13M	0.555	ambiguous
P31749	H13N	0.2727	benign
P31749	H13P	0.9473	pathogenic
P31749	H13Q	0.262	benign
P31749	H13R	0.4488	ambiguous
P31749	H13S	0.4895	ambiguous
P31749	H13T	0.7385	pathogenic
P31749	H13V	0.6227	pathogenic
P31749	H13W	0.3934	ambiguous
P31749	H13Y	0.1243	benign
P31749	K14A	0.9986	pathogenic
P31749	K14C	0.9989	pathogenic
P31749	K14D	0.9996	pathogenic
P31749	K14E	0.999	pathogenic
P31749	K14F	0.9996	pathogenic
P31749	K14G	0.9962	pathogenic
P31749	K14H	0.9966	pathogenic
P31749	K14I	0.9984	pathogenic
P31749	K14L	0.9983	pathogenic
P31749	K14M	0.9989	pathogenic
P31749	K14N	0.9998	pathogenic
P31749	K14P	0.9984	pathogenic
P31749	K14Q	0.9977	pathogenic
P31749	K14R	0.8666	pathogenic
P31749	K14S	0.9994	pathogenic
P31749	K14T	0.9971	pathogenic
P31749	K14V	0.9972	pathogenic
P31749	K14W	0.9995	pathogenic
P31749	K14Y	0.998	pathogenic
P31749	R15A	0.9957	pathogenic
P31749	R15C	0.9964	pathogenic
P31749	R15D	0.9987	pathogenic
P31749	R15E	0.9905	pathogenic
P31749	R15F	0.9993	pathogenic
P31749	R15G	0.9931	pathogenic
P31749	R15H	0.9919	pathogenic
P31749	R15I	0.9976	pathogenic
P31749	R15K	0.8483	pathogenic
P31749	R15L	0.9938	pathogenic
P31749	R15M	0.9988	pathogenic
P31749	R15N	0.9993	pathogenic
P31749	R15P	0.9992	pathogenic
P31749	R15Q	0.9688	pathogenic
P31749	R15S	0.9992	pathogenic
P31749	R15T	0.9989	pathogenic
P31749	R15V	0.9964	pathogenic
P31749	R15W	0.9958	pathogenic
P31749	R15Y	0.9968	pathogenic
P31749	G16A	0.9946	pathogenic
P31749	G16C	0.9992	pathogenic
P31749	G16D	0.9994	pathogenic
P31749	G16E	0.9994	pathogenic
P31749	G16F	0.9994	pathogenic
P31749	G16H	1.0	pathogenic
P31749	G16I	0.9995	pathogenic
P31749	G16K	0.9997	pathogenic
P31749	G16L	0.9994	pathogenic
P31749	G16M	0.9998	pathogenic
P31749	G16N	0.9998	pathogenic
P31749	G16P	0.9997	pathogenic
P31749	G16Q	0.9997	pathogenic
P31749	G16R	0.9993	pathogenic
P31749	G16S	0.9981	pathogenic
P31749	G16T	0.9988	pathogenic
P31749	G16V	0.9988	pathogenic
P31749	G16W	0.9988	pathogenic
P31749	G16Y	0.9995	pathogenic
P31749	E17A	0.9949	pathogenic
P31749	E17C	0.9994	pathogenic
P31749	E17D	0.9917	pathogenic
P31749	E17F	0.9995	pathogenic
P31749	E17G	0.993	pathogenic
P31749	E17H	0.9994	pathogenic
P31749	E17I	0.999	pathogenic
P31749	E17K	0.9977	pathogenic
P31749	E17L	0.9996	pathogenic
P31749	E17M	0.9993	pathogenic
P31749	E17N	0.9977	pathogenic
P31749	E17P	0.9978	pathogenic
P31749	E17Q	0.991	pathogenic
P31749	E17R	0.9953	pathogenic
P31749	E17S	0.9959	pathogenic
P31749	E17T	0.9986	pathogenic
P31749	E17V	0.9981	pathogenic
P31749	E17W	0.9998	pathogenic
P31749	E17Y	0.9993	pathogenic
P31749	Y18A	0.9945	pathogenic
P31749	Y18C	0.9848	pathogenic
P31749	Y18D	0.9889	pathogenic
P31749	Y18E	0.9984	pathogenic
P31749	Y18F	0.4934	ambiguous
P31749	Y18G	0.9792	pathogenic
P31749	Y18H	0.9722	pathogenic
P31749	Y18I	0.9882	pathogenic
P31749	Y18K	0.998	pathogenic
P31749	Y18L	0.9723	pathogenic
P31749	Y18M	0.9893	pathogenic
P31749	Y18N	0.9652	pathogenic
P31749	Y18P	0.9975	pathogenic
P31749	Y18Q	0.9987	pathogenic
P31749	Y18R	0.995	pathogenic
P31749	Y18S	0.9882	pathogenic
P31749	Y18T	0.9941	pathogenic
P31749	Y18V	0.9696	pathogenic
P31749	Y18W	0.9441	pathogenic
P31749	I19A	0.997	pathogenic
P31749	I19C	0.9993	pathogenic
P31749	I19D	0.9999	pathogenic
P31749	I19E	0.9993	pathogenic
P31749	I19F	0.9664	pathogenic
P31749	I19G	0.9994	pathogenic
P31749	I19H	0.9993	pathogenic
P31749	I19K	0.9985	pathogenic
P31749	I19L	0.8671	pathogenic
P31749	I19M	0.9488	pathogenic
P31749	I19N	0.9983	pathogenic
P31749	I19P	0.997	pathogenic
P31749	I19Q	0.9974	pathogenic
P31749	I19R	0.9918	pathogenic
P31749	I19S	0.9966	pathogenic
P31749	I19T	0.9978	pathogenic
P31749	I19V	0.8514	pathogenic
P31749	I19W	0.9967	pathogenic
P31749	I19Y	0.9946	pathogenic
P31749	K20A	0.9839	pathogenic
P31749	K20C	0.9876	pathogenic
P31749	K20D	0.9968	pathogenic
P31749	K20E	0.9925	pathogenic
P31749	K20F	0.9978	pathogenic
P31749	K20G	0.9767	pathogenic
P31749	K20H	0.9191	pathogenic
P31749	K20I	0.9943	pathogenic
P31749	K20L	0.9803	pathogenic
P31749	K20M	0.9843	pathogenic
P31749	K20N	0.9926	pathogenic
P31749	K20P	0.9833	pathogenic
P31749	K20Q	0.867	pathogenic
P31749	K20R	0.1394	benign
P31749	K20S	0.9883	pathogenic
P31749	K20T	0.9717	pathogenic
P31749	K20V	0.9853	pathogenic
P31749	K20W	0.9959	pathogenic
P31749	K20Y	0.9919	pathogenic
P31749	T21A	0.7991	pathogenic
P31749	T21C	0.9727	pathogenic
P31749	T21D	0.9659	pathogenic
P31749	T21E	0.9711	pathogenic
P31749	T21F	0.964	pathogenic
P31749	T21G	0.7984	pathogenic
P31749	T21H	0.858	pathogenic
P31749	T21I	0.9628	pathogenic
P31749	T21K	0.9648	pathogenic
P31749	T21L	0.8403	pathogenic
P31749	T21M	0.7561	pathogenic
P31749	T21N	0.1277	benign
P31749	T21P	0.9292	pathogenic
P31749	T21Q	0.8839	pathogenic
P31749	T21R	0.9444	pathogenic
P31749	T21S	0.5914	pathogenic
P31749	T21V	0.8881	pathogenic
P31749	T21W	0.9925	pathogenic
P31749	T21Y	0.9355	pathogenic
P31749	W22A	0.9994	pathogenic
P31749	W22C	0.9997	pathogenic
P31749	W22D	0.9999	pathogenic
P31749	W22E	0.9999	pathogenic
P31749	W22F	0.9378	pathogenic
P31749	W22G	0.9976	pathogenic
P31749	W22H	0.9995	pathogenic
P31749	W22I	0.9992	pathogenic
P31749	W22K	1.0	pathogenic
P31749	W22L	0.9973	pathogenic
P31749	W22M	0.9996	pathogenic
P31749	W22N	0.9999	pathogenic
P31749	W22P	0.9995	pathogenic
P31749	W22Q	1.0	pathogenic
P31749	W22R	0.9999	pathogenic
P31749	W22S	0.9987	pathogenic
P31749	W22T	0.9996	pathogenic
P31749	W22V	0.999	pathogenic
P31749	W22Y	0.9797	pathogenic
P31749	R23A	0.9997	pathogenic
P31749	R23C	0.999	pathogenic
P31749	R23D	0.9996	pathogenic
P31749	R23E	0.9979	pathogenic
P31749	R23F	0.9994	pathogenic
P31749	R23G	0.9988	pathogenic
P31749	R23H	0.9935	pathogenic
P31749	R23I	0.9991	pathogenic
P31749	R23K	0.985	pathogenic
P31749	R23L	0.9981	pathogenic
P31749	R23M	0.9999	pathogenic
P31749	R23N	0.9995	pathogenic
P31749	R23P	0.9994	pathogenic
P31749	R23Q	0.9956	pathogenic
P31749	R23S	0.9997	pathogenic
P31749	R23T	0.9998	pathogenic
P31749	R23V	0.9993	pathogenic
P31749	R23W	0.9967	pathogenic
P31749	R23Y	0.9975	pathogenic
P31749	P24A	0.4042	ambiguous
P31749	P24C	0.9586	pathogenic
P31749	P24D	0.9317	pathogenic
P31749	P24E	0.8177	pathogenic
P31749	P24F	0.979	pathogenic
P31749	P24G	0.8256	pathogenic
P31749	P24H	0.8193	pathogenic
P31749	P24I	0.9545	pathogenic
P31749	P24K	0.8446	pathogenic
P31749	P24L	0.7459	pathogenic
P31749	P24M	0.9143	pathogenic
P31749	P24N	0.8764	pathogenic
P31749	P24Q	0.6057	pathogenic
P31749	P24R	0.712	pathogenic
P31749	P24S	0.6114	pathogenic
P31749	P24T	0.7478	pathogenic
P31749	P24V	0.8786	pathogenic
P31749	P24W	0.9843	pathogenic
P31749	P24Y	0.9599	pathogenic
P31749	R25A	0.9984	pathogenic
P31749	R25C	0.9968	pathogenic
P31749	R25D	0.9995	pathogenic
P31749	R25E	0.9965	pathogenic
P31749	R25F	0.9997	pathogenic
P31749	R25G	0.998	pathogenic
P31749	R25H	0.9971	pathogenic
P31749	R25I	0.9991	pathogenic
P31749	R25K	0.9938	pathogenic
P31749	R25L	0.9978	pathogenic
P31749	R25M	0.9999	pathogenic
P31749	R25N	0.9996	pathogenic
P31749	R25P	0.9985	pathogenic
P31749	R25Q	0.9973	pathogenic
P31749	R25S	0.9994	pathogenic
P31749	R25T	0.9995	pathogenic
P31749	R25V	0.9985	pathogenic
P31749	R25W	0.9975	pathogenic
P31749	R25Y	0.9984	pathogenic
P31749	Y26A	0.9978	pathogenic
P31749	Y26C	0.9781	pathogenic
P31749	Y26D	0.9992	pathogenic
P31749	Y26E	0.9998	pathogenic
P31749	Y26F	0.2059	benign
P31749	Y26G	0.9954	pathogenic
P31749	Y26H	0.9823	pathogenic
P31749	Y26I	0.9933	pathogenic
P31749	Y26K	0.9997	pathogenic
P31749	Y26L	0.9851	pathogenic
P31749	Y26M	0.9968	pathogenic
P31749	Y26N	0.9941	pathogenic
P31749	Y26P	0.9993	pathogenic
P31749	Y26Q	0.9996	pathogenic
P31749	Y26R	0.9981	pathogenic
P31749	Y26S	0.9945	pathogenic
P31749	Y26T	0.999	pathogenic
P31749	Y26V	0.9867	pathogenic
P31749	Y26W	0.6568	pathogenic
P31749	F27A	0.9994	pathogenic
P31749	F27C	0.9969	pathogenic
P31749	F27D	0.9999	pathogenic
P31749	F27E	0.9999	pathogenic
P31749	F27G	0.9995	pathogenic
P31749	F27H	0.9986	pathogenic
P31749	F27I	0.9958	pathogenic
P31749	F27K	0.9998	pathogenic
P31749	F27L	0.9997	pathogenic
P31749	F27M	0.9982	pathogenic
P31749	F27N	0.9997	pathogenic
P31749	F27P	1.0	pathogenic
P31749	F27Q	0.9996	pathogenic
P31749	F27R	0.9991	pathogenic
P31749	F27S	0.9996	pathogenic
P31749	F27T	0.9997	pathogenic
P31749	F27V	0.9954	pathogenic
P31749	F27W	0.9923	pathogenic
P31749	F27Y	0.961	pathogenic
P31749	L28A	0.6025	pathogenic
P31749	L28C	0.5581	ambiguous
P31749	L28D	0.9843	pathogenic
P31749	L28E	0.7421	pathogenic
P31749	L28F	0.2777	benign
P31749	L28G	0.9474	pathogenic
P31749	L28H	0.5743	pathogenic
P31749	L28I	0.0759	benign
P31749	L28K	0.6382	pathogenic
P31749	L28M	0.1468	benign
P31749	L28N	0.9054	pathogenic
P31749	L28P	0.9974	pathogenic
P31749	L28Q	0.3415	ambiguous
P31749	L28R	0.495	ambiguous
P31749	L28S	0.7447	pathogenic
P31749	L28T	0.5078	ambiguous
P31749	L28V	0.0835	benign
P31749	L28W	0.5995	pathogenic
P31749	L28Y	0.6184	pathogenic
P31749	L29A	0.9959	pathogenic
P31749	L29C	0.9928	pathogenic
P31749	L29D	1.0	pathogenic
P31749	L29E	0.9996	pathogenic
P31749	L29F	0.9945	pathogenic
P31749	L29G	0.9991	pathogenic
P31749	L29H	0.9997	pathogenic
P31749	L29I	0.8493	pathogenic
P31749	L29K	0.9993	pathogenic
P31749	L29M	0.9351	pathogenic
P31749	L29N	0.9998	pathogenic
P31749	L29P	0.9999	pathogenic
P31749	L29Q	0.9992	pathogenic
P31749	L29R	0.9982	pathogenic
P31749	L29S	0.9998	pathogenic
P31749	L29T	0.9991	pathogenic
P31749	L29V	0.8995	pathogenic
P31749	L29W	0.9995	pathogenic
P31749	L29Y	0.9993	pathogenic
P31749	K30A	0.9407	pathogenic
P31749	K30C	0.8013	pathogenic
P31749	K30D	0.9912	pathogenic
P31749	K30E	0.8396	pathogenic
P31749	K30F	0.909	pathogenic
P31749	K30G	0.916	pathogenic
P31749	K30H	0.5423	ambiguous
P31749	K30I	0.9566	pathogenic
P31749	K30L	0.6541	pathogenic
P31749	K30M	0.6531	pathogenic
P31749	K30N	0.9515	pathogenic
P31749	K30P	0.9971	pathogenic
P31749	K30Q	0.3252	benign
P31749	K30R	0.0844	benign
P31749	K30S	0.9553	pathogenic
P31749	K30T	0.8458	pathogenic
P31749	K30V	0.9233	pathogenic
P31749	K30W	0.8867	pathogenic
P31749	K30Y	0.7772	pathogenic
P31749	N31A	0.1235	benign
P31749	N31C	0.1664	benign
P31749	N31D	0.0904	benign
P31749	N31E	0.2425	benign
P31749	N31F	0.6022	pathogenic
P31749	N31G	0.1449	benign
P31749	N31H	0.1035	benign
P31749	N31I	0.3476	ambiguous
P31749	N31K	0.2343	benign
P31749	N31L	0.2572	benign
P31749	N31M	0.2781	benign
P31749	N31P	0.7261	pathogenic
P31749	N31Q	0.2135	benign
P31749	N31R	0.2364	benign
P31749	N31S	0.0506	benign
P31749	N31T	0.0797	benign
P31749	N31V	0.2928	benign
P31749	N31W	0.6802	pathogenic
P31749	N31Y	0.1989	benign
P31749	D32A	0.9604	pathogenic
P31749	D32C	0.9724	pathogenic
P31749	D32E	0.9643	pathogenic
P31749	D32F	0.9971	pathogenic
P31749	D32G	0.9049	pathogenic
P31749	D32H	0.9786	pathogenic
P31749	D32I	0.9891	pathogenic
P31749	D32K	0.9932	pathogenic
P31749	D32L	0.986	pathogenic
P31749	D32M	0.9941	pathogenic
P31749	D32N	0.2539	benign
P31749	D32P	0.995	pathogenic
P31749	D32Q	0.9881	pathogenic
P31749	D32R	0.9895	pathogenic
P31749	D32S	0.7276	pathogenic
P31749	D32T	0.8133	pathogenic
P31749	D32V	0.9695	pathogenic
P31749	D32W	0.9991	pathogenic
P31749	D32Y	0.978	pathogenic
P31749	G33A	0.9922	pathogenic
P31749	G33C	0.9979	pathogenic
P31749	G33D	0.9998	pathogenic
P31749	G33E	0.9998	pathogenic
P31749	G33F	0.9998	pathogenic
P31749	G33H	0.9998	pathogenic
P31749	G33I	0.9998	pathogenic
P31749	G33K	0.9997	pathogenic
P31749	G33L	0.9997	pathogenic
P31749	G33M	0.9999	pathogenic
P31749	G33N	0.9996	pathogenic
P31749	G33P	0.9999	pathogenic
P31749	G33Q	0.9996	pathogenic
P31749	G33R	0.9989	pathogenic
P31749	G33S	0.9934	pathogenic
P31749	G33T	0.9992	pathogenic
P31749	G33V	0.9996	pathogenic
P31749	G33W	0.9997	pathogenic
P31749	G33Y	0.9997	pathogenic
P31749	T34A	0.1522	benign
P31749	T34C	0.4875	ambiguous
P31749	T34D	0.7933	pathogenic
P31749	T34E	0.6673	pathogenic
P31749	T34F	0.6669	pathogenic
P31749	T34G	0.3866	ambiguous
P31749	T34H	0.4802	ambiguous
P31749	T34I	0.755	pathogenic
P31749	T34K	0.6186	pathogenic
P31749	T34L	0.3513	ambiguous
P31749	T34M	0.2181	benign
P31749	T34N	0.3264	benign
P31749	T34P	0.9701	pathogenic
P31749	T34Q	0.3842	ambiguous
P31749	T34R	0.4407	ambiguous
P31749	T34S	0.0981	benign
P31749	T34V	0.532	ambiguous
P31749	T34W	0.8622	pathogenic
P31749	T34Y	0.6066	pathogenic
P31749	F35A	0.9976	pathogenic
P31749	F35C	0.9917	pathogenic
P31749	F35D	0.9999	pathogenic
P31749	F35E	0.9999	pathogenic
P31749	F35G	0.9991	pathogenic
P31749	F35H	0.9995	pathogenic
P31749	F35I	0.9685	pathogenic
P31749	F35K	0.9999	pathogenic
P31749	F35L	0.9729	pathogenic
P31749	F35M	0.9738	pathogenic
P31749	F35N	0.9998	pathogenic
P31749	F35P	1.0	pathogenic
P31749	F35Q	0.9998	pathogenic
P31749	F35R	0.9993	pathogenic
P31749	F35S	0.9996	pathogenic
P31749	F35T	0.9995	pathogenic
P31749	F35V	0.964	pathogenic
P31749	F35W	0.9913	pathogenic
P31749	F35Y	0.9682	pathogenic
P31749	I36A	0.4715	ambiguous
P31749	I36C	0.7707	pathogenic
P31749	I36D	0.9777	pathogenic
P31749	I36E	0.885	pathogenic
P31749	I36F	0.3341	benign
P31749	I36G	0.9259	pathogenic
P31749	I36H	0.8491	pathogenic
P31749	I36K	0.8233	pathogenic
P31749	I36L	0.153	benign
P31749	I36M	0.1673	benign
P31749	I36N	0.865	pathogenic
P31749	I36P	0.9911	pathogenic
P31749	I36Q	0.7753	pathogenic
P31749	I36R	0.6627	pathogenic
P31749	I36S	0.6285	pathogenic
P31749	I36T	0.2336	benign
P31749	I36V	0.0873	benign
P31749	I36W	0.8683	pathogenic
P31749	I36Y	0.7747	pathogenic
P31749	G37A	0.9871	pathogenic
P31749	G37C	0.997	pathogenic
P31749	G37D	0.9999	pathogenic
P31749	G37E	0.9999	pathogenic
P31749	G37F	0.9993	pathogenic
P31749	G37H	0.9999	pathogenic
P31749	G37I	0.9989	pathogenic
P31749	G37K	0.9999	pathogenic
P31749	G37L	0.9992	pathogenic
P31749	G37M	0.9998	pathogenic
P31749	G37N	0.9998	pathogenic
P31749	G37P	0.9998	pathogenic
P31749	G37Q	0.9999	pathogenic
P31749	G37R	0.9997	pathogenic
P31749	G37S	0.9947	pathogenic
P31749	G37T	0.9979	pathogenic
P31749	G37V	0.9985	pathogenic
P31749	G37W	0.9994	pathogenic
P31749	G37Y	0.9994	pathogenic
P31749	Y38A	0.9963	pathogenic
P31749	Y38C	0.838	pathogenic
P31749	Y38D	0.9962	pathogenic
P31749	Y38E	0.9986	pathogenic
P31749	Y38F	0.1104	benign
P31749	Y38G	0.9847	pathogenic
P31749	Y38H	0.9261	pathogenic
P31749	Y38I	0.9848	pathogenic
P31749	Y38K	0.9977	pathogenic
P31749	Y38L	0.9673	pathogenic
P31749	Y38M	0.9851	pathogenic
P31749	Y38N	0.9784	pathogenic
P31749	Y38P	0.9995	pathogenic
P31749	Y38Q	0.997	pathogenic
P31749	Y38R	0.991	pathogenic
P31749	Y38S	0.9835	pathogenic
P31749	Y38T	0.9959	pathogenic
P31749	Y38V	0.9732	pathogenic
P31749	Y38W	0.5817	pathogenic
P31749	K39A	0.9863	pathogenic
P31749	K39C	0.9959	pathogenic
P31749	K39D	0.9974	pathogenic
P31749	K39E	0.9879	pathogenic
P31749	K39F	0.9989	pathogenic
P31749	K39G	0.9835	pathogenic
P31749	K39H	0.9726	pathogenic
P31749	K39I	0.9943	pathogenic
P31749	K39L	0.9848	pathogenic
P31749	K39M	0.9872	pathogenic
P31749	K39N	0.9968	pathogenic
P31749	K39P	0.9844	pathogenic
P31749	K39Q	0.9265	pathogenic
P31749	K39R	0.1549	benign
P31749	K39S	0.9933	pathogenic
P31749	K39T	0.9794	pathogenic
P31749	K39V	0.9873	pathogenic
P31749	K39W	0.9961	pathogenic
P31749	K39Y	0.9946	pathogenic
P31749	E40A	0.5528	ambiguous
P31749	E40C	0.9493	pathogenic
P31749	E40D	0.1374	benign
P31749	E40F	0.9413	pathogenic
P31749	E40G	0.485	ambiguous
P31749	E40H	0.8569	pathogenic
P31749	E40I	0.813	pathogenic
P31749	E40K	0.7549	pathogenic
P31749	E40L	0.8302	pathogenic
P31749	E40M	0.857	pathogenic
P31749	E40N	0.5369	ambiguous
P31749	E40P	0.9785	pathogenic
P31749	E40Q	0.4637	ambiguous
P31749	E40R	0.7906	pathogenic
P31749	E40S	0.5493	ambiguous
P31749	E40T	0.6199	pathogenic
P31749	E40V	0.6151	pathogenic
P31749	E40W	0.9811	pathogenic
P31749	E40Y	0.8969	pathogenic
P31749	R41A	0.4683	ambiguous
P31749	R41C	0.2639	benign
P31749	R41D	0.8385	pathogenic
P31749	R41E	0.4258	ambiguous
P31749	R41F	0.6621	pathogenic
P31749	R41G	0.4649	ambiguous
P31749	R41H	0.206	benign
P31749	R41I	0.2729	benign
P31749	R41K	0.0719	benign
P31749	R41L	0.2605	benign
P31749	R41M	0.3139	benign
P31749	R41N	0.7691	pathogenic
P31749	R41P	0.3638	ambiguous
P31749	R41Q	0.1297	benign
P31749	R41S	0.689	pathogenic
P31749	R41T	0.4553	ambiguous
P31749	R41V	0.3467	ambiguous
P31749	R41W	0.3745	ambiguous
P31749	R41Y	0.5459	ambiguous
P31749	P42A	0.7539	pathogenic
P31749	P42C	0.9692	pathogenic
P31749	P42D	0.9777	pathogenic
P31749	P42E	0.9523	pathogenic
P31749	P42F	0.9824	pathogenic
P31749	P42G	0.9266	pathogenic
P31749	P42H	0.9444	pathogenic
P31749	P42I	0.8921	pathogenic
P31749	P42K	0.9683	pathogenic
P31749	P42L	0.7775	pathogenic
P31749	P42M	0.9389	pathogenic
P31749	P42N	0.9729	pathogenic
P31749	P42Q	0.9255	pathogenic
P31749	P42R	0.9302	pathogenic
P31749	P42S	0.9145	pathogenic
P31749	P42T	0.8765	pathogenic
P31749	P42V	0.8228	pathogenic
P31749	P42W	0.9904	pathogenic
P31749	P42Y	0.9828	pathogenic
P31749	Q43A	0.0973	benign
P31749	Q43C	0.428	ambiguous
P31749	Q43D	0.1933	benign
P31749	Q43E	0.0732	benign
P31749	Q43F	0.4422	ambiguous
P31749	Q43G	0.147	benign
P31749	Q43H	0.1429	benign
P31749	Q43I	0.1929	benign
P31749	Q43K	0.0897	benign
P31749	Q43L	0.0884	benign
P31749	Q43M	0.2129	benign
P31749	Q43N	0.1684	benign
P31749	Q43P	0.0801	benign
P31749	Q43R	0.1043	benign
P31749	Q43S	0.1219	benign
P31749	Q43T	0.1066	benign
P31749	Q43V	0.1216	benign
P31749	Q43W	0.4071	ambiguous
P31749	Q43Y	0.3345	benign
P31749	D44A	0.121	benign
P31749	D44C	0.4316	ambiguous
P31749	D44E	0.1043	benign
P31749	D44F	0.3856	ambiguous
P31749	D44G	0.1114	benign
P31749	D44H	0.2195	benign
P31749	D44I	0.2409	benign
P31749	D44K	0.3482	ambiguous
P31749	D44L	0.239	benign
P31749	D44M	0.3653	ambiguous
P31749	D44N	0.0999	benign
P31749	D44P	0.4278	ambiguous
P31749	D44Q	0.2409	benign
P31749	D44R	0.3566	ambiguous
P31749	D44S	0.1124	benign
P31749	D44T	0.1558	benign
P31749	D44V	0.1446	benign
P31749	D44W	0.7392	pathogenic
P31749	D44Y	0.2209	benign
P31749	V45A	0.0657	benign
P31749	V45C	0.2713	benign
P31749	V45D	0.1046	benign
P31749	V45E	0.1081	benign
P31749	V45F	0.089	benign
P31749	V45G	0.071	benign
P31749	V45H	0.1807	benign
P31749	V45I	0.0655	benign
P31749	V45K	0.1326	benign
P31749	V45L	0.0766	benign
P31749	V45M	0.0747	benign
P31749	V45N	0.0909	benign
P31749	V45P	0.1092	benign
P31749	V45Q	0.1169	benign
P31749	V45R	0.1292	benign
P31749	V45S	0.0738	benign
P31749	V45T	0.0721	benign
P31749	V45W	0.3301	benign
P31749	V45Y	0.2206	benign
P31749	D46A	0.1355	benign
P31749	D46C	0.3729	ambiguous
P31749	D46E	0.075	benign
P31749	D46F	0.3917	ambiguous
P31749	D46G	0.1213	benign
P31749	D46H	0.2026	benign
P31749	D46I	0.2386	benign
P31749	D46K	0.2767	benign
P31749	D46L	0.2116	benign
P31749	D46M	0.3779	ambiguous
P31749	D46N	0.0997	benign
P31749	D46P	0.3516	ambiguous
P31749	D46Q	0.1762	benign
P31749	D46R	0.301	benign
P31749	D46S	0.102	benign
P31749	D46T	0.1662	benign
P31749	D46V	0.1598	benign
P31749	D46W	0.6975	pathogenic
P31749	D46Y	0.2177	benign
P31749	Q47A	0.119	benign
P31749	Q47C	0.3828	ambiguous
P31749	Q47D	0.1797	benign
P31749	Q47E	0.0735	benign
P31749	Q47F	0.4015	ambiguous
P31749	Q47G	0.1382	benign
P31749	Q47H	0.12	benign
P31749	Q47I	0.1957	benign
P31749	Q47K	0.0997	benign
P31749	Q47L	0.0907	benign
P31749	Q47M	0.2153	benign
P31749	Q47N	0.1545	benign
P31749	Q47P	0.094	benign
P31749	Q47R	0.1025	benign
P31749	Q47S	0.1229	benign
P31749	Q47T	0.1154	benign
P31749	Q47V	0.1353	benign
P31749	Q47W	0.3879	ambiguous
P31749	Q47Y	0.2778	benign
P31749	R48A	0.1527	benign
P31749	R48C	0.126	benign
P31749	R48D	0.3079	benign
P31749	R48E	0.1612	benign
P31749	R48F	0.2908	benign
P31749	R48G	0.1093	benign
P31749	R48H	0.0961	benign
P31749	R48I	0.1415	benign
P31749	R48K	0.0724	benign
P31749	R48L	0.0987	benign
P31749	R48M	0.1426	benign
P31749	R48N	0.2681	benign
P31749	R48P	0.1655	benign
P31749	R48Q	0.0722	benign
P31749	R48S	0.2115	benign
P31749	R48T	0.1173	benign
P31749	R48V	0.153	benign
P31749	R48W	0.1301	benign
P31749	R48Y	0.229	benign
P31749	E49A	0.135	benign
P31749	E49C	0.7011	pathogenic
P31749	E49D	0.0832	benign
P31749	E49F	0.6011	pathogenic
P31749	E49G	0.1365	benign
P31749	E49H	0.3987	ambiguous
P31749	E49I	0.2788	benign
P31749	E49K	0.2346	benign
P31749	E49L	0.2623	benign
P31749	E49M	0.3714	ambiguous
P31749	E49N	0.207	benign
P31749	E49P	0.3221	benign
P31749	E49Q	0.1503	benign
P31749	E49R	0.3403	ambiguous
P31749	E49S	0.1708	benign
P31749	E49T	0.1863	benign
P31749	E49V	0.1634	benign
P31749	E49W	0.8296	pathogenic
P31749	E49Y	0.5207	ambiguous
P31749	A50C	0.2327	benign
P31749	A50D	0.1975	benign
P31749	A50E	0.1997	benign
P31749	A50F	0.1836	benign
P31749	A50G	0.1054	benign
P31749	A50H	0.2696	benign
P31749	A50I	0.1321	benign
P31749	A50K	0.3893	ambiguous
P31749	A50L	0.0981	benign
P31749	A50M	0.1181	benign
P31749	A50N	0.1134	benign
P31749	A50P	0.1016	benign
P31749	A50Q	0.2086	benign
P31749	A50R	0.3962	ambiguous
P31749	A50S	0.0679	benign
P31749	A50T	0.0635	benign
P31749	A50V	0.088	benign
P31749	A50W	0.484	ambiguous
P31749	A50Y	0.2473	benign
P31749	P51A	0.4159	ambiguous
P31749	P51C	0.9448	pathogenic
P31749	P51D	0.992	pathogenic
P31749	P51E	0.967	pathogenic
P31749	P51F	0.9869	pathogenic
P31749	P51G	0.9384	pathogenic
P31749	P51H	0.9517	pathogenic
P31749	P51I	0.9255	pathogenic
P31749	P51K	0.9655	pathogenic
P31749	P51L	0.8458	pathogenic
P31749	P51M	0.9553	pathogenic
P31749	P51N	0.9847	pathogenic
P31749	P51Q	0.9102	pathogenic
P31749	P51R	0.9095	pathogenic
P31749	P51S	0.851	pathogenic
P31749	P51T	0.8391	pathogenic
P31749	P51V	0.8018	pathogenic
P31749	P51W	0.9935	pathogenic
P31749	P51Y	0.9849	pathogenic
P31749	L52A	0.9156	pathogenic
P31749	L52C	0.9808	pathogenic
P31749	L52D	0.9981	pathogenic
P31749	L52E	0.9865	pathogenic
P31749	L52F	0.9617	pathogenic
P31749	L52G	0.9828	pathogenic
P31749	L52H	0.9895	pathogenic
P31749	L52I	0.6478	pathogenic
P31749	L52K	0.9824	pathogenic
P31749	L52M	0.7447	pathogenic
P31749	L52N	0.9784	pathogenic
P31749	L52P	0.9966	pathogenic
P31749	L52Q	0.9574	pathogenic
P31749	L52R	0.9585	pathogenic
P31749	L52S	0.9738	pathogenic
P31749	L52T	0.9487	pathogenic
P31749	L52V	0.6776	pathogenic
P31749	L52W	0.986	pathogenic
P31749	L52Y	0.9847	pathogenic
P31749	N53A	0.9971	pathogenic
P31749	N53C	0.984	pathogenic
P31749	N53D	0.9982	pathogenic
P31749	N53E	0.9981	pathogenic
P31749	N53F	0.9977	pathogenic
P31749	N53G	0.9921	pathogenic
P31749	N53H	0.9914	pathogenic
P31749	N53I	0.9954	pathogenic
P31749	N53K	0.9992	pathogenic
P31749	N53L	0.9861	pathogenic
P31749	N53M	0.9961	pathogenic
P31749	N53P	0.9926	pathogenic
P31749	N53Q	0.9975	pathogenic
P31749	N53R	0.9971	pathogenic
P31749	N53S	0.9657	pathogenic
P31749	N53T	0.9907	pathogenic
P31749	N53V	0.9941	pathogenic
P31749	N53W	0.9986	pathogenic
P31749	N53Y	0.988	pathogenic
P31749	N54A	0.6855	pathogenic
P31749	N54C	0.5766	pathogenic
P31749	N54D	0.3237	benign
P31749	N54E	0.888	pathogenic
P31749	N54F	0.9014	pathogenic
P31749	N54G	0.826	pathogenic
P31749	N54H	0.3113	benign
P31749	N54I	0.7352	pathogenic
P31749	N54K	0.8848	pathogenic
P31749	N54L	0.6644	pathogenic
P31749	N54M	0.8255	pathogenic
P31749	N54P	0.9858	pathogenic
P31749	N54Q	0.7828	pathogenic
P31749	N54R	0.7748	pathogenic
P31749	N54S	0.204	benign
P31749	N54T	0.481	ambiguous
P31749	N54V	0.6567	pathogenic
P31749	N54W	0.9695	pathogenic
P31749	N54Y	0.5121	ambiguous
P31749	F55A	0.9994	pathogenic
P31749	F55C	0.9989	pathogenic
P31749	F55D	0.9997	pathogenic
P31749	F55E	0.9997	pathogenic
P31749	F55G	0.9996	pathogenic
P31749	F55H	0.9981	pathogenic
P31749	F55I	0.9939	pathogenic
P31749	F55K	0.9997	pathogenic
P31749	F55L	0.9997	pathogenic
P31749	F55M	0.9986	pathogenic
P31749	F55N	0.9995	pathogenic
P31749	F55P	1.0	pathogenic
P31749	F55Q	0.9996	pathogenic
P31749	F55R	0.9987	pathogenic
P31749	F55S	0.9996	pathogenic
P31749	F55T	0.9995	pathogenic
P31749	F55V	0.9944	pathogenic
P31749	F55W	0.9892	pathogenic
P31749	F55Y	0.9491	pathogenic
P31749	S56A	0.3612	ambiguous
P31749	S56C	0.3624	ambiguous
P31749	S56D	0.881	pathogenic
P31749	S56E	0.9679	pathogenic
P31749	S56F	0.9004	pathogenic
P31749	S56G	0.4371	ambiguous
P31749	S56H	0.8246	pathogenic
P31749	S56I	0.8393	pathogenic
P31749	S56K	0.9805	pathogenic
P31749	S56L	0.5124	ambiguous
P31749	S56M	0.6643	pathogenic
P31749	S56N	0.5044	ambiguous
P31749	S56P	0.9505	pathogenic
P31749	S56Q	0.9149	pathogenic
P31749	S56R	0.9664	pathogenic
P31749	S56T	0.1536	benign
P31749	S56V	0.7737	pathogenic
P31749	S56W	0.9191	pathogenic
P31749	S56Y	0.8188	pathogenic
P31749	V57A	0.9824	pathogenic
P31749	V57C	0.9952	pathogenic
P31749	V57D	0.9997	pathogenic
P31749	V57E	0.999	pathogenic
P31749	V57F	0.9924	pathogenic
P31749	V57G	0.9903	pathogenic
P31749	V57H	0.9998	pathogenic
P31749	V57I	0.3093	benign
P31749	V57K	0.9991	pathogenic
P31749	V57L	0.9573	pathogenic
P31749	V57M	0.9845	pathogenic
P31749	V57N	0.9992	pathogenic
P31749	V57P	0.9948	pathogenic
P31749	V57Q	0.9992	pathogenic
P31749	V57R	0.9975	pathogenic
P31749	V57S	0.9951	pathogenic
P31749	V57T	0.9804	pathogenic
P31749	V57W	0.9999	pathogenic
P31749	V57Y	0.9996	pathogenic
P31749	A58C	0.6872	pathogenic
P31749	A58D	0.677	pathogenic
P31749	A58E	0.4852	ambiguous
P31749	A58F	0.594	pathogenic
P31749	A58G	0.1647	benign
P31749	A58H	0.6454	pathogenic
P31749	A58I	0.6662	pathogenic
P31749	A58K	0.6312	pathogenic
P31749	A58L	0.3781	ambiguous
P31749	A58M	0.5469	ambiguous
P31749	A58N	0.5795	pathogenic
P31749	A58P	0.9531	pathogenic
P31749	A58Q	0.3936	ambiguous
P31749	A58R	0.4605	ambiguous
P31749	A58S	0.1229	benign
P31749	A58T	0.3175	benign
P31749	A58V	0.4378	ambiguous
P31749	A58W	0.9084	pathogenic
P31749	A58Y	0.6577	pathogenic
P31749	Q59A	0.2544	benign
P31749	Q59C	0.7476	pathogenic
P31749	Q59D	0.3405	ambiguous
P31749	Q59E	0.0774	benign
P31749	Q59F	0.8732	pathogenic
P31749	Q59G	0.2285	benign
P31749	Q59H	0.348	ambiguous
P31749	Q59I	0.8	pathogenic
P31749	Q59K	0.1159	benign
P31749	Q59L	0.3272	benign
P31749	Q59M	0.5636	ambiguous
P31749	Q59N	0.3237	benign
P31749	Q59P	0.5702	pathogenic
P31749	Q59R	0.1462	benign
P31749	Q59S	0.2965	benign
P31749	Q59T	0.3419	ambiguous
P31749	Q59V	0.5534	ambiguous
P31749	Q59W	0.8533	pathogenic
P31749	Q59Y	0.7285	pathogenic
P31749	C60A	0.9062	pathogenic
P31749	C60D	0.9995	pathogenic
P31749	C60E	0.9997	pathogenic
P31749	C60F	0.9888	pathogenic
P31749	C60G	0.9001	pathogenic
P31749	C60H	0.9987	pathogenic
P31749	C60I	0.9847	pathogenic
P31749	C60K	0.9999	pathogenic
P31749	C60L	0.9834	pathogenic
P31749	C60M	0.986	pathogenic
P31749	C60N	0.9971	pathogenic
P31749	C60P	0.9997	pathogenic
P31749	C60Q	0.999	pathogenic
P31749	C60R	0.9989	pathogenic
P31749	C60S	0.9011	pathogenic
P31749	C60T	0.9627	pathogenic
P31749	C60V	0.9255	pathogenic
P31749	C60W	0.9983	pathogenic
P31749	C60Y	0.9972	pathogenic
P31749	Q61A	0.7777	pathogenic
P31749	Q61C	0.9855	pathogenic
P31749	Q61D	0.9833	pathogenic
P31749	Q61E	0.7221	pathogenic
P31749	Q61F	0.9784	pathogenic
P31749	Q61G	0.9227	pathogenic
P31749	Q61H	0.9435	pathogenic
P31749	Q61I	0.9275	pathogenic
P31749	Q61K	0.8962	pathogenic
P31749	Q61L	0.8467	pathogenic
P31749	Q61M	0.8303	pathogenic
P31749	Q61N	0.9194	pathogenic
P31749	Q61P	0.9915	pathogenic
P31749	Q61R	0.8518	pathogenic
P31749	Q61S	0.7566	pathogenic
P31749	Q61T	0.7615	pathogenic
P31749	Q61V	0.8332	pathogenic
P31749	Q61W	0.9924	pathogenic
P31749	Q61Y	0.9832	pathogenic
P31749	L62A	0.912	pathogenic
P31749	L62C	0.8886	pathogenic
P31749	L62D	0.998	pathogenic
P31749	L62E	0.9793	pathogenic
P31749	L62F	0.7819	pathogenic
P31749	L62G	0.9844	pathogenic
P31749	L62H	0.9605	pathogenic
P31749	L62I	0.1429	benign
P31749	L62K	0.9431	pathogenic
P31749	L62M	0.3335	benign
P31749	L62N	0.9817	pathogenic
P31749	L62P	0.9899	pathogenic
P31749	L62Q	0.9169	pathogenic
P31749	L62R	0.9243	pathogenic
P31749	L62S	0.9803	pathogenic
P31749	L62T	0.8302	pathogenic
P31749	L62V	0.1517	benign
P31749	L62W	0.9406	pathogenic
P31749	L62Y	0.9587	pathogenic
P31749	M63A	0.9814	pathogenic
P31749	M63C	0.9782	pathogenic
P31749	M63D	0.9987	pathogenic
P31749	M63E	0.9905	pathogenic
P31749	M63F	0.7916	pathogenic
P31749	M63G	0.9891	pathogenic
P31749	M63H	0.9813	pathogenic
P31749	M63I	0.941	pathogenic
P31749	M63K	0.9727	pathogenic
P31749	M63L	0.367	ambiguous
P31749	M63N	0.9906	pathogenic
P31749	M63P	0.9989	pathogenic
P31749	M63Q	0.8968	pathogenic
P31749	M63R	0.963	pathogenic
P31749	M63S	0.9809	pathogenic
P31749	M63T	0.982	pathogenic
P31749	M63V	0.6548	pathogenic
P31749	M63W	0.9767	pathogenic
P31749	M63Y	0.9647	pathogenic
P31749	K64A	0.7579	pathogenic
P31749	K64C	0.8219	pathogenic
P31749	K64D	0.9628	pathogenic
P31749	K64E	0.6351	pathogenic
P31749	K64F	0.9705	pathogenic
P31749	K64G	0.8833	pathogenic
P31749	K64H	0.6787	pathogenic
P31749	K64I	0.7743	pathogenic
P31749	K64L	0.7344	pathogenic
P31749	K64M	0.5755	pathogenic
P31749	K64N	0.9027	pathogenic
P31749	K64P	0.8941	pathogenic
P31749	K64Q	0.2835	benign
P31749	K64R	0.1087	benign
P31749	K64S	0.8714	pathogenic
P31749	K64T	0.5259	ambiguous
P31749	K64V	0.6399	pathogenic
P31749	K64W	0.9582	pathogenic
P31749	K64Y	0.9327	pathogenic
P31749	T65A	0.2099	benign
P31749	T65C	0.6644	pathogenic
P31749	T65D	0.9451	pathogenic
P31749	T65E	0.8626	pathogenic
P31749	T65F	0.8158	pathogenic
P31749	T65G	0.5588	ambiguous
P31749	T65H	0.8346	pathogenic
P31749	T65I	0.646	pathogenic
P31749	T65K	0.8631	pathogenic
P31749	T65L	0.3718	ambiguous
P31749	T65M	0.1781	benign
P31749	T65N	0.5322	ambiguous
P31749	T65P	0.8894	pathogenic
P31749	T65Q	0.641	pathogenic
P31749	T65R	0.8123	pathogenic
P31749	T65S	0.3368	benign
P31749	T65V	0.3587	ambiguous
P31749	T65W	0.9458	pathogenic
P31749	T65Y	0.8564	pathogenic
P31749	E66A	0.7927	pathogenic
P31749	E66C	0.9842	pathogenic
P31749	E66D	0.3076	benign
P31749	E66F	0.9947	pathogenic
P31749	E66G	0.7011	pathogenic
P31749	E66H	0.9632	pathogenic
P31749	E66I	0.9764	pathogenic
P31749	E66K	0.9186	pathogenic
P31749	E66L	0.972	pathogenic
P31749	E66M	0.9728	pathogenic
P31749	E66N	0.7013	pathogenic
P31749	E66P	0.9558	pathogenic
P31749	E66Q	0.7134	pathogenic
P31749	E66R	0.9347	pathogenic
P31749	E66S	0.6873	pathogenic
P31749	E66T	0.8694	pathogenic
P31749	E66V	0.9168	pathogenic
P31749	E66W	0.9976	pathogenic
P31749	E66Y	0.9896	pathogenic
P31749	R67A	0.9516	pathogenic
P31749	R67C	0.8035	pathogenic
P31749	R67D	0.9794	pathogenic
P31749	R67E	0.932	pathogenic
P31749	R67F	0.9532	pathogenic
P31749	R67G	0.9034	pathogenic
P31749	R67H	0.4932	ambiguous
P31749	R67I	0.847	pathogenic
P31749	R67K	0.2236	benign
P31749	R67L	0.8321	pathogenic
P31749	R67M	0.8991	pathogenic
P31749	R67N	0.9624	pathogenic
P31749	R67P	0.9864	pathogenic
P31749	R67Q	0.5139	ambiguous
P31749	R67S	0.9689	pathogenic
P31749	R67T	0.9205	pathogenic
P31749	R67V	0.8801	pathogenic
P31749	R67W	0.791	pathogenic
P31749	R67Y	0.8786	pathogenic
P31749	P68A	0.9851	pathogenic
P31749	P68C	0.9984	pathogenic
P31749	P68D	0.9979	pathogenic
P31749	P68E	0.9974	pathogenic
P31749	P68F	0.9989	pathogenic
P31749	P68G	0.9874	pathogenic
P31749	P68H	0.9969	pathogenic
P31749	P68I	0.9945	pathogenic
P31749	P68K	0.9978	pathogenic
P31749	P68L	0.9835	pathogenic
P31749	P68M	0.9964	pathogenic
P31749	P68N	0.9968	pathogenic
P31749	P68Q	0.9961	pathogenic
P31749	P68R	0.9938	pathogenic
P31749	P68S	0.996	pathogenic
P31749	P68T	0.9903	pathogenic
P31749	P68V	0.9884	pathogenic
P31749	P68W	0.9995	pathogenic
P31749	P68Y	0.9985	pathogenic
P31749	R69A	0.919	pathogenic
P31749	R69C	0.672	pathogenic
P31749	R69D	0.9892	pathogenic
P31749	R69E	0.9273	pathogenic
P31749	R69F	0.9643	pathogenic
P31749	R69G	0.8833	pathogenic
P31749	R69H	0.5594	ambiguous
P31749	R69I	0.8523	pathogenic
P31749	R69K	0.0843	benign
P31749	R69L	0.7409	pathogenic
P31749	R69M	0.85	pathogenic
P31749	R69N	0.9784	pathogenic
P31749	R69P	0.9758	pathogenic
P31749	R69Q	0.4361	ambiguous
P31749	R69S	0.9651	pathogenic
P31749	R69T	0.9213	pathogenic
P31749	R69V	0.8489	pathogenic
P31749	R69W	0.8407	pathogenic
P31749	R69Y	0.9269	pathogenic
P31749	P70A	0.1147	benign
P31749	P70C	0.6997	pathogenic
P31749	P70D	0.7111	pathogenic
P31749	P70E	0.428	ambiguous
P31749	P70F	0.8604	pathogenic
P31749	P70G	0.4896	ambiguous
P31749	P70H	0.428	ambiguous
P31749	P70I	0.5893	pathogenic
P31749	P70K	0.4982	ambiguous
P31749	P70L	0.2875	benign
P31749	P70M	0.5315	ambiguous
P31749	P70N	0.5035	ambiguous
P31749	P70Q	0.2461	benign
P31749	P70R	0.3859	ambiguous
P31749	P70S	0.2443	benign
P31749	P70T	0.2431	benign
P31749	P70V	0.4029	ambiguous
P31749	P70W	0.925	pathogenic
P31749	P70Y	0.8195	pathogenic
P31749	N71A	0.7736	pathogenic
P31749	N71C	0.2451	benign
P31749	N71D	0.7753	pathogenic
P31749	N71E	0.9481	pathogenic
P31749	N71F	0.5134	ambiguous
P31749	N71G	0.6851	pathogenic
P31749	N71H	0.1112	benign
P31749	N71I	0.9608	pathogenic
P31749	N71K	0.9533	pathogenic
P31749	N71L	0.8762	pathogenic
P31749	N71M	0.8606	pathogenic
P31749	N71P	0.9839	pathogenic
P31749	N71Q	0.7822	pathogenic
P31749	N71R	0.8777	pathogenic
P31749	N71S	0.2176	benign
P31749	N71T	0.7947	pathogenic
P31749	N71V	0.8995	pathogenic
P31749	N71W	0.8135	pathogenic
P31749	N71Y	0.1568	benign
P31749	T72A	0.5068	ambiguous
P31749	T72C	0.655	pathogenic
P31749	T72D	0.9966	pathogenic
P31749	T72E	0.9952	pathogenic
P31749	T72F	0.9907	pathogenic
P31749	T72G	0.8037	pathogenic
P31749	T72H	0.9807	pathogenic
P31749	T72I	0.9565	pathogenic
P31749	T72K	0.9959	pathogenic
P31749	T72L	0.8787	pathogenic
P31749	T72M	0.7372	pathogenic
P31749	T72N	0.9333	pathogenic
P31749	T72P	0.9839	pathogenic
P31749	T72Q	0.9738	pathogenic
P31749	T72R	0.989	pathogenic
P31749	T72S	0.4908	ambiguous
P31749	T72V	0.7987	pathogenic
P31749	T72W	0.9985	pathogenic
P31749	T72Y	0.9908	pathogenic
P31749	F73A	0.9987	pathogenic
P31749	F73C	0.993	pathogenic
P31749	F73D	1.0	pathogenic
P31749	F73E	0.9999	pathogenic
P31749	F73G	0.9996	pathogenic
P31749	F73H	0.9992	pathogenic
P31749	F73I	0.9146	pathogenic
P31749	F73K	0.9999	pathogenic
P31749	F73L	0.9945	pathogenic
P31749	F73M	0.9722	pathogenic
P31749	F73N	0.9997	pathogenic
P31749	F73P	1.0	pathogenic
P31749	F73Q	0.9998	pathogenic
P31749	F73R	0.9996	pathogenic
P31749	F73S	0.9995	pathogenic
P31749	F73T	0.9993	pathogenic
P31749	F73V	0.9161	pathogenic
P31749	F73W	0.9838	pathogenic
P31749	F73Y	0.9402	pathogenic
P31749	I74A	0.9269	pathogenic
P31749	I74C	0.8988	pathogenic
P31749	I74D	0.9973	pathogenic
P31749	I74E	0.991	pathogenic
P31749	I74F	0.5089	ambiguous
P31749	I74G	0.985	pathogenic
P31749	I74H	0.9494	pathogenic
P31749	I74K	0.9806	pathogenic
P31749	I74L	0.2316	benign
P31749	I74M	0.208	benign
P31749	I74N	0.9342	pathogenic
P31749	I74P	0.9981	pathogenic
P31749	I74Q	0.9507	pathogenic
P31749	I74R	0.9612	pathogenic
P31749	I74S	0.894	pathogenic
P31749	I74T	0.8409	pathogenic
P31749	I74V	0.1277	benign
P31749	I74W	0.9617	pathogenic
P31749	I74Y	0.9026	pathogenic
P31749	I75A	0.9923	pathogenic
P31749	I75C	0.9877	pathogenic
P31749	I75D	0.9999	pathogenic
P31749	I75E	0.9997	pathogenic
P31749	I75F	0.9396	pathogenic
P31749	I75G	0.9991	pathogenic
P31749	I75H	0.9996	pathogenic
P31749	I75K	0.9993	pathogenic
P31749	I75L	0.3797	ambiguous
P31749	I75M	0.6252	pathogenic
P31749	I75N	0.9989	pathogenic
P31749	I75P	0.9996	pathogenic
P31749	I75Q	0.9991	pathogenic
P31749	I75R	0.9987	pathogenic
P31749	I75S	0.9964	pathogenic
P31749	I75T	0.9958	pathogenic
P31749	I75V	0.2978	benign
P31749	I75W	0.9992	pathogenic
P31749	I75Y	0.9972	pathogenic
P31749	R76A	0.9988	pathogenic
P31749	R76C	0.977	pathogenic
P31749	R76D	0.9994	pathogenic
P31749	R76E	0.9963	pathogenic
P31749	R76F	0.9991	pathogenic
P31749	R76G	0.9971	pathogenic
P31749	R76H	0.9511	pathogenic
P31749	R76I	0.997	pathogenic
P31749	R76K	0.9499	pathogenic
P31749	R76L	0.9934	pathogenic
P31749	R76M	0.9992	pathogenic
P31749	R76N	0.9989	pathogenic
P31749	R76P	0.9995	pathogenic
P31749	R76Q	0.9603	pathogenic
P31749	R76S	0.9984	pathogenic
P31749	R76T	0.9982	pathogenic
P31749	R76V	0.9965	pathogenic
P31749	R76W	0.9851	pathogenic
P31749	R76Y	0.9958	pathogenic
P31749	C77A	0.96	pathogenic
P31749	C77D	0.9997	pathogenic
P31749	C77E	0.9999	pathogenic
P31749	C77F	0.9606	pathogenic
P31749	C77G	0.7086	pathogenic
P31749	C77H	0.9987	pathogenic
P31749	C77I	0.9955	pathogenic
P31749	C77K	0.9999	pathogenic
P31749	C77L	0.9791	pathogenic
P31749	C77M	0.9888	pathogenic
P31749	C77N	0.9969	pathogenic
P31749	C77P	0.9998	pathogenic
P31749	C77Q	0.9994	pathogenic
P31749	C77R	0.9991	pathogenic
P31749	C77S	0.9717	pathogenic
P31749	C77T	0.9879	pathogenic
P31749	C77V	0.9822	pathogenic
P31749	C77W	0.9987	pathogenic
P31749	C77Y	0.9956	pathogenic
P31749	L78A	0.9827	pathogenic
P31749	L78C	0.9868	pathogenic
P31749	L78D	0.9993	pathogenic
P31749	L78E	0.9943	pathogenic
P31749	L78F	0.9047	pathogenic
P31749	L78G	0.9939	pathogenic
P31749	L78H	0.9823	pathogenic
P31749	L78I	0.798	pathogenic
P31749	L78K	0.9688	pathogenic
P31749	L78M	0.7098	pathogenic
P31749	L78N	0.9948	pathogenic
P31749	L78P	0.9953	pathogenic
P31749	L78Q	0.9704	pathogenic
P31749	L78R	0.9285	pathogenic
P31749	L78S	0.9941	pathogenic
P31749	L78T	0.984	pathogenic
P31749	L78V	0.8535	pathogenic
P31749	L78W	0.9391	pathogenic
P31749	L78Y	0.9743	pathogenic
P31749	Q79A	0.8954	pathogenic
P31749	Q79C	0.9957	pathogenic
P31749	Q79D	0.994	pathogenic
P31749	Q79E	0.8486	pathogenic
P31749	Q79F	0.9896	pathogenic
P31749	Q79G	0.9437	pathogenic
P31749	Q79H	0.9717	pathogenic
P31749	Q79I	0.9822	pathogenic
P31749	Q79K	0.9673	pathogenic
P31749	Q79L	0.8942	pathogenic
P31749	Q79M	0.8984	pathogenic
P31749	Q79N	0.9394	pathogenic
P31749	Q79P	0.9931	pathogenic
P31749	Q79R	0.9539	pathogenic
P31749	Q79S	0.8438	pathogenic
P31749	Q79T	0.9314	pathogenic
P31749	Q79V	0.9629	pathogenic
P31749	Q79W	0.995	pathogenic
P31749	Q79Y	0.993	pathogenic
P31749	W80A	0.9781	pathogenic
P31749	W80C	0.9913	pathogenic
P31749	W80D	0.9949	pathogenic
P31749	W80E	0.9966	pathogenic
P31749	W80F	0.6446	pathogenic
P31749	W80G	0.8392	pathogenic
P31749	W80H	0.9886	pathogenic
P31749	W80I	0.9874	pathogenic
P31749	W80K	0.9979	pathogenic
P31749	W80L	0.8685	pathogenic
P31749	W80M	0.9096	pathogenic
P31749	W80N	0.991	pathogenic
P31749	W80P	0.9987	pathogenic
P31749	W80Q	0.9958	pathogenic
P31749	W80R	0.9961	pathogenic
P31749	W80S	0.9698	pathogenic
P31749	W80T	0.9921	pathogenic
P31749	W80V	0.9725	pathogenic
P31749	W80Y	0.8612	pathogenic
P31749	T81A	0.7884	pathogenic
P31749	T81C	0.9716	pathogenic
P31749	T81D	0.9763	pathogenic
P31749	T81E	0.9687	pathogenic
P31749	T81F	0.9842	pathogenic
P31749	T81G	0.8979	pathogenic
P31749	T81H	0.9593	pathogenic
P31749	T81I	0.9922	pathogenic
P31749	T81K	0.9615	pathogenic
P31749	T81L	0.9022	pathogenic
P31749	T81M	0.8082	pathogenic
P31749	T81N	0.8835	pathogenic
P31749	T81P	0.9637	pathogenic
P31749	T81Q	0.9238	pathogenic
P31749	T81R	0.9475	pathogenic
P31749	T81S	0.8773	pathogenic
P31749	T81V	0.9522	pathogenic
P31749	T81W	0.9949	pathogenic
P31749	T81Y	0.9849	pathogenic
P31749	T82A	0.305	benign
P31749	T82C	0.8741	pathogenic
P31749	T82D	0.9445	pathogenic
P31749	T82E	0.9091	pathogenic
P31749	T82F	0.9447	pathogenic
P31749	T82G	0.6389	pathogenic
P31749	T82H	0.8219	pathogenic
P31749	T82I	0.9351	pathogenic
P31749	T82K	0.9171	pathogenic
P31749	T82L	0.7672	pathogenic
P31749	T82M	0.4828	ambiguous
P31749	T82N	0.5638	ambiguous
P31749	T82P	0.979	pathogenic
P31749	T82Q	0.6675	pathogenic
P31749	T82R	0.8513	pathogenic
P31749	T82S	0.2482	benign
P31749	T82V	0.7202	pathogenic
P31749	T82W	0.979	pathogenic
P31749	T82Y	0.9324	pathogenic
P31749	V83A	0.9679	pathogenic
P31749	V83C	0.9805	pathogenic
P31749	V83D	0.9967	pathogenic
P31749	V83E	0.9882	pathogenic
P31749	V83F	0.7752	pathogenic
P31749	V83G	0.9775	pathogenic
P31749	V83H	0.9951	pathogenic
P31749	V83I	0.2078	benign
P31749	V83K	0.9956	pathogenic
P31749	V83L	0.8916	pathogenic
P31749	V83M	0.7874	pathogenic
P31749	V83N	0.9876	pathogenic
P31749	V83P	0.9946	pathogenic
P31749	V83Q	0.9886	pathogenic
P31749	V83R	0.9886	pathogenic
P31749	V83S	0.9789	pathogenic
P31749	V83T	0.9535	pathogenic
P31749	V83W	0.9964	pathogenic
P31749	V83Y	0.9771	pathogenic
P31749	I84A	0.9848	pathogenic
P31749	I84C	0.9967	pathogenic
P31749	I84D	0.9997	pathogenic
P31749	I84E	0.9975	pathogenic
P31749	I84F	0.9792	pathogenic
P31749	I84G	0.9988	pathogenic
P31749	I84H	0.9993	pathogenic
P31749	I84K	0.9974	pathogenic
P31749	I84L	0.8812	pathogenic
P31749	I84M	0.8513	pathogenic
P31749	I84N	0.9971	pathogenic
P31749	I84P	0.9987	pathogenic
P31749	I84Q	0.9975	pathogenic
P31749	I84R	0.9942	pathogenic
P31749	I84S	0.9927	pathogenic
P31749	I84T	0.9289	pathogenic
P31749	I84V	0.3831	ambiguous
P31749	I84W	0.998	pathogenic
P31749	I84Y	0.9977	pathogenic
P31749	E85A	0.995	pathogenic
P31749	E85C	0.9988	pathogenic
P31749	E85D	0.9932	pathogenic
P31749	E85F	0.9998	pathogenic
P31749	E85G	0.9935	pathogenic
P31749	E85H	0.9991	pathogenic
P31749	E85I	0.9987	pathogenic
P31749	E85K	0.9978	pathogenic
P31749	E85L	0.999	pathogenic
P31749	E85M	0.999	pathogenic
P31749	E85N	0.9988	pathogenic
P31749	E85P	0.9998	pathogenic
P31749	E85Q	0.9793	pathogenic
P31749	E85R	0.9971	pathogenic
P31749	E85S	0.9926	pathogenic
P31749	E85T	0.9959	pathogenic
P31749	E85V	0.9965	pathogenic
P31749	E85W	0.9998	pathogenic
P31749	E85Y	0.9996	pathogenic
P31749	R86A	0.9996	pathogenic
P31749	R86C	0.998	pathogenic
P31749	R86D	0.9987	pathogenic
P31749	R86E	0.9928	pathogenic
P31749	R86F	0.9998	pathogenic
P31749	R86G	0.9985	pathogenic
P31749	R86H	0.9947	pathogenic
P31749	R86I	0.9993	pathogenic
P31749	R86K	0.9876	pathogenic
P31749	R86L	0.9985	pathogenic
P31749	R86M	0.9998	pathogenic
P31749	R86N	0.9992	pathogenic
P31749	R86P	0.9999	pathogenic
P31749	R86Q	0.9963	pathogenic
P31749	R86S	0.9998	pathogenic
P31749	R86T	0.9997	pathogenic
P31749	R86V	0.9991	pathogenic
P31749	R86W	0.9972	pathogenic
P31749	R86Y	0.9981	pathogenic
P31749	T87A	0.6451	pathogenic
P31749	T87C	0.8813	pathogenic
P31749	T87D	0.9908	pathogenic
P31749	T87E	0.9826	pathogenic
P31749	T87F	0.8986	pathogenic
P31749	T87G	0.9278	pathogenic
P31749	T87H	0.9128	pathogenic
P31749	T87I	0.7328	pathogenic
P31749	T87K	0.9772	pathogenic
P31749	T87L	0.4876	ambiguous
P31749	T87M	0.2678	benign
P31749	T87N	0.7411	pathogenic
P31749	T87P	0.9512	pathogenic
P31749	T87Q	0.8902	pathogenic
P31749	T87R	0.9653	pathogenic
P31749	T87S	0.6661	pathogenic
P31749	T87V	0.5779	pathogenic
P31749	T87W	0.9785	pathogenic
P31749	T87Y	0.8982	pathogenic
P31749	F88A	0.9991	pathogenic
P31749	F88C	0.9966	pathogenic
P31749	F88D	1.0	pathogenic
P31749	F88E	0.9999	pathogenic
P31749	F88G	0.9995	pathogenic
P31749	F88H	0.9994	pathogenic
P31749	F88I	0.9929	pathogenic
P31749	F88K	0.9999	pathogenic
P31749	F88L	0.9978	pathogenic
P31749	F88M	0.9935	pathogenic
P31749	F88N	0.9998	pathogenic
P31749	F88P	1.0	pathogenic
P31749	F88Q	0.9998	pathogenic
P31749	F88R	0.9996	pathogenic
P31749	F88S	0.9996	pathogenic
P31749	F88T	0.9997	pathogenic
P31749	F88V	0.9915	pathogenic
P31749	F88W	0.9921	pathogenic
P31749	F88Y	0.9711	pathogenic
P31749	H89A	0.7217	pathogenic
P31749	H89C	0.1934	benign
P31749	H89D	0.943	pathogenic
P31749	H89E	0.9525	pathogenic
P31749	H89F	0.4064	ambiguous
P31749	H89G	0.8391	pathogenic
P31749	H89I	0.8968	pathogenic
P31749	H89K	0.9563	pathogenic
P31749	H89L	0.6907	pathogenic
P31749	H89M	0.8604	pathogenic
P31749	H89N	0.4323	ambiguous
P31749	H89P	0.9916	pathogenic
P31749	H89Q	0.6984	pathogenic
P31749	H89R	0.7792	pathogenic
P31749	H89S	0.4841	ambiguous
P31749	H89T	0.8194	pathogenic
P31749	H89V	0.8264	pathogenic
P31749	H89W	0.5914	pathogenic
P31749	H89Y	0.2184	benign
P31749	V90A	0.4682	ambiguous
P31749	V90C	0.7904	pathogenic
P31749	V90D	0.9965	pathogenic
P31749	V90E	0.9908	pathogenic
P31749	V90F	0.984	pathogenic
P31749	V90G	0.7532	pathogenic
P31749	V90H	0.9975	pathogenic
P31749	V90I	0.4934	ambiguous
P31749	V90K	0.9933	pathogenic
P31749	V90L	0.9158	pathogenic
P31749	V90M	0.9153	pathogenic
P31749	V90N	0.9867	pathogenic
P31749	V90P	0.9973	pathogenic
P31749	V90Q	0.9878	pathogenic
P31749	V90R	0.9824	pathogenic
P31749	V90S	0.7692	pathogenic
P31749	V90T	0.3886	ambiguous
P31749	V90W	0.9996	pathogenic
P31749	V90Y	0.9985	pathogenic
P31749	E91A	0.2753	benign
P31749	E91C	0.8886	pathogenic
P31749	E91D	0.0616	benign
P31749	E91F	0.8963	pathogenic
P31749	E91G	0.2881	benign
P31749	E91H	0.6764	pathogenic
P31749	E91I	0.699	pathogenic
P31749	E91K	0.5175	ambiguous
P31749	E91L	0.6314	pathogenic
P31749	E91M	0.7352	pathogenic
P31749	E91N	0.2764	benign
P31749	E91P	0.6825	pathogenic
P31749	E91Q	0.2909	benign
P31749	E91R	0.6106	pathogenic
P31749	E91S	0.2747	benign
P31749	E91T	0.4186	ambiguous
P31749	E91V	0.4785	ambiguous
P31749	E91W	0.9611	pathogenic
P31749	E91Y	0.8128	pathogenic
P31749	T92A	0.1767	benign
P31749	T92C	0.3567	ambiguous
P31749	T92D	0.3551	ambiguous
P31749	T92E	0.4326	ambiguous
P31749	T92F	0.5136	ambiguous
P31749	T92G	0.2379	benign
P31749	T92H	0.2423	benign
P31749	T92I	0.6199	pathogenic
P31749	T92K	0.3325	benign
P31749	T92L	0.244	benign
P31749	T92M	0.1576	benign
P31749	T92N	0.1051	benign
P31749	T92P	0.8789	pathogenic
P31749	T92Q	0.3037	benign
P31749	T92R	0.3058	benign
P31749	T92S	0.0869	benign
P31749	T92V	0.4623	ambiguous
P31749	T92W	0.7032	pathogenic
P31749	T92Y	0.3759	ambiguous
P31749	P93A	0.0604	benign
P31749	P93C	0.379	ambiguous
P31749	P93D	0.3536	ambiguous
P31749	P93E	0.2075	benign
P31749	P93F	0.3955	ambiguous
P31749	P93G	0.2563	benign
P31749	P93H	0.1748	benign
P31749	P93I	0.2316	benign
P31749	P93K	0.2698	benign
P31749	P93L	0.1006	benign
P31749	P93M	0.2074	benign
P31749	P93N	0.2147	benign
P31749	P93Q	0.1266	benign
P31749	P93R	0.1814	benign
P31749	P93S	0.1102	benign
P31749	P93T	0.1012	benign
P31749	P93V	0.1457	benign
P31749	P93W	0.5446	ambiguous
P31749	P93Y	0.3942	ambiguous
P31749	E94A	0.0816	benign
P31749	E94C	0.6195	pathogenic
P31749	E94D	0.1035	benign
P31749	E94F	0.5549	ambiguous
P31749	E94G	0.1128	benign
P31749	E94H	0.2574	benign
P31749	E94I	0.2328	benign
P31749	E94K	0.1053	benign
P31749	E94L	0.2014	benign
P31749	E94M	0.2738	benign
P31749	E94N	0.1888	benign
P31749	E94P	0.5477	ambiguous
P31749	E94Q	0.0823	benign
P31749	E94R	0.1483	benign
P31749	E94S	0.1211	benign
P31749	E94T	0.1401	benign
P31749	E94V	0.144	benign
P31749	E94W	0.7149	pathogenic
P31749	E94Y	0.4568	ambiguous
P31749	E95A	0.3786	ambiguous
P31749	E95C	0.9681	pathogenic
P31749	E95D	0.3542	ambiguous
P31749	E95F	0.9735	pathogenic
P31749	E95G	0.5685	pathogenic
P31749	E95H	0.9313	pathogenic
P31749	E95I	0.7571	pathogenic
P31749	E95K	0.7309	pathogenic
P31749	E95L	0.7706	pathogenic
P31749	E95M	0.7402	pathogenic
P31749	E95N	0.7926	pathogenic
P31749	E95P	0.9948	pathogenic
P31749	E95Q	0.4099	ambiguous
P31749	E95R	0.8671	pathogenic
P31749	E95S	0.6961	pathogenic
P31749	E95T	0.7117	pathogenic
P31749	E95V	0.6007	pathogenic
P31749	E95W	0.9934	pathogenic
P31749	E95Y	0.9613	pathogenic
P31749	R96A	0.9885	pathogenic
P31749	R96C	0.9741	pathogenic
P31749	R96D	0.9989	pathogenic
P31749	R96E	0.9776	pathogenic
P31749	R96F	0.9996	pathogenic
P31749	R96G	0.986	pathogenic
P31749	R96H	0.9893	pathogenic
P31749	R96I	0.9948	pathogenic
P31749	R96K	0.8851	pathogenic
P31749	R96L	0.9847	pathogenic
P31749	R96M	0.9964	pathogenic
P31749	R96N	0.9984	pathogenic
P31749	R96P	0.9994	pathogenic
P31749	R96Q	0.904	pathogenic
P31749	R96S	0.9984	pathogenic
P31749	R96T	0.9961	pathogenic
P31749	R96V	0.9918	pathogenic
P31749	R96W	0.9934	pathogenic
P31749	R96Y	0.9975	pathogenic
P31749	E97A	0.145	benign
P31749	E97C	0.7565	pathogenic
P31749	E97D	0.1149	benign
P31749	E97F	0.729	pathogenic
P31749	E97G	0.2176	benign
P31749	E97H	0.4251	ambiguous
P31749	E97I	0.341	ambiguous
P31749	E97K	0.2093	benign
P31749	E97L	0.2972	benign
P31749	E97M	0.3609	ambiguous
P31749	E97N	0.2264	benign
P31749	E97P	0.9771	pathogenic
P31749	E97Q	0.1269	benign
P31749	E97R	0.2786	benign
P31749	E97S	0.2066	benign
P31749	E97T	0.2179	benign
P31749	E97V	0.2181	benign
P31749	E97W	0.8542	pathogenic
P31749	E97Y	0.6013	pathogenic
P31749	E98A	0.0826	benign
P31749	E98C	0.6521	pathogenic
P31749	E98D	0.1267	benign
P31749	E98F	0.5596	ambiguous
P31749	E98G	0.1432	benign
P31749	E98H	0.3627	ambiguous
P31749	E98I	0.2337	benign
P31749	E98K	0.1794	benign
P31749	E98L	0.2211	benign
P31749	E98M	0.262	benign
P31749	E98N	0.2237	benign
P31749	E98P	0.9602	pathogenic
P31749	E98Q	0.0945	benign
P31749	E98R	0.2414	benign
P31749	E98S	0.146	benign
P31749	E98T	0.1583	benign
P31749	E98V	0.1551	benign
P31749	E98W	0.8014	pathogenic
P31749	E98Y	0.4945	ambiguous
P31749	W99A	0.9987	pathogenic
P31749	W99C	0.9997	pathogenic
P31749	W99D	0.9998	pathogenic
P31749	W99E	0.9998	pathogenic
P31749	W99F	0.8731	pathogenic
P31749	W99G	0.9966	pathogenic
P31749	W99H	0.9994	pathogenic
P31749	W99I	0.993	pathogenic
P31749	W99K	0.9999	pathogenic
P31749	W99L	0.9813	pathogenic
P31749	W99M	0.9944	pathogenic
P31749	W99N	0.9998	pathogenic
P31749	W99P	1.0	pathogenic
P31749	W99Q	0.9999	pathogenic
P31749	W99R	0.9999	pathogenic
P31749	W99S	0.9994	pathogenic
P31749	W99T	0.9992	pathogenic
P31749	W99V	0.9955	pathogenic
P31749	W99Y	0.9728	pathogenic
P31749	T100A	0.0912	benign
P31749	T100C	0.2116	benign
P31749	T100D	0.864	pathogenic
P31749	T100E	0.5822	pathogenic
P31749	T100F	0.437	ambiguous
P31749	T100G	0.3262	benign
P31749	T100H	0.553	ambiguous
P31749	T100I	0.1373	benign
P31749	T100K	0.4973	ambiguous
P31749	T100L	0.0901	benign
P31749	T100M	0.0653	benign
P31749	T100N	0.3323	benign
P31749	T100P	0.9523	pathogenic
P31749	T100Q	0.3592	ambiguous
P31749	T100R	0.4295	ambiguous
P31749	T100S	0.1839	benign
P31749	T100V	0.099	benign
P31749	T100W	0.7777	pathogenic
P31749	T100Y	0.5322	ambiguous
P31749	T101A	0.0511	benign
P31749	T101C	0.1523	benign
P31749	T101D	0.1548	benign
P31749	T101E	0.094	benign
P31749	T101F	0.1313	benign
P31749	T101G	0.1109	benign
P31749	T101H	0.0877	benign
P31749	T101I	0.0876	benign
P31749	T101K	0.0597	benign
P31749	T101L	0.054	benign
P31749	T101M	0.0568	benign
P31749	T101N	0.0762	benign
P31749	T101P	0.8175	pathogenic
P31749	T101Q	0.0666	benign
P31749	T101R	0.0511	benign
P31749	T101S	0.07	benign
P31749	T101V	0.0743	benign
P31749	T101W	0.2713	benign
P31749	T101Y	0.1471	benign
P31749	A102C	0.3219	benign
P31749	A102D	0.867	pathogenic
P31749	A102E	0.7674	pathogenic
P31749	A102F	0.6931	pathogenic
P31749	A102G	0.4434	ambiguous
P31749	A102H	0.7065	pathogenic
P31749	A102I	0.5013	ambiguous
P31749	A102K	0.88	pathogenic
P31749	A102L	0.4812	ambiguous
P31749	A102M	0.4473	ambiguous
P31749	A102N	0.6709	pathogenic
P31749	A102P	0.9941	pathogenic
P31749	A102Q	0.6784	pathogenic
P31749	A102R	0.7909	pathogenic
P31749	A102S	0.138	benign
P31749	A102T	0.2072	benign
P31749	A102V	0.2401	benign
P31749	A102W	0.922	pathogenic
P31749	A102Y	0.7683	pathogenic
P31749	I103A	0.9924	pathogenic
P31749	I103C	0.9961	pathogenic
P31749	I103D	1.0	pathogenic
P31749	I103E	0.9997	pathogenic
P31749	I103F	0.912	pathogenic
P31749	I103G	0.9996	pathogenic
P31749	I103H	0.9998	pathogenic
P31749	I103K	0.9994	pathogenic
P31749	I103L	0.5185	ambiguous
P31749	I103M	0.6307	pathogenic
P31749	I103N	0.9995	pathogenic
P31749	I103P	0.9997	pathogenic
P31749	I103Q	0.9994	pathogenic
P31749	I103R	0.9988	pathogenic
P31749	I103S	0.9976	pathogenic
P31749	I103T	0.9967	pathogenic
P31749	I103V	0.3909	ambiguous
P31749	I103W	0.9987	pathogenic
P31749	I103Y	0.9971	pathogenic
P31749	Q104A	0.3314	benign
P31749	Q104C	0.6791	pathogenic
P31749	Q104D	0.7783	pathogenic
P31749	Q104E	0.1315	benign
P31749	Q104F	0.8732	pathogenic
P31749	Q104G	0.4299	ambiguous
P31749	Q104H	0.3689	ambiguous
P31749	Q104I	0.584	pathogenic
P31749	Q104K	0.1228	benign
P31749	Q104L	0.2597	benign
P31749	Q104M	0.4617	ambiguous
P31749	Q104N	0.5609	ambiguous
P31749	Q104P	0.9761	pathogenic
P31749	Q104R	0.1307	benign
P31749	Q104S	0.4342	ambiguous
P31749	Q104T	0.3288	benign
P31749	Q104V	0.4136	ambiguous
P31749	Q104W	0.7648	pathogenic
P31749	Q104Y	0.725	pathogenic
P31749	T105A	0.0552	benign
P31749	T105C	0.1614	benign
P31749	T105D	0.1786	benign
P31749	T105E	0.1286	benign
P31749	T105F	0.1181	benign
P31749	T105G	0.121	benign
P31749	T105H	0.099	benign
P31749	T105I	0.1122	benign
P31749	T105K	0.0941	benign
P31749	T105L	0.0638	benign
P31749	T105M	0.056	benign
P31749	T105N	0.0743	benign
P31749	T105P	0.9088	pathogenic
P31749	T105Q	0.0934	benign
P31749	T105R	0.0768	benign
P31749	T105S	0.073	benign
P31749	T105V	0.0887	benign
P31749	T105W	0.2841	benign
P31749	T105Y	0.1323	benign
P31749	V106A	0.8985	pathogenic
P31749	V106C	0.9885	pathogenic
P31749	V106D	0.9997	pathogenic
P31749	V106E	0.9964	pathogenic
P31749	V106F	0.9827	pathogenic
P31749	V106G	0.9879	pathogenic
P31749	V106H	0.9988	pathogenic
P31749	V106I	0.2323	benign
P31749	V106K	0.9958	pathogenic
P31749	V106L	0.9663	pathogenic
P31749	V106M	0.9402	pathogenic
P31749	V106N	0.9979	pathogenic
P31749	V106P	0.9993	pathogenic
P31749	V106Q	0.9945	pathogenic
P31749	V106R	0.99	pathogenic
P31749	V106S	0.9846	pathogenic
P31749	V106T	0.8734	pathogenic
P31749	V106W	0.9997	pathogenic
P31749	V106Y	0.9985	pathogenic
P31749	A107C	0.6032	pathogenic
P31749	A107D	0.9588	pathogenic
P31749	A107E	0.8798	pathogenic
P31749	A107F	0.8689	pathogenic
P31749	A107G	0.4251	ambiguous
P31749	A107H	0.8527	pathogenic
P31749	A107I	0.7594	pathogenic
P31749	A107K	0.913	pathogenic
P31749	A107L	0.6912	pathogenic
P31749	A107M	0.6319	pathogenic
P31749	A107N	0.8245	pathogenic
P31749	A107P	0.9978	pathogenic
P31749	A107Q	0.7261	pathogenic
P31749	A107R	0.7827	pathogenic
P31749	A107S	0.1454	benign
P31749	A107T	0.347	ambiguous
P31749	A107V	0.4356	ambiguous
P31749	A107W	0.9629	pathogenic
P31749	A107Y	0.8863	pathogenic
P31749	D108A	0.1019	benign
P31749	D108C	0.3939	ambiguous
P31749	D108E	0.083	benign
P31749	D108F	0.4935	ambiguous
P31749	D108G	0.1444	benign
P31749	D108H	0.2217	benign
P31749	D108I	0.3018	benign
P31749	D108K	0.2701	benign
P31749	D108L	0.2569	benign
P31749	D108M	0.389	ambiguous
P31749	D108N	0.0731	benign
P31749	D108P	0.9514	pathogenic
P31749	D108Q	0.1891	benign
P31749	D108R	0.2787	benign
P31749	D108S	0.0852	benign
P31749	D108T	0.1603	benign
P31749	D108V	0.1798	benign
P31749	D108W	0.7759	pathogenic
P31749	D108Y	0.2144	benign
P31749	G109A	0.0717	benign
P31749	G109C	0.0969	benign
P31749	G109D	0.1517	benign
P31749	G109E	0.1324	benign
P31749	G109F	0.2399	benign
P31749	G109H	0.1453	benign
P31749	G109I	0.1214	benign
P31749	G109K	0.1825	benign
P31749	G109L	0.1636	benign
P31749	G109M	0.1789	benign
P31749	G109N	0.1151	benign
P31749	G109P	0.9692	pathogenic
P31749	G109Q	0.1384	benign
P31749	G109R	0.1309	benign
P31749	G109S	0.0617	benign
P31749	G109T	0.069	benign
P31749	G109V	0.0952	benign
P31749	G109W	0.2431	benign
P31749	G109Y	0.179	benign
P31749	L110A	0.83	pathogenic
P31749	L110C	0.7562	pathogenic
P31749	L110D	0.9874	pathogenic
P31749	L110E	0.8837	pathogenic
P31749	L110F	0.5629	ambiguous
P31749	L110G	0.9363	pathogenic
P31749	L110H	0.7823	pathogenic
P31749	L110I	0.1874	benign
P31749	L110K	0.6761	pathogenic
P31749	L110M	0.2431	benign
P31749	L110N	0.8914	pathogenic
P31749	L110P	0.9787	pathogenic
P31749	L110Q	0.5873	pathogenic
P31749	L110R	0.5945	pathogenic
P31749	L110S	0.9193	pathogenic
P31749	L110T	0.8434	pathogenic
P31749	L110V	0.2405	benign
P31749	L110W	0.7476	pathogenic
P31749	L110Y	0.8352	pathogenic
P31749	K111A	0.2341	benign
P31749	K111C	0.4046	ambiguous
P31749	K111D	0.5521	ambiguous
P31749	K111E	0.1451	benign
P31749	K111F	0.7115	pathogenic
P31749	K111G	0.276	benign
P31749	K111H	0.198	benign
P31749	K111I	0.3548	ambiguous
P31749	K111L	0.2307	benign
P31749	K111M	0.1985	benign
P31749	K111N	0.3425	ambiguous
P31749	K111P	0.7771	pathogenic
P31749	K111Q	0.0665	benign
P31749	K111R	0.07	benign
P31749	K111S	0.2817	benign
P31749	K111T	0.1694	benign
P31749	K111V	0.2959	benign
P31749	K111W	0.5889	pathogenic
P31749	K111Y	0.5561	ambiguous
P31749	K112A	0.1549	benign
P31749	K112C	0.2639	benign
P31749	K112D	0.2652	benign
P31749	K112E	0.096	benign
P31749	K112F	0.4195	ambiguous
P31749	K112G	0.1603	benign
P31749	K112H	0.1445	benign
P31749	K112I	0.1621	benign
P31749	K112L	0.1311	benign
P31749	K112M	0.1079	benign
P31749	K112N	0.1825	benign
P31749	K112P	0.5079	ambiguous
P31749	K112Q	0.0675	benign
P31749	K112R	0.0639	benign
P31749	K112S	0.1744	benign
P31749	K112T	0.1041	benign
P31749	K112V	0.1537	benign
P31749	K112W	0.3449	ambiguous
P31749	K112Y	0.3145	benign
P31749	Q113A	0.1311	benign
P31749	Q113C	0.336	benign
P31749	Q113D	0.205	benign
P31749	Q113E	0.0699	benign
P31749	Q113F	0.5019	ambiguous
P31749	Q113G	0.1318	benign
P31749	Q113H	0.1439	benign
P31749	Q113I	0.235	benign
P31749	Q113K	0.0723	benign
P31749	Q113L	0.0988	benign
P31749	Q113M	0.2218	benign
P31749	Q113N	0.1833	benign
P31749	Q113P	0.1302	benign
P31749	Q113R	0.0755	benign
P31749	Q113S	0.1733	benign
P31749	Q113T	0.1244	benign
P31749	Q113V	0.1542	benign
P31749	Q113W	0.3098	benign
P31749	Q113Y	0.3022	benign
P31749	E114A	0.1171	benign
P31749	E114C	0.6252	pathogenic
P31749	E114D	0.1068	benign
P31749	E114F	0.6313	pathogenic
P31749	E114G	0.0908	benign
P31749	E114H	0.3391	benign
P31749	E114I	0.2886	benign
P31749	E114K	0.1234	benign
P31749	E114L	0.2707	benign
P31749	E114M	0.3351	benign
P31749	E114N	0.2047	benign
P31749	E114P	0.345	ambiguous
P31749	E114Q	0.1091	benign
P31749	E114R	0.1931	benign
P31749	E114S	0.1652	benign
P31749	E114T	0.162	benign
P31749	E114V	0.164	benign
P31749	E114W	0.75	pathogenic
P31749	E114Y	0.4958	ambiguous
P31749	E115A	0.0975	benign
P31749	E115C	0.5213	ambiguous
P31749	E115D	0.0823	benign
P31749	E115F	0.5192	ambiguous
P31749	E115G	0.0814	benign
P31749	E115H	0.2895	benign
P31749	E115I	0.2001	benign
P31749	E115K	0.1052	benign
P31749	E115L	0.2017	benign
P31749	E115M	0.2447	benign
P31749	E115N	0.1495	benign
P31749	E115P	0.3002	benign
P31749	E115Q	0.1069	benign
P31749	E115R	0.1676	benign
P31749	E115S	0.1356	benign
P31749	E115T	0.1242	benign
P31749	E115V	0.1254	benign
P31749	E115W	0.6674	pathogenic
P31749	E115Y	0.3811	ambiguous
P31749	E116A	0.0934	benign
P31749	E116C	0.4957	ambiguous
P31749	E116D	0.0789	benign
P31749	E116F	0.4647	ambiguous
P31749	E116G	0.0789	benign
P31749	E116H	0.2624	benign
P31749	E116I	0.1978	benign
P31749	E116K	0.0973	benign
P31749	E116L	0.1849	benign
P31749	E116M	0.2334	benign
P31749	E116N	0.1417	benign
P31749	E116P	0.2911	benign
P31749	E116Q	0.1	benign
P31749	E116R	0.1563	benign
P31749	E116S	0.1258	benign
P31749	E116T	0.1187	benign
P31749	E116V	0.1208	benign
P31749	E116W	0.6195	pathogenic
P31749	E116Y	0.3404	ambiguous
P31749	E117A	0.0703	benign
P31749	E117C	0.3648	ambiguous
P31749	E117D	0.0815	benign
P31749	E117F	0.3102	benign
P31749	E117G	0.0765	benign
P31749	E117H	0.1696	benign
P31749	E117I	0.1181	benign
P31749	E117K	0.0729	benign
P31749	E117L	0.0988	benign
P31749	E117M	0.0996	benign
P31749	E117N	0.1024	benign
P31749	E117P	0.1541	benign
P31749	E117Q	0.0716	benign
P31749	E117R	0.1017	benign
P31749	E117S	0.0894	benign
P31749	E117T	0.0729	benign
P31749	E117V	0.0763	benign
P31749	E117W	0.4302	ambiguous
P31749	E117Y	0.249	benign
P31749	M118A	0.2103	benign
P31749	M118C	0.5055	ambiguous
P31749	M118D	0.4258	ambiguous
P31749	M118E	0.2513	benign
P31749	M118F	0.2679	benign
P31749	M118G	0.2843	benign
P31749	M118H	0.3637	ambiguous
P31749	M118I	0.2174	benign
P31749	M118K	0.1563	benign
P31749	M118L	0.1126	benign
P31749	M118N	0.2725	benign
P31749	M118P	0.3138	benign
P31749	M118Q	0.2131	benign
P31749	M118R	0.1523	benign
P31749	M118S	0.2552	benign
P31749	M118T	0.1479	benign
P31749	M118V	0.0894	benign
P31749	M118W	0.4186	ambiguous
P31749	M118Y	0.3905	ambiguous
P31749	D119A	0.098	benign
P31749	D119C	0.2622	benign
P31749	D119E	0.0973	benign
P31749	D119F	0.2844	benign
P31749	D119G	0.0951	benign
P31749	D119H	0.1633	benign
P31749	D119I	0.1516	benign
P31749	D119K	0.2443	benign
P31749	D119L	0.1614	benign
P31749	D119M	0.2925	benign
P31749	D119N	0.0824	benign
P31749	D119P	0.2875	benign
P31749	D119Q	0.1712	benign
P31749	D119R	0.2402	benign
P31749	D119S	0.0894	benign
P31749	D119T	0.1265	benign
P31749	D119V	0.0981	benign
P31749	D119W	0.6066	pathogenic
P31749	D119Y	0.1324	benign
P31749	F120A	0.1293	benign
P31749	F120C	0.0708	benign
P31749	F120D	0.1872	benign
P31749	F120E	0.282	benign
P31749	F120G	0.1817	benign
P31749	F120H	0.2127	benign
P31749	F120I	0.0635	benign
P31749	F120K	0.3332	benign
P31749	F120L	0.3213	benign
P31749	F120M	0.174	benign
P31749	F120N	0.1493	benign
P31749	F120P	0.3355	benign
P31749	F120Q	0.2643	benign
P31749	F120R	0.2448	benign
P31749	F120S	0.0936	benign
P31749	F120T	0.1207	benign
P31749	F120V	0.0646	benign
P31749	F120W	0.1991	benign
P31749	F120Y	0.0813	benign
P31749	R121A	0.1274	benign
P31749	R121C	0.0751	benign
P31749	R121D	0.2057	benign
P31749	R121E	0.1486	benign
P31749	R121F	0.207	benign
P31749	R121G	0.0824	benign
P31749	R121H	0.0714	benign
P31749	R121I	0.1067	benign
P31749	R121K	0.0729	benign
P31749	R121L	0.0941	benign
P31749	R121M	0.1355	benign
P31749	R121N	0.2066	benign
P31749	R121P	0.1296	benign
P31749	R121Q	0.0699	benign
P31749	R121S	0.1381	benign
P31749	R121T	0.0972	benign
P31749	R121V	0.1258	benign
P31749	R121W	0.1015	benign
P31749	R121Y	0.155	benign
P31749	S122A	0.0649	benign
P31749	S122C	0.0664	benign
P31749	S122D	0.206	benign
P31749	S122E	0.2624	benign
P31749	S122F	0.1042	benign
P31749	S122G	0.0662	benign
P31749	S122H	0.1809	benign
P31749	S122I	0.1096	benign
P31749	S122K	0.3703	ambiguous
P31749	S122L	0.0765	benign
P31749	S122M	0.1308	benign
P31749	S122N	0.0989	benign
P31749	S122P	0.0743	benign
P31749	S122Q	0.269	benign
P31749	S122R	0.3177	benign
P31749	S122T	0.0691	benign
P31749	S122V	0.1056	benign
P31749	S122W	0.1656	benign
P31749	S122Y	0.0996	benign
P31749	G123A	0.077	benign
P31749	G123C	0.09	benign
P31749	G123D	0.1357	benign
P31749	G123E	0.1404	benign
P31749	G123F	0.2387	benign
P31749	G123H	0.1939	benign
P31749	G123I	0.111	benign
P31749	G123K	0.249	benign
P31749	G123L	0.1554	benign
P31749	G123M	0.2078	benign
P31749	G123N	0.1644	benign
P31749	G123P	0.2702	benign
P31749	G123Q	0.1798	benign
P31749	G123R	0.1674	benign
P31749	G123S	0.071	benign
P31749	G123T	0.0818	benign
P31749	G123V	0.0771	benign
P31749	G123W	0.2114	benign
P31749	G123Y	0.1867	benign
P31749	S124A	0.0814	benign
P31749	S124C	0.0743	benign
P31749	S124D	0.2679	benign
P31749	S124E	0.3438	ambiguous
P31749	S124F	0.0966	benign
P31749	S124G	0.0838	benign
P31749	S124H	0.2315	benign
P31749	S124I	0.0981	benign
P31749	S124K	0.4958	ambiguous
P31749	S124L	0.0693	benign
P31749	S124M	0.137	benign
P31749	S124N	0.118	benign
P31749	S124P	0.0975	benign
P31749	S124Q	0.3476	ambiguous
P31749	S124R	0.4442	ambiguous
P31749	S124T	0.0738	benign
P31749	S124V	0.1032	benign
P31749	S124W	0.2203	benign
P31749	S124Y	0.1142	benign
P31749	P125A	0.0654	benign
P31749	P125C	0.1752	benign
P31749	P125D	0.2126	benign
P31749	P125E	0.1689	benign
P31749	P125F	0.1786	benign
P31749	P125G	0.1534	benign
P31749	P125H	0.0994	benign
P31749	P125I	0.1268	benign
P31749	P125K	0.1863	benign
P31749	P125L	0.074	benign
P31749	P125M	0.1616	benign
P31749	P125N	0.1631	benign
P31749	P125Q	0.0964	benign
P31749	P125R	0.1184	benign
P31749	P125S	0.0752	benign
P31749	P125T	0.0701	benign
P31749	P125V	0.0955	benign
P31749	P125W	0.299	benign
P31749	P125Y	0.1893	benign
P31749	S126A	0.0643	benign
P31749	S126C	0.0668	benign
P31749	S126D	0.1521	benign
P31749	S126E	0.1978	benign
P31749	S126F	0.1234	benign
P31749	S126G	0.0566	benign
P31749	S126H	0.1579	benign
P31749	S126I	0.0843	benign
P31749	S126K	0.2723	benign
P31749	S126L	0.0749	benign
P31749	S126M	0.118	benign
P31749	S126N	0.0854	benign
P31749	S126P	0.1072	benign
P31749	S126Q	0.2123	benign
P31749	S126R	0.2258	benign
P31749	S126T	0.0628	benign
P31749	S126V	0.083	benign
P31749	S126W	0.1853	benign
P31749	S126Y	0.1217	benign
P31749	D127A	0.1167	benign
P31749	D127C	0.2384	benign
P31749	D127E	0.071	benign
P31749	D127F	0.3242	benign
P31749	D127G	0.0899	benign
P31749	D127H	0.1683	benign
P31749	D127I	0.1923	benign
P31749	D127K	0.2113	benign
P31749	D127L	0.1997	benign
P31749	D127M	0.3325	benign
P31749	D127N	0.089	benign
P31749	D127P	0.3406	ambiguous
P31749	D127Q	0.1507	benign
P31749	D127R	0.209	benign
P31749	D127S	0.0896	benign
P31749	D127T	0.139	benign
P31749	D127V	0.13	benign
P31749	D127W	0.5949	pathogenic
P31749	D127Y	0.1465	benign
P31749	N128A	0.076	benign
P31749	N128C	0.0829	benign
P31749	N128D	0.0687	benign
P31749	N128E	0.1468	benign
P31749	N128F	0.1641	benign
P31749	N128G	0.0954	benign
P31749	N128H	0.065	benign
P31749	N128I	0.0733	benign
P31749	N128K	0.1371	benign
P31749	N128L	0.0885	benign
P31749	N128M	0.1417	benign
P31749	N128P	0.1458	benign
P31749	N128Q	0.1343	benign
P31749	N128R	0.1348	benign
P31749	N128S	0.0547	benign
P31749	N128T	0.0612	benign
P31749	N128V	0.0734	benign
P31749	N128W	0.3696	ambiguous
P31749	N128Y	0.0769	benign
P31749	S129A	0.0637	benign
P31749	S129C	0.071	benign
P31749	S129D	0.1882	benign
P31749	S129E	0.2505	benign
P31749	S129F	0.1065	benign
P31749	S129G	0.0627	benign
P31749	S129H	0.1748	benign
P31749	S129I	0.0867	benign
P31749	S129K	0.3406	ambiguous
P31749	S129L	0.0678	benign
P31749	S129M	0.1189	benign
P31749	S129N	0.092	benign
P31749	S129P	0.0862	benign
P31749	S129Q	0.2589	benign
P31749	S129R	0.2751	benign
P31749	S129T	0.0615	benign
P31749	S129V	0.0906	benign
P31749	S129W	0.1801	benign
P31749	S129Y	0.111	benign
P31749	G130A	0.0681	benign
P31749	G130C	0.0917	benign
P31749	G130D	0.1077	benign
P31749	G130E	0.1101	benign
P31749	G130F	0.1917	benign
P31749	G130H	0.1656	benign
P31749	G130I	0.0911	benign
P31749	G130K	0.2017	benign
P31749	G130L	0.1211	benign
P31749	G130M	0.1531	benign
P31749	G130N	0.1286	benign
P31749	G130P	0.2261	benign
P31749	G130Q	0.1522	benign
P31749	G130R	0.1482	benign
P31749	G130S	0.0677	benign
P31749	G130T	0.0693	benign
P31749	G130V	0.0671	benign
P31749	G130W	0.183	benign
P31749	G130Y	0.1628	benign
P31749	A131C	0.187	benign
P31749	A131D	0.1202	benign
P31749	A131E	0.1106	benign
P31749	A131F	0.141	benign
P31749	A131G	0.0753	benign
P31749	A131H	0.2009	benign
P31749	A131I	0.0966	benign
P31749	A131K	0.1877	benign
P31749	A131L	0.0737	benign
P31749	A131M	0.0928	benign
P31749	A131N	0.1168	benign
P31749	A131P	0.0856	benign
P31749	A131Q	0.1458	benign
P31749	A131R	0.1843	benign
P31749	A131S	0.0692	benign
P31749	A131T	0.0623	benign
P31749	A131V	0.0699	benign
P31749	A131W	0.3117	benign
P31749	A131Y	0.1899	benign
P31749	E132A	0.1273	benign
P31749	E132C	0.6242	pathogenic
P31749	E132D	0.0954	benign
P31749	E132F	0.5897	pathogenic
P31749	E132G	0.102	benign
P31749	E132H	0.3387	benign
P31749	E132I	0.307	benign
P31749	E132K	0.1251	benign
P31749	E132L	0.2637	benign
P31749	E132M	0.3303	benign
P31749	E132N	0.2076	benign
P31749	E132P	0.3609	ambiguous
P31749	E132Q	0.1193	benign
P31749	E132R	0.1902	benign
P31749	E132S	0.1477	benign
P31749	E132T	0.1761	benign
P31749	E132V	0.1742	benign
P31749	E132W	0.7402	pathogenic
P31749	E132Y	0.4666	ambiguous
P31749	E133A	0.1167	benign
P31749	E133C	0.5839	pathogenic
P31749	E133D	0.0693	benign
P31749	E133F	0.5195	ambiguous
P31749	E133G	0.0972	benign
P31749	E133H	0.3114	benign
P31749	E133I	0.2409	benign
P31749	E133K	0.1545	benign
P31749	E133L	0.2424	benign
P31749	E133M	0.3068	benign
P31749	E133N	0.1479	benign
P31749	E133P	0.3473	ambiguous
P31749	E133Q	0.1264	benign
P31749	E133R	0.2344	benign
P31749	E133S	0.1476	benign
P31749	E133T	0.1573	benign
P31749	E133V	0.1433	benign
P31749	E133W	0.7277	pathogenic
P31749	E133Y	0.3776	ambiguous
P31749	M134A	0.3543	ambiguous
P31749	M134C	0.6833	pathogenic
P31749	M134D	0.655	pathogenic
P31749	M134E	0.4318	ambiguous
P31749	M134F	0.3378	benign
P31749	M134G	0.4393	ambiguous
P31749	M134H	0.5631	ambiguous
P31749	M134I	0.3722	ambiguous
P31749	M134K	0.2677	benign
P31749	M134L	0.1318	benign
P31749	M134N	0.4601	ambiguous
P31749	M134P	0.5573	ambiguous
P31749	M134Q	0.3249	benign
P31749	M134R	0.2656	benign
P31749	M134S	0.4268	ambiguous
P31749	M134T	0.2662	benign
P31749	M134V	0.1193	benign
P31749	M134W	0.5643	pathogenic
P31749	M134Y	0.5368	ambiguous
P31749	E135A	0.1384	benign
P31749	E135C	0.6895	pathogenic
P31749	E135D	0.0835	benign
P31749	E135F	0.6595	pathogenic
P31749	E135G	0.1414	benign
P31749	E135H	0.3876	ambiguous
P31749	E135I	0.356	ambiguous
P31749	E135K	0.2265	benign
P31749	E135L	0.3287	benign
P31749	E135M	0.4159	ambiguous
P31749	E135N	0.2069	benign
P31749	E135P	0.4224	ambiguous
P31749	E135Q	0.1522	benign
P31749	E135R	0.3	benign
P31749	E135S	0.1875	benign
P31749	E135T	0.206	benign
P31749	E135V	0.1936	benign
P31749	E135W	0.8361	pathogenic
P31749	E135Y	0.5268	ambiguous
P31749	V136A	0.0911	benign
P31749	V136C	0.3405	ambiguous
P31749	V136D	0.1438	benign
P31749	V136E	0.1588	benign
P31749	V136F	0.0861	benign
P31749	V136G	0.0838	benign
P31749	V136H	0.275	benign
P31749	V136I	0.0678	benign
P31749	V136K	0.2072	benign
P31749	V136L	0.0963	benign
P31749	V136M	0.0829	benign
P31749	V136N	0.1106	benign
P31749	V136P	0.183	benign
P31749	V136Q	0.1906	benign
P31749	V136R	0.1943	benign
P31749	V136S	0.0984	benign
P31749	V136T	0.1046	benign
P31749	V136W	0.4512	ambiguous
P31749	V136Y	0.2341	benign
P31749	S137A	0.0635	benign
P31749	S137C	0.0723	benign
P31749	S137D	0.2244	benign
P31749	S137E	0.3319	benign
P31749	S137F	0.1071	benign
P31749	S137G	0.082	benign
P31749	S137H	0.1862	benign
P31749	S137I	0.1119	benign
P31749	S137K	0.4547	ambiguous
P31749	S137L	0.0778	benign
P31749	S137M	0.1447	benign
P31749	S137N	0.1002	benign
P31749	S137P	0.0801	benign
P31749	S137Q	0.2944	benign
P31749	S137R	0.3847	ambiguous
P31749	S137T	0.0696	benign
P31749	S137V	0.1035	benign
P31749	S137W	0.2089	benign
P31749	S137Y	0.1032	benign
P31749	L138A	0.0879	benign
P31749	L138C	0.2048	benign
P31749	L138D	0.2782	benign
P31749	L138E	0.1745	benign
P31749	L138F	0.073	benign
P31749	L138G	0.173	benign
P31749	L138H	0.0902	benign
P31749	L138I	0.0701	benign
P31749	L138K	0.1375	benign
P31749	L138M	0.0756	benign
P31749	L138N	0.1518	benign
P31749	L138P	0.0894	benign
P31749	L138Q	0.0817	benign
P31749	L138R	0.0962	benign
P31749	L138S	0.0973	benign
P31749	L138T	0.0934	benign
P31749	L138V	0.0615	benign
P31749	L138W	0.1188	benign
P31749	L138Y	0.1676	benign
P31749	A139C	0.1785	benign
P31749	A139D	0.1659	benign
P31749	A139E	0.1622	benign
P31749	A139F	0.1817	benign
P31749	A139G	0.0773	benign
P31749	A139H	0.2133	benign
P31749	A139I	0.1309	benign
P31749	A139K	0.2662	benign
P31749	A139L	0.0912	benign
P31749	A139M	0.1312	benign
P31749	A139N	0.1271	benign
P31749	A139P	0.0907	benign
P31749	A139Q	0.1751	benign
P31749	A139R	0.2322	benign
P31749	A139S	0.0703	benign
P31749	A139T	0.0656	benign
P31749	A139V	0.0806	benign
P31749	A139W	0.3575	ambiguous
P31749	A139Y	0.22	benign
P31749	K140A	0.2068	benign
P31749	K140C	0.4772	ambiguous
P31749	K140D	0.4409	ambiguous
P31749	K140E	0.1667	benign
P31749	K140F	0.6025	pathogenic
P31749	K140G	0.2452	benign
P31749	K140H	0.2217	benign
P31749	K140I	0.3038	benign
P31749	K140L	0.2564	benign
P31749	K140M	0.2343	benign
P31749	K140N	0.3562	ambiguous
P31749	K140P	0.2912	benign
P31749	K140Q	0.1067	benign
P31749	K140R	0.0718	benign
P31749	K140S	0.2689	benign
P31749	K140T	0.1539	benign
P31749	K140V	0.2506	benign
P31749	K140W	0.614	pathogenic
P31749	K140Y	0.5001	ambiguous
P31749	P141A	0.0693	benign
P31749	P141C	0.2649	benign
P31749	P141D	0.287	benign
P31749	P141E	0.1922	benign
P31749	P141F	0.3506	ambiguous
P31749	P141G	0.1582	benign
P31749	P141H	0.1165	benign
P31749	P141I	0.2264	benign
P31749	P141K	0.1876	benign
P31749	P141L	0.114	benign
P31749	P141M	0.2141	benign
P31749	P141N	0.167	benign
P31749	P141Q	0.094	benign
P31749	P141R	0.1298	benign
P31749	P141S	0.0904	benign
P31749	P141T	0.0764	benign
P31749	P141V	0.1506	benign
P31749	P141W	0.444	ambiguous
P31749	P141Y	0.2896	benign
P31749	K142A	0.2441	benign
P31749	K142C	0.4361	ambiguous
P31749	K142D	0.5156	ambiguous
P31749	K142E	0.2187	benign
P31749	K142F	0.6629	pathogenic
P31749	K142G	0.2402	benign
P31749	K142H	0.2184	benign
P31749	K142I	0.3433	ambiguous
P31749	K142L	0.2972	benign
P31749	K142M	0.3025	benign
P31749	K142N	0.4223	ambiguous
P31749	K142P	0.3338	benign
P31749	K142Q	0.1103	benign
P31749	K142R	0.0589	benign
P31749	K142S	0.3049	benign
P31749	K142T	0.1954	benign
P31749	K142V	0.2785	benign
P31749	K142W	0.5752	pathogenic
P31749	K142Y	0.5382	ambiguous
P31749	H143A	0.1087	benign
P31749	H143C	0.0979	benign
P31749	H143D	0.1401	benign
P31749	H143E	0.1483	benign
P31749	H143F	0.1926	benign
P31749	H143G	0.1245	benign
P31749	H143I	0.1605	benign
P31749	H143K	0.1279	benign
P31749	H143L	0.0778	benign
P31749	H143M	0.2273	benign
P31749	H143N	0.0646	benign
P31749	H143P	0.078	benign
P31749	H143Q	0.0753	benign
P31749	H143R	0.0721	benign
P31749	H143S	0.1002	benign
P31749	H143T	0.1042	benign
P31749	H143V	0.1197	benign
P31749	H143W	0.2942	benign
P31749	H143Y	0.0855	benign
P31749	R144A	0.4356	ambiguous
P31749	R144C	0.2616	benign
P31749	R144D	0.7172	pathogenic
P31749	R144E	0.4525	ambiguous
P31749	R144F	0.7111	pathogenic
P31749	R144G	0.2812	benign
P31749	R144H	0.1548	benign
P31749	R144I	0.4223	ambiguous
P31749	R144K	0.069	benign
P31749	R144L	0.3313	benign
P31749	R144M	0.3823	ambiguous
P31749	R144N	0.6611	pathogenic
P31749	R144P	0.4536	ambiguous
P31749	R144Q	0.1351	benign
P31749	R144S	0.5498	ambiguous
P31749	R144T	0.3041	benign
P31749	R144V	0.4308	ambiguous
P31749	R144W	0.3329	benign
P31749	R144Y	0.5832	pathogenic
P31749	V145A	0.4311	ambiguous
P31749	V145C	0.7569	pathogenic
P31749	V145D	0.8585	pathogenic
P31749	V145E	0.7307	pathogenic
P31749	V145F	0.3702	ambiguous
P31749	V145G	0.4332	ambiguous
P31749	V145H	0.8064	pathogenic
P31749	V145I	0.1218	benign
P31749	V145K	0.5138	ambiguous
P31749	V145L	0.4477	ambiguous
P31749	V145M	0.3652	ambiguous
P31749	V145N	0.696	pathogenic
P31749	V145P	0.6498	pathogenic
P31749	V145Q	0.5185	ambiguous
P31749	V145R	0.4982	ambiguous
P31749	V145S	0.6143	pathogenic
P31749	V145T	0.5636	ambiguous
P31749	V145W	0.9146	pathogenic
P31749	V145Y	0.7175	pathogenic
P31749	T146A	0.2534	benign
P31749	T146C	0.5834	pathogenic
P31749	T146D	0.6144	pathogenic
P31749	T146E	0.7077	pathogenic
P31749	T146F	0.7744	pathogenic
P31749	T146G	0.2143	benign
P31749	T146H	0.4813	ambiguous
P31749	T146I	0.8667	pathogenic
P31749	T146K	0.483	ambiguous
P31749	T146L	0.503	ambiguous
P31749	T146M	0.33	benign
P31749	T146N	0.2305	benign
P31749	T146P	0.6141	pathogenic
P31749	T146Q	0.4413	ambiguous
P31749	T146R	0.4492	ambiguous
P31749	T146S	0.1365	benign
P31749	T146V	0.6748	pathogenic
P31749	T146W	0.9205	pathogenic
P31749	T146Y	0.7445	pathogenic
P31749	M147A	0.9103	pathogenic
P31749	M147C	0.9439	pathogenic
P31749	M147D	0.9952	pathogenic
P31749	M147E	0.9762	pathogenic
P31749	M147F	0.6778	pathogenic
P31749	M147G	0.9698	pathogenic
P31749	M147H	0.9853	pathogenic
P31749	M147I	0.8573	pathogenic
P31749	M147K	0.9351	pathogenic
P31749	M147L	0.2416	benign
P31749	M147N	0.9817	pathogenic
P31749	M147P	0.9492	pathogenic
P31749	M147Q	0.9095	pathogenic
P31749	M147R	0.9204	pathogenic
P31749	M147S	0.9531	pathogenic
P31749	M147T	0.898	pathogenic
P31749	M147V	0.2558	benign
P31749	M147W	0.9532	pathogenic
P31749	M147Y	0.9496	pathogenic
P31749	N148A	0.1118	benign
P31749	N148C	0.1934	benign
P31749	N148D	0.0897	benign
P31749	N148E	0.193	benign
P31749	N148F	0.5135	ambiguous
P31749	N148G	0.1293	benign
P31749	N148H	0.0752	benign
P31749	N148I	0.3044	benign
P31749	N148K	0.1779	benign
P31749	N148L	0.2242	benign
P31749	N148M	0.2489	benign
P31749	N148P	0.6018	pathogenic
P31749	N148Q	0.1568	benign
P31749	N148R	0.1856	benign
P31749	N148S	0.0647	benign
P31749	N148T	0.0899	benign
P31749	N148V	0.2511	benign
P31749	N148W	0.6014	pathogenic
P31749	N148Y	0.1738	benign
P31749	E149A	0.2933	benign
P31749	E149C	0.8547	pathogenic
P31749	E149D	0.0747	benign
P31749	E149F	0.9447	pathogenic
P31749	E149G	0.3541	ambiguous
P31749	E149H	0.529	ambiguous
P31749	E149I	0.8484	pathogenic
P31749	E149K	0.5809	pathogenic
P31749	E149L	0.8229	pathogenic
P31749	E149M	0.8028	pathogenic
P31749	E149N	0.2093	benign
P31749	E149P	0.9784	pathogenic
P31749	E149Q	0.2317	benign
P31749	E149R	0.6406	pathogenic
P31749	E149S	0.2298	benign
P31749	E149T	0.4903	ambiguous
P31749	E149V	0.6564	pathogenic
P31749	E149W	0.9785	pathogenic
P31749	E149Y	0.8404	pathogenic
P31749	F150A	0.9987	pathogenic
P31749	F150C	0.9984	pathogenic
P31749	F150D	0.9993	pathogenic
P31749	F150E	0.9994	pathogenic
P31749	F150G	0.9981	pathogenic
P31749	F150H	0.9975	pathogenic
P31749	F150I	0.9964	pathogenic
P31749	F150K	0.9994	pathogenic
P31749	F150L	0.9994	pathogenic
P31749	F150M	0.9949	pathogenic
P31749	F150N	0.9987	pathogenic
P31749	F150P	1.0	pathogenic
P31749	F150Q	0.9994	pathogenic
P31749	F150R	0.9984	pathogenic
P31749	F150S	0.9994	pathogenic
P31749	F150T	0.9991	pathogenic
P31749	F150V	0.9954	pathogenic
P31749	F150W	0.961	pathogenic
P31749	F150Y	0.8552	pathogenic
P31749	E151A	0.3916	ambiguous
P31749	E151C	0.896	pathogenic
P31749	E151D	0.1406	benign
P31749	E151F	0.9264	pathogenic
P31749	E151G	0.6633	pathogenic
P31749	E151H	0.6121	pathogenic
P31749	E151I	0.5649	pathogenic
P31749	E151K	0.5471	ambiguous
P31749	E151L	0.7032	pathogenic
P31749	E151M	0.7494	pathogenic
P31749	E151N	0.4158	ambiguous
P31749	E151P	0.9927	pathogenic
P31749	E151Q	0.214	benign
P31749	E151R	0.5863	pathogenic
P31749	E151S	0.33	benign
P31749	E151T	0.387	ambiguous
P31749	E151V	0.3852	ambiguous
P31749	E151W	0.9721	pathogenic
P31749	E151Y	0.8582	pathogenic
P31749	Y152A	0.9152	pathogenic
P31749	Y152C	0.5487	ambiguous
P31749	Y152D	0.9529	pathogenic
P31749	Y152E	0.981	pathogenic
P31749	Y152F	0.1896	benign
P31749	Y152G	0.9095	pathogenic
P31749	Y152H	0.8607	pathogenic
P31749	Y152I	0.791	pathogenic
P31749	Y152K	0.9684	pathogenic
P31749	Y152L	0.5773	pathogenic
P31749	Y152M	0.8124	pathogenic
P31749	Y152N	0.8287	pathogenic
P31749	Y152P	0.9026	pathogenic
P31749	Y152Q	0.9677	pathogenic
P31749	Y152R	0.9533	pathogenic
P31749	Y152S	0.86	pathogenic
P31749	Y152T	0.9067	pathogenic
P31749	Y152V	0.6852	pathogenic
P31749	Y152W	0.8176	pathogenic
P31749	L153A	0.8415	pathogenic
P31749	L153C	0.7559	pathogenic
P31749	L153D	0.9926	pathogenic
P31749	L153E	0.8813	pathogenic
P31749	L153F	0.778	pathogenic
P31749	L153G	0.9647	pathogenic
P31749	L153H	0.8494	pathogenic
P31749	L153I	0.187	benign
P31749	L153K	0.756	pathogenic
P31749	L153M	0.2701	benign
P31749	L153N	0.9585	pathogenic
P31749	L153P	0.9957	pathogenic
P31749	L153Q	0.5855	pathogenic
P31749	L153R	0.6716	pathogenic
P31749	L153S	0.9407	pathogenic
P31749	L153T	0.8442	pathogenic
P31749	L153V	0.1929	benign
P31749	L153W	0.9026	pathogenic
P31749	L153Y	0.9148	pathogenic
P31749	K154A	0.9192	pathogenic
P31749	K154C	0.8636	pathogenic
P31749	K154D	0.9916	pathogenic
P31749	K154E	0.9577	pathogenic
P31749	K154F	0.9936	pathogenic
P31749	K154G	0.9235	pathogenic
P31749	K154H	0.704	pathogenic
P31749	K154I	0.9816	pathogenic
P31749	K154L	0.931	pathogenic
P31749	K154M	0.9049	pathogenic
P31749	K154N	0.9732	pathogenic
P31749	K154P	0.9966	pathogenic
P31749	K154Q	0.5074	ambiguous
P31749	K154R	0.1246	benign
P31749	K154S	0.9455	pathogenic
P31749	K154T	0.8604	pathogenic
P31749	K154V	0.9475	pathogenic
P31749	K154W	0.9884	pathogenic
P31749	K154Y	0.9703	pathogenic
P31749	L155A	0.969	pathogenic
P31749	L155C	0.8768	pathogenic
P31749	L155D	0.999	pathogenic
P31749	L155E	0.9937	pathogenic
P31749	L155F	0.9346	pathogenic
P31749	L155G	0.9863	pathogenic
P31749	L155H	0.9787	pathogenic
P31749	L155I	0.5304	ambiguous
P31749	L155K	0.9814	pathogenic
P31749	L155M	0.586	pathogenic
P31749	L155N	0.9765	pathogenic
P31749	L155P	0.9938	pathogenic
P31749	L155Q	0.9756	pathogenic
P31749	L155R	0.9669	pathogenic
P31749	L155S	0.9914	pathogenic
P31749	L155T	0.9597	pathogenic
P31749	L155V	0.3698	ambiguous
P31749	L155W	0.9811	pathogenic
P31749	L155Y	0.9744	pathogenic
P31749	L156A	0.9937	pathogenic
P31749	L156C	0.9985	pathogenic
P31749	L156D	1.0	pathogenic
P31749	L156E	0.9996	pathogenic
P31749	L156F	0.9986	pathogenic
P31749	L156G	0.9992	pathogenic
P31749	L156H	0.9997	pathogenic
P31749	L156I	0.8443	pathogenic
P31749	L156K	0.9993	pathogenic
P31749	L156M	0.9744	pathogenic
P31749	L156N	0.9997	pathogenic
P31749	L156P	0.9991	pathogenic
P31749	L156Q	0.9996	pathogenic
P31749	L156R	0.9979	pathogenic
P31749	L156S	0.9997	pathogenic
P31749	L156T	0.9971	pathogenic
P31749	L156V	0.9378	pathogenic
P31749	L156W	0.9995	pathogenic
P31749	L156Y	0.9998	pathogenic
P31749	G157A	0.9983	pathogenic
P31749	G157C	0.9995	pathogenic
P31749	G157D	0.9998	pathogenic
P31749	G157E	0.9999	pathogenic
P31749	G157F	0.9999	pathogenic
P31749	G157H	1.0	pathogenic
P31749	G157I	0.9999	pathogenic
P31749	G157K	0.9999	pathogenic
P31749	G157L	0.9998	pathogenic
P31749	G157M	0.9999	pathogenic
P31749	G157N	0.9999	pathogenic
P31749	G157P	0.9999	pathogenic
P31749	G157Q	0.9999	pathogenic
P31749	G157R	0.9999	pathogenic
P31749	G157S	0.9991	pathogenic
P31749	G157T	0.9996	pathogenic
P31749	G157V	0.9997	pathogenic
P31749	G157W	0.9998	pathogenic
P31749	G157Y	0.9999	pathogenic
P31749	K158A	0.9854	pathogenic
P31749	K158C	0.9817	pathogenic
P31749	K158D	0.9979	pathogenic
P31749	K158E	0.9806	pathogenic
P31749	K158F	0.9975	pathogenic
P31749	K158G	0.9879	pathogenic
P31749	K158H	0.9409	pathogenic
P31749	K158I	0.9823	pathogenic
P31749	K158L	0.9819	pathogenic
P31749	K158M	0.9493	pathogenic
P31749	K158N	0.9938	pathogenic
P31749	K158P	0.9989	pathogenic
P31749	K158Q	0.8431	pathogenic
P31749	K158R	0.2448	benign
P31749	K158S	0.9909	pathogenic
P31749	K158T	0.9352	pathogenic
P31749	K158V	0.971	pathogenic
P31749	K158W	0.9935	pathogenic
P31749	K158Y	0.9913	pathogenic
P31749	G159A	0.9995	pathogenic
P31749	G159C	0.9999	pathogenic
P31749	G159D	0.9998	pathogenic
P31749	G159E	0.9999	pathogenic
P31749	G159F	0.9999	pathogenic
P31749	G159H	1.0	pathogenic
P31749	G159I	0.9998	pathogenic
P31749	G159K	0.9999	pathogenic
P31749	G159L	0.9999	pathogenic
P31749	G159M	0.9999	pathogenic
P31749	G159N	0.9999	pathogenic
P31749	G159P	1.0	pathogenic
P31749	G159Q	1.0	pathogenic
P31749	G159R	1.0	pathogenic
P31749	G159S	0.9997	pathogenic
P31749	G159T	0.9995	pathogenic
P31749	G159V	0.9996	pathogenic
P31749	G159W	0.9999	pathogenic
P31749	G159Y	0.9999	pathogenic
P31749	T160A	0.9214	pathogenic
P31749	T160C	0.9943	pathogenic
P31749	T160D	0.9957	pathogenic
P31749	T160E	0.9963	pathogenic
P31749	T160F	0.9924	pathogenic
P31749	T160G	0.952	pathogenic
P31749	T160H	0.9858	pathogenic
P31749	T160I	0.9972	pathogenic
P31749	T160K	0.9943	pathogenic
P31749	T160L	0.9819	pathogenic
P31749	T160M	0.9702	pathogenic
P31749	T160N	0.9423	pathogenic
P31749	T160P	0.9852	pathogenic
P31749	T160Q	0.9909	pathogenic
P31749	T160R	0.9896	pathogenic
P31749	T160S	0.8618	pathogenic
P31749	T160V	0.9833	pathogenic
P31749	T160W	0.9983	pathogenic
P31749	T160Y	0.993	pathogenic
P31749	F161A	0.9994	pathogenic
P31749	F161C	0.9995	pathogenic
P31749	F161D	0.9999	pathogenic
P31749	F161E	0.9999	pathogenic
P31749	F161G	0.9993	pathogenic
P31749	F161H	0.9989	pathogenic
P31749	F161I	0.9998	pathogenic
P31749	F161K	0.9999	pathogenic
P31749	F161L	1.0	pathogenic
P31749	F161M	0.9994	pathogenic
P31749	F161N	0.9995	pathogenic
P31749	F161P	1.0	pathogenic
P31749	F161Q	0.9998	pathogenic
P31749	F161R	0.9994	pathogenic
P31749	F161S	0.9993	pathogenic
P31749	F161T	0.9997	pathogenic
P31749	F161V	0.9994	pathogenic
P31749	F161W	0.9853	pathogenic
P31749	F161Y	0.9067	pathogenic
P31749	G162A	0.9961	pathogenic
P31749	G162C	0.9995	pathogenic
P31749	G162D	1.0	pathogenic
P31749	G162E	1.0	pathogenic
P31749	G162F	0.9999	pathogenic
P31749	G162H	1.0	pathogenic
P31749	G162I	1.0	pathogenic
P31749	G162K	1.0	pathogenic
P31749	G162L	0.9999	pathogenic
P31749	G162M	1.0	pathogenic
P31749	G162N	1.0	pathogenic
P31749	G162P	1.0	pathogenic
P31749	G162Q	0.9999	pathogenic
P31749	G162R	0.9999	pathogenic
P31749	G162S	0.9978	pathogenic
P31749	G162T	0.9996	pathogenic
P31749	G162V	0.9999	pathogenic
P31749	G162W	0.9999	pathogenic
P31749	G162Y	1.0	pathogenic
P31749	K163A	0.9967	pathogenic
P31749	K163C	0.995	pathogenic
P31749	K163D	0.9988	pathogenic
P31749	K163E	0.9968	pathogenic
P31749	K163F	0.9995	pathogenic
P31749	K163G	0.997	pathogenic
P31749	K163H	0.9799	pathogenic
P31749	K163I	0.9963	pathogenic
P31749	K163L	0.9958	pathogenic
P31749	K163M	0.9896	pathogenic
P31749	K163N	0.9982	pathogenic
P31749	K163P	0.9994	pathogenic
P31749	K163Q	0.9806	pathogenic
P31749	K163R	0.5873	pathogenic
P31749	K163S	0.9974	pathogenic
P31749	K163T	0.9838	pathogenic
P31749	K163V	0.9933	pathogenic
P31749	K163W	0.9983	pathogenic
P31749	K163Y	0.9968	pathogenic
P31749	V164A	0.9993	pathogenic
P31749	V164C	0.9983	pathogenic
P31749	V164D	0.9996	pathogenic
P31749	V164E	0.9997	pathogenic
P31749	V164F	0.9994	pathogenic
P31749	V164G	0.9893	pathogenic
P31749	V164H	0.9999	pathogenic
P31749	V164I	0.9535	pathogenic
P31749	V164K	0.9997	pathogenic
P31749	V164L	0.9997	pathogenic
P31749	V164M	0.9995	pathogenic
P31749	V164N	0.9978	pathogenic
P31749	V164P	0.9999	pathogenic
P31749	V164Q	0.9997	pathogenic
P31749	V164R	0.9988	pathogenic
P31749	V164S	0.9979	pathogenic
P31749	V164T	0.9929	pathogenic
P31749	V164W	1.0	pathogenic
P31749	V164Y	0.9997	pathogenic
P31749	I165A	0.9824	pathogenic
P31749	I165C	0.9789	pathogenic
P31749	I165D	0.9999	pathogenic
P31749	I165E	0.9995	pathogenic
P31749	I165F	0.79	pathogenic
P31749	I165G	0.9978	pathogenic
P31749	I165H	0.9983	pathogenic
P31749	I165K	0.9988	pathogenic
P31749	I165L	0.489	ambiguous
P31749	I165M	0.5925	pathogenic
P31749	I165N	0.9969	pathogenic
P31749	I165P	0.9996	pathogenic
P31749	I165Q	0.998	pathogenic
P31749	I165R	0.9966	pathogenic
P31749	I165S	0.9917	pathogenic
P31749	I165T	0.9893	pathogenic
P31749	I165V	0.2635	benign
P31749	I165W	0.9954	pathogenic
P31749	I165Y	0.9813	pathogenic
P31749	L166A	0.9614	pathogenic
P31749	L166C	0.9708	pathogenic
P31749	L166D	0.9999	pathogenic
P31749	L166E	0.9981	pathogenic
P31749	L166F	0.9805	pathogenic
P31749	L166G	0.9934	pathogenic
P31749	L166H	0.9979	pathogenic
P31749	L166I	0.8798	pathogenic
P31749	L166K	0.9953	pathogenic
P31749	L166M	0.5958	pathogenic
P31749	L166N	0.9989	pathogenic
P31749	L166P	0.9999	pathogenic
P31749	L166Q	0.9726	pathogenic
P31749	L166R	0.9892	pathogenic
P31749	L166S	0.996	pathogenic
P31749	L166T	0.9931	pathogenic
P31749	L166V	0.8446	pathogenic
P31749	L166W	0.9978	pathogenic
P31749	L166Y	0.9969	pathogenic
P31749	V167A	0.8733	pathogenic
P31749	V167C	0.8598	pathogenic
P31749	V167D	0.9996	pathogenic
P31749	V167E	0.9993	pathogenic
P31749	V167F	0.9964	pathogenic
P31749	V167G	0.8752	pathogenic
P31749	V167H	0.9996	pathogenic
P31749	V167I	0.7308	pathogenic
P31749	V167K	0.9995	pathogenic
P31749	V167L	0.9906	pathogenic
P31749	V167M	0.9912	pathogenic
P31749	V167N	0.9975	pathogenic
P31749	V167P	0.9994	pathogenic
P31749	V167Q	0.9981	pathogenic
P31749	V167R	0.9969	pathogenic
P31749	V167S	0.9122	pathogenic
P31749	V167T	0.912	pathogenic
P31749	V167W	0.9999	pathogenic
P31749	V167Y	0.9993	pathogenic
P31749	K168A	0.8944	pathogenic
P31749	K168C	0.8315	pathogenic
P31749	K168D	0.9931	pathogenic
P31749	K168E	0.6777	pathogenic
P31749	K168F	0.9863	pathogenic
P31749	K168G	0.9517	pathogenic
P31749	K168H	0.7223	pathogenic
P31749	K168I	0.8944	pathogenic
P31749	K168L	0.8313	pathogenic
P31749	K168M	0.7079	pathogenic
P31749	K168N	0.9728	pathogenic
P31749	K168P	0.9985	pathogenic
P31749	K168Q	0.2381	benign
P31749	K168R	0.0626	benign
P31749	K168S	0.941	pathogenic
P31749	K168T	0.7866	pathogenic
P31749	K168V	0.8231	pathogenic
P31749	K168W	0.9509	pathogenic
P31749	K168Y	0.9566	pathogenic
P31749	E169A	0.9172	pathogenic
P31749	E169C	0.9752	pathogenic
P31749	E169D	0.881	pathogenic
P31749	E169F	0.9978	pathogenic
P31749	E169G	0.9169	pathogenic
P31749	E169H	0.9415	pathogenic
P31749	E169I	0.9922	pathogenic
P31749	E169K	0.9519	pathogenic
P31749	E169L	0.9773	pathogenic
P31749	E169M	0.9819	pathogenic
P31749	E169N	0.9579	pathogenic
P31749	E169P	0.9993	pathogenic
P31749	E169Q	0.7469	pathogenic
P31749	E169R	0.9577	pathogenic
P31749	E169S	0.9591	pathogenic
P31749	E169T	0.9889	pathogenic
P31749	E169V	0.974	pathogenic
P31749	E169W	0.9983	pathogenic
P31749	E169Y	0.9919	pathogenic
P31749	K170A	0.7807	pathogenic
P31749	K170C	0.895	pathogenic
P31749	K170D	0.9566	pathogenic
P31749	K170E	0.681	pathogenic
P31749	K170F	0.9667	pathogenic
P31749	K170G	0.8886	pathogenic
P31749	K170H	0.6605	pathogenic
P31749	K170I	0.631	pathogenic
P31749	K170L	0.6213	pathogenic
P31749	K170M	0.5226	ambiguous
P31749	K170N	0.8254	pathogenic
P31749	K170P	0.985	pathogenic
P31749	K170Q	0.3588	ambiguous
P31749	K170R	0.1004	benign
P31749	K170S	0.8827	pathogenic
P31749	K170T	0.5666	pathogenic
P31749	K170V	0.5912	pathogenic
P31749	K170W	0.9501	pathogenic
P31749	K170Y	0.9137	pathogenic
P31749	A171C	0.3644	ambiguous
P31749	A171D	0.3064	benign
P31749	A171E	0.2755	benign
P31749	A171F	0.3525	ambiguous
P31749	A171G	0.1125	benign
P31749	A171H	0.3557	ambiguous
P31749	A171I	0.2508	benign
P31749	A171K	0.3982	ambiguous
P31749	A171L	0.1661	benign
P31749	A171M	0.199	benign
P31749	A171N	0.1752	benign
P31749	A171P	0.5623	ambiguous
P31749	A171Q	0.2633	benign
P31749	A171R	0.3806	ambiguous
P31749	A171S	0.0828	benign
P31749	A171T	0.0873	benign
P31749	A171V	0.1357	benign
P31749	A171W	0.7443	pathogenic
P31749	A171Y	0.4459	ambiguous
P31749	T172A	0.2595	benign
P31749	T172C	0.5778	pathogenic
P31749	T172D	0.5798	pathogenic
P31749	T172E	0.8029	pathogenic
P31749	T172F	0.853	pathogenic
P31749	T172G	0.3333	benign
P31749	T172H	0.5976	pathogenic
P31749	T172I	0.8807	pathogenic
P31749	T172K	0.7995	pathogenic
P31749	T172L	0.4848	ambiguous
P31749	T172M	0.3823	ambiguous
P31749	T172N	0.2287	benign
P31749	T172P	0.7886	pathogenic
P31749	T172Q	0.6546	pathogenic
P31749	T172R	0.6841	pathogenic
P31749	T172S	0.0895	benign
P31749	T172V	0.7114	pathogenic
P31749	T172W	0.9084	pathogenic
P31749	T172Y	0.7905	pathogenic
P31749	G173A	0.3621	ambiguous
P31749	G173C	0.4767	ambiguous
P31749	G173D	0.407	ambiguous
P31749	G173E	0.4857	ambiguous
P31749	G173F	0.9411	pathogenic
P31749	G173H	0.619	pathogenic
P31749	G173I	0.9372	pathogenic
P31749	G173K	0.6388	pathogenic
P31749	G173L	0.812	pathogenic
P31749	G173M	0.814	pathogenic
P31749	G173N	0.3087	benign
P31749	G173P	0.9912	pathogenic
P31749	G173Q	0.4046	ambiguous
P31749	G173R	0.5004	ambiguous
P31749	G173S	0.1731	benign
P31749	G173T	0.5831	pathogenic
P31749	G173V	0.8547	pathogenic
P31749	G173W	0.8771	pathogenic
P31749	G173Y	0.8553	pathogenic
P31749	R174A	0.256	benign
P31749	R174C	0.1032	benign
P31749	R174D	0.4912	ambiguous
P31749	R174E	0.2627	benign
P31749	R174F	0.3653	ambiguous
P31749	R174G	0.2203	benign
P31749	R174H	0.0773	benign
P31749	R174I	0.1813	benign
P31749	R174K	0.0737	benign
P31749	R174L	0.1726	benign
P31749	R174M	0.1721	benign
P31749	R174N	0.3049	benign
P31749	R174P	0.9466	pathogenic
P31749	R174Q	0.075	benign
P31749	R174S	0.273	benign
P31749	R174T	0.145	benign
P31749	R174V	0.2078	benign
P31749	R174W	0.1903	benign
P31749	R174Y	0.2728	benign
P31749	Y175A	0.8174	pathogenic
P31749	Y175C	0.23	benign
P31749	Y175D	0.8971	pathogenic
P31749	Y175E	0.9565	pathogenic
P31749	Y175F	0.0996	benign
P31749	Y175G	0.8629	pathogenic
P31749	Y175H	0.3679	ambiguous
P31749	Y175I	0.5952	pathogenic
P31749	Y175K	0.9263	pathogenic
P31749	Y175L	0.4363	ambiguous
P31749	Y175M	0.7417	pathogenic
P31749	Y175N	0.541	ambiguous
P31749	Y175P	0.9156	pathogenic
P31749	Y175Q	0.8712	pathogenic
P31749	Y175R	0.8399	pathogenic
P31749	Y175S	0.6689	pathogenic
P31749	Y175T	0.7801	pathogenic
P31749	Y175V	0.5062	ambiguous
P31749	Y175W	0.4767	ambiguous
P31749	Y176A	0.9843	pathogenic
P31749	Y176C	0.6774	pathogenic
P31749	Y176D	0.9954	pathogenic
P31749	Y176E	0.9987	pathogenic
P31749	Y176F	0.111	benign
P31749	Y176G	0.9728	pathogenic
P31749	Y176H	0.9054	pathogenic
P31749	Y176I	0.9788	pathogenic
P31749	Y176K	0.9975	pathogenic
P31749	Y176L	0.9286	pathogenic
P31749	Y176M	0.9733	pathogenic
P31749	Y176N	0.9727	pathogenic
P31749	Y176P	0.9995	pathogenic
P31749	Y176Q	0.994	pathogenic
P31749	Y176R	0.9847	pathogenic
P31749	Y176S	0.9584	pathogenic
P31749	Y176T	0.9909	pathogenic
P31749	Y176V	0.9284	pathogenic
P31749	Y176W	0.7427	pathogenic
P31749	A177C	0.9858	pathogenic
P31749	A177D	0.9999	pathogenic
P31749	A177E	0.9998	pathogenic
P31749	A177F	0.9986	pathogenic
P31749	A177G	0.9786	pathogenic
P31749	A177H	0.9997	pathogenic
P31749	A177I	0.9986	pathogenic
P31749	A177K	0.9999	pathogenic
P31749	A177L	0.9873	pathogenic
P31749	A177M	0.9985	pathogenic
P31749	A177N	0.9996	pathogenic
P31749	A177P	0.9991	pathogenic
P31749	A177Q	0.9983	pathogenic
P31749	A177R	0.9973	pathogenic
P31749	A177S	0.9197	pathogenic
P31749	A177T	0.9949	pathogenic
P31749	A177V	0.9954	pathogenic
P31749	A177W	0.9999	pathogenic
P31749	A177Y	0.9996	pathogenic
P31749	M178A	0.9717	pathogenic
P31749	M178C	0.9512	pathogenic
P31749	M178D	1.0	pathogenic
P31749	M178E	0.9993	pathogenic
P31749	M178F	0.9795	pathogenic
P31749	M178G	0.9974	pathogenic
P31749	M178H	0.9998	pathogenic
P31749	M178I	0.9137	pathogenic
P31749	M178K	0.9989	pathogenic
P31749	M178L	0.565	pathogenic
P31749	M178N	0.9996	pathogenic
P31749	M178P	1.0	pathogenic
P31749	M178Q	0.9935	pathogenic
P31749	M178R	0.9988	pathogenic
P31749	M178S	0.9953	pathogenic
P31749	M178T	0.9924	pathogenic
P31749	M178V	0.4665	ambiguous
P31749	M178W	0.9996	pathogenic
P31749	M178Y	0.9993	pathogenic
P31749	K179A	0.9998	pathogenic
P31749	K179C	0.9999	pathogenic
P31749	K179D	0.9999	pathogenic
P31749	K179E	0.9998	pathogenic
P31749	K179F	1.0	pathogenic
P31749	K179G	0.9995	pathogenic
P31749	K179H	0.9991	pathogenic
P31749	K179I	0.9998	pathogenic
P31749	K179L	0.9997	pathogenic
P31749	K179M	0.9991	pathogenic
P31749	K179N	0.9999	pathogenic
P31749	K179P	0.9999	pathogenic
P31749	K179Q	0.9998	pathogenic
P31749	K179R	0.9942	pathogenic
P31749	K179S	0.9999	pathogenic
P31749	K179T	0.9989	pathogenic
P31749	K179V	0.9996	pathogenic
P31749	K179W	1.0	pathogenic
P31749	K179Y	0.9999	pathogenic
P31749	I180A	0.996	pathogenic
P31749	I180C	0.9935	pathogenic
P31749	I180D	0.9999	pathogenic
P31749	I180E	0.9996	pathogenic
P31749	I180F	0.96	pathogenic
P31749	I180G	0.9994	pathogenic
P31749	I180H	0.9996	pathogenic
P31749	I180K	0.9995	pathogenic
P31749	I180L	0.8472	pathogenic
P31749	I180M	0.833	pathogenic
P31749	I180N	0.998	pathogenic
P31749	I180P	0.9998	pathogenic
P31749	I180Q	0.9992	pathogenic
P31749	I180R	0.999	pathogenic
P31749	I180S	0.9966	pathogenic
P31749	I180T	0.9961	pathogenic
P31749	I180V	0.3193	benign
P31749	I180W	0.999	pathogenic
P31749	I180Y	0.9954	pathogenic
P31749	L181A	0.997	pathogenic
P31749	L181C	0.9966	pathogenic
P31749	L181D	1.0	pathogenic
P31749	L181E	0.9998	pathogenic
P31749	L181F	0.9959	pathogenic
P31749	L181G	0.9996	pathogenic
P31749	L181H	0.9997	pathogenic
P31749	L181I	0.8644	pathogenic
P31749	L181K	0.9996	pathogenic
P31749	L181M	0.9263	pathogenic
P31749	L181N	0.9997	pathogenic
P31749	L181P	0.9999	pathogenic
P31749	L181Q	0.9993	pathogenic
P31749	L181R	0.9987	pathogenic
P31749	L181S	0.9997	pathogenic
P31749	L181T	0.9984	pathogenic
P31749	L181V	0.9445	pathogenic
P31749	L181W	0.9994	pathogenic
P31749	L181Y	0.9996	pathogenic
P31749	K182A	0.9829	pathogenic
P31749	K182C	0.9657	pathogenic
P31749	K182D	0.9944	pathogenic
P31749	K182E	0.9725	pathogenic
P31749	K182F	0.9985	pathogenic
P31749	K182G	0.9855	pathogenic
P31749	K182H	0.8604	pathogenic
P31749	K182I	0.9919	pathogenic
P31749	K182L	0.9537	pathogenic
P31749	K182M	0.968	pathogenic
P31749	K182N	0.9893	pathogenic
P31749	K182P	0.9909	pathogenic
P31749	K182Q	0.698	pathogenic
P31749	K182R	0.0899	benign
P31749	K182S	0.9884	pathogenic
P31749	K182T	0.977	pathogenic
P31749	K182V	0.9823	pathogenic
P31749	K182W	0.9916	pathogenic
P31749	K182Y	0.9901	pathogenic
P31749	K183A	0.9987	pathogenic
P31749	K183C	0.9997	pathogenic
P31749	K183D	0.9996	pathogenic
P31749	K183E	0.999	pathogenic
P31749	K183F	1.0	pathogenic
P31749	K183G	0.9987	pathogenic
P31749	K183H	0.9983	pathogenic
P31749	K183I	0.9995	pathogenic
P31749	K183L	0.9985	pathogenic
P31749	K183M	0.9971	pathogenic
P31749	K183N	0.9997	pathogenic
P31749	K183P	0.9988	pathogenic
P31749	K183Q	0.9975	pathogenic
P31749	K183R	0.8503	pathogenic
P31749	K183S	0.9997	pathogenic
P31749	K183T	0.9961	pathogenic
P31749	K183V	0.999	pathogenic
P31749	K183W	0.9999	pathogenic
P31749	K183Y	0.9997	pathogenic
P31749	E184A	0.3256	benign
P31749	E184C	0.9535	pathogenic
P31749	E184D	0.1855	benign
P31749	E184F	0.9789	pathogenic
P31749	E184G	0.4346	ambiguous
P31749	E184H	0.7601	pathogenic
P31749	E184I	0.886	pathogenic
P31749	E184K	0.6147	pathogenic
P31749	E184L	0.8955	pathogenic
P31749	E184M	0.8696	pathogenic
P31749	E184N	0.5016	ambiguous
P31749	E184P	0.9624	pathogenic
P31749	E184Q	0.3109	benign
P31749	E184R	0.7107	pathogenic
P31749	E184S	0.3537	ambiguous
P31749	E184T	0.5778	pathogenic
P31749	E184V	0.6961	pathogenic
P31749	E184W	0.985	pathogenic
P31749	E184Y	0.9377	pathogenic
P31749	V185A	0.8562	pathogenic
P31749	V185C	0.9476	pathogenic
P31749	V185D	0.9244	pathogenic
P31749	V185E	0.9157	pathogenic
P31749	V185F	0.6762	pathogenic
P31749	V185G	0.8424	pathogenic
P31749	V185H	0.9607	pathogenic
P31749	V185I	0.122	benign
P31749	V185K	0.9448	pathogenic
P31749	V185L	0.7505	pathogenic
P31749	V185M	0.5045	ambiguous
P31749	V185N	0.7853	pathogenic
P31749	V185P	0.9966	pathogenic
P31749	V185Q	0.8988	pathogenic
P31749	V185R	0.9313	pathogenic
P31749	V185S	0.86	pathogenic
P31749	V185T	0.7554	pathogenic
P31749	V185W	0.9824	pathogenic
P31749	V185Y	0.9195	pathogenic
P31749	I186A	0.9891	pathogenic
P31749	I186C	0.9985	pathogenic
P31749	I186D	0.9999	pathogenic
P31749	I186E	0.9996	pathogenic
P31749	I186F	0.9962	pathogenic
P31749	I186G	0.9996	pathogenic
P31749	I186H	0.9999	pathogenic
P31749	I186K	0.9998	pathogenic
P31749	I186L	0.7847	pathogenic
P31749	I186M	0.9202	pathogenic
P31749	I186N	0.9994	pathogenic
P31749	I186P	0.9993	pathogenic
P31749	I186Q	0.9997	pathogenic
P31749	I186R	0.9994	pathogenic
P31749	I186S	0.9982	pathogenic
P31749	I186T	0.9884	pathogenic
P31749	I186V	0.3441	ambiguous
P31749	I186W	0.9998	pathogenic
P31749	I186Y	0.9997	pathogenic
P31749	V187A	0.8227	pathogenic
P31749	V187C	0.9241	pathogenic
P31749	V187D	0.9857	pathogenic
P31749	V187E	0.9108	pathogenic
P31749	V187F	0.6729	pathogenic
P31749	V187G	0.9217	pathogenic
P31749	V187H	0.9714	pathogenic
P31749	V187I	0.0793	benign
P31749	V187K	0.9015	pathogenic
P31749	V187L	0.4509	ambiguous
P31749	V187M	0.4158	ambiguous
P31749	V187N	0.9578	pathogenic
P31749	V187P	0.9974	pathogenic
P31749	V187Q	0.8761	pathogenic
P31749	V187R	0.8686	pathogenic
P31749	V187S	0.9081	pathogenic
P31749	V187T	0.7234	pathogenic
P31749	V187W	0.9804	pathogenic
P31749	V187Y	0.948	pathogenic
P31749	A188C	0.7513	pathogenic
P31749	A188D	0.7891	pathogenic
P31749	A188E	0.5218	ambiguous
P31749	A188F	0.8253	pathogenic
P31749	A188G	0.427	ambiguous
P31749	A188H	0.7556	pathogenic
P31749	A188I	0.79	pathogenic
P31749	A188K	0.7563	pathogenic
P31749	A188L	0.4412	ambiguous
P31749	A188M	0.4972	ambiguous
P31749	A188N	0.5335	ambiguous
P31749	A188P	0.9959	pathogenic
P31749	A188Q	0.3158	benign
P31749	A188R	0.6428	pathogenic
P31749	A188S	0.1653	benign
P31749	A188T	0.2883	benign
P31749	A188V	0.533	ambiguous
P31749	A188W	0.9698	pathogenic
P31749	A188Y	0.8761	pathogenic
P31749	K189A	0.9892	pathogenic
P31749	K189C	0.9913	pathogenic
P31749	K189D	0.9972	pathogenic
P31749	K189E	0.9846	pathogenic
P31749	K189F	0.9991	pathogenic
P31749	K189G	0.9846	pathogenic
P31749	K189H	0.9546	pathogenic
P31749	K189I	0.9978	pathogenic
P31749	K189L	0.9841	pathogenic
P31749	K189M	0.9839	pathogenic
P31749	K189N	0.9958	pathogenic
P31749	K189P	0.997	pathogenic
P31749	K189Q	0.9356	pathogenic
P31749	K189R	0.2215	benign
P31749	K189S	0.9954	pathogenic
P31749	K189T	0.9863	pathogenic
P31749	K189V	0.9907	pathogenic
P31749	K189W	0.9963	pathogenic
P31749	K189Y	0.9952	pathogenic
P31749	D190A	0.9808	pathogenic
P31749	D190C	0.998	pathogenic
P31749	D190E	0.8868	pathogenic
P31749	D190F	0.9976	pathogenic
P31749	D190G	0.9244	pathogenic
P31749	D190H	0.9938	pathogenic
P31749	D190I	0.9979	pathogenic
P31749	D190K	0.9909	pathogenic
P31749	D190L	0.9918	pathogenic
P31749	D190M	0.9972	pathogenic
P31749	D190N	0.9322	pathogenic
P31749	D190P	0.9994	pathogenic
P31749	D190Q	0.9848	pathogenic
P31749	D190R	0.9872	pathogenic
P31749	D190S	0.9717	pathogenic
P31749	D190T	0.9924	pathogenic
P31749	D190V	0.9876	pathogenic
P31749	D190W	0.9986	pathogenic
P31749	D190Y	0.9789	pathogenic
P31749	E191A	0.9932	pathogenic
P31749	E191C	0.9992	pathogenic
P31749	E191D	0.9967	pathogenic
P31749	E191F	0.9999	pathogenic
P31749	E191G	0.9964	pathogenic
P31749	E191H	0.9997	pathogenic
P31749	E191I	0.9994	pathogenic
P31749	E191K	0.9982	pathogenic
P31749	E191L	0.9994	pathogenic
P31749	E191M	0.999	pathogenic
P31749	E191N	0.9995	pathogenic
P31749	E191P	0.9999	pathogenic
P31749	E191Q	0.9899	pathogenic
P31749	E191R	0.9969	pathogenic
P31749	E191S	0.9982	pathogenic
P31749	E191T	0.9985	pathogenic
P31749	E191V	0.998	pathogenic
P31749	E191W	0.9999	pathogenic
P31749	E191Y	0.9998	pathogenic
P31749	V192A	0.9631	pathogenic
P31749	V192C	0.997	pathogenic
P31749	V192D	0.9969	pathogenic
P31749	V192E	0.9764	pathogenic
P31749	V192F	0.956	pathogenic
P31749	V192G	0.9602	pathogenic
P31749	V192H	0.9982	pathogenic
P31749	V192I	0.3372	benign
P31749	V192K	0.9859	pathogenic
P31749	V192L	0.9723	pathogenic
P31749	V192M	0.9299	pathogenic
P31749	V192N	0.9932	pathogenic
P31749	V192P	0.9991	pathogenic
P31749	V192Q	0.9857	pathogenic
P31749	V192R	0.9809	pathogenic
P31749	V192S	0.9843	pathogenic
P31749	V192T	0.9191	pathogenic
P31749	V192W	0.9989	pathogenic
P31749	V192Y	0.9915	pathogenic
P31749	A193C	0.8567	pathogenic
P31749	A193D	0.9448	pathogenic
P31749	A193E	0.8519	pathogenic
P31749	A193F	0.8993	pathogenic
P31749	A193G	0.5905	pathogenic
P31749	A193H	0.9286	pathogenic
P31749	A193I	0.8214	pathogenic
P31749	A193K	0.9776	pathogenic
P31749	A193L	0.5864	pathogenic
P31749	A193M	0.6293	pathogenic
P31749	A193N	0.7672	pathogenic
P31749	A193P	0.9608	pathogenic
P31749	A193Q	0.701	pathogenic
P31749	A193R	0.9441	pathogenic
P31749	A193S	0.2276	benign
P31749	A193T	0.4065	ambiguous
P31749	A193V	0.6103	pathogenic
P31749	A193W	0.9885	pathogenic
P31749	A193Y	0.9564	pathogenic
P31749	H194A	0.9984	pathogenic
P31749	H194C	0.986	pathogenic
P31749	H194D	0.9997	pathogenic
P31749	H194E	0.9996	pathogenic
P31749	H194F	0.9916	pathogenic
P31749	H194G	0.9992	pathogenic
P31749	H194I	0.9997	pathogenic
P31749	H194K	0.9994	pathogenic
P31749	H194L	0.9941	pathogenic
P31749	H194M	0.9988	pathogenic
P31749	H194N	0.997	pathogenic
P31749	H194P	0.9972	pathogenic
P31749	H194Q	0.9993	pathogenic
P31749	H194R	0.9984	pathogenic
P31749	H194S	0.9978	pathogenic
P31749	H194T	0.9996	pathogenic
P31749	H194V	0.9992	pathogenic
P31749	H194W	0.9846	pathogenic
P31749	H194Y	0.9943	pathogenic
P31749	T195A	0.9789	pathogenic
P31749	T195C	0.9926	pathogenic
P31749	T195D	0.9996	pathogenic
P31749	T195E	0.999	pathogenic
P31749	T195F	0.999	pathogenic
P31749	T195G	0.9961	pathogenic
P31749	T195H	0.9979	pathogenic
P31749	T195I	0.9853	pathogenic
P31749	T195K	0.9987	pathogenic
P31749	T195L	0.9728	pathogenic
P31749	T195M	0.9824	pathogenic
P31749	T195N	0.9965	pathogenic
P31749	T195P	0.9965	pathogenic
P31749	T195Q	0.9974	pathogenic
P31749	T195R	0.9974	pathogenic
P31749	T195S	0.9852	pathogenic
P31749	T195V	0.9493	pathogenic
P31749	T195W	0.9997	pathogenic
P31749	T195Y	0.9992	pathogenic
P31749	L196A	0.8948	pathogenic
P31749	L196C	0.9084	pathogenic
P31749	L196D	0.9976	pathogenic
P31749	L196E	0.9474	pathogenic
P31749	L196F	0.8583	pathogenic
P31749	L196G	0.9879	pathogenic
P31749	L196H	0.9389	pathogenic
P31749	L196I	0.2118	benign
P31749	L196K	0.8407	pathogenic
P31749	L196M	0.2159	benign
P31749	L196N	0.9618	pathogenic
P31749	L196P	0.9995	pathogenic
P31749	L196Q	0.6948	pathogenic
P31749	L196R	0.7813	pathogenic
P31749	L196S	0.9673	pathogenic
P31749	L196T	0.877	pathogenic
P31749	L196V	0.1789	benign
P31749	L196W	0.9563	pathogenic
P31749	L196Y	0.9608	pathogenic
P31749	T197A	0.7328	pathogenic
P31749	T197C	0.9774	pathogenic
P31749	T197D	0.9966	pathogenic
P31749	T197E	0.9891	pathogenic
P31749	T197F	0.9953	pathogenic
P31749	T197G	0.9345	pathogenic
P31749	T197H	0.9927	pathogenic
P31749	T197I	0.9933	pathogenic
P31749	T197K	0.994	pathogenic
P31749	T197L	0.9523	pathogenic
P31749	T197M	0.91	pathogenic
P31749	T197N	0.9619	pathogenic
P31749	T197P	0.9944	pathogenic
P31749	T197Q	0.974	pathogenic
P31749	T197R	0.9815	pathogenic
P31749	T197S	0.9069	pathogenic
P31749	T197V	0.9353	pathogenic
P31749	T197W	0.9985	pathogenic
P31749	T197Y	0.9975	pathogenic
P31749	E198A	0.9992	pathogenic
P31749	E198C	0.9998	pathogenic
P31749	E198D	0.9999	pathogenic
P31749	E198F	1.0	pathogenic
P31749	E198G	0.9988	pathogenic
P31749	E198H	1.0	pathogenic
P31749	E198I	0.9999	pathogenic
P31749	E198K	0.9996	pathogenic
P31749	E198L	0.9999	pathogenic
P31749	E198M	0.9999	pathogenic
P31749	E198N	0.9999	pathogenic
P31749	E198P	0.9999	pathogenic
P31749	E198Q	0.9985	pathogenic
P31749	E198R	0.9994	pathogenic
P31749	E198S	0.9996	pathogenic
P31749	E198T	0.9998	pathogenic
P31749	E198V	0.9997	pathogenic
P31749	E198W	1.0	pathogenic
P31749	E198Y	1.0	pathogenic
P31749	N199A	0.8675	pathogenic
P31749	N199C	0.5616	ambiguous
P31749	N199D	0.9488	pathogenic
P31749	N199E	0.9861	pathogenic
P31749	N199F	0.986	pathogenic
P31749	N199G	0.8383	pathogenic
P31749	N199H	0.6354	pathogenic
P31749	N199I	0.9687	pathogenic
P31749	N199K	0.9748	pathogenic
P31749	N199L	0.9381	pathogenic
P31749	N199M	0.9392	pathogenic
P31749	N199P	0.9987	pathogenic
P31749	N199Q	0.9416	pathogenic
P31749	N199R	0.9679	pathogenic
P31749	N199S	0.2671	benign
P31749	N199T	0.8108	pathogenic
P31749	N199V	0.9375	pathogenic
P31749	N199W	0.9869	pathogenic
P31749	N199Y	0.8199	pathogenic
P31749	R200A	0.9596	pathogenic
P31749	R200C	0.8426	pathogenic
P31749	R200D	0.983	pathogenic
P31749	R200E	0.9225	pathogenic
P31749	R200F	0.9832	pathogenic
P31749	R200G	0.9507	pathogenic
P31749	R200H	0.4924	ambiguous
P31749	R200I	0.9376	pathogenic
P31749	R200K	0.4978	ambiguous
P31749	R200L	0.8914	pathogenic
P31749	R200M	0.943	pathogenic
P31749	R200N	0.96	pathogenic
P31749	R200P	0.9996	pathogenic
P31749	R200Q	0.5157	ambiguous
P31749	R200S	0.9694	pathogenic
P31749	R200T	0.9325	pathogenic
P31749	R200V	0.9499	pathogenic
P31749	R200W	0.8329	pathogenic
P31749	R200Y	0.9427	pathogenic
P31749	V201A	0.9914	pathogenic
P31749	V201C	0.9905	pathogenic
P31749	V201D	0.9993	pathogenic
P31749	V201E	0.9982	pathogenic
P31749	V201F	0.9737	pathogenic
P31749	V201G	0.9727	pathogenic
P31749	V201H	0.9985	pathogenic
P31749	V201I	0.4918	ambiguous
P31749	V201K	0.999	pathogenic
P31749	V201L	0.9898	pathogenic
P31749	V201M	0.989	pathogenic
P31749	V201N	0.9944	pathogenic
P31749	V201P	0.9995	pathogenic
P31749	V201Q	0.9968	pathogenic
P31749	V201R	0.9948	pathogenic
P31749	V201S	0.9877	pathogenic
P31749	V201T	0.9808	pathogenic
P31749	V201W	0.9994	pathogenic
P31749	V201Y	0.9952	pathogenic
P31749	L202A	0.9945	pathogenic
P31749	L202C	0.9959	pathogenic
P31749	L202D	0.9999	pathogenic
P31749	L202E	0.9991	pathogenic
P31749	L202F	0.9879	pathogenic
P31749	L202G	0.998	pathogenic
P31749	L202H	0.9975	pathogenic
P31749	L202I	0.9592	pathogenic
P31749	L202K	0.9983	pathogenic
P31749	L202M	0.8948	pathogenic
P31749	L202N	0.9987	pathogenic
P31749	L202P	0.9999	pathogenic
P31749	L202Q	0.9967	pathogenic
P31749	L202R	0.9963	pathogenic
P31749	L202S	0.999	pathogenic
P31749	L202T	0.9972	pathogenic
P31749	L202V	0.9832	pathogenic
P31749	L202W	0.9969	pathogenic
P31749	L202Y	0.9979	pathogenic
P31749	Q203A	0.6512	pathogenic
P31749	Q203C	0.9267	pathogenic
P31749	Q203D	0.9932	pathogenic
P31749	Q203E	0.4797	ambiguous
P31749	Q203F	0.9934	pathogenic
P31749	Q203G	0.8136	pathogenic
P31749	Q203H	0.9148	pathogenic
P31749	Q203I	0.9313	pathogenic
P31749	Q203K	0.3049	benign
P31749	Q203L	0.7173	pathogenic
P31749	Q203M	0.7953	pathogenic
P31749	Q203N	0.947	pathogenic
P31749	Q203P	0.9917	pathogenic
P31749	Q203R	0.3371	benign
P31749	Q203S	0.7952	pathogenic
P31749	Q203T	0.773	pathogenic
P31749	Q203V	0.8135	pathogenic
P31749	Q203W	0.9882	pathogenic
P31749	Q203Y	0.9848	pathogenic
P31749	N204A	0.2009	benign
P31749	N204C	0.2128	benign
P31749	N204D	0.2651	benign
P31749	N204E	0.4615	ambiguous
P31749	N204F	0.517	ambiguous
P31749	N204G	0.217	benign
P31749	N204H	0.0994	benign
P31749	N204I	0.3095	benign
P31749	N204K	0.3826	ambiguous
P31749	N204L	0.284	benign
P31749	N204M	0.3042	benign
P31749	N204P	0.9795	pathogenic
P31749	N204Q	0.2819	benign
P31749	N204R	0.3731	ambiguous
P31749	N204S	0.089	benign
P31749	N204T	0.1152	benign
P31749	N204V	0.2722	benign
P31749	N204W	0.7699	pathogenic
P31749	N204Y	0.1984	benign
P31749	S205A	0.1311	benign
P31749	S205C	0.0826	benign
P31749	S205D	0.9519	pathogenic
P31749	S205E	0.9569	pathogenic
P31749	S205F	0.8168	pathogenic
P31749	S205G	0.2418	benign
P31749	S205H	0.861	pathogenic
P31749	S205I	0.4686	ambiguous
P31749	S205K	0.9901	pathogenic
P31749	S205L	0.3523	ambiguous
P31749	S205M	0.403	ambiguous
P31749	S205N	0.5587	ambiguous
P31749	S205P	0.9571	pathogenic
P31749	S205Q	0.9057	pathogenic
P31749	S205R	0.9786	pathogenic
P31749	S205T	0.0853	benign
P31749	S205V	0.3696	ambiguous
P31749	S205W	0.897	pathogenic
P31749	S205Y	0.7931	pathogenic
P31749	R206A	0.4036	ambiguous
P31749	R206C	0.1764	benign
P31749	R206D	0.6056	pathogenic
P31749	R206E	0.3488	ambiguous
P31749	R206F	0.6678	pathogenic
P31749	R206G	0.292	benign
P31749	R206H	0.111	benign
P31749	R206I	0.3752	ambiguous
P31749	R206K	0.0781	benign
P31749	R206L	0.3343	benign
P31749	R206M	0.3617	ambiguous
P31749	R206N	0.4678	ambiguous
P31749	R206P	0.7853	pathogenic
P31749	R206Q	0.0925	benign
P31749	R206S	0.3939	ambiguous
P31749	R206T	0.2603	benign
P31749	R206V	0.3651	ambiguous
P31749	R206W	0.315	benign
P31749	R206Y	0.4934	ambiguous
P31749	H207A	0.9971	pathogenic
P31749	H207C	0.817	pathogenic
P31749	H207D	0.9959	pathogenic
P31749	H207E	0.9978	pathogenic
P31749	H207F	0.9852	pathogenic
P31749	H207G	0.9973	pathogenic
P31749	H207I	0.9981	pathogenic
P31749	H207K	0.9989	pathogenic
P31749	H207L	0.9867	pathogenic
P31749	H207M	0.9965	pathogenic
P31749	H207N	0.9476	pathogenic
P31749	H207P	0.9698	pathogenic
P31749	H207Q	0.9957	pathogenic
P31749	H207R	0.9983	pathogenic
P31749	H207S	0.977	pathogenic
P31749	H207T	0.9984	pathogenic
P31749	H207V	0.9982	pathogenic
P31749	H207W	0.9784	pathogenic
P31749	H207Y	0.9549	pathogenic
P31749	P208A	0.8482	pathogenic
P31749	P208C	0.9822	pathogenic
P31749	P208D	0.994	pathogenic
P31749	P208E	0.9862	pathogenic
P31749	P208F	0.9979	pathogenic
P31749	P208G	0.983	pathogenic
P31749	P208H	0.9658	pathogenic
P31749	P208I	0.9887	pathogenic
P31749	P208K	0.9893	pathogenic
P31749	P208L	0.9613	pathogenic
P31749	P208M	0.9933	pathogenic
P31749	P208N	0.986	pathogenic
P31749	P208Q	0.9691	pathogenic
P31749	P208R	0.9515	pathogenic
P31749	P208S	0.9451	pathogenic
P31749	P208T	0.9574	pathogenic
P31749	P208V	0.9698	pathogenic
P31749	P208W	0.9984	pathogenic
P31749	P208Y	0.9949	pathogenic
P31749	F209A	0.9977	pathogenic
P31749	F209C	0.9792	pathogenic
P31749	F209D	0.9996	pathogenic
P31749	F209E	0.9998	pathogenic
P31749	F209G	0.9965	pathogenic
P31749	F209H	0.9866	pathogenic
P31749	F209I	0.9985	pathogenic
P31749	F209K	0.9997	pathogenic
P31749	F209L	0.9988	pathogenic
P31749	F209M	0.9941	pathogenic
P31749	F209N	0.9911	pathogenic
P31749	F209P	0.9999	pathogenic
P31749	F209Q	0.9986	pathogenic
P31749	F209R	0.9984	pathogenic
P31749	F209S	0.9942	pathogenic
P31749	F209T	0.9992	pathogenic
P31749	F209V	0.9963	pathogenic
P31749	F209W	0.955	pathogenic
P31749	F209Y	0.6963	pathogenic
P31749	L210A	0.9849	pathogenic
P31749	L210C	0.9614	pathogenic
P31749	L210D	0.9998	pathogenic
P31749	L210E	0.9986	pathogenic
P31749	L210F	0.975	pathogenic
P31749	L210G	0.9973	pathogenic
P31749	L210H	0.9971	pathogenic
P31749	L210I	0.5651	pathogenic
P31749	L210K	0.9976	pathogenic
P31749	L210M	0.6863	pathogenic
P31749	L210N	0.998	pathogenic
P31749	L210P	0.9993	pathogenic
P31749	L210Q	0.9929	pathogenic
P31749	L210R	0.994	pathogenic
P31749	L210S	0.997	pathogenic
P31749	L210T	0.984	pathogenic
P31749	L210V	0.6478	pathogenic
P31749	L210W	0.9969	pathogenic
P31749	L210Y	0.9975	pathogenic
P31749	T211A	0.7222	pathogenic
P31749	T211C	0.8561	pathogenic
P31749	T211D	0.996	pathogenic
P31749	T211E	0.9901	pathogenic
P31749	T211F	0.9786	pathogenic
P31749	T211G	0.9183	pathogenic
P31749	T211H	0.9884	pathogenic
P31749	T211I	0.7961	pathogenic
P31749	T211K	0.9896	pathogenic
P31749	T211L	0.6108	pathogenic
P31749	T211M	0.632	pathogenic
P31749	T211N	0.9515	pathogenic
P31749	T211P	0.8915	pathogenic
P31749	T211Q	0.9679	pathogenic
P31749	T211R	0.9828	pathogenic
P31749	T211S	0.8724	pathogenic
P31749	T211V	0.572	pathogenic
P31749	T211W	0.9961	pathogenic
P31749	T211Y	0.9902	pathogenic
P31749	A212C	0.3553	ambiguous
P31749	A212D	0.5775	pathogenic
P31749	A212E	0.4435	ambiguous
P31749	A212F	0.4824	ambiguous
P31749	A212G	0.0969	benign
P31749	A212H	0.5502	ambiguous
P31749	A212I	0.4508	ambiguous
P31749	A212K	0.7133	pathogenic
P31749	A212L	0.2944	benign
P31749	A212M	0.2965	benign
P31749	A212N	0.3094	benign
P31749	A212P	0.9026	pathogenic
P31749	A212Q	0.3441	ambiguous
P31749	A212R	0.5939	pathogenic
P31749	A212S	0.0849	benign
P31749	A212T	0.114	benign
P31749	A212V	0.2413	benign
P31749	A212W	0.8377	pathogenic
P31749	A212Y	0.6029	pathogenic
P31749	L213A	0.9824	pathogenic
P31749	L213C	0.979	pathogenic
P31749	L213D	0.9999	pathogenic
P31749	L213E	0.9989	pathogenic
P31749	L213F	0.9926	pathogenic
P31749	L213G	0.9942	pathogenic
P31749	L213H	0.9988	pathogenic
P31749	L213I	0.9516	pathogenic
P31749	L213K	0.9968	pathogenic
P31749	L213M	0.8786	pathogenic
P31749	L213N	0.9981	pathogenic
P31749	L213P	0.9993	pathogenic
P31749	L213Q	0.9965	pathogenic
P31749	L213R	0.9933	pathogenic
P31749	L213S	0.9983	pathogenic
P31749	L213T	0.9939	pathogenic
P31749	L213V	0.9355	pathogenic
P31749	L213W	0.9987	pathogenic
P31749	L213Y	0.9983	pathogenic
P31749	K214A	0.8575	pathogenic
P31749	K214C	0.81	pathogenic
P31749	K214D	0.9762	pathogenic
P31749	K214E	0.7696	pathogenic
P31749	K214F	0.9365	pathogenic
P31749	K214G	0.9436	pathogenic
P31749	K214H	0.3791	ambiguous
P31749	K214I	0.8065	pathogenic
P31749	K214L	0.7785	pathogenic
P31749	K214M	0.6822	pathogenic
P31749	K214N	0.9182	pathogenic
P31749	K214P	0.9904	pathogenic
P31749	K214Q	0.3078	benign
P31749	K214R	0.08	benign
P31749	K214S	0.8939	pathogenic
P31749	K214T	0.6257	pathogenic
P31749	K214V	0.7127	pathogenic
P31749	K214W	0.8941	pathogenic
P31749	K214Y	0.8201	pathogenic
P31749	Y215A	0.9837	pathogenic
P31749	Y215C	0.8658	pathogenic
P31749	Y215D	0.9892	pathogenic
P31749	Y215E	0.9979	pathogenic
P31749	Y215F	0.3221	benign
P31749	Y215G	0.9614	pathogenic
P31749	Y215H	0.9378	pathogenic
P31749	Y215I	0.9914	pathogenic
P31749	Y215K	0.9971	pathogenic
P31749	Y215L	0.9795	pathogenic
P31749	Y215M	0.9881	pathogenic
P31749	Y215N	0.9591	pathogenic
P31749	Y215P	0.9998	pathogenic
P31749	Y215Q	0.996	pathogenic
P31749	Y215R	0.992	pathogenic
P31749	Y215S	0.9553	pathogenic
P31749	Y215T	0.9903	pathogenic
P31749	Y215V	0.9721	pathogenic
P31749	Y215W	0.8577	pathogenic
P31749	S216A	0.2966	benign
P31749	S216C	0.7116	pathogenic
P31749	S216D	0.9992	pathogenic
P31749	S216E	0.9989	pathogenic
P31749	S216F	0.9976	pathogenic
P31749	S216G	0.8457	pathogenic
P31749	S216H	0.9941	pathogenic
P31749	S216I	0.9956	pathogenic
P31749	S216K	0.9998	pathogenic
P31749	S216L	0.983	pathogenic
P31749	S216M	0.9897	pathogenic
P31749	S216N	0.9927	pathogenic
P31749	S216P	0.9991	pathogenic
P31749	S216Q	0.9943	pathogenic
P31749	S216R	0.999	pathogenic
P31749	S216T	0.8522	pathogenic
P31749	S216V	0.9859	pathogenic
P31749	S216W	0.9982	pathogenic
P31749	S216Y	0.9956	pathogenic
P31749	F217A	0.9996	pathogenic
P31749	F217C	0.998	pathogenic
P31749	F217D	0.9999	pathogenic
P31749	F217E	0.9999	pathogenic
P31749	F217G	0.9996	pathogenic
P31749	F217H	0.9985	pathogenic
P31749	F217I	0.9973	pathogenic
P31749	F217K	0.9999	pathogenic
P31749	F217L	0.9997	pathogenic
P31749	F217M	0.9981	pathogenic
P31749	F217N	0.9997	pathogenic
P31749	F217P	1.0	pathogenic
P31749	F217Q	0.9997	pathogenic
P31749	F217R	0.9992	pathogenic
P31749	F217S	0.9996	pathogenic
P31749	F217T	0.9997	pathogenic
P31749	F217V	0.9965	pathogenic
P31749	F217W	0.9815	pathogenic
P31749	F217Y	0.9556	pathogenic
P31749	Q218A	0.822	pathogenic
P31749	Q218C	0.9892	pathogenic
P31749	Q218D	0.9978	pathogenic
P31749	Q218E	0.7812	pathogenic
P31749	Q218F	0.9976	pathogenic
P31749	Q218G	0.9581	pathogenic
P31749	Q218H	0.9879	pathogenic
P31749	Q218I	0.9796	pathogenic
P31749	Q218K	0.9697	pathogenic
P31749	Q218L	0.9648	pathogenic
P31749	Q218M	0.9174	pathogenic
P31749	Q218N	0.9641	pathogenic
P31749	Q218P	0.9965	pathogenic
P31749	Q218R	0.9571	pathogenic
P31749	Q218S	0.7849	pathogenic
P31749	Q218T	0.5965	pathogenic
P31749	Q218V	0.929	pathogenic
P31749	Q218W	0.9989	pathogenic
P31749	Q218Y	0.9986	pathogenic
P31749	T219A	0.878	pathogenic
P31749	T219C	0.9515	pathogenic
P31749	T219D	0.9269	pathogenic
P31749	T219E	0.9749	pathogenic
P31749	T219F	0.9882	pathogenic
P31749	T219G	0.8699	pathogenic
P31749	T219H	0.9292	pathogenic
P31749	T219I	0.9933	pathogenic
P31749	T219K	0.9812	pathogenic
P31749	T219L	0.9265	pathogenic
P31749	T219M	0.8453	pathogenic
P31749	T219N	0.6728	pathogenic
P31749	T219P	0.988	pathogenic
P31749	T219Q	0.9473	pathogenic
P31749	T219R	0.9689	pathogenic
P31749	T219S	0.616	pathogenic
P31749	T219V	0.9639	pathogenic
P31749	T219W	0.9937	pathogenic
P31749	T219Y	0.9842	pathogenic
P31749	H220A	0.1357	benign
P31749	H220C	0.1402	benign
P31749	H220D	0.1891	benign
P31749	H220E	0.2052	benign
P31749	H220F	0.3315	benign
P31749	H220G	0.1934	benign
P31749	H220I	0.2741	benign
P31749	H220K	0.1336	benign
P31749	H220L	0.1367	benign
P31749	H220M	0.327	benign
P31749	H220N	0.0751	benign
P31749	H220P	0.1211	benign
P31749	H220Q	0.1008	benign
P31749	H220R	0.071	benign
P31749	H220S	0.124	benign
P31749	H220T	0.1566	benign
P31749	H220V	0.1895	benign
P31749	H220W	0.3974	ambiguous
P31749	H220Y	0.1405	benign
P31749	D221A	0.9058	pathogenic
P31749	D221C	0.9742	pathogenic
P31749	D221E	0.8008	pathogenic
P31749	D221F	0.9776	pathogenic
P31749	D221G	0.7845	pathogenic
P31749	D221H	0.8684	pathogenic
P31749	D221I	0.9823	pathogenic
P31749	D221K	0.9668	pathogenic
P31749	D221L	0.9691	pathogenic
P31749	D221M	0.9877	pathogenic
P31749	D221N	0.4286	ambiguous
P31749	D221P	0.9953	pathogenic
P31749	D221Q	0.9152	pathogenic
P31749	D221R	0.9581	pathogenic
P31749	D221S	0.5936	pathogenic
P31749	D221T	0.7964	pathogenic
P31749	D221V	0.9541	pathogenic
P31749	D221W	0.9935	pathogenic
P31749	D221Y	0.8821	pathogenic
P31749	R222A	0.9957	pathogenic
P31749	R222C	0.8355	pathogenic
P31749	R222D	0.9985	pathogenic
P31749	R222E	0.9911	pathogenic
P31749	R222F	0.9895	pathogenic
P31749	R222G	0.9913	pathogenic
P31749	R222H	0.5812	pathogenic
P31749	R222I	0.9911	pathogenic
P31749	R222K	0.8313	pathogenic
P31749	R222L	0.9689	pathogenic
P31749	R222M	0.9905	pathogenic
P31749	R222N	0.9921	pathogenic
P31749	R222P	0.9998	pathogenic
P31749	R222Q	0.8528	pathogenic
P31749	R222S	0.9948	pathogenic
P31749	R222T	0.9925	pathogenic
P31749	R222V	0.99	pathogenic
P31749	R222W	0.8631	pathogenic
P31749	R222Y	0.9187	pathogenic
P31749	L223A	0.9931	pathogenic
P31749	L223C	0.9919	pathogenic
P31749	L223D	1.0	pathogenic
P31749	L223E	0.9997	pathogenic
P31749	L223F	0.9966	pathogenic
P31749	L223G	0.9992	pathogenic
P31749	L223H	0.9996	pathogenic
P31749	L223I	0.5899	pathogenic
P31749	L223K	0.9993	pathogenic
P31749	L223M	0.9282	pathogenic
P31749	L223N	0.9994	pathogenic
P31749	L223P	0.9999	pathogenic
P31749	L223Q	0.9994	pathogenic
P31749	L223R	0.9985	pathogenic
P31749	L223S	0.9996	pathogenic
P31749	L223T	0.9958	pathogenic
P31749	L223V	0.6266	pathogenic
P31749	L223W	0.9997	pathogenic
P31749	L223Y	0.9993	pathogenic
P31749	C224A	0.9746	pathogenic
P31749	C224D	0.9999	pathogenic
P31749	C224E	1.0	pathogenic
P31749	C224F	0.9048	pathogenic
P31749	C224G	0.9611	pathogenic
P31749	C224H	0.998	pathogenic
P31749	C224I	0.96	pathogenic
P31749	C224K	1.0	pathogenic
P31749	C224L	0.9627	pathogenic
P31749	C224M	0.9846	pathogenic
P31749	C224N	0.9981	pathogenic
P31749	C224P	0.9999	pathogenic
P31749	C224Q	0.9997	pathogenic
P31749	C224R	0.9994	pathogenic
P31749	C224S	0.9854	pathogenic
P31749	C224T	0.9907	pathogenic
P31749	C224V	0.9056	pathogenic
P31749	C224W	0.9965	pathogenic
P31749	C224Y	0.9806	pathogenic
P31749	F225A	0.9992	pathogenic
P31749	F225C	0.9978	pathogenic
P31749	F225D	0.9999	pathogenic
P31749	F225E	0.9998	pathogenic
P31749	F225G	0.9996	pathogenic
P31749	F225H	0.9991	pathogenic
P31749	F225I	0.9875	pathogenic
P31749	F225K	0.9998	pathogenic
P31749	F225L	0.9971	pathogenic
P31749	F225M	0.9846	pathogenic
P31749	F225N	0.9995	pathogenic
P31749	F225P	1.0	pathogenic
P31749	F225Q	0.9996	pathogenic
P31749	F225R	0.9994	pathogenic
P31749	F225S	0.9995	pathogenic
P31749	F225T	0.9995	pathogenic
P31749	F225V	0.9917	pathogenic
P31749	F225W	0.993	pathogenic
P31749	F225Y	0.9525	pathogenic
P31749	V226A	0.9726	pathogenic
P31749	V226C	0.9771	pathogenic
P31749	V226D	0.9997	pathogenic
P31749	V226E	0.9994	pathogenic
P31749	V226F	0.9958	pathogenic
P31749	V226G	0.9815	pathogenic
P31749	V226H	0.9997	pathogenic
P31749	V226I	0.3108	benign
P31749	V226K	0.9994	pathogenic
P31749	V226L	0.9696	pathogenic
P31749	V226M	0.9909	pathogenic
P31749	V226N	0.999	pathogenic
P31749	V226P	0.9983	pathogenic
P31749	V226Q	0.9986	pathogenic
P31749	V226R	0.9967	pathogenic
P31749	V226S	0.9886	pathogenic
P31749	V226T	0.9759	pathogenic
P31749	V226W	0.9999	pathogenic
P31749	V226Y	0.9996	pathogenic
P31749	M227A	0.9945	pathogenic
P31749	M227C	0.9924	pathogenic
P31749	M227D	0.9995	pathogenic
P31749	M227E	0.9966	pathogenic
P31749	M227F	0.9778	pathogenic
P31749	M227G	0.9942	pathogenic
P31749	M227H	0.9988	pathogenic
P31749	M227I	0.9956	pathogenic
P31749	M227K	0.9975	pathogenic
P31749	M227L	0.6786	pathogenic
P31749	M227N	0.9955	pathogenic
P31749	M227P	0.9998	pathogenic
P31749	M227Q	0.9845	pathogenic
P31749	M227R	0.998	pathogenic
P31749	M227S	0.9883	pathogenic
P31749	M227T	0.955	pathogenic
P31749	M227V	0.9402	pathogenic
P31749	M227W	0.9988	pathogenic
P31749	M227Y	0.9986	pathogenic
P31749	E228A	0.935	pathogenic
P31749	E228C	0.9973	pathogenic
P31749	E228D	0.6449	pathogenic
P31749	E228F	0.9995	pathogenic
P31749	E228G	0.9438	pathogenic
P31749	E228H	0.9954	pathogenic
P31749	E228I	0.9962	pathogenic
P31749	E228K	0.9883	pathogenic
P31749	E228L	0.9965	pathogenic
P31749	E228M	0.9953	pathogenic
P31749	E228N	0.9543	pathogenic
P31749	E228P	0.9953	pathogenic
P31749	E228Q	0.8295	pathogenic
P31749	E228R	0.9847	pathogenic
P31749	E228S	0.9437	pathogenic
P31749	E228T	0.9786	pathogenic
P31749	E228V	0.9851	pathogenic
P31749	E228W	0.9998	pathogenic
P31749	E228Y	0.9987	pathogenic
P31749	Y229A	0.9975	pathogenic
P31749	Y229C	0.9888	pathogenic
P31749	Y229D	0.9984	pathogenic
P31749	Y229E	0.9996	pathogenic
P31749	Y229F	0.3749	ambiguous
P31749	Y229G	0.9916	pathogenic
P31749	Y229H	0.9979	pathogenic
P31749	Y229I	0.9933	pathogenic
P31749	Y229K	0.9995	pathogenic
P31749	Y229L	0.9464	pathogenic
P31749	Y229M	0.9895	pathogenic
P31749	Y229N	0.9928	pathogenic
P31749	Y229P	0.9984	pathogenic
P31749	Y229Q	0.9998	pathogenic
P31749	Y229R	0.999	pathogenic
P31749	Y229S	0.9963	pathogenic
P31749	Y229T	0.9984	pathogenic
P31749	Y229V	0.9833	pathogenic
P31749	Y229W	0.9688	pathogenic
P31749	A230C	0.4244	ambiguous
P31749	A230D	0.9936	pathogenic
P31749	A230E	0.9801	pathogenic
P31749	A230F	0.952	pathogenic
P31749	A230G	0.7424	pathogenic
P31749	A230H	0.9788	pathogenic
P31749	A230I	0.6403	pathogenic
P31749	A230K	0.9951	pathogenic
P31749	A230L	0.6284	pathogenic
P31749	A230M	0.7472	pathogenic
P31749	A230N	0.9423	pathogenic
P31749	A230P	0.9889	pathogenic
P31749	A230Q	0.9274	pathogenic
P31749	A230R	0.9742	pathogenic
P31749	A230S	0.3029	benign
P31749	A230T	0.4116	ambiguous
P31749	A230V	0.2337	benign
P31749	A230W	0.9955	pathogenic
P31749	A230Y	0.9817	pathogenic
P31749	N231A	0.4127	ambiguous
P31749	N231C	0.3843	ambiguous
P31749	N231D	0.7165	pathogenic
P31749	N231E	0.9504	pathogenic
P31749	N231F	0.9671	pathogenic
P31749	N231G	0.5312	ambiguous
P31749	N231H	0.6403	pathogenic
P31749	N231I	0.7703	pathogenic
P31749	N231K	0.9662	pathogenic
P31749	N231L	0.773	pathogenic
P31749	N231M	0.8346	pathogenic
P31749	N231P	0.6405	pathogenic
P31749	N231Q	0.8694	pathogenic
P31749	N231R	0.9216	pathogenic
P31749	N231S	0.0969	benign
P31749	N231T	0.5401	ambiguous
P31749	N231V	0.6133	pathogenic
P31749	N231W	0.9871	pathogenic
P31749	N231Y	0.8246	pathogenic
P31749	G232A	0.9841	pathogenic
P31749	G232C	0.9968	pathogenic
P31749	G232D	0.9997	pathogenic
P31749	G232E	0.9998	pathogenic
P31749	G232F	0.9998	pathogenic
P31749	G232H	0.9999	pathogenic
P31749	G232I	0.9999	pathogenic
P31749	G232K	0.9999	pathogenic
P31749	G232L	0.9996	pathogenic
P31749	G232M	0.9998	pathogenic
P31749	G232N	0.9996	pathogenic
P31749	G232P	0.9999	pathogenic
P31749	G232Q	0.9997	pathogenic
P31749	G232R	0.9992	pathogenic
P31749	G232S	0.9907	pathogenic
P31749	G232T	0.9988	pathogenic
P31749	G232V	0.9995	pathogenic
P31749	G232W	0.9997	pathogenic
P31749	G232Y	0.9997	pathogenic
P31749	G233A	0.9974	pathogenic
P31749	G233C	0.9991	pathogenic
P31749	G233D	0.9997	pathogenic
P31749	G233E	0.9997	pathogenic
P31749	G233F	0.9999	pathogenic
P31749	G233H	1.0	pathogenic
P31749	G233I	0.9999	pathogenic
P31749	G233K	0.9998	pathogenic
P31749	G233L	0.9998	pathogenic
P31749	G233M	0.9999	pathogenic
P31749	G233N	0.9998	pathogenic
P31749	G233P	0.9999	pathogenic
P31749	G233Q	0.9998	pathogenic
P31749	G233R	0.9994	pathogenic
P31749	G233S	0.9981	pathogenic
P31749	G233T	0.9995	pathogenic
P31749	G233V	0.9997	pathogenic
P31749	G233W	0.9997	pathogenic
P31749	G233Y	0.9999	pathogenic
P31749	E234A	0.9973	pathogenic
P31749	E234C	0.9996	pathogenic
P31749	E234D	0.9453	pathogenic
P31749	E234F	0.9999	pathogenic
P31749	E234G	0.9952	pathogenic
P31749	E234H	0.9997	pathogenic
P31749	E234I	0.9998	pathogenic
P31749	E234K	0.9986	pathogenic
P31749	E234L	0.9998	pathogenic
P31749	E234M	0.9996	pathogenic
P31749	E234N	0.9977	pathogenic
P31749	E234P	0.9994	pathogenic
P31749	E234Q	0.9964	pathogenic
P31749	E234R	0.9986	pathogenic
P31749	E234S	0.9955	pathogenic
P31749	E234T	0.9991	pathogenic
P31749	E234V	0.9995	pathogenic
P31749	E234W	0.9999	pathogenic
P31749	E234Y	0.9998	pathogenic
P31749	L235A	0.9858	pathogenic
P31749	L235C	0.9897	pathogenic
P31749	L235D	0.9999	pathogenic
P31749	L235E	0.9993	pathogenic
P31749	L235F	0.9894	pathogenic
P31749	L235G	0.9972	pathogenic
P31749	L235H	0.9995	pathogenic
P31749	L235I	0.593	pathogenic
P31749	L235K	0.9991	pathogenic
P31749	L235M	0.7851	pathogenic
P31749	L235N	0.9989	pathogenic
P31749	L235P	0.9995	pathogenic
P31749	L235Q	0.9988	pathogenic
P31749	L235R	0.9983	pathogenic
P31749	L235S	0.999	pathogenic
P31749	L235T	0.9937	pathogenic
P31749	L235V	0.7048	pathogenic
P31749	L235W	0.9991	pathogenic
P31749	L235Y	0.9984	pathogenic
P31749	F236A	0.9971	pathogenic
P31749	F236C	0.9967	pathogenic
P31749	F236D	0.9992	pathogenic
P31749	F236E	0.9995	pathogenic
P31749	F236G	0.997	pathogenic
P31749	F236H	0.9912	pathogenic
P31749	F236I	0.9991	pathogenic
P31749	F236K	0.9994	pathogenic
P31749	F236L	0.9997	pathogenic
P31749	F236M	0.9981	pathogenic
P31749	F236N	0.9967	pathogenic
P31749	F236P	0.9999	pathogenic
P31749	F236Q	0.9981	pathogenic
P31749	F236R	0.9946	pathogenic
P31749	F236S	0.9971	pathogenic
P31749	F236T	0.9995	pathogenic
P31749	F236V	0.9988	pathogenic
P31749	F236W	0.9718	pathogenic
P31749	F236Y	0.7864	pathogenic
P31749	F237A	0.9901	pathogenic
P31749	F237C	0.9363	pathogenic
P31749	F237D	0.9974	pathogenic
P31749	F237E	0.9977	pathogenic
P31749	F237G	0.9925	pathogenic
P31749	F237H	0.9019	pathogenic
P31749	F237I	0.9815	pathogenic
P31749	F237K	0.9974	pathogenic
P31749	F237L	0.9971	pathogenic
P31749	F237M	0.9814	pathogenic
P31749	F237N	0.9791	pathogenic
P31749	F237P	0.9998	pathogenic
P31749	F237Q	0.9861	pathogenic
P31749	F237R	0.9867	pathogenic
P31749	F237S	0.9681	pathogenic
P31749	F237T	0.9707	pathogenic
P31749	F237V	0.959	pathogenic
P31749	F237W	0.8407	pathogenic
P31749	F237Y	0.4172	ambiguous
P31749	H238A	0.9963	pathogenic
P31749	H238C	0.9401	pathogenic
P31749	H238D	0.9991	pathogenic
P31749	H238E	0.9973	pathogenic
P31749	H238F	0.9539	pathogenic
P31749	H238G	0.9983	pathogenic
P31749	H238I	0.9888	pathogenic
P31749	H238K	0.9974	pathogenic
P31749	H238L	0.888	pathogenic
P31749	H238M	0.9917	pathogenic
P31749	H238N	0.9831	pathogenic
P31749	H238P	0.9917	pathogenic
P31749	H238Q	0.9798	pathogenic
P31749	H238R	0.9884	pathogenic
P31749	H238S	0.9928	pathogenic
P31749	H238T	0.9974	pathogenic
P31749	H238V	0.9913	pathogenic
P31749	H238W	0.9063	pathogenic
P31749	H238Y	0.9217	pathogenic
P31749	L239A	0.9865	pathogenic
P31749	L239C	0.9843	pathogenic
P31749	L239D	0.9999	pathogenic
P31749	L239E	0.9988	pathogenic
P31749	L239F	0.9926	pathogenic
P31749	L239G	0.9972	pathogenic
P31749	L239H	0.9973	pathogenic
P31749	L239I	0.7366	pathogenic
P31749	L239K	0.9967	pathogenic
P31749	L239M	0.868	pathogenic
P31749	L239N	0.9979	pathogenic
P31749	L239P	0.9996	pathogenic
P31749	L239Q	0.9962	pathogenic
P31749	L239R	0.9914	pathogenic
P31749	L239S	0.9978	pathogenic
P31749	L239T	0.9917	pathogenic
P31749	L239V	0.827	pathogenic
P31749	L239W	0.9986	pathogenic
P31749	L239Y	0.9983	pathogenic
P31749	S240A	0.3599	ambiguous
P31749	S240C	0.4944	ambiguous
P31749	S240D	0.9837	pathogenic
P31749	S240E	0.9512	pathogenic
P31749	S240F	0.952	pathogenic
P31749	S240G	0.3946	ambiguous
P31749	S240H	0.8963	pathogenic
P31749	S240I	0.9125	pathogenic
P31749	S240K	0.9884	pathogenic
P31749	S240L	0.7331	pathogenic
P31749	S240M	0.7041	pathogenic
P31749	S240N	0.7557	pathogenic
P31749	S240P	0.9956	pathogenic
P31749	S240Q	0.7638	pathogenic
P31749	S240R	0.9795	pathogenic
P31749	S240T	0.4468	ambiguous
P31749	S240V	0.876	pathogenic
P31749	S240W	0.9487	pathogenic
P31749	S240Y	0.8982	pathogenic
P31749	R241A	0.8577	pathogenic
P31749	R241C	0.5268	ambiguous
P31749	R241D	0.9564	pathogenic
P31749	R241E	0.761	pathogenic
P31749	R241F	0.9498	pathogenic
P31749	R241G	0.7157	pathogenic
P31749	R241H	0.2608	benign
P31749	R241I	0.8809	pathogenic
P31749	R241K	0.1833	benign
P31749	R241L	0.7313	pathogenic
P31749	R241M	0.8282	pathogenic
P31749	R241N	0.9024	pathogenic
P31749	R241P	0.9878	pathogenic
P31749	R241Q	0.2031	benign
P31749	R241S	0.8895	pathogenic
P31749	R241T	0.8097	pathogenic
P31749	R241V	0.8679	pathogenic
P31749	R241W	0.6148	pathogenic
P31749	R241Y	0.8585	pathogenic
P31749	E242A	0.5746	pathogenic
P31749	E242C	0.9015	pathogenic
P31749	E242D	0.1281	benign
P31749	E242F	0.9587	pathogenic
P31749	E242G	0.5733	pathogenic
P31749	E242H	0.8429	pathogenic
P31749	E242I	0.8709	pathogenic
P31749	E242K	0.7841	pathogenic
P31749	E242L	0.8561	pathogenic
P31749	E242M	0.8953	pathogenic
P31749	E242N	0.5522	ambiguous
P31749	E242P	0.9827	pathogenic
P31749	E242Q	0.4409	ambiguous
P31749	E242R	0.8144	pathogenic
P31749	E242S	0.4839	ambiguous
P31749	E242T	0.7252	pathogenic
P31749	E242V	0.7012	pathogenic
P31749	E242W	0.9846	pathogenic
P31749	E242Y	0.9118	pathogenic
P31749	R243A	0.9368	pathogenic
P31749	R243C	0.8178	pathogenic
P31749	R243D	0.9562	pathogenic
P31749	R243E	0.8701	pathogenic
P31749	R243F	0.9774	pathogenic
P31749	R243G	0.7692	pathogenic
P31749	R243H	0.5116	ambiguous
P31749	R243I	0.9643	pathogenic
P31749	R243K	0.3092	benign
P31749	R243L	0.9138	pathogenic
P31749	R243M	0.934	pathogenic
P31749	R243N	0.9464	pathogenic
P31749	R243P	0.9597	pathogenic
P31749	R243Q	0.5088	ambiguous
P31749	R243S	0.9648	pathogenic
P31749	R243T	0.9325	pathogenic
P31749	R243V	0.9537	pathogenic
P31749	R243W	0.8382	pathogenic
P31749	R243Y	0.9162	pathogenic
P31749	V244A	0.3986	ambiguous
P31749	V244C	0.6432	pathogenic
P31749	V244D	0.857	pathogenic
P31749	V244E	0.7255	pathogenic
P31749	V244F	0.287	benign
P31749	V244G	0.3323	benign
P31749	V244H	0.7894	pathogenic
P31749	V244I	0.0736	benign
P31749	V244K	0.7216	pathogenic
P31749	V244L	0.2714	benign
P31749	V244M	0.2176	benign
P31749	V244N	0.4879	ambiguous
P31749	V244P	0.8877	pathogenic
P31749	V244Q	0.538	ambiguous
P31749	V244R	0.6159	pathogenic
P31749	V244S	0.3917	ambiguous
P31749	V244T	0.3236	benign
P31749	V244W	0.915	pathogenic
P31749	V244Y	0.6913	pathogenic
P31749	F245A	0.9979	pathogenic
P31749	F245C	0.9938	pathogenic
P31749	F245D	0.9995	pathogenic
P31749	F245E	0.9997	pathogenic
P31749	F245G	0.9985	pathogenic
P31749	F245H	0.9975	pathogenic
P31749	F245I	0.9888	pathogenic
P31749	F245K	0.9997	pathogenic
P31749	F245L	0.9954	pathogenic
P31749	F245M	0.9871	pathogenic
P31749	F245N	0.9987	pathogenic
P31749	F245P	0.9998	pathogenic
P31749	F245Q	0.9993	pathogenic
P31749	F245R	0.9991	pathogenic
P31749	F245S	0.9984	pathogenic
P31749	F245T	0.9991	pathogenic
P31749	F245V	0.9912	pathogenic
P31749	F245W	0.9779	pathogenic
P31749	F245Y	0.9416	pathogenic
P31749	S246A	0.09	benign
P31749	S246C	0.1194	benign
P31749	S246D	0.4605	ambiguous
P31749	S246E	0.6154	pathogenic
P31749	S246F	0.5428	ambiguous
P31749	S246G	0.0846	benign
P31749	S246H	0.4099	ambiguous
P31749	S246I	0.4769	ambiguous
P31749	S246K	0.7239	pathogenic
P31749	S246L	0.1421	benign
P31749	S246M	0.249	benign
P31749	S246N	0.1758	benign
P31749	S246P	0.0853	benign
P31749	S246Q	0.4972	ambiguous
P31749	S246R	0.7146	pathogenic
P31749	S246T	0.0678	benign
P31749	S246V	0.3145	benign
P31749	S246W	0.6591	pathogenic
P31749	S246Y	0.4951	ambiguous
P31749	E247A	0.5321	ambiguous
P31749	E247C	0.9575	pathogenic
P31749	E247D	0.6067	pathogenic
P31749	E247F	0.9843	pathogenic
P31749	E247G	0.6921	pathogenic
P31749	E247H	0.9334	pathogenic
P31749	E247I	0.792	pathogenic
P31749	E247K	0.7191	pathogenic
P31749	E247L	0.8465	pathogenic
P31749	E247M	0.8449	pathogenic
P31749	E247N	0.8236	pathogenic
P31749	E247P	0.8087	pathogenic
P31749	E247Q	0.4776	ambiguous
P31749	E247R	0.8062	pathogenic
P31749	E247S	0.6835	pathogenic
P31749	E247T	0.694	pathogenic
P31749	E247V	0.593	pathogenic
P31749	E247W	0.996	pathogenic
P31749	E247Y	0.9767	pathogenic
P31749	D248A	0.1486	benign
P31749	D248C	0.5283	ambiguous
P31749	D248E	0.0674	benign
P31749	D248F	0.6059	pathogenic
P31749	D248G	0.1762	benign
P31749	D248H	0.2989	benign
P31749	D248I	0.3648	ambiguous
P31749	D248K	0.3436	ambiguous
P31749	D248L	0.3609	ambiguous
P31749	D248M	0.5161	ambiguous
P31749	D248N	0.1274	benign
P31749	D248P	0.3795	ambiguous
P31749	D248Q	0.2115	benign
P31749	D248R	0.392	ambiguous
P31749	D248S	0.126	benign
P31749	D248T	0.2127	benign
P31749	D248V	0.2201	benign
P31749	D248W	0.8397	pathogenic
P31749	D248Y	0.3253	benign
P31749	R249A	0.9266	pathogenic
P31749	R249C	0.6738	pathogenic
P31749	R249D	0.9774	pathogenic
P31749	R249E	0.9138	pathogenic
P31749	R249F	0.9895	pathogenic
P31749	R249G	0.941	pathogenic
P31749	R249H	0.599	pathogenic
P31749	R249I	0.9263	pathogenic
P31749	R249K	0.346	ambiguous
P31749	R249L	0.9	pathogenic
P31749	R249M	0.9301	pathogenic
P31749	R249N	0.9741	pathogenic
P31749	R249P	0.9936	pathogenic
P31749	R249Q	0.4616	ambiguous
P31749	R249S	0.961	pathogenic
P31749	R249T	0.8342	pathogenic
P31749	R249V	0.9016	pathogenic
P31749	R249W	0.8842	pathogenic
P31749	R249Y	0.9729	pathogenic
P31749	A250C	0.5812	pathogenic
P31749	A250D	0.9952	pathogenic
P31749	A250E	0.9901	pathogenic
P31749	A250F	0.9775	pathogenic
P31749	A250G	0.3817	ambiguous
P31749	A250H	0.9925	pathogenic
P31749	A250I	0.848	pathogenic
P31749	A250K	0.9979	pathogenic
P31749	A250L	0.8047	pathogenic
P31749	A250M	0.7812	pathogenic
P31749	A250N	0.9615	pathogenic
P31749	A250P	0.993	pathogenic
P31749	A250Q	0.9712	pathogenic
P31749	A250R	0.992	pathogenic
P31749	A250S	0.1563	benign
P31749	A250T	0.1397	benign
P31749	A250V	0.4254	ambiguous
P31749	A250W	0.9978	pathogenic
P31749	A250Y	0.9934	pathogenic
P31749	R251A	0.5586	ambiguous
P31749	R251C	0.1756	benign
P31749	R251D	0.989	pathogenic
P31749	R251E	0.7704	pathogenic
P31749	R251F	0.9134	pathogenic
P31749	R251G	0.687	pathogenic
P31749	R251H	0.3802	ambiguous
P31749	R251I	0.5499	ambiguous
P31749	R251K	0.1427	benign
P31749	R251L	0.5641	pathogenic
P31749	R251M	0.5989	pathogenic
P31749	R251N	0.9555	pathogenic
P31749	R251P	0.988	pathogenic
P31749	R251Q	0.1209	benign
P31749	R251S	0.7883	pathogenic
P31749	R251T	0.6533	pathogenic
P31749	R251V	0.5486	ambiguous
P31749	R251W	0.7572	pathogenic
P31749	R251Y	0.8668	pathogenic
P31749	F252A	0.9941	pathogenic
P31749	F252C	0.9647	pathogenic
P31749	F252D	0.9991	pathogenic
P31749	F252E	0.9987	pathogenic
P31749	F252G	0.9968	pathogenic
P31749	F252H	0.9814	pathogenic
P31749	F252I	0.9314	pathogenic
P31749	F252K	0.9984	pathogenic
P31749	F252L	0.9951	pathogenic
P31749	F252M	0.9716	pathogenic
P31749	F252N	0.9952	pathogenic
P31749	F252P	0.9999	pathogenic
P31749	F252Q	0.9961	pathogenic
P31749	F252R	0.9941	pathogenic
P31749	F252S	0.9942	pathogenic
P31749	F252T	0.9936	pathogenic
P31749	F252V	0.9329	pathogenic
P31749	F252W	0.8987	pathogenic
P31749	F252Y	0.6036	pathogenic
P31749	Y253A	0.9952	pathogenic
P31749	Y253C	0.9278	pathogenic
P31749	Y253D	0.9985	pathogenic
P31749	Y253E	0.9995	pathogenic
P31749	Y253F	0.38	ambiguous
P31749	Y253G	0.9925	pathogenic
P31749	Y253H	0.9872	pathogenic
P31749	Y253I	0.9713	pathogenic
P31749	Y253K	0.9997	pathogenic
P31749	Y253L	0.8965	pathogenic
P31749	Y253M	0.9856	pathogenic
P31749	Y253N	0.9921	pathogenic
P31749	Y253P	0.9979	pathogenic
P31749	Y253Q	0.9992	pathogenic
P31749	Y253R	0.9978	pathogenic
P31749	Y253S	0.9821	pathogenic
P31749	Y253T	0.9944	pathogenic
P31749	Y253V	0.9536	pathogenic
P31749	Y253W	0.8294	pathogenic
P31749	G254A	0.2088	benign
P31749	G254C	0.7125	pathogenic
P31749	G254D	0.9989	pathogenic
P31749	G254E	0.9988	pathogenic
P31749	G254F	0.9923	pathogenic
P31749	G254H	0.9989	pathogenic
P31749	G254I	0.9372	pathogenic
P31749	G254K	0.9997	pathogenic
P31749	G254L	0.9413	pathogenic
P31749	G254M	0.9566	pathogenic
P31749	G254N	0.9936	pathogenic
P31749	G254P	0.9996	pathogenic
P31749	G254Q	0.9968	pathogenic
P31749	G254R	0.9987	pathogenic
P31749	G254S	0.4114	ambiguous
P31749	G254T	0.7215	pathogenic
P31749	G254V	0.8625	pathogenic
P31749	G254W	0.998	pathogenic
P31749	G254Y	0.9978	pathogenic
P31749	A255C	0.7018	pathogenic
P31749	A255D	0.9989	pathogenic
P31749	A255E	0.9967	pathogenic
P31749	A255F	0.9804	pathogenic
P31749	A255G	0.2599	benign
P31749	A255H	0.9966	pathogenic
P31749	A255I	0.9603	pathogenic
P31749	A255K	0.9991	pathogenic
P31749	A255L	0.8936	pathogenic
P31749	A255M	0.8871	pathogenic
P31749	A255N	0.9913	pathogenic
P31749	A255P	0.9984	pathogenic
P31749	A255Q	0.9876	pathogenic
P31749	A255R	0.9952	pathogenic
P31749	A255S	0.2462	benign
P31749	A255T	0.714	pathogenic
P31749	A255V	0.828	pathogenic
P31749	A255W	0.998	pathogenic
P31749	A255Y	0.9949	pathogenic
P31749	E256A	0.9647	pathogenic
P31749	E256C	0.9783	pathogenic
P31749	E256D	0.9977	pathogenic
P31749	E256F	1.0	pathogenic
P31749	E256G	0.9683	pathogenic
P31749	E256H	0.9993	pathogenic
P31749	E256I	0.9993	pathogenic
P31749	E256K	0.997	pathogenic
P31749	E256L	0.9984	pathogenic
P31749	E256M	0.9966	pathogenic
P31749	E256N	0.9953	pathogenic
P31749	E256P	0.9998	pathogenic
P31749	E256Q	0.9226	pathogenic
P31749	E256R	0.9971	pathogenic
P31749	E256S	0.9681	pathogenic
P31749	E256T	0.9945	pathogenic
P31749	E256V	0.9958	pathogenic
P31749	E256W	1.0	pathogenic
P31749	E256Y	0.9999	pathogenic
P31749	I257A	0.9458	pathogenic
P31749	I257C	0.9914	pathogenic
P31749	I257D	0.9997	pathogenic
P31749	I257E	0.9989	pathogenic
P31749	I257F	0.9726	pathogenic
P31749	I257G	0.997	pathogenic
P31749	I257H	0.9997	pathogenic
P31749	I257K	0.9992	pathogenic
P31749	I257L	0.562	ambiguous
P31749	I257M	0.4053	ambiguous
P31749	I257N	0.9955	pathogenic
P31749	I257P	0.9996	pathogenic
P31749	I257Q	0.9987	pathogenic
P31749	I257R	0.999	pathogenic
P31749	I257S	0.9853	pathogenic
P31749	I257T	0.8988	pathogenic
P31749	I257V	0.3263	benign
P31749	I257W	0.9994	pathogenic
P31749	I257Y	0.9982	pathogenic
P31749	V258A	0.5914	pathogenic
P31749	V258C	0.8718	pathogenic
P31749	V258D	0.9989	pathogenic
P31749	V258E	0.9961	pathogenic
P31749	V258F	0.909	pathogenic
P31749	V258G	0.8701	pathogenic
P31749	V258H	0.9978	pathogenic
P31749	V258I	0.1055	benign
P31749	V258K	0.9975	pathogenic
P31749	V258L	0.4458	ambiguous
P31749	V258M	0.6012	pathogenic
P31749	V258N	0.9892	pathogenic
P31749	V258P	0.9991	pathogenic
P31749	V258Q	0.9923	pathogenic
P31749	V258R	0.9949	pathogenic
P31749	V258S	0.8508	pathogenic
P31749	V258T	0.4272	ambiguous
P31749	V258W	0.999	pathogenic
P31749	V258Y	0.996	pathogenic
P31749	S259A	0.1151	benign
P31749	S259C	0.0994	benign
P31749	S259D	0.957	pathogenic
P31749	S259E	0.9453	pathogenic
P31749	S259F	0.7765	pathogenic
P31749	S259G	0.2645	benign
P31749	S259H	0.8868	pathogenic
P31749	S259I	0.5782	pathogenic
P31749	S259K	0.9895	pathogenic
P31749	S259L	0.0814	benign
P31749	S259M	0.2907	benign
P31749	S259N	0.6985	pathogenic
P31749	S259P	0.9938	pathogenic
P31749	S259Q	0.9083	pathogenic
P31749	S259R	0.9805	pathogenic
P31749	S259T	0.2043	benign
P31749	S259V	0.4455	ambiguous
P31749	S259W	0.8689	pathogenic
P31749	S259Y	0.7514	pathogenic
P31749	A260C	0.9587	pathogenic
P31749	A260D	0.9993	pathogenic
P31749	A260E	0.9994	pathogenic
P31749	A260F	0.9958	pathogenic
P31749	A260G	0.4328	ambiguous
P31749	A260H	0.999	pathogenic
P31749	A260I	0.9963	pathogenic
P31749	A260K	0.9998	pathogenic
P31749	A260L	0.9787	pathogenic
P31749	A260M	0.9909	pathogenic
P31749	A260N	0.9977	pathogenic
P31749	A260P	0.9981	pathogenic
P31749	A260Q	0.9968	pathogenic
P31749	A260R	0.9979	pathogenic
P31749	A260S	0.5586	ambiguous
P31749	A260T	0.9714	pathogenic
P31749	A260V	0.9827	pathogenic
P31749	A260W	0.9997	pathogenic
P31749	A260Y	0.999	pathogenic
P31749	L261A	0.9723	pathogenic
P31749	L261C	0.9674	pathogenic
P31749	L261D	0.9999	pathogenic
P31749	L261E	0.9986	pathogenic
P31749	L261F	0.9546	pathogenic
P31749	L261G	0.9967	pathogenic
P31749	L261H	0.9982	pathogenic
P31749	L261I	0.285	benign
P31749	L261K	0.9973	pathogenic
P31749	L261M	0.4626	ambiguous
P31749	L261N	0.9976	pathogenic
P31749	L261P	0.9996	pathogenic
P31749	L261Q	0.9955	pathogenic
P31749	L261R	0.9956	pathogenic
P31749	L261S	0.9967	pathogenic
P31749	L261T	0.9598	pathogenic
P31749	L261V	0.3351	benign
P31749	L261W	0.9956	pathogenic
P31749	L261Y	0.9975	pathogenic
P31749	D262A	0.1503	benign
P31749	D262C	0.5273	ambiguous
P31749	D262E	0.1961	benign
P31749	D262F	0.5732	pathogenic
P31749	D262G	0.1755	benign
P31749	D262H	0.1898	benign
P31749	D262I	0.7243	pathogenic
P31749	D262K	0.5886	pathogenic
P31749	D262L	0.5486	ambiguous
P31749	D262M	0.7394	pathogenic
P31749	D262N	0.1324	benign
P31749	D262P	0.9852	pathogenic
P31749	D262Q	0.3054	benign
P31749	D262R	0.5113	ambiguous
P31749	D262S	0.1291	benign
P31749	D262T	0.4036	ambiguous
P31749	D262V	0.4792	ambiguous
P31749	D262W	0.8784	pathogenic
P31749	D262Y	0.2169	benign
P31749	Y263A	0.9718	pathogenic
P31749	Y263C	0.7092	pathogenic
P31749	Y263D	0.9386	pathogenic
P31749	Y263E	0.9897	pathogenic
P31749	Y263F	0.1722	benign
P31749	Y263G	0.9615	pathogenic
P31749	Y263H	0.6516	pathogenic
P31749	Y263I	0.9652	pathogenic
P31749	Y263K	0.9908	pathogenic
P31749	Y263L	0.9424	pathogenic
P31749	Y263M	0.9706	pathogenic
P31749	Y263N	0.9063	pathogenic
P31749	Y263P	0.999	pathogenic
P31749	Y263Q	0.9826	pathogenic
P31749	Y263R	0.9661	pathogenic
P31749	Y263S	0.8814	pathogenic
P31749	Y263T	0.964	pathogenic
P31749	Y263V	0.9156	pathogenic
P31749	Y263W	0.7004	pathogenic
P31749	L264A	0.9874	pathogenic
P31749	L264C	0.9675	pathogenic
P31749	L264D	0.9999	pathogenic
P31749	L264E	0.9989	pathogenic
P31749	L264F	0.9729	pathogenic
P31749	L264G	0.9972	pathogenic
P31749	L264H	0.9978	pathogenic
P31749	L264I	0.7434	pathogenic
P31749	L264K	0.9985	pathogenic
P31749	L264M	0.7457	pathogenic
P31749	L264N	0.9987	pathogenic
P31749	L264P	0.9996	pathogenic
P31749	L264Q	0.9951	pathogenic
P31749	L264R	0.9957	pathogenic
P31749	L264S	0.998	pathogenic
P31749	L264T	0.9926	pathogenic
P31749	L264V	0.8367	pathogenic
P31749	L264W	0.9967	pathogenic
P31749	L264Y	0.9976	pathogenic
P31749	H265A	0.9991	pathogenic
P31749	H265C	0.9881	pathogenic
P31749	H265D	0.9994	pathogenic
P31749	H265E	0.9993	pathogenic
P31749	H265F	0.9969	pathogenic
P31749	H265G	0.9987	pathogenic
P31749	H265I	0.9996	pathogenic
P31749	H265K	0.9973	pathogenic
P31749	H265L	0.9944	pathogenic
P31749	H265M	0.9994	pathogenic
P31749	H265N	0.9971	pathogenic
P31749	H265P	0.9973	pathogenic
P31749	H265Q	0.9974	pathogenic
P31749	H265R	0.9934	pathogenic
P31749	H265S	0.9983	pathogenic
P31749	H265T	0.9997	pathogenic
P31749	H265V	0.9995	pathogenic
P31749	H265W	0.9893	pathogenic
P31749	H265Y	0.995	pathogenic
P31749	S266A	0.0646	benign
P31749	S266C	0.0843	benign
P31749	S266D	0.4388	ambiguous
P31749	S266E	0.4282	ambiguous
P31749	S266F	0.2475	benign
P31749	S266G	0.0835	benign
P31749	S266H	0.2339	benign
P31749	S266I	0.2581	benign
P31749	S266K	0.428	ambiguous
P31749	S266L	0.1099	benign
P31749	S266M	0.1606	benign
P31749	S266N	0.144	benign
P31749	S266P	0.96	pathogenic
P31749	S266Q	0.2756	benign
P31749	S266R	0.322	benign
P31749	S266T	0.0779	benign
P31749	S266V	0.1911	benign
P31749	S266W	0.3821	ambiguous
P31749	S266Y	0.2307	benign
P31749	E267A	0.1888	benign
P31749	E267C	0.7197	pathogenic
P31749	E267D	0.1641	benign
P31749	E267F	0.7709	pathogenic
P31749	E267G	0.1895	benign
P31749	E267H	0.3423	ambiguous
P31749	E267I	0.4155	ambiguous
P31749	E267K	0.1714	benign
P31749	E267L	0.4585	ambiguous
P31749	E267M	0.5131	ambiguous
P31749	E267N	0.2565	benign
P31749	E267P	0.8581	pathogenic
P31749	E267Q	0.0902	benign
P31749	E267R	0.2205	benign
P31749	E267S	0.1939	benign
P31749	E267T	0.2336	benign
P31749	E267V	0.2405	benign
P31749	E267W	0.888	pathogenic
P31749	E267Y	0.6418	pathogenic
P31749	K268A	0.7061	pathogenic
P31749	K268C	0.5756	pathogenic
P31749	K268D	0.8533	pathogenic
P31749	K268E	0.4684	ambiguous
P31749	K268F	0.9188	pathogenic
P31749	K268G	0.62	pathogenic
P31749	K268H	0.3496	ambiguous
P31749	K268I	0.735	pathogenic
P31749	K268L	0.5846	pathogenic
P31749	K268M	0.4834	ambiguous
P31749	K268N	0.5872	pathogenic
P31749	K268P	0.9327	pathogenic
P31749	K268Q	0.18	benign
P31749	K268R	0.0673	benign
P31749	K268S	0.7504	pathogenic
P31749	K268T	0.563	ambiguous
P31749	K268V	0.6413	pathogenic
P31749	K268W	0.8366	pathogenic
P31749	K268Y	0.7784	pathogenic
P31749	N269A	0.3473	ambiguous
P31749	N269C	0.3939	ambiguous
P31749	N269D	0.1068	benign
P31749	N269E	0.4111	ambiguous
P31749	N269F	0.7432	pathogenic
P31749	N269G	0.2335	benign
P31749	N269H	0.156	benign
P31749	N269I	0.7331	pathogenic
P31749	N269K	0.4723	ambiguous
P31749	N269L	0.5377	ambiguous
P31749	N269M	0.5216	ambiguous
P31749	N269P	0.9203	pathogenic
P31749	N269Q	0.3267	benign
P31749	N269R	0.5138	ambiguous
P31749	N269S	0.1293	benign
P31749	N269T	0.3655	ambiguous
P31749	N269V	0.6358	pathogenic
P31749	N269W	0.8728	pathogenic
P31749	N269Y	0.3454	ambiguous
P31749	V270A	0.9391	pathogenic
P31749	V270C	0.959	pathogenic
P31749	V270D	0.9973	pathogenic
P31749	V270E	0.9927	pathogenic
P31749	V270F	0.9132	pathogenic
P31749	V270G	0.9652	pathogenic
P31749	V270H	0.997	pathogenic
P31749	V270I	0.1347	benign
P31749	V270K	0.9938	pathogenic
P31749	V270L	0.9137	pathogenic
P31749	V270M	0.8713	pathogenic
P31749	V270N	0.9921	pathogenic
P31749	V270P	0.9969	pathogenic
P31749	V270Q	0.9908	pathogenic
P31749	V270R	0.9855	pathogenic
P31749	V270S	0.973	pathogenic
P31749	V270T	0.852	pathogenic
P31749	V270W	0.9969	pathogenic
P31749	V270Y	0.9873	pathogenic
P31749	V271A	0.9549	pathogenic
P31749	V271C	0.9774	pathogenic
P31749	V271D	0.9996	pathogenic
P31749	V271E	0.999	pathogenic
P31749	V271F	0.9864	pathogenic
P31749	V271G	0.9819	pathogenic
P31749	V271H	0.9996	pathogenic
P31749	V271I	0.2369	benign
P31749	V271K	0.9995	pathogenic
P31749	V271L	0.9562	pathogenic
P31749	V271M	0.9683	pathogenic
P31749	V271N	0.9974	pathogenic
P31749	V271P	0.9972	pathogenic
P31749	V271Q	0.9979	pathogenic
P31749	V271R	0.9977	pathogenic
P31749	V271S	0.979	pathogenic
P31749	V271T	0.9579	pathogenic
P31749	V271W	0.9998	pathogenic
P31749	V271Y	0.9986	pathogenic
P31749	Y272A	0.998	pathogenic
P31749	Y272C	0.9796	pathogenic
P31749	Y272D	0.9986	pathogenic
P31749	Y272E	0.9996	pathogenic
P31749	Y272F	0.7101	pathogenic
P31749	Y272G	0.9928	pathogenic
P31749	Y272H	0.9906	pathogenic
P31749	Y272I	0.9932	pathogenic
P31749	Y272K	0.9997	pathogenic
P31749	Y272L	0.9587	pathogenic
P31749	Y272M	0.9959	pathogenic
P31749	Y272N	0.9931	pathogenic
P31749	Y272P	0.9937	pathogenic
P31749	Y272Q	0.9996	pathogenic
P31749	Y272R	0.999	pathogenic
P31749	Y272S	0.9858	pathogenic
P31749	Y272T	0.9983	pathogenic
P31749	Y272V	0.9905	pathogenic
P31749	Y272W	0.9734	pathogenic
P31749	R273A	0.9997	pathogenic
P31749	R273C	0.9983	pathogenic
P31749	R273D	0.9999	pathogenic
P31749	R273E	0.9991	pathogenic
P31749	R273F	1.0	pathogenic
P31749	R273G	0.9976	pathogenic
P31749	R273H	0.9991	pathogenic
P31749	R273I	1.0	pathogenic
P31749	R273K	0.9977	pathogenic
P31749	R273L	0.9992	pathogenic
P31749	R273M	1.0	pathogenic
P31749	R273N	0.9999	pathogenic
P31749	R273P	0.9999	pathogenic
P31749	R273Q	0.9985	pathogenic
P31749	R273S	0.9999	pathogenic
P31749	R273T	0.9999	pathogenic
P31749	R273V	0.9999	pathogenic
P31749	R273W	0.9993	pathogenic
P31749	R273Y	0.9999	pathogenic
P31749	D274A	1.0	pathogenic
P31749	D274C	1.0	pathogenic
P31749	D274E	0.9998	pathogenic
P31749	D274F	0.9997	pathogenic
P31749	D274G	0.9998	pathogenic
P31749	D274H	0.9998	pathogenic
P31749	D274I	1.0	pathogenic
P31749	D274K	0.9998	pathogenic
P31749	D274L	0.9999	pathogenic
P31749	D274M	1.0	pathogenic
P31749	D274N	0.9995	pathogenic
P31749	D274P	0.9999	pathogenic
P31749	D274Q	0.9999	pathogenic
P31749	D274R	0.9997	pathogenic
P31749	D274S	0.9998	pathogenic
P31749	D274T	1.0	pathogenic
P31749	D274V	0.9999	pathogenic
P31749	D274W	1.0	pathogenic
P31749	D274Y	0.9983	pathogenic
P31749	L275A	0.983	pathogenic
P31749	L275C	0.9717	pathogenic
P31749	L275D	0.9999	pathogenic
P31749	L275E	0.9991	pathogenic
P31749	L275F	0.9818	pathogenic
P31749	L275G	0.9983	pathogenic
P31749	L275H	0.9992	pathogenic
P31749	L275I	0.2271	benign
P31749	L275K	0.9988	pathogenic
P31749	L275M	0.4696	ambiguous
P31749	L275N	0.9983	pathogenic
P31749	L275P	0.9992	pathogenic
P31749	L275Q	0.9971	pathogenic
P31749	L275R	0.9981	pathogenic
P31749	L275S	0.9976	pathogenic
P31749	L275T	0.9846	pathogenic
P31749	L275V	0.4516	ambiguous
P31749	L275W	0.9983	pathogenic
P31749	L275Y	0.9988	pathogenic
P31749	K276A	0.9995	pathogenic
P31749	K276C	0.9999	pathogenic
P31749	K276D	0.9999	pathogenic
P31749	K276E	0.9999	pathogenic
P31749	K276F	1.0	pathogenic
P31749	K276G	0.9995	pathogenic
P31749	K276H	0.9982	pathogenic
P31749	K276I	0.9997	pathogenic
P31749	K276L	0.9988	pathogenic
P31749	K276M	0.9981	pathogenic
P31749	K276N	0.9999	pathogenic
P31749	K276P	0.999	pathogenic
P31749	K276Q	0.9995	pathogenic
P31749	K276R	0.9871	pathogenic
P31749	K276S	0.9998	pathogenic
P31749	K276T	0.9985	pathogenic
P31749	K276V	0.9997	pathogenic
P31749	K276W	1.0	pathogenic
P31749	K276Y	0.9999	pathogenic
P31749	L277A	0.9875	pathogenic
P31749	L277C	0.995	pathogenic
P31749	L277D	0.9999	pathogenic
P31749	L277E	0.9993	pathogenic
P31749	L277F	0.9989	pathogenic
P31749	L277G	0.9956	pathogenic
P31749	L277H	0.9997	pathogenic
P31749	L277I	0.9834	pathogenic
P31749	L277K	0.9985	pathogenic
P31749	L277M	0.9395	pathogenic
P31749	L277N	0.999	pathogenic
P31749	L277P	0.9838	pathogenic
P31749	L277Q	0.9993	pathogenic
P31749	L277R	0.9977	pathogenic
P31749	L277S	0.9994	pathogenic
P31749	L277T	0.996	pathogenic
P31749	L277V	0.9815	pathogenic
P31749	L277W	0.9997	pathogenic
P31749	L277Y	0.9997	pathogenic
P31749	E278A	0.9993	pathogenic
P31749	E278C	0.9996	pathogenic
P31749	E278D	0.9983	pathogenic
P31749	E278F	1.0	pathogenic
P31749	E278G	0.9973	pathogenic
P31749	E278H	0.9999	pathogenic
P31749	E278I	1.0	pathogenic
P31749	E278K	0.9997	pathogenic
P31749	E278L	0.9999	pathogenic
P31749	E278M	0.9999	pathogenic
P31749	E278N	0.9998	pathogenic
P31749	E278P	0.9997	pathogenic
P31749	E278Q	0.998	pathogenic
P31749	E278R	0.9994	pathogenic
P31749	E278S	0.999	pathogenic
P31749	E278T	0.9999	pathogenic
P31749	E278V	0.9999	pathogenic
P31749	E278W	1.0	pathogenic
P31749	E278Y	0.9999	pathogenic
P31749	N279A	1.0	pathogenic
P31749	N279C	0.9992	pathogenic
P31749	N279D	0.9998	pathogenic
P31749	N279E	0.9998	pathogenic
P31749	N279F	0.9999	pathogenic
P31749	N279G	0.9999	pathogenic
P31749	N279H	0.9996	pathogenic
P31749	N279I	0.9994	pathogenic
P31749	N279K	0.9999	pathogenic
P31749	N279L	0.9996	pathogenic
P31749	N279M	0.9995	pathogenic
P31749	N279P	0.9998	pathogenic
P31749	N279Q	0.9999	pathogenic
P31749	N279R	0.9999	pathogenic
P31749	N279S	0.9996	pathogenic
P31749	N279T	0.9996	pathogenic
P31749	N279V	0.9996	pathogenic
P31749	N279W	1.0	pathogenic
P31749	N279Y	0.9989	pathogenic
P31749	L280A	0.9851	pathogenic
P31749	L280C	0.9519	pathogenic
P31749	L280D	0.9999	pathogenic
P31749	L280E	0.9994	pathogenic
P31749	L280F	0.9929	pathogenic
P31749	L280G	0.9989	pathogenic
P31749	L280H	0.9991	pathogenic
P31749	L280I	0.3344	benign
P31749	L280K	0.9991	pathogenic
P31749	L280M	0.7079	pathogenic
P31749	L280N	0.9988	pathogenic
P31749	L280P	0.9999	pathogenic
P31749	L280Q	0.9984	pathogenic
P31749	L280R	0.9981	pathogenic
P31749	L280S	0.9987	pathogenic
P31749	L280T	0.985	pathogenic
P31749	L280V	0.4022	ambiguous
P31749	L280W	0.9994	pathogenic
P31749	L280Y	0.9993	pathogenic
P31749	M281A	0.9923	pathogenic
P31749	M281C	0.9746	pathogenic
P31749	M281D	0.9999	pathogenic
P31749	M281E	0.9989	pathogenic
P31749	M281F	0.98	pathogenic
P31749	M281G	0.9972	pathogenic
P31749	M281H	0.9981	pathogenic
P31749	M281I	0.9842	pathogenic
P31749	M281K	0.9968	pathogenic
P31749	M281L	0.2238	benign
P31749	M281N	0.997	pathogenic
P31749	M281P	0.9994	pathogenic
P31749	M281Q	0.9866	pathogenic
P31749	M281R	0.9969	pathogenic
P31749	M281S	0.9957	pathogenic
P31749	M281T	0.9932	pathogenic
P31749	M281V	0.7908	pathogenic
P31749	M281W	0.9992	pathogenic
P31749	M281Y	0.9979	pathogenic
P31749	L282A	0.9905	pathogenic
P31749	L282C	0.9908	pathogenic
P31749	L282D	1.0	pathogenic
P31749	L282E	0.9994	pathogenic
P31749	L282F	0.986	pathogenic
P31749	L282G	0.9989	pathogenic
P31749	L282H	0.9995	pathogenic
P31749	L282I	0.5707	pathogenic
P31749	L282K	0.999	pathogenic
P31749	L282M	0.66	pathogenic
P31749	L282N	0.9995	pathogenic
P31749	L282P	0.9996	pathogenic
P31749	L282Q	0.9988	pathogenic
P31749	L282R	0.998	pathogenic
P31749	L282S	0.9995	pathogenic
P31749	L282T	0.9925	pathogenic
P31749	L282V	0.6508	pathogenic
P31749	L282W	0.9986	pathogenic
P31749	L282Y	0.9987	pathogenic
P31749	D283A	0.9696	pathogenic
P31749	D283C	0.9859	pathogenic
P31749	D283E	0.972	pathogenic
P31749	D283F	0.9982	pathogenic
P31749	D283G	0.9071	pathogenic
P31749	D283H	0.9911	pathogenic
P31749	D283I	0.9993	pathogenic
P31749	D283K	0.9979	pathogenic
P31749	D283L	0.9918	pathogenic
P31749	D283M	0.9982	pathogenic
P31749	D283N	0.8779	pathogenic
P31749	D283P	0.9994	pathogenic
P31749	D283Q	0.9921	pathogenic
P31749	D283R	0.9959	pathogenic
P31749	D283S	0.8912	pathogenic
P31749	D283T	0.9733	pathogenic
P31749	D283V	0.9945	pathogenic
P31749	D283W	0.9994	pathogenic
P31749	D283Y	0.99	pathogenic
P31749	K284A	0.4289	ambiguous
P31749	K284C	0.724	pathogenic
P31749	K284D	0.7859	pathogenic
P31749	K284E	0.2932	benign
P31749	K284F	0.9423	pathogenic
P31749	K284G	0.5174	ambiguous
P31749	K284H	0.4634	ambiguous
P31749	K284I	0.7122	pathogenic
P31749	K284L	0.7371	pathogenic
P31749	K284M	0.5006	ambiguous
P31749	K284N	0.6897	pathogenic
P31749	K284P	0.9116	pathogenic
P31749	K284Q	0.1629	benign
P31749	K284R	0.0805	benign
P31749	K284S	0.5022	ambiguous
P31749	K284T	0.351	ambiguous
P31749	K284V	0.5906	pathogenic
P31749	K284W	0.8918	pathogenic
P31749	K284Y	0.8577	pathogenic
P31749	D285A	0.3651	ambiguous
P31749	D285C	0.7759	pathogenic
P31749	D285E	0.1575	benign
P31749	D285F	0.701	pathogenic
P31749	D285G	0.4958	ambiguous
P31749	D285H	0.525	ambiguous
P31749	D285I	0.6951	pathogenic
P31749	D285K	0.7635	pathogenic
P31749	D285L	0.6513	pathogenic
P31749	D285M	0.7303	pathogenic
P31749	D285N	0.1976	benign
P31749	D285P	0.991	pathogenic
P31749	D285Q	0.5138	ambiguous
P31749	D285R	0.7686	pathogenic
P31749	D285S	0.302	benign
P31749	D285T	0.4514	ambiguous
P31749	D285V	0.4516	ambiguous
P31749	D285W	0.928	pathogenic
P31749	D285Y	0.3483	ambiguous
P31749	G286A	0.9958	pathogenic
P31749	G286C	0.9975	pathogenic
P31749	G286D	0.9998	pathogenic
P31749	G286E	0.9998	pathogenic
P31749	G286F	0.9998	pathogenic
P31749	G286H	0.9999	pathogenic
P31749	G286I	0.9999	pathogenic
P31749	G286K	0.9999	pathogenic
P31749	G286L	0.9998	pathogenic
P31749	G286M	0.9999	pathogenic
P31749	G286N	0.9998	pathogenic
P31749	G286P	1.0	pathogenic
P31749	G286Q	0.9998	pathogenic
P31749	G286R	0.9994	pathogenic
P31749	G286S	0.9949	pathogenic
P31749	G286T	0.9994	pathogenic
P31749	G286V	0.9998	pathogenic
P31749	G286W	0.9996	pathogenic
P31749	G286Y	0.9998	pathogenic
P31749	H287A	0.9991	pathogenic
P31749	H287C	0.95	pathogenic
P31749	H287D	0.9982	pathogenic
P31749	H287E	0.9993	pathogenic
P31749	H287F	0.9842	pathogenic
P31749	H287G	0.9978	pathogenic
P31749	H287I	0.9994	pathogenic
P31749	H287K	0.9949	pathogenic
P31749	H287L	0.9958	pathogenic
P31749	H287M	0.9992	pathogenic
P31749	H287N	0.9682	pathogenic
P31749	H287P	0.9987	pathogenic
P31749	H287Q	0.9951	pathogenic
P31749	H287R	0.9588	pathogenic
P31749	H287S	0.9936	pathogenic
P31749	H287T	0.9994	pathogenic
P31749	H287V	0.999	pathogenic
P31749	H287W	0.9711	pathogenic
P31749	H287Y	0.9335	pathogenic
P31749	I288A	0.9557	pathogenic
P31749	I288C	0.9369	pathogenic
P31749	I288D	0.9998	pathogenic
P31749	I288E	0.9993	pathogenic
P31749	I288F	0.9768	pathogenic
P31749	I288G	0.9962	pathogenic
P31749	I288H	0.9995	pathogenic
P31749	I288K	0.9992	pathogenic
P31749	I288L	0.4319	ambiguous
P31749	I288M	0.628	pathogenic
P31749	I288N	0.9965	pathogenic
P31749	I288P	0.9962	pathogenic
P31749	I288Q	0.9985	pathogenic
P31749	I288R	0.9985	pathogenic
P31749	I288S	0.985	pathogenic
P31749	I288T	0.9654	pathogenic
P31749	I288V	0.1069	benign
P31749	I288W	0.9996	pathogenic
P31749	I288Y	0.9985	pathogenic
P31749	K289A	0.9795	pathogenic
P31749	K289C	0.8955	pathogenic
P31749	K289D	0.9995	pathogenic
P31749	K289E	0.9933	pathogenic
P31749	K289F	0.995	pathogenic
P31749	K289G	0.9943	pathogenic
P31749	K289H	0.8776	pathogenic
P31749	K289I	0.9452	pathogenic
P31749	K289L	0.9176	pathogenic
P31749	K289M	0.8808	pathogenic
P31749	K289N	0.9955	pathogenic
P31749	K289P	0.9994	pathogenic
P31749	K289Q	0.8433	pathogenic
P31749	K289R	0.2002	benign
P31749	K289S	0.99	pathogenic
P31749	K289T	0.9435	pathogenic
P31749	K289V	0.8653	pathogenic
P31749	K289W	0.9928	pathogenic
P31749	K289Y	0.9878	pathogenic
P31749	I290A	0.997	pathogenic
P31749	I290C	0.9969	pathogenic
P31749	I290D	0.9999	pathogenic
P31749	I290E	0.9996	pathogenic
P31749	I290F	0.9876	pathogenic
P31749	I290G	0.9995	pathogenic
P31749	I290H	0.9999	pathogenic
P31749	I290K	0.9995	pathogenic
P31749	I290L	0.5097	ambiguous
P31749	I290M	0.7508	pathogenic
P31749	I290N	0.9987	pathogenic
P31749	I290P	0.9991	pathogenic
P31749	I290Q	0.9996	pathogenic
P31749	I290R	0.9994	pathogenic
P31749	I290S	0.999	pathogenic
P31749	I290T	0.9984	pathogenic
P31749	I290V	0.3465	ambiguous
P31749	I290W	0.9998	pathogenic
P31749	I290Y	0.999	pathogenic
P31749	T291A	0.4039	ambiguous
P31749	T291C	0.8475	pathogenic
P31749	T291D	0.9989	pathogenic
P31749	T291E	0.9986	pathogenic
P31749	T291F	0.9967	pathogenic
P31749	T291G	0.9207	pathogenic
P31749	T291H	0.9975	pathogenic
P31749	T291I	0.9767	pathogenic
P31749	T291K	0.9986	pathogenic
P31749	T291L	0.9368	pathogenic
P31749	T291M	0.9094	pathogenic
P31749	T291N	0.9833	pathogenic
P31749	T291P	0.99	pathogenic
P31749	T291Q	0.9953	pathogenic
P31749	T291R	0.9948	pathogenic
P31749	T291S	0.8101	pathogenic
P31749	T291V	0.8718	pathogenic
P31749	T291W	0.9997	pathogenic
P31749	T291Y	0.9991	pathogenic
P31749	D292A	1.0	pathogenic
P31749	D292C	1.0	pathogenic
P31749	D292E	1.0	pathogenic
P31749	D292F	1.0	pathogenic
P31749	D292G	0.9999	pathogenic
P31749	D292H	1.0	pathogenic
P31749	D292I	1.0	pathogenic
P31749	D292K	0.9999	pathogenic
P31749	D292L	1.0	pathogenic
P31749	D292M	1.0	pathogenic
P31749	D292N	0.9997	pathogenic
P31749	D292P	0.9999	pathogenic
P31749	D292Q	1.0	pathogenic
P31749	D292R	0.9999	pathogenic
P31749	D292S	0.9998	pathogenic
P31749	D292T	1.0	pathogenic
P31749	D292V	1.0	pathogenic
P31749	D292W	1.0	pathogenic
P31749	D292Y	0.9997	pathogenic
P31749	F293A	0.9991	pathogenic
P31749	F293C	0.9976	pathogenic
P31749	F293D	0.9998	pathogenic
P31749	F293E	0.9999	pathogenic
P31749	F293G	0.9991	pathogenic
P31749	F293H	0.9987	pathogenic
P31749	F293I	0.9987	pathogenic
P31749	F293K	0.9999	pathogenic
P31749	F293L	0.9995	pathogenic
P31749	F293M	0.9961	pathogenic
P31749	F293N	0.9993	pathogenic
P31749	F293P	1.0	pathogenic
P31749	F293Q	0.9997	pathogenic
P31749	F293R	0.9994	pathogenic
P31749	F293S	0.9992	pathogenic
P31749	F293T	0.9993	pathogenic
P31749	F293V	0.998	pathogenic
P31749	F293W	0.9844	pathogenic
P31749	F293Y	0.9275	pathogenic
P31749	G294A	0.9987	pathogenic
P31749	G294C	0.9995	pathogenic
P31749	G294D	0.9999	pathogenic
P31749	G294E	1.0	pathogenic
P31749	G294F	0.9998	pathogenic
P31749	G294H	1.0	pathogenic
P31749	G294I	0.9995	pathogenic
P31749	G294K	1.0	pathogenic
P31749	G294L	0.9996	pathogenic
P31749	G294M	0.9999	pathogenic
P31749	G294N	0.9999	pathogenic
P31749	G294P	0.9998	pathogenic
P31749	G294Q	0.9999	pathogenic
P31749	G294R	0.9999	pathogenic
P31749	G294S	0.999	pathogenic
P31749	G294T	0.9992	pathogenic
P31749	G294V	0.9995	pathogenic
P31749	G294W	0.9999	pathogenic
P31749	G294Y	0.9999	pathogenic
P31749	L295A	0.9989	pathogenic
P31749	L295C	0.9996	pathogenic
P31749	L295D	0.9999	pathogenic
P31749	L295E	0.9998	pathogenic
P31749	L295F	0.9946	pathogenic
P31749	L295G	0.9996	pathogenic
P31749	L295H	0.9998	pathogenic
P31749	L295I	0.9763	pathogenic
P31749	L295K	0.9994	pathogenic
P31749	L295M	0.9765	pathogenic
P31749	L295N	0.9993	pathogenic
P31749	L295P	0.9999	pathogenic
P31749	L295Q	0.9998	pathogenic
P31749	L295R	0.9985	pathogenic
P31749	L295S	0.9999	pathogenic
P31749	L295T	0.9994	pathogenic
P31749	L295V	0.9956	pathogenic
P31749	L295W	0.9991	pathogenic
P31749	L295Y	0.9992	pathogenic
P31749	C296A	0.9602	pathogenic
P31749	C296D	0.9999	pathogenic
P31749	C296E	1.0	pathogenic
P31749	C296F	0.9993	pathogenic
P31749	C296G	0.9833	pathogenic
P31749	C296H	0.9998	pathogenic
P31749	C296I	0.9992	pathogenic
P31749	C296K	1.0	pathogenic
P31749	C296L	0.9975	pathogenic
P31749	C296M	0.9981	pathogenic
P31749	C296N	0.9994	pathogenic
P31749	C296P	0.9998	pathogenic
P31749	C296Q	0.9998	pathogenic
P31749	C296R	0.9998	pathogenic
P31749	C296S	0.9601	pathogenic
P31749	C296T	0.9951	pathogenic
P31749	C296V	0.9937	pathogenic
P31749	C296W	0.9999	pathogenic
P31749	C296Y	0.9999	pathogenic
P31749	K297A	0.9982	pathogenic
P31749	K297C	0.9985	pathogenic
P31749	K297D	0.9998	pathogenic
P31749	K297E	0.9991	pathogenic
P31749	K297F	0.9999	pathogenic
P31749	K297G	0.9986	pathogenic
P31749	K297H	0.9947	pathogenic
P31749	K297I	0.9992	pathogenic
P31749	K297L	0.9988	pathogenic
P31749	K297M	0.9974	pathogenic
P31749	K297N	0.9997	pathogenic
P31749	K297P	0.9995	pathogenic
P31749	K297Q	0.993	pathogenic
P31749	K297R	0.637	pathogenic
P31749	K297S	0.9994	pathogenic
P31749	K297T	0.9961	pathogenic
P31749	K297V	0.9978	pathogenic
P31749	K297W	0.9997	pathogenic
P31749	K297Y	0.9996	pathogenic
P31749	E298A	0.9395	pathogenic
P31749	E298C	0.9981	pathogenic
P31749	E298D	0.9475	pathogenic
P31749	E298F	0.9989	pathogenic
P31749	E298G	0.9662	pathogenic
P31749	E298H	0.9981	pathogenic
P31749	E298I	0.9837	pathogenic
P31749	E298K	0.9865	pathogenic
P31749	E298L	0.9907	pathogenic
P31749	E298M	0.9885	pathogenic
P31749	E298N	0.9932	pathogenic
P31749	E298P	0.9979	pathogenic
P31749	E298Q	0.9298	pathogenic
P31749	E298R	0.9883	pathogenic
P31749	E298S	0.9791	pathogenic
P31749	E298T	0.9713	pathogenic
P31749	E298V	0.9471	pathogenic
P31749	E298W	0.9996	pathogenic
P31749	E298Y	0.998	pathogenic
P31749	G299A	0.5791	pathogenic
P31749	G299C	0.8061	pathogenic
P31749	G299D	0.5309	ambiguous
P31749	G299E	0.7552	pathogenic
P31749	G299F	0.9484	pathogenic
P31749	G299H	0.9002	pathogenic
P31749	G299I	0.9461	pathogenic
P31749	G299K	0.9676	pathogenic
P31749	G299L	0.918	pathogenic
P31749	G299M	0.913	pathogenic
P31749	G299N	0.4464	ambiguous
P31749	G299P	0.997	pathogenic
P31749	G299Q	0.8623	pathogenic
P31749	G299R	0.9419	pathogenic
P31749	G299S	0.4088	ambiguous
P31749	G299T	0.7977	pathogenic
P31749	G299V	0.8953	pathogenic
P31749	G299W	0.9418	pathogenic
P31749	G299Y	0.9042	pathogenic
P31749	I300A	0.9566	pathogenic
P31749	I300C	0.9466	pathogenic
P31749	I300D	0.9941	pathogenic
P31749	I300E	0.9844	pathogenic
P31749	I300F	0.6782	pathogenic
P31749	I300G	0.9866	pathogenic
P31749	I300H	0.9854	pathogenic
P31749	I300K	0.9801	pathogenic
P31749	I300L	0.3485	ambiguous
P31749	I300M	0.2667	benign
P31749	I300N	0.9357	pathogenic
P31749	I300P	0.9878	pathogenic
P31749	I300Q	0.9674	pathogenic
P31749	I300R	0.9714	pathogenic
P31749	I300S	0.9488	pathogenic
P31749	I300T	0.9402	pathogenic
P31749	I300V	0.1599	benign
P31749	I300W	0.9798	pathogenic
P31749	I300Y	0.9472	pathogenic
P31749	K301A	0.1756	benign
P31749	K301C	0.4347	ambiguous
P31749	K301D	0.4019	ambiguous
P31749	K301E	0.1295	benign
P31749	K301F	0.6422	pathogenic
P31749	K301G	0.2072	benign
P31749	K301H	0.2074	benign
P31749	K301I	0.3111	benign
P31749	K301L	0.2351	benign
P31749	K301M	0.1795	benign
P31749	K301N	0.287	benign
P31749	K301P	0.5442	ambiguous
P31749	K301Q	0.0914	benign
P31749	K301R	0.0733	benign
P31749	K301S	0.1742	benign
P31749	K301T	0.0765	benign
P31749	K301V	0.2262	benign
P31749	K301W	0.5962	pathogenic
P31749	K301Y	0.5495	ambiguous
P31749	D302A	0.1361	benign
P31749	D302C	0.5711	pathogenic
P31749	D302E	0.0972	benign
P31749	D302F	0.5436	ambiguous
P31749	D302G	0.1546	benign
P31749	D302H	0.2839	benign
P31749	D302I	0.3295	benign
P31749	D302K	0.4068	ambiguous
P31749	D302L	0.348	ambiguous
P31749	D302M	0.5013	ambiguous
P31749	D302N	0.1138	benign
P31749	D302P	0.3979	ambiguous
P31749	D302Q	0.2753	benign
P31749	D302R	0.4332	ambiguous
P31749	D302S	0.1276	benign
P31749	D302T	0.2123	benign
P31749	D302V	0.1872	benign
P31749	D302W	0.8305	pathogenic
P31749	D302Y	0.2437	benign
P31749	G303A	0.1323	benign
P31749	G303C	0.2309	benign
P31749	G303D	0.1695	benign
P31749	G303E	0.1901	benign
P31749	G303F	0.5733	pathogenic
P31749	G303H	0.3109	benign
P31749	G303I	0.3457	ambiguous
P31749	G303K	0.3926	ambiguous
P31749	G303L	0.4394	ambiguous
P31749	G303M	0.378	ambiguous
P31749	G303N	0.183	benign
P31749	G303P	0.849	pathogenic
P31749	G303Q	0.2593	benign
P31749	G303R	0.3021	benign
P31749	G303S	0.091	benign
P31749	G303T	0.122	benign
P31749	G303V	0.2346	benign
P31749	G303W	0.4801	ambiguous
P31749	G303Y	0.4499	ambiguous
P31749	A304C	0.4839	ambiguous
P31749	A304D	0.3335	benign
P31749	A304E	0.3931	ambiguous
P31749	A304F	0.5392	ambiguous
P31749	A304G	0.2186	benign
P31749	A304H	0.5527	ambiguous
P31749	A304I	0.4273	ambiguous
P31749	A304K	0.6984	pathogenic
P31749	A304L	0.2848	benign
P31749	A304M	0.2772	benign
P31749	A304N	0.2741	benign
P31749	A304P	0.8699	pathogenic
P31749	A304Q	0.3605	ambiguous
P31749	A304R	0.6312	pathogenic
P31749	A304S	0.0924	benign
P31749	A304T	0.1287	benign
P31749	A304V	0.2094	benign
P31749	A304W	0.8943	pathogenic
P31749	A304Y	0.6757	pathogenic
P31749	T305A	0.1985	benign
P31749	T305C	0.6551	pathogenic
P31749	T305D	0.861	pathogenic
P31749	T305E	0.7425	pathogenic
P31749	T305F	0.6678	pathogenic
P31749	T305G	0.4834	ambiguous
P31749	T305H	0.6248	pathogenic
P31749	T305I	0.6771	pathogenic
P31749	T305K	0.5486	ambiguous
P31749	T305L	0.2956	benign
P31749	T305M	0.1963	benign
P31749	T305N	0.4705	ambiguous
P31749	T305P	0.4783	ambiguous
P31749	T305Q	0.4726	ambiguous
P31749	T305R	0.448	ambiguous
P31749	T305S	0.2457	benign
P31749	T305V	0.3358	benign
P31749	T305W	0.9176	pathogenic
P31749	T305Y	0.7577	pathogenic
P31749	M306A	0.928	pathogenic
P31749	M306C	0.9545	pathogenic
P31749	M306D	0.9993	pathogenic
P31749	M306E	0.9956	pathogenic
P31749	M306F	0.9594	pathogenic
P31749	M306G	0.9873	pathogenic
P31749	M306H	0.9971	pathogenic
P31749	M306I	0.995	pathogenic
P31749	M306K	0.9934	pathogenic
P31749	M306L	0.7455	pathogenic
P31749	M306N	0.9942	pathogenic
P31749	M306P	0.999	pathogenic
P31749	M306Q	0.9725	pathogenic
P31749	M306R	0.9901	pathogenic
P31749	M306S	0.9705	pathogenic
P31749	M306T	0.6567	pathogenic
P31749	M306V	0.7097	pathogenic
P31749	M306W	0.9978	pathogenic
P31749	M306Y	0.9968	pathogenic
P31749	K307A	0.9128	pathogenic
P31749	K307C	0.9448	pathogenic
P31749	K307D	0.979	pathogenic
P31749	K307E	0.9182	pathogenic
P31749	K307F	0.9923	pathogenic
P31749	K307G	0.8977	pathogenic
P31749	K307H	0.6819	pathogenic
P31749	K307I	0.9767	pathogenic
P31749	K307L	0.9253	pathogenic
P31749	K307M	0.8394	pathogenic
P31749	K307N	0.91	pathogenic
P31749	K307P	0.993	pathogenic
P31749	K307Q	0.4816	ambiguous
P31749	K307R	0.1369	benign
P31749	K307S	0.895	pathogenic
P31749	K307T	0.7282	pathogenic
P31749	K307V	0.9387	pathogenic
P31749	K307W	0.987	pathogenic
P31749	K307Y	0.9666	pathogenic
P31749	T308A	0.9983	pathogenic
P31749	T308C	0.9999	pathogenic
P31749	T308D	0.9995	pathogenic
P31749	T308E	0.9994	pathogenic
P31749	T308F	0.9996	pathogenic
P31749	T308G	0.9972	pathogenic
P31749	T308H	0.9992	pathogenic
P31749	T308I	0.9996	pathogenic
P31749	T308K	0.9994	pathogenic
P31749	T308L	0.9986	pathogenic
P31749	T308M	0.9985	pathogenic
P31749	T308N	0.9956	pathogenic
P31749	T308P	0.9981	pathogenic
P31749	T308Q	0.9995	pathogenic
P31749	T308R	0.9993	pathogenic
P31749	T308S	0.9912	pathogenic
P31749	T308V	0.9982	pathogenic
P31749	T308W	0.9999	pathogenic
P31749	T308Y	0.9993	pathogenic
P31749	F309A	0.9994	pathogenic
P31749	F309C	0.9995	pathogenic
P31749	F309D	0.9999	pathogenic
P31749	F309E	0.9999	pathogenic
P31749	F309G	0.9998	pathogenic
P31749	F309H	0.9995	pathogenic
P31749	F309I	0.9976	pathogenic
P31749	F309K	0.9999	pathogenic
P31749	F309L	0.9999	pathogenic
P31749	F309M	0.9988	pathogenic
P31749	F309N	0.9997	pathogenic
P31749	F309P	0.9999	pathogenic
P31749	F309Q	0.9997	pathogenic
P31749	F309R	0.9989	pathogenic
P31749	F309S	0.9997	pathogenic
P31749	F309T	0.9996	pathogenic
P31749	F309V	0.9972	pathogenic
P31749	F309W	0.995	pathogenic
P31749	F309Y	0.9879	pathogenic
P31749	C310A	0.9979	pathogenic
P31749	C310D	1.0	pathogenic
P31749	C310E	1.0	pathogenic
P31749	C310F	0.9996	pathogenic
P31749	C310G	0.9981	pathogenic
P31749	C310H	1.0	pathogenic
P31749	C310I	0.999	pathogenic
P31749	C310K	1.0	pathogenic
P31749	C310L	0.9984	pathogenic
P31749	C310M	0.9996	pathogenic
P31749	C310N	0.9999	pathogenic
P31749	C310P	0.9999	pathogenic
P31749	C310Q	1.0	pathogenic
P31749	C310R	0.9999	pathogenic
P31749	C310S	0.9992	pathogenic
P31749	C310T	0.999	pathogenic
P31749	C310V	0.9949	pathogenic
P31749	C310W	0.9999	pathogenic
P31749	C310Y	1.0	pathogenic
P31749	G311A	0.9994	pathogenic
P31749	G311C	0.9997	pathogenic
P31749	G311D	1.0	pathogenic
P31749	G311E	1.0	pathogenic
P31749	G311F	0.9999	pathogenic
P31749	G311H	1.0	pathogenic
P31749	G311I	0.9999	pathogenic
P31749	G311K	1.0	pathogenic
P31749	G311L	0.9999	pathogenic
P31749	G311M	1.0	pathogenic
P31749	G311N	1.0	pathogenic
P31749	G311P	1.0	pathogenic
P31749	G311Q	1.0	pathogenic
P31749	G311R	0.9999	pathogenic
P31749	G311S	0.9996	pathogenic
P31749	G311T	0.9998	pathogenic
P31749	G311V	0.9998	pathogenic
P31749	G311W	1.0	pathogenic
P31749	G311Y	1.0	pathogenic
P31749	T312A	0.999	pathogenic
P31749	T312C	0.9999	pathogenic
P31749	T312D	0.9997	pathogenic
P31749	T312E	0.9991	pathogenic
P31749	T312F	0.9996	pathogenic
P31749	T312G	0.9993	pathogenic
P31749	T312H	0.9995	pathogenic
P31749	T312I	0.9996	pathogenic
P31749	T312K	0.9989	pathogenic
P31749	T312L	0.9992	pathogenic
P31749	T312M	0.9988	pathogenic
P31749	T312N	0.999	pathogenic
P31749	T312P	0.9959	pathogenic
P31749	T312Q	0.9997	pathogenic
P31749	T312R	0.9994	pathogenic
P31749	T312S	0.9964	pathogenic
P31749	T312V	0.9988	pathogenic
P31749	T312W	0.9999	pathogenic
P31749	T312Y	0.9998	pathogenic
P31749	P313A	0.9414	pathogenic
P31749	P313C	0.9993	pathogenic
P31749	P313D	0.9998	pathogenic
P31749	P313E	0.9993	pathogenic
P31749	P313F	0.9999	pathogenic
P31749	P313G	0.998	pathogenic
P31749	P313H	0.9996	pathogenic
P31749	P313I	0.9986	pathogenic
P31749	P313K	0.9996	pathogenic
P31749	P313L	0.993	pathogenic
P31749	P313M	0.9987	pathogenic
P31749	P313N	0.9997	pathogenic
P31749	P313Q	0.9992	pathogenic
P31749	P313R	0.9977	pathogenic
P31749	P313S	0.9957	pathogenic
P31749	P313T	0.9924	pathogenic
P31749	P313V	0.9927	pathogenic
P31749	P313W	0.9999	pathogenic
P31749	P313Y	0.9999	pathogenic
P31749	E314A	0.9815	pathogenic
P31749	E314C	0.9984	pathogenic
P31749	E314D	0.9976	pathogenic
P31749	E314F	0.9998	pathogenic
P31749	E314G	0.9895	pathogenic
P31749	E314H	0.9998	pathogenic
P31749	E314I	0.9993	pathogenic
P31749	E314K	0.9993	pathogenic
P31749	E314L	0.9992	pathogenic
P31749	E314M	0.9991	pathogenic
P31749	E314N	0.9992	pathogenic
P31749	E314P	0.9987	pathogenic
P31749	E314Q	0.9913	pathogenic
P31749	E314R	0.9981	pathogenic
P31749	E314S	0.9939	pathogenic
P31749	E314T	0.9983	pathogenic
P31749	E314V	0.9977	pathogenic
P31749	E314W	0.9999	pathogenic
P31749	E314Y	0.9996	pathogenic
P31749	Y315A	0.9997	pathogenic
P31749	Y315C	0.9996	pathogenic
P31749	Y315D	0.9994	pathogenic
P31749	Y315E	0.9999	pathogenic
P31749	Y315F	0.8621	pathogenic
P31749	Y315G	0.9977	pathogenic
P31749	Y315H	0.9999	pathogenic
P31749	Y315I	0.9983	pathogenic
P31749	Y315K	1.0	pathogenic
P31749	Y315L	0.9943	pathogenic
P31749	Y315M	0.9991	pathogenic
P31749	Y315N	0.9983	pathogenic
P31749	Y315P	0.9999	pathogenic
P31749	Y315Q	1.0	pathogenic
P31749	Y315R	0.9999	pathogenic
P31749	Y315S	0.9986	pathogenic
P31749	Y315T	0.9995	pathogenic
P31749	Y315V	0.9941	pathogenic
P31749	Y315W	0.9971	pathogenic
P31749	L316A	0.9941	pathogenic
P31749	L316C	0.9978	pathogenic
P31749	L316D	1.0	pathogenic
P31749	L316E	0.9997	pathogenic
P31749	L316F	0.9984	pathogenic
P31749	L316G	0.9995	pathogenic
P31749	L316H	0.9998	pathogenic
P31749	L316I	0.8146	pathogenic
P31749	L316K	0.9994	pathogenic
P31749	L316M	0.8975	pathogenic
P31749	L316N	0.9997	pathogenic
P31749	L316P	0.9999	pathogenic
P31749	L316Q	0.9994	pathogenic
P31749	L316R	0.9983	pathogenic
P31749	L316S	0.9996	pathogenic
P31749	L316T	0.9971	pathogenic
P31749	L316V	0.9105	pathogenic
P31749	L316W	0.9996	pathogenic
P31749	L316Y	0.9997	pathogenic
P31749	A317C	0.9932	pathogenic
P31749	A317D	0.9997	pathogenic
P31749	A317E	0.9996	pathogenic
P31749	A317F	0.9995	pathogenic
P31749	A317G	0.9822	pathogenic
P31749	A317H	0.9993	pathogenic
P31749	A317I	0.9998	pathogenic
P31749	A317K	0.9999	pathogenic
P31749	A317L	0.9938	pathogenic
P31749	A317M	0.9993	pathogenic
P31749	A317N	0.9997	pathogenic
P31749	A317P	0.9833	pathogenic
P31749	A317Q	0.9987	pathogenic
P31749	A317R	0.9989	pathogenic
P31749	A317S	0.8044	pathogenic
P31749	A317T	0.9992	pathogenic
P31749	A317V	0.9992	pathogenic
P31749	A317W	0.9999	pathogenic
P31749	A317Y	0.9997	pathogenic
P31749	P318A	0.991	pathogenic
P31749	P318C	0.9997	pathogenic
P31749	P318D	0.9999	pathogenic
P31749	P318E	0.9997	pathogenic
P31749	P318F	1.0	pathogenic
P31749	P318G	0.9991	pathogenic
P31749	P318H	0.9998	pathogenic
P31749	P318I	0.9998	pathogenic
P31749	P318K	0.9998	pathogenic
P31749	P318L	0.9983	pathogenic
P31749	P318M	0.9998	pathogenic
P31749	P318N	0.9999	pathogenic
P31749	P318Q	0.9997	pathogenic
P31749	P318R	0.9992	pathogenic
P31749	P318S	0.9985	pathogenic
P31749	P318T	0.9987	pathogenic
P31749	P318V	0.9985	pathogenic
P31749	P318W	1.0	pathogenic
P31749	P318Y	1.0	pathogenic
P31749	E319A	0.9968	pathogenic
P31749	E319C	0.9989	pathogenic
P31749	E319D	0.9969	pathogenic
P31749	E319F	1.0	pathogenic
P31749	E319G	0.996	pathogenic
P31749	E319H	0.9997	pathogenic
P31749	E319I	0.9998	pathogenic
P31749	E319K	0.9991	pathogenic
P31749	E319L	0.9997	pathogenic
P31749	E319M	0.9996	pathogenic
P31749	E319N	0.9996	pathogenic
P31749	E319P	0.9997	pathogenic
P31749	E319Q	0.9948	pathogenic
P31749	E319R	0.9985	pathogenic
P31749	E319S	0.9983	pathogenic
P31749	E319T	0.9995	pathogenic
P31749	E319V	0.9992	pathogenic
P31749	E319W	1.0	pathogenic
P31749	E319Y	0.9999	pathogenic
P31749	V320A	0.9974	pathogenic
P31749	V320C	0.9977	pathogenic
P31749	V320D	0.9994	pathogenic
P31749	V320E	0.9986	pathogenic
P31749	V320F	0.9936	pathogenic
P31749	V320G	0.9915	pathogenic
P31749	V320H	0.9998	pathogenic
P31749	V320I	0.3049	benign
P31749	V320K	0.9993	pathogenic
P31749	V320L	0.9736	pathogenic
P31749	V320M	0.9808	pathogenic
P31749	V320N	0.997	pathogenic
P31749	V320P	0.9996	pathogenic
P31749	V320Q	0.999	pathogenic
P31749	V320R	0.9984	pathogenic
P31749	V320S	0.997	pathogenic
P31749	V320T	0.9939	pathogenic
P31749	V320W	0.9999	pathogenic
P31749	V320Y	0.9987	pathogenic
P31749	L321A	0.9939	pathogenic
P31749	L321C	0.9981	pathogenic
P31749	L321D	0.9999	pathogenic
P31749	L321E	0.9995	pathogenic
P31749	L321F	0.9973	pathogenic
P31749	L321G	0.9992	pathogenic
P31749	L321H	0.9998	pathogenic
P31749	L321I	0.795	pathogenic
P31749	L321K	0.9991	pathogenic
P31749	L321M	0.9326	pathogenic
P31749	L321N	0.9997	pathogenic
P31749	L321P	0.9997	pathogenic
P31749	L321Q	0.9995	pathogenic
P31749	L321R	0.9977	pathogenic
P31749	L321S	0.9997	pathogenic
P31749	L321T	0.9971	pathogenic
P31749	L321V	0.9289	pathogenic
P31749	L321W	0.9989	pathogenic
P31749	L321Y	0.9996	pathogenic
P31749	E322A	0.8114	pathogenic
P31749	E322C	0.9858	pathogenic
P31749	E322D	0.6005	pathogenic
P31749	E322F	0.9944	pathogenic
P31749	E322G	0.8122	pathogenic
P31749	E322H	0.9772	pathogenic
P31749	E322I	0.9735	pathogenic
P31749	E322K	0.9402	pathogenic
P31749	E322L	0.9268	pathogenic
P31749	E322M	0.9544	pathogenic
P31749	E322N	0.9358	pathogenic
P31749	E322P	0.9985	pathogenic
P31749	E322Q	0.7686	pathogenic
P31749	E322R	0.9296	pathogenic
P31749	E322S	0.886	pathogenic
P31749	E322T	0.9365	pathogenic
P31749	E322V	0.9096	pathogenic
P31749	E322W	0.9956	pathogenic
P31749	E322Y	0.988	pathogenic
P31749	D323A	0.9933	pathogenic
P31749	D323C	0.9991	pathogenic
P31749	D323E	0.9393	pathogenic
P31749	D323F	0.9985	pathogenic
P31749	D323G	0.9694	pathogenic
P31749	D323H	0.9982	pathogenic
P31749	D323I	0.9991	pathogenic
P31749	D323K	0.9982	pathogenic
P31749	D323L	0.9961	pathogenic
P31749	D323M	0.9989	pathogenic
P31749	D323N	0.9742	pathogenic
P31749	D323P	0.9997	pathogenic
P31749	D323Q	0.9974	pathogenic
P31749	D323R	0.9971	pathogenic
P31749	D323S	0.9918	pathogenic
P31749	D323T	0.9973	pathogenic
P31749	D323V	0.9957	pathogenic
P31749	D323W	0.9995	pathogenic
P31749	D323Y	0.9887	pathogenic
P31749	N324A	0.5558	ambiguous
P31749	N324C	0.4779	ambiguous
P31749	N324D	0.642	pathogenic
P31749	N324E	0.9045	pathogenic
P31749	N324F	0.9285	pathogenic
P31749	N324G	0.587	pathogenic
P31749	N324H	0.4534	ambiguous
P31749	N324I	0.6508	pathogenic
P31749	N324K	0.9153	pathogenic
P31749	N324L	0.6063	pathogenic
P31749	N324M	0.6873	pathogenic
P31749	N324P	0.9797	pathogenic
P31749	N324Q	0.8124	pathogenic
P31749	N324R	0.8484	pathogenic
P31749	N324S	0.131	benign
P31749	N324T	0.2429	benign
P31749	N324V	0.5619	ambiguous
P31749	N324W	0.9782	pathogenic
P31749	N324Y	0.6962	pathogenic
P31749	D325A	0.9283	pathogenic
P31749	D325C	0.9942	pathogenic
P31749	D325E	0.9355	pathogenic
P31749	D325F	0.9902	pathogenic
P31749	D325G	0.8731	pathogenic
P31749	D325H	0.9693	pathogenic
P31749	D325I	0.9904	pathogenic
P31749	D325K	0.9916	pathogenic
P31749	D325L	0.9797	pathogenic
P31749	D325M	0.9965	pathogenic
P31749	D325N	0.7085	pathogenic
P31749	D325P	0.9868	pathogenic
P31749	D325Q	0.9842	pathogenic
P31749	D325R	0.9842	pathogenic
P31749	D325S	0.8233	pathogenic
P31749	D325T	0.9597	pathogenic
P31749	D325V	0.9701	pathogenic
P31749	D325W	0.9988	pathogenic
P31749	D325Y	0.9452	pathogenic
P31749	Y326A	0.9967	pathogenic
P31749	Y326C	0.9874	pathogenic
P31749	Y326D	0.9974	pathogenic
P31749	Y326E	0.9995	pathogenic
P31749	Y326F	0.9221	pathogenic
P31749	Y326G	0.9817	pathogenic
P31749	Y326H	0.9966	pathogenic
P31749	Y326I	0.9953	pathogenic
P31749	Y326K	0.9996	pathogenic
P31749	Y326L	0.9757	pathogenic
P31749	Y326M	0.9979	pathogenic
P31749	Y326N	0.9936	pathogenic
P31749	Y326P	0.9942	pathogenic
P31749	Y326Q	0.9998	pathogenic
P31749	Y326R	0.998	pathogenic
P31749	Y326S	0.9843	pathogenic
P31749	Y326T	0.9961	pathogenic
P31749	Y326V	0.9835	pathogenic
P31749	Y326W	0.9806	pathogenic
P31749	G327A	0.8023	pathogenic
P31749	G327C	0.8638	pathogenic
P31749	G327D	0.8908	pathogenic
P31749	G327E	0.9783	pathogenic
P31749	G327F	0.9921	pathogenic
P31749	G327H	0.9712	pathogenic
P31749	G327I	0.9907	pathogenic
P31749	G327K	0.9934	pathogenic
P31749	G327L	0.9796	pathogenic
P31749	G327M	0.9847	pathogenic
P31749	G327N	0.8207	pathogenic
P31749	G327P	0.9977	pathogenic
P31749	G327Q	0.9673	pathogenic
P31749	G327R	0.9813	pathogenic
P31749	G327S	0.3581	ambiguous
P31749	G327T	0.6854	pathogenic
P31749	G327V	0.9722	pathogenic
P31749	G327W	0.9888	pathogenic
P31749	G327Y	0.9864	pathogenic
P31749	R328A	0.8523	pathogenic
P31749	R328C	0.4544	ambiguous
P31749	R328D	0.9798	pathogenic
P31749	R328E	0.8261	pathogenic
P31749	R328F	0.9039	pathogenic
P31749	R328G	0.8185	pathogenic
P31749	R328H	0.363	ambiguous
P31749	R328I	0.7971	pathogenic
P31749	R328K	0.2315	benign
P31749	R328L	0.5907	pathogenic
P31749	R328M	0.7708	pathogenic
P31749	R328N	0.9561	pathogenic
P31749	R328P	0.8234	pathogenic
P31749	R328Q	0.267	benign
P31749	R328S	0.9292	pathogenic
P31749	R328T	0.8248	pathogenic
P31749	R328V	0.8047	pathogenic
P31749	R328W	0.5809	pathogenic
P31749	R328Y	0.8378	pathogenic
P31749	A329C	0.8105	pathogenic
P31749	A329D	0.9841	pathogenic
P31749	A329E	0.9402	pathogenic
P31749	A329F	0.9815	pathogenic
P31749	A329G	0.4705	ambiguous
P31749	A329H	0.9758	pathogenic
P31749	A329I	0.9731	pathogenic
P31749	A329K	0.994	pathogenic
P31749	A329L	0.9242	pathogenic
P31749	A329M	0.8869	pathogenic
P31749	A329N	0.9158	pathogenic
P31749	A329P	0.8332	pathogenic
P31749	A329Q	0.8875	pathogenic
P31749	A329R	0.9794	pathogenic
P31749	A329S	0.1923	benign
P31749	A329T	0.7004	pathogenic
P31749	A329V	0.8771	pathogenic
P31749	A329W	0.9968	pathogenic
P31749	A329Y	0.9903	pathogenic
P31749	V330A	0.967	pathogenic
P31749	V330C	0.9853	pathogenic
P31749	V330D	0.9998	pathogenic
P31749	V330E	0.999	pathogenic
P31749	V330F	0.9989	pathogenic
P31749	V330G	0.9833	pathogenic
P31749	V330H	0.9999	pathogenic
P31749	V330I	0.7027	pathogenic
P31749	V330K	0.9996	pathogenic
P31749	V330L	0.9966	pathogenic
P31749	V330M	0.9948	pathogenic
P31749	V330N	0.9987	pathogenic
P31749	V330P	0.9982	pathogenic
P31749	V330Q	0.9989	pathogenic
P31749	V330R	0.9979	pathogenic
P31749	V330S	0.9796	pathogenic
P31749	V330T	0.9585	pathogenic
P31749	V330W	1.0	pathogenic
P31749	V330Y	0.9999	pathogenic
P31749	D331A	0.9998	pathogenic
P31749	D331C	0.9999	pathogenic
P31749	D331E	0.9995	pathogenic
P31749	D331F	1.0	pathogenic
P31749	D331G	0.9997	pathogenic
P31749	D331H	0.9998	pathogenic
P31749	D331I	1.0	pathogenic
P31749	D331K	0.9999	pathogenic
P31749	D331L	0.9998	pathogenic
P31749	D331M	1.0	pathogenic
P31749	D331N	0.9991	pathogenic
P31749	D331P	0.9998	pathogenic
P31749	D331Q	0.9999	pathogenic
P31749	D331R	0.9999	pathogenic
P31749	D331S	0.9992	pathogenic
P31749	D331T	0.9999	pathogenic
P31749	D331V	0.9998	pathogenic
P31749	D331W	1.0	pathogenic
P31749	D331Y	0.9997	pathogenic
P31749	W332A	0.9987	pathogenic
P31749	W332C	0.9988	pathogenic
P31749	W332D	0.9999	pathogenic
P31749	W332E	0.9999	pathogenic
P31749	W332F	0.8724	pathogenic
P31749	W332G	0.9948	pathogenic
P31749	W332H	0.9982	pathogenic
P31749	W332I	0.9963	pathogenic
P31749	W332K	1.0	pathogenic
P31749	W332L	0.9911	pathogenic
P31749	W332M	0.9983	pathogenic
P31749	W332N	0.9997	pathogenic
P31749	W332P	0.9999	pathogenic
P31749	W332Q	0.9999	pathogenic
P31749	W332R	0.9998	pathogenic
P31749	W332S	0.9974	pathogenic
P31749	W332T	0.9987	pathogenic
P31749	W332V	0.9968	pathogenic
P31749	W332Y	0.9546	pathogenic
P31749	W333A	0.9994	pathogenic
P31749	W333C	0.9998	pathogenic
P31749	W333D	1.0	pathogenic
P31749	W333E	0.9999	pathogenic
P31749	W333F	0.9619	pathogenic
P31749	W333G	0.9959	pathogenic
P31749	W333H	0.9995	pathogenic
P31749	W333I	0.9998	pathogenic
P31749	W333K	1.0	pathogenic
P31749	W333L	0.9985	pathogenic
P31749	W333M	0.9998	pathogenic
P31749	W333N	0.9999	pathogenic
P31749	W333P	0.9999	pathogenic
P31749	W333Q	1.0	pathogenic
P31749	W333R	0.9999	pathogenic
P31749	W333S	0.9993	pathogenic
P31749	W333T	0.9997	pathogenic
P31749	W333V	0.9997	pathogenic
P31749	W333Y	0.9849	pathogenic
P31749	G334A	0.8008	pathogenic
P31749	G334C	0.969	pathogenic
P31749	G334D	0.9991	pathogenic
P31749	G334E	0.9992	pathogenic
P31749	G334F	0.9994	pathogenic
P31749	G334H	0.9996	pathogenic
P31749	G334I	0.998	pathogenic
P31749	G334K	0.9998	pathogenic
P31749	G334L	0.9964	pathogenic
P31749	G334M	0.9969	pathogenic
P31749	G334N	0.9969	pathogenic
P31749	G334P	0.9999	pathogenic
P31749	G334Q	0.9988	pathogenic
P31749	G334R	0.9995	pathogenic
P31749	G334S	0.8435	pathogenic
P31749	G334T	0.979	pathogenic
P31749	G334V	0.9936	pathogenic
P31749	G334W	0.9996	pathogenic
P31749	G334Y	0.9993	pathogenic
P31749	L335A	0.7878	pathogenic
P31749	L335C	0.8365	pathogenic
P31749	L335D	0.9995	pathogenic
P31749	L335E	0.9959	pathogenic
P31749	L335F	0.7304	pathogenic
P31749	L335G	0.972	pathogenic
P31749	L335H	0.9903	pathogenic
P31749	L335I	0.3407	ambiguous
P31749	L335K	0.9966	pathogenic
P31749	L335M	0.3247	benign
P31749	L335N	0.9902	pathogenic
P31749	L335P	0.9986	pathogenic
P31749	L335Q	0.9837	pathogenic
P31749	L335R	0.9935	pathogenic
P31749	L335S	0.9541	pathogenic
P31749	L335T	0.5097	ambiguous
P31749	L335V	0.1998	benign
P31749	L335W	0.9785	pathogenic
P31749	L335Y	0.9779	pathogenic
P31749	G336A	0.9728	pathogenic
P31749	G336C	0.999	pathogenic
P31749	G336D	0.9999	pathogenic
P31749	G336E	0.9999	pathogenic
P31749	G336F	0.9999	pathogenic
P31749	G336H	1.0	pathogenic
P31749	G336I	0.9999	pathogenic
P31749	G336K	1.0	pathogenic
P31749	G336L	0.9997	pathogenic
P31749	G336M	0.9999	pathogenic
P31749	G336N	0.9999	pathogenic
P31749	G336P	0.9999	pathogenic
P31749	G336Q	0.9999	pathogenic
P31749	G336R	0.9999	pathogenic
P31749	G336S	0.9952	pathogenic
P31749	G336T	0.9994	pathogenic
P31749	G336V	0.9996	pathogenic
P31749	G336W	0.9999	pathogenic
P31749	G336Y	1.0	pathogenic
P31749	V337A	0.9762	pathogenic
P31749	V337C	0.9834	pathogenic
P31749	V337D	0.9994	pathogenic
P31749	V337E	0.9981	pathogenic
P31749	V337F	0.9961	pathogenic
P31749	V337G	0.9798	pathogenic
P31749	V337H	0.9997	pathogenic
P31749	V337I	0.2763	benign
P31749	V337K	0.9991	pathogenic
P31749	V337L	0.9898	pathogenic
P31749	V337M	0.9794	pathogenic
P31749	V337N	0.9948	pathogenic
P31749	V337P	0.9991	pathogenic
P31749	V337Q	0.9981	pathogenic
P31749	V337R	0.997	pathogenic
P31749	V337S	0.9781	pathogenic
P31749	V337T	0.947	pathogenic
P31749	V337W	0.9999	pathogenic
P31749	V337Y	0.9995	pathogenic
P31749	V338A	0.9455	pathogenic
P31749	V338C	0.9535	pathogenic
P31749	V338D	0.9988	pathogenic
P31749	V338E	0.9976	pathogenic
P31749	V338F	0.9883	pathogenic
P31749	V338G	0.9143	pathogenic
P31749	V338H	0.9995	pathogenic
P31749	V338I	0.4091	ambiguous
P31749	V338K	0.999	pathogenic
P31749	V338L	0.9219	pathogenic
P31749	V338M	0.9662	pathogenic
P31749	V338N	0.9928	pathogenic
P31749	V338P	0.9987	pathogenic
P31749	V338Q	0.9971	pathogenic
P31749	V338R	0.9967	pathogenic
P31749	V338S	0.9559	pathogenic
P31749	V338T	0.8731	pathogenic
P31749	V338W	0.9998	pathogenic
P31749	V338Y	0.9991	pathogenic
P31749	M339A	0.6989	pathogenic
P31749	M339C	0.828	pathogenic
P31749	M339D	0.9974	pathogenic
P31749	M339E	0.9865	pathogenic
P31749	M339F	0.7738	pathogenic
P31749	M339G	0.9174	pathogenic
P31749	M339H	0.9902	pathogenic
P31749	M339I	0.744	pathogenic
P31749	M339K	0.9881	pathogenic
P31749	M339L	0.1987	benign
P31749	M339N	0.9482	pathogenic
P31749	M339P	0.9992	pathogenic
P31749	M339Q	0.941	pathogenic
P31749	M339R	0.9896	pathogenic
P31749	M339S	0.7249	pathogenic
P31749	M339T	0.2782	benign
P31749	M339V	0.2797	benign
P31749	M339W	0.9909	pathogenic
P31749	M339Y	0.9848	pathogenic
P31749	Y340A	0.9958	pathogenic
P31749	Y340C	0.9652	pathogenic
P31749	Y340D	0.9982	pathogenic
P31749	Y340E	0.9994	pathogenic
P31749	Y340F	0.2862	benign
P31749	Y340G	0.9841	pathogenic
P31749	Y340H	0.9851	pathogenic
P31749	Y340I	0.9964	pathogenic
P31749	Y340K	0.9995	pathogenic
P31749	Y340L	0.9786	pathogenic
P31749	Y340M	0.9923	pathogenic
P31749	Y340N	0.9848	pathogenic
P31749	Y340P	0.9998	pathogenic
P31749	Y340Q	0.999	pathogenic
P31749	Y340R	0.998	pathogenic
P31749	Y340S	0.9882	pathogenic
P31749	Y340T	0.9963	pathogenic
P31749	Y340V	0.9852	pathogenic
P31749	Y340W	0.8975	pathogenic
P31749	E341A	0.9978	pathogenic
P31749	E341C	0.9991	pathogenic
P31749	E341D	0.9992	pathogenic
P31749	E341F	0.9999	pathogenic
P31749	E341G	0.9974	pathogenic
P31749	E341H	0.9997	pathogenic
P31749	E341I	0.9997	pathogenic
P31749	E341K	0.9989	pathogenic
P31749	E341L	0.9997	pathogenic
P31749	E341M	0.9997	pathogenic
P31749	E341N	0.9997	pathogenic
P31749	E341P	0.9999	pathogenic
P31749	E341Q	0.9938	pathogenic
P31749	E341R	0.9981	pathogenic
P31749	E341S	0.9983	pathogenic
P31749	E341T	0.9985	pathogenic
P31749	E341V	0.9989	pathogenic
P31749	E341W	0.9999	pathogenic
P31749	E341Y	0.9998	pathogenic
P31749	M342A	0.9932	pathogenic
P31749	M342C	0.9891	pathogenic
P31749	M342D	0.9998	pathogenic
P31749	M342E	0.9992	pathogenic
P31749	M342F	0.9668	pathogenic
P31749	M342G	0.997	pathogenic
P31749	M342H	0.9995	pathogenic
P31749	M342I	0.993	pathogenic
P31749	M342K	0.9986	pathogenic
P31749	M342L	0.7385	pathogenic
P31749	M342N	0.9979	pathogenic
P31749	M342P	1.0	pathogenic
P31749	M342Q	0.9934	pathogenic
P31749	M342R	0.9992	pathogenic
P31749	M342S	0.9966	pathogenic
P31749	M342T	0.997	pathogenic
P31749	M342V	0.9518	pathogenic
P31749	M342W	0.9994	pathogenic
P31749	M342Y	0.9981	pathogenic
P31749	M343A	0.6475	pathogenic
P31749	M343C	0.7454	pathogenic
P31749	M343D	0.9961	pathogenic
P31749	M343E	0.9735	pathogenic
P31749	M343F	0.812	pathogenic
P31749	M343G	0.9179	pathogenic
P31749	M343H	0.9796	pathogenic
P31749	M343I	0.45	ambiguous
P31749	M343K	0.9586	pathogenic
P31749	M343L	0.0948	benign
P31749	M343N	0.9398	pathogenic
P31749	M343P	0.998	pathogenic
P31749	M343Q	0.8786	pathogenic
P31749	M343R	0.9631	pathogenic
P31749	M343S	0.7924	pathogenic
P31749	M343T	0.4814	ambiguous
P31749	M343V	0.1469	benign
P31749	M343W	0.985	pathogenic
P31749	M343Y	0.9761	pathogenic
P31749	C344A	0.7672	pathogenic
P31749	C344D	0.9967	pathogenic
P31749	C344E	0.9968	pathogenic
P31749	C344F	0.9028	pathogenic
P31749	C344G	0.7434	pathogenic
P31749	C344H	0.9876	pathogenic
P31749	C344I	0.8313	pathogenic
P31749	C344K	0.9988	pathogenic
P31749	C344L	0.8892	pathogenic
P31749	C344M	0.9218	pathogenic
P31749	C344N	0.9637	pathogenic
P31749	C344P	0.9991	pathogenic
P31749	C344Q	0.9899	pathogenic
P31749	C344R	0.9874	pathogenic
P31749	C344S	0.7086	pathogenic
P31749	C344T	0.7147	pathogenic
P31749	C344V	0.4934	ambiguous
P31749	C344W	0.9797	pathogenic
P31749	C344Y	0.9711	pathogenic
P31749	G345A	0.9782	pathogenic
P31749	G345C	0.9885	pathogenic
P31749	G345D	0.9989	pathogenic
P31749	G345E	0.9989	pathogenic
P31749	G345F	0.9994	pathogenic
P31749	G345H	0.9988	pathogenic
P31749	G345I	0.9996	pathogenic
P31749	G345K	0.999	pathogenic
P31749	G345L	0.9984	pathogenic
P31749	G345M	0.9993	pathogenic
P31749	G345N	0.9973	pathogenic
P31749	G345P	0.9995	pathogenic
P31749	G345Q	0.9955	pathogenic
P31749	G345R	0.9954	pathogenic
P31749	G345S	0.9447	pathogenic
P31749	G345T	0.9956	pathogenic
P31749	G345V	0.9989	pathogenic
P31749	G345W	0.9989	pathogenic
P31749	G345Y	0.9993	pathogenic
P31749	R346A	0.9821	pathogenic
P31749	R346C	0.8033	pathogenic
P31749	R346D	0.9925	pathogenic
P31749	R346E	0.9659	pathogenic
P31749	R346F	0.9715	pathogenic
P31749	R346G	0.9595	pathogenic
P31749	R346H	0.6095	pathogenic
P31749	R346I	0.9631	pathogenic
P31749	R346K	0.6495	pathogenic
P31749	R346L	0.9352	pathogenic
P31749	R346M	0.9754	pathogenic
P31749	R346N	0.9824	pathogenic
P31749	R346P	0.9966	pathogenic
P31749	R346Q	0.7004	pathogenic
P31749	R346S	0.9819	pathogenic
P31749	R346T	0.9797	pathogenic
P31749	R346V	0.9634	pathogenic
P31749	R346W	0.8495	pathogenic
P31749	R346Y	0.9242	pathogenic
P31749	L347A	0.9823	pathogenic
P31749	L347C	0.9925	pathogenic
P31749	L347D	0.9998	pathogenic
P31749	L347E	0.9987	pathogenic
P31749	L347F	0.9932	pathogenic
P31749	L347G	0.995	pathogenic
P31749	L347H	0.9975	pathogenic
P31749	L347I	0.9386	pathogenic
P31749	L347K	0.9955	pathogenic
P31749	L347M	0.9323	pathogenic
P31749	L347N	0.9944	pathogenic
P31749	L347P	0.9941	pathogenic
P31749	L347Q	0.9981	pathogenic
P31749	L347R	0.9942	pathogenic
P31749	L347S	0.996	pathogenic
P31749	L347T	0.985	pathogenic
P31749	L347V	0.9511	pathogenic
P31749	L347W	0.9984	pathogenic
P31749	L347Y	0.9971	pathogenic
P31749	P348A	0.9917	pathogenic
P31749	P348C	0.9992	pathogenic
P31749	P348D	0.9999	pathogenic
P31749	P348E	0.9999	pathogenic
P31749	P348F	0.9999	pathogenic
P31749	P348G	0.9989	pathogenic
P31749	P348H	0.9997	pathogenic
P31749	P348I	0.9994	pathogenic
P31749	P348K	0.9999	pathogenic
P31749	P348L	0.9946	pathogenic
P31749	P348M	0.9998	pathogenic
P31749	P348N	0.9999	pathogenic
P31749	P348Q	0.9998	pathogenic
P31749	P348R	0.9994	pathogenic
P31749	P348S	0.9992	pathogenic
P31749	P348T	0.9992	pathogenic
P31749	P348V	0.9978	pathogenic
P31749	P348W	1.0	pathogenic
P31749	P348Y	0.9999	pathogenic
P31749	F349A	0.9993	pathogenic
P31749	F349C	0.9984	pathogenic
P31749	F349D	0.9999	pathogenic
P31749	F349E	0.9999	pathogenic
P31749	F349G	0.9993	pathogenic
P31749	F349H	0.9963	pathogenic
P31749	F349I	0.9993	pathogenic
P31749	F349K	0.9999	pathogenic
P31749	F349L	0.9998	pathogenic
P31749	F349M	0.9992	pathogenic
P31749	F349N	0.9993	pathogenic
P31749	F349P	1.0	pathogenic
P31749	F349Q	0.9997	pathogenic
P31749	F349R	0.9992	pathogenic
P31749	F349S	0.9992	pathogenic
P31749	F349T	0.9998	pathogenic
P31749	F349V	0.9984	pathogenic
P31749	F349W	0.9695	pathogenic
P31749	F349Y	0.9127	pathogenic
P31749	Y350A	0.9551	pathogenic
P31749	Y350C	0.8265	pathogenic
P31749	Y350D	0.9719	pathogenic
P31749	Y350E	0.9926	pathogenic
P31749	Y350F	0.3651	ambiguous
P31749	Y350G	0.9112	pathogenic
P31749	Y350H	0.9243	pathogenic
P31749	Y350I	0.9777	pathogenic
P31749	Y350K	0.993	pathogenic
P31749	Y350L	0.9201	pathogenic
P31749	Y350M	0.9802	pathogenic
P31749	Y350N	0.9165	pathogenic
P31749	Y350P	0.9856	pathogenic
P31749	Y350Q	0.9792	pathogenic
P31749	Y350R	0.9552	pathogenic
P31749	Y350S	0.804	pathogenic
P31749	Y350T	0.9558	pathogenic
P31749	Y350V	0.928	pathogenic
P31749	Y350W	0.8069	pathogenic
P31749	N351A	0.6293	pathogenic
P31749	N351C	0.3404	ambiguous
P31749	N351D	0.524	ambiguous
P31749	N351E	0.9573	pathogenic
P31749	N351F	0.9481	pathogenic
P31749	N351G	0.6555	pathogenic
P31749	N351H	0.21	benign
P31749	N351I	0.9355	pathogenic
P31749	N351K	0.9783	pathogenic
P31749	N351L	0.8622	pathogenic
P31749	N351M	0.9007	pathogenic
P31749	N351P	0.9776	pathogenic
P31749	N351Q	0.8391	pathogenic
P31749	N351R	0.9526	pathogenic
P31749	N351S	0.086	benign
P31749	N351T	0.5398	ambiguous
P31749	N351V	0.8417	pathogenic
P31749	N351W	0.9698	pathogenic
P31749	N351Y	0.7117	pathogenic
P31749	Q352A	0.1836	benign
P31749	Q352C	0.8226	pathogenic
P31749	Q352D	0.7576	pathogenic
P31749	Q352E	0.2607	benign
P31749	Q352F	0.9173	pathogenic
P31749	Q352G	0.3042	benign
P31749	Q352H	0.4078	ambiguous
P31749	Q352I	0.6628	pathogenic
P31749	Q352K	0.3504	ambiguous
P31749	Q352L	0.2959	benign
P31749	Q352M	0.475	ambiguous
P31749	Q352N	0.3817	ambiguous
P31749	Q352P	0.2034	benign
P31749	Q352R	0.3316	benign
P31749	Q352S	0.2166	benign
P31749	Q352T	0.2098	benign
P31749	Q352V	0.4026	ambiguous
P31749	Q352W	0.9356	pathogenic
P31749	Q352Y	0.8352	pathogenic
P31749	D353A	0.955	pathogenic
P31749	D353C	0.9907	pathogenic
P31749	D353E	0.7598	pathogenic
P31749	D353F	0.9944	pathogenic
P31749	D353G	0.971	pathogenic
P31749	D353H	0.9745	pathogenic
P31749	D353I	0.9832	pathogenic
P31749	D353K	0.9914	pathogenic
P31749	D353L	0.9781	pathogenic
P31749	D353M	0.9941	pathogenic
P31749	D353N	0.684	pathogenic
P31749	D353P	0.9976	pathogenic
P31749	D353Q	0.9725	pathogenic
P31749	D353R	0.9884	pathogenic
P31749	D353S	0.8932	pathogenic
P31749	D353T	0.9721	pathogenic
P31749	D353V	0.9416	pathogenic
P31749	D353W	0.9988	pathogenic
P31749	D353Y	0.9583	pathogenic
P31749	H354A	0.99	pathogenic
P31749	H354C	0.9495	pathogenic
P31749	H354D	0.9918	pathogenic
P31749	H354E	0.9911	pathogenic
P31749	H354F	0.9761	pathogenic
P31749	H354G	0.9905	pathogenic
P31749	H354I	0.9946	pathogenic
P31749	H354K	0.9909	pathogenic
P31749	H354L	0.961	pathogenic
P31749	H354M	0.9885	pathogenic
P31749	H354N	0.9417	pathogenic
P31749	H354P	0.9428	pathogenic
P31749	H354Q	0.9733	pathogenic
P31749	H354R	0.9641	pathogenic
P31749	H354S	0.9777	pathogenic
P31749	H354T	0.9878	pathogenic
P31749	H354V	0.9918	pathogenic
P31749	H354W	0.9576	pathogenic
P31749	H354Y	0.9436	pathogenic
P31749	E355A	0.9641	pathogenic
P31749	E355C	0.9974	pathogenic
P31749	E355D	0.7468	pathogenic
P31749	E355F	0.9992	pathogenic
P31749	E355G	0.9201	pathogenic
P31749	E355H	0.9937	pathogenic
P31749	E355I	0.9964	pathogenic
P31749	E355K	0.9755	pathogenic
P31749	E355L	0.9924	pathogenic
P31749	E355M	0.9952	pathogenic
P31749	E355N	0.9784	pathogenic
P31749	E355P	0.9971	pathogenic
P31749	E355Q	0.8928	pathogenic
P31749	E355R	0.9703	pathogenic
P31749	E355S	0.9583	pathogenic
P31749	E355T	0.9835	pathogenic
P31749	E355V	0.9864	pathogenic
P31749	E355W	0.9993	pathogenic
P31749	E355Y	0.9979	pathogenic
P31749	K356A	0.6851	pathogenic
P31749	K356C	0.7612	pathogenic
P31749	K356D	0.9532	pathogenic
P31749	K356E	0.6971	pathogenic
P31749	K356F	0.9373	pathogenic
P31749	K356G	0.8367	pathogenic
P31749	K356H	0.4765	ambiguous
P31749	K356I	0.4658	ambiguous
P31749	K356L	0.5201	ambiguous
P31749	K356M	0.4433	ambiguous
P31749	K356N	0.8535	pathogenic
P31749	K356P	0.9863	pathogenic
P31749	K356Q	0.2625	benign
P31749	K356R	0.08	benign
P31749	K356S	0.8505	pathogenic
P31749	K356T	0.4344	ambiguous
P31749	K356V	0.3792	ambiguous
P31749	K356W	0.9132	pathogenic
P31749	K356Y	0.8605	pathogenic
P31749	L357A	0.9903	pathogenic
P31749	L357C	0.9948	pathogenic
P31749	L357D	0.9998	pathogenic
P31749	L357E	0.9989	pathogenic
P31749	L357F	0.998	pathogenic
P31749	L357G	0.9974	pathogenic
P31749	L357H	0.9989	pathogenic
P31749	L357I	0.9424	pathogenic
P31749	L357K	0.9976	pathogenic
P31749	L357M	0.8809	pathogenic
P31749	L357N	0.996	pathogenic
P31749	L357P	0.9997	pathogenic
P31749	L357Q	0.9973	pathogenic
P31749	L357R	0.9948	pathogenic
P31749	L357S	0.999	pathogenic
P31749	L357T	0.9787	pathogenic
P31749	L357V	0.9381	pathogenic
P31749	L357W	0.9994	pathogenic
P31749	L357Y	0.999	pathogenic
P31749	F358A	0.9991	pathogenic
P31749	F358C	0.9989	pathogenic
P31749	F358D	0.9995	pathogenic
P31749	F358E	0.9993	pathogenic
P31749	F358G	0.9985	pathogenic
P31749	F358H	0.9981	pathogenic
P31749	F358I	0.9995	pathogenic
P31749	F358K	0.9996	pathogenic
P31749	F358L	0.9999	pathogenic
P31749	F358M	0.9978	pathogenic
P31749	F358N	0.9991	pathogenic
P31749	F358P	1.0	pathogenic
P31749	F358Q	0.9981	pathogenic
P31749	F358R	0.9971	pathogenic
P31749	F358S	0.9992	pathogenic
P31749	F358T	0.9994	pathogenic
P31749	F358V	0.9993	pathogenic
P31749	F358W	0.9766	pathogenic
P31749	F358Y	0.9551	pathogenic
P31749	E359A	0.7494	pathogenic
P31749	E359C	0.9796	pathogenic
P31749	E359D	0.7546	pathogenic
P31749	E359F	0.9916	pathogenic
P31749	E359G	0.7594	pathogenic
P31749	E359H	0.9491	pathogenic
P31749	E359I	0.9729	pathogenic
P31749	E359K	0.9368	pathogenic
P31749	E359L	0.9482	pathogenic
P31749	E359M	0.9448	pathogenic
P31749	E359N	0.9072	pathogenic
P31749	E359P	0.9976	pathogenic
P31749	E359Q	0.54	ambiguous
P31749	E359R	0.9183	pathogenic
P31749	E359S	0.7027	pathogenic
P31749	E359T	0.7754	pathogenic
P31749	E359V	0.9068	pathogenic
P31749	E359W	0.9962	pathogenic
P31749	E359Y	0.982	pathogenic
P31749	L360A	0.7244	pathogenic
P31749	L360C	0.7614	pathogenic
P31749	L360D	0.9618	pathogenic
P31749	L360E	0.8737	pathogenic
P31749	L360F	0.7465	pathogenic
P31749	L360G	0.8736	pathogenic
P31749	L360H	0.7681	pathogenic
P31749	L360I	0.695	pathogenic
P31749	L360K	0.685	pathogenic
P31749	L360M	0.2401	benign
P31749	L360N	0.7382	pathogenic
P31749	L360P	0.9993	pathogenic
P31749	L360Q	0.476	ambiguous
P31749	L360R	0.586	pathogenic
P31749	L360S	0.8559	pathogenic
P31749	L360T	0.8786	pathogenic
P31749	L360V	0.6674	pathogenic
P31749	L360W	0.8091	pathogenic
P31749	L360Y	0.7779	pathogenic
P31749	I361A	0.9981	pathogenic
P31749	I361C	0.9995	pathogenic
P31749	I361D	0.9999	pathogenic
P31749	I361E	0.9997	pathogenic
P31749	I361F	0.9961	pathogenic
P31749	I361G	0.9998	pathogenic
P31749	I361H	0.9999	pathogenic
P31749	I361K	0.9998	pathogenic
P31749	I361L	0.955	pathogenic
P31749	I361M	0.9724	pathogenic
P31749	I361N	0.9995	pathogenic
P31749	I361P	0.9997	pathogenic
P31749	I361Q	0.9994	pathogenic
P31749	I361R	0.9992	pathogenic
P31749	I361S	0.9983	pathogenic
P31749	I361T	0.9982	pathogenic
P31749	I361V	0.9229	pathogenic
P31749	I361W	0.9998	pathogenic
P31749	I361Y	0.9995	pathogenic
P31749	L362A	0.9521	pathogenic
P31749	L362C	0.9619	pathogenic
P31749	L362D	0.9994	pathogenic
P31749	L362E	0.9926	pathogenic
P31749	L362F	0.9827	pathogenic
P31749	L362G	0.9885	pathogenic
P31749	L362H	0.9924	pathogenic
P31749	L362I	0.4016	ambiguous
P31749	L362K	0.9818	pathogenic
P31749	L362M	0.6002	pathogenic
P31749	L362N	0.9902	pathogenic
P31749	L362P	0.9992	pathogenic
P31749	L362Q	0.9643	pathogenic
P31749	L362R	0.958	pathogenic
P31749	L362S	0.9872	pathogenic
P31749	L362T	0.9309	pathogenic
P31749	L362V	0.4583	ambiguous
P31749	L362W	0.994	pathogenic
P31749	L362Y	0.9966	pathogenic
P31749	M363A	0.5803	pathogenic
P31749	M363C	0.733	pathogenic
P31749	M363D	0.9436	pathogenic
P31749	M363E	0.7707	pathogenic
P31749	M363F	0.659	pathogenic
P31749	M363G	0.6843	pathogenic
P31749	M363H	0.7355	pathogenic
P31749	M363I	0.7287	pathogenic
P31749	M363K	0.5443	ambiguous
P31749	M363L	0.1721	benign
P31749	M363N	0.668	pathogenic
P31749	M363P	0.9923	pathogenic
P31749	M363Q	0.4159	ambiguous
P31749	M363R	0.5184	ambiguous
P31749	M363S	0.5468	ambiguous
P31749	M363T	0.275	benign
P31749	M363V	0.1765	benign
P31749	M363W	0.8911	pathogenic
P31749	M363Y	0.8703	pathogenic
P31749	E364A	0.6453	pathogenic
P31749	E364C	0.9806	pathogenic
P31749	E364D	0.3558	ambiguous
P31749	E364F	0.9948	pathogenic
P31749	E364G	0.5157	ambiguous
P31749	E364H	0.9356	pathogenic
P31749	E364I	0.9814	pathogenic
P31749	E364K	0.8458	pathogenic
P31749	E364L	0.963	pathogenic
P31749	E364M	0.9582	pathogenic
P31749	E364N	0.8064	pathogenic
P31749	E364P	0.9946	pathogenic
P31749	E364Q	0.5171	ambiguous
P31749	E364R	0.8811	pathogenic
P31749	E364S	0.6841	pathogenic
P31749	E364T	0.8159	pathogenic
P31749	E364V	0.9005	pathogenic
P31749	E364W	0.997	pathogenic
P31749	E364Y	0.9834	pathogenic
P31749	E365A	0.3295	benign
P31749	E365C	0.8977	pathogenic
P31749	E365D	0.0487	benign
P31749	E365F	0.9411	pathogenic
P31749	E365G	0.286	benign
P31749	E365H	0.6714	pathogenic
P31749	E365I	0.7487	pathogenic
P31749	E365K	0.5086	ambiguous
P31749	E365L	0.773	pathogenic
P31749	E365M	0.8098	pathogenic
P31749	E365N	0.223	benign
P31749	E365P	0.48	ambiguous
P31749	E365Q	0.3166	benign
P31749	E365R	0.6273	pathogenic
P31749	E365S	0.2759	benign
P31749	E365T	0.3905	ambiguous
P31749	E365V	0.5306	ambiguous
P31749	E365W	0.973	pathogenic
P31749	E365Y	0.8323	pathogenic
P31749	I366A	0.8085	pathogenic
P31749	I366C	0.8782	pathogenic
P31749	I366D	0.9875	pathogenic
P31749	I366E	0.9704	pathogenic
P31749	I366F	0.6908	pathogenic
P31749	I366G	0.944	pathogenic
P31749	I366H	0.9689	pathogenic
P31749	I366K	0.9544	pathogenic
P31749	I366L	0.1242	benign
P31749	I366M	0.2672	benign
P31749	I366N	0.8667	pathogenic
P31749	I366P	0.7353	pathogenic
P31749	I366Q	0.9493	pathogenic
P31749	I366R	0.9455	pathogenic
P31749	I366S	0.8762	pathogenic
P31749	I366T	0.8329	pathogenic
P31749	I366V	0.1452	benign
P31749	I366W	0.9734	pathogenic
P31749	I366Y	0.9297	pathogenic
P31749	R367A	0.7763	pathogenic
P31749	R367C	0.3469	ambiguous
P31749	R367D	0.9317	pathogenic
P31749	R367E	0.8485	pathogenic
P31749	R367F	0.8933	pathogenic
P31749	R367G	0.6449	pathogenic
P31749	R367H	0.2063	benign
P31749	R367I	0.7163	pathogenic
P31749	R367K	0.1641	benign
P31749	R367L	0.6149	pathogenic
P31749	R367M	0.7987	pathogenic
P31749	R367N	0.87	pathogenic
P31749	R367P	0.8607	pathogenic
P31749	R367Q	0.2605	benign
P31749	R367S	0.8126	pathogenic
P31749	R367T	0.6951	pathogenic
P31749	R367V	0.7166	pathogenic
P31749	R367W	0.5643	pathogenic
P31749	R367Y	0.7514	pathogenic
P31749	F368A	0.9889	pathogenic
P31749	F368C	0.8987	pathogenic
P31749	F368D	0.9985	pathogenic
P31749	F368E	0.9978	pathogenic
P31749	F368G	0.995	pathogenic
P31749	F368H	0.9715	pathogenic
P31749	F368I	0.7377	pathogenic
P31749	F368K	0.9975	pathogenic
P31749	F368L	0.9643	pathogenic
P31749	F368M	0.8557	pathogenic
P31749	F368N	0.9882	pathogenic
P31749	F368P	0.9965	pathogenic
P31749	F368Q	0.9931	pathogenic
P31749	F368R	0.995	pathogenic
P31749	F368S	0.9859	pathogenic
P31749	F368T	0.9885	pathogenic
P31749	F368V	0.8098	pathogenic
P31749	F368W	0.798	pathogenic
P31749	F368Y	0.3529	ambiguous
P31749	P369A	0.9017	pathogenic
P31749	P369C	0.9849	pathogenic
P31749	P369D	0.9965	pathogenic
P31749	P369E	0.9943	pathogenic
P31749	P369F	0.9975	pathogenic
P31749	P369G	0.971	pathogenic
P31749	P369H	0.9627	pathogenic
P31749	P369I	0.9945	pathogenic
P31749	P369K	0.9959	pathogenic
P31749	P369L	0.9598	pathogenic
P31749	P369M	0.9943	pathogenic
P31749	P369N	0.9908	pathogenic
P31749	P369Q	0.9745	pathogenic
P31749	P369R	0.9814	pathogenic
P31749	P369S	0.9102	pathogenic
P31749	P369T	0.9484	pathogenic
P31749	P369V	0.9839	pathogenic
P31749	P369W	0.9977	pathogenic
P31749	P369Y	0.997	pathogenic
P31749	R370A	0.4835	ambiguous
P31749	R370C	0.3239	benign
P31749	R370D	0.7709	pathogenic
P31749	R370E	0.6364	pathogenic
P31749	R370F	0.7972	pathogenic
P31749	R370G	0.3167	benign
P31749	R370H	0.1858	benign
P31749	R370I	0.6122	pathogenic
P31749	R370K	0.1177	benign
P31749	R370L	0.4753	ambiguous
P31749	R370M	0.6089	pathogenic
P31749	R370N	0.6882	pathogenic
P31749	R370P	0.4084	ambiguous
P31749	R370Q	0.1769	benign
P31749	R370S	0.5928	pathogenic
P31749	R370T	0.5084	ambiguous
P31749	R370V	0.5699	pathogenic
P31749	R370W	0.4251	ambiguous
P31749	R370Y	0.6073	pathogenic
P31749	T371A	0.0747	benign
P31749	T371C	0.2323	benign
P31749	T371D	0.53	ambiguous
P31749	T371E	0.556	ambiguous
P31749	T371F	0.1733	benign
P31749	T371G	0.102	benign
P31749	T371H	0.1841	benign
P31749	T371I	0.2001	benign
P31749	T371K	0.4997	ambiguous
P31749	T371L	0.1031	benign
P31749	T371M	0.0903	benign
P31749	T371N	0.0714	benign
P31749	T371P	0.1253	benign
P31749	T371Q	0.2658	benign
P31749	T371R	0.426	ambiguous
P31749	T371S	0.0672	benign
P31749	T371V	0.1467	benign
P31749	T371W	0.5154	ambiguous
P31749	T371Y	0.2109	benign
P31749	L372A	0.795	pathogenic
P31749	L372C	0.8762	pathogenic
P31749	L372D	0.9989	pathogenic
P31749	L372E	0.9924	pathogenic
P31749	L372F	0.6586	pathogenic
P31749	L372G	0.9795	pathogenic
P31749	L372H	0.9811	pathogenic
P31749	L372I	0.1421	benign
P31749	L372K	0.9911	pathogenic
P31749	L372M	0.2341	benign
P31749	L372N	0.9898	pathogenic
P31749	L372P	0.9776	pathogenic
P31749	L372Q	0.9646	pathogenic
P31749	L372R	0.9798	pathogenic
P31749	L372S	0.9651	pathogenic
P31749	L372T	0.7999	pathogenic
P31749	L372V	0.1555	benign
P31749	L372W	0.9525	pathogenic
P31749	L372Y	0.9681	pathogenic
P31749	G373A	0.0812	benign
P31749	G373C	0.1066	benign
P31749	G373D	0.2863	benign
P31749	G373E	0.3025	benign
P31749	G373F	0.4964	ambiguous
P31749	G373H	0.3016	benign
P31749	G373I	0.2579	benign
P31749	G373K	0.4897	ambiguous
P31749	G373L	0.1946	benign
P31749	G373M	0.2553	benign
P31749	G373N	0.1962	benign
P31749	G373P	0.4479	ambiguous
P31749	G373Q	0.309	benign
P31749	G373R	0.4095	ambiguous
P31749	G373S	0.0683	benign
P31749	G373T	0.083	benign
P31749	G373V	0.1596	benign
P31749	G373W	0.4798	ambiguous
P31749	G373Y	0.3798	ambiguous
P31749	P374A	0.0529	benign
P31749	P374C	0.2254	benign
P31749	P374D	0.2368	benign
P31749	P374E	0.165	benign
P31749	P374F	0.1945	benign
P31749	P374G	0.1363	benign
P31749	P374H	0.1197	benign
P31749	P374I	0.1137	benign
P31749	P374K	0.2219	benign
P31749	P374L	0.0679	benign
P31749	P374M	0.112	benign
P31749	P374N	0.1299	benign
P31749	P374Q	0.0927	benign
P31749	P374R	0.1713	benign
P31749	P374S	0.0737	benign
P31749	P374T	0.0664	benign
P31749	P374V	0.0834	benign
P31749	P374W	0.3375	benign
P31749	P374Y	0.24	benign
P31749	E375A	0.1082	benign
P31749	E375C	0.6554	pathogenic
P31749	E375D	0.0669	benign
P31749	E375F	0.6839	pathogenic
P31749	E375G	0.1882	benign
P31749	E375H	0.3931	ambiguous
P31749	E375I	0.3236	benign
P31749	E375K	0.2888	benign
P31749	E375L	0.3072	benign
P31749	E375M	0.4313	ambiguous
P31749	E375N	0.2037	benign
P31749	E375P	0.3892	ambiguous
P31749	E375Q	0.159	benign
P31749	E375R	0.3617	ambiguous
P31749	E375S	0.153	benign
P31749	E375T	0.2066	benign
P31749	E375V	0.1758	benign
P31749	E375W	0.8427	pathogenic
P31749	E375Y	0.5035	ambiguous
P31749	A376C	0.5869	pathogenic
P31749	A376D	0.9849	pathogenic
P31749	A376E	0.969	pathogenic
P31749	A376F	0.9658	pathogenic
P31749	A376G	0.0883	benign
P31749	A376H	0.9869	pathogenic
P31749	A376I	0.9041	pathogenic
P31749	A376K	0.9943	pathogenic
P31749	A376L	0.8305	pathogenic
P31749	A376M	0.8526	pathogenic
P31749	A376N	0.9456	pathogenic
P31749	A376P	0.966	pathogenic
P31749	A376Q	0.9479	pathogenic
P31749	A376R	0.9864	pathogenic
P31749	A376S	0.1768	benign
P31749	A376T	0.5102	ambiguous
P31749	A376V	0.6606	pathogenic
P31749	A376W	0.9949	pathogenic
P31749	A376Y	0.9855	pathogenic
P31749	K377A	0.4364	ambiguous
P31749	K377C	0.4604	ambiguous
P31749	K377D	0.9439	pathogenic
P31749	K377E	0.4697	ambiguous
P31749	K377F	0.8822	pathogenic
P31749	K377G	0.6082	pathogenic
P31749	K377H	0.4832	ambiguous
P31749	K377I	0.3741	ambiguous
P31749	K377L	0.5154	ambiguous
P31749	K377M	0.3527	ambiguous
P31749	K377N	0.8306	pathogenic
P31749	K377P	0.9584	pathogenic
P31749	K377Q	0.1343	benign
P31749	K377R	0.0646	benign
P31749	K377S	0.6401	pathogenic
P31749	K377T	0.3075	benign
P31749	K377V	0.304	benign
P31749	K377W	0.8334	pathogenic
P31749	K377Y	0.8028	pathogenic
P31749	S378A	0.0737	benign
P31749	S378C	0.1007	benign
P31749	S378D	0.2898	benign
P31749	S378E	0.452	ambiguous
P31749	S378F	0.2081	benign
P31749	S378G	0.0894	benign
P31749	S378H	0.3346	benign
P31749	S378I	0.2689	benign
P31749	S378K	0.7933	pathogenic
P31749	S378L	0.112	benign
P31749	S378M	0.1573	benign
P31749	S378N	0.1413	benign
P31749	S378P	0.9012	pathogenic
P31749	S378Q	0.4522	ambiguous
P31749	S378R	0.7646	pathogenic
P31749	S378T	0.0996	benign
P31749	S378V	0.2141	benign
P31749	S378W	0.4264	ambiguous
P31749	S378Y	0.2212	benign
P31749	L379A	0.8891	pathogenic
P31749	L379C	0.8202	pathogenic
P31749	L379D	0.9997	pathogenic
P31749	L379E	0.998	pathogenic
P31749	L379F	0.6685	pathogenic
P31749	L379G	0.9901	pathogenic
P31749	L379H	0.9919	pathogenic
P31749	L379I	0.1864	benign
P31749	L379K	0.9977	pathogenic
P31749	L379M	0.2864	benign
P31749	L379N	0.9967	pathogenic
P31749	L379P	0.9984	pathogenic
P31749	L379Q	0.9853	pathogenic
P31749	L379R	0.9938	pathogenic
P31749	L379S	0.9847	pathogenic
P31749	L379T	0.8912	pathogenic
P31749	L379V	0.1442	benign
P31749	L379W	0.9826	pathogenic
P31749	L379Y	0.9839	pathogenic
P31749	L380A	0.9674	pathogenic
P31749	L380C	0.9379	pathogenic
P31749	L380D	0.9999	pathogenic
P31749	L380E	0.9991	pathogenic
P31749	L380F	0.9512	pathogenic
P31749	L380G	0.9962	pathogenic
P31749	L380H	0.9981	pathogenic
P31749	L380I	0.3895	ambiguous
P31749	L380K	0.999	pathogenic
P31749	L380M	0.6431	pathogenic
P31749	L380N	0.9983	pathogenic
P31749	L380P	0.9984	pathogenic
P31749	L380Q	0.9959	pathogenic
P31749	L380R	0.9972	pathogenic
P31749	L380S	0.9961	pathogenic
P31749	L380T	0.979	pathogenic
P31749	L380V	0.4448	ambiguous
P31749	L380W	0.9969	pathogenic
P31749	L380Y	0.9969	pathogenic
P31749	S381A	0.0525	benign
P31749	S381C	0.0737	benign
P31749	S381D	0.582	pathogenic
P31749	S381E	0.5405	ambiguous
P31749	S381F	0.1762	benign
P31749	S381G	0.0712	benign
P31749	S381H	0.348	ambiguous
P31749	S381I	0.1945	benign
P31749	S381K	0.7139	pathogenic
P31749	S381L	0.0826	benign
P31749	S381M	0.1304	benign
P31749	S381N	0.1856	benign
P31749	S381P	0.9397	pathogenic
P31749	S381Q	0.4081	ambiguous
P31749	S381R	0.6249	pathogenic
P31749	S381T	0.0781	benign
P31749	S381V	0.1668	benign
P31749	S381W	0.3425	ambiguous
P31749	S381Y	0.1911	benign
P31749	G382A	0.1891	benign
P31749	G382C	0.3505	ambiguous
P31749	G382D	0.676	pathogenic
P31749	G382E	0.6217	pathogenic
P31749	G382F	0.8491	pathogenic
P31749	G382H	0.6806	pathogenic
P31749	G382I	0.7906	pathogenic
P31749	G382K	0.7835	pathogenic
P31749	G382L	0.63	pathogenic
P31749	G382M	0.6911	pathogenic
P31749	G382N	0.5016	ambiguous
P31749	G382P	0.9965	pathogenic
P31749	G382Q	0.5107	ambiguous
P31749	G382R	0.6539	pathogenic
P31749	G382S	0.1664	benign
P31749	G382T	0.435	ambiguous
P31749	G382V	0.6173	pathogenic
P31749	G382W	0.8447	pathogenic
P31749	G382Y	0.7711	pathogenic
P31749	L383A	0.9884	pathogenic
P31749	L383C	0.9578	pathogenic
P31749	L383D	0.9999	pathogenic
P31749	L383E	0.9996	pathogenic
P31749	L383F	0.7452	pathogenic
P31749	L383G	0.9975	pathogenic
P31749	L383H	0.9968	pathogenic
P31749	L383I	0.7205	pathogenic
P31749	L383K	0.9989	pathogenic
P31749	L383M	0.5463	ambiguous
P31749	L383N	0.9986	pathogenic
P31749	L383P	0.9996	pathogenic
P31749	L383Q	0.9971	pathogenic
P31749	L383R	0.9977	pathogenic
P31749	L383S	0.9981	pathogenic
P31749	L383T	0.9913	pathogenic
P31749	L383V	0.7716	pathogenic
P31749	L383W	0.9894	pathogenic
P31749	L383Y	0.9879	pathogenic
P31749	L384A	0.9919	pathogenic
P31749	L384C	0.9717	pathogenic
P31749	L384D	0.9999	pathogenic
P31749	L384E	0.9995	pathogenic
P31749	L384F	0.9709	pathogenic
P31749	L384G	0.9956	pathogenic
P31749	L384H	0.9983	pathogenic
P31749	L384I	0.9042	pathogenic
P31749	L384K	0.9989	pathogenic
P31749	L384M	0.8059	pathogenic
P31749	L384N	0.9991	pathogenic
P31749	L384P	0.9997	pathogenic
P31749	L384Q	0.9974	pathogenic
P31749	L384R	0.9973	pathogenic
P31749	L384S	0.9988	pathogenic
P31749	L384T	0.9915	pathogenic
P31749	L384V	0.9127	pathogenic
P31749	L384W	0.9973	pathogenic
P31749	L384Y	0.9984	pathogenic
P31749	K385A	0.4636	ambiguous
P31749	K385C	0.3888	ambiguous
P31749	K385D	0.8203	pathogenic
P31749	K385E	0.2919	benign
P31749	K385F	0.8054	pathogenic
P31749	K385G	0.6368	pathogenic
P31749	K385H	0.2991	benign
P31749	K385I	0.2851	benign
P31749	K385L	0.3337	benign
P31749	K385M	0.212	benign
P31749	K385N	0.621	pathogenic
P31749	K385P	0.9734	pathogenic
P31749	K385Q	0.1001	benign
P31749	K385R	0.0706	benign
P31749	K385S	0.5499	ambiguous
P31749	K385T	0.241	benign
P31749	K385V	0.2476	benign
P31749	K385W	0.7346	pathogenic
P31749	K385Y	0.7137	pathogenic
P31749	K386A	0.9897	pathogenic
P31749	K386C	0.9932	pathogenic
P31749	K386D	0.9976	pathogenic
P31749	K386E	0.9939	pathogenic
P31749	K386F	0.9992	pathogenic
P31749	K386G	0.9894	pathogenic
P31749	K386H	0.9757	pathogenic
P31749	K386I	0.9909	pathogenic
P31749	K386L	0.9856	pathogenic
P31749	K386M	0.9794	pathogenic
P31749	K386N	0.9965	pathogenic
P31749	K386P	0.9813	pathogenic
P31749	K386Q	0.9679	pathogenic
P31749	K386R	0.3203	benign
P31749	K386S	0.9974	pathogenic
P31749	K386T	0.9783	pathogenic
P31749	K386V	0.9801	pathogenic
P31749	K386W	0.998	pathogenic
P31749	K386Y	0.9968	pathogenic
P31749	D387A	0.5927	pathogenic
P31749	D387C	0.8476	pathogenic
P31749	D387E	0.2926	benign
P31749	D387F	0.9155	pathogenic
P31749	D387G	0.8551	pathogenic
P31749	D387H	0.7429	pathogenic
P31749	D387I	0.6183	pathogenic
P31749	D387K	0.8949	pathogenic
P31749	D387L	0.7253	pathogenic
P31749	D387M	0.839	pathogenic
P31749	D387N	0.2185	benign
P31749	D387P	0.9601	pathogenic
P31749	D387Q	0.7462	pathogenic
P31749	D387R	0.9044	pathogenic
P31749	D387S	0.4701	ambiguous
P31749	D387T	0.6574	pathogenic
P31749	D387V	0.4313	ambiguous
P31749	D387W	0.9847	pathogenic
P31749	D387Y	0.6517	pathogenic
P31749	P388A	0.6207	pathogenic
P31749	P388C	0.9765	pathogenic
P31749	P388D	0.9963	pathogenic
P31749	P388E	0.9841	pathogenic
P31749	P388F	0.9962	pathogenic
P31749	P388G	0.9541	pathogenic
P31749	P388H	0.9658	pathogenic
P31749	P388I	0.9692	pathogenic
P31749	P388K	0.9896	pathogenic
P31749	P388L	0.9564	pathogenic
P31749	P388M	0.9842	pathogenic
P31749	P388N	0.9901	pathogenic
P31749	P388Q	0.9554	pathogenic
P31749	P388R	0.9582	pathogenic
P31749	P388S	0.8735	pathogenic
P31749	P388T	0.8732	pathogenic
P31749	P388V	0.9083	pathogenic
P31749	P388W	0.9968	pathogenic
P31749	P388Y	0.995	pathogenic
P31749	K389A	0.1787	benign
P31749	K389C	0.3735	ambiguous
P31749	K389D	0.524	ambiguous
P31749	K389E	0.1817	benign
P31749	K389F	0.5625	ambiguous
P31749	K389G	0.2189	benign
P31749	K389H	0.1917	benign
P31749	K389I	0.2795	benign
P31749	K389L	0.1732	benign
P31749	K389M	0.162	benign
P31749	K389N	0.314	benign
P31749	K389P	0.727	pathogenic
P31749	K389Q	0.0854	benign
P31749	K389R	0.0682	benign
P31749	K389S	0.2175	benign
P31749	K389T	0.1377	benign
P31749	K389V	0.2005	benign
P31749	K389W	0.5815	pathogenic
P31749	K389Y	0.4837	ambiguous
P31749	Q390A	0.16	benign
P31749	Q390C	0.3977	ambiguous
P31749	Q390D	0.3268	benign
P31749	Q390E	0.0931	benign
P31749	Q390F	0.5096	ambiguous
P31749	Q390G	0.2109	benign
P31749	Q390H	0.1744	benign
P31749	Q390I	0.2825	benign
P31749	Q390K	0.1082	benign
P31749	Q390L	0.0763	benign
P31749	Q390M	0.2133	benign
P31749	Q390N	0.2458	benign
P31749	Q390P	0.7173	pathogenic
P31749	Q390R	0.1179	benign
P31749	Q390S	0.2126	benign
P31749	Q390T	0.1792	benign
P31749	Q390V	0.1756	benign
P31749	Q390W	0.4894	ambiguous
P31749	Q390Y	0.3355	benign
P31749	R391A	0.9993	pathogenic
P31749	R391C	0.9957	pathogenic
P31749	R391D	0.9996	pathogenic
P31749	R391E	0.9969	pathogenic
P31749	R391F	0.9999	pathogenic
P31749	R391G	0.9985	pathogenic
P31749	R391H	0.9966	pathogenic
P31749	R391I	0.9991	pathogenic
P31749	R391K	0.9957	pathogenic
P31749	R391L	0.9964	pathogenic
P31749	R391M	0.9999	pathogenic
P31749	R391N	0.9996	pathogenic
P31749	R391P	0.9988	pathogenic
P31749	R391Q	0.9976	pathogenic
P31749	R391S	0.9998	pathogenic
P31749	R391T	0.9998	pathogenic
P31749	R391V	0.999	pathogenic
P31749	R391W	0.9985	pathogenic
P31749	R391Y	0.9986	pathogenic
P31749	L392A	0.892	pathogenic
P31749	L392C	0.9364	pathogenic
P31749	L392D	0.9971	pathogenic
P31749	L392E	0.9825	pathogenic
P31749	L392F	0.7157	pathogenic
P31749	L392G	0.9844	pathogenic
P31749	L392H	0.9615	pathogenic
P31749	L392I	0.3343	benign
P31749	L392K	0.9487	pathogenic
P31749	L392M	0.3925	ambiguous
P31749	L392N	0.9877	pathogenic
P31749	L392P	0.933	pathogenic
P31749	L392Q	0.9271	pathogenic
P31749	L392R	0.9131	pathogenic
P31749	L392S	0.9779	pathogenic
P31749	L392T	0.8863	pathogenic
P31749	L392V	0.407	ambiguous
P31749	L392W	0.8851	pathogenic
P31749	L392Y	0.9058	pathogenic
P31749	G393A	0.9262	pathogenic
P31749	G393C	0.9922	pathogenic
P31749	G393D	0.9992	pathogenic
P31749	G393E	0.9995	pathogenic
P31749	G393F	0.9992	pathogenic
P31749	G393H	0.9998	pathogenic
P31749	G393I	0.9988	pathogenic
P31749	G393K	0.9998	pathogenic
P31749	G393L	0.9973	pathogenic
P31749	G393M	0.9994	pathogenic
P31749	G393N	0.9997	pathogenic
P31749	G393P	0.9981	pathogenic
P31749	G393Q	0.9996	pathogenic
P31749	G393R	0.999	pathogenic
P31749	G393S	0.991	pathogenic
P31749	G393T	0.9973	pathogenic
P31749	G393V	0.9967	pathogenic
P31749	G393W	0.9993	pathogenic
P31749	G393Y	0.9995	pathogenic
P31749	G394A	0.3374	benign
P31749	G394C	0.6829	pathogenic
P31749	G394D	0.987	pathogenic
P31749	G394E	0.9816	pathogenic
P31749	G394F	0.9743	pathogenic
P31749	G394H	0.9815	pathogenic
P31749	G394I	0.9619	pathogenic
P31749	G394K	0.9946	pathogenic
P31749	G394L	0.9668	pathogenic
P31749	G394M	0.9694	pathogenic
P31749	G394N	0.9594	pathogenic
P31749	G394P	0.9985	pathogenic
P31749	G394Q	0.97	pathogenic
P31749	G394R	0.977	pathogenic
P31749	G394S	0.3673	ambiguous
P31749	G394T	0.8453	pathogenic
P31749	G394V	0.9154	pathogenic
P31749	G394W	0.9705	pathogenic
P31749	G394Y	0.9704	pathogenic
P31749	G395A	0.2169	benign
P31749	G395C	0.2023	benign
P31749	G395D	0.46	ambiguous
P31749	G395E	0.5627	ambiguous
P31749	G395F	0.7506	pathogenic
P31749	G395H	0.5196	ambiguous
P31749	G395I	0.6176	pathogenic
P31749	G395K	0.6887	pathogenic
P31749	G395L	0.6115	pathogenic
P31749	G395M	0.6539	pathogenic
P31749	G395N	0.3678	ambiguous
P31749	G395P	0.9614	pathogenic
P31749	G395Q	0.5285	ambiguous
P31749	G395R	0.5579	ambiguous
P31749	G395S	0.0929	benign
P31749	G395T	0.1833	benign
P31749	G395V	0.4653	ambiguous
P31749	G395W	0.7079	pathogenic
P31749	G395Y	0.6653	pathogenic
P31749	S396A	0.0551	benign
P31749	S396C	0.068	benign
P31749	S396D	0.1543	benign
P31749	S396E	0.1465	benign
P31749	S396F	0.1112	benign
P31749	S396G	0.0678	benign
P31749	S396H	0.1181	benign
P31749	S396I	0.0758	benign
P31749	S396K	0.1696	benign
P31749	S396L	0.0602	benign
P31749	S396M	0.0933	benign
P31749	S396N	0.075	benign
P31749	S396P	0.0446	benign
P31749	S396Q	0.1236	benign
P31749	S396R	0.1545	benign
P31749	S396T	0.0604	benign
P31749	S396V	0.0743	benign
P31749	S396W	0.1741	benign
P31749	S396Y	0.128	benign
P31749	E397A	0.0761	benign
P31749	E397C	0.422	ambiguous
P31749	E397D	0.0636	benign
P31749	E397F	0.4604	ambiguous
P31749	E397G	0.0738	benign
P31749	E397H	0.1905	benign
P31749	E397I	0.2937	benign
P31749	E397K	0.121	benign
P31749	E397L	0.1684	benign
P31749	E397M	0.2443	benign
P31749	E397N	0.0987	benign
P31749	E397P	0.6466	pathogenic
P31749	E397Q	0.0853	benign
P31749	E397R	0.1539	benign
P31749	E397S	0.083	benign
P31749	E397T	0.1115	benign
P31749	E397V	0.1683	benign
P31749	E397W	0.6235	pathogenic
P31749	E397Y	0.3406	ambiguous
P31749	D398A	0.9739	pathogenic
P31749	D398C	0.9979	pathogenic
P31749	D398E	0.9834	pathogenic
P31749	D398F	0.9991	pathogenic
P31749	D398G	0.7738	pathogenic
P31749	D398H	0.9973	pathogenic
P31749	D398I	0.999	pathogenic
P31749	D398K	0.9975	pathogenic
P31749	D398L	0.9968	pathogenic
P31749	D398M	0.999	pathogenic
P31749	D398N	0.9281	pathogenic
P31749	D398P	0.9964	pathogenic
P31749	D398Q	0.9974	pathogenic
P31749	D398R	0.9969	pathogenic
P31749	D398S	0.9647	pathogenic
P31749	D398T	0.99	pathogenic
P31749	D398V	0.9944	pathogenic
P31749	D398W	0.9998	pathogenic
P31749	D398Y	0.9925	pathogenic
P31749	A399C	0.7434	pathogenic
P31749	A399D	0.9888	pathogenic
P31749	A399E	0.9789	pathogenic
P31749	A399F	0.9588	pathogenic
P31749	A399G	0.2876	benign
P31749	A399H	0.957	pathogenic
P31749	A399I	0.935	pathogenic
P31749	A399K	0.9894	pathogenic
P31749	A399L	0.9623	pathogenic
P31749	A399M	0.953	pathogenic
P31749	A399N	0.9683	pathogenic
P31749	A399P	0.9433	pathogenic
P31749	A399Q	0.9453	pathogenic
P31749	A399R	0.9599	pathogenic
P31749	A399S	0.177	benign
P31749	A399T	0.6935	pathogenic
P31749	A399V	0.7285	pathogenic
P31749	A399W	0.9886	pathogenic
P31749	A399Y	0.9707	pathogenic
P31749	K400A	0.2053	benign
P31749	K400C	0.5763	pathogenic
P31749	K400D	0.5129	ambiguous
P31749	K400E	0.1489	benign
P31749	K400F	0.7331	pathogenic
P31749	K400G	0.2575	benign
P31749	K400H	0.288	benign
P31749	K400I	0.3849	ambiguous
P31749	K400L	0.267	benign
P31749	K400M	0.2324	benign
P31749	K400N	0.4282	ambiguous
P31749	K400P	0.7557	pathogenic
P31749	K400Q	0.1061	benign
P31749	K400R	0.072	benign
P31749	K400S	0.313	benign
P31749	K400T	0.1747	benign
P31749	K400V	0.2627	benign
P31749	K400W	0.6376	pathogenic
P31749	K400Y	0.6235	pathogenic
P31749	E401A	0.2573	benign
P31749	E401C	0.9182	pathogenic
P31749	E401D	0.1194	benign
P31749	E401F	0.94	pathogenic
P31749	E401G	0.4197	ambiguous
P31749	E401H	0.7746	pathogenic
P31749	E401I	0.7536	pathogenic
P31749	E401K	0.6957	pathogenic
P31749	E401L	0.7051	pathogenic
P31749	E401M	0.6974	pathogenic
P31749	E401N	0.4265	ambiguous
P31749	E401P	0.9636	pathogenic
P31749	E401Q	0.2858	benign
P31749	E401R	0.8013	pathogenic
P31749	E401S	0.4113	ambiguous
P31749	E401T	0.5588	ambiguous
P31749	E401V	0.537	ambiguous
P31749	E401W	0.9819	pathogenic
P31749	E401Y	0.8789	pathogenic
P31749	I402A	0.9546	pathogenic
P31749	I402C	0.9726	pathogenic
P31749	I402D	0.9993	pathogenic
P31749	I402E	0.998	pathogenic
P31749	I402F	0.9634	pathogenic
P31749	I402G	0.9936	pathogenic
P31749	I402H	0.9991	pathogenic
P31749	I402K	0.9983	pathogenic
P31749	I402L	0.5087	ambiguous
P31749	I402M	0.6507	pathogenic
P31749	I402N	0.9914	pathogenic
P31749	I402P	0.9947	pathogenic
P31749	I402Q	0.998	pathogenic
P31749	I402R	0.9974	pathogenic
P31749	I402S	0.9848	pathogenic
P31749	I402T	0.9542	pathogenic
P31749	I402V	0.0841	benign
P31749	I402W	0.9993	pathogenic
P31749	I402Y	0.997	pathogenic
P31749	M403A	0.5607	ambiguous
P31749	M403C	0.727	pathogenic
P31749	M403D	0.9957	pathogenic
P31749	M403E	0.7441	pathogenic
P31749	M403F	0.8202	pathogenic
P31749	M403G	0.8742	pathogenic
P31749	M403H	0.8982	pathogenic
P31749	M403I	0.7551	pathogenic
P31749	M403K	0.1796	benign
P31749	M403L	0.4446	ambiguous
P31749	M403N	0.9604	pathogenic
P31749	M403P	0.9955	pathogenic
P31749	M403Q	0.1546	benign
P31749	M403R	0.2496	benign
P31749	M403S	0.6699	pathogenic
P31749	M403T	0.4687	ambiguous
P31749	M403V	0.2811	benign
P31749	M403W	0.9624	pathogenic
P31749	M403Y	0.9475	pathogenic
P31749	Q404A	0.1317	benign
P31749	Q404C	0.3344	benign
P31749	Q404D	0.228	benign
P31749	Q404E	0.0738	benign
P31749	Q404F	0.5532	ambiguous
P31749	Q404G	0.1371	benign
P31749	Q404H	0.1355	benign
P31749	Q404I	0.3567	ambiguous
P31749	Q404K	0.0906	benign
P31749	Q404L	0.1093	benign
P31749	Q404M	0.2882	benign
P31749	Q404N	0.1657	benign
P31749	Q404P	0.7886	pathogenic
P31749	Q404R	0.0858	benign
P31749	Q404S	0.1538	benign
P31749	Q404T	0.1518	benign
P31749	Q404V	0.2294	benign
P31749	Q404W	0.45	ambiguous
P31749	Q404Y	0.3506	ambiguous
P31749	H405A	0.8999	pathogenic
P31749	H405C	0.5759	pathogenic
P31749	H405D	0.8325	pathogenic
P31749	H405E	0.9045	pathogenic
P31749	H405F	0.947	pathogenic
P31749	H405G	0.9395	pathogenic
P31749	H405I	0.9837	pathogenic
P31749	H405K	0.9843	pathogenic
P31749	H405L	0.8606	pathogenic
P31749	H405M	0.944	pathogenic
P31749	H405N	0.471	ambiguous
P31749	H405P	0.9666	pathogenic
P31749	H405Q	0.812	pathogenic
P31749	H405R	0.9754	pathogenic
P31749	H405S	0.6939	pathogenic
P31749	H405T	0.9328	pathogenic
P31749	H405V	0.9696	pathogenic
P31749	H405W	0.9477	pathogenic
P31749	H405Y	0.8323	pathogenic
P31749	R406A	0.1127	benign
P31749	R406C	0.1092	benign
P31749	R406D	0.23	benign
P31749	R406E	0.1505	benign
P31749	R406F	0.389	ambiguous
P31749	R406G	0.0892	benign
P31749	R406H	0.0839	benign
P31749	R406I	0.1864	benign
P31749	R406K	0.0627	benign
P31749	R406L	0.1446	benign
P31749	R406M	0.1876	benign
P31749	R406N	0.2119	benign
P31749	R406P	0.0932	benign
P31749	R406Q	0.0722	benign
P31749	R406S	0.1393	benign
P31749	R406T	0.1042	benign
P31749	R406V	0.1713	benign
P31749	R406W	0.1812	benign
P31749	R406Y	0.2646	benign
P31749	F407A	0.9926	pathogenic
P31749	F407C	0.9699	pathogenic
P31749	F407D	0.9991	pathogenic
P31749	F407E	0.9995	pathogenic
P31749	F407G	0.9971	pathogenic
P31749	F407H	0.9853	pathogenic
P31749	F407I	0.9648	pathogenic
P31749	F407K	0.9997	pathogenic
P31749	F407L	0.9953	pathogenic
P31749	F407M	0.9784	pathogenic
P31749	F407N	0.9962	pathogenic
P31749	F407P	0.9993	pathogenic
P31749	F407Q	0.9988	pathogenic
P31749	F407R	0.9987	pathogenic
P31749	F407S	0.9942	pathogenic
P31749	F407T	0.997	pathogenic
P31749	F407V	0.9619	pathogenic
P31749	F407W	0.7572	pathogenic
P31749	F407Y	0.4375	ambiguous
P31749	F408A	0.9976	pathogenic
P31749	F408C	0.9865	pathogenic
P31749	F408D	0.9997	pathogenic
P31749	F408E	0.9998	pathogenic
P31749	F408G	0.9971	pathogenic
P31749	F408H	0.9896	pathogenic
P31749	F408I	0.9948	pathogenic
P31749	F408K	0.9997	pathogenic
P31749	F408L	0.9954	pathogenic
P31749	F408M	0.9868	pathogenic
P31749	F408N	0.9985	pathogenic
P31749	F408P	0.9999	pathogenic
P31749	F408Q	0.9991	pathogenic
P31749	F408R	0.9986	pathogenic
P31749	F408S	0.9964	pathogenic
P31749	F408T	0.9982	pathogenic
P31749	F408V	0.9904	pathogenic
P31749	F408W	0.8968	pathogenic
P31749	F408Y	0.6437	pathogenic
P31749	A409C	0.1716	benign
P31749	A409D	0.1534	benign
P31749	A409E	0.1473	benign
P31749	A409F	0.1908	benign
P31749	A409G	0.0959	benign
P31749	A409H	0.1798	benign
P31749	A409I	0.1426	benign
P31749	A409K	0.2545	benign
P31749	A409L	0.1008	benign
P31749	A409M	0.1256	benign
P31749	A409N	0.1218	benign
P31749	A409P	0.5228	ambiguous
P31749	A409Q	0.1532	benign
P31749	A409R	0.2142	benign
P31749	A409S	0.0632	benign
P31749	A409T	0.0668	benign
P31749	A409V	0.091	benign
P31749	A409W	0.4103	ambiguous
P31749	A409Y	0.2259	benign
P31749	G410A	0.1017	benign
P31749	G410C	0.171	benign
P31749	G410D	0.106	benign
P31749	G410E	0.1734	benign
P31749	G410F	0.5902	pathogenic
P31749	G410H	0.2574	benign
P31749	G410I	0.4201	ambiguous
P31749	G410K	0.3568	ambiguous
P31749	G410L	0.3928	ambiguous
P31749	G410M	0.4362	ambiguous
P31749	G410N	0.1224	benign
P31749	G410P	0.3671	ambiguous
P31749	G410Q	0.2546	benign
P31749	G410R	0.2967	benign
P31749	G410S	0.0766	benign
P31749	G410T	0.1098	benign
P31749	G410V	0.2566	benign
P31749	G410W	0.4937	ambiguous
P31749	G410Y	0.4237	ambiguous
P31749	I411A	0.3446	ambiguous
P31749	I411C	0.6492	pathogenic
P31749	I411D	0.9356	pathogenic
P31749	I411E	0.8617	pathogenic
P31749	I411F	0.2528	benign
P31749	I411G	0.7891	pathogenic
P31749	I411H	0.8419	pathogenic
P31749	I411K	0.852	pathogenic
P31749	I411L	0.115	benign
P31749	I411M	0.0983	benign
P31749	I411N	0.6847	pathogenic
P31749	I411P	0.8649	pathogenic
P31749	I411Q	0.7717	pathogenic
P31749	I411R	0.7883	pathogenic
P31749	I411S	0.5189	ambiguous
P31749	I411T	0.1859	benign
P31749	I411V	0.063	benign
P31749	I411W	0.8977	pathogenic
P31749	I411Y	0.7527	pathogenic
P31749	V412A	0.0812	benign
P31749	V412C	0.3045	benign
P31749	V412D	0.0769	benign
P31749	V412E	0.091	benign
P31749	V412F	0.1543	benign
P31749	V412G	0.1423	benign
P31749	V412H	0.1837	benign
P31749	V412I	0.0792	benign
P31749	V412K	0.1629	benign
P31749	V412L	0.1065	benign
P31749	V412M	0.1047	benign
P31749	V412N	0.0614	benign
P31749	V412P	0.2167	benign
P31749	V412Q	0.103	benign
P31749	V412R	0.1376	benign
P31749	V412S	0.0742	benign
P31749	V412T	0.1087	benign
P31749	V412W	0.6043	pathogenic
P31749	V412Y	0.2966	benign
P31749	W413A	0.9965	pathogenic
P31749	W413C	0.9986	pathogenic
P31749	W413D	0.999	pathogenic
P31749	W413E	0.9992	pathogenic
P31749	W413F	0.5813	pathogenic
P31749	W413G	0.9829	pathogenic
P31749	W413H	0.9972	pathogenic
P31749	W413I	0.9933	pathogenic
P31749	W413K	0.9997	pathogenic
P31749	W413L	0.981	pathogenic
P31749	W413M	0.9937	pathogenic
P31749	W413N	0.9992	pathogenic
P31749	W413P	0.9934	pathogenic
P31749	W413Q	0.9994	pathogenic
P31749	W413R	0.9992	pathogenic
P31749	W413S	0.9939	pathogenic
P31749	W413T	0.9972	pathogenic
P31749	W413V	0.9946	pathogenic
P31749	W413Y	0.9485	pathogenic
P31749	Q414A	0.1778	benign
P31749	Q414C	0.6101	pathogenic
P31749	Q414D	0.1673	benign
P31749	Q414E	0.0691	benign
P31749	Q414F	0.78	pathogenic
P31749	Q414G	0.1764	benign
P31749	Q414H	0.1745	benign
P31749	Q414I	0.5108	ambiguous
P31749	Q414K	0.0965	benign
P31749	Q414L	0.2379	benign
P31749	Q414M	0.446	ambiguous
P31749	Q414N	0.1765	benign
P31749	Q414P	0.1302	benign
P31749	Q414R	0.1071	benign
P31749	Q414S	0.1532	benign
P31749	Q414T	0.1679	benign
P31749	Q414V	0.3539	ambiguous
P31749	Q414W	0.5447	ambiguous
P31749	Q414Y	0.5452	ambiguous
P31749	H415A	0.0724	benign
P31749	H415C	0.1688	benign
P31749	H415D	0.0311	benign
P31749	H415E	0.0755	benign
P31749	H415F	0.2958	benign
P31749	H415G	0.1198	benign
P31749	H415I	0.3176	benign
P31749	H415K	0.1736	benign
P31749	H415L	0.1088	benign
P31749	H415M	0.2651	benign
P31749	H415N	0.0428	benign
P31749	H415P	0.3401	ambiguous
P31749	H415Q	0.0804	benign
P31749	H415R	0.1317	benign
P31749	H415S	0.0711	benign
P31749	H415T	0.1297	benign
P31749	H415V	0.1906	benign
P31749	H415W	0.478	ambiguous
P31749	H415Y	0.1179	benign
P31749	V416A	0.7428	pathogenic
P31749	V416C	0.8782	pathogenic
P31749	V416D	0.9943	pathogenic
P31749	V416E	0.9849	pathogenic
P31749	V416F	0.8478	pathogenic
P31749	V416G	0.8775	pathogenic
P31749	V416H	0.9917	pathogenic
P31749	V416I	0.0981	benign
P31749	V416K	0.9885	pathogenic
P31749	V416L	0.3331	benign
P31749	V416M	0.5271	ambiguous
P31749	V416N	0.973	pathogenic
P31749	V416P	0.9879	pathogenic
P31749	V416Q	0.973	pathogenic
P31749	V416R	0.9776	pathogenic
P31749	V416S	0.9191	pathogenic
P31749	V416T	0.7001	pathogenic
P31749	V416W	0.996	pathogenic
P31749	V416Y	0.9816	pathogenic
P31749	Y417A	0.2535	benign
P31749	Y417C	0.0961	benign
P31749	Y417D	0.3152	benign
P31749	Y417E	0.3515	ambiguous
P31749	Y417F	0.0881	benign
P31749	Y417G	0.3222	benign
P31749	Y417H	0.1622	benign
P31749	Y417I	0.2566	benign
P31749	Y417K	0.3747	ambiguous
P31749	Y417L	0.2203	benign
P31749	Y417M	0.3153	benign
P31749	Y417N	0.1872	benign
P31749	Y417P	0.8895	pathogenic
P31749	Y417Q	0.2421	benign
P31749	Y417R	0.2175	benign
P31749	Y417S	0.1711	benign
P31749	Y417T	0.2607	benign
P31749	Y417V	0.1794	benign
P31749	Y417W	0.3356	benign
P31749	E418A	0.1838	benign
P31749	E418C	0.7942	pathogenic
P31749	E418D	0.0902	benign
P31749	E418F	0.8315	pathogenic
P31749	E418G	0.1841	benign
P31749	E418H	0.3941	ambiguous
P31749	E418I	0.6528	pathogenic
P31749	E418K	0.2163	benign
P31749	E418L	0.4136	ambiguous
P31749	E418M	0.5369	ambiguous
P31749	E418N	0.1904	benign
P31749	E418P	0.9319	pathogenic
P31749	E418Q	0.1109	benign
P31749	E418R	0.2681	benign
P31749	E418S	0.1971	benign
P31749	E418T	0.3247	benign
P31749	E418V	0.446	ambiguous
P31749	E418W	0.8954	pathogenic
P31749	E418Y	0.6606	pathogenic
P31749	K419A	0.9727	pathogenic
P31749	K419C	0.9105	pathogenic
P31749	K419D	0.9907	pathogenic
P31749	K419E	0.8925	pathogenic
P31749	K419F	0.9959	pathogenic
P31749	K419G	0.8829	pathogenic
P31749	K419H	0.8601	pathogenic
P31749	K419I	0.9898	pathogenic
P31749	K419L	0.9203	pathogenic
P31749	K419M	0.8902	pathogenic
P31749	K419N	0.9745	pathogenic
P31749	K419P	0.9953	pathogenic
P31749	K419Q	0.506	ambiguous
P31749	K419R	0.0939	benign
P31749	K419S	0.9851	pathogenic
P31749	K419T	0.9731	pathogenic
P31749	K419V	0.9804	pathogenic
P31749	K419W	0.9879	pathogenic
P31749	K419Y	0.9774	pathogenic
P31749	K420A	0.2901	benign
P31749	K420C	0.6154	pathogenic
P31749	K420D	0.5891	pathogenic
P31749	K420E	0.1804	benign
P31749	K420F	0.8038	pathogenic
P31749	K420G	0.4194	ambiguous
P31749	K420H	0.3003	benign
P31749	K420I	0.4587	ambiguous
P31749	K420L	0.2857	benign
P31749	K420M	0.2175	benign
P31749	K420N	0.41	ambiguous
P31749	K420P	0.9576	pathogenic
P31749	K420Q	0.0869	benign
P31749	K420R	0.0794	benign
P31749	K420S	0.3927	ambiguous
P31749	K420T	0.202	benign
P31749	K420V	0.3584	ambiguous
P31749	K420W	0.8118	pathogenic
P31749	K420Y	0.6565	pathogenic
P31749	L421A	0.377	ambiguous
P31749	L421C	0.473	ambiguous
P31749	L421D	0.8538	pathogenic
P31749	L421E	0.5089	ambiguous
P31749	L421F	0.1953	benign
P31749	L421G	0.7143	pathogenic
P31749	L421H	0.3977	ambiguous
P31749	L421I	0.0945	benign
P31749	L421K	0.4847	ambiguous
P31749	L421M	0.1157	benign
P31749	L421N	0.6426	pathogenic
P31749	L421P	0.8673	pathogenic
P31749	L421Q	0.2542	benign
P31749	L421R	0.3836	ambiguous
P31749	L421S	0.516	ambiguous
P31749	L421T	0.3254	benign
P31749	L421V	0.0931	benign
P31749	L421W	0.3932	ambiguous
P31749	L421Y	0.4009	ambiguous
P31749	S422A	0.0577	benign
P31749	S422C	0.0618	benign
P31749	S422D	0.161	benign
P31749	S422E	0.1688	benign
P31749	S422F	0.101	benign
P31749	S422G	0.0858	benign
P31749	S422H	0.1289	benign
P31749	S422I	0.0511	benign
P31749	S422K	0.2223	benign
P31749	S422L	0.0503	benign
P31749	S422M	0.0742	benign
P31749	S422N	0.0722	benign
P31749	S422P	0.0603	benign
P31749	S422Q	0.1401	benign
P31749	S422R	0.2079	benign
P31749	S422T	0.0548	benign
P31749	S422V	0.0543	benign
P31749	S422W	0.2094	benign
P31749	S422Y	0.1148	benign
P31749	P423A	0.3441	ambiguous
P31749	P423C	0.9074	pathogenic
P31749	P423D	0.9992	pathogenic
P31749	P423E	0.9953	pathogenic
P31749	P423F	0.9963	pathogenic
P31749	P423G	0.9715	pathogenic
P31749	P423H	0.9865	pathogenic
P31749	P423I	0.9398	pathogenic
P31749	P423K	0.9977	pathogenic
P31749	P423L	0.9233	pathogenic
P31749	P423M	0.983	pathogenic
P31749	P423N	0.9963	pathogenic
P31749	P423Q	0.9846	pathogenic
P31749	P423R	0.9864	pathogenic
P31749	P423S	0.8249	pathogenic
P31749	P423T	0.8785	pathogenic
P31749	P423V	0.8169	pathogenic
P31749	P423W	0.9988	pathogenic
P31749	P423Y	0.9973	pathogenic
P31749	P424A	0.5854	pathogenic
P31749	P424C	0.9301	pathogenic
P31749	P424D	0.9837	pathogenic
P31749	P424E	0.9651	pathogenic
P31749	P424F	0.982	pathogenic
P31749	P424G	0.9466	pathogenic
P31749	P424H	0.9366	pathogenic
P31749	P424I	0.8869	pathogenic
P31749	P424K	0.9816	pathogenic
P31749	P424L	0.7279	pathogenic
P31749	P424M	0.9234	pathogenic
P31749	P424N	0.9753	pathogenic
P31749	P424Q	0.9312	pathogenic
P31749	P424R	0.9508	pathogenic
P31749	P424S	0.836	pathogenic
P31749	P424T	0.7879	pathogenic
P31749	P424V	0.7596	pathogenic
P31749	P424W	0.993	pathogenic
P31749	P424Y	0.9804	pathogenic
P31749	F425A	0.9968	pathogenic
P31749	F425C	0.9779	pathogenic
P31749	F425D	0.9988	pathogenic
P31749	F425E	0.9981	pathogenic
P31749	F425G	0.998	pathogenic
P31749	F425H	0.9704	pathogenic
P31749	F425I	0.9597	pathogenic
P31749	F425K	0.9988	pathogenic
P31749	F425L	0.9971	pathogenic
P31749	F425M	0.9818	pathogenic
P31749	F425N	0.9963	pathogenic
P31749	F425P	0.9999	pathogenic
P31749	F425Q	0.9952	pathogenic
P31749	F425R	0.9949	pathogenic
P31749	F425S	0.9945	pathogenic
P31749	F425T	0.9972	pathogenic
P31749	F425V	0.9564	pathogenic
P31749	F425W	0.7055	pathogenic
P31749	F425Y	0.4603	ambiguous
P31749	K426A	0.5418	ambiguous
P31749	K426C	0.421	ambiguous
P31749	K426D	0.9367	pathogenic
P31749	K426E	0.4099	ambiguous
P31749	K426F	0.77	pathogenic
P31749	K426G	0.8451	pathogenic
P31749	K426H	0.3247	benign
P31749	K426I	0.2096	benign
P31749	K426L	0.3049	benign
P31749	K426M	0.2272	benign
P31749	K426N	0.7861	pathogenic
P31749	K426P	0.8899	pathogenic
P31749	K426Q	0.1268	benign
P31749	K426R	0.0797	benign
P31749	K426S	0.6737	pathogenic
P31749	K426T	0.2457	benign
P31749	K426V	0.1891	benign
P31749	K426W	0.7334	pathogenic
P31749	K426Y	0.673	pathogenic
P31749	P427A	0.9882	pathogenic
P31749	P427C	0.9983	pathogenic
P31749	P427D	0.9997	pathogenic
P31749	P427E	0.9993	pathogenic
P31749	P427F	0.9998	pathogenic
P31749	P427G	0.9978	pathogenic
P31749	P427H	0.9992	pathogenic
P31749	P427I	0.9973	pathogenic
P31749	P427K	0.9994	pathogenic
P31749	P427L	0.9909	pathogenic
P31749	P427M	0.9989	pathogenic
P31749	P427N	0.9996	pathogenic
P31749	P427Q	0.9993	pathogenic
P31749	P427R	0.9981	pathogenic
P31749	P427S	0.9988	pathogenic
P31749	P427T	0.9974	pathogenic
P31749	P427V	0.993	pathogenic
P31749	P427W	0.9998	pathogenic
P31749	P427Y	0.9997	pathogenic
P31749	Q428A	0.1516	benign
P31749	Q428C	0.6327	pathogenic
P31749	Q428D	0.3809	ambiguous
P31749	Q428E	0.1047	benign
P31749	Q428F	0.6768	pathogenic
P31749	Q428G	0.3352	benign
P31749	Q428H	0.2428	benign
P31749	Q428I	0.3223	benign
P31749	Q428K	0.1595	benign
P31749	Q428L	0.1287	benign
P31749	Q428M	0.2968	benign
P31749	Q428N	0.2898	benign
P31749	Q428P	0.2912	benign
P31749	Q428R	0.1683	benign
P31749	Q428S	0.2114	benign
P31749	Q428T	0.1818	benign
P31749	Q428V	0.1695	benign
P31749	Q428W	0.7009	pathogenic
P31749	Q428Y	0.525	ambiguous
P31749	V429A	0.9574	pathogenic
P31749	V429C	0.9768	pathogenic
P31749	V429D	0.9969	pathogenic
P31749	V429E	0.9904	pathogenic
P31749	V429F	0.9735	pathogenic
P31749	V429G	0.9319	pathogenic
P31749	V429H	0.9979	pathogenic
P31749	V429I	0.2617	benign
P31749	V429K	0.9943	pathogenic
P31749	V429L	0.8984	pathogenic
P31749	V429M	0.9374	pathogenic
P31749	V429N	0.9862	pathogenic
P31749	V429P	0.9876	pathogenic
P31749	V429Q	0.9924	pathogenic
P31749	V429R	0.9884	pathogenic
P31749	V429S	0.9793	pathogenic
P31749	V429T	0.951	pathogenic
P31749	V429W	0.9992	pathogenic
P31749	V429Y	0.9937	pathogenic
P31749	T430A	0.0754	benign
P31749	T430C	0.2437	benign
P31749	T430D	0.3166	benign
P31749	T430E	0.2587	benign
P31749	T430F	0.2583	benign
P31749	T430G	0.1697	benign
P31749	T430H	0.2124	benign
P31749	T430I	0.1871	benign
P31749	T430K	0.2316	benign
P31749	T430L	0.103	benign
P31749	T430M	0.0893	benign
P31749	T430N	0.1154	benign
P31749	T430P	0.3412	ambiguous
P31749	T430Q	0.1799	benign
P31749	T430R	0.1911	benign
P31749	T430S	0.0813	benign
P31749	T430V	0.132	benign
P31749	T430W	0.5828	pathogenic
P31749	T430Y	0.305	benign
P31749	S431A	0.2287	benign
P31749	S431C	0.2103	benign
P31749	S431D	0.6133	pathogenic
P31749	S431E	0.905	pathogenic
P31749	S431F	0.8671	pathogenic
P31749	S431G	0.1245	benign
P31749	S431H	0.7875	pathogenic
P31749	S431I	0.9101	pathogenic
P31749	S431K	0.9777	pathogenic
P31749	S431L	0.4629	ambiguous
P31749	S431M	0.6454	pathogenic
P31749	S431N	0.3294	benign
P31749	S431P	0.9916	pathogenic
P31749	S431Q	0.9048	pathogenic
P31749	S431R	0.9659	pathogenic
P31749	S431T	0.2105	benign
P31749	S431V	0.8118	pathogenic
P31749	S431W	0.9015	pathogenic
P31749	S431Y	0.7975	pathogenic
P31749	E432A	0.304	benign
P31749	E432C	0.9551	pathogenic
P31749	E432D	0.1598	benign
P31749	E432F	0.9594	pathogenic
P31749	E432G	0.5423	ambiguous
P31749	E432H	0.837	pathogenic
P31749	E432I	0.7574	pathogenic
P31749	E432K	0.5415	ambiguous
P31749	E432L	0.7488	pathogenic
P31749	E432M	0.7833	pathogenic
P31749	E432N	0.5888	pathogenic
P31749	E432P	0.5608	ambiguous
P31749	E432Q	0.3796	ambiguous
P31749	E432R	0.6837	pathogenic
P31749	E432S	0.4721	ambiguous
P31749	E432T	0.6172	pathogenic
P31749	E432V	0.5272	ambiguous
P31749	E432W	0.9866	pathogenic
P31749	E432Y	0.9242	pathogenic
P31749	T433A	0.1349	benign
P31749	T433C	0.483	ambiguous
P31749	T433D	0.5706	pathogenic
P31749	T433E	0.3646	ambiguous
P31749	T433F	0.3691	ambiguous
P31749	T433G	0.3954	ambiguous
P31749	T433H	0.4434	ambiguous
P31749	T433I	0.1995	benign
P31749	T433K	0.3638	ambiguous
P31749	T433L	0.1379	benign
P31749	T433M	0.0798	benign
P31749	T433N	0.2527	benign
P31749	T433P	0.7523	pathogenic
P31749	T433Q	0.3185	benign
P31749	T433R	0.2979	benign
P31749	T433S	0.2053	benign
P31749	T433V	0.1357	benign
P31749	T433W	0.6569	pathogenic
P31749	T433Y	0.4536	ambiguous
P31749	D434A	0.9948	pathogenic
P31749	D434C	0.9988	pathogenic
P31749	D434E	0.9904	pathogenic
P31749	D434F	0.9998	pathogenic
P31749	D434G	0.9954	pathogenic
P31749	D434H	0.9985	pathogenic
P31749	D434I	0.9996	pathogenic
P31749	D434K	0.9993	pathogenic
P31749	D434L	0.9991	pathogenic
P31749	D434M	0.9998	pathogenic
P31749	D434N	0.98	pathogenic
P31749	D434P	0.9996	pathogenic
P31749	D434Q	0.9989	pathogenic
P31749	D434R	0.999	pathogenic
P31749	D434S	0.9875	pathogenic
P31749	D434T	0.9985	pathogenic
P31749	D434V	0.9977	pathogenic
P31749	D434W	0.9999	pathogenic
P31749	D434Y	0.9972	pathogenic
P31749	T435A	0.6204	pathogenic
P31749	T435C	0.8047	pathogenic
P31749	T435D	0.9906	pathogenic
P31749	T435E	0.9884	pathogenic
P31749	T435F	0.9762	pathogenic
P31749	T435G	0.9073	pathogenic
P31749	T435H	0.981	pathogenic
P31749	T435I	0.7663	pathogenic
P31749	T435K	0.9778	pathogenic
P31749	T435L	0.5808	pathogenic
P31749	T435M	0.6278	pathogenic
P31749	T435N	0.9335	pathogenic
P31749	T435P	0.9217	pathogenic
P31749	T435Q	0.9705	pathogenic
P31749	T435R	0.9619	pathogenic
P31749	T435S	0.7878	pathogenic
P31749	T435V	0.432	ambiguous
P31749	T435W	0.9946	pathogenic
P31749	T435Y	0.9873	pathogenic
P31749	R436A	0.7749	pathogenic
P31749	R436C	0.4561	ambiguous
P31749	R436D	0.965	pathogenic
P31749	R436E	0.8565	pathogenic
P31749	R436F	0.9642	pathogenic
P31749	R436G	0.7004	pathogenic
P31749	R436H	0.3568	ambiguous
P31749	R436I	0.8992	pathogenic
P31749	R436K	0.3529	ambiguous
P31749	R436L	0.7991	pathogenic
P31749	R436M	0.8689	pathogenic
P31749	R436N	0.924	pathogenic
P31749	R436P	0.9946	pathogenic
P31749	R436Q	0.2783	benign
P31749	R436S	0.7595	pathogenic
P31749	R436T	0.749	pathogenic
P31749	R436V	0.8859	pathogenic
P31749	R436W	0.7947	pathogenic
P31749	R436Y	0.8844	pathogenic
P31749	Y437A	0.9901	pathogenic
P31749	Y437C	0.832	pathogenic
P31749	Y437D	0.9874	pathogenic
P31749	Y437E	0.9981	pathogenic
P31749	Y437F	0.378	ambiguous
P31749	Y437G	0.9754	pathogenic
P31749	Y437H	0.9377	pathogenic
P31749	Y437I	0.9904	pathogenic
P31749	Y437K	0.999	pathogenic
P31749	Y437L	0.9575	pathogenic
P31749	Y437M	0.9834	pathogenic
P31749	Y437N	0.6904	pathogenic
P31749	Y437P	0.9963	pathogenic
P31749	Y437Q	0.9957	pathogenic
P31749	Y437R	0.9949	pathogenic
P31749	Y437S	0.9467	pathogenic
P31749	Y437T	0.9931	pathogenic
P31749	Y437V	0.9763	pathogenic
P31749	Y437W	0.9112	pathogenic
P31749	F438A	0.9969	pathogenic
P31749	F438C	0.9966	pathogenic
P31749	F438D	0.9994	pathogenic
P31749	F438E	0.999	pathogenic
P31749	F438G	0.9989	pathogenic
P31749	F438H	0.9969	pathogenic
P31749	F438I	0.9597	pathogenic
P31749	F438K	0.999	pathogenic
P31749	F438L	0.9992	pathogenic
P31749	F438M	0.9913	pathogenic
P31749	F438N	0.9987	pathogenic
P31749	F438P	0.9998	pathogenic
P31749	F438Q	0.9981	pathogenic
P31749	F438R	0.9949	pathogenic
P31749	F438S	0.9981	pathogenic
P31749	F438T	0.9971	pathogenic
P31749	F438V	0.9692	pathogenic
P31749	F438W	0.9786	pathogenic
P31749	F438Y	0.9407	pathogenic
P31749	D439A	0.9332	pathogenic
P31749	D439C	0.9925	pathogenic
P31749	D439E	0.9499	pathogenic
P31749	D439F	0.9974	pathogenic
P31749	D439G	0.9764	pathogenic
P31749	D439H	0.982	pathogenic
P31749	D439I	0.9976	pathogenic
P31749	D439K	0.9961	pathogenic
P31749	D439L	0.9871	pathogenic
P31749	D439M	0.9979	pathogenic
P31749	D439N	0.96	pathogenic
P31749	D439P	0.9817	pathogenic
P31749	D439Q	0.9899	pathogenic
P31749	D439R	0.9893	pathogenic
P31749	D439S	0.905	pathogenic
P31749	D439T	0.989	pathogenic
P31749	D439V	0.9891	pathogenic
P31749	D439W	0.998	pathogenic
P31749	D439Y	0.9824	pathogenic
P31749	E440A	0.251	benign
P31749	E440C	0.9071	pathogenic
P31749	E440D	0.1138	benign
P31749	E440F	0.9237	pathogenic
P31749	E440G	0.3261	benign
P31749	E440H	0.6292	pathogenic
P31749	E440I	0.6639	pathogenic
P31749	E440K	0.3139	benign
P31749	E440L	0.6525	pathogenic
P31749	E440M	0.6746	pathogenic
P31749	E440N	0.3907	ambiguous
P31749	E440P	0.5989	pathogenic
P31749	E440Q	0.2323	benign
P31749	E440R	0.4134	ambiguous
P31749	E440S	0.2683	benign
P31749	E440T	0.3804	ambiguous
P31749	E440V	0.4317	ambiguous
P31749	E440W	0.9624	pathogenic
P31749	E440Y	0.8386	pathogenic
P31749	E441A	0.7178	pathogenic
P31749	E441C	0.9807	pathogenic
P31749	E441D	0.4688	ambiguous
P31749	E441F	0.9824	pathogenic
P31749	E441G	0.8423	pathogenic
P31749	E441H	0.967	pathogenic
P31749	E441I	0.882	pathogenic
P31749	E441K	0.9184	pathogenic
P31749	E441L	0.9359	pathogenic
P31749	E441M	0.909	pathogenic
P31749	E441N	0.8866	pathogenic
P31749	E441P	0.987	pathogenic
P31749	E441Q	0.7399	pathogenic
P31749	E441R	0.904	pathogenic
P31749	E441S	0.8439	pathogenic
P31749	E441T	0.8222	pathogenic
P31749	E441V	0.7364	pathogenic
P31749	E441W	0.9957	pathogenic
P31749	E441Y	0.9612	pathogenic
P31749	F442A	0.9992	pathogenic
P31749	F442C	0.9993	pathogenic
P31749	F442D	0.9985	pathogenic
P31749	F442E	0.9987	pathogenic
P31749	F442G	0.9993	pathogenic
P31749	F442H	0.9978	pathogenic
P31749	F442I	0.9981	pathogenic
P31749	F442K	0.9995	pathogenic
P31749	F442L	0.9999	pathogenic
P31749	F442M	0.9979	pathogenic
P31749	F442N	0.9975	pathogenic
P31749	F442P	1.0	pathogenic
P31749	F442Q	0.9993	pathogenic
P31749	F442R	0.9987	pathogenic
P31749	F442S	0.9996	pathogenic
P31749	F442T	0.9995	pathogenic
P31749	F442V	0.9983	pathogenic
P31749	F442W	0.9873	pathogenic
P31749	F442Y	0.8941	pathogenic
P31749	T443A	0.843	pathogenic
P31749	T443C	0.9567	pathogenic
P31749	T443D	0.995	pathogenic
P31749	T443E	0.9893	pathogenic
P31749	T443F	0.9943	pathogenic
P31749	T443G	0.9471	pathogenic
P31749	T443H	0.9838	pathogenic
P31749	T443I	0.9575	pathogenic
P31749	T443K	0.9549	pathogenic
P31749	T443L	0.7776	pathogenic
P31749	T443M	0.8299	pathogenic
P31749	T443N	0.9703	pathogenic
P31749	T443P	0.9618	pathogenic
P31749	T443Q	0.9472	pathogenic
P31749	T443R	0.9313	pathogenic
P31749	T443S	0.8868	pathogenic
P31749	T443V	0.8418	pathogenic
P31749	T443W	0.9973	pathogenic
P31749	T443Y	0.9962	pathogenic
P31749	A444C	0.4384	ambiguous
P31749	A444D	0.5128	ambiguous
P31749	A444E	0.4305	ambiguous
P31749	A444F	0.6339	pathogenic
P31749	A444G	0.1019	benign
P31749	A444H	0.5182	ambiguous
P31749	A444I	0.6066	pathogenic
P31749	A444K	0.5996	pathogenic
P31749	A444L	0.3015	benign
P31749	A444M	0.3448	ambiguous
P31749	A444N	0.2706	benign
P31749	A444P	0.9631	pathogenic
P31749	A444Q	0.3174	benign
P31749	A444R	0.4687	ambiguous
P31749	A444S	0.0779	benign
P31749	A444T	0.145	benign
P31749	A444V	0.3235	benign
P31749	A444W	0.89	pathogenic
P31749	A444Y	0.6792	pathogenic
P31749	Q445A	0.4181	ambiguous
P31749	Q445C	0.8813	pathogenic
P31749	Q445D	0.7709	pathogenic
P31749	Q445E	0.1554	benign
P31749	Q445F	0.9721	pathogenic
P31749	Q445G	0.4853	ambiguous
P31749	Q445H	0.6174	pathogenic
P31749	Q445I	0.8986	pathogenic
P31749	Q445K	0.3285	benign
P31749	Q445L	0.4559	ambiguous
P31749	Q445M	0.6494	pathogenic
P31749	Q445N	0.5905	pathogenic
P31749	Q445P	0.8165	pathogenic
P31749	Q445R	0.347	ambiguous
P31749	Q445S	0.4805	ambiguous
P31749	Q445T	0.5259	ambiguous
P31749	Q445V	0.7202	pathogenic
P31749	Q445W	0.96	pathogenic
P31749	Q445Y	0.9212	pathogenic
P31749	M446A	0.1218	benign
P31749	M446C	0.4129	ambiguous
P31749	M446D	0.4077	ambiguous
P31749	M446E	0.2738	benign
P31749	M446F	0.3582	ambiguous
P31749	M446G	0.2729	benign
P31749	M446H	0.2643	benign
P31749	M446I	0.1971	benign
P31749	M446K	0.1409	benign
P31749	M446L	0.1036	benign
P31749	M446N	0.161	benign
P31749	M446P	0.2727	benign
P31749	M446Q	0.1583	benign
P31749	M446R	0.1637	benign
P31749	M446S	0.1363	benign
P31749	M446T	0.068	benign
P31749	M446V	0.0794	benign
P31749	M446W	0.5665	pathogenic
P31749	M446Y	0.4561	ambiguous
P31749	I447A	0.9375	pathogenic
P31749	I447C	0.9672	pathogenic
P31749	I447D	0.9949	pathogenic
P31749	I447E	0.9899	pathogenic
P31749	I447F	0.8489	pathogenic
P31749	I447G	0.9903	pathogenic
P31749	I447H	0.9915	pathogenic
P31749	I447K	0.9842	pathogenic
P31749	I447L	0.4772	ambiguous
P31749	I447M	0.4772	ambiguous
P31749	I447N	0.9538	pathogenic
P31749	I447P	0.8901	pathogenic
P31749	I447Q	0.9856	pathogenic
P31749	I447R	0.9771	pathogenic
P31749	I447S	0.9677	pathogenic
P31749	I447T	0.9557	pathogenic
P31749	I447V	0.2238	benign
P31749	I447W	0.9921	pathogenic
P31749	I447Y	0.9727	pathogenic
P31749	T448A	0.1091	benign
P31749	T448C	0.3667	ambiguous
P31749	T448D	0.507	ambiguous
P31749	T448E	0.402	ambiguous
P31749	T448F	0.5215	ambiguous
P31749	T448G	0.3243	benign
P31749	T448H	0.288	benign
P31749	T448I	0.416	ambiguous
P31749	T448K	0.3171	benign
P31749	T448L	0.2239	benign
P31749	T448M	0.1513	benign
P31749	T448N	0.1722	benign
P31749	T448P	0.4812	ambiguous
P31749	T448Q	0.2482	benign
P31749	T448R	0.2636	benign
P31749	T448S	0.1276	benign
P31749	T448V	0.2354	benign
P31749	T448W	0.7846	pathogenic
P31749	T448Y	0.5119	ambiguous
P31749	I449A	0.8743	pathogenic
P31749	I449C	0.9124	pathogenic
P31749	I449D	0.9888	pathogenic
P31749	I449E	0.9805	pathogenic
P31749	I449F	0.528	ambiguous
P31749	I449G	0.9794	pathogenic
P31749	I449H	0.9743	pathogenic
P31749	I449K	0.9732	pathogenic
P31749	I449L	0.1787	benign
P31749	I449M	0.2921	benign
P31749	I449N	0.9432	pathogenic
P31749	I449P	0.9489	pathogenic
P31749	I449Q	0.9708	pathogenic
P31749	I449R	0.9583	pathogenic
P31749	I449S	0.9377	pathogenic
P31749	I449T	0.8909	pathogenic
P31749	I449V	0.0686	benign
P31749	I449W	0.9743	pathogenic
P31749	I449Y	0.9196	pathogenic
P31749	T450A	0.9315	pathogenic
P31749	T450C	0.9927	pathogenic
P31749	T450D	0.9886	pathogenic
P31749	T450E	0.9882	pathogenic
P31749	T450F	0.9858	pathogenic
P31749	T450G	0.96	pathogenic
P31749	T450H	0.9714	pathogenic
P31749	T450I	0.9868	pathogenic
P31749	T450K	0.9862	pathogenic
P31749	T450L	0.9307	pathogenic
P31749	T450M	0.9245	pathogenic
P31749	T450N	0.9472	pathogenic
P31749	T450P	0.9013	pathogenic
P31749	T450Q	0.979	pathogenic
P31749	T450R	0.9847	pathogenic
P31749	T450S	0.7092	pathogenic
P31749	T450V	0.9626	pathogenic
P31749	T450W	0.9966	pathogenic
P31749	T450Y	0.9907	pathogenic
P31749	P451A	0.8555	pathogenic
P31749	P451C	0.9896	pathogenic
P31749	P451D	0.9937	pathogenic
P31749	P451E	0.9841	pathogenic
P31749	P451F	0.995	pathogenic
P31749	P451G	0.9721	pathogenic
P31749	P451H	0.9738	pathogenic
P31749	P451I	0.9803	pathogenic
P31749	P451K	0.9825	pathogenic
P31749	P451L	0.916	pathogenic
P31749	P451M	0.9839	pathogenic
P31749	P451N	0.9906	pathogenic
P31749	P451Q	0.9719	pathogenic
P31749	P451R	0.9504	pathogenic
P31749	P451S	0.9588	pathogenic
P31749	P451T	0.9571	pathogenic
P31749	P451V	0.9507	pathogenic
P31749	P451W	0.9979	pathogenic
P31749	P451Y	0.9934	pathogenic
P31749	P452A	0.3258	benign
P31749	P452C	0.8872	pathogenic
P31749	P452D	0.9117	pathogenic
P31749	P452E	0.8024	pathogenic
P31749	P452F	0.9543	pathogenic
P31749	P452G	0.7194	pathogenic
P31749	P452H	0.7788	pathogenic
P31749	P452I	0.8572	pathogenic
P31749	P452K	0.8345	pathogenic
P31749	P452L	0.5922	pathogenic
P31749	P452M	0.8346	pathogenic
P31749	P452N	0.8709	pathogenic
P31749	P452Q	0.6975	pathogenic
P31749	P452R	0.6881	pathogenic
P31749	P452S	0.5555	ambiguous
P31749	P452T	0.5141	ambiguous
P31749	P452V	0.6743	pathogenic
P31749	P452W	0.9713	pathogenic
P31749	P452Y	0.9462	pathogenic
P31749	D453A	0.1085	benign
P31749	D453C	0.3109	benign
P31749	D453E	0.0999	benign
P31749	D453F	0.4541	ambiguous
P31749	D453G	0.0847	benign
P31749	D453H	0.2279	benign
P31749	D453I	0.2583	benign
P31749	D453K	0.3452	ambiguous
P31749	D453L	0.2433	benign
P31749	D453M	0.4353	ambiguous
P31749	D453N	0.1054	benign
P31749	D453P	0.3572	ambiguous
P31749	D453Q	0.2075	benign
P31749	D453R	0.3115	benign
P31749	D453S	0.0908	benign
P31749	D453T	0.1657	benign
P31749	D453V	0.1529	benign
P31749	D453W	0.7166	pathogenic
P31749	D453Y	0.221	benign
P31749	Q454A	0.1168	benign
P31749	Q454C	0.2887	benign
P31749	Q454D	0.1728	benign
P31749	Q454E	0.0748	benign
P31749	Q454F	0.4171	ambiguous
P31749	Q454G	0.1199	benign
P31749	Q454H	0.0996	benign
P31749	Q454I	0.2385	benign
P31749	Q454K	0.067	benign
P31749	Q454L	0.1096	benign
P31749	Q454M	0.2338	benign
P31749	Q454N	0.1558	benign
P31749	Q454P	0.0966	benign
P31749	Q454R	0.068	benign
P31749	Q454S	0.1264	benign
P31749	Q454T	0.1118	benign
P31749	Q454V	0.1555	benign
P31749	Q454W	0.3087	benign
P31749	Q454Y	0.241	benign
P31749	D455A	0.0977	benign
P31749	D455C	0.2369	benign
P31749	D455E	0.0787	benign
P31749	D455F	0.2697	benign
P31749	D455G	0.0729	benign
P31749	D455H	0.1565	benign
P31749	D455I	0.1953	benign
P31749	D455K	0.209	benign
P31749	D455L	0.1945	benign
P31749	D455M	0.3003	benign
P31749	D455N	0.0919	benign
P31749	D455P	0.2936	benign
P31749	D455Q	0.1544	benign
P31749	D455R	0.2059	benign
P31749	D455S	0.0914	benign
P31749	D455T	0.1239	benign
P31749	D455V	0.1185	benign
P31749	D455W	0.5292	ambiguous
P31749	D455Y	0.1166	benign
P31749	D456A	0.1086	benign
P31749	D456C	0.2636	benign
P31749	D456E	0.0939	benign
P31749	D456F	0.3123	benign
P31749	D456G	0.0886	benign
P31749	D456H	0.16	benign
P31749	D456I	0.1992	benign
P31749	D456K	0.2343	benign
P31749	D456L	0.2241	benign
P31749	D456M	0.3495	ambiguous
P31749	D456N	0.088	benign
P31749	D456P	0.34	benign
P31749	D456Q	0.1738	benign
P31749	D456R	0.2143	benign
P31749	D456S	0.0877	benign
P31749	D456T	0.1292	benign
P31749	D456V	0.1354	benign
P31749	D456W	0.6052	pathogenic
P31749	D456Y	0.1449	benign
P31749	S457A	0.0714	benign
P31749	S457C	0.0669	benign
P31749	S457D	0.1237	benign
P31749	S457E	0.1991	benign
P31749	S457F	0.1523	benign
P31749	S457G	0.0603	benign
P31749	S457H	0.1199	benign
P31749	S457I	0.1017	benign
P31749	S457K	0.2479	benign
P31749	S457L	0.1018	benign
P31749	S457M	0.1473	benign
P31749	S457N	0.066	benign
P31749	S457P	0.1184	benign
P31749	S457Q	0.1999	benign
P31749	S457R	0.209	benign
P31749	S457T	0.0649	benign
P31749	S457V	0.099	benign
P31749	S457W	0.227	benign
P31749	S457Y	0.1143	benign
P31749	M458A	0.1103	benign
P31749	M458C	0.3455	ambiguous
P31749	M458D	0.3003	benign
P31749	M458E	0.17	benign
P31749	M458F	0.154	benign
P31749	M458G	0.1668	benign
P31749	M458H	0.202	benign
P31749	M458I	0.1444	benign
P31749	M458K	0.1074	benign
P31749	M458L	0.0736	benign
P31749	M458N	0.2088	benign
P31749	M458P	0.1557	benign
P31749	M458Q	0.1157	benign
P31749	M458R	0.0944	benign
P31749	M458S	0.1314	benign
P31749	M458T	0.0811	benign
P31749	M458V	0.0599	benign
P31749	M458W	0.252	benign
P31749	M458Y	0.2781	benign
P31749	E459A	0.1037	benign
P31749	E459C	0.4896	ambiguous
P31749	E459D	0.0596	benign
P31749	E459F	0.4378	ambiguous
P31749	E459G	0.0888	benign
P31749	E459H	0.2451	benign
P31749	E459I	0.2421	benign
P31749	E459K	0.1752	benign
P31749	E459L	0.223	benign
P31749	E459M	0.3272	benign
P31749	E459N	0.1335	benign
P31749	E459P	0.2362	benign
P31749	E459Q	0.1158	benign
P31749	E459R	0.2132	benign
P31749	E459S	0.1174	benign
P31749	E459T	0.1474	benign
P31749	E459V	0.1496	benign
P31749	E459W	0.6717	pathogenic
P31749	E459Y	0.3272	benign
P31749	C460A	0.0756	benign
P31749	C460D	0.0932	benign
P31749	C460E	0.1704	benign
P31749	C460F	0.0721	benign
P31749	C460G	0.0503	benign
P31749	C460H	0.1141	benign
P31749	C460I	0.1184	benign
P31749	C460K	0.2077	benign
P31749	C460L	0.1249	benign
P31749	C460M	0.1722	benign
P31749	C460N	0.0816	benign
P31749	C460P	0.1527	benign
P31749	C460Q	0.1471	benign
P31749	C460R	0.1199	benign
P31749	C460S	0.0652	benign
P31749	C460T	0.0828	benign
P31749	C460V	0.1039	benign
P31749	C460W	0.1293	benign
P31749	C460Y	0.0727	benign
P31749	V461A	0.074	benign
P31749	V461C	0.247	benign
P31749	V461D	0.1046	benign
P31749	V461E	0.0997	benign
P31749	V461F	0.0708	benign
P31749	V461G	0.0732	benign
P31749	V461H	0.1632	benign
P31749	V461I	0.0684	benign
P31749	V461K	0.1331	benign
P31749	V461L	0.0766	benign
P31749	V461M	0.0737	benign
P31749	V461N	0.0984	benign
P31749	V461P	0.1167	benign
P31749	V461Q	0.1049	benign
P31749	V461R	0.1154	benign
P31749	V461S	0.077	benign
P31749	V461T	0.0783	benign
P31749	V461W	0.2763	benign
P31749	V461Y	0.1956	benign
P31749	D462A	0.2014	benign
P31749	D462C	0.562	ambiguous
P31749	D462E	0.1343	benign
P31749	D462F	0.5432	ambiguous
P31749	D462G	0.1728	benign
P31749	D462H	0.3423	ambiguous
P31749	D462I	0.4119	ambiguous
P31749	D462K	0.538	ambiguous
P31749	D462L	0.393	ambiguous
P31749	D462M	0.6111	pathogenic
P31749	D462N	0.1441	benign
P31749	D462P	0.4712	ambiguous
P31749	D462Q	0.3682	ambiguous
P31749	D462R	0.4921	ambiguous
P31749	D462S	0.1496	benign
P31749	D462T	0.272	benign
P31749	D462V	0.2552	benign
P31749	D462W	0.8486	pathogenic
P31749	D462Y	0.291	benign
P31749	S463A	0.0743	benign
P31749	S463C	0.081	benign
P31749	S463D	0.1686	benign
P31749	S463E	0.2564	benign
P31749	S463F	0.1961	benign
P31749	S463G	0.0609	benign
P31749	S463H	0.1826	benign
P31749	S463I	0.1345	benign
P31749	S463K	0.3851	ambiguous
P31749	S463L	0.1049	benign
P31749	S463M	0.158	benign
P31749	S463N	0.0741	benign
P31749	S463P	0.1121	benign
P31749	S463Q	0.2709	benign
P31749	S463R	0.3365	benign
P31749	S463T	0.0685	benign
P31749	S463V	0.1236	benign
P31749	S463W	0.2641	benign
P31749	S463Y	0.1566	benign
P31749	E464A	0.247	benign
P31749	E464C	0.768	pathogenic
P31749	E464D	0.0814	benign
P31749	E464F	0.7303	pathogenic
P31749	E464G	0.1786	benign
P31749	E464H	0.447	ambiguous
P31749	E464I	0.4686	ambiguous
P31749	E464K	0.2788	benign
P31749	E464L	0.4455	ambiguous
P31749	E464M	0.57	pathogenic
P31749	E464N	0.2548	benign
P31749	E464P	0.486	ambiguous
P31749	E464Q	0.1783	benign
P31749	E464R	0.3462	ambiguous
P31749	E464S	0.2092	benign
P31749	E464T	0.3074	benign
P31749	E464V	0.3093	benign
P31749	E464W	0.8781	pathogenic
P31749	E464Y	0.6123	pathogenic
P31749	R465A	0.2653	benign
P31749	R465C	0.1907	benign
P31749	R465D	0.3546	ambiguous
P31749	R465E	0.1958	benign
P31749	R465F	0.4882	ambiguous
P31749	R465G	0.1428	benign
P31749	R465H	0.1183	benign
P31749	R465I	0.2536	benign
P31749	R465K	0.0922	benign
P31749	R465L	0.2122	benign
P31749	R465M	0.2447	benign
P31749	R465N	0.3607	ambiguous
P31749	R465P	0.2806	benign
P31749	R465Q	0.0889	benign
P31749	R465S	0.3064	benign
P31749	R465T	0.1838	benign
P31749	R465V	0.2697	benign
P31749	R465W	0.2387	benign
P31749	R465Y	0.3613	ambiguous
P31749	R466A	0.445	ambiguous
P31749	R466C	0.2458	benign
P31749	R466D	0.6425	pathogenic
P31749	R466E	0.3748	ambiguous
P31749	R466F	0.6012	pathogenic
P31749	R466G	0.2766	benign
P31749	R466H	0.1624	benign
P31749	R466I	0.3556	ambiguous
P31749	R466K	0.1303	benign
P31749	R466L	0.2589	benign
P31749	R466M	0.3827	ambiguous
P31749	R466N	0.6359	pathogenic
P31749	R466P	0.3592	ambiguous
P31749	R466Q	0.1258	benign
P31749	R466S	0.5476	ambiguous
P31749	R466T	0.3598	ambiguous
P31749	R466V	0.3786	ambiguous
P31749	R466W	0.3045	benign
P31749	R466Y	0.4727	ambiguous
P31749	P467A	0.1463	benign
P31749	P467C	0.6162	pathogenic
P31749	P467D	0.6275	pathogenic
P31749	P467E	0.4041	ambiguous
P31749	P467F	0.7401	pathogenic
P31749	P467G	0.414	ambiguous
P31749	P467H	0.3647	ambiguous
P31749	P467I	0.5129	ambiguous
P31749	P467K	0.5735	pathogenic
P31749	P467L	0.2691	benign
P31749	P467M	0.4882	ambiguous
P31749	P467N	0.4852	ambiguous
P31749	P467Q	0.2662	benign
P31749	P467R	0.3972	ambiguous
P31749	P467S	0.2412	benign
P31749	P467T	0.1984	benign
P31749	P467V	0.3249	benign
P31749	P467W	0.8312	pathogenic
P31749	P467Y	0.6914	pathogenic
P31749	H468A	0.4488	ambiguous
P31749	H468C	0.2781	benign
P31749	H468D	0.5818	pathogenic
P31749	H468E	0.6538	pathogenic
P31749	H468F	0.3894	ambiguous
P31749	H468G	0.5776	pathogenic
P31749	H468I	0.4678	ambiguous
P31749	H468K	0.7014	pathogenic
P31749	H468L	0.1912	benign
P31749	H468M	0.6121	pathogenic
P31749	H468N	0.2506	benign
P31749	H468P	0.2431	benign
P31749	H468Q	0.4545	ambiguous
P31749	H468R	0.3888	ambiguous
P31749	H468S	0.3967	ambiguous
P31749	H468T	0.5419	ambiguous
P31749	H468V	0.369	ambiguous
P31749	H468W	0.5716	pathogenic
P31749	H468Y	0.1595	benign
P31749	F469A	0.9978	pathogenic
P31749	F469C	0.9989	pathogenic
P31749	F469D	0.998	pathogenic
P31749	F469E	0.9981	pathogenic
P31749	F469G	0.9974	pathogenic
P31749	F469H	0.9953	pathogenic
P31749	F469I	0.992	pathogenic
P31749	F469K	0.9986	pathogenic
P31749	F469L	0.9992	pathogenic
P31749	F469M	0.9976	pathogenic
P31749	F469N	0.9974	pathogenic
P31749	F469P	0.9995	pathogenic
P31749	F469Q	0.9978	pathogenic
P31749	F469R	0.9952	pathogenic
P31749	F469S	0.998	pathogenic
P31749	F469T	0.9984	pathogenic
P31749	F469V	0.9947	pathogenic
P31749	F469W	0.9829	pathogenic
P31749	F469Y	0.9382	pathogenic
P31749	P470A	0.2409	benign
P31749	P470C	0.8072	pathogenic
P31749	P470D	0.7697	pathogenic
P31749	P470E	0.5124	ambiguous
P31749	P470F	0.8995	pathogenic
P31749	P470G	0.5947	pathogenic
P31749	P470H	0.4685	ambiguous
P31749	P470I	0.7894	pathogenic
P31749	P470K	0.6723	pathogenic
P31749	P470L	0.4658	ambiguous
P31749	P470M	0.7549	pathogenic
P31749	P470N	0.6868	pathogenic
P31749	P470Q	0.3275	benign
P31749	P470R	0.4688	ambiguous
P31749	P470S	0.3239	benign
P31749	P470T	0.3581	ambiguous
P31749	P470V	0.6008	pathogenic
P31749	P470W	0.9218	pathogenic
P31749	P470Y	0.8542	pathogenic
P31749	Q471A	0.3035	benign
P31749	Q471C	0.8796	pathogenic
P31749	Q471D	0.6545	pathogenic
P31749	Q471E	0.2288	benign
P31749	Q471F	0.8931	pathogenic
P31749	Q471G	0.3751	ambiguous
P31749	Q471H	0.5851	pathogenic
P31749	Q471I	0.7595	pathogenic
P31749	Q471K	0.347	ambiguous
P31749	Q471L	0.3806	ambiguous
P31749	Q471M	0.5813	pathogenic
P31749	Q471N	0.5047	ambiguous
P31749	Q471P	0.3695	ambiguous
P31749	Q471R	0.3584	ambiguous
P31749	Q471S	0.3326	benign
P31749	Q471T	0.4237	ambiguous
P31749	Q471V	0.5381	ambiguous
P31749	Q471W	0.9292	pathogenic
P31749	Q471Y	0.8262	pathogenic
P31749	F472A	0.9984	pathogenic
P31749	F472C	0.9991	pathogenic
P31749	F472D	0.9988	pathogenic
P31749	F472E	0.9987	pathogenic
P31749	F472G	0.9977	pathogenic
P31749	F472H	0.9979	pathogenic
P31749	F472I	0.9958	pathogenic
P31749	F472K	0.9992	pathogenic
P31749	F472L	0.9997	pathogenic
P31749	F472M	0.9976	pathogenic
P31749	F472N	0.9984	pathogenic
P31749	F472P	0.9999	pathogenic
P31749	F472Q	0.9989	pathogenic
P31749	F472R	0.9979	pathogenic
P31749	F472S	0.9993	pathogenic
P31749	F472T	0.9993	pathogenic
P31749	F472V	0.9955	pathogenic
P31749	F472W	0.9829	pathogenic
P31749	F472Y	0.9134	pathogenic
P31749	S473A	0.6693	pathogenic
P31749	S473C	0.8519	pathogenic
P31749	S473D	0.9534	pathogenic
P31749	S473E	0.9853	pathogenic
P31749	S473F	0.9752	pathogenic
P31749	S473G	0.7519	pathogenic
P31749	S473H	0.9506	pathogenic
P31749	S473I	0.9835	pathogenic
P31749	S473K	0.9972	pathogenic
P31749	S473L	0.9471	pathogenic
P31749	S473M	0.9714	pathogenic
P31749	S473N	0.9099	pathogenic
P31749	S473P	0.986	pathogenic
P31749	S473Q	0.9713	pathogenic
P31749	S473R	0.9931	pathogenic
P31749	S473T	0.4293	ambiguous
P31749	S473V	0.9705	pathogenic
P31749	S473W	0.9725	pathogenic
P31749	S473Y	0.959	pathogenic
P31749	Y474A	0.9882	pathogenic
P31749	Y474C	0.8996	pathogenic
P31749	Y474D	0.9919	pathogenic
P31749	Y474E	0.9976	pathogenic
P31749	Y474F	0.1591	benign
P31749	Y474G	0.9699	pathogenic
P31749	Y474H	0.9445	pathogenic
P31749	Y474I	0.9823	pathogenic
P31749	Y474K	0.9959	pathogenic
P31749	Y474L	0.9654	pathogenic
P31749	Y474M	0.9886	pathogenic
P31749	Y474N	0.9766	pathogenic
P31749	Y474P	0.9971	pathogenic
P31749	Y474Q	0.9958	pathogenic
P31749	Y474R	0.9843	pathogenic
P31749	Y474S	0.96	pathogenic
P31749	Y474T	0.99	pathogenic
P31749	Y474V	0.9513	pathogenic
P31749	Y474W	0.7301	pathogenic
P31749	S475A	0.1168	benign
P31749	S475C	0.1224	benign
P31749	S475D	0.8031	pathogenic
P31749	S475E	0.7555	pathogenic
P31749	S475F	0.3952	ambiguous
P31749	S475G	0.2351	benign
P31749	S475H	0.5019	ambiguous
P31749	S475I	0.372	ambiguous
P31749	S475K	0.8874	pathogenic
P31749	S475L	0.2355	benign
P31749	S475M	0.3412	ambiguous
P31749	S475N	0.4154	ambiguous
P31749	S475P	0.8763	pathogenic
P31749	S475Q	0.6058	pathogenic
P31749	S475R	0.7969	pathogenic
P31749	S475T	0.1428	benign
P31749	S475V	0.2937	benign
P31749	S475W	0.5771	pathogenic
P31749	S475Y	0.3699	ambiguous
P31749	A476C	0.7008	pathogenic
P31749	A476D	0.6845	pathogenic
P31749	A476E	0.6915	pathogenic
P31749	A476F	0.6292	pathogenic
P31749	A476G	0.2208	benign
P31749	A476H	0.7585	pathogenic
P31749	A476I	0.8011	pathogenic
P31749	A476K	0.8548	pathogenic
P31749	A476L	0.5421	ambiguous
P31749	A476M	0.7806	pathogenic
P31749	A476N	0.6343	pathogenic
P31749	A476P	0.5004	ambiguous
P31749	A476Q	0.635	pathogenic
P31749	A476R	0.6755	pathogenic
P31749	A476S	0.1754	benign
P31749	A476T	0.4768	ambiguous
P31749	A476V	0.5866	pathogenic
P31749	A476W	0.9184	pathogenic
P31749	A476Y	0.7465	pathogenic
P31749	S477A	0.1195	benign
P31749	S477C	0.2513	benign
P31749	S477D	0.6646	pathogenic
P31749	S477E	0.6915	pathogenic
P31749	S477F	0.4993	ambiguous
P31749	S477G	0.1684	benign
P31749	S477H	0.6868	pathogenic
P31749	S477I	0.5405	ambiguous
P31749	S477K	0.8942	pathogenic
P31749	S477L	0.3096	benign
P31749	S477M	0.4673	ambiguous
P31749	S477N	0.4652	ambiguous
P31749	S477P	0.3736	ambiguous
P31749	S477Q	0.7266	pathogenic
P31749	S477R	0.8549	pathogenic
P31749	S477T	0.1531	benign
P31749	S477V	0.412	ambiguous
P31749	S477W	0.6337	pathogenic
P31749	S477Y	0.5257	ambiguous
P31749	G478A	0.1499	benign
P31749	G478C	0.275	benign
P31749	G478D	0.3836	ambiguous
P31749	G478E	0.4013	ambiguous
P31749	G478F	0.6221	pathogenic
P31749	G478H	0.5474	ambiguous
P31749	G478I	0.4186	ambiguous
P31749	G478K	0.6985	pathogenic
P31749	G478L	0.5068	ambiguous
P31749	G478M	0.5872	pathogenic
P31749	G478N	0.3767	ambiguous
P31749	G478P	0.6649	pathogenic
P31749	G478Q	0.5048	ambiguous
P31749	G478R	0.5513	ambiguous
P31749	G478S	0.1307	benign
P31749	G478T	0.2138	benign
P31749	G478V	0.2698	benign
P31749	G478W	0.6208	pathogenic
P31749	G478Y	0.5889	pathogenic
P31749	T479A	0.0637	benign
P31749	T479C	0.2047	benign
P31749	T479D	0.2143	benign
P31749	T479E	0.2039	benign
P31749	T479F	0.1636	benign
P31749	T479G	0.1098	benign
P31749	T479H	0.162	benign
P31749	T479I	0.1574	benign
P31749	T479K	0.2148	benign
P31749	T479L	0.0954	benign
P31749	T479M	0.0978	benign
P31749	T479N	0.0805	benign
P31749	T479P	0.0795	benign
P31749	T479Q	0.153	benign
P31749	T479R	0.1628	benign
P31749	T479S	0.0723	benign
P31749	T479V	0.1216	benign
P31749	T479W	0.391	ambiguous
P31749	T479Y	0.1962	benign
P31749	A480C	0.2394	benign
P31749	A480D	0.3139	benign
P31749	A480E	0.2651	benign
P31749	A480F	0.3111	benign
P31749	A480G	0.1131	benign
P31749	A480H	0.4067	ambiguous
P31749	A480I	0.2461	benign
P31749	A480K	0.4226	ambiguous
P31749	A480L	0.1643	benign
P31749	A480M	0.2213	benign
P31749	A480N	0.2354	benign
P31749	A480P	0.168	benign
P31749	A480Q	0.2558	benign
P31749	A480R	0.3893	ambiguous
P31749	A480S	0.076	benign
P31749	A480T	0.0987	benign
P31749	A480V	0.1259	benign
P31749	A480W	0.6353	pathogenic
P31749	A480Y	0.4203	ambiguous
