P48065	M1A	0.1777	benign
P48065	M1C	0.223	benign
P48065	M1D	0.4527	ambiguous
P48065	M1E	0.2328	benign
P48065	M1F	0.1732	benign
P48065	M1G	0.2808	benign
P48065	M1H	0.2925	benign
P48065	M1I	0.2209	benign
P48065	M1K	0.1365	benign
P48065	M1L	0.1085	benign
P48065	M1N	0.333	benign
P48065	M1P	0.3291	benign
P48065	M1Q	0.1208	benign
P48065	M1R	0.1124	benign
P48065	M1S	0.2249	benign
P48065	M1T	0.1427	benign
P48065	M1V	0.0738	benign
P48065	M1W	0.2625	benign
P48065	M1Y	0.3338	benign
P48065	D2A	0.0962	benign
P48065	D2C	0.3464	ambiguous
P48065	D2E	0.0952	benign
P48065	D2F	0.303	benign
P48065	D2G	0.088	benign
P48065	D2H	0.138	benign
P48065	D2I	0.2449	benign
P48065	D2K	0.163	benign
P48065	D2L	0.2321	benign
P48065	D2M	0.422	ambiguous
P48065	D2N	0.1012	benign
P48065	D2P	0.1952	benign
P48065	D2Q	0.1465	benign
P48065	D2R	0.1534	benign
P48065	D2S	0.1027	benign
P48065	D2T	0.137	benign
P48065	D2V	0.1588	benign
P48065	D2W	0.5165	ambiguous
P48065	D2Y	0.1356	benign
P48065	G3A	0.1044	benign
P48065	G3C	0.1395	benign
P48065	G3D	0.0925	benign
P48065	G3E	0.0804	benign
P48065	G3F	0.3171	benign
P48065	G3H	0.1818	benign
P48065	G3I	0.1696	benign
P48065	G3K	0.122	benign
P48065	G3L	0.21	benign
P48065	G3M	0.261	benign
P48065	G3N	0.1665	benign
P48065	G3P	0.3072	benign
P48065	G3Q	0.1218	benign
P48065	G3R	0.0944	benign
P48065	G3S	0.1045	benign
P48065	G3T	0.1028	benign
P48065	G3V	0.1217	benign
P48065	G3W	0.1622	benign
P48065	G3Y	0.2246	benign
P48065	K4A	0.1385	benign
P48065	K4C	0.4335	ambiguous
P48065	K4D	0.1668	benign
P48065	K4E	0.0804	benign
P48065	K4F	0.4054	ambiguous
P48065	K4G	0.1682	benign
P48065	K4H	0.2036	benign
P48065	K4I	0.1914	benign
P48065	K4L	0.1976	benign
P48065	K4M	0.1628	benign
P48065	K4N	0.1686	benign
P48065	K4P	0.223	benign
P48065	K4Q	0.108	benign
P48065	K4R	0.0764	benign
P48065	K4S	0.1868	benign
P48065	K4T	0.1029	benign
P48065	K4V	0.173	benign
P48065	K4W	0.524	ambiguous
P48065	K4Y	0.3509	ambiguous
P48065	V5A	0.078	benign
P48065	V5C	0.4389	ambiguous
P48065	V5D	0.0906	benign
P48065	V5E	0.0928	benign
P48065	V5F	0.1076	benign
P48065	V5G	0.0774	benign
P48065	V5H	0.2379	benign
P48065	V5I	0.0979	benign
P48065	V5K	0.1273	benign
P48065	V5L	0.1292	benign
P48065	V5M	0.1444	benign
P48065	V5N	0.1271	benign
P48065	V5P	0.1338	benign
P48065	V5Q	0.1504	benign
P48065	V5R	0.1125	benign
P48065	V5S	0.1092	benign
P48065	V5T	0.1081	benign
P48065	V5W	0.4106	ambiguous
P48065	V5Y	0.2618	benign
P48065	A6C	0.2778	benign
P48065	A6D	0.1088	benign
P48065	A6E	0.1117	benign
P48065	A6F	0.168	benign
P48065	A6G	0.1019	benign
P48065	A6H	0.2207	benign
P48065	A6I	0.154	benign
P48065	A6K	0.1925	benign
P48065	A6L	0.1157	benign
P48065	A6M	0.1769	benign
P48065	A6N	0.1649	benign
P48065	A6P	0.086	benign
P48065	A6Q	0.169	benign
P48065	A6R	0.1535	benign
P48065	A6S	0.0885	benign
P48065	A6T	0.0796	benign
P48065	A6V	0.0914	benign
P48065	A6W	0.3554	ambiguous
P48065	A6Y	0.2462	benign
P48065	V7A	0.0825	benign
P48065	V7C	0.3535	ambiguous
P48065	V7D	0.1023	benign
P48065	V7E	0.1034	benign
P48065	V7F	0.0829	benign
P48065	V7G	0.0724	benign
P48065	V7H	0.2172	benign
P48065	V7I	0.0862	benign
P48065	V7K	0.1283	benign
P48065	V7L	0.1009	benign
P48065	V7M	0.1293	benign
P48065	V7N	0.1311	benign
P48065	V7P	0.1196	benign
P48065	V7Q	0.126	benign
P48065	V7R	0.0975	benign
P48065	V7S	0.0954	benign
P48065	V7T	0.1223	benign
P48065	V7W	0.3543	ambiguous
P48065	V7Y	0.2447	benign
P48065	Q8A	0.0907	benign
P48065	Q8C	0.2933	benign
P48065	Q8D	0.1324	benign
P48065	Q8E	0.0629	benign
P48065	Q8F	0.3552	ambiguous
P48065	Q8G	0.1001	benign
P48065	Q8H	0.123	benign
P48065	Q8I	0.2185	benign
P48065	Q8K	0.073	benign
P48065	Q8L	0.0998	benign
P48065	Q8M	0.2405	benign
P48065	Q8N	0.1529	benign
P48065	Q8P	0.0561	benign
P48065	Q8R	0.0715	benign
P48065	Q8S	0.1072	benign
P48065	Q8T	0.0982	benign
P48065	Q8V	0.138	benign
P48065	Q8W	0.2397	benign
P48065	Q8Y	0.2427	benign
P48065	E9A	0.0819	benign
P48065	E9C	0.3758	ambiguous
P48065	E9D	0.0737	benign
P48065	E9F	0.3267	benign
P48065	E9G	0.0649	benign
P48065	E9H	0.1641	benign
P48065	E9I	0.1743	benign
P48065	E9K	0.0896	benign
P48065	E9L	0.1718	benign
P48065	E9M	0.2688	benign
P48065	E9N	0.1226	benign
P48065	E9P	0.1536	benign
P48065	E9Q	0.0845	benign
P48065	E9R	0.1089	benign
P48065	E9S	0.1049	benign
P48065	E9T	0.1147	benign
P48065	E9V	0.108	benign
P48065	E9W	0.4749	ambiguous
P48065	E9Y	0.208	benign
P48065	C10A	0.0802	benign
P48065	C10D	0.0735	benign
P48065	C10E	0.1147	benign
P48065	C10F	0.085	benign
P48065	C10G	0.0529	benign
P48065	C10H	0.0963	benign
P48065	C10I	0.1367	benign
P48065	C10K	0.1261	benign
P48065	C10L	0.131	benign
P48065	C10M	0.2258	benign
P48065	C10N	0.0901	benign
P48065	C10P	0.1166	benign
P48065	C10Q	0.1086	benign
P48065	C10R	0.0738	benign
P48065	C10S	0.072	benign
P48065	C10T	0.0983	benign
P48065	C10V	0.1135	benign
P48065	C10W	0.1277	benign
P48065	C10Y	0.0748	benign
P48065	G11A	0.0829	benign
P48065	G11C	0.1011	benign
P48065	G11D	0.0917	benign
P48065	G11E	0.0875	benign
P48065	G11F	0.1797	benign
P48065	G11H	0.1377	benign
P48065	G11I	0.0966	benign
P48065	G11K	0.1455	benign
P48065	G11L	0.1209	benign
P48065	G11M	0.201	benign
P48065	G11N	0.1621	benign
P48065	G11P	0.1727	benign
P48065	G11Q	0.1283	benign
P48065	G11R	0.1089	benign
P48065	G11S	0.0835	benign
P48065	G11T	0.0909	benign
P48065	G11V	0.0717	benign
P48065	G11W	0.1545	benign
P48065	G11Y	0.1579	benign
P48065	P12A	0.0587	benign
P48065	P12C	0.1541	benign
P48065	P12D	0.1238	benign
P48065	P12E	0.0965	benign
P48065	P12F	0.1278	benign
P48065	P12G	0.1112	benign
P48065	P12H	0.0795	benign
P48065	P12I	0.1001	benign
P48065	P12K	0.0955	benign
P48065	P12L	0.0686	benign
P48065	P12M	0.1374	benign
P48065	P12N	0.131	benign
P48065	P12Q	0.0725	benign
P48065	P12R	0.0717	benign
P48065	P12S	0.0705	benign
P48065	P12T	0.0663	benign
P48065	P12V	0.0804	benign
P48065	P12W	0.1974	benign
P48065	P12Y	0.1359	benign
P48065	P13A	0.0522	benign
P48065	P13C	0.2115	benign
P48065	P13D	0.1429	benign
P48065	P13E	0.1062	benign
P48065	P13F	0.2055	benign
P48065	P13G	0.1163	benign
P48065	P13H	0.1047	benign
P48065	P13I	0.1547	benign
P48065	P13K	0.1225	benign
P48065	P13L	0.0836	benign
P48065	P13M	0.1814	benign
P48065	P13N	0.168	benign
P48065	P13Q	0.0874	benign
P48065	P13R	0.0829	benign
P48065	P13S	0.0773	benign
P48065	P13T	0.0717	benign
P48065	P13V	0.0986	benign
P48065	P13W	0.2783	benign
P48065	P13Y	0.1944	benign
P48065	A14C	0.2617	benign
P48065	A14D	0.1085	benign
P48065	A14E	0.0997	benign
P48065	A14F	0.1625	benign
P48065	A14G	0.0916	benign
P48065	A14H	0.2217	benign
P48065	A14I	0.1319	benign
P48065	A14K	0.1768	benign
P48065	A14L	0.1003	benign
P48065	A14M	0.1411	benign
P48065	A14N	0.1616	benign
P48065	A14P	0.0762	benign
P48065	A14Q	0.1543	benign
P48065	A14R	0.1453	benign
P48065	A14S	0.0861	benign
P48065	A14T	0.0776	benign
P48065	A14V	0.0749	benign
P48065	A14W	0.3362	benign
P48065	A14Y	0.2267	benign
P48065	V15A	0.0821	benign
P48065	V15C	0.3669	ambiguous
P48065	V15D	0.1059	benign
P48065	V15E	0.1165	benign
P48065	V15F	0.0869	benign
P48065	V15G	0.0788	benign
P48065	V15H	0.2254	benign
P48065	V15I	0.0866	benign
P48065	V15K	0.144	benign
P48065	V15L	0.1085	benign
P48065	V15M	0.126	benign
P48065	V15N	0.1361	benign
P48065	V15P	0.1272	benign
P48065	V15Q	0.1403	benign
P48065	V15R	0.1114	benign
P48065	V15S	0.0941	benign
P48065	V15T	0.1215	benign
P48065	V15W	0.3819	ambiguous
P48065	V15Y	0.2381	benign
P48065	S16A	0.0772	benign
P48065	S16C	0.0956	benign
P48065	S16D	0.1821	benign
P48065	S16E	0.21	benign
P48065	S16F	0.1431	benign
P48065	S16G	0.0863	benign
P48065	S16H	0.1903	benign
P48065	S16I	0.1367	benign
P48065	S16K	0.3233	benign
P48065	S16L	0.107	benign
P48065	S16M	0.2188	benign
P48065	S16N	0.1391	benign
P48065	S16P	0.0714	benign
P48065	S16Q	0.2475	benign
P48065	S16R	0.2448	benign
P48065	S16T	0.0859	benign
P48065	S16V	0.132	benign
P48065	S16W	0.1795	benign
P48065	S16Y	0.1289	benign
P48065	W17A	0.0973	benign
P48065	W17C	0.2719	benign
P48065	W17D	0.1903	benign
P48065	W17E	0.207	benign
P48065	W17F	0.115	benign
P48065	W17G	0.0727	benign
P48065	W17H	0.2567	benign
P48065	W17I	0.1735	benign
P48065	W17K	0.2894	benign
P48065	W17L	0.1181	benign
P48065	W17M	0.2289	benign
P48065	W17N	0.2678	benign
P48065	W17P	0.1845	benign
P48065	W17Q	0.2673	benign
P48065	W17R	0.2181	benign
P48065	W17S	0.0914	benign
P48065	W17T	0.1052	benign
P48065	W17V	0.1104	benign
P48065	W17Y	0.2227	benign
P48065	V18A	0.1042	benign
P48065	V18C	0.3438	ambiguous
P48065	V18D	0.1027	benign
P48065	V18E	0.091	benign
P48065	V18F	0.0762	benign
P48065	V18G	0.0778	benign
P48065	V18H	0.1878	benign
P48065	V18I	0.0784	benign
P48065	V18K	0.1091	benign
P48065	V18L	0.0886	benign
P48065	V18M	0.1104	benign
P48065	V18N	0.1169	benign
P48065	V18P	0.1517	benign
P48065	V18Q	0.1105	benign
P48065	V18R	0.0986	benign
P48065	V18S	0.1033	benign
P48065	V18T	0.1354	benign
P48065	V18W	0.3219	benign
P48065	V18Y	0.1949	benign
P48065	P19A	0.0653	benign
P48065	P19C	0.2483	benign
P48065	P19D	0.1956	benign
P48065	P19E	0.1213	benign
P48065	P19F	0.2513	benign
P48065	P19G	0.1477	benign
P48065	P19H	0.1192	benign
P48065	P19I	0.183	benign
P48065	P19K	0.1285	benign
P48065	P19L	0.0887	benign
P48065	P19M	0.1834	benign
P48065	P19N	0.2087	benign
P48065	P19Q	0.0924	benign
P48065	P19R	0.0906	benign
P48065	P19S	0.0895	benign
P48065	P19T	0.0741	benign
P48065	P19V	0.1245	benign
P48065	P19W	0.2767	benign
P48065	P19Y	0.2369	benign
P48065	E20A	0.0837	benign
P48065	E20C	0.4413	ambiguous
P48065	E20D	0.1062	benign
P48065	E20F	0.3941	ambiguous
P48065	E20G	0.078	benign
P48065	E20H	0.2031	benign
P48065	E20I	0.1976	benign
P48065	E20K	0.0757	benign
P48065	E20L	0.1616	benign
P48065	E20M	0.237	benign
P48065	E20N	0.182	benign
P48065	E20P	0.1761	benign
P48065	E20Q	0.0849	benign
P48065	E20R	0.0941	benign
P48065	E20S	0.1204	benign
P48065	E20T	0.1214	benign
P48065	E20V	0.112	benign
P48065	E20W	0.4638	ambiguous
P48065	E20Y	0.3015	benign
P48065	E21A	0.0745	benign
P48065	E21C	0.4045	ambiguous
P48065	E21D	0.0792	benign
P48065	E21F	0.3362	benign
P48065	E21G	0.0701	benign
P48065	E21H	0.1764	benign
P48065	E21I	0.1537	benign
P48065	E21K	0.0764	benign
P48065	E21L	0.1588	benign
P48065	E21M	0.209	benign
P48065	E21N	0.1271	benign
P48065	E21P	0.1529	benign
P48065	E21Q	0.0902	benign
P48065	E21R	0.1062	benign
P48065	E21S	0.1072	benign
P48065	E21T	0.0981	benign
P48065	E21V	0.0994	benign
P48065	E21W	0.4574	ambiguous
P48065	E21Y	0.2322	benign
P48065	G22A	0.0787	benign
P48065	G22C	0.1345	benign
P48065	G22D	0.0746	benign
P48065	G22E	0.0672	benign
P48065	G22F	0.254	benign
P48065	G22H	0.1568	benign
P48065	G22I	0.1195	benign
P48065	G22K	0.1034	benign
P48065	G22L	0.1572	benign
P48065	G22M	0.1655	benign
P48065	G22N	0.1159	benign
P48065	G22P	0.201	benign
P48065	G22Q	0.1166	benign
P48065	G22R	0.1016	benign
P48065	G22S	0.0851	benign
P48065	G22T	0.0774	benign
P48065	G22V	0.0817	benign
P48065	G22W	0.141	benign
P48065	G22Y	0.1654	benign
P48065	E23A	0.1093	benign
P48065	E23C	0.4082	ambiguous
P48065	E23D	0.0944	benign
P48065	E23F	0.3702	ambiguous
P48065	E23G	0.0738	benign
P48065	E23H	0.2029	benign
P48065	E23I	0.1821	benign
P48065	E23K	0.0758	benign
P48065	E23L	0.1671	benign
P48065	E23M	0.2258	benign
P48065	E23N	0.1525	benign
P48065	E23P	0.2143	benign
P48065	E23Q	0.0835	benign
P48065	E23R	0.1015	benign
P48065	E23S	0.128	benign
P48065	E23T	0.1349	benign
P48065	E23V	0.117	benign
P48065	E23W	0.4412	ambiguous
P48065	E23Y	0.2674	benign
P48065	K24A	0.1063	benign
P48065	K24C	0.2836	benign
P48065	K24D	0.125	benign
P48065	K24E	0.0749	benign
P48065	K24F	0.2704	benign
P48065	K24G	0.124	benign
P48065	K24H	0.1319	benign
P48065	K24I	0.1035	benign
P48065	K24L	0.1108	benign
P48065	K24M	0.0956	benign
P48065	K24N	0.1018	benign
P48065	K24P	0.1517	benign
P48065	K24Q	0.0818	benign
P48065	K24R	0.0755	benign
P48065	K24S	0.1219	benign
P48065	K24T	0.0687	benign
P48065	K24V	0.0998	benign
P48065	K24W	0.3464	ambiguous
P48065	K24Y	0.2127	benign
P48065	L25A	0.0608	benign
P48065	L25C	0.1971	benign
P48065	L25D	0.1245	benign
P48065	L25E	0.0795	benign
P48065	L25F	0.0907	benign
P48065	L25G	0.1135	benign
P48065	L25H	0.0861	benign
P48065	L25I	0.0744	benign
P48065	L25K	0.0713	benign
P48065	L25M	0.0756	benign
P48065	L25N	0.1033	benign
P48065	L25P	0.0537	benign
P48065	L25Q	0.0585	benign
P48065	L25R	0.0625	benign
P48065	L25S	0.0705	benign
P48065	L25T	0.0577	benign
P48065	L25V	0.0616	benign
P48065	L25W	0.088	benign
P48065	L25Y	0.1494	benign
P48065	D26A	0.0752	benign
P48065	D26C	0.1821	benign
P48065	D26E	0.0771	benign
P48065	D26F	0.1704	benign
P48065	D26G	0.0733	benign
P48065	D26H	0.0824	benign
P48065	D26I	0.1037	benign
P48065	D26K	0.1076	benign
P48065	D26L	0.0962	benign
P48065	D26M	0.2319	benign
P48065	D26N	0.0752	benign
P48065	D26P	0.1449	benign
P48065	D26Q	0.0914	benign
P48065	D26R	0.0963	benign
P48065	D26S	0.0692	benign
P48065	D26T	0.0975	benign
P48065	D26V	0.0738	benign
P48065	D26W	0.3564	ambiguous
P48065	D26Y	0.0864	benign
P48065	Q27A	0.0882	benign
P48065	Q27C	0.2582	benign
P48065	Q27D	0.1187	benign
P48065	Q27E	0.0557	benign
P48065	Q27F	0.334	benign
P48065	Q27G	0.0913	benign
P48065	Q27H	0.1084	benign
P48065	Q27I	0.1522	benign
P48065	Q27K	0.0594	benign
P48065	Q27L	0.0792	benign
P48065	Q27M	0.1742	benign
P48065	Q27N	0.1452	benign
P48065	Q27P	0.0667	benign
P48065	Q27R	0.0626	benign
P48065	Q27S	0.1128	benign
P48065	Q27T	0.0865	benign
P48065	Q27V	0.1063	benign
P48065	Q27W	0.1916	benign
P48065	Q27Y	0.2085	benign
P48065	E28A	0.0898	benign
P48065	E28C	0.452	ambiguous
P48065	E28D	0.0873	benign
P48065	E28F	0.385	ambiguous
P48065	E28G	0.0765	benign
P48065	E28H	0.1849	benign
P48065	E28I	0.1712	benign
P48065	E28K	0.0744	benign
P48065	E28L	0.1654	benign
P48065	E28M	0.2176	benign
P48065	E28N	0.1392	benign
P48065	E28P	0.1938	benign
P48065	E28Q	0.0908	benign
P48065	E28R	0.1109	benign
P48065	E28S	0.1246	benign
P48065	E28T	0.1128	benign
P48065	E28V	0.1138	benign
P48065	E28W	0.4841	ambiguous
P48065	E28Y	0.2843	benign
P48065	D29A	0.0733	benign
P48065	D29C	0.2339	benign
P48065	D29E	0.0708	benign
P48065	D29F	0.2496	benign
P48065	D29G	0.0648	benign
P48065	D29H	0.1094	benign
P48065	D29I	0.1247	benign
P48065	D29K	0.0915	benign
P48065	D29L	0.1357	benign
P48065	D29M	0.2218	benign
P48065	D29N	0.0765	benign
P48065	D29P	0.1923	benign
P48065	D29Q	0.1037	benign
P48065	D29R	0.1035	benign
P48065	D29S	0.0753	benign
P48065	D29T	0.0869	benign
P48065	D29V	0.0828	benign
P48065	D29W	0.4057	ambiguous
P48065	D29Y	0.1058	benign
P48065	E30A	0.0877	benign
P48065	E30C	0.4634	ambiguous
P48065	E30D	0.09	benign
P48065	E30F	0.3804	ambiguous
P48065	E30G	0.0817	benign
P48065	E30H	0.1921	benign
P48065	E30I	0.1528	benign
P48065	E30K	0.0708	benign
P48065	E30L	0.1588	benign
P48065	E30M	0.1976	benign
P48065	E30N	0.1426	benign
P48065	E30P	0.2188	benign
P48065	E30Q	0.0916	benign
P48065	E30R	0.1015	benign
P48065	E30S	0.1171	benign
P48065	E30T	0.0997	benign
P48065	E30V	0.1057	benign
P48065	E30W	0.5028	ambiguous
P48065	E30Y	0.2949	benign
P48065	D31A	0.0828	benign
P48065	D31C	0.251	benign
P48065	D31E	0.0832	benign
P48065	D31F	0.2234	benign
P48065	D31G	0.076	benign
P48065	D31H	0.1094	benign
P48065	D31I	0.1223	benign
P48065	D31K	0.1122	benign
P48065	D31L	0.1291	benign
P48065	D31M	0.2448	benign
P48065	D31N	0.0768	benign
P48065	D31P	0.22	benign
P48065	D31Q	0.1147	benign
P48065	D31R	0.125	benign
P48065	D31S	0.0827	benign
P48065	D31T	0.1033	benign
P48065	D31V	0.0822	benign
P48065	D31W	0.4551	ambiguous
P48065	D31Y	0.0983	benign
P48065	Q32A	0.0854	benign
P48065	Q32C	0.2982	benign
P48065	Q32D	0.117	benign
P48065	Q32E	0.0544	benign
P48065	Q32F	0.3249	benign
P48065	Q32G	0.1054	benign
P48065	Q32H	0.1029	benign
P48065	Q32I	0.143	benign
P48065	Q32K	0.0585	benign
P48065	Q32L	0.0769	benign
P48065	Q32M	0.1785	benign
P48065	Q32N	0.1316	benign
P48065	Q32P	0.0783	benign
P48065	Q32R	0.0625	benign
P48065	Q32S	0.1092	benign
P48065	Q32T	0.0798	benign
P48065	Q32V	0.0989	benign
P48065	Q32W	0.2245	benign
P48065	Q32Y	0.1979	benign
P48065	V33A	0.1113	benign
P48065	V33C	0.4647	ambiguous
P48065	V33D	0.1158	benign
P48065	V33E	0.1008	benign
P48065	V33F	0.1037	benign
P48065	V33G	0.0876	benign
P48065	V33H	0.2492	benign
P48065	V33I	0.0802	benign
P48065	V33K	0.1347	benign
P48065	V33L	0.1008	benign
P48065	V33M	0.1081	benign
P48065	V33N	0.1252	benign
P48065	V33P	0.1676	benign
P48065	V33Q	0.1313	benign
P48065	V33R	0.1282	benign
P48065	V33S	0.1163	benign
P48065	V33T	0.1359	benign
P48065	V33W	0.3772	ambiguous
P48065	V33Y	0.2486	benign
P48065	K34A	0.1674	benign
P48065	K34C	0.5312	ambiguous
P48065	K34D	0.2889	benign
P48065	K34E	0.0846	benign
P48065	K34F	0.5515	ambiguous
P48065	K34G	0.2282	benign
P48065	K34H	0.2368	benign
P48065	K34I	0.1949	benign
P48065	K34L	0.1761	benign
P48065	K34M	0.144	benign
P48065	K34N	0.2586	benign
P48065	K34P	0.268	benign
P48065	K34Q	0.0985	benign
P48065	K34R	0.0778	benign
P48065	K34S	0.2331	benign
P48065	K34T	0.1057	benign
P48065	K34V	0.1731	benign
P48065	K34W	0.5287	ambiguous
P48065	K34Y	0.4582	ambiguous
P48065	D35A	0.1131	benign
P48065	D35C	0.4424	ambiguous
P48065	D35E	0.0877	benign
P48065	D35F	0.4327	ambiguous
P48065	D35G	0.1028	benign
P48065	D35H	0.172	benign
P48065	D35I	0.2149	benign
P48065	D35K	0.1948	benign
P48065	D35L	0.2251	benign
P48065	D35M	0.4257	ambiguous
P48065	D35N	0.1061	benign
P48065	D35P	0.2849	benign
P48065	D35Q	0.1647	benign
P48065	D35R	0.2181	benign
P48065	D35S	0.1137	benign
P48065	D35T	0.1663	benign
P48065	D35V	0.1181	benign
P48065	D35W	0.7152	pathogenic
P48065	D35Y	0.1582	benign
P48065	R36A	0.9752	pathogenic
P48065	R36C	0.9448	pathogenic
P48065	R36D	0.9791	pathogenic
P48065	R36E	0.8926	pathogenic
P48065	R36F	0.9919	pathogenic
P48065	R36G	0.9463	pathogenic
P48065	R36H	0.7806	pathogenic
P48065	R36I	0.9663	pathogenic
P48065	R36K	0.7488	pathogenic
P48065	R36L	0.954	pathogenic
P48065	R36M	0.9847	pathogenic
P48065	R36N	0.987	pathogenic
P48065	R36P	0.9698	pathogenic
P48065	R36Q	0.7664	pathogenic
P48065	R36S	0.9856	pathogenic
P48065	R36T	0.9673	pathogenic
P48065	R36V	0.9759	pathogenic
P48065	R36W	0.8623	pathogenic
P48065	R36Y	0.9756	pathogenic
P48065	G37A	0.3312	benign
P48065	G37C	0.5449	ambiguous
P48065	G37D	0.4375	ambiguous
P48065	G37E	0.3676	ambiguous
P48065	G37F	0.8606	pathogenic
P48065	G37H	0.7873	pathogenic
P48065	G37I	0.6192	pathogenic
P48065	G37K	0.7756	pathogenic
P48065	G37L	0.7573	pathogenic
P48065	G37M	0.7824	pathogenic
P48065	G37N	0.6511	pathogenic
P48065	G37P	0.8693	pathogenic
P48065	G37Q	0.5834	pathogenic
P48065	G37R	0.6822	pathogenic
P48065	G37S	0.2737	benign
P48065	G37T	0.4613	ambiguous
P48065	G37V	0.4794	ambiguous
P48065	G37W	0.7539	pathogenic
P48065	G37Y	0.7935	pathogenic
P48065	Q38A	0.3808	ambiguous
P48065	Q38C	0.7441	pathogenic
P48065	Q38D	0.6598	pathogenic
P48065	Q38E	0.133	benign
P48065	Q38F	0.7718	pathogenic
P48065	Q38G	0.441	ambiguous
P48065	Q38H	0.2996	benign
P48065	Q38I	0.571	pathogenic
P48065	Q38K	0.1007	benign
P48065	Q38L	0.2616	benign
P48065	Q38M	0.4827	ambiguous
P48065	Q38N	0.4222	ambiguous
P48065	Q38P	0.4708	ambiguous
P48065	Q38R	0.123	benign
P48065	Q38S	0.412	ambiguous
P48065	Q38T	0.2742	benign
P48065	Q38V	0.3802	ambiguous
P48065	Q38W	0.7376	pathogenic
P48065	Q38Y	0.6087	pathogenic
P48065	W39A	0.9948	pathogenic
P48065	W39C	0.9987	pathogenic
P48065	W39D	0.9979	pathogenic
P48065	W39E	0.9979	pathogenic
P48065	W39F	0.8537	pathogenic
P48065	W39G	0.9729	pathogenic
P48065	W39H	0.9962	pathogenic
P48065	W39I	0.9936	pathogenic
P48065	W39K	0.999	pathogenic
P48065	W39L	0.9817	pathogenic
P48065	W39M	0.9938	pathogenic
P48065	W39N	0.9983	pathogenic
P48065	W39P	0.9983	pathogenic
P48065	W39Q	0.9991	pathogenic
P48065	W39R	0.9984	pathogenic
P48065	W39S	0.9941	pathogenic
P48065	W39T	0.9964	pathogenic
P48065	W39V	0.9931	pathogenic
P48065	W39Y	0.9534	pathogenic
P48065	T40A	0.0671	benign
P48065	T40C	0.4028	ambiguous
P48065	T40D	0.1873	benign
P48065	T40E	0.2183	benign
P48065	T40F	0.4715	ambiguous
P48065	T40G	0.1096	benign
P48065	T40H	0.1879	benign
P48065	T40I	0.3683	ambiguous
P48065	T40K	0.1549	benign
P48065	T40L	0.1841	benign
P48065	T40M	0.154	benign
P48065	T40N	0.0702	benign
P48065	T40P	0.2487	benign
P48065	T40Q	0.1678	benign
P48065	T40R	0.1313	benign
P48065	T40S	0.0701	benign
P48065	T40V	0.2546	benign
P48065	T40W	0.6909	pathogenic
P48065	T40Y	0.3795	ambiguous
P48065	N41A	0.4926	ambiguous
P48065	N41C	0.3893	ambiguous
P48065	N41D	0.1918	benign
P48065	N41E	0.6828	pathogenic
P48065	N41F	0.9221	pathogenic
P48065	N41G	0.2486	benign
P48065	N41H	0.1448	benign
P48065	N41I	0.8004	pathogenic
P48065	N41K	0.4955	ambiguous
P48065	N41L	0.6894	pathogenic
P48065	N41M	0.7578	pathogenic
P48065	N41P	0.9006	pathogenic
P48065	N41Q	0.5522	ambiguous
P48065	N41R	0.4456	ambiguous
P48065	N41S	0.0704	benign
P48065	N41T	0.221	benign
P48065	N41V	0.7068	pathogenic
P48065	N41W	0.9048	pathogenic
P48065	N41Y	0.5153	ambiguous
P48065	K42A	0.8545	pathogenic
P48065	K42C	0.9621	pathogenic
P48065	K42D	0.7485	pathogenic
P48065	K42E	0.509	ambiguous
P48065	K42F	0.9893	pathogenic
P48065	K42G	0.793	pathogenic
P48065	K42H	0.5969	pathogenic
P48065	K42I	0.9265	pathogenic
P48065	K42L	0.9221	pathogenic
P48065	K42M	0.8351	pathogenic
P48065	K42N	0.6927	pathogenic
P48065	K42P	0.7719	pathogenic
P48065	K42Q	0.2949	benign
P48065	K42R	0.1309	benign
P48065	K42S	0.7544	pathogenic
P48065	K42T	0.5515	ambiguous
P48065	K42V	0.8957	pathogenic
P48065	K42W	0.9623	pathogenic
P48065	K42Y	0.9351	pathogenic
P48065	M43A	0.1937	benign
P48065	M43C	0.708	pathogenic
P48065	M43D	0.8753	pathogenic
P48065	M43E	0.6378	pathogenic
P48065	M43F	0.2748	benign
P48065	M43G	0.4355	ambiguous
P48065	M43H	0.64	pathogenic
P48065	M43I	0.2019	benign
P48065	M43K	0.2274	benign
P48065	M43L	0.0922	benign
P48065	M43N	0.5848	pathogenic
P48065	M43P	0.6637	pathogenic
P48065	M43Q	0.3717	ambiguous
P48065	M43R	0.1912	benign
P48065	M43S	0.3438	ambiguous
P48065	M43T	0.1104	benign
P48065	M43V	0.0656	benign
P48065	M43W	0.3908	ambiguous
P48065	M43Y	0.5369	ambiguous
P48065	E44A	0.7194	pathogenic
P48065	E44C	0.9966	pathogenic
P48065	E44D	0.5648	pathogenic
P48065	E44F	0.9975	pathogenic
P48065	E44G	0.8397	pathogenic
P48065	E44H	0.9816	pathogenic
P48065	E44I	0.986	pathogenic
P48065	E44K	0.9534	pathogenic
P48065	E44L	0.9828	pathogenic
P48065	E44M	0.9814	pathogenic
P48065	E44N	0.9422	pathogenic
P48065	E44P	0.9818	pathogenic
P48065	E44Q	0.6485	pathogenic
P48065	E44R	0.9639	pathogenic
P48065	E44S	0.8641	pathogenic
P48065	E44T	0.948	pathogenic
P48065	E44V	0.9426	pathogenic
P48065	E44W	0.999	pathogenic
P48065	E44Y	0.9934	pathogenic
P48065	F45A	0.9897	pathogenic
P48065	F45C	0.986	pathogenic
P48065	F45D	0.9949	pathogenic
P48065	F45E	0.9971	pathogenic
P48065	F45G	0.9892	pathogenic
P48065	F45H	0.9877	pathogenic
P48065	F45I	0.9819	pathogenic
P48065	F45K	0.9978	pathogenic
P48065	F45L	0.9978	pathogenic
P48065	F45M	0.9768	pathogenic
P48065	F45N	0.9881	pathogenic
P48065	F45P	0.9997	pathogenic
P48065	F45Q	0.9967	pathogenic
P48065	F45R	0.9943	pathogenic
P48065	F45S	0.9897	pathogenic
P48065	F45T	0.9929	pathogenic
P48065	F45V	0.9675	pathogenic
P48065	F45W	0.8611	pathogenic
P48065	F45Y	0.363	ambiguous
P48065	V46A	0.3936	ambiguous
P48065	V46C	0.6839	pathogenic
P48065	V46D	0.9039	pathogenic
P48065	V46E	0.8113	pathogenic
P48065	V46F	0.1717	benign
P48065	V46G	0.4296	ambiguous
P48065	V46H	0.8242	pathogenic
P48065	V46I	0.0807	benign
P48065	V46K	0.7522	pathogenic
P48065	V46L	0.1635	benign
P48065	V46M	0.187	benign
P48065	V46N	0.7208	pathogenic
P48065	V46P	0.9317	pathogenic
P48065	V46Q	0.6602	pathogenic
P48065	V46R	0.6639	pathogenic
P48065	V46S	0.4717	ambiguous
P48065	V46T	0.3836	ambiguous
P48065	V46W	0.7962	pathogenic
P48065	V46Y	0.6252	pathogenic
P48065	L47A	0.8704	pathogenic
P48065	L47C	0.8738	pathogenic
P48065	L47D	0.9983	pathogenic
P48065	L47E	0.9925	pathogenic
P48065	L47F	0.3216	benign
P48065	L47G	0.9496	pathogenic
P48065	L47H	0.9692	pathogenic
P48065	L47I	0.6484	pathogenic
P48065	L47K	0.9802	pathogenic
P48065	L47M	0.3157	benign
P48065	L47N	0.9856	pathogenic
P48065	L47P	0.9866	pathogenic
P48065	L47Q	0.9476	pathogenic
P48065	L47R	0.9556	pathogenic
P48065	L47S	0.9511	pathogenic
P48065	L47T	0.9345	pathogenic
P48065	L47V	0.6347	pathogenic
P48065	L47W	0.7492	pathogenic
P48065	L47Y	0.885	pathogenic
P48065	S48A	0.103	benign
P48065	S48C	0.314	benign
P48065	S48D	0.9914	pathogenic
P48065	S48E	0.9886	pathogenic
P48065	S48F	0.9437	pathogenic
P48065	S48G	0.4512	ambiguous
P48065	S48H	0.9776	pathogenic
P48065	S48I	0.8693	pathogenic
P48065	S48K	0.998	pathogenic
P48065	S48L	0.5764	pathogenic
P48065	S48M	0.7399	pathogenic
P48065	S48N	0.9476	pathogenic
P48065	S48P	0.9588	pathogenic
P48065	S48Q	0.9772	pathogenic
P48065	S48R	0.9952	pathogenic
P48065	S48T	0.2882	benign
P48065	S48V	0.6689	pathogenic
P48065	S48W	0.9748	pathogenic
P48065	S48Y	0.9482	pathogenic
P48065	V49A	0.4889	ambiguous
P48065	V49C	0.795	pathogenic
P48065	V49D	0.9839	pathogenic
P48065	V49E	0.9479	pathogenic
P48065	V49F	0.8375	pathogenic
P48065	V49G	0.7415	pathogenic
P48065	V49H	0.9876	pathogenic
P48065	V49I	0.1604	benign
P48065	V49K	0.9699	pathogenic
P48065	V49L	0.6168	pathogenic
P48065	V49M	0.3811	ambiguous
P48065	V49N	0.9282	pathogenic
P48065	V49P	0.995	pathogenic
P48065	V49Q	0.9177	pathogenic
P48065	V49R	0.9541	pathogenic
P48065	V49S	0.6637	pathogenic
P48065	V49T	0.4551	ambiguous
P48065	V49W	0.9959	pathogenic
P48065	V49Y	0.9824	pathogenic
P48065	A50C	0.6754	pathogenic
P48065	A50D	0.9905	pathogenic
P48065	A50E	0.9752	pathogenic
P48065	A50F	0.7994	pathogenic
P48065	A50G	0.4656	ambiguous
P48065	A50H	0.9849	pathogenic
P48065	A50I	0.6262	pathogenic
P48065	A50K	0.9894	pathogenic
P48065	A50L	0.4893	ambiguous
P48065	A50M	0.4397	ambiguous
P48065	A50N	0.9644	pathogenic
P48065	A50P	0.9908	pathogenic
P48065	A50Q	0.9332	pathogenic
P48065	A50R	0.9764	pathogenic
P48065	A50S	0.3062	benign
P48065	A50T	0.3099	benign
P48065	A50V	0.3643	ambiguous
P48065	A50W	0.9767	pathogenic
P48065	A50Y	0.9542	pathogenic
P48065	G51A	0.8811	pathogenic
P48065	G51C	0.9884	pathogenic
P48065	G51D	0.9967	pathogenic
P48065	G51E	0.9971	pathogenic
P48065	G51F	0.9987	pathogenic
P48065	G51H	0.9993	pathogenic
P48065	G51I	0.9971	pathogenic
P48065	G51K	0.9984	pathogenic
P48065	G51L	0.9967	pathogenic
P48065	G51M	0.9976	pathogenic
P48065	G51N	0.9975	pathogenic
P48065	G51P	0.9994	pathogenic
P48065	G51Q	0.9973	pathogenic
P48065	G51R	0.9958	pathogenic
P48065	G51S	0.8937	pathogenic
P48065	G51T	0.9822	pathogenic
P48065	G51V	0.9897	pathogenic
P48065	G51W	0.9968	pathogenic
P48065	G51Y	0.9988	pathogenic
P48065	E52A	0.4563	ambiguous
P48065	E52C	0.8233	pathogenic
P48065	E52D	0.8938	pathogenic
P48065	E52F	0.9539	pathogenic
P48065	E52G	0.4947	ambiguous
P48065	E52H	0.8984	pathogenic
P48065	E52I	0.8903	pathogenic
P48065	E52K	0.8377	pathogenic
P48065	E52L	0.8521	pathogenic
P48065	E52M	0.8039	pathogenic
P48065	E52N	0.7237	pathogenic
P48065	E52P	0.9909	pathogenic
P48065	E52Q	0.4732	ambiguous
P48065	E52R	0.9148	pathogenic
P48065	E52S	0.4705	ambiguous
P48065	E52T	0.6621	pathogenic
P48065	E52V	0.7647	pathogenic
P48065	E52W	0.9908	pathogenic
P48065	E52Y	0.9129	pathogenic
P48065	I53A	0.9172	pathogenic
P48065	I53C	0.9579	pathogenic
P48065	I53D	0.9926	pathogenic
P48065	I53E	0.9891	pathogenic
P48065	I53F	0.8969	pathogenic
P48065	I53G	0.9846	pathogenic
P48065	I53H	0.9943	pathogenic
P48065	I53K	0.9877	pathogenic
P48065	I53L	0.5812	pathogenic
P48065	I53M	0.4743	ambiguous
P48065	I53N	0.9163	pathogenic
P48065	I53P	0.9956	pathogenic
P48065	I53Q	0.9883	pathogenic
P48065	I53R	0.9845	pathogenic
P48065	I53S	0.9119	pathogenic
P48065	I53T	0.886	pathogenic
P48065	I53V	0.266	benign
P48065	I53W	0.9952	pathogenic
P48065	I53Y	0.9813	pathogenic
P48065	I54A	0.8851	pathogenic
P48065	I54C	0.9785	pathogenic
P48065	I54D	0.9973	pathogenic
P48065	I54E	0.9943	pathogenic
P48065	I54F	0.9039	pathogenic
P48065	I54G	0.9879	pathogenic
P48065	I54H	0.9971	pathogenic
P48065	I54K	0.9919	pathogenic
P48065	I54L	0.7	pathogenic
P48065	I54M	0.7083	pathogenic
P48065	I54N	0.9804	pathogenic
P48065	I54P	0.9788	pathogenic
P48065	I54Q	0.9924	pathogenic
P48065	I54R	0.984	pathogenic
P48065	I54S	0.9217	pathogenic
P48065	I54T	0.6503	pathogenic
P48065	I54V	0.1103	benign
P48065	I54W	0.995	pathogenic
P48065	I54Y	0.9917	pathogenic
P48065	G55A	0.9802	pathogenic
P48065	G55C	0.991	pathogenic
P48065	G55D	0.9941	pathogenic
P48065	G55E	0.9986	pathogenic
P48065	G55F	0.997	pathogenic
P48065	G55H	0.9993	pathogenic
P48065	G55I	0.997	pathogenic
P48065	G55K	0.9995	pathogenic
P48065	G55L	0.9958	pathogenic
P48065	G55M	0.9985	pathogenic
P48065	G55N	0.9981	pathogenic
P48065	G55P	0.9986	pathogenic
P48065	G55Q	0.9989	pathogenic
P48065	G55R	0.9984	pathogenic
P48065	G55S	0.9646	pathogenic
P48065	G55T	0.9926	pathogenic
P48065	G55V	0.9945	pathogenic
P48065	G55W	0.9972	pathogenic
P48065	G55Y	0.9977	pathogenic
P48065	L56A	0.9567	pathogenic
P48065	L56C	0.9877	pathogenic
P48065	L56D	0.9983	pathogenic
P48065	L56E	0.9944	pathogenic
P48065	L56F	0.8035	pathogenic
P48065	L56G	0.9862	pathogenic
P48065	L56H	0.9941	pathogenic
P48065	L56I	0.5709	pathogenic
P48065	L56K	0.9887	pathogenic
P48065	L56M	0.674	pathogenic
P48065	L56N	0.9912	pathogenic
P48065	L56P	0.9615	pathogenic
P48065	L56Q	0.9909	pathogenic
P48065	L56R	0.983	pathogenic
P48065	L56S	0.9923	pathogenic
P48065	L56T	0.9673	pathogenic
P48065	L56V	0.7383	pathogenic
P48065	L56W	0.9598	pathogenic
P48065	L56Y	0.969	pathogenic
P48065	G57A	0.9269	pathogenic
P48065	G57C	0.9897	pathogenic
P48065	G57D	0.9961	pathogenic
P48065	G57E	0.9962	pathogenic
P48065	G57F	0.9986	pathogenic
P48065	G57H	0.9995	pathogenic
P48065	G57I	0.9982	pathogenic
P48065	G57K	0.999	pathogenic
P48065	G57L	0.9973	pathogenic
P48065	G57M	0.9986	pathogenic
P48065	G57N	0.9972	pathogenic
P48065	G57P	0.9975	pathogenic
P48065	G57Q	0.9974	pathogenic
P48065	G57R	0.9969	pathogenic
P48065	G57S	0.9325	pathogenic
P48065	G57T	0.9899	pathogenic
P48065	G57V	0.9953	pathogenic
P48065	G57W	0.9971	pathogenic
P48065	G57Y	0.9985	pathogenic
P48065	N58A	0.9885	pathogenic
P48065	N58C	0.9469	pathogenic
P48065	N58D	0.9876	pathogenic
P48065	N58E	0.997	pathogenic
P48065	N58F	0.9985	pathogenic
P48065	N58G	0.9852	pathogenic
P48065	N58H	0.989	pathogenic
P48065	N58I	0.9899	pathogenic
P48065	N58K	0.9992	pathogenic
P48065	N58L	0.987	pathogenic
P48065	N58M	0.9908	pathogenic
P48065	N58P	0.9956	pathogenic
P48065	N58Q	0.9977	pathogenic
P48065	N58R	0.9987	pathogenic
P48065	N58S	0.8351	pathogenic
P48065	N58T	0.9707	pathogenic
P48065	N58V	0.9837	pathogenic
P48065	N58W	0.9995	pathogenic
P48065	N58Y	0.9902	pathogenic
P48065	V59A	0.9488	pathogenic
P48065	V59C	0.9753	pathogenic
P48065	V59D	0.9963	pathogenic
P48065	V59E	0.9898	pathogenic
P48065	V59F	0.799	pathogenic
P48065	V59G	0.9583	pathogenic
P48065	V59H	0.9972	pathogenic
P48065	V59I	0.1238	benign
P48065	V59K	0.9927	pathogenic
P48065	V59L	0.6706	pathogenic
P48065	V59M	0.6073	pathogenic
P48065	V59N	0.9885	pathogenic
P48065	V59P	0.993	pathogenic
P48065	V59Q	0.9872	pathogenic
P48065	V59R	0.9877	pathogenic
P48065	V59S	0.9743	pathogenic
P48065	V59T	0.9258	pathogenic
P48065	V59W	0.9967	pathogenic
P48065	V59Y	0.9828	pathogenic
P48065	W60A	0.99	pathogenic
P48065	W60C	0.996	pathogenic
P48065	W60D	0.9995	pathogenic
P48065	W60E	0.9992	pathogenic
P48065	W60F	0.8676	pathogenic
P48065	W60G	0.9779	pathogenic
P48065	W60H	0.9977	pathogenic
P48065	W60I	0.9885	pathogenic
P48065	W60K	0.9997	pathogenic
P48065	W60L	0.9462	pathogenic
P48065	W60M	0.9929	pathogenic
P48065	W60N	0.9992	pathogenic
P48065	W60P	0.9985	pathogenic
P48065	W60Q	0.9993	pathogenic
P48065	W60R	0.9991	pathogenic
P48065	W60S	0.9867	pathogenic
P48065	W60T	0.9935	pathogenic
P48065	W60V	0.9845	pathogenic
P48065	W60Y	0.9715	pathogenic
P48065	R61A	0.9971	pathogenic
P48065	R61C	0.9814	pathogenic
P48065	R61D	0.9981	pathogenic
P48065	R61E	0.9892	pathogenic
P48065	R61F	0.9981	pathogenic
P48065	R61G	0.992	pathogenic
P48065	R61H	0.9657	pathogenic
P48065	R61I	0.9949	pathogenic
P48065	R61K	0.945	pathogenic
P48065	R61L	0.9858	pathogenic
P48065	R61M	0.9982	pathogenic
P48065	R61N	0.9972	pathogenic
P48065	R61P	0.9989	pathogenic
P48065	R61Q	0.9628	pathogenic
P48065	R61S	0.9978	pathogenic
P48065	R61T	0.9986	pathogenic
P48065	R61V	0.9955	pathogenic
P48065	R61W	0.9837	pathogenic
P48065	R61Y	0.9884	pathogenic
P48065	F62A	0.9975	pathogenic
P48065	F62C	0.9977	pathogenic
P48065	F62D	0.9988	pathogenic
P48065	F62E	0.9988	pathogenic
P48065	F62G	0.998	pathogenic
P48065	F62H	0.9952	pathogenic
P48065	F62I	0.9908	pathogenic
P48065	F62K	0.999	pathogenic
P48065	F62L	0.9987	pathogenic
P48065	F62M	0.9945	pathogenic
P48065	F62N	0.9967	pathogenic
P48065	F62P	0.9997	pathogenic
P48065	F62Q	0.9984	pathogenic
P48065	F62R	0.9976	pathogenic
P48065	F62S	0.9969	pathogenic
P48065	F62T	0.9986	pathogenic
P48065	F62V	0.9923	pathogenic
P48065	F62W	0.9735	pathogenic
P48065	F62Y	0.8965	pathogenic
P48065	P63A	0.9685	pathogenic
P48065	P63C	0.9963	pathogenic
P48065	P63D	0.9989	pathogenic
P48065	P63E	0.9984	pathogenic
P48065	P63F	0.9995	pathogenic
P48065	P63G	0.9935	pathogenic
P48065	P63H	0.9967	pathogenic
P48065	P63I	0.998	pathogenic
P48065	P63K	0.9991	pathogenic
P48065	P63L	0.9885	pathogenic
P48065	P63M	0.999	pathogenic
P48065	P63N	0.9985	pathogenic
P48065	P63Q	0.996	pathogenic
P48065	P63R	0.9936	pathogenic
P48065	P63S	0.9825	pathogenic
P48065	P63T	0.9879	pathogenic
P48065	P63V	0.9953	pathogenic
P48065	P63W	0.9996	pathogenic
P48065	P63Y	0.9992	pathogenic
P48065	Y64A	0.9634	pathogenic
P48065	Y64C	0.9319	pathogenic
P48065	Y64D	0.9858	pathogenic
P48065	Y64E	0.9968	pathogenic
P48065	Y64F	0.2792	benign
P48065	Y64G	0.9612	pathogenic
P48065	Y64H	0.9559	pathogenic
P48065	Y64I	0.9732	pathogenic
P48065	Y64K	0.9974	pathogenic
P48065	Y64L	0.9108	pathogenic
P48065	Y64M	0.9771	pathogenic
P48065	Y64N	0.9461	pathogenic
P48065	Y64P	0.9953	pathogenic
P48065	Y64Q	0.9937	pathogenic
P48065	Y64R	0.9879	pathogenic
P48065	Y64S	0.847	pathogenic
P48065	Y64T	0.9819	pathogenic
P48065	Y64V	0.9279	pathogenic
P48065	Y64W	0.8315	pathogenic
P48065	L65A	0.9643	pathogenic
P48065	L65C	0.9748	pathogenic
P48065	L65D	0.9983	pathogenic
P48065	L65E	0.9862	pathogenic
P48065	L65F	0.9443	pathogenic
P48065	L65G	0.9911	pathogenic
P48065	L65H	0.9774	pathogenic
P48065	L65I	0.6238	pathogenic
P48065	L65K	0.9667	pathogenic
P48065	L65M	0.6962	pathogenic
P48065	L65N	0.9765	pathogenic
P48065	L65P	0.9979	pathogenic
P48065	L65Q	0.9445	pathogenic
P48065	L65R	0.9202	pathogenic
P48065	L65S	0.9859	pathogenic
P48065	L65T	0.9285	pathogenic
P48065	L65V	0.6549	pathogenic
P48065	L65W	0.9843	pathogenic
P48065	L65Y	0.9775	pathogenic
P48065	C66A	0.8445	pathogenic
P48065	C66D	0.999	pathogenic
P48065	C66E	0.9993	pathogenic
P48065	C66F	0.977	pathogenic
P48065	C66G	0.9108	pathogenic
P48065	C66H	0.9979	pathogenic
P48065	C66I	0.9625	pathogenic
P48065	C66K	0.9997	pathogenic
P48065	C66L	0.9127	pathogenic
P48065	C66M	0.9738	pathogenic
P48065	C66N	0.9925	pathogenic
P48065	C66P	0.9987	pathogenic
P48065	C66Q	0.9974	pathogenic
P48065	C66R	0.9947	pathogenic
P48065	C66S	0.911	pathogenic
P48065	C66T	0.9393	pathogenic
P48065	C66V	0.8633	pathogenic
P48065	C66W	0.9973	pathogenic
P48065	C66Y	0.9953	pathogenic
P48065	Y67A	0.9324	pathogenic
P48065	Y67C	0.7216	pathogenic
P48065	Y67D	0.9825	pathogenic
P48065	Y67E	0.9897	pathogenic
P48065	Y67F	0.1251	benign
P48065	Y67G	0.8472	pathogenic
P48065	Y67H	0.8446	pathogenic
P48065	Y67I	0.9534	pathogenic
P48065	Y67K	0.9829	pathogenic
P48065	Y67L	0.7392	pathogenic
P48065	Y67M	0.9097	pathogenic
P48065	Y67N	0.9112	pathogenic
P48065	Y67P	0.9971	pathogenic
P48065	Y67Q	0.9572	pathogenic
P48065	Y67R	0.9367	pathogenic
P48065	Y67S	0.8451	pathogenic
P48065	Y67T	0.9785	pathogenic
P48065	Y67V	0.9033	pathogenic
P48065	Y67W	0.7462	pathogenic
P48065	K68A	0.9583	pathogenic
P48065	K68C	0.9784	pathogenic
P48065	K68D	0.9901	pathogenic
P48065	K68E	0.8657	pathogenic
P48065	K68F	0.9972	pathogenic
P48065	K68G	0.982	pathogenic
P48065	K68H	0.8753	pathogenic
P48065	K68I	0.9475	pathogenic
P48065	K68L	0.9414	pathogenic
P48065	K68M	0.933	pathogenic
P48065	K68N	0.9836	pathogenic
P48065	K68P	0.9979	pathogenic
P48065	K68Q	0.564	ambiguous
P48065	K68R	0.1279	benign
P48065	K68S	0.9731	pathogenic
P48065	K68T	0.9112	pathogenic
P48065	K68V	0.9293	pathogenic
P48065	K68W	0.9906	pathogenic
P48065	K68Y	0.9834	pathogenic
P48065	N69A	0.9718	pathogenic
P48065	N69C	0.9193	pathogenic
P48065	N69D	0.9769	pathogenic
P48065	N69E	0.9853	pathogenic
P48065	N69F	0.9436	pathogenic
P48065	N69G	0.9473	pathogenic
P48065	N69H	0.7094	pathogenic
P48065	N69I	0.977	pathogenic
P48065	N69K	0.9917	pathogenic
P48065	N69L	0.9636	pathogenic
P48065	N69M	0.9724	pathogenic
P48065	N69P	0.997	pathogenic
P48065	N69Q	0.9804	pathogenic
P48065	N69R	0.9812	pathogenic
P48065	N69S	0.7346	pathogenic
P48065	N69T	0.957	pathogenic
P48065	N69V	0.9668	pathogenic
P48065	N69W	0.9747	pathogenic
P48065	N69Y	0.5193	ambiguous
P48065	G70A	0.9485	pathogenic
P48065	G70C	0.9841	pathogenic
P48065	G70D	0.9644	pathogenic
P48065	G70E	0.9849	pathogenic
P48065	G70F	0.9969	pathogenic
P48065	G70H	0.9876	pathogenic
P48065	G70I	0.9963	pathogenic
P48065	G70K	0.9766	pathogenic
P48065	G70L	0.9945	pathogenic
P48065	G70M	0.9965	pathogenic
P48065	G70N	0.9723	pathogenic
P48065	G70P	0.9992	pathogenic
P48065	G70Q	0.9769	pathogenic
P48065	G70R	0.9599	pathogenic
P48065	G70S	0.8574	pathogenic
P48065	G70T	0.9796	pathogenic
P48065	G70V	0.9917	pathogenic
P48065	G70W	0.9944	pathogenic
P48065	G70Y	0.9933	pathogenic
P48065	G71A	0.9278	pathogenic
P48065	G71C	0.9823	pathogenic
P48065	G71D	0.9913	pathogenic
P48065	G71E	0.9928	pathogenic
P48065	G71F	0.9939	pathogenic
P48065	G71H	0.9968	pathogenic
P48065	G71I	0.9942	pathogenic
P48065	G71K	0.9924	pathogenic
P48065	G71L	0.9936	pathogenic
P48065	G71M	0.996	pathogenic
P48065	G71N	0.9941	pathogenic
P48065	G71P	0.9981	pathogenic
P48065	G71Q	0.9927	pathogenic
P48065	G71R	0.9795	pathogenic
P48065	G71S	0.9318	pathogenic
P48065	G71T	0.9835	pathogenic
P48065	G71V	0.987	pathogenic
P48065	G71W	0.9906	pathogenic
P48065	G71Y	0.9943	pathogenic
P48065	G72A	0.6424	pathogenic
P48065	G72C	0.9443	pathogenic
P48065	G72D	0.9898	pathogenic
P48065	G72E	0.9886	pathogenic
P48065	G72F	0.9739	pathogenic
P48065	G72H	0.9968	pathogenic
P48065	G72I	0.976	pathogenic
P48065	G72K	0.9956	pathogenic
P48065	G72L	0.975	pathogenic
P48065	G72M	0.9791	pathogenic
P48065	G72N	0.9914	pathogenic
P48065	G72P	0.9947	pathogenic
P48065	G72Q	0.9912	pathogenic
P48065	G72R	0.9851	pathogenic
P48065	G72S	0.7811	pathogenic
P48065	G72T	0.9398	pathogenic
P48065	G72V	0.9458	pathogenic
P48065	G72W	0.9703	pathogenic
P48065	G72Y	0.9867	pathogenic
P48065	A73C	0.726	pathogenic
P48065	A73D	0.9595	pathogenic
P48065	A73E	0.9335	pathogenic
P48065	A73F	0.876	pathogenic
P48065	A73G	0.5335	ambiguous
P48065	A73H	0.9672	pathogenic
P48065	A73I	0.4934	ambiguous
P48065	A73K	0.9747	pathogenic
P48065	A73L	0.677	pathogenic
P48065	A73M	0.7018	pathogenic
P48065	A73N	0.88	pathogenic
P48065	A73P	0.8335	pathogenic
P48065	A73Q	0.9029	pathogenic
P48065	A73R	0.9296	pathogenic
P48065	A73S	0.1828	benign
P48065	A73T	0.2864	benign
P48065	A73V	0.2074	benign
P48065	A73W	0.9858	pathogenic
P48065	A73Y	0.9487	pathogenic
P48065	F74A	0.9903	pathogenic
P48065	F74C	0.9898	pathogenic
P48065	F74D	0.9985	pathogenic
P48065	F74E	0.9987	pathogenic
P48065	F74G	0.9957	pathogenic
P48065	F74H	0.9946	pathogenic
P48065	F74I	0.9819	pathogenic
P48065	F74K	0.9984	pathogenic
P48065	F74L	0.998	pathogenic
P48065	F74M	0.9921	pathogenic
P48065	F74N	0.9964	pathogenic
P48065	F74P	0.9996	pathogenic
P48065	F74Q	0.9978	pathogenic
P48065	F74R	0.9929	pathogenic
P48065	F74S	0.9907	pathogenic
P48065	F74T	0.9944	pathogenic
P48065	F74V	0.9701	pathogenic
P48065	F74W	0.9694	pathogenic
P48065	F74Y	0.8668	pathogenic
P48065	F75A	0.7741	pathogenic
P48065	F75C	0.4989	ambiguous
P48065	F75D	0.9928	pathogenic
P48065	F75E	0.9936	pathogenic
P48065	F75G	0.9027	pathogenic
P48065	F75H	0.9712	pathogenic
P48065	F75I	0.3691	ambiguous
P48065	F75K	0.9936	pathogenic
P48065	F75L	0.4198	ambiguous
P48065	F75M	0.51	ambiguous
P48065	F75N	0.975	pathogenic
P48065	F75P	0.9929	pathogenic
P48065	F75Q	0.9818	pathogenic
P48065	F75R	0.9795	pathogenic
P48065	F75S	0.887	pathogenic
P48065	F75T	0.864	pathogenic
P48065	F75V	0.3745	ambiguous
P48065	F75W	0.8116	pathogenic
P48065	F75Y	0.5984	pathogenic
P48065	I76A	0.6461	pathogenic
P48065	I76C	0.8178	pathogenic
P48065	I76D	0.9927	pathogenic
P48065	I76E	0.9851	pathogenic
P48065	I76F	0.1812	benign
P48065	I76G	0.8355	pathogenic
P48065	I76H	0.9618	pathogenic
P48065	I76K	0.9676	pathogenic
P48065	I76L	0.114	benign
P48065	I76M	0.2684	benign
P48065	I76N	0.9216	pathogenic
P48065	I76P	0.8267	pathogenic
P48065	I76Q	0.9615	pathogenic
P48065	I76R	0.9512	pathogenic
P48065	I76S	0.7741	pathogenic
P48065	I76T	0.644	pathogenic
P48065	I76V	0.0871	benign
P48065	I76W	0.9013	pathogenic
P48065	I76Y	0.7671	pathogenic
P48065	P77A	0.6918	pathogenic
P48065	P77C	0.9792	pathogenic
P48065	P77D	0.9986	pathogenic
P48065	P77E	0.9961	pathogenic
P48065	P77F	0.9975	pathogenic
P48065	P77G	0.9743	pathogenic
P48065	P77H	0.9951	pathogenic
P48065	P77I	0.9756	pathogenic
P48065	P77K	0.9979	pathogenic
P48065	P77L	0.9279	pathogenic
P48065	P77M	0.991	pathogenic
P48065	P77N	0.9966	pathogenic
P48065	P77Q	0.9882	pathogenic
P48065	P77R	0.9891	pathogenic
P48065	P77S	0.9317	pathogenic
P48065	P77T	0.9226	pathogenic
P48065	P77V	0.9458	pathogenic
P48065	P77W	0.9991	pathogenic
P48065	P77Y	0.9981	pathogenic
P48065	Y78A	0.9624	pathogenic
P48065	Y78C	0.8456	pathogenic
P48065	Y78D	0.9868	pathogenic
P48065	Y78E	0.9963	pathogenic
P48065	Y78F	0.2934	benign
P48065	Y78G	0.9465	pathogenic
P48065	Y78H	0.9741	pathogenic
P48065	Y78I	0.9595	pathogenic
P48065	Y78K	0.9975	pathogenic
P48065	Y78L	0.8566	pathogenic
P48065	Y78M	0.9681	pathogenic
P48065	Y78N	0.9438	pathogenic
P48065	Y78P	0.9906	pathogenic
P48065	Y78Q	0.9954	pathogenic
P48065	Y78R	0.9909	pathogenic
P48065	Y78S	0.8787	pathogenic
P48065	Y78T	0.9585	pathogenic
P48065	Y78V	0.8774	pathogenic
P48065	Y78W	0.8259	pathogenic
P48065	F79A	0.1637	benign
P48065	F79C	0.0878	benign
P48065	F79D	0.9247	pathogenic
P48065	F79E	0.9474	pathogenic
P48065	F79G	0.3141	benign
P48065	F79H	0.8691	pathogenic
P48065	F79I	0.0762	benign
P48065	F79K	0.9651	pathogenic
P48065	F79L	0.2609	benign
P48065	F79M	0.1659	benign
P48065	F79N	0.722	pathogenic
P48065	F79P	0.9665	pathogenic
P48065	F79Q	0.8993	pathogenic
P48065	F79R	0.9306	pathogenic
P48065	F79S	0.2031	benign
P48065	F79T	0.1786	benign
P48065	F79V	0.0674	benign
P48065	F79W	0.5414	ambiguous
P48065	F79Y	0.3486	ambiguous
P48065	I80A	0.3643	ambiguous
P48065	I80C	0.5307	ambiguous
P48065	I80D	0.9754	pathogenic
P48065	I80E	0.9698	pathogenic
P48065	I80F	0.1788	benign
P48065	I80G	0.6698	pathogenic
P48065	I80H	0.9167	pathogenic
P48065	I80K	0.9579	pathogenic
P48065	I80L	0.0775	benign
P48065	I80M	0.1615	benign
P48065	I80N	0.7626	pathogenic
P48065	I80P	0.9028	pathogenic
P48065	I80Q	0.9171	pathogenic
P48065	I80R	0.9181	pathogenic
P48065	I80S	0.3948	ambiguous
P48065	I80T	0.2757	benign
P48065	I80V	0.0773	benign
P48065	I80W	0.9034	pathogenic
P48065	I80Y	0.7685	pathogenic
P48065	F81A	0.8682	pathogenic
P48065	F81C	0.5494	ambiguous
P48065	F81D	0.9899	pathogenic
P48065	F81E	0.9925	pathogenic
P48065	F81G	0.9398	pathogenic
P48065	F81H	0.9564	pathogenic
P48065	F81I	0.6513	pathogenic
P48065	F81K	0.9961	pathogenic
P48065	F81L	0.9342	pathogenic
P48065	F81M	0.7734	pathogenic
P48065	F81N	0.928	pathogenic
P48065	F81P	0.996	pathogenic
P48065	F81Q	0.9804	pathogenic
P48065	F81R	0.9885	pathogenic
P48065	F81S	0.7969	pathogenic
P48065	F81T	0.8471	pathogenic
P48065	F81V	0.5865	pathogenic
P48065	F81W	0.8691	pathogenic
P48065	F81Y	0.3758	ambiguous
P48065	F82A	0.3345	benign
P48065	F82C	0.1421	benign
P48065	F82D	0.9467	pathogenic
P48065	F82E	0.9508	pathogenic
P48065	F82G	0.6047	pathogenic
P48065	F82H	0.8685	pathogenic
P48065	F82I	0.1478	benign
P48065	F82K	0.9608	pathogenic
P48065	F82L	0.2773	benign
P48065	F82M	0.2567	benign
P48065	F82N	0.7957	pathogenic
P48065	F82P	0.9645	pathogenic
P48065	F82Q	0.8757	pathogenic
P48065	F82R	0.9083	pathogenic
P48065	F82S	0.4311	ambiguous
P48065	F82T	0.3793	ambiguous
P48065	F82V	0.1257	benign
P48065	F82W	0.613	pathogenic
P48065	F82Y	0.2554	benign
P48065	F83A	0.1732	benign
P48065	F83C	0.11	benign
P48065	F83D	0.9494	pathogenic
P48065	F83E	0.9638	pathogenic
P48065	F83G	0.3885	ambiguous
P48065	F83H	0.8469	pathogenic
P48065	F83I	0.092	benign
P48065	F83K	0.97	pathogenic
P48065	F83L	0.3082	benign
P48065	F83M	0.2458	benign
P48065	F83N	0.7848	pathogenic
P48065	F83P	0.8227	pathogenic
P48065	F83Q	0.9092	pathogenic
P48065	F83R	0.9282	pathogenic
P48065	F83S	0.2225	benign
P48065	F83T	0.2072	benign
P48065	F83V	0.0824	benign
P48065	F83W	0.5145	ambiguous
P48065	F83Y	0.3976	ambiguous
P48065	V84A	0.0803	benign
P48065	V84C	0.3113	benign
P48065	V84D	0.7285	pathogenic
P48065	V84E	0.7557	pathogenic
P48065	V84F	0.112	benign
P48065	V84G	0.1089	benign
P48065	V84H	0.7472	pathogenic
P48065	V84I	0.0807	benign
P48065	V84K	0.8282	pathogenic
P48065	V84L	0.1096	benign
P48065	V84M	0.151	benign
P48065	V84N	0.4259	ambiguous
P48065	V84P	0.5613	ambiguous
P48065	V84Q	0.6373	pathogenic
P48065	V84R	0.7374	pathogenic
P48065	V84S	0.1011	benign
P48065	V84T	0.0875	benign
P48065	V84W	0.7442	pathogenic
P48065	V84Y	0.5821	pathogenic
P48065	C85A	0.4757	ambiguous
P48065	C85D	0.9874	pathogenic
P48065	C85E	0.9944	pathogenic
P48065	C85F	0.6937	pathogenic
P48065	C85G	0.3062	benign
P48065	C85H	0.9846	pathogenic
P48065	C85I	0.8224	pathogenic
P48065	C85K	0.9984	pathogenic
P48065	C85L	0.7549	pathogenic
P48065	C85M	0.8485	pathogenic
P48065	C85N	0.9331	pathogenic
P48065	C85P	0.9843	pathogenic
P48065	C85Q	0.9859	pathogenic
P48065	C85R	0.9897	pathogenic
P48065	C85S	0.4434	ambiguous
P48065	C85T	0.6539	pathogenic
P48065	C85V	0.6525	pathogenic
P48065	C85W	0.9635	pathogenic
P48065	C85Y	0.9427	pathogenic
P48065	G86A	0.68	pathogenic
P48065	G86C	0.9427	pathogenic
P48065	G86D	0.9949	pathogenic
P48065	G86E	0.9962	pathogenic
P48065	G86F	0.9948	pathogenic
P48065	G86H	0.9983	pathogenic
P48065	G86I	0.9861	pathogenic
P48065	G86K	0.9986	pathogenic
P48065	G86L	0.9878	pathogenic
P48065	G86M	0.9918	pathogenic
P48065	G86N	0.9929	pathogenic
P48065	G86P	0.998	pathogenic
P48065	G86Q	0.9943	pathogenic
P48065	G86R	0.994	pathogenic
P48065	G86S	0.7713	pathogenic
P48065	G86T	0.9587	pathogenic
P48065	G86V	0.9717	pathogenic
P48065	G86W	0.9955	pathogenic
P48065	G86Y	0.9969	pathogenic
P48065	I87A	0.7269	pathogenic
P48065	I87C	0.8333	pathogenic
P48065	I87D	0.9908	pathogenic
P48065	I87E	0.9816	pathogenic
P48065	I87F	0.2838	benign
P48065	I87G	0.8766	pathogenic
P48065	I87H	0.9694	pathogenic
P48065	I87K	0.9602	pathogenic
P48065	I87L	0.1277	benign
P48065	I87M	0.165	benign
P48065	I87N	0.8542	pathogenic
P48065	I87P	0.9398	pathogenic
P48065	I87Q	0.9549	pathogenic
P48065	I87R	0.9526	pathogenic
P48065	I87S	0.7566	pathogenic
P48065	I87T	0.7147	pathogenic
P48065	I87V	0.1037	benign
P48065	I87W	0.9444	pathogenic
P48065	I87Y	0.8433	pathogenic
P48065	P88A	0.8157	pathogenic
P48065	P88C	0.9735	pathogenic
P48065	P88D	0.9952	pathogenic
P48065	P88E	0.9911	pathogenic
P48065	P88F	0.9907	pathogenic
P48065	P88G	0.9676	pathogenic
P48065	P88H	0.9772	pathogenic
P48065	P88I	0.977	pathogenic
P48065	P88K	0.9968	pathogenic
P48065	P88L	0.9066	pathogenic
P48065	P88M	0.9738	pathogenic
P48065	P88N	0.9854	pathogenic
P48065	P88Q	0.9688	pathogenic
P48065	P88R	0.9865	pathogenic
P48065	P88S	0.8712	pathogenic
P48065	P88T	0.8517	pathogenic
P48065	P88V	0.9475	pathogenic
P48065	P88W	0.9967	pathogenic
P48065	P88Y	0.9939	pathogenic
P48065	V89A	0.4919	ambiguous
P48065	V89C	0.8326	pathogenic
P48065	V89D	0.9434	pathogenic
P48065	V89E	0.8886	pathogenic
P48065	V89F	0.5659	pathogenic
P48065	V89G	0.579	pathogenic
P48065	V89H	0.9601	pathogenic
P48065	V89I	0.0891	benign
P48065	V89K	0.9471	pathogenic
P48065	V89L	0.1791	benign
P48065	V89M	0.2372	benign
P48065	V89N	0.764	pathogenic
P48065	V89P	0.939	pathogenic
P48065	V89Q	0.8581	pathogenic
P48065	V89R	0.9342	pathogenic
P48065	V89S	0.6018	pathogenic
P48065	V89T	0.4489	ambiguous
P48065	V89W	0.9841	pathogenic
P48065	V89Y	0.9344	pathogenic
P48065	F90A	0.9608	pathogenic
P48065	F90C	0.8765	pathogenic
P48065	F90D	0.9963	pathogenic
P48065	F90E	0.9965	pathogenic
P48065	F90G	0.9729	pathogenic
P48065	F90H	0.9792	pathogenic
P48065	F90I	0.9118	pathogenic
P48065	F90K	0.9974	pathogenic
P48065	F90L	0.9834	pathogenic
P48065	F90M	0.9318	pathogenic
P48065	F90N	0.9826	pathogenic
P48065	F90P	0.9991	pathogenic
P48065	F90Q	0.991	pathogenic
P48065	F90R	0.9891	pathogenic
P48065	F90S	0.9596	pathogenic
P48065	F90T	0.9699	pathogenic
P48065	F90V	0.8581	pathogenic
P48065	F90W	0.9299	pathogenic
P48065	F90Y	0.6511	pathogenic
P48065	F91A	0.8491	pathogenic
P48065	F91C	0.5322	ambiguous
P48065	F91D	0.9957	pathogenic
P48065	F91E	0.9941	pathogenic
P48065	F91G	0.9339	pathogenic
P48065	F91H	0.9588	pathogenic
P48065	F91I	0.3472	ambiguous
P48065	F91K	0.9955	pathogenic
P48065	F91L	0.5954	pathogenic
P48065	F91M	0.5743	pathogenic
P48065	F91N	0.9751	pathogenic
P48065	F91P	0.9968	pathogenic
P48065	F91Q	0.98	pathogenic
P48065	F91R	0.9852	pathogenic
P48065	F91S	0.8782	pathogenic
P48065	F91T	0.8556	pathogenic
P48065	F91V	0.3271	benign
P48065	F91W	0.8059	pathogenic
P48065	F91Y	0.4434	ambiguous
P48065	L92A	0.7957	pathogenic
P48065	L92C	0.863	pathogenic
P48065	L92D	0.9971	pathogenic
P48065	L92E	0.9614	pathogenic
P48065	L92F	0.6396	pathogenic
P48065	L92G	0.9408	pathogenic
P48065	L92H	0.9479	pathogenic
P48065	L92I	0.505	ambiguous
P48065	L92K	0.9636	pathogenic
P48065	L92M	0.1988	benign
P48065	L92N	0.9727	pathogenic
P48065	L92P	0.9888	pathogenic
P48065	L92Q	0.7972	pathogenic
P48065	L92R	0.9402	pathogenic
P48065	L92S	0.897	pathogenic
P48065	L92T	0.7757	pathogenic
P48065	L92V	0.4441	ambiguous
P48065	L92W	0.9163	pathogenic
P48065	L92Y	0.9568	pathogenic
P48065	E93A	0.9842	pathogenic
P48065	E93C	0.9942	pathogenic
P48065	E93D	0.9751	pathogenic
P48065	E93F	0.9994	pathogenic
P48065	E93G	0.9765	pathogenic
P48065	E93H	0.9932	pathogenic
P48065	E93I	0.9977	pathogenic
P48065	E93K	0.9857	pathogenic
P48065	E93L	0.9959	pathogenic
P48065	E93M	0.9962	pathogenic
P48065	E93N	0.9931	pathogenic
P48065	E93P	0.9984	pathogenic
P48065	E93Q	0.9397	pathogenic
P48065	E93R	0.9867	pathogenic
P48065	E93S	0.9834	pathogenic
P48065	E93T	0.9908	pathogenic
P48065	E93V	0.9933	pathogenic
P48065	E93W	0.9995	pathogenic
P48065	E93Y	0.9986	pathogenic
P48065	V94A	0.3911	ambiguous
P48065	V94C	0.8148	pathogenic
P48065	V94D	0.9163	pathogenic
P48065	V94E	0.8707	pathogenic
P48065	V94F	0.6773	pathogenic
P48065	V94G	0.4731	ambiguous
P48065	V94H	0.9641	pathogenic
P48065	V94I	0.1298	benign
P48065	V94K	0.9475	pathogenic
P48065	V94L	0.5532	ambiguous
P48065	V94M	0.3642	ambiguous
P48065	V94N	0.6702	pathogenic
P48065	V94P	0.9725	pathogenic
P48065	V94Q	0.8933	pathogenic
P48065	V94R	0.9321	pathogenic
P48065	V94S	0.4567	ambiguous
P48065	V94T	0.1347	benign
P48065	V94W	0.9836	pathogenic
P48065	V94Y	0.9378	pathogenic
P48065	A95C	0.5313	ambiguous
P48065	A95D	0.9862	pathogenic
P48065	A95E	0.9779	pathogenic
P48065	A95F	0.9028	pathogenic
P48065	A95G	0.3171	benign
P48065	A95H	0.9818	pathogenic
P48065	A95I	0.6948	pathogenic
P48065	A95K	0.9958	pathogenic
P48065	A95L	0.6562	pathogenic
P48065	A95M	0.6678	pathogenic
P48065	A95N	0.9366	pathogenic
P48065	A95P	0.9878	pathogenic
P48065	A95Q	0.9562	pathogenic
P48065	A95R	0.9898	pathogenic
P48065	A95S	0.1173	benign
P48065	A95T	0.2314	benign
P48065	A95V	0.4009	ambiguous
P48065	A95W	0.9912	pathogenic
P48065	A95Y	0.9763	pathogenic
P48065	L96A	0.7547	pathogenic
P48065	L96C	0.886	pathogenic
P48065	L96D	0.9974	pathogenic
P48065	L96E	0.9777	pathogenic
P48065	L96F	0.5114	ambiguous
P48065	L96G	0.9681	pathogenic
P48065	L96H	0.965	pathogenic
P48065	L96I	0.1989	benign
P48065	L96K	0.9737	pathogenic
P48065	L96M	0.216	benign
P48065	L96N	0.9792	pathogenic
P48065	L96P	0.987	pathogenic
P48065	L96Q	0.9231	pathogenic
P48065	L96R	0.952	pathogenic
P48065	L96S	0.9211	pathogenic
P48065	L96T	0.6703	pathogenic
P48065	L96V	0.176	benign
P48065	L96W	0.8733	pathogenic
P48065	L96Y	0.9421	pathogenic
P48065	G97A	0.9403	pathogenic
P48065	G97C	0.9879	pathogenic
P48065	G97D	0.9958	pathogenic
P48065	G97E	0.995	pathogenic
P48065	G97F	0.9973	pathogenic
P48065	G97H	0.999	pathogenic
P48065	G97I	0.9972	pathogenic
P48065	G97K	0.9985	pathogenic
P48065	G97L	0.996	pathogenic
P48065	G97M	0.9984	pathogenic
P48065	G97N	0.9982	pathogenic
P48065	G97P	0.9989	pathogenic
P48065	G97Q	0.9964	pathogenic
P48065	G97R	0.9938	pathogenic
P48065	G97S	0.9554	pathogenic
P48065	G97T	0.9939	pathogenic
P48065	G97V	0.9934	pathogenic
P48065	G97W	0.9937	pathogenic
P48065	G97Y	0.9975	pathogenic
P48065	Q98A	0.9333	pathogenic
P48065	Q98C	0.9982	pathogenic
P48065	Q98D	0.995	pathogenic
P48065	Q98E	0.7391	pathogenic
P48065	Q98F	0.9978	pathogenic
P48065	Q98G	0.9525	pathogenic
P48065	Q98H	0.9945	pathogenic
P48065	Q98I	0.9835	pathogenic
P48065	Q98K	0.9563	pathogenic
P48065	Q98L	0.9688	pathogenic
P48065	Q98M	0.931	pathogenic
P48065	Q98N	0.9513	pathogenic
P48065	Q98P	0.9856	pathogenic
P48065	Q98R	0.9625	pathogenic
P48065	Q98S	0.9153	pathogenic
P48065	Q98T	0.9531	pathogenic
P48065	Q98V	0.9786	pathogenic
P48065	Q98W	0.9991	pathogenic
P48065	Q98Y	0.9986	pathogenic
P48065	Y99A	0.9804	pathogenic
P48065	Y99C	0.846	pathogenic
P48065	Y99D	0.9789	pathogenic
P48065	Y99E	0.9921	pathogenic
P48065	Y99F	0.1282	benign
P48065	Y99G	0.9682	pathogenic
P48065	Y99H	0.8518	pathogenic
P48065	Y99I	0.9463	pathogenic
P48065	Y99K	0.984	pathogenic
P48065	Y99L	0.8274	pathogenic
P48065	Y99M	0.9324	pathogenic
P48065	Y99N	0.9303	pathogenic
P48065	Y99P	0.9987	pathogenic
P48065	Y99Q	0.9815	pathogenic
P48065	Y99R	0.958	pathogenic
P48065	Y99S	0.9618	pathogenic
P48065	Y99T	0.9877	pathogenic
P48065	Y99V	0.9097	pathogenic
P48065	Y99W	0.7438	pathogenic
P48065	T100A	0.4231	ambiguous
P48065	T100C	0.6454	pathogenic
P48065	T100D	0.9754	pathogenic
P48065	T100E	0.9709	pathogenic
P48065	T100F	0.895	pathogenic
P48065	T100G	0.7057	pathogenic
P48065	T100H	0.8807	pathogenic
P48065	T100I	0.8572	pathogenic
P48065	T100K	0.9515	pathogenic
P48065	T100L	0.4866	ambiguous
P48065	T100M	0.3755	ambiguous
P48065	T100N	0.7858	pathogenic
P48065	T100P	0.8837	pathogenic
P48065	T100Q	0.8887	pathogenic
P48065	T100R	0.878	pathogenic
P48065	T100S	0.3664	ambiguous
P48065	T100V	0.6487	pathogenic
P48065	T100W	0.9781	pathogenic
P48065	T100Y	0.9373	pathogenic
P48065	S101A	0.1478	benign
P48065	S101C	0.1514	benign
P48065	S101D	0.7033	pathogenic
P48065	S101E	0.7049	pathogenic
P48065	S101F	0.6778	pathogenic
P48065	S101G	0.1041	benign
P48065	S101H	0.5258	ambiguous
P48065	S101I	0.6547	pathogenic
P48065	S101K	0.6966	pathogenic
P48065	S101L	0.2999	benign
P48065	S101M	0.4533	ambiguous
P48065	S101N	0.2748	benign
P48065	S101P	0.9249	pathogenic
P48065	S101Q	0.4444	ambiguous
P48065	S101R	0.5195	ambiguous
P48065	S101T	0.2112	benign
P48065	S101V	0.5612	ambiguous
P48065	S101W	0.7245	pathogenic
P48065	S101Y	0.5444	ambiguous
P48065	Q102A	0.472	ambiguous
P48065	Q102C	0.8182	pathogenic
P48065	Q102D	0.8355	pathogenic
P48065	Q102E	0.0839	benign
P48065	Q102F	0.9534	pathogenic
P48065	Q102G	0.5588	ambiguous
P48065	Q102H	0.6473	pathogenic
P48065	Q102I	0.851	pathogenic
P48065	Q102K	0.2609	benign
P48065	Q102L	0.4667	ambiguous
P48065	Q102M	0.65	pathogenic
P48065	Q102N	0.7541	pathogenic
P48065	Q102P	0.9708	pathogenic
P48065	Q102R	0.2397	benign
P48065	Q102S	0.5567	ambiguous
P48065	Q102T	0.5587	ambiguous
P48065	Q102V	0.6273	pathogenic
P48065	Q102W	0.9309	pathogenic
P48065	Q102Y	0.8868	pathogenic
P48065	G103A	0.8497	pathogenic
P48065	G103C	0.9603	pathogenic
P48065	G103D	0.9757	pathogenic
P48065	G103E	0.9886	pathogenic
P48065	G103F	0.9959	pathogenic
P48065	G103H	0.9965	pathogenic
P48065	G103I	0.9915	pathogenic
P48065	G103K	0.9969	pathogenic
P48065	G103L	0.9933	pathogenic
P48065	G103M	0.9951	pathogenic
P48065	G103N	0.9824	pathogenic
P48065	G103P	0.9976	pathogenic
P48065	G103Q	0.9939	pathogenic
P48065	G103R	0.9917	pathogenic
P48065	G103S	0.7388	pathogenic
P48065	G103T	0.9491	pathogenic
P48065	G103V	0.9767	pathogenic
P48065	G103W	0.9929	pathogenic
P48065	G103Y	0.9935	pathogenic
P48065	S104A	0.1261	benign
P48065	S104C	0.1433	benign
P48065	S104D	0.9153	pathogenic
P48065	S104E	0.9421	pathogenic
P48065	S104F	0.8236	pathogenic
P48065	S104G	0.0912	benign
P48065	S104H	0.9146	pathogenic
P48065	S104I	0.4699	ambiguous
P48065	S104K	0.9906	pathogenic
P48065	S104L	0.4922	ambiguous
P48065	S104M	0.554	ambiguous
P48065	S104N	0.5324	ambiguous
P48065	S104P	0.4046	ambiguous
P48065	S104Q	0.9346	pathogenic
P48065	S104R	0.9824	pathogenic
P48065	S104T	0.183	benign
P48065	S104V	0.4331	ambiguous
P48065	S104W	0.9163	pathogenic
P48065	S104Y	0.8406	pathogenic
P48065	V105A	0.5617	ambiguous
P48065	V105C	0.8832	pathogenic
P48065	V105D	0.9584	pathogenic
P48065	V105E	0.9152	pathogenic
P48065	V105F	0.4235	ambiguous
P48065	V105G	0.6816	pathogenic
P48065	V105H	0.9623	pathogenic
P48065	V105I	0.0866	benign
P48065	V105K	0.9364	pathogenic
P48065	V105L	0.3886	ambiguous
P48065	V105M	0.3708	ambiguous
P48065	V105N	0.9036	pathogenic
P48065	V105P	0.831	pathogenic
P48065	V105Q	0.9056	pathogenic
P48065	V105R	0.9025	pathogenic
P48065	V105S	0.7633	pathogenic
P48065	V105T	0.6566	pathogenic
P48065	V105W	0.9512	pathogenic
P48065	V105Y	0.8745	pathogenic
P48065	T106A	0.2395	benign
P48065	T106C	0.8226	pathogenic
P48065	T106D	0.7974	pathogenic
P48065	T106E	0.6801	pathogenic
P48065	T106F	0.6491	pathogenic
P48065	T106G	0.3896	ambiguous
P48065	T106H	0.6132	pathogenic
P48065	T106I	0.7676	pathogenic
P48065	T106K	0.5502	ambiguous
P48065	T106L	0.3262	benign
P48065	T106M	0.212	benign
P48065	T106N	0.4334	ambiguous
P48065	T106P	0.5051	ambiguous
P48065	T106Q	0.5019	ambiguous
P48065	T106R	0.4313	ambiguous
P48065	T106S	0.2536	benign
P48065	T106V	0.5568	ambiguous
P48065	T106W	0.8751	pathogenic
P48065	T106Y	0.6985	pathogenic
P48065	A107C	0.4615	ambiguous
P48065	A107D	0.9787	pathogenic
P48065	A107E	0.9707	pathogenic
P48065	A107F	0.9498	pathogenic
P48065	A107G	0.3628	ambiguous
P48065	A107H	0.9794	pathogenic
P48065	A107I	0.7673	pathogenic
P48065	A107K	0.994	pathogenic
P48065	A107L	0.7472	pathogenic
P48065	A107M	0.7926	pathogenic
P48065	A107N	0.9187	pathogenic
P48065	A107P	0.9629	pathogenic
P48065	A107Q	0.9499	pathogenic
P48065	A107R	0.9762	pathogenic
P48065	A107S	0.1542	benign
P48065	A107T	0.261	benign
P48065	A107V	0.3743	ambiguous
P48065	A107W	0.9947	pathogenic
P48065	A107Y	0.9776	pathogenic
P48065	W108A	0.9797	pathogenic
P48065	W108C	0.986	pathogenic
P48065	W108D	0.9989	pathogenic
P48065	W108E	0.9976	pathogenic
P48065	W108F	0.4904	ambiguous
P48065	W108G	0.9435	pathogenic
P48065	W108H	0.9905	pathogenic
P48065	W108I	0.9734	pathogenic
P48065	W108K	0.9988	pathogenic
P48065	W108L	0.9159	pathogenic
P48065	W108M	0.9707	pathogenic
P48065	W108N	0.9965	pathogenic
P48065	W108P	0.9981	pathogenic
P48065	W108Q	0.9966	pathogenic
P48065	W108R	0.9962	pathogenic
P48065	W108S	0.9668	pathogenic
P48065	W108T	0.984	pathogenic
P48065	W108V	0.9592	pathogenic
P48065	W108Y	0.8627	pathogenic
P48065	R109A	0.4027	ambiguous
P48065	R109C	0.2725	benign
P48065	R109D	0.6811	pathogenic
P48065	R109E	0.2834	benign
P48065	R109F	0.6989	pathogenic
P48065	R109G	0.1776	benign
P48065	R109H	0.142	benign
P48065	R109I	0.415	ambiguous
P48065	R109K	0.0902	benign
P48065	R109L	0.3265	benign
P48065	R109M	0.3161	benign
P48065	R109N	0.5141	ambiguous
P48065	R109P	0.9323	pathogenic
P48065	R109Q	0.0863	benign
P48065	R109S	0.417	ambiguous
P48065	R109T	0.2378	benign
P48065	R109V	0.461	ambiguous
P48065	R109W	0.2411	benign
P48065	R109Y	0.5072	ambiguous
P48065	K110A	0.577	pathogenic
P48065	K110C	0.7488	pathogenic
P48065	K110D	0.7363	pathogenic
P48065	K110E	0.369	ambiguous
P48065	K110F	0.8936	pathogenic
P48065	K110G	0.6386	pathogenic
P48065	K110H	0.3693	ambiguous
P48065	K110I	0.6471	pathogenic
P48065	K110L	0.5465	ambiguous
P48065	K110M	0.3934	ambiguous
P48065	K110N	0.5719	pathogenic
P48065	K110P	0.974	pathogenic
P48065	K110Q	0.2057	benign
P48065	K110R	0.0979	benign
P48065	K110S	0.625	pathogenic
P48065	K110T	0.3821	ambiguous
P48065	K110V	0.5751	pathogenic
P48065	K110W	0.8501	pathogenic
P48065	K110Y	0.6993	pathogenic
P48065	I111A	0.8488	pathogenic
P48065	I111C	0.8997	pathogenic
P48065	I111D	0.9895	pathogenic
P48065	I111E	0.9771	pathogenic
P48065	I111F	0.4007	ambiguous
P48065	I111G	0.9636	pathogenic
P48065	I111H	0.9597	pathogenic
P48065	I111K	0.9638	pathogenic
P48065	I111L	0.1557	benign
P48065	I111M	0.2312	benign
P48065	I111N	0.8767	pathogenic
P48065	I111P	0.9788	pathogenic
P48065	I111Q	0.958	pathogenic
P48065	I111R	0.9403	pathogenic
P48065	I111S	0.87	pathogenic
P48065	I111T	0.7776	pathogenic
P48065	I111V	0.1378	benign
P48065	I111W	0.9586	pathogenic
P48065	I111Y	0.8689	pathogenic
P48065	C112A	0.6839	pathogenic
P48065	C112D	0.9872	pathogenic
P48065	C112E	0.9943	pathogenic
P48065	C112F	0.7649	pathogenic
P48065	C112G	0.7229	pathogenic
P48065	C112H	0.9634	pathogenic
P48065	C112I	0.8399	pathogenic
P48065	C112K	0.9974	pathogenic
P48065	C112L	0.8027	pathogenic
P48065	C112M	0.9117	pathogenic
P48065	C112N	0.904	pathogenic
P48065	C112P	0.9893	pathogenic
P48065	C112Q	0.9758	pathogenic
P48065	C112R	0.9723	pathogenic
P48065	C112S	0.4549	ambiguous
P48065	C112T	0.7314	pathogenic
P48065	C112V	0.6871	pathogenic
P48065	C112W	0.9601	pathogenic
P48065	C112Y	0.9436	pathogenic
P48065	P113A	0.6993	pathogenic
P48065	P113C	0.9504	pathogenic
P48065	P113D	0.9629	pathogenic
P48065	P113E	0.9242	pathogenic
P48065	P113F	0.9611	pathogenic
P48065	P113G	0.8709	pathogenic
P48065	P113H	0.7405	pathogenic
P48065	P113I	0.9194	pathogenic
P48065	P113K	0.8737	pathogenic
P48065	P113L	0.7742	pathogenic
P48065	P113M	0.9519	pathogenic
P48065	P113N	0.9415	pathogenic
P48065	P113Q	0.7824	pathogenic
P48065	P113R	0.6375	pathogenic
P48065	P113S	0.7657	pathogenic
P48065	P113T	0.7287	pathogenic
P48065	P113V	0.8242	pathogenic
P48065	P113W	0.9647	pathogenic
P48065	P113Y	0.9387	pathogenic
P48065	L114A	0.4335	ambiguous
P48065	L114C	0.7242	pathogenic
P48065	L114D	0.9905	pathogenic
P48065	L114E	0.9692	pathogenic
P48065	L114F	0.3047	benign
P48065	L114G	0.8523	pathogenic
P48065	L114H	0.9164	pathogenic
P48065	L114I	0.1256	benign
P48065	L114K	0.9617	pathogenic
P48065	L114M	0.1952	benign
P48065	L114N	0.9456	pathogenic
P48065	L114P	0.62	pathogenic
P48065	L114Q	0.8758	pathogenic
P48065	L114R	0.9123	pathogenic
P48065	L114S	0.7883	pathogenic
P48065	L114T	0.7101	pathogenic
P48065	L114V	0.1307	benign
P48065	L114W	0.728	pathogenic
P48065	L114Y	0.8176	pathogenic
P48065	F115A	0.6355	pathogenic
P48065	F115C	0.3691	ambiguous
P48065	F115D	0.9842	pathogenic
P48065	F115E	0.9884	pathogenic
P48065	F115G	0.7138	pathogenic
P48065	F115H	0.9301	pathogenic
P48065	F115I	0.6511	pathogenic
P48065	F115K	0.9888	pathogenic
P48065	F115L	0.6192	pathogenic
P48065	F115M	0.5582	ambiguous
P48065	F115N	0.9382	pathogenic
P48065	F115P	0.9664	pathogenic
P48065	F115Q	0.9496	pathogenic
P48065	F115R	0.9645	pathogenic
P48065	F115S	0.6564	pathogenic
P48065	F115T	0.7876	pathogenic
P48065	F115V	0.5289	ambiguous
P48065	F115W	0.6719	pathogenic
P48065	F115Y	0.5782	pathogenic
P48065	Q116A	0.3061	benign
P48065	Q116C	0.8099	pathogenic
P48065	Q116D	0.762	pathogenic
P48065	Q116E	0.0828	benign
P48065	Q116F	0.877	pathogenic
P48065	Q116G	0.3117	benign
P48065	Q116H	0.509	ambiguous
P48065	Q116I	0.7416	pathogenic
P48065	Q116K	0.202	benign
P48065	Q116L	0.4104	ambiguous
P48065	Q116M	0.6076	pathogenic
P48065	Q116N	0.7051	pathogenic
P48065	Q116P	0.6291	pathogenic
P48065	Q116R	0.1693	benign
P48065	Q116S	0.3398	benign
P48065	Q116T	0.3562	ambiguous
P48065	Q116V	0.5208	ambiguous
P48065	Q116W	0.7534	pathogenic
P48065	Q116Y	0.7416	pathogenic
P48065	G117A	0.8862	pathogenic
P48065	G117C	0.9647	pathogenic
P48065	G117D	0.9809	pathogenic
P48065	G117E	0.9848	pathogenic
P48065	G117F	0.9887	pathogenic
P48065	G117H	0.9971	pathogenic
P48065	G117I	0.9846	pathogenic
P48065	G117K	0.9964	pathogenic
P48065	G117L	0.9912	pathogenic
P48065	G117M	0.9916	pathogenic
P48065	G117N	0.9916	pathogenic
P48065	G117P	0.996	pathogenic
P48065	G117Q	0.9938	pathogenic
P48065	G117R	0.9917	pathogenic
P48065	G117S	0.9077	pathogenic
P48065	G117T	0.9769	pathogenic
P48065	G117V	0.9624	pathogenic
P48065	G117W	0.9757	pathogenic
P48065	G117Y	0.988	pathogenic
P48065	I118A	0.5363	ambiguous
P48065	I118C	0.8965	pathogenic
P48065	I118D	0.9855	pathogenic
P48065	I118E	0.9605	pathogenic
P48065	I118F	0.5631	ambiguous
P48065	I118G	0.9265	pathogenic
P48065	I118H	0.9758	pathogenic
P48065	I118K	0.9542	pathogenic
P48065	I118L	0.1656	benign
P48065	I118M	0.1871	benign
P48065	I118N	0.8597	pathogenic
P48065	I118P	0.9215	pathogenic
P48065	I118Q	0.9479	pathogenic
P48065	I118R	0.9266	pathogenic
P48065	I118S	0.7464	pathogenic
P48065	I118T	0.3625	ambiguous
P48065	I118V	0.1028	benign
P48065	I118W	0.9711	pathogenic
P48065	I118Y	0.9467	pathogenic
P48065	G119A	0.7534	pathogenic
P48065	G119C	0.9567	pathogenic
P48065	G119D	0.9879	pathogenic
P48065	G119E	0.9867	pathogenic
P48065	G119F	0.9882	pathogenic
P48065	G119H	0.9956	pathogenic
P48065	G119I	0.9819	pathogenic
P48065	G119K	0.9966	pathogenic
P48065	G119L	0.9864	pathogenic
P48065	G119M	0.9941	pathogenic
P48065	G119N	0.9923	pathogenic
P48065	G119P	0.9947	pathogenic
P48065	G119Q	0.9895	pathogenic
P48065	G119R	0.9839	pathogenic
P48065	G119S	0.7699	pathogenic
P48065	G119T	0.9628	pathogenic
P48065	G119V	0.9636	pathogenic
P48065	G119W	0.9867	pathogenic
P48065	G119Y	0.9905	pathogenic
P48065	L120A	0.2913	benign
P48065	L120C	0.4416	ambiguous
P48065	L120D	0.907	pathogenic
P48065	L120E	0.724	pathogenic
P48065	L120F	0.079	benign
P48065	L120G	0.5652	pathogenic
P48065	L120H	0.4681	ambiguous
P48065	L120I	0.0929	benign
P48065	L120K	0.6189	pathogenic
P48065	L120M	0.1152	benign
P48065	L120N	0.6567	pathogenic
P48065	L120P	0.7963	pathogenic
P48065	L120Q	0.4527	ambiguous
P48065	L120R	0.4897	ambiguous
P48065	L120S	0.4259	ambiguous
P48065	L120T	0.2936	benign
P48065	L120V	0.0885	benign
P48065	L120W	0.1623	benign
P48065	L120Y	0.2482	benign
P48065	A121C	0.782	pathogenic
P48065	A121D	0.977	pathogenic
P48065	A121E	0.9784	pathogenic
P48065	A121F	0.939	pathogenic
P48065	A121G	0.1328	benign
P48065	A121H	0.9821	pathogenic
P48065	A121I	0.9793	pathogenic
P48065	A121K	0.9951	pathogenic
P48065	A121L	0.9152	pathogenic
P48065	A121M	0.9249	pathogenic
P48065	A121N	0.9514	pathogenic
P48065	A121P	0.967	pathogenic
P48065	A121Q	0.9497	pathogenic
P48065	A121R	0.9813	pathogenic
P48065	A121S	0.153	benign
P48065	A121T	0.6104	pathogenic
P48065	A121V	0.8932	pathogenic
P48065	A121W	0.9912	pathogenic
P48065	A121Y	0.9783	pathogenic
P48065	S122A	0.1176	benign
P48065	S122C	0.175	benign
P48065	S122D	0.9259	pathogenic
P48065	S122E	0.948	pathogenic
P48065	S122F	0.8584	pathogenic
P48065	S122G	0.1216	benign
P48065	S122H	0.9254	pathogenic
P48065	S122I	0.7093	pathogenic
P48065	S122K	0.9919	pathogenic
P48065	S122L	0.4745	ambiguous
P48065	S122M	0.4961	ambiguous
P48065	S122N	0.592	pathogenic
P48065	S122P	0.9528	pathogenic
P48065	S122Q	0.925	pathogenic
P48065	S122R	0.9855	pathogenic
P48065	S122T	0.1432	benign
P48065	S122V	0.5371	ambiguous
P48065	S122W	0.9309	pathogenic
P48065	S122Y	0.8509	pathogenic
P48065	V123A	0.2764	benign
P48065	V123C	0.725	pathogenic
P48065	V123D	0.9064	pathogenic
P48065	V123E	0.746	pathogenic
P48065	V123F	0.2924	benign
P48065	V123G	0.4048	ambiguous
P48065	V123H	0.8967	pathogenic
P48065	V123I	0.0855	benign
P48065	V123K	0.8674	pathogenic
P48065	V123L	0.2405	benign
P48065	V123M	0.1674	benign
P48065	V123N	0.6764	pathogenic
P48065	V123P	0.951	pathogenic
P48065	V123Q	0.6521	pathogenic
P48065	V123R	0.8278	pathogenic
P48065	V123S	0.4372	ambiguous
P48065	V123T	0.2955	benign
P48065	V123W	0.9248	pathogenic
P48065	V123Y	0.8161	pathogenic
P48065	V124A	0.3492	ambiguous
P48065	V124C	0.7727	pathogenic
P48065	V124D	0.9557	pathogenic
P48065	V124E	0.9059	pathogenic
P48065	V124F	0.2531	benign
P48065	V124G	0.4395	ambiguous
P48065	V124H	0.957	pathogenic
P48065	V124I	0.0876	benign
P48065	V124K	0.942	pathogenic
P48065	V124L	0.2219	benign
P48065	V124M	0.1909	benign
P48065	V124N	0.8305	pathogenic
P48065	V124P	0.9666	pathogenic
P48065	V124Q	0.8682	pathogenic
P48065	V124R	0.9142	pathogenic
P48065	V124S	0.5361	ambiguous
P48065	V124T	0.3417	ambiguous
P48065	V124W	0.9328	pathogenic
P48065	V124Y	0.8755	pathogenic
P48065	I125A	0.6509	pathogenic
P48065	I125C	0.9377	pathogenic
P48065	I125D	0.9821	pathogenic
P48065	I125E	0.9343	pathogenic
P48065	I125F	0.6619	pathogenic
P48065	I125G	0.9207	pathogenic
P48065	I125H	0.9734	pathogenic
P48065	I125K	0.9294	pathogenic
P48065	I125L	0.2463	benign
P48065	I125M	0.1714	benign
P48065	I125N	0.8214	pathogenic
P48065	I125P	0.973	pathogenic
P48065	I125Q	0.8998	pathogenic
P48065	I125R	0.9006	pathogenic
P48065	I125S	0.6913	pathogenic
P48065	I125T	0.349	ambiguous
P48065	I125V	0.171	benign
P48065	I125W	0.973	pathogenic
P48065	I125Y	0.9461	pathogenic
P48065	E126A	0.2509	benign
P48065	E126C	0.6567	pathogenic
P48065	E126D	0.7638	pathogenic
P48065	E126F	0.9502	pathogenic
P48065	E126G	0.3818	ambiguous
P48065	E126H	0.8991	pathogenic
P48065	E126I	0.4113	ambiguous
P48065	E126K	0.7537	pathogenic
P48065	E126L	0.559	ambiguous
P48065	E126M	0.5783	pathogenic
P48065	E126N	0.6055	pathogenic
P48065	E126P	0.9479	pathogenic
P48065	E126Q	0.3549	ambiguous
P48065	E126R	0.8448	pathogenic
P48065	E126S	0.3085	benign
P48065	E126T	0.2872	benign
P48065	E126V	0.2105	benign
P48065	E126W	0.9914	pathogenic
P48065	E126Y	0.9358	pathogenic
P48065	S127A	0.0631	benign
P48065	S127C	0.0615	benign
P48065	S127D	0.9017	pathogenic
P48065	S127E	0.9296	pathogenic
P48065	S127F	0.1342	benign
P48065	S127G	0.072	benign
P48065	S127H	0.7909	pathogenic
P48065	S127I	0.1232	benign
P48065	S127K	0.9772	pathogenic
P48065	S127L	0.1048	benign
P48065	S127M	0.1139	benign
P48065	S127N	0.4371	ambiguous
P48065	S127P	0.9049	pathogenic
P48065	S127Q	0.8849	pathogenic
P48065	S127R	0.9631	pathogenic
P48065	S127T	0.0704	benign
P48065	S127V	0.1154	benign
P48065	S127W	0.3888	ambiguous
P48065	S127Y	0.3122	benign
P48065	Y128A	0.7211	pathogenic
P48065	Y128C	0.2473	benign
P48065	Y128D	0.8969	pathogenic
P48065	Y128E	0.9696	pathogenic
P48065	Y128F	0.1018	benign
P48065	Y128G	0.6755	pathogenic
P48065	Y128H	0.6117	pathogenic
P48065	Y128I	0.6537	pathogenic
P48065	Y128K	0.977	pathogenic
P48065	Y128L	0.2939	benign
P48065	Y128M	0.6662	pathogenic
P48065	Y128N	0.6196	pathogenic
P48065	Y128P	0.9771	pathogenic
P48065	Y128Q	0.9117	pathogenic
P48065	Y128R	0.9478	pathogenic
P48065	Y128S	0.464	ambiguous
P48065	Y128T	0.7405	pathogenic
P48065	Y128V	0.5694	pathogenic
P48065	Y128W	0.3847	ambiguous
P48065	L129A	0.7058	pathogenic
P48065	L129C	0.6902	pathogenic
P48065	L129D	0.979	pathogenic
P48065	L129E	0.9094	pathogenic
P48065	L129F	0.7748	pathogenic
P48065	L129G	0.7544	pathogenic
P48065	L129H	0.91	pathogenic
P48065	L129I	0.3676	ambiguous
P48065	L129K	0.914	pathogenic
P48065	L129M	0.3491	ambiguous
P48065	L129N	0.7982	pathogenic
P48065	L129P	0.9811	pathogenic
P48065	L129Q	0.7379	pathogenic
P48065	L129R	0.8486	pathogenic
P48065	L129S	0.7986	pathogenic
P48065	L129T	0.6153	pathogenic
P48065	L129V	0.3454	ambiguous
P48065	L129W	0.9216	pathogenic
P48065	L129Y	0.9181	pathogenic
P48065	N130A	0.5041	ambiguous
P48065	N130C	0.306	benign
P48065	N130D	0.621	pathogenic
P48065	N130E	0.933	pathogenic
P48065	N130F	0.9311	pathogenic
P48065	N130G	0.5574	ambiguous
P48065	N130H	0.6263	pathogenic
P48065	N130I	0.5191	ambiguous
P48065	N130K	0.9712	pathogenic
P48065	N130L	0.4951	ambiguous
P48065	N130M	0.6205	pathogenic
P48065	N130P	0.9246	pathogenic
P48065	N130Q	0.884	pathogenic
P48065	N130R	0.9678	pathogenic
P48065	N130S	0.1559	benign
P48065	N130T	0.3137	benign
P48065	N130V	0.4473	ambiguous
P48065	N130W	0.9817	pathogenic
P48065	N130Y	0.7511	pathogenic
P48065	V131A	0.272	benign
P48065	V131C	0.5143	ambiguous
P48065	V131D	0.8486	pathogenic
P48065	V131E	0.853	pathogenic
P48065	V131F	0.1535	benign
P48065	V131G	0.309	benign
P48065	V131H	0.8784	pathogenic
P48065	V131I	0.062	benign
P48065	V131K	0.9111	pathogenic
P48065	V131L	0.1911	benign
P48065	V131M	0.1711	benign
P48065	V131N	0.5709	pathogenic
P48065	V131P	0.8788	pathogenic
P48065	V131Q	0.8047	pathogenic
P48065	V131R	0.8515	pathogenic
P48065	V131S	0.3177	benign
P48065	V131T	0.2278	benign
P48065	V131W	0.852	pathogenic
P48065	V131Y	0.6879	pathogenic
P48065	Y132A	0.8269	pathogenic
P48065	Y132C	0.4736	ambiguous
P48065	Y132D	0.9129	pathogenic
P48065	Y132E	0.97	pathogenic
P48065	Y132F	0.2987	benign
P48065	Y132G	0.7087	pathogenic
P48065	Y132H	0.8892	pathogenic
P48065	Y132I	0.8917	pathogenic
P48065	Y132K	0.9806	pathogenic
P48065	Y132L	0.7911	pathogenic
P48065	Y132M	0.9042	pathogenic
P48065	Y132N	0.705	pathogenic
P48065	Y132P	0.9444	pathogenic
P48065	Y132Q	0.9542	pathogenic
P48065	Y132R	0.9491	pathogenic
P48065	Y132S	0.4712	ambiguous
P48065	Y132T	0.7305	pathogenic
P48065	Y132V	0.7424	pathogenic
P48065	Y132W	0.7803	pathogenic
P48065	Y133A	0.9514	pathogenic
P48065	Y133C	0.8154	pathogenic
P48065	Y133D	0.9345	pathogenic
P48065	Y133E	0.987	pathogenic
P48065	Y133F	0.5249	ambiguous
P48065	Y133G	0.8282	pathogenic
P48065	Y133H	0.9646	pathogenic
P48065	Y133I	0.9618	pathogenic
P48065	Y133K	0.9899	pathogenic
P48065	Y133L	0.847	pathogenic
P48065	Y133M	0.9602	pathogenic
P48065	Y133N	0.8043	pathogenic
P48065	Y133P	0.9787	pathogenic
P48065	Y133Q	0.984	pathogenic
P48065	Y133R	0.9646	pathogenic
P48065	Y133S	0.784	pathogenic
P48065	Y133T	0.9327	pathogenic
P48065	Y133V	0.8813	pathogenic
P48065	Y133W	0.9222	pathogenic
P48065	I134A	0.7968	pathogenic
P48065	I134C	0.8306	pathogenic
P48065	I134D	0.9636	pathogenic
P48065	I134E	0.9713	pathogenic
P48065	I134F	0.855	pathogenic
P48065	I134G	0.9179	pathogenic
P48065	I134H	0.9684	pathogenic
P48065	I134K	0.9763	pathogenic
P48065	I134L	0.4461	ambiguous
P48065	I134M	0.4117	ambiguous
P48065	I134N	0.4707	ambiguous
P48065	I134P	0.9418	pathogenic
P48065	I134Q	0.9539	pathogenic
P48065	I134R	0.9667	pathogenic
P48065	I134S	0.6266	pathogenic
P48065	I134T	0.6619	pathogenic
P48065	I134V	0.116	benign
P48065	I134W	0.9948	pathogenic
P48065	I134Y	0.9718	pathogenic
P48065	I135A	0.7411	pathogenic
P48065	I135C	0.813	pathogenic
P48065	I135D	0.9663	pathogenic
P48065	I135E	0.9539	pathogenic
P48065	I135F	0.6674	pathogenic
P48065	I135G	0.8973	pathogenic
P48065	I135H	0.9586	pathogenic
P48065	I135K	0.9455	pathogenic
P48065	I135L	0.2485	benign
P48065	I135M	0.2479	benign
P48065	I135N	0.6932	pathogenic
P48065	I135P	0.9118	pathogenic
P48065	I135Q	0.9186	pathogenic
P48065	I135R	0.9363	pathogenic
P48065	I135S	0.6249	pathogenic
P48065	I135T	0.4181	ambiguous
P48065	I135V	0.0667	benign
P48065	I135W	0.9868	pathogenic
P48065	I135Y	0.9476	pathogenic
P48065	I136A	0.9714	pathogenic
P48065	I136C	0.9814	pathogenic
P48065	I136D	0.9972	pathogenic
P48065	I136E	0.996	pathogenic
P48065	I136F	0.9212	pathogenic
P48065	I136G	0.9913	pathogenic
P48065	I136H	0.9962	pathogenic
P48065	I136K	0.9939	pathogenic
P48065	I136L	0.5423	ambiguous
P48065	I136M	0.7859	pathogenic
P48065	I136N	0.9712	pathogenic
P48065	I136P	0.9308	pathogenic
P48065	I136Q	0.9936	pathogenic
P48065	I136R	0.9899	pathogenic
P48065	I136S	0.9568	pathogenic
P48065	I136T	0.9465	pathogenic
P48065	I136V	0.1364	benign
P48065	I136W	0.9974	pathogenic
P48065	I136Y	0.9879	pathogenic
P48065	L137A	0.8703	pathogenic
P48065	L137C	0.9289	pathogenic
P48065	L137D	0.9915	pathogenic
P48065	L137E	0.9313	pathogenic
P48065	L137F	0.8725	pathogenic
P48065	L137G	0.9569	pathogenic
P48065	L137H	0.9571	pathogenic
P48065	L137I	0.3032	benign
P48065	L137K	0.9639	pathogenic
P48065	L137M	0.3598	ambiguous
P48065	L137N	0.9113	pathogenic
P48065	L137P	0.9584	pathogenic
P48065	L137Q	0.8349	pathogenic
P48065	L137R	0.9579	pathogenic
P48065	L137S	0.9162	pathogenic
P48065	L137T	0.7795	pathogenic
P48065	L137V	0.4422	ambiguous
P48065	L137W	0.9756	pathogenic
P48065	L137Y	0.9775	pathogenic
P48065	A138C	0.605	pathogenic
P48065	A138D	0.9643	pathogenic
P48065	A138E	0.9787	pathogenic
P48065	A138F	0.9742	pathogenic
P48065	A138G	0.1708	benign
P48065	A138H	0.9866	pathogenic
P48065	A138I	0.9258	pathogenic
P48065	A138K	0.9962	pathogenic
P48065	A138L	0.9013	pathogenic
P48065	A138M	0.9052	pathogenic
P48065	A138N	0.8939	pathogenic
P48065	A138P	0.957	pathogenic
P48065	A138Q	0.9608	pathogenic
P48065	A138R	0.9884	pathogenic
P48065	A138S	0.0949	benign
P48065	A138T	0.2699	benign
P48065	A138V	0.66	pathogenic
P48065	A138W	0.9967	pathogenic
P48065	A138Y	0.9885	pathogenic
P48065	W139A	0.9872	pathogenic
P48065	W139C	0.9911	pathogenic
P48065	W139D	0.9992	pathogenic
P48065	W139E	0.9988	pathogenic
P48065	W139F	0.7807	pathogenic
P48065	W139G	0.9729	pathogenic
P48065	W139H	0.9942	pathogenic
P48065	W139I	0.9874	pathogenic
P48065	W139K	0.9995	pathogenic
P48065	W139L	0.944	pathogenic
P48065	W139M	0.9857	pathogenic
P48065	W139N	0.9969	pathogenic
P48065	W139P	0.9984	pathogenic
P48065	W139Q	0.999	pathogenic
P48065	W139R	0.9987	pathogenic
P48065	W139S	0.9715	pathogenic
P48065	W139T	0.9872	pathogenic
P48065	W139V	0.9754	pathogenic
P48065	W139Y	0.8741	pathogenic
P48065	A140C	0.7778	pathogenic
P48065	A140D	0.9783	pathogenic
P48065	A140E	0.9851	pathogenic
P48065	A140F	0.9663	pathogenic
P48065	A140G	0.1626	benign
P48065	A140H	0.9905	pathogenic
P48065	A140I	0.9174	pathogenic
P48065	A140K	0.9966	pathogenic
P48065	A140L	0.8681	pathogenic
P48065	A140M	0.8868	pathogenic
P48065	A140N	0.937	pathogenic
P48065	A140P	0.9776	pathogenic
P48065	A140Q	0.9712	pathogenic
P48065	A140R	0.9897	pathogenic
P48065	A140S	0.1675	benign
P48065	A140T	0.472	ambiguous
P48065	A140V	0.7683	pathogenic
P48065	A140W	0.9949	pathogenic
P48065	A140Y	0.9837	pathogenic
P48065	L141A	0.4926	ambiguous
P48065	L141C	0.5319	ambiguous
P48065	L141D	0.9812	pathogenic
P48065	L141E	0.9425	pathogenic
P48065	L141F	0.1105	benign
P48065	L141G	0.7351	pathogenic
P48065	L141H	0.8846	pathogenic
P48065	L141I	0.1016	benign
P48065	L141K	0.9702	pathogenic
P48065	L141M	0.135	benign
P48065	L141N	0.835	pathogenic
P48065	L141P	0.9628	pathogenic
P48065	L141Q	0.8347	pathogenic
P48065	L141R	0.9504	pathogenic
P48065	L141S	0.6436	pathogenic
P48065	L141T	0.4851	ambiguous
P48065	L141V	0.1227	benign
P48065	L141W	0.63	pathogenic
P48065	L141Y	0.7003	pathogenic
P48065	F142A	0.9087	pathogenic
P48065	F142C	0.6635	pathogenic
P48065	F142D	0.9798	pathogenic
P48065	F142E	0.9813	pathogenic
P48065	F142G	0.9403	pathogenic
P48065	F142H	0.7519	pathogenic
P48065	F142I	0.7193	pathogenic
P48065	F142K	0.9648	pathogenic
P48065	F142L	0.879	pathogenic
P48065	F142M	0.8511	pathogenic
P48065	F142N	0.9174	pathogenic
P48065	F142P	0.9973	pathogenic
P48065	F142Q	0.9376	pathogenic
P48065	F142R	0.8827	pathogenic
P48065	F142S	0.8343	pathogenic
P48065	F142T	0.9168	pathogenic
P48065	F142V	0.639	pathogenic
P48065	F142W	0.6554	pathogenic
P48065	F142Y	0.1901	benign
P48065	Y143A	0.9852	pathogenic
P48065	Y143C	0.8211	pathogenic
P48065	Y143D	0.9885	pathogenic
P48065	Y143E	0.9973	pathogenic
P48065	Y143F	0.161	benign
P48065	Y143G	0.9686	pathogenic
P48065	Y143H	0.9397	pathogenic
P48065	Y143I	0.9714	pathogenic
P48065	Y143K	0.9977	pathogenic
P48065	Y143L	0.8687	pathogenic
P48065	Y143M	0.9626	pathogenic
P48065	Y143N	0.9478	pathogenic
P48065	Y143P	0.9944	pathogenic
P48065	Y143Q	0.9924	pathogenic
P48065	Y143R	0.9909	pathogenic
P48065	Y143S	0.9213	pathogenic
P48065	Y143T	0.9831	pathogenic
P48065	Y143V	0.9406	pathogenic
P48065	Y143W	0.8727	pathogenic
P48065	L144A	0.6026	pathogenic
P48065	L144C	0.6334	pathogenic
P48065	L144D	0.9979	pathogenic
P48065	L144E	0.9912	pathogenic
P48065	L144F	0.1883	benign
P48065	L144G	0.8614	pathogenic
P48065	L144H	0.9546	pathogenic
P48065	L144I	0.2911	benign
P48065	L144K	0.9917	pathogenic
P48065	L144M	0.2154	benign
P48065	L144N	0.9785	pathogenic
P48065	L144P	0.9879	pathogenic
P48065	L144Q	0.9304	pathogenic
P48065	L144R	0.9734	pathogenic
P48065	L144S	0.8507	pathogenic
P48065	L144T	0.6835	pathogenic
P48065	L144V	0.2591	benign
P48065	L144W	0.7912	pathogenic
P48065	L144Y	0.8662	pathogenic
P48065	F145A	0.4435	ambiguous
P48065	F145C	0.3457	ambiguous
P48065	F145D	0.9793	pathogenic
P48065	F145E	0.9806	pathogenic
P48065	F145G	0.5807	pathogenic
P48065	F145H	0.9017	pathogenic
P48065	F145I	0.2592	benign
P48065	F145K	0.978	pathogenic
P48065	F145L	0.7733	pathogenic
P48065	F145M	0.6121	pathogenic
P48065	F145N	0.895	pathogenic
P48065	F145P	0.9871	pathogenic
P48065	F145Q	0.9451	pathogenic
P48065	F145R	0.945	pathogenic
P48065	F145S	0.4204	ambiguous
P48065	F145T	0.5857	pathogenic
P48065	F145V	0.2517	benign
P48065	F145W	0.6843	pathogenic
P48065	F145Y	0.3427	ambiguous
P48065	S146A	0.099	benign
P48065	S146C	0.0869	benign
P48065	S146D	0.6385	pathogenic
P48065	S146E	0.6553	pathogenic
P48065	S146F	0.1555	benign
P48065	S146G	0.1597	benign
P48065	S146H	0.2422	benign
P48065	S146I	0.3558	ambiguous
P48065	S146K	0.7886	pathogenic
P48065	S146L	0.143	benign
P48065	S146M	0.2559	benign
P48065	S146N	0.1963	benign
P48065	S146P	0.8312	pathogenic
P48065	S146Q	0.468	ambiguous
P48065	S146R	0.6384	pathogenic
P48065	S146T	0.164	benign
P48065	S146V	0.294	benign
P48065	S146W	0.2719	benign
P48065	S146Y	0.1205	benign
P48065	S147A	0.1916	benign
P48065	S147C	0.1924	benign
P48065	S147D	0.9906	pathogenic
P48065	S147E	0.9961	pathogenic
P48065	S147F	0.9837	pathogenic
P48065	S147G	0.2838	benign
P48065	S147H	0.9858	pathogenic
P48065	S147I	0.8996	pathogenic
P48065	S147K	0.9992	pathogenic
P48065	S147L	0.8319	pathogenic
P48065	S147M	0.9063	pathogenic
P48065	S147N	0.9345	pathogenic
P48065	S147P	0.968	pathogenic
P48065	S147Q	0.9894	pathogenic
P48065	S147R	0.9973	pathogenic
P48065	S147T	0.3327	benign
P48065	S147V	0.7714	pathogenic
P48065	S147W	0.994	pathogenic
P48065	S147Y	0.983	pathogenic
P48065	F148A	0.7181	pathogenic
P48065	F148C	0.4654	ambiguous
P48065	F148D	0.9937	pathogenic
P48065	F148E	0.9935	pathogenic
P48065	F148G	0.8517	pathogenic
P48065	F148H	0.9663	pathogenic
P48065	F148I	0.5007	ambiguous
P48065	F148K	0.9931	pathogenic
P48065	F148L	0.7633	pathogenic
P48065	F148M	0.5635	ambiguous
P48065	F148N	0.9635	pathogenic
P48065	F148P	0.9901	pathogenic
P48065	F148Q	0.976	pathogenic
P48065	F148R	0.9774	pathogenic
P48065	F148S	0.7938	pathogenic
P48065	F148T	0.8337	pathogenic
P48065	F148V	0.3817	ambiguous
P48065	F148W	0.7314	pathogenic
P48065	F148Y	0.6073	pathogenic
P48065	T149A	0.0836	benign
P48065	T149C	0.4507	ambiguous
P48065	T149D	0.3503	ambiguous
P48065	T149E	0.3064	benign
P48065	T149F	0.285	benign
P48065	T149G	0.1318	benign
P48065	T149H	0.1478	benign
P48065	T149I	0.3228	benign
P48065	T149K	0.1401	benign
P48065	T149L	0.1792	benign
P48065	T149M	0.1591	benign
P48065	T149N	0.1238	benign
P48065	T149P	0.336	benign
P48065	T149Q	0.1259	benign
P48065	T149R	0.0862	benign
P48065	T149S	0.0672	benign
P48065	T149V	0.2295	benign
P48065	T149W	0.5881	pathogenic
P48065	T149Y	0.2727	benign
P48065	S150A	0.0726	benign
P48065	S150C	0.2484	benign
P48065	S150D	0.2511	benign
P48065	S150E	0.2912	benign
P48065	S150F	0.1574	benign
P48065	S150G	0.0826	benign
P48065	S150H	0.2036	benign
P48065	S150I	0.1652	benign
P48065	S150K	0.2874	benign
P48065	S150L	0.0952	benign
P48065	S150M	0.1763	benign
P48065	S150N	0.1406	benign
P48065	S150P	0.1076	benign
P48065	S150Q	0.2659	benign
P48065	S150R	0.2394	benign
P48065	S150T	0.0847	benign
P48065	S150V	0.1454	benign
P48065	S150W	0.1574	benign
P48065	S150Y	0.1292	benign
P48065	E151A	0.1319	benign
P48065	E151C	0.8006	pathogenic
P48065	E151D	0.1191	benign
P48065	E151F	0.5935	pathogenic
P48065	E151G	0.1907	benign
P48065	E151H	0.2494	benign
P48065	E151I	0.1644	benign
P48065	E151K	0.096	benign
P48065	E151L	0.2791	benign
P48065	E151M	0.3288	benign
P48065	E151N	0.1773	benign
P48065	E151P	0.4406	ambiguous
P48065	E151Q	0.0847	benign
P48065	E151R	0.1454	benign
P48065	E151S	0.1425	benign
P48065	E151T	0.1191	benign
P48065	E151V	0.101	benign
P48065	E151W	0.8258	pathogenic
P48065	E151Y	0.4425	ambiguous
P48065	L152A	0.8894	pathogenic
P48065	L152C	0.9593	pathogenic
P48065	L152D	0.9964	pathogenic
P48065	L152E	0.9675	pathogenic
P48065	L152F	0.916	pathogenic
P48065	L152G	0.9745	pathogenic
P48065	L152H	0.9676	pathogenic
P48065	L152I	0.2893	benign
P48065	L152K	0.9526	pathogenic
P48065	L152M	0.4762	ambiguous
P48065	L152N	0.9523	pathogenic
P48065	L152P	0.8525	pathogenic
P48065	L152Q	0.8968	pathogenic
P48065	L152R	0.9315	pathogenic
P48065	L152S	0.9644	pathogenic
P48065	L152T	0.8587	pathogenic
P48065	L152V	0.2546	benign
P48065	L152W	0.9813	pathogenic
P48065	L152Y	0.9737	pathogenic
P48065	P153A	0.5584	ambiguous
P48065	P153C	0.9811	pathogenic
P48065	P153D	0.9841	pathogenic
P48065	P153E	0.9396	pathogenic
P48065	P153F	0.9873	pathogenic
P48065	P153G	0.9258	pathogenic
P48065	P153H	0.8944	pathogenic
P48065	P153I	0.9541	pathogenic
P48065	P153K	0.9295	pathogenic
P48065	P153L	0.7553	pathogenic
P48065	P153M	0.9664	pathogenic
P48065	P153N	0.9766	pathogenic
P48065	P153Q	0.8351	pathogenic
P48065	P153R	0.7831	pathogenic
P48065	P153S	0.8123	pathogenic
P48065	P153T	0.8497	pathogenic
P48065	P153V	0.8926	pathogenic
P48065	P153W	0.988	pathogenic
P48065	P153Y	0.9752	pathogenic
P48065	W154A	0.9926	pathogenic
P48065	W154C	0.9982	pathogenic
P48065	W154D	0.999	pathogenic
P48065	W154E	0.9989	pathogenic
P48065	W154F	0.7581	pathogenic
P48065	W154G	0.9735	pathogenic
P48065	W154H	0.9954	pathogenic
P48065	W154I	0.9939	pathogenic
P48065	W154K	0.9996	pathogenic
P48065	W154L	0.9767	pathogenic
P48065	W154M	0.9944	pathogenic
P48065	W154N	0.9987	pathogenic
P48065	W154P	0.9974	pathogenic
P48065	W154Q	0.9992	pathogenic
P48065	W154R	0.9987	pathogenic
P48065	W154S	0.9874	pathogenic
P48065	W154T	0.996	pathogenic
P48065	W154V	0.9912	pathogenic
P48065	W154Y	0.9271	pathogenic
P48065	T155A	0.0616	benign
P48065	T155C	0.5947	pathogenic
P48065	T155D	0.3061	benign
P48065	T155E	0.2079	benign
P48065	T155F	0.3429	ambiguous
P48065	T155G	0.1515	benign
P48065	T155H	0.2351	benign
P48065	T155I	0.217	benign
P48065	T155K	0.1431	benign
P48065	T155L	0.1252	benign
P48065	T155M	0.1048	benign
P48065	T155N	0.11	benign
P48065	T155P	0.5617	ambiguous
P48065	T155Q	0.1584	benign
P48065	T155R	0.1148	benign
P48065	T155S	0.0823	benign
P48065	T155V	0.1577	benign
P48065	T155W	0.6824	pathogenic
P48065	T155Y	0.3309	benign
P48065	T156A	0.0743	benign
P48065	T156C	0.4368	ambiguous
P48065	T156D	0.1948	benign
P48065	T156E	0.2387	benign
P48065	T156F	0.1971	benign
P48065	T156G	0.1136	benign
P48065	T156H	0.1055	benign
P48065	T156I	0.2385	benign
P48065	T156K	0.1249	benign
P48065	T156L	0.1402	benign
P48065	T156M	0.1314	benign
P48065	T156N	0.077	benign
P48065	T156P	0.444	ambiguous
P48065	T156Q	0.1538	benign
P48065	T156R	0.0922	benign
P48065	T156S	0.057	benign
P48065	T156V	0.1737	benign
P48065	T156W	0.4957	ambiguous
P48065	T156Y	0.1755	benign
P48065	C157A	0.9893	pathogenic
P48065	C157D	0.9966	pathogenic
P48065	C157E	0.9983	pathogenic
P48065	C157F	0.9877	pathogenic
P48065	C157G	0.9429	pathogenic
P48065	C157H	0.9957	pathogenic
P48065	C157I	0.9957	pathogenic
P48065	C157K	0.9982	pathogenic
P48065	C157L	0.989	pathogenic
P48065	C157M	0.9951	pathogenic
P48065	C157N	0.9951	pathogenic
P48065	C157P	0.995	pathogenic
P48065	C157Q	0.997	pathogenic
P48065	C157R	0.9806	pathogenic
P48065	C157S	0.9898	pathogenic
P48065	C157T	0.9948	pathogenic
P48065	C157V	0.9914	pathogenic
P48065	C157W	0.9918	pathogenic
P48065	C157Y	0.9901	pathogenic
P48065	N158A	0.1425	benign
P48065	N158C	0.3542	ambiguous
P48065	N158D	0.0652	benign
P48065	N158E	0.1615	benign
P48065	N158F	0.4143	ambiguous
P48065	N158G	0.1277	benign
P48065	N158H	0.0694	benign
P48065	N158I	0.2912	benign
P48065	N158K	0.1229	benign
P48065	N158L	0.215	benign
P48065	N158M	0.3131	benign
P48065	N158P	0.4123	ambiguous
P48065	N158Q	0.1409	benign
P48065	N158R	0.1162	benign
P48065	N158S	0.0658	benign
P48065	N158T	0.1071	benign
P48065	N158V	0.2611	benign
P48065	N158W	0.5451	ambiguous
P48065	N158Y	0.1412	benign
P48065	N159A	0.5987	pathogenic
P48065	N159C	0.6732	pathogenic
P48065	N159D	0.4204	ambiguous
P48065	N159E	0.6902	pathogenic
P48065	N159F	0.787	pathogenic
P48065	N159G	0.5716	pathogenic
P48065	N159H	0.0762	benign
P48065	N159I	0.7078	pathogenic
P48065	N159K	0.6678	pathogenic
P48065	N159L	0.6169	pathogenic
P48065	N159M	0.7898	pathogenic
P48065	N159P	0.8651	pathogenic
P48065	N159Q	0.4706	ambiguous
P48065	N159R	0.4832	ambiguous
P48065	N159S	0.1628	benign
P48065	N159T	0.4603	ambiguous
P48065	N159V	0.6892	pathogenic
P48065	N159W	0.9024	pathogenic
P48065	N159Y	0.3058	benign
P48065	F160A	0.09	benign
P48065	F160C	0.2521	benign
P48065	F160D	0.1168	benign
P48065	F160E	0.1885	benign
P48065	F160G	0.2023	benign
P48065	F160H	0.1534	benign
P48065	F160I	0.0766	benign
P48065	F160K	0.2258	benign
P48065	F160L	0.3067	benign
P48065	F160M	0.2055	benign
P48065	F160N	0.1251	benign
P48065	F160P	0.1462	benign
P48065	F160Q	0.2093	benign
P48065	F160R	0.1731	benign
P48065	F160S	0.0597	benign
P48065	F160T	0.0739	benign
P48065	F160V	0.0747	benign
P48065	F160W	0.2457	benign
P48065	F160Y	0.0849	benign
P48065	W161A	0.9768	pathogenic
P48065	W161C	0.9929	pathogenic
P48065	W161D	0.9922	pathogenic
P48065	W161E	0.9917	pathogenic
P48065	W161F	0.729	pathogenic
P48065	W161G	0.901	pathogenic
P48065	W161H	0.9704	pathogenic
P48065	W161I	0.986	pathogenic
P48065	W161K	0.9974	pathogenic
P48065	W161L	0.963	pathogenic
P48065	W161M	0.992	pathogenic
P48065	W161N	0.9922	pathogenic
P48065	W161P	0.9858	pathogenic
P48065	W161Q	0.9923	pathogenic
P48065	W161R	0.9905	pathogenic
P48065	W161S	0.9325	pathogenic
P48065	W161T	0.9785	pathogenic
P48065	W161V	0.9822	pathogenic
P48065	W161Y	0.8892	pathogenic
P48065	N162A	0.9678	pathogenic
P48065	N162C	0.9766	pathogenic
P48065	N162D	0.9422	pathogenic
P48065	N162E	0.9794	pathogenic
P48065	N162F	0.9966	pathogenic
P48065	N162G	0.9476	pathogenic
P48065	N162H	0.9391	pathogenic
P48065	N162I	0.9734	pathogenic
P48065	N162K	0.9875	pathogenic
P48065	N162L	0.9565	pathogenic
P48065	N162M	0.9751	pathogenic
P48065	N162P	0.9887	pathogenic
P48065	N162Q	0.9835	pathogenic
P48065	N162R	0.9787	pathogenic
P48065	N162S	0.7962	pathogenic
P48065	N162T	0.9416	pathogenic
P48065	N162V	0.9617	pathogenic
P48065	N162W	0.9986	pathogenic
P48065	N162Y	0.9611	pathogenic
P48065	T163A	0.3824	ambiguous
P48065	T163C	0.9383	pathogenic
P48065	T163D	0.5725	pathogenic
P48065	T163E	0.638	pathogenic
P48065	T163F	0.8925	pathogenic
P48065	T163G	0.4634	ambiguous
P48065	T163H	0.6095	pathogenic
P48065	T163I	0.8776	pathogenic
P48065	T163K	0.5126	ambiguous
P48065	T163L	0.5894	pathogenic
P48065	T163M	0.4374	ambiguous
P48065	T163N	0.3479	ambiguous
P48065	T163P	0.6241	pathogenic
P48065	T163Q	0.5451	ambiguous
P48065	T163R	0.4416	ambiguous
P48065	T163S	0.1478	benign
P48065	T163V	0.7438	pathogenic
P48065	T163W	0.9211	pathogenic
P48065	T163Y	0.8138	pathogenic
P48065	E164A	0.1051	benign
P48065	E164C	0.7308	pathogenic
P48065	E164D	0.0885	benign
P48065	E164F	0.5105	ambiguous
P48065	E164G	0.0934	benign
P48065	E164H	0.2445	benign
P48065	E164I	0.2073	benign
P48065	E164K	0.0891	benign
P48065	E164L	0.2411	benign
P48065	E164M	0.3175	benign
P48065	E164N	0.1556	benign
P48065	E164P	0.1649	benign
P48065	E164Q	0.0965	benign
P48065	E164R	0.1318	benign
P48065	E164S	0.1202	benign
P48065	E164T	0.1514	benign
P48065	E164V	0.1437	benign
P48065	E164W	0.6872	pathogenic
P48065	E164Y	0.3766	ambiguous
P48065	H165A	0.1285	benign
P48065	H165C	0.2194	benign
P48065	H165D	0.0946	benign
P48065	H165E	0.1345	benign
P48065	H165F	0.1658	benign
P48065	H165G	0.1281	benign
P48065	H165I	0.1751	benign
P48065	H165K	0.1089	benign
P48065	H165L	0.0848	benign
P48065	H165M	0.251	benign
P48065	H165N	0.0593	benign
P48065	H165P	0.196	benign
P48065	H165Q	0.085	benign
P48065	H165R	0.0616	benign
P48065	H165S	0.103	benign
P48065	H165T	0.112	benign
P48065	H165V	0.1535	benign
P48065	H165W	0.2467	benign
P48065	H165Y	0.0671	benign
P48065	C166A	0.9893	pathogenic
P48065	C166D	0.9966	pathogenic
P48065	C166E	0.9981	pathogenic
P48065	C166F	0.9863	pathogenic
P48065	C166G	0.9537	pathogenic
P48065	C166H	0.9962	pathogenic
P48065	C166I	0.9897	pathogenic
P48065	C166K	0.9987	pathogenic
P48065	C166L	0.9813	pathogenic
P48065	C166M	0.9941	pathogenic
P48065	C166N	0.9959	pathogenic
P48065	C166P	0.9961	pathogenic
P48065	C166Q	0.9975	pathogenic
P48065	C166R	0.9879	pathogenic
P48065	C166S	0.9923	pathogenic
P48065	C166T	0.9935	pathogenic
P48065	C166V	0.9848	pathogenic
P48065	C166W	0.996	pathogenic
P48065	C166Y	0.9912	pathogenic
P48065	T167A	0.0709	benign
P48065	T167C	0.4553	ambiguous
P48065	T167D	0.2225	benign
P48065	T167E	0.1278	benign
P48065	T167F	0.1304	benign
P48065	T167G	0.1374	benign
P48065	T167H	0.1229	benign
P48065	T167I	0.0875	benign
P48065	T167K	0.0776	benign
P48065	T167L	0.0703	benign
P48065	T167M	0.073	benign
P48065	T167N	0.1045	benign
P48065	T167P	0.2177	benign
P48065	T167Q	0.0985	benign
P48065	T167R	0.0549	benign
P48065	T167S	0.0813	benign
P48065	T167V	0.0742	benign
P48065	T167W	0.2832	benign
P48065	T167Y	0.1417	benign
P48065	D168A	0.1067	benign
P48065	D168C	0.5989	pathogenic
P48065	D168E	0.1311	benign
P48065	D168F	0.4088	ambiguous
P48065	D168G	0.1072	benign
P48065	D168H	0.1813	benign
P48065	D168I	0.2061	benign
P48065	D168K	0.2635	benign
P48065	D168L	0.237	benign
P48065	D168M	0.4546	ambiguous
P48065	D168N	0.0792	benign
P48065	D168P	0.3479	ambiguous
P48065	D168Q	0.2068	benign
P48065	D168R	0.2376	benign
P48065	D168S	0.0852	benign
P48065	D168T	0.1471	benign
P48065	D168V	0.1189	benign
P48065	D168W	0.7916	pathogenic
P48065	D168Y	0.1437	benign
P48065	F169A	0.2464	benign
P48065	F169C	0.387	ambiguous
P48065	F169D	0.3062	benign
P48065	F169E	0.4493	ambiguous
P48065	F169G	0.4025	ambiguous
P48065	F169H	0.311	benign
P48065	F169I	0.0913	benign
P48065	F169K	0.4794	ambiguous
P48065	F169L	0.5187	ambiguous
P48065	F169M	0.3067	benign
P48065	F169N	0.2551	benign
P48065	F169P	0.571	pathogenic
P48065	F169Q	0.4337	ambiguous
P48065	F169R	0.3764	ambiguous
P48065	F169S	0.1596	benign
P48065	F169T	0.2033	benign
P48065	F169V	0.1006	benign
P48065	F169W	0.4365	ambiguous
P48065	F169Y	0.1149	benign
P48065	L170A	0.1196	benign
P48065	L170C	0.3833	ambiguous
P48065	L170D	0.2691	benign
P48065	L170E	0.1489	benign
P48065	L170F	0.0774	benign
P48065	L170G	0.1891	benign
P48065	L170H	0.0911	benign
P48065	L170I	0.0791	benign
P48065	L170K	0.1196	benign
P48065	L170M	0.0992	benign
P48065	L170N	0.1588	benign
P48065	L170P	0.0961	benign
P48065	L170Q	0.0716	benign
P48065	L170R	0.0768	benign
P48065	L170S	0.0882	benign
P48065	L170T	0.1061	benign
P48065	L170V	0.0773	benign
P48065	L170W	0.1027	benign
P48065	L170Y	0.1568	benign
P48065	N171A	0.1436	benign
P48065	N171C	0.3398	benign
P48065	N171D	0.0965	benign
P48065	N171E	0.1621	benign
P48065	N171F	0.2677	benign
P48065	N171G	0.1467	benign
P48065	N171H	0.0661	benign
P48065	N171I	0.1311	benign
P48065	N171K	0.119	benign
P48065	N171L	0.1248	benign
P48065	N171M	0.2421	benign
P48065	N171P	0.1821	benign
P48065	N171Q	0.1375	benign
P48065	N171R	0.1121	benign
P48065	N171S	0.0742	benign
P48065	N171T	0.1031	benign
P48065	N171V	0.1442	benign
P48065	N171W	0.4275	ambiguous
P48065	N171Y	0.0923	benign
P48065	H172A	0.1032	benign
P48065	H172C	0.165	benign
P48065	H172D	0.0825	benign
P48065	H172E	0.1144	benign
P48065	H172F	0.1533	benign
P48065	H172G	0.1023	benign
P48065	H172I	0.1284	benign
P48065	H172K	0.1051	benign
P48065	H172L	0.0775	benign
P48065	H172M	0.231	benign
P48065	H172N	0.0629	benign
P48065	H172P	0.0719	benign
P48065	H172Q	0.0785	benign
P48065	H172R	0.0533	benign
P48065	H172S	0.0812	benign
P48065	H172T	0.0907	benign
P48065	H172V	0.1124	benign
P48065	H172W	0.2038	benign
P48065	H172Y	0.0682	benign
P48065	S173A	0.0792	benign
P48065	S173C	0.2056	benign
P48065	S173D	0.1429	benign
P48065	S173E	0.186	benign
P48065	S173F	0.1346	benign
P48065	S173G	0.0789	benign
P48065	S173H	0.1417	benign
P48065	S173I	0.1384	benign
P48065	S173K	0.2276	benign
P48065	S173L	0.1036	benign
P48065	S173M	0.192	benign
P48065	S173N	0.0981	benign
P48065	S173P	0.0806	benign
P48065	S173Q	0.2087	benign
P48065	S173R	0.1724	benign
P48065	S173T	0.0674	benign
P48065	S173V	0.1385	benign
P48065	S173W	0.1962	benign
P48065	S173Y	0.1086	benign
P48065	G174A	0.0706	benign
P48065	G174C	0.183	benign
P48065	G174D	0.0723	benign
P48065	G174E	0.0758	benign
P48065	G174F	0.1643	benign
P48065	G174H	0.1104	benign
P48065	G174I	0.1002	benign
P48065	G174K	0.106	benign
P48065	G174L	0.1292	benign
P48065	G174M	0.1642	benign
P48065	G174N	0.0997	benign
P48065	G174P	0.1859	benign
P48065	G174Q	0.1021	benign
P48065	G174R	0.0818	benign
P48065	G174S	0.0655	benign
P48065	G174T	0.0699	benign
P48065	G174V	0.0787	benign
P48065	G174W	0.1475	benign
P48065	G174Y	0.123	benign
P48065	A175C	0.3135	benign
P48065	A175D	0.0818	benign
P48065	A175E	0.0894	benign
P48065	A175F	0.1058	benign
P48065	A175G	0.07	benign
P48065	A175H	0.1404	benign
P48065	A175I	0.0993	benign
P48065	A175K	0.1273	benign
P48065	A175L	0.0776	benign
P48065	A175M	0.1069	benign
P48065	A175N	0.0847	benign
P48065	A175P	0.068	benign
P48065	A175Q	0.1165	benign
P48065	A175R	0.1107	benign
P48065	A175S	0.0589	benign
P48065	A175T	0.0606	benign
P48065	A175V	0.0734	benign
P48065	A175W	0.2357	benign
P48065	A175Y	0.1337	benign
P48065	G176A	0.0711	benign
P48065	G176C	0.1881	benign
P48065	G176D	0.0711	benign
P48065	G176E	0.0717	benign
P48065	G176F	0.1776	benign
P48065	G176H	0.1176	benign
P48065	G176I	0.1002	benign
P48065	G176K	0.1053	benign
P48065	G176L	0.1355	benign
P48065	G176M	0.1658	benign
P48065	G176N	0.0932	benign
P48065	G176P	0.1965	benign
P48065	G176Q	0.1008	benign
P48065	G176R	0.0803	benign
P48065	G176S	0.0666	benign
P48065	G176T	0.0726	benign
P48065	G176V	0.0788	benign
P48065	G176W	0.146	benign
P48065	G176Y	0.1226	benign
P48065	T177A	0.0598	benign
P48065	T177C	0.3531	ambiguous
P48065	T177D	0.1161	benign
P48065	T177E	0.1056	benign
P48065	T177F	0.095	benign
P48065	T177G	0.1016	benign
P48065	T177H	0.0986	benign
P48065	T177I	0.083	benign
P48065	T177K	0.0873	benign
P48065	T177L	0.0691	benign
P48065	T177M	0.0804	benign
P48065	T177N	0.0635	benign
P48065	T177P	0.0609	benign
P48065	T177Q	0.1043	benign
P48065	T177R	0.0721	benign
P48065	T177S	0.0666	benign
P48065	T177V	0.0799	benign
P48065	T177W	0.2363	benign
P48065	T177Y	0.1029	benign
P48065	V178A	0.0651	benign
P48065	V178C	0.4921	ambiguous
P48065	V178D	0.0821	benign
P48065	V178E	0.0829	benign
P48065	V178F	0.0731	benign
P48065	V178G	0.0631	benign
P48065	V178H	0.1575	benign
P48065	V178I	0.0703	benign
P48065	V178K	0.0961	benign
P48065	V178L	0.084	benign
P48065	V178M	0.0815	benign
P48065	V178N	0.0777	benign
P48065	V178P	0.1068	benign
P48065	V178Q	0.1004	benign
P48065	V178R	0.0844	benign
P48065	V178S	0.0668	benign
P48065	V178T	0.0742	benign
P48065	V178W	0.291	benign
P48065	V178Y	0.1598	benign
P48065	T179A	0.0637	benign
P48065	T179C	0.3757	ambiguous
P48065	T179D	0.132	benign
P48065	T179E	0.1152	benign
P48065	T179F	0.1007	benign
P48065	T179G	0.118	benign
P48065	T179H	0.1006	benign
P48065	T179I	0.0787	benign
P48065	T179K	0.0899	benign
P48065	T179L	0.0659	benign
P48065	T179M	0.0792	benign
P48065	T179N	0.0719	benign
P48065	T179P	0.0639	benign
P48065	T179Q	0.1023	benign
P48065	T179R	0.08	benign
P48065	T179S	0.0721	benign
P48065	T179V	0.0799	benign
P48065	T179W	0.2605	benign
P48065	T179Y	0.1118	benign
P48065	P180A	0.0629	benign
P48065	P180C	0.2813	benign
P48065	P180D	0.1389	benign
P48065	P180E	0.1221	benign
P48065	P180F	0.1799	benign
P48065	P180G	0.1191	benign
P48065	P180H	0.0761	benign
P48065	P180I	0.1309	benign
P48065	P180K	0.116	benign
P48065	P180L	0.0839	benign
P48065	P180M	0.1752	benign
P48065	P180N	0.1111	benign
P48065	P180Q	0.0843	benign
P48065	P180R	0.0768	benign
P48065	P180S	0.0663	benign
P48065	P180T	0.0625	benign
P48065	P180V	0.1068	benign
P48065	P180W	0.2659	benign
P48065	P180Y	0.1304	benign
P48065	F181A	0.0676	benign
P48065	F181C	0.1665	benign
P48065	F181D	0.1407	benign
P48065	F181E	0.1736	benign
P48065	F181G	0.1294	benign
P48065	F181H	0.1457	benign
P48065	F181I	0.0752	benign
P48065	F181K	0.1553	benign
P48065	F181L	0.2552	benign
P48065	F181M	0.1656	benign
P48065	F181N	0.1134	benign
P48065	F181P	0.147	benign
P48065	F181Q	0.1541	benign
P48065	F181R	0.1188	benign
P48065	F181S	0.053	benign
P48065	F181T	0.0732	benign
P48065	F181V	0.0681	benign
P48065	F181W	0.1797	benign
P48065	F181Y	0.0875	benign
P48065	E182A	0.1061	benign
P48065	E182C	0.5716	pathogenic
P48065	E182D	0.0989	benign
P48065	E182F	0.3913	ambiguous
P48065	E182G	0.0724	benign
P48065	E182H	0.1597	benign
P48065	E182I	0.1885	benign
P48065	E182K	0.0786	benign
P48065	E182L	0.1843	benign
P48065	E182M	0.2567	benign
P48065	E182N	0.1372	benign
P48065	E182P	0.1897	benign
P48065	E182Q	0.0712	benign
P48065	E182R	0.0972	benign
P48065	E182S	0.1037	benign
P48065	E182T	0.1184	benign
P48065	E182V	0.1341	benign
P48065	E182W	0.5067	ambiguous
P48065	E182Y	0.2549	benign
P48065	N183A	0.1904	benign
P48065	N183C	0.4953	ambiguous
P48065	N183D	0.1282	benign
P48065	N183E	0.2447	benign
P48065	N183F	0.4613	ambiguous
P48065	N183G	0.2097	benign
P48065	N183H	0.117	benign
P48065	N183I	0.1965	benign
P48065	N183K	0.1961	benign
P48065	N183L	0.2286	benign
P48065	N183M	0.3442	ambiguous
P48065	N183P	0.3369	benign
P48065	N183Q	0.2747	benign
P48065	N183R	0.2091	benign
P48065	N183S	0.1098	benign
P48065	N183T	0.1376	benign
P48065	N183V	0.2063	benign
P48065	N183W	0.678	pathogenic
P48065	N183Y	0.1338	benign
P48065	F184A	0.1048	benign
P48065	F184C	0.1616	benign
P48065	F184D	0.2315	benign
P48065	F184E	0.2884	benign
P48065	F184G	0.2127	benign
P48065	F184H	0.1904	benign
P48065	F184I	0.0749	benign
P48065	F184K	0.2483	benign
P48065	F184L	0.394	ambiguous
P48065	F184M	0.1975	benign
P48065	F184N	0.168	benign
P48065	F184P	0.4994	ambiguous
P48065	F184Q	0.2379	benign
P48065	F184R	0.1811	benign
P48065	F184S	0.0808	benign
P48065	F184T	0.0977	benign
P48065	F184V	0.0696	benign
P48065	F184W	0.28	benign
P48065	F184Y	0.0826	benign
P48065	T185A	0.1618	benign
P48065	T185C	0.7001	pathogenic
P48065	T185D	0.5149	ambiguous
P48065	T185E	0.4467	ambiguous
P48065	T185F	0.5061	ambiguous
P48065	T185G	0.3756	ambiguous
P48065	T185H	0.2997	benign
P48065	T185I	0.3689	ambiguous
P48065	T185K	0.2499	benign
P48065	T185L	0.2656	benign
P48065	T185M	0.2465	benign
P48065	T185N	0.2628	benign
P48065	T185P	0.1925	benign
P48065	T185Q	0.2803	benign
P48065	T185R	0.1707	benign
P48065	T185S	0.1121	benign
P48065	T185V	0.286	benign
P48065	T185W	0.7266	pathogenic
P48065	T185Y	0.4646	ambiguous
P48065	S186A	0.1874	benign
P48065	S186C	0.5533	ambiguous
P48065	S186D	0.664	pathogenic
P48065	S186E	0.86	pathogenic
P48065	S186F	0.5115	ambiguous
P48065	S186G	0.2538	benign
P48065	S186H	0.7113	pathogenic
P48065	S186I	0.568	pathogenic
P48065	S186K	0.9539	pathogenic
P48065	S186L	0.2154	benign
P48065	S186M	0.436	ambiguous
P48065	S186N	0.4632	ambiguous
P48065	S186P	0.4342	ambiguous
P48065	S186Q	0.8526	pathogenic
P48065	S186R	0.9437	pathogenic
P48065	S186T	0.1523	benign
P48065	S186V	0.462	ambiguous
P48065	S186W	0.6787	pathogenic
P48065	S186Y	0.4235	ambiguous
P48065	P187A	0.0904	benign
P48065	P187C	0.8309	pathogenic
P48065	P187D	0.9178	pathogenic
P48065	P187E	0.8083	pathogenic
P48065	P187F	0.9751	pathogenic
P48065	P187G	0.4832	ambiguous
P48065	P187H	0.7585	pathogenic
P48065	P187I	0.9327	pathogenic
P48065	P187K	0.8933	pathogenic
P48065	P187L	0.7576	pathogenic
P48065	P187M	0.8916	pathogenic
P48065	P187N	0.8268	pathogenic
P48065	P187Q	0.6599	pathogenic
P48065	P187R	0.7322	pathogenic
P48065	P187S	0.1463	benign
P48065	P187T	0.3681	ambiguous
P48065	P187V	0.7483	pathogenic
P48065	P187W	0.977	pathogenic
P48065	P187Y	0.9515	pathogenic
P48065	V188A	0.3068	benign
P48065	V188C	0.9646	pathogenic
P48065	V188D	0.8459	pathogenic
P48065	V188E	0.5127	ambiguous
P48065	V188F	0.7135	pathogenic
P48065	V188G	0.5467	ambiguous
P48065	V188H	0.9488	pathogenic
P48065	V188I	0.119	benign
P48065	V188K	0.8941	pathogenic
P48065	V188L	0.614	pathogenic
P48065	V188M	0.3818	ambiguous
P48065	V188N	0.7626	pathogenic
P48065	V188P	0.8362	pathogenic
P48065	V188Q	0.7107	pathogenic
P48065	V188R	0.8683	pathogenic
P48065	V188S	0.3883	ambiguous
P48065	V188T	0.3452	ambiguous
P48065	V188W	0.9901	pathogenic
P48065	V188Y	0.9447	pathogenic
P48065	M189A	0.2859	benign
P48065	M189C	0.8833	pathogenic
P48065	M189D	0.7285	pathogenic
P48065	M189E	0.3682	ambiguous
P48065	M189F	0.4165	ambiguous
P48065	M189G	0.5493	ambiguous
P48065	M189H	0.541	ambiguous
P48065	M189I	0.1885	benign
P48065	M189K	0.1995	benign
P48065	M189L	0.1294	benign
P48065	M189N	0.3576	ambiguous
P48065	M189P	0.86	pathogenic
P48065	M189Q	0.2413	benign
P48065	M189R	0.1942	benign
P48065	M189S	0.2851	benign
P48065	M189T	0.1114	benign
P48065	M189V	0.0706	benign
P48065	M189W	0.6867	pathogenic
P48065	M189Y	0.6493	pathogenic
P48065	E190A	0.8397	pathogenic
P48065	E190C	0.9945	pathogenic
P48065	E190D	0.8971	pathogenic
P48065	E190F	0.9965	pathogenic
P48065	E190G	0.9276	pathogenic
P48065	E190H	0.9859	pathogenic
P48065	E190I	0.9782	pathogenic
P48065	E190K	0.9642	pathogenic
P48065	E190L	0.9744	pathogenic
P48065	E190M	0.9798	pathogenic
P48065	E190N	0.9656	pathogenic
P48065	E190P	0.9956	pathogenic
P48065	E190Q	0.7463	pathogenic
P48065	E190R	0.9632	pathogenic
P48065	E190S	0.9318	pathogenic
P48065	E190T	0.9691	pathogenic
P48065	E190V	0.9303	pathogenic
P48065	E190W	0.9993	pathogenic
P48065	E190Y	0.9896	pathogenic
P48065	F191A	0.9916	pathogenic
P48065	F191C	0.9813	pathogenic
P48065	F191D	0.996	pathogenic
P48065	F191E	0.9967	pathogenic
P48065	F191G	0.9917	pathogenic
P48065	F191H	0.9705	pathogenic
P48065	F191I	0.9619	pathogenic
P48065	F191K	0.9961	pathogenic
P48065	F191L	0.996	pathogenic
P48065	F191M	0.9784	pathogenic
P48065	F191N	0.9855	pathogenic
P48065	F191P	0.9997	pathogenic
P48065	F191Q	0.9946	pathogenic
P48065	F191R	0.9886	pathogenic
P48065	F191S	0.9908	pathogenic
P48065	F191T	0.9944	pathogenic
P48065	F191V	0.9491	pathogenic
P48065	F191W	0.8642	pathogenic
P48065	F191Y	0.2261	benign
P48065	W192A	0.9853	pathogenic
P48065	W192C	0.9958	pathogenic
P48065	W192D	0.9988	pathogenic
P48065	W192E	0.9974	pathogenic
P48065	W192F	0.7423	pathogenic
P48065	W192G	0.9634	pathogenic
P48065	W192H	0.9898	pathogenic
P48065	W192I	0.9922	pathogenic
P48065	W192K	0.9984	pathogenic
P48065	W192L	0.9405	pathogenic
P48065	W192M	0.9904	pathogenic
P48065	W192N	0.9986	pathogenic
P48065	W192P	0.9986	pathogenic
P48065	W192Q	0.9968	pathogenic
P48065	W192R	0.9927	pathogenic
P48065	W192S	0.976	pathogenic
P48065	W192T	0.9882	pathogenic
P48065	W192V	0.986	pathogenic
P48065	W192Y	0.9235	pathogenic
P48065	E193A	0.6765	pathogenic
P48065	E193C	0.9829	pathogenic
P48065	E193D	0.6403	pathogenic
P48065	E193F	0.9654	pathogenic
P48065	E193G	0.5425	ambiguous
P48065	E193H	0.8018	pathogenic
P48065	E193I	0.8816	pathogenic
P48065	E193K	0.537	ambiguous
P48065	E193L	0.8574	pathogenic
P48065	E193M	0.8844	pathogenic
P48065	E193N	0.707	pathogenic
P48065	E193P	0.992	pathogenic
P48065	E193Q	0.2682	benign
P48065	E193R	0.5722	pathogenic
P48065	E193S	0.6519	pathogenic
P48065	E193T	0.7201	pathogenic
P48065	E193V	0.7301	pathogenic
P48065	E193W	0.9805	pathogenic
P48065	E193Y	0.9006	pathogenic
P48065	R194A	0.6663	pathogenic
P48065	R194C	0.3525	ambiguous
P48065	R194D	0.6562	pathogenic
P48065	R194E	0.3995	ambiguous
P48065	R194F	0.6395	pathogenic
P48065	R194G	0.2937	benign
P48065	R194H	0.0981	benign
P48065	R194I	0.5115	ambiguous
P48065	R194K	0.1202	benign
P48065	R194L	0.389	ambiguous
P48065	R194M	0.4311	ambiguous
P48065	R194N	0.3847	ambiguous
P48065	R194P	0.9754	pathogenic
P48065	R194Q	0.1191	benign
P48065	R194S	0.5799	pathogenic
P48065	R194T	0.422	ambiguous
P48065	R194V	0.5938	pathogenic
P48065	R194W	0.238	benign
P48065	R194Y	0.374	ambiguous
P48065	R195A	0.8546	pathogenic
P48065	R195C	0.5688	pathogenic
P48065	R195D	0.8986	pathogenic
P48065	R195E	0.5557	ambiguous
P48065	R195F	0.9096	pathogenic
P48065	R195G	0.5043	ambiguous
P48065	R195H	0.1993	benign
P48065	R195I	0.8575	pathogenic
P48065	R195K	0.1847	benign
P48065	R195L	0.7914	pathogenic
P48065	R195M	0.7907	pathogenic
P48065	R195N	0.769	pathogenic
P48065	R195P	0.9818	pathogenic
P48065	R195Q	0.1559	benign
P48065	R195S	0.8251	pathogenic
P48065	R195T	0.7817	pathogenic
P48065	R195V	0.8696	pathogenic
P48065	R195W	0.4916	ambiguous
P48065	R195Y	0.67	pathogenic
P48065	V196A	0.3108	benign
P48065	V196C	0.9018	pathogenic
P48065	V196D	0.9813	pathogenic
P48065	V196E	0.9412	pathogenic
P48065	V196F	0.7839	pathogenic
P48065	V196G	0.5691	pathogenic
P48065	V196H	0.9793	pathogenic
P48065	V196I	0.1909	benign
P48065	V196K	0.9635	pathogenic
P48065	V196L	0.7149	pathogenic
P48065	V196M	0.5478	ambiguous
P48065	V196N	0.9064	pathogenic
P48065	V196P	0.9807	pathogenic
P48065	V196Q	0.9008	pathogenic
P48065	V196R	0.9344	pathogenic
P48065	V196S	0.5579	ambiguous
P48065	V196T	0.4198	ambiguous
P48065	V196W	0.9963	pathogenic
P48065	V196Y	0.9694	pathogenic
P48065	L197A	0.9136	pathogenic
P48065	L197C	0.9664	pathogenic
P48065	L197D	0.9983	pathogenic
P48065	L197E	0.9864	pathogenic
P48065	L197F	0.9294	pathogenic
P48065	L197G	0.9761	pathogenic
P48065	L197H	0.9478	pathogenic
P48065	L197I	0.6726	pathogenic
P48065	L197K	0.9651	pathogenic
P48065	L197M	0.7192	pathogenic
P48065	L197N	0.981	pathogenic
P48065	L197P	0.9894	pathogenic
P48065	L197Q	0.9408	pathogenic
P48065	L197R	0.9101	pathogenic
P48065	L197S	0.9729	pathogenic
P48065	L197T	0.8726	pathogenic
P48065	L197V	0.7049	pathogenic
P48065	L197W	0.9624	pathogenic
P48065	L197Y	0.9853	pathogenic
P48065	G198A	0.1348	benign
P48065	G198C	0.3414	ambiguous
P48065	G198D	0.2696	benign
P48065	G198E	0.2413	benign
P48065	G198F	0.7394	pathogenic
P48065	G198H	0.3068	benign
P48065	G198I	0.634	pathogenic
P48065	G198K	0.2844	benign
P48065	G198L	0.5172	ambiguous
P48065	G198M	0.5747	pathogenic
P48065	G198N	0.2585	benign
P48065	G198P	0.9707	pathogenic
P48065	G198Q	0.2026	benign
P48065	G198R	0.1896	benign
P48065	G198S	0.1245	benign
P48065	G198T	0.3093	benign
P48065	G198V	0.4271	ambiguous
P48065	G198W	0.5642	pathogenic
P48065	G198Y	0.5217	ambiguous
P48065	I199A	0.8155	pathogenic
P48065	I199C	0.9226	pathogenic
P48065	I199D	0.9603	pathogenic
P48065	I199E	0.8929	pathogenic
P48065	I199F	0.4392	ambiguous
P48065	I199G	0.9398	pathogenic
P48065	I199H	0.8845	pathogenic
P48065	I199K	0.7056	pathogenic
P48065	I199L	0.0819	benign
P48065	I199M	0.137	benign
P48065	I199N	0.7532	pathogenic
P48065	I199P	0.9516	pathogenic
P48065	I199Q	0.8	pathogenic
P48065	I199R	0.6638	pathogenic
P48065	I199S	0.8293	pathogenic
P48065	I199T	0.7804	pathogenic
P48065	I199V	0.163	benign
P48065	I199W	0.925	pathogenic
P48065	I199Y	0.8124	pathogenic
P48065	T200A	0.3303	benign
P48065	T200C	0.867	pathogenic
P48065	T200D	0.789	pathogenic
P48065	T200E	0.8706	pathogenic
P48065	T200F	0.9503	pathogenic
P48065	T200G	0.3912	ambiguous
P48065	T200H	0.6632	pathogenic
P48065	T200I	0.9444	pathogenic
P48065	T200K	0.7206	pathogenic
P48065	T200L	0.8124	pathogenic
P48065	T200M	0.6828	pathogenic
P48065	T200N	0.463	ambiguous
P48065	T200P	0.6632	pathogenic
P48065	T200Q	0.721	pathogenic
P48065	T200R	0.6579	pathogenic
P48065	T200S	0.0909	benign
P48065	T200V	0.84	pathogenic
P48065	T200W	0.9783	pathogenic
P48065	T200Y	0.9013	pathogenic
P48065	S201A	0.0784	benign
P48065	S201C	0.2622	benign
P48065	S201D	0.1243	benign
P48065	S201E	0.1918	benign
P48065	S201F	0.2747	benign
P48065	S201G	0.0702	benign
P48065	S201H	0.1966	benign
P48065	S201I	0.2553	benign
P48065	S201K	0.2454	benign
P48065	S201L	0.1322	benign
P48065	S201M	0.2291	benign
P48065	S201N	0.0992	benign
P48065	S201P	0.0907	benign
P48065	S201Q	0.25	benign
P48065	S201R	0.2279	benign
P48065	S201T	0.0796	benign
P48065	S201V	0.2043	benign
P48065	S201W	0.3686	ambiguous
P48065	S201Y	0.2067	benign
P48065	G202A	0.5821	pathogenic
P48065	G202C	0.8567	pathogenic
P48065	G202D	0.5578	ambiguous
P48065	G202E	0.8303	pathogenic
P48065	G202F	0.9796	pathogenic
P48065	G202H	0.8389	pathogenic
P48065	G202I	0.9663	pathogenic
P48065	G202K	0.935	pathogenic
P48065	G202L	0.9706	pathogenic
P48065	G202M	0.9712	pathogenic
P48065	G202N	0.6868	pathogenic
P48065	G202P	0.9919	pathogenic
P48065	G202Q	0.8656	pathogenic
P48065	G202R	0.86	pathogenic
P48065	G202S	0.2183	benign
P48065	G202T	0.6057	pathogenic
P48065	G202V	0.9217	pathogenic
P48065	G202W	0.9482	pathogenic
P48065	G202Y	0.9434	pathogenic
P48065	I203A	0.8753	pathogenic
P48065	I203C	0.9542	pathogenic
P48065	I203D	0.9922	pathogenic
P48065	I203E	0.9873	pathogenic
P48065	I203F	0.2924	benign
P48065	I203G	0.9721	pathogenic
P48065	I203H	0.9775	pathogenic
P48065	I203K	0.9807	pathogenic
P48065	I203L	0.0876	benign
P48065	I203M	0.2234	benign
P48065	I203N	0.9551	pathogenic
P48065	I203P	0.9017	pathogenic
P48065	I203Q	0.9771	pathogenic
P48065	I203R	0.9645	pathogenic
P48065	I203S	0.9234	pathogenic
P48065	I203T	0.9317	pathogenic
P48065	I203V	0.1955	benign
P48065	I203W	0.9177	pathogenic
P48065	I203Y	0.8674	pathogenic
P48065	H204A	0.1886	benign
P48065	H204C	0.319	benign
P48065	H204D	0.069	benign
P48065	H204E	0.1194	benign
P48065	H204F	0.3971	ambiguous
P48065	H204G	0.1227	benign
P48065	H204I	0.4743	ambiguous
P48065	H204K	0.2185	benign
P48065	H204L	0.1697	benign
P48065	H204M	0.4579	ambiguous
P48065	H204N	0.0732	benign
P48065	H204P	0.2002	benign
P48065	H204Q	0.1232	benign
P48065	H204R	0.1169	benign
P48065	H204S	0.1144	benign
P48065	H204T	0.1861	benign
P48065	H204V	0.3346	benign
P48065	H204W	0.3945	ambiguous
P48065	H204Y	0.1187	benign
P48065	D205A	0.158	benign
P48065	D205C	0.5403	ambiguous
P48065	D205E	0.1014	benign
P48065	D205F	0.4173	ambiguous
P48065	D205G	0.223	benign
P48065	D205H	0.1112	benign
P48065	D205I	0.1865	benign
P48065	D205K	0.2411	benign
P48065	D205L	0.2581	benign
P48065	D205M	0.4512	ambiguous
P48065	D205N	0.0815	benign
P48065	D205P	0.8411	pathogenic
P48065	D205Q	0.1492	benign
P48065	D205R	0.2386	benign
P48065	D205S	0.1088	benign
P48065	D205T	0.1676	benign
P48065	D205V	0.1145	benign
P48065	D205W	0.8226	pathogenic
P48065	D205Y	0.1469	benign
P48065	L206A	0.3286	benign
P48065	L206C	0.7659	pathogenic
P48065	L206D	0.9396	pathogenic
P48065	L206E	0.8243	pathogenic
P48065	L206F	0.1597	benign
P48065	L206G	0.7359	pathogenic
P48065	L206H	0.7013	pathogenic
P48065	L206I	0.1019	benign
P48065	L206K	0.7742	pathogenic
P48065	L206M	0.1279	benign
P48065	L206N	0.8317	pathogenic
P48065	L206P	0.2177	benign
P48065	L206Q	0.6235	pathogenic
P48065	L206R	0.6414	pathogenic
P48065	L206S	0.5813	pathogenic
P48065	L206T	0.2864	benign
P48065	L206V	0.1024	benign
P48065	L206W	0.3904	ambiguous
P48065	L206Y	0.6439	pathogenic
P48065	G207A	0.6946	pathogenic
P48065	G207C	0.9325	pathogenic
P48065	G207D	0.8342	pathogenic
P48065	G207E	0.8986	pathogenic
P48065	G207F	0.982	pathogenic
P48065	G207H	0.9271	pathogenic
P48065	G207I	0.971	pathogenic
P48065	G207K	0.9329	pathogenic
P48065	G207L	0.9604	pathogenic
P48065	G207M	0.9825	pathogenic
P48065	G207N	0.9001	pathogenic
P48065	G207P	0.9786	pathogenic
P48065	G207Q	0.9025	pathogenic
P48065	G207R	0.8779	pathogenic
P48065	G207S	0.5521	ambiguous
P48065	G207T	0.8567	pathogenic
P48065	G207V	0.9236	pathogenic
P48065	G207W	0.9624	pathogenic
P48065	G207Y	0.9684	pathogenic
P48065	S208A	0.0799	benign
P48065	S208C	0.1828	benign
P48065	S208D	0.1698	benign
P48065	S208E	0.2111	benign
P48065	S208F	0.1321	benign
P48065	S208G	0.0795	benign
P48065	S208H	0.155	benign
P48065	S208I	0.1278	benign
P48065	S208K	0.2358	benign
P48065	S208L	0.1006	benign
P48065	S208M	0.1656	benign
P48065	S208N	0.0976	benign
P48065	S208P	0.1117	benign
P48065	S208Q	0.2163	benign
P48065	S208R	0.2049	benign
P48065	S208T	0.0778	benign
P48065	S208V	0.123	benign
P48065	S208W	0.2396	benign
P48065	S208Y	0.1222	benign
P48065	L209A	0.5751	pathogenic
P48065	L209C	0.7485	pathogenic
P48065	L209D	0.9801	pathogenic
P48065	L209E	0.9113	pathogenic
P48065	L209F	0.2458	benign
P48065	L209G	0.8617	pathogenic
P48065	L209H	0.8479	pathogenic
P48065	L209I	0.0883	benign
P48065	L209K	0.8906	pathogenic
P48065	L209M	0.1626	benign
P48065	L209N	0.9187	pathogenic
P48065	L209P	0.3399	benign
P48065	L209Q	0.7554	pathogenic
P48065	L209R	0.8117	pathogenic
P48065	L209S	0.8014	pathogenic
P48065	L209T	0.579	pathogenic
P48065	L209V	0.0786	benign
P48065	L209W	0.5888	pathogenic
P48065	L209Y	0.7715	pathogenic
P48065	R210A	0.8796	pathogenic
P48065	R210C	0.3399	benign
P48065	R210D	0.9001	pathogenic
P48065	R210E	0.6646	pathogenic
P48065	R210F	0.9504	pathogenic
P48065	R210G	0.7989	pathogenic
P48065	R210H	0.1744	benign
P48065	R210I	0.6804	pathogenic
P48065	R210K	0.2201	benign
P48065	R210L	0.6733	pathogenic
P48065	R210M	0.8163	pathogenic
P48065	R210N	0.7257	pathogenic
P48065	R210P	0.9213	pathogenic
P48065	R210Q	0.1262	benign
P48065	R210S	0.7913	pathogenic
P48065	R210T	0.7905	pathogenic
P48065	R210V	0.7292	pathogenic
P48065	R210W	0.5949	pathogenic
P48065	R210Y	0.8045	pathogenic
P48065	W211A	0.5743	pathogenic
P48065	W211C	0.9149	pathogenic
P48065	W211D	0.9397	pathogenic
P48065	W211E	0.9261	pathogenic
P48065	W211F	0.4349	ambiguous
P48065	W211G	0.2965	benign
P48065	W211H	0.892	pathogenic
P48065	W211I	0.7109	pathogenic
P48065	W211K	0.9112	pathogenic
P48065	W211L	0.4672	ambiguous
P48065	W211M	0.6654	pathogenic
P48065	W211N	0.889	pathogenic
P48065	W211P	0.6657	pathogenic
P48065	W211Q	0.9137	pathogenic
P48065	W211R	0.8982	pathogenic
P48065	W211S	0.4817	ambiguous
P48065	W211T	0.5535	ambiguous
P48065	W211V	0.6272	pathogenic
P48065	W211Y	0.6435	pathogenic
P48065	E212A	0.7096	pathogenic
P48065	E212C	0.99	pathogenic
P48065	E212D	0.1778	benign
P48065	E212F	0.9838	pathogenic
P48065	E212G	0.674	pathogenic
P48065	E212H	0.8318	pathogenic
P48065	E212I	0.9157	pathogenic
P48065	E212K	0.6629	pathogenic
P48065	E212L	0.9449	pathogenic
P48065	E212M	0.9537	pathogenic
P48065	E212N	0.6511	pathogenic
P48065	E212P	0.6295	pathogenic
P48065	E212Q	0.3855	ambiguous
P48065	E212R	0.7855	pathogenic
P48065	E212S	0.624	pathogenic
P48065	E212T	0.8289	pathogenic
P48065	E212V	0.8175	pathogenic
P48065	E212W	0.9871	pathogenic
P48065	E212Y	0.936	pathogenic
P48065	L213A	0.8562	pathogenic
P48065	L213C	0.9503	pathogenic
P48065	L213D	0.99	pathogenic
P48065	L213E	0.945	pathogenic
P48065	L213F	0.8982	pathogenic
P48065	L213G	0.9425	pathogenic
P48065	L213H	0.9571	pathogenic
P48065	L213I	0.3465	ambiguous
P48065	L213K	0.9488	pathogenic
P48065	L213M	0.2896	benign
P48065	L213N	0.8927	pathogenic
P48065	L213P	0.9594	pathogenic
P48065	L213Q	0.884	pathogenic
P48065	L213R	0.9356	pathogenic
P48065	L213S	0.946	pathogenic
P48065	L213T	0.7862	pathogenic
P48065	L213V	0.3553	ambiguous
P48065	L213W	0.9677	pathogenic
P48065	L213Y	0.9668	pathogenic
P48065	A214C	0.6428	pathogenic
P48065	A214D	0.945	pathogenic
P48065	A214E	0.943	pathogenic
P48065	A214F	0.7527	pathogenic
P48065	A214G	0.1997	benign
P48065	A214H	0.9627	pathogenic
P48065	A214I	0.5919	pathogenic
P48065	A214K	0.985	pathogenic
P48065	A214L	0.497	ambiguous
P48065	A214M	0.5945	pathogenic
P48065	A214N	0.8622	pathogenic
P48065	A214P	0.87	pathogenic
P48065	A214Q	0.9172	pathogenic
P48065	A214R	0.968	pathogenic
P48065	A214S	0.1237	benign
P48065	A214T	0.2111	benign
P48065	A214V	0.2627	benign
P48065	A214W	0.9783	pathogenic
P48065	A214Y	0.9359	pathogenic
P48065	L215A	0.1656	benign
P48065	L215C	0.4713	ambiguous
P48065	L215D	0.9623	pathogenic
P48065	L215E	0.8432	pathogenic
P48065	L215F	0.1542	benign
P48065	L215G	0.1901	benign
P48065	L215H	0.8309	pathogenic
P48065	L215I	0.1752	benign
P48065	L215K	0.8429	pathogenic
P48065	L215M	0.1478	benign
P48065	L215N	0.8048	pathogenic
P48065	L215P	0.7145	pathogenic
P48065	L215Q	0.6098	pathogenic
P48065	L215R	0.7568	pathogenic
P48065	L215S	0.2884	benign
P48065	L215T	0.3195	benign
P48065	L215V	0.1379	benign
P48065	L215W	0.525	ambiguous
P48065	L215Y	0.686	pathogenic
P48065	C216A	0.7124	pathogenic
P48065	C216D	0.9807	pathogenic
P48065	C216E	0.9947	pathogenic
P48065	C216F	0.6443	pathogenic
P48065	C216G	0.5782	pathogenic
P48065	C216H	0.9692	pathogenic
P48065	C216I	0.9345	pathogenic
P48065	C216K	0.9981	pathogenic
P48065	C216L	0.7441	pathogenic
P48065	C216M	0.8869	pathogenic
P48065	C216N	0.8898	pathogenic
P48065	C216P	0.9611	pathogenic
P48065	C216Q	0.9858	pathogenic
P48065	C216R	0.9857	pathogenic
P48065	C216S	0.5117	ambiguous
P48065	C216T	0.641	pathogenic
P48065	C216V	0.8164	pathogenic
P48065	C216W	0.9544	pathogenic
P48065	C216Y	0.8987	pathogenic
P48065	L217A	0.8979	pathogenic
P48065	L217C	0.8839	pathogenic
P48065	L217D	0.9946	pathogenic
P48065	L217E	0.9693	pathogenic
P48065	L217F	0.8184	pathogenic
P48065	L217G	0.9605	pathogenic
P48065	L217H	0.9385	pathogenic
P48065	L217I	0.4925	ambiguous
P48065	L217K	0.9804	pathogenic
P48065	L217M	0.5127	ambiguous
P48065	L217N	0.9128	pathogenic
P48065	L217P	0.9948	pathogenic
P48065	L217Q	0.8985	pathogenic
P48065	L217R	0.9662	pathogenic
P48065	L217S	0.9229	pathogenic
P48065	L217T	0.8345	pathogenic
P48065	L217V	0.42	ambiguous
P48065	L217W	0.9695	pathogenic
P48065	L217Y	0.9604	pathogenic
P48065	L218A	0.2245	benign
P48065	L218C	0.4071	ambiguous
P48065	L218D	0.9846	pathogenic
P48065	L218E	0.9479	pathogenic
P48065	L218F	0.1159	benign
P48065	L218G	0.4327	ambiguous
P48065	L218H	0.8671	pathogenic
P48065	L218I	0.2198	benign
P48065	L218K	0.9587	pathogenic
P48065	L218M	0.1615	benign
P48065	L218N	0.9094	pathogenic
P48065	L218P	0.8956	pathogenic
P48065	L218Q	0.7774	pathogenic
P48065	L218R	0.917	pathogenic
P48065	L218S	0.4886	ambiguous
P48065	L218T	0.4278	ambiguous
P48065	L218V	0.1863	benign
P48065	L218W	0.6374	pathogenic
P48065	L218Y	0.7537	pathogenic
P48065	L219A	0.1367	benign
P48065	L219C	0.4219	ambiguous
P48065	L219D	0.9724	pathogenic
P48065	L219E	0.9379	pathogenic
P48065	L219F	0.1362	benign
P48065	L219G	0.3291	benign
P48065	L219H	0.8923	pathogenic
P48065	L219I	0.1622	benign
P48065	L219K	0.9655	pathogenic
P48065	L219M	0.1432	benign
P48065	L219N	0.8867	pathogenic
P48065	L219P	0.7834	pathogenic
P48065	L219Q	0.8131	pathogenic
P48065	L219R	0.9311	pathogenic
P48065	L219S	0.3081	benign
P48065	L219T	0.1929	benign
P48065	L219V	0.1255	benign
P48065	L219W	0.6651	pathogenic
P48065	L219Y	0.8151	pathogenic
P48065	A220C	0.4709	ambiguous
P48065	A220D	0.9349	pathogenic
P48065	A220E	0.9433	pathogenic
P48065	A220F	0.8448	pathogenic
P48065	A220G	0.2446	benign
P48065	A220H	0.9729	pathogenic
P48065	A220I	0.5344	ambiguous
P48065	A220K	0.9891	pathogenic
P48065	A220L	0.5417	ambiguous
P48065	A220M	0.5919	pathogenic
P48065	A220N	0.8301	pathogenic
P48065	A220P	0.9074	pathogenic
P48065	A220Q	0.9187	pathogenic
P48065	A220R	0.9756	pathogenic
P48065	A220S	0.1094	benign
P48065	A220T	0.1844	benign
P48065	A220V	0.2566	benign
P48065	A220W	0.9856	pathogenic
P48065	A220Y	0.9573	pathogenic
P48065	W221A	0.9474	pathogenic
P48065	W221C	0.9726	pathogenic
P48065	W221D	0.9965	pathogenic
P48065	W221E	0.9949	pathogenic
P48065	W221F	0.6898	pathogenic
P48065	W221G	0.8897	pathogenic
P48065	W221H	0.9838	pathogenic
P48065	W221I	0.9821	pathogenic
P48065	W221K	0.9989	pathogenic
P48065	W221L	0.9366	pathogenic
P48065	W221M	0.9753	pathogenic
P48065	W221N	0.9869	pathogenic
P48065	W221P	0.9978	pathogenic
P48065	W221Q	0.9961	pathogenic
P48065	W221R	0.9964	pathogenic
P48065	W221S	0.8586	pathogenic
P48065	W221T	0.9569	pathogenic
P48065	W221V	0.96	pathogenic
P48065	W221Y	0.8681	pathogenic
P48065	V222A	0.1423	benign
P48065	V222C	0.4933	ambiguous
P48065	V222D	0.8143	pathogenic
P48065	V222E	0.8194	pathogenic
P48065	V222F	0.1399	benign
P48065	V222G	0.1353	benign
P48065	V222H	0.8894	pathogenic
P48065	V222I	0.068	benign
P48065	V222K	0.8933	pathogenic
P48065	V222L	0.1144	benign
P48065	V222M	0.1191	benign
P48065	V222N	0.5329	ambiguous
P48065	V222P	0.8967	pathogenic
P48065	V222Q	0.797	pathogenic
P48065	V222R	0.863	pathogenic
P48065	V222S	0.2051	benign
P48065	V222T	0.1434	benign
P48065	V222W	0.8361	pathogenic
P48065	V222Y	0.6991	pathogenic
P48065	I223A	0.2691	benign
P48065	I223C	0.503	ambiguous
P48065	I223D	0.9578	pathogenic
P48065	I223E	0.9525	pathogenic
P48065	I223F	0.169	benign
P48065	I223G	0.5102	ambiguous
P48065	I223H	0.9336	pathogenic
P48065	I223K	0.9494	pathogenic
P48065	I223L	0.0715	benign
P48065	I223M	0.1224	benign
P48065	I223N	0.6976	pathogenic
P48065	I223P	0.8733	pathogenic
P48065	I223Q	0.903	pathogenic
P48065	I223R	0.9198	pathogenic
P48065	I223S	0.3505	ambiguous
P48065	I223T	0.257	benign
P48065	I223V	0.0724	benign
P48065	I223W	0.9065	pathogenic
P48065	I223Y	0.8069	pathogenic
P48065	C224A	0.7009	pathogenic
P48065	C224D	0.9776	pathogenic
P48065	C224E	0.9915	pathogenic
P48065	C224F	0.8999	pathogenic
P48065	C224G	0.5111	ambiguous
P48065	C224H	0.9862	pathogenic
P48065	C224I	0.6553	pathogenic
P48065	C224K	0.9977	pathogenic
P48065	C224L	0.7404	pathogenic
P48065	C224M	0.8985	pathogenic
P48065	C224N	0.8691	pathogenic
P48065	C224P	0.9681	pathogenic
P48065	C224Q	0.9836	pathogenic
P48065	C224R	0.9807	pathogenic
P48065	C224S	0.4933	ambiguous
P48065	C224T	0.5204	ambiguous
P48065	C224V	0.3978	ambiguous
P48065	C224W	0.9879	pathogenic
P48065	C224Y	0.9754	pathogenic
P48065	Y225A	0.8708	pathogenic
P48065	Y225C	0.4727	ambiguous
P48065	Y225D	0.9749	pathogenic
P48065	Y225E	0.9962	pathogenic
P48065	Y225F	0.1537	benign
P48065	Y225G	0.7646	pathogenic
P48065	Y225H	0.9142	pathogenic
P48065	Y225I	0.8563	pathogenic
P48065	Y225K	0.996	pathogenic
P48065	Y225L	0.7702	pathogenic
P48065	Y225M	0.9316	pathogenic
P48065	Y225N	0.9001	pathogenic
P48065	Y225P	0.9841	pathogenic
P48065	Y225Q	0.991	pathogenic
P48065	Y225R	0.983	pathogenic
P48065	Y225S	0.688	pathogenic
P48065	Y225T	0.8665	pathogenic
P48065	Y225V	0.7333	pathogenic
P48065	Y225W	0.6418	pathogenic
P48065	F226A	0.5864	pathogenic
P48065	F226C	0.321	benign
P48065	F226D	0.9917	pathogenic
P48065	F226E	0.9923	pathogenic
P48065	F226G	0.7188	pathogenic
P48065	F226H	0.9457	pathogenic
P48065	F226I	0.4158	ambiguous
P48065	F226K	0.9871	pathogenic
P48065	F226L	0.7663	pathogenic
P48065	F226M	0.6809	pathogenic
P48065	F226N	0.952	pathogenic
P48065	F226P	0.989	pathogenic
P48065	F226Q	0.968	pathogenic
P48065	F226R	0.9539	pathogenic
P48065	F226S	0.6485	pathogenic
P48065	F226T	0.7349	pathogenic
P48065	F226V	0.3214	benign
P48065	F226W	0.7829	pathogenic
P48065	F226Y	0.5258	ambiguous
P48065	C227A	0.6827	pathogenic
P48065	C227D	0.9937	pathogenic
P48065	C227E	0.998	pathogenic
P48065	C227F	0.7414	pathogenic
P48065	C227G	0.5744	pathogenic
P48065	C227H	0.9816	pathogenic
P48065	C227I	0.9214	pathogenic
P48065	C227K	0.9989	pathogenic
P48065	C227L	0.7803	pathogenic
P48065	C227M	0.9092	pathogenic
P48065	C227N	0.9621	pathogenic
P48065	C227P	0.9885	pathogenic
P48065	C227Q	0.9883	pathogenic
P48065	C227R	0.9885	pathogenic
P48065	C227S	0.4874	ambiguous
P48065	C227T	0.8087	pathogenic
P48065	C227V	0.8257	pathogenic
P48065	C227W	0.967	pathogenic
P48065	C227Y	0.9575	pathogenic
P48065	I228A	0.8928	pathogenic
P48065	I228C	0.9225	pathogenic
P48065	I228D	0.9923	pathogenic
P48065	I228E	0.9862	pathogenic
P48065	I228F	0.8114	pathogenic
P48065	I228G	0.9724	pathogenic
P48065	I228H	0.9815	pathogenic
P48065	I228K	0.9777	pathogenic
P48065	I228L	0.3195	benign
P48065	I228M	0.4434	ambiguous
P48065	I228N	0.9084	pathogenic
P48065	I228P	0.9803	pathogenic
P48065	I228Q	0.9669	pathogenic
P48065	I228R	0.9544	pathogenic
P48065	I228S	0.8357	pathogenic
P48065	I228T	0.7958	pathogenic
P48065	I228V	0.137	benign
P48065	I228W	0.9909	pathogenic
P48065	I228Y	0.9734	pathogenic
P48065	W229A	0.7963	pathogenic
P48065	W229C	0.7602	pathogenic
P48065	W229D	0.9931	pathogenic
P48065	W229E	0.9895	pathogenic
P48065	W229F	0.3725	ambiguous
P48065	W229G	0.7422	pathogenic
P48065	W229H	0.9065	pathogenic
P48065	W229I	0.8632	pathogenic
P48065	W229K	0.971	pathogenic
P48065	W229L	0.7533	pathogenic
P48065	W229M	0.8854	pathogenic
P48065	W229N	0.9777	pathogenic
P48065	W229P	0.9924	pathogenic
P48065	W229Q	0.9442	pathogenic
P48065	W229R	0.8906	pathogenic
P48065	W229S	0.7334	pathogenic
P48065	W229T	0.9121	pathogenic
P48065	W229V	0.8159	pathogenic
P48065	W229Y	0.6942	pathogenic
P48065	K230A	0.9267	pathogenic
P48065	K230C	0.9509	pathogenic
P48065	K230D	0.9515	pathogenic
P48065	K230E	0.7896	pathogenic
P48065	K230F	0.9832	pathogenic
P48065	K230G	0.8675	pathogenic
P48065	K230H	0.6866	pathogenic
P48065	K230I	0.957	pathogenic
P48065	K230L	0.8922	pathogenic
P48065	K230M	0.8474	pathogenic
P48065	K230N	0.8706	pathogenic
P48065	K230P	0.9833	pathogenic
P48065	K230Q	0.451	ambiguous
P48065	K230R	0.1176	benign
P48065	K230S	0.9303	pathogenic
P48065	K230T	0.8908	pathogenic
P48065	K230V	0.9396	pathogenic
P48065	K230W	0.9358	pathogenic
P48065	K230Y	0.9278	pathogenic
P48065	G231A	0.8992	pathogenic
P48065	G231C	0.9705	pathogenic
P48065	G231D	0.9121	pathogenic
P48065	G231E	0.9666	pathogenic
P48065	G231F	0.9939	pathogenic
P48065	G231H	0.9885	pathogenic
P48065	G231I	0.9849	pathogenic
P48065	G231K	0.9878	pathogenic
P48065	G231L	0.9915	pathogenic
P48065	G231M	0.9907	pathogenic
P48065	G231N	0.9573	pathogenic
P48065	G231P	0.997	pathogenic
P48065	G231Q	0.9851	pathogenic
P48065	G231R	0.9793	pathogenic
P48065	G231S	0.7404	pathogenic
P48065	G231T	0.9058	pathogenic
P48065	G231V	0.9638	pathogenic
P48065	G231W	0.9752	pathogenic
P48065	G231Y	0.9863	pathogenic
P48065	V232A	0.8042	pathogenic
P48065	V232C	0.9677	pathogenic
P48065	V232D	0.9468	pathogenic
P48065	V232E	0.8949	pathogenic
P48065	V232F	0.7115	pathogenic
P48065	V232G	0.7736	pathogenic
P48065	V232H	0.9782	pathogenic
P48065	V232I	0.0887	benign
P48065	V232K	0.9131	pathogenic
P48065	V232L	0.6816	pathogenic
P48065	V232M	0.6384	pathogenic
P48065	V232N	0.9073	pathogenic
P48065	V232P	0.7702	pathogenic
P48065	V232Q	0.9004	pathogenic
P48065	V232R	0.8694	pathogenic
P48065	V232S	0.8604	pathogenic
P48065	V232T	0.7295	pathogenic
P48065	V232W	0.9839	pathogenic
P48065	V232Y	0.9594	pathogenic
P48065	K233A	0.6846	pathogenic
P48065	K233C	0.8856	pathogenic
P48065	K233D	0.9127	pathogenic
P48065	K233E	0.4921	ambiguous
P48065	K233F	0.9635	pathogenic
P48065	K233G	0.7925	pathogenic
P48065	K233H	0.4942	ambiguous
P48065	K233I	0.7687	pathogenic
P48065	K233L	0.7727	pathogenic
P48065	K233M	0.6841	pathogenic
P48065	K233N	0.8394	pathogenic
P48065	K233P	0.9262	pathogenic
P48065	K233Q	0.2169	benign
P48065	K233R	0.0895	benign
P48065	K233S	0.742	pathogenic
P48065	K233T	0.4857	ambiguous
P48065	K233V	0.7053	pathogenic
P48065	K233W	0.9188	pathogenic
P48065	K233Y	0.8899	pathogenic
P48065	S234A	0.1637	benign
P48065	S234C	0.2427	benign
P48065	S234D	0.8659	pathogenic
P48065	S234E	0.9017	pathogenic
P48065	S234F	0.3513	ambiguous
P48065	S234G	0.224	benign
P48065	S234H	0.6884	pathogenic
P48065	S234I	0.2807	benign
P48065	S234K	0.9387	pathogenic
P48065	S234L	0.2216	benign
P48065	S234M	0.2475	benign
P48065	S234N	0.4747	ambiguous
P48065	S234P	0.7588	pathogenic
P48065	S234Q	0.8395	pathogenic
P48065	S234R	0.9188	pathogenic
P48065	S234T	0.0885	benign
P48065	S234V	0.2673	benign
P48065	S234W	0.2915	benign
P48065	S234Y	0.3298	benign
P48065	T235A	0.2095	benign
P48065	T235C	0.8649	pathogenic
P48065	T235D	0.9749	pathogenic
P48065	T235E	0.9543	pathogenic
P48065	T235F	0.9295	pathogenic
P48065	T235G	0.6759	pathogenic
P48065	T235H	0.9177	pathogenic
P48065	T235I	0.8212	pathogenic
P48065	T235K	0.9203	pathogenic
P48065	T235L	0.5606	ambiguous
P48065	T235M	0.3595	ambiguous
P48065	T235N	0.8063	pathogenic
P48065	T235P	0.7547	pathogenic
P48065	T235Q	0.8675	pathogenic
P48065	T235R	0.8624	pathogenic
P48065	T235S	0.2747	benign
P48065	T235V	0.5882	pathogenic
P48065	T235W	0.9818	pathogenic
P48065	T235Y	0.9589	pathogenic
P48065	G236A	0.8096	pathogenic
P48065	G236C	0.9611	pathogenic
P48065	G236D	0.9795	pathogenic
P48065	G236E	0.9758	pathogenic
P48065	G236F	0.9944	pathogenic
P48065	G236H	0.9927	pathogenic
P48065	G236I	0.9894	pathogenic
P48065	G236K	0.9868	pathogenic
P48065	G236L	0.9883	pathogenic
P48065	G236M	0.9916	pathogenic
P48065	G236N	0.981	pathogenic
P48065	G236P	0.9955	pathogenic
P48065	G236Q	0.9723	pathogenic
P48065	G236R	0.953	pathogenic
P48065	G236S	0.6905	pathogenic
P48065	G236T	0.9381	pathogenic
P48065	G236V	0.9689	pathogenic
P48065	G236W	0.9725	pathogenic
P48065	G236Y	0.9939	pathogenic
P48065	K237A	0.9112	pathogenic
P48065	K237C	0.9731	pathogenic
P48065	K237D	0.9812	pathogenic
P48065	K237E	0.8683	pathogenic
P48065	K237F	0.9751	pathogenic
P48065	K237G	0.9364	pathogenic
P48065	K237H	0.8225	pathogenic
P48065	K237I	0.8505	pathogenic
P48065	K237L	0.8396	pathogenic
P48065	K237M	0.7734	pathogenic
P48065	K237N	0.9509	pathogenic
P48065	K237P	0.9737	pathogenic
P48065	K237Q	0.6221	pathogenic
P48065	K237R	0.1517	benign
P48065	K237S	0.9388	pathogenic
P48065	K237T	0.7854	pathogenic
P48065	K237V	0.8261	pathogenic
P48065	K237W	0.9354	pathogenic
P48065	K237Y	0.9248	pathogenic
P48065	V238A	0.3392	benign
P48065	V238C	0.962	pathogenic
P48065	V238D	0.9686	pathogenic
P48065	V238E	0.9471	pathogenic
P48065	V238F	0.6401	pathogenic
P48065	V238G	0.6744	pathogenic
P48065	V238H	0.9849	pathogenic
P48065	V238I	0.1548	benign
P48065	V238K	0.9629	pathogenic
P48065	V238L	0.7944	pathogenic
P48065	V238M	0.5967	pathogenic
P48065	V238N	0.9524	pathogenic
P48065	V238P	0.9544	pathogenic
P48065	V238Q	0.9483	pathogenic
P48065	V238R	0.9331	pathogenic
P48065	V238S	0.7357	pathogenic
P48065	V238T	0.5742	pathogenic
P48065	V238W	0.981	pathogenic
P48065	V238Y	0.9537	pathogenic
P48065	V239A	0.6347	pathogenic
P48065	V239C	0.957	pathogenic
P48065	V239D	0.9802	pathogenic
P48065	V239E	0.9613	pathogenic
P48065	V239F	0.8647	pathogenic
P48065	V239G	0.7383	pathogenic
P48065	V239H	0.9893	pathogenic
P48065	V239I	0.3228	benign
P48065	V239K	0.9739	pathogenic
P48065	V239L	0.8988	pathogenic
P48065	V239M	0.7572	pathogenic
P48065	V239N	0.9377	pathogenic
P48065	V239P	0.9824	pathogenic
P48065	V239Q	0.9257	pathogenic
P48065	V239R	0.9192	pathogenic
P48065	V239S	0.6475	pathogenic
P48065	V239T	0.6171	pathogenic
P48065	V239W	0.9967	pathogenic
P48065	V239Y	0.9846	pathogenic
P48065	Y240A	0.8682	pathogenic
P48065	Y240C	0.5907	pathogenic
P48065	Y240D	0.9741	pathogenic
P48065	Y240E	0.9937	pathogenic
P48065	Y240F	0.2029	benign
P48065	Y240G	0.8441	pathogenic
P48065	Y240H	0.8154	pathogenic
P48065	Y240I	0.8047	pathogenic
P48065	Y240K	0.9758	pathogenic
P48065	Y240L	0.6633	pathogenic
P48065	Y240M	0.8831	pathogenic
P48065	Y240N	0.8404	pathogenic
P48065	Y240P	0.9513	pathogenic
P48065	Y240Q	0.9692	pathogenic
P48065	Y240R	0.9233	pathogenic
P48065	Y240S	0.7059	pathogenic
P48065	Y240T	0.9004	pathogenic
P48065	Y240V	0.6899	pathogenic
P48065	Y240W	0.5254	ambiguous
P48065	F241A	0.6635	pathogenic
P48065	F241C	0.34	ambiguous
P48065	F241D	0.9976	pathogenic
P48065	F241E	0.997	pathogenic
P48065	F241G	0.8929	pathogenic
P48065	F241H	0.9817	pathogenic
P48065	F241I	0.1493	benign
P48065	F241K	0.9955	pathogenic
P48065	F241L	0.7921	pathogenic
P48065	F241M	0.6151	pathogenic
P48065	F241N	0.9875	pathogenic
P48065	F241P	0.9849	pathogenic
P48065	F241Q	0.9902	pathogenic
P48065	F241R	0.9847	pathogenic
P48065	F241S	0.8487	pathogenic
P48065	F241T	0.7829	pathogenic
P48065	F241V	0.112	benign
P48065	F241W	0.8574	pathogenic
P48065	F241Y	0.6573	pathogenic
P48065	T242A	0.7755	pathogenic
P48065	T242C	0.9432	pathogenic
P48065	T242D	0.9963	pathogenic
P48065	T242E	0.9942	pathogenic
P48065	T242F	0.9647	pathogenic
P48065	T242G	0.9223	pathogenic
P48065	T242H	0.9725	pathogenic
P48065	T242I	0.979	pathogenic
P48065	T242K	0.986	pathogenic
P48065	T242L	0.7913	pathogenic
P48065	T242M	0.6985	pathogenic
P48065	T242N	0.9731	pathogenic
P48065	T242P	0.9359	pathogenic
P48065	T242Q	0.9634	pathogenic
P48065	T242R	0.9758	pathogenic
P48065	T242S	0.6616	pathogenic
P48065	T242V	0.9143	pathogenic
P48065	T242W	0.9916	pathogenic
P48065	T242Y	0.9892	pathogenic
P48065	A243C	0.9014	pathogenic
P48065	A243D	0.9966	pathogenic
P48065	A243E	0.9922	pathogenic
P48065	A243F	0.9655	pathogenic
P48065	A243G	0.7647	pathogenic
P48065	A243H	0.9947	pathogenic
P48065	A243I	0.8769	pathogenic
P48065	A243K	0.9965	pathogenic
P48065	A243L	0.8232	pathogenic
P48065	A243M	0.8513	pathogenic
P48065	A243N	0.9857	pathogenic
P48065	A243P	0.9935	pathogenic
P48065	A243Q	0.9787	pathogenic
P48065	A243R	0.9876	pathogenic
P48065	A243S	0.3438	ambiguous
P48065	A243T	0.6238	pathogenic
P48065	A243V	0.5698	pathogenic
P48065	A243W	0.9969	pathogenic
P48065	A243Y	0.9906	pathogenic
P48065	T244A	0.1571	benign
P48065	T244C	0.6178	pathogenic
P48065	T244D	0.9891	pathogenic
P48065	T244E	0.982	pathogenic
P48065	T244F	0.5896	pathogenic
P48065	T244G	0.5263	ambiguous
P48065	T244H	0.9327	pathogenic
P48065	T244I	0.2478	benign
P48065	T244K	0.9592	pathogenic
P48065	T244L	0.1631	benign
P48065	T244M	0.1944	benign
P48065	T244N	0.8224	pathogenic
P48065	T244P	0.5092	ambiguous
P48065	T244Q	0.9342	pathogenic
P48065	T244R	0.949	pathogenic
P48065	T244S	0.2702	benign
P48065	T244V	0.1814	benign
P48065	T244W	0.9448	pathogenic
P48065	T244Y	0.8895	pathogenic
P48065	F245A	0.8049	pathogenic
P48065	F245C	0.8249	pathogenic
P48065	F245D	0.9989	pathogenic
P48065	F245E	0.9986	pathogenic
P48065	F245G	0.9449	pathogenic
P48065	F245H	0.9901	pathogenic
P48065	F245I	0.7193	pathogenic
P48065	F245K	0.9991	pathogenic
P48065	F245L	0.9585	pathogenic
P48065	F245M	0.8292	pathogenic
P48065	F245N	0.9874	pathogenic
P48065	F245P	0.9987	pathogenic
P48065	F245Q	0.995	pathogenic
P48065	F245R	0.9977	pathogenic
P48065	F245S	0.7905	pathogenic
P48065	F245T	0.89	pathogenic
P48065	F245V	0.6182	pathogenic
P48065	F245W	0.9416	pathogenic
P48065	F245Y	0.723	pathogenic
P48065	P246A	0.9542	pathogenic
P48065	P246C	0.9936	pathogenic
P48065	P246D	0.9989	pathogenic
P48065	P246E	0.9988	pathogenic
P48065	P246F	0.9994	pathogenic
P48065	P246G	0.991	pathogenic
P48065	P246H	0.9954	pathogenic
P48065	P246I	0.995	pathogenic
P48065	P246K	0.9989	pathogenic
P48065	P246L	0.977	pathogenic
P48065	P246M	0.9981	pathogenic
P48065	P246N	0.9984	pathogenic
P48065	P246Q	0.9954	pathogenic
P48065	P246R	0.9939	pathogenic
P48065	P246S	0.979	pathogenic
P48065	P246T	0.9778	pathogenic
P48065	P246V	0.9903	pathogenic
P48065	P246W	0.9995	pathogenic
P48065	P246Y	0.9992	pathogenic
P48065	Y247A	0.9004	pathogenic
P48065	Y247C	0.5099	ambiguous
P48065	Y247D	0.9795	pathogenic
P48065	Y247E	0.9951	pathogenic
P48065	Y247F	0.1142	benign
P48065	Y247G	0.8691	pathogenic
P48065	Y247H	0.9403	pathogenic
P48065	Y247I	0.7368	pathogenic
P48065	Y247K	0.9957	pathogenic
P48065	Y247L	0.5222	ambiguous
P48065	Y247M	0.8316	pathogenic
P48065	Y247N	0.8825	pathogenic
P48065	Y247P	0.9431	pathogenic
P48065	Y247Q	0.9895	pathogenic
P48065	Y247R	0.9899	pathogenic
P48065	Y247S	0.7617	pathogenic
P48065	Y247T	0.902	pathogenic
P48065	Y247V	0.5868	pathogenic
P48065	Y247W	0.6661	pathogenic
P48065	L248A	0.2069	benign
P48065	L248C	0.3573	ambiguous
P48065	L248D	0.9867	pathogenic
P48065	L248E	0.9654	pathogenic
P48065	L248F	0.1015	benign
P48065	L248G	0.4826	ambiguous
P48065	L248H	0.91	pathogenic
P48065	L248I	0.0735	benign
P48065	L248K	0.9663	pathogenic
P48065	L248M	0.1223	benign
P48065	L248N	0.9231	pathogenic
P48065	L248P	0.8482	pathogenic
P48065	L248Q	0.8783	pathogenic
P48065	L248R	0.9355	pathogenic
P48065	L248S	0.502	ambiguous
P48065	L248T	0.3111	benign
P48065	L248V	0.0657	benign
P48065	L248W	0.6297	pathogenic
P48065	L248Y	0.7403	pathogenic
P48065	M249A	0.8384	pathogenic
P48065	M249C	0.8384	pathogenic
P48065	M249D	0.9982	pathogenic
P48065	M249E	0.9895	pathogenic
P48065	M249F	0.7484	pathogenic
P48065	M249G	0.9484	pathogenic
P48065	M249H	0.9919	pathogenic
P48065	M249I	0.8104	pathogenic
P48065	M249K	0.988	pathogenic
P48065	M249L	0.236	benign
P48065	M249N	0.9651	pathogenic
P48065	M249P	0.9886	pathogenic
P48065	M249Q	0.9457	pathogenic
P48065	M249R	0.9877	pathogenic
P48065	M249S	0.8444	pathogenic
P48065	M249T	0.7012	pathogenic
P48065	M249V	0.2981	benign
P48065	M249W	0.9865	pathogenic
P48065	M249Y	0.984	pathogenic
P48065	L250A	0.9337	pathogenic
P48065	L250C	0.9734	pathogenic
P48065	L250D	0.9982	pathogenic
P48065	L250E	0.9916	pathogenic
P48065	L250F	0.8571	pathogenic
P48065	L250G	0.9762	pathogenic
P48065	L250H	0.993	pathogenic
P48065	L250I	0.4732	ambiguous
P48065	L250K	0.9916	pathogenic
P48065	L250M	0.3151	benign
P48065	L250N	0.9853	pathogenic
P48065	L250P	0.9939	pathogenic
P48065	L250Q	0.979	pathogenic
P48065	L250R	0.9906	pathogenic
P48065	L250S	0.9802	pathogenic
P48065	L250T	0.9287	pathogenic
P48065	L250V	0.6027	pathogenic
P48065	L250W	0.9815	pathogenic
P48065	L250Y	0.9847	pathogenic
P48065	V251A	0.1098	benign
P48065	V251C	0.3686	ambiguous
P48065	V251D	0.8394	pathogenic
P48065	V251E	0.8621	pathogenic
P48065	V251F	0.0862	benign
P48065	V251G	0.1333	benign
P48065	V251H	0.885	pathogenic
P48065	V251I	0.0675	benign
P48065	V251K	0.9213	pathogenic
P48065	V251L	0.0941	benign
P48065	V251M	0.1168	benign
P48065	V251N	0.5692	pathogenic
P48065	V251P	0.7672	pathogenic
P48065	V251Q	0.811	pathogenic
P48065	V251R	0.8921	pathogenic
P48065	V251S	0.189	benign
P48065	V251T	0.133	benign
P48065	V251W	0.768	pathogenic
P48065	V251Y	0.6295	pathogenic
P48065	I252A	0.2797	benign
P48065	I252C	0.6153	pathogenic
P48065	I252D	0.9759	pathogenic
P48065	I252E	0.9728	pathogenic
P48065	I252F	0.1827	benign
P48065	I252G	0.6068	pathogenic
P48065	I252H	0.9471	pathogenic
P48065	I252K	0.9643	pathogenic
P48065	I252L	0.1362	benign
P48065	I252M	0.1689	benign
P48065	I252N	0.762	pathogenic
P48065	I252P	0.8829	pathogenic
P48065	I252Q	0.9342	pathogenic
P48065	I252R	0.9387	pathogenic
P48065	I252S	0.3742	ambiguous
P48065	I252T	0.2724	benign
P48065	I252V	0.0667	benign
P48065	I252W	0.9365	pathogenic
P48065	I252Y	0.8161	pathogenic
P48065	L253A	0.9751	pathogenic
P48065	L253C	0.9703	pathogenic
P48065	L253D	0.9994	pathogenic
P48065	L253E	0.9974	pathogenic
P48065	L253F	0.6511	pathogenic
P48065	L253G	0.991	pathogenic
P48065	L253H	0.99	pathogenic
P48065	L253I	0.5988	pathogenic
P48065	L253K	0.9957	pathogenic
P48065	L253M	0.5393	ambiguous
P48065	L253N	0.9942	pathogenic
P48065	L253P	0.9918	pathogenic
P48065	L253Q	0.9865	pathogenic
P48065	L253R	0.9905	pathogenic
P48065	L253S	0.9894	pathogenic
P48065	L253T	0.971	pathogenic
P48065	L253V	0.7414	pathogenic
P48065	L253W	0.9667	pathogenic
P48065	L253Y	0.978	pathogenic
P48065	L254A	0.4414	ambiguous
P48065	L254C	0.5149	ambiguous
P48065	L254D	0.9938	pathogenic
P48065	L254E	0.9801	pathogenic
P48065	L254F	0.1316	benign
P48065	L254G	0.619	pathogenic
P48065	L254H	0.9373	pathogenic
P48065	L254I	0.3625	ambiguous
P48065	L254K	0.9812	pathogenic
P48065	L254M	0.1726	benign
P48065	L254N	0.9511	pathogenic
P48065	L254P	0.9821	pathogenic
P48065	L254Q	0.8775	pathogenic
P48065	L254R	0.9593	pathogenic
P48065	L254S	0.6947	pathogenic
P48065	L254T	0.5188	ambiguous
P48065	L254V	0.2903	benign
P48065	L254W	0.6973	pathogenic
P48065	L254Y	0.8397	pathogenic
P48065	I255A	0.2029	benign
P48065	I255C	0.4326	ambiguous
P48065	I255D	0.9766	pathogenic
P48065	I255E	0.9617	pathogenic
P48065	I255F	0.0844	benign
P48065	I255G	0.3754	ambiguous
P48065	I255H	0.9172	pathogenic
P48065	I255K	0.9484	pathogenic
P48065	I255L	0.0959	benign
P48065	I255M	0.1231	benign
P48065	I255N	0.802	pathogenic
P48065	I255P	0.9162	pathogenic
P48065	I255Q	0.8964	pathogenic
P48065	I255R	0.9097	pathogenic
P48065	I255S	0.3501	ambiguous
P48065	I255T	0.2603	benign
P48065	I255V	0.0709	benign
P48065	I255W	0.8055	pathogenic
P48065	I255Y	0.6613	pathogenic
P48065	R256A	0.9614	pathogenic
P48065	R256C	0.6344	pathogenic
P48065	R256D	0.9894	pathogenic
P48065	R256E	0.9055	pathogenic
P48065	R256F	0.9714	pathogenic
P48065	R256G	0.9162	pathogenic
P48065	R256H	0.3375	benign
P48065	R256I	0.9382	pathogenic
P48065	R256K	0.5588	ambiguous
P48065	R256L	0.9049	pathogenic
P48065	R256M	0.953	pathogenic
P48065	R256N	0.9656	pathogenic
P48065	R256P	0.9899	pathogenic
P48065	R256Q	0.3915	ambiguous
P48065	R256S	0.9548	pathogenic
P48065	R256T	0.937	pathogenic
P48065	R256V	0.9389	pathogenic
P48065	R256W	0.5349	ambiguous
P48065	R256Y	0.8615	pathogenic
P48065	G257A	0.4134	ambiguous
P48065	G257C	0.8675	pathogenic
P48065	G257D	0.9916	pathogenic
P48065	G257E	0.9905	pathogenic
P48065	G257F	0.9919	pathogenic
P48065	G257H	0.9967	pathogenic
P48065	G257I	0.9606	pathogenic
P48065	G257K	0.9983	pathogenic
P48065	G257L	0.9708	pathogenic
P48065	G257M	0.9672	pathogenic
P48065	G257N	0.9776	pathogenic
P48065	G257P	0.9991	pathogenic
P48065	G257Q	0.9914	pathogenic
P48065	G257R	0.9954	pathogenic
P48065	G257S	0.5393	ambiguous
P48065	G257T	0.7786	pathogenic
P48065	G257V	0.8881	pathogenic
P48065	G257W	0.9917	pathogenic
P48065	G257Y	0.9931	pathogenic
P48065	V258A	0.1604	benign
P48065	V258C	0.578	pathogenic
P48065	V258D	0.9389	pathogenic
P48065	V258E	0.9153	pathogenic
P48065	V258F	0.1761	benign
P48065	V258G	0.2691	benign
P48065	V258H	0.9431	pathogenic
P48065	V258I	0.0721	benign
P48065	V258K	0.936	pathogenic
P48065	V258L	0.1348	benign
P48065	V258M	0.1461	benign
P48065	V258N	0.755	pathogenic
P48065	V258P	0.9632	pathogenic
P48065	V258Q	0.8705	pathogenic
P48065	V258R	0.8985	pathogenic
P48065	V258S	0.3116	benign
P48065	V258T	0.2849	benign
P48065	V258W	0.8901	pathogenic
P48065	V258Y	0.7668	pathogenic
P48065	T259A	0.2001	benign
P48065	T259C	0.6262	pathogenic
P48065	T259D	0.9193	pathogenic
P48065	T259E	0.8385	pathogenic
P48065	T259F	0.4112	ambiguous
P48065	T259G	0.3749	ambiguous
P48065	T259H	0.6931	pathogenic
P48065	T259I	0.5035	ambiguous
P48065	T259K	0.6914	pathogenic
P48065	T259L	0.1515	benign
P48065	T259M	0.1156	benign
P48065	T259N	0.5367	ambiguous
P48065	T259P	0.7489	pathogenic
P48065	T259Q	0.5179	ambiguous
P48065	T259R	0.5807	pathogenic
P48065	T259S	0.1574	benign
P48065	T259V	0.3847	ambiguous
P48065	T259W	0.8098	pathogenic
P48065	T259Y	0.6893	pathogenic
P48065	L260A	0.9578	pathogenic
P48065	L260C	0.9884	pathogenic
P48065	L260D	0.9986	pathogenic
P48065	L260E	0.9792	pathogenic
P48065	L260F	0.8998	pathogenic
P48065	L260G	0.9909	pathogenic
P48065	L260H	0.9754	pathogenic
P48065	L260I	0.7295	pathogenic
P48065	L260K	0.952	pathogenic
P48065	L260M	0.6193	pathogenic
P48065	L260N	0.9891	pathogenic
P48065	L260P	0.9965	pathogenic
P48065	L260Q	0.9124	pathogenic
P48065	L260R	0.9176	pathogenic
P48065	L260S	0.9814	pathogenic
P48065	L260T	0.9687	pathogenic
P48065	L260V	0.7637	pathogenic
P48065	L260W	0.9799	pathogenic
P48065	L260Y	0.9783	pathogenic
P48065	P261A	0.2662	benign
P48065	P261C	0.9128	pathogenic
P48065	P261D	0.4115	ambiguous
P48065	P261E	0.3054	benign
P48065	P261F	0.9203	pathogenic
P48065	P261G	0.6343	pathogenic
P48065	P261H	0.3873	ambiguous
P48065	P261I	0.7888	pathogenic
P48065	P261K	0.4156	ambiguous
P48065	P261L	0.5007	ambiguous
P48065	P261M	0.7801	pathogenic
P48065	P261N	0.5855	pathogenic
P48065	P261Q	0.3167	benign
P48065	P261R	0.3058	benign
P48065	P261S	0.3148	benign
P48065	P261T	0.2952	benign
P48065	P261V	0.6246	pathogenic
P48065	P261W	0.8986	pathogenic
P48065	P261Y	0.8257	pathogenic
P48065	G262A	0.8348	pathogenic
P48065	G262C	0.9559	pathogenic
P48065	G262D	0.9235	pathogenic
P48065	G262E	0.9501	pathogenic
P48065	G262F	0.9835	pathogenic
P48065	G262H	0.9633	pathogenic
P48065	G262I	0.9891	pathogenic
P48065	G262K	0.9778	pathogenic
P48065	G262L	0.9823	pathogenic
P48065	G262M	0.9866	pathogenic
P48065	G262N	0.9157	pathogenic
P48065	G262P	0.9967	pathogenic
P48065	G262Q	0.9593	pathogenic
P48065	G262R	0.9492	pathogenic
P48065	G262S	0.7193	pathogenic
P48065	G262T	0.9417	pathogenic
P48065	G262V	0.9686	pathogenic
P48065	G262W	0.9653	pathogenic
P48065	G262Y	0.9708	pathogenic
P48065	A263C	0.813	pathogenic
P48065	A263D	0.9808	pathogenic
P48065	A263E	0.9734	pathogenic
P48065	A263F	0.8815	pathogenic
P48065	A263G	0.3549	ambiguous
P48065	A263H	0.9302	pathogenic
P48065	A263I	0.975	pathogenic
P48065	A263K	0.9914	pathogenic
P48065	A263L	0.9424	pathogenic
P48065	A263M	0.8875	pathogenic
P48065	A263N	0.9441	pathogenic
P48065	A263P	0.983	pathogenic
P48065	A263Q	0.9182	pathogenic
P48065	A263R	0.9585	pathogenic
P48065	A263S	0.1053	benign
P48065	A263T	0.7138	pathogenic
P48065	A263V	0.8935	pathogenic
P48065	A263W	0.9698	pathogenic
P48065	A263Y	0.9129	pathogenic
P48065	Y264A	0.1382	benign
P48065	Y264C	0.1269	benign
P48065	Y264D	0.1341	benign
P48065	Y264E	0.261	benign
P48065	Y264F	0.1003	benign
P48065	Y264G	0.1095	benign
P48065	Y264H	0.0919	benign
P48065	Y264I	0.1858	benign
P48065	Y264K	0.1756	benign
P48065	Y264L	0.1567	benign
P48065	Y264M	0.2726	benign
P48065	Y264N	0.0943	benign
P48065	Y264P	0.3626	ambiguous
P48065	Y264Q	0.1456	benign
P48065	Y264R	0.1326	benign
P48065	Y264S	0.0513	benign
P48065	Y264T	0.1365	benign
P48065	Y264V	0.1482	benign
P48065	Y264W	0.2163	benign
P48065	Q265A	0.1612	benign
P48065	Q265C	0.6744	pathogenic
P48065	Q265D	0.1385	benign
P48065	Q265E	0.0513	benign
P48065	Q265F	0.6281	pathogenic
P48065	Q265G	0.1954	benign
P48065	Q265H	0.153	benign
P48065	Q265I	0.3226	benign
P48065	Q265K	0.0723	benign
P48065	Q265L	0.1277	benign
P48065	Q265M	0.3295	benign
P48065	Q265N	0.1692	benign
P48065	Q265P	0.2157	benign
P48065	Q265R	0.0845	benign
P48065	Q265S	0.151	benign
P48065	Q265T	0.1393	benign
P48065	Q265V	0.2045	benign
P48065	Q265W	0.4844	ambiguous
P48065	Q265Y	0.3759	ambiguous
P48065	G266A	0.9743	pathogenic
P48065	G266C	0.9974	pathogenic
P48065	G266D	0.995	pathogenic
P48065	G266E	0.9963	pathogenic
P48065	G266F	0.9995	pathogenic
P48065	G266H	0.9997	pathogenic
P48065	G266I	0.9984	pathogenic
P48065	G266K	0.9992	pathogenic
P48065	G266L	0.9991	pathogenic
P48065	G266M	0.9993	pathogenic
P48065	G266N	0.9985	pathogenic
P48065	G266P	0.9996	pathogenic
P48065	G266Q	0.9992	pathogenic
P48065	G266R	0.9985	pathogenic
P48065	G266S	0.983	pathogenic
P48065	G266T	0.9962	pathogenic
P48065	G266V	0.9953	pathogenic
P48065	G266W	0.9988	pathogenic
P48065	G266Y	0.999	pathogenic
P48065	I267A	0.8322	pathogenic
P48065	I267C	0.9122	pathogenic
P48065	I267D	0.994	pathogenic
P48065	I267E	0.987	pathogenic
P48065	I267F	0.4757	ambiguous
P48065	I267G	0.9531	pathogenic
P48065	I267H	0.9866	pathogenic
P48065	I267K	0.9792	pathogenic
P48065	I267L	0.1699	benign
P48065	I267M	0.1963	benign
P48065	I267N	0.9187	pathogenic
P48065	I267P	0.995	pathogenic
P48065	I267Q	0.9773	pathogenic
P48065	I267R	0.9694	pathogenic
P48065	I267S	0.8902	pathogenic
P48065	I267T	0.8275	pathogenic
P48065	I267V	0.1004	benign
P48065	I267W	0.9734	pathogenic
P48065	I267Y	0.9252	pathogenic
P48065	I268A	0.1661	benign
P48065	I268C	0.4374	ambiguous
P48065	I268D	0.4227	ambiguous
P48065	I268E	0.2845	benign
P48065	I268F	0.1134	benign
P48065	I268G	0.3727	ambiguous
P48065	I268H	0.253	benign
P48065	I268K	0.1584	benign
P48065	I268L	0.0727	benign
P48065	I268M	0.085	benign
P48065	I268N	0.1627	benign
P48065	I268P	0.8139	pathogenic
P48065	I268Q	0.1914	benign
P48065	I268R	0.1168	benign
P48065	I268S	0.1335	benign
P48065	I268T	0.1117	benign
P48065	I268V	0.0672	benign
P48065	I268W	0.5249	ambiguous
P48065	I268Y	0.2769	benign
P48065	Y269A	0.8549	pathogenic
P48065	Y269C	0.5398	ambiguous
P48065	Y269D	0.8025	pathogenic
P48065	Y269E	0.9448	pathogenic
P48065	Y269F	0.0702	benign
P48065	Y269G	0.8732	pathogenic
P48065	Y269H	0.4662	ambiguous
P48065	Y269I	0.8359	pathogenic
P48065	Y269K	0.9419	pathogenic
P48065	Y269L	0.783	pathogenic
P48065	Y269M	0.8938	pathogenic
P48065	Y269N	0.6839	pathogenic
P48065	Y269P	0.9869	pathogenic
P48065	Y269Q	0.8876	pathogenic
P48065	Y269R	0.8431	pathogenic
P48065	Y269S	0.6491	pathogenic
P48065	Y269T	0.8415	pathogenic
P48065	Y269V	0.7532	pathogenic
P48065	Y269W	0.5369	ambiguous
P48065	Y270A	0.9874	pathogenic
P48065	Y270C	0.9101	pathogenic
P48065	Y270D	0.9921	pathogenic
P48065	Y270E	0.9985	pathogenic
P48065	Y270F	0.2994	benign
P48065	Y270G	0.9773	pathogenic
P48065	Y270H	0.9843	pathogenic
P48065	Y270I	0.9666	pathogenic
P48065	Y270K	0.9983	pathogenic
P48065	Y270L	0.727	pathogenic
P48065	Y270M	0.9617	pathogenic
P48065	Y270N	0.9745	pathogenic
P48065	Y270P	0.9963	pathogenic
P48065	Y270Q	0.9973	pathogenic
P48065	Y270R	0.9946	pathogenic
P48065	Y270S	0.9618	pathogenic
P48065	Y270T	0.9872	pathogenic
P48065	Y270V	0.935	pathogenic
P48065	Y270W	0.9354	pathogenic
P48065	L271A	0.613	pathogenic
P48065	L271C	0.612	pathogenic
P48065	L271D	0.9968	pathogenic
P48065	L271E	0.9712	pathogenic
P48065	L271F	0.2725	benign
P48065	L271G	0.9145	pathogenic
P48065	L271H	0.935	pathogenic
P48065	L271I	0.125	benign
P48065	L271K	0.9659	pathogenic
P48065	L271M	0.1491	benign
P48065	L271N	0.9721	pathogenic
P48065	L271P	0.9915	pathogenic
P48065	L271Q	0.8426	pathogenic
P48065	L271R	0.9135	pathogenic
P48065	L271S	0.8249	pathogenic
P48065	L271T	0.6235	pathogenic
P48065	L271V	0.1308	benign
P48065	L271W	0.6619	pathogenic
P48065	L271Y	0.877	pathogenic
P48065	K272A	0.4449	ambiguous
P48065	K272C	0.649	pathogenic
P48065	K272D	0.5903	pathogenic
P48065	K272E	0.1411	benign
P48065	K272F	0.6138	pathogenic
P48065	K272G	0.5921	pathogenic
P48065	K272H	0.1751	benign
P48065	K272I	0.3395	benign
P48065	K272L	0.3328	benign
P48065	K272M	0.2271	benign
P48065	K272N	0.3941	ambiguous
P48065	K272P	0.9341	pathogenic
P48065	K272Q	0.0849	benign
P48065	K272R	0.079	benign
P48065	K272S	0.33	benign
P48065	K272T	0.1547	benign
P48065	K272V	0.3214	benign
P48065	K272W	0.5413	ambiguous
P48065	K272Y	0.3311	benign
P48065	P273A	0.6238	pathogenic
P48065	P273C	0.9797	pathogenic
P48065	P273D	0.989	pathogenic
P48065	P273E	0.9799	pathogenic
P48065	P273F	0.9674	pathogenic
P48065	P273G	0.915	pathogenic
P48065	P273H	0.9645	pathogenic
P48065	P273I	0.9083	pathogenic
P48065	P273K	0.9818	pathogenic
P48065	P273L	0.7444	pathogenic
P48065	P273M	0.8991	pathogenic
P48065	P273N	0.9877	pathogenic
P48065	P273Q	0.9617	pathogenic
P48065	P273R	0.9625	pathogenic
P48065	P273S	0.9163	pathogenic
P48065	P273T	0.7719	pathogenic
P48065	P273V	0.8092	pathogenic
P48065	P273W	0.9753	pathogenic
P48065	P273Y	0.9706	pathogenic
P48065	D274A	0.4339	ambiguous
P48065	D274C	0.8552	pathogenic
P48065	D274E	0.3153	benign
P48065	D274F	0.9063	pathogenic
P48065	D274G	0.6625	pathogenic
P48065	D274H	0.444	ambiguous
P48065	D274I	0.5825	pathogenic
P48065	D274K	0.6309	pathogenic
P48065	D274L	0.7173	pathogenic
P48065	D274M	0.8481	pathogenic
P48065	D274N	0.0935	benign
P48065	D274P	0.8837	pathogenic
P48065	D274Q	0.4854	ambiguous
P48065	D274R	0.6232	pathogenic
P48065	D274S	0.2069	benign
P48065	D274T	0.5596	ambiguous
P48065	D274V	0.3577	ambiguous
P48065	D274W	0.9771	pathogenic
P48065	D274Y	0.4701	ambiguous
P48065	L275A	0.2679	benign
P48065	L275C	0.5171	ambiguous
P48065	L275D	0.7904	pathogenic
P48065	L275E	0.6218	pathogenic
P48065	L275F	0.0937	benign
P48065	L275G	0.5264	ambiguous
P48065	L275H	0.3891	ambiguous
P48065	L275I	0.0806	benign
P48065	L275K	0.5388	ambiguous
P48065	L275M	0.1284	benign
P48065	L275N	0.5884	pathogenic
P48065	L275P	0.1247	benign
P48065	L275Q	0.4324	ambiguous
P48065	L275R	0.3825	ambiguous
P48065	L275S	0.3845	ambiguous
P48065	L275T	0.2833	benign
P48065	L275V	0.0859	benign
P48065	L275W	0.1958	benign
P48065	L275Y	0.3061	benign
P48065	F276A	0.0712	benign
P48065	F276C	0.1489	benign
P48065	F276D	0.121	benign
P48065	F276E	0.1519	benign
P48065	F276G	0.1389	benign
P48065	F276H	0.1292	benign
P48065	F276I	0.0705	benign
P48065	F276K	0.1735	benign
P48065	F276L	0.1509	benign
P48065	F276M	0.1295	benign
P48065	F276N	0.0898	benign
P48065	F276P	0.2549	benign
P48065	F276Q	0.1498	benign
P48065	F276R	0.1584	benign
P48065	F276S	0.0452	benign
P48065	F276T	0.0648	benign
P48065	F276V	0.0646	benign
P48065	F276W	0.2227	benign
P48065	F276Y	0.0969	benign
P48065	R277A	0.7954	pathogenic
P48065	R277C	0.3462	ambiguous
P48065	R277D	0.9544	pathogenic
P48065	R277E	0.766	pathogenic
P48065	R277F	0.8952	pathogenic
P48065	R277G	0.7922	pathogenic
P48065	R277H	0.2184	benign
P48065	R277I	0.6306	pathogenic
P48065	R277K	0.2103	benign
P48065	R277L	0.4731	ambiguous
P48065	R277M	0.7318	pathogenic
P48065	R277N	0.9123	pathogenic
P48065	R277P	0.955	pathogenic
P48065	R277Q	0.1945	benign
P48065	R277S	0.8635	pathogenic
P48065	R277T	0.7523	pathogenic
P48065	R277V	0.6888	pathogenic
P48065	R277W	0.5087	ambiguous
P48065	R277Y	0.7307	pathogenic
P48065	L278A	0.9339	pathogenic
P48065	L278C	0.962	pathogenic
P48065	L278D	0.9983	pathogenic
P48065	L278E	0.9907	pathogenic
P48065	L278F	0.6313	pathogenic
P48065	L278G	0.9846	pathogenic
P48065	L278H	0.9847	pathogenic
P48065	L278I	0.2633	benign
P48065	L278K	0.9861	pathogenic
P48065	L278M	0.3732	ambiguous
P48065	L278N	0.9913	pathogenic
P48065	L278P	0.9813	pathogenic
P48065	L278Q	0.968	pathogenic
P48065	L278R	0.9723	pathogenic
P48065	L278S	0.9859	pathogenic
P48065	L278T	0.9466	pathogenic
P48065	L278V	0.352	ambiguous
P48065	L278W	0.8356	pathogenic
P48065	L278Y	0.9482	pathogenic
P48065	K279A	0.1475	benign
P48065	K279C	0.5103	ambiguous
P48065	K279D	0.4381	ambiguous
P48065	K279E	0.1133	benign
P48065	K279F	0.5871	pathogenic
P48065	K279G	0.1523	benign
P48065	K279H	0.2283	benign
P48065	K279I	0.3049	benign
P48065	K279L	0.2217	benign
P48065	K279M	0.1739	benign
P48065	K279N	0.2891	benign
P48065	K279P	0.649	pathogenic
P48065	K279Q	0.0815	benign
P48065	K279R	0.0695	benign
P48065	K279S	0.1609	benign
P48065	K279T	0.0961	benign
P48065	K279V	0.2598	benign
P48065	K279W	0.4225	ambiguous
P48065	K279Y	0.4291	ambiguous
P48065	D280A	0.7256	pathogenic
P48065	D280C	0.9414	pathogenic
P48065	D280E	0.4378	ambiguous
P48065	D280F	0.9556	pathogenic
P48065	D280G	0.9124	pathogenic
P48065	D280H	0.7335	pathogenic
P48065	D280I	0.807	pathogenic
P48065	D280K	0.9068	pathogenic
P48065	D280L	0.8434	pathogenic
P48065	D280M	0.9395	pathogenic
P48065	D280N	0.3691	ambiguous
P48065	D280P	0.9877	pathogenic
P48065	D280Q	0.8159	pathogenic
P48065	D280R	0.928	pathogenic
P48065	D280S	0.5569	ambiguous
P48065	D280T	0.8068	pathogenic
P48065	D280V	0.6584	pathogenic
P48065	D280W	0.9898	pathogenic
P48065	D280Y	0.6507	pathogenic
P48065	P281A	0.1545	benign
P48065	P281C	0.881	pathogenic
P48065	P281D	0.9258	pathogenic
P48065	P281E	0.8461	pathogenic
P48065	P281F	0.9006	pathogenic
P48065	P281G	0.6277	pathogenic
P48065	P281H	0.7122	pathogenic
P48065	P281I	0.7607	pathogenic
P48065	P281K	0.8987	pathogenic
P48065	P281L	0.5705	pathogenic
P48065	P281M	0.7764	pathogenic
P48065	P281N	0.8801	pathogenic
P48065	P281Q	0.7122	pathogenic
P48065	P281R	0.7601	pathogenic
P48065	P281S	0.3038	benign
P48065	P281T	0.3504	ambiguous
P48065	P281V	0.5849	pathogenic
P48065	P281W	0.934	pathogenic
P48065	P281Y	0.8999	pathogenic
P48065	Q282A	0.2952	benign
P48065	Q282C	0.9352	pathogenic
P48065	Q282D	0.6335	pathogenic
P48065	Q282E	0.0901	benign
P48065	Q282F	0.9166	pathogenic
P48065	Q282G	0.429	ambiguous
P48065	Q282H	0.6357	pathogenic
P48065	Q282I	0.6306	pathogenic
P48065	Q282K	0.1944	benign
P48065	Q282L	0.3309	benign
P48065	Q282M	0.4866	ambiguous
P48065	Q282N	0.5615	ambiguous
P48065	Q282P	0.8553	pathogenic
P48065	Q282R	0.2395	benign
P48065	Q282S	0.3887	ambiguous
P48065	Q282T	0.3159	benign
P48065	Q282V	0.3585	ambiguous
P48065	Q282W	0.9073	pathogenic
P48065	Q282Y	0.8266	pathogenic
P48065	V283A	0.8748	pathogenic
P48065	V283C	0.9754	pathogenic
P48065	V283D	0.9836	pathogenic
P48065	V283E	0.9696	pathogenic
P48065	V283F	0.9458	pathogenic
P48065	V283G	0.8275	pathogenic
P48065	V283H	0.9942	pathogenic
P48065	V283I	0.2168	benign
P48065	V283K	0.9849	pathogenic
P48065	V283L	0.9112	pathogenic
P48065	V283M	0.8899	pathogenic
P48065	V283N	0.9351	pathogenic
P48065	V283P	0.9452	pathogenic
P48065	V283Q	0.9706	pathogenic
P48065	V283R	0.9675	pathogenic
P48065	V283S	0.8933	pathogenic
P48065	V283T	0.7774	pathogenic
P48065	V283W	0.9985	pathogenic
P48065	V283Y	0.9893	pathogenic
P48065	W284A	0.99	pathogenic
P48065	W284C	0.9922	pathogenic
P48065	W284D	0.9995	pathogenic
P48065	W284E	0.9994	pathogenic
P48065	W284F	0.731	pathogenic
P48065	W284G	0.9796	pathogenic
P48065	W284H	0.9957	pathogenic
P48065	W284I	0.9842	pathogenic
P48065	W284K	0.9997	pathogenic
P48065	W284L	0.9265	pathogenic
P48065	W284M	0.9877	pathogenic
P48065	W284N	0.9989	pathogenic
P48065	W284P	0.998	pathogenic
P48065	W284Q	0.9993	pathogenic
P48065	W284R	0.9993	pathogenic
P48065	W284S	0.9848	pathogenic
P48065	W284T	0.9917	pathogenic
P48065	W284V	0.9815	pathogenic
P48065	W284Y	0.9431	pathogenic
P48065	M285A	0.7507	pathogenic
P48065	M285C	0.912	pathogenic
P48065	M285D	0.9831	pathogenic
P48065	M285E	0.8266	pathogenic
P48065	M285F	0.7668	pathogenic
P48065	M285G	0.8862	pathogenic
P48065	M285H	0.9239	pathogenic
P48065	M285I	0.6522	pathogenic
P48065	M285K	0.6029	pathogenic
P48065	M285L	0.1957	benign
P48065	M285N	0.8733	pathogenic
P48065	M285P	0.9924	pathogenic
P48065	M285Q	0.5588	ambiguous
P48065	M285R	0.6259	pathogenic
P48065	M285S	0.7936	pathogenic
P48065	M285T	0.6295	pathogenic
P48065	M285V	0.2228	benign
P48065	M285W	0.9278	pathogenic
P48065	M285Y	0.9094	pathogenic
P48065	D286A	0.8731	pathogenic
P48065	D286C	0.9961	pathogenic
P48065	D286E	0.785	pathogenic
P48065	D286F	0.9915	pathogenic
P48065	D286G	0.955	pathogenic
P48065	D286H	0.9763	pathogenic
P48065	D286I	0.989	pathogenic
P48065	D286K	0.9877	pathogenic
P48065	D286L	0.9741	pathogenic
P48065	D286M	0.9945	pathogenic
P48065	D286N	0.8766	pathogenic
P48065	D286P	0.9986	pathogenic
P48065	D286Q	0.9745	pathogenic
P48065	D286R	0.9864	pathogenic
P48065	D286S	0.9254	pathogenic
P48065	D286T	0.9802	pathogenic
P48065	D286V	0.9569	pathogenic
P48065	D286W	0.9974	pathogenic
P48065	D286Y	0.9139	pathogenic
P48065	A287C	0.9725	pathogenic
P48065	A287D	0.9954	pathogenic
P48065	A287E	0.9949	pathogenic
P48065	A287F	0.9962	pathogenic
P48065	A287G	0.5211	ambiguous
P48065	A287H	0.9967	pathogenic
P48065	A287I	0.9965	pathogenic
P48065	A287K	0.9982	pathogenic
P48065	A287L	0.9834	pathogenic
P48065	A287M	0.991	pathogenic
P48065	A287N	0.994	pathogenic
P48065	A287P	0.9959	pathogenic
P48065	A287Q	0.9904	pathogenic
P48065	A287R	0.987	pathogenic
P48065	A287S	0.4626	ambiguous
P48065	A287T	0.9447	pathogenic
P48065	A287V	0.9799	pathogenic
P48065	A287W	0.9992	pathogenic
P48065	A287Y	0.9976	pathogenic
P48065	G288A	0.2647	benign
P48065	G288C	0.6999	pathogenic
P48065	G288D	0.9958	pathogenic
P48065	G288E	0.9933	pathogenic
P48065	G288F	0.9667	pathogenic
P48065	G288H	0.9971	pathogenic
P48065	G288I	0.901	pathogenic
P48065	G288K	0.998	pathogenic
P48065	G288L	0.9284	pathogenic
P48065	G288M	0.9299	pathogenic
P48065	G288N	0.9893	pathogenic
P48065	G288P	0.9986	pathogenic
P48065	G288Q	0.9888	pathogenic
P48065	G288R	0.9939	pathogenic
P48065	G288S	0.5156	ambiguous
P48065	G288T	0.7769	pathogenic
P48065	G288V	0.7893	pathogenic
P48065	G288W	0.9876	pathogenic
P48065	G288Y	0.9899	pathogenic
P48065	T289A	0.4467	ambiguous
P48065	T289C	0.9008	pathogenic
P48065	T289D	0.9518	pathogenic
P48065	T289E	0.9039	pathogenic
P48065	T289F	0.9388	pathogenic
P48065	T289G	0.5414	ambiguous
P48065	T289H	0.9134	pathogenic
P48065	T289I	0.8991	pathogenic
P48065	T289K	0.8917	pathogenic
P48065	T289L	0.7057	pathogenic
P48065	T289M	0.5515	ambiguous
P48065	T289N	0.6499	pathogenic
P48065	T289P	0.8765	pathogenic
P48065	T289Q	0.7994	pathogenic
P48065	T289R	0.8695	pathogenic
P48065	T289S	0.3525	ambiguous
P48065	T289V	0.7395	pathogenic
P48065	T289W	0.9858	pathogenic
P48065	T289Y	0.9433	pathogenic
P48065	Q290A	0.8633	pathogenic
P48065	Q290C	0.9964	pathogenic
P48065	Q290D	0.9922	pathogenic
P48065	Q290E	0.6923	pathogenic
P48065	Q290F	0.9968	pathogenic
P48065	Q290G	0.9396	pathogenic
P48065	Q290H	0.9924	pathogenic
P48065	Q290I	0.9782	pathogenic
P48065	Q290K	0.9825	pathogenic
P48065	Q290L	0.9478	pathogenic
P48065	Q290M	0.89	pathogenic
P48065	Q290N	0.916	pathogenic
P48065	Q290P	0.9861	pathogenic
P48065	Q290R	0.9847	pathogenic
P48065	Q290S	0.7924	pathogenic
P48065	Q290T	0.8955	pathogenic
P48065	Q290V	0.9551	pathogenic
P48065	Q290W	0.9988	pathogenic
P48065	Q290Y	0.9981	pathogenic
P48065	I291A	0.9481	pathogenic
P48065	I291C	0.9516	pathogenic
P48065	I291D	0.9944	pathogenic
P48065	I291E	0.9941	pathogenic
P48065	I291F	0.9317	pathogenic
P48065	I291G	0.9874	pathogenic
P48065	I291H	0.9946	pathogenic
P48065	I291K	0.993	pathogenic
P48065	I291L	0.5414	ambiguous
P48065	I291M	0.5779	pathogenic
P48065	I291N	0.888	pathogenic
P48065	I291P	0.9912	pathogenic
P48065	I291Q	0.9904	pathogenic
P48065	I291R	0.9889	pathogenic
P48065	I291S	0.9119	pathogenic
P48065	I291T	0.906	pathogenic
P48065	I291V	0.1543	benign
P48065	I291W	0.9976	pathogenic
P48065	I291Y	0.9823	pathogenic
P48065	F292A	0.8917	pathogenic
P48065	F292C	0.698	pathogenic
P48065	F292D	0.9941	pathogenic
P48065	F292E	0.9942	pathogenic
P48065	F292G	0.9433	pathogenic
P48065	F292H	0.9682	pathogenic
P48065	F292I	0.6065	pathogenic
P48065	F292K	0.9942	pathogenic
P48065	F292L	0.8274	pathogenic
P48065	F292M	0.7255	pathogenic
P48065	F292N	0.9579	pathogenic
P48065	F292P	0.9962	pathogenic
P48065	F292Q	0.9822	pathogenic
P48065	F292R	0.9822	pathogenic
P48065	F292S	0.8936	pathogenic
P48065	F292T	0.9129	pathogenic
P48065	F292V	0.607	pathogenic
P48065	F292W	0.8651	pathogenic
P48065	F292Y	0.4997	ambiguous
P48065	F293A	0.9889	pathogenic
P48065	F293C	0.9843	pathogenic
P48065	F293D	0.9946	pathogenic
P48065	F293E	0.9978	pathogenic
P48065	F293G	0.9904	pathogenic
P48065	F293H	0.9703	pathogenic
P48065	F293I	0.9822	pathogenic
P48065	F293K	0.9979	pathogenic
P48065	F293L	0.997	pathogenic
P48065	F293M	0.9863	pathogenic
P48065	F293N	0.9791	pathogenic
P48065	F293P	0.9994	pathogenic
P48065	F293Q	0.9934	pathogenic
P48065	F293R	0.9895	pathogenic
P48065	F293S	0.9722	pathogenic
P48065	F293T	0.9902	pathogenic
P48065	F293V	0.9744	pathogenic
P48065	F293W	0.8794	pathogenic
P48065	F293Y	0.4042	ambiguous
P48065	S294A	0.7941	pathogenic
P48065	S294C	0.9105	pathogenic
P48065	S294D	0.9944	pathogenic
P48065	S294E	0.9963	pathogenic
P48065	S294F	0.9944	pathogenic
P48065	S294G	0.8492	pathogenic
P48065	S294H	0.9879	pathogenic
P48065	S294I	0.9938	pathogenic
P48065	S294K	0.9994	pathogenic
P48065	S294L	0.9793	pathogenic
P48065	S294M	0.9862	pathogenic
P48065	S294N	0.9852	pathogenic
P48065	S294P	0.9924	pathogenic
P48065	S294Q	0.9915	pathogenic
P48065	S294R	0.9988	pathogenic
P48065	S294T	0.7685	pathogenic
P48065	S294V	0.9902	pathogenic
P48065	S294W	0.9922	pathogenic
P48065	S294Y	0.9902	pathogenic
P48065	F295A	0.9666	pathogenic
P48065	F295C	0.8799	pathogenic
P48065	F295D	0.9867	pathogenic
P48065	F295E	0.9918	pathogenic
P48065	F295G	0.9714	pathogenic
P48065	F295H	0.9522	pathogenic
P48065	F295I	0.9221	pathogenic
P48065	F295K	0.9934	pathogenic
P48065	F295L	0.9673	pathogenic
P48065	F295M	0.8749	pathogenic
P48065	F295N	0.9391	pathogenic
P48065	F295P	0.999	pathogenic
P48065	F295Q	0.9834	pathogenic
P48065	F295R	0.9861	pathogenic
P48065	F295S	0.9317	pathogenic
P48065	F295T	0.9592	pathogenic
P48065	F295V	0.8739	pathogenic
P48065	F295W	0.8003	pathogenic
P48065	F295Y	0.2029	benign
P48065	A296C	0.7849	pathogenic
P48065	A296D	0.9825	pathogenic
P48065	A296E	0.9844	pathogenic
P48065	A296F	0.9558	pathogenic
P48065	A296G	0.3365	benign
P48065	A296H	0.9703	pathogenic
P48065	A296I	0.9818	pathogenic
P48065	A296K	0.9929	pathogenic
P48065	A296L	0.8774	pathogenic
P48065	A296M	0.9467	pathogenic
P48065	A296N	0.9398	pathogenic
P48065	A296P	0.9725	pathogenic
P48065	A296Q	0.9363	pathogenic
P48065	A296R	0.9655	pathogenic
P48065	A296S	0.2458	benign
P48065	A296T	0.7888	pathogenic
P48065	A296V	0.9318	pathogenic
P48065	A296W	0.9928	pathogenic
P48065	A296Y	0.9814	pathogenic
P48065	I297A	0.8353	pathogenic
P48065	I297C	0.9462	pathogenic
P48065	I297D	0.9934	pathogenic
P48065	I297E	0.9902	pathogenic
P48065	I297F	0.872	pathogenic
P48065	I297G	0.9744	pathogenic
P48065	I297H	0.9923	pathogenic
P48065	I297K	0.9863	pathogenic
P48065	I297L	0.1921	benign
P48065	I297M	0.4514	ambiguous
P48065	I297N	0.9154	pathogenic
P48065	I297P	0.9601	pathogenic
P48065	I297Q	0.9853	pathogenic
P48065	I297R	0.9805	pathogenic
P48065	I297S	0.8827	pathogenic
P48065	I297T	0.848	pathogenic
P48065	I297V	0.1094	benign
P48065	I297W	0.9965	pathogenic
P48065	I297Y	0.984	pathogenic
P48065	C298A	0.4793	ambiguous
P48065	C298D	0.9798	pathogenic
P48065	C298E	0.9945	pathogenic
P48065	C298F	0.927	pathogenic
P48065	C298G	0.1614	benign
P48065	C298H	0.9798	pathogenic
P48065	C298I	0.9814	pathogenic
P48065	C298K	0.9977	pathogenic
P48065	C298L	0.9325	pathogenic
P48065	C298M	0.9554	pathogenic
P48065	C298N	0.9101	pathogenic
P48065	C298P	0.9875	pathogenic
P48065	C298Q	0.9825	pathogenic
P48065	C298R	0.9837	pathogenic
P48065	C298S	0.3242	benign
P48065	C298T	0.7091	pathogenic
P48065	C298V	0.9269	pathogenic
P48065	C298W	0.9914	pathogenic
P48065	C298Y	0.9787	pathogenic
P48065	Q299A	0.4138	ambiguous
P48065	Q299C	0.87	pathogenic
P48065	Q299D	0.9115	pathogenic
P48065	Q299E	0.1252	benign
P48065	Q299F	0.8901	pathogenic
P48065	Q299G	0.515	ambiguous
P48065	Q299H	0.778	pathogenic
P48065	Q299I	0.5726	pathogenic
P48065	Q299K	0.5823	pathogenic
P48065	Q299L	0.1661	benign
P48065	Q299M	0.3413	ambiguous
P48065	Q299N	0.6136	pathogenic
P48065	Q299P	0.8833	pathogenic
P48065	Q299R	0.6417	pathogenic
P48065	Q299S	0.4074	ambiguous
P48065	Q299T	0.3334	benign
P48065	Q299V	0.4423	ambiguous
P48065	Q299W	0.9497	pathogenic
P48065	Q299Y	0.9172	pathogenic
P48065	G300A	0.9091	pathogenic
P48065	G300C	0.9756	pathogenic
P48065	G300D	0.9831	pathogenic
P48065	G300E	0.9937	pathogenic
P48065	G300F	0.996	pathogenic
P48065	G300H	0.9971	pathogenic
P48065	G300I	0.9944	pathogenic
P48065	G300K	0.9982	pathogenic
P48065	G300L	0.9949	pathogenic
P48065	G300M	0.9961	pathogenic
P48065	G300N	0.9831	pathogenic
P48065	G300P	0.9987	pathogenic
P48065	G300Q	0.9948	pathogenic
P48065	G300R	0.9948	pathogenic
P48065	G300S	0.8534	pathogenic
P48065	G300T	0.9756	pathogenic
P48065	G300V	0.9863	pathogenic
P48065	G300W	0.9952	pathogenic
P48065	G300Y	0.995	pathogenic
P48065	C301A	0.5994	pathogenic
P48065	C301D	0.9731	pathogenic
P48065	C301E	0.9889	pathogenic
P48065	C301F	0.8213	pathogenic
P48065	C301G	0.4533	ambiguous
P48065	C301H	0.972	pathogenic
P48065	C301I	0.7952	pathogenic
P48065	C301K	0.9945	pathogenic
P48065	C301L	0.83	pathogenic
P48065	C301M	0.8715	pathogenic
P48065	C301N	0.8243	pathogenic
P48065	C301P	0.9555	pathogenic
P48065	C301Q	0.975	pathogenic
P48065	C301R	0.9736	pathogenic
P48065	C301S	0.4616	ambiguous
P48065	C301T	0.6231	pathogenic
P48065	C301V	0.5802	pathogenic
P48065	C301W	0.9776	pathogenic
P48065	C301Y	0.9372	pathogenic
P48065	L302A	0.9206	pathogenic
P48065	L302C	0.9426	pathogenic
P48065	L302D	0.9963	pathogenic
P48065	L302E	0.976	pathogenic
P48065	L302F	0.8479	pathogenic
P48065	L302G	0.9755	pathogenic
P48065	L302H	0.9581	pathogenic
P48065	L302I	0.4691	ambiguous
P48065	L302K	0.9731	pathogenic
P48065	L302M	0.3815	ambiguous
P48065	L302N	0.9405	pathogenic
P48065	L302P	0.9535	pathogenic
P48065	L302Q	0.9124	pathogenic
P48065	L302R	0.9617	pathogenic
P48065	L302S	0.9636	pathogenic
P48065	L302T	0.9152	pathogenic
P48065	L302V	0.5401	ambiguous
P48065	L302W	0.974	pathogenic
P48065	L302Y	0.9746	pathogenic
P48065	T303A	0.2493	benign
P48065	T303C	0.711	pathogenic
P48065	T303D	0.9513	pathogenic
P48065	T303E	0.8992	pathogenic
P48065	T303F	0.7678	pathogenic
P48065	T303G	0.6864	pathogenic
P48065	T303H	0.8541	pathogenic
P48065	T303I	0.2545	benign
P48065	T303K	0.8791	pathogenic
P48065	T303L	0.21	benign
P48065	T303M	0.175	benign
P48065	T303N	0.5915	pathogenic
P48065	T303P	0.3553	ambiguous
P48065	T303Q	0.7966	pathogenic
P48065	T303R	0.8554	pathogenic
P48065	T303S	0.3977	ambiguous
P48065	T303V	0.1989	benign
P48065	T303W	0.9526	pathogenic
P48065	T303Y	0.8567	pathogenic
P48065	A304C	0.8593	pathogenic
P48065	A304D	0.9741	pathogenic
P48065	A304E	0.9627	pathogenic
P48065	A304F	0.9686	pathogenic
P48065	A304G	0.5358	ambiguous
P48065	A304H	0.9783	pathogenic
P48065	A304I	0.8967	pathogenic
P48065	A304K	0.994	pathogenic
P48065	A304L	0.8493	pathogenic
P48065	A304M	0.8252	pathogenic
P48065	A304N	0.9002	pathogenic
P48065	A304P	0.977	pathogenic
P48065	A304Q	0.9308	pathogenic
P48065	A304R	0.9824	pathogenic
P48065	A304S	0.151	benign
P48065	A304T	0.3267	benign
P48065	A304V	0.5939	pathogenic
P48065	A304W	0.9966	pathogenic
P48065	A304Y	0.9839	pathogenic
P48065	L305A	0.9401	pathogenic
P48065	L305C	0.9801	pathogenic
P48065	L305D	0.9987	pathogenic
P48065	L305E	0.99	pathogenic
P48065	L305F	0.8039	pathogenic
P48065	L305G	0.9878	pathogenic
P48065	L305H	0.9863	pathogenic
P48065	L305I	0.6358	pathogenic
P48065	L305K	0.9821	pathogenic
P48065	L305M	0.4444	ambiguous
P48065	L305N	0.9905	pathogenic
P48065	L305P	0.9916	pathogenic
P48065	L305Q	0.9729	pathogenic
P48065	L305R	0.9714	pathogenic
P48065	L305S	0.9848	pathogenic
P48065	L305T	0.9549	pathogenic
P48065	L305V	0.6865	pathogenic
P48065	L305W	0.9554	pathogenic
P48065	L305Y	0.9694	pathogenic
P48065	G306A	0.5927	pathogenic
P48065	G306C	0.9737	pathogenic
P48065	G306D	0.994	pathogenic
P48065	G306E	0.9947	pathogenic
P48065	G306F	0.9981	pathogenic
P48065	G306H	0.998	pathogenic
P48065	G306I	0.9963	pathogenic
P48065	G306K	0.9987	pathogenic
P48065	G306L	0.9954	pathogenic
P48065	G306M	0.9972	pathogenic
P48065	G306N	0.9941	pathogenic
P48065	G306P	0.9986	pathogenic
P48065	G306Q	0.9944	pathogenic
P48065	G306R	0.9948	pathogenic
P48065	G306S	0.6092	pathogenic
P48065	G306T	0.97	pathogenic
P48065	G306V	0.9885	pathogenic
P48065	G306W	0.9969	pathogenic
P48065	G306Y	0.9978	pathogenic
P48065	S307A	0.7417	pathogenic
P48065	S307C	0.8741	pathogenic
P48065	S307D	0.9911	pathogenic
P48065	S307E	0.993	pathogenic
P48065	S307F	0.992	pathogenic
P48065	S307G	0.7711	pathogenic
P48065	S307H	0.9833	pathogenic
P48065	S307I	0.986	pathogenic
P48065	S307K	0.9975	pathogenic
P48065	S307L	0.9696	pathogenic
P48065	S307M	0.9812	pathogenic
P48065	S307N	0.9745	pathogenic
P48065	S307P	0.993	pathogenic
P48065	S307Q	0.9891	pathogenic
P48065	S307R	0.9942	pathogenic
P48065	S307T	0.8548	pathogenic
P48065	S307V	0.9859	pathogenic
P48065	S307W	0.9848	pathogenic
P48065	S307Y	0.9787	pathogenic
P48065	Y308A	0.9867	pathogenic
P48065	Y308C	0.8256	pathogenic
P48065	Y308D	0.979	pathogenic
P48065	Y308E	0.9942	pathogenic
P48065	Y308F	0.2857	benign
P48065	Y308G	0.9618	pathogenic
P48065	Y308H	0.9063	pathogenic
P48065	Y308I	0.9875	pathogenic
P48065	Y308K	0.9919	pathogenic
P48065	Y308L	0.9311	pathogenic
P48065	Y308M	0.982	pathogenic
P48065	Y308N	0.9133	pathogenic
P48065	Y308P	0.9959	pathogenic
P48065	Y308Q	0.988	pathogenic
P48065	Y308R	0.9601	pathogenic
P48065	Y308S	0.9263	pathogenic
P48065	Y308T	0.9855	pathogenic
P48065	Y308V	0.9628	pathogenic
P48065	Y308W	0.7162	pathogenic
P48065	N309A	0.9342	pathogenic
P48065	N309C	0.7372	pathogenic
P48065	N309D	0.9515	pathogenic
P48065	N309E	0.9871	pathogenic
P48065	N309F	0.9952	pathogenic
P48065	N309G	0.8934	pathogenic
P48065	N309H	0.8487	pathogenic
P48065	N309I	0.95	pathogenic
P48065	N309K	0.9863	pathogenic
P48065	N309L	0.885	pathogenic
P48065	N309M	0.9562	pathogenic
P48065	N309P	0.9831	pathogenic
P48065	N309Q	0.9563	pathogenic
P48065	N309R	0.9674	pathogenic
P48065	N309S	0.3255	benign
P48065	N309T	0.8371	pathogenic
P48065	N309V	0.9229	pathogenic
P48065	N309W	0.9967	pathogenic
P48065	N309Y	0.9485	pathogenic
P48065	K310A	0.4242	ambiguous
P48065	K310C	0.7347	pathogenic
P48065	K310D	0.512	ambiguous
P48065	K310E	0.259	benign
P48065	K310F	0.9039	pathogenic
P48065	K310G	0.5263	ambiguous
P48065	K310H	0.3287	benign
P48065	K310I	0.5791	pathogenic
P48065	K310L	0.5381	ambiguous
P48065	K310M	0.4432	ambiguous
P48065	K310N	0.4412	ambiguous
P48065	K310P	0.5389	ambiguous
P48065	K310Q	0.1625	benign
P48065	K310R	0.0834	benign
P48065	K310S	0.4336	ambiguous
P48065	K310T	0.2118	benign
P48065	K310V	0.4934	ambiguous
P48065	K310W	0.8505	pathogenic
P48065	K310Y	0.7439	pathogenic
P48065	Y311A	0.9604	pathogenic
P48065	Y311C	0.8524	pathogenic
P48065	Y311D	0.9023	pathogenic
P48065	Y311E	0.9629	pathogenic
P48065	Y311F	0.2212	benign
P48065	Y311G	0.9264	pathogenic
P48065	Y311H	0.7503	pathogenic
P48065	Y311I	0.9047	pathogenic
P48065	Y311K	0.907	pathogenic
P48065	Y311L	0.8719	pathogenic
P48065	Y311M	0.9479	pathogenic
P48065	Y311N	0.8162	pathogenic
P48065	Y311P	0.9418	pathogenic
P48065	Y311Q	0.9413	pathogenic
P48065	Y311R	0.8208	pathogenic
P48065	Y311S	0.9043	pathogenic
P48065	Y311T	0.9619	pathogenic
P48065	Y311V	0.8713	pathogenic
P48065	Y311W	0.7291	pathogenic
P48065	H312A	0.3444	ambiguous
P48065	H312C	0.2475	benign
P48065	H312D	0.132	benign
P48065	H312E	0.2863	benign
P48065	H312F	0.5279	ambiguous
P48065	H312G	0.2539	benign
P48065	H312I	0.6316	pathogenic
P48065	H312K	0.1878	benign
P48065	H312L	0.2763	benign
P48065	H312M	0.6193	pathogenic
P48065	H312N	0.0759	benign
P48065	H312P	0.424	ambiguous
P48065	H312Q	0.1767	benign
P48065	H312R	0.094	benign
P48065	H312S	0.1813	benign
P48065	H312T	0.2213	benign
P48065	H312V	0.4876	ambiguous
P48065	H312W	0.4807	ambiguous
P48065	H312Y	0.1589	benign
P48065	N313A	0.8381	pathogenic
P48065	N313C	0.6474	pathogenic
P48065	N313D	0.6995	pathogenic
P48065	N313E	0.9075	pathogenic
P48065	N313F	0.8487	pathogenic
P48065	N313G	0.7412	pathogenic
P48065	N313H	0.2802	benign
P48065	N313I	0.7704	pathogenic
P48065	N313K	0.9049	pathogenic
P48065	N313L	0.6992	pathogenic
P48065	N313M	0.8557	pathogenic
P48065	N313P	0.9501	pathogenic
P48065	N313Q	0.8195	pathogenic
P48065	N313R	0.8049	pathogenic
P48065	N313S	0.2489	benign
P48065	N313T	0.5963	pathogenic
P48065	N313V	0.7498	pathogenic
P48065	N313W	0.921	pathogenic
P48065	N313Y	0.3437	ambiguous
P48065	N314A	0.7631	pathogenic
P48065	N314C	0.7998	pathogenic
P48065	N314D	0.0786	benign
P48065	N314E	0.8373	pathogenic
P48065	N314F	0.9676	pathogenic
P48065	N314G	0.8287	pathogenic
P48065	N314H	0.384	ambiguous
P48065	N314I	0.8389	pathogenic
P48065	N314K	0.8595	pathogenic
P48065	N314L	0.8452	pathogenic
P48065	N314M	0.911	pathogenic
P48065	N314P	0.8903	pathogenic
P48065	N314Q	0.7939	pathogenic
P48065	N314R	0.7924	pathogenic
P48065	N314S	0.2298	benign
P48065	N314T	0.6487	pathogenic
P48065	N314V	0.8195	pathogenic
P48065	N314W	0.9828	pathogenic
P48065	N314Y	0.6733	pathogenic
P48065	C315A	0.7019	pathogenic
P48065	C315D	0.9898	pathogenic
P48065	C315E	0.9963	pathogenic
P48065	C315F	0.7593	pathogenic
P48065	C315G	0.6579	pathogenic
P48065	C315H	0.9791	pathogenic
P48065	C315I	0.7231	pathogenic
P48065	C315K	0.9987	pathogenic
P48065	C315L	0.8475	pathogenic
P48065	C315M	0.8989	pathogenic
P48065	C315N	0.9261	pathogenic
P48065	C315P	0.9553	pathogenic
P48065	C315Q	0.988	pathogenic
P48065	C315R	0.9874	pathogenic
P48065	C315S	0.5305	ambiguous
P48065	C315T	0.6562	pathogenic
P48065	C315V	0.5367	ambiguous
P48065	C315W	0.9799	pathogenic
P48065	C315Y	0.9505	pathogenic
P48065	Y316A	0.8296	pathogenic
P48065	Y316C	0.3769	ambiguous
P48065	Y316D	0.8815	pathogenic
P48065	Y316E	0.9261	pathogenic
P48065	Y316F	0.1428	benign
P48065	Y316G	0.8089	pathogenic
P48065	Y316H	0.4792	ambiguous
P48065	Y316I	0.7319	pathogenic
P48065	Y316K	0.929	pathogenic
P48065	Y316L	0.5209	ambiguous
P48065	Y316M	0.7788	pathogenic
P48065	Y316N	0.6906	pathogenic
P48065	Y316P	0.9619	pathogenic
P48065	Y316Q	0.8128	pathogenic
P48065	Y316R	0.794	pathogenic
P48065	Y316S	0.661	pathogenic
P48065	Y316T	0.845	pathogenic
P48065	Y316V	0.6088	pathogenic
P48065	Y316W	0.4607	ambiguous
P48065	K317A	0.3826	ambiguous
P48065	K317C	0.6108	pathogenic
P48065	K317D	0.7672	pathogenic
P48065	K317E	0.2628	benign
P48065	K317F	0.7329	pathogenic
P48065	K317G	0.3111	benign
P48065	K317H	0.2972	benign
P48065	K317I	0.4178	ambiguous
P48065	K317L	0.3761	ambiguous
P48065	K317M	0.3209	benign
P48065	K317N	0.6047	pathogenic
P48065	K317P	0.7812	pathogenic
P48065	K317Q	0.1097	benign
P48065	K317R	0.0517	benign
P48065	K317S	0.4392	ambiguous
P48065	K317T	0.2465	benign
P48065	K317V	0.3575	ambiguous
P48065	K317W	0.4455	ambiguous
P48065	K317Y	0.5772	pathogenic
P48065	D318A	0.957	pathogenic
P48065	D318C	0.9945	pathogenic
P48065	D318E	0.9077	pathogenic
P48065	D318F	0.9911	pathogenic
P48065	D318G	0.9472	pathogenic
P48065	D318H	0.9643	pathogenic
P48065	D318I	0.9794	pathogenic
P48065	D318K	0.9873	pathogenic
P48065	D318L	0.983	pathogenic
P48065	D318M	0.9942	pathogenic
P48065	D318N	0.875	pathogenic
P48065	D318P	0.9956	pathogenic
P48065	D318Q	0.9713	pathogenic
P48065	D318R	0.9876	pathogenic
P48065	D318S	0.9038	pathogenic
P48065	D318T	0.9605	pathogenic
P48065	D318V	0.9477	pathogenic
P48065	D318W	0.995	pathogenic
P48065	D318Y	0.9085	pathogenic
P48065	C319A	0.2599	benign
P48065	C319D	0.9604	pathogenic
P48065	C319E	0.9898	pathogenic
P48065	C319F	0.9194	pathogenic
P48065	C319G	0.2388	benign
P48065	C319H	0.973	pathogenic
P48065	C319I	0.8695	pathogenic
P48065	C319K	0.9974	pathogenic
P48065	C319L	0.8831	pathogenic
P48065	C319M	0.8798	pathogenic
P48065	C319N	0.7959	pathogenic
P48065	C319P	0.9907	pathogenic
P48065	C319Q	0.9783	pathogenic
P48065	C319R	0.9845	pathogenic
P48065	C319S	0.1257	benign
P48065	C319T	0.2495	benign
P48065	C319V	0.6278	pathogenic
P48065	C319W	0.9843	pathogenic
P48065	C319Y	0.9682	pathogenic
P48065	I320A	0.2011	benign
P48065	I320C	0.5267	ambiguous
P48065	I320D	0.9247	pathogenic
P48065	I320E	0.8289	pathogenic
P48065	I320F	0.0825	benign
P48065	I320G	0.5221	ambiguous
P48065	I320H	0.7129	pathogenic
P48065	I320K	0.6482	pathogenic
P48065	I320L	0.0717	benign
P48065	I320M	0.0793	benign
P48065	I320N	0.5917	pathogenic
P48065	I320P	0.8517	pathogenic
P48065	I320Q	0.6408	pathogenic
P48065	I320R	0.5441	ambiguous
P48065	I320S	0.3501	ambiguous
P48065	I320T	0.1789	benign
P48065	I320V	0.0621	benign
P48065	I320W	0.5785	pathogenic
P48065	I320Y	0.4502	ambiguous
P48065	A321C	0.364	ambiguous
P48065	A321D	0.7608	pathogenic
P48065	A321E	0.6689	pathogenic
P48065	A321F	0.1623	benign
P48065	A321G	0.1248	benign
P48065	A321H	0.626	pathogenic
P48065	A321I	0.1672	benign
P48065	A321K	0.6849	pathogenic
P48065	A321L	0.1171	benign
P48065	A321M	0.1702	benign
P48065	A321N	0.5076	ambiguous
P48065	A321P	0.6709	pathogenic
P48065	A321Q	0.5467	ambiguous
P48065	A321R	0.5903	pathogenic
P48065	A321S	0.1061	benign
P48065	A321T	0.0871	benign
P48065	A321V	0.1013	benign
P48065	A321W	0.5119	ambiguous
P48065	A321Y	0.3386	benign
P48065	L322A	0.8892	pathogenic
P48065	L322C	0.92	pathogenic
P48065	L322D	0.9971	pathogenic
P48065	L322E	0.9895	pathogenic
P48065	L322F	0.7479	pathogenic
P48065	L322G	0.9707	pathogenic
P48065	L322H	0.9805	pathogenic
P48065	L322I	0.3103	benign
P48065	L322K	0.9883	pathogenic
P48065	L322M	0.4792	ambiguous
P48065	L322N	0.9714	pathogenic
P48065	L322P	0.9809	pathogenic
P48065	L322Q	0.9723	pathogenic
P48065	L322R	0.9789	pathogenic
P48065	L322S	0.9595	pathogenic
P48065	L322T	0.8736	pathogenic
P48065	L322V	0.3296	benign
P48065	L322W	0.9517	pathogenic
P48065	L322Y	0.961	pathogenic
P48065	C323A	0.546	ambiguous
P48065	C323D	0.9883	pathogenic
P48065	C323E	0.9964	pathogenic
P48065	C323F	0.9033	pathogenic
P48065	C323G	0.3983	ambiguous
P48065	C323H	0.989	pathogenic
P48065	C323I	0.8763	pathogenic
P48065	C323K	0.9987	pathogenic
P48065	C323L	0.8079	pathogenic
P48065	C323M	0.9079	pathogenic
P48065	C323N	0.9307	pathogenic
P48065	C323P	0.9662	pathogenic
P48065	C323Q	0.9906	pathogenic
P48065	C323R	0.9912	pathogenic
P48065	C323S	0.4211	ambiguous
P48065	C323T	0.6425	pathogenic
P48065	C323V	0.6986	pathogenic
P48065	C323W	0.9879	pathogenic
P48065	C323Y	0.9767	pathogenic
P48065	F324A	0.2087	benign
P48065	F324C	0.0903	benign
P48065	F324D	0.9505	pathogenic
P48065	F324E	0.9681	pathogenic
P48065	F324G	0.3429	ambiguous
P48065	F324H	0.8745	pathogenic
P48065	F324I	0.0899	benign
P48065	F324K	0.9713	pathogenic
P48065	F324L	0.3505	ambiguous
P48065	F324M	0.2332	benign
P48065	F324N	0.79	pathogenic
P48065	F324P	0.9699	pathogenic
P48065	F324Q	0.9257	pathogenic
P48065	F324R	0.9445	pathogenic
P48065	F324S	0.2148	benign
P48065	F324T	0.238	benign
P48065	F324V	0.0839	benign
P48065	F324W	0.628	pathogenic
P48065	F324Y	0.3934	ambiguous
P48065	L325A	0.6523	pathogenic
P48065	L325C	0.7033	pathogenic
P48065	L325D	0.9967	pathogenic
P48065	L325E	0.9826	pathogenic
P48065	L325F	0.4401	ambiguous
P48065	L325G	0.8709	pathogenic
P48065	L325H	0.9542	pathogenic
P48065	L325I	0.3135	benign
P48065	L325K	0.9739	pathogenic
P48065	L325M	0.2816	benign
P48065	L325N	0.9738	pathogenic
P48065	L325P	0.985	pathogenic
P48065	L325Q	0.8837	pathogenic
P48065	L325R	0.9479	pathogenic
P48065	L325S	0.7988	pathogenic
P48065	L325T	0.6641	pathogenic
P48065	L325V	0.294	benign
P48065	L325W	0.8274	pathogenic
P48065	L325Y	0.9265	pathogenic
P48065	N326A	0.958	pathogenic
P48065	N326C	0.8252	pathogenic
P48065	N326D	0.8458	pathogenic
P48065	N326E	0.9881	pathogenic
P48065	N326F	0.9952	pathogenic
P48065	N326G	0.9244	pathogenic
P48065	N326H	0.9422	pathogenic
P48065	N326I	0.9572	pathogenic
P48065	N326K	0.9962	pathogenic
P48065	N326L	0.9308	pathogenic
P48065	N326M	0.9721	pathogenic
P48065	N326P	0.972	pathogenic
P48065	N326Q	0.9877	pathogenic
P48065	N326R	0.9947	pathogenic
P48065	N326S	0.5642	pathogenic
P48065	N326T	0.8619	pathogenic
P48065	N326V	0.924	pathogenic
P48065	N326W	0.9985	pathogenic
P48065	N326Y	0.9647	pathogenic
P48065	S327A	0.1213	benign
P48065	S327C	0.1372	benign
P48065	S327D	0.9823	pathogenic
P48065	S327E	0.9869	pathogenic
P48065	S327F	0.7426	pathogenic
P48065	S327G	0.133	benign
P48065	S327H	0.9579	pathogenic
P48065	S327I	0.6018	pathogenic
P48065	S327K	0.9975	pathogenic
P48065	S327L	0.4285	ambiguous
P48065	S327M	0.4893	ambiguous
P48065	S327N	0.8242	pathogenic
P48065	S327P	0.8971	pathogenic
P48065	S327Q	0.9789	pathogenic
P48065	S327R	0.9955	pathogenic
P48065	S327T	0.151	benign
P48065	S327V	0.4913	ambiguous
P48065	S327W	0.9322	pathogenic
P48065	S327Y	0.8736	pathogenic
P48065	A328C	0.2203	benign
P48065	A328D	0.9346	pathogenic
P48065	A328E	0.9274	pathogenic
P48065	A328F	0.1901	benign
P48065	A328G	0.0957	benign
P48065	A328H	0.9193	pathogenic
P48065	A328I	0.1581	benign
P48065	A328K	0.9612	pathogenic
P48065	A328L	0.1257	benign
P48065	A328M	0.1458	benign
P48065	A328N	0.7501	pathogenic
P48065	A328P	0.9296	pathogenic
P48065	A328Q	0.8742	pathogenic
P48065	A328R	0.9405	pathogenic
P48065	A328S	0.1243	benign
P48065	A328T	0.0916	benign
P48065	A328V	0.104	benign
P48065	A328W	0.8115	pathogenic
P48065	A328Y	0.6845	pathogenic
P48065	T329A	0.7436	pathogenic
P48065	T329C	0.9639	pathogenic
P48065	T329D	0.9949	pathogenic
P48065	T329E	0.9957	pathogenic
P48065	T329F	0.9814	pathogenic
P48065	T329G	0.8863	pathogenic
P48065	T329H	0.9836	pathogenic
P48065	T329I	0.9789	pathogenic
P48065	T329K	0.9938	pathogenic
P48065	T329L	0.9272	pathogenic
P48065	T329M	0.8409	pathogenic
P48065	T329N	0.9606	pathogenic
P48065	T329P	0.9414	pathogenic
P48065	T329Q	0.9847	pathogenic
P48065	T329R	0.994	pathogenic
P48065	T329S	0.6169	pathogenic
P48065	T329V	0.897	pathogenic
P48065	T329W	0.9977	pathogenic
P48065	T329Y	0.9943	pathogenic
P48065	S330A	0.6475	pathogenic
P48065	S330C	0.7993	pathogenic
P48065	S330D	0.9945	pathogenic
P48065	S330E	0.9936	pathogenic
P48065	S330F	0.9971	pathogenic
P48065	S330G	0.815	pathogenic
P48065	S330H	0.9932	pathogenic
P48065	S330I	0.9911	pathogenic
P48065	S330K	0.9995	pathogenic
P48065	S330L	0.9745	pathogenic
P48065	S330M	0.98	pathogenic
P48065	S330N	0.9809	pathogenic
P48065	S330P	0.9911	pathogenic
P48065	S330Q	0.9933	pathogenic
P48065	S330R	0.9989	pathogenic
P48065	S330T	0.8788	pathogenic
P48065	S330V	0.9825	pathogenic
P48065	S330W	0.9964	pathogenic
P48065	S330Y	0.9942	pathogenic
P48065	F331A	0.5031	ambiguous
P48065	F331C	0.3117	benign
P48065	F331D	0.9935	pathogenic
P48065	F331E	0.993	pathogenic
P48065	F331G	0.8372	pathogenic
P48065	F331H	0.976	pathogenic
P48065	F331I	0.1507	benign
P48065	F331K	0.9951	pathogenic
P48065	F331L	0.6209	pathogenic
P48065	F331M	0.3502	ambiguous
P48065	F331N	0.9638	pathogenic
P48065	F331P	0.9925	pathogenic
P48065	F331Q	0.9837	pathogenic
P48065	F331R	0.9878	pathogenic
P48065	F331S	0.6621	pathogenic
P48065	F331T	0.585	pathogenic
P48065	F331V	0.1216	benign
P48065	F331W	0.8229	pathogenic
P48065	F331Y	0.5884	pathogenic
P48065	V332A	0.157	benign
P48065	V332C	0.5903	pathogenic
P48065	V332D	0.9382	pathogenic
P48065	V332E	0.8982	pathogenic
P48065	V332F	0.1261	benign
P48065	V332G	0.2702	benign
P48065	V332H	0.933	pathogenic
P48065	V332I	0.0904	benign
P48065	V332K	0.9399	pathogenic
P48065	V332L	0.1603	benign
P48065	V332M	0.1727	benign
P48065	V332N	0.8264	pathogenic
P48065	V332P	0.8653	pathogenic
P48065	V332Q	0.8609	pathogenic
P48065	V332R	0.9014	pathogenic
P48065	V332S	0.3168	benign
P48065	V332T	0.1927	benign
P48065	V332W	0.8532	pathogenic
P48065	V332Y	0.7182	pathogenic
P48065	A333C	0.8599	pathogenic
P48065	A333D	0.9955	pathogenic
P48065	A333E	0.9941	pathogenic
P48065	A333F	0.9682	pathogenic
P48065	A333G	0.3751	ambiguous
P48065	A333H	0.9946	pathogenic
P48065	A333I	0.9706	pathogenic
P48065	A333K	0.9986	pathogenic
P48065	A333L	0.9236	pathogenic
P48065	A333M	0.9366	pathogenic
P48065	A333N	0.983	pathogenic
P48065	A333P	0.9906	pathogenic
P48065	A333Q	0.9858	pathogenic
P48065	A333R	0.9945	pathogenic
P48065	A333S	0.1729	benign
P48065	A333T	0.6811	pathogenic
P48065	A333V	0.8655	pathogenic
P48065	A333W	0.996	pathogenic
P48065	A333Y	0.9895	pathogenic
P48065	G334A	0.8529	pathogenic
P48065	G334C	0.9804	pathogenic
P48065	G334D	0.9982	pathogenic
P48065	G334E	0.9984	pathogenic
P48065	G334F	0.9985	pathogenic
P48065	G334H	0.9995	pathogenic
P48065	G334I	0.9962	pathogenic
P48065	G334K	0.9995	pathogenic
P48065	G334L	0.9967	pathogenic
P48065	G334M	0.9979	pathogenic
P48065	G334N	0.9981	pathogenic
P48065	G334P	0.9992	pathogenic
P48065	G334Q	0.9985	pathogenic
P48065	G334R	0.9979	pathogenic
P48065	G334S	0.8776	pathogenic
P48065	G334T	0.986	pathogenic
P48065	G334V	0.9898	pathogenic
P48065	G334W	0.9983	pathogenic
P48065	G334Y	0.9988	pathogenic
P48065	F335A	0.6853	pathogenic
P48065	F335C	0.434	ambiguous
P48065	F335D	0.9953	pathogenic
P48065	F335E	0.9963	pathogenic
P48065	F335G	0.8575	pathogenic
P48065	F335H	0.9883	pathogenic
P48065	F335I	0.3436	ambiguous
P48065	F335K	0.998	pathogenic
P48065	F335L	0.831	pathogenic
P48065	F335M	0.6068	pathogenic
P48065	F335N	0.9717	pathogenic
P48065	F335P	0.9963	pathogenic
P48065	F335Q	0.9938	pathogenic
P48065	F335R	0.9947	pathogenic
P48065	F335S	0.7712	pathogenic
P48065	F335T	0.7049	pathogenic
P48065	F335V	0.3227	benign
P48065	F335W	0.8718	pathogenic
P48065	F335Y	0.7278	pathogenic
P48065	V336A	0.1701	benign
P48065	V336C	0.8576	pathogenic
P48065	V336D	0.9752	pathogenic
P48065	V336E	0.9708	pathogenic
P48065	V336F	0.883	pathogenic
P48065	V336G	0.544	ambiguous
P48065	V336H	0.9912	pathogenic
P48065	V336I	0.2414	benign
P48065	V336K	0.9902	pathogenic
P48065	V336L	0.8137	pathogenic
P48065	V336M	0.7237	pathogenic
P48065	V336N	0.9417	pathogenic
P48065	V336P	0.9347	pathogenic
P48065	V336Q	0.9625	pathogenic
P48065	V336R	0.9739	pathogenic
P48065	V336S	0.3312	benign
P48065	V336T	0.2639	benign
P48065	V336W	0.9968	pathogenic
P48065	V336Y	0.9897	pathogenic
P48065	V337A	0.8536	pathogenic
P48065	V337C	0.9634	pathogenic
P48065	V337D	0.9854	pathogenic
P48065	V337E	0.9824	pathogenic
P48065	V337F	0.8261	pathogenic
P48065	V337G	0.8646	pathogenic
P48065	V337H	0.9953	pathogenic
P48065	V337I	0.1019	benign
P48065	V337K	0.9914	pathogenic
P48065	V337L	0.7546	pathogenic
P48065	V337M	0.6977	pathogenic
P48065	V337N	0.9536	pathogenic
P48065	V337P	0.9672	pathogenic
P48065	V337Q	0.9806	pathogenic
P48065	V337R	0.9833	pathogenic
P48065	V337S	0.8237	pathogenic
P48065	V337T	0.6985	pathogenic
P48065	V337W	0.9963	pathogenic
P48065	V337Y	0.9851	pathogenic
P48065	F338A	0.9968	pathogenic
P48065	F338C	0.9902	pathogenic
P48065	F338D	0.9993	pathogenic
P48065	F338E	0.9996	pathogenic
P48065	F338G	0.9969	pathogenic
P48065	F338H	0.9951	pathogenic
P48065	F338I	0.9964	pathogenic
P48065	F338K	0.9996	pathogenic
P48065	F338L	0.9991	pathogenic
P48065	F338M	0.9955	pathogenic
P48065	F338N	0.9968	pathogenic
P48065	F338P	0.9998	pathogenic
P48065	F338Q	0.999	pathogenic
P48065	F338R	0.9983	pathogenic
P48065	F338S	0.994	pathogenic
P48065	F338T	0.9981	pathogenic
P48065	F338V	0.9938	pathogenic
P48065	F338W	0.9762	pathogenic
P48065	F338Y	0.8935	pathogenic
P48065	S339A	0.1678	benign
P48065	S339C	0.3077	benign
P48065	S339D	0.9961	pathogenic
P48065	S339E	0.9968	pathogenic
P48065	S339F	0.9539	pathogenic
P48065	S339G	0.3526	ambiguous
P48065	S339H	0.9922	pathogenic
P48065	S339I	0.9392	pathogenic
P48065	S339K	0.9997	pathogenic
P48065	S339L	0.7292	pathogenic
P48065	S339M	0.8145	pathogenic
P48065	S339N	0.9633	pathogenic
P48065	S339P	0.9479	pathogenic
P48065	S339Q	0.9905	pathogenic
P48065	S339R	0.9988	pathogenic
P48065	S339T	0.3667	ambiguous
P48065	S339V	0.8612	pathogenic
P48065	S339W	0.9872	pathogenic
P48065	S339Y	0.9815	pathogenic
P48065	I340A	0.841	pathogenic
P48065	I340C	0.9389	pathogenic
P48065	I340D	0.9911	pathogenic
P48065	I340E	0.9873	pathogenic
P48065	I340F	0.5785	pathogenic
P48065	I340G	0.9679	pathogenic
P48065	I340H	0.9795	pathogenic
P48065	I340K	0.9849	pathogenic
P48065	I340L	0.4033	ambiguous
P48065	I340M	0.3553	ambiguous
P48065	I340N	0.8722	pathogenic
P48065	I340P	0.9863	pathogenic
P48065	I340Q	0.9742	pathogenic
P48065	I340R	0.9772	pathogenic
P48065	I340S	0.7628	pathogenic
P48065	I340T	0.6228	pathogenic
P48065	I340V	0.0945	benign
P48065	I340W	0.987	pathogenic
P48065	I340Y	0.9262	pathogenic
P48065	L341A	0.9498	pathogenic
P48065	L341C	0.9809	pathogenic
P48065	L341D	0.9994	pathogenic
P48065	L341E	0.9942	pathogenic
P48065	L341F	0.9479	pathogenic
P48065	L341G	0.9929	pathogenic
P48065	L341H	0.9947	pathogenic
P48065	L341I	0.3975	ambiguous
P48065	L341K	0.9909	pathogenic
P48065	L341M	0.6085	pathogenic
P48065	L341N	0.996	pathogenic
P48065	L341P	0.9944	pathogenic
P48065	L341Q	0.9828	pathogenic
P48065	L341R	0.9764	pathogenic
P48065	L341S	0.9879	pathogenic
P48065	L341T	0.922	pathogenic
P48065	L341V	0.4505	ambiguous
P48065	L341W	0.9859	pathogenic
P48065	L341Y	0.9944	pathogenic
P48065	G342A	0.9692	pathogenic
P48065	G342C	0.9972	pathogenic
P48065	G342D	0.9979	pathogenic
P48065	G342E	0.9988	pathogenic
P48065	G342F	0.9992	pathogenic
P48065	G342H	0.9995	pathogenic
P48065	G342I	0.9986	pathogenic
P48065	G342K	0.9996	pathogenic
P48065	G342L	0.9985	pathogenic
P48065	G342M	0.9996	pathogenic
P48065	G342N	0.999	pathogenic
P48065	G342P	0.9995	pathogenic
P48065	G342Q	0.9993	pathogenic
P48065	G342R	0.9982	pathogenic
P48065	G342S	0.9749	pathogenic
P48065	G342T	0.9971	pathogenic
P48065	G342V	0.9966	pathogenic
P48065	G342W	0.998	pathogenic
P48065	G342Y	0.9985	pathogenic
P48065	F343A	0.9688	pathogenic
P48065	F343C	0.8916	pathogenic
P48065	F343D	0.9906	pathogenic
P48065	F343E	0.9928	pathogenic
P48065	F343G	0.9846	pathogenic
P48065	F343H	0.7815	pathogenic
P48065	F343I	0.9426	pathogenic
P48065	F343K	0.9923	pathogenic
P48065	F343L	0.9962	pathogenic
P48065	F343M	0.9706	pathogenic
P48065	F343N	0.9143	pathogenic
P48065	F343P	0.9998	pathogenic
P48065	F343Q	0.9781	pathogenic
P48065	F343R	0.9678	pathogenic
P48065	F343S	0.9296	pathogenic
P48065	F343T	0.9831	pathogenic
P48065	F343V	0.9061	pathogenic
P48065	F343W	0.8224	pathogenic
P48065	F343Y	0.2554	benign
P48065	M344A	0.9577	pathogenic
P48065	M344C	0.9849	pathogenic
P48065	M344D	0.9978	pathogenic
P48065	M344E	0.9757	pathogenic
P48065	M344F	0.7572	pathogenic
P48065	M344G	0.9907	pathogenic
P48065	M344H	0.9698	pathogenic
P48065	M344I	0.9546	pathogenic
P48065	M344K	0.9318	pathogenic
P48065	M344L	0.3599	ambiguous
P48065	M344N	0.986	pathogenic
P48065	M344P	0.9984	pathogenic
P48065	M344Q	0.7834	pathogenic
P48065	M344R	0.8937	pathogenic
P48065	M344S	0.9331	pathogenic
P48065	M344T	0.9553	pathogenic
P48065	M344V	0.7279	pathogenic
P48065	M344W	0.9672	pathogenic
P48065	M344Y	0.9576	pathogenic
P48065	S345A	0.0791	benign
P48065	S345C	0.3224	benign
P48065	S345D	0.9721	pathogenic
P48065	S345E	0.9244	pathogenic
P48065	S345F	0.9058	pathogenic
P48065	S345G	0.2977	benign
P48065	S345H	0.8929	pathogenic
P48065	S345I	0.9186	pathogenic
P48065	S345K	0.9825	pathogenic
P48065	S345L	0.6726	pathogenic
P48065	S345M	0.7606	pathogenic
P48065	S345N	0.8582	pathogenic
P48065	S345P	0.9938	pathogenic
P48065	S345Q	0.859	pathogenic
P48065	S345R	0.9592	pathogenic
P48065	S345T	0.4348	ambiguous
P48065	S345V	0.7715	pathogenic
P48065	S345W	0.9383	pathogenic
P48065	S345Y	0.8331	pathogenic
P48065	Q346A	0.2347	benign
P48065	Q346C	0.6791	pathogenic
P48065	Q346D	0.3742	ambiguous
P48065	Q346E	0.074	benign
P48065	Q346F	0.5157	ambiguous
P48065	Q346G	0.2637	benign
P48065	Q346H	0.155	benign
P48065	Q346I	0.3555	ambiguous
P48065	Q346K	0.0858	benign
P48065	Q346L	0.1333	benign
P48065	Q346M	0.3176	benign
P48065	Q346N	0.3068	benign
P48065	Q346P	0.8366	pathogenic
P48065	Q346R	0.0779	benign
P48065	Q346S	0.2554	benign
P48065	Q346T	0.2274	benign
P48065	Q346V	0.2238	benign
P48065	Q346W	0.3853	ambiguous
P48065	Q346Y	0.3133	benign
P48065	E347A	0.2736	benign
P48065	E347C	0.9691	pathogenic
P48065	E347D	0.4786	ambiguous
P48065	E347F	0.9311	pathogenic
P48065	E347G	0.4035	ambiguous
P48065	E347H	0.7102	pathogenic
P48065	E347I	0.4887	ambiguous
P48065	E347K	0.2562	benign
P48065	E347L	0.625	pathogenic
P48065	E347M	0.6105	pathogenic
P48065	E347N	0.5858	pathogenic
P48065	E347P	0.9817	pathogenic
P48065	E347Q	0.1492	benign
P48065	E347R	0.4025	ambiguous
P48065	E347S	0.366	ambiguous
P48065	E347T	0.3933	ambiguous
P48065	E347V	0.2976	benign
P48065	E347W	0.9773	pathogenic
P48065	E347Y	0.8452	pathogenic
P48065	Q348A	0.3827	ambiguous
P48065	Q348C	0.9546	pathogenic
P48065	Q348D	0.7728	pathogenic
P48065	Q348E	0.15	benign
P48065	Q348F	0.8775	pathogenic
P48065	Q348G	0.5132	ambiguous
P48065	Q348H	0.525	ambiguous
P48065	Q348I	0.6322	pathogenic
P48065	Q348K	0.2003	benign
P48065	Q348L	0.236	benign
P48065	Q348M	0.4284	ambiguous
P48065	Q348N	0.5353	ambiguous
P48065	Q348P	0.92	pathogenic
P48065	Q348R	0.2199	benign
P48065	Q348S	0.4308	ambiguous
P48065	Q348T	0.3327	benign
P48065	Q348V	0.4584	ambiguous
P48065	Q348W	0.8577	pathogenic
P48065	Q348Y	0.746	pathogenic
P48065	G349A	0.2249	benign
P48065	G349C	0.5257	ambiguous
P48065	G349D	0.1287	benign
P48065	G349E	0.1821	benign
P48065	G349F	0.8031	pathogenic
P48065	G349H	0.2944	benign
P48065	G349I	0.6575	pathogenic
P48065	G349K	0.282	benign
P48065	G349L	0.6295	pathogenic
P48065	G349M	0.5805	pathogenic
P48065	G349N	0.161	benign
P48065	G349P	0.9668	pathogenic
P48065	G349Q	0.2291	benign
P48065	G349R	0.2656	benign
P48065	G349S	0.1394	benign
P48065	G349T	0.4009	ambiguous
P48065	G349V	0.512	ambiguous
P48065	G349W	0.658	pathogenic
P48065	G349Y	0.5499	ambiguous
P48065	V350A	0.3584	ambiguous
P48065	V350C	0.8531	pathogenic
P48065	V350D	0.7121	pathogenic
P48065	V350E	0.4638	ambiguous
P48065	V350F	0.1981	benign
P48065	V350G	0.4399	ambiguous
P48065	V350H	0.6365	pathogenic
P48065	V350I	0.068	benign
P48065	V350K	0.2456	benign
P48065	V350L	0.1438	benign
P48065	V350M	0.1245	benign
P48065	V350N	0.534	ambiguous
P48065	V350P	0.958	pathogenic
P48065	V350Q	0.327	benign
P48065	V350R	0.2431	benign
P48065	V350S	0.4344	ambiguous
P48065	V350T	0.3315	benign
P48065	V350W	0.8226	pathogenic
P48065	V350Y	0.6008	pathogenic
P48065	P351A	0.0912	benign
P48065	P351C	0.6165	pathogenic
P48065	P351D	0.197	benign
P48065	P351E	0.2254	benign
P48065	P351F	0.6263	pathogenic
P48065	P351G	0.323	benign
P48065	P351H	0.1468	benign
P48065	P351I	0.5332	ambiguous
P48065	P351K	0.2717	benign
P48065	P351L	0.203	benign
P48065	P351M	0.4162	ambiguous
P48065	P351N	0.2294	benign
P48065	P351Q	0.1715	benign
P48065	P351R	0.1926	benign
P48065	P351S	0.1023	benign
P48065	P351T	0.1448	benign
P48065	P351V	0.3641	ambiguous
P48065	P351W	0.7211	pathogenic
P48065	P351Y	0.4999	ambiguous
P48065	I352A	0.9128	pathogenic
P48065	I352C	0.9885	pathogenic
P48065	I352D	0.9958	pathogenic
P48065	I352E	0.9889	pathogenic
P48065	I352F	0.7363	pathogenic
P48065	I352G	0.9906	pathogenic
P48065	I352H	0.9922	pathogenic
P48065	I352K	0.9843	pathogenic
P48065	I352L	0.314	benign
P48065	I352M	0.4157	ambiguous
P48065	I352N	0.9774	pathogenic
P48065	I352P	0.9184	pathogenic
P48065	I352Q	0.985	pathogenic
P48065	I352R	0.974	pathogenic
P48065	I352S	0.9545	pathogenic
P48065	I352T	0.9282	pathogenic
P48065	I352V	0.0907	benign
P48065	I352W	0.9936	pathogenic
P48065	I352Y	0.9756	pathogenic
P48065	S353A	0.0683	benign
P48065	S353C	0.3209	benign
P48065	S353D	0.2972	benign
P48065	S353E	0.2715	benign
P48065	S353F	0.36	ambiguous
P48065	S353G	0.1099	benign
P48065	S353H	0.3254	benign
P48065	S353I	0.3371	benign
P48065	S353K	0.5045	ambiguous
P48065	S353L	0.1482	benign
P48065	S353M	0.2918	benign
P48065	S353N	0.2091	benign
P48065	S353P	0.2727	benign
P48065	S353Q	0.3653	ambiguous
P48065	S353R	0.4397	ambiguous
P48065	S353T	0.1045	benign
P48065	S353V	0.2712	benign
P48065	S353W	0.4408	ambiguous
P48065	S353Y	0.2792	benign
P48065	E354A	0.1415	benign
P48065	E354C	0.9005	pathogenic
P48065	E354D	0.1327	benign
P48065	E354F	0.7735	pathogenic
P48065	E354G	0.2521	benign
P48065	E354H	0.3482	ambiguous
P48065	E354I	0.3774	ambiguous
P48065	E354K	0.1058	benign
P48065	E354L	0.3359	benign
P48065	E354M	0.3601	ambiguous
P48065	E354N	0.2388	benign
P48065	E354P	0.9558	pathogenic
P48065	E354Q	0.106	benign
P48065	E354R	0.1865	benign
P48065	E354S	0.1786	benign
P48065	E354T	0.2017	benign
P48065	E354V	0.2086	benign
P48065	E354W	0.9073	pathogenic
P48065	E354Y	0.6218	pathogenic
P48065	V355A	0.8126	pathogenic
P48065	V355C	0.9966	pathogenic
P48065	V355D	0.9921	pathogenic
P48065	V355E	0.9769	pathogenic
P48065	V355F	0.9041	pathogenic
P48065	V355G	0.9053	pathogenic
P48065	V355H	0.9957	pathogenic
P48065	V355I	0.2372	benign
P48065	V355K	0.9831	pathogenic
P48065	V355L	0.9001	pathogenic
P48065	V355M	0.8616	pathogenic
P48065	V355N	0.9868	pathogenic
P48065	V355P	0.9944	pathogenic
P48065	V355Q	0.9824	pathogenic
P48065	V355R	0.974	pathogenic
P48065	V355S	0.955	pathogenic
P48065	V355T	0.8389	pathogenic
P48065	V355W	0.9972	pathogenic
P48065	V355Y	0.9879	pathogenic
P48065	A356C	0.9378	pathogenic
P48065	A356D	0.989	pathogenic
P48065	A356E	0.9616	pathogenic
P48065	A356F	0.9376	pathogenic
P48065	A356G	0.6978	pathogenic
P48065	A356H	0.9852	pathogenic
P48065	A356I	0.6834	pathogenic
P48065	A356K	0.9826	pathogenic
P48065	A356L	0.6792	pathogenic
P48065	A356M	0.7158	pathogenic
P48065	A356N	0.9744	pathogenic
P48065	A356P	0.9733	pathogenic
P48065	A356Q	0.9359	pathogenic
P48065	A356R	0.9481	pathogenic
P48065	A356S	0.3899	ambiguous
P48065	A356T	0.3461	ambiguous
P48065	A356V	0.3468	ambiguous
P48065	A356W	0.9898	pathogenic
P48065	A356Y	0.9752	pathogenic
P48065	E357A	0.2404	benign
P48065	E357C	0.9839	pathogenic
P48065	E357D	0.378	ambiguous
P48065	E357F	0.9637	pathogenic
P48065	E357G	0.4114	ambiguous
P48065	E357H	0.8204	pathogenic
P48065	E357I	0.7563	pathogenic
P48065	E357K	0.3824	ambiguous
P48065	E357L	0.7608	pathogenic
P48065	E357M	0.7795	pathogenic
P48065	E357N	0.6089	pathogenic
P48065	E357P	0.9462	pathogenic
P48065	E357Q	0.2444	benign
P48065	E357R	0.5326	ambiguous
P48065	E357S	0.3342	benign
P48065	E357T	0.4917	ambiguous
P48065	E357V	0.4884	ambiguous
P48065	E357W	0.9918	pathogenic
P48065	E357Y	0.9295	pathogenic
P48065	S358A	0.1793	benign
P48065	S358C	0.6743	pathogenic
P48065	S358D	0.8294	pathogenic
P48065	S358E	0.8359	pathogenic
P48065	S358F	0.8587	pathogenic
P48065	S358G	0.2605	benign
P48065	S358H	0.8425	pathogenic
P48065	S358I	0.8443	pathogenic
P48065	S358K	0.9373	pathogenic
P48065	S358L	0.5665	pathogenic
P48065	S358M	0.6327	pathogenic
P48065	S358N	0.5888	pathogenic
P48065	S358P	0.8593	pathogenic
P48065	S358Q	0.8095	pathogenic
P48065	S358R	0.9397	pathogenic
P48065	S358T	0.2908	benign
P48065	S358V	0.7406	pathogenic
P48065	S358W	0.8861	pathogenic
P48065	S358Y	0.7768	pathogenic
P48065	G359A	0.9494	pathogenic
P48065	G359C	0.9894	pathogenic
P48065	G359D	0.9897	pathogenic
P48065	G359E	0.9916	pathogenic
P48065	G359F	0.9942	pathogenic
P48065	G359H	0.9981	pathogenic
P48065	G359I	0.9891	pathogenic
P48065	G359K	0.9964	pathogenic
P48065	G359L	0.9918	pathogenic
P48065	G359M	0.9964	pathogenic
P48065	G359N	0.9947	pathogenic
P48065	G359P	0.9937	pathogenic
P48065	G359Q	0.9958	pathogenic
P48065	G359R	0.9915	pathogenic
P48065	G359S	0.8954	pathogenic
P48065	G359T	0.9737	pathogenic
P48065	G359V	0.9776	pathogenic
P48065	G359W	0.9926	pathogenic
P48065	G359Y	0.9948	pathogenic
P48065	P360A	0.5669	pathogenic
P48065	P360C	0.9836	pathogenic
P48065	P360D	0.9945	pathogenic
P48065	P360E	0.9819	pathogenic
P48065	P360F	0.9846	pathogenic
P48065	P360G	0.9602	pathogenic
P48065	P360H	0.9679	pathogenic
P48065	P360I	0.932	pathogenic
P48065	P360K	0.9869	pathogenic
P48065	P360L	0.8236	pathogenic
P48065	P360M	0.9473	pathogenic
P48065	P360N	0.9893	pathogenic
P48065	P360Q	0.9608	pathogenic
P48065	P360R	0.9604	pathogenic
P48065	P360S	0.892	pathogenic
P48065	P360T	0.7902	pathogenic
P48065	P360V	0.8628	pathogenic
P48065	P360W	0.9915	pathogenic
P48065	P360Y	0.9866	pathogenic
P48065	G361A	0.7417	pathogenic
P48065	G361C	0.9627	pathogenic
P48065	G361D	0.9894	pathogenic
P48065	G361E	0.9847	pathogenic
P48065	G361F	0.9902	pathogenic
P48065	G361H	0.9931	pathogenic
P48065	G361I	0.9795	pathogenic
P48065	G361K	0.995	pathogenic
P48065	G361L	0.9777	pathogenic
P48065	G361M	0.9844	pathogenic
P48065	G361N	0.9858	pathogenic
P48065	G361P	0.9966	pathogenic
P48065	G361Q	0.9817	pathogenic
P48065	G361R	0.9839	pathogenic
P48065	G361S	0.6724	pathogenic
P48065	G361T	0.9244	pathogenic
P48065	G361V	0.9524	pathogenic
P48065	G361W	0.9892	pathogenic
P48065	G361Y	0.9889	pathogenic
P48065	L362A	0.9886	pathogenic
P48065	L362C	0.9984	pathogenic
P48065	L362D	0.9996	pathogenic
P48065	L362E	0.9979	pathogenic
P48065	L362F	0.9698	pathogenic
P48065	L362G	0.9965	pathogenic
P48065	L362H	0.9975	pathogenic
P48065	L362I	0.8179	pathogenic
P48065	L362K	0.9938	pathogenic
P48065	L362M	0.8471	pathogenic
P48065	L362N	0.9975	pathogenic
P48065	L362P	0.9962	pathogenic
P48065	L362Q	0.9959	pathogenic
P48065	L362R	0.9889	pathogenic
P48065	L362S	0.998	pathogenic
P48065	L362T	0.9912	pathogenic
P48065	L362V	0.8928	pathogenic
P48065	L362W	0.991	pathogenic
P48065	L362Y	0.9954	pathogenic
P48065	A363C	0.877	pathogenic
P48065	A363D	0.9962	pathogenic
P48065	A363E	0.9926	pathogenic
P48065	A363F	0.9266	pathogenic
P48065	A363G	0.6953	pathogenic
P48065	A363H	0.9946	pathogenic
P48065	A363I	0.6617	pathogenic
P48065	A363K	0.997	pathogenic
P48065	A363L	0.572	pathogenic
P48065	A363M	0.7954	pathogenic
P48065	A363N	0.9827	pathogenic
P48065	A363P	0.8787	pathogenic
P48065	A363Q	0.9775	pathogenic
P48065	A363R	0.9856	pathogenic
P48065	A363S	0.4968	ambiguous
P48065	A363T	0.5407	ambiguous
P48065	A363V	0.3741	ambiguous
P48065	A363W	0.9939	pathogenic
P48065	A363Y	0.9832	pathogenic
P48065	F364A	0.9976	pathogenic
P48065	F364C	0.9952	pathogenic
P48065	F364D	0.9997	pathogenic
P48065	F364E	0.9998	pathogenic
P48065	F364G	0.9981	pathogenic
P48065	F364H	0.9983	pathogenic
P48065	F364I	0.9939	pathogenic
P48065	F364K	0.9997	pathogenic
P48065	F364L	0.9981	pathogenic
P48065	F364M	0.9915	pathogenic
P48065	F364N	0.9988	pathogenic
P48065	F364P	0.9999	pathogenic
P48065	F364Q	0.9995	pathogenic
P48065	F364R	0.9989	pathogenic
P48065	F364S	0.9978	pathogenic
P48065	F364T	0.9989	pathogenic
P48065	F364V	0.9885	pathogenic
P48065	F364W	0.9784	pathogenic
P48065	F364Y	0.9274	pathogenic
P48065	I365A	0.904	pathogenic
P48065	I365C	0.9859	pathogenic
P48065	I365D	0.9967	pathogenic
P48065	I365E	0.9829	pathogenic
P48065	I365F	0.7584	pathogenic
P48065	I365G	0.9909	pathogenic
P48065	I365H	0.9789	pathogenic
P48065	I365K	0.9518	pathogenic
P48065	I365L	0.3021	benign
P48065	I365M	0.3458	ambiguous
P48065	I365N	0.9688	pathogenic
P48065	I365P	0.9935	pathogenic
P48065	I365Q	0.9505	pathogenic
P48065	I365R	0.9091	pathogenic
P48065	I365S	0.9156	pathogenic
P48065	I365T	0.7932	pathogenic
P48065	I365V	0.2024	benign
P48065	I365W	0.9785	pathogenic
P48065	I365Y	0.9557	pathogenic
P48065	A366C	0.8688	pathogenic
P48065	A366D	0.9947	pathogenic
P48065	A366E	0.9873	pathogenic
P48065	A366F	0.9181	pathogenic
P48065	A366G	0.7665	pathogenic
P48065	A366H	0.9885	pathogenic
P48065	A366I	0.5148	ambiguous
P48065	A366K	0.9955	pathogenic
P48065	A366L	0.5959	pathogenic
P48065	A366M	0.7442	pathogenic
P48065	A366N	0.9702	pathogenic
P48065	A366P	0.9756	pathogenic
P48065	A366Q	0.9667	pathogenic
P48065	A366R	0.9818	pathogenic
P48065	A366S	0.3426	ambiguous
P48065	A366T	0.2905	benign
P48065	A366V	0.24	benign
P48065	A366W	0.9951	pathogenic
P48065	A366Y	0.9772	pathogenic
P48065	F367A	0.9916	pathogenic
P48065	F367C	0.9903	pathogenic
P48065	F367D	0.9991	pathogenic
P48065	F367E	0.9992	pathogenic
P48065	F367G	0.9957	pathogenic
P48065	F367H	0.9957	pathogenic
P48065	F367I	0.9134	pathogenic
P48065	F367K	0.9993	pathogenic
P48065	F367L	0.9894	pathogenic
P48065	F367M	0.9562	pathogenic
P48065	F367N	0.9944	pathogenic
P48065	F367P	0.9995	pathogenic
P48065	F367Q	0.9986	pathogenic
P48065	F367R	0.9986	pathogenic
P48065	F367S	0.9888	pathogenic
P48065	F367T	0.992	pathogenic
P48065	F367V	0.9136	pathogenic
P48065	F367W	0.9408	pathogenic
P48065	F367Y	0.379	ambiguous
P48065	P368A	0.8777	pathogenic
P48065	P368C	0.991	pathogenic
P48065	P368D	0.9989	pathogenic
P48065	P368E	0.9968	pathogenic
P48065	P368F	0.9994	pathogenic
P48065	P368G	0.9784	pathogenic
P48065	P368H	0.9951	pathogenic
P48065	P368I	0.9942	pathogenic
P48065	P368K	0.9975	pathogenic
P48065	P368L	0.9617	pathogenic
P48065	P368M	0.995	pathogenic
P48065	P368N	0.9973	pathogenic
P48065	P368Q	0.9861	pathogenic
P48065	P368R	0.9889	pathogenic
P48065	P368S	0.9509	pathogenic
P48065	P368T	0.8645	pathogenic
P48065	P368V	0.9771	pathogenic
P48065	P368W	0.9997	pathogenic
P48065	P368Y	0.9994	pathogenic
P48065	K369A	0.5791	pathogenic
P48065	K369C	0.9359	pathogenic
P48065	K369D	0.915	pathogenic
P48065	K369E	0.4072	ambiguous
P48065	K369F	0.9614	pathogenic
P48065	K369G	0.7451	pathogenic
P48065	K369H	0.5691	pathogenic
P48065	K369I	0.8131	pathogenic
P48065	K369L	0.6936	pathogenic
P48065	K369M	0.5384	ambiguous
P48065	K369N	0.8395	pathogenic
P48065	K369P	0.9714	pathogenic
P48065	K369Q	0.2088	benign
P48065	K369R	0.0844	benign
P48065	K369S	0.6907	pathogenic
P48065	K369T	0.3666	ambiguous
P48065	K369V	0.6606	pathogenic
P48065	K369W	0.9403	pathogenic
P48065	K369Y	0.866	pathogenic
P48065	A370C	0.9691	pathogenic
P48065	A370D	0.9967	pathogenic
P48065	A370E	0.9889	pathogenic
P48065	A370F	0.954	pathogenic
P48065	A370G	0.5384	ambiguous
P48065	A370H	0.9957	pathogenic
P48065	A370I	0.8301	pathogenic
P48065	A370K	0.9975	pathogenic
P48065	A370L	0.792	pathogenic
P48065	A370M	0.8271	pathogenic
P48065	A370N	0.9874	pathogenic
P48065	A370P	0.9902	pathogenic
P48065	A370Q	0.9807	pathogenic
P48065	A370R	0.9915	pathogenic
P48065	A370S	0.5136	ambiguous
P48065	A370T	0.7473	pathogenic
P48065	A370V	0.5792	pathogenic
P48065	A370W	0.9963	pathogenic
P48065	A370Y	0.9859	pathogenic
P48065	V371A	0.5758	pathogenic
P48065	V371C	0.9536	pathogenic
P48065	V371D	0.9912	pathogenic
P48065	V371E	0.9762	pathogenic
P48065	V371F	0.7525	pathogenic
P48065	V371G	0.8223	pathogenic
P48065	V371H	0.9945	pathogenic
P48065	V371I	0.1186	benign
P48065	V371K	0.9873	pathogenic
P48065	V371L	0.5085	ambiguous
P48065	V371M	0.3973	ambiguous
P48065	V371N	0.9588	pathogenic
P48065	V371P	0.9937	pathogenic
P48065	V371Q	0.9629	pathogenic
P48065	V371R	0.9792	pathogenic
P48065	V371S	0.8076	pathogenic
P48065	V371T	0.5961	pathogenic
P48065	V371W	0.9968	pathogenic
P48065	V371Y	0.9875	pathogenic
P48065	T372A	0.0891	benign
P48065	T372C	0.6189	pathogenic
P48065	T372D	0.731	pathogenic
P48065	T372E	0.5873	pathogenic
P48065	T372F	0.6572	pathogenic
P48065	T372G	0.2525	benign
P48065	T372H	0.5901	pathogenic
P48065	T372I	0.4226	ambiguous
P48065	T372K	0.5474	ambiguous
P48065	T372L	0.2054	benign
P48065	T372M	0.1591	benign
P48065	T372N	0.2425	benign
P48065	T372P	0.7169	pathogenic
P48065	T372Q	0.4364	ambiguous
P48065	T372R	0.4447	ambiguous
P48065	T372S	0.1127	benign
P48065	T372V	0.2631	benign
P48065	T372W	0.9154	pathogenic
P48065	T372Y	0.6991	pathogenic
P48065	M373A	0.4282	ambiguous
P48065	M373C	0.9087	pathogenic
P48065	M373D	0.9246	pathogenic
P48065	M373E	0.5411	ambiguous
P48065	M373F	0.6636	pathogenic
P48065	M373G	0.7457	pathogenic
P48065	M373H	0.7242	pathogenic
P48065	M373I	0.7097	pathogenic
P48065	M373K	0.2433	benign
P48065	M373L	0.1168	benign
P48065	M373N	0.7812	pathogenic
P48065	M373P	0.981	pathogenic
P48065	M373Q	0.2539	benign
P48065	M373R	0.2818	benign
P48065	M373S	0.5343	ambiguous
P48065	M373T	0.3251	benign
P48065	M373V	0.1533	benign
P48065	M373W	0.8801	pathogenic
P48065	M373Y	0.8064	pathogenic
P48065	M374A	0.9666	pathogenic
P48065	M374C	0.9892	pathogenic
P48065	M374D	0.9986	pathogenic
P48065	M374E	0.9921	pathogenic
P48065	M374F	0.7569	pathogenic
P48065	M374G	0.9846	pathogenic
P48065	M374H	0.9888	pathogenic
P48065	M374I	0.9198	pathogenic
P48065	M374K	0.9684	pathogenic
P48065	M374L	0.1519	benign
P48065	M374N	0.9878	pathogenic
P48065	M374P	0.9936	pathogenic
P48065	M374Q	0.9431	pathogenic
P48065	M374R	0.9769	pathogenic
P48065	M374S	0.9768	pathogenic
P48065	M374T	0.9775	pathogenic
P48065	M374V	0.7442	pathogenic
P48065	M374W	0.9811	pathogenic
P48065	M374Y	0.9736	pathogenic
P48065	P375A	0.6752	pathogenic
P48065	P375C	0.9864	pathogenic
P48065	P375D	0.8929	pathogenic
P48065	P375E	0.8572	pathogenic
P48065	P375F	0.9618	pathogenic
P48065	P375G	0.8175	pathogenic
P48065	P375H	0.7856	pathogenic
P48065	P375I	0.944	pathogenic
P48065	P375K	0.883	pathogenic
P48065	P375L	0.8161	pathogenic
P48065	P375M	0.9456	pathogenic
P48065	P375N	0.8956	pathogenic
P48065	P375Q	0.8025	pathogenic
P48065	P375R	0.7678	pathogenic
P48065	P375S	0.6945	pathogenic
P48065	P375T	0.696	pathogenic
P48065	P375V	0.8725	pathogenic
P48065	P375W	0.9562	pathogenic
P48065	P375Y	0.9245	pathogenic
P48065	L376A	0.1709	benign
P48065	L376C	0.414	ambiguous
P48065	L376D	0.7729	pathogenic
P48065	L376E	0.5712	pathogenic
P48065	L376F	0.0653	benign
P48065	L376G	0.3188	benign
P48065	L376H	0.3761	ambiguous
P48065	L376I	0.0964	benign
P48065	L376K	0.4908	ambiguous
P48065	L376M	0.112	benign
P48065	L376N	0.4865	ambiguous
P48065	L376P	0.395	ambiguous
P48065	L376Q	0.326	benign
P48065	L376R	0.3577	ambiguous
P48065	L376S	0.25	benign
P48065	L376T	0.3164	benign
P48065	L376V	0.0773	benign
P48065	L376W	0.1549	benign
P48065	L376Y	0.2437	benign
P48065	S377A	0.1199	benign
P48065	S377C	0.3697	ambiguous
P48065	S377D	0.8493	pathogenic
P48065	S377E	0.8435	pathogenic
P48065	S377F	0.8157	pathogenic
P48065	S377G	0.1761	benign
P48065	S377H	0.6656	pathogenic
P48065	S377I	0.8424	pathogenic
P48065	S377K	0.9137	pathogenic
P48065	S377L	0.574	pathogenic
P48065	S377M	0.755	pathogenic
P48065	S377N	0.5618	ambiguous
P48065	S377P	0.074	benign
P48065	S377Q	0.7208	pathogenic
P48065	S377R	0.8443	pathogenic
P48065	S377T	0.3305	benign
P48065	S377V	0.718	pathogenic
P48065	S377W	0.8003	pathogenic
P48065	S377Y	0.6889	pathogenic
P48065	Q378A	0.2362	benign
P48065	Q378C	0.8681	pathogenic
P48065	Q378D	0.8316	pathogenic
P48065	Q378E	0.2095	benign
P48065	Q378F	0.8873	pathogenic
P48065	Q378G	0.4352	ambiguous
P48065	Q378H	0.3792	ambiguous
P48065	Q378I	0.6472	pathogenic
P48065	Q378K	0.4345	ambiguous
P48065	Q378L	0.5217	ambiguous
P48065	Q378M	0.6103	pathogenic
P48065	Q378N	0.4412	ambiguous
P48065	Q378P	0.0565	benign
P48065	Q378R	0.3642	ambiguous
P48065	Q378S	0.1763	benign
P48065	Q378T	0.2643	benign
P48065	Q378V	0.4124	ambiguous
P48065	Q378W	0.8167	pathogenic
P48065	Q378Y	0.7699	pathogenic
P48065	L379A	0.3269	benign
P48065	L379C	0.6025	pathogenic
P48065	L379D	0.985	pathogenic
P48065	L379E	0.9434	pathogenic
P48065	L379F	0.1046	benign
P48065	L379G	0.6188	pathogenic
P48065	L379H	0.8681	pathogenic
P48065	L379I	0.1016	benign
P48065	L379K	0.9251	pathogenic
P48065	L379M	0.1598	benign
P48065	L379N	0.9367	pathogenic
P48065	L379P	0.6331	pathogenic
P48065	L379Q	0.8058	pathogenic
P48065	L379R	0.8624	pathogenic
P48065	L379S	0.6961	pathogenic
P48065	L379T	0.4974	ambiguous
P48065	L379V	0.1027	benign
P48065	L379W	0.4695	ambiguous
P48065	L379Y	0.6535	pathogenic
P48065	W380A	0.9474	pathogenic
P48065	W380C	0.9699	pathogenic
P48065	W380D	0.9983	pathogenic
P48065	W380E	0.998	pathogenic
P48065	W380F	0.5496	ambiguous
P48065	W380G	0.9072	pathogenic
P48065	W380H	0.9897	pathogenic
P48065	W380I	0.9742	pathogenic
P48065	W380K	0.9994	pathogenic
P48065	W380L	0.8844	pathogenic
P48065	W380M	0.9804	pathogenic
P48065	W380N	0.9953	pathogenic
P48065	W380P	0.9854	pathogenic
P48065	W380Q	0.9972	pathogenic
P48065	W380R	0.9978	pathogenic
P48065	W380S	0.9085	pathogenic
P48065	W380T	0.9647	pathogenic
P48065	W380V	0.951	pathogenic
P48065	W380Y	0.9101	pathogenic
P48065	S381A	0.0854	benign
P48065	S381C	0.3556	ambiguous
P48065	S381D	0.9908	pathogenic
P48065	S381E	0.9919	pathogenic
P48065	S381F	0.9766	pathogenic
P48065	S381G	0.2495	benign
P48065	S381H	0.9856	pathogenic
P48065	S381I	0.9342	pathogenic
P48065	S381K	0.9989	pathogenic
P48065	S381L	0.7869	pathogenic
P48065	S381M	0.8864	pathogenic
P48065	S381N	0.9207	pathogenic
P48065	S381P	0.9733	pathogenic
P48065	S381Q	0.9817	pathogenic
P48065	S381R	0.9969	pathogenic
P48065	S381T	0.4436	ambiguous
P48065	S381V	0.8134	pathogenic
P48065	S381W	0.9928	pathogenic
P48065	S381Y	0.976	pathogenic
P48065	C382A	0.2715	benign
P48065	C382D	0.9831	pathogenic
P48065	C382E	0.9913	pathogenic
P48065	C382F	0.1604	benign
P48065	C382G	0.1961	benign
P48065	C382H	0.9566	pathogenic
P48065	C382I	0.2567	benign
P48065	C382K	0.9951	pathogenic
P48065	C382L	0.3258	benign
P48065	C382M	0.4817	ambiguous
P48065	C382N	0.8941	pathogenic
P48065	C382P	0.9626	pathogenic
P48065	C382Q	0.9694	pathogenic
P48065	C382R	0.9716	pathogenic
P48065	C382S	0.2399	benign
P48065	C382T	0.328	benign
P48065	C382V	0.1971	benign
P48065	C382W	0.7955	pathogenic
P48065	C382Y	0.7142	pathogenic
P48065	L383A	0.3843	ambiguous
P48065	L383C	0.2915	benign
P48065	L383D	0.9896	pathogenic
P48065	L383E	0.9697	pathogenic
P48065	L383F	0.183	benign
P48065	L383G	0.6348	pathogenic
P48065	L383H	0.9081	pathogenic
P48065	L383I	0.302	benign
P48065	L383K	0.982	pathogenic
P48065	L383M	0.1706	benign
P48065	L383N	0.8977	pathogenic
P48065	L383P	0.9437	pathogenic
P48065	L383Q	0.8383	pathogenic
P48065	L383R	0.9482	pathogenic
P48065	L383S	0.548	ambiguous
P48065	L383T	0.5361	ambiguous
P48065	L383V	0.2591	benign
P48065	L383W	0.7832	pathogenic
P48065	L383Y	0.8527	pathogenic
P48065	F384A	0.9879	pathogenic
P48065	F384C	0.9744	pathogenic
P48065	F384D	0.9986	pathogenic
P48065	F384E	0.9988	pathogenic
P48065	F384G	0.9896	pathogenic
P48065	F384H	0.9927	pathogenic
P48065	F384I	0.9651	pathogenic
P48065	F384K	0.9986	pathogenic
P48065	F384L	0.9916	pathogenic
P48065	F384M	0.9816	pathogenic
P48065	F384N	0.994	pathogenic
P48065	F384P	0.9992	pathogenic
P48065	F384Q	0.9967	pathogenic
P48065	F384R	0.9945	pathogenic
P48065	F384S	0.9866	pathogenic
P48065	F384T	0.9883	pathogenic
P48065	F384V	0.9548	pathogenic
P48065	F384W	0.9668	pathogenic
P48065	F384Y	0.8471	pathogenic
P48065	F385A	0.9896	pathogenic
P48065	F385C	0.9681	pathogenic
P48065	F385D	0.9978	pathogenic
P48065	F385E	0.9988	pathogenic
P48065	F385G	0.9883	pathogenic
P48065	F385H	0.9819	pathogenic
P48065	F385I	0.9885	pathogenic
P48065	F385K	0.9989	pathogenic
P48065	F385L	0.9956	pathogenic
P48065	F385M	0.9825	pathogenic
P48065	F385N	0.9884	pathogenic
P48065	F385P	0.9994	pathogenic
P48065	F385Q	0.996	pathogenic
P48065	F385R	0.9953	pathogenic
P48065	F385S	0.9739	pathogenic
P48065	F385T	0.9915	pathogenic
P48065	F385V	0.9787	pathogenic
P48065	F385W	0.9498	pathogenic
P48065	F385Y	0.7654	pathogenic
P48065	I386A	0.2183	benign
P48065	I386C	0.4201	ambiguous
P48065	I386D	0.9564	pathogenic
P48065	I386E	0.9455	pathogenic
P48065	I386F	0.117	benign
P48065	I386G	0.4357	ambiguous
P48065	I386H	0.9002	pathogenic
P48065	I386K	0.9548	pathogenic
P48065	I386L	0.0637	benign
P48065	I386M	0.0865	benign
P48065	I386N	0.6452	pathogenic
P48065	I386P	0.926	pathogenic
P48065	I386Q	0.8663	pathogenic
P48065	I386R	0.9209	pathogenic
P48065	I386S	0.2639	benign
P48065	I386T	0.1785	benign
P48065	I386V	0.0694	benign
P48065	I386W	0.8349	pathogenic
P48065	I386Y	0.766	pathogenic
P48065	M387A	0.9439	pathogenic
P48065	M387C	0.888	pathogenic
P48065	M387D	0.9962	pathogenic
P48065	M387E	0.989	pathogenic
P48065	M387F	0.8717	pathogenic
P48065	M387G	0.9647	pathogenic
P48065	M387H	0.9875	pathogenic
P48065	M387I	0.9927	pathogenic
P48065	M387K	0.9887	pathogenic
P48065	M387L	0.6067	pathogenic
P48065	M387N	0.9543	pathogenic
P48065	M387P	0.9951	pathogenic
P48065	M387Q	0.9099	pathogenic
P48065	M387R	0.9868	pathogenic
P48065	M387S	0.8128	pathogenic
P48065	M387T	0.8017	pathogenic
P48065	M387V	0.8574	pathogenic
P48065	M387W	0.9935	pathogenic
P48065	M387Y	0.9906	pathogenic
P48065	L388A	0.9182	pathogenic
P48065	L388C	0.9239	pathogenic
P48065	L388D	0.9983	pathogenic
P48065	L388E	0.9924	pathogenic
P48065	L388F	0.768	pathogenic
P48065	L388G	0.9772	pathogenic
P48065	L388H	0.9905	pathogenic
P48065	L388I	0.1542	benign
P48065	L388K	0.9924	pathogenic
P48065	L388M	0.3303	benign
P48065	L388N	0.9774	pathogenic
P48065	L388P	0.9866	pathogenic
P48065	L388Q	0.9793	pathogenic
P48065	L388R	0.9888	pathogenic
P48065	L388S	0.9793	pathogenic
P48065	L388T	0.9038	pathogenic
P48065	L388V	0.2115	benign
P48065	L388W	0.9721	pathogenic
P48065	L388Y	0.9771	pathogenic
P48065	I389A	0.7083	pathogenic
P48065	I389C	0.7772	pathogenic
P48065	I389D	0.9875	pathogenic
P48065	I389E	0.9862	pathogenic
P48065	I389F	0.3293	benign
P48065	I389G	0.8833	pathogenic
P48065	I389H	0.9685	pathogenic
P48065	I389K	0.984	pathogenic
P48065	I389L	0.0838	benign
P48065	I389M	0.2097	benign
P48065	I389N	0.8434	pathogenic
P48065	I389P	0.9718	pathogenic
P48065	I389Q	0.9668	pathogenic
P48065	I389R	0.9697	pathogenic
P48065	I389S	0.7442	pathogenic
P48065	I389T	0.6413	pathogenic
P48065	I389V	0.098	benign
P48065	I389W	0.96	pathogenic
P48065	I389Y	0.8703	pathogenic
P48065	F390A	0.5053	ambiguous
P48065	F390C	0.1633	benign
P48065	F390D	0.9723	pathogenic
P48065	F390E	0.9845	pathogenic
P48065	F390G	0.7014	pathogenic
P48065	F390H	0.9348	pathogenic
P48065	F390I	0.4151	ambiguous
P48065	F390K	0.992	pathogenic
P48065	F390L	0.4914	ambiguous
P48065	F390M	0.3515	ambiguous
P48065	F390N	0.8263	pathogenic
P48065	F390P	0.9846	pathogenic
P48065	F390Q	0.9532	pathogenic
P48065	F390R	0.9791	pathogenic
P48065	F390S	0.4457	ambiguous
P48065	F390T	0.4411	ambiguous
P48065	F390V	0.317	benign
P48065	F390W	0.8135	pathogenic
P48065	F390Y	0.5997	pathogenic
P48065	L391A	0.9474	pathogenic
P48065	L391C	0.9649	pathogenic
P48065	L391D	0.9994	pathogenic
P48065	L391E	0.9963	pathogenic
P48065	L391F	0.9672	pathogenic
P48065	L391G	0.9894	pathogenic
P48065	L391H	0.9951	pathogenic
P48065	L391I	0.5922	pathogenic
P48065	L391K	0.9951	pathogenic
P48065	L391M	0.6739	pathogenic
P48065	L391N	0.995	pathogenic
P48065	L391P	0.9935	pathogenic
P48065	L391Q	0.9862	pathogenic
P48065	L391R	0.9867	pathogenic
P48065	L391S	0.985	pathogenic
P48065	L391T	0.9369	pathogenic
P48065	L391V	0.6078	pathogenic
P48065	L391W	0.9887	pathogenic
P48065	L391Y	0.9964	pathogenic
P48065	G392A	0.7347	pathogenic
P48065	G392C	0.9318	pathogenic
P48065	G392D	0.9908	pathogenic
P48065	G392E	0.9917	pathogenic
P48065	G392F	0.9894	pathogenic
P48065	G392H	0.9973	pathogenic
P48065	G392I	0.9705	pathogenic
P48065	G392K	0.9976	pathogenic
P48065	G392L	0.9725	pathogenic
P48065	G392M	0.9861	pathogenic
P48065	G392N	0.9919	pathogenic
P48065	G392P	0.9974	pathogenic
P48065	G392Q	0.992	pathogenic
P48065	G392R	0.9938	pathogenic
P48065	G392S	0.8416	pathogenic
P48065	G392T	0.9411	pathogenic
P48065	G392V	0.9449	pathogenic
P48065	G392W	0.9925	pathogenic
P48065	G392Y	0.9928	pathogenic
P48065	L393A	0.7692	pathogenic
P48065	L393C	0.8979	pathogenic
P48065	L393D	0.9969	pathogenic
P48065	L393E	0.9792	pathogenic
P48065	L393F	0.598	pathogenic
P48065	L393G	0.9517	pathogenic
P48065	L393H	0.9787	pathogenic
P48065	L393I	0.2226	benign
P48065	L393K	0.9787	pathogenic
P48065	L393M	0.2415	benign
P48065	L393N	0.9755	pathogenic
P48065	L393P	0.9902	pathogenic
P48065	L393Q	0.9335	pathogenic
P48065	L393R	0.9636	pathogenic
P48065	L393S	0.9243	pathogenic
P48065	L393T	0.75	pathogenic
P48065	L393V	0.2476	benign
P48065	L393W	0.8941	pathogenic
P48065	L393Y	0.9567	pathogenic
P48065	D394A	0.9287	pathogenic
P48065	D394C	0.9933	pathogenic
P48065	D394E	0.9858	pathogenic
P48065	D394F	0.9982	pathogenic
P48065	D394G	0.901	pathogenic
P48065	D394H	0.9892	pathogenic
P48065	D394I	0.9939	pathogenic
P48065	D394K	0.9953	pathogenic
P48065	D394L	0.9854	pathogenic
P48065	D394M	0.9986	pathogenic
P48065	D394N	0.9189	pathogenic
P48065	D394P	0.9856	pathogenic
P48065	D394Q	0.9937	pathogenic
P48065	D394R	0.9931	pathogenic
P48065	D394S	0.8037	pathogenic
P48065	D394T	0.9764	pathogenic
P48065	D394V	0.9765	pathogenic
P48065	D394W	0.9995	pathogenic
P48065	D394Y	0.9806	pathogenic
P48065	S395A	0.8168	pathogenic
P48065	S395C	0.9151	pathogenic
P48065	S395D	0.9809	pathogenic
P48065	S395E	0.987	pathogenic
P48065	S395F	0.9863	pathogenic
P48065	S395G	0.7307	pathogenic
P48065	S395H	0.9756	pathogenic
P48065	S395I	0.9803	pathogenic
P48065	S395K	0.9947	pathogenic
P48065	S395L	0.958	pathogenic
P48065	S395M	0.9437	pathogenic
P48065	S395N	0.96	pathogenic
P48065	S395P	0.9847	pathogenic
P48065	S395Q	0.9806	pathogenic
P48065	S395R	0.9937	pathogenic
P48065	S395T	0.2635	benign
P48065	S395V	0.9696	pathogenic
P48065	S395W	0.9828	pathogenic
P48065	S395Y	0.9787	pathogenic
P48065	Q396A	0.6286	pathogenic
P48065	Q396C	0.9424	pathogenic
P48065	Q396D	0.9807	pathogenic
P48065	Q396E	0.1627	benign
P48065	Q396F	0.9785	pathogenic
P48065	Q396G	0.8294	pathogenic
P48065	Q396H	0.9373	pathogenic
P48065	Q396I	0.8509	pathogenic
P48065	Q396K	0.8715	pathogenic
P48065	Q396L	0.6888	pathogenic
P48065	Q396M	0.5784	pathogenic
P48065	Q396N	0.8201	pathogenic
P48065	Q396P	0.9736	pathogenic
P48065	Q396R	0.9056	pathogenic
P48065	Q396S	0.6198	pathogenic
P48065	Q396T	0.6499	pathogenic
P48065	Q396V	0.746	pathogenic
P48065	Q396W	0.994	pathogenic
P48065	Q396Y	0.9812	pathogenic
P48065	F397A	0.9679	pathogenic
P48065	F397C	0.9796	pathogenic
P48065	F397D	0.9953	pathogenic
P48065	F397E	0.996	pathogenic
P48065	F397G	0.9836	pathogenic
P48065	F397H	0.9921	pathogenic
P48065	F397I	0.9335	pathogenic
P48065	F397K	0.9974	pathogenic
P48065	F397L	0.9948	pathogenic
P48065	F397M	0.9494	pathogenic
P48065	F397N	0.9864	pathogenic
P48065	F397P	0.9997	pathogenic
P48065	F397Q	0.9947	pathogenic
P48065	F397R	0.9923	pathogenic
P48065	F397S	0.9804	pathogenic
P48065	F397T	0.9784	pathogenic
P48065	F397V	0.9141	pathogenic
P48065	F397W	0.9632	pathogenic
P48065	F397Y	0.8119	pathogenic
P48065	V398A	0.7558	pathogenic
P48065	V398C	0.9285	pathogenic
P48065	V398D	0.9868	pathogenic
P48065	V398E	0.9813	pathogenic
P48065	V398F	0.8822	pathogenic
P48065	V398G	0.7386	pathogenic
P48065	V398H	0.9922	pathogenic
P48065	V398I	0.2544	benign
P48065	V398K	0.9877	pathogenic
P48065	V398L	0.851	pathogenic
P48065	V398M	0.8713	pathogenic
P48065	V398N	0.9584	pathogenic
P48065	V398P	0.9623	pathogenic
P48065	V398Q	0.9675	pathogenic
P48065	V398R	0.9604	pathogenic
P48065	V398S	0.8206	pathogenic
P48065	V398T	0.7617	pathogenic
P48065	V398W	0.9974	pathogenic
P48065	V398Y	0.9864	pathogenic
P48065	C399A	0.5004	ambiguous
P48065	C399D	0.9343	pathogenic
P48065	C399E	0.9711	pathogenic
P48065	C399F	0.7434	pathogenic
P48065	C399G	0.2431	benign
P48065	C399H	0.9443	pathogenic
P48065	C399I	0.887	pathogenic
P48065	C399K	0.9902	pathogenic
P48065	C399L	0.7229	pathogenic
P48065	C399M	0.7971	pathogenic
P48065	C399N	0.7167	pathogenic
P48065	C399P	0.9833	pathogenic
P48065	C399Q	0.9447	pathogenic
P48065	C399R	0.953	pathogenic
P48065	C399S	0.4569	ambiguous
P48065	C399T	0.5959	pathogenic
P48065	C399V	0.7341	pathogenic
P48065	C399W	0.9672	pathogenic
P48065	C399Y	0.8991	pathogenic
P48065	V400A	0.4646	ambiguous
P48065	V400C	0.8932	pathogenic
P48065	V400D	0.9442	pathogenic
P48065	V400E	0.8409	pathogenic
P48065	V400F	0.4943	ambiguous
P48065	V400G	0.6296	pathogenic
P48065	V400H	0.9581	pathogenic
P48065	V400I	0.1066	benign
P48065	V400K	0.9143	pathogenic
P48065	V400L	0.3219	benign
P48065	V400M	0.1529	benign
P48065	V400N	0.8328	pathogenic
P48065	V400P	0.9822	pathogenic
P48065	V400Q	0.7855	pathogenic
P48065	V400R	0.8811	pathogenic
P48065	V400S	0.6272	pathogenic
P48065	V400T	0.327	benign
P48065	V400W	0.9658	pathogenic
P48065	V400Y	0.9402	pathogenic
P48065	E401A	0.9551	pathogenic
P48065	E401C	0.9945	pathogenic
P48065	E401D	0.9578	pathogenic
P48065	E401F	0.9967	pathogenic
P48065	E401G	0.9487	pathogenic
P48065	E401H	0.9912	pathogenic
P48065	E401I	0.9905	pathogenic
P48065	E401K	0.9786	pathogenic
P48065	E401L	0.9895	pathogenic
P48065	E401M	0.9926	pathogenic
P48065	E401N	0.9884	pathogenic
P48065	E401P	0.9973	pathogenic
P48065	E401Q	0.9037	pathogenic
P48065	E401R	0.9731	pathogenic
P48065	E401S	0.9581	pathogenic
P48065	E401T	0.9785	pathogenic
P48065	E401V	0.9776	pathogenic
P48065	E401W	0.9986	pathogenic
P48065	E401Y	0.9937	pathogenic
P48065	C402A	0.4723	ambiguous
P48065	C402D	0.9425	pathogenic
P48065	C402E	0.9849	pathogenic
P48065	C402F	0.8157	pathogenic
P48065	C402G	0.212	benign
P48065	C402H	0.964	pathogenic
P48065	C402I	0.9099	pathogenic
P48065	C402K	0.9945	pathogenic
P48065	C402L	0.8718	pathogenic
P48065	C402M	0.868	pathogenic
P48065	C402N	0.7548	pathogenic
P48065	C402P	0.9855	pathogenic
P48065	C402Q	0.9775	pathogenic
P48065	C402R	0.9783	pathogenic
P48065	C402S	0.2929	benign
P48065	C402T	0.5435	ambiguous
P48065	C402V	0.7448	pathogenic
P48065	C402W	0.9703	pathogenic
P48065	C402Y	0.9003	pathogenic
P48065	L403A	0.526	ambiguous
P48065	L403C	0.747	pathogenic
P48065	L403D	0.9875	pathogenic
P48065	L403E	0.9226	pathogenic
P48065	L403F	0.2417	benign
P48065	L403G	0.8573	pathogenic
P48065	L403H	0.8513	pathogenic
P48065	L403I	0.1519	benign
P48065	L403K	0.9262	pathogenic
P48065	L403M	0.1393	benign
P48065	L403N	0.895	pathogenic
P48065	L403P	0.934	pathogenic
P48065	L403Q	0.6828	pathogenic
P48065	L403R	0.8766	pathogenic
P48065	L403S	0.7408	pathogenic
P48065	L403T	0.5489	ambiguous
P48065	L403V	0.147	benign
P48065	L403W	0.6199	pathogenic
P48065	L403Y	0.8152	pathogenic
P48065	V404A	0.3418	ambiguous
P48065	V404C	0.8803	pathogenic
P48065	V404D	0.9573	pathogenic
P48065	V404E	0.8976	pathogenic
P48065	V404F	0.6079	pathogenic
P48065	V404G	0.5722	pathogenic
P48065	V404H	0.9644	pathogenic
P48065	V404I	0.1573	benign
P48065	V404K	0.9577	pathogenic
P48065	V404L	0.5968	pathogenic
P48065	V404M	0.4975	ambiguous
P48065	V404N	0.8857	pathogenic
P48065	V404P	0.9818	pathogenic
P48065	V404Q	0.8766	pathogenic
P48065	V404R	0.923	pathogenic
P48065	V404S	0.5495	ambiguous
P48065	V404T	0.4653	ambiguous
P48065	V404W	0.986	pathogenic
P48065	V404Y	0.9306	pathogenic
P48065	T405A	0.4991	ambiguous
P48065	T405C	0.9322	pathogenic
P48065	T405D	0.9646	pathogenic
P48065	T405E	0.9577	pathogenic
P48065	T405F	0.9596	pathogenic
P48065	T405G	0.822	pathogenic
P48065	T405H	0.9339	pathogenic
P48065	T405I	0.9222	pathogenic
P48065	T405K	0.96	pathogenic
P48065	T405L	0.7777	pathogenic
P48065	T405M	0.5918	pathogenic
P48065	T405N	0.7812	pathogenic
P48065	T405P	0.8955	pathogenic
P48065	T405Q	0.9201	pathogenic
P48065	T405R	0.9321	pathogenic
P48065	T405S	0.5583	ambiguous
P48065	T405V	0.7654	pathogenic
P48065	T405W	0.9888	pathogenic
P48065	T405Y	0.9745	pathogenic
P48065	A406C	0.7383	pathogenic
P48065	A406D	0.9306	pathogenic
P48065	A406E	0.9317	pathogenic
P48065	A406F	0.8074	pathogenic
P48065	A406G	0.2937	benign
P48065	A406H	0.9381	pathogenic
P48065	A406I	0.7523	pathogenic
P48065	A406K	0.9864	pathogenic
P48065	A406L	0.6766	pathogenic
P48065	A406M	0.6533	pathogenic
P48065	A406N	0.8129	pathogenic
P48065	A406P	0.9331	pathogenic
P48065	A406Q	0.9069	pathogenic
P48065	A406R	0.9667	pathogenic
P48065	A406S	0.1294	benign
P48065	A406T	0.207	benign
P48065	A406V	0.4337	ambiguous
P48065	A406W	0.9725	pathogenic
P48065	A406Y	0.922	pathogenic
P48065	S407A	0.0646	benign
P48065	S407C	0.0659	benign
P48065	S407D	0.9259	pathogenic
P48065	S407E	0.9395	pathogenic
P48065	S407F	0.1354	benign
P48065	S407G	0.1158	benign
P48065	S407H	0.8183	pathogenic
P48065	S407I	0.098	benign
P48065	S407K	0.9824	pathogenic
P48065	S407L	0.0764	benign
P48065	S407M	0.1107	benign
P48065	S407N	0.5367	ambiguous
P48065	S407P	0.7763	pathogenic
P48065	S407Q	0.9062	pathogenic
P48065	S407R	0.9687	pathogenic
P48065	S407T	0.0701	benign
P48065	S407V	0.0901	benign
P48065	S407W	0.4055	ambiguous
P48065	S407Y	0.3612	ambiguous
P48065	I408A	0.1977	benign
P48065	I408C	0.6748	pathogenic
P48065	I408D	0.8145	pathogenic
P48065	I408E	0.5919	pathogenic
P48065	I408F	0.3271	benign
P48065	I408G	0.5793	pathogenic
P48065	I408H	0.7287	pathogenic
P48065	I408K	0.5405	ambiguous
P48065	I408L	0.1291	benign
P48065	I408M	0.0841	benign
P48065	I408N	0.4222	ambiguous
P48065	I408P	0.9206	pathogenic
P48065	I408Q	0.4969	ambiguous
P48065	I408R	0.446	ambiguous
P48065	I408S	0.2263	benign
P48065	I408T	0.0883	benign
P48065	I408V	0.062	benign
P48065	I408W	0.8572	pathogenic
P48065	I408Y	0.7415	pathogenic
P48065	D409A	0.9835	pathogenic
P48065	D409C	0.9976	pathogenic
P48065	D409E	0.9654	pathogenic
P48065	D409F	0.9943	pathogenic
P48065	D409G	0.9746	pathogenic
P48065	D409H	0.9849	pathogenic
P48065	D409I	0.9951	pathogenic
P48065	D409K	0.9941	pathogenic
P48065	D409L	0.9903	pathogenic
P48065	D409M	0.9986	pathogenic
P48065	D409N	0.9692	pathogenic
P48065	D409P	0.9957	pathogenic
P48065	D409Q	0.9881	pathogenic
P48065	D409R	0.9845	pathogenic
P48065	D409S	0.9672	pathogenic
P48065	D409T	0.9906	pathogenic
P48065	D409V	0.9854	pathogenic
P48065	D409W	0.9975	pathogenic
P48065	D409Y	0.9677	pathogenic
P48065	M410A	0.4504	ambiguous
P48065	M410C	0.6906	pathogenic
P48065	M410D	0.9343	pathogenic
P48065	M410E	0.6401	pathogenic
P48065	M410F	0.4042	ambiguous
P48065	M410G	0.7858	pathogenic
P48065	M410H	0.6857	pathogenic
P48065	M410I	0.3914	ambiguous
P48065	M410K	0.437	ambiguous
P48065	M410L	0.0907	benign
P48065	M410N	0.713	pathogenic
P48065	M410P	0.9759	pathogenic
P48065	M410Q	0.3906	ambiguous
P48065	M410R	0.3565	ambiguous
P48065	M410S	0.577	pathogenic
P48065	M410T	0.3209	benign
P48065	M410V	0.1135	benign
P48065	M410W	0.71	pathogenic
P48065	M410Y	0.6673	pathogenic
P48065	F411A	0.8188	pathogenic
P48065	F411C	0.6384	pathogenic
P48065	F411D	0.9537	pathogenic
P48065	F411E	0.9703	pathogenic
P48065	F411G	0.935	pathogenic
P48065	F411H	0.7267	pathogenic
P48065	F411I	0.5239	ambiguous
P48065	F411K	0.9413	pathogenic
P48065	F411L	0.9159	pathogenic
P48065	F411M	0.7853	pathogenic
P48065	F411N	0.8679	pathogenic
P48065	F411P	0.9932	pathogenic
P48065	F411Q	0.9138	pathogenic
P48065	F411R	0.8733	pathogenic
P48065	F411S	0.7624	pathogenic
P48065	F411T	0.9022	pathogenic
P48065	F411V	0.5038	ambiguous
P48065	F411W	0.4576	ambiguous
P48065	F411Y	0.1681	benign
P48065	P412A	0.5747	pathogenic
P48065	P412C	0.9382	pathogenic
P48065	P412D	0.927	pathogenic
P48065	P412E	0.8378	pathogenic
P48065	P412F	0.9698	pathogenic
P48065	P412G	0.7407	pathogenic
P48065	P412H	0.7248	pathogenic
P48065	P412I	0.9464	pathogenic
P48065	P412K	0.8363	pathogenic
P48065	P412L	0.7942	pathogenic
P48065	P412M	0.9523	pathogenic
P48065	P412N	0.911	pathogenic
P48065	P412Q	0.6533	pathogenic
P48065	P412R	0.5997	pathogenic
P48065	P412S	0.599	pathogenic
P48065	P412T	0.6681	pathogenic
P48065	P412V	0.8707	pathogenic
P48065	P412W	0.9426	pathogenic
P48065	P412Y	0.9355	pathogenic
P48065	R413A	0.1567	benign
P48065	R413C	0.1415	benign
P48065	R413D	0.2442	benign
P48065	R413E	0.1619	benign
P48065	R413F	0.314	benign
P48065	R413G	0.099	benign
P48065	R413H	0.0856	benign
P48065	R413I	0.1798	benign
P48065	R413K	0.0841	benign
P48065	R413L	0.1376	benign
P48065	R413M	0.1958	benign
P48065	R413N	0.2288	benign
P48065	R413P	0.2665	benign
P48065	R413Q	0.0803	benign
P48065	R413S	0.153	benign
P48065	R413T	0.1237	benign
P48065	R413V	0.1872	benign
P48065	R413W	0.1392	benign
P48065	R413Y	0.2317	benign
P48065	Q414A	0.2066	benign
P48065	Q414C	0.4953	ambiguous
P48065	Q414D	0.3966	ambiguous
P48065	Q414E	0.0962	benign
P48065	Q414F	0.3836	ambiguous
P48065	Q414G	0.2749	benign
P48065	Q414H	0.1498	benign
P48065	Q414I	0.2168	benign
P48065	Q414K	0.1048	benign
P48065	Q414L	0.1121	benign
P48065	Q414M	0.3145	benign
P48065	Q414N	0.305	benign
P48065	Q414P	0.1871	benign
P48065	Q414R	0.0904	benign
P48065	Q414S	0.2276	benign
P48065	Q414T	0.1875	benign
P48065	Q414V	0.1599	benign
P48065	Q414W	0.2889	benign
P48065	Q414Y	0.2312	benign
P48065	L415A	0.6692	pathogenic
P48065	L415C	0.7337	pathogenic
P48065	L415D	0.9683	pathogenic
P48065	L415E	0.8865	pathogenic
P48065	L415F	0.1454	benign
P48065	L415G	0.7955	pathogenic
P48065	L415H	0.6844	pathogenic
P48065	L415I	0.2482	benign
P48065	L415K	0.767	pathogenic
P48065	L415M	0.1686	benign
P48065	L415N	0.8648	pathogenic
P48065	L415P	0.8132	pathogenic
P48065	L415Q	0.569	pathogenic
P48065	L415R	0.5871	pathogenic
P48065	L415S	0.83	pathogenic
P48065	L415T	0.7053	pathogenic
P48065	L415V	0.2455	benign
P48065	L415W	0.2701	benign
P48065	L415Y	0.5445	ambiguous
P48065	R416A	0.7094	pathogenic
P48065	R416C	0.3161	benign
P48065	R416D	0.8958	pathogenic
P48065	R416E	0.5424	ambiguous
P48065	R416F	0.8193	pathogenic
P48065	R416G	0.4273	ambiguous
P48065	R416H	0.218	benign
P48065	R416I	0.6472	pathogenic
P48065	R416K	0.2157	benign
P48065	R416L	0.4511	ambiguous
P48065	R416M	0.6344	pathogenic
P48065	R416N	0.8223	pathogenic
P48065	R416P	0.8705	pathogenic
P48065	R416Q	0.1265	benign
P48065	R416S	0.7779	pathogenic
P48065	R416T	0.606	pathogenic
P48065	R416V	0.6821	pathogenic
P48065	R416W	0.271	benign
P48065	R416Y	0.6505	pathogenic
P48065	K417A	0.2893	benign
P48065	K417C	0.541	ambiguous
P48065	K417D	0.5488	ambiguous
P48065	K417E	0.1914	benign
P48065	K417F	0.6096	pathogenic
P48065	K417G	0.2899	benign
P48065	K417H	0.2417	benign
P48065	K417I	0.2584	benign
P48065	K417L	0.2921	benign
P48065	K417M	0.2403	benign
P48065	K417N	0.3768	ambiguous
P48065	K417P	0.6055	pathogenic
P48065	K417Q	0.1108	benign
P48065	K417R	0.0665	benign
P48065	K417S	0.3479	ambiguous
P48065	K417T	0.1756	benign
P48065	K417V	0.241	benign
P48065	K417W	0.58	pathogenic
P48065	K417Y	0.4865	ambiguous
P48065	S418A	0.0747	benign
P48065	S418C	0.0997	benign
P48065	S418D	0.1843	benign
P48065	S418E	0.1839	benign
P48065	S418F	0.1992	benign
P48065	S418G	0.0678	benign
P48065	S418H	0.1181	benign
P48065	S418I	0.128	benign
P48065	S418K	0.138	benign
P48065	S418L	0.1307	benign
P48065	S418M	0.1785	benign
P48065	S418N	0.0887	benign
P48065	S418P	0.0618	benign
P48065	S418Q	0.1529	benign
P48065	S418R	0.1075	benign
P48065	S418T	0.0719	benign
P48065	S418V	0.1332	benign
P48065	S418W	0.1778	benign
P48065	S418Y	0.1268	benign
P48065	G419A	0.1782	benign
P48065	G419C	0.2044	benign
P48065	G419D	0.287	benign
P48065	G419E	0.2627	benign
P48065	G419F	0.3656	ambiguous
P48065	G419H	0.2004	benign
P48065	G419I	0.3032	benign
P48065	G419K	0.2417	benign
P48065	G419L	0.4272	ambiguous
P48065	G419M	0.4769	ambiguous
P48065	G419N	0.2878	benign
P48065	G419P	0.6515	pathogenic
P48065	G419Q	0.2115	benign
P48065	G419R	0.1334	benign
P48065	G419S	0.1225	benign
P48065	G419T	0.2161	benign
P48065	G419V	0.2237	benign
P48065	G419W	0.1739	benign
P48065	G419Y	0.2312	benign
P48065	R420A	0.4807	ambiguous
P48065	R420C	0.2128	benign
P48065	R420D	0.7776	pathogenic
P48065	R420E	0.5518	ambiguous
P48065	R420F	0.5325	ambiguous
P48065	R420G	0.2599	benign
P48065	R420H	0.1409	benign
P48065	R420I	0.4231	ambiguous
P48065	R420K	0.1526	benign
P48065	R420L	0.3151	benign
P48065	R420M	0.4572	ambiguous
P48065	R420N	0.6046	pathogenic
P48065	R420P	0.6695	pathogenic
P48065	R420Q	0.1223	benign
P48065	R420S	0.5151	ambiguous
P48065	R420T	0.425	ambiguous
P48065	R420V	0.4884	ambiguous
P48065	R420W	0.1843	benign
P48065	R420Y	0.3457	ambiguous
P48065	R421A	0.9337	pathogenic
P48065	R421C	0.7932	pathogenic
P48065	R421D	0.9615	pathogenic
P48065	R421E	0.7788	pathogenic
P48065	R421F	0.9678	pathogenic
P48065	R421G	0.799	pathogenic
P48065	R421H	0.472	ambiguous
P48065	R421I	0.8957	pathogenic
P48065	R421K	0.2601	benign
P48065	R421L	0.8161	pathogenic
P48065	R421M	0.8816	pathogenic
P48065	R421N	0.9571	pathogenic
P48065	R421P	0.9311	pathogenic
P48065	R421Q	0.3437	ambiguous
P48065	R421S	0.9499	pathogenic
P48065	R421T	0.8462	pathogenic
P48065	R421V	0.9037	pathogenic
P48065	R421W	0.6284	pathogenic
P48065	R421Y	0.8967	pathogenic
P48065	E422A	0.5804	pathogenic
P48065	E422C	0.9777	pathogenic
P48065	E422D	0.7561	pathogenic
P48065	E422F	0.9738	pathogenic
P48065	E422G	0.5905	pathogenic
P48065	E422H	0.8601	pathogenic
P48065	E422I	0.8973	pathogenic
P48065	E422K	0.5345	ambiguous
P48065	E422L	0.9282	pathogenic
P48065	E422M	0.9215	pathogenic
P48065	E422N	0.8525	pathogenic
P48065	E422P	0.741	pathogenic
P48065	E422Q	0.3275	benign
P48065	E422R	0.6215	pathogenic
P48065	E422S	0.669	pathogenic
P48065	E422T	0.8121	pathogenic
P48065	E422V	0.799	pathogenic
P48065	E422W	0.9834	pathogenic
P48065	E422Y	0.9429	pathogenic
P48065	L423A	0.2426	benign
P48065	L423C	0.455	ambiguous
P48065	L423D	0.8401	pathogenic
P48065	L423E	0.6078	pathogenic
P48065	L423F	0.1066	benign
P48065	L423G	0.4086	ambiguous
P48065	L423H	0.3722	ambiguous
P48065	L423I	0.0831	benign
P48065	L423K	0.2875	benign
P48065	L423M	0.1081	benign
P48065	L423N	0.5221	ambiguous
P48065	L423P	0.5914	pathogenic
P48065	L423Q	0.272	benign
P48065	L423R	0.2459	benign
P48065	L423S	0.376	ambiguous
P48065	L423T	0.2749	benign
P48065	L423V	0.0916	benign
P48065	L423W	0.1447	benign
P48065	L423Y	0.2687	benign
P48065	L424A	0.6066	pathogenic
P48065	L424C	0.7102	pathogenic
P48065	L424D	0.9882	pathogenic
P48065	L424E	0.946	pathogenic
P48065	L424F	0.1842	benign
P48065	L424G	0.8372	pathogenic
P48065	L424H	0.8212	pathogenic
P48065	L424I	0.2215	benign
P48065	L424K	0.9043	pathogenic
P48065	L424M	0.2185	benign
P48065	L424N	0.9326	pathogenic
P48065	L424P	0.9218	pathogenic
P48065	L424Q	0.7134	pathogenic
P48065	L424R	0.8126	pathogenic
P48065	L424S	0.8166	pathogenic
P48065	L424T	0.6281	pathogenic
P48065	L424V	0.1965	benign
P48065	L424W	0.5293	ambiguous
P48065	L424Y	0.7235	pathogenic
P48065	I425A	0.7622	pathogenic
P48065	I425C	0.8576	pathogenic
P48065	I425D	0.9785	pathogenic
P48065	I425E	0.9665	pathogenic
P48065	I425F	0.5869	pathogenic
P48065	I425G	0.8995	pathogenic
P48065	I425H	0.9225	pathogenic
P48065	I425K	0.9392	pathogenic
P48065	I425L	0.1333	benign
P48065	I425M	0.2804	benign
P48065	I425N	0.6889	pathogenic
P48065	I425P	0.9374	pathogenic
P48065	I425Q	0.9047	pathogenic
P48065	I425R	0.8987	pathogenic
P48065	I425S	0.6634	pathogenic
P48065	I425T	0.6442	pathogenic
P48065	I425V	0.1735	benign
P48065	I425W	0.9707	pathogenic
P48065	I425Y	0.8875	pathogenic
P48065	L426A	0.239	benign
P48065	L426C	0.4642	ambiguous
P48065	L426D	0.9852	pathogenic
P48065	L426E	0.9389	pathogenic
P48065	L426F	0.1247	benign
P48065	L426G	0.4295	ambiguous
P48065	L426H	0.8366	pathogenic
P48065	L426I	0.2082	benign
P48065	L426K	0.9005	pathogenic
P48065	L426M	0.1577	benign
P48065	L426N	0.9027	pathogenic
P48065	L426P	0.8433	pathogenic
P48065	L426Q	0.6995	pathogenic
P48065	L426R	0.7981	pathogenic
P48065	L426S	0.4724	ambiguous
P48065	L426T	0.4208	ambiguous
P48065	L426V	0.1782	benign
P48065	L426W	0.5173	ambiguous
P48065	L426Y	0.7231	pathogenic
P48065	T427A	0.0561	benign
P48065	T427C	0.134	benign
P48065	T427D	0.6769	pathogenic
P48065	T427E	0.6886	pathogenic
P48065	T427F	0.1	benign
P48065	T427G	0.0868	benign
P48065	T427H	0.4777	ambiguous
P48065	T427I	0.0808	benign
P48065	T427K	0.6189	pathogenic
P48065	T427L	0.0727	benign
P48065	T427M	0.0708	benign
P48065	T427N	0.2518	benign
P48065	T427P	0.3866	ambiguous
P48065	T427Q	0.5238	ambiguous
P48065	T427R	0.535	ambiguous
P48065	T427S	0.0911	benign
P48065	T427V	0.0715	benign
P48065	T427W	0.3889	ambiguous
P48065	T427Y	0.2589	benign
P48065	I428A	0.2199	benign
P48065	I428C	0.6704	pathogenic
P48065	I428D	0.9406	pathogenic
P48065	I428E	0.8917	pathogenic
P48065	I428F	0.1735	benign
P48065	I428G	0.6218	pathogenic
P48065	I428H	0.8768	pathogenic
P48065	I428K	0.8841	pathogenic
P48065	I428L	0.1181	benign
P48065	I428M	0.1012	benign
P48065	I428N	0.6184	pathogenic
P48065	I428P	0.9092	pathogenic
P48065	I428Q	0.8415	pathogenic
P48065	I428R	0.8408	pathogenic
P48065	I428S	0.3364	benign
P48065	I428T	0.1365	benign
P48065	I428V	0.0598	benign
P48065	I428W	0.8529	pathogenic
P48065	I428Y	0.7222	pathogenic
P48065	A429C	0.3178	benign
P48065	A429D	0.8796	pathogenic
P48065	A429E	0.9116	pathogenic
P48065	A429F	0.6658	pathogenic
P48065	A429G	0.2168	benign
P48065	A429H	0.9322	pathogenic
P48065	A429I	0.3684	ambiguous
P48065	A429K	0.9813	pathogenic
P48065	A429L	0.3987	ambiguous
P48065	A429M	0.4259	ambiguous
P48065	A429N	0.7247	pathogenic
P48065	A429P	0.8461	pathogenic
P48065	A429Q	0.9035	pathogenic
P48065	A429R	0.9631	pathogenic
P48065	A429S	0.103	benign
P48065	A429T	0.121	benign
P48065	A429V	0.1631	benign
P48065	A429W	0.96	pathogenic
P48065	A429Y	0.8927	pathogenic
P48065	V430A	0.1235	benign
P48065	V430C	0.4412	ambiguous
P48065	V430D	0.8589	pathogenic
P48065	V430E	0.859	pathogenic
P48065	V430F	0.1156	benign
P48065	V430G	0.1496	benign
P48065	V430H	0.884	pathogenic
P48065	V430I	0.0731	benign
P48065	V430K	0.9043	pathogenic
P48065	V430L	0.1161	benign
P48065	V430M	0.1284	benign
P48065	V430N	0.6062	pathogenic
P48065	V430P	0.8561	pathogenic
P48065	V430Q	0.81	pathogenic
P48065	V430R	0.8545	pathogenic
P48065	V430S	0.2068	benign
P48065	V430T	0.1689	benign
P48065	V430W	0.8042	pathogenic
P48065	V430Y	0.7081	pathogenic
P48065	M431A	0.1034	benign
P48065	M431C	0.2542	benign
P48065	M431D	0.7597	pathogenic
P48065	M431E	0.7039	pathogenic
P48065	M431F	0.1158	benign
P48065	M431G	0.1403	benign
P48065	M431H	0.6751	pathogenic
P48065	M431I	0.094	benign
P48065	M431K	0.6587	pathogenic
P48065	M431L	0.0736	benign
P48065	M431N	0.3628	ambiguous
P48065	M431P	0.5644	pathogenic
P48065	M431Q	0.5284	ambiguous
P48065	M431R	0.6463	pathogenic
P48065	M431S	0.1194	benign
P48065	M431T	0.0682	benign
P48065	M431V	0.0546	benign
P48065	M431W	0.4893	ambiguous
P48065	M431Y	0.5277	ambiguous
P48065	C432A	0.4323	ambiguous
P48065	C432D	0.8507	pathogenic
P48065	C432E	0.9507	pathogenic
P48065	C432F	0.3885	ambiguous
P48065	C432G	0.1797	benign
P48065	C432H	0.8673	pathogenic
P48065	C432I	0.881	pathogenic
P48065	C432K	0.9888	pathogenic
P48065	C432L	0.6154	pathogenic
P48065	C432M	0.71	pathogenic
P48065	C432N	0.5305	ambiguous
P48065	C432P	0.9776	pathogenic
P48065	C432Q	0.8954	pathogenic
P48065	C432R	0.9608	pathogenic
P48065	C432S	0.2263	benign
P48065	C432T	0.6149	pathogenic
P48065	C432V	0.7674	pathogenic
P48065	C432W	0.8402	pathogenic
P48065	C432Y	0.6673	pathogenic
P48065	Y433A	0.68	pathogenic
P48065	Y433C	0.1315	benign
P48065	Y433D	0.8749	pathogenic
P48065	Y433E	0.9801	pathogenic
P48065	Y433F	0.0574	benign
P48065	Y433G	0.4526	ambiguous
P48065	Y433H	0.7973	pathogenic
P48065	Y433I	0.7975	pathogenic
P48065	Y433K	0.9903	pathogenic
P48065	Y433L	0.5159	ambiguous
P48065	Y433M	0.7472	pathogenic
P48065	Y433N	0.6643	pathogenic
P48065	Y433P	0.9694	pathogenic
P48065	Y433Q	0.9635	pathogenic
P48065	Y433R	0.9755	pathogenic
P48065	Y433S	0.3925	ambiguous
P48065	Y433T	0.7408	pathogenic
P48065	Y433V	0.6463	pathogenic
P48065	Y433W	0.5993	pathogenic
P48065	L434A	0.1581	benign
P48065	L434C	0.2522	benign
P48065	L434D	0.9338	pathogenic
P48065	L434E	0.8311	pathogenic
P48065	L434F	0.0869	benign
P48065	L434G	0.2703	benign
P48065	L434H	0.6959	pathogenic
P48065	L434I	0.0869	benign
P48065	L434K	0.8728	pathogenic
P48065	L434M	0.1008	benign
P48065	L434N	0.6805	pathogenic
P48065	L434P	0.6912	pathogenic
P48065	L434Q	0.5772	pathogenic
P48065	L434R	0.7839	pathogenic
P48065	L434S	0.2389	benign
P48065	L434T	0.1785	benign
P48065	L434V	0.0789	benign
P48065	L434W	0.4305	ambiguous
P48065	L434Y	0.5691	pathogenic
P48065	I435A	0.0957	benign
P48065	I435C	0.436	ambiguous
P48065	I435D	0.8857	pathogenic
P48065	I435E	0.8359	pathogenic
P48065	I435F	0.1093	benign
P48065	I435G	0.3467	ambiguous
P48065	I435H	0.789	pathogenic
P48065	I435K	0.7973	pathogenic
P48065	I435L	0.0612	benign
P48065	I435M	0.0739	benign
P48065	I435N	0.5319	ambiguous
P48065	I435P	0.5568	ambiguous
P48065	I435Q	0.7025	pathogenic
P48065	I435R	0.6951	pathogenic
P48065	I435S	0.1684	benign
P48065	I435T	0.0705	benign
P48065	I435V	0.0698	benign
P48065	I435W	0.7098	pathogenic
P48065	I435Y	0.6636	pathogenic
P48065	G436A	0.5394	ambiguous
P48065	G436C	0.83	pathogenic
P48065	G436D	0.9209	pathogenic
P48065	G436E	0.9702	pathogenic
P48065	G436F	0.9883	pathogenic
P48065	G436H	0.9875	pathogenic
P48065	G436I	0.9818	pathogenic
P48065	G436K	0.9966	pathogenic
P48065	G436L	0.9764	pathogenic
P48065	G436M	0.9824	pathogenic
P48065	G436N	0.9411	pathogenic
P48065	G436P	0.9957	pathogenic
P48065	G436Q	0.9688	pathogenic
P48065	G436R	0.9912	pathogenic
P48065	G436S	0.4259	ambiguous
P48065	G436T	0.8845	pathogenic
P48065	G436V	0.9588	pathogenic
P48065	G436W	0.9867	pathogenic
P48065	G436Y	0.9887	pathogenic
P48065	L437A	0.7871	pathogenic
P48065	L437C	0.8044	pathogenic
P48065	L437D	0.9951	pathogenic
P48065	L437E	0.9753	pathogenic
P48065	L437F	0.4081	ambiguous
P48065	L437G	0.9229	pathogenic
P48065	L437H	0.9409	pathogenic
P48065	L437I	0.1949	benign
P48065	L437K	0.9742	pathogenic
P48065	L437M	0.2681	benign
P48065	L437N	0.9428	pathogenic
P48065	L437P	0.98	pathogenic
P48065	L437Q	0.8873	pathogenic
P48065	L437R	0.9452	pathogenic
P48065	L437S	0.879	pathogenic
P48065	L437T	0.7593	pathogenic
P48065	L437V	0.2456	benign
P48065	L437W	0.8193	pathogenic
P48065	L437Y	0.8896	pathogenic
P48065	F438A	0.1785	benign
P48065	F438C	0.101	benign
P48065	F438D	0.8914	pathogenic
P48065	F438E	0.9085	pathogenic
P48065	F438G	0.3058	benign
P48065	F438H	0.7687	pathogenic
P48065	F438I	0.0857	benign
P48065	F438K	0.9259	pathogenic
P48065	F438L	0.2458	benign
P48065	F438M	0.2227	benign
P48065	F438N	0.6669	pathogenic
P48065	F438P	0.436	ambiguous
P48065	F438Q	0.8087	pathogenic
P48065	F438R	0.8857	pathogenic
P48065	F438S	0.1654	benign
P48065	F438T	0.1946	benign
P48065	F438V	0.0764	benign
P48065	F438W	0.4826	ambiguous
P48065	F438Y	0.3429	ambiguous
P48065	L439A	0.6016	pathogenic
P48065	L439C	0.5346	ambiguous
P48065	L439D	0.9763	pathogenic
P48065	L439E	0.9042	pathogenic
P48065	L439F	0.321	benign
P48065	L439G	0.7855	pathogenic
P48065	L439H	0.7603	pathogenic
P48065	L439I	0.458	ambiguous
P48065	L439K	0.9445	pathogenic
P48065	L439M	0.1464	benign
P48065	L439N	0.7964	pathogenic
P48065	L439P	0.809	pathogenic
P48065	L439Q	0.6546	pathogenic
P48065	L439R	0.8954	pathogenic
P48065	L439S	0.6629	pathogenic
P48065	L439T	0.5928	pathogenic
P48065	L439V	0.3677	ambiguous
P48065	L439W	0.7093	pathogenic
P48065	L439Y	0.8121	pathogenic
P48065	V440A	0.5332	ambiguous
P48065	V440C	0.8688	pathogenic
P48065	V440D	0.9777	pathogenic
P48065	V440E	0.9594	pathogenic
P48065	V440F	0.9247	pathogenic
P48065	V440G	0.6662	pathogenic
P48065	V440H	0.9901	pathogenic
P48065	V440I	0.1268	benign
P48065	V440K	0.9817	pathogenic
P48065	V440L	0.4296	ambiguous
P48065	V440M	0.6937	pathogenic
P48065	V440N	0.911	pathogenic
P48065	V440P	0.9614	pathogenic
P48065	V440Q	0.9547	pathogenic
P48065	V440R	0.9701	pathogenic
P48065	V440S	0.6879	pathogenic
P48065	V440T	0.4102	ambiguous
P48065	V440W	0.9977	pathogenic
P48065	V440Y	0.9905	pathogenic
P48065	T441A	0.2801	benign
P48065	T441C	0.5552	ambiguous
P48065	T441D	0.9567	pathogenic
P48065	T441E	0.9346	pathogenic
P48065	T441F	0.7825	pathogenic
P48065	T441G	0.4622	ambiguous
P48065	T441H	0.8426	pathogenic
P48065	T441I	0.8959	pathogenic
P48065	T441K	0.8912	pathogenic
P48065	T441L	0.4153	ambiguous
P48065	T441M	0.1912	benign
P48065	T441N	0.6838	pathogenic
P48065	T441P	0.8068	pathogenic
P48065	T441Q	0.7404	pathogenic
P48065	T441R	0.8239	pathogenic
P48065	T441S	0.2243	benign
P48065	T441V	0.6944	pathogenic
P48065	T441W	0.9303	pathogenic
P48065	T441Y	0.8936	pathogenic
P48065	E442A	0.4536	ambiguous
P48065	E442C	0.9727	pathogenic
P48065	E442D	0.3254	benign
P48065	E442F	0.9849	pathogenic
P48065	E442G	0.3525	ambiguous
P48065	E442H	0.762	pathogenic
P48065	E442I	0.9437	pathogenic
P48065	E442K	0.3087	benign
P48065	E442L	0.935	pathogenic
P48065	E442M	0.9129	pathogenic
P48065	E442N	0.423	ambiguous
P48065	E442P	0.8839	pathogenic
P48065	E442Q	0.1468	benign
P48065	E442R	0.3555	ambiguous
P48065	E442S	0.3626	ambiguous
P48065	E442T	0.7065	pathogenic
P48065	E442V	0.8117	pathogenic
P48065	E442W	0.9888	pathogenic
P48065	E442Y	0.9399	pathogenic
P48065	G443A	0.6145	pathogenic
P48065	G443C	0.9553	pathogenic
P48065	G443D	0.9839	pathogenic
P48065	G443E	0.984	pathogenic
P48065	G443F	0.9953	pathogenic
P48065	G443H	0.9954	pathogenic
P48065	G443I	0.9922	pathogenic
P48065	G443K	0.9945	pathogenic
P48065	G443L	0.9915	pathogenic
P48065	G443M	0.9905	pathogenic
P48065	G443N	0.9772	pathogenic
P48065	G443P	0.9983	pathogenic
P48065	G443Q	0.986	pathogenic
P48065	G443R	0.9874	pathogenic
P48065	G443S	0.6841	pathogenic
P48065	G443T	0.9463	pathogenic
P48065	G443V	0.9744	pathogenic
P48065	G443W	0.9914	pathogenic
P48065	G443Y	0.9923	pathogenic
P48065	G444A	0.947	pathogenic
P48065	G444C	0.9892	pathogenic
P48065	G444D	0.993	pathogenic
P48065	G444E	0.9953	pathogenic
P48065	G444F	0.9972	pathogenic
P48065	G444H	0.9986	pathogenic
P48065	G444I	0.997	pathogenic
P48065	G444K	0.9973	pathogenic
P48065	G444L	0.9972	pathogenic
P48065	G444M	0.9977	pathogenic
P48065	G444N	0.9956	pathogenic
P48065	G444P	0.9992	pathogenic
P48065	G444Q	0.9962	pathogenic
P48065	G444R	0.993	pathogenic
P48065	G444S	0.9273	pathogenic
P48065	G444T	0.9867	pathogenic
P48065	G444V	0.9929	pathogenic
P48065	G444W	0.9958	pathogenic
P48065	G444Y	0.9977	pathogenic
P48065	M445A	0.7929	pathogenic
P48065	M445C	0.9478	pathogenic
P48065	M445D	0.9861	pathogenic
P48065	M445E	0.9303	pathogenic
P48065	M445F	0.7015	pathogenic
P48065	M445G	0.9313	pathogenic
P48065	M445H	0.9591	pathogenic
P48065	M445I	0.5131	ambiguous
P48065	M445K	0.8574	pathogenic
P48065	M445L	0.2158	benign
P48065	M445N	0.8786	pathogenic
P48065	M445P	0.8903	pathogenic
P48065	M445Q	0.7699	pathogenic
P48065	M445R	0.841	pathogenic
P48065	M445S	0.8174	pathogenic
P48065	M445T	0.7618	pathogenic
P48065	M445V	0.1839	benign
P48065	M445W	0.9474	pathogenic
P48065	M445Y	0.931	pathogenic
P48065	Y446A	0.9856	pathogenic
P48065	Y446C	0.9588	pathogenic
P48065	Y446D	0.9875	pathogenic
P48065	Y446E	0.9963	pathogenic
P48065	Y446F	0.2206	benign
P48065	Y446G	0.9742	pathogenic
P48065	Y446H	0.948	pathogenic
P48065	Y446I	0.9796	pathogenic
P48065	Y446K	0.9968	pathogenic
P48065	Y446L	0.8998	pathogenic
P48065	Y446M	0.9792	pathogenic
P48065	Y446N	0.9342	pathogenic
P48065	Y446P	0.9882	pathogenic
P48065	Y446Q	0.9948	pathogenic
P48065	Y446R	0.9875	pathogenic
P48065	Y446S	0.973	pathogenic
P48065	Y446T	0.9934	pathogenic
P48065	Y446V	0.9543	pathogenic
P48065	Y446W	0.8392	pathogenic
P48065	I447A	0.6181	pathogenic
P48065	I447C	0.7657	pathogenic
P48065	I447D	0.9804	pathogenic
P48065	I447E	0.9712	pathogenic
P48065	I447F	0.234	benign
P48065	I447G	0.872	pathogenic
P48065	I447H	0.9283	pathogenic
P48065	I447K	0.9524	pathogenic
P48065	I447L	0.0849	benign
P48065	I447M	0.1817	benign
P48065	I447N	0.8195	pathogenic
P48065	I447P	0.9557	pathogenic
P48065	I447Q	0.9369	pathogenic
P48065	I447R	0.915	pathogenic
P48065	I447S	0.6955	pathogenic
P48065	I447T	0.5967	pathogenic
P48065	I447V	0.0769	benign
P48065	I447W	0.8907	pathogenic
P48065	I447Y	0.759	pathogenic
P48065	F448A	0.9823	pathogenic
P48065	F448C	0.9558	pathogenic
P48065	F448D	0.9978	pathogenic
P48065	F448E	0.9965	pathogenic
P48065	F448G	0.9857	pathogenic
P48065	F448H	0.9825	pathogenic
P48065	F448I	0.885	pathogenic
P48065	F448K	0.9955	pathogenic
P48065	F448L	0.9689	pathogenic
P48065	F448M	0.9211	pathogenic
P48065	F448N	0.9889	pathogenic
P48065	F448P	0.9991	pathogenic
P48065	F448Q	0.9882	pathogenic
P48065	F448R	0.9851	pathogenic
P48065	F448S	0.9801	pathogenic
P48065	F448T	0.9785	pathogenic
P48065	F448V	0.8796	pathogenic
P48065	F448W	0.9145	pathogenic
P48065	F448Y	0.7833	pathogenic
P48065	Q449A	0.6697	pathogenic
P48065	Q449C	0.9613	pathogenic
P48065	Q449D	0.9434	pathogenic
P48065	Q449E	0.3239	benign
P48065	Q449F	0.9466	pathogenic
P48065	Q449G	0.7854	pathogenic
P48065	Q449H	0.7412	pathogenic
P48065	Q449I	0.8054	pathogenic
P48065	Q449K	0.598	pathogenic
P48065	Q449L	0.4164	ambiguous
P48065	Q449M	0.6525	pathogenic
P48065	Q449N	0.714	pathogenic
P48065	Q449P	0.939	pathogenic
P48065	Q449R	0.6008	pathogenic
P48065	Q449S	0.5625	ambiguous
P48065	Q449T	0.5872	pathogenic
P48065	Q449V	0.6821	pathogenic
P48065	Q449W	0.9598	pathogenic
P48065	Q449Y	0.8961	pathogenic
P48065	L450A	0.9179	pathogenic
P48065	L450C	0.9327	pathogenic
P48065	L450D	0.9977	pathogenic
P48065	L450E	0.988	pathogenic
P48065	L450F	0.6739	pathogenic
P48065	L450G	0.9823	pathogenic
P48065	L450H	0.9717	pathogenic
P48065	L450I	0.1971	benign
P48065	L450K	0.9831	pathogenic
P48065	L450M	0.3315	benign
P48065	L450N	0.9794	pathogenic
P48065	L450P	0.9928	pathogenic
P48065	L450Q	0.9444	pathogenic
P48065	L450R	0.9666	pathogenic
P48065	L450S	0.9746	pathogenic
P48065	L450T	0.9015	pathogenic
P48065	L450V	0.2487	benign
P48065	L450W	0.9303	pathogenic
P48065	L450Y	0.9394	pathogenic
P48065	F451A	0.7875	pathogenic
P48065	F451C	0.6493	pathogenic
P48065	F451D	0.9935	pathogenic
P48065	F451E	0.9909	pathogenic
P48065	F451G	0.9245	pathogenic
P48065	F451H	0.963	pathogenic
P48065	F451I	0.5138	ambiguous
P48065	F451K	0.9925	pathogenic
P48065	F451L	0.8674	pathogenic
P48065	F451M	0.6202	pathogenic
P48065	F451N	0.9663	pathogenic
P48065	F451P	0.9959	pathogenic
P48065	F451Q	0.9717	pathogenic
P48065	F451R	0.9787	pathogenic
P48065	F451S	0.8256	pathogenic
P48065	F451T	0.7991	pathogenic
P48065	F451V	0.4799	ambiguous
P48065	F451W	0.6958	pathogenic
P48065	F451Y	0.5195	ambiguous
P48065	D452A	0.9763	pathogenic
P48065	D452C	0.9955	pathogenic
P48065	D452E	0.9257	pathogenic
P48065	D452F	0.9961	pathogenic
P48065	D452G	0.9745	pathogenic
P48065	D452H	0.9841	pathogenic
P48065	D452I	0.9922	pathogenic
P48065	D452K	0.9954	pathogenic
P48065	D452L	0.988	pathogenic
P48065	D452M	0.9984	pathogenic
P48065	D452N	0.9022	pathogenic
P48065	D452P	0.9969	pathogenic
P48065	D452Q	0.9875	pathogenic
P48065	D452R	0.9867	pathogenic
P48065	D452S	0.9092	pathogenic
P48065	D452T	0.9832	pathogenic
P48065	D452V	0.9811	pathogenic
P48065	D452W	0.9983	pathogenic
P48065	D452Y	0.9707	pathogenic
P48065	Y453A	0.5672	pathogenic
P48065	Y453C	0.347	ambiguous
P48065	Y453D	0.4852	ambiguous
P48065	Y453E	0.8072	pathogenic
P48065	Y453F	0.1401	benign
P48065	Y453G	0.5365	ambiguous
P48065	Y453H	0.2293	benign
P48065	Y453I	0.7329	pathogenic
P48065	Y453K	0.8084	pathogenic
P48065	Y453L	0.7118	pathogenic
P48065	Y453M	0.7658	pathogenic
P48065	Y453N	0.1999	benign
P48065	Y453P	0.9849	pathogenic
P48065	Y453Q	0.6514	pathogenic
P48065	Y453R	0.622	pathogenic
P48065	Y453S	0.2119	benign
P48065	Y453T	0.4335	ambiguous
P48065	Y453V	0.5846	pathogenic
P48065	Y453W	0.6302	pathogenic
P48065	Y454A	0.9677	pathogenic
P48065	Y454C	0.7733	pathogenic
P48065	Y454D	0.955	pathogenic
P48065	Y454E	0.9854	pathogenic
P48065	Y454F	0.2256	benign
P48065	Y454G	0.915	pathogenic
P48065	Y454H	0.7566	pathogenic
P48065	Y454I	0.9807	pathogenic
P48065	Y454K	0.9846	pathogenic
P48065	Y454L	0.9062	pathogenic
P48065	Y454M	0.9706	pathogenic
P48065	Y454N	0.8416	pathogenic
P48065	Y454P	0.9904	pathogenic
P48065	Y454Q	0.9621	pathogenic
P48065	Y454R	0.9403	pathogenic
P48065	Y454S	0.8575	pathogenic
P48065	Y454T	0.9645	pathogenic
P48065	Y454V	0.94	pathogenic
P48065	Y454W	0.7811	pathogenic
P48065	A455C	0.8189	pathogenic
P48065	A455D	0.9889	pathogenic
P48065	A455E	0.9867	pathogenic
P48065	A455F	0.955	pathogenic
P48065	A455G	0.2355	benign
P48065	A455H	0.9842	pathogenic
P48065	A455I	0.9255	pathogenic
P48065	A455K	0.9952	pathogenic
P48065	A455L	0.8827	pathogenic
P48065	A455M	0.9237	pathogenic
P48065	A455N	0.9694	pathogenic
P48065	A455P	0.9666	pathogenic
P48065	A455Q	0.9609	pathogenic
P48065	A455R	0.9812	pathogenic
P48065	A455S	0.1709	benign
P48065	A455T	0.6019	pathogenic
P48065	A455V	0.7516	pathogenic
P48065	A455W	0.9952	pathogenic
P48065	A455Y	0.985	pathogenic
P48065	S456A	0.0703	benign
P48065	S456C	0.0836	benign
P48065	S456D	0.9251	pathogenic
P48065	S456E	0.9493	pathogenic
P48065	S456F	0.7978	pathogenic
P48065	S456G	0.1416	benign
P48065	S456H	0.9172	pathogenic
P48065	S456I	0.4547	ambiguous
P48065	S456K	0.9884	pathogenic
P48065	S456L	0.3892	ambiguous
P48065	S456M	0.5727	pathogenic
P48065	S456N	0.6078	pathogenic
P48065	S456P	0.5014	ambiguous
P48065	S456Q	0.9267	pathogenic
P48065	S456R	0.9749	pathogenic
P48065	S456T	0.1506	benign
P48065	S456V	0.2972	benign
P48065	S456W	0.9286	pathogenic
P48065	S456Y	0.8349	pathogenic
P48065	S457A	0.4702	ambiguous
P48065	S457C	0.6785	pathogenic
P48065	S457D	0.9607	pathogenic
P48065	S457E	0.9802	pathogenic
P48065	S457F	0.9717	pathogenic
P48065	S457G	0.4131	ambiguous
P48065	S457H	0.9461	pathogenic
P48065	S457I	0.9637	pathogenic
P48065	S457K	0.995	pathogenic
P48065	S457L	0.8728	pathogenic
P48065	S457M	0.9148	pathogenic
P48065	S457N	0.7654	pathogenic
P48065	S457P	0.9563	pathogenic
P48065	S457Q	0.9551	pathogenic
P48065	S457R	0.9901	pathogenic
P48065	S457T	0.5362	ambiguous
P48065	S457V	0.9224	pathogenic
P48065	S457W	0.9614	pathogenic
P48065	S457Y	0.9507	pathogenic
P48065	G458A	0.8084	pathogenic
P48065	G458C	0.9563	pathogenic
P48065	G458D	0.9658	pathogenic
P48065	G458E	0.9737	pathogenic
P48065	G458F	0.9845	pathogenic
P48065	G458H	0.9823	pathogenic
P48065	G458I	0.9784	pathogenic
P48065	G458K	0.9841	pathogenic
P48065	G458L	0.9845	pathogenic
P48065	G458M	0.985	pathogenic
P48065	G458N	0.9348	pathogenic
P48065	G458P	0.9864	pathogenic
P48065	G458Q	0.9573	pathogenic
P48065	G458R	0.9538	pathogenic
P48065	G458S	0.5888	pathogenic
P48065	G458T	0.8906	pathogenic
P48065	G458V	0.9542	pathogenic
P48065	G458W	0.9764	pathogenic
P48065	G458Y	0.9812	pathogenic
P48065	I459A	0.3174	benign
P48065	I459C	0.7314	pathogenic
P48065	I459D	0.7666	pathogenic
P48065	I459E	0.7589	pathogenic
P48065	I459F	0.1434	benign
P48065	I459G	0.6159	pathogenic
P48065	I459H	0.6504	pathogenic
P48065	I459K	0.6685	pathogenic
P48065	I459L	0.1036	benign
P48065	I459M	0.0953	benign
P48065	I459N	0.2923	benign
P48065	I459P	0.5603	ambiguous
P48065	I459Q	0.6182	pathogenic
P48065	I459R	0.5963	pathogenic
P48065	I459S	0.2526	benign
P48065	I459T	0.1647	benign
P48065	I459V	0.087	benign
P48065	I459W	0.7652	pathogenic
P48065	I459Y	0.5083	ambiguous
P48065	C460A	0.5372	ambiguous
P48065	C460D	0.9737	pathogenic
P48065	C460E	0.9907	pathogenic
P48065	C460F	0.8663	pathogenic
P48065	C460G	0.4283	ambiguous
P48065	C460H	0.9721	pathogenic
P48065	C460I	0.846	pathogenic
P48065	C460K	0.997	pathogenic
P48065	C460L	0.8488	pathogenic
P48065	C460M	0.9123	pathogenic
P48065	C460N	0.8007	pathogenic
P48065	C460P	0.7832	pathogenic
P48065	C460Q	0.976	pathogenic
P48065	C460R	0.9794	pathogenic
P48065	C460S	0.3091	benign
P48065	C460T	0.427	ambiguous
P48065	C460V	0.6159	pathogenic
P48065	C460W	0.9833	pathogenic
P48065	C460Y	0.9606	pathogenic
P48065	L461A	0.9474	pathogenic
P48065	L461C	0.9527	pathogenic
P48065	L461D	0.9971	pathogenic
P48065	L461E	0.9844	pathogenic
P48065	L461F	0.8245	pathogenic
P48065	L461G	0.9762	pathogenic
P48065	L461H	0.9594	pathogenic
P48065	L461I	0.361	ambiguous
P48065	L461K	0.9708	pathogenic
P48065	L461M	0.4606	ambiguous
P48065	L461N	0.9547	pathogenic
P48065	L461P	0.9778	pathogenic
P48065	L461Q	0.9331	pathogenic
P48065	L461R	0.9504	pathogenic
P48065	L461S	0.9717	pathogenic
P48065	L461T	0.9282	pathogenic
P48065	L461V	0.4941	ambiguous
P48065	L461W	0.9586	pathogenic
P48065	L461Y	0.9575	pathogenic
P48065	L462A	0.9244	pathogenic
P48065	L462C	0.9399	pathogenic
P48065	L462D	0.9961	pathogenic
P48065	L462E	0.9843	pathogenic
P48065	L462F	0.7196	pathogenic
P48065	L462G	0.968	pathogenic
P48065	L462H	0.9547	pathogenic
P48065	L462I	0.4645	ambiguous
P48065	L462K	0.9786	pathogenic
P48065	L462M	0.5011	ambiguous
P48065	L462N	0.9574	pathogenic
P48065	L462P	0.9646	pathogenic
P48065	L462Q	0.9206	pathogenic
P48065	L462R	0.9542	pathogenic
P48065	L462S	0.9615	pathogenic
P48065	L462T	0.917	pathogenic
P48065	L462V	0.5248	ambiguous
P48065	L462W	0.9359	pathogenic
P48065	L462Y	0.927	pathogenic
P48065	F463A	0.7693	pathogenic
P48065	F463C	0.4944	ambiguous
P48065	F463D	0.9895	pathogenic
P48065	F463E	0.9927	pathogenic
P48065	F463G	0.8575	pathogenic
P48065	F463H	0.943	pathogenic
P48065	F463I	0.5074	ambiguous
P48065	F463K	0.9961	pathogenic
P48065	F463L	0.8374	pathogenic
P48065	F463M	0.73	pathogenic
P48065	F463N	0.9372	pathogenic
P48065	F463P	0.9924	pathogenic
P48065	F463Q	0.9805	pathogenic
P48065	F463R	0.9895	pathogenic
P48065	F463S	0.6779	pathogenic
P48065	F463T	0.7728	pathogenic
P48065	F463V	0.4689	ambiguous
P48065	F463W	0.6092	pathogenic
P48065	F463Y	0.3817	ambiguous
P48065	L464A	0.7492	pathogenic
P48065	L464C	0.7773	pathogenic
P48065	L464D	0.9837	pathogenic
P48065	L464E	0.9226	pathogenic
P48065	L464F	0.4842	ambiguous
P48065	L464G	0.9112	pathogenic
P48065	L464H	0.8689	pathogenic
P48065	L464I	0.1319	benign
P48065	L464K	0.944	pathogenic
P48065	L464M	0.239	benign
P48065	L464N	0.8665	pathogenic
P48065	L464P	0.9141	pathogenic
P48065	L464Q	0.733	pathogenic
P48065	L464R	0.9021	pathogenic
P48065	L464S	0.7932	pathogenic
P48065	L464T	0.5865	pathogenic
P48065	L464V	0.1393	benign
P48065	L464W	0.89	pathogenic
P48065	L464Y	0.9019	pathogenic
P48065	S465A	0.0616	benign
P48065	S465C	0.1207	benign
P48065	S465D	0.9676	pathogenic
P48065	S465E	0.9813	pathogenic
P48065	S465F	0.8453	pathogenic
P48065	S465G	0.1322	benign
P48065	S465H	0.9598	pathogenic
P48065	S465I	0.691	pathogenic
P48065	S465K	0.9965	pathogenic
P48065	S465L	0.4365	ambiguous
P48065	S465M	0.6278	pathogenic
P48065	S465N	0.8338	pathogenic
P48065	S465P	0.8445	pathogenic
P48065	S465Q	0.9662	pathogenic
P48065	S465R	0.9924	pathogenic
P48065	S465T	0.2411	benign
P48065	S465V	0.464	ambiguous
P48065	S465W	0.9582	pathogenic
P48065	S465Y	0.8995	pathogenic
P48065	L466A	0.2132	benign
P48065	L466C	0.4015	ambiguous
P48065	L466D	0.9076	pathogenic
P48065	L466E	0.8226	pathogenic
P48065	L466F	0.1153	benign
P48065	L466G	0.4009	ambiguous
P48065	L466H	0.722	pathogenic
P48065	L466I	0.0802	benign
P48065	L466K	0.863	pathogenic
P48065	L466M	0.0944	benign
P48065	L466N	0.6141	pathogenic
P48065	L466P	0.7911	pathogenic
P48065	L466Q	0.6007	pathogenic
P48065	L466R	0.7881	pathogenic
P48065	L466S	0.318	benign
P48065	L466T	0.1865	benign
P48065	L466V	0.0736	benign
P48065	L466W	0.4913	ambiguous
P48065	L466Y	0.6015	pathogenic
P48065	F467A	0.2962	benign
P48065	F467C	0.1575	benign
P48065	F467D	0.9676	pathogenic
P48065	F467E	0.9704	pathogenic
P48065	F467G	0.5866	pathogenic
P48065	F467H	0.8785	pathogenic
P48065	F467I	0.3501	ambiguous
P48065	F467K	0.9859	pathogenic
P48065	F467L	0.6489	pathogenic
P48065	F467M	0.4069	ambiguous
P48065	F467N	0.8097	pathogenic
P48065	F467P	0.9259	pathogenic
P48065	F467Q	0.9186	pathogenic
P48065	F467R	0.9626	pathogenic
P48065	F467S	0.2618	benign
P48065	F467T	0.3666	ambiguous
P48065	F467V	0.2718	benign
P48065	F467W	0.4656	ambiguous
P48065	F467Y	0.4788	ambiguous
P48065	E468A	0.6671	pathogenic
P48065	E468C	0.9635	pathogenic
P48065	E468D	0.9618	pathogenic
P48065	E468F	0.9907	pathogenic
P48065	E468G	0.8012	pathogenic
P48065	E468H	0.9324	pathogenic
P48065	E468I	0.8871	pathogenic
P48065	E468K	0.7856	pathogenic
P48065	E468L	0.8653	pathogenic
P48065	E468M	0.8526	pathogenic
P48065	E468N	0.9414	pathogenic
P48065	E468P	0.9892	pathogenic
P48065	E468Q	0.2636	benign
P48065	E468R	0.8976	pathogenic
P48065	E468S	0.6852	pathogenic
P48065	E468T	0.7688	pathogenic
P48065	E468V	0.8204	pathogenic
P48065	E468W	0.9964	pathogenic
P48065	E468Y	0.984	pathogenic
P48065	V469A	0.1998	benign
P48065	V469C	0.7349	pathogenic
P48065	V469D	0.8502	pathogenic
P48065	V469E	0.8768	pathogenic
P48065	V469F	0.7035	pathogenic
P48065	V469G	0.3	benign
P48065	V469H	0.9619	pathogenic
P48065	V469I	0.135	benign
P48065	V469K	0.961	pathogenic
P48065	V469L	0.5368	ambiguous
P48065	V469M	0.3711	ambiguous
P48065	V469N	0.6487	pathogenic
P48065	V469P	0.9492	pathogenic
P48065	V469Q	0.8984	pathogenic
P48065	V469R	0.9446	pathogenic
P48065	V469S	0.2475	benign
P48065	V469T	0.171	benign
P48065	V469W	0.99	pathogenic
P48065	V469Y	0.9569	pathogenic
P48065	V470A	0.1688	benign
P48065	V470C	0.5269	ambiguous
P48065	V470D	0.8825	pathogenic
P48065	V470E	0.8606	pathogenic
P48065	V470F	0.1165	benign
P48065	V470G	0.2168	benign
P48065	V470H	0.8877	pathogenic
P48065	V470I	0.0685	benign
P48065	V470K	0.8975	pathogenic
P48065	V470L	0.101	benign
P48065	V470M	0.1476	benign
P48065	V470N	0.7019	pathogenic
P48065	V470P	0.7776	pathogenic
P48065	V470Q	0.8043	pathogenic
P48065	V470R	0.8321	pathogenic
P48065	V470S	0.3178	benign
P48065	V470T	0.2425	benign
P48065	V470W	0.7758	pathogenic
P48065	V470Y	0.6721	pathogenic
P48065	C471A	0.3064	benign
P48065	C471D	0.978	pathogenic
P48065	C471E	0.9922	pathogenic
P48065	C471F	0.5317	ambiguous
P48065	C471G	0.2339	benign
P48065	C471H	0.9735	pathogenic
P48065	C471I	0.5656	pathogenic
P48065	C471K	0.9974	pathogenic
P48065	C471L	0.617	pathogenic
P48065	C471M	0.7526	pathogenic
P48065	C471N	0.8874	pathogenic
P48065	C471P	0.9516	pathogenic
P48065	C471Q	0.9784	pathogenic
P48065	C471R	0.9809	pathogenic
P48065	C471S	0.2561	benign
P48065	C471T	0.4479	ambiguous
P48065	C471V	0.3882	ambiguous
P48065	C471W	0.9389	pathogenic
P48065	C471Y	0.9031	pathogenic
P48065	I472A	0.8668	pathogenic
P48065	I472C	0.906	pathogenic
P48065	I472D	0.9926	pathogenic
P48065	I472E	0.9886	pathogenic
P48065	I472F	0.5154	ambiguous
P48065	I472G	0.9677	pathogenic
P48065	I472H	0.9817	pathogenic
P48065	I472K	0.9818	pathogenic
P48065	I472L	0.2387	benign
P48065	I472M	0.4081	ambiguous
P48065	I472N	0.9358	pathogenic
P48065	I472P	0.963	pathogenic
P48065	I472Q	0.9806	pathogenic
P48065	I472R	0.9698	pathogenic
P48065	I472S	0.8956	pathogenic
P48065	I472T	0.8326	pathogenic
P48065	I472V	0.0863	benign
P48065	I472W	0.9858	pathogenic
P48065	I472Y	0.9473	pathogenic
P48065	S473A	0.0952	benign
P48065	S473C	0.1429	benign
P48065	S473D	0.9657	pathogenic
P48065	S473E	0.9842	pathogenic
P48065	S473F	0.8764	pathogenic
P48065	S473G	0.0687	benign
P48065	S473H	0.9439	pathogenic
P48065	S473I	0.7609	pathogenic
P48065	S473K	0.9953	pathogenic
P48065	S473L	0.6572	pathogenic
P48065	S473M	0.7613	pathogenic
P48065	S473N	0.7777	pathogenic
P48065	S473P	0.8708	pathogenic
P48065	S473Q	0.9585	pathogenic
P48065	S473R	0.9829	pathogenic
P48065	S473T	0.2878	benign
P48065	S473V	0.6456	pathogenic
P48065	S473W	0.9379	pathogenic
P48065	S473Y	0.9034	pathogenic
P48065	W474A	0.7289	pathogenic
P48065	W474C	0.7904	pathogenic
P48065	W474D	0.9908	pathogenic
P48065	W474E	0.9845	pathogenic
P48065	W474F	0.3083	benign
P48065	W474G	0.5945	pathogenic
P48065	W474H	0.8856	pathogenic
P48065	W474I	0.8278	pathogenic
P48065	W474K	0.9658	pathogenic
P48065	W474L	0.5797	pathogenic
P48065	W474M	0.8344	pathogenic
P48065	W474N	0.9664	pathogenic
P48065	W474P	0.9895	pathogenic
P48065	W474Q	0.9543	pathogenic
P48065	W474R	0.9124	pathogenic
P48065	W474S	0.6993	pathogenic
P48065	W474T	0.7937	pathogenic
P48065	W474V	0.7125	pathogenic
P48065	W474Y	0.5023	ambiguous
P48065	V475A	0.2078	benign
P48065	V475C	0.5957	pathogenic
P48065	V475D	0.8707	pathogenic
P48065	V475E	0.8433	pathogenic
P48065	V475F	0.1454	benign
P48065	V475G	0.1985	benign
P48065	V475H	0.8699	pathogenic
P48065	V475I	0.0859	benign
P48065	V475K	0.8622	pathogenic
P48065	V475L	0.2575	benign
P48065	V475M	0.2433	benign
P48065	V475N	0.7066	pathogenic
P48065	V475P	0.8455	pathogenic
P48065	V475Q	0.7907	pathogenic
P48065	V475R	0.7799	pathogenic
P48065	V475S	0.401	ambiguous
P48065	V475T	0.3778	ambiguous
P48065	V475W	0.8205	pathogenic
P48065	V475Y	0.6606	pathogenic
P48065	Y476A	0.9692	pathogenic
P48065	Y476C	0.7123	pathogenic
P48065	Y476D	0.9443	pathogenic
P48065	Y476E	0.9866	pathogenic
P48065	Y476F	0.231	benign
P48065	Y476G	0.9292	pathogenic
P48065	Y476H	0.8306	pathogenic
P48065	Y476I	0.9517	pathogenic
P48065	Y476K	0.9883	pathogenic
P48065	Y476L	0.852	pathogenic
P48065	Y476M	0.9591	pathogenic
P48065	Y476N	0.8986	pathogenic
P48065	Y476P	0.9787	pathogenic
P48065	Y476Q	0.9802	pathogenic
P48065	Y476R	0.9519	pathogenic
P48065	Y476S	0.8799	pathogenic
P48065	Y476T	0.9667	pathogenic
P48065	Y476V	0.8983	pathogenic
P48065	Y476W	0.6025	pathogenic
P48065	G477A	0.8774	pathogenic
P48065	G477C	0.9204	pathogenic
P48065	G477D	0.8543	pathogenic
P48065	G477E	0.9403	pathogenic
P48065	G477F	0.9914	pathogenic
P48065	G477H	0.9334	pathogenic
P48065	G477I	0.9892	pathogenic
P48065	G477K	0.9234	pathogenic
P48065	G477L	0.9848	pathogenic
P48065	G477M	0.9888	pathogenic
P48065	G477N	0.9231	pathogenic
P48065	G477P	0.9918	pathogenic
P48065	G477Q	0.9206	pathogenic
P48065	G477R	0.8607	pathogenic
P48065	G477S	0.6365	pathogenic
P48065	G477T	0.8917	pathogenic
P48065	G477V	0.9699	pathogenic
P48065	G477W	0.9699	pathogenic
P48065	G477Y	0.981	pathogenic
P48065	A478C	0.5802	pathogenic
P48065	A478D	0.801	pathogenic
P48065	A478E	0.758	pathogenic
P48065	A478F	0.7483	pathogenic
P48065	A478G	0.1927	benign
P48065	A478H	0.8569	pathogenic
P48065	A478I	0.4253	ambiguous
P48065	A478K	0.85	pathogenic
P48065	A478L	0.5315	ambiguous
P48065	A478M	0.5044	ambiguous
P48065	A478N	0.7319	pathogenic
P48065	A478P	0.4087	ambiguous
P48065	A478Q	0.7575	pathogenic
P48065	A478R	0.7693	pathogenic
P48065	A478S	0.1478	benign
P48065	A478T	0.1613	benign
P48065	A478V	0.1832	benign
P48065	A478W	0.9179	pathogenic
P48065	A478Y	0.848	pathogenic
P48065	D479A	0.309	benign
P48065	D479C	0.6985	pathogenic
P48065	D479E	0.2199	benign
P48065	D479F	0.8311	pathogenic
P48065	D479G	0.1952	benign
P48065	D479H	0.2945	benign
P48065	D479I	0.6317	pathogenic
P48065	D479K	0.3756	ambiguous
P48065	D479L	0.663	pathogenic
P48065	D479M	0.805	pathogenic
P48065	D479N	0.1135	benign
P48065	D479P	0.7531	pathogenic
P48065	D479Q	0.3273	benign
P48065	D479R	0.337	benign
P48065	D479S	0.1605	benign
P48065	D479T	0.3833	ambiguous
P48065	D479V	0.4086	ambiguous
P48065	D479W	0.8977	pathogenic
P48065	D479Y	0.4	ambiguous
P48065	R480A	0.5512	ambiguous
P48065	R480C	0.1888	benign
P48065	R480D	0.7179	pathogenic
P48065	R480E	0.5348	ambiguous
P48065	R480F	0.7165	pathogenic
P48065	R480G	0.4298	ambiguous
P48065	R480H	0.122	benign
P48065	R480I	0.3933	ambiguous
P48065	R480K	0.212	benign
P48065	R480L	0.3067	benign
P48065	R480M	0.4996	ambiguous
P48065	R480N	0.5454	ambiguous
P48065	R480P	0.9147	pathogenic
P48065	R480Q	0.1348	benign
P48065	R480S	0.5789	pathogenic
P48065	R480T	0.3918	ambiguous
P48065	R480V	0.4551	ambiguous
P48065	R480W	0.3143	benign
P48065	R480Y	0.493	ambiguous
P48065	F481A	0.9695	pathogenic
P48065	F481C	0.8232	pathogenic
P48065	F481D	0.9957	pathogenic
P48065	F481E	0.9943	pathogenic
P48065	F481G	0.9838	pathogenic
P48065	F481H	0.9591	pathogenic
P48065	F481I	0.6835	pathogenic
P48065	F481K	0.9946	pathogenic
P48065	F481L	0.9081	pathogenic
P48065	F481M	0.8062	pathogenic
P48065	F481N	0.9811	pathogenic
P48065	F481P	0.9992	pathogenic
P48065	F481Q	0.9855	pathogenic
P48065	F481R	0.9855	pathogenic
P48065	F481S	0.975	pathogenic
P48065	F481T	0.971	pathogenic
P48065	F481V	0.7037	pathogenic
P48065	F481W	0.8075	pathogenic
P48065	F481Y	0.4167	ambiguous
P48065	Y482A	0.5822	pathogenic
P48065	Y482C	0.1096	benign
P48065	Y482D	0.7015	pathogenic
P48065	Y482E	0.8666	pathogenic
P48065	Y482F	0.1644	benign
P48065	Y482G	0.4389	ambiguous
P48065	Y482H	0.3729	ambiguous
P48065	Y482I	0.7514	pathogenic
P48065	Y482K	0.8735	pathogenic
P48065	Y482L	0.4374	ambiguous
P48065	Y482M	0.6451	pathogenic
P48065	Y482N	0.3791	ambiguous
P48065	Y482P	0.9764	pathogenic
P48065	Y482Q	0.6806	pathogenic
P48065	Y482R	0.6345	pathogenic
P48065	Y482S	0.2482	benign
P48065	Y482T	0.611	pathogenic
P48065	Y482V	0.5795	pathogenic
P48065	Y482W	0.4707	ambiguous
P48065	D483A	0.1868	benign
P48065	D483C	0.5158	ambiguous
P48065	D483E	0.2431	benign
P48065	D483F	0.6915	pathogenic
P48065	D483G	0.1494	benign
P48065	D483H	0.2372	benign
P48065	D483I	0.4899	ambiguous
P48065	D483K	0.3123	benign
P48065	D483L	0.4155	ambiguous
P48065	D483M	0.6783	pathogenic
P48065	D483N	0.1058	benign
P48065	D483P	0.9508	pathogenic
P48065	D483Q	0.2776	benign
P48065	D483R	0.2405	benign
P48065	D483S	0.1333	benign
P48065	D483T	0.2742	benign
P48065	D483V	0.3008	benign
P48065	D483W	0.8563	pathogenic
P48065	D483Y	0.2661	benign
P48065	N484A	0.6247	pathogenic
P48065	N484C	0.5232	ambiguous
P48065	N484D	0.1962	benign
P48065	N484E	0.8299	pathogenic
P48065	N484F	0.9487	pathogenic
P48065	N484G	0.6567	pathogenic
P48065	N484H	0.269	benign
P48065	N484I	0.717	pathogenic
P48065	N484K	0.8466	pathogenic
P48065	N484L	0.7709	pathogenic
P48065	N484M	0.8101	pathogenic
P48065	N484P	0.9759	pathogenic
P48065	N484Q	0.7778	pathogenic
P48065	N484R	0.7898	pathogenic
P48065	N484S	0.1729	benign
P48065	N484T	0.4694	ambiguous
P48065	N484V	0.6635	pathogenic
P48065	N484W	0.9779	pathogenic
P48065	N484Y	0.6616	pathogenic
P48065	I485A	0.5197	ambiguous
P48065	I485C	0.8615	pathogenic
P48065	I485D	0.9877	pathogenic
P48065	I485E	0.9507	pathogenic
P48065	I485F	0.6389	pathogenic
P48065	I485G	0.9442	pathogenic
P48065	I485H	0.9723	pathogenic
P48065	I485K	0.9448	pathogenic
P48065	I485L	0.1658	benign
P48065	I485M	0.1289	benign
P48065	I485N	0.8864	pathogenic
P48065	I485P	0.9831	pathogenic
P48065	I485Q	0.9251	pathogenic
P48065	I485R	0.9121	pathogenic
P48065	I485S	0.728	pathogenic
P48065	I485T	0.264	benign
P48065	I485V	0.0705	benign
P48065	I485W	0.9732	pathogenic
P48065	I485Y	0.9528	pathogenic
P48065	E486A	0.1636	benign
P48065	E486C	0.8076	pathogenic
P48065	E486D	0.5957	pathogenic
P48065	E486F	0.8662	pathogenic
P48065	E486G	0.2478	benign
P48065	E486H	0.4964	ambiguous
P48065	E486I	0.6475	pathogenic
P48065	E486K	0.1282	benign
P48065	E486L	0.6492	pathogenic
P48065	E486M	0.5783	pathogenic
P48065	E486N	0.6079	pathogenic
P48065	E486P	0.975	pathogenic
P48065	E486Q	0.0981	benign
P48065	E486R	0.1629	benign
P48065	E486S	0.2649	benign
P48065	E486T	0.2821	benign
P48065	E486V	0.3809	ambiguous
P48065	E486W	0.9312	pathogenic
P48065	E486Y	0.7694	pathogenic
P48065	D487A	0.5739	pathogenic
P48065	D487C	0.9251	pathogenic
P48065	D487E	0.5274	ambiguous
P48065	D487F	0.9037	pathogenic
P48065	D487G	0.5823	pathogenic
P48065	D487H	0.6151	pathogenic
P48065	D487I	0.8372	pathogenic
P48065	D487K	0.802	pathogenic
P48065	D487L	0.8438	pathogenic
P48065	D487M	0.9099	pathogenic
P48065	D487N	0.3767	ambiguous
P48065	D487P	0.9922	pathogenic
P48065	D487Q	0.7627	pathogenic
P48065	D487R	0.8309	pathogenic
P48065	D487S	0.5505	ambiguous
P48065	D487T	0.746	pathogenic
P48065	D487V	0.6391	pathogenic
P48065	D487W	0.9766	pathogenic
P48065	D487Y	0.5766	pathogenic
P48065	M488A	0.961	pathogenic
P48065	M488C	0.9649	pathogenic
P48065	M488D	0.9948	pathogenic
P48065	M488E	0.9685	pathogenic
P48065	M488F	0.9336	pathogenic
P48065	M488G	0.9868	pathogenic
P48065	M488H	0.9767	pathogenic
P48065	M488I	0.9748	pathogenic
P48065	M488K	0.9248	pathogenic
P48065	M488L	0.8023	pathogenic
P48065	M488N	0.978	pathogenic
P48065	M488P	0.9988	pathogenic
P48065	M488Q	0.8426	pathogenic
P48065	M488R	0.9296	pathogenic
P48065	M488S	0.9477	pathogenic
P48065	M488T	0.9623	pathogenic
P48065	M488V	0.8039	pathogenic
P48065	M488W	0.9915	pathogenic
P48065	M488Y	0.9884	pathogenic
P48065	I489A	0.4782	ambiguous
P48065	I489C	0.874	pathogenic
P48065	I489D	0.9753	pathogenic
P48065	I489E	0.9442	pathogenic
P48065	I489F	0.582	pathogenic
P48065	I489G	0.9092	pathogenic
P48065	I489H	0.958	pathogenic
P48065	I489K	0.9381	pathogenic
P48065	I489L	0.1826	benign
P48065	I489M	0.1796	benign
P48065	I489N	0.7947	pathogenic
P48065	I489P	0.9716	pathogenic
P48065	I489Q	0.9262	pathogenic
P48065	I489R	0.8743	pathogenic
P48065	I489S	0.6302	pathogenic
P48065	I489T	0.1565	benign
P48065	I489V	0.1318	benign
P48065	I489W	0.9637	pathogenic
P48065	I489Y	0.941	pathogenic
P48065	G490A	0.5892	pathogenic
P48065	G490C	0.6707	pathogenic
P48065	G490D	0.5343	ambiguous
P48065	G490E	0.7239	pathogenic
P48065	G490F	0.9706	pathogenic
P48065	G490H	0.7259	pathogenic
P48065	G490I	0.9415	pathogenic
P48065	G490K	0.774	pathogenic
P48065	G490L	0.9219	pathogenic
P48065	G490M	0.9508	pathogenic
P48065	G490N	0.608	pathogenic
P48065	G490P	0.9756	pathogenic
P48065	G490Q	0.6971	pathogenic
P48065	G490R	0.6442	pathogenic
P48065	G490S	0.2966	benign
P48065	G490T	0.7183	pathogenic
P48065	G490V	0.8863	pathogenic
P48065	G490W	0.9137	pathogenic
P48065	G490Y	0.9259	pathogenic
P48065	Y491A	0.6285	pathogenic
P48065	Y491C	0.1522	benign
P48065	Y491D	0.3881	ambiguous
P48065	Y491E	0.5558	ambiguous
P48065	Y491F	0.0943	benign
P48065	Y491G	0.5143	ambiguous
P48065	Y491H	0.1862	benign
P48065	Y491I	0.4925	ambiguous
P48065	Y491K	0.4677	ambiguous
P48065	Y491L	0.615	pathogenic
P48065	Y491M	0.6414	pathogenic
P48065	Y491N	0.2828	benign
P48065	Y491P	0.9168	pathogenic
P48065	Y491Q	0.4072	ambiguous
P48065	Y491R	0.3145	benign
P48065	Y491S	0.266	benign
P48065	Y491T	0.4732	ambiguous
P48065	Y491V	0.3915	ambiguous
P48065	Y491W	0.3865	ambiguous
P48065	R492A	0.6889	pathogenic
P48065	R492C	0.289	benign
P48065	R492D	0.894	pathogenic
P48065	R492E	0.5662	pathogenic
P48065	R492F	0.7671	pathogenic
P48065	R492G	0.5836	pathogenic
P48065	R492H	0.1539	benign
P48065	R492I	0.6222	pathogenic
P48065	R492K	0.1546	benign
P48065	R492L	0.4941	ambiguous
P48065	R492M	0.6655	pathogenic
P48065	R492N	0.8339	pathogenic
P48065	R492P	0.5754	pathogenic
P48065	R492Q	0.1453	benign
P48065	R492S	0.708	pathogenic
P48065	R492T	0.5397	ambiguous
P48065	R492V	0.6398	pathogenic
P48065	R492W	0.2829	benign
P48065	R492Y	0.4953	ambiguous
P48065	P493A	0.5637	ambiguous
P48065	P493C	0.9128	pathogenic
P48065	P493D	0.9902	pathogenic
P48065	P493E	0.971	pathogenic
P48065	P493F	0.9631	pathogenic
P48065	P493G	0.9432	pathogenic
P48065	P493H	0.9458	pathogenic
P48065	P493I	0.5929	pathogenic
P48065	P493K	0.9715	pathogenic
P48065	P493L	0.4787	ambiguous
P48065	P493M	0.8406	pathogenic
P48065	P493N	0.9818	pathogenic
P48065	P493Q	0.9335	pathogenic
P48065	P493R	0.9288	pathogenic
P48065	P493S	0.8921	pathogenic
P48065	P493T	0.7553	pathogenic
P48065	P493V	0.5263	ambiguous
P48065	P493W	0.986	pathogenic
P48065	P493Y	0.9757	pathogenic
P48065	W494A	0.2146	benign
P48065	W494C	0.2686	benign
P48065	W494D	0.7005	pathogenic
P48065	W494E	0.7358	pathogenic
P48065	W494F	0.1229	benign
P48065	W494G	0.1062	benign
P48065	W494H	0.368	ambiguous
P48065	W494I	0.274	benign
P48065	W494K	0.5464	ambiguous
P48065	W494L	0.106	benign
P48065	W494M	0.2688	benign
P48065	W494N	0.4518	ambiguous
P48065	W494P	0.4132	ambiguous
P48065	W494Q	0.5276	ambiguous
P48065	W494R	0.4482	ambiguous
P48065	W494S	0.1398	benign
P48065	W494T	0.2542	benign
P48065	W494V	0.2241	benign
P48065	W494Y	0.234	benign
P48065	P495A	0.1139	benign
P48065	P495C	0.4058	ambiguous
P48065	P495D	0.4986	ambiguous
P48065	P495E	0.3552	ambiguous
P48065	P495F	0.3072	benign
P48065	P495G	0.2618	benign
P48065	P495H	0.159	benign
P48065	P495I	0.2202	benign
P48065	P495K	0.2244	benign
P48065	P495L	0.1217	benign
P48065	P495M	0.2825	benign
P48065	P495N	0.3488	ambiguous
P48065	P495Q	0.1577	benign
P48065	P495R	0.1213	benign
P48065	P495S	0.1502	benign
P48065	P495T	0.1399	benign
P48065	P495V	0.1668	benign
P48065	P495W	0.3276	benign
P48065	P495Y	0.268	benign
P48065	L496A	0.1683	benign
P48065	L496C	0.4395	ambiguous
P48065	L496D	0.9099	pathogenic
P48065	L496E	0.7509	pathogenic
P48065	L496F	0.0832	benign
P48065	L496G	0.4263	ambiguous
P48065	L496H	0.5377	ambiguous
P48065	L496I	0.0932	benign
P48065	L496K	0.6792	pathogenic
P48065	L496M	0.1162	benign
P48065	L496N	0.7132	pathogenic
P48065	L496P	0.2547	benign
P48065	L496Q	0.4875	ambiguous
P48065	L496R	0.5653	pathogenic
P48065	L496S	0.3582	ambiguous
P48065	L496T	0.2752	benign
P48065	L496V	0.0853	benign
P48065	L496W	0.1881	benign
P48065	L496Y	0.3321	benign
P48065	V497A	0.4176	ambiguous
P48065	V497C	0.7431	pathogenic
P48065	V497D	0.9267	pathogenic
P48065	V497E	0.858	pathogenic
P48065	V497F	0.1851	benign
P48065	V497G	0.4699	ambiguous
P48065	V497H	0.9109	pathogenic
P48065	V497I	0.084	benign
P48065	V497K	0.9177	pathogenic
P48065	V497L	0.1525	benign
P48065	V497M	0.1686	benign
P48065	V497N	0.8081	pathogenic
P48065	V497P	0.6528	pathogenic
P48065	V497Q	0.8021	pathogenic
P48065	V497R	0.8642	pathogenic
P48065	V497S	0.6144	pathogenic
P48065	V497T	0.5522	ambiguous
P48065	V497W	0.8	pathogenic
P48065	V497Y	0.7155	pathogenic
P48065	K498A	0.8922	pathogenic
P48065	K498C	0.9228	pathogenic
P48065	K498D	0.976	pathogenic
P48065	K498E	0.7637	pathogenic
P48065	K498F	0.9624	pathogenic
P48065	K498G	0.8772	pathogenic
P48065	K498H	0.713	pathogenic
P48065	K498I	0.9052	pathogenic
P48065	K498L	0.8079	pathogenic
P48065	K498M	0.7477	pathogenic
P48065	K498N	0.9403	pathogenic
P48065	K498P	0.9578	pathogenic
P48065	K498Q	0.4092	ambiguous
P48065	K498R	0.1161	benign
P48065	K498S	0.916	pathogenic
P48065	K498T	0.8411	pathogenic
P48065	K498V	0.8571	pathogenic
P48065	K498W	0.9256	pathogenic
P48065	K498Y	0.8693	pathogenic
P48065	I499A	0.2507	benign
P48065	I499C	0.3888	ambiguous
P48065	I499D	0.8308	pathogenic
P48065	I499E	0.7966	pathogenic
P48065	I499F	0.0597	benign
P48065	I499G	0.3871	ambiguous
P48065	I499H	0.5182	ambiguous
P48065	I499K	0.5527	ambiguous
P48065	I499L	0.0704	benign
P48065	I499M	0.091	benign
P48065	I499N	0.3703	ambiguous
P48065	I499P	0.725	pathogenic
P48065	I499Q	0.6141	pathogenic
P48065	I499R	0.4323	ambiguous
P48065	I499S	0.2804	benign
P48065	I499T	0.2649	benign
P48065	I499V	0.0779	benign
P48065	I499W	0.3549	ambiguous
P48065	I499Y	0.1779	benign
P48065	S500A	0.1107	benign
P48065	S500C	0.0568	benign
P48065	S500D	0.9409	pathogenic
P48065	S500E	0.9721	pathogenic
P48065	S500F	0.5204	ambiguous
P48065	S500G	0.1182	benign
P48065	S500H	0.8987	pathogenic
P48065	S500I	0.5166	ambiguous
P48065	S500K	0.9945	pathogenic
P48065	S500L	0.2804	benign
P48065	S500M	0.4108	ambiguous
P48065	S500N	0.579	pathogenic
P48065	S500P	0.66	pathogenic
P48065	S500Q	0.9376	pathogenic
P48065	S500R	0.9847	pathogenic
P48065	S500T	0.1401	benign
P48065	S500V	0.431	ambiguous
P48065	S500W	0.7822	pathogenic
P48065	S500Y	0.7148	pathogenic
P48065	W501A	0.9541	pathogenic
P48065	W501C	0.9356	pathogenic
P48065	W501D	0.9983	pathogenic
P48065	W501E	0.9975	pathogenic
P48065	W501F	0.4793	ambiguous
P48065	W501G	0.8996	pathogenic
P48065	W501H	0.9851	pathogenic
P48065	W501I	0.8901	pathogenic
P48065	W501K	0.9987	pathogenic
P48065	W501L	0.5803	pathogenic
P48065	W501M	0.9029	pathogenic
P48065	W501N	0.9934	pathogenic
P48065	W501P	0.9947	pathogenic
P48065	W501Q	0.9955	pathogenic
P48065	W501R	0.9957	pathogenic
P48065	W501S	0.9313	pathogenic
P48065	W501T	0.9563	pathogenic
P48065	W501V	0.8616	pathogenic
P48065	W501Y	0.8108	pathogenic
P48065	L502A	0.2812	benign
P48065	L502C	0.3209	benign
P48065	L502D	0.8143	pathogenic
P48065	L502E	0.4418	ambiguous
P48065	L502F	0.1681	benign
P48065	L502G	0.4884	ambiguous
P48065	L502H	0.2381	benign
P48065	L502I	0.1288	benign
P48065	L502K	0.1544	benign
P48065	L502M	0.1074	benign
P48065	L502N	0.438	ambiguous
P48065	L502P	0.8176	pathogenic
P48065	L502Q	0.1275	benign
P48065	L502R	0.1095	benign
P48065	L502S	0.3081	benign
P48065	L502T	0.2366	benign
P48065	L502V	0.1098	benign
P48065	L502W	0.2391	benign
P48065	L502Y	0.2919	benign
P48065	F503A	0.4964	ambiguous
P48065	F503C	0.2056	benign
P48065	F503D	0.9705	pathogenic
P48065	F503E	0.9764	pathogenic
P48065	F503G	0.647	pathogenic
P48065	F503H	0.7956	pathogenic
P48065	F503I	0.157	benign
P48065	F503K	0.9533	pathogenic
P48065	F503L	0.6131	pathogenic
P48065	F503M	0.5362	ambiguous
P48065	F503N	0.8918	pathogenic
P48065	F503P	0.9478	pathogenic
P48065	F503Q	0.9271	pathogenic
P48065	F503R	0.8919	pathogenic
P48065	F503S	0.5009	ambiguous
P48065	F503T	0.579	pathogenic
P48065	F503V	0.1513	benign
P48065	F503W	0.4511	ambiguous
P48065	F503Y	0.194	benign
P48065	L504A	0.3311	benign
P48065	L504C	0.4096	ambiguous
P48065	L504D	0.9835	pathogenic
P48065	L504E	0.9522	pathogenic
P48065	L504F	0.0985	benign
P48065	L504G	0.5945	pathogenic
P48065	L504H	0.8635	pathogenic
P48065	L504I	0.1103	benign
P48065	L504K	0.9593	pathogenic
P48065	L504M	0.1654	benign
P48065	L504N	0.9201	pathogenic
P48065	L504P	0.7367	pathogenic
P48065	L504Q	0.8101	pathogenic
P48065	L504R	0.9062	pathogenic
P48065	L504S	0.5421	ambiguous
P48065	L504T	0.4223	ambiguous
P48065	L504V	0.1117	benign
P48065	L504W	0.4753	ambiguous
P48065	L504Y	0.7152	pathogenic
P48065	T505A	0.318	benign
P48065	T505C	0.7529	pathogenic
P48065	T505D	0.9811	pathogenic
P48065	T505E	0.9691	pathogenic
P48065	T505F	0.8723	pathogenic
P48065	T505G	0.7095	pathogenic
P48065	T505H	0.9194	pathogenic
P48065	T505I	0.5538	ambiguous
P48065	T505K	0.9671	pathogenic
P48065	T505L	0.4825	ambiguous
P48065	T505M	0.3621	ambiguous
P48065	T505N	0.7452	pathogenic
P48065	T505P	0.5667	pathogenic
P48065	T505Q	0.9014	pathogenic
P48065	T505R	0.9623	pathogenic
P48065	T505S	0.3826	ambiguous
P48065	T505V	0.4241	ambiguous
P48065	T505W	0.9846	pathogenic
P48065	T505Y	0.9362	pathogenic
P48065	P506A	0.638	pathogenic
P48065	P506C	0.9633	pathogenic
P48065	P506D	0.9926	pathogenic
P48065	P506E	0.984	pathogenic
P48065	P506F	0.9824	pathogenic
P48065	P506G	0.8998	pathogenic
P48065	P506H	0.9647	pathogenic
P48065	P506I	0.9208	pathogenic
P48065	P506K	0.9868	pathogenic
P48065	P506L	0.8215	pathogenic
P48065	P506M	0.9392	pathogenic
P48065	P506N	0.9833	pathogenic
P48065	P506Q	0.9459	pathogenic
P48065	P506R	0.9647	pathogenic
P48065	P506S	0.8021	pathogenic
P48065	P506T	0.7112	pathogenic
P48065	P506V	0.8364	pathogenic
P48065	P506W	0.9898	pathogenic
P48065	P506Y	0.9877	pathogenic
P48065	G507A	0.0631	benign
P48065	G507C	0.1087	benign
P48065	G507D	0.9033	pathogenic
P48065	G507E	0.8817	pathogenic
P48065	G507F	0.2553	benign
P48065	G507H	0.9	pathogenic
P48065	G507I	0.1146	benign
P48065	G507K	0.9639	pathogenic
P48065	G507L	0.1548	benign
P48065	G507M	0.2293	benign
P48065	G507N	0.7917	pathogenic
P48065	G507P	0.8149	pathogenic
P48065	G507Q	0.8641	pathogenic
P48065	G507R	0.9228	pathogenic
P48065	G507S	0.1244	benign
P48065	G507T	0.1213	benign
P48065	G507V	0.0792	benign
P48065	G507W	0.5497	ambiguous
P48065	G507Y	0.6224	pathogenic
P48065	L508A	0.4015	ambiguous
P48065	L508C	0.6064	pathogenic
P48065	L508D	0.985	pathogenic
P48065	L508E	0.9532	pathogenic
P48065	L508F	0.2059	benign
P48065	L508G	0.7294	pathogenic
P48065	L508H	0.8957	pathogenic
P48065	L508I	0.1105	benign
P48065	L508K	0.9588	pathogenic
P48065	L508M	0.159	benign
P48065	L508N	0.872	pathogenic
P48065	L508P	0.9126	pathogenic
P48065	L508Q	0.8475	pathogenic
P48065	L508R	0.9346	pathogenic
P48065	L508S	0.5889	pathogenic
P48065	L508T	0.353	ambiguous
P48065	L508V	0.1053	benign
P48065	L508W	0.7233	pathogenic
P48065	L508Y	0.8131	pathogenic
P48065	C509A	0.6906	pathogenic
P48065	C509D	0.9881	pathogenic
P48065	C509E	0.9943	pathogenic
P48065	C509F	0.7299	pathogenic
P48065	C509G	0.5159	ambiguous
P48065	C509H	0.9824	pathogenic
P48065	C509I	0.7506	pathogenic
P48065	C509K	0.9981	pathogenic
P48065	C509L	0.5702	pathogenic
P48065	C509M	0.8148	pathogenic
P48065	C509N	0.9221	pathogenic
P48065	C509P	0.9865	pathogenic
P48065	C509Q	0.9841	pathogenic
P48065	C509R	0.9895	pathogenic
P48065	C509S	0.5593	ambiguous
P48065	C509T	0.6639	pathogenic
P48065	C509V	0.5913	pathogenic
P48065	C509W	0.9783	pathogenic
P48065	C509Y	0.9357	pathogenic
P48065	L510A	0.1475	benign
P48065	L510C	0.3669	ambiguous
P48065	L510D	0.9611	pathogenic
P48065	L510E	0.899	pathogenic
P48065	L510F	0.0841	benign
P48065	L510G	0.3014	benign
P48065	L510H	0.7868	pathogenic
P48065	L510I	0.1032	benign
P48065	L510K	0.9092	pathogenic
P48065	L510M	0.0915	benign
P48065	L510N	0.8031	pathogenic
P48065	L510P	0.874	pathogenic
P48065	L510Q	0.7133	pathogenic
P48065	L510R	0.8612	pathogenic
P48065	L510S	0.2497	benign
P48065	L510T	0.1472	benign
P48065	L510V	0.094	benign
P48065	L510W	0.4527	ambiguous
P48065	L510Y	0.6056	pathogenic
P48065	A511C	0.3394	benign
P48065	A511D	0.9227	pathogenic
P48065	A511E	0.9212	pathogenic
P48065	A511F	0.2638	benign
P48065	A511G	0.0943	benign
P48065	A511H	0.9347	pathogenic
P48065	A511I	0.2657	benign
P48065	A511K	0.9715	pathogenic
P48065	A511L	0.1872	benign
P48065	A511M	0.2525	benign
P48065	A511N	0.8126	pathogenic
P48065	A511P	0.8138	pathogenic
P48065	A511Q	0.8902	pathogenic
P48065	A511R	0.9493	pathogenic
P48065	A511S	0.1424	benign
P48065	A511T	0.1266	benign
P48065	A511V	0.1407	benign
P48065	A511W	0.8282	pathogenic
P48065	A511Y	0.7167	pathogenic
P48065	T512A	0.1539	benign
P48065	T512C	0.4965	ambiguous
P48065	T512D	0.9663	pathogenic
P48065	T512E	0.9631	pathogenic
P48065	T512F	0.7176	pathogenic
P48065	T512G	0.5185	ambiguous
P48065	T512H	0.923	pathogenic
P48065	T512I	0.2353	benign
P48065	T512K	0.9592	pathogenic
P48065	T512L	0.2195	benign
P48065	T512M	0.2128	benign
P48065	T512N	0.6672	pathogenic
P48065	T512P	0.5801	pathogenic
P48065	T512Q	0.9139	pathogenic
P48065	T512R	0.9457	pathogenic
P48065	T512S	0.3018	benign
P48065	T512V	0.1549	benign
P48065	T512W	0.964	pathogenic
P48065	T512Y	0.8728	pathogenic
P48065	F513A	0.8335	pathogenic
P48065	F513C	0.6067	pathogenic
P48065	F513D	0.9952	pathogenic
P48065	F513E	0.9957	pathogenic
P48065	F513G	0.9195	pathogenic
P48065	F513H	0.9766	pathogenic
P48065	F513I	0.5166	ambiguous
P48065	F513K	0.9963	pathogenic
P48065	F513L	0.8249	pathogenic
P48065	F513M	0.7079	pathogenic
P48065	F513N	0.9787	pathogenic
P48065	F513P	0.9981	pathogenic
P48065	F513Q	0.9886	pathogenic
P48065	F513R	0.9897	pathogenic
P48065	F513S	0.8654	pathogenic
P48065	F513T	0.8767	pathogenic
P48065	F513V	0.4549	ambiguous
P48065	F513W	0.826	pathogenic
P48065	F513Y	0.5253	ambiguous
P48065	L514A	0.2166	benign
P48065	L514C	0.2928	benign
P48065	L514D	0.9469	pathogenic
P48065	L514E	0.8895	pathogenic
P48065	L514F	0.0918	benign
P48065	L514G	0.3828	ambiguous
P48065	L514H	0.7201	pathogenic
P48065	L514I	0.0893	benign
P48065	L514K	0.9068	pathogenic
P48065	L514M	0.1314	benign
P48065	L514N	0.743	pathogenic
P48065	L514P	0.8282	pathogenic
P48065	L514Q	0.712	pathogenic
P48065	L514R	0.8321	pathogenic
P48065	L514S	0.3091	benign
P48065	L514T	0.254	benign
P48065	L514V	0.0907	benign
P48065	L514W	0.3888	ambiguous
P48065	L514Y	0.502	ambiguous
P48065	F515A	0.8006	pathogenic
P48065	F515C	0.648	pathogenic
P48065	F515D	0.9772	pathogenic
P48065	F515E	0.987	pathogenic
P48065	F515G	0.9029	pathogenic
P48065	F515H	0.8876	pathogenic
P48065	F515I	0.5184	ambiguous
P48065	F515K	0.9876	pathogenic
P48065	F515L	0.9118	pathogenic
P48065	F515M	0.8222	pathogenic
P48065	F515N	0.9299	pathogenic
P48065	F515P	0.9931	pathogenic
P48065	F515Q	0.9657	pathogenic
P48065	F515R	0.9667	pathogenic
P48065	F515S	0.7282	pathogenic
P48065	F515T	0.8496	pathogenic
P48065	F515V	0.5072	ambiguous
P48065	F515W	0.6971	pathogenic
P48065	F515Y	0.278	benign
P48065	S516A	0.1481	benign
P48065	S516C	0.1748	benign
P48065	S516D	0.9036	pathogenic
P48065	S516E	0.9189	pathogenic
P48065	S516F	0.3542	ambiguous
P48065	S516G	0.2466	benign
P48065	S516H	0.6193	pathogenic
P48065	S516I	0.5285	ambiguous
P48065	S516K	0.9777	pathogenic
P48065	S516L	0.2395	benign
P48065	S516M	0.4006	ambiguous
P48065	S516N	0.5802	pathogenic
P48065	S516P	0.9159	pathogenic
P48065	S516Q	0.7925	pathogenic
P48065	S516R	0.9599	pathogenic
P48065	S516T	0.2078	benign
P48065	S516V	0.4397	ambiguous
P48065	S516W	0.5435	ambiguous
P48065	S516Y	0.295	benign
P48065	L517A	0.3224	benign
P48065	L517C	0.4518	ambiguous
P48065	L517D	0.9697	pathogenic
P48065	L517E	0.8452	pathogenic
P48065	L517F	0.1288	benign
P48065	L517G	0.7253	pathogenic
P48065	L517H	0.6903	pathogenic
P48065	L517I	0.0917	benign
P48065	L517K	0.8002	pathogenic
P48065	L517M	0.1183	benign
P48065	L517N	0.7938	pathogenic
P48065	L517P	0.9298	pathogenic
P48065	L517Q	0.5111	ambiguous
P48065	L517R	0.6866	pathogenic
P48065	L517S	0.4849	ambiguous
P48065	L517T	0.378	ambiguous
P48065	L517V	0.0906	benign
P48065	L517W	0.3607	ambiguous
P48065	L517Y	0.5524	ambiguous
P48065	S518A	0.0803	benign
P48065	S518C	0.0916	benign
P48065	S518D	0.5097	ambiguous
P48065	S518E	0.5042	ambiguous
P48065	S518F	0.1354	benign
P48065	S518G	0.1032	benign
P48065	S518H	0.2894	benign
P48065	S518I	0.092	benign
P48065	S518K	0.536	ambiguous
P48065	S518L	0.087	benign
P48065	S518M	0.1484	benign
P48065	S518N	0.1892	benign
P48065	S518P	0.4826	ambiguous
P48065	S518Q	0.3945	ambiguous
P48065	S518R	0.4231	ambiguous
P48065	S518T	0.076	benign
P48065	S518V	0.1041	benign
P48065	S518W	0.2087	benign
P48065	S518Y	0.1453	benign
P48065	K519A	0.2976	benign
P48065	K519C	0.5875	pathogenic
P48065	K519D	0.4534	ambiguous
P48065	K519E	0.1593	benign
P48065	K519F	0.6873	pathogenic
P48065	K519G	0.3738	ambiguous
P48065	K519H	0.2282	benign
P48065	K519I	0.3409	ambiguous
P48065	K519L	0.3606	ambiguous
P48065	K519M	0.2605	benign
P48065	K519N	0.3536	ambiguous
P48065	K519P	0.8094	pathogenic
P48065	K519Q	0.101	benign
P48065	K519R	0.0741	benign
P48065	K519S	0.2845	benign
P48065	K519T	0.159	benign
P48065	K519V	0.277	benign
P48065	K519W	0.6516	pathogenic
P48065	K519Y	0.5022	ambiguous
P48065	Y520A	0.7064	pathogenic
P48065	Y520C	0.4562	ambiguous
P48065	Y520D	0.5351	ambiguous
P48065	Y520E	0.811	pathogenic
P48065	Y520F	0.1228	benign
P48065	Y520G	0.6181	pathogenic
P48065	Y520H	0.317	benign
P48065	Y520I	0.7009	pathogenic
P48065	Y520K	0.8503	pathogenic
P48065	Y520L	0.6011	pathogenic
P48065	Y520M	0.7225	pathogenic
P48065	Y520N	0.3517	ambiguous
P48065	Y520P	0.866	pathogenic
P48065	Y520Q	0.7159	pathogenic
P48065	Y520R	0.7399	pathogenic
P48065	Y520S	0.4602	ambiguous
P48065	Y520T	0.7036	pathogenic
P48065	Y520V	0.5894	pathogenic
P48065	Y520W	0.4896	ambiguous
P48065	T521A	0.0822	benign
P48065	T521C	0.3962	ambiguous
P48065	T521D	0.2952	benign
P48065	T521E	0.1433	benign
P48065	T521F	0.2318	benign
P48065	T521G	0.2596	benign
P48065	T521H	0.1569	benign
P48065	T521I	0.1066	benign
P48065	T521K	0.1093	benign
P48065	T521L	0.0994	benign
P48065	T521M	0.0988	benign
P48065	T521N	0.1254	benign
P48065	T521P	0.2067	benign
P48065	T521Q	0.1196	benign
P48065	T521R	0.1011	benign
P48065	T521S	0.0925	benign
P48065	T521V	0.0915	benign
P48065	T521W	0.5536	ambiguous
P48065	T521Y	0.2222	benign
P48065	P522A	0.1271	benign
P48065	P522C	0.7832	pathogenic
P48065	P522D	0.6132	pathogenic
P48065	P522E	0.3341	benign
P48065	P522F	0.7237	pathogenic
P48065	P522G	0.5528	ambiguous
P48065	P522H	0.3219	benign
P48065	P522I	0.4805	ambiguous
P48065	P522K	0.4023	ambiguous
P48065	P522L	0.2638	benign
P48065	P522M	0.5269	ambiguous
P48065	P522N	0.6057	pathogenic
P48065	P522Q	0.2498	benign
P48065	P522R	0.2256	benign
P48065	P522S	0.2453	benign
P48065	P522T	0.2207	benign
P48065	P522V	0.3111	benign
P48065	P522W	0.8145	pathogenic
P48065	P522Y	0.6318	pathogenic
P48065	L523A	0.8684	pathogenic
P48065	L523C	0.9572	pathogenic
P48065	L523D	0.9963	pathogenic
P48065	L523E	0.9647	pathogenic
P48065	L523F	0.8508	pathogenic
P48065	L523G	0.9766	pathogenic
P48065	L523H	0.9694	pathogenic
P48065	L523I	0.3711	ambiguous
P48065	L523K	0.9463	pathogenic
P48065	L523M	0.4154	ambiguous
P48065	L523N	0.9807	pathogenic
P48065	L523P	0.7741	pathogenic
P48065	L523Q	0.8933	pathogenic
P48065	L523R	0.905	pathogenic
P48065	L523S	0.9703	pathogenic
P48065	L523T	0.9217	pathogenic
P48065	L523V	0.3389	benign
P48065	L523W	0.9468	pathogenic
P48065	L523Y	0.9667	pathogenic
P48065	K524A	0.3618	ambiguous
P48065	K524C	0.6489	pathogenic
P48065	K524D	0.749	pathogenic
P48065	K524E	0.2032	benign
P48065	K524F	0.7447	pathogenic
P48065	K524G	0.564	ambiguous
P48065	K524H	0.2522	benign
P48065	K524I	0.2699	benign
P48065	K524L	0.3155	benign
P48065	K524M	0.2107	benign
P48065	K524N	0.4974	ambiguous
P48065	K524P	0.8767	pathogenic
P48065	K524Q	0.1125	benign
P48065	K524R	0.076	benign
P48065	K524S	0.365	ambiguous
P48065	K524T	0.0915	benign
P48065	K524V	0.2272	benign
P48065	K524W	0.726	pathogenic
P48065	K524Y	0.5757	pathogenic
P48065	Y525A	0.9558	pathogenic
P48065	Y525C	0.8595	pathogenic
P48065	Y525D	0.9297	pathogenic
P48065	Y525E	0.9738	pathogenic
P48065	Y525F	0.2252	benign
P48065	Y525G	0.9069	pathogenic
P48065	Y525H	0.8884	pathogenic
P48065	Y525I	0.8441	pathogenic
P48065	Y525K	0.9697	pathogenic
P48065	Y525L	0.7314	pathogenic
P48065	Y525M	0.8611	pathogenic
P48065	Y525N	0.851	pathogenic
P48065	Y525P	0.9887	pathogenic
P48065	Y525Q	0.9633	pathogenic
P48065	Y525R	0.939	pathogenic
P48065	Y525S	0.8993	pathogenic
P48065	Y525T	0.9474	pathogenic
P48065	Y525V	0.7787	pathogenic
P48065	Y525W	0.7483	pathogenic
P48065	N526A	0.5144	ambiguous
P48065	N526C	0.605	pathogenic
P48065	N526D	0.265	benign
P48065	N526E	0.7025	pathogenic
P48065	N526F	0.8862	pathogenic
P48065	N526G	0.3356	benign
P48065	N526H	0.193	benign
P48065	N526I	0.7682	pathogenic
P48065	N526K	0.4911	ambiguous
P48065	N526L	0.5172	ambiguous
P48065	N526M	0.7194	pathogenic
P48065	N526P	0.8935	pathogenic
P48065	N526Q	0.4509	ambiguous
P48065	N526R	0.4116	ambiguous
P48065	N526S	0.1205	benign
P48065	N526T	0.4758	ambiguous
P48065	N526V	0.7222	pathogenic
P48065	N526W	0.9168	pathogenic
P48065	N526Y	0.4393	ambiguous
P48065	N527A	0.223	benign
P48065	N527C	0.4603	ambiguous
P48065	N527D	0.1115	benign
P48065	N527E	0.3118	benign
P48065	N527F	0.6468	pathogenic
P48065	N527G	0.2202	benign
P48065	N527H	0.0937	benign
P48065	N527I	0.4156	ambiguous
P48065	N527K	0.1933	benign
P48065	N527L	0.3359	benign
P48065	N527M	0.4097	ambiguous
P48065	N527P	0.7454	pathogenic
P48065	N527Q	0.243	benign
P48065	N527R	0.1951	benign
P48065	N527S	0.0854	benign
P48065	N527T	0.1662	benign
P48065	N527V	0.36	ambiguous
P48065	N527W	0.7806	pathogenic
P48065	N527Y	0.2206	benign
P48065	V528A	0.1054	benign
P48065	V528C	0.5661	pathogenic
P48065	V528D	0.1179	benign
P48065	V528E	0.117	benign
P48065	V528F	0.0953	benign
P48065	V528G	0.1232	benign
P48065	V528H	0.2211	benign
P48065	V528I	0.0653	benign
P48065	V528K	0.1365	benign
P48065	V528L	0.1259	benign
P48065	V528M	0.1061	benign
P48065	V528N	0.0975	benign
P48065	V528P	0.6438	pathogenic
P48065	V528Q	0.1432	benign
P48065	V528R	0.1252	benign
P48065	V528S	0.0901	benign
P48065	V528T	0.0824	benign
P48065	V528W	0.5187	ambiguous
P48065	V528Y	0.2216	benign
P48065	Y529A	0.8962	pathogenic
P48065	Y529C	0.7697	pathogenic
P48065	Y529D	0.8617	pathogenic
P48065	Y529E	0.9383	pathogenic
P48065	Y529F	0.2334	benign
P48065	Y529G	0.8781	pathogenic
P48065	Y529H	0.7901	pathogenic
P48065	Y529I	0.7768	pathogenic
P48065	Y529K	0.9571	pathogenic
P48065	Y529L	0.7499	pathogenic
P48065	Y529M	0.883	pathogenic
P48065	Y529N	0.7363	pathogenic
P48065	Y529P	0.9578	pathogenic
P48065	Y529Q	0.9288	pathogenic
P48065	Y529R	0.8746	pathogenic
P48065	Y529S	0.7277	pathogenic
P48065	Y529T	0.8216	pathogenic
P48065	Y529V	0.6567	pathogenic
P48065	Y529W	0.7652	pathogenic
P48065	V530A	0.1846	benign
P48065	V530C	0.7268	pathogenic
P48065	V530D	0.2008	benign
P48065	V530E	0.1272	benign
P48065	V530F	0.1589	benign
P48065	V530G	0.2628	benign
P48065	V530H	0.3538	ambiguous
P48065	V530I	0.074	benign
P48065	V530K	0.2266	benign
P48065	V530L	0.1561	benign
P48065	V530M	0.138	benign
P48065	V530N	0.1926	benign
P48065	V530P	0.5364	ambiguous
P48065	V530Q	0.1917	benign
P48065	V530R	0.2014	benign
P48065	V530S	0.1665	benign
P48065	V530T	0.1332	benign
P48065	V530W	0.7443	pathogenic
P48065	V530Y	0.3934	ambiguous
P48065	Y531A	0.9825	pathogenic
P48065	Y531C	0.9349	pathogenic
P48065	Y531D	0.9873	pathogenic
P48065	Y531E	0.9959	pathogenic
P48065	Y531F	0.1668	benign
P48065	Y531G	0.9782	pathogenic
P48065	Y531H	0.9625	pathogenic
P48065	Y531I	0.9395	pathogenic
P48065	Y531K	0.9967	pathogenic
P48065	Y531L	0.8316	pathogenic
P48065	Y531M	0.9632	pathogenic
P48065	Y531N	0.967	pathogenic
P48065	Y531P	0.9624	pathogenic
P48065	Y531Q	0.9953	pathogenic
P48065	Y531R	0.9905	pathogenic
P48065	Y531S	0.9496	pathogenic
P48065	Y531T	0.9868	pathogenic
P48065	Y531V	0.9192	pathogenic
P48065	Y531W	0.8395	pathogenic
P48065	P532A	0.6881	pathogenic
P48065	P532C	0.9827	pathogenic
P48065	P532D	0.9461	pathogenic
P48065	P532E	0.8497	pathogenic
P48065	P532F	0.9876	pathogenic
P48065	P532G	0.9184	pathogenic
P48065	P532H	0.8441	pathogenic
P48065	P532I	0.961	pathogenic
P48065	P532K	0.9235	pathogenic
P48065	P532L	0.788	pathogenic
P48065	P532M	0.962	pathogenic
P48065	P532N	0.9619	pathogenic
P48065	P532Q	0.8194	pathogenic
P48065	P532R	0.845	pathogenic
P48065	P532S	0.7606	pathogenic
P48065	P532T	0.7841	pathogenic
P48065	P532V	0.9202	pathogenic
P48065	P532W	0.9901	pathogenic
P48065	P532Y	0.9773	pathogenic
P48065	P533A	0.0617	benign
P48065	P533C	0.4325	ambiguous
P48065	P533D	0.1628	benign
P48065	P533E	0.1412	benign
P48065	P533F	0.2554	benign
P48065	P533G	0.1918	benign
P48065	P533H	0.1222	benign
P48065	P533I	0.172	benign
P48065	P533K	0.177	benign
P48065	P533L	0.0932	benign
P48065	P533M	0.1902	benign
P48065	P533N	0.1771	benign
P48065	P533Q	0.1098	benign
P48065	P533R	0.1265	benign
P48065	P533S	0.0789	benign
P48065	P533T	0.0786	benign
P48065	P533V	0.1249	benign
P48065	P533W	0.2829	benign
P48065	P533Y	0.218	benign
P48065	W534A	0.5365	ambiguous
P48065	W534C	0.928	pathogenic
P48065	W534D	0.9702	pathogenic
P48065	W534E	0.9355	pathogenic
P48065	W534F	0.3936	ambiguous
P48065	W534G	0.4755	ambiguous
P48065	W534H	0.9445	pathogenic
P48065	W534I	0.7011	pathogenic
P48065	W534K	0.9835	pathogenic
P48065	W534L	0.5116	ambiguous
P48065	W534M	0.7323	pathogenic
P48065	W534N	0.9591	pathogenic
P48065	W534P	0.9241	pathogenic
P48065	W534Q	0.9546	pathogenic
P48065	W534R	0.965	pathogenic
P48065	W534S	0.523	ambiguous
P48065	W534T	0.6463	pathogenic
P48065	W534V	0.6226	pathogenic
P48065	W534Y	0.7212	pathogenic
P48065	G535A	0.1999	benign
P48065	G535C	0.7101	pathogenic
P48065	G535D	0.977	pathogenic
P48065	G535E	0.965	pathogenic
P48065	G535F	0.962	pathogenic
P48065	G535H	0.9893	pathogenic
P48065	G535I	0.8196	pathogenic
P48065	G535K	0.9944	pathogenic
P48065	G535L	0.8968	pathogenic
P48065	G535M	0.9029	pathogenic
P48065	G535N	0.9711	pathogenic
P48065	G535P	0.9925	pathogenic
P48065	G535Q	0.9713	pathogenic
P48065	G535R	0.9849	pathogenic
P48065	G535S	0.3422	ambiguous
P48065	G535T	0.6627	pathogenic
P48065	G535V	0.6858	pathogenic
P48065	G535W	0.9687	pathogenic
P48065	G535Y	0.9698	pathogenic
P48065	Y536A	0.4114	ambiguous
P48065	Y536C	0.2088	benign
P48065	Y536D	0.1643	benign
P48065	Y536E	0.4124	ambiguous
P48065	Y536F	0.1302	benign
P48065	Y536G	0.4298	ambiguous
P48065	Y536H	0.2137	benign
P48065	Y536I	0.3519	ambiguous
P48065	Y536K	0.603	pathogenic
P48065	Y536L	0.3408	ambiguous
P48065	Y536M	0.4887	ambiguous
P48065	Y536N	0.1072	benign
P48065	Y536P	0.8772	pathogenic
P48065	Y536Q	0.39	ambiguous
P48065	Y536R	0.4897	ambiguous
P48065	Y536S	0.1565	benign
P48065	Y536T	0.303	benign
P48065	Y536V	0.2746	benign
P48065	Y536W	0.5545	ambiguous
P48065	S537A	0.0595	benign
P48065	S537C	0.0774	benign
P48065	S537D	0.6067	pathogenic
P48065	S537E	0.6664	pathogenic
P48065	S537F	0.1066	benign
P48065	S537G	0.0624	benign
P48065	S537H	0.4195	ambiguous
P48065	S537I	0.1063	benign
P48065	S537K	0.7498	pathogenic
P48065	S537L	0.0872	benign
P48065	S537M	0.1402	benign
P48065	S537N	0.2375	benign
P48065	S537P	0.3919	ambiguous
P48065	S537Q	0.5767	pathogenic
P48065	S537R	0.6485	pathogenic
P48065	S537T	0.0713	benign
P48065	S537V	0.1015	benign
P48065	S537W	0.2192	benign
P48065	S537Y	0.1389	benign
P48065	I538A	0.1501	benign
P48065	I538C	0.6541	pathogenic
P48065	I538D	0.9659	pathogenic
P48065	I538E	0.9177	pathogenic
P48065	I538F	0.1192	benign
P48065	I538G	0.616	pathogenic
P48065	I538H	0.9086	pathogenic
P48065	I538K	0.9047	pathogenic
P48065	I538L	0.0668	benign
P48065	I538M	0.081	benign
P48065	I538N	0.8234	pathogenic
P48065	I538P	0.8394	pathogenic
P48065	I538Q	0.8597	pathogenic
P48065	I538R	0.8331	pathogenic
P48065	I538S	0.3975	ambiguous
P48065	I538T	0.1313	benign
P48065	I538V	0.0663	benign
P48065	I538W	0.7509	pathogenic
P48065	I538Y	0.7426	pathogenic
P48065	G539A	0.7606	pathogenic
P48065	G539C	0.9634	pathogenic
P48065	G539D	0.9942	pathogenic
P48065	G539E	0.992	pathogenic
P48065	G539F	0.9919	pathogenic
P48065	G539H	0.9978	pathogenic
P48065	G539I	0.9813	pathogenic
P48065	G539K	0.9969	pathogenic
P48065	G539L	0.9847	pathogenic
P48065	G539M	0.9935	pathogenic
P48065	G539N	0.9959	pathogenic
P48065	G539P	0.9944	pathogenic
P48065	G539Q	0.9911	pathogenic
P48065	G539R	0.987	pathogenic
P48065	G539S	0.8495	pathogenic
P48065	G539T	0.9703	pathogenic
P48065	G539V	0.9677	pathogenic
P48065	G539W	0.9897	pathogenic
P48065	G539Y	0.9942	pathogenic
P48065	W540A	0.4867	ambiguous
P48065	W540C	0.6432	pathogenic
P48065	W540D	0.975	pathogenic
P48065	W540E	0.967	pathogenic
P48065	W540F	0.2138	benign
P48065	W540G	0.3135	benign
P48065	W540H	0.9183	pathogenic
P48065	W540I	0.4023	ambiguous
P48065	W540K	0.9733	pathogenic
P48065	W540L	0.2348	benign
P48065	W540M	0.506	ambiguous
P48065	W540N	0.887	pathogenic
P48065	W540P	0.9844	pathogenic
P48065	W540Q	0.9511	pathogenic
P48065	W540R	0.9539	pathogenic
P48065	W540S	0.458	ambiguous
P48065	W540T	0.5371	ambiguous
P48065	W540V	0.3702	ambiguous
P48065	W540Y	0.4911	ambiguous
P48065	F541A	0.1663	benign
P48065	F541C	0.0875	benign
P48065	F541D	0.8953	pathogenic
P48065	F541E	0.9161	pathogenic
P48065	F541G	0.2121	benign
P48065	F541H	0.818	pathogenic
P48065	F541I	0.0753	benign
P48065	F541K	0.9331	pathogenic
P48065	F541L	0.2079	benign
P48065	F541M	0.1564	benign
P48065	F541N	0.6699	pathogenic
P48065	F541P	0.8938	pathogenic
P48065	F541Q	0.84	pathogenic
P48065	F541R	0.8921	pathogenic
P48065	F541S	0.1837	benign
P48065	F541T	0.2042	benign
P48065	F541V	0.075	benign
P48065	F541W	0.4815	ambiguous
P48065	F541Y	0.3138	benign
P48065	L542A	0.7073	pathogenic
P48065	L542C	0.7365	pathogenic
P48065	L542D	0.9953	pathogenic
P48065	L542E	0.9688	pathogenic
P48065	L542F	0.2042	benign
P48065	L542G	0.8937	pathogenic
P48065	L542H	0.9161	pathogenic
P48065	L542I	0.375	ambiguous
P48065	L542K	0.9686	pathogenic
P48065	L542M	0.1519	benign
P48065	L542N	0.9682	pathogenic
P48065	L542P	0.9282	pathogenic
P48065	L542Q	0.8305	pathogenic
P48065	L542R	0.9398	pathogenic
P48065	L542S	0.8315	pathogenic
P48065	L542T	0.7163	pathogenic
P48065	L542V	0.3696	ambiguous
P48065	L542W	0.6574	pathogenic
P48065	L542Y	0.8623	pathogenic
P48065	A543C	0.7113	pathogenic
P48065	A543D	0.9762	pathogenic
P48065	A543E	0.9581	pathogenic
P48065	A543F	0.7864	pathogenic
P48065	A543G	0.2468	benign
P48065	A543H	0.9571	pathogenic
P48065	A543I	0.8685	pathogenic
P48065	A543K	0.9865	pathogenic
P48065	A543L	0.6722	pathogenic
P48065	A543M	0.7126	pathogenic
P48065	A543N	0.918	pathogenic
P48065	A543P	0.9345	pathogenic
P48065	A543Q	0.8944	pathogenic
P48065	A543R	0.9568	pathogenic
P48065	A543S	0.1654	benign
P48065	A543T	0.3722	ambiguous
P48065	A543V	0.6227	pathogenic
P48065	A543W	0.969	pathogenic
P48065	A543Y	0.9157	pathogenic
P48065	L544A	0.1897	benign
P48065	L544C	0.3341	benign
P48065	L544D	0.9514	pathogenic
P48065	L544E	0.8691	pathogenic
P48065	L544F	0.091	benign
P48065	L544G	0.3342	benign
P48065	L544H	0.7426	pathogenic
P48065	L544I	0.1215	benign
P48065	L544K	0.8875	pathogenic
P48065	L544M	0.1038	benign
P48065	L544N	0.7177	pathogenic
P48065	L544P	0.9013	pathogenic
P48065	L544Q	0.6303	pathogenic
P48065	L544R	0.8107	pathogenic
P48065	L544S	0.259	benign
P48065	L544T	0.2372	benign
P48065	L544V	0.1024	benign
P48065	L544W	0.4252	ambiguous
P48065	L544Y	0.564	pathogenic
P48065	S545A	0.2139	benign
P48065	S545C	0.2646	benign
P48065	S545D	0.9864	pathogenic
P48065	S545E	0.9935	pathogenic
P48065	S545F	0.7206	pathogenic
P48065	S545G	0.2373	benign
P48065	S545H	0.9561	pathogenic
P48065	S545I	0.7484	pathogenic
P48065	S545K	0.9987	pathogenic
P48065	S545L	0.4737	ambiguous
P48065	S545M	0.5925	pathogenic
P48065	S545N	0.9089	pathogenic
P48065	S545P	0.8308	pathogenic
P48065	S545Q	0.9817	pathogenic
P48065	S545R	0.9979	pathogenic
P48065	S545T	0.1339	benign
P48065	S545V	0.6308	pathogenic
P48065	S545W	0.886	pathogenic
P48065	S545Y	0.9079	pathogenic
P48065	S546A	0.2623	benign
P48065	S546C	0.4223	ambiguous
P48065	S546D	0.9891	pathogenic
P48065	S546E	0.9914	pathogenic
P48065	S546F	0.9587	pathogenic
P48065	S546G	0.4181	ambiguous
P48065	S546H	0.9811	pathogenic
P48065	S546I	0.8819	pathogenic
P48065	S546K	0.9985	pathogenic
P48065	S546L	0.784	pathogenic
P48065	S546M	0.8662	pathogenic
P48065	S546N	0.9417	pathogenic
P48065	S546P	0.4999	ambiguous
P48065	S546Q	0.9822	pathogenic
P48065	S546R	0.9968	pathogenic
P48065	S546T	0.3748	ambiguous
P48065	S546V	0.7795	pathogenic
P48065	S546W	0.9778	pathogenic
P48065	S546Y	0.9682	pathogenic
P48065	M547A	0.6198	pathogenic
P48065	M547C	0.8716	pathogenic
P48065	M547D	0.9932	pathogenic
P48065	M547E	0.9465	pathogenic
P48065	M547F	0.7526	pathogenic
P48065	M547G	0.8988	pathogenic
P48065	M547H	0.9852	pathogenic
P48065	M547I	0.5701	pathogenic
P48065	M547K	0.9352	pathogenic
P48065	M547L	0.2485	benign
P48065	M547N	0.9556	pathogenic
P48065	M547P	0.9689	pathogenic
P48065	M547Q	0.8759	pathogenic
P48065	M547R	0.9373	pathogenic
P48065	M547S	0.778	pathogenic
P48065	M547T	0.4926	ambiguous
P48065	M547V	0.127	benign
P48065	M547W	0.9701	pathogenic
P48065	M547Y	0.9731	pathogenic
P48065	V548A	0.0983	benign
P48065	V548C	0.4659	ambiguous
P48065	V548D	0.7585	pathogenic
P48065	V548E	0.7598	pathogenic
P48065	V548F	0.1177	benign
P48065	V548G	0.1216	benign
P48065	V548H	0.8366	pathogenic
P48065	V548I	0.074	benign
P48065	V548K	0.858	pathogenic
P48065	V548L	0.0853	benign
P48065	V548M	0.1223	benign
P48065	V548N	0.5439	ambiguous
P48065	V548P	0.7963	pathogenic
P48065	V548Q	0.7218	pathogenic
P48065	V548R	0.7825	pathogenic
P48065	V548S	0.1726	benign
P48065	V548T	0.1603	benign
P48065	V548W	0.7695	pathogenic
P48065	V548Y	0.6363	pathogenic
P48065	C549A	0.459	ambiguous
P48065	C549D	0.969	pathogenic
P48065	C549E	0.9807	pathogenic
P48065	C549F	0.2508	benign
P48065	C549G	0.2884	benign
P48065	C549H	0.9413	pathogenic
P48065	C549I	0.6852	pathogenic
P48065	C549K	0.9945	pathogenic
P48065	C549L	0.4188	ambiguous
P48065	C549M	0.5928	pathogenic
P48065	C549N	0.8307	pathogenic
P48065	C549P	0.8595	pathogenic
P48065	C549Q	0.9315	pathogenic
P48065	C549R	0.9645	pathogenic
P48065	C549S	0.3485	ambiguous
P48065	C549T	0.552	ambiguous
P48065	C549V	0.5406	ambiguous
P48065	C549W	0.7468	pathogenic
P48065	C549Y	0.7299	pathogenic
P48065	V550A	0.6001	pathogenic
P48065	V550C	0.8678	pathogenic
P48065	V550D	0.9686	pathogenic
P48065	V550E	0.9418	pathogenic
P48065	V550F	0.4814	ambiguous
P48065	V550G	0.6052	pathogenic
P48065	V550H	0.9768	pathogenic
P48065	V550I	0.0823	benign
P48065	V550K	0.9711	pathogenic
P48065	V550L	0.3453	ambiguous
P48065	V550M	0.3738	ambiguous
P48065	V550N	0.9021	pathogenic
P48065	V550P	0.6299	pathogenic
P48065	V550Q	0.9338	pathogenic
P48065	V550R	0.9577	pathogenic
P48065	V550S	0.7131	pathogenic
P48065	V550T	0.6281	pathogenic
P48065	V550W	0.9773	pathogenic
P48065	V550Y	0.943	pathogenic
P48065	P551A	0.4771	ambiguous
P48065	P551C	0.8594	pathogenic
P48065	P551D	0.9867	pathogenic
P48065	P551E	0.9797	pathogenic
P48065	P551F	0.8086	pathogenic
P48065	P551G	0.7958	pathogenic
P48065	P551H	0.9294	pathogenic
P48065	P551I	0.5934	pathogenic
P48065	P551K	0.9898	pathogenic
P48065	P551L	0.3972	ambiguous
P48065	P551M	0.7731	pathogenic
P48065	P551N	0.9637	pathogenic
P48065	P551Q	0.9356	pathogenic
P48065	P551R	0.9638	pathogenic
P48065	P551S	0.6697	pathogenic
P48065	P551T	0.5336	ambiguous
P48065	P551V	0.4949	ambiguous
P48065	P551W	0.9444	pathogenic
P48065	P551Y	0.9234	pathogenic
P48065	L552A	0.1525	benign
P48065	L552C	0.3339	benign
P48065	L552D	0.9425	pathogenic
P48065	L552E	0.8732	pathogenic
P48065	L552F	0.1108	benign
P48065	L552G	0.2912	benign
P48065	L552H	0.7316	pathogenic
P48065	L552I	0.0991	benign
P48065	L552K	0.8888	pathogenic
P48065	L552M	0.1181	benign
P48065	L552N	0.7455	pathogenic
P48065	L552P	0.6368	pathogenic
P48065	L552Q	0.6471	pathogenic
P48065	L552R	0.7893	pathogenic
P48065	L552S	0.2217	benign
P48065	L552T	0.1837	benign
P48065	L552V	0.0849	benign
P48065	L552W	0.3902	ambiguous
P48065	L552Y	0.5609	ambiguous
P48065	F553A	0.3518	ambiguous
P48065	F553C	0.199	benign
P48065	F553D	0.8939	pathogenic
P48065	F553E	0.9051	pathogenic
P48065	F553G	0.5571	ambiguous
P48065	F553H	0.6093	pathogenic
P48065	F553I	0.2843	benign
P48065	F553K	0.917	pathogenic
P48065	F553L	0.7548	pathogenic
P48065	F553M	0.48	ambiguous
P48065	F553N	0.6675	pathogenic
P48065	F553P	0.9222	pathogenic
P48065	F553Q	0.7959	pathogenic
P48065	F553R	0.8097	pathogenic
P48065	F553S	0.2528	benign
P48065	F553T	0.3229	benign
P48065	F553V	0.1979	benign
P48065	F553W	0.3248	benign
P48065	F553Y	0.1498	benign
P48065	V554A	0.1027	benign
P48065	V554C	0.5063	ambiguous
P48065	V554D	0.7925	pathogenic
P48065	V554E	0.7961	pathogenic
P48065	V554F	0.1161	benign
P48065	V554G	0.1896	benign
P48065	V554H	0.8369	pathogenic
P48065	V554I	0.0793	benign
P48065	V554K	0.8628	pathogenic
P48065	V554L	0.1307	benign
P48065	V554M	0.1152	benign
P48065	V554N	0.6104	pathogenic
P48065	V554P	0.639	pathogenic
P48065	V554Q	0.7351	pathogenic
P48065	V554R	0.778	pathogenic
P48065	V554S	0.1996	benign
P48065	V554T	0.1578	benign
P48065	V554W	0.7462	pathogenic
P48065	V554Y	0.6465	pathogenic
P48065	V555A	0.1168	benign
P48065	V555C	0.3599	ambiguous
P48065	V555D	0.7865	pathogenic
P48065	V555E	0.785	pathogenic
P48065	V555F	0.0868	benign
P48065	V555G	0.127	benign
P48065	V555H	0.7906	pathogenic
P48065	V555I	0.0739	benign
P48065	V555K	0.8087	pathogenic
P48065	V555L	0.087	benign
P48065	V555M	0.1143	benign
P48065	V555N	0.5474	ambiguous
P48065	V555P	0.5522	ambiguous
P48065	V555Q	0.7134	pathogenic
P48065	V555R	0.7226	pathogenic
P48065	V555S	0.2165	benign
P48065	V555T	0.1614	benign
P48065	V555W	0.6253	pathogenic
P48065	V555Y	0.5172	ambiguous
P48065	I556A	0.2117	benign
P48065	I556C	0.3826	ambiguous
P48065	I556D	0.6579	pathogenic
P48065	I556E	0.606	pathogenic
P48065	I556F	0.0671	benign
P48065	I556G	0.326	benign
P48065	I556H	0.4239	ambiguous
P48065	I556K	0.4188	ambiguous
P48065	I556L	0.0822	benign
P48065	I556M	0.0884	benign
P48065	I556N	0.2667	benign
P48065	I556P	0.6959	pathogenic
P48065	I556Q	0.4209	ambiguous
P48065	I556R	0.2845	benign
P48065	I556S	0.206	benign
P48065	I556T	0.1934	benign
P48065	I556V	0.0687	benign
P48065	I556W	0.3862	ambiguous
P48065	I556Y	0.2529	benign
P48065	T557A	0.0709	benign
P48065	T557C	0.2323	benign
P48065	T557D	0.3287	benign
P48065	T557E	0.2694	benign
P48065	T557F	0.2001	benign
P48065	T557G	0.1706	benign
P48065	T557H	0.1793	benign
P48065	T557I	0.1391	benign
P48065	T557K	0.1744	benign
P48065	T557L	0.0924	benign
P48065	T557M	0.1033	benign
P48065	T557N	0.107	benign
P48065	T557P	0.1937	benign
P48065	T557Q	0.1847	benign
P48065	T557R	0.1333	benign
P48065	T557S	0.0924	benign
P48065	T557V	0.1251	benign
P48065	T557W	0.4271	ambiguous
P48065	T557Y	0.1914	benign
P48065	L558A	0.3907	ambiguous
P48065	L558C	0.514	ambiguous
P48065	L558D	0.9628	pathogenic
P48065	L558E	0.8731	pathogenic
P48065	L558F	0.1068	benign
P48065	L558G	0.6852	pathogenic
P48065	L558H	0.6658	pathogenic
P48065	L558I	0.1032	benign
P48065	L558K	0.8433	pathogenic
P48065	L558M	0.1191	benign
P48065	L558N	0.8089	pathogenic
P48065	L558P	0.827	pathogenic
P48065	L558Q	0.6121	pathogenic
P48065	L558R	0.7128	pathogenic
P48065	L558S	0.5425	ambiguous
P48065	L558T	0.4338	ambiguous
P48065	L558V	0.0998	benign
P48065	L558W	0.299	benign
P48065	L558Y	0.4813	ambiguous
P48065	L559A	0.1829	benign
P48065	L559C	0.2564	benign
P48065	L559D	0.7893	pathogenic
P48065	L559E	0.4857	ambiguous
P48065	L559F	0.0996	benign
P48065	L559G	0.3209	benign
P48065	L559H	0.2662	benign
P48065	L559I	0.124	benign
P48065	L559K	0.3019	benign
P48065	L559M	0.1133	benign
P48065	L559N	0.4916	ambiguous
P48065	L559P	0.5727	pathogenic
P48065	L559Q	0.1811	benign
P48065	L559R	0.1865	benign
P48065	L559S	0.2294	benign
P48065	L559T	0.2339	benign
P48065	L559V	0.1062	benign
P48065	L559W	0.1179	benign
P48065	L559Y	0.2739	benign
P48065	K560A	0.2674	benign
P48065	K560C	0.4341	ambiguous
P48065	K560D	0.4738	ambiguous
P48065	K560E	0.1436	benign
P48065	K560F	0.5792	pathogenic
P48065	K560G	0.2638	benign
P48065	K560H	0.202	benign
P48065	K560I	0.3345	benign
P48065	K560L	0.2554	benign
P48065	K560M	0.2093	benign
P48065	K560N	0.2982	benign
P48065	K560P	0.6697	pathogenic
P48065	K560Q	0.0824	benign
P48065	K560R	0.0645	benign
P48065	K560S	0.2753	benign
P48065	K560T	0.1464	benign
P48065	K560V	0.2986	benign
P48065	K560W	0.4426	ambiguous
P48065	K560Y	0.42	ambiguous
P48065	T561A	0.0822	benign
P48065	T561C	0.3229	benign
P48065	T561D	0.3706	ambiguous
P48065	T561E	0.2277	benign
P48065	T561F	0.2767	benign
P48065	T561G	0.1638	benign
P48065	T561H	0.2432	benign
P48065	T561I	0.1853	benign
P48065	T561K	0.2085	benign
P48065	T561L	0.1392	benign
P48065	T561M	0.107	benign
P48065	T561N	0.1283	benign
P48065	T561P	0.2736	benign
P48065	T561Q	0.1773	benign
P48065	T561R	0.1609	benign
P48065	T561S	0.1129	benign
P48065	T561V	0.1506	benign
P48065	T561W	0.5216	ambiguous
P48065	T561Y	0.2524	benign
P48065	R562A	0.1271	benign
P48065	R562C	0.1348	benign
P48065	R562D	0.1751	benign
P48065	R562E	0.1106	benign
P48065	R562F	0.423	ambiguous
P48065	R562G	0.0912	benign
P48065	R562H	0.086	benign
P48065	R562I	0.2186	benign
P48065	R562K	0.0728	benign
P48065	R562L	0.1637	benign
P48065	R562M	0.2143	benign
P48065	R562N	0.2041	benign
P48065	R562P	0.0809	benign
P48065	R562Q	0.0702	benign
P48065	R562S	0.1337	benign
P48065	R562T	0.0956	benign
P48065	R562V	0.1989	benign
P48065	R562W	0.1534	benign
P48065	R562Y	0.269	benign
P48065	G563A	0.4389	ambiguous
P48065	G563C	0.6233	pathogenic
P48065	G563D	0.6477	pathogenic
P48065	G563E	0.6038	pathogenic
P48065	G563F	0.8058	pathogenic
P48065	G563H	0.837	pathogenic
P48065	G563I	0.5813	pathogenic
P48065	G563K	0.8251	pathogenic
P48065	G563L	0.659	pathogenic
P48065	G563M	0.7787	pathogenic
P48065	G563N	0.7814	pathogenic
P48065	G563P	0.9154	pathogenic
P48065	G563Q	0.763	pathogenic
P48065	G563R	0.7852	pathogenic
P48065	G563S	0.422	ambiguous
P48065	G563T	0.5885	pathogenic
P48065	G563V	0.4954	ambiguous
P48065	G563W	0.7119	pathogenic
P48065	G563Y	0.7445	pathogenic
P48065	P564A	0.0785	benign
P48065	P564C	0.2239	benign
P48065	P564D	0.1859	benign
P48065	P564E	0.2047	benign
P48065	P564F	0.3618	ambiguous
P48065	P564G	0.1611	benign
P48065	P564H	0.1113	benign
P48065	P564I	0.2881	benign
P48065	P564K	0.2224	benign
P48065	P564L	0.1338	benign
P48065	P564M	0.2668	benign
P48065	P564N	0.1524	benign
P48065	P564Q	0.137	benign
P48065	P564R	0.1378	benign
P48065	P564S	0.0677	benign
P48065	P564T	0.0694	benign
P48065	P564V	0.1912	benign
P48065	P564W	0.4086	ambiguous
P48065	P564Y	0.276	benign
P48065	F565A	0.3087	benign
P48065	F565C	0.267	benign
P48065	F565D	0.8209	pathogenic
P48065	F565E	0.824	pathogenic
P48065	F565G	0.5739	pathogenic
P48065	F565H	0.6521	pathogenic
P48065	F565I	0.1111	benign
P48065	F565K	0.749	pathogenic
P48065	F565L	0.3059	benign
P48065	F565M	0.3035	benign
P48065	F565N	0.7088	pathogenic
P48065	F565P	0.4572	ambiguous
P48065	F565Q	0.7114	pathogenic
P48065	F565R	0.5936	pathogenic
P48065	F565S	0.384	ambiguous
P48065	F565T	0.4014	ambiguous
P48065	F565V	0.1164	benign
P48065	F565W	0.2569	benign
P48065	F565Y	0.2138	benign
P48065	R566A	0.1932	benign
P48065	R566C	0.1381	benign
P48065	R566D	0.4577	ambiguous
P48065	R566E	0.2156	benign
P48065	R566F	0.3099	benign
P48065	R566G	0.1035	benign
P48065	R566H	0.1107	benign
P48065	R566I	0.1688	benign
P48065	R566K	0.0874	benign
P48065	R566L	0.1353	benign
P48065	R566M	0.1766	benign
P48065	R566N	0.3615	ambiguous
P48065	R566P	0.1999	benign
P48065	R566Q	0.0845	benign
P48065	R566S	0.2016	benign
P48065	R566T	0.1425	benign
P48065	R566V	0.1919	benign
P48065	R566W	0.1004	benign
P48065	R566Y	0.2548	benign
P48065	K567A	0.1965	benign
P48065	K567C	0.5437	ambiguous
P48065	K567D	0.2418	benign
P48065	K567E	0.0703	benign
P48065	K567F	0.5587	ambiguous
P48065	K567G	0.2456	benign
P48065	K567H	0.2221	benign
P48065	K567I	0.2102	benign
P48065	K567L	0.1948	benign
P48065	K567M	0.1477	benign
P48065	K567N	0.2499	benign
P48065	K567P	0.4212	ambiguous
P48065	K567Q	0.0711	benign
P48065	K567R	0.0791	benign
P48065	K567S	0.2372	benign
P48065	K567T	0.1092	benign
P48065	K567V	0.1705	benign
P48065	K567W	0.5324	ambiguous
P48065	K567Y	0.419	ambiguous
P48065	R568A	0.689	pathogenic
P48065	R568C	0.3978	ambiguous
P48065	R568D	0.9048	pathogenic
P48065	R568E	0.7001	pathogenic
P48065	R568F	0.893	pathogenic
P48065	R568G	0.6125	pathogenic
P48065	R568H	0.4181	ambiguous
P48065	R568I	0.4702	ambiguous
P48065	R568K	0.2731	benign
P48065	R568L	0.5239	ambiguous
P48065	R568M	0.6389	pathogenic
P48065	R568N	0.8137	pathogenic
P48065	R568P	0.8814	pathogenic
P48065	R568Q	0.2484	benign
P48065	R568S	0.8161	pathogenic
P48065	R568T	0.5677	pathogenic
P48065	R568V	0.475	ambiguous
P48065	R568W	0.5965	pathogenic
P48065	R568Y	0.7528	pathogenic
P48065	L569A	0.3914	ambiguous
P48065	L569C	0.3714	ambiguous
P48065	L569D	0.959	pathogenic
P48065	L569E	0.8135	pathogenic
P48065	L569F	0.0845	benign
P48065	L569G	0.7002	pathogenic
P48065	L569H	0.5782	pathogenic
P48065	L569I	0.0871	benign
P48065	L569K	0.6668	pathogenic
P48065	L569M	0.1227	benign
P48065	L569N	0.8147	pathogenic
P48065	L569P	0.7757	pathogenic
P48065	L569Q	0.4685	ambiguous
P48065	L569R	0.4803	ambiguous
P48065	L569S	0.6083	pathogenic
P48065	L569T	0.4824	ambiguous
P48065	L569V	0.1008	benign
P48065	L569W	0.1325	benign
P48065	L569Y	0.3442	ambiguous
P48065	R570A	0.1701	benign
P48065	R570C	0.0896	benign
P48065	R570D	0.329	benign
P48065	R570E	0.1729	benign
P48065	R570F	0.2326	benign
P48065	R570G	0.113	benign
P48065	R570H	0.0769	benign
P48065	R570I	0.1424	benign
P48065	R570K	0.0942	benign
P48065	R570L	0.103	benign
P48065	R570M	0.1716	benign
P48065	R570N	0.2719	benign
P48065	R570P	0.4067	ambiguous
P48065	R570Q	0.0675	benign
P48065	R570S	0.1827	benign
P48065	R570T	0.1395	benign
P48065	R570V	0.1658	benign
P48065	R570W	0.1011	benign
P48065	R570Y	0.1743	benign
P48065	Q571A	0.1747	benign
P48065	Q571C	0.3739	ambiguous
P48065	Q571D	0.2637	benign
P48065	Q571E	0.0756	benign
P48065	Q571F	0.378	ambiguous
P48065	Q571G	0.2029	benign
P48065	Q571H	0.1464	benign
P48065	Q571I	0.1972	benign
P48065	Q571K	0.0952	benign
P48065	Q571L	0.0803	benign
P48065	Q571M	0.2397	benign
P48065	Q571N	0.2403	benign
P48065	Q571P	0.3759	ambiguous
P48065	Q571R	0.0848	benign
P48065	Q571S	0.2131	benign
P48065	Q571T	0.1601	benign
P48065	Q571V	0.1457	benign
P48065	Q571W	0.3085	benign
P48065	Q571Y	0.2505	benign
P48065	L572A	0.3824	ambiguous
P48065	L572C	0.5368	ambiguous
P48065	L572D	0.8964	pathogenic
P48065	L572E	0.6869	pathogenic
P48065	L572F	0.4014	ambiguous
P48065	L572G	0.5731	pathogenic
P48065	L572H	0.55	ambiguous
P48065	L572I	0.1963	benign
P48065	L572K	0.6647	pathogenic
P48065	L572M	0.1693	benign
P48065	L572N	0.5507	ambiguous
P48065	L572P	0.8855	pathogenic
P48065	L572Q	0.3707	ambiguous
P48065	L572R	0.4949	ambiguous
P48065	L572S	0.4844	ambiguous
P48065	L572T	0.4382	ambiguous
P48065	L572V	0.1625	benign
P48065	L572W	0.6234	pathogenic
P48065	L572Y	0.6483	pathogenic
P48065	I573A	0.1683	benign
P48065	I573C	0.3809	ambiguous
P48065	I573D	0.7846	pathogenic
P48065	I573E	0.661	pathogenic
P48065	I573F	0.1362	benign
P48065	I573G	0.4239	ambiguous
P48065	I573H	0.551	ambiguous
P48065	I573K	0.4097	ambiguous
P48065	I573L	0.0808	benign
P48065	I573M	0.0853	benign
P48065	I573N	0.3536	ambiguous
P48065	I573P	0.7287	pathogenic
P48065	I573Q	0.4321	ambiguous
P48065	I573R	0.2798	benign
P48065	I573S	0.1894	benign
P48065	I573T	0.0918	benign
P48065	I573V	0.0649	benign
P48065	I573W	0.6056	pathogenic
P48065	I573Y	0.4862	ambiguous
P48065	T574A	0.0753	benign
P48065	T574C	0.2385	benign
P48065	T574D	0.3158	benign
P48065	T574E	0.1733	benign
P48065	T574F	0.1657	benign
P48065	T574G	0.2262	benign
P48065	T574H	0.1536	benign
P48065	T574I	0.0964	benign
P48065	T574K	0.1178	benign
P48065	T574L	0.0809	benign
P48065	T574M	0.0867	benign
P48065	T574N	0.1374	benign
P48065	T574P	0.2503	benign
P48065	T574Q	0.1225	benign
P48065	T574R	0.0898	benign
P48065	T574S	0.1118	benign
P48065	T574V	0.0938	benign
P48065	T574W	0.4153	ambiguous
P48065	T574Y	0.1954	benign
P48065	P575A	0.1056	benign
P48065	P575C	0.7311	pathogenic
P48065	P575D	0.883	pathogenic
P48065	P575E	0.7324	pathogenic
P48065	P575F	0.8831	pathogenic
P48065	P575G	0.5464	ambiguous
P48065	P575H	0.6171	pathogenic
P48065	P575I	0.7776	pathogenic
P48065	P575K	0.733	pathogenic
P48065	P575L	0.5385	ambiguous
P48065	P575M	0.7898	pathogenic
P48065	P575N	0.846	pathogenic
P48065	P575Q	0.5583	ambiguous
P48065	P575R	0.4755	ambiguous
P48065	P575S	0.3105	benign
P48065	P575T	0.3295	benign
P48065	P575V	0.5363	ambiguous
P48065	P575W	0.9029	pathogenic
P48065	P575Y	0.8621	pathogenic
P48065	D576A	0.1262	benign
P48065	D576C	0.4317	ambiguous
P48065	D576E	0.2	benign
P48065	D576F	0.5814	pathogenic
P48065	D576G	0.2163	benign
P48065	D576H	0.171	benign
P48065	D576I	0.3738	ambiguous
P48065	D576K	0.4003	ambiguous
P48065	D576L	0.3758	ambiguous
P48065	D576M	0.6447	pathogenic
P48065	D576N	0.1277	benign
P48065	D576P	0.5298	ambiguous
P48065	D576Q	0.2933	benign
P48065	D576R	0.3419	ambiguous
P48065	D576S	0.1086	benign
P48065	D576T	0.2456	benign
P48065	D576V	0.2105	benign
P48065	D576W	0.8428	pathogenic
P48065	D576Y	0.1949	benign
P48065	S577A	0.0652	benign
P48065	S577C	0.089	benign
P48065	S577D	0.1241	benign
P48065	S577E	0.1544	benign
P48065	S577F	0.1336	benign
P48065	S577G	0.0817	benign
P48065	S577H	0.1294	benign
P48065	S577I	0.1029	benign
P48065	S577K	0.1999	benign
P48065	S577L	0.0867	benign
P48065	S577M	0.1703	benign
P48065	S577N	0.1	benign
P48065	S577P	0.0543	benign
P48065	S577Q	0.1698	benign
P48065	S577R	0.1514	benign
P48065	S577T	0.0736	benign
P48065	S577V	0.104	benign
P48065	S577W	0.1729	benign
P48065	S577Y	0.1174	benign
P48065	S578A	0.0923	benign
P48065	S578C	0.1088	benign
P48065	S578D	0.1627	benign
P48065	S578E	0.2755	benign
P48065	S578F	0.2185	benign
P48065	S578G	0.0964	benign
P48065	S578H	0.2056	benign
P48065	S578I	0.1882	benign
P48065	S578K	0.4	ambiguous
P48065	S578L	0.1465	benign
P48065	S578M	0.2478	benign
P48065	S578N	0.1283	benign
P48065	S578P	0.3179	benign
P48065	S578Q	0.303	benign
P48065	S578R	0.3	benign
P48065	S578T	0.0844	benign
P48065	S578V	0.1734	benign
P48065	S578W	0.2939	benign
P48065	S578Y	0.1729	benign
P48065	L579A	0.7625	pathogenic
P48065	L579C	0.8775	pathogenic
P48065	L579D	0.9609	pathogenic
P48065	L579E	0.8469	pathogenic
P48065	L579F	0.3782	ambiguous
P48065	L579G	0.8842	pathogenic
P48065	L579H	0.762	pathogenic
P48065	L579I	0.1907	benign
P48065	L579K	0.7865	pathogenic
P48065	L579M	0.2944	benign
P48065	L579N	0.875	pathogenic
P48065	L579P	0.791	pathogenic
P48065	L579Q	0.663	pathogenic
P48065	L579R	0.6385	pathogenic
P48065	L579S	0.8474	pathogenic
P48065	L579T	0.7198	pathogenic
P48065	L579V	0.255	benign
P48065	L579W	0.6761	pathogenic
P48065	L579Y	0.7376	pathogenic
P48065	P580A	0.1253	benign
P48065	P580C	0.4332	ambiguous
P48065	P580D	0.5123	ambiguous
P48065	P580E	0.2884	benign
P48065	P580F	0.4539	ambiguous
P48065	P580G	0.3413	ambiguous
P48065	P580H	0.1806	benign
P48065	P580I	0.2864	benign
P48065	P580K	0.2215	benign
P48065	P580L	0.1389	benign
P48065	P580M	0.4015	ambiguous
P48065	P580N	0.4425	ambiguous
P48065	P580Q	0.1513	benign
P48065	P580R	0.1111	benign
P48065	P580S	0.1969	benign
P48065	P580T	0.1573	benign
P48065	P580V	0.202	benign
P48065	P580W	0.5256	ambiguous
P48065	P580Y	0.3821	ambiguous
P48065	Q581A	0.145	benign
P48065	Q581C	0.4234	ambiguous
P48065	Q581D	0.3068	benign
P48065	Q581E	0.0839	benign
P48065	Q581F	0.4354	ambiguous
P48065	Q581G	0.1725	benign
P48065	Q581H	0.1887	benign
P48065	Q581I	0.2252	benign
P48065	Q581K	0.0872	benign
P48065	Q581L	0.089	benign
P48065	Q581M	0.2828	benign
P48065	Q581N	0.2915	benign
P48065	Q581P	0.0821	benign
P48065	Q581R	0.0749	benign
P48065	Q581S	0.173	benign
P48065	Q581T	0.1593	benign
P48065	Q581V	0.1358	benign
P48065	Q581W	0.3629	ambiguous
P48065	Q581Y	0.3103	benign
P48065	P582A	0.0862	benign
P48065	P582C	0.4022	ambiguous
P48065	P582D	0.3968	ambiguous
P48065	P582E	0.2124	benign
P48065	P582F	0.4411	ambiguous
P48065	P582G	0.2236	benign
P48065	P582H	0.1925	benign
P48065	P582I	0.2746	benign
P48065	P582K	0.1888	benign
P48065	P582L	0.1436	benign
P48065	P582M	0.309	benign
P48065	P582N	0.3209	benign
P48065	P582Q	0.1422	benign
P48065	P582R	0.1225	benign
P48065	P582S	0.1572	benign
P48065	P582T	0.117	benign
P48065	P582V	0.1724	benign
P48065	P582W	0.5098	ambiguous
P48065	P582Y	0.3579	ambiguous
P48065	K583A	0.1439	benign
P48065	K583C	0.372	ambiguous
P48065	K583D	0.2527	benign
P48065	K583E	0.0915	benign
P48065	K583F	0.4313	ambiguous
P48065	K583G	0.1491	benign
P48065	K583H	0.194	benign
P48065	K583I	0.1813	benign
P48065	K583L	0.1666	benign
P48065	K583M	0.1686	benign
P48065	K583N	0.2303	benign
P48065	K583P	0.1938	benign
P48065	K583Q	0.0856	benign
P48065	K583R	0.0594	benign
P48065	K583S	0.1877	benign
P48065	K583T	0.1169	benign
P48065	K583V	0.1544	benign
P48065	K583W	0.4524	ambiguous
P48065	K583Y	0.355	ambiguous
P48065	Q584A	0.0903	benign
P48065	Q584C	0.2698	benign
P48065	Q584D	0.1458	benign
P48065	Q584E	0.0666	benign
P48065	Q584F	0.3117	benign
P48065	Q584G	0.0936	benign
P48065	Q584H	0.1099	benign
P48065	Q584I	0.1492	benign
P48065	Q584K	0.0669	benign
P48065	Q584L	0.081	benign
P48065	Q584M	0.2078	benign
P48065	Q584N	0.1413	benign
P48065	Q584P	0.0538	benign
P48065	Q584R	0.0614	benign
P48065	Q584S	0.1038	benign
P48065	Q584T	0.092	benign
P48065	Q584V	0.1029	benign
P48065	Q584W	0.2098	benign
P48065	Q584Y	0.1913	benign
P48065	H585A	0.1131	benign
P48065	H585C	0.1046	benign
P48065	H585D	0.1019	benign
P48065	H585E	0.1197	benign
P48065	H585F	0.1662	benign
P48065	H585G	0.122	benign
P48065	H585I	0.1401	benign
P48065	H585K	0.1054	benign
P48065	H585L	0.0791	benign
P48065	H585M	0.2359	benign
P48065	H585N	0.0844	benign
P48065	H585P	0.0669	benign
P48065	H585Q	0.0905	benign
P48065	H585R	0.0663	benign
P48065	H585S	0.1083	benign
P48065	H585T	0.1203	benign
P48065	H585V	0.1143	benign
P48065	H585W	0.1867	benign
P48065	H585Y	0.0749	benign
P48065	P586A	0.0574	benign
P48065	P586C	0.1254	benign
P48065	P586D	0.125	benign
P48065	P586E	0.1048	benign
P48065	P586F	0.1322	benign
P48065	P586G	0.1072	benign
P48065	P586H	0.0633	benign
P48065	P586I	0.0982	benign
P48065	P586K	0.105	benign
P48065	P586L	0.0657	benign
P48065	P586M	0.1498	benign
P48065	P586N	0.1192	benign
P48065	P586Q	0.0699	benign
P48065	P586R	0.0613	benign
P48065	P586S	0.0665	benign
P48065	P586T	0.0639	benign
P48065	P586V	0.0789	benign
P48065	P586W	0.1704	benign
P48065	P586Y	0.1205	benign
P48065	C587A	0.0862	benign
P48065	C587D	0.0826	benign
P48065	C587E	0.1395	benign
P48065	C587F	0.0611	benign
P48065	C587G	0.0619	benign
P48065	C587H	0.0735	benign
P48065	C587I	0.1051	benign
P48065	C587K	0.1341	benign
P48065	C587L	0.0916	benign
P48065	C587M	0.219	benign
P48065	C587N	0.0914	benign
P48065	C587P	0.0877	benign
P48065	C587Q	0.0985	benign
P48065	C587R	0.0649	benign
P48065	C587S	0.0697	benign
P48065	C587T	0.1071	benign
P48065	C587V	0.0956	benign
P48065	C587W	0.1176	benign
P48065	C587Y	0.0625	benign
P48065	L588A	0.0653	benign
P48065	L588C	0.1593	benign
P48065	L588D	0.1476	benign
P48065	L588E	0.0957	benign
P48065	L588F	0.0703	benign
P48065	L588G	0.109	benign
P48065	L588H	0.0756	benign
P48065	L588I	0.0778	benign
P48065	L588K	0.0847	benign
P48065	L588M	0.0929	benign
P48065	L588N	0.1199	benign
P48065	L588P	0.0502	benign
P48065	L588Q	0.0624	benign
P48065	L588R	0.0569	benign
P48065	L588S	0.0676	benign
P48065	L588T	0.0694	benign
P48065	L588V	0.0644	benign
P48065	L588W	0.0851	benign
P48065	L588Y	0.1378	benign
P48065	D589A	0.0691	benign
P48065	D589C	0.1919	benign
P48065	D589E	0.0844	benign
P48065	D589F	0.1903	benign
P48065	D589G	0.0625	benign
P48065	D589H	0.0809	benign
P48065	D589I	0.1436	benign
P48065	D589K	0.1182	benign
P48065	D589L	0.1209	benign
P48065	D589M	0.274	benign
P48065	D589N	0.0812	benign
P48065	D589P	0.1275	benign
P48065	D589Q	0.1036	benign
P48065	D589R	0.0952	benign
P48065	D589S	0.0711	benign
P48065	D589T	0.1007	benign
P48065	D589V	0.0895	benign
P48065	D589W	0.3578	ambiguous
P48065	D589Y	0.0853	benign
P48065	G590A	0.0763	benign
P48065	G590C	0.0979	benign
P48065	G590D	0.0718	benign
P48065	G590E	0.0832	benign
P48065	G590F	0.1728	benign
P48065	G590H	0.1077	benign
P48065	G590I	0.1026	benign
P48065	G590K	0.1207	benign
P48065	G590L	0.1388	benign
P48065	G590M	0.1912	benign
P48065	G590N	0.1163	benign
P48065	G590P	0.1811	benign
P48065	G590Q	0.1121	benign
P48065	G590R	0.0865	benign
P48065	G590S	0.076	benign
P48065	G590T	0.0819	benign
P48065	G590V	0.0793	benign
P48065	G590W	0.1326	benign
P48065	G590Y	0.1241	benign
P48065	S591A	0.0651	benign
P48065	S591C	0.0711	benign
P48065	S591D	0.0971	benign
P48065	S591E	0.1225	benign
P48065	S591F	0.0953	benign
P48065	S591G	0.0595	benign
P48065	S591H	0.0996	benign
P48065	S591I	0.0858	benign
P48065	S591K	0.1498	benign
P48065	S591L	0.082	benign
P48065	S591M	0.1384	benign
P48065	S591N	0.0789	benign
P48065	S591P	0.0667	benign
P48065	S591Q	0.1454	benign
P48065	S591R	0.1123	benign
P48065	S591T	0.0686	benign
P48065	S591V	0.0909	benign
P48065	S591W	0.1169	benign
P48065	S591Y	0.0855	benign
P48065	A592C	0.1699	benign
P48065	A592D	0.0934	benign
P48065	A592E	0.0971	benign
P48065	A592F	0.1243	benign
P48065	A592G	0.0746	benign
P48065	A592H	0.1353	benign
P48065	A592I	0.1185	benign
P48065	A592K	0.1345	benign
P48065	A592L	0.087	benign
P48065	A592M	0.1283	benign
P48065	A592N	0.1265	benign
P48065	A592P	0.068	benign
P48065	A592Q	0.1164	benign
P48065	A592R	0.0988	benign
P48065	A592S	0.0733	benign
P48065	A592T	0.068	benign
P48065	A592V	0.0789	benign
P48065	A592W	0.2076	benign
P48065	A592Y	0.1548	benign
P48065	G593A	0.0716	benign
P48065	G593C	0.0883	benign
P48065	G593D	0.0729	benign
P48065	G593E	0.0779	benign
P48065	G593F	0.1722	benign
P48065	G593H	0.1183	benign
P48065	G593I	0.107	benign
P48065	G593K	0.1261	benign
P48065	G593L	0.1277	benign
P48065	G593M	0.1841	benign
P48065	G593N	0.1201	benign
P48065	G593P	0.1533	benign
P48065	G593Q	0.1084	benign
P48065	G593R	0.0886	benign
P48065	G593S	0.0751	benign
P48065	G593T	0.0836	benign
P48065	G593V	0.0765	benign
P48065	G593W	0.1179	benign
P48065	G593Y	0.1292	benign
P48065	R594A	0.1186	benign
P48065	R594C	0.1028	benign
P48065	R594D	0.1502	benign
P48065	R594E	0.1048	benign
P48065	R594F	0.2174	benign
P48065	R594G	0.0701	benign
P48065	R594H	0.0838	benign
P48065	R594I	0.125	benign
P48065	R594K	0.0806	benign
P48065	R594L	0.1002	benign
P48065	R594M	0.1429	benign
P48065	R594N	0.1735	benign
P48065	R594P	0.1101	benign
P48065	R594Q	0.069	benign
P48065	R594S	0.1363	benign
P48065	R594T	0.1038	benign
P48065	R594V	0.1396	benign
P48065	R594W	0.0944	benign
P48065	R594Y	0.1622	benign
P48065	N595A	0.0944	benign
P48065	N595C	0.1116	benign
P48065	N595D	0.0675	benign
P48065	N595E	0.13	benign
P48065	N595F	0.2016	benign
P48065	N595G	0.1182	benign
P48065	N595H	0.069	benign
P48065	N595I	0.0878	benign
P48065	N595K	0.1191	benign
P48065	N595L	0.1095	benign
P48065	N595M	0.1924	benign
P48065	N595P	0.1177	benign
P48065	N595Q	0.1303	benign
P48065	N595R	0.1024	benign
P48065	N595S	0.0724	benign
P48065	N595T	0.0817	benign
P48065	N595V	0.091	benign
P48065	N595W	0.3098	benign
P48065	N595Y	0.0692	benign
P48065	F596A	0.0625	benign
P48065	F596C	0.0686	benign
P48065	F596D	0.0797	benign
P48065	F596E	0.1436	benign
P48065	F596G	0.0946	benign
P48065	F596H	0.1146	benign
P48065	F596I	0.0671	benign
P48065	F596K	0.1532	benign
P48065	F596L	0.2321	benign
P48065	F596M	0.1661	benign
P48065	F596N	0.097	benign
P48065	F596P	0.1287	benign
P48065	F596Q	0.1394	benign
P48065	F596R	0.0982	benign
P48065	F596S	0.054	benign
P48065	F596T	0.0655	benign
P48065	F596V	0.0607	benign
P48065	F596W	0.1234	benign
P48065	F596Y	0.0776	benign
P48065	G597A	0.0808	benign
P48065	G597C	0.0834	benign
P48065	G597D	0.0871	benign
P48065	G597E	0.0841	benign
P48065	G597F	0.1528	benign
P48065	G597H	0.1053	benign
P48065	G597I	0.0903	benign
P48065	G597K	0.1285	benign
P48065	G597L	0.111	benign
P48065	G597M	0.1765	benign
P48065	G597N	0.1475	benign
P48065	G597P	0.1592	benign
P48065	G597Q	0.1024	benign
P48065	G597R	0.0843	benign
P48065	G597S	0.0813	benign
P48065	G597T	0.0867	benign
P48065	G597V	0.0734	benign
P48065	G597W	0.1095	benign
P48065	G597Y	0.1184	benign
P48065	P598A	0.0612	benign
P48065	P598C	0.1412	benign
P48065	P598D	0.1223	benign
P48065	P598E	0.1079	benign
P48065	P598F	0.1253	benign
P48065	P598G	0.1099	benign
P48065	P598H	0.073	benign
P48065	P598I	0.1044	benign
P48065	P598K	0.1075	benign
P48065	P598L	0.0702	benign
P48065	P598M	0.1476	benign
P48065	P598N	0.1288	benign
P48065	P598Q	0.0756	benign
P48065	P598R	0.0692	benign
P48065	P598S	0.0719	benign
P48065	P598T	0.0668	benign
P48065	P598V	0.087	benign
P48065	P598W	0.1738	benign
P48065	P598Y	0.1248	benign
P48065	S599A	0.0668	benign
P48065	S599C	0.0771	benign
P48065	S599D	0.1345	benign
P48065	S599E	0.1504	benign
P48065	S599F	0.0842	benign
P48065	S599G	0.0796	benign
P48065	S599H	0.1192	benign
P48065	S599I	0.0863	benign
P48065	S599K	0.2005	benign
P48065	S599L	0.0761	benign
P48065	S599M	0.1535	benign
P48065	S599N	0.1076	benign
P48065	S599P	0.064	benign
P48065	S599Q	0.1614	benign
P48065	S599R	0.149	benign
P48065	S599T	0.0756	benign
P48065	S599V	0.0856	benign
P48065	S599W	0.1327	benign
P48065	S599Y	0.0855	benign
P48065	P600A	0.0564	benign
P48065	P600C	0.1578	benign
P48065	P600D	0.1326	benign
P48065	P600E	0.1005	benign
P48065	P600F	0.1463	benign
P48065	P600G	0.1082	benign
P48065	P600H	0.0793	benign
P48065	P600I	0.1181	benign
P48065	P600K	0.1039	benign
P48065	P600L	0.0725	benign
P48065	P600M	0.1419	benign
P48065	P600N	0.1406	benign
P48065	P600Q	0.0732	benign
P48065	P600R	0.0676	benign
P48065	P600S	0.0711	benign
P48065	P600T	0.0658	benign
P48065	P600V	0.0861	benign
P48065	P600W	0.1829	benign
P48065	P600Y	0.1453	benign
P48065	T601A	0.055	benign
P48065	T601C	0.1641	benign
P48065	T601D	0.1157	benign
P48065	T601E	0.0979	benign
P48065	T601F	0.1027	benign
P48065	T601G	0.0914	benign
P48065	T601H	0.0999	benign
P48065	T601I	0.0849	benign
P48065	T601K	0.0852	benign
P48065	T601L	0.0677	benign
P48065	T601M	0.086	benign
P48065	T601N	0.0822	benign
P48065	T601P	0.0539	benign
P48065	T601Q	0.0908	benign
P48065	T601R	0.0651	benign
P48065	T601S	0.0677	benign
P48065	T601V	0.0739	benign
P48065	T601W	0.1969	benign
P48065	T601Y	0.1168	benign
P48065	R602A	0.1124	benign
P48065	R602C	0.1799	benign
P48065	R602D	0.1928	benign
P48065	R602E	0.0979	benign
P48065	R602F	0.307	benign
P48065	R602G	0.0785	benign
P48065	R602H	0.1219	benign
P48065	R602I	0.1513	benign
P48065	R602K	0.0709	benign
P48065	R602L	0.1237	benign
P48065	R602M	0.1408	benign
P48065	R602N	0.2258	benign
P48065	R602P	0.1231	benign
P48065	R602Q	0.0803	benign
P48065	R602S	0.1597	benign
P48065	R602T	0.0954	benign
P48065	R602V	0.1437	benign
P48065	R602W	0.1391	benign
P48065	R602Y	0.2502	benign
P48065	E603A	0.093	benign
P48065	E603C	0.4247	ambiguous
P48065	E603D	0.0824	benign
P48065	E603F	0.3836	ambiguous
P48065	E603G	0.0723	benign
P48065	E603H	0.1755	benign
P48065	E603I	0.2143	benign
P48065	E603K	0.0839	benign
P48065	E603L	0.1964	benign
P48065	E603M	0.2707	benign
P48065	E603N	0.1418	benign
P48065	E603P	0.1806	benign
P48065	E603Q	0.0877	benign
P48065	E603R	0.1058	benign
P48065	E603S	0.1213	benign
P48065	E603T	0.1282	benign
P48065	E603V	0.135	benign
P48065	E603W	0.4526	ambiguous
P48065	E603Y	0.2521	benign
P48065	G604A	0.0795	benign
P48065	G604C	0.1025	benign
P48065	G604D	0.0751	benign
P48065	G604E	0.076	benign
P48065	G604F	0.2027	benign
P48065	G604H	0.1278	benign
P48065	G604I	0.1034	benign
P48065	G604K	0.1267	benign
P48065	G604L	0.1541	benign
P48065	G604M	0.186	benign
P48065	G604N	0.1204	benign
P48065	G604P	0.2226	benign
P48065	G604Q	0.1214	benign
P48065	G604R	0.1087	benign
P48065	G604S	0.0888	benign
P48065	G604T	0.0869	benign
P48065	G604V	0.0775	benign
P48065	G604W	0.1376	benign
P48065	G604Y	0.1215	benign
P48065	L605A	0.0944	benign
P48065	L605C	0.1802	benign
P48065	L605D	0.1745	benign
P48065	L605E	0.1133	benign
P48065	L605F	0.0651	benign
P48065	L605G	0.1472	benign
P48065	L605H	0.0998	benign
P48065	L605I	0.0702	benign
P48065	L605K	0.103	benign
P48065	L605M	0.0875	benign
P48065	L605N	0.131	benign
P48065	L605P	0.0858	benign
P48065	L605Q	0.0787	benign
P48065	L605R	0.0748	benign
P48065	L605S	0.0989	benign
P48065	L605T	0.0971	benign
P48065	L605V	0.0677	benign
P48065	L605W	0.092	benign
P48065	L605Y	0.1388	benign
P48065	I606A	0.0786	benign
P48065	I606C	0.265	benign
P48065	I606D	0.1728	benign
P48065	I606E	0.1407	benign
P48065	I606F	0.0634	benign
P48065	I606G	0.1763	benign
P48065	I606H	0.1323	benign
P48065	I606K	0.1147	benign
P48065	I606L	0.0646	benign
P48065	I606M	0.0722	benign
P48065	I606N	0.1025	benign
P48065	I606P	0.1032	benign
P48065	I606Q	0.1165	benign
P48065	I606R	0.076	benign
P48065	I606S	0.0896	benign
P48065	I606T	0.0726	benign
P48065	I606V	0.0674	benign
P48065	I606W	0.2392	benign
P48065	I606Y	0.1777	benign
P48065	A607C	0.2071	benign
P48065	A607D	0.116	benign
P48065	A607E	0.1122	benign
P48065	A607F	0.1417	benign
P48065	A607G	0.0908	benign
P48065	A607H	0.1778	benign
P48065	A607I	0.1174	benign
P48065	A607K	0.1621	benign
P48065	A607L	0.0957	benign
P48065	A607M	0.1374	benign
P48065	A607N	0.1501	benign
P48065	A607P	0.0753	benign
P48065	A607Q	0.1485	benign
P48065	A607R	0.1302	benign
P48065	A607S	0.0833	benign
P48065	A607T	0.074	benign
P48065	A607V	0.081	benign
P48065	A607W	0.2646	benign
P48065	A607Y	0.1852	benign
P48065	G608A	0.0685	benign
P48065	G608C	0.1148	benign
P48065	G608D	0.0831	benign
P48065	G608E	0.0718	benign
P48065	G608F	0.1985	benign
P48065	G608H	0.1362	benign
P48065	G608I	0.1162	benign
P48065	G608K	0.1046	benign
P48065	G608L	0.129	benign
P48065	G608M	0.1698	benign
P48065	G608N	0.1305	benign
P48065	G608P	0.1816	benign
P48065	G608Q	0.1083	benign
P48065	G608R	0.0891	benign
P48065	G608S	0.0815	benign
P48065	G608T	0.0767	benign
P48065	G608V	0.0808	benign
P48065	G608W	0.1196	benign
P48065	G608Y	0.1443	benign
P48065	E609A	0.1116	benign
P48065	E609C	0.4497	ambiguous
P48065	E609D	0.105	benign
P48065	E609F	0.3863	ambiguous
P48065	E609G	0.0745	benign
P48065	E609H	0.1985	benign
P48065	E609I	0.2017	benign
P48065	E609K	0.0814	benign
P48065	E609L	0.1844	benign
P48065	E609M	0.2609	benign
P48065	E609N	0.1621	benign
P48065	E609P	0.1901	benign
P48065	E609Q	0.0822	benign
P48065	E609R	0.0992	benign
P48065	E609S	0.1319	benign
P48065	E609T	0.1419	benign
P48065	E609V	0.1324	benign
P48065	E609W	0.4484	ambiguous
P48065	E609Y	0.2752	benign
P48065	K610A	0.1708	benign
P48065	K610C	0.5252	ambiguous
P48065	K610D	0.2074	benign
P48065	K610E	0.0761	benign
P48065	K610F	0.5207	ambiguous
P48065	K610G	0.1606	benign
P48065	K610H	0.2424	benign
P48065	K610I	0.2223	benign
P48065	K610L	0.2152	benign
P48065	K610M	0.157	benign
P48065	K610N	0.1956	benign
P48065	K610P	0.2526	benign
P48065	K610Q	0.1038	benign
P48065	K610R	0.073	benign
P48065	K610S	0.2189	benign
P48065	K610T	0.1087	benign
P48065	K610V	0.1979	benign
P48065	K610W	0.5015	ambiguous
P48065	K610Y	0.372	ambiguous
P48065	E611A	0.1239	benign
P48065	E611C	0.6274	pathogenic
P48065	E611D	0.1047	benign
P48065	E611F	0.5089	ambiguous
P48065	E611G	0.0941	benign
P48065	E611H	0.2887	benign
P48065	E611I	0.2527	benign
P48065	E611K	0.1216	benign
P48065	E611L	0.2635	benign
P48065	E611M	0.3524	ambiguous
P48065	E611N	0.1938	benign
P48065	E611P	0.2552	benign
P48065	E611Q	0.1262	benign
P48065	E611R	0.1657	benign
P48065	E611S	0.1847	benign
P48065	E611T	0.1798	benign
P48065	E611V	0.1525	benign
P48065	E611W	0.6689	pathogenic
P48065	E611Y	0.3351	benign
P48065	T612A	0.0782	benign
P48065	T612C	0.2894	benign
P48065	T612D	0.1479	benign
P48065	T612E	0.1263	benign
P48065	T612F	0.16	benign
P48065	T612G	0.1246	benign
P48065	T612H	0.1467	benign
P48065	T612I	0.1441	benign
P48065	T612K	0.1122	benign
P48065	T612L	0.112	benign
P48065	T612M	0.1006	benign
P48065	T612N	0.0853	benign
P48065	T612P	0.0864	benign
P48065	T612Q	0.134	benign
P48065	T612R	0.0956	benign
P48065	T612S	0.0888	benign
P48065	T612V	0.1363	benign
P48065	T612W	0.3135	benign
P48065	T612Y	0.1635	benign
P48065	H613A	0.082	benign
P48065	H613C	0.0968	benign
P48065	H613D	0.0738	benign
P48065	H613E	0.096	benign
P48065	H613F	0.1361	benign
P48065	H613G	0.1024	benign
P48065	H613I	0.1098	benign
P48065	H613K	0.1033	benign
P48065	H613L	0.074	benign
P48065	H613M	0.2056	benign
P48065	H613N	0.0697	benign
P48065	H613P	0.0642	benign
P48065	H613Q	0.0872	benign
P48065	H613R	0.0664	benign
P48065	H613S	0.0795	benign
P48065	H613T	0.0892	benign
P48065	H613V	0.091	benign
P48065	H613W	0.1756	benign
P48065	H613Y	0.0721	benign
P48065	L614A	0.11	benign
P48065	L614C	0.1749	benign
P48065	L614D	0.2667	benign
P48065	L614E	0.1448	benign
P48065	L614F	0.0744	benign
P48065	L614G	0.2015	benign
P48065	L614H	0.1108	benign
P48065	L614I	0.0728	benign
P48065	L614K	0.1217	benign
P48065	L614M	0.0959	benign
P48065	L614N	0.1802	benign
P48065	L614P	0.1165	benign
P48065	L614Q	0.0845	benign
P48065	L614R	0.0847	benign
P48065	L614S	0.1186	benign
P48065	L614T	0.1046	benign
P48065	L614V	0.0658	benign
P48065	L614W	0.1052	benign
P48065	L614Y	0.1462	benign
