Q14353	M1A	0.3442	ambiguous
Q14353	M1C	0.2763	benign
Q14353	M1D	0.7584	pathogenic
Q14353	M1E	0.6304	pathogenic
Q14353	M1F	0.17	benign
Q14353	M1G	0.4782	ambiguous
Q14353	M1H	0.5762	pathogenic
Q14353	M1I	0.4364	ambiguous
Q14353	M1K	0.477	ambiguous
Q14353	M1L	0.1364	benign
Q14353	M1N	0.6214	pathogenic
Q14353	M1P	0.3763	ambiguous
Q14353	M1Q	0.2939	benign
Q14353	M1R	0.3504	ambiguous
Q14353	M1S	0.3471	ambiguous
Q14353	M1T	0.4165	ambiguous
Q14353	M1V	0.1084	benign
Q14353	M1W	0.4332	ambiguous
Q14353	M1Y	0.4457	ambiguous
Q14353	S2A	0.0744	benign
Q14353	S2C	0.1667	benign
Q14353	S2D	0.1927	benign
Q14353	S2E	0.1926	benign
Q14353	S2F	0.1853	benign
Q14353	S2G	0.1027	benign
Q14353	S2H	0.2765	benign
Q14353	S2I	0.2532	benign
Q14353	S2K	0.3877	ambiguous
Q14353	S2L	0.2241	benign
Q14353	S2M	0.3138	benign
Q14353	S2N	0.1531	benign
Q14353	S2P	0.1087	benign
Q14353	S2Q	0.3021	benign
Q14353	S2R	0.3439	ambiguous
Q14353	S2T	0.086	benign
Q14353	S2V	0.2333	benign
Q14353	S2W	0.2897	benign
Q14353	S2Y	0.1849	benign
Q14353	A3C	0.2452	benign
Q14353	A3D	0.081	benign
Q14353	A3E	0.0922	benign
Q14353	A3F	0.1391	benign
Q14353	A3G	0.0793	benign
Q14353	A3H	0.1675	benign
Q14353	A3I	0.1757	benign
Q14353	A3K	0.1723	benign
Q14353	A3L	0.1108	benign
Q14353	A3M	0.247	benign
Q14353	A3N	0.1326	benign
Q14353	A3P	0.0827	benign
Q14353	A3Q	0.1324	benign
Q14353	A3R	0.1218	benign
Q14353	A3S	0.0713	benign
Q14353	A3T	0.0814	benign
Q14353	A3V	0.1019	benign
Q14353	A3W	0.3023	benign
Q14353	A3Y	0.1849	benign
Q14353	P4A	0.0462	benign
Q14353	P4C	0.2281	benign
Q14353	P4D	0.106	benign
Q14353	P4E	0.0862	benign
Q14353	P4F	0.183	benign
Q14353	P4G	0.0914	benign
Q14353	P4H	0.1044	benign
Q14353	P4I	0.1553	benign
Q14353	P4K	0.1376	benign
Q14353	P4L	0.1088	benign
Q14353	P4M	0.254	benign
Q14353	P4N	0.1429	benign
Q14353	P4Q	0.0851	benign
Q14353	P4R	0.0695	benign
Q14353	P4S	0.0632	benign
Q14353	P4T	0.0624	benign
Q14353	P4V	0.102	benign
Q14353	P4W	0.2497	benign
Q14353	P4Y	0.1899	benign
Q14353	S5A	0.048	benign
Q14353	S5C	0.1189	benign
Q14353	S5D	0.1179	benign
Q14353	S5E	0.1211	benign
Q14353	S5F	0.1562	benign
Q14353	S5G	0.0626	benign
Q14353	S5H	0.1779	benign
Q14353	S5I	0.1445	benign
Q14353	S5K	0.2212	benign
Q14353	S5L	0.1188	benign
Q14353	S5M	0.2199	benign
Q14353	S5N	0.1169	benign
Q14353	S5P	0.0761	benign
Q14353	S5Q	0.1831	benign
Q14353	S5R	0.1707	benign
Q14353	S5T	0.0738	benign
Q14353	S5V	0.1055	benign
Q14353	S5W	0.2036	benign
Q14353	S5Y	0.1648	benign
Q14353	A6C	0.3233	benign
Q14353	A6D	0.0905	benign
Q14353	A6E	0.1214	benign
Q14353	A6F	0.2241	benign
Q14353	A6G	0.0834	benign
Q14353	A6H	0.2246	benign
Q14353	A6I	0.2861	benign
Q14353	A6K	0.2474	benign
Q14353	A6L	0.1713	benign
Q14353	A6M	0.3895	ambiguous
Q14353	A6N	0.1647	benign
Q14353	A6P	0.0878	benign
Q14353	A6Q	0.1794	benign
Q14353	A6R	0.1639	benign
Q14353	A6S	0.085	benign
Q14353	A6T	0.1056	benign
Q14353	A6V	0.1456	benign
Q14353	A6W	0.441	ambiguous
Q14353	A6Y	0.2734	benign
Q14353	T7A	0.0526	benign
Q14353	T7C	0.2747	benign
Q14353	T7D	0.1168	benign
Q14353	T7E	0.0988	benign
Q14353	T7F	0.124	benign
Q14353	T7G	0.1073	benign
Q14353	T7H	0.1379	benign
Q14353	T7I	0.1286	benign
Q14353	T7K	0.116	benign
Q14353	T7L	0.1098	benign
Q14353	T7M	0.1789	benign
Q14353	T7N	0.0958	benign
Q14353	T7P	0.056	benign
Q14353	T7Q	0.1112	benign
Q14353	T7R	0.0948	benign
Q14353	T7S	0.0742	benign
Q14353	T7V	0.1039	benign
Q14353	T7W	0.324	benign
Q14353	T7Y	0.1681	benign
Q14353	P8A	0.066	benign
Q14353	P8C	0.4217	ambiguous
Q14353	P8D	0.2709	benign
Q14353	P8E	0.1702	benign
Q14353	P8F	0.5096	ambiguous
Q14353	P8G	0.1653	benign
Q14353	P8H	0.167	benign
Q14353	P8I	0.3925	ambiguous
Q14353	P8K	0.1923	benign
Q14353	P8L	0.2216	benign
Q14353	P8M	0.4988	ambiguous
Q14353	P8N	0.2918	benign
Q14353	P8Q	0.1262	benign
Q14353	P8R	0.084	benign
Q14353	P8S	0.1097	benign
Q14353	P8T	0.1098	benign
Q14353	P8V	0.2159	benign
Q14353	P8W	0.5596	ambiguous
Q14353	P8Y	0.3949	ambiguous
Q14353	I9A	0.6356	pathogenic
Q14353	I9C	0.8309	pathogenic
Q14353	I9D	0.9146	pathogenic
Q14353	I9E	0.8922	pathogenic
Q14353	I9F	0.3616	ambiguous
Q14353	I9G	0.8548	pathogenic
Q14353	I9H	0.8595	pathogenic
Q14353	I9K	0.8703	pathogenic
Q14353	I9L	0.1081	benign
Q14353	I9M	0.3952	ambiguous
Q14353	I9N	0.7821	pathogenic
Q14353	I9P	0.6408	pathogenic
Q14353	I9Q	0.8629	pathogenic
Q14353	I9R	0.7097	pathogenic
Q14353	I9S	0.7321	pathogenic
Q14353	I9T	0.7946	pathogenic
Q14353	I9V	0.141	benign
Q14353	I9W	0.8865	pathogenic
Q14353	I9Y	0.7132	pathogenic
Q14353	F10A	0.9237	pathogenic
Q14353	F10C	0.944	pathogenic
Q14353	F10D	0.9699	pathogenic
Q14353	F10E	0.9616	pathogenic
Q14353	F10G	0.9502	pathogenic
Q14353	F10H	0.9381	pathogenic
Q14353	F10I	0.8864	pathogenic
Q14353	F10K	0.9813	pathogenic
Q14353	F10L	0.9762	pathogenic
Q14353	F10M	0.9616	pathogenic
Q14353	F10N	0.974	pathogenic
Q14353	F10P	0.9792	pathogenic
Q14353	F10Q	0.9654	pathogenic
Q14353	F10R	0.9323	pathogenic
Q14353	F10S	0.9259	pathogenic
Q14353	F10T	0.945	pathogenic
Q14353	F10V	0.8545	pathogenic
Q14353	F10W	0.8028	pathogenic
Q14353	F10Y	0.6671	pathogenic
Q14353	A11C	0.3635	ambiguous
Q14353	A11D	0.1506	benign
Q14353	A11E	0.1325	benign
Q14353	A11F	0.1886	benign
Q14353	A11G	0.0937	benign
Q14353	A11H	0.2307	benign
Q14353	A11I	0.2205	benign
Q14353	A11K	0.2714	benign
Q14353	A11L	0.1216	benign
Q14353	A11M	0.3	benign
Q14353	A11N	0.2146	benign
Q14353	A11P	0.1773	benign
Q14353	A11Q	0.1691	benign
Q14353	A11R	0.1733	benign
Q14353	A11S	0.0809	benign
Q14353	A11T	0.0893	benign
Q14353	A11V	0.114	benign
Q14353	A11W	0.4662	ambiguous
Q14353	A11Y	0.293	benign
Q14353	P12A	0.0497	benign
Q14353	P12C	0.326	benign
Q14353	P12D	0.1428	benign
Q14353	P12E	0.0893	benign
Q14353	P12F	0.288	benign
Q14353	P12G	0.1262	benign
Q14353	P12H	0.1112	benign
Q14353	P12I	0.2254	benign
Q14353	P12K	0.1221	benign
Q14353	P12L	0.1097	benign
Q14353	P12M	0.2771	benign
Q14353	P12N	0.183	benign
Q14353	P12Q	0.0875	benign
Q14353	P12R	0.0691	benign
Q14353	P12S	0.0777	benign
Q14353	P12T	0.0755	benign
Q14353	P12V	0.1353	benign
Q14353	P12W	0.3127	benign
Q14353	P12Y	0.268	benign
Q14353	G13A	0.2501	benign
Q14353	G13C	0.5071	ambiguous
Q14353	G13D	0.2664	benign
Q14353	G13E	0.2627	benign
Q14353	G13F	0.7882	pathogenic
Q14353	G13H	0.6186	pathogenic
Q14353	G13I	0.7465	pathogenic
Q14353	G13K	0.5741	pathogenic
Q14353	G13L	0.6802	pathogenic
Q14353	G13M	0.7963	pathogenic
Q14353	G13N	0.5044	ambiguous
Q14353	G13P	0.8087	pathogenic
Q14353	G13Q	0.4706	ambiguous
Q14353	G13R	0.4216	ambiguous
Q14353	G13S	0.2451	benign
Q14353	G13T	0.394	ambiguous
Q14353	G13V	0.5193	ambiguous
Q14353	G13W	0.5858	pathogenic
Q14353	G13Y	0.6976	pathogenic
Q14353	E14A	0.7673	pathogenic
Q14353	E14C	0.9561	pathogenic
Q14353	E14D	0.7313	pathogenic
Q14353	E14F	0.9753	pathogenic
Q14353	E14G	0.598	pathogenic
Q14353	E14H	0.9493	pathogenic
Q14353	E14I	0.954	pathogenic
Q14353	E14K	0.8345	pathogenic
Q14353	E14L	0.9463	pathogenic
Q14353	E14M	0.9591	pathogenic
Q14353	E14N	0.9227	pathogenic
Q14353	E14P	0.9597	pathogenic
Q14353	E14Q	0.5316	ambiguous
Q14353	E14R	0.7621	pathogenic
Q14353	E14S	0.8327	pathogenic
Q14353	E14T	0.8868	pathogenic
Q14353	E14V	0.8758	pathogenic
Q14353	E14W	0.9859	pathogenic
Q14353	E14Y	0.9497	pathogenic
Q14353	N15A	0.322	benign
Q14353	N15C	0.5796	pathogenic
Q14353	N15D	0.0606	benign
Q14353	N15E	0.4113	ambiguous
Q14353	N15F	0.6597	pathogenic
Q14353	N15G	0.3927	ambiguous
Q14353	N15H	0.2817	benign
Q14353	N15I	0.3526	ambiguous
Q14353	N15K	0.4927	ambiguous
Q14353	N15L	0.4718	ambiguous
Q14353	N15M	0.5627	ambiguous
Q14353	N15P	0.6683	pathogenic
Q14353	N15Q	0.5109	ambiguous
Q14353	N15R	0.527	ambiguous
Q14353	N15S	0.1571	benign
Q14353	N15T	0.1777	benign
Q14353	N15V	0.3358	benign
Q14353	N15W	0.8634	pathogenic
Q14353	N15Y	0.265	benign
Q14353	C16A	0.6047	pathogenic
Q14353	C16D	0.8907	pathogenic
Q14353	C16E	0.9451	pathogenic
Q14353	C16F	0.5709	pathogenic
Q14353	C16G	0.3621	ambiguous
Q14353	C16H	0.8991	pathogenic
Q14353	C16I	0.6759	pathogenic
Q14353	C16K	0.9721	pathogenic
Q14353	C16L	0.5149	ambiguous
Q14353	C16M	0.8782	pathogenic
Q14353	C16N	0.8769	pathogenic
Q14353	C16P	0.8625	pathogenic
Q14353	C16Q	0.9204	pathogenic
Q14353	C16R	0.8051	pathogenic
Q14353	C16S	0.6552	pathogenic
Q14353	C16T	0.7167	pathogenic
Q14353	C16V	0.5336	ambiguous
Q14353	C16W	0.8431	pathogenic
Q14353	C16Y	0.7528	pathogenic
Q14353	S17A	0.0806	benign
Q14353	S17C	0.1408	benign
Q14353	S17D	0.2866	benign
Q14353	S17E	0.2582	benign
Q14353	S17F	0.2116	benign
Q14353	S17G	0.0658	benign
Q14353	S17H	0.1954	benign
Q14353	S17I	0.1502	benign
Q14353	S17K	0.2631	benign
Q14353	S17L	0.1438	benign
Q14353	S17M	0.2986	benign
Q14353	S17N	0.164	benign
Q14353	S17P	0.2849	benign
Q14353	S17Q	0.2279	benign
Q14353	S17R	0.1927	benign
Q14353	S17T	0.1077	benign
Q14353	S17V	0.1742	benign
Q14353	S17W	0.2616	benign
Q14353	S17Y	0.1926	benign
Q14353	P18A	0.0505	benign
Q14353	P18C	0.3663	ambiguous
Q14353	P18D	0.1738	benign
Q14353	P18E	0.1194	benign
Q14353	P18F	0.3321	benign
Q14353	P18G	0.138	benign
Q14353	P18H	0.1322	benign
Q14353	P18I	0.2459	benign
Q14353	P18K	0.1767	benign
Q14353	P18L	0.1059	benign
Q14353	P18M	0.3018	benign
Q14353	P18N	0.2215	benign
Q14353	P18Q	0.1042	benign
Q14353	P18R	0.0892	benign
Q14353	P18S	0.0843	benign
Q14353	P18T	0.0853	benign
Q14353	P18V	0.1404	benign
Q14353	P18W	0.3955	ambiguous
Q14353	P18Y	0.3153	benign
Q14353	A19C	0.458	ambiguous
Q14353	A19D	0.1174	benign
Q14353	A19E	0.1314	benign
Q14353	A19F	0.27	benign
Q14353	A19G	0.1091	benign
Q14353	A19H	0.3198	benign
Q14353	A19I	0.2757	benign
Q14353	A19K	0.3429	ambiguous
Q14353	A19L	0.1664	benign
Q14353	A19M	0.365	ambiguous
Q14353	A19N	0.215	benign
Q14353	A19P	0.2347	benign
Q14353	A19Q	0.211	benign
Q14353	A19R	0.2282	benign
Q14353	A19S	0.0885	benign
Q14353	A19T	0.1071	benign
Q14353	A19V	0.133	benign
Q14353	A19W	0.5945	pathogenic
Q14353	A19Y	0.3871	ambiguous
Q14353	W20A	0.8763	pathogenic
Q14353	W20C	0.9876	pathogenic
Q14353	W20D	0.9627	pathogenic
Q14353	W20E	0.9481	pathogenic
Q14353	W20F	0.7117	pathogenic
Q14353	W20G	0.7539	pathogenic
Q14353	W20H	0.9768	pathogenic
Q14353	W20I	0.9441	pathogenic
Q14353	W20K	0.992	pathogenic
Q14353	W20L	0.8903	pathogenic
Q14353	W20M	0.9837	pathogenic
Q14353	W20N	0.9867	pathogenic
Q14353	W20P	0.9325	pathogenic
Q14353	W20Q	0.9866	pathogenic
Q14353	W20R	0.9754	pathogenic
Q14353	W20S	0.9056	pathogenic
Q14353	W20T	0.9337	pathogenic
Q14353	W20V	0.905	pathogenic
Q14353	W20Y	0.8925	pathogenic
Q14353	G21A	0.0772	benign
Q14353	G21C	0.1886	benign
Q14353	G21D	0.1778	benign
Q14353	G21E	0.0839	benign
Q14353	G21F	0.3783	ambiguous
Q14353	G21H	0.178	benign
Q14353	G21I	0.1872	benign
Q14353	G21K	0.1432	benign
Q14353	G21L	0.1913	benign
Q14353	G21M	0.298	benign
Q14353	G21N	0.2341	benign
Q14353	G21P	0.4223	ambiguous
Q14353	G21Q	0.1111	benign
Q14353	G21R	0.1006	benign
Q14353	G21S	0.1219	benign
Q14353	G21T	0.1024	benign
Q14353	G21V	0.1185	benign
Q14353	G21W	0.252	benign
Q14353	G21Y	0.2997	benign
Q14353	A22C	0.3954	ambiguous
Q14353	A22D	0.0828	benign
Q14353	A22E	0.0871	benign
Q14353	A22F	0.2204	benign
Q14353	A22G	0.0926	benign
Q14353	A22H	0.2279	benign
Q14353	A22I	0.2412	benign
Q14353	A22K	0.1734	benign
Q14353	A22L	0.1423	benign
Q14353	A22M	0.2285	benign
Q14353	A22N	0.1344	benign
Q14353	A22P	0.1806	benign
Q14353	A22Q	0.1484	benign
Q14353	A22R	0.1525	benign
Q14353	A22S	0.079	benign
Q14353	A22T	0.0869	benign
Q14353	A22V	0.1195	benign
Q14353	A22W	0.4672	ambiguous
Q14353	A22Y	0.3039	benign
Q14353	A23C	0.7227	pathogenic
Q14353	A23D	0.753	pathogenic
Q14353	A23E	0.57	pathogenic
Q14353	A23F	0.6195	pathogenic
Q14353	A23G	0.3258	benign
Q14353	A23H	0.7352	pathogenic
Q14353	A23I	0.7188	pathogenic
Q14353	A23K	0.8478	pathogenic
Q14353	A23L	0.4897	ambiguous
Q14353	A23M	0.7609	pathogenic
Q14353	A23N	0.7406	pathogenic
Q14353	A23P	0.7916	pathogenic
Q14353	A23Q	0.6211	pathogenic
Q14353	A23R	0.6907	pathogenic
Q14353	A23S	0.1694	benign
Q14353	A23T	0.4346	ambiguous
Q14353	A23V	0.4379	ambiguous
Q14353	A23W	0.9201	pathogenic
Q14353	A23Y	0.7796	pathogenic
Q14353	P24A	0.0543	benign
Q14353	P24C	0.4224	ambiguous
Q14353	P24D	0.1389	benign
Q14353	P24E	0.0972	benign
Q14353	P24F	0.4077	ambiguous
Q14353	P24G	0.1357	benign
Q14353	P24H	0.1575	benign
Q14353	P24I	0.344	ambiguous
Q14353	P24K	0.1987	benign
Q14353	P24L	0.1554	benign
Q14353	P24M	0.3774	ambiguous
Q14353	P24N	0.2104	benign
Q14353	P24Q	0.1083	benign
Q14353	P24R	0.1054	benign
Q14353	P24S	0.0852	benign
Q14353	P24T	0.0894	benign
Q14353	P24V	0.1781	benign
Q14353	P24W	0.4588	ambiguous
Q14353	P24Y	0.3631	ambiguous
Q14353	A25C	0.8499	pathogenic
Q14353	A25D	0.8704	pathogenic
Q14353	A25E	0.7509	pathogenic
Q14353	A25F	0.8809	pathogenic
Q14353	A25G	0.4611	ambiguous
Q14353	A25H	0.9432	pathogenic
Q14353	A25I	0.8605	pathogenic
Q14353	A25K	0.957	pathogenic
Q14353	A25L	0.7442	pathogenic
Q14353	A25M	0.9338	pathogenic
Q14353	A25N	0.9205	pathogenic
Q14353	A25P	0.5486	ambiguous
Q14353	A25Q	0.8653	pathogenic
Q14353	A25R	0.8532	pathogenic
Q14353	A25S	0.357	ambiguous
Q14353	A25T	0.6429	pathogenic
Q14353	A25V	0.6014	pathogenic
Q14353	A25W	0.9725	pathogenic
Q14353	A25Y	0.9275	pathogenic
Q14353	A26C	0.4371	ambiguous
Q14353	A26D	0.0919	benign
Q14353	A26E	0.1184	benign
Q14353	A26F	0.2513	benign
Q14353	A26G	0.0929	benign
Q14353	A26H	0.3228	benign
Q14353	A26I	0.3152	benign
Q14353	A26K	0.4248	ambiguous
Q14353	A26L	0.2083	benign
Q14353	A26M	0.3869	ambiguous
Q14353	A26N	0.1928	benign
Q14353	A26P	0.5244	ambiguous
Q14353	A26Q	0.2325	benign
Q14353	A26R	0.2809	benign
Q14353	A26S	0.0891	benign
Q14353	A26T	0.1039	benign
Q14353	A26V	0.1517	benign
Q14353	A26W	0.6188	pathogenic
Q14353	A26Y	0.3621	ambiguous
Q14353	Y27A	0.7406	pathogenic
Q14353	Y27C	0.4349	ambiguous
Q14353	Y27D	0.7389	pathogenic
Q14353	Y27E	0.8764	pathogenic
Q14353	Y27F	0.0849	benign
Q14353	Y27G	0.655	pathogenic
Q14353	Y27H	0.7948	pathogenic
Q14353	Y27I	0.7001	pathogenic
Q14353	Y27K	0.9361	pathogenic
Q14353	Y27L	0.6138	pathogenic
Q14353	Y27M	0.8237	pathogenic
Q14353	Y27N	0.7709	pathogenic
Q14353	Y27P	0.8426	pathogenic
Q14353	Y27Q	0.9143	pathogenic
Q14353	Y27R	0.8304	pathogenic
Q14353	Y27S	0.6597	pathogenic
Q14353	Y27T	0.7726	pathogenic
Q14353	Y27V	0.5253	ambiguous
Q14353	Y27W	0.4236	ambiguous
Q14353	D28A	0.4265	ambiguous
Q14353	D28C	0.7973	pathogenic
Q14353	D28E	0.5229	ambiguous
Q14353	D28F	0.8817	pathogenic
Q14353	D28G	0.3153	benign
Q14353	D28H	0.5982	pathogenic
Q14353	D28I	0.8196	pathogenic
Q14353	D28K	0.8782	pathogenic
Q14353	D28L	0.7316	pathogenic
Q14353	D28M	0.9366	pathogenic
Q14353	D28N	0.2193	benign
Q14353	D28P	0.8167	pathogenic
Q14353	D28Q	0.7194	pathogenic
Q14353	D28R	0.7487	pathogenic
Q14353	D28S	0.2668	benign
Q14353	D28T	0.4888	ambiguous
Q14353	D28V	0.5941	pathogenic
Q14353	D28W	0.9593	pathogenic
Q14353	D28Y	0.6149	pathogenic
Q14353	A29C	0.4139	ambiguous
Q14353	A29D	0.0787	benign
Q14353	A29E	0.0786	benign
Q14353	A29F	0.274	benign
Q14353	A29G	0.1042	benign
Q14353	A29H	0.2251	benign
Q14353	A29I	0.2241	benign
Q14353	A29K	0.1902	benign
Q14353	A29L	0.1491	benign
Q14353	A29M	0.2467	benign
Q14353	A29N	0.1604	benign
Q14353	A29P	0.0914	benign
Q14353	A29Q	0.1534	benign
Q14353	A29R	0.1595	benign
Q14353	A29S	0.0899	benign
Q14353	A29T	0.0813	benign
Q14353	A29V	0.1105	benign
Q14353	A29W	0.5029	ambiguous
Q14353	A29Y	0.3454	ambiguous
Q14353	A30C	0.3278	benign
Q14353	A30D	0.0829	benign
Q14353	A30E	0.0876	benign
Q14353	A30F	0.2997	benign
Q14353	A30G	0.0935	benign
Q14353	A30H	0.2436	benign
Q14353	A30I	0.28	benign
Q14353	A30K	0.2051	benign
Q14353	A30L	0.1652	benign
Q14353	A30M	0.2612	benign
Q14353	A30N	0.145	benign
Q14353	A30P	0.115	benign
Q14353	A30Q	0.1516	benign
Q14353	A30R	0.1648	benign
Q14353	A30S	0.0769	benign
Q14353	A30T	0.0781	benign
Q14353	A30V	0.1337	benign
Q14353	A30W	0.4737	ambiguous
Q14353	A30Y	0.3574	ambiguous
Q14353	D31A	0.5273	ambiguous
Q14353	D31C	0.9268	pathogenic
Q14353	D31E	0.5739	pathogenic
Q14353	D31F	0.9299	pathogenic
Q14353	D31G	0.3554	ambiguous
Q14353	D31H	0.763	pathogenic
Q14353	D31I	0.9209	pathogenic
Q14353	D31K	0.8588	pathogenic
Q14353	D31L	0.8521	pathogenic
Q14353	D31M	0.9682	pathogenic
Q14353	D31N	0.3313	benign
Q14353	D31P	0.8438	pathogenic
Q14353	D31Q	0.7621	pathogenic
Q14353	D31R	0.7561	pathogenic
Q14353	D31S	0.4456	ambiguous
Q14353	D31T	0.7404	pathogenic
Q14353	D31V	0.7684	pathogenic
Q14353	D31W	0.9752	pathogenic
Q14353	D31Y	0.6624	pathogenic
Q14353	T32A	0.0694	benign
Q14353	T32C	0.298	benign
Q14353	T32D	0.1769	benign
Q14353	T32E	0.1326	benign
Q14353	T32F	0.2796	benign
Q14353	T32G	0.1371	benign
Q14353	T32H	0.1878	benign
Q14353	T32I	0.2786	benign
Q14353	T32K	0.1661	benign
Q14353	T32L	0.135	benign
Q14353	T32M	0.1377	benign
Q14353	T32N	0.1169	benign
Q14353	T32P	0.2936	benign
Q14353	T32Q	0.1393	benign
Q14353	T32R	0.1109	benign
Q14353	T32S	0.0826	benign
Q14353	T32V	0.183	benign
Q14353	T32W	0.5168	ambiguous
Q14353	T32Y	0.2876	benign
Q14353	H33A	0.3358	benign
Q14353	H33C	0.2355	benign
Q14353	H33D	0.2942	benign
Q14353	H33E	0.278	benign
Q14353	H33F	0.4393	ambiguous
Q14353	H33G	0.3745	ambiguous
Q14353	H33I	0.5725	pathogenic
Q14353	H33K	0.4431	ambiguous
Q14353	H33L	0.2635	benign
Q14353	H33M	0.6802	pathogenic
Q14353	H33N	0.1822	benign
Q14353	H33P	0.5909	pathogenic
Q14353	H33Q	0.2733	benign
Q14353	H33R	0.1757	benign
Q14353	H33S	0.2492	benign
Q14353	H33T	0.3019	benign
Q14353	H33V	0.3693	ambiguous
Q14353	H33W	0.5008	ambiguous
Q14353	H33Y	0.1786	benign
Q14353	L34A	0.961	pathogenic
Q14353	L34C	0.9674	pathogenic
Q14353	L34D	0.9974	pathogenic
Q14353	L34E	0.9752	pathogenic
Q14353	L34F	0.9391	pathogenic
Q14353	L34G	0.9671	pathogenic
Q14353	L34H	0.9834	pathogenic
Q14353	L34I	0.6162	pathogenic
Q14353	L34K	0.9737	pathogenic
Q14353	L34M	0.848	pathogenic
Q14353	L34N	0.9898	pathogenic
Q14353	L34P	0.9835	pathogenic
Q14353	L34Q	0.9603	pathogenic
Q14353	L34R	0.9076	pathogenic
Q14353	L34S	0.9904	pathogenic
Q14353	L34T	0.9697	pathogenic
Q14353	L34V	0.6587	pathogenic
Q14353	L34W	0.982	pathogenic
Q14353	L34Y	0.9857	pathogenic
Q14353	R35A	0.1699	benign
Q14353	R35C	0.1214	benign
Q14353	R35D	0.3257	benign
Q14353	R35E	0.0799	benign
Q14353	R35F	0.377	ambiguous
Q14353	R35G	0.1684	benign
Q14353	R35H	0.0992	benign
Q14353	R35I	0.2156	benign
Q14353	R35K	0.1148	benign
Q14353	R35L	0.1183	benign
Q14353	R35M	0.2191	benign
Q14353	R35N	0.3081	benign
Q14353	R35P	0.8005	pathogenic
Q14353	R35Q	0.0513	benign
Q14353	R35S	0.192	benign
Q14353	R35T	0.1116	benign
Q14353	R35V	0.1654	benign
Q14353	R35W	0.17	benign
Q14353	R35Y	0.2624	benign
Q14353	I36A	0.9886	pathogenic
Q14353	I36C	0.9921	pathogenic
Q14353	I36D	0.9909	pathogenic
Q14353	I36E	0.9863	pathogenic
Q14353	I36F	0.8469	pathogenic
Q14353	I36G	0.9914	pathogenic
Q14353	I36H	0.9876	pathogenic
Q14353	I36K	0.9857	pathogenic
Q14353	I36L	0.7037	pathogenic
Q14353	I36M	0.795	pathogenic
Q14353	I36N	0.9568	pathogenic
Q14353	I36P	0.9871	pathogenic
Q14353	I36Q	0.985	pathogenic
Q14353	I36R	0.9674	pathogenic
Q14353	I36S	0.9737	pathogenic
Q14353	I36T	0.9948	pathogenic
Q14353	I36V	0.7397	pathogenic
Q14353	I36W	0.9862	pathogenic
Q14353	I36Y	0.9565	pathogenic
Q14353	L37A	0.3667	ambiguous
Q14353	L37C	0.4896	ambiguous
Q14353	L37D	0.7465	pathogenic
Q14353	L37E	0.4824	ambiguous
Q14353	L37F	0.2218	benign
Q14353	L37G	0.528	ambiguous
Q14353	L37H	0.3863	ambiguous
Q14353	L37I	0.4527	ambiguous
Q14353	L37K	0.5353	ambiguous
Q14353	L37M	0.1653	benign
Q14353	L37N	0.6022	pathogenic
Q14353	L37P	0.8193	pathogenic
Q14353	L37Q	0.198	benign
Q14353	L37R	0.283	benign
Q14353	L37S	0.4665	ambiguous
Q14353	L37T	0.6647	pathogenic
Q14353	L37V	0.3613	ambiguous
Q14353	L37W	0.4105	ambiguous
Q14353	L37Y	0.5823	pathogenic
Q14353	G38A	0.6715	pathogenic
Q14353	G38C	0.7954	pathogenic
Q14353	G38D	0.2564	benign
Q14353	G38E	0.5139	ambiguous
Q14353	G38F	0.9748	pathogenic
Q14353	G38H	0.8344	pathogenic
Q14353	G38I	0.9765	pathogenic
Q14353	G38K	0.9268	pathogenic
Q14353	G38L	0.9325	pathogenic
Q14353	G38M	0.9732	pathogenic
Q14353	G38N	0.5286	ambiguous
Q14353	G38P	0.9816	pathogenic
Q14353	G38Q	0.7455	pathogenic
Q14353	G38R	0.8275	pathogenic
Q14353	G38S	0.3775	ambiguous
Q14353	G38T	0.82	pathogenic
Q14353	G38V	0.9376	pathogenic
Q14353	G38W	0.9105	pathogenic
Q14353	G38Y	0.9345	pathogenic
Q14353	K39A	0.9458	pathogenic
Q14353	K39C	0.949	pathogenic
Q14353	K39D	0.9749	pathogenic
Q14353	K39E	0.8836	pathogenic
Q14353	K39F	0.9624	pathogenic
Q14353	K39G	0.9576	pathogenic
Q14353	K39H	0.7053	pathogenic
Q14353	K39I	0.9193	pathogenic
Q14353	K39L	0.8406	pathogenic
Q14353	K39M	0.8348	pathogenic
Q14353	K39N	0.947	pathogenic
Q14353	K39P	0.9765	pathogenic
Q14353	K39Q	0.7182	pathogenic
Q14353	K39R	0.3042	benign
Q14353	K39S	0.9608	pathogenic
Q14353	K39T	0.9113	pathogenic
Q14353	K39V	0.919	pathogenic
Q14353	K39W	0.972	pathogenic
Q14353	K39Y	0.8976	pathogenic
Q14353	P40A	0.3319	benign
Q14353	P40C	0.9456	pathogenic
Q14353	P40D	0.8119	pathogenic
Q14353	P40E	0.6571	pathogenic
Q14353	P40F	0.9472	pathogenic
Q14353	P40G	0.7461	pathogenic
Q14353	P40H	0.7968	pathogenic
Q14353	P40I	0.9082	pathogenic
Q14353	P40K	0.9396	pathogenic
Q14353	P40L	0.6842	pathogenic
Q14353	P40M	0.8917	pathogenic
Q14353	P40N	0.8879	pathogenic
Q14353	P40Q	0.6999	pathogenic
Q14353	P40R	0.8012	pathogenic
Q14353	P40S	0.6626	pathogenic
Q14353	P40T	0.6421	pathogenic
Q14353	P40V	0.7718	pathogenic
Q14353	P40W	0.9526	pathogenic
Q14353	P40Y	0.9123	pathogenic
Q14353	V41A	0.8945	pathogenic
Q14353	V41C	0.9811	pathogenic
Q14353	V41D	0.9842	pathogenic
Q14353	V41E	0.9593	pathogenic
Q14353	V41F	0.9498	pathogenic
Q14353	V41G	0.8799	pathogenic
Q14353	V41H	0.9955	pathogenic
Q14353	V41I	0.3225	benign
Q14353	V41K	0.9871	pathogenic
Q14353	V41L	0.9263	pathogenic
Q14353	V41M	0.9668	pathogenic
Q14353	V41N	0.9784	pathogenic
Q14353	V41P	0.9509	pathogenic
Q14353	V41Q	0.9668	pathogenic
Q14353	V41R	0.9354	pathogenic
Q14353	V41S	0.9298	pathogenic
Q14353	V41T	0.9389	pathogenic
Q14353	V41W	0.9985	pathogenic
Q14353	V41Y	0.9933	pathogenic
Q14353	M42A	0.9842	pathogenic
Q14353	M42C	0.9842	pathogenic
Q14353	M42D	0.9968	pathogenic
Q14353	M42E	0.9608	pathogenic
Q14353	M42F	0.9659	pathogenic
Q14353	M42G	0.9885	pathogenic
Q14353	M42H	0.9901	pathogenic
Q14353	M42I	0.9927	pathogenic
Q14353	M42K	0.9687	pathogenic
Q14353	M42L	0.8965	pathogenic
Q14353	M42N	0.9931	pathogenic
Q14353	M42P	0.9977	pathogenic
Q14353	M42Q	0.8761	pathogenic
Q14353	M42R	0.9661	pathogenic
Q14353	M42S	0.9854	pathogenic
Q14353	M42T	0.9878	pathogenic
Q14353	M42V	0.9138	pathogenic
Q14353	M42W	0.9921	pathogenic
Q14353	M42Y	0.9949	pathogenic
Q14353	E43A	0.881	pathogenic
Q14353	E43C	0.9842	pathogenic
Q14353	E43D	0.9042	pathogenic
Q14353	E43F	0.996	pathogenic
Q14353	E43G	0.8004	pathogenic
Q14353	E43H	0.9812	pathogenic
Q14353	E43I	0.9962	pathogenic
Q14353	E43K	0.9708	pathogenic
Q14353	E43L	0.9844	pathogenic
Q14353	E43M	0.9751	pathogenic
Q14353	E43N	0.9813	pathogenic
Q14353	E43P	0.9977	pathogenic
Q14353	E43Q	0.628	pathogenic
Q14353	E43R	0.9616	pathogenic
Q14353	E43S	0.9215	pathogenic
Q14353	E43T	0.9832	pathogenic
Q14353	E43V	0.9773	pathogenic
Q14353	E43W	0.9978	pathogenic
Q14353	E43Y	0.9923	pathogenic
Q14353	R44A	0.6136	pathogenic
Q14353	R44C	0.4448	ambiguous
Q14353	R44D	0.696	pathogenic
Q14353	R44E	0.504	ambiguous
Q14353	R44F	0.8911	pathogenic
Q14353	R44G	0.4061	ambiguous
Q14353	R44H	0.339	benign
Q14353	R44I	0.7418	pathogenic
Q14353	R44K	0.3623	ambiguous
Q14353	R44L	0.541	ambiguous
Q14353	R44M	0.761	pathogenic
Q14353	R44N	0.7599	pathogenic
Q14353	R44P	0.9121	pathogenic
Q14353	R44Q	0.2307	benign
Q14353	R44S	0.6212	pathogenic
Q14353	R44T	0.5485	ambiguous
Q14353	R44V	0.7495	pathogenic
Q14353	R44W	0.5209	ambiguous
Q14353	R44Y	0.7335	pathogenic
Q14353	W45A	0.9918	pathogenic
Q14353	W45C	0.9965	pathogenic
Q14353	W45D	0.9947	pathogenic
Q14353	W45E	0.9931	pathogenic
Q14353	W45F	0.9153	pathogenic
Q14353	W45G	0.9668	pathogenic
Q14353	W45H	0.9902	pathogenic
Q14353	W45I	0.9946	pathogenic
Q14353	W45K	0.999	pathogenic
Q14353	W45L	0.9908	pathogenic
Q14353	W45M	0.9959	pathogenic
Q14353	W45N	0.9969	pathogenic
Q14353	W45P	0.9966	pathogenic
Q14353	W45Q	0.9975	pathogenic
Q14353	W45R	0.997	pathogenic
Q14353	W45S	0.9826	pathogenic
Q14353	W45T	0.9895	pathogenic
Q14353	W45V	0.9942	pathogenic
Q14353	W45Y	0.9757	pathogenic
Q14353	E46A	0.9735	pathogenic
Q14353	E46C	0.9962	pathogenic
Q14353	E46D	0.9951	pathogenic
Q14353	E46F	0.9995	pathogenic
Q14353	E46G	0.9743	pathogenic
Q14353	E46H	0.997	pathogenic
Q14353	E46I	0.997	pathogenic
Q14353	E46K	0.9862	pathogenic
Q14353	E46L	0.9962	pathogenic
Q14353	E46M	0.9961	pathogenic
Q14353	E46N	0.9977	pathogenic
Q14353	E46P	0.9983	pathogenic
Q14353	E46Q	0.903	pathogenic
Q14353	E46R	0.9864	pathogenic
Q14353	E46S	0.9907	pathogenic
Q14353	E46T	0.9955	pathogenic
Q14353	E46V	0.9912	pathogenic
Q14353	E46W	0.9997	pathogenic
Q14353	E46Y	0.9989	pathogenic
Q14353	T47A	0.1081	benign
Q14353	T47C	0.7217	pathogenic
Q14353	T47D	0.4871	ambiguous
Q14353	T47E	0.2739	benign
Q14353	T47F	0.4695	ambiguous
Q14353	T47G	0.3128	benign
Q14353	T47H	0.3889	ambiguous
Q14353	T47I	0.4154	ambiguous
Q14353	T47K	0.3082	benign
Q14353	T47L	0.2351	benign
Q14353	T47M	0.1436	benign
Q14353	T47N	0.2495	benign
Q14353	T47P	0.778	pathogenic
Q14353	T47Q	0.2775	benign
Q14353	T47R	0.2696	benign
Q14353	T47S	0.17	benign
Q14353	T47V	0.3263	benign
Q14353	T47W	0.7345	pathogenic
Q14353	T47Y	0.4815	ambiguous
Q14353	P48A	0.1986	benign
Q14353	P48C	0.8121	pathogenic
Q14353	P48D	0.5652	pathogenic
Q14353	P48E	0.497	ambiguous
Q14353	P48F	0.8713	pathogenic
Q14353	P48G	0.4392	ambiguous
Q14353	P48H	0.4504	ambiguous
Q14353	P48I	0.7527	pathogenic
Q14353	P48K	0.6531	pathogenic
Q14353	P48L	0.4134	ambiguous
Q14353	P48M	0.8144	pathogenic
Q14353	P48N	0.6384	pathogenic
Q14353	P48Q	0.4115	ambiguous
Q14353	P48R	0.3294	benign
Q14353	P48S	0.2852	benign
Q14353	P48T	0.2983	benign
Q14353	P48V	0.5474	ambiguous
Q14353	P48W	0.8714	pathogenic
Q14353	P48Y	0.7994	pathogenic
Q14353	Y49A	0.9435	pathogenic
Q14353	Y49C	0.6711	pathogenic
Q14353	Y49D	0.9798	pathogenic
Q14353	Y49E	0.9921	pathogenic
Q14353	Y49F	0.2235	benign
Q14353	Y49G	0.927	pathogenic
Q14353	Y49H	0.9367	pathogenic
Q14353	Y49I	0.8949	pathogenic
Q14353	Y49K	0.9951	pathogenic
Q14353	Y49L	0.5951	pathogenic
Q14353	Y49M	0.9238	pathogenic
Q14353	Y49N	0.9409	pathogenic
Q14353	Y49P	0.9748	pathogenic
Q14353	Y49Q	0.9875	pathogenic
Q14353	Y49R	0.9782	pathogenic
Q14353	Y49S	0.8903	pathogenic
Q14353	Y49T	0.9643	pathogenic
Q14353	Y49V	0.7747	pathogenic
Q14353	Y49W	0.7559	pathogenic
Q14353	M50A	0.9815	pathogenic
Q14353	M50C	0.9635	pathogenic
Q14353	M50D	0.9978	pathogenic
Q14353	M50E	0.9721	pathogenic
Q14353	M50F	0.8745	pathogenic
Q14353	M50G	0.9864	pathogenic
Q14353	M50H	0.9745	pathogenic
Q14353	M50I	0.9538	pathogenic
Q14353	M50K	0.9478	pathogenic
Q14353	M50L	0.7464	pathogenic
Q14353	M50N	0.9845	pathogenic
Q14353	M50P	0.9926	pathogenic
Q14353	M50Q	0.836	pathogenic
Q14353	M50R	0.9232	pathogenic
Q14353	M50S	0.9713	pathogenic
Q14353	M50T	0.977	pathogenic
Q14353	M50V	0.7812	pathogenic
Q14353	M50W	0.9876	pathogenic
Q14353	M50Y	0.9846	pathogenic
Q14353	H51A	0.4694	ambiguous
Q14353	H51C	0.3571	ambiguous
Q14353	H51D	0.4848	ambiguous
Q14353	H51E	0.3839	ambiguous
Q14353	H51F	0.475	ambiguous
Q14353	H51G	0.464	ambiguous
Q14353	H51I	0.6775	pathogenic
Q14353	H51K	0.4393	ambiguous
Q14353	H51L	0.2313	benign
Q14353	H51M	0.6885	pathogenic
Q14353	H51N	0.2626	benign
Q14353	H51P	0.8275	pathogenic
Q14353	H51Q	0.3191	benign
Q14353	H51R	0.1839	benign
Q14353	H51S	0.489	ambiguous
Q14353	H51T	0.5914	pathogenic
Q14353	H51V	0.5385	ambiguous
Q14353	H51W	0.4914	ambiguous
Q14353	H51Y	0.1721	benign
Q14353	A52C	0.299	benign
Q14353	A52D	0.2751	benign
Q14353	A52E	0.2158	benign
Q14353	A52F	0.3183	benign
Q14353	A52G	0.1412	benign
Q14353	A52H	0.2893	benign
Q14353	A52I	0.3342	benign
Q14353	A52K	0.3162	benign
Q14353	A52L	0.2109	benign
Q14353	A52M	0.2566	benign
Q14353	A52N	0.2766	benign
Q14353	A52P	0.905	pathogenic
Q14353	A52Q	0.2239	benign
Q14353	A52R	0.2303	benign
Q14353	A52S	0.0788	benign
Q14353	A52T	0.0991	benign
Q14353	A52V	0.1545	benign
Q14353	A52W	0.608	pathogenic
Q14353	A52Y	0.4057	ambiguous
Q14353	L53A	0.8455	pathogenic
Q14353	L53C	0.9266	pathogenic
Q14353	L53D	0.9973	pathogenic
Q14353	L53E	0.9746	pathogenic
Q14353	L53F	0.8905	pathogenic
Q14353	L53G	0.9683	pathogenic
Q14353	L53H	0.9411	pathogenic
Q14353	L53I	0.5758	pathogenic
Q14353	L53K	0.9563	pathogenic
Q14353	L53M	0.5135	ambiguous
Q14353	L53N	0.9831	pathogenic
Q14353	L53P	0.9573	pathogenic
Q14353	L53Q	0.9148	pathogenic
Q14353	L53R	0.8945	pathogenic
Q14353	L53S	0.9634	pathogenic
Q14353	L53T	0.9246	pathogenic
Q14353	L53V	0.5053	ambiguous
Q14353	L53W	0.9609	pathogenic
Q14353	L53Y	0.9828	pathogenic
Q14353	A54C	0.8798	pathogenic
Q14353	A54D	0.9794	pathogenic
Q14353	A54E	0.9635	pathogenic
Q14353	A54F	0.9563	pathogenic
Q14353	A54G	0.2758	benign
Q14353	A54H	0.9762	pathogenic
Q14353	A54I	0.9517	pathogenic
Q14353	A54K	0.9898	pathogenic
Q14353	A54L	0.8561	pathogenic
Q14353	A54M	0.9408	pathogenic
Q14353	A54N	0.9745	pathogenic
Q14353	A54P	0.9549	pathogenic
Q14353	A54Q	0.9435	pathogenic
Q14353	A54R	0.9397	pathogenic
Q14353	A54S	0.2777	benign
Q14353	A54T	0.75	pathogenic
Q14353	A54V	0.7604	pathogenic
Q14353	A54W	0.9905	pathogenic
Q14353	A54Y	0.9749	pathogenic
Q14353	A55C	0.3494	ambiguous
Q14353	A55D	0.1602	benign
Q14353	A55E	0.1224	benign
Q14353	A55F	0.2242	benign
Q14353	A55G	0.1226	benign
Q14353	A55H	0.2413	benign
Q14353	A55I	0.2067	benign
Q14353	A55K	0.1981	benign
Q14353	A55L	0.1261	benign
Q14353	A55M	0.1717	benign
Q14353	A55N	0.2	benign
Q14353	A55P	0.713	pathogenic
Q14353	A55Q	0.1607	benign
Q14353	A55R	0.151	benign
Q14353	A55S	0.0908	benign
Q14353	A55T	0.076	benign
Q14353	A55V	0.1023	benign
Q14353	A55W	0.4798	ambiguous
Q14353	A55Y	0.331	benign
Q14353	A56C	0.4037	ambiguous
Q14353	A56D	0.6023	pathogenic
Q14353	A56E	0.374	ambiguous
Q14353	A56F	0.3932	ambiguous
Q14353	A56G	0.2185	benign
Q14353	A56H	0.5063	ambiguous
Q14353	A56I	0.2348	benign
Q14353	A56K	0.4942	ambiguous
Q14353	A56L	0.2422	benign
Q14353	A56M	0.2601	benign
Q14353	A56N	0.4561	ambiguous
Q14353	A56P	0.7844	pathogenic
Q14353	A56Q	0.379	ambiguous
Q14353	A56R	0.39	ambiguous
Q14353	A56S	0.1313	benign
Q14353	A56T	0.1072	benign
Q14353	A56V	0.1002	benign
Q14353	A56W	0.7488	pathogenic
Q14353	A56Y	0.5849	pathogenic
Q14353	A57C	0.7989	pathogenic
Q14353	A57D	0.9857	pathogenic
Q14353	A57E	0.9713	pathogenic
Q14353	A57F	0.9614	pathogenic
Q14353	A57G	0.4761	ambiguous
Q14353	A57H	0.9864	pathogenic
Q14353	A57I	0.7536	pathogenic
Q14353	A57K	0.9928	pathogenic
Q14353	A57L	0.766	pathogenic
Q14353	A57M	0.9006	pathogenic
Q14353	A57N	0.9704	pathogenic
Q14353	A57P	0.896	pathogenic
Q14353	A57Q	0.9609	pathogenic
Q14353	A57R	0.9636	pathogenic
Q14353	A57S	0.2606	benign
Q14353	A57T	0.4416	ambiguous
Q14353	A57V	0.3854	ambiguous
Q14353	A57W	0.9962	pathogenic
Q14353	A57Y	0.9871	pathogenic
Q14353	S58A	0.048	benign
Q14353	S58C	0.0812	benign
Q14353	S58D	0.8615	pathogenic
Q14353	S58E	0.8538	pathogenic
Q14353	S58F	0.4823	ambiguous
Q14353	S58G	0.1001	benign
Q14353	S58H	0.7122	pathogenic
Q14353	S58I	0.322	benign
Q14353	S58K	0.8899	pathogenic
Q14353	S58L	0.2389	benign
Q14353	S58M	0.3401	ambiguous
Q14353	S58N	0.5348	ambiguous
Q14353	S58P	0.7056	pathogenic
Q14353	S58Q	0.7425	pathogenic
Q14353	S58R	0.7645	pathogenic
Q14353	S58T	0.0637	benign
Q14353	S58V	0.1537	benign
Q14353	S58W	0.7357	pathogenic
Q14353	S58Y	0.5973	pathogenic
Q14353	S59A	0.0675	benign
Q14353	S59C	0.0848	benign
Q14353	S59D	0.4659	ambiguous
Q14353	S59E	0.3614	ambiguous
Q14353	S59F	0.2083	benign
Q14353	S59G	0.0824	benign
Q14353	S59H	0.2929	benign
Q14353	S59I	0.2742	benign
Q14353	S59K	0.5067	ambiguous
Q14353	S59L	0.1224	benign
Q14353	S59M	0.2664	benign
Q14353	S59N	0.2851	benign
Q14353	S59P	0.6296	pathogenic
Q14353	S59Q	0.3127	benign
Q14353	S59R	0.306	benign
Q14353	S59T	0.1273	benign
Q14353	S59V	0.197	benign
Q14353	S59W	0.258	benign
Q14353	S59Y	0.2271	benign
Q14353	K60A	0.1621	benign
Q14353	K60C	0.3311	benign
Q14353	K60D	0.4498	ambiguous
Q14353	K60E	0.1367	benign
Q14353	K60F	0.5229	ambiguous
Q14353	K60G	0.1555	benign
Q14353	K60H	0.159	benign
Q14353	K60I	0.3002	benign
Q14353	K60L	0.1926	benign
Q14353	K60M	0.1917	benign
Q14353	K60N	0.2322	benign
Q14353	K60P	0.4222	ambiguous
Q14353	K60Q	0.085	benign
Q14353	K60R	0.0533	benign
Q14353	K60S	0.2133	benign
Q14353	K60T	0.1345	benign
Q14353	K60V	0.2227	benign
Q14353	K60W	0.48	ambiguous
Q14353	K60Y	0.4114	ambiguous
Q14353	G61A	0.4108	ambiguous
Q14353	G61C	0.5782	pathogenic
Q14353	G61D	0.6439	pathogenic
Q14353	G61E	0.6108	pathogenic
Q14353	G61F	0.912	pathogenic
Q14353	G61H	0.7352	pathogenic
Q14353	G61I	0.89	pathogenic
Q14353	G61K	0.6841	pathogenic
Q14353	G61L	0.8821	pathogenic
Q14353	G61M	0.9096	pathogenic
Q14353	G61N	0.7159	pathogenic
Q14353	G61P	0.9305	pathogenic
Q14353	G61Q	0.6515	pathogenic
Q14353	G61R	0.532	ambiguous
Q14353	G61S	0.3741	ambiguous
Q14353	G61T	0.6343	pathogenic
Q14353	G61V	0.7592	pathogenic
Q14353	G61W	0.7665	pathogenic
Q14353	G61Y	0.8012	pathogenic
Q14353	G62A	0.5739	pathogenic
Q14353	G62C	0.6172	pathogenic
Q14353	G62D	0.7863	pathogenic
Q14353	G62E	0.8067	pathogenic
Q14353	G62F	0.941	pathogenic
Q14353	G62H	0.8418	pathogenic
Q14353	G62I	0.9208	pathogenic
Q14353	G62K	0.8178	pathogenic
Q14353	G62L	0.9114	pathogenic
Q14353	G62M	0.9431	pathogenic
Q14353	G62N	0.8064	pathogenic
Q14353	G62P	0.9759	pathogenic
Q14353	G62Q	0.7692	pathogenic
Q14353	G62R	0.627	pathogenic
Q14353	G62S	0.3802	ambiguous
Q14353	G62T	0.7357	pathogenic
Q14353	G62V	0.853	pathogenic
Q14353	G62W	0.8303	pathogenic
Q14353	G62Y	0.9034	pathogenic
Q14353	R63A	0.5815	pathogenic
Q14353	R63C	0.1889	benign
Q14353	R63D	0.8472	pathogenic
Q14353	R63E	0.6326	pathogenic
Q14353	R63F	0.7587	pathogenic
Q14353	R63G	0.5074	ambiguous
Q14353	R63H	0.1502	benign
Q14353	R63I	0.4828	ambiguous
Q14353	R63K	0.1817	benign
Q14353	R63L	0.3963	ambiguous
Q14353	R63M	0.5745	pathogenic
Q14353	R63N	0.7733	pathogenic
Q14353	R63P	0.8494	pathogenic
Q14353	R63Q	0.1527	benign
Q14353	R63S	0.6384	pathogenic
Q14353	R63T	0.4199	ambiguous
Q14353	R63V	0.4918	ambiguous
Q14353	R63W	0.3123	benign
Q14353	R63Y	0.6391	pathogenic
Q14353	V64A	0.828	pathogenic
Q14353	V64C	0.932	pathogenic
Q14353	V64D	0.9814	pathogenic
Q14353	V64E	0.9606	pathogenic
Q14353	V64F	0.7039	pathogenic
Q14353	V64G	0.7638	pathogenic
Q14353	V64H	0.9774	pathogenic
Q14353	V64I	0.102	benign
Q14353	V64K	0.9634	pathogenic
Q14353	V64L	0.5642	pathogenic
Q14353	V64M	0.6599	pathogenic
Q14353	V64N	0.9414	pathogenic
Q14353	V64P	0.9694	pathogenic
Q14353	V64Q	0.9506	pathogenic
Q14353	V64R	0.9314	pathogenic
Q14353	V64S	0.8788	pathogenic
Q14353	V64T	0.7969	pathogenic
Q14353	V64W	0.9841	pathogenic
Q14353	V64Y	0.9564	pathogenic
Q14353	L65A	0.8618	pathogenic
Q14353	L65C	0.8421	pathogenic
Q14353	L65D	0.9994	pathogenic
Q14353	L65E	0.9947	pathogenic
Q14353	L65F	0.8257	pathogenic
Q14353	L65G	0.9683	pathogenic
Q14353	L65H	0.9914	pathogenic
Q14353	L65I	0.5352	ambiguous
Q14353	L65K	0.9923	pathogenic
Q14353	L65M	0.4433	ambiguous
Q14353	L65N	0.9976	pathogenic
Q14353	L65P	0.9843	pathogenic
Q14353	L65Q	0.9742	pathogenic
Q14353	L65R	0.967	pathogenic
Q14353	L65S	0.9874	pathogenic
Q14353	L65T	0.9695	pathogenic
Q14353	L65V	0.469	ambiguous
Q14353	L65W	0.9581	pathogenic
Q14353	L65Y	0.9873	pathogenic
Q14353	E66A	0.9599	pathogenic
Q14353	E66C	0.983	pathogenic
Q14353	E66D	0.9758	pathogenic
Q14353	E66F	0.9992	pathogenic
Q14353	E66G	0.9646	pathogenic
Q14353	E66H	0.9897	pathogenic
Q14353	E66I	0.9923	pathogenic
Q14353	E66K	0.986	pathogenic
Q14353	E66L	0.9915	pathogenic
Q14353	E66M	0.9958	pathogenic
Q14353	E66N	0.9876	pathogenic
Q14353	E66P	0.9972	pathogenic
Q14353	E66Q	0.9341	pathogenic
Q14353	E66R	0.9825	pathogenic
Q14353	E66S	0.9666	pathogenic
Q14353	E66T	0.9872	pathogenic
Q14353	E66V	0.9764	pathogenic
Q14353	E66W	0.9992	pathogenic
Q14353	E66Y	0.9976	pathogenic
Q14353	V67A	0.6044	pathogenic
Q14353	V67C	0.9316	pathogenic
Q14353	V67D	0.9783	pathogenic
Q14353	V67E	0.9664	pathogenic
Q14353	V67F	0.8265	pathogenic
Q14353	V67G	0.7029	pathogenic
Q14353	V67H	0.9938	pathogenic
Q14353	V67I	0.1187	benign
Q14353	V67K	0.9825	pathogenic
Q14353	V67L	0.5255	ambiguous
Q14353	V67M	0.6733	pathogenic
Q14353	V67N	0.9568	pathogenic
Q14353	V67P	0.9617	pathogenic
Q14353	V67Q	0.9806	pathogenic
Q14353	V67R	0.9665	pathogenic
Q14353	V67S	0.8923	pathogenic
Q14353	V67T	0.7007	pathogenic
Q14353	V67W	0.9922	pathogenic
Q14353	V67Y	0.9778	pathogenic
Q14353	G68A	0.9447	pathogenic
Q14353	G68C	0.9505	pathogenic
Q14353	G68D	0.987	pathogenic
Q14353	G68E	0.9921	pathogenic
Q14353	G68F	0.9949	pathogenic
Q14353	G68H	0.9974	pathogenic
Q14353	G68I	0.9888	pathogenic
Q14353	G68K	0.9973	pathogenic
Q14353	G68L	0.9903	pathogenic
Q14353	G68M	0.9976	pathogenic
Q14353	G68N	0.9955	pathogenic
Q14353	G68P	0.995	pathogenic
Q14353	G68Q	0.9953	pathogenic
Q14353	G68R	0.9867	pathogenic
Q14353	G68S	0.933	pathogenic
Q14353	G68T	0.9797	pathogenic
Q14353	G68V	0.9814	pathogenic
Q14353	G68W	0.9865	pathogenic
Q14353	G68Y	0.9948	pathogenic
Q14353	F69A	0.9926	pathogenic
Q14353	F69C	0.9407	pathogenic
Q14353	F69D	0.9979	pathogenic
Q14353	F69E	0.9986	pathogenic
Q14353	F69G	0.9928	pathogenic
Q14353	F69H	0.9566	pathogenic
Q14353	F69I	0.9901	pathogenic
Q14353	F69K	0.9983	pathogenic
Q14353	F69L	0.9977	pathogenic
Q14353	F69M	0.9884	pathogenic
Q14353	F69N	0.9923	pathogenic
Q14353	F69P	0.9997	pathogenic
Q14353	F69Q	0.9966	pathogenic
Q14353	F69R	0.9911	pathogenic
Q14353	F69S	0.9859	pathogenic
Q14353	F69T	0.9969	pathogenic
Q14353	F69V	0.984	pathogenic
Q14353	F69W	0.8087	pathogenic
Q14353	F69Y	0.6655	pathogenic
Q14353	G70A	0.9609	pathogenic
Q14353	G70C	0.9621	pathogenic
Q14353	G70D	0.9901	pathogenic
Q14353	G70E	0.993	pathogenic
Q14353	G70F	0.9956	pathogenic
Q14353	G70H	0.996	pathogenic
Q14353	G70I	0.995	pathogenic
Q14353	G70K	0.9964	pathogenic
Q14353	G70L	0.9904	pathogenic
Q14353	G70M	0.9981	pathogenic
Q14353	G70N	0.9964	pathogenic
Q14353	G70P	0.996	pathogenic
Q14353	G70Q	0.9926	pathogenic
Q14353	G70R	0.9784	pathogenic
Q14353	G70S	0.9294	pathogenic
Q14353	G70T	0.9858	pathogenic
Q14353	G70V	0.9913	pathogenic
Q14353	G70W	0.9834	pathogenic
Q14353	G70Y	0.9957	pathogenic
Q14353	M71A	0.9653	pathogenic
Q14353	M71C	0.9389	pathogenic
Q14353	M71D	0.9962	pathogenic
Q14353	M71E	0.9734	pathogenic
Q14353	M71F	0.8556	pathogenic
Q14353	M71G	0.9765	pathogenic
Q14353	M71H	0.9835	pathogenic
Q14353	M71I	0.9571	pathogenic
Q14353	M71K	0.91	pathogenic
Q14353	M71L	0.2393	benign
Q14353	M71N	0.9761	pathogenic
Q14353	M71P	0.9933	pathogenic
Q14353	M71Q	0.9015	pathogenic
Q14353	M71R	0.8886	pathogenic
Q14353	M71S	0.9783	pathogenic
Q14353	M71T	0.9683	pathogenic
Q14353	M71V	0.7093	pathogenic
Q14353	M71W	0.974	pathogenic
Q14353	M71Y	0.9774	pathogenic
Q14353	A72C	0.7404	pathogenic
Q14353	A72D	0.8211	pathogenic
Q14353	A72E	0.7925	pathogenic
Q14353	A72F	0.8482	pathogenic
Q14353	A72G	0.0937	benign
Q14353	A72H	0.8693	pathogenic
Q14353	A72I	0.9715	pathogenic
Q14353	A72K	0.9289	pathogenic
Q14353	A72L	0.78	pathogenic
Q14353	A72M	0.8	pathogenic
Q14353	A72N	0.7324	pathogenic
Q14353	A72P	0.9443	pathogenic
Q14353	A72Q	0.7401	pathogenic
Q14353	A72R	0.8088	pathogenic
Q14353	A72S	0.1753	benign
Q14353	A72T	0.6537	pathogenic
Q14353	A72V	0.8553	pathogenic
Q14353	A72W	0.9649	pathogenic
Q14353	A72Y	0.8957	pathogenic
Q14353	I73A	0.8848	pathogenic
Q14353	I73C	0.9751	pathogenic
Q14353	I73D	0.9941	pathogenic
Q14353	I73E	0.9827	pathogenic
Q14353	I73F	0.6674	pathogenic
Q14353	I73G	0.9848	pathogenic
Q14353	I73H	0.9805	pathogenic
Q14353	I73K	0.9624	pathogenic
Q14353	I73L	0.2796	benign
Q14353	I73M	0.3352	benign
Q14353	I73N	0.9584	pathogenic
Q14353	I73P	0.9682	pathogenic
Q14353	I73Q	0.9709	pathogenic
Q14353	I73R	0.9269	pathogenic
Q14353	I73S	0.9346	pathogenic
Q14353	I73T	0.8708	pathogenic
Q14353	I73V	0.2252	benign
Q14353	I73W	0.964	pathogenic
Q14353	I73Y	0.9498	pathogenic
Q14353	A74C	0.748	pathogenic
Q14353	A74D	0.9876	pathogenic
Q14353	A74E	0.9795	pathogenic
Q14353	A74F	0.9469	pathogenic
Q14353	A74G	0.4604	ambiguous
Q14353	A74H	0.978	pathogenic
Q14353	A74I	0.9063	pathogenic
Q14353	A74K	0.9957	pathogenic
Q14353	A74L	0.7215	pathogenic
Q14353	A74M	0.8605	pathogenic
Q14353	A74N	0.966	pathogenic
Q14353	A74P	0.9441	pathogenic
Q14353	A74Q	0.9603	pathogenic
Q14353	A74R	0.9825	pathogenic
Q14353	A74S	0.1812	benign
Q14353	A74T	0.5037	ambiguous
Q14353	A74V	0.666	pathogenic
Q14353	A74W	0.9943	pathogenic
Q14353	A74Y	0.9851	pathogenic
Q14353	A75C	0.8964	pathogenic
Q14353	A75D	0.9713	pathogenic
Q14353	A75E	0.9801	pathogenic
Q14353	A75F	0.986	pathogenic
Q14353	A75G	0.2238	benign
Q14353	A75H	0.9877	pathogenic
Q14353	A75I	0.9886	pathogenic
Q14353	A75K	0.9962	pathogenic
Q14353	A75L	0.9251	pathogenic
Q14353	A75M	0.9615	pathogenic
Q14353	A75N	0.9629	pathogenic
Q14353	A75P	0.9641	pathogenic
Q14353	A75Q	0.963	pathogenic
Q14353	A75R	0.9814	pathogenic
Q14353	A75S	0.1507	benign
Q14353	A75T	0.6706	pathogenic
Q14353	A75V	0.911	pathogenic
Q14353	A75W	0.9979	pathogenic
Q14353	A75Y	0.994	pathogenic
Q14353	S76A	0.0924	benign
Q14353	S76C	0.1538	benign
Q14353	S76D	0.3834	ambiguous
Q14353	S76E	0.4534	ambiguous
Q14353	S76F	0.3878	ambiguous
Q14353	S76G	0.0801	benign
Q14353	S76H	0.4004	ambiguous
Q14353	S76I	0.4768	ambiguous
Q14353	S76K	0.6696	pathogenic
Q14353	S76L	0.1899	benign
Q14353	S76M	0.2967	benign
Q14353	S76N	0.2032	benign
Q14353	S76P	0.7448	pathogenic
Q14353	S76Q	0.4813	ambiguous
Q14353	S76R	0.5374	ambiguous
Q14353	S76T	0.0731	benign
Q14353	S76V	0.351	ambiguous
Q14353	S76W	0.403	ambiguous
Q14353	S76Y	0.3405	ambiguous
Q14353	K77A	0.2866	benign
Q14353	K77C	0.4816	ambiguous
Q14353	K77D	0.8813	pathogenic
Q14353	K77E	0.2082	benign
Q14353	K77F	0.7258	pathogenic
Q14353	K77G	0.5258	ambiguous
Q14353	K77H	0.26	benign
Q14353	K77I	0.5185	ambiguous
Q14353	K77L	0.3559	ambiguous
Q14353	K77M	0.2325	benign
Q14353	K77N	0.707	pathogenic
Q14353	K77P	0.9296	pathogenic
Q14353	K77Q	0.1175	benign
Q14353	K77R	0.0623	benign
Q14353	K77S	0.5234	ambiguous
Q14353	K77T	0.2633	benign
Q14353	K77V	0.3878	ambiguous
Q14353	K77W	0.6845	pathogenic
Q14353	K77Y	0.6073	pathogenic
Q14353	V78A	0.6517	pathogenic
Q14353	V78C	0.8786	pathogenic
Q14353	V78D	0.9644	pathogenic
Q14353	V78E	0.9101	pathogenic
Q14353	V78F	0.4173	ambiguous
Q14353	V78G	0.6849	pathogenic
Q14353	V78H	0.9653	pathogenic
Q14353	V78I	0.0733	benign
Q14353	V78K	0.9514	pathogenic
Q14353	V78L	0.1431	benign
Q14353	V78M	0.2284	benign
Q14353	V78N	0.9072	pathogenic
Q14353	V78P	0.9675	pathogenic
Q14353	V78Q	0.9055	pathogenic
Q14353	V78R	0.9335	pathogenic
Q14353	V78S	0.83	pathogenic
Q14353	V78T	0.7334	pathogenic
Q14353	V78W	0.9576	pathogenic
Q14353	V78Y	0.9093	pathogenic
Q14353	Q79A	0.4305	ambiguous
Q14353	Q79C	0.8929	pathogenic
Q14353	Q79D	0.9335	pathogenic
Q14353	Q79E	0.0673	benign
Q14353	Q79F	0.9864	pathogenic
Q14353	Q79G	0.4921	ambiguous
Q14353	Q79H	0.8407	pathogenic
Q14353	Q79I	0.8487	pathogenic
Q14353	Q79K	0.7419	pathogenic
Q14353	Q79L	0.4947	ambiguous
Q14353	Q79M	0.641	pathogenic
Q14353	Q79N	0.7995	pathogenic
Q14353	Q79P	0.8689	pathogenic
Q14353	Q79R	0.6718	pathogenic
Q14353	Q79S	0.5437	ambiguous
Q14353	Q79T	0.6461	pathogenic
Q14353	Q79V	0.6774	pathogenic
Q14353	Q79W	0.9832	pathogenic
Q14353	Q79Y	0.9811	pathogenic
Q14353	E80A	0.098	benign
Q14353	E80C	0.7324	pathogenic
Q14353	E80D	0.1671	benign
Q14353	E80F	0.7411	pathogenic
Q14353	E80G	0.1159	benign
Q14353	E80H	0.3815	ambiguous
Q14353	E80I	0.4335	ambiguous
Q14353	E80K	0.1409	benign
Q14353	E80L	0.3084	benign
Q14353	E80M	0.3785	ambiguous
Q14353	E80N	0.2839	benign
Q14353	E80P	0.8551	pathogenic
Q14353	E80Q	0.0988	benign
Q14353	E80R	0.2017	benign
Q14353	E80S	0.1757	benign
Q14353	E80T	0.1901	benign
Q14353	E80V	0.2168	benign
Q14353	E80W	0.8411	pathogenic
Q14353	E80Y	0.6057	pathogenic
Q14353	A81C	0.2555	benign
Q14353	A81D	0.1703	benign
Q14353	A81E	0.168	benign
Q14353	A81F	0.143	benign
Q14353	A81G	0.0789	benign
Q14353	A81H	0.225	benign
Q14353	A81I	0.1657	benign
Q14353	A81K	0.2642	benign
Q14353	A81L	0.1144	benign
Q14353	A81M	0.1296	benign
Q14353	A81N	0.1587	benign
Q14353	A81P	0.4231	ambiguous
Q14353	A81Q	0.1833	benign
Q14353	A81R	0.2162	benign
Q14353	A81S	0.0808	benign
Q14353	A81T	0.0775	benign
Q14353	A81V	0.0844	benign
Q14353	A81W	0.4079	ambiguous
Q14353	A81Y	0.2233	benign
Q14353	P82A	0.0529	benign
Q14353	P82C	0.2058	benign
Q14353	P82D	0.1115	benign
Q14353	P82E	0.1187	benign
Q14353	P82F	0.2906	benign
Q14353	P82G	0.1146	benign
Q14353	P82H	0.0873	benign
Q14353	P82I	0.2277	benign
Q14353	P82K	0.1318	benign
Q14353	P82L	0.0984	benign
Q14353	P82M	0.2209	benign
Q14353	P82N	0.1299	benign
Q14353	P82Q	0.0842	benign
Q14353	P82R	0.0753	benign
Q14353	P82S	0.0718	benign
Q14353	P82T	0.0751	benign
Q14353	P82V	0.1389	benign
Q14353	P82W	0.3012	benign
Q14353	P82Y	0.2384	benign
Q14353	I83A	0.3791	ambiguous
Q14353	I83C	0.7836	pathogenic
Q14353	I83D	0.9739	pathogenic
Q14353	I83E	0.9453	pathogenic
Q14353	I83F	0.6517	pathogenic
Q14353	I83G	0.8587	pathogenic
Q14353	I83H	0.955	pathogenic
Q14353	I83K	0.9174	pathogenic
Q14353	I83L	0.1725	benign
Q14353	I83M	0.2157	benign
Q14353	I83N	0.8476	pathogenic
Q14353	I83P	0.7041	pathogenic
Q14353	I83Q	0.9174	pathogenic
Q14353	I83R	0.8533	pathogenic
Q14353	I83S	0.658	pathogenic
Q14353	I83T	0.2988	benign
Q14353	I83V	0.0635	benign
Q14353	I83W	0.9754	pathogenic
Q14353	I83Y	0.9533	pathogenic
Q14353	D84A	0.0664	benign
Q14353	D84C	0.2508	benign
Q14353	D84E	0.0738	benign
Q14353	D84F	0.3997	ambiguous
Q14353	D84G	0.0876	benign
Q14353	D84H	0.0899	benign
Q14353	D84I	0.1904	benign
Q14353	D84K	0.1062	benign
Q14353	D84L	0.1656	benign
Q14353	D84M	0.3193	benign
Q14353	D84N	0.0816	benign
Q14353	D84P	0.5225	ambiguous
Q14353	D84Q	0.0918	benign
Q14353	D84R	0.0951	benign
Q14353	D84S	0.0681	benign
Q14353	D84T	0.0857	benign
Q14353	D84V	0.1091	benign
Q14353	D84W	0.5811	pathogenic
Q14353	D84Y	0.1538	benign
Q14353	E85A	0.2785	benign
Q14353	E85C	0.8882	pathogenic
Q14353	E85D	0.573	pathogenic
Q14353	E85F	0.9436	pathogenic
Q14353	E85G	0.3943	ambiguous
Q14353	E85H	0.7451	pathogenic
Q14353	E85I	0.7377	pathogenic
Q14353	E85K	0.3873	ambiguous
Q14353	E85L	0.7984	pathogenic
Q14353	E85M	0.7102	pathogenic
Q14353	E85N	0.7484	pathogenic
Q14353	E85P	0.9852	pathogenic
Q14353	E85Q	0.2368	benign
Q14353	E85R	0.4929	ambiguous
Q14353	E85S	0.4003	ambiguous
Q14353	E85T	0.4261	ambiguous
Q14353	E85V	0.489	ambiguous
Q14353	E85W	0.982	pathogenic
Q14353	E85Y	0.9026	pathogenic
Q14353	H86A	0.9918	pathogenic
Q14353	H86C	0.8976	pathogenic
Q14353	H86D	0.9774	pathogenic
Q14353	H86E	0.9874	pathogenic
Q14353	H86F	0.9567	pathogenic
Q14353	H86G	0.9896	pathogenic
Q14353	H86I	0.9812	pathogenic
Q14353	H86K	0.9917	pathogenic
Q14353	H86L	0.8762	pathogenic
Q14353	H86M	0.9853	pathogenic
Q14353	H86N	0.9154	pathogenic
Q14353	H86P	0.9604	pathogenic
Q14353	H86Q	0.9744	pathogenic
Q14353	H86R	0.9668	pathogenic
Q14353	H86S	0.982	pathogenic
Q14353	H86T	0.9916	pathogenic
Q14353	H86V	0.9827	pathogenic
Q14353	H86W	0.9324	pathogenic
Q14353	H86Y	0.7938	pathogenic
Q14353	W87A	0.6179	pathogenic
Q14353	W87C	0.5281	ambiguous
Q14353	W87D	0.9807	pathogenic
Q14353	W87E	0.9608	pathogenic
Q14353	W87F	0.3704	ambiguous
Q14353	W87G	0.6646	pathogenic
Q14353	W87H	0.6833	pathogenic
Q14353	W87I	0.4351	ambiguous
Q14353	W87K	0.961	pathogenic
Q14353	W87L	0.491	ambiguous
Q14353	W87M	0.7377	pathogenic
Q14353	W87N	0.9343	pathogenic
Q14353	W87P	0.9954	pathogenic
Q14353	W87Q	0.9185	pathogenic
Q14353	W87R	0.8579	pathogenic
Q14353	W87S	0.547	ambiguous
Q14353	W87T	0.4758	ambiguous
Q14353	W87V	0.2501	benign
Q14353	W87Y	0.4621	ambiguous
Q14353	I88A	0.9605	pathogenic
Q14353	I88C	0.9618	pathogenic
Q14353	I88D	0.9964	pathogenic
Q14353	I88E	0.9913	pathogenic
Q14353	I88F	0.9159	pathogenic
Q14353	I88G	0.9882	pathogenic
Q14353	I88H	0.9913	pathogenic
Q14353	I88K	0.9881	pathogenic
Q14353	I88L	0.5523	ambiguous
Q14353	I88M	0.5487	ambiguous
Q14353	I88N	0.9511	pathogenic
Q14353	I88P	0.9937	pathogenic
Q14353	I88Q	0.9866	pathogenic
Q14353	I88R	0.9804	pathogenic
Q14353	I88S	0.9542	pathogenic
Q14353	I88T	0.9511	pathogenic
Q14353	I88V	0.1681	benign
Q14353	I88W	0.9954	pathogenic
Q14353	I88Y	0.9813	pathogenic
Q14353	I89A	0.807	pathogenic
Q14353	I89C	0.9251	pathogenic
Q14353	I89D	0.9976	pathogenic
Q14353	I89E	0.9904	pathogenic
Q14353	I89F	0.7547	pathogenic
Q14353	I89G	0.9788	pathogenic
Q14353	I89H	0.992	pathogenic
Q14353	I89K	0.9879	pathogenic
Q14353	I89L	0.3371	benign
Q14353	I89M	0.2931	benign
Q14353	I89N	0.9793	pathogenic
Q14353	I89P	0.9817	pathogenic
Q14353	I89Q	0.9832	pathogenic
Q14353	I89R	0.977	pathogenic
Q14353	I89S	0.8873	pathogenic
Q14353	I89T	0.6466	pathogenic
Q14353	I89V	0.0926	benign
Q14353	I89W	0.9851	pathogenic
Q14353	I89Y	0.978	pathogenic
Q14353	E90A	0.9632	pathogenic
Q14353	E90C	0.9851	pathogenic
Q14353	E90D	0.9772	pathogenic
Q14353	E90F	0.9987	pathogenic
Q14353	E90G	0.9649	pathogenic
Q14353	E90H	0.989	pathogenic
Q14353	E90I	0.9943	pathogenic
Q14353	E90K	0.9684	pathogenic
Q14353	E90L	0.9926	pathogenic
Q14353	E90M	0.9966	pathogenic
Q14353	E90N	0.9967	pathogenic
Q14353	E90P	0.9946	pathogenic
Q14353	E90Q	0.9507	pathogenic
Q14353	E90R	0.9664	pathogenic
Q14353	E90S	0.9768	pathogenic
Q14353	E90T	0.9872	pathogenic
Q14353	E90V	0.9839	pathogenic
Q14353	E90W	0.999	pathogenic
Q14353	E90Y	0.9967	pathogenic
Q14353	C91A	0.7187	pathogenic
Q14353	C91D	0.9824	pathogenic
Q14353	C91E	0.9913	pathogenic
Q14353	C91F	0.7758	pathogenic
Q14353	C91G	0.4654	ambiguous
Q14353	C91H	0.9533	pathogenic
Q14353	C91I	0.9128	pathogenic
Q14353	C91K	0.9897	pathogenic
Q14353	C91L	0.8393	pathogenic
Q14353	C91M	0.911	pathogenic
Q14353	C91N	0.9235	pathogenic
Q14353	C91P	0.9555	pathogenic
Q14353	C91Q	0.9666	pathogenic
Q14353	C91R	0.9155	pathogenic
Q14353	C91S	0.7792	pathogenic
Q14353	C91T	0.9423	pathogenic
Q14353	C91V	0.848	pathogenic
Q14353	C91W	0.9263	pathogenic
Q14353	C91Y	0.8522	pathogenic
Q14353	N92A	0.934	pathogenic
Q14353	N92C	0.6944	pathogenic
Q14353	N92D	0.8862	pathogenic
Q14353	N92E	0.9777	pathogenic
Q14353	N92F	0.9947	pathogenic
Q14353	N92G	0.9137	pathogenic
Q14353	N92H	0.5004	ambiguous
Q14353	N92I	0.9668	pathogenic
Q14353	N92K	0.9876	pathogenic
Q14353	N92L	0.9395	pathogenic
Q14353	N92M	0.9753	pathogenic
Q14353	N92P	0.9535	pathogenic
Q14353	N92Q	0.9679	pathogenic
Q14353	N92R	0.9722	pathogenic
Q14353	N92S	0.3409	ambiguous
Q14353	N92T	0.86	pathogenic
Q14353	N92V	0.9633	pathogenic
Q14353	N92W	0.993	pathogenic
Q14353	N92Y	0.943	pathogenic
Q14353	D93A	0.1537	benign
Q14353	D93C	0.6127	pathogenic
Q14353	D93E	0.1151	benign
Q14353	D93F	0.6866	pathogenic
Q14353	D93G	0.1685	benign
Q14353	D93H	0.2084	benign
Q14353	D93I	0.4497	ambiguous
Q14353	D93K	0.2986	benign
Q14353	D93L	0.4199	ambiguous
Q14353	D93M	0.6481	pathogenic
Q14353	D93N	0.1147	benign
Q14353	D93P	0.5851	pathogenic
Q14353	D93Q	0.2447	benign
Q14353	D93R	0.283	benign
Q14353	D93S	0.13	benign
Q14353	D93T	0.2314	benign
Q14353	D93V	0.252	benign
Q14353	D93W	0.837	pathogenic
Q14353	D93Y	0.288	benign
Q14353	G94A	0.1152	benign
Q14353	G94C	0.3176	benign
Q14353	G94D	0.1232	benign
Q14353	G94E	0.168	benign
Q14353	G94F	0.7392	pathogenic
Q14353	G94H	0.4059	ambiguous
Q14353	G94I	0.4305	ambiguous
Q14353	G94K	0.4953	ambiguous
Q14353	G94L	0.474	ambiguous
Q14353	G94M	0.5546	ambiguous
Q14353	G94N	0.2556	benign
Q14353	G94P	0.8203	pathogenic
Q14353	G94Q	0.3112	benign
Q14353	G94R	0.3645	ambiguous
Q14353	G94S	0.0971	benign
Q14353	G94T	0.1729	benign
Q14353	G94V	0.2568	benign
Q14353	G94W	0.5972	pathogenic
Q14353	G94Y	0.5791	pathogenic
Q14353	V95A	0.8798	pathogenic
Q14353	V95C	0.9731	pathogenic
Q14353	V95D	0.9566	pathogenic
Q14353	V95E	0.925	pathogenic
Q14353	V95F	0.8805	pathogenic
Q14353	V95G	0.829	pathogenic
Q14353	V95H	0.9875	pathogenic
Q14353	V95I	0.1683	benign
Q14353	V95K	0.9746	pathogenic
Q14353	V95L	0.8709	pathogenic
Q14353	V95M	0.7844	pathogenic
Q14353	V95N	0.9042	pathogenic
Q14353	V95P	0.9593	pathogenic
Q14353	V95Q	0.9496	pathogenic
Q14353	V95R	0.937	pathogenic
Q14353	V95S	0.8734	pathogenic
Q14353	V95T	0.8462	pathogenic
Q14353	V95W	0.9974	pathogenic
Q14353	V95Y	0.9865	pathogenic
Q14353	F96A	0.9319	pathogenic
Q14353	F96C	0.7498	pathogenic
Q14353	F96D	0.9877	pathogenic
Q14353	F96E	0.9853	pathogenic
Q14353	F96G	0.9712	pathogenic
Q14353	F96H	0.8486	pathogenic
Q14353	F96I	0.7468	pathogenic
Q14353	F96K	0.994	pathogenic
Q14353	F96L	0.9481	pathogenic
Q14353	F96M	0.875	pathogenic
Q14353	F96N	0.9693	pathogenic
Q14353	F96P	0.9986	pathogenic
Q14353	F96Q	0.9716	pathogenic
Q14353	F96R	0.9699	pathogenic
Q14353	F96S	0.8905	pathogenic
Q14353	F96T	0.9661	pathogenic
Q14353	F96V	0.7332	pathogenic
Q14353	F96W	0.5873	pathogenic
Q14353	F96Y	0.2656	benign
Q14353	Q97A	0.1398	benign
Q14353	Q97C	0.4436	ambiguous
Q14353	Q97D	0.2398	benign
Q14353	Q97E	0.0695	benign
Q14353	Q97F	0.6641	pathogenic
Q14353	Q97G	0.152	benign
Q14353	Q97H	0.1772	benign
Q14353	Q97I	0.41	ambiguous
Q14353	Q97K	0.1054	benign
Q14353	Q97L	0.1256	benign
Q14353	Q97M	0.3914	ambiguous
Q14353	Q97N	0.2717	benign
Q14353	Q97P	0.331	benign
Q14353	Q97R	0.0747	benign
Q14353	Q97S	0.1831	benign
Q14353	Q97T	0.1751	benign
Q14353	Q97V	0.2433	benign
Q14353	Q97W	0.3661	ambiguous
Q14353	Q97Y	0.4582	ambiguous
Q14353	R98A	0.7172	pathogenic
Q14353	R98C	0.3005	benign
Q14353	R98D	0.8881	pathogenic
Q14353	R98E	0.6781	pathogenic
Q14353	R98F	0.813	pathogenic
Q14353	R98G	0.5764	pathogenic
Q14353	R98H	0.1705	benign
Q14353	R98I	0.6335	pathogenic
Q14353	R98K	0.284	benign
Q14353	R98L	0.4423	ambiguous
Q14353	R98M	0.6476	pathogenic
Q14353	R98N	0.8035	pathogenic
Q14353	R98P	0.9531	pathogenic
Q14353	R98Q	0.1903	benign
Q14353	R98S	0.7944	pathogenic
Q14353	R98T	0.5922	pathogenic
Q14353	R98V	0.666	pathogenic
Q14353	R98W	0.3535	ambiguous
Q14353	R98Y	0.6117	pathogenic
Q14353	L99A	0.7434	pathogenic
Q14353	L99C	0.8218	pathogenic
Q14353	L99D	0.9978	pathogenic
Q14353	L99E	0.9883	pathogenic
Q14353	L99F	0.8479	pathogenic
Q14353	L99G	0.918	pathogenic
Q14353	L99H	0.9727	pathogenic
Q14353	L99I	0.5546	ambiguous
Q14353	L99K	0.9857	pathogenic
Q14353	L99M	0.5165	ambiguous
Q14353	L99N	0.9865	pathogenic
Q14353	L99P	0.9686	pathogenic
Q14353	L99Q	0.937	pathogenic
Q14353	L99R	0.9329	pathogenic
Q14353	L99S	0.9492	pathogenic
Q14353	L99T	0.9216	pathogenic
Q14353	L99V	0.4517	ambiguous
Q14353	L99W	0.9637	pathogenic
Q14353	L99Y	0.9801	pathogenic
Q14353	R100A	0.1189	benign
Q14353	R100C	0.0857	benign
Q14353	R100D	0.338	benign
Q14353	R100E	0.0918	benign
Q14353	R100F	0.3609	ambiguous
Q14353	R100G	0.0981	benign
Q14353	R100H	0.0907	benign
Q14353	R100I	0.1342	benign
Q14353	R100K	0.0792	benign
Q14353	R100L	0.0681	benign
Q14353	R100M	0.1456	benign
Q14353	R100N	0.2409	benign
Q14353	R100P	0.6413	pathogenic
Q14353	R100Q	0.0479	benign
Q14353	R100S	0.1591	benign
Q14353	R100T	0.1009	benign
Q14353	R100V	0.1212	benign
Q14353	R100W	0.1077	benign
Q14353	R100Y	0.2401	benign
Q14353	D101A	0.092	benign
Q14353	D101C	0.3783	ambiguous
Q14353	D101E	0.0897	benign
Q14353	D101F	0.4299	ambiguous
Q14353	D101G	0.1166	benign
Q14353	D101H	0.1472	benign
Q14353	D101I	0.2424	benign
Q14353	D101K	0.2045	benign
Q14353	D101L	0.2202	benign
Q14353	D101M	0.4258	ambiguous
Q14353	D101N	0.0988	benign
Q14353	D101P	0.6645	pathogenic
Q14353	D101Q	0.1518	benign
Q14353	D101R	0.2012	benign
Q14353	D101S	0.099	benign
Q14353	D101T	0.1544	benign
Q14353	D101V	0.1361	benign
Q14353	D101W	0.6737	pathogenic
Q14353	D101Y	0.1673	benign
Q14353	W102A	0.9283	pathogenic
Q14353	W102C	0.9712	pathogenic
Q14353	W102D	0.9705	pathogenic
Q14353	W102E	0.9713	pathogenic
Q14353	W102F	0.3891	ambiguous
Q14353	W102G	0.8075	pathogenic
Q14353	W102H	0.9381	pathogenic
Q14353	W102I	0.9547	pathogenic
Q14353	W102K	0.9889	pathogenic
Q14353	W102L	0.9041	pathogenic
Q14353	W102M	0.9604	pathogenic
Q14353	W102N	0.9827	pathogenic
Q14353	W102P	0.9952	pathogenic
Q14353	W102Q	0.977	pathogenic
Q14353	W102R	0.9657	pathogenic
Q14353	W102S	0.8912	pathogenic
Q14353	W102T	0.9236	pathogenic
Q14353	W102V	0.9294	pathogenic
Q14353	W102Y	0.8101	pathogenic
Q14353	A103C	0.5668	pathogenic
Q14353	A103D	0.6548	pathogenic
Q14353	A103E	0.3804	ambiguous
Q14353	A103F	0.5056	ambiguous
Q14353	A103G	0.1464	benign
Q14353	A103H	0.6819	pathogenic
Q14353	A103I	0.2989	benign
Q14353	A103K	0.6295	pathogenic
Q14353	A103L	0.2385	benign
Q14353	A103M	0.2681	benign
Q14353	A103N	0.5344	ambiguous
Q14353	A103P	0.7986	pathogenic
Q14353	A103Q	0.4171	ambiguous
Q14353	A103R	0.5786	pathogenic
Q14353	A103S	0.1166	benign
Q14353	A103T	0.1295	benign
Q14353	A103V	0.143	benign
Q14353	A103W	0.8774	pathogenic
Q14353	A103Y	0.7047	pathogenic
Q14353	P104A	0.0655	benign
Q14353	P104C	0.2512	benign
Q14353	P104D	0.1881	benign
Q14353	P104E	0.1128	benign
Q14353	P104F	0.3095	benign
Q14353	P104G	0.1265	benign
Q14353	P104H	0.1036	benign
Q14353	P104I	0.1986	benign
Q14353	P104K	0.1278	benign
Q14353	P104L	0.0846	benign
Q14353	P104M	0.2111	benign
Q14353	P104N	0.1847	benign
Q14353	P104Q	0.0781	benign
Q14353	P104R	0.08	benign
Q14353	P104S	0.0801	benign
Q14353	P104T	0.0787	benign
Q14353	P104V	0.1244	benign
Q14353	P104W	0.2917	benign
Q14353	P104Y	0.2761	benign
Q14353	R105A	0.1069	benign
Q14353	R105C	0.0887	benign
Q14353	R105D	0.1898	benign
Q14353	R105E	0.1142	benign
Q14353	R105F	0.2435	benign
Q14353	R105G	0.0676	benign
Q14353	R105H	0.0731	benign
Q14353	R105I	0.1488	benign
Q14353	R105K	0.0793	benign
Q14353	R105L	0.087	benign
Q14353	R105M	0.1481	benign
Q14353	R105N	0.1824	benign
Q14353	R105P	0.2361	benign
Q14353	R105Q	0.0612	benign
Q14353	R105S	0.122	benign
Q14353	R105T	0.0886	benign
Q14353	R105V	0.1425	benign
Q14353	R105W	0.1047	benign
Q14353	R105Y	0.1946	benign
Q14353	Q106A	0.2864	benign
Q14353	Q106C	0.7669	pathogenic
Q14353	Q106D	0.828	pathogenic
Q14353	Q106E	0.1433	benign
Q14353	Q106F	0.8816	pathogenic
Q14353	Q106G	0.3773	ambiguous
Q14353	Q106H	0.5893	pathogenic
Q14353	Q106I	0.7721	pathogenic
Q14353	Q106K	0.3159	benign
Q14353	Q106L	0.3528	ambiguous
Q14353	Q106M	0.602	pathogenic
Q14353	Q106N	0.6002	pathogenic
Q14353	Q106P	0.3156	benign
Q14353	Q106R	0.2513	benign
Q14353	Q106S	0.4677	ambiguous
Q14353	Q106T	0.4831	ambiguous
Q14353	Q106V	0.5079	ambiguous
Q14353	Q106W	0.8607	pathogenic
Q14353	Q106Y	0.8016	pathogenic
Q14353	T107A	0.0594	benign
Q14353	T107C	0.1972	benign
Q14353	T107D	0.1597	benign
Q14353	T107E	0.1175	benign
Q14353	T107F	0.1928	benign
Q14353	T107G	0.1105	benign
Q14353	T107H	0.0997	benign
Q14353	T107I	0.0935	benign
Q14353	T107K	0.069	benign
Q14353	T107L	0.0767	benign
Q14353	T107M	0.0827	benign
Q14353	T107N	0.0764	benign
Q14353	T107P	0.04	benign
Q14353	T107Q	0.0876	benign
Q14353	T107R	0.0612	benign
Q14353	T107S	0.0769	benign
Q14353	T107V	0.0912	benign
Q14353	T107W	0.3356	benign
Q14353	T107Y	0.1733	benign
Q14353	H108A	0.3499	ambiguous
Q14353	H108C	0.1604	benign
Q14353	H108D	0.4673	ambiguous
Q14353	H108E	0.461	ambiguous
Q14353	H108F	0.5095	ambiguous
Q14353	H108G	0.2834	benign
Q14353	H108I	0.6191	pathogenic
Q14353	H108K	0.3529	ambiguous
Q14353	H108L	0.2591	benign
Q14353	H108M	0.7243	pathogenic
Q14353	H108N	0.1792	benign
Q14353	H108P	0.2586	benign
Q14353	H108Q	0.2691	benign
Q14353	H108R	0.1083	benign
Q14353	H108S	0.2757	benign
Q14353	H108T	0.4253	ambiguous
Q14353	H108V	0.4268	ambiguous
Q14353	H108W	0.4323	ambiguous
Q14353	H108Y	0.1785	benign
Q14353	K109A	0.2274	benign
Q14353	K109C	0.637	pathogenic
Q14353	K109D	0.4098	ambiguous
Q14353	K109E	0.1233	benign
Q14353	K109F	0.8331	pathogenic
Q14353	K109G	0.3475	ambiguous
Q14353	K109H	0.2792	benign
Q14353	K109I	0.4187	ambiguous
Q14353	K109L	0.3514	ambiguous
Q14353	K109M	0.2716	benign
Q14353	K109N	0.3321	benign
Q14353	K109P	0.3186	benign
Q14353	K109Q	0.1243	benign
Q14353	K109R	0.0817	benign
Q14353	K109S	0.3159	benign
Q14353	K109T	0.1298	benign
Q14353	K109V	0.3238	benign
Q14353	K109W	0.7896	pathogenic
Q14353	K109Y	0.6887	pathogenic
Q14353	V110A	0.7565	pathogenic
Q14353	V110C	0.9475	pathogenic
Q14353	V110D	0.9606	pathogenic
Q14353	V110E	0.9406	pathogenic
Q14353	V110F	0.7978	pathogenic
Q14353	V110G	0.7297	pathogenic
Q14353	V110H	0.9862	pathogenic
Q14353	V110I	0.1081	benign
Q14353	V110K	0.9749	pathogenic
Q14353	V110L	0.6698	pathogenic
Q14353	V110M	0.6289	pathogenic
Q14353	V110N	0.9017	pathogenic
Q14353	V110P	0.9239	pathogenic
Q14353	V110Q	0.9639	pathogenic
Q14353	V110R	0.9576	pathogenic
Q14353	V110S	0.8773	pathogenic
Q14353	V110T	0.7162	pathogenic
Q14353	V110W	0.9917	pathogenic
Q14353	V110Y	0.967	pathogenic
Q14353	I111A	0.3237	benign
Q14353	I111C	0.5193	ambiguous
Q14353	I111D	0.639	pathogenic
Q14353	I111E	0.4556	ambiguous
Q14353	I111F	0.1234	benign
Q14353	I111G	0.6362	pathogenic
Q14353	I111H	0.2792	benign
Q14353	I111K	0.3032	benign
Q14353	I111L	0.1498	benign
Q14353	I111M	0.1298	benign
Q14353	I111N	0.2396	benign
Q14353	I111P	0.911	pathogenic
Q14353	I111Q	0.3098	benign
Q14353	I111R	0.1845	benign
Q14353	I111S	0.2585	benign
Q14353	I111T	0.1769	benign
Q14353	I111V	0.0569	benign
Q14353	I111W	0.6933	pathogenic
Q14353	I111Y	0.3712	ambiguous
Q14353	P112A	0.1776	benign
Q14353	P112C	0.7141	pathogenic
Q14353	P112D	0.9739	pathogenic
Q14353	P112E	0.9178	pathogenic
Q14353	P112F	0.8965	pathogenic
Q14353	P112G	0.6676	pathogenic
Q14353	P112H	0.8025	pathogenic
Q14353	P112I	0.6887	pathogenic
Q14353	P112K	0.9553	pathogenic
Q14353	P112L	0.3814	ambiguous
Q14353	P112M	0.8377	pathogenic
Q14353	P112N	0.9565	pathogenic
Q14353	P112Q	0.8195	pathogenic
Q14353	P112R	0.8291	pathogenic
Q14353	P112S	0.5013	ambiguous
Q14353	P112T	0.4616	ambiguous
Q14353	P112V	0.526	ambiguous
Q14353	P112W	0.9416	pathogenic
Q14353	P112Y	0.9128	pathogenic
Q14353	L113A	0.6225	pathogenic
Q14353	L113C	0.451	ambiguous
Q14353	L113D	0.9703	pathogenic
Q14353	L113E	0.684	pathogenic
Q14353	L113F	0.26	benign
Q14353	L113G	0.8821	pathogenic
Q14353	L113H	0.3775	ambiguous
Q14353	L113I	0.1428	benign
Q14353	L113K	0.4645	ambiguous
Q14353	L113M	0.1608	benign
Q14353	L113N	0.8948	pathogenic
Q14353	L113P	0.9359	pathogenic
Q14353	L113Q	0.2799	benign
Q14353	L113R	0.2506	benign
Q14353	L113S	0.7569	pathogenic
Q14353	L113T	0.7022	pathogenic
Q14353	L113V	0.12	benign
Q14353	L113W	0.4026	ambiguous
Q14353	L113Y	0.6055	pathogenic
Q14353	K114A	0.4319	ambiguous
Q14353	K114C	0.6009	pathogenic
Q14353	K114D	0.8326	pathogenic
Q14353	K114E	0.2163	benign
Q14353	K114F	0.7507	pathogenic
Q14353	K114G	0.5554	ambiguous
Q14353	K114H	0.2961	benign
Q14353	K114I	0.6245	pathogenic
Q14353	K114L	0.3583	ambiguous
Q14353	K114M	0.2851	benign
Q14353	K114N	0.6674	pathogenic
Q14353	K114P	0.4116	ambiguous
Q14353	K114Q	0.1317	benign
Q14353	K114R	0.088	benign
Q14353	K114S	0.5839	pathogenic
Q14353	K114T	0.3592	ambiguous
Q14353	K114V	0.571	pathogenic
Q14353	K114W	0.6972	pathogenic
Q14353	K114Y	0.6344	pathogenic
Q14353	G115A	0.5829	pathogenic
Q14353	G115C	0.8283	pathogenic
Q14353	G115D	0.7139	pathogenic
Q14353	G115E	0.8773	pathogenic
Q14353	G115F	0.9812	pathogenic
Q14353	G115H	0.9607	pathogenic
Q14353	G115I	0.9694	pathogenic
Q14353	G115K	0.9697	pathogenic
Q14353	G115L	0.9646	pathogenic
Q14353	G115M	0.9692	pathogenic
Q14353	G115N	0.8744	pathogenic
Q14353	G115P	0.9968	pathogenic
Q14353	G115Q	0.9354	pathogenic
Q14353	G115R	0.924	pathogenic
Q14353	G115S	0.4784	ambiguous
Q14353	G115T	0.8691	pathogenic
Q14353	G115V	0.9186	pathogenic
Q14353	G115W	0.9506	pathogenic
Q14353	G115Y	0.9508	pathogenic
Q14353	L116A	0.4504	ambiguous
Q14353	L116C	0.4948	ambiguous
Q14353	L116D	0.8665	pathogenic
Q14353	L116E	0.5941	pathogenic
Q14353	L116F	0.1893	benign
Q14353	L116G	0.6071	pathogenic
Q14353	L116H	0.2959	benign
Q14353	L116I	0.2849	benign
Q14353	L116K	0.2717	benign
Q14353	L116M	0.1244	benign
Q14353	L116N	0.5964	pathogenic
Q14353	L116P	0.3965	ambiguous
Q14353	L116Q	0.1871	benign
Q14353	L116R	0.146	benign
Q14353	L116S	0.495	ambiguous
Q14353	L116T	0.4553	ambiguous
Q14353	L116V	0.2124	benign
Q14353	L116W	0.294	benign
Q14353	L116Y	0.4882	ambiguous
Q14353	W117A	0.8521	pathogenic
Q14353	W117C	0.9432	pathogenic
Q14353	W117D	0.9949	pathogenic
Q14353	W117E	0.9911	pathogenic
Q14353	W117F	0.8045	pathogenic
Q14353	W117G	0.8468	pathogenic
Q14353	W117H	0.9616	pathogenic
Q14353	W117I	0.9707	pathogenic
Q14353	W117K	0.9971	pathogenic
Q14353	W117L	0.9311	pathogenic
Q14353	W117M	0.9795	pathogenic
Q14353	W117N	0.9937	pathogenic
Q14353	W117P	0.9628	pathogenic
Q14353	W117Q	0.9895	pathogenic
Q14353	W117R	0.9859	pathogenic
Q14353	W117S	0.8297	pathogenic
Q14353	W117T	0.9439	pathogenic
Q14353	W117V	0.9452	pathogenic
Q14353	W117Y	0.9113	pathogenic
Q14353	E118A	0.4086	ambiguous
Q14353	E118C	0.9415	pathogenic
Q14353	E118D	0.6438	pathogenic
Q14353	E118F	0.9758	pathogenic
Q14353	E118G	0.4575	ambiguous
Q14353	E118H	0.864	pathogenic
Q14353	E118I	0.8128	pathogenic
Q14353	E118K	0.3514	ambiguous
Q14353	E118L	0.8619	pathogenic
Q14353	E118M	0.7805	pathogenic
Q14353	E118N	0.7612	pathogenic
Q14353	E118P	0.9007	pathogenic
Q14353	E118Q	0.1655	benign
Q14353	E118R	0.5252	ambiguous
Q14353	E118S	0.5956	pathogenic
Q14353	E118T	0.6404	pathogenic
Q14353	E118V	0.572	pathogenic
Q14353	E118W	0.984	pathogenic
Q14353	E118Y	0.9467	pathogenic
Q14353	D119A	0.1019	benign
Q14353	D119C	0.4385	ambiguous
Q14353	D119E	0.0849	benign
Q14353	D119F	0.5047	ambiguous
Q14353	D119G	0.1423	benign
Q14353	D119H	0.1649	benign
Q14353	D119I	0.2556	benign
Q14353	D119K	0.1886	benign
Q14353	D119L	0.2724	benign
Q14353	D119M	0.3887	ambiguous
Q14353	D119N	0.0947	benign
Q14353	D119P	0.822	pathogenic
Q14353	D119Q	0.1528	benign
Q14353	D119R	0.2214	benign
Q14353	D119S	0.0978	benign
Q14353	D119T	0.1372	benign
Q14353	D119V	0.1268	benign
Q14353	D119W	0.7126	pathogenic
Q14353	D119Y	0.1748	benign
Q14353	V120A	0.2551	benign
Q14353	V120C	0.8297	pathogenic
Q14353	V120D	0.8238	pathogenic
Q14353	V120E	0.6227	pathogenic
Q14353	V120F	0.3908	ambiguous
Q14353	V120G	0.5323	ambiguous
Q14353	V120H	0.8154	pathogenic
Q14353	V120I	0.086	benign
Q14353	V120K	0.6381	pathogenic
Q14353	V120L	0.4105	ambiguous
Q14353	V120M	0.2244	benign
Q14353	V120N	0.6869	pathogenic
Q14353	V120P	0.9634	pathogenic
Q14353	V120Q	0.6092	pathogenic
Q14353	V120R	0.5588	ambiguous
Q14353	V120S	0.4546	ambiguous
Q14353	V120T	0.2278	benign
Q14353	V120W	0.9392	pathogenic
Q14353	V120Y	0.8429	pathogenic
Q14353	A121C	0.4112	ambiguous
Q14353	A121D	0.9079	pathogenic
Q14353	A121E	0.8831	pathogenic
Q14353	A121F	0.7016	pathogenic
Q14353	A121G	0.2965	benign
Q14353	A121H	0.9359	pathogenic
Q14353	A121I	0.2138	benign
Q14353	A121K	0.9646	pathogenic
Q14353	A121L	0.2585	benign
Q14353	A121M	0.3807	ambiguous
Q14353	A121N	0.8343	pathogenic
Q14353	A121P	0.7654	pathogenic
Q14353	A121Q	0.8841	pathogenic
Q14353	A121R	0.9289	pathogenic
Q14353	A121S	0.1443	benign
Q14353	A121T	0.1161	benign
Q14353	A121V	0.0776	benign
Q14353	A121W	0.9622	pathogenic
Q14353	A121Y	0.8984	pathogenic
Q14353	P122A	0.0805	benign
Q14353	P122C	0.3811	ambiguous
Q14353	P122D	0.3682	ambiguous
Q14353	P122E	0.2352	benign
Q14353	P122F	0.5232	ambiguous
Q14353	P122G	0.1861	benign
Q14353	P122H	0.1982	benign
Q14353	P122I	0.4109	ambiguous
Q14353	P122K	0.2631	benign
Q14353	P122L	0.1455	benign
Q14353	P122M	0.3603	ambiguous
Q14353	P122N	0.3483	ambiguous
Q14353	P122Q	0.166	benign
Q14353	P122R	0.1427	benign
Q14353	P122S	0.1192	benign
Q14353	P122T	0.1279	benign
Q14353	P122V	0.2346	benign
Q14353	P122W	0.5684	pathogenic
Q14353	P122Y	0.4797	ambiguous
Q14353	T123A	0.0609	benign
Q14353	T123C	0.2493	benign
Q14353	T123D	0.1751	benign
Q14353	T123E	0.1454	benign
Q14353	T123F	0.1526	benign
Q14353	T123G	0.1031	benign
Q14353	T123H	0.1217	benign
Q14353	T123I	0.1248	benign
Q14353	T123K	0.1002	benign
Q14353	T123L	0.068	benign
Q14353	T123M	0.0823	benign
Q14353	T123N	0.089	benign
Q14353	T123P	0.1506	benign
Q14353	T123Q	0.1096	benign
Q14353	T123R	0.0807	benign
Q14353	T123S	0.0775	benign
Q14353	T123V	0.1033	benign
Q14353	T123W	0.3604	ambiguous
Q14353	T123Y	0.1853	benign
Q14353	L124A	0.887	pathogenic
Q14353	L124C	0.8746	pathogenic
Q14353	L124D	0.9969	pathogenic
Q14353	L124E	0.9747	pathogenic
Q14353	L124F	0.3904	ambiguous
Q14353	L124G	0.9744	pathogenic
Q14353	L124H	0.9373	pathogenic
Q14353	L124I	0.1736	benign
Q14353	L124K	0.9636	pathogenic
Q14353	L124M	0.2788	benign
Q14353	L124N	0.9859	pathogenic
Q14353	L124P	0.9524	pathogenic
Q14353	L124Q	0.9011	pathogenic
Q14353	L124R	0.9007	pathogenic
Q14353	L124S	0.9669	pathogenic
Q14353	L124T	0.9101	pathogenic
Q14353	L124V	0.2162	benign
Q14353	L124W	0.8097	pathogenic
Q14353	L124Y	0.9046	pathogenic
Q14353	P125A	0.1037	benign
Q14353	P125C	0.4839	ambiguous
Q14353	P125D	0.3988	ambiguous
Q14353	P125E	0.2426	benign
Q14353	P125F	0.6448	pathogenic
Q14353	P125G	0.303	benign
Q14353	P125H	0.2511	benign
Q14353	P125I	0.4817	ambiguous
Q14353	P125K	0.2903	benign
Q14353	P125L	0.1507	benign
Q14353	P125M	0.4106	ambiguous
Q14353	P125N	0.4521	ambiguous
Q14353	P125Q	0.1833	benign
Q14353	P125R	0.1557	benign
Q14353	P125S	0.1641	benign
Q14353	P125T	0.1552	benign
Q14353	P125V	0.298	benign
Q14353	P125W	0.622	pathogenic
Q14353	P125Y	0.577	pathogenic
Q14353	D126A	0.11	benign
Q14353	D126C	0.4792	ambiguous
Q14353	D126E	0.158	benign
Q14353	D126F	0.6447	pathogenic
Q14353	D126G	0.1415	benign
Q14353	D126H	0.2137	benign
Q14353	D126I	0.4311	ambiguous
Q14353	D126K	0.3195	benign
Q14353	D126L	0.379	ambiguous
Q14353	D126M	0.6295	pathogenic
Q14353	D126N	0.1028	benign
Q14353	D126P	0.3358	benign
Q14353	D126Q	0.2696	benign
Q14353	D126R	0.2981	benign
Q14353	D126S	0.0922	benign
Q14353	D126T	0.1955	benign
Q14353	D126V	0.236	benign
Q14353	D126W	0.8517	pathogenic
Q14353	D126Y	0.2603	benign
Q14353	G127A	0.1117	benign
Q14353	G127C	0.1145	benign
Q14353	G127D	0.1453	benign
Q14353	G127E	0.145	benign
Q14353	G127F	0.4888	ambiguous
Q14353	G127H	0.2078	benign
Q14353	G127I	0.4077	ambiguous
Q14353	G127K	0.3289	benign
Q14353	G127L	0.3722	ambiguous
Q14353	G127M	0.4053	ambiguous
Q14353	G127N	0.153	benign
Q14353	G127P	0.8817	pathogenic
Q14353	G127Q	0.1911	benign
Q14353	G127R	0.1773	benign
Q14353	G127S	0.0755	benign
Q14353	G127T	0.1639	benign
Q14353	G127V	0.286	benign
Q14353	G127W	0.3056	benign
Q14353	G127Y	0.2972	benign
Q14353	H128A	0.3587	ambiguous
Q14353	H128C	0.1408	benign
Q14353	H128D	0.4382	ambiguous
Q14353	H128E	0.4529	ambiguous
Q14353	H128F	0.2646	benign
Q14353	H128G	0.4658	ambiguous
Q14353	H128I	0.3295	benign
Q14353	H128K	0.4564	ambiguous
Q14353	H128L	0.1504	benign
Q14353	H128M	0.5007	ambiguous
Q14353	H128N	0.2326	benign
Q14353	H128P	0.5144	ambiguous
Q14353	H128Q	0.3083	benign
Q14353	H128R	0.1784	benign
Q14353	H128S	0.2805	benign
Q14353	H128T	0.317	benign
Q14353	H128V	0.2911	benign
Q14353	H128W	0.3432	ambiguous
Q14353	H128Y	0.0992	benign
Q14353	F129A	0.9746	pathogenic
Q14353	F129C	0.866	pathogenic
Q14353	F129D	0.9981	pathogenic
Q14353	F129E	0.9981	pathogenic
Q14353	F129G	0.9892	pathogenic
Q14353	F129H	0.9799	pathogenic
Q14353	F129I	0.8426	pathogenic
Q14353	F129K	0.9973	pathogenic
Q14353	F129L	0.9691	pathogenic
Q14353	F129M	0.9339	pathogenic
Q14353	F129N	0.996	pathogenic
Q14353	F129P	0.9973	pathogenic
Q14353	F129Q	0.9952	pathogenic
Q14353	F129R	0.9846	pathogenic
Q14353	F129S	0.9815	pathogenic
Q14353	F129T	0.9809	pathogenic
Q14353	F129V	0.7517	pathogenic
Q14353	F129W	0.8673	pathogenic
Q14353	F129Y	0.6555	pathogenic
Q14353	D130A	0.4193	ambiguous
Q14353	D130C	0.7502	pathogenic
Q14353	D130E	0.6245	pathogenic
Q14353	D130F	0.9277	pathogenic
Q14353	D130G	0.3908	ambiguous
Q14353	D130H	0.4132	ambiguous
Q14353	D130I	0.913	pathogenic
Q14353	D130K	0.8792	pathogenic
Q14353	D130L	0.8639	pathogenic
Q14353	D130M	0.9372	pathogenic
Q14353	D130N	0.1685	benign
Q14353	D130P	0.9487	pathogenic
Q14353	D130Q	0.6865	pathogenic
Q14353	D130R	0.7974	pathogenic
Q14353	D130S	0.1426	benign
Q14353	D130T	0.4586	ambiguous
Q14353	D130V	0.7693	pathogenic
Q14353	D130W	0.9695	pathogenic
Q14353	D130Y	0.6371	pathogenic
Q14353	G131A	0.4505	ambiguous
Q14353	G131C	0.8214	pathogenic
Q14353	G131D	0.9859	pathogenic
Q14353	G131E	0.9872	pathogenic
Q14353	G131F	0.9942	pathogenic
Q14353	G131H	0.989	pathogenic
Q14353	G131I	0.9784	pathogenic
Q14353	G131K	0.9925	pathogenic
Q14353	G131L	0.9873	pathogenic
Q14353	G131M	0.991	pathogenic
Q14353	G131N	0.9853	pathogenic
Q14353	G131P	0.9988	pathogenic
Q14353	G131Q	0.9824	pathogenic
Q14353	G131R	0.9497	pathogenic
Q14353	G131S	0.5426	ambiguous
Q14353	G131T	0.9151	pathogenic
Q14353	G131V	0.9402	pathogenic
Q14353	G131W	0.9862	pathogenic
Q14353	G131Y	0.9916	pathogenic
Q14353	I132A	0.9648	pathogenic
Q14353	I132C	0.9586	pathogenic
Q14353	I132D	0.9985	pathogenic
Q14353	I132E	0.997	pathogenic
Q14353	I132F	0.773	pathogenic
Q14353	I132G	0.9924	pathogenic
Q14353	I132H	0.9937	pathogenic
Q14353	I132K	0.9947	pathogenic
Q14353	I132L	0.4123	ambiguous
Q14353	I132M	0.4458	ambiguous
Q14353	I132N	0.9809	pathogenic
Q14353	I132P	0.9967	pathogenic
Q14353	I132Q	0.9935	pathogenic
Q14353	I132R	0.9892	pathogenic
Q14353	I132S	0.9684	pathogenic
Q14353	I132T	0.9782	pathogenic
Q14353	I132V	0.2036	benign
Q14353	I132W	0.9915	pathogenic
Q14353	I132Y	0.9717	pathogenic
Q14353	L133A	0.9492	pathogenic
Q14353	L133C	0.9032	pathogenic
Q14353	L133D	0.9987	pathogenic
Q14353	L133E	0.9934	pathogenic
Q14353	L133F	0.4964	ambiguous
Q14353	L133G	0.9845	pathogenic
Q14353	L133H	0.9539	pathogenic
Q14353	L133I	0.3454	ambiguous
Q14353	L133K	0.9906	pathogenic
Q14353	L133M	0.4247	ambiguous
Q14353	L133N	0.9904	pathogenic
Q14353	L133P	0.9859	pathogenic
Q14353	L133Q	0.9586	pathogenic
Q14353	L133R	0.956	pathogenic
Q14353	L133S	0.9798	pathogenic
Q14353	L133T	0.9583	pathogenic
Q14353	L133V	0.3964	ambiguous
Q14353	L133W	0.9163	pathogenic
Q14353	L133Y	0.9466	pathogenic
Q14353	Y134A	0.9884	pathogenic
Q14353	Y134C	0.8295	pathogenic
Q14353	Y134D	0.9807	pathogenic
Q14353	Y134E	0.9954	pathogenic
Q14353	Y134F	0.3683	ambiguous
Q14353	Y134G	0.9594	pathogenic
Q14353	Y134H	0.9458	pathogenic
Q14353	Y134I	0.983	pathogenic
Q14353	Y134K	0.9971	pathogenic
Q14353	Y134L	0.9099	pathogenic
Q14353	Y134M	0.9773	pathogenic
Q14353	Y134N	0.9523	pathogenic
Q14353	Y134P	0.9925	pathogenic
Q14353	Y134Q	0.994	pathogenic
Q14353	Y134R	0.987	pathogenic
Q14353	Y134S	0.9395	pathogenic
Q14353	Y134T	0.9885	pathogenic
Q14353	Y134V	0.9616	pathogenic
Q14353	Y134W	0.7783	pathogenic
Q14353	D135A	0.9919	pathogenic
Q14353	D135C	0.996	pathogenic
Q14353	D135E	0.9921	pathogenic
Q14353	D135F	0.9983	pathogenic
Q14353	D135G	0.9864	pathogenic
Q14353	D135H	0.9721	pathogenic
Q14353	D135I	0.9985	pathogenic
Q14353	D135K	0.9951	pathogenic
Q14353	D135L	0.9933	pathogenic
Q14353	D135M	0.9992	pathogenic
Q14353	D135N	0.949	pathogenic
Q14353	D135P	0.9977	pathogenic
Q14353	D135Q	0.995	pathogenic
Q14353	D135R	0.9918	pathogenic
Q14353	D135S	0.9679	pathogenic
Q14353	D135T	0.9966	pathogenic
Q14353	D135V	0.9946	pathogenic
Q14353	D135W	0.9987	pathogenic
Q14353	D135Y	0.9787	pathogenic
Q14353	T136A	0.4384	ambiguous
Q14353	T136C	0.8578	pathogenic
Q14353	T136D	0.9727	pathogenic
Q14353	T136E	0.9792	pathogenic
Q14353	T136F	0.9869	pathogenic
Q14353	T136G	0.8345	pathogenic
Q14353	T136H	0.9598	pathogenic
Q14353	T136I	0.9401	pathogenic
Q14353	T136K	0.9689	pathogenic
Q14353	T136L	0.8132	pathogenic
Q14353	T136M	0.7512	pathogenic
Q14353	T136N	0.8739	pathogenic
Q14353	T136P	0.3115	benign
Q14353	T136Q	0.9524	pathogenic
Q14353	T136R	0.9188	pathogenic
Q14353	T136S	0.5956	pathogenic
Q14353	T136V	0.8384	pathogenic
Q14353	T136W	0.9962	pathogenic
Q14353	T136Y	0.9888	pathogenic
Q14353	Y137A	0.9851	pathogenic
Q14353	Y137C	0.8799	pathogenic
Q14353	Y137D	0.9902	pathogenic
Q14353	Y137E	0.9984	pathogenic
Q14353	Y137F	0.3129	benign
Q14353	Y137G	0.9817	pathogenic
Q14353	Y137H	0.9734	pathogenic
Q14353	Y137I	0.9813	pathogenic
Q14353	Y137K	0.9989	pathogenic
Q14353	Y137L	0.946	pathogenic
Q14353	Y137M	0.9838	pathogenic
Q14353	Y137N	0.9745	pathogenic
Q14353	Y137P	0.9891	pathogenic
Q14353	Y137Q	0.9976	pathogenic
Q14353	Y137R	0.9944	pathogenic
Q14353	Y137S	0.9187	pathogenic
Q14353	Y137T	0.9886	pathogenic
Q14353	Y137V	0.9508	pathogenic
Q14353	Y137W	0.7991	pathogenic
Q14353	P138A	0.8477	pathogenic
Q14353	P138C	0.9812	pathogenic
Q14353	P138D	0.9971	pathogenic
Q14353	P138E	0.9909	pathogenic
Q14353	P138F	0.9955	pathogenic
Q14353	P138G	0.9728	pathogenic
Q14353	P138H	0.9766	pathogenic
Q14353	P138I	0.987	pathogenic
Q14353	P138K	0.9952	pathogenic
Q14353	P138L	0.9139	pathogenic
Q14353	P138M	0.9921	pathogenic
Q14353	P138N	0.9958	pathogenic
Q14353	P138Q	0.9811	pathogenic
Q14353	P138R	0.963	pathogenic
Q14353	P138S	0.9476	pathogenic
Q14353	P138T	0.9577	pathogenic
Q14353	P138V	0.9649	pathogenic
Q14353	P138W	0.9969	pathogenic
Q14353	P138Y	0.9947	pathogenic
Q14353	L139A	0.8171	pathogenic
Q14353	L139C	0.8869	pathogenic
Q14353	L139D	0.9871	pathogenic
Q14353	L139E	0.9242	pathogenic
Q14353	L139F	0.732	pathogenic
Q14353	L139G	0.9379	pathogenic
Q14353	L139H	0.8874	pathogenic
Q14353	L139I	0.313	benign
Q14353	L139K	0.9185	pathogenic
Q14353	L139M	0.372	ambiguous
Q14353	L139N	0.9026	pathogenic
Q14353	L139P	0.9073	pathogenic
Q14353	L139Q	0.7324	pathogenic
Q14353	L139R	0.7619	pathogenic
Q14353	L139S	0.883	pathogenic
Q14353	L139T	0.634	pathogenic
Q14353	L139V	0.2826	benign
Q14353	L139W	0.9035	pathogenic
Q14353	L139Y	0.9475	pathogenic
Q14353	S140A	0.1929	benign
Q14353	S140C	0.1846	benign
Q14353	S140D	0.6201	pathogenic
Q14353	S140E	0.8098	pathogenic
Q14353	S140F	0.7086	pathogenic
Q14353	S140G	0.2091	benign
Q14353	S140H	0.6695	pathogenic
Q14353	S140I	0.7449	pathogenic
Q14353	S140K	0.928	pathogenic
Q14353	S140L	0.2655	benign
Q14353	S140M	0.5027	ambiguous
Q14353	S140N	0.3869	ambiguous
Q14353	S140P	0.943	pathogenic
Q14353	S140Q	0.7941	pathogenic
Q14353	S140R	0.864	pathogenic
Q14353	S140T	0.1294	benign
Q14353	S140V	0.6347	pathogenic
Q14353	S140W	0.666	pathogenic
Q14353	S140Y	0.5676	pathogenic
Q14353	E141A	0.1495	benign
Q14353	E141C	0.8999	pathogenic
Q14353	E141D	0.3815	ambiguous
Q14353	E141F	0.9356	pathogenic
Q14353	E141G	0.2402	benign
Q14353	E141H	0.6707	pathogenic
Q14353	E141I	0.7574	pathogenic
Q14353	E141K	0.1894	benign
Q14353	E141L	0.658	pathogenic
Q14353	E141M	0.6756	pathogenic
Q14353	E141N	0.5913	pathogenic
Q14353	E141P	0.6463	pathogenic
Q14353	E141Q	0.1754	benign
Q14353	E141R	0.2923	benign
Q14353	E141S	0.3011	benign
Q14353	E141T	0.4173	ambiguous
Q14353	E141V	0.4544	ambiguous
Q14353	E141W	0.9587	pathogenic
Q14353	E141Y	0.8628	pathogenic
Q14353	E142A	0.0922	benign
Q14353	E142C	0.6577	pathogenic
Q14353	E142D	0.0661	benign
Q14353	E142F	0.6211	pathogenic
Q14353	E142G	0.0987	benign
Q14353	E142H	0.2633	benign
Q14353	E142I	0.3284	benign
Q14353	E142K	0.113	benign
Q14353	E142L	0.2985	benign
Q14353	E142M	0.3672	ambiguous
Q14353	E142N	0.1388	benign
Q14353	E142P	0.434	ambiguous
Q14353	E142Q	0.1087	benign
Q14353	E142R	0.1766	benign
Q14353	E142S	0.1274	benign
Q14353	E142T	0.163	benign
Q14353	E142V	0.1759	benign
Q14353	E142W	0.7398	pathogenic
Q14353	E142Y	0.4073	ambiguous
Q14353	T143A	0.1298	benign
Q14353	T143C	0.5344	ambiguous
Q14353	T143D	0.257	benign
Q14353	T143E	0.2393	benign
Q14353	T143F	0.4058	ambiguous
Q14353	T143G	0.2325	benign
Q14353	T143H	0.2751	benign
Q14353	T143I	0.4497	ambiguous
Q14353	T143K	0.2176	benign
Q14353	T143L	0.1762	benign
Q14353	T143M	0.1064	benign
Q14353	T143N	0.1223	benign
Q14353	T143P	0.5196	ambiguous
Q14353	T143Q	0.2077	benign
Q14353	T143R	0.1975	benign
Q14353	T143S	0.1255	benign
Q14353	T143V	0.342	ambiguous
Q14353	T143W	0.6606	pathogenic
Q14353	T143Y	0.3934	ambiguous
Q14353	W144A	0.8255	pathogenic
Q14353	W144C	0.9106	pathogenic
Q14353	W144D	0.9868	pathogenic
Q14353	W144E	0.9615	pathogenic
Q14353	W144F	0.6252	pathogenic
Q14353	W144G	0.7428	pathogenic
Q14353	W144H	0.9488	pathogenic
Q14353	W144I	0.8878	pathogenic
Q14353	W144K	0.974	pathogenic
Q14353	W144L	0.7208	pathogenic
Q14353	W144M	0.8878	pathogenic
Q14353	W144N	0.979	pathogenic
Q14353	W144P	0.9808	pathogenic
Q14353	W144Q	0.9345	pathogenic
Q14353	W144R	0.935	pathogenic
Q14353	W144S	0.7838	pathogenic
Q14353	W144T	0.9161	pathogenic
Q14353	W144V	0.8275	pathogenic
Q14353	W144Y	0.7925	pathogenic
Q14353	H145A	0.9797	pathogenic
Q14353	H145C	0.8363	pathogenic
Q14353	H145D	0.9025	pathogenic
Q14353	H145E	0.9446	pathogenic
Q14353	H145F	0.9102	pathogenic
Q14353	H145G	0.9592	pathogenic
Q14353	H145I	0.9859	pathogenic
Q14353	H145K	0.9482	pathogenic
Q14353	H145L	0.8442	pathogenic
Q14353	H145M	0.9764	pathogenic
Q14353	H145N	0.7686	pathogenic
Q14353	H145P	0.8135	pathogenic
Q14353	H145Q	0.892	pathogenic
Q14353	H145R	0.8388	pathogenic
Q14353	H145S	0.9575	pathogenic
Q14353	H145T	0.9861	pathogenic
Q14353	H145V	0.9828	pathogenic
Q14353	H145W	0.8439	pathogenic
Q14353	H145Y	0.6712	pathogenic
Q14353	T146A	0.1485	benign
Q14353	T146C	0.4175	ambiguous
Q14353	T146D	0.5846	pathogenic
Q14353	T146E	0.3783	ambiguous
Q14353	T146F	0.3811	ambiguous
Q14353	T146G	0.3556	ambiguous
Q14353	T146H	0.2857	benign
Q14353	T146I	0.1969	benign
Q14353	T146K	0.217	benign
Q14353	T146L	0.1257	benign
Q14353	T146M	0.1067	benign
Q14353	T146N	0.2394	benign
Q14353	T146P	0.6046	pathogenic
Q14353	T146Q	0.2312	benign
Q14353	T146R	0.1437	benign
Q14353	T146S	0.1744	benign
Q14353	T146V	0.1459	benign
Q14353	T146W	0.6907	pathogenic
Q14353	T146Y	0.4595	ambiguous
Q14353	H147A	0.9823	pathogenic
Q14353	H147C	0.8463	pathogenic
Q14353	H147D	0.9488	pathogenic
Q14353	H147E	0.9775	pathogenic
Q14353	H147F	0.955	pathogenic
Q14353	H147G	0.98	pathogenic
Q14353	H147I	0.9873	pathogenic
Q14353	H147K	0.9865	pathogenic
Q14353	H147L	0.8853	pathogenic
Q14353	H147M	0.9869	pathogenic
Q14353	H147N	0.8584	pathogenic
Q14353	H147P	0.8307	pathogenic
Q14353	H147Q	0.9577	pathogenic
Q14353	H147R	0.9365	pathogenic
Q14353	H147S	0.9471	pathogenic
Q14353	H147T	0.9878	pathogenic
Q14353	H147V	0.9833	pathogenic
Q14353	H147W	0.8971	pathogenic
Q14353	H147Y	0.8448	pathogenic
Q14353	Q148A	0.7554	pathogenic
Q14353	Q148C	0.968	pathogenic
Q14353	Q148D	0.9838	pathogenic
Q14353	Q148E	0.5221	ambiguous
Q14353	Q148F	0.9789	pathogenic
Q14353	Q148G	0.873	pathogenic
Q14353	Q148H	0.8127	pathogenic
Q14353	Q148I	0.9275	pathogenic
Q14353	Q148K	0.8949	pathogenic
Q14353	Q148L	0.7928	pathogenic
Q14353	Q148M	0.8562	pathogenic
Q14353	Q148N	0.8636	pathogenic
Q14353	Q148P	0.6776	pathogenic
Q14353	Q148R	0.8377	pathogenic
Q14353	Q148S	0.7393	pathogenic
Q14353	Q148T	0.8411	pathogenic
Q14353	Q148V	0.883	pathogenic
Q14353	Q148W	0.9848	pathogenic
Q14353	Q148Y	0.9782	pathogenic
Q14353	F149A	0.933	pathogenic
Q14353	F149C	0.7833	pathogenic
Q14353	F149D	0.9571	pathogenic
Q14353	F149E	0.9541	pathogenic
Q14353	F149G	0.9412	pathogenic
Q14353	F149H	0.8372	pathogenic
Q14353	F149I	0.6839	pathogenic
Q14353	F149K	0.9418	pathogenic
Q14353	F149L	0.931	pathogenic
Q14353	F149M	0.7754	pathogenic
Q14353	F149N	0.8885	pathogenic
Q14353	F149P	0.9979	pathogenic
Q14353	F149Q	0.9078	pathogenic
Q14353	F149R	0.8804	pathogenic
Q14353	F149S	0.8966	pathogenic
Q14353	F149T	0.9355	pathogenic
Q14353	F149V	0.71	pathogenic
Q14353	F149W	0.6063	pathogenic
Q14353	F149Y	0.3055	benign
Q14353	N150A	0.0916	benign
Q14353	N150C	0.1555	benign
Q14353	N150D	0.0678	benign
Q14353	N150E	0.1814	benign
Q14353	N150F	0.342	ambiguous
Q14353	N150G	0.1202	benign
Q14353	N150H	0.0696	benign
Q14353	N150I	0.1605	benign
Q14353	N150K	0.1622	benign
Q14353	N150L	0.1318	benign
Q14353	N150M	0.2457	benign
Q14353	N150P	0.15	benign
Q14353	N150Q	0.1676	benign
Q14353	N150R	0.1521	benign
Q14353	N150S	0.0611	benign
Q14353	N150T	0.0776	benign
Q14353	N150V	0.145	benign
Q14353	N150W	0.4601	ambiguous
Q14353	N150Y	0.1236	benign
Q14353	F151A	0.9849	pathogenic
Q14353	F151C	0.9352	pathogenic
Q14353	F151D	0.9951	pathogenic
Q14353	F151E	0.997	pathogenic
Q14353	F151G	0.9866	pathogenic
Q14353	F151H	0.976	pathogenic
Q14353	F151I	0.8979	pathogenic
Q14353	F151K	0.9976	pathogenic
Q14353	F151L	0.9775	pathogenic
Q14353	F151M	0.9586	pathogenic
Q14353	F151N	0.9933	pathogenic
Q14353	F151P	0.9987	pathogenic
Q14353	F151Q	0.9954	pathogenic
Q14353	F151R	0.9892	pathogenic
Q14353	F151S	0.984	pathogenic
Q14353	F151T	0.9885	pathogenic
Q14353	F151V	0.8576	pathogenic
Q14353	F151W	0.8562	pathogenic
Q14353	F151Y	0.6594	pathogenic
Q14353	I152A	0.9086	pathogenic
Q14353	I152C	0.9244	pathogenic
Q14353	I152D	0.9958	pathogenic
Q14353	I152E	0.9847	pathogenic
Q14353	I152F	0.4231	ambiguous
Q14353	I152G	0.9786	pathogenic
Q14353	I152H	0.9632	pathogenic
Q14353	I152K	0.9717	pathogenic
Q14353	I152L	0.1526	benign
Q14353	I152M	0.1899	benign
Q14353	I152N	0.9479	pathogenic
Q14353	I152P	0.9722	pathogenic
Q14353	I152Q	0.9476	pathogenic
Q14353	I152R	0.9435	pathogenic
Q14353	I152S	0.92	pathogenic
Q14353	I152T	0.8841	pathogenic
Q14353	I152V	0.219	benign
Q14353	I152W	0.9436	pathogenic
Q14353	I152Y	0.924	pathogenic
Q14353	K153A	0.3008	benign
Q14353	K153C	0.5336	ambiguous
Q14353	K153D	0.6156	pathogenic
Q14353	K153E	0.1319	benign
Q14353	K153F	0.8209	pathogenic
Q14353	K153G	0.2486	benign
Q14353	K153H	0.3002	benign
Q14353	K153I	0.5116	ambiguous
Q14353	K153L	0.3714	ambiguous
Q14353	K153M	0.3042	benign
Q14353	K153N	0.4503	ambiguous
Q14353	K153P	0.7406	pathogenic
Q14353	K153Q	0.0943	benign
Q14353	K153R	0.0623	benign
Q14353	K153S	0.3295	benign
Q14353	K153T	0.1855	benign
Q14353	K153V	0.429	ambiguous
Q14353	K153W	0.6163	pathogenic
Q14353	K153Y	0.666	pathogenic
Q14353	N154A	0.1135	benign
Q14353	N154C	0.1819	benign
Q14353	N154D	0.0709	benign
Q14353	N154E	0.1416	benign
Q14353	N154F	0.3711	ambiguous
Q14353	N154G	0.1239	benign
Q14353	N154H	0.0789	benign
Q14353	N154I	0.2156	benign
Q14353	N154K	0.1199	benign
Q14353	N154L	0.19	benign
Q14353	N154M	0.2478	benign
Q14353	N154P	0.5631	ambiguous
Q14353	N154Q	0.1336	benign
Q14353	N154R	0.1429	benign
Q14353	N154S	0.0758	benign
Q14353	N154T	0.0957	benign
Q14353	N154V	0.1803	benign
Q14353	N154W	0.4849	ambiguous
Q14353	N154Y	0.1128	benign
Q14353	H155A	0.6342	pathogenic
Q14353	H155C	0.2877	benign
Q14353	H155D	0.5677	pathogenic
Q14353	H155E	0.6145	pathogenic
Q14353	H155F	0.4705	ambiguous
Q14353	H155G	0.7137	pathogenic
Q14353	H155I	0.5521	ambiguous
Q14353	H155K	0.7368	pathogenic
Q14353	H155L	0.3292	benign
Q14353	H155M	0.7614	pathogenic
Q14353	H155N	0.2722	benign
Q14353	H155P	0.7667	pathogenic
Q14353	H155Q	0.4956	ambiguous
Q14353	H155R	0.3782	ambiguous
Q14353	H155S	0.5179	ambiguous
Q14353	H155T	0.573	pathogenic
Q14353	H155V	0.4745	ambiguous
Q14353	H155W	0.5032	ambiguous
Q14353	H155Y	0.156	benign
Q14353	A156C	0.6224	pathogenic
Q14353	A156D	0.9737	pathogenic
Q14353	A156E	0.9779	pathogenic
Q14353	A156F	0.9519	pathogenic
Q14353	A156G	0.181	benign
Q14353	A156H	0.9785	pathogenic
Q14353	A156I	0.7655	pathogenic
Q14353	A156K	0.9914	pathogenic
Q14353	A156L	0.743	pathogenic
Q14353	A156M	0.8593	pathogenic
Q14353	A156N	0.9459	pathogenic
Q14353	A156P	0.8835	pathogenic
Q14353	A156Q	0.9581	pathogenic
Q14353	A156R	0.9613	pathogenic
Q14353	A156S	0.1864	benign
Q14353	A156T	0.3241	benign
Q14353	A156V	0.4212	ambiguous
Q14353	A156W	0.9937	pathogenic
Q14353	A156Y	0.9807	pathogenic
Q14353	F157A	0.4086	ambiguous
Q14353	F157C	0.1872	benign
Q14353	F157D	0.7606	pathogenic
Q14353	F157E	0.7625	pathogenic
Q14353	F157G	0.5463	ambiguous
Q14353	F157H	0.2914	benign
Q14353	F157I	0.3161	benign
Q14353	F157K	0.6486	pathogenic
Q14353	F157L	0.7612	pathogenic
Q14353	F157M	0.5607	ambiguous
Q14353	F157N	0.5631	ambiguous
Q14353	F157P	0.755	pathogenic
Q14353	F157Q	0.5555	ambiguous
Q14353	F157R	0.4106	ambiguous
Q14353	F157S	0.2836	benign
Q14353	F157T	0.536	ambiguous
Q14353	F157V	0.2485	benign
Q14353	F157W	0.2888	benign
Q14353	F157Y	0.1185	benign
Q14353	R158A	0.6957	pathogenic
Q14353	R158C	0.1962	benign
Q14353	R158D	0.8433	pathogenic
Q14353	R158E	0.6725	pathogenic
Q14353	R158F	0.818	pathogenic
Q14353	R158G	0.4307	ambiguous
Q14353	R158H	0.1467	benign
Q14353	R158I	0.7122	pathogenic
Q14353	R158K	0.3399	benign
Q14353	R158L	0.4937	ambiguous
Q14353	R158M	0.7616	pathogenic
Q14353	R158N	0.7937	pathogenic
Q14353	R158P	0.6944	pathogenic
Q14353	R158Q	0.1682	benign
Q14353	R158S	0.6809	pathogenic
Q14353	R158T	0.6123	pathogenic
Q14353	R158V	0.7345	pathogenic
Q14353	R158W	0.2922	benign
Q14353	R158Y	0.6214	pathogenic
Q14353	L159A	0.8843	pathogenic
Q14353	L159C	0.79	pathogenic
Q14353	L159D	0.9952	pathogenic
Q14353	L159E	0.9758	pathogenic
Q14353	L159F	0.6348	pathogenic
Q14353	L159G	0.9621	pathogenic
Q14353	L159H	0.8706	pathogenic
Q14353	L159I	0.2629	benign
Q14353	L159K	0.9207	pathogenic
Q14353	L159M	0.2763	benign
Q14353	L159N	0.9618	pathogenic
Q14353	L159P	0.9713	pathogenic
Q14353	L159Q	0.8413	pathogenic
Q14353	L159R	0.8355	pathogenic
Q14353	L159S	0.9491	pathogenic
Q14353	L159T	0.8876	pathogenic
Q14353	L159V	0.2831	benign
Q14353	L159W	0.8548	pathogenic
Q14353	L159Y	0.9182	pathogenic
Q14353	L160A	0.9443	pathogenic
Q14353	L160C	0.9088	pathogenic
Q14353	L160D	0.9993	pathogenic
Q14353	L160E	0.9917	pathogenic
Q14353	L160F	0.9398	pathogenic
Q14353	L160G	0.9839	pathogenic
Q14353	L160H	0.9883	pathogenic
Q14353	L160I	0.4846	ambiguous
Q14353	L160K	0.9906	pathogenic
Q14353	L160M	0.4906	ambiguous
Q14353	L160N	0.9925	pathogenic
Q14353	L160P	0.9884	pathogenic
Q14353	L160Q	0.9493	pathogenic
Q14353	L160R	0.963	pathogenic
Q14353	L160S	0.9834	pathogenic
Q14353	L160T	0.9332	pathogenic
Q14353	L160V	0.4442	ambiguous
Q14353	L160W	0.9875	pathogenic
Q14353	L160Y	0.9951	pathogenic
Q14353	K161A	0.4943	ambiguous
Q14353	K161C	0.5989	pathogenic
Q14353	K161D	0.8664	pathogenic
Q14353	K161E	0.3683	ambiguous
Q14353	K161F	0.8719	pathogenic
Q14353	K161G	0.6246	pathogenic
Q14353	K161H	0.3293	benign
Q14353	K161I	0.5103	ambiguous
Q14353	K161L	0.4078	ambiguous
Q14353	K161M	0.3762	ambiguous
Q14353	K161N	0.6315	pathogenic
Q14353	K161P	0.9151	pathogenic
Q14353	K161Q	0.1475	benign
Q14353	K161R	0.0771	benign
Q14353	K161S	0.5912	pathogenic
Q14353	K161T	0.3547	ambiguous
Q14353	K161V	0.451	ambiguous
Q14353	K161W	0.8276	pathogenic
Q14353	K161Y	0.7614	pathogenic
Q14353	P162A	0.086	benign
Q14353	P162C	0.4119	ambiguous
Q14353	P162D	0.2256	benign
Q14353	P162E	0.1571	benign
Q14353	P162F	0.5117	ambiguous
Q14353	P162G	0.239	benign
Q14353	P162H	0.1458	benign
Q14353	P162I	0.3281	benign
Q14353	P162K	0.1935	benign
Q14353	P162L	0.1393	benign
Q14353	P162M	0.3342	benign
Q14353	P162N	0.2469	benign
Q14353	P162Q	0.1249	benign
Q14353	P162R	0.1066	benign
Q14353	P162S	0.1193	benign
Q14353	P162T	0.1038	benign
Q14353	P162V	0.2086	benign
Q14353	P162W	0.5034	ambiguous
Q14353	P162Y	0.4163	ambiguous
Q14353	G163A	0.2173	benign
Q14353	G163C	0.3122	benign
Q14353	G163D	0.1472	benign
Q14353	G163E	0.2206	benign
Q14353	G163F	0.6946	pathogenic
Q14353	G163H	0.3351	benign
Q14353	G163I	0.7459	pathogenic
Q14353	G163K	0.3832	ambiguous
Q14353	G163L	0.6081	pathogenic
Q14353	G163M	0.6674	pathogenic
Q14353	G163N	0.2393	benign
Q14353	G163P	0.9084	pathogenic
Q14353	G163Q	0.2823	benign
Q14353	G163R	0.2509	benign
Q14353	G163S	0.1288	benign
Q14353	G163T	0.2619	benign
Q14353	G163V	0.5514	ambiguous
Q14353	G163W	0.4947	ambiguous
Q14353	G163Y	0.5408	ambiguous
Q14353	G164A	0.5174	ambiguous
Q14353	G164C	0.8395	pathogenic
Q14353	G164D	0.967	pathogenic
Q14353	G164E	0.9725	pathogenic
Q14353	G164F	0.9893	pathogenic
Q14353	G164H	0.9833	pathogenic
Q14353	G164I	0.9813	pathogenic
Q14353	G164K	0.986	pathogenic
Q14353	G164L	0.9815	pathogenic
Q14353	G164M	0.9835	pathogenic
Q14353	G164N	0.9721	pathogenic
Q14353	G164P	0.9953	pathogenic
Q14353	G164Q	0.9704	pathogenic
Q14353	G164R	0.9471	pathogenic
Q14353	G164S	0.525	ambiguous
Q14353	G164T	0.894	pathogenic
Q14353	G164V	0.9489	pathogenic
Q14353	G164W	0.9716	pathogenic
Q14353	G164Y	0.9848	pathogenic
Q14353	V165A	0.3342	benign
Q14353	V165C	0.6302	pathogenic
Q14353	V165D	0.6769	pathogenic
Q14353	V165E	0.5325	ambiguous
Q14353	V165F	0.1996	benign
Q14353	V165G	0.3823	ambiguous
Q14353	V165H	0.6092	pathogenic
Q14353	V165I	0.0673	benign
Q14353	V165K	0.4709	ambiguous
Q14353	V165L	0.1639	benign
Q14353	V165M	0.1611	benign
Q14353	V165N	0.4477	ambiguous
Q14353	V165P	0.8867	pathogenic
Q14353	V165Q	0.4491	ambiguous
Q14353	V165R	0.3483	ambiguous
Q14353	V165S	0.3753	ambiguous
Q14353	V165T	0.2804	benign
Q14353	V165W	0.7724	pathogenic
Q14353	V165Y	0.5718	pathogenic
Q14353	L166A	0.9068	pathogenic
Q14353	L166C	0.8214	pathogenic
Q14353	L166D	0.9986	pathogenic
Q14353	L166E	0.9927	pathogenic
Q14353	L166F	0.1664	benign
Q14353	L166G	0.9746	pathogenic
Q14353	L166H	0.9539	pathogenic
Q14353	L166I	0.318	benign
Q14353	L166K	0.9903	pathogenic
Q14353	L166M	0.2761	benign
Q14353	L166N	0.9929	pathogenic
Q14353	L166P	0.9848	pathogenic
Q14353	L166Q	0.9576	pathogenic
Q14353	L166R	0.962	pathogenic
Q14353	L166S	0.9771	pathogenic
Q14353	L166T	0.9517	pathogenic
Q14353	L166V	0.3429	ambiguous
Q14353	L166W	0.756	pathogenic
Q14353	L166Y	0.8669	pathogenic
Q14353	T167A	0.3129	benign
Q14353	T167C	0.6367	pathogenic
Q14353	T167D	0.9852	pathogenic
Q14353	T167E	0.9863	pathogenic
Q14353	T167F	0.9642	pathogenic
Q14353	T167G	0.6392	pathogenic
Q14353	T167H	0.9344	pathogenic
Q14353	T167I	0.8945	pathogenic
Q14353	T167K	0.985	pathogenic
Q14353	T167L	0.7933	pathogenic
Q14353	T167M	0.6592	pathogenic
Q14353	T167N	0.8296	pathogenic
Q14353	T167P	0.8774	pathogenic
Q14353	T167Q	0.9544	pathogenic
Q14353	T167R	0.9628	pathogenic
Q14353	T167S	0.1882	benign
Q14353	T167V	0.6661	pathogenic
Q14353	T167W	0.9912	pathogenic
Q14353	T167Y	0.9726	pathogenic
Q14353	Y168A	0.9776	pathogenic
Q14353	Y168C	0.7253	pathogenic
Q14353	Y168D	0.9811	pathogenic
Q14353	Y168E	0.9974	pathogenic
Q14353	Y168F	0.1869	benign
Q14353	Y168G	0.9581	pathogenic
Q14353	Y168H	0.9257	pathogenic
Q14353	Y168I	0.9599	pathogenic
Q14353	Y168K	0.9983	pathogenic
Q14353	Y168L	0.8995	pathogenic
Q14353	Y168M	0.9671	pathogenic
Q14353	Y168N	0.9367	pathogenic
Q14353	Y168P	0.9935	pathogenic
Q14353	Y168Q	0.9954	pathogenic
Q14353	Y168R	0.9915	pathogenic
Q14353	Y168S	0.8745	pathogenic
Q14353	Y168T	0.9671	pathogenic
Q14353	Y168V	0.9051	pathogenic
Q14353	Y168W	0.615	pathogenic
Q14353	C169A	0.9598	pathogenic
Q14353	C169D	0.9963	pathogenic
Q14353	C169E	0.9987	pathogenic
Q14353	C169F	0.9626	pathogenic
Q14353	C169G	0.8446	pathogenic
Q14353	C169H	0.9906	pathogenic
Q14353	C169I	0.9937	pathogenic
Q14353	C169K	0.999	pathogenic
Q14353	C169L	0.9632	pathogenic
Q14353	C169M	0.9903	pathogenic
Q14353	C169N	0.9868	pathogenic
Q14353	C169P	0.9958	pathogenic
Q14353	C169Q	0.993	pathogenic
Q14353	C169R	0.9785	pathogenic
Q14353	C169S	0.9445	pathogenic
Q14353	C169T	0.9743	pathogenic
Q14353	C169V	0.9733	pathogenic
Q14353	C169W	0.9881	pathogenic
Q14353	C169Y	0.9772	pathogenic
Q14353	N170A	0.9331	pathogenic
Q14353	N170C	0.7356	pathogenic
Q14353	N170D	0.9118	pathogenic
Q14353	N170E	0.989	pathogenic
Q14353	N170F	0.9792	pathogenic
Q14353	N170G	0.9124	pathogenic
Q14353	N170H	0.7601	pathogenic
Q14353	N170I	0.9218	pathogenic
Q14353	N170K	0.9919	pathogenic
Q14353	N170L	0.8523	pathogenic
Q14353	N170M	0.9468	pathogenic
Q14353	N170P	0.9363	pathogenic
Q14353	N170Q	0.9745	pathogenic
Q14353	N170R	0.9839	pathogenic
Q14353	N170S	0.3335	benign
Q14353	N170T	0.8514	pathogenic
Q14353	N170V	0.9059	pathogenic
Q14353	N170W	0.9937	pathogenic
Q14353	N170Y	0.877	pathogenic
Q14353	L171A	0.9533	pathogenic
Q14353	L171C	0.9451	pathogenic
Q14353	L171D	0.9968	pathogenic
Q14353	L171E	0.9831	pathogenic
Q14353	L171F	0.8523	pathogenic
Q14353	L171G	0.9727	pathogenic
Q14353	L171H	0.958	pathogenic
Q14353	L171I	0.6159	pathogenic
Q14353	L171K	0.9678	pathogenic
Q14353	L171M	0.6556	pathogenic
Q14353	L171N	0.9774	pathogenic
Q14353	L171P	0.9635	pathogenic
Q14353	L171Q	0.9488	pathogenic
Q14353	L171R	0.8927	pathogenic
Q14353	L171S	0.9843	pathogenic
Q14353	L171T	0.9603	pathogenic
Q14353	L171V	0.6649	pathogenic
Q14353	L171W	0.9507	pathogenic
Q14353	L171Y	0.9694	pathogenic
Q14353	T172A	0.7894	pathogenic
Q14353	T172C	0.9313	pathogenic
Q14353	T172D	0.973	pathogenic
Q14353	T172E	0.9594	pathogenic
Q14353	T172F	0.9544	pathogenic
Q14353	T172G	0.9024	pathogenic
Q14353	T172H	0.9199	pathogenic
Q14353	T172I	0.9344	pathogenic
Q14353	T172K	0.9454	pathogenic
Q14353	T172L	0.7509	pathogenic
Q14353	T172M	0.6574	pathogenic
Q14353	T172N	0.8943	pathogenic
Q14353	T172P	0.7203	pathogenic
Q14353	T172Q	0.9231	pathogenic
Q14353	T172R	0.9196	pathogenic
Q14353	T172S	0.7272	pathogenic
Q14353	T172V	0.8667	pathogenic
Q14353	T172W	0.9807	pathogenic
Q14353	T172Y	0.9673	pathogenic
Q14353	S173A	0.5225	ambiguous
Q14353	S173C	0.6686	pathogenic
Q14353	S173D	0.9823	pathogenic
Q14353	S173E	0.9868	pathogenic
Q14353	S173F	0.9607	pathogenic
Q14353	S173G	0.6409	pathogenic
Q14353	S173H	0.9622	pathogenic
Q14353	S173I	0.9519	pathogenic
Q14353	S173K	0.9978	pathogenic
Q14353	S173L	0.8697	pathogenic
Q14353	S173M	0.9436	pathogenic
Q14353	S173N	0.9457	pathogenic
Q14353	S173P	0.9578	pathogenic
Q14353	S173Q	0.9825	pathogenic
Q14353	S173R	0.9926	pathogenic
Q14353	S173T	0.6245	pathogenic
Q14353	S173V	0.93	pathogenic
Q14353	S173W	0.9299	pathogenic
Q14353	S173Y	0.9393	pathogenic
Q14353	W174A	0.8955	pathogenic
Q14353	W174C	0.9396	pathogenic
Q14353	W174D	0.9944	pathogenic
Q14353	W174E	0.9899	pathogenic
Q14353	W174F	0.5351	ambiguous
Q14353	W174G	0.8658	pathogenic
Q14353	W174H	0.9708	pathogenic
Q14353	W174I	0.8997	pathogenic
Q14353	W174K	0.9931	pathogenic
Q14353	W174L	0.7049	pathogenic
Q14353	W174M	0.8942	pathogenic
Q14353	W174N	0.9884	pathogenic
Q14353	W174P	0.9904	pathogenic
Q14353	W174Q	0.9844	pathogenic
Q14353	W174R	0.9825	pathogenic
Q14353	W174S	0.8897	pathogenic
Q14353	W174T	0.9302	pathogenic
Q14353	W174V	0.8613	pathogenic
Q14353	W174Y	0.8093	pathogenic
Q14353	G175A	0.7622	pathogenic
Q14353	G175C	0.9284	pathogenic
Q14353	G175D	0.9361	pathogenic
Q14353	G175E	0.9244	pathogenic
Q14353	G175F	0.9908	pathogenic
Q14353	G175H	0.9843	pathogenic
Q14353	G175I	0.9786	pathogenic
Q14353	G175K	0.9727	pathogenic
Q14353	G175L	0.98	pathogenic
Q14353	G175M	0.983	pathogenic
Q14353	G175N	0.9581	pathogenic
Q14353	G175P	0.9915	pathogenic
Q14353	G175Q	0.9588	pathogenic
Q14353	G175R	0.9426	pathogenic
Q14353	G175S	0.7555	pathogenic
Q14353	G175T	0.9312	pathogenic
Q14353	G175V	0.946	pathogenic
Q14353	G175W	0.9561	pathogenic
Q14353	G175Y	0.9772	pathogenic
Q14353	E176A	0.2512	benign
Q14353	E176C	0.8599	pathogenic
Q14353	E176D	0.1525	benign
Q14353	E176F	0.8355	pathogenic
Q14353	E176G	0.2934	benign
Q14353	E176H	0.5294	ambiguous
Q14353	E176I	0.6226	pathogenic
Q14353	E176K	0.2465	benign
Q14353	E176L	0.5659	pathogenic
Q14353	E176M	0.6017	pathogenic
Q14353	E176N	0.3479	ambiguous
Q14353	E176P	0.8141	pathogenic
Q14353	E176Q	0.1904	benign
Q14353	E176R	0.3646	ambiguous
Q14353	E176S	0.3025	benign
Q14353	E176T	0.399	ambiguous
Q14353	E176V	0.3812	ambiguous
Q14353	E176W	0.9182	pathogenic
Q14353	E176Y	0.685	pathogenic
Q14353	L177A	0.441	ambiguous
Q14353	L177C	0.5295	ambiguous
Q14353	L177D	0.8196	pathogenic
Q14353	L177E	0.4639	ambiguous
Q14353	L177F	0.1503	benign
Q14353	L177G	0.6557	pathogenic
Q14353	L177H	0.2516	benign
Q14353	L177I	0.1846	benign
Q14353	L177K	0.2467	benign
Q14353	L177M	0.1473	benign
Q14353	L177N	0.6088	pathogenic
Q14353	L177P	0.7927	pathogenic
Q14353	L177Q	0.1808	benign
Q14353	L177R	0.1593	benign
Q14353	L177S	0.6125	pathogenic
Q14353	L177T	0.4932	ambiguous
Q14353	L177V	0.179	benign
Q14353	L177W	0.1938	benign
Q14353	L177Y	0.288	benign
Q14353	M178A	0.7058	pathogenic
Q14353	M178C	0.7733	pathogenic
Q14353	M178D	0.971	pathogenic
Q14353	M178E	0.7976	pathogenic
Q14353	M178F	0.6763	pathogenic
Q14353	M178G	0.8151	pathogenic
Q14353	M178H	0.8143	pathogenic
Q14353	M178I	0.6402	pathogenic
Q14353	M178K	0.361	ambiguous
Q14353	M178L	0.0639	benign
Q14353	M178N	0.8718	pathogenic
Q14353	M178P	0.9011	pathogenic
Q14353	M178Q	0.4588	ambiguous
Q14353	M178R	0.3897	ambiguous
Q14353	M178S	0.814	pathogenic
Q14353	M178T	0.6097	pathogenic
Q14353	M178V	0.2317	benign
Q14353	M178W	0.8002	pathogenic
Q14353	M178Y	0.8451	pathogenic
Q14353	K179A	0.4365	ambiguous
Q14353	K179C	0.7462	pathogenic
Q14353	K179D	0.7756	pathogenic
Q14353	K179E	0.296	benign
Q14353	K179F	0.8955	pathogenic
Q14353	K179G	0.4816	ambiguous
Q14353	K179H	0.4027	ambiguous
Q14353	K179I	0.6422	pathogenic
Q14353	K179L	0.5103	ambiguous
Q14353	K179M	0.4037	ambiguous
Q14353	K179N	0.6041	pathogenic
Q14353	K179P	0.7745	pathogenic
Q14353	K179Q	0.1668	benign
Q14353	K179R	0.0891	benign
Q14353	K179S	0.5531	ambiguous
Q14353	K179T	0.3282	benign
Q14353	K179V	0.5631	ambiguous
Q14353	K179W	0.8471	pathogenic
Q14353	K179Y	0.7521	pathogenic
Q14353	S180A	0.073	benign
Q14353	S180C	0.0962	benign
Q14353	S180D	0.1563	benign
Q14353	S180E	0.1858	benign
Q14353	S180F	0.1688	benign
Q14353	S180G	0.0627	benign
Q14353	S180H	0.1616	benign
Q14353	S180I	0.1918	benign
Q14353	S180K	0.2561	benign
Q14353	S180L	0.1088	benign
Q14353	S180M	0.1642	benign
Q14353	S180N	0.08	benign
Q14353	S180P	0.1802	benign
Q14353	S180Q	0.2104	benign
Q14353	S180R	0.2168	benign
Q14353	S180T	0.0679	benign
Q14353	S180V	0.1709	benign
Q14353	S180W	0.1682	benign
Q14353	S180Y	0.1282	benign
Q14353	K181A	0.1817	benign
Q14353	K181C	0.4272	ambiguous
Q14353	K181D	0.3204	benign
Q14353	K181E	0.1107	benign
Q14353	K181F	0.6359	pathogenic
Q14353	K181G	0.2513	benign
Q14353	K181H	0.1776	benign
Q14353	K181I	0.291	benign
Q14353	K181L	0.2295	benign
Q14353	K181M	0.1947	benign
Q14353	K181N	0.2612	benign
Q14353	K181P	0.523	ambiguous
Q14353	K181Q	0.0869	benign
Q14353	K181R	0.0674	benign
Q14353	K181S	0.2105	benign
Q14353	K181T	0.0955	benign
Q14353	K181V	0.2384	benign
Q14353	K181W	0.5365	ambiguous
Q14353	K181Y	0.4748	ambiguous
Q14353	Y182A	0.8884	pathogenic
Q14353	Y182C	0.512	ambiguous
Q14353	Y182D	0.8014	pathogenic
Q14353	Y182E	0.9306	pathogenic
Q14353	Y182F	0.1088	benign
Q14353	Y182G	0.7994	pathogenic
Q14353	Y182H	0.4415	ambiguous
Q14353	Y182I	0.8278	pathogenic
Q14353	Y182K	0.9069	pathogenic
Q14353	Y182L	0.8456	pathogenic
Q14353	Y182M	0.8945	pathogenic
Q14353	Y182N	0.5937	pathogenic
Q14353	Y182P	0.9478	pathogenic
Q14353	Y182Q	0.8905	pathogenic
Q14353	Y182R	0.8295	pathogenic
Q14353	Y182S	0.7551	pathogenic
Q14353	Y182T	0.8541	pathogenic
Q14353	Y182V	0.7534	pathogenic
Q14353	Y182W	0.5129	ambiguous
Q14353	S183A	0.0724	benign
Q14353	S183C	0.1197	benign
Q14353	S183D	0.1533	benign
Q14353	S183E	0.2212	benign
Q14353	S183F	0.2357	benign
Q14353	S183G	0.0696	benign
Q14353	S183H	0.1726	benign
Q14353	S183I	0.2385	benign
Q14353	S183K	0.2556	benign
Q14353	S183L	0.1212	benign
Q14353	S183M	0.2261	benign
Q14353	S183N	0.1001	benign
Q14353	S183P	0.0946	benign
Q14353	S183Q	0.24	benign
Q14353	S183R	0.1924	benign
Q14353	S183T	0.0726	benign
Q14353	S183V	0.2113	benign
Q14353	S183W	0.2344	benign
Q14353	S183Y	0.1794	benign
Q14353	D184A	0.2582	benign
Q14353	D184C	0.5427	ambiguous
Q14353	D184E	0.2681	benign
Q14353	D184F	0.8185	pathogenic
Q14353	D184G	0.2899	benign
Q14353	D184H	0.2575	benign
Q14353	D184I	0.6051	pathogenic
Q14353	D184K	0.485	ambiguous
Q14353	D184L	0.6229	pathogenic
Q14353	D184M	0.769	pathogenic
Q14353	D184N	0.0834	benign
Q14353	D184P	0.8084	pathogenic
Q14353	D184Q	0.3912	ambiguous
Q14353	D184R	0.4293	ambiguous
Q14353	D184S	0.1295	benign
Q14353	D184T	0.3213	benign
Q14353	D184V	0.3966	ambiguous
Q14353	D184W	0.922	pathogenic
Q14353	D184Y	0.3864	ambiguous
Q14353	I185A	0.5299	ambiguous
Q14353	I185C	0.7107	pathogenic
Q14353	I185D	0.9125	pathogenic
Q14353	I185E	0.873	pathogenic
Q14353	I185F	0.3484	ambiguous
Q14353	I185G	0.8058	pathogenic
Q14353	I185H	0.8039	pathogenic
Q14353	I185K	0.7534	pathogenic
Q14353	I185L	0.1015	benign
Q14353	I185M	0.143	benign
Q14353	I185N	0.6062	pathogenic
Q14353	I185P	0.5913	pathogenic
Q14353	I185Q	0.8044	pathogenic
Q14353	I185R	0.6669	pathogenic
Q14353	I185S	0.6018	pathogenic
Q14353	I185T	0.4725	ambiguous
Q14353	I185V	0.0957	benign
Q14353	I185W	0.8463	pathogenic
Q14353	I185Y	0.7389	pathogenic
Q14353	T186A	0.0608	benign
Q14353	T186C	0.2065	benign
Q14353	T186D	0.152	benign
Q14353	T186E	0.1401	benign
Q14353	T186F	0.1822	benign
Q14353	T186G	0.1058	benign
Q14353	T186H	0.0997	benign
Q14353	T186I	0.1457	benign
Q14353	T186K	0.089	benign
Q14353	T186L	0.0928	benign
Q14353	T186M	0.1009	benign
Q14353	T186N	0.0675	benign
Q14353	T186P	0.092	benign
Q14353	T186Q	0.1117	benign
Q14353	T186R	0.069	benign
Q14353	T186S	0.0723	benign
Q14353	T186V	0.1213	benign
Q14353	T186W	0.3397	benign
Q14353	T186Y	0.1609	benign
Q14353	I187A	0.0578	benign
Q14353	I187C	0.27	benign
Q14353	I187D	0.1473	benign
Q14353	I187E	0.1248	benign
Q14353	I187F	0.1098	benign
Q14353	I187G	0.1466	benign
Q14353	I187H	0.1197	benign
Q14353	I187K	0.0611	benign
Q14353	I187L	0.0698	benign
Q14353	I187M	0.0685	benign
Q14353	I187N	0.0818	benign
Q14353	I187P	0.3206	benign
Q14353	I187Q	0.093	benign
Q14353	I187R	0.0483	benign
Q14353	I187S	0.0698	benign
Q14353	I187T	0.0474	benign
Q14353	I187V	0.0592	benign
Q14353	I187W	0.3849	ambiguous
Q14353	I187Y	0.2362	benign
Q14353	M188A	0.7144	pathogenic
Q14353	M188C	0.8427	pathogenic
Q14353	M188D	0.9872	pathogenic
Q14353	M188E	0.9277	pathogenic
Q14353	M188F	0.7613	pathogenic
Q14353	M188G	0.8998	pathogenic
Q14353	M188H	0.9271	pathogenic
Q14353	M188I	0.8593	pathogenic
Q14353	M188K	0.7944	pathogenic
Q14353	M188L	0.2145	benign
Q14353	M188N	0.9207	pathogenic
Q14353	M188P	0.9454	pathogenic
Q14353	M188Q	0.7017	pathogenic
Q14353	M188R	0.7602	pathogenic
Q14353	M188S	0.8099	pathogenic
Q14353	M188T	0.6681	pathogenic
Q14353	M188V	0.3285	benign
Q14353	M188W	0.9608	pathogenic
Q14353	M188Y	0.9405	pathogenic
Q14353	F189A	0.9542	pathogenic
Q14353	F189C	0.9216	pathogenic
Q14353	F189D	0.9926	pathogenic
Q14353	F189E	0.9908	pathogenic
Q14353	F189G	0.9741	pathogenic
Q14353	F189H	0.94	pathogenic
Q14353	F189I	0.8795	pathogenic
Q14353	F189K	0.9932	pathogenic
Q14353	F189L	0.9754	pathogenic
Q14353	F189M	0.9057	pathogenic
Q14353	F189N	0.9841	pathogenic
Q14353	F189P	0.9977	pathogenic
Q14353	F189Q	0.9841	pathogenic
Q14353	F189R	0.9755	pathogenic
Q14353	F189S	0.9546	pathogenic
Q14353	F189T	0.9747	pathogenic
Q14353	F189V	0.8513	pathogenic
Q14353	F189W	0.5935	pathogenic
Q14353	F189Y	0.4199	ambiguous
Q14353	E190A	0.1567	benign
Q14353	E190C	0.7412	pathogenic
Q14353	E190D	0.233	benign
Q14353	E190F	0.7891	pathogenic
Q14353	E190G	0.1515	benign
Q14353	E190H	0.3133	benign
Q14353	E190I	0.5021	ambiguous
Q14353	E190K	0.1012	benign
Q14353	E190L	0.3162	benign
Q14353	E190M	0.4241	ambiguous
Q14353	E190N	0.3075	benign
Q14353	E190P	0.7037	pathogenic
Q14353	E190Q	0.0806	benign
Q14353	E190R	0.122	benign
Q14353	E190S	0.2097	benign
Q14353	E190T	0.2176	benign
Q14353	E190V	0.284	benign
Q14353	E190W	0.76	pathogenic
Q14353	E190Y	0.6073	pathogenic
Q14353	E191A	0.1865	benign
Q14353	E191C	0.8761	pathogenic
Q14353	E191D	0.1829	benign
Q14353	E191F	0.8697	pathogenic
Q14353	E191G	0.2045	benign
Q14353	E191H	0.5256	ambiguous
Q14353	E191I	0.5756	pathogenic
Q14353	E191K	0.1739	benign
Q14353	E191L	0.5463	ambiguous
Q14353	E191M	0.5208	ambiguous
Q14353	E191N	0.3012	benign
Q14353	E191P	0.9581	pathogenic
Q14353	E191Q	0.1416	benign
Q14353	E191R	0.2821	benign
Q14353	E191S	0.2716	benign
Q14353	E191T	0.2851	benign
Q14353	E191V	0.3268	benign
Q14353	E191W	0.9443	pathogenic
Q14353	E191Y	0.7512	pathogenic
Q14353	T192A	0.6383	pathogenic
Q14353	T192C	0.9032	pathogenic
Q14353	T192D	0.8162	pathogenic
Q14353	T192E	0.7794	pathogenic
Q14353	T192F	0.8701	pathogenic
Q14353	T192G	0.6599	pathogenic
Q14353	T192H	0.7052	pathogenic
Q14353	T192I	0.8448	pathogenic
Q14353	T192K	0.7171	pathogenic
Q14353	T192L	0.6551	pathogenic
Q14353	T192M	0.3628	ambiguous
Q14353	T192N	0.5092	ambiguous
Q14353	T192P	0.8958	pathogenic
Q14353	T192Q	0.6985	pathogenic
Q14353	T192R	0.7246	pathogenic
Q14353	T192S	0.348	ambiguous
Q14353	T192V	0.7674	pathogenic
Q14353	T192W	0.9059	pathogenic
Q14353	T192Y	0.8367	pathogenic
Q14353	Q193A	0.6552	pathogenic
Q14353	Q193C	0.9736	pathogenic
Q14353	Q193D	0.9736	pathogenic
Q14353	Q193E	0.357	ambiguous
Q14353	Q193F	0.9872	pathogenic
Q14353	Q193G	0.7845	pathogenic
Q14353	Q193H	0.9393	pathogenic
Q14353	Q193I	0.9079	pathogenic
Q14353	Q193K	0.8643	pathogenic
Q14353	Q193L	0.7474	pathogenic
Q14353	Q193M	0.7796	pathogenic
Q14353	Q193N	0.8828	pathogenic
Q14353	Q193P	0.8715	pathogenic
Q14353	Q193R	0.8478	pathogenic
Q14353	Q193S	0.7379	pathogenic
Q14353	Q193T	0.7682	pathogenic
Q14353	Q193V	0.7597	pathogenic
Q14353	Q193W	0.9884	pathogenic
Q14353	Q193Y	0.9888	pathogenic
Q14353	V194A	0.2155	benign
Q14353	V194C	0.6891	pathogenic
Q14353	V194D	0.5076	ambiguous
Q14353	V194E	0.2425	benign
Q14353	V194F	0.1537	benign
Q14353	V194G	0.1825	benign
Q14353	V194H	0.5621	ambiguous
Q14353	V194I	0.0826	benign
Q14353	V194K	0.2861	benign
Q14353	V194L	0.1359	benign
Q14353	V194M	0.1181	benign
Q14353	V194N	0.4193	ambiguous
Q14353	V194P	0.8696	pathogenic
Q14353	V194Q	0.2949	benign
Q14353	V194R	0.277	benign
Q14353	V194S	0.3036	benign
Q14353	V194T	0.234	benign
Q14353	V194W	0.6843	pathogenic
Q14353	V194Y	0.5012	ambiguous
Q14353	P195A	0.0699	benign
Q14353	P195C	0.3506	ambiguous
Q14353	P195D	0.231	benign
Q14353	P195E	0.1692	benign
Q14353	P195F	0.3847	ambiguous
Q14353	P195G	0.1285	benign
Q14353	P195H	0.1529	benign
Q14353	P195I	0.3295	benign
Q14353	P195K	0.1954	benign
Q14353	P195L	0.1272	benign
Q14353	P195M	0.3052	benign
Q14353	P195N	0.238	benign
Q14353	P195Q	0.1316	benign
Q14353	P195R	0.1133	benign
Q14353	P195S	0.0984	benign
Q14353	P195T	0.0981	benign
Q14353	P195V	0.1982	benign
Q14353	P195W	0.4297	ambiguous
Q14353	P195Y	0.3414	ambiguous
Q14353	A196C	0.2316	benign
Q14353	A196D	0.1428	benign
Q14353	A196E	0.1234	benign
Q14353	A196F	0.1364	benign
Q14353	A196G	0.1099	benign
Q14353	A196H	0.1565	benign
Q14353	A196I	0.1517	benign
Q14353	A196K	0.1961	benign
Q14353	A196L	0.1085	benign
Q14353	A196M	0.1569	benign
Q14353	A196N	0.1573	benign
Q14353	A196P	0.1335	benign
Q14353	A196Q	0.1408	benign
Q14353	A196R	0.1581	benign
Q14353	A196S	0.0793	benign
Q14353	A196T	0.0786	benign
Q14353	A196V	0.084	benign
Q14353	A196W	0.3392	benign
Q14353	A196Y	0.198	benign
Q14353	L197A	0.8989	pathogenic
Q14353	L197C	0.9077	pathogenic
Q14353	L197D	0.9977	pathogenic
Q14353	L197E	0.9834	pathogenic
Q14353	L197F	0.6053	pathogenic
Q14353	L197G	0.9799	pathogenic
Q14353	L197H	0.9685	pathogenic
Q14353	L197I	0.2563	benign
Q14353	L197K	0.9835	pathogenic
Q14353	L197M	0.3919	ambiguous
Q14353	L197N	0.9904	pathogenic
Q14353	L197P	0.9622	pathogenic
Q14353	L197Q	0.9505	pathogenic
Q14353	L197R	0.9435	pathogenic
Q14353	L197S	0.979	pathogenic
Q14353	L197T	0.9378	pathogenic
Q14353	L197V	0.2835	benign
Q14353	L197W	0.9083	pathogenic
Q14353	L197Y	0.9488	pathogenic
Q14353	L198A	0.1494	benign
Q14353	L198C	0.3229	benign
Q14353	L198D	0.6111	pathogenic
Q14353	L198E	0.1344	benign
Q14353	L198F	0.199	benign
Q14353	L198G	0.3425	ambiguous
Q14353	L198H	0.2058	benign
Q14353	L198I	0.0954	benign
Q14353	L198K	0.1406	benign
Q14353	L198M	0.1115	benign
Q14353	L198N	0.4243	ambiguous
Q14353	L198P	0.7025	pathogenic
Q14353	L198Q	0.0713	benign
Q14353	L198R	0.0881	benign
Q14353	L198S	0.2266	benign
Q14353	L198T	0.1272	benign
Q14353	L198V	0.074	benign
Q14353	L198W	0.2148	benign
Q14353	L198Y	0.4029	ambiguous
Q14353	E199A	0.0874	benign
Q14353	E199C	0.6257	pathogenic
Q14353	E199D	0.106	benign
Q14353	E199F	0.6363	pathogenic
Q14353	E199G	0.1078	benign
Q14353	E199H	0.2428	benign
Q14353	E199I	0.4214	ambiguous
Q14353	E199K	0.109	benign
Q14353	E199L	0.2504	benign
Q14353	E199M	0.3823	ambiguous
Q14353	E199N	0.1975	benign
Q14353	E199P	0.6391	pathogenic
Q14353	E199Q	0.0891	benign
Q14353	E199R	0.1372	benign
Q14353	E199S	0.1396	benign
Q14353	E199T	0.1756	benign
Q14353	E199V	0.2256	benign
Q14353	E199W	0.6902	pathogenic
Q14353	E199Y	0.4699	ambiguous
Q14353	A200C	0.4543	ambiguous
Q14353	A200D	0.7261	pathogenic
Q14353	A200E	0.6644	pathogenic
Q14353	A200F	0.653	pathogenic
Q14353	A200G	0.2034	benign
Q14353	A200H	0.7535	pathogenic
Q14353	A200I	0.4909	ambiguous
Q14353	A200K	0.8518	pathogenic
Q14353	A200L	0.4929	ambiguous
Q14353	A200M	0.486	ambiguous
Q14353	A200N	0.5464	ambiguous
Q14353	A200P	0.9158	pathogenic
Q14353	A200Q	0.6981	pathogenic
Q14353	A200R	0.7749	pathogenic
Q14353	A200S	0.1322	benign
Q14353	A200T	0.2177	benign
Q14353	A200V	0.1978	benign
Q14353	A200W	0.8927	pathogenic
Q14353	A200Y	0.7537	pathogenic
Q14353	G201A	0.449	ambiguous
Q14353	G201C	0.5746	pathogenic
Q14353	G201D	0.5323	ambiguous
Q14353	G201E	0.6493	pathogenic
Q14353	G201F	0.9424	pathogenic
Q14353	G201H	0.7458	pathogenic
Q14353	G201I	0.8982	pathogenic
Q14353	G201K	0.6906	pathogenic
Q14353	G201L	0.9115	pathogenic
Q14353	G201M	0.9211	pathogenic
Q14353	G201N	0.6102	pathogenic
Q14353	G201P	0.9533	pathogenic
Q14353	G201Q	0.6619	pathogenic
Q14353	G201R	0.5475	ambiguous
Q14353	G201S	0.2952	benign
Q14353	G201T	0.6571	pathogenic
Q14353	G201V	0.8036	pathogenic
Q14353	G201W	0.8781	pathogenic
Q14353	G201Y	0.8749	pathogenic
Q14353	F202A	0.9922	pathogenic
Q14353	F202C	0.9199	pathogenic
Q14353	F202D	0.998	pathogenic
Q14353	F202E	0.9977	pathogenic
Q14353	F202G	0.992	pathogenic
Q14353	F202H	0.9793	pathogenic
Q14353	F202I	0.9025	pathogenic
Q14353	F202K	0.997	pathogenic
Q14353	F202L	0.9855	pathogenic
Q14353	F202M	0.953	pathogenic
Q14353	F202N	0.9936	pathogenic
Q14353	F202P	0.9992	pathogenic
Q14353	F202Q	0.9945	pathogenic
Q14353	F202R	0.99	pathogenic
Q14353	F202S	0.9907	pathogenic
Q14353	F202T	0.9957	pathogenic
Q14353	F202V	0.9127	pathogenic
Q14353	F202W	0.7767	pathogenic
Q14353	F202Y	0.6101	pathogenic
Q14353	R203A	0.1447	benign
Q14353	R203C	0.0911	benign
Q14353	R203D	0.2895	benign
Q14353	R203E	0.1561	benign
Q14353	R203F	0.2825	benign
Q14353	R203G	0.0966	benign
Q14353	R203H	0.084	benign
Q14353	R203I	0.1798	benign
Q14353	R203K	0.0879	benign
Q14353	R203L	0.0951	benign
Q14353	R203M	0.2088	benign
Q14353	R203N	0.279	benign
Q14353	R203P	0.2193	benign
Q14353	R203Q	0.0708	benign
Q14353	R203S	0.1689	benign
Q14353	R203T	0.1323	benign
Q14353	R203V	0.1737	benign
Q14353	R203W	0.1172	benign
Q14353	R203Y	0.2215	benign
Q14353	R204A	0.1516	benign
Q14353	R204C	0.1553	benign
Q14353	R204D	0.3232	benign
Q14353	R204E	0.137	benign
Q14353	R204F	0.4246	ambiguous
Q14353	R204G	0.1055	benign
Q14353	R204H	0.1051	benign
Q14353	R204I	0.2357	benign
Q14353	R204K	0.0777	benign
Q14353	R204L	0.1391	benign
Q14353	R204M	0.2143	benign
Q14353	R204N	0.3596	ambiguous
Q14353	R204P	0.1165	benign
Q14353	R204Q	0.0774	benign
Q14353	R204S	0.2227	benign
Q14353	R204T	0.1329	benign
Q14353	R204V	0.2229	benign
Q14353	R204W	0.137	benign
Q14353	R204Y	0.2862	benign
Q14353	E205A	0.1439	benign
Q14353	E205C	0.6625	pathogenic
Q14353	E205D	0.1195	benign
Q14353	E205F	0.7731	pathogenic
Q14353	E205G	0.1045	benign
Q14353	E205H	0.3259	benign
Q14353	E205I	0.4731	ambiguous
Q14353	E205K	0.1205	benign
Q14353	E205L	0.4917	ambiguous
Q14353	E205M	0.5511	ambiguous
Q14353	E205N	0.2376	benign
Q14353	E205P	0.3659	ambiguous
Q14353	E205Q	0.1183	benign
Q14353	E205R	0.1814	benign
Q14353	E205S	0.1745	benign
Q14353	E205T	0.2343	benign
Q14353	E205V	0.2811	benign
Q14353	E205W	0.7497	pathogenic
Q14353	E205Y	0.5747	pathogenic
Q14353	N206A	0.1824	benign
Q14353	N206C	0.2528	benign
Q14353	N206D	0.0877	benign
Q14353	N206E	0.2567	benign
Q14353	N206F	0.4482	ambiguous
Q14353	N206G	0.2433	benign
Q14353	N206H	0.1015	benign
Q14353	N206I	0.3084	benign
Q14353	N206K	0.2524	benign
Q14353	N206L	0.313	benign
Q14353	N206M	0.3185	benign
Q14353	N206P	0.8284	pathogenic
Q14353	N206Q	0.2313	benign
Q14353	N206R	0.2768	benign
Q14353	N206S	0.1146	benign
Q14353	N206T	0.1628	benign
Q14353	N206V	0.2698	benign
Q14353	N206W	0.6043	pathogenic
Q14353	N206Y	0.1412	benign
Q14353	I207A	0.8566	pathogenic
Q14353	I207C	0.8289	pathogenic
Q14353	I207D	0.9896	pathogenic
Q14353	I207E	0.977	pathogenic
Q14353	I207F	0.3983	ambiguous
Q14353	I207G	0.957	pathogenic
Q14353	I207H	0.9417	pathogenic
Q14353	I207K	0.9549	pathogenic
Q14353	I207L	0.2371	benign
Q14353	I207M	0.253	benign
Q14353	I207N	0.9137	pathogenic
Q14353	I207P	0.9719	pathogenic
Q14353	I207Q	0.9467	pathogenic
Q14353	I207R	0.9043	pathogenic
Q14353	I207S	0.8466	pathogenic
Q14353	I207T	0.8062	pathogenic
Q14353	I207V	0.14	benign
Q14353	I207W	0.9195	pathogenic
Q14353	I207Y	0.8327	pathogenic
Q14353	R208A	0.1309	benign
Q14353	R208C	0.092	benign
Q14353	R208D	0.1787	benign
Q14353	R208E	0.1458	benign
Q14353	R208F	0.2378	benign
Q14353	R208G	0.0931	benign
Q14353	R208H	0.0651	benign
Q14353	R208I	0.1835	benign
Q14353	R208K	0.1033	benign
Q14353	R208L	0.1233	benign
Q14353	R208M	0.2476	benign
Q14353	R208N	0.1987	benign
Q14353	R208P	0.5083	ambiguous
Q14353	R208Q	0.0725	benign
Q14353	R208S	0.1248	benign
Q14353	R208T	0.1025	benign
Q14353	R208V	0.1668	benign
Q14353	R208W	0.1316	benign
Q14353	R208Y	0.1783	benign
Q14353	T209A	0.1064	benign
Q14353	T209C	0.2944	benign
Q14353	T209D	0.5521	ambiguous
Q14353	T209E	0.3556	ambiguous
Q14353	T209F	0.2461	benign
Q14353	T209G	0.2302	benign
Q14353	T209H	0.2461	benign
Q14353	T209I	0.2481	benign
Q14353	T209K	0.2049	benign
Q14353	T209L	0.1344	benign
Q14353	T209M	0.1043	benign
Q14353	T209N	0.2539	benign
Q14353	T209P	0.1626	benign
Q14353	T209Q	0.235	benign
Q14353	T209R	0.1646	benign
Q14353	T209S	0.1458	benign
Q14353	T209V	0.1589	benign
Q14353	T209W	0.3232	benign
Q14353	T209Y	0.2562	benign
Q14353	E210A	0.1125	benign
Q14353	E210C	0.6517	pathogenic
Q14353	E210D	0.1194	benign
Q14353	E210F	0.6926	pathogenic
Q14353	E210G	0.1491	benign
Q14353	E210H	0.2316	benign
Q14353	E210I	0.3912	ambiguous
Q14353	E210K	0.0931	benign
Q14353	E210L	0.3359	benign
Q14353	E210M	0.3955	ambiguous
Q14353	E210N	0.1947	benign
Q14353	E210P	0.7503	pathogenic
Q14353	E210Q	0.0855	benign
Q14353	E210R	0.1187	benign
Q14353	E210S	0.1371	benign
Q14353	E210T	0.14	benign
Q14353	E210V	0.2097	benign
Q14353	E210W	0.7238	pathogenic
Q14353	E210Y	0.5174	ambiguous
Q14353	V211A	0.154	benign
Q14353	V211C	0.6052	pathogenic
Q14353	V211D	0.3015	benign
Q14353	V211E	0.1501	benign
Q14353	V211F	0.1875	benign
Q14353	V211G	0.1728	benign
Q14353	V211H	0.4217	ambiguous
Q14353	V211I	0.0832	benign
Q14353	V211K	0.1633	benign
Q14353	V211L	0.1155	benign
Q14353	V211M	0.1267	benign
Q14353	V211N	0.2556	benign
Q14353	V211P	0.3781	ambiguous
Q14353	V211Q	0.191	benign
Q14353	V211R	0.1621	benign
Q14353	V211S	0.2267	benign
Q14353	V211T	0.1469	benign
Q14353	V211W	0.6065	pathogenic
Q14353	V211Y	0.4592	ambiguous
Q14353	M212A	0.3499	ambiguous
Q14353	M212C	0.6801	pathogenic
Q14353	M212D	0.8207	pathogenic
Q14353	M212E	0.4681	ambiguous
Q14353	M212F	0.372	ambiguous
Q14353	M212G	0.6186	pathogenic
Q14353	M212H	0.4963	ambiguous
Q14353	M212I	0.3364	benign
Q14353	M212K	0.2263	benign
Q14353	M212L	0.1095	benign
Q14353	M212N	0.63	pathogenic
Q14353	M212P	0.8375	pathogenic
Q14353	M212Q	0.2638	benign
Q14353	M212R	0.2173	benign
Q14353	M212S	0.4611	ambiguous
Q14353	M212T	0.1904	benign
Q14353	M212V	0.1026	benign
Q14353	M212W	0.6887	pathogenic
Q14353	M212Y	0.6915	pathogenic
Q14353	A213C	0.3536	ambiguous
Q14353	A213D	0.0801	benign
Q14353	A213E	0.0652	benign
Q14353	A213F	0.2677	benign
Q14353	A213G	0.0912	benign
Q14353	A213H	0.1806	benign
Q14353	A213I	0.2227	benign
Q14353	A213K	0.1293	benign
Q14353	A213L	0.1326	benign
Q14353	A213M	0.192	benign
Q14353	A213N	0.1162	benign
Q14353	A213P	0.0749	benign
Q14353	A213Q	0.1053	benign
Q14353	A213R	0.1276	benign
Q14353	A213S	0.0748	benign
Q14353	A213T	0.0738	benign
Q14353	A213V	0.1071	benign
Q14353	A213W	0.4321	ambiguous
Q14353	A213Y	0.2789	benign
Q14353	L214A	0.2992	benign
Q14353	L214C	0.5399	ambiguous
Q14353	L214D	0.8579	pathogenic
Q14353	L214E	0.5955	pathogenic
Q14353	L214F	0.3317	benign
Q14353	L214G	0.6185	pathogenic
Q14353	L214H	0.5168	ambiguous
Q14353	L214I	0.1011	benign
Q14353	L214K	0.6723	pathogenic
Q14353	L214M	0.1674	benign
Q14353	L214N	0.4639	ambiguous
Q14353	L214P	0.5993	pathogenic
Q14353	L214Q	0.392	ambiguous
Q14353	L214R	0.4621	ambiguous
Q14353	L214S	0.4576	ambiguous
Q14353	L214T	0.2939	benign
Q14353	L214V	0.0862	benign
Q14353	L214W	0.6116	pathogenic
Q14353	L214Y	0.6916	pathogenic
Q14353	V215A	0.0956	benign
Q14353	V215C	0.4629	ambiguous
Q14353	V215D	0.1352	benign
Q14353	V215E	0.1113	benign
Q14353	V215F	0.1435	benign
Q14353	V215G	0.1349	benign
Q14353	V215H	0.2202	benign
Q14353	V215I	0.0868	benign
Q14353	V215K	0.1363	benign
Q14353	V215L	0.1093	benign
Q14353	V215M	0.1414	benign
Q14353	V215N	0.1337	benign
Q14353	V215P	0.2175	benign
Q14353	V215Q	0.1196	benign
Q14353	V215R	0.11	benign
Q14353	V215S	0.1013	benign
Q14353	V215T	0.0994	benign
Q14353	V215W	0.5665	pathogenic
Q14353	V215Y	0.3364	benign
Q14353	P216A	0.3209	benign
Q14353	P216C	0.8325	pathogenic
Q14353	P216D	0.9746	pathogenic
Q14353	P216E	0.8848	pathogenic
Q14353	P216F	0.9549	pathogenic
Q14353	P216G	0.8466	pathogenic
Q14353	P216H	0.8638	pathogenic
Q14353	P216I	0.7183	pathogenic
Q14353	P216K	0.911	pathogenic
Q14353	P216L	0.5805	pathogenic
Q14353	P216M	0.8777	pathogenic
Q14353	P216N	0.9467	pathogenic
Q14353	P216Q	0.8032	pathogenic
Q14353	P216R	0.7759	pathogenic
Q14353	P216S	0.608	pathogenic
Q14353	P216T	0.5016	ambiguous
Q14353	P216V	0.4771	ambiguous
Q14353	P216W	0.9782	pathogenic
Q14353	P216Y	0.9613	pathogenic
Q14353	P217A	0.2147	benign
Q14353	P217C	0.8289	pathogenic
Q14353	P217D	0.6588	pathogenic
Q14353	P217E	0.4576	ambiguous
Q14353	P217F	0.9138	pathogenic
Q14353	P217G	0.5268	ambiguous
Q14353	P217H	0.5508	ambiguous
Q14353	P217I	0.8429	pathogenic
Q14353	P217K	0.6656	pathogenic
Q14353	P217L	0.4324	ambiguous
Q14353	P217M	0.7774	pathogenic
Q14353	P217N	0.7463	pathogenic
Q14353	P217Q	0.4514	ambiguous
Q14353	P217R	0.447	ambiguous
Q14353	P217S	0.3155	benign
Q14353	P217T	0.3147	benign
Q14353	P217V	0.6181	pathogenic
Q14353	P217W	0.9168	pathogenic
Q14353	P217Y	0.8854	pathogenic
Q14353	A218C	0.3807	ambiguous
Q14353	A218D	0.1033	benign
Q14353	A218E	0.0926	benign
Q14353	A218F	0.2818	benign
Q14353	A218G	0.0981	benign
Q14353	A218H	0.2154	benign
Q14353	A218I	0.1877	benign
Q14353	A218K	0.1318	benign
Q14353	A218L	0.1262	benign
Q14353	A218M	0.188	benign
Q14353	A218N	0.1548	benign
Q14353	A218P	0.0863	benign
Q14353	A218Q	0.1293	benign
Q14353	A218R	0.1205	benign
Q14353	A218S	0.0826	benign
Q14353	A218T	0.0748	benign
Q14353	A218V	0.0969	benign
Q14353	A218W	0.4504	ambiguous
Q14353	A218Y	0.3297	benign
Q14353	D219A	0.1287	benign
Q14353	D219C	0.4944	ambiguous
Q14353	D219E	0.1093	benign
Q14353	D219F	0.54	ambiguous
Q14353	D219G	0.1008	benign
Q14353	D219H	0.2126	benign
Q14353	D219I	0.4267	ambiguous
Q14353	D219K	0.3167	benign
Q14353	D219L	0.3896	ambiguous
Q14353	D219M	0.6288	pathogenic
Q14353	D219N	0.1057	benign
Q14353	D219P	0.4496	ambiguous
Q14353	D219Q	0.23	benign
Q14353	D219R	0.2935	benign
Q14353	D219S	0.1016	benign
Q14353	D219T	0.1868	benign
Q14353	D219V	0.2521	benign
Q14353	D219W	0.7816	pathogenic
Q14353	D219Y	0.2642	benign
Q14353	C220A	0.8915	pathogenic
Q14353	C220D	0.9606	pathogenic
Q14353	C220E	0.9868	pathogenic
Q14353	C220F	0.9443	pathogenic
Q14353	C220G	0.7146	pathogenic
Q14353	C220H	0.9671	pathogenic
Q14353	C220I	0.9699	pathogenic
Q14353	C220K	0.9952	pathogenic
Q14353	C220L	0.9418	pathogenic
Q14353	C220M	0.974	pathogenic
Q14353	C220N	0.9452	pathogenic
Q14353	C220P	0.9859	pathogenic
Q14353	C220Q	0.9831	pathogenic
Q14353	C220R	0.9635	pathogenic
Q14353	C220S	0.7254	pathogenic
Q14353	C220T	0.9052	pathogenic
Q14353	C220V	0.9265	pathogenic
Q14353	C220W	0.9684	pathogenic
Q14353	C220Y	0.9656	pathogenic
Q14353	R221A	0.2493	benign
Q14353	R221C	0.151	benign
Q14353	R221D	0.4156	ambiguous
Q14353	R221E	0.2359	benign
Q14353	R221F	0.5507	ambiguous
Q14353	R221G	0.1867	benign
Q14353	R221H	0.12	benign
Q14353	R221I	0.2827	benign
Q14353	R221K	0.1517	benign
Q14353	R221L	0.1816	benign
Q14353	R221M	0.3945	ambiguous
Q14353	R221N	0.4638	ambiguous
Q14353	R221P	0.2837	benign
Q14353	R221Q	0.097	benign
Q14353	R221S	0.3007	benign
Q14353	R221T	0.2046	benign
Q14353	R221V	0.298	benign
Q14353	R221W	0.2114	benign
Q14353	R221Y	0.3909	ambiguous
Q14353	Y222A	0.968	pathogenic
Q14353	Y222C	0.9078	pathogenic
Q14353	Y222D	0.9266	pathogenic
Q14353	Y222E	0.9835	pathogenic
Q14353	Y222F	0.6671	pathogenic
Q14353	Y222G	0.8972	pathogenic
Q14353	Y222H	0.9717	pathogenic
Q14353	Y222I	0.9563	pathogenic
Q14353	Y222K	0.9859	pathogenic
Q14353	Y222L	0.8904	pathogenic
Q14353	Y222M	0.9808	pathogenic
Q14353	Y222N	0.8867	pathogenic
Q14353	Y222P	0.9681	pathogenic
Q14353	Y222Q	0.9872	pathogenic
Q14353	Y222R	0.9648	pathogenic
Q14353	Y222S	0.8893	pathogenic
Q14353	Y222T	0.9592	pathogenic
Q14353	Y222V	0.9145	pathogenic
Q14353	Y222W	0.9075	pathogenic
Q14353	Y223A	0.9667	pathogenic
Q14353	Y223C	0.7995	pathogenic
Q14353	Y223D	0.9454	pathogenic
Q14353	Y223E	0.9885	pathogenic
Q14353	Y223F	0.3269	benign
Q14353	Y223G	0.9085	pathogenic
Q14353	Y223H	0.8968	pathogenic
Q14353	Y223I	0.9641	pathogenic
Q14353	Y223K	0.9895	pathogenic
Q14353	Y223L	0.8797	pathogenic
Q14353	Y223M	0.9673	pathogenic
Q14353	Y223N	0.9066	pathogenic
Q14353	Y223P	0.9799	pathogenic
Q14353	Y223Q	0.9847	pathogenic
Q14353	Y223R	0.955	pathogenic
Q14353	Y223S	0.8682	pathogenic
Q14353	Y223T	0.9632	pathogenic
Q14353	Y223V	0.902	pathogenic
Q14353	Y223W	0.72	pathogenic
Q14353	A224C	0.3181	benign
Q14353	A224D	0.134	benign
Q14353	A224E	0.1565	benign
Q14353	A224F	0.29	benign
Q14353	A224G	0.1117	benign
Q14353	A224H	0.2432	benign
Q14353	A224I	0.2693	benign
Q14353	A224K	0.292	benign
Q14353	A224L	0.1866	benign
Q14353	A224M	0.249	benign
Q14353	A224N	0.1678	benign
Q14353	A224P	0.3501	ambiguous
Q14353	A224Q	0.1954	benign
Q14353	A224R	0.2035	benign
Q14353	A224S	0.0709	benign
Q14353	A224T	0.0752	benign
Q14353	A224V	0.1329	benign
Q14353	A224W	0.5882	pathogenic
Q14353	A224Y	0.3351	benign
Q14353	F225A	0.6682	pathogenic
Q14353	F225C	0.398	ambiguous
Q14353	F225D	0.8869	pathogenic
Q14353	F225E	0.8915	pathogenic
Q14353	F225G	0.8213	pathogenic
Q14353	F225H	0.4369	ambiguous
Q14353	F225I	0.5185	ambiguous
Q14353	F225K	0.8755	pathogenic
Q14353	F225L	0.9076	pathogenic
Q14353	F225M	0.742	pathogenic
Q14353	F225N	0.7073	pathogenic
Q14353	F225P	0.9699	pathogenic
Q14353	F225Q	0.7649	pathogenic
Q14353	F225R	0.7456	pathogenic
Q14353	F225S	0.4937	ambiguous
Q14353	F225T	0.7201	pathogenic
Q14353	F225V	0.4218	ambiguous
Q14353	F225W	0.5184	ambiguous
Q14353	F225Y	0.2089	benign
Q14353	P226A	0.0985	benign
Q14353	P226C	0.3583	ambiguous
Q14353	P226D	0.2403	benign
Q14353	P226E	0.1655	benign
Q14353	P226F	0.5253	ambiguous
Q14353	P226G	0.1732	benign
Q14353	P226H	0.1059	benign
Q14353	P226I	0.5295	ambiguous
Q14353	P226K	0.1832	benign
Q14353	P226L	0.1782	benign
Q14353	P226M	0.4969	ambiguous
Q14353	P226N	0.2412	benign
Q14353	P226Q	0.0987	benign
Q14353	P226R	0.0733	benign
Q14353	P226S	0.0913	benign
Q14353	P226T	0.121	benign
Q14353	P226V	0.3454	ambiguous
Q14353	P226W	0.4346	ambiguous
Q14353	P226Y	0.3739	ambiguous
Q14353	Q227A	0.1762	benign
Q14353	Q227C	0.42	ambiguous
Q14353	Q227D	0.3091	benign
Q14353	Q227E	0.0749	benign
Q14353	Q227F	0.5492	ambiguous
Q14353	Q227G	0.1899	benign
Q14353	Q227H	0.155	benign
Q14353	Q227I	0.4364	ambiguous
Q14353	Q227K	0.0785	benign
Q14353	Q227L	0.1359	benign
Q14353	Q227M	0.3543	ambiguous
Q14353	Q227N	0.3017	benign
Q14353	Q227P	0.4078	ambiguous
Q14353	Q227R	0.0637	benign
Q14353	Q227S	0.2022	benign
Q14353	Q227T	0.1686	benign
Q14353	Q227V	0.2361	benign
Q14353	Q227W	0.3029	benign
Q14353	Q227Y	0.3347	benign
Q14353	M228A	0.8121	pathogenic
Q14353	M228C	0.8794	pathogenic
Q14353	M228D	0.9885	pathogenic
Q14353	M228E	0.9409	pathogenic
Q14353	M228F	0.7448	pathogenic
Q14353	M228G	0.9047	pathogenic
Q14353	M228H	0.9467	pathogenic
Q14353	M228I	0.8435	pathogenic
Q14353	M228K	0.8787	pathogenic
Q14353	M228L	0.4918	ambiguous
Q14353	M228N	0.9215	pathogenic
Q14353	M228P	0.988	pathogenic
Q14353	M228Q	0.7706	pathogenic
Q14353	M228R	0.871	pathogenic
Q14353	M228S	0.8978	pathogenic
Q14353	M228T	0.8736	pathogenic
Q14353	M228V	0.3093	benign
Q14353	M228W	0.9682	pathogenic
Q14353	M228Y	0.9179	pathogenic
Q14353	I229A	0.8528	pathogenic
Q14353	I229C	0.9204	pathogenic
Q14353	I229D	0.9917	pathogenic
Q14353	I229E	0.9746	pathogenic
Q14353	I229F	0.5501	ambiguous
Q14353	I229G	0.9644	pathogenic
Q14353	I229H	0.9645	pathogenic
Q14353	I229K	0.9379	pathogenic
Q14353	I229L	0.178	benign
Q14353	I229M	0.2332	benign
Q14353	I229N	0.9191	pathogenic
Q14353	I229P	0.9688	pathogenic
Q14353	I229Q	0.9401	pathogenic
Q14353	I229R	0.9042	pathogenic
Q14353	I229S	0.9209	pathogenic
Q14353	I229T	0.9013	pathogenic
Q14353	I229V	0.1515	benign
Q14353	I229W	0.9595	pathogenic
Q14353	I229Y	0.8964	pathogenic
Q14353	T230A	0.1018	benign
Q14353	T230C	0.3053	benign
Q14353	T230D	0.8756	pathogenic
Q14353	T230E	0.735	pathogenic
Q14353	T230F	0.3548	ambiguous
Q14353	T230G	0.4668	ambiguous
Q14353	T230H	0.5251	ambiguous
Q14353	T230I	0.0773	benign
Q14353	T230K	0.4838	ambiguous
Q14353	T230L	0.0865	benign
Q14353	T230M	0.1192	benign
Q14353	T230N	0.4202	ambiguous
Q14353	T230P	0.4501	ambiguous
Q14353	T230Q	0.5088	ambiguous
Q14353	T230R	0.3595	ambiguous
Q14353	T230S	0.2135	benign
Q14353	T230V	0.0751	benign
Q14353	T230W	0.7874	pathogenic
Q14353	T230Y	0.5151	ambiguous
Q14353	P231A	0.6875	pathogenic
Q14353	P231C	0.9467	pathogenic
Q14353	P231D	0.9901	pathogenic
Q14353	P231E	0.9789	pathogenic
Q14353	P231F	0.9832	pathogenic
Q14353	P231G	0.9329	pathogenic
Q14353	P231H	0.9586	pathogenic
Q14353	P231I	0.8794	pathogenic
Q14353	P231K	0.9852	pathogenic
Q14353	P231L	0.7625	pathogenic
Q14353	P231M	0.9645	pathogenic
Q14353	P231N	0.9846	pathogenic
Q14353	P231Q	0.9602	pathogenic
Q14353	P231R	0.9405	pathogenic
Q14353	P231S	0.8929	pathogenic
Q14353	P231T	0.8198	pathogenic
Q14353	P231V	0.7057	pathogenic
Q14353	P231W	0.9947	pathogenic
Q14353	P231Y	0.9842	pathogenic
Q14353	L232A	0.1269	benign
Q14353	L232C	0.2712	benign
Q14353	L232D	0.5732	pathogenic
Q14353	L232E	0.2048	benign
Q14353	L232F	0.0969	benign
Q14353	L232G	0.3664	ambiguous
Q14353	L232H	0.1369	benign
Q14353	L232I	0.0777	benign
Q14353	L232K	0.149	benign
Q14353	L232M	0.1073	benign
Q14353	L232N	0.3683	ambiguous
Q14353	L232P	0.7097	pathogenic
Q14353	L232Q	0.0989	benign
Q14353	L232R	0.0797	benign
Q14353	L232S	0.1727	benign
Q14353	L232T	0.1093	benign
Q14353	L232V	0.0581	benign
Q14353	L232W	0.1399	benign
Q14353	L232Y	0.2392	benign
Q14353	V233A	0.5081	ambiguous
Q14353	V233C	0.7581	pathogenic
Q14353	V233D	0.983	pathogenic
Q14353	V233E	0.9602	pathogenic
Q14353	V233F	0.6134	pathogenic
Q14353	V233G	0.6854	pathogenic
Q14353	V233H	0.9816	pathogenic
Q14353	V233I	0.0983	benign
Q14353	V233K	0.9758	pathogenic
Q14353	V233L	0.1814	benign
Q14353	V233M	0.5234	ambiguous
Q14353	V233N	0.9626	pathogenic
Q14353	V233P	0.9083	pathogenic
Q14353	V233Q	0.9522	pathogenic
Q14353	V233R	0.9386	pathogenic
Q14353	V233S	0.8627	pathogenic
Q14353	V233T	0.7979	pathogenic
Q14353	V233W	0.9793	pathogenic
Q14353	V233Y	0.9504	pathogenic
Q14353	T234A	0.0812	benign
Q14353	T234C	0.2092	benign
Q14353	T234D	0.2915	benign
Q14353	T234E	0.1485	benign
Q14353	T234F	0.1217	benign
Q14353	T234G	0.1858	benign
Q14353	T234H	0.1542	benign
Q14353	T234I	0.0904	benign
Q14353	T234K	0.1314	benign
Q14353	T234L	0.0691	benign
Q14353	T234M	0.093	benign
Q14353	T234N	0.1469	benign
Q14353	T234P	0.2376	benign
Q14353	T234Q	0.1266	benign
Q14353	T234R	0.0853	benign
Q14353	T234S	0.1107	benign
Q14353	T234V	0.0883	benign
Q14353	T234W	0.2678	benign
Q14353	T234Y	0.1582	benign
Q14353	K235A	0.5314	ambiguous
Q14353	K235C	0.7704	pathogenic
Q14353	K235D	0.9188	pathogenic
Q14353	K235E	0.5979	pathogenic
Q14353	K235F	0.9345	pathogenic
Q14353	K235G	0.6074	pathogenic
Q14353	K235H	0.6606	pathogenic
Q14353	K235I	0.712	pathogenic
Q14353	K235L	0.632	pathogenic
Q14353	K235M	0.6411	pathogenic
Q14353	K235N	0.8425	pathogenic
Q14353	K235P	0.6989	pathogenic
Q14353	K235Q	0.417	ambiguous
Q14353	K235R	0.0799	benign
Q14353	K235S	0.7451	pathogenic
Q14353	K235T	0.4785	ambiguous
Q14353	K235V	0.5433	ambiguous
Q14353	K235W	0.9213	pathogenic
Q14353	K235Y	0.857	pathogenic
Q14353	G236A	0.0856	benign
Q14353	G236C	0.178	benign
Q14353	G236D	0.0807	benign
Q14353	G236E	0.1114	benign
Q14353	G236F	0.3751	ambiguous
Q14353	G236H	0.2695	benign
Q14353	G236I	0.3435	ambiguous
Q14353	G236K	0.4462	ambiguous
Q14353	G236L	0.2802	benign
Q14353	G236M	0.4045	ambiguous
Q14353	G236N	0.1232	benign
Q14353	G236P	0.297	benign
Q14353	G236Q	0.2476	benign
Q14353	G236R	0.3138	benign
Q14353	G236S	0.0651	benign
Q14353	G236T	0.1698	benign
Q14353	G236V	0.1972	benign
Q14353	G236W	0.2118	benign
Q14353	G236Y	0.2995	benign
