Q9Y243	M1A	0.4719	ambiguous
Q9Y243	M1C	0.3367	benign
Q9Y243	M1D	0.8175	pathogenic
Q9Y243	M1E	0.6744	pathogenic
Q9Y243	M1F	0.2517	benign
Q9Y243	M1G	0.5678	pathogenic
Q9Y243	M1H	0.6561	pathogenic
Q9Y243	M1I	0.4732	ambiguous
Q9Y243	M1K	0.5633	ambiguous
Q9Y243	M1L	0.1709	benign
Q9Y243	M1N	0.6062	pathogenic
Q9Y243	M1P	0.6387	pathogenic
Q9Y243	M1Q	0.3666	ambiguous
Q9Y243	M1R	0.5393	ambiguous
Q9Y243	M1S	0.4368	ambiguous
Q9Y243	M1T	0.4846	ambiguous
Q9Y243	M1V	0.1088	benign
Q9Y243	M1W	0.6519	pathogenic
Q9Y243	M1Y	0.554	ambiguous
Q9Y243	S2A	0.0906	benign
Q9Y243	S2C	0.1461	benign
Q9Y243	S2D	0.2008	benign
Q9Y243	S2E	0.2881	benign
Q9Y243	S2F	0.3805	ambiguous
Q9Y243	S2G	0.0812	benign
Q9Y243	S2H	0.3502	ambiguous
Q9Y243	S2I	0.3194	benign
Q9Y243	S2K	0.5555	ambiguous
Q9Y243	S2L	0.2342	benign
Q9Y243	S2M	0.2983	benign
Q9Y243	S2N	0.0793	benign
Q9Y243	S2P	0.1572	benign
Q9Y243	S2Q	0.3693	ambiguous
Q9Y243	S2R	0.5373	ambiguous
Q9Y243	S2T	0.0763	benign
Q9Y243	S2V	0.2788	benign
Q9Y243	S2W	0.5496	ambiguous
Q9Y243	S2Y	0.3186	benign
Q9Y243	D3A	0.2166	benign
Q9Y243	D3C	0.6394	pathogenic
Q9Y243	D3E	0.0996	benign
Q9Y243	D3F	0.7207	pathogenic
Q9Y243	D3G	0.19	benign
Q9Y243	D3H	0.4207	ambiguous
Q9Y243	D3I	0.5876	pathogenic
Q9Y243	D3K	0.5424	ambiguous
Q9Y243	D3L	0.5781	pathogenic
Q9Y243	D3M	0.7681	pathogenic
Q9Y243	D3N	0.1806	benign
Q9Y243	D3P	0.5153	ambiguous
Q9Y243	D3Q	0.3655	ambiguous
Q9Y243	D3R	0.5305	ambiguous
Q9Y243	D3S	0.1803	benign
Q9Y243	D3T	0.2779	benign
Q9Y243	D3V	0.3649	ambiguous
Q9Y243	D3W	0.9081	pathogenic
Q9Y243	D3Y	0.4445	ambiguous
Q9Y243	V4A	0.1569	benign
Q9Y243	V4C	0.5517	ambiguous
Q9Y243	V4D	0.2142	benign
Q9Y243	V4E	0.206	benign
Q9Y243	V4F	0.202	benign
Q9Y243	V4G	0.1595	benign
Q9Y243	V4H	0.5261	ambiguous
Q9Y243	V4I	0.1011	benign
Q9Y243	V4K	0.4249	ambiguous
Q9Y243	V4L	0.2219	benign
Q9Y243	V4M	0.268	benign
Q9Y243	V4N	0.2021	benign
Q9Y243	V4P	0.3481	ambiguous
Q9Y243	V4Q	0.2591	benign
Q9Y243	V4R	0.3876	ambiguous
Q9Y243	V4S	0.1787	benign
Q9Y243	V4T	0.1899	benign
Q9Y243	V4W	0.8129	pathogenic
Q9Y243	V4Y	0.4877	ambiguous
Q9Y243	T5A	0.0619	benign
Q9Y243	T5C	0.2222	benign
Q9Y243	T5D	0.1868	benign
Q9Y243	T5E	0.1636	benign
Q9Y243	T5F	0.2311	benign
Q9Y243	T5G	0.1273	benign
Q9Y243	T5H	0.1797	benign
Q9Y243	T5I	0.1734	benign
Q9Y243	T5K	0.214	benign
Q9Y243	T5L	0.1442	benign
Q9Y243	T5M	0.1556	benign
Q9Y243	T5N	0.0905	benign
Q9Y243	T5P	0.1259	benign
Q9Y243	T5Q	0.1422	benign
Q9Y243	T5R	0.191	benign
Q9Y243	T5S	0.0745	benign
Q9Y243	T5V	0.1241	benign
Q9Y243	T5W	0.5672	pathogenic
Q9Y243	T5Y	0.2587	benign
Q9Y243	I6A	0.3681	ambiguous
Q9Y243	I6C	0.7502	pathogenic
Q9Y243	I6D	0.8724	pathogenic
Q9Y243	I6E	0.8053	pathogenic
Q9Y243	I6F	0.373	ambiguous
Q9Y243	I6G	0.7418	pathogenic
Q9Y243	I6H	0.8421	pathogenic
Q9Y243	I6K	0.7245	pathogenic
Q9Y243	I6L	0.1915	benign
Q9Y243	I6M	0.2679	benign
Q9Y243	I6N	0.682	pathogenic
Q9Y243	I6P	0.5791	pathogenic
Q9Y243	I6Q	0.7864	pathogenic
Q9Y243	I6R	0.616	pathogenic
Q9Y243	I6S	0.5347	ambiguous
Q9Y243	I6T	0.2004	benign
Q9Y243	I6V	0.0431	benign
Q9Y243	I6W	0.9067	pathogenic
Q9Y243	I6Y	0.7662	pathogenic
Q9Y243	V7A	0.7999	pathogenic
Q9Y243	V7C	0.9155	pathogenic
Q9Y243	V7D	0.9809	pathogenic
Q9Y243	V7E	0.8656	pathogenic
Q9Y243	V7F	0.707	pathogenic
Q9Y243	V7G	0.9179	pathogenic
Q9Y243	V7H	0.9692	pathogenic
Q9Y243	V7I	0.1198	benign
Q9Y243	V7K	0.9164	pathogenic
Q9Y243	V7L	0.5454	ambiguous
Q9Y243	V7M	0.7754	pathogenic
Q9Y243	V7N	0.9769	pathogenic
Q9Y243	V7P	0.9887	pathogenic
Q9Y243	V7Q	0.8778	pathogenic
Q9Y243	V7R	0.8726	pathogenic
Q9Y243	V7S	0.9233	pathogenic
Q9Y243	V7T	0.7899	pathogenic
Q9Y243	V7W	0.9828	pathogenic
Q9Y243	V7Y	0.9344	pathogenic
Q9Y243	K8A	0.9526	pathogenic
Q9Y243	K8C	0.9417	pathogenic
Q9Y243	K8D	0.9947	pathogenic
Q9Y243	K8E	0.9387	pathogenic
Q9Y243	K8F	0.98	pathogenic
Q9Y243	K8G	0.9682	pathogenic
Q9Y243	K8H	0.8146	pathogenic
Q9Y243	K8I	0.9636	pathogenic
Q9Y243	K8L	0.9053	pathogenic
Q9Y243	K8M	0.924	pathogenic
Q9Y243	K8N	0.9878	pathogenic
Q9Y243	K8P	0.9977	pathogenic
Q9Y243	K8Q	0.7771	pathogenic
Q9Y243	K8R	0.1081	benign
Q9Y243	K8S	0.9828	pathogenic
Q9Y243	K8T	0.9461	pathogenic
Q9Y243	K8V	0.917	pathogenic
Q9Y243	K8W	0.9806	pathogenic
Q9Y243	K8Y	0.9343	pathogenic
Q9Y243	E9A	0.4789	ambiguous
Q9Y243	E9C	0.9643	pathogenic
Q9Y243	E9D	0.8563	pathogenic
Q9Y243	E9F	0.994	pathogenic
Q9Y243	E9G	0.7741	pathogenic
Q9Y243	E9H	0.9548	pathogenic
Q9Y243	E9I	0.9453	pathogenic
Q9Y243	E9K	0.876	pathogenic
Q9Y243	E9L	0.9798	pathogenic
Q9Y243	E9M	0.9545	pathogenic
Q9Y243	E9N	0.9498	pathogenic
Q9Y243	E9P	0.9987	pathogenic
Q9Y243	E9Q	0.381	ambiguous
Q9Y243	E9R	0.8812	pathogenic
Q9Y243	E9S	0.685	pathogenic
Q9Y243	E9T	0.7449	pathogenic
Q9Y243	E9V	0.7843	pathogenic
Q9Y243	E9W	0.9973	pathogenic
Q9Y243	E9Y	0.9857	pathogenic
Q9Y243	G10A	0.9841	pathogenic
Q9Y243	G10C	0.9988	pathogenic
Q9Y243	G10D	0.9973	pathogenic
Q9Y243	G10E	0.999	pathogenic
Q9Y243	G10F	0.9993	pathogenic
Q9Y243	G10H	0.9999	pathogenic
Q9Y243	G10I	0.9996	pathogenic
Q9Y243	G10K	0.9997	pathogenic
Q9Y243	G10L	0.9995	pathogenic
Q9Y243	G10M	0.9998	pathogenic
Q9Y243	G10N	0.9993	pathogenic
Q9Y243	G10P	1.0	pathogenic
Q9Y243	G10Q	0.9996	pathogenic
Q9Y243	G10R	0.9994	pathogenic
Q9Y243	G10S	0.9944	pathogenic
Q9Y243	G10T	0.9985	pathogenic
Q9Y243	G10V	0.9991	pathogenic
Q9Y243	G10W	0.9995	pathogenic
Q9Y243	G10Y	0.9994	pathogenic
Q9Y243	W11A	0.9796	pathogenic
Q9Y243	W11C	0.9956	pathogenic
Q9Y243	W11D	0.9962	pathogenic
Q9Y243	W11E	0.9966	pathogenic
Q9Y243	W11F	0.464	ambiguous
Q9Y243	W11G	0.9667	pathogenic
Q9Y243	W11H	0.9909	pathogenic
Q9Y243	W11I	0.9772	pathogenic
Q9Y243	W11K	0.9988	pathogenic
Q9Y243	W11L	0.9481	pathogenic
Q9Y243	W11M	0.9812	pathogenic
Q9Y243	W11N	0.9961	pathogenic
Q9Y243	W11P	0.9878	pathogenic
Q9Y243	W11Q	0.9987	pathogenic
Q9Y243	W11R	0.9978	pathogenic
Q9Y243	W11S	0.9852	pathogenic
Q9Y243	W11T	0.9856	pathogenic
Q9Y243	W11V	0.9678	pathogenic
Q9Y243	W11Y	0.8029	pathogenic
Q9Y243	V12A	0.9523	pathogenic
Q9Y243	V12C	0.9437	pathogenic
Q9Y243	V12D	0.9992	pathogenic
Q9Y243	V12E	0.9968	pathogenic
Q9Y243	V12F	0.9553	pathogenic
Q9Y243	V12G	0.9151	pathogenic
Q9Y243	V12H	0.9992	pathogenic
Q9Y243	V12I	0.2289	benign
Q9Y243	V12K	0.9966	pathogenic
Q9Y243	V12L	0.2067	benign
Q9Y243	V12M	0.8989	pathogenic
Q9Y243	V12N	0.9968	pathogenic
Q9Y243	V12P	0.9976	pathogenic
Q9Y243	V12Q	0.9957	pathogenic
Q9Y243	V12R	0.9911	pathogenic
Q9Y243	V12S	0.9935	pathogenic
Q9Y243	V12T	0.9782	pathogenic
Q9Y243	V12W	0.9989	pathogenic
Q9Y243	V12Y	0.9959	pathogenic
Q9Y243	Q13A	0.3967	ambiguous
Q9Y243	Q13C	0.6091	pathogenic
Q9Y243	Q13D	0.8534	pathogenic
Q9Y243	Q13E	0.2739	benign
Q9Y243	Q13F	0.4065	ambiguous
Q9Y243	Q13G	0.4925	ambiguous
Q9Y243	Q13H	0.2282	benign
Q9Y243	Q13I	0.7351	pathogenic
Q9Y243	Q13K	0.4418	ambiguous
Q9Y243	Q13L	0.1558	benign
Q9Y243	Q13M	0.3805	ambiguous
Q9Y243	Q13N	0.4032	ambiguous
Q9Y243	Q13P	0.9411	pathogenic
Q9Y243	Q13R	0.372	ambiguous
Q9Y243	Q13S	0.34	benign
Q9Y243	Q13T	0.5661	pathogenic
Q9Y243	Q13V	0.5527	ambiguous
Q9Y243	Q13W	0.578	pathogenic
Q9Y243	Q13Y	0.3508	ambiguous
Q9Y243	K14A	0.9975	pathogenic
Q9Y243	K14C	0.9991	pathogenic
Q9Y243	K14D	0.9991	pathogenic
Q9Y243	K14E	0.9984	pathogenic
Q9Y243	K14F	0.9995	pathogenic
Q9Y243	K14G	0.9933	pathogenic
Q9Y243	K14H	0.9978	pathogenic
Q9Y243	K14I	0.9983	pathogenic
Q9Y243	K14L	0.9978	pathogenic
Q9Y243	K14M	0.9982	pathogenic
Q9Y243	K14N	0.9997	pathogenic
Q9Y243	K14P	0.9987	pathogenic
Q9Y243	K14Q	0.998	pathogenic
Q9Y243	K14R	0.9084	pathogenic
Q9Y243	K14S	0.9994	pathogenic
Q9Y243	K14T	0.9971	pathogenic
Q9Y243	K14V	0.9961	pathogenic
Q9Y243	K14W	0.9994	pathogenic
Q9Y243	K14Y	0.9974	pathogenic
Q9Y243	R15A	0.9969	pathogenic
Q9Y243	R15C	0.9974	pathogenic
Q9Y243	R15D	0.9993	pathogenic
Q9Y243	R15E	0.9948	pathogenic
Q9Y243	R15F	0.9995	pathogenic
Q9Y243	R15G	0.9947	pathogenic
Q9Y243	R15H	0.9949	pathogenic
Q9Y243	R15I	0.9985	pathogenic
Q9Y243	R15K	0.8733	pathogenic
Q9Y243	R15L	0.9951	pathogenic
Q9Y243	R15M	0.9993	pathogenic
Q9Y243	R15N	0.9995	pathogenic
Q9Y243	R15P	0.9995	pathogenic
Q9Y243	R15Q	0.9822	pathogenic
Q9Y243	R15S	0.9995	pathogenic
Q9Y243	R15T	0.9993	pathogenic
Q9Y243	R15V	0.9974	pathogenic
Q9Y243	R15W	0.9977	pathogenic
Q9Y243	R15Y	0.9983	pathogenic
Q9Y243	G16A	0.997	pathogenic
Q9Y243	G16C	0.9995	pathogenic
Q9Y243	G16D	0.9996	pathogenic
Q9Y243	G16E	0.9997	pathogenic
Q9Y243	G16F	0.9997	pathogenic
Q9Y243	G16H	1.0	pathogenic
Q9Y243	G16I	0.9999	pathogenic
Q9Y243	G16K	0.9999	pathogenic
Q9Y243	G16L	0.9998	pathogenic
Q9Y243	G16M	0.9999	pathogenic
Q9Y243	G16N	0.9999	pathogenic
Q9Y243	G16P	0.9999	pathogenic
Q9Y243	G16Q	0.9999	pathogenic
Q9Y243	G16R	0.9998	pathogenic
Q9Y243	G16S	0.9989	pathogenic
Q9Y243	G16T	0.9995	pathogenic
Q9Y243	G16V	0.9996	pathogenic
Q9Y243	G16W	0.9995	pathogenic
Q9Y243	G16Y	0.9998	pathogenic
Q9Y243	E17A	0.9941	pathogenic
Q9Y243	E17C	0.9994	pathogenic
Q9Y243	E17D	0.9887	pathogenic
Q9Y243	E17F	0.9994	pathogenic
Q9Y243	E17G	0.9929	pathogenic
Q9Y243	E17H	0.9995	pathogenic
Q9Y243	E17I	0.9991	pathogenic
Q9Y243	E17K	0.9979	pathogenic
Q9Y243	E17L	0.9994	pathogenic
Q9Y243	E17M	0.9992	pathogenic
Q9Y243	E17N	0.9978	pathogenic
Q9Y243	E17P	0.9978	pathogenic
Q9Y243	E17Q	0.9906	pathogenic
Q9Y243	E17R	0.9952	pathogenic
Q9Y243	E17S	0.9963	pathogenic
Q9Y243	E17T	0.9986	pathogenic
Q9Y243	E17V	0.998	pathogenic
Q9Y243	E17W	0.9998	pathogenic
Q9Y243	E17Y	0.9991	pathogenic
Q9Y243	Y18A	0.9949	pathogenic
Q9Y243	Y18C	0.9836	pathogenic
Q9Y243	Y18D	0.9886	pathogenic
Q9Y243	Y18E	0.998	pathogenic
Q9Y243	Y18F	0.4959	ambiguous
Q9Y243	Y18G	0.9799	pathogenic
Q9Y243	Y18H	0.9684	pathogenic
Q9Y243	Y18I	0.9861	pathogenic
Q9Y243	Y18K	0.9981	pathogenic
Q9Y243	Y18L	0.9697	pathogenic
Q9Y243	Y18M	0.9906	pathogenic
Q9Y243	Y18N	0.9657	pathogenic
Q9Y243	Y18P	0.9976	pathogenic
Q9Y243	Y18Q	0.9987	pathogenic
Q9Y243	Y18R	0.9954	pathogenic
Q9Y243	Y18S	0.9885	pathogenic
Q9Y243	Y18T	0.9946	pathogenic
Q9Y243	Y18V	0.9643	pathogenic
Q9Y243	Y18W	0.9319	pathogenic
Q9Y243	I19A	0.9964	pathogenic
Q9Y243	I19C	0.9993	pathogenic
Q9Y243	I19D	0.9998	pathogenic
Q9Y243	I19E	0.9993	pathogenic
Q9Y243	I19F	0.9565	pathogenic
Q9Y243	I19G	0.9994	pathogenic
Q9Y243	I19H	0.9993	pathogenic
Q9Y243	I19K	0.9985	pathogenic
Q9Y243	I19L	0.827	pathogenic
Q9Y243	I19M	0.9414	pathogenic
Q9Y243	I19N	0.9984	pathogenic
Q9Y243	I19P	0.9964	pathogenic
Q9Y243	I19Q	0.9976	pathogenic
Q9Y243	I19R	0.992	pathogenic
Q9Y243	I19S	0.9969	pathogenic
Q9Y243	I19T	0.9979	pathogenic
Q9Y243	I19V	0.8754	pathogenic
Q9Y243	I19W	0.9947	pathogenic
Q9Y243	I19Y	0.9935	pathogenic
Q9Y243	K20A	0.9891	pathogenic
Q9Y243	K20C	0.9907	pathogenic
Q9Y243	K20D	0.9983	pathogenic
Q9Y243	K20E	0.9959	pathogenic
Q9Y243	K20F	0.9987	pathogenic
Q9Y243	K20G	0.9851	pathogenic
Q9Y243	K20H	0.9625	pathogenic
Q9Y243	K20I	0.9955	pathogenic
Q9Y243	K20L	0.9881	pathogenic
Q9Y243	K20M	0.9909	pathogenic
Q9Y243	K20N	0.9969	pathogenic
Q9Y243	K20P	0.9865	pathogenic
Q9Y243	K20Q	0.937	pathogenic
Q9Y243	K20R	0.1775	benign
Q9Y243	K20S	0.9937	pathogenic
Q9Y243	K20T	0.9803	pathogenic
Q9Y243	K20V	0.9887	pathogenic
Q9Y243	K20W	0.9962	pathogenic
Q9Y243	K20Y	0.9945	pathogenic
Q9Y243	N21A	0.9094	pathogenic
Q9Y243	N21C	0.9293	pathogenic
Q9Y243	N21D	0.9775	pathogenic
Q9Y243	N21E	0.992	pathogenic
Q9Y243	N21F	0.981	pathogenic
Q9Y243	N21G	0.9233	pathogenic
Q9Y243	N21H	0.8864	pathogenic
Q9Y243	N21I	0.9225	pathogenic
Q9Y243	N21K	0.993	pathogenic
Q9Y243	N21L	0.8708	pathogenic
Q9Y243	N21M	0.8967	pathogenic
Q9Y243	N21P	0.9862	pathogenic
Q9Y243	N21Q	0.9727	pathogenic
Q9Y243	N21R	0.9883	pathogenic
Q9Y243	N21S	0.6353	pathogenic
Q9Y243	N21T	0.236	benign
Q9Y243	N21V	0.8522	pathogenic
Q9Y243	N21W	0.996	pathogenic
Q9Y243	N21Y	0.9064	pathogenic
Q9Y243	W22A	0.9997	pathogenic
Q9Y243	W22C	0.9999	pathogenic
Q9Y243	W22D	0.9999	pathogenic
Q9Y243	W22E	0.9999	pathogenic
Q9Y243	W22F	0.9366	pathogenic
Q9Y243	W22G	0.9984	pathogenic
Q9Y243	W22H	0.9996	pathogenic
Q9Y243	W22I	0.9996	pathogenic
Q9Y243	W22K	1.0	pathogenic
Q9Y243	W22L	0.9985	pathogenic
Q9Y243	W22M	0.9998	pathogenic
Q9Y243	W22N	0.9999	pathogenic
Q9Y243	W22P	0.9997	pathogenic
Q9Y243	W22Q	1.0	pathogenic
Q9Y243	W22R	1.0	pathogenic
Q9Y243	W22S	0.9995	pathogenic
Q9Y243	W22T	0.9998	pathogenic
Q9Y243	W22V	0.9996	pathogenic
Q9Y243	W22Y	0.9806	pathogenic
Q9Y243	R23A	0.9995	pathogenic
Q9Y243	R23C	0.9982	pathogenic
Q9Y243	R23D	0.9996	pathogenic
Q9Y243	R23E	0.9972	pathogenic
Q9Y243	R23F	0.9992	pathogenic
Q9Y243	R23G	0.9983	pathogenic
Q9Y243	R23H	0.993	pathogenic
Q9Y243	R23I	0.9988	pathogenic
Q9Y243	R23K	0.9801	pathogenic
Q9Y243	R23L	0.9975	pathogenic
Q9Y243	R23M	0.9998	pathogenic
Q9Y243	R23N	0.9994	pathogenic
Q9Y243	R23P	0.9993	pathogenic
Q9Y243	R23Q	0.9936	pathogenic
Q9Y243	R23S	0.9995	pathogenic
Q9Y243	R23T	0.9997	pathogenic
Q9Y243	R23V	0.9988	pathogenic
Q9Y243	R23W	0.9958	pathogenic
Q9Y243	R23Y	0.9973	pathogenic
Q9Y243	P24A	0.3154	benign
Q9Y243	P24C	0.9266	pathogenic
Q9Y243	P24D	0.8593	pathogenic
Q9Y243	P24E	0.7469	pathogenic
Q9Y243	P24F	0.9616	pathogenic
Q9Y243	P24G	0.7057	pathogenic
Q9Y243	P24H	0.7292	pathogenic
Q9Y243	P24I	0.9324	pathogenic
Q9Y243	P24K	0.804	pathogenic
Q9Y243	P24L	0.6599	pathogenic
Q9Y243	P24M	0.8752	pathogenic
Q9Y243	P24N	0.7481	pathogenic
Q9Y243	P24Q	0.5014	ambiguous
Q9Y243	P24R	0.6593	pathogenic
Q9Y243	P24S	0.4603	ambiguous
Q9Y243	P24T	0.6133	pathogenic
Q9Y243	P24V	0.8113	pathogenic
Q9Y243	P24W	0.9716	pathogenic
Q9Y243	P24Y	0.9318	pathogenic
Q9Y243	R25A	0.9985	pathogenic
Q9Y243	R25C	0.9972	pathogenic
Q9Y243	R25D	0.9996	pathogenic
Q9Y243	R25E	0.9971	pathogenic
Q9Y243	R25F	0.9997	pathogenic
Q9Y243	R25G	0.998	pathogenic
Q9Y243	R25H	0.9975	pathogenic
Q9Y243	R25I	0.9993	pathogenic
Q9Y243	R25K	0.9942	pathogenic
Q9Y243	R25L	0.998	pathogenic
Q9Y243	R25M	0.9999	pathogenic
Q9Y243	R25N	0.9997	pathogenic
Q9Y243	R25P	0.999	pathogenic
Q9Y243	R25Q	0.9973	pathogenic
Q9Y243	R25S	0.9995	pathogenic
Q9Y243	R25T	0.9996	pathogenic
Q9Y243	R25V	0.9988	pathogenic
Q9Y243	R25W	0.9975	pathogenic
Q9Y243	R25Y	0.9986	pathogenic
Q9Y243	Y26A	0.9988	pathogenic
Q9Y243	Y26C	0.9884	pathogenic
Q9Y243	Y26D	0.9996	pathogenic
Q9Y243	Y26E	0.9999	pathogenic
Q9Y243	Y26F	0.2976	benign
Q9Y243	Y26G	0.9972	pathogenic
Q9Y243	Y26H	0.989	pathogenic
Q9Y243	Y26I	0.9977	pathogenic
Q9Y243	Y26K	0.9998	pathogenic
Q9Y243	Y26L	0.9908	pathogenic
Q9Y243	Y26M	0.9985	pathogenic
Q9Y243	Y26N	0.9967	pathogenic
Q9Y243	Y26P	0.9995	pathogenic
Q9Y243	Y26Q	0.9998	pathogenic
Q9Y243	Y26R	0.9988	pathogenic
Q9Y243	Y26S	0.9971	pathogenic
Q9Y243	Y26T	0.9996	pathogenic
Q9Y243	Y26V	0.9947	pathogenic
Q9Y243	Y26W	0.7255	pathogenic
Q9Y243	F27A	0.9994	pathogenic
Q9Y243	F27C	0.9965	pathogenic
Q9Y243	F27D	1.0	pathogenic
Q9Y243	F27E	0.9999	pathogenic
Q9Y243	F27G	0.9995	pathogenic
Q9Y243	F27H	0.9987	pathogenic
Q9Y243	F27I	0.9965	pathogenic
Q9Y243	F27K	0.9999	pathogenic
Q9Y243	F27L	0.9996	pathogenic
Q9Y243	F27M	0.9976	pathogenic
Q9Y243	F27N	0.9998	pathogenic
Q9Y243	F27P	1.0	pathogenic
Q9Y243	F27Q	0.9996	pathogenic
Q9Y243	F27R	0.9993	pathogenic
Q9Y243	F27S	0.9997	pathogenic
Q9Y243	F27T	0.9997	pathogenic
Q9Y243	F27V	0.9959	pathogenic
Q9Y243	F27W	0.9914	pathogenic
Q9Y243	F27Y	0.9605	pathogenic
Q9Y243	L28A	0.6316	pathogenic
Q9Y243	L28C	0.5841	pathogenic
Q9Y243	L28D	0.9922	pathogenic
Q9Y243	L28E	0.8396	pathogenic
Q9Y243	L28F	0.3509	ambiguous
Q9Y243	L28G	0.9563	pathogenic
Q9Y243	L28H	0.6571	pathogenic
Q9Y243	L28I	0.0826	benign
Q9Y243	L28K	0.7021	pathogenic
Q9Y243	L28M	0.152	benign
Q9Y243	L28N	0.9256	pathogenic
Q9Y243	L28P	0.9984	pathogenic
Q9Y243	L28Q	0.4	ambiguous
Q9Y243	L28R	0.5693	pathogenic
Q9Y243	L28S	0.7905	pathogenic
Q9Y243	L28T	0.5584	ambiguous
Q9Y243	L28V	0.086	benign
Q9Y243	L28W	0.7191	pathogenic
Q9Y243	L28Y	0.701	pathogenic
Q9Y243	L29A	0.9968	pathogenic
Q9Y243	L29C	0.9937	pathogenic
Q9Y243	L29D	1.0	pathogenic
Q9Y243	L29E	0.9998	pathogenic
Q9Y243	L29F	0.9965	pathogenic
Q9Y243	L29G	0.9994	pathogenic
Q9Y243	L29H	0.9998	pathogenic
Q9Y243	L29I	0.8985	pathogenic
Q9Y243	L29K	0.9997	pathogenic
Q9Y243	L29M	0.9529	pathogenic
Q9Y243	L29N	0.9999	pathogenic
Q9Y243	L29P	0.9999	pathogenic
Q9Y243	L29Q	0.9996	pathogenic
Q9Y243	L29R	0.9991	pathogenic
Q9Y243	L29S	0.9999	pathogenic
Q9Y243	L29T	0.9993	pathogenic
Q9Y243	L29V	0.9289	pathogenic
Q9Y243	L29W	0.9998	pathogenic
Q9Y243	L29Y	0.9995	pathogenic
Q9Y243	K30A	0.9736	pathogenic
Q9Y243	K30C	0.9018	pathogenic
Q9Y243	K30D	0.9951	pathogenic
Q9Y243	K30E	0.9501	pathogenic
Q9Y243	K30F	0.9643	pathogenic
Q9Y243	K30G	0.9557	pathogenic
Q9Y243	K30H	0.6745	pathogenic
Q9Y243	K30I	0.9862	pathogenic
Q9Y243	K30L	0.8063	pathogenic
Q9Y243	K30M	0.8347	pathogenic
Q9Y243	K30N	0.976	pathogenic
Q9Y243	K30P	0.9983	pathogenic
Q9Y243	K30Q	0.5518	ambiguous
Q9Y243	K30R	0.1065	benign
Q9Y243	K30S	0.98	pathogenic
Q9Y243	K30T	0.9305	pathogenic
Q9Y243	K30V	0.9664	pathogenic
Q9Y243	K30W	0.9664	pathogenic
Q9Y243	K30Y	0.8835	pathogenic
Q9Y243	T31A	0.0899	benign
Q9Y243	T31C	0.4463	ambiguous
Q9Y243	T31D	0.2573	benign
Q9Y243	T31E	0.2824	benign
Q9Y243	T31F	0.6668	pathogenic
Q9Y243	T31G	0.1887	benign
Q9Y243	T31H	0.3398	benign
Q9Y243	T31I	0.6571	pathogenic
Q9Y243	T31K	0.4192	ambiguous
Q9Y243	T31L	0.3049	benign
Q9Y243	T31M	0.175	benign
Q9Y243	T31N	0.1173	benign
Q9Y243	T31P	0.5126	ambiguous
Q9Y243	T31Q	0.2681	benign
Q9Y243	T31R	0.3704	ambiguous
Q9Y243	T31S	0.0668	benign
Q9Y243	T31V	0.4419	ambiguous
Q9Y243	T31W	0.8132	pathogenic
Q9Y243	T31Y	0.5761	pathogenic
Q9Y243	D32A	0.9899	pathogenic
Q9Y243	D32C	0.9923	pathogenic
Q9Y243	D32E	0.987	pathogenic
Q9Y243	D32F	0.9995	pathogenic
Q9Y243	D32G	0.9671	pathogenic
Q9Y243	D32H	0.9967	pathogenic
Q9Y243	D32I	0.9984	pathogenic
Q9Y243	D32K	0.9989	pathogenic
Q9Y243	D32L	0.9975	pathogenic
Q9Y243	D32M	0.9988	pathogenic
Q9Y243	D32N	0.5393	ambiguous
Q9Y243	D32P	0.9978	pathogenic
Q9Y243	D32Q	0.9979	pathogenic
Q9Y243	D32R	0.9982	pathogenic
Q9Y243	D32S	0.9156	pathogenic
Q9Y243	D32T	0.9534	pathogenic
Q9Y243	D32V	0.9933	pathogenic
Q9Y243	D32W	0.9998	pathogenic
Q9Y243	D32Y	0.9957	pathogenic
Q9Y243	G33A	0.9952	pathogenic
Q9Y243	G33C	0.999	pathogenic
Q9Y243	G33D	0.9998	pathogenic
Q9Y243	G33E	0.9998	pathogenic
Q9Y243	G33F	0.9999	pathogenic
Q9Y243	G33H	0.9999	pathogenic
Q9Y243	G33I	0.9999	pathogenic
Q9Y243	G33K	0.9999	pathogenic
Q9Y243	G33L	0.9998	pathogenic
Q9Y243	G33M	0.9999	pathogenic
Q9Y243	G33N	0.9998	pathogenic
Q9Y243	G33P	1.0	pathogenic
Q9Y243	G33Q	0.9998	pathogenic
Q9Y243	G33R	0.9996	pathogenic
Q9Y243	G33S	0.9964	pathogenic
Q9Y243	G33T	0.9995	pathogenic
Q9Y243	G33V	0.9998	pathogenic
Q9Y243	G33W	0.9998	pathogenic
Q9Y243	G33Y	0.9998	pathogenic
Q9Y243	S34A	0.2502	benign
Q9Y243	S34C	0.4162	ambiguous
Q9Y243	S34D	0.9498	pathogenic
Q9Y243	S34E	0.9327	pathogenic
Q9Y243	S34F	0.8634	pathogenic
Q9Y243	S34G	0.3962	ambiguous
Q9Y243	S34H	0.8565	pathogenic
Q9Y243	S34I	0.8789	pathogenic
Q9Y243	S34K	0.9841	pathogenic
Q9Y243	S34L	0.5775	pathogenic
Q9Y243	S34M	0.6104	pathogenic
Q9Y243	S34N	0.6816	pathogenic
Q9Y243	S34P	0.9984	pathogenic
Q9Y243	S34Q	0.8511	pathogenic
Q9Y243	S34R	0.9676	pathogenic
Q9Y243	S34T	0.1278	benign
Q9Y243	S34V	0.792	pathogenic
Q9Y243	S34W	0.9148	pathogenic
Q9Y243	S34Y	0.8084	pathogenic
Q9Y243	F35A	0.9982	pathogenic
Q9Y243	F35C	0.9942	pathogenic
Q9Y243	F35D	0.9999	pathogenic
Q9Y243	F35E	0.9999	pathogenic
Q9Y243	F35G	0.9992	pathogenic
Q9Y243	F35H	0.9996	pathogenic
Q9Y243	F35I	0.9809	pathogenic
Q9Y243	F35K	0.9999	pathogenic
Q9Y243	F35L	0.9855	pathogenic
Q9Y243	F35M	0.9835	pathogenic
Q9Y243	F35N	0.9998	pathogenic
Q9Y243	F35P	1.0	pathogenic
Q9Y243	F35Q	0.9998	pathogenic
Q9Y243	F35R	0.9995	pathogenic
Q9Y243	F35S	0.9997	pathogenic
Q9Y243	F35T	0.9996	pathogenic
Q9Y243	F35V	0.978	pathogenic
Q9Y243	F35W	0.9902	pathogenic
Q9Y243	F35Y	0.9691	pathogenic
Q9Y243	I36A	0.6278	pathogenic
Q9Y243	I36C	0.8324	pathogenic
Q9Y243	I36D	0.99	pathogenic
Q9Y243	I36E	0.9488	pathogenic
Q9Y243	I36F	0.4249	ambiguous
Q9Y243	I36G	0.9554	pathogenic
Q9Y243	I36H	0.9179	pathogenic
Q9Y243	I36K	0.9163	pathogenic
Q9Y243	I36L	0.1735	benign
Q9Y243	I36M	0.2192	benign
Q9Y243	I36N	0.9165	pathogenic
Q9Y243	I36P	0.9931	pathogenic
Q9Y243	I36Q	0.8715	pathogenic
Q9Y243	I36R	0.8132	pathogenic
Q9Y243	I36S	0.7596	pathogenic
Q9Y243	I36T	0.3628	ambiguous
Q9Y243	I36V	0.0891	benign
Q9Y243	I36W	0.9219	pathogenic
Q9Y243	I36Y	0.8439	pathogenic
Q9Y243	G37A	0.9882	pathogenic
Q9Y243	G37C	0.9983	pathogenic
Q9Y243	G37D	0.9999	pathogenic
Q9Y243	G37E	0.9999	pathogenic
Q9Y243	G37F	0.9994	pathogenic
Q9Y243	G37H	1.0	pathogenic
Q9Y243	G37I	0.9993	pathogenic
Q9Y243	G37K	1.0	pathogenic
Q9Y243	G37L	0.9995	pathogenic
Q9Y243	G37M	0.9999	pathogenic
Q9Y243	G37N	0.9999	pathogenic
Q9Y243	G37P	0.9999	pathogenic
Q9Y243	G37Q	0.9999	pathogenic
Q9Y243	G37R	0.9998	pathogenic
Q9Y243	G37S	0.9964	pathogenic
Q9Y243	G37T	0.9985	pathogenic
Q9Y243	G37V	0.9989	pathogenic
Q9Y243	G37W	0.9997	pathogenic
Q9Y243	G37Y	0.9997	pathogenic
Q9Y243	Y38A	0.9982	pathogenic
Q9Y243	Y38C	0.9234	pathogenic
Q9Y243	Y38D	0.9988	pathogenic
Q9Y243	Y38E	0.9995	pathogenic
Q9Y243	Y38F	0.1332	benign
Q9Y243	Y38G	0.9887	pathogenic
Q9Y243	Y38H	0.9797	pathogenic
Q9Y243	Y38I	0.9934	pathogenic
Q9Y243	Y38K	0.9992	pathogenic
Q9Y243	Y38L	0.9819	pathogenic
Q9Y243	Y38M	0.9935	pathogenic
Q9Y243	Y38N	0.993	pathogenic
Q9Y243	Y38P	0.9996	pathogenic
Q9Y243	Y38Q	0.9991	pathogenic
Q9Y243	Y38R	0.9962	pathogenic
Q9Y243	Y38S	0.9932	pathogenic
Q9Y243	Y38T	0.9984	pathogenic
Q9Y243	Y38V	0.9862	pathogenic
Q9Y243	Y38W	0.7342	pathogenic
Q9Y243	K39A	0.991	pathogenic
Q9Y243	K39C	0.9973	pathogenic
Q9Y243	K39D	0.9979	pathogenic
Q9Y243	K39E	0.993	pathogenic
Q9Y243	K39F	0.9992	pathogenic
Q9Y243	K39G	0.9885	pathogenic
Q9Y243	K39H	0.9838	pathogenic
Q9Y243	K39I	0.9966	pathogenic
Q9Y243	K39L	0.9898	pathogenic
Q9Y243	K39M	0.9933	pathogenic
Q9Y243	K39N	0.9983	pathogenic
Q9Y243	K39P	0.9897	pathogenic
Q9Y243	K39Q	0.9631	pathogenic
Q9Y243	K39R	0.1906	benign
Q9Y243	K39S	0.9962	pathogenic
Q9Y243	K39T	0.9884	pathogenic
Q9Y243	K39V	0.9917	pathogenic
Q9Y243	K39W	0.9977	pathogenic
Q9Y243	K39Y	0.9964	pathogenic
Q9Y243	E40A	0.6815	pathogenic
Q9Y243	E40C	0.9587	pathogenic
Q9Y243	E40D	0.1246	benign
Q9Y243	E40F	0.9656	pathogenic
Q9Y243	E40G	0.5713	pathogenic
Q9Y243	E40H	0.8999	pathogenic
Q9Y243	E40I	0.8754	pathogenic
Q9Y243	E40K	0.8296	pathogenic
Q9Y243	E40L	0.8816	pathogenic
Q9Y243	E40M	0.9033	pathogenic
Q9Y243	E40N	0.5912	pathogenic
Q9Y243	E40P	0.989	pathogenic
Q9Y243	E40Q	0.5576	ambiguous
Q9Y243	E40R	0.857	pathogenic
Q9Y243	E40S	0.6451	pathogenic
Q9Y243	E40T	0.7233	pathogenic
Q9Y243	E40V	0.7162	pathogenic
Q9Y243	E40W	0.9885	pathogenic
Q9Y243	E40Y	0.9294	pathogenic
Q9Y243	K41A	0.7268	pathogenic
Q9Y243	K41C	0.844	pathogenic
Q9Y243	K41D	0.9428	pathogenic
Q9Y243	K41E	0.5569	ambiguous
Q9Y243	K41F	0.9457	pathogenic
Q9Y243	K41G	0.8803	pathogenic
Q9Y243	K41H	0.664	pathogenic
Q9Y243	K41I	0.6148	pathogenic
Q9Y243	K41L	0.6097	pathogenic
Q9Y243	K41M	0.5106	ambiguous
Q9Y243	K41N	0.8996	pathogenic
Q9Y243	K41P	0.6665	pathogenic
Q9Y243	K41Q	0.2689	benign
Q9Y243	K41R	0.0873	benign
Q9Y243	K41S	0.8903	pathogenic
Q9Y243	K41T	0.6902	pathogenic
Q9Y243	K41V	0.5862	pathogenic
Q9Y243	K41W	0.9314	pathogenic
Q9Y243	K41Y	0.8757	pathogenic
Q9Y243	P42A	0.859	pathogenic
Q9Y243	P42C	0.9889	pathogenic
Q9Y243	P42D	0.9915	pathogenic
Q9Y243	P42E	0.9831	pathogenic
Q9Y243	P42F	0.9949	pathogenic
Q9Y243	P42G	0.9624	pathogenic
Q9Y243	P42H	0.9823	pathogenic
Q9Y243	P42I	0.9433	pathogenic
Q9Y243	P42K	0.9879	pathogenic
Q9Y243	P42L	0.8984	pathogenic
Q9Y243	P42M	0.9731	pathogenic
Q9Y243	P42N	0.988	pathogenic
Q9Y243	P42Q	0.9759	pathogenic
Q9Y243	P42R	0.9717	pathogenic
Q9Y243	P42S	0.9716	pathogenic
Q9Y243	P42T	0.944	pathogenic
Q9Y243	P42V	0.8811	pathogenic
Q9Y243	P42W	0.9974	pathogenic
Q9Y243	P42Y	0.9938	pathogenic
Q9Y243	Q43A	0.108	benign
Q9Y243	Q43C	0.4603	ambiguous
Q9Y243	Q43D	0.2325	benign
Q9Y243	Q43E	0.085	benign
Q9Y243	Q43F	0.5546	ambiguous
Q9Y243	Q43G	0.1593	benign
Q9Y243	Q43H	0.1609	benign
Q9Y243	Q43I	0.2333	benign
Q9Y243	Q43K	0.1072	benign
Q9Y243	Q43L	0.108	benign
Q9Y243	Q43M	0.238	benign
Q9Y243	Q43N	0.1669	benign
Q9Y243	Q43P	0.0987	benign
Q9Y243	Q43R	0.133	benign
Q9Y243	Q43S	0.1206	benign
Q9Y243	Q43T	0.1103	benign
Q9Y243	Q43V	0.1429	benign
Q9Y243	Q43W	0.5774	pathogenic
Q9Y243	Q43Y	0.4318	ambiguous
Q9Y243	D44A	0.1891	benign
Q9Y243	D44C	0.572	pathogenic
Q9Y243	D44E	0.1181	benign
Q9Y243	D44F	0.6105	pathogenic
Q9Y243	D44G	0.1522	benign
Q9Y243	D44H	0.3419	ambiguous
Q9Y243	D44I	0.4116	ambiguous
Q9Y243	D44K	0.5037	ambiguous
Q9Y243	D44L	0.3946	ambiguous
Q9Y243	D44M	0.5458	ambiguous
Q9Y243	D44N	0.1256	benign
Q9Y243	D44P	0.559	ambiguous
Q9Y243	D44Q	0.3361	benign
Q9Y243	D44R	0.5281	ambiguous
Q9Y243	D44S	0.1564	benign
Q9Y243	D44T	0.2381	benign
Q9Y243	D44V	0.2449	benign
Q9Y243	D44W	0.8844	pathogenic
Q9Y243	D44Y	0.3646	ambiguous
Q9Y243	V45A	0.0679	benign
Q9Y243	V45C	0.3008	benign
Q9Y243	V45D	0.1446	benign
Q9Y243	V45E	0.1673	benign
Q9Y243	V45F	0.1276	benign
Q9Y243	V45G	0.0751	benign
Q9Y243	V45H	0.2359	benign
Q9Y243	V45I	0.0705	benign
Q9Y243	V45K	0.2108	benign
Q9Y243	V45L	0.0957	benign
Q9Y243	V45M	0.0892	benign
Q9Y243	V45N	0.0961	benign
Q9Y243	V45P	0.1533	benign
Q9Y243	V45Q	0.1563	benign
Q9Y243	V45R	0.2114	benign
Q9Y243	V45S	0.0753	benign
Q9Y243	V45T	0.0773	benign
Q9Y243	V45W	0.5379	ambiguous
Q9Y243	V45Y	0.3039	benign
Q9Y243	D46A	0.2572	benign
Q9Y243	D46C	0.65	pathogenic
Q9Y243	D46E	0.1213	benign
Q9Y243	D46F	0.6891	pathogenic
Q9Y243	D46G	0.2523	benign
Q9Y243	D46H	0.4074	ambiguous
Q9Y243	D46I	0.4714	ambiguous
Q9Y243	D46K	0.595	pathogenic
Q9Y243	D46L	0.4534	ambiguous
Q9Y243	D46M	0.6526	pathogenic
Q9Y243	D46N	0.1464	benign
Q9Y243	D46P	0.5833	pathogenic
Q9Y243	D46Q	0.3785	ambiguous
Q9Y243	D46R	0.6017	pathogenic
Q9Y243	D46S	0.1688	benign
Q9Y243	D46T	0.2934	benign
Q9Y243	D46V	0.3067	benign
Q9Y243	D46W	0.9249	pathogenic
Q9Y243	D46Y	0.4376	ambiguous
Q9Y243	L47A	0.1615	benign
Q9Y243	L47C	0.38	ambiguous
Q9Y243	L47D	0.5074	ambiguous
Q9Y243	L47E	0.3121	benign
Q9Y243	L47F	0.1176	benign
Q9Y243	L47G	0.3153	benign
Q9Y243	L47H	0.2096	benign
Q9Y243	L47I	0.0757	benign
Q9Y243	L47K	0.3389	benign
Q9Y243	L47M	0.094	benign
Q9Y243	L47N	0.2229	benign
Q9Y243	L47P	0.2335	benign
Q9Y243	L47Q	0.1478	benign
Q9Y243	L47R	0.2927	benign
Q9Y243	L47S	0.1734	benign
Q9Y243	L47T	0.1465	benign
Q9Y243	L47V	0.0743	benign
Q9Y243	L47W	0.3338	benign
Q9Y243	L47Y	0.3064	benign
Q9Y243	P48A	0.0777	benign
Q9Y243	P48C	0.3586	ambiguous
Q9Y243	P48D	0.3364	benign
Q9Y243	P48E	0.229	benign
Q9Y243	P48F	0.5272	ambiguous
Q9Y243	P48G	0.1954	benign
Q9Y243	P48H	0.2027	benign
Q9Y243	P48I	0.2894	benign
Q9Y243	P48K	0.365	ambiguous
Q9Y243	P48L	0.1447	benign
Q9Y243	P48M	0.3094	benign
Q9Y243	P48N	0.2202	benign
Q9Y243	P48Q	0.1369	benign
Q9Y243	P48R	0.2742	benign
Q9Y243	P48S	0.1067	benign
Q9Y243	P48T	0.1039	benign
Q9Y243	P48V	0.1896	benign
Q9Y243	P48W	0.6888	pathogenic
Q9Y243	P48Y	0.4821	ambiguous
Q9Y243	Y49A	0.1687	benign
Q9Y243	Y49C	0.0981	benign
Q9Y243	Y49D	0.1624	benign
Q9Y243	Y49E	0.3281	benign
Q9Y243	Y49F	0.069	benign
Q9Y243	Y49G	0.2131	benign
Q9Y243	Y49H	0.173	benign
Q9Y243	Y49I	0.2511	benign
Q9Y243	Y49K	0.5266	ambiguous
Q9Y243	Y49L	0.2061	benign
Q9Y243	Y49M	0.3364	benign
Q9Y243	Y49N	0.0993	benign
Q9Y243	Y49P	0.263	benign
Q9Y243	Y49Q	0.2708	benign
Q9Y243	Y49R	0.4213	ambiguous
Q9Y243	Y49S	0.0846	benign
Q9Y243	Y49T	0.1603	benign
Q9Y243	Y49V	0.152	benign
Q9Y243	Y49W	0.4145	ambiguous
Q9Y243	P50A	0.618	pathogenic
Q9Y243	P50C	0.9707	pathogenic
Q9Y243	P50D	0.9964	pathogenic
Q9Y243	P50E	0.9821	pathogenic
Q9Y243	P50F	0.9954	pathogenic
Q9Y243	P50G	0.962	pathogenic
Q9Y243	P50H	0.9785	pathogenic
Q9Y243	P50I	0.9682	pathogenic
Q9Y243	P50K	0.9796	pathogenic
Q9Y243	P50L	0.939	pathogenic
Q9Y243	P50M	0.9866	pathogenic
Q9Y243	P50N	0.9932	pathogenic
Q9Y243	P50Q	0.9525	pathogenic
Q9Y243	P50R	0.9382	pathogenic
Q9Y243	P50S	0.943	pathogenic
Q9Y243	P50T	0.9281	pathogenic
Q9Y243	P50V	0.9055	pathogenic
Q9Y243	P50W	0.998	pathogenic
Q9Y243	P50Y	0.9946	pathogenic
Q9Y243	L51A	0.934	pathogenic
Q9Y243	L51C	0.9835	pathogenic
Q9Y243	L51D	0.9984	pathogenic
Q9Y243	L51E	0.9888	pathogenic
Q9Y243	L51F	0.9697	pathogenic
Q9Y243	L51G	0.9888	pathogenic
Q9Y243	L51H	0.9926	pathogenic
Q9Y243	L51I	0.6757	pathogenic
Q9Y243	L51K	0.9874	pathogenic
Q9Y243	L51M	0.7201	pathogenic
Q9Y243	L51N	0.9811	pathogenic
Q9Y243	L51P	0.9976	pathogenic
Q9Y243	L51Q	0.9664	pathogenic
Q9Y243	L51R	0.9769	pathogenic
Q9Y243	L51S	0.9844	pathogenic
Q9Y243	L51T	0.9628	pathogenic
Q9Y243	L51V	0.7282	pathogenic
Q9Y243	L51W	0.9917	pathogenic
Q9Y243	L51Y	0.9883	pathogenic
Q9Y243	N52A	0.9973	pathogenic
Q9Y243	N52C	0.9882	pathogenic
Q9Y243	N52D	0.9985	pathogenic
Q9Y243	N52E	0.9985	pathogenic
Q9Y243	N52F	0.9981	pathogenic
Q9Y243	N52G	0.9929	pathogenic
Q9Y243	N52H	0.9943	pathogenic
Q9Y243	N52I	0.9972	pathogenic
Q9Y243	N52K	0.9995	pathogenic
Q9Y243	N52L	0.9921	pathogenic
Q9Y243	N52M	0.9976	pathogenic
Q9Y243	N52P	0.9939	pathogenic
Q9Y243	N52Q	0.998	pathogenic
Q9Y243	N52R	0.9981	pathogenic
Q9Y243	N52S	0.9708	pathogenic
Q9Y243	N52T	0.9935	pathogenic
Q9Y243	N52V	0.9961	pathogenic
Q9Y243	N52W	0.9989	pathogenic
Q9Y243	N52Y	0.9913	pathogenic
Q9Y243	N53A	0.801	pathogenic
Q9Y243	N53C	0.6909	pathogenic
Q9Y243	N53D	0.6093	pathogenic
Q9Y243	N53E	0.9463	pathogenic
Q9Y243	N53F	0.9314	pathogenic
Q9Y243	N53G	0.8707	pathogenic
Q9Y243	N53H	0.4337	ambiguous
Q9Y243	N53I	0.8547	pathogenic
Q9Y243	N53K	0.9399	pathogenic
Q9Y243	N53L	0.7396	pathogenic
Q9Y243	N53M	0.8898	pathogenic
Q9Y243	N53P	0.9864	pathogenic
Q9Y243	N53Q	0.8702	pathogenic
Q9Y243	N53R	0.883	pathogenic
Q9Y243	N53S	0.2928	benign
Q9Y243	N53T	0.5816	pathogenic
Q9Y243	N53V	0.7807	pathogenic
Q9Y243	N53W	0.9811	pathogenic
Q9Y243	N53Y	0.6481	pathogenic
Q9Y243	F54A	0.9997	pathogenic
Q9Y243	F54C	0.9994	pathogenic
Q9Y243	F54D	0.9999	pathogenic
Q9Y243	F54E	0.9999	pathogenic
Q9Y243	F54G	0.9998	pathogenic
Q9Y243	F54H	0.999	pathogenic
Q9Y243	F54I	0.9969	pathogenic
Q9Y243	F54K	0.9998	pathogenic
Q9Y243	F54L	0.9998	pathogenic
Q9Y243	F54M	0.9992	pathogenic
Q9Y243	F54N	0.9998	pathogenic
Q9Y243	F54P	1.0	pathogenic
Q9Y243	F54Q	0.9998	pathogenic
Q9Y243	F54R	0.9994	pathogenic
Q9Y243	F54S	0.9998	pathogenic
Q9Y243	F54T	0.9998	pathogenic
Q9Y243	F54V	0.9971	pathogenic
Q9Y243	F54W	0.9933	pathogenic
Q9Y243	F54Y	0.9697	pathogenic
Q9Y243	S55A	0.4188	ambiguous
Q9Y243	S55C	0.4426	ambiguous
Q9Y243	S55D	0.9044	pathogenic
Q9Y243	S55E	0.9737	pathogenic
Q9Y243	S55F	0.9321	pathogenic
Q9Y243	S55G	0.5661	pathogenic
Q9Y243	S55H	0.8732	pathogenic
Q9Y243	S55I	0.8695	pathogenic
Q9Y243	S55K	0.992	pathogenic
Q9Y243	S55L	0.6484	pathogenic
Q9Y243	S55M	0.7436	pathogenic
Q9Y243	S55N	0.5613	ambiguous
Q9Y243	S55P	0.9845	pathogenic
Q9Y243	S55Q	0.9353	pathogenic
Q9Y243	S55R	0.9858	pathogenic
Q9Y243	S55T	0.2114	benign
Q9Y243	S55V	0.8133	pathogenic
Q9Y243	S55W	0.9528	pathogenic
Q9Y243	S55Y	0.8803	pathogenic
Q9Y243	V56A	0.9876	pathogenic
Q9Y243	V56C	0.9963	pathogenic
Q9Y243	V56D	0.9999	pathogenic
Q9Y243	V56E	0.9994	pathogenic
Q9Y243	V56F	0.996	pathogenic
Q9Y243	V56G	0.9952	pathogenic
Q9Y243	V56H	0.9999	pathogenic
Q9Y243	V56I	0.3329	benign
Q9Y243	V56K	0.9996	pathogenic
Q9Y243	V56L	0.9741	pathogenic
Q9Y243	V56M	0.9905	pathogenic
Q9Y243	V56N	0.9997	pathogenic
Q9Y243	V56P	0.997	pathogenic
Q9Y243	V56Q	0.9997	pathogenic
Q9Y243	V56R	0.9989	pathogenic
Q9Y243	V56S	0.9973	pathogenic
Q9Y243	V56T	0.9847	pathogenic
Q9Y243	V56W	1.0	pathogenic
Q9Y243	V56Y	0.9998	pathogenic
Q9Y243	A57C	0.8275	pathogenic
Q9Y243	A57D	0.7978	pathogenic
Q9Y243	A57E	0.5485	ambiguous
Q9Y243	A57F	0.81	pathogenic
Q9Y243	A57G	0.3132	benign
Q9Y243	A57H	0.8225	pathogenic
Q9Y243	A57I	0.8261	pathogenic
Q9Y243	A57K	0.8714	pathogenic
Q9Y243	A57L	0.5171	ambiguous
Q9Y243	A57M	0.6917	pathogenic
Q9Y243	A57N	0.7159	pathogenic
Q9Y243	A57P	0.9797	pathogenic
Q9Y243	A57Q	0.5311	ambiguous
Q9Y243	A57R	0.7792	pathogenic
Q9Y243	A57S	0.1704	benign
Q9Y243	A57T	0.461	ambiguous
Q9Y243	A57V	0.6218	pathogenic
Q9Y243	A57W	0.9698	pathogenic
Q9Y243	A57Y	0.8574	pathogenic
Q9Y243	K58A	0.6158	pathogenic
Q9Y243	K58C	0.8537	pathogenic
Q9Y243	K58D	0.6823	pathogenic
Q9Y243	K58E	0.3023	benign
Q9Y243	K58F	0.977	pathogenic
Q9Y243	K58G	0.53	ambiguous
Q9Y243	K58H	0.5627	ambiguous
Q9Y243	K58I	0.9297	pathogenic
Q9Y243	K58L	0.8254	pathogenic
Q9Y243	K58M	0.7495	pathogenic
Q9Y243	K58N	0.6604	pathogenic
Q9Y243	K58P	0.9396	pathogenic
Q9Y243	K58Q	0.1785	benign
Q9Y243	K58R	0.1272	benign
Q9Y243	K58S	0.6721	pathogenic
Q9Y243	K58T	0.5501	ambiguous
Q9Y243	K58V	0.8311	pathogenic
Q9Y243	K58W	0.9754	pathogenic
Q9Y243	K58Y	0.927	pathogenic
Q9Y243	C59A	0.9205	pathogenic
Q9Y243	C59D	0.9997	pathogenic
Q9Y243	C59E	0.9998	pathogenic
Q9Y243	C59F	0.9947	pathogenic
Q9Y243	C59G	0.9234	pathogenic
Q9Y243	C59H	0.9994	pathogenic
Q9Y243	C59I	0.9908	pathogenic
Q9Y243	C59K	0.9999	pathogenic
Q9Y243	C59L	0.9915	pathogenic
Q9Y243	C59M	0.992	pathogenic
Q9Y243	C59N	0.998	pathogenic
Q9Y243	C59P	0.9997	pathogenic
Q9Y243	C59Q	0.9995	pathogenic
Q9Y243	C59R	0.9994	pathogenic
Q9Y243	C59S	0.9344	pathogenic
Q9Y243	C59T	0.9715	pathogenic
Q9Y243	C59V	0.9481	pathogenic
Q9Y243	C59W	0.9993	pathogenic
Q9Y243	C59Y	0.9985	pathogenic
Q9Y243	Q60A	0.8587	pathogenic
Q9Y243	Q60C	0.9942	pathogenic
Q9Y243	Q60D	0.991	pathogenic
Q9Y243	Q60E	0.819	pathogenic
Q9Y243	Q60F	0.9831	pathogenic
Q9Y243	Q60G	0.9494	pathogenic
Q9Y243	Q60H	0.9742	pathogenic
Q9Y243	Q60I	0.9527	pathogenic
Q9Y243	Q60K	0.9535	pathogenic
Q9Y243	Q60L	0.9108	pathogenic
Q9Y243	Q60M	0.8686	pathogenic
Q9Y243	Q60N	0.9438	pathogenic
Q9Y243	Q60P	0.996	pathogenic
Q9Y243	Q60R	0.9363	pathogenic
Q9Y243	Q60S	0.8105	pathogenic
Q9Y243	Q60T	0.8062	pathogenic
Q9Y243	Q60V	0.8971	pathogenic
Q9Y243	Q60W	0.9964	pathogenic
Q9Y243	Q60Y	0.9909	pathogenic
Q9Y243	L61A	0.9508	pathogenic
Q9Y243	L61C	0.9406	pathogenic
Q9Y243	L61D	0.999	pathogenic
Q9Y243	L61E	0.991	pathogenic
Q9Y243	L61F	0.8768	pathogenic
Q9Y243	L61G	0.9915	pathogenic
Q9Y243	L61H	0.9824	pathogenic
Q9Y243	L61I	0.2008	benign
Q9Y243	L61K	0.971	pathogenic
Q9Y243	L61M	0.4353	ambiguous
Q9Y243	L61N	0.989	pathogenic
Q9Y243	L61P	0.9946	pathogenic
Q9Y243	L61Q	0.9669	pathogenic
Q9Y243	L61R	0.9631	pathogenic
Q9Y243	L61S	0.9917	pathogenic
Q9Y243	L61T	0.8972	pathogenic
Q9Y243	L61V	0.2361	benign
Q9Y243	L61W	0.9742	pathogenic
Q9Y243	L61Y	0.9792	pathogenic
Q9Y243	M62A	0.9908	pathogenic
Q9Y243	M62C	0.9879	pathogenic
Q9Y243	M62D	0.9992	pathogenic
Q9Y243	M62E	0.9943	pathogenic
Q9Y243	M62F	0.8396	pathogenic
Q9Y243	M62G	0.9928	pathogenic
Q9Y243	M62H	0.9904	pathogenic
Q9Y243	M62I	0.9783	pathogenic
Q9Y243	M62K	0.9851	pathogenic
Q9Y243	M62L	0.5423	ambiguous
Q9Y243	M62N	0.9955	pathogenic
Q9Y243	M62P	0.9994	pathogenic
Q9Y243	M62Q	0.9352	pathogenic
Q9Y243	M62R	0.9785	pathogenic
Q9Y243	M62S	0.9897	pathogenic
Q9Y243	M62T	0.994	pathogenic
Q9Y243	M62V	0.844	pathogenic
Q9Y243	M62W	0.9861	pathogenic
Q9Y243	M62Y	0.9741	pathogenic
Q9Y243	K63A	0.8328	pathogenic
Q9Y243	K63C	0.8866	pathogenic
Q9Y243	K63D	0.9748	pathogenic
Q9Y243	K63E	0.7432	pathogenic
Q9Y243	K63F	0.9837	pathogenic
Q9Y243	K63G	0.9193	pathogenic
Q9Y243	K63H	0.7401	pathogenic
Q9Y243	K63I	0.865	pathogenic
Q9Y243	K63L	0.8389	pathogenic
Q9Y243	K63M	0.7146	pathogenic
Q9Y243	K63N	0.9381	pathogenic
Q9Y243	K63P	0.9233	pathogenic
Q9Y243	K63Q	0.3582	ambiguous
Q9Y243	K63R	0.1193	benign
Q9Y243	K63S	0.9141	pathogenic
Q9Y243	K63T	0.6668	pathogenic
Q9Y243	K63V	0.7585	pathogenic
Q9Y243	K63W	0.9781	pathogenic
Q9Y243	K63Y	0.9586	pathogenic
Q9Y243	T64A	0.2726	benign
Q9Y243	T64C	0.7402	pathogenic
Q9Y243	T64D	0.9617	pathogenic
Q9Y243	T64E	0.9035	pathogenic
Q9Y243	T64F	0.8624	pathogenic
Q9Y243	T64G	0.6236	pathogenic
Q9Y243	T64H	0.8726	pathogenic
Q9Y243	T64I	0.7476	pathogenic
Q9Y243	T64K	0.9115	pathogenic
Q9Y243	T64L	0.4515	ambiguous
Q9Y243	T64M	0.2479	benign
Q9Y243	T64N	0.5921	pathogenic
Q9Y243	T64P	0.9302	pathogenic
Q9Y243	T64Q	0.7029	pathogenic
Q9Y243	T64R	0.8729	pathogenic
Q9Y243	T64S	0.3951	ambiguous
Q9Y243	T64V	0.4567	ambiguous
Q9Y243	T64W	0.964	pathogenic
Q9Y243	T64Y	0.8959	pathogenic
Q9Y243	E65A	0.8559	pathogenic
Q9Y243	E65C	0.9861	pathogenic
Q9Y243	E65D	0.3902	ambiguous
Q9Y243	E65F	0.9972	pathogenic
Q9Y243	E65G	0.7923	pathogenic
Q9Y243	E65H	0.9788	pathogenic
Q9Y243	E65I	0.988	pathogenic
Q9Y243	E65K	0.9597	pathogenic
Q9Y243	E65L	0.9847	pathogenic
Q9Y243	E65M	0.9842	pathogenic
Q9Y243	E65N	0.7572	pathogenic
Q9Y243	E65P	0.9721	pathogenic
Q9Y243	E65Q	0.7907	pathogenic
Q9Y243	E65R	0.9607	pathogenic
Q9Y243	E65S	0.7664	pathogenic
Q9Y243	E65T	0.9115	pathogenic
Q9Y243	E65V	0.953	pathogenic
Q9Y243	E65W	0.9986	pathogenic
Q9Y243	E65Y	0.9944	pathogenic
Q9Y243	R66A	0.9789	pathogenic
Q9Y243	R66C	0.9178	pathogenic
Q9Y243	R66D	0.989	pathogenic
Q9Y243	R66E	0.9673	pathogenic
Q9Y243	R66F	0.9775	pathogenic
Q9Y243	R66G	0.9571	pathogenic
Q9Y243	R66H	0.7119	pathogenic
Q9Y243	R66I	0.938	pathogenic
Q9Y243	R66K	0.3485	ambiguous
Q9Y243	R66L	0.9165	pathogenic
Q9Y243	R66M	0.9664	pathogenic
Q9Y243	R66N	0.9828	pathogenic
Q9Y243	R66P	0.9919	pathogenic
Q9Y243	R66Q	0.7491	pathogenic
Q9Y243	R66S	0.9878	pathogenic
Q9Y243	R66T	0.971	pathogenic
Q9Y243	R66V	0.9446	pathogenic
Q9Y243	R66W	0.9136	pathogenic
Q9Y243	R66Y	0.9372	pathogenic
Q9Y243	P67A	0.989	pathogenic
Q9Y243	P67C	0.9988	pathogenic
Q9Y243	P67D	0.9988	pathogenic
Q9Y243	P67E	0.9984	pathogenic
Q9Y243	P67F	0.9992	pathogenic
Q9Y243	P67G	0.9889	pathogenic
Q9Y243	P67H	0.998	pathogenic
Q9Y243	P67I	0.9972	pathogenic
Q9Y243	P67K	0.9986	pathogenic
Q9Y243	P67L	0.9902	pathogenic
Q9Y243	P67M	0.9977	pathogenic
Q9Y243	P67N	0.9976	pathogenic
Q9Y243	P67Q	0.9974	pathogenic
Q9Y243	P67R	0.996	pathogenic
Q9Y243	P67S	0.9971	pathogenic
Q9Y243	P67T	0.9933	pathogenic
Q9Y243	P67V	0.9924	pathogenic
Q9Y243	P67W	0.9996	pathogenic
Q9Y243	P67Y	0.9989	pathogenic
Q9Y243	K68A	0.9639	pathogenic
Q9Y243	K68C	0.9426	pathogenic
Q9Y243	K68D	0.9972	pathogenic
Q9Y243	K68E	0.9651	pathogenic
Q9Y243	K68F	0.9918	pathogenic
Q9Y243	K68G	0.9745	pathogenic
Q9Y243	K68H	0.8537	pathogenic
Q9Y243	K68I	0.9458	pathogenic
Q9Y243	K68L	0.9024	pathogenic
Q9Y243	K68M	0.921	pathogenic
Q9Y243	K68N	0.9925	pathogenic
Q9Y243	K68P	0.9911	pathogenic
Q9Y243	K68Q	0.7013	pathogenic
Q9Y243	K68R	0.0805	benign
Q9Y243	K68S	0.9871	pathogenic
Q9Y243	K68T	0.9626	pathogenic
Q9Y243	K68V	0.8969	pathogenic
Q9Y243	K68W	0.9863	pathogenic
Q9Y243	K68Y	0.9759	pathogenic
Q9Y243	P69A	0.1413	benign
Q9Y243	P69C	0.801	pathogenic
Q9Y243	P69D	0.794	pathogenic
Q9Y243	P69E	0.5258	ambiguous
Q9Y243	P69F	0.9196	pathogenic
Q9Y243	P69G	0.5718	pathogenic
Q9Y243	P69H	0.5657	pathogenic
Q9Y243	P69I	0.72	pathogenic
Q9Y243	P69K	0.6505	pathogenic
Q9Y243	P69L	0.3984	ambiguous
Q9Y243	P69M	0.6504	pathogenic
Q9Y243	P69N	0.6061	pathogenic
Q9Y243	P69Q	0.3425	ambiguous
Q9Y243	P69R	0.5394	ambiguous
Q9Y243	P69S	0.3215	benign
Q9Y243	P69T	0.3279	benign
Q9Y243	P69V	0.5113	ambiguous
Q9Y243	P69W	0.9631	pathogenic
Q9Y243	P69Y	0.8842	pathogenic
Q9Y243	N70A	0.8526	pathogenic
Q9Y243	N70C	0.2402	benign
Q9Y243	N70D	0.8848	pathogenic
Q9Y243	N70E	0.9741	pathogenic
Q9Y243	N70F	0.5262	ambiguous
Q9Y243	N70G	0.7738	pathogenic
Q9Y243	N70H	0.1231	benign
Q9Y243	N70I	0.9773	pathogenic
Q9Y243	N70K	0.9762	pathogenic
Q9Y243	N70L	0.9173	pathogenic
Q9Y243	N70M	0.9052	pathogenic
Q9Y243	N70P	0.9915	pathogenic
Q9Y243	N70Q	0.8502	pathogenic
Q9Y243	N70R	0.9175	pathogenic
Q9Y243	N70S	0.2727	benign
Q9Y243	N70T	0.8695	pathogenic
Q9Y243	N70V	0.9371	pathogenic
Q9Y243	N70W	0.8523	pathogenic
Q9Y243	N70Y	0.1675	benign
Q9Y243	T71A	0.6585	pathogenic
Q9Y243	T71C	0.7651	pathogenic
Q9Y243	T71D	0.9985	pathogenic
Q9Y243	T71E	0.9978	pathogenic
Q9Y243	T71F	0.9955	pathogenic
Q9Y243	T71G	0.8572	pathogenic
Q9Y243	T71H	0.9908	pathogenic
Q9Y243	T71I	0.9799	pathogenic
Q9Y243	T71K	0.9981	pathogenic
Q9Y243	T71L	0.9461	pathogenic
Q9Y243	T71M	0.8927	pathogenic
Q9Y243	T71N	0.9661	pathogenic
Q9Y243	T71P	0.9925	pathogenic
Q9Y243	T71Q	0.988	pathogenic
Q9Y243	T71R	0.9942	pathogenic
Q9Y243	T71S	0.6522	pathogenic
Q9Y243	T71V	0.8463	pathogenic
Q9Y243	T71W	0.9994	pathogenic
Q9Y243	T71Y	0.9962	pathogenic
Q9Y243	F72A	0.9993	pathogenic
Q9Y243	F72C	0.9959	pathogenic
Q9Y243	F72D	1.0	pathogenic
Q9Y243	F72E	1.0	pathogenic
Q9Y243	F72G	0.9998	pathogenic
Q9Y243	F72H	0.9996	pathogenic
Q9Y243	F72I	0.9483	pathogenic
Q9Y243	F72K	1.0	pathogenic
Q9Y243	F72L	0.9972	pathogenic
Q9Y243	F72M	0.9846	pathogenic
Q9Y243	F72N	0.9999	pathogenic
Q9Y243	F72P	1.0	pathogenic
Q9Y243	F72Q	0.9999	pathogenic
Q9Y243	F72R	0.9998	pathogenic
Q9Y243	F72S	0.9997	pathogenic
Q9Y243	F72T	0.9996	pathogenic
Q9Y243	F72V	0.9509	pathogenic
Q9Y243	F72W	0.9858	pathogenic
Q9Y243	F72Y	0.9471	pathogenic
Q9Y243	I73A	0.9646	pathogenic
Q9Y243	I73C	0.952	pathogenic
Q9Y243	I73D	0.9991	pathogenic
Q9Y243	I73E	0.9967	pathogenic
Q9Y243	I73F	0.7197	pathogenic
Q9Y243	I73G	0.9939	pathogenic
Q9Y243	I73H	0.9808	pathogenic
Q9Y243	I73K	0.9927	pathogenic
Q9Y243	I73L	0.3691	ambiguous
Q9Y243	I73M	0.3626	ambiguous
Q9Y243	I73N	0.9701	pathogenic
Q9Y243	I73P	0.9991	pathogenic
Q9Y243	I73Q	0.9827	pathogenic
Q9Y243	I73R	0.9842	pathogenic
Q9Y243	I73S	0.9496	pathogenic
Q9Y243	I73T	0.9185	pathogenic
Q9Y243	I73V	0.1642	benign
Q9Y243	I73W	0.9862	pathogenic
Q9Y243	I73Y	0.9579	pathogenic
Q9Y243	I74A	0.9943	pathogenic
Q9Y243	I74C	0.9906	pathogenic
Q9Y243	I74D	1.0	pathogenic
Q9Y243	I74E	0.9998	pathogenic
Q9Y243	I74F	0.9507	pathogenic
Q9Y243	I74G	0.9994	pathogenic
Q9Y243	I74H	0.9998	pathogenic
Q9Y243	I74K	0.9997	pathogenic
Q9Y243	I74L	0.5163	ambiguous
Q9Y243	I74M	0.6419	pathogenic
Q9Y243	I74N	0.9993	pathogenic
Q9Y243	I74P	0.9996	pathogenic
Q9Y243	I74Q	0.9994	pathogenic
Q9Y243	I74R	0.9993	pathogenic
Q9Y243	I74S	0.9975	pathogenic
Q9Y243	I74T	0.997	pathogenic
Q9Y243	I74V	0.3582	ambiguous
Q9Y243	I74W	0.9993	pathogenic
Q9Y243	I74Y	0.9979	pathogenic
Q9Y243	R75A	0.9995	pathogenic
Q9Y243	R75C	0.9934	pathogenic
Q9Y243	R75D	0.9997	pathogenic
Q9Y243	R75E	0.9984	pathogenic
Q9Y243	R75F	0.9996	pathogenic
Q9Y243	R75G	0.9986	pathogenic
Q9Y243	R75H	0.9855	pathogenic
Q9Y243	R75I	0.9991	pathogenic
Q9Y243	R75K	0.9748	pathogenic
Q9Y243	R75L	0.9975	pathogenic
Q9Y243	R75M	0.9998	pathogenic
Q9Y243	R75N	0.9996	pathogenic
Q9Y243	R75P	0.9997	pathogenic
Q9Y243	R75Q	0.9887	pathogenic
Q9Y243	R75S	0.9995	pathogenic
Q9Y243	R75T	0.9994	pathogenic
Q9Y243	R75V	0.9988	pathogenic
Q9Y243	R75W	0.9955	pathogenic
Q9Y243	R75Y	0.9981	pathogenic
Q9Y243	C76A	0.9689	pathogenic
Q9Y243	C76D	0.9998	pathogenic
Q9Y243	C76E	1.0	pathogenic
Q9Y243	C76F	0.9705	pathogenic
Q9Y243	C76G	0.7678	pathogenic
Q9Y243	C76H	0.9994	pathogenic
Q9Y243	C76I	0.9975	pathogenic
Q9Y243	C76K	1.0	pathogenic
Q9Y243	C76L	0.9889	pathogenic
Q9Y243	C76M	0.9932	pathogenic
Q9Y243	C76N	0.9986	pathogenic
Q9Y243	C76P	0.9999	pathogenic
Q9Y243	C76Q	0.9997	pathogenic
Q9Y243	C76R	0.9995	pathogenic
Q9Y243	C76S	0.9877	pathogenic
Q9Y243	C76T	0.9934	pathogenic
Q9Y243	C76V	0.9887	pathogenic
Q9Y243	C76W	0.9995	pathogenic
Q9Y243	C76Y	0.9976	pathogenic
Q9Y243	L77A	0.9909	pathogenic
Q9Y243	L77C	0.9934	pathogenic
Q9Y243	L77D	0.9996	pathogenic
Q9Y243	L77E	0.9969	pathogenic
Q9Y243	L77F	0.9498	pathogenic
Q9Y243	L77G	0.9973	pathogenic
Q9Y243	L77H	0.9932	pathogenic
Q9Y243	L77I	0.8987	pathogenic
Q9Y243	L77K	0.9892	pathogenic
Q9Y243	L77M	0.8207	pathogenic
Q9Y243	L77N	0.9973	pathogenic
Q9Y243	L77P	0.9983	pathogenic
Q9Y243	L77Q	0.9891	pathogenic
Q9Y243	L77R	0.9712	pathogenic
Q9Y243	L77S	0.9978	pathogenic
Q9Y243	L77T	0.9922	pathogenic
Q9Y243	L77V	0.9395	pathogenic
Q9Y243	L77W	0.9754	pathogenic
Q9Y243	L77Y	0.9877	pathogenic
Q9Y243	Q78A	0.9316	pathogenic
Q9Y243	Q78C	0.9976	pathogenic
Q9Y243	Q78D	0.9967	pathogenic
Q9Y243	Q78E	0.9024	pathogenic
Q9Y243	Q78F	0.994	pathogenic
Q9Y243	Q78G	0.9638	pathogenic
Q9Y243	Q78H	0.9903	pathogenic
Q9Y243	Q78I	0.9928	pathogenic
Q9Y243	Q78K	0.9898	pathogenic
Q9Y243	Q78L	0.9649	pathogenic
Q9Y243	Q78M	0.9496	pathogenic
Q9Y243	Q78N	0.9593	pathogenic
Q9Y243	Q78P	0.9975	pathogenic
Q9Y243	Q78R	0.9849	pathogenic
Q9Y243	Q78S	0.886	pathogenic
Q9Y243	Q78T	0.9529	pathogenic
Q9Y243	Q78V	0.9832	pathogenic
Q9Y243	Q78W	0.9978	pathogenic
Q9Y243	Q78Y	0.9968	pathogenic
Q9Y243	W79A	0.9676	pathogenic
Q9Y243	W79C	0.9904	pathogenic
Q9Y243	W79D	0.9926	pathogenic
Q9Y243	W79E	0.9945	pathogenic
Q9Y243	W79F	0.5853	pathogenic
Q9Y243	W79G	0.8013	pathogenic
Q9Y243	W79H	0.9866	pathogenic
Q9Y243	W79I	0.9822	pathogenic
Q9Y243	W79K	0.9968	pathogenic
Q9Y243	W79L	0.7957	pathogenic
Q9Y243	W79M	0.8833	pathogenic
Q9Y243	W79N	0.989	pathogenic
Q9Y243	W79P	0.9981	pathogenic
Q9Y243	W79Q	0.9934	pathogenic
Q9Y243	W79R	0.9947	pathogenic
Q9Y243	W79S	0.9615	pathogenic
Q9Y243	W79T	0.9887	pathogenic
Q9Y243	W79V	0.9653	pathogenic
Q9Y243	W79Y	0.827	pathogenic
Q9Y243	T80A	0.888	pathogenic
Q9Y243	T80C	0.99	pathogenic
Q9Y243	T80D	0.9879	pathogenic
Q9Y243	T80E	0.9828	pathogenic
Q9Y243	T80F	0.9936	pathogenic
Q9Y243	T80G	0.95	pathogenic
Q9Y243	T80H	0.9864	pathogenic
Q9Y243	T80I	0.9972	pathogenic
Q9Y243	T80K	0.9843	pathogenic
Q9Y243	T80L	0.964	pathogenic
Q9Y243	T80M	0.933	pathogenic
Q9Y243	T80N	0.9519	pathogenic
Q9Y243	T80P	0.9827	pathogenic
Q9Y243	T80Q	0.97	pathogenic
Q9Y243	T80R	0.9791	pathogenic
Q9Y243	T80S	0.941	pathogenic
Q9Y243	T80V	0.9751	pathogenic
Q9Y243	T80W	0.9984	pathogenic
Q9Y243	T80Y	0.9953	pathogenic
Q9Y243	T81A	0.5213	ambiguous
Q9Y243	T81C	0.9562	pathogenic
Q9Y243	T81D	0.9771	pathogenic
Q9Y243	T81E	0.966	pathogenic
Q9Y243	T81F	0.9816	pathogenic
Q9Y243	T81G	0.7839	pathogenic
Q9Y243	T81H	0.9367	pathogenic
Q9Y243	T81I	0.9806	pathogenic
Q9Y243	T81K	0.9763	pathogenic
Q9Y243	T81L	0.915	pathogenic
Q9Y243	T81M	0.7686	pathogenic
Q9Y243	T81N	0.7416	pathogenic
Q9Y243	T81P	0.9908	pathogenic
Q9Y243	T81Q	0.8703	pathogenic
Q9Y243	T81R	0.9601	pathogenic
Q9Y243	T81S	0.3199	benign
Q9Y243	T81V	0.8756	pathogenic
Q9Y243	T81W	0.9932	pathogenic
Q9Y243	T81Y	0.9783	pathogenic
Q9Y243	V82A	0.984	pathogenic
Q9Y243	V82C	0.9883	pathogenic
Q9Y243	V82D	0.9984	pathogenic
Q9Y243	V82E	0.9944	pathogenic
Q9Y243	V82F	0.9108	pathogenic
Q9Y243	V82G	0.9882	pathogenic
Q9Y243	V82H	0.998	pathogenic
Q9Y243	V82I	0.2589	benign
Q9Y243	V82K	0.998	pathogenic
Q9Y243	V82L	0.9383	pathogenic
Q9Y243	V82M	0.8966	pathogenic
Q9Y243	V82N	0.9921	pathogenic
Q9Y243	V82P	0.9955	pathogenic
Q9Y243	V82Q	0.995	pathogenic
Q9Y243	V82R	0.9946	pathogenic
Q9Y243	V82S	0.9874	pathogenic
Q9Y243	V82T	0.9738	pathogenic
Q9Y243	V82W	0.9984	pathogenic
Q9Y243	V82Y	0.9904	pathogenic
Q9Y243	I83A	0.9883	pathogenic
Q9Y243	I83C	0.9983	pathogenic
Q9Y243	I83D	0.9998	pathogenic
Q9Y243	I83E	0.9984	pathogenic
Q9Y243	I83F	0.9858	pathogenic
Q9Y243	I83G	0.9992	pathogenic
Q9Y243	I83H	0.9997	pathogenic
Q9Y243	I83K	0.9988	pathogenic
Q9Y243	I83L	0.927	pathogenic
Q9Y243	I83M	0.8987	pathogenic
Q9Y243	I83N	0.9982	pathogenic
Q9Y243	I83P	0.9991	pathogenic
Q9Y243	I83Q	0.9987	pathogenic
Q9Y243	I83R	0.9971	pathogenic
Q9Y243	I83S	0.9953	pathogenic
Q9Y243	I83T	0.9518	pathogenic
Q9Y243	I83V	0.4449	ambiguous
Q9Y243	I83W	0.9992	pathogenic
Q9Y243	I83Y	0.9986	pathogenic
Q9Y243	E84A	0.9976	pathogenic
Q9Y243	E84C	0.9993	pathogenic
Q9Y243	E84D	0.9955	pathogenic
Q9Y243	E84F	0.9999	pathogenic
Q9Y243	E84G	0.997	pathogenic
Q9Y243	E84H	0.9996	pathogenic
Q9Y243	E84I	0.9994	pathogenic
Q9Y243	E84K	0.9989	pathogenic
Q9Y243	E84L	0.9995	pathogenic
Q9Y243	E84M	0.9995	pathogenic
Q9Y243	E84N	0.9994	pathogenic
Q9Y243	E84P	0.9999	pathogenic
Q9Y243	E84Q	0.9898	pathogenic
Q9Y243	E84R	0.9986	pathogenic
Q9Y243	E84S	0.9969	pathogenic
Q9Y243	E84T	0.9981	pathogenic
Q9Y243	E84V	0.9984	pathogenic
Q9Y243	E84W	0.9999	pathogenic
Q9Y243	E84Y	0.9998	pathogenic
Q9Y243	R85A	0.9997	pathogenic
Q9Y243	R85C	0.999	pathogenic
Q9Y243	R85D	0.999	pathogenic
Q9Y243	R85E	0.9939	pathogenic
Q9Y243	R85F	0.9999	pathogenic
Q9Y243	R85G	0.9988	pathogenic
Q9Y243	R85H	0.9969	pathogenic
Q9Y243	R85I	0.9996	pathogenic
Q9Y243	R85K	0.9892	pathogenic
Q9Y243	R85L	0.9989	pathogenic
Q9Y243	R85M	0.9999	pathogenic
Q9Y243	R85N	0.9995	pathogenic
Q9Y243	R85P	0.9999	pathogenic
Q9Y243	R85Q	0.9972	pathogenic
Q9Y243	R85S	0.9999	pathogenic
Q9Y243	R85T	0.9998	pathogenic
Q9Y243	R85V	0.9995	pathogenic
Q9Y243	R85W	0.9981	pathogenic
Q9Y243	R85Y	0.9989	pathogenic
Q9Y243	T86A	0.7484	pathogenic
Q9Y243	T86C	0.9049	pathogenic
Q9Y243	T86D	0.994	pathogenic
Q9Y243	T86E	0.9886	pathogenic
Q9Y243	T86F	0.9328	pathogenic
Q9Y243	T86G	0.9398	pathogenic
Q9Y243	T86H	0.9399	pathogenic
Q9Y243	T86I	0.8586	pathogenic
Q9Y243	T86K	0.9853	pathogenic
Q9Y243	T86L	0.6464	pathogenic
Q9Y243	T86M	0.4024	ambiguous
Q9Y243	T86N	0.7963	pathogenic
Q9Y243	T86P	0.9723	pathogenic
Q9Y243	T86Q	0.9204	pathogenic
Q9Y243	T86R	0.975	pathogenic
Q9Y243	T86S	0.7416	pathogenic
Q9Y243	T86V	0.7038	pathogenic
Q9Y243	T86W	0.986	pathogenic
Q9Y243	T86Y	0.9399	pathogenic
Q9Y243	F87A	0.9995	pathogenic
Q9Y243	F87C	0.9978	pathogenic
Q9Y243	F87D	1.0	pathogenic
Q9Y243	F87E	0.9999	pathogenic
Q9Y243	F87G	0.9996	pathogenic
Q9Y243	F87H	0.9994	pathogenic
Q9Y243	F87I	0.9975	pathogenic
Q9Y243	F87K	0.9999	pathogenic
Q9Y243	F87L	0.9993	pathogenic
Q9Y243	F87M	0.9971	pathogenic
Q9Y243	F87N	0.9998	pathogenic
Q9Y243	F87P	1.0	pathogenic
Q9Y243	F87Q	0.9999	pathogenic
Q9Y243	F87R	0.9997	pathogenic
Q9Y243	F87S	0.9998	pathogenic
Q9Y243	F87T	0.9999	pathogenic
Q9Y243	F87V	0.9968	pathogenic
Q9Y243	F87W	0.9906	pathogenic
Q9Y243	F87Y	0.9723	pathogenic
Q9Y243	H88A	0.7386	pathogenic
Q9Y243	H88C	0.165	benign
Q9Y243	H88D	0.9746	pathogenic
Q9Y243	H88E	0.9717	pathogenic
Q9Y243	H88F	0.5175	ambiguous
Q9Y243	H88G	0.873	pathogenic
Q9Y243	H88I	0.9362	pathogenic
Q9Y243	H88K	0.9671	pathogenic
Q9Y243	H88L	0.7844	pathogenic
Q9Y243	H88M	0.8989	pathogenic
Q9Y243	H88N	0.533	ambiguous
Q9Y243	H88P	0.9953	pathogenic
Q9Y243	H88Q	0.7568	pathogenic
Q9Y243	H88R	0.8339	pathogenic
Q9Y243	H88S	0.5389	ambiguous
Q9Y243	H88T	0.8685	pathogenic
Q9Y243	H88V	0.8789	pathogenic
Q9Y243	H88W	0.6633	pathogenic
Q9Y243	H88Y	0.3172	benign
Q9Y243	V89A	0.6301	pathogenic
Q9Y243	V89C	0.8496	pathogenic
Q9Y243	V89D	0.9984	pathogenic
Q9Y243	V89E	0.9955	pathogenic
Q9Y243	V89F	0.9835	pathogenic
Q9Y243	V89G	0.8626	pathogenic
Q9Y243	V89H	0.9987	pathogenic
Q9Y243	V89I	0.3947	ambiguous
Q9Y243	V89K	0.9969	pathogenic
Q9Y243	V89L	0.865	pathogenic
Q9Y243	V89M	0.9122	pathogenic
Q9Y243	V89N	0.993	pathogenic
Q9Y243	V89P	0.998	pathogenic
Q9Y243	V89Q	0.9945	pathogenic
Q9Y243	V89R	0.9911	pathogenic
Q9Y243	V89S	0.8935	pathogenic
Q9Y243	V89T	0.4766	ambiguous
Q9Y243	V89W	0.9997	pathogenic
Q9Y243	V89Y	0.9989	pathogenic
Q9Y243	D90A	0.3243	benign
Q9Y243	D90C	0.7904	pathogenic
Q9Y243	D90E	0.1184	benign
Q9Y243	D90F	0.8563	pathogenic
Q9Y243	D90G	0.3555	ambiguous
Q9Y243	D90H	0.6059	pathogenic
Q9Y243	D90I	0.6816	pathogenic
Q9Y243	D90K	0.699	pathogenic
Q9Y243	D90L	0.6256	pathogenic
Q9Y243	D90M	0.7746	pathogenic
Q9Y243	D90N	0.1841	benign
Q9Y243	D90P	0.8188	pathogenic
Q9Y243	D90Q	0.4857	ambiguous
Q9Y243	D90R	0.7361	pathogenic
Q9Y243	D90S	0.2427	benign
Q9Y243	D90T	0.4341	ambiguous
Q9Y243	D90V	0.474	ambiguous
Q9Y243	D90W	0.965	pathogenic
Q9Y243	D90Y	0.6383	pathogenic
Q9Y243	T91A	0.1559	benign
Q9Y243	T91C	0.2575	benign
Q9Y243	T91D	0.3881	ambiguous
Q9Y243	T91E	0.4911	ambiguous
Q9Y243	T91F	0.519	ambiguous
Q9Y243	T91G	0.1937	benign
Q9Y243	T91H	0.2529	benign
Q9Y243	T91I	0.5495	ambiguous
Q9Y243	T91K	0.3754	ambiguous
Q9Y243	T91L	0.2375	benign
Q9Y243	T91M	0.1921	benign
Q9Y243	T91N	0.1139	benign
Q9Y243	T91P	0.8614	pathogenic
Q9Y243	T91Q	0.3386	benign
Q9Y243	T91R	0.3302	benign
Q9Y243	T91S	0.0725	benign
Q9Y243	T91V	0.3923	ambiguous
Q9Y243	T91W	0.7773	pathogenic
Q9Y243	T91Y	0.434	ambiguous
Q9Y243	P92A	0.0639	benign
Q9Y243	P92C	0.3581	ambiguous
Q9Y243	P92D	0.415	ambiguous
Q9Y243	P92E	0.2343	benign
Q9Y243	P92F	0.3848	ambiguous
Q9Y243	P92G	0.2563	benign
Q9Y243	P92H	0.1764	benign
Q9Y243	P92I	0.1973	benign
Q9Y243	P92K	0.279	benign
Q9Y243	P92L	0.0945	benign
Q9Y243	P92M	0.1883	benign
Q9Y243	P92N	0.2292	benign
Q9Y243	P92Q	0.1269	benign
Q9Y243	P92R	0.2016	benign
Q9Y243	P92S	0.1139	benign
Q9Y243	P92T	0.1022	benign
Q9Y243	P92V	0.1296	benign
Q9Y243	P92W	0.5601	ambiguous
Q9Y243	P92Y	0.3813	ambiguous
Q9Y243	E93A	0.0876	benign
Q9Y243	E93C	0.6032	pathogenic
Q9Y243	E93D	0.0984	benign
Q9Y243	E93F	0.5774	pathogenic
Q9Y243	E93G	0.1292	benign
Q9Y243	E93H	0.2914	benign
Q9Y243	E93I	0.2443	benign
Q9Y243	E93K	0.1262	benign
Q9Y243	E93L	0.223	benign
Q9Y243	E93M	0.2963	benign
Q9Y243	E93N	0.2042	benign
Q9Y243	E93P	0.5515	ambiguous
Q9Y243	E93Q	0.0921	benign
Q9Y243	E93R	0.176	benign
Q9Y243	E93S	0.1338	benign
Q9Y243	E93T	0.1516	benign
Q9Y243	E93V	0.1564	benign
Q9Y243	E93W	0.7343	pathogenic
Q9Y243	E93Y	0.4548	ambiguous
Q9Y243	E94A	0.3346	benign
Q9Y243	E94C	0.9623	pathogenic
Q9Y243	E94D	0.3074	benign
Q9Y243	E94F	0.9704	pathogenic
Q9Y243	E94G	0.515	ambiguous
Q9Y243	E94H	0.9226	pathogenic
Q9Y243	E94I	0.7748	pathogenic
Q9Y243	E94K	0.7315	pathogenic
Q9Y243	E94L	0.7606	pathogenic
Q9Y243	E94M	0.7316	pathogenic
Q9Y243	E94N	0.7385	pathogenic
Q9Y243	E94P	0.9943	pathogenic
Q9Y243	E94Q	0.4072	ambiguous
Q9Y243	E94R	0.8703	pathogenic
Q9Y243	E94S	0.63	pathogenic
Q9Y243	E94T	0.6626	pathogenic
Q9Y243	E94V	0.5956	pathogenic
Q9Y243	E94W	0.9938	pathogenic
Q9Y243	E94Y	0.9553	pathogenic
Q9Y243	R95A	0.9947	pathogenic
Q9Y243	R95C	0.9871	pathogenic
Q9Y243	R95D	0.9992	pathogenic
Q9Y243	R95E	0.9869	pathogenic
Q9Y243	R95F	0.9998	pathogenic
Q9Y243	R95G	0.9914	pathogenic
Q9Y243	R95H	0.9924	pathogenic
Q9Y243	R95I	0.9978	pathogenic
Q9Y243	R95K	0.9117	pathogenic
Q9Y243	R95L	0.9929	pathogenic
Q9Y243	R95M	0.9985	pathogenic
Q9Y243	R95N	0.9991	pathogenic
Q9Y243	R95P	0.9997	pathogenic
Q9Y243	R95Q	0.9358	pathogenic
Q9Y243	R95S	0.9991	pathogenic
Q9Y243	R95T	0.9982	pathogenic
Q9Y243	R95V	0.9959	pathogenic
Q9Y243	R95W	0.9965	pathogenic
Q9Y243	R95Y	0.9985	pathogenic
Q9Y243	E96A	0.1478	benign
Q9Y243	E96C	0.7221	pathogenic
Q9Y243	E96D	0.1117	benign
Q9Y243	E96F	0.7445	pathogenic
Q9Y243	E96G	0.2048	benign
Q9Y243	E96H	0.4523	ambiguous
Q9Y243	E96I	0.343	ambiguous
Q9Y243	E96K	0.2176	benign
Q9Y243	E96L	0.3201	benign
Q9Y243	E96M	0.3787	ambiguous
Q9Y243	E96N	0.2096	benign
Q9Y243	E96P	0.98	pathogenic
Q9Y243	E96Q	0.131	benign
Q9Y243	E96R	0.2922	benign
Q9Y243	E96S	0.1945	benign
Q9Y243	E96T	0.2129	benign
Q9Y243	E96V	0.2121	benign
Q9Y243	E96W	0.8851	pathogenic
Q9Y243	E96Y	0.6437	pathogenic
Q9Y243	E97A	0.0935	benign
Q9Y243	E97C	0.7046	pathogenic
Q9Y243	E97D	0.1532	benign
Q9Y243	E97F	0.6612	pathogenic
Q9Y243	E97G	0.1636	benign
Q9Y243	E97H	0.434	ambiguous
Q9Y243	E97I	0.2762	benign
Q9Y243	E97K	0.2165	benign
Q9Y243	E97L	0.2488	benign
Q9Y243	E97M	0.2996	benign
Q9Y243	E97N	0.2659	benign
Q9Y243	E97P	0.9739	pathogenic
Q9Y243	E97Q	0.1022	benign
Q9Y243	E97R	0.2961	benign
Q9Y243	E97S	0.1646	benign
Q9Y243	E97T	0.1745	benign
Q9Y243	E97V	0.1755	benign
Q9Y243	E97W	0.8843	pathogenic
Q9Y243	E97Y	0.5967	pathogenic
Q9Y243	W98A	0.9992	pathogenic
Q9Y243	W98C	0.9998	pathogenic
Q9Y243	W98D	0.9999	pathogenic
Q9Y243	W98E	0.9999	pathogenic
Q9Y243	W98F	0.8691	pathogenic
Q9Y243	W98G	0.9975	pathogenic
Q9Y243	W98H	0.9995	pathogenic
Q9Y243	W98I	0.9957	pathogenic
Q9Y243	W98K	1.0	pathogenic
Q9Y243	W98L	0.9864	pathogenic
Q9Y243	W98M	0.9959	pathogenic
Q9Y243	W98N	0.9999	pathogenic
Q9Y243	W98P	1.0	pathogenic
Q9Y243	W98Q	1.0	pathogenic
Q9Y243	W98R	0.9999	pathogenic
Q9Y243	W98S	0.9996	pathogenic
Q9Y243	W98T	0.9994	pathogenic
Q9Y243	W98V	0.997	pathogenic
Q9Y243	W98Y	0.9724	pathogenic
Q9Y243	T99A	0.1012	benign
Q9Y243	T99C	0.2396	benign
Q9Y243	T99D	0.8974	pathogenic
Q9Y243	T99E	0.6495	pathogenic
Q9Y243	T99F	0.6101	pathogenic
Q9Y243	T99G	0.3051	benign
Q9Y243	T99H	0.6689	pathogenic
Q9Y243	T99I	0.2017	benign
Q9Y243	T99K	0.5795	pathogenic
Q9Y243	T99L	0.1374	benign
Q9Y243	T99M	0.0791	benign
Q9Y243	T99N	0.3932	ambiguous
Q9Y243	T99P	0.9594	pathogenic
Q9Y243	T99Q	0.4147	ambiguous
Q9Y243	T99R	0.5147	ambiguous
Q9Y243	T99S	0.1888	benign
Q9Y243	T99V	0.1245	benign
Q9Y243	T99W	0.8634	pathogenic
Q9Y243	T99Y	0.6941	pathogenic
Q9Y243	E100A	0.0855	benign
Q9Y243	E100C	0.481	ambiguous
Q9Y243	E100D	0.1098	benign
Q9Y243	E100F	0.4952	ambiguous
Q9Y243	E100G	0.1191	benign
Q9Y243	E100H	0.2167	benign
Q9Y243	E100I	0.2045	benign
Q9Y243	E100K	0.0924	benign
Q9Y243	E100L	0.1644	benign
Q9Y243	E100M	0.2242	benign
Q9Y243	E100N	0.146	benign
Q9Y243	E100P	0.9741	pathogenic
Q9Y243	E100Q	0.0763	benign
Q9Y243	E100R	0.1329	benign
Q9Y243	E100S	0.1138	benign
Q9Y243	E100T	0.1214	benign
Q9Y243	E100V	0.1359	benign
Q9Y243	E100W	0.72	pathogenic
Q9Y243	E100Y	0.383	ambiguous
Q9Y243	A101C	0.4079	ambiguous
Q9Y243	A101D	0.8386	pathogenic
Q9Y243	A101E	0.714	pathogenic
Q9Y243	A101F	0.7776	pathogenic
Q9Y243	A101G	0.3786	ambiguous
Q9Y243	A101H	0.7134	pathogenic
Q9Y243	A101I	0.616	pathogenic
Q9Y243	A101K	0.8679	pathogenic
Q9Y243	A101L	0.5775	pathogenic
Q9Y243	A101M	0.489	ambiguous
Q9Y243	A101N	0.5634	ambiguous
Q9Y243	A101P	0.9963	pathogenic
Q9Y243	A101Q	0.6262	pathogenic
Q9Y243	A101R	0.8122	pathogenic
Q9Y243	A101S	0.1252	benign
Q9Y243	A101T	0.2392	benign
Q9Y243	A101V	0.307	benign
Q9Y243	A101W	0.9534	pathogenic
Q9Y243	A101Y	0.8068	pathogenic
Q9Y243	I102A	0.9909	pathogenic
Q9Y243	I102C	0.9954	pathogenic
Q9Y243	I102D	0.9999	pathogenic
Q9Y243	I102E	0.9996	pathogenic
Q9Y243	I102F	0.9176	pathogenic
Q9Y243	I102G	0.9996	pathogenic
Q9Y243	I102H	0.9998	pathogenic
Q9Y243	I102K	0.9995	pathogenic
Q9Y243	I102L	0.5635	ambiguous
Q9Y243	I102M	0.6314	pathogenic
Q9Y243	I102N	0.9995	pathogenic
Q9Y243	I102P	0.9997	pathogenic
Q9Y243	I102Q	0.9993	pathogenic
Q9Y243	I102R	0.9989	pathogenic
Q9Y243	I102S	0.9975	pathogenic
Q9Y243	I102T	0.9959	pathogenic
Q9Y243	I102V	0.3586	ambiguous
Q9Y243	I102W	0.9989	pathogenic
Q9Y243	I102Y	0.9969	pathogenic
Q9Y243	Q103A	0.3083	benign
Q9Y243	Q103C	0.709	pathogenic
Q9Y243	Q103D	0.8319	pathogenic
Q9Y243	Q103E	0.1476	benign
Q9Y243	Q103F	0.8885	pathogenic
Q9Y243	Q103G	0.4135	ambiguous
Q9Y243	Q103H	0.4002	ambiguous
Q9Y243	Q103I	0.5968	pathogenic
Q9Y243	Q103K	0.1495	benign
Q9Y243	Q103L	0.2771	benign
Q9Y243	Q103M	0.4814	ambiguous
Q9Y243	Q103N	0.5754	pathogenic
Q9Y243	Q103P	0.9863	pathogenic
Q9Y243	Q103R	0.1655	benign
Q9Y243	Q103S	0.4016	ambiguous
Q9Y243	Q103T	0.2937	benign
Q9Y243	Q103V	0.4124	ambiguous
Q9Y243	Q103W	0.8545	pathogenic
Q9Y243	Q103Y	0.7785	pathogenic
Q9Y243	A104C	0.2111	benign
Q9Y243	A104D	0.1427	benign
Q9Y243	A104E	0.1138	benign
Q9Y243	A104F	0.1572	benign
Q9Y243	A104G	0.1005	benign
Q9Y243	A104H	0.1798	benign
Q9Y243	A104I	0.1377	benign
Q9Y243	A104K	0.1954	benign
Q9Y243	A104L	0.0846	benign
Q9Y243	A104M	0.0836	benign
Q9Y243	A104N	0.109	benign
Q9Y243	A104P	0.9726	pathogenic
Q9Y243	A104Q	0.1301	benign
Q9Y243	A104R	0.1882	benign
Q9Y243	A104S	0.0726	benign
Q9Y243	A104T	0.0645	benign
Q9Y243	A104V	0.091	benign
Q9Y243	A104W	0.394	ambiguous
Q9Y243	A104Y	0.198	benign
Q9Y243	V105A	0.8942	pathogenic
Q9Y243	V105C	0.9768	pathogenic
Q9Y243	V105D	0.9996	pathogenic
Q9Y243	V105E	0.9928	pathogenic
Q9Y243	V105F	0.9873	pathogenic
Q9Y243	V105G	0.9829	pathogenic
Q9Y243	V105H	0.9985	pathogenic
Q9Y243	V105I	0.2727	benign
Q9Y243	V105K	0.9966	pathogenic
Q9Y243	V105L	0.965	pathogenic
Q9Y243	V105M	0.9429	pathogenic
Q9Y243	V105N	0.9958	pathogenic
Q9Y243	V105P	0.9991	pathogenic
Q9Y243	V105Q	0.9926	pathogenic
Q9Y243	V105R	0.9929	pathogenic
Q9Y243	V105S	0.9777	pathogenic
Q9Y243	V105T	0.7886	pathogenic
Q9Y243	V105W	0.9998	pathogenic
Q9Y243	V105Y	0.9985	pathogenic
Q9Y243	A106C	0.6893	pathogenic
Q9Y243	A106D	0.9836	pathogenic
Q9Y243	A106E	0.9413	pathogenic
Q9Y243	A106F	0.9365	pathogenic
Q9Y243	A106G	0.449	ambiguous
Q9Y243	A106H	0.9006	pathogenic
Q9Y243	A106I	0.9078	pathogenic
Q9Y243	A106K	0.9593	pathogenic
Q9Y243	A106L	0.8556	pathogenic
Q9Y243	A106M	0.8117	pathogenic
Q9Y243	A106N	0.8738	pathogenic
Q9Y243	A106P	0.9991	pathogenic
Q9Y243	A106Q	0.7912	pathogenic
Q9Y243	A106R	0.876	pathogenic
Q9Y243	A106S	0.1519	benign
Q9Y243	A106T	0.4832	ambiguous
Q9Y243	A106V	0.6684	pathogenic
Q9Y243	A106W	0.9843	pathogenic
Q9Y243	A106Y	0.9391	pathogenic
Q9Y243	D107A	0.1962	benign
Q9Y243	D107C	0.5845	pathogenic
Q9Y243	D107E	0.1061	benign
Q9Y243	D107F	0.636	pathogenic
Q9Y243	D107G	0.201	benign
Q9Y243	D107H	0.3576	ambiguous
Q9Y243	D107I	0.4565	ambiguous
Q9Y243	D107K	0.4263	ambiguous
Q9Y243	D107L	0.3783	ambiguous
Q9Y243	D107M	0.5806	pathogenic
Q9Y243	D107N	0.1039	benign
Q9Y243	D107P	0.979	pathogenic
Q9Y243	D107Q	0.2961	benign
Q9Y243	D107R	0.4719	ambiguous
Q9Y243	D107S	0.1284	benign
Q9Y243	D107T	0.2584	benign
Q9Y243	D107V	0.2855	benign
Q9Y243	D107W	0.8892	pathogenic
Q9Y243	D107Y	0.3146	benign
Q9Y243	R108A	0.1756	benign
Q9Y243	R108C	0.1189	benign
Q9Y243	R108D	0.2859	benign
Q9Y243	R108E	0.1902	benign
Q9Y243	R108F	0.3754	ambiguous
Q9Y243	R108G	0.0996	benign
Q9Y243	R108H	0.0785	benign
Q9Y243	R108I	0.1961	benign
Q9Y243	R108K	0.0742	benign
Q9Y243	R108L	0.1642	benign
Q9Y243	R108M	0.1674	benign
Q9Y243	R108N	0.214	benign
Q9Y243	R108P	0.9434	pathogenic
Q9Y243	R108Q	0.0729	benign
Q9Y243	R108S	0.1575	benign
Q9Y243	R108T	0.1089	benign
Q9Y243	R108V	0.2302	benign
Q9Y243	R108W	0.2406	benign
Q9Y243	R108Y	0.2594	benign
Q9Y243	L109A	0.8983	pathogenic
Q9Y243	L109C	0.848	pathogenic
Q9Y243	L109D	0.9928	pathogenic
Q9Y243	L109E	0.9228	pathogenic
Q9Y243	L109F	0.7024	pathogenic
Q9Y243	L109G	0.963	pathogenic
Q9Y243	L109H	0.8507	pathogenic
Q9Y243	L109I	0.226	benign
Q9Y243	L109K	0.8758	pathogenic
Q9Y243	L109M	0.3119	benign
Q9Y243	L109N	0.9223	pathogenic
Q9Y243	L109P	0.9924	pathogenic
Q9Y243	L109Q	0.7362	pathogenic
Q9Y243	L109R	0.825	pathogenic
Q9Y243	L109S	0.9553	pathogenic
Q9Y243	L109T	0.8922	pathogenic
Q9Y243	L109V	0.3379	benign
Q9Y243	L109W	0.8657	pathogenic
Q9Y243	L109Y	0.8838	pathogenic
Q9Y243	Q110A	0.1572	benign
Q9Y243	Q110C	0.5083	ambiguous
Q9Y243	Q110D	0.4457	ambiguous
Q9Y243	Q110E	0.1152	benign
Q9Y243	Q110F	0.6538	pathogenic
Q9Y243	Q110G	0.216	benign
Q9Y243	Q110H	0.191	benign
Q9Y243	Q110I	0.3784	ambiguous
Q9Y243	Q110K	0.1386	benign
Q9Y243	Q110L	0.1227	benign
Q9Y243	Q110M	0.3221	benign
Q9Y243	Q110N	0.2496	benign
Q9Y243	Q110P	0.6274	pathogenic
Q9Y243	Q110R	0.1546	benign
Q9Y243	Q110S	0.1987	benign
Q9Y243	Q110T	0.1929	benign
Q9Y243	Q110V	0.2465	benign
Q9Y243	Q110W	0.6713	pathogenic
Q9Y243	Q110Y	0.4752	ambiguous
Q9Y243	R111A	0.1781	benign
Q9Y243	R111C	0.1199	benign
Q9Y243	R111D	0.3222	benign
Q9Y243	R111E	0.1504	benign
Q9Y243	R111F	0.3406	ambiguous
Q9Y243	R111G	0.1277	benign
Q9Y243	R111H	0.0877	benign
Q9Y243	R111I	0.1474	benign
Q9Y243	R111K	0.0594	benign
Q9Y243	R111L	0.1176	benign
Q9Y243	R111M	0.1302	benign
Q9Y243	R111N	0.2575	benign
Q9Y243	R111P	0.6339	pathogenic
Q9Y243	R111Q	0.0637	benign
Q9Y243	R111S	0.2191	benign
Q9Y243	R111T	0.1346	benign
Q9Y243	R111V	0.173	benign
Q9Y243	R111W	0.1662	benign
Q9Y243	R111Y	0.2488	benign
Q9Y243	Q112A	0.1747	benign
Q9Y243	Q112C	0.5034	ambiguous
Q9Y243	Q112D	0.2225	benign
Q9Y243	Q112E	0.0705	benign
Q9Y243	Q112F	0.6163	pathogenic
Q9Y243	Q112G	0.1824	benign
Q9Y243	Q112H	0.1992	benign
Q9Y243	Q112I	0.2878	benign
Q9Y243	Q112K	0.1086	benign
Q9Y243	Q112L	0.124	benign
Q9Y243	Q112M	0.2671	benign
Q9Y243	Q112N	0.2101	benign
Q9Y243	Q112P	0.2137	benign
Q9Y243	Q112R	0.1272	benign
Q9Y243	Q112S	0.2074	benign
Q9Y243	Q112T	0.1667	benign
Q9Y243	Q112V	0.1913	benign
Q9Y243	Q112W	0.5238	ambiguous
Q9Y243	Q112Y	0.4278	ambiguous
Q9Y243	E113A	0.2688	benign
Q9Y243	E113C	0.8814	pathogenic
Q9Y243	E113D	0.1212	benign
Q9Y243	E113F	0.8966	pathogenic
Q9Y243	E113G	0.1834	benign
Q9Y243	E113H	0.652	pathogenic
Q9Y243	E113I	0.6429	pathogenic
Q9Y243	E113K	0.3807	ambiguous
Q9Y243	E113L	0.6131	pathogenic
Q9Y243	E113M	0.6803	pathogenic
Q9Y243	E113N	0.3605	ambiguous
Q9Y243	E113P	0.6572	pathogenic
Q9Y243	E113Q	0.235	benign
Q9Y243	E113R	0.4907	ambiguous
Q9Y243	E113S	0.3256	benign
Q9Y243	E113T	0.3693	ambiguous
Q9Y243	E113V	0.4054	ambiguous
Q9Y243	E113W	0.9436	pathogenic
Q9Y243	E113Y	0.8037	pathogenic
Q9Y243	E114A	0.167	benign
Q9Y243	E114C	0.7721	pathogenic
Q9Y243	E114D	0.0901	benign
Q9Y243	E114F	0.7492	pathogenic
Q9Y243	E114G	0.1309	benign
Q9Y243	E114H	0.5082	ambiguous
Q9Y243	E114I	0.3715	ambiguous
Q9Y243	E114K	0.2173	benign
Q9Y243	E114L	0.3861	ambiguous
Q9Y243	E114M	0.4341	ambiguous
Q9Y243	E114N	0.2384	benign
Q9Y243	E114P	0.5556	ambiguous
Q9Y243	E114Q	0.1731	benign
Q9Y243	E114R	0.3363	benign
Q9Y243	E114S	0.2246	benign
Q9Y243	E114T	0.2297	benign
Q9Y243	E114V	0.2225	benign
Q9Y243	E114W	0.8665	pathogenic
Q9Y243	E114Y	0.6057	pathogenic
Q9Y243	E115A	0.1705	benign
Q9Y243	E115C	0.6901	pathogenic
Q9Y243	E115D	0.0741	benign
Q9Y243	E115F	0.6522	pathogenic
Q9Y243	E115G	0.1242	benign
Q9Y243	E115H	0.4203	ambiguous
Q9Y243	E115I	0.3051	benign
Q9Y243	E115K	0.2242	benign
Q9Y243	E115L	0.3318	benign
Q9Y243	E115M	0.4007	ambiguous
Q9Y243	E115N	0.1839	benign
Q9Y243	E115P	0.4901	ambiguous
Q9Y243	E115Q	0.1574	benign
Q9Y243	E115R	0.3392	benign
Q9Y243	E115S	0.1906	benign
Q9Y243	E115T	0.2147	benign
Q9Y243	E115V	0.1948	benign
Q9Y243	E115W	0.8119	pathogenic
Q9Y243	E115Y	0.5014	ambiguous
Q9Y243	R116A	0.1382	benign
Q9Y243	R116C	0.1256	benign
Q9Y243	R116D	0.2106	benign
Q9Y243	R116E	0.1326	benign
Q9Y243	R116F	0.2995	benign
Q9Y243	R116G	0.0863	benign
Q9Y243	R116H	0.0898	benign
Q9Y243	R116I	0.1211	benign
Q9Y243	R116K	0.0676	benign
Q9Y243	R116L	0.1209	benign
Q9Y243	R116M	0.1211	benign
Q9Y243	R116N	0.1973	benign
Q9Y243	R116P	0.1978	benign
Q9Y243	R116Q	0.0705	benign
Q9Y243	R116S	0.1718	benign
Q9Y243	R116T	0.0977	benign
Q9Y243	R116V	0.1396	benign
Q9Y243	R116W	0.1577	benign
Q9Y243	R116Y	0.2186	benign
Q9Y243	M117A	0.2326	benign
Q9Y243	M117C	0.4164	ambiguous
Q9Y243	M117D	0.4506	ambiguous
Q9Y243	M117E	0.2577	benign
Q9Y243	M117F	0.2449	benign
Q9Y243	M117G	0.2726	benign
Q9Y243	M117H	0.3453	ambiguous
Q9Y243	M117I	0.1554	benign
Q9Y243	M117K	0.1959	benign
Q9Y243	M117L	0.0915	benign
Q9Y243	M117N	0.2305	benign
Q9Y243	M117P	0.3367	benign
Q9Y243	M117Q	0.1759	benign
Q9Y243	M117R	0.199	benign
Q9Y243	M117S	0.2253	benign
Q9Y243	M117T	0.1769	benign
Q9Y243	M117V	0.0754	benign
Q9Y243	M117W	0.4269	ambiguous
Q9Y243	M117Y	0.3723	ambiguous
Q9Y243	N118A	0.1045	benign
Q9Y243	N118C	0.1299	benign
Q9Y243	N118D	0.0911	benign
Q9Y243	N118E	0.1782	benign
Q9Y243	N118F	0.2817	benign
Q9Y243	N118G	0.1415	benign
Q9Y243	N118H	0.0842	benign
Q9Y243	N118I	0.0933	benign
Q9Y243	N118K	0.1936	benign
Q9Y243	N118L	0.1089	benign
Q9Y243	N118M	0.1729	benign
Q9Y243	N118P	0.1731	benign
Q9Y243	N118Q	0.1563	benign
Q9Y243	N118R	0.222	benign
Q9Y243	N118S	0.0721	benign
Q9Y243	N118T	0.0784	benign
Q9Y243	N118V	0.0948	benign
Q9Y243	N118W	0.4876	ambiguous
Q9Y243	N118Y	0.1131	benign
Q9Y243	C119A	0.1291	benign
Q9Y243	C119D	0.1612	benign
Q9Y243	C119E	0.2898	benign
Q9Y243	C119F	0.0817	benign
Q9Y243	C119G	0.0724	benign
Q9Y243	C119H	0.1481	benign
Q9Y243	C119I	0.1359	benign
Q9Y243	C119K	0.3398	benign
Q9Y243	C119L	0.1604	benign
Q9Y243	C119M	0.2417	benign
Q9Y243	C119N	0.1133	benign
Q9Y243	C119P	0.2439	benign
Q9Y243	C119Q	0.1995	benign
Q9Y243	C119R	0.1658	benign
Q9Y243	C119S	0.0867	benign
Q9Y243	C119T	0.1285	benign
Q9Y243	C119V	0.1323	benign
Q9Y243	C119W	0.1941	benign
Q9Y243	C119Y	0.097	benign
Q9Y243	S120A	0.0876	benign
Q9Y243	S120C	0.0788	benign
Q9Y243	S120D	0.2732	benign
Q9Y243	S120E	0.3635	ambiguous
Q9Y243	S120F	0.1453	benign
Q9Y243	S120G	0.0765	benign
Q9Y243	S120H	0.1985	benign
Q9Y243	S120I	0.0917	benign
Q9Y243	S120K	0.4865	ambiguous
Q9Y243	S120L	0.0821	benign
Q9Y243	S120M	0.1447	benign
Q9Y243	S120N	0.0917	benign
Q9Y243	S120P	0.1076	benign
Q9Y243	S120Q	0.3121	benign
Q9Y243	S120R	0.4334	ambiguous
Q9Y243	S120T	0.0728	benign
Q9Y243	S120V	0.1036	benign
Q9Y243	S120W	0.3179	benign
Q9Y243	S120Y	0.1601	benign
Q9Y243	P121A	0.0664	benign
Q9Y243	P121C	0.2345	benign
Q9Y243	P121D	0.2494	benign
Q9Y243	P121E	0.1955	benign
Q9Y243	P121F	0.261	benign
Q9Y243	P121G	0.1677	benign
Q9Y243	P121H	0.1196	benign
Q9Y243	P121I	0.1652	benign
Q9Y243	P121K	0.2452	benign
Q9Y243	P121L	0.0919	benign
Q9Y243	P121M	0.179	benign
Q9Y243	P121N	0.1654	benign
Q9Y243	P121Q	0.1091	benign
Q9Y243	P121R	0.177	benign
Q9Y243	P121S	0.0779	benign
Q9Y243	P121T	0.0707	benign
Q9Y243	P121V	0.116	benign
Q9Y243	P121W	0.454	ambiguous
Q9Y243	P121Y	0.2544	benign
Q9Y243	T122A	0.0553	benign
Q9Y243	T122C	0.1693	benign
Q9Y243	T122D	0.193	benign
Q9Y243	T122E	0.2091	benign
Q9Y243	T122F	0.1419	benign
Q9Y243	T122G	0.0954	benign
Q9Y243	T122H	0.1494	benign
Q9Y243	T122I	0.0975	benign
Q9Y243	T122K	0.2258	benign
Q9Y243	T122L	0.0705	benign
Q9Y243	T122M	0.0789	benign
Q9Y243	T122N	0.0792	benign
Q9Y243	T122P	0.0608	benign
Q9Y243	T122Q	0.1616	benign
Q9Y243	T122R	0.1866	benign
Q9Y243	T122S	0.0632	benign
Q9Y243	T122V	0.082	benign
Q9Y243	T122W	0.3918	ambiguous
Q9Y243	T122Y	0.1725	benign
Q9Y243	S123A	0.0745	benign
Q9Y243	S123C	0.0935	benign
Q9Y243	S123D	0.3143	benign
Q9Y243	S123E	0.4036	ambiguous
Q9Y243	S123F	0.1681	benign
Q9Y243	S123G	0.0812	benign
Q9Y243	S123H	0.2804	benign
Q9Y243	S123I	0.1501	benign
Q9Y243	S123K	0.625	pathogenic
Q9Y243	S123L	0.0854	benign
Q9Y243	S123M	0.1625	benign
Q9Y243	S123N	0.1208	benign
Q9Y243	S123P	0.0961	benign
Q9Y243	S123Q	0.3876	ambiguous
Q9Y243	S123R	0.5698	pathogenic
Q9Y243	S123T	0.0731	benign
Q9Y243	S123V	0.1299	benign
Q9Y243	S123W	0.3175	benign
Q9Y243	S123Y	0.1753	benign
Q9Y243	Q124A	0.1084	benign
Q9Y243	Q124C	0.2461	benign
Q9Y243	Q124D	0.1467	benign
Q9Y243	Q124E	0.079	benign
Q9Y243	Q124F	0.3389	benign
Q9Y243	Q124G	0.1411	benign
Q9Y243	Q124H	0.0821	benign
Q9Y243	Q124I	0.1774	benign
Q9Y243	Q124K	0.1053	benign
Q9Y243	Q124L	0.094	benign
Q9Y243	Q124M	0.1961	benign
Q9Y243	Q124N	0.1032	benign
Q9Y243	Q124P	0.0665	benign
Q9Y243	Q124R	0.1069	benign
Q9Y243	Q124S	0.0972	benign
Q9Y243	Q124T	0.0977	benign
Q9Y243	Q124V	0.1255	benign
Q9Y243	Q124W	0.3395	benign
Q9Y243	Q124Y	0.1968	benign
Q9Y243	I125A	0.0789	benign
Q9Y243	I125C	0.2534	benign
Q9Y243	I125D	0.2344	benign
Q9Y243	I125E	0.1812	benign
Q9Y243	I125F	0.0835	benign
Q9Y243	I125G	0.1721	benign
Q9Y243	I125H	0.1877	benign
Q9Y243	I125K	0.1718	benign
Q9Y243	I125L	0.0636	benign
Q9Y243	I125M	0.0519	benign
Q9Y243	I125N	0.1028	benign
Q9Y243	I125P	0.139	benign
Q9Y243	I125Q	0.1438	benign
Q9Y243	I125R	0.1346	benign
Q9Y243	I125S	0.0906	benign
Q9Y243	I125T	0.0653	benign
Q9Y243	I125V	0.0646	benign
Q9Y243	I125W	0.2867	benign
Q9Y243	I125Y	0.2343	benign
Q9Y243	D126A	0.1939	benign
Q9Y243	D126C	0.3969	ambiguous
Q9Y243	D126E	0.097	benign
Q9Y243	D126F	0.5236	ambiguous
Q9Y243	D126G	0.1463	benign
Q9Y243	D126H	0.27	benign
Q9Y243	D126I	0.3427	ambiguous
Q9Y243	D126K	0.3744	ambiguous
Q9Y243	D126L	0.3383	benign
Q9Y243	D126M	0.5093	ambiguous
Q9Y243	D126N	0.1189	benign
Q9Y243	D126P	0.4725	ambiguous
Q9Y243	D126Q	0.2645	benign
Q9Y243	D126R	0.3765	ambiguous
Q9Y243	D126S	0.1295	benign
Q9Y243	D126T	0.2177	benign
Q9Y243	D126V	0.236	benign
Q9Y243	D126W	0.7778	pathogenic
Q9Y243	D126Y	0.2472	benign
Q9Y243	N127A	0.0986	benign
Q9Y243	N127C	0.1094	benign
Q9Y243	N127D	0.088	benign
Q9Y243	N127E	0.2028	benign
Q9Y243	N127F	0.2432	benign
Q9Y243	N127G	0.1244	benign
Q9Y243	N127H	0.0792	benign
Q9Y243	N127I	0.098	benign
Q9Y243	N127K	0.2111	benign
Q9Y243	N127L	0.1182	benign
Q9Y243	N127M	0.1685	benign
Q9Y243	N127P	0.2106	benign
Q9Y243	N127Q	0.189	benign
Q9Y243	N127R	0.2176	benign
Q9Y243	N127S	0.0646	benign
Q9Y243	N127T	0.0708	benign
Q9Y243	N127V	0.0961	benign
Q9Y243	N127W	0.4963	ambiguous
Q9Y243	N127Y	0.1076	benign
Q9Y243	I128A	0.0629	benign
Q9Y243	I128C	0.1985	benign
Q9Y243	I128D	0.1891	benign
Q9Y243	I128E	0.1666	benign
Q9Y243	I128F	0.0671	benign
Q9Y243	I128G	0.1364	benign
Q9Y243	I128H	0.1438	benign
Q9Y243	I128K	0.1424	benign
Q9Y243	I128L	0.0617	benign
Q9Y243	I128M	0.0595	benign
Q9Y243	I128N	0.0917	benign
Q9Y243	I128P	0.1237	benign
Q9Y243	I128Q	0.1273	benign
Q9Y243	I128R	0.1055	benign
Q9Y243	I128S	0.0711	benign
Q9Y243	I128T	0.0572	benign
Q9Y243	I128V	0.0599	benign
Q9Y243	I128W	0.2666	benign
Q9Y243	I128Y	0.1832	benign
Q9Y243	G129A	0.0747	benign
Q9Y243	G129C	0.0836	benign
Q9Y243	G129D	0.1318	benign
Q9Y243	G129E	0.13	benign
Q9Y243	G129F	0.2234	benign
Q9Y243	G129H	0.176	benign
Q9Y243	G129I	0.107	benign
Q9Y243	G129K	0.236	benign
Q9Y243	G129L	0.1369	benign
Q9Y243	G129M	0.165	benign
Q9Y243	G129N	0.1219	benign
Q9Y243	G129P	0.2338	benign
Q9Y243	G129Q	0.1593	benign
Q9Y243	G129R	0.1743	benign
Q9Y243	G129S	0.0664	benign
Q9Y243	G129T	0.0725	benign
Q9Y243	G129V	0.079	benign
Q9Y243	G129W	0.1977	benign
Q9Y243	G129Y	0.1752	benign
Q9Y243	E130A	0.1382	benign
Q9Y243	E130C	0.4895	ambiguous
Q9Y243	E130D	0.0761	benign
Q9Y243	E130F	0.4917	ambiguous
Q9Y243	E130G	0.11	benign
Q9Y243	E130H	0.3007	benign
Q9Y243	E130I	0.242	benign
Q9Y243	E130K	0.1514	benign
Q9Y243	E130L	0.2356	benign
Q9Y243	E130M	0.2874	benign
Q9Y243	E130N	0.1722	benign
Q9Y243	E130P	0.3366	benign
Q9Y243	E130Q	0.1285	benign
Q9Y243	E130R	0.2293	benign
Q9Y243	E130S	0.1426	benign
Q9Y243	E130T	0.1596	benign
Q9Y243	E130V	0.1629	benign
Q9Y243	E130W	0.6673	pathogenic
Q9Y243	E130Y	0.365	ambiguous
Q9Y243	E131A	0.1781	benign
Q9Y243	E131C	0.6718	pathogenic
Q9Y243	E131D	0.0815	benign
Q9Y243	E131F	0.656	pathogenic
Q9Y243	E131G	0.1408	benign
Q9Y243	E131H	0.4451	ambiguous
Q9Y243	E131I	0.3399	benign
Q9Y243	E131K	0.2125	benign
Q9Y243	E131L	0.3416	ambiguous
Q9Y243	E131M	0.3828	ambiguous
Q9Y243	E131N	0.224	benign
Q9Y243	E131P	0.4563	ambiguous
Q9Y243	E131Q	0.1793	benign
Q9Y243	E131R	0.3245	benign
Q9Y243	E131S	0.2124	benign
Q9Y243	E131T	0.2191	benign
Q9Y243	E131V	0.2138	benign
Q9Y243	E131W	0.8096	pathogenic
Q9Y243	E131Y	0.5108	ambiguous
Q9Y243	E132A	0.1511	benign
Q9Y243	E132C	0.6211	pathogenic
Q9Y243	E132D	0.072	benign
Q9Y243	E132F	0.5863	pathogenic
Q9Y243	E132G	0.1298	benign
Q9Y243	E132H	0.3903	ambiguous
Q9Y243	E132I	0.2688	benign
Q9Y243	E132K	0.216	benign
Q9Y243	E132L	0.3069	benign
Q9Y243	E132M	0.3514	ambiguous
Q9Y243	E132N	0.1865	benign
Q9Y243	E132P	0.4191	ambiguous
Q9Y243	E132Q	0.167	benign
Q9Y243	E132R	0.3229	benign
Q9Y243	E132S	0.186	benign
Q9Y243	E132T	0.1928	benign
Q9Y243	E132V	0.1679	benign
Q9Y243	E132W	0.7885	pathogenic
Q9Y243	E132Y	0.4366	ambiguous
Q9Y243	M133A	0.3015	benign
Q9Y243	M133C	0.5725	pathogenic
Q9Y243	M133D	0.5719	pathogenic
Q9Y243	M133E	0.3819	ambiguous
Q9Y243	M133F	0.2908	benign
Q9Y243	M133G	0.3985	ambiguous
Q9Y243	M133H	0.5004	ambiguous
Q9Y243	M133I	0.2716	benign
Q9Y243	M133K	0.2599	benign
Q9Y243	M133L	0.1294	benign
Q9Y243	M133N	0.3624	ambiguous
Q9Y243	M133P	0.4908	ambiguous
Q9Y243	M133Q	0.3021	benign
Q9Y243	M133R	0.2649	benign
Q9Y243	M133S	0.3424	ambiguous
Q9Y243	M133T	0.2085	benign
Q9Y243	M133V	0.1023	benign
Q9Y243	M133W	0.5257	ambiguous
Q9Y243	M133Y	0.4893	ambiguous
Q9Y243	D134A	0.1742	benign
Q9Y243	D134C	0.459	ambiguous
Q9Y243	D134E	0.0953	benign
Q9Y243	D134F	0.4666	ambiguous
Q9Y243	D134G	0.1667	benign
Q9Y243	D134H	0.315	benign
Q9Y243	D134I	0.2947	benign
Q9Y243	D134K	0.4468	ambiguous
Q9Y243	D134L	0.2977	benign
Q9Y243	D134M	0.4691	ambiguous
Q9Y243	D134N	0.1415	benign
Q9Y243	D134P	0.4976	ambiguous
Q9Y243	D134Q	0.3164	benign
Q9Y243	D134R	0.4555	ambiguous
Q9Y243	D134S	0.1648	benign
Q9Y243	D134T	0.2205	benign
Q9Y243	D134V	0.1828	benign
Q9Y243	D134W	0.7997	pathogenic
Q9Y243	D134Y	0.2328	benign
Q9Y243	A135C	0.1722	benign
Q9Y243	A135D	0.1871	benign
Q9Y243	A135E	0.2046	benign
Q9Y243	A135F	0.152	benign
Q9Y243	A135G	0.0914	benign
Q9Y243	A135H	0.2312	benign
Q9Y243	A135I	0.0881	benign
Q9Y243	A135K	0.3104	benign
Q9Y243	A135L	0.0833	benign
Q9Y243	A135M	0.0975	benign
Q9Y243	A135N	0.1167	benign
Q9Y243	A135P	0.1091	benign
Q9Y243	A135Q	0.2128	benign
Q9Y243	A135R	0.2943	benign
Q9Y243	A135S	0.0717	benign
Q9Y243	A135T	0.0589	benign
Q9Y243	A135V	0.0694	benign
Q9Y243	A135W	0.4092	ambiguous
Q9Y243	A135Y	0.2013	benign
Q9Y243	S136A	0.0612	benign
Q9Y243	S136C	0.0886	benign
Q9Y243	S136D	0.3143	benign
Q9Y243	S136E	0.4365	ambiguous
Q9Y243	S136F	0.1573	benign
Q9Y243	S136G	0.0733	benign
Q9Y243	S136H	0.3016	benign
Q9Y243	S136I	0.1294	benign
Q9Y243	S136K	0.6139	pathogenic
Q9Y243	S136L	0.0848	benign
Q9Y243	S136M	0.1525	benign
Q9Y243	S136N	0.1143	benign
Q9Y243	S136P	0.1096	benign
Q9Y243	S136Q	0.4087	ambiguous
Q9Y243	S136R	0.5771	pathogenic
Q9Y243	S136T	0.0662	benign
Q9Y243	S136V	0.1123	benign
Q9Y243	S136W	0.356	ambiguous
Q9Y243	S136Y	0.1807	benign
Q9Y243	T137A	0.0576	benign
Q9Y243	T137C	0.172	benign
Q9Y243	T137D	0.2306	benign
Q9Y243	T137E	0.2267	benign
Q9Y243	T137F	0.1311	benign
Q9Y243	T137G	0.109	benign
Q9Y243	T137H	0.1488	benign
Q9Y243	T137I	0.0847	benign
Q9Y243	T137K	0.2088	benign
Q9Y243	T137L	0.0675	benign
Q9Y243	T137M	0.072	benign
Q9Y243	T137N	0.0805	benign
Q9Y243	T137P	0.0713	benign
Q9Y243	T137Q	0.158	benign
Q9Y243	T137R	0.1873	benign
Q9Y243	T137S	0.0724	benign
Q9Y243	T137V	0.0741	benign
Q9Y243	T137W	0.3768	ambiguous
Q9Y243	T137Y	0.1711	benign
Q9Y243	T138A	0.0568	benign
Q9Y243	T138C	0.1296	benign
Q9Y243	T138D	0.2305	benign
Q9Y243	T138E	0.2472	benign
Q9Y243	T138F	0.1326	benign
Q9Y243	T138G	0.0884	benign
Q9Y243	T138H	0.142	benign
Q9Y243	T138I	0.0894	benign
Q9Y243	T138K	0.2257	benign
Q9Y243	T138L	0.0716	benign
Q9Y243	T138M	0.0808	benign
Q9Y243	T138N	0.0803	benign
Q9Y243	T138P	0.0745	benign
Q9Y243	T138Q	0.1598	benign
Q9Y243	T138R	0.1908	benign
Q9Y243	T138S	0.0607	benign
Q9Y243	T138V	0.0763	benign
Q9Y243	T138W	0.361	ambiguous
Q9Y243	T138Y	0.1572	benign
Q9Y243	H139A	0.0992	benign
Q9Y243	H139C	0.0975	benign
Q9Y243	H139D	0.1297	benign
Q9Y243	H139E	0.1559	benign
Q9Y243	H139F	0.1636	benign
Q9Y243	H139G	0.1137	benign
Q9Y243	H139I	0.125	benign
Q9Y243	H139K	0.1546	benign
Q9Y243	H139L	0.075	benign
Q9Y243	H139M	0.2109	benign
Q9Y243	H139N	0.0614	benign
Q9Y243	H139P	0.0699	benign
Q9Y243	H139Q	0.0821	benign
Q9Y243	H139R	0.0908	benign
Q9Y243	H139S	0.0858	benign
Q9Y243	H139T	0.0953	benign
Q9Y243	H139V	0.1049	benign
Q9Y243	H139W	0.2836	benign
Q9Y243	H139Y	0.0842	benign
Q9Y243	H140A	0.1164	benign
Q9Y243	H140C	0.0886	benign
Q9Y243	H140D	0.1653	benign
Q9Y243	H140E	0.1813	benign
Q9Y243	H140F	0.1525	benign
Q9Y243	H140G	0.132	benign
Q9Y243	H140I	0.1373	benign
Q9Y243	H140K	0.1823	benign
Q9Y243	H140L	0.0838	benign
Q9Y243	H140M	0.2244	benign
Q9Y243	H140N	0.0717	benign
Q9Y243	H140P	0.0803	benign
Q9Y243	H140Q	0.0862	benign
Q9Y243	H140R	0.0939	benign
Q9Y243	H140S	0.0989	benign
Q9Y243	H140T	0.1039	benign
Q9Y243	H140V	0.1124	benign
Q9Y243	H140W	0.268	benign
Q9Y243	H140Y	0.0753	benign
Q9Y243	K141A	0.3685	ambiguous
Q9Y243	K141C	0.5093	ambiguous
Q9Y243	K141D	0.5764	pathogenic
Q9Y243	K141E	0.2807	benign
Q9Y243	K141F	0.7594	pathogenic
Q9Y243	K141G	0.3723	ambiguous
Q9Y243	K141H	0.2607	benign
Q9Y243	K141I	0.392	ambiguous
Q9Y243	K141L	0.389	ambiguous
Q9Y243	K141M	0.3768	ambiguous
Q9Y243	K141N	0.4847	ambiguous
Q9Y243	K141P	0.4181	ambiguous
Q9Y243	K141Q	0.1315	benign
Q9Y243	K141R	0.0735	benign
Q9Y243	K141S	0.4049	ambiguous
Q9Y243	K141T	0.2445	benign
Q9Y243	K141V	0.3378	benign
Q9Y243	K141W	0.7045	pathogenic
Q9Y243	K141Y	0.6274	pathogenic
Q9Y243	R142A	0.6829	pathogenic
Q9Y243	R142C	0.4009	ambiguous
Q9Y243	R142D	0.8343	pathogenic
Q9Y243	R142E	0.6279	pathogenic
Q9Y243	R142F	0.8251	pathogenic
Q9Y243	R142G	0.4628	ambiguous
Q9Y243	R142H	0.2583	benign
Q9Y243	R142I	0.573	pathogenic
Q9Y243	R142K	0.1162	benign
Q9Y243	R142L	0.4933	ambiguous
Q9Y243	R142M	0.5951	pathogenic
Q9Y243	R142N	0.7512	pathogenic
Q9Y243	R142P	0.6103	pathogenic
Q9Y243	R142Q	0.2135	benign
Q9Y243	R142S	0.7706	pathogenic
Q9Y243	R142T	0.5899	pathogenic
Q9Y243	R142V	0.5937	pathogenic
Q9Y243	R142W	0.544	ambiguous
Q9Y243	R142Y	0.6832	pathogenic
Q9Y243	K143A	0.543	ambiguous
Q9Y243	K143C	0.5999	pathogenic
Q9Y243	K143D	0.9577	pathogenic
Q9Y243	K143E	0.7605	pathogenic
Q9Y243	K143F	0.8189	pathogenic
Q9Y243	K143G	0.7887	pathogenic
Q9Y243	K143H	0.6041	pathogenic
Q9Y243	K143I	0.2115	benign
Q9Y243	K143L	0.403	ambiguous
Q9Y243	K143M	0.2925	benign
Q9Y243	K143N	0.8658	pathogenic
Q9Y243	K143P	0.5932	pathogenic
Q9Y243	K143Q	0.3717	ambiguous
Q9Y243	K143R	0.1168	benign
Q9Y243	K143S	0.8401	pathogenic
Q9Y243	K143T	0.445	ambiguous
Q9Y243	K143V	0.1376	benign
Q9Y243	K143W	0.8877	pathogenic
Q9Y243	K143Y	0.7284	pathogenic
Q9Y243	T144A	0.3444	ambiguous
Q9Y243	T144C	0.6151	pathogenic
Q9Y243	T144D	0.6835	pathogenic
Q9Y243	T144E	0.7683	pathogenic
Q9Y243	T144F	0.84	pathogenic
Q9Y243	T144G	0.2851	benign
Q9Y243	T144H	0.6248	pathogenic
Q9Y243	T144I	0.8496	pathogenic
Q9Y243	T144K	0.673	pathogenic
Q9Y243	T144L	0.5751	pathogenic
Q9Y243	T144M	0.3757	ambiguous
Q9Y243	T144N	0.2464	benign
Q9Y243	T144P	0.7901	pathogenic
Q9Y243	T144Q	0.5515	ambiguous
Q9Y243	T144R	0.668	pathogenic
Q9Y243	T144S	0.1654	benign
Q9Y243	T144V	0.6193	pathogenic
Q9Y243	T144W	0.9548	pathogenic
Q9Y243	T144Y	0.783	pathogenic
Q9Y243	M145A	0.9408	pathogenic
Q9Y243	M145C	0.9578	pathogenic
Q9Y243	M145D	0.9974	pathogenic
Q9Y243	M145E	0.9848	pathogenic
Q9Y243	M145F	0.7551	pathogenic
Q9Y243	M145G	0.9844	pathogenic
Q9Y243	M145H	0.9922	pathogenic
Q9Y243	M145I	0.8696	pathogenic
Q9Y243	M145K	0.9703	pathogenic
Q9Y243	M145L	0.2868	benign
Q9Y243	M145N	0.988	pathogenic
Q9Y243	M145P	0.9623	pathogenic
Q9Y243	M145Q	0.9434	pathogenic
Q9Y243	M145R	0.9659	pathogenic
Q9Y243	M145S	0.9717	pathogenic
Q9Y243	M145T	0.9433	pathogenic
Q9Y243	M145V	0.2865	benign
Q9Y243	M145W	0.9704	pathogenic
Q9Y243	M145Y	0.969	pathogenic
Q9Y243	N146A	0.0849	benign
Q9Y243	N146C	0.1481	benign
Q9Y243	N146D	0.1237	benign
Q9Y243	N146E	0.2573	benign
Q9Y243	N146F	0.3854	ambiguous
Q9Y243	N146G	0.1191	benign
Q9Y243	N146H	0.0967	benign
Q9Y243	N146I	0.1884	benign
Q9Y243	N146K	0.3034	benign
Q9Y243	N146L	0.1502	benign
Q9Y243	N146M	0.1769	benign
Q9Y243	N146P	0.6652	pathogenic
Q9Y243	N146Q	0.1862	benign
Q9Y243	N146R	0.3296	benign
Q9Y243	N146S	0.0576	benign
Q9Y243	N146T	0.0743	benign
Q9Y243	N146V	0.1608	benign
Q9Y243	N146W	0.6119	pathogenic
Q9Y243	N146Y	0.1596	benign
Q9Y243	D147A	0.881	pathogenic
Q9Y243	D147C	0.9447	pathogenic
Q9Y243	D147E	0.6532	pathogenic
Q9Y243	D147F	0.9896	pathogenic
Q9Y243	D147G	0.9275	pathogenic
Q9Y243	D147H	0.8543	pathogenic
Q9Y243	D147I	0.9885	pathogenic
Q9Y243	D147K	0.9852	pathogenic
Q9Y243	D147L	0.9855	pathogenic
Q9Y243	D147M	0.9872	pathogenic
Q9Y243	D147N	0.5291	ambiguous
Q9Y243	D147P	0.999	pathogenic
Q9Y243	D147Q	0.9276	pathogenic
Q9Y243	D147R	0.9849	pathogenic
Q9Y243	D147S	0.7013	pathogenic
Q9Y243	D147T	0.9447	pathogenic
Q9Y243	D147V	0.9656	pathogenic
Q9Y243	D147W	0.9982	pathogenic
Q9Y243	D147Y	0.9132	pathogenic
Q9Y243	F148A	0.9996	pathogenic
Q9Y243	F148C	0.9984	pathogenic
Q9Y243	F148D	0.9999	pathogenic
Q9Y243	F148E	0.9999	pathogenic
Q9Y243	F148G	0.9995	pathogenic
Q9Y243	F148H	0.9985	pathogenic
Q9Y243	F148I	0.9981	pathogenic
Q9Y243	F148K	0.9999	pathogenic
Q9Y243	F148L	0.9997	pathogenic
Q9Y243	F148M	0.9978	pathogenic
Q9Y243	F148N	0.9996	pathogenic
Q9Y243	F148P	1.0	pathogenic
Q9Y243	F148Q	0.9999	pathogenic
Q9Y243	F148R	0.9994	pathogenic
Q9Y243	F148S	0.9997	pathogenic
Q9Y243	F148T	0.9997	pathogenic
Q9Y243	F148V	0.997	pathogenic
Q9Y243	F148W	0.9685	pathogenic
Q9Y243	F148Y	0.8879	pathogenic
Q9Y243	D149A	0.5151	ambiguous
Q9Y243	D149C	0.8655	pathogenic
Q9Y243	D149E	0.1543	benign
Q9Y243	D149F	0.8889	pathogenic
Q9Y243	D149G	0.7594	pathogenic
Q9Y243	D149H	0.5759	pathogenic
Q9Y243	D149I	0.6338	pathogenic
Q9Y243	D149K	0.8086	pathogenic
Q9Y243	D149L	0.7042	pathogenic
Q9Y243	D149M	0.8528	pathogenic
Q9Y243	D149N	0.3039	benign
Q9Y243	D149P	0.9957	pathogenic
Q9Y243	D149Q	0.5401	ambiguous
Q9Y243	D149R	0.791	pathogenic
Q9Y243	D149S	0.3493	ambiguous
Q9Y243	D149T	0.5004	ambiguous
Q9Y243	D149V	0.4331	ambiguous
Q9Y243	D149W	0.9795	pathogenic
Q9Y243	D149Y	0.6669	pathogenic
Q9Y243	Y150A	0.9424	pathogenic
Q9Y243	Y150C	0.553	ambiguous
Q9Y243	Y150D	0.9727	pathogenic
Q9Y243	Y150E	0.9904	pathogenic
Q9Y243	Y150F	0.156	benign
Q9Y243	Y150G	0.9413	pathogenic
Q9Y243	Y150H	0.9014	pathogenic
Q9Y243	Y150I	0.8434	pathogenic
Q9Y243	Y150K	0.9858	pathogenic
Q9Y243	Y150L	0.6122	pathogenic
Q9Y243	Y150M	0.8731	pathogenic
Q9Y243	Y150N	0.8937	pathogenic
Q9Y243	Y150P	0.9522	pathogenic
Q9Y243	Y150Q	0.9816	pathogenic
Q9Y243	Y150R	0.9653	pathogenic
Q9Y243	Y150S	0.8603	pathogenic
Q9Y243	Y150T	0.9273	pathogenic
Q9Y243	Y150V	0.7307	pathogenic
Q9Y243	Y150W	0.8368	pathogenic
Q9Y243	L151A	0.9047	pathogenic
Q9Y243	L151C	0.869	pathogenic
Q9Y243	L151D	0.9962	pathogenic
Q9Y243	L151E	0.9304	pathogenic
Q9Y243	L151F	0.8769	pathogenic
Q9Y243	L151G	0.9814	pathogenic
Q9Y243	L151H	0.9434	pathogenic
Q9Y243	L151I	0.2422	benign
Q9Y243	L151K	0.8685	pathogenic
Q9Y243	L151M	0.3645	ambiguous
Q9Y243	L151N	0.9791	pathogenic
Q9Y243	L151P	0.9981	pathogenic
Q9Y243	L151Q	0.7509	pathogenic
Q9Y243	L151R	0.8423	pathogenic
Q9Y243	L151S	0.975	pathogenic
Q9Y243	L151T	0.9139	pathogenic
Q9Y243	L151V	0.2751	benign
Q9Y243	L151W	0.971	pathogenic
Q9Y243	L151Y	0.9599	pathogenic
Q9Y243	K152A	0.949	pathogenic
Q9Y243	K152C	0.914	pathogenic
Q9Y243	K152D	0.9961	pathogenic
Q9Y243	K152E	0.9828	pathogenic
Q9Y243	K152F	0.9947	pathogenic
Q9Y243	K152G	0.9551	pathogenic
Q9Y243	K152H	0.8403	pathogenic
Q9Y243	K152I	0.989	pathogenic
Q9Y243	K152L	0.958	pathogenic
Q9Y243	K152M	0.9401	pathogenic
Q9Y243	K152N	0.9901	pathogenic
Q9Y243	K152P	0.9978	pathogenic
Q9Y243	K152Q	0.7404	pathogenic
Q9Y243	K152R	0.2063	benign
Q9Y243	K152S	0.9753	pathogenic
Q9Y243	K152T	0.9302	pathogenic
Q9Y243	K152V	0.9648	pathogenic
Q9Y243	K152W	0.9945	pathogenic
Q9Y243	K152Y	0.9807	pathogenic
Q9Y243	L153A	0.9756	pathogenic
Q9Y243	L153C	0.9283	pathogenic
Q9Y243	L153D	0.9993	pathogenic
Q9Y243	L153E	0.9957	pathogenic
Q9Y243	L153F	0.9619	pathogenic
Q9Y243	L153G	0.9894	pathogenic
Q9Y243	L153H	0.992	pathogenic
Q9Y243	L153I	0.6114	pathogenic
Q9Y243	L153K	0.9894	pathogenic
Q9Y243	L153M	0.6726	pathogenic
Q9Y243	L153N	0.9861	pathogenic
Q9Y243	L153P	0.996	pathogenic
Q9Y243	L153Q	0.9887	pathogenic
Q9Y243	L153R	0.9833	pathogenic
Q9Y243	L153S	0.9951	pathogenic
Q9Y243	L153T	0.9701	pathogenic
Q9Y243	L153V	0.4373	ambiguous
Q9Y243	L153W	0.993	pathogenic
Q9Y243	L153Y	0.9882	pathogenic
Q9Y243	L154A	0.995	pathogenic
Q9Y243	L154C	0.9991	pathogenic
Q9Y243	L154D	1.0	pathogenic
Q9Y243	L154E	0.9998	pathogenic
Q9Y243	L154F	0.999	pathogenic
Q9Y243	L154G	0.9995	pathogenic
Q9Y243	L154H	0.9998	pathogenic
Q9Y243	L154I	0.8757	pathogenic
Q9Y243	L154K	0.9996	pathogenic
Q9Y243	L154M	0.9802	pathogenic
Q9Y243	L154N	0.9998	pathogenic
Q9Y243	L154P	0.9994	pathogenic
Q9Y243	L154Q	0.9998	pathogenic
Q9Y243	L154R	0.9989	pathogenic
Q9Y243	L154S	0.9998	pathogenic
Q9Y243	L154T	0.9981	pathogenic
Q9Y243	L154V	0.9636	pathogenic
Q9Y243	L154W	0.9997	pathogenic
Q9Y243	L154Y	0.9998	pathogenic
Q9Y243	G155A	0.9986	pathogenic
Q9Y243	G155C	0.9997	pathogenic
Q9Y243	G155D	0.9999	pathogenic
Q9Y243	G155E	0.9999	pathogenic
Q9Y243	G155F	0.9999	pathogenic
Q9Y243	G155H	1.0	pathogenic
Q9Y243	G155I	0.9999	pathogenic
Q9Y243	G155K	1.0	pathogenic
Q9Y243	G155L	0.9999	pathogenic
Q9Y243	G155M	1.0	pathogenic
Q9Y243	G155N	1.0	pathogenic
Q9Y243	G155P	1.0	pathogenic
Q9Y243	G155Q	0.9999	pathogenic
Q9Y243	G155R	0.9999	pathogenic
Q9Y243	G155S	0.9996	pathogenic
Q9Y243	G155T	0.9998	pathogenic
Q9Y243	G155V	0.9998	pathogenic
Q9Y243	G155W	0.9999	pathogenic
Q9Y243	G155Y	1.0	pathogenic
Q9Y243	K156A	0.9925	pathogenic
Q9Y243	K156C	0.9934	pathogenic
Q9Y243	K156D	0.9987	pathogenic
Q9Y243	K156E	0.9919	pathogenic
Q9Y243	K156F	0.9987	pathogenic
Q9Y243	K156G	0.9924	pathogenic
Q9Y243	K156H	0.975	pathogenic
Q9Y243	K156I	0.9921	pathogenic
Q9Y243	K156L	0.9907	pathogenic
Q9Y243	K156M	0.9774	pathogenic
Q9Y243	K156N	0.997	pathogenic
Q9Y243	K156P	0.9992	pathogenic
Q9Y243	K156Q	0.9368	pathogenic
Q9Y243	K156R	0.37	ambiguous
Q9Y243	K156S	0.9956	pathogenic
Q9Y243	K156T	0.968	pathogenic
Q9Y243	K156V	0.9865	pathogenic
Q9Y243	K156W	0.9974	pathogenic
Q9Y243	K156Y	0.9958	pathogenic
Q9Y243	G157A	0.9997	pathogenic
Q9Y243	G157C	0.9999	pathogenic
Q9Y243	G157D	0.9999	pathogenic
Q9Y243	G157E	0.9999	pathogenic
Q9Y243	G157F	0.9999	pathogenic
Q9Y243	G157H	1.0	pathogenic
Q9Y243	G157I	0.9999	pathogenic
Q9Y243	G157K	1.0	pathogenic
Q9Y243	G157L	1.0	pathogenic
Q9Y243	G157M	1.0	pathogenic
Q9Y243	G157N	1.0	pathogenic
Q9Y243	G157P	1.0	pathogenic
Q9Y243	G157Q	1.0	pathogenic
Q9Y243	G157R	1.0	pathogenic
Q9Y243	G157S	0.9998	pathogenic
Q9Y243	G157T	0.9997	pathogenic
Q9Y243	G157V	0.9998	pathogenic
Q9Y243	G157W	1.0	pathogenic
Q9Y243	G157Y	1.0	pathogenic
Q9Y243	T158A	0.943	pathogenic
Q9Y243	T158C	0.9971	pathogenic
Q9Y243	T158D	0.9964	pathogenic
Q9Y243	T158E	0.997	pathogenic
Q9Y243	T158F	0.9946	pathogenic
Q9Y243	T158G	0.9706	pathogenic
Q9Y243	T158H	0.9906	pathogenic
Q9Y243	T158I	0.9984	pathogenic
Q9Y243	T158K	0.9964	pathogenic
Q9Y243	T158L	0.9886	pathogenic
Q9Y243	T158M	0.9841	pathogenic
Q9Y243	T158N	0.9633	pathogenic
Q9Y243	T158P	0.9882	pathogenic
Q9Y243	T158Q	0.9944	pathogenic
Q9Y243	T158R	0.9933	pathogenic
Q9Y243	T158S	0.9013	pathogenic
Q9Y243	T158V	0.9892	pathogenic
Q9Y243	T158W	0.9989	pathogenic
Q9Y243	T158Y	0.995	pathogenic
Q9Y243	F159A	0.9994	pathogenic
Q9Y243	F159C	0.9996	pathogenic
Q9Y243	F159D	0.9998	pathogenic
Q9Y243	F159E	0.9999	pathogenic
Q9Y243	F159G	0.9993	pathogenic
Q9Y243	F159H	0.999	pathogenic
Q9Y243	F159I	0.9998	pathogenic
Q9Y243	F159K	0.9999	pathogenic
Q9Y243	F159L	1.0	pathogenic
Q9Y243	F159M	0.9993	pathogenic
Q9Y243	F159N	0.9995	pathogenic
Q9Y243	F159P	1.0	pathogenic
Q9Y243	F159Q	0.9998	pathogenic
Q9Y243	F159R	0.9994	pathogenic
Q9Y243	F159S	0.9994	pathogenic
Q9Y243	F159T	0.9997	pathogenic
Q9Y243	F159V	0.9995	pathogenic
Q9Y243	F159W	0.9837	pathogenic
Q9Y243	F159Y	0.9171	pathogenic
Q9Y243	G160A	0.9975	pathogenic
Q9Y243	G160C	0.9998	pathogenic
Q9Y243	G160D	1.0	pathogenic
Q9Y243	G160E	1.0	pathogenic
Q9Y243	G160F	1.0	pathogenic
Q9Y243	G160H	1.0	pathogenic
Q9Y243	G160I	1.0	pathogenic
Q9Y243	G160K	1.0	pathogenic
Q9Y243	G160L	0.9999	pathogenic
Q9Y243	G160M	1.0	pathogenic
Q9Y243	G160N	1.0	pathogenic
Q9Y243	G160P	1.0	pathogenic
Q9Y243	G160Q	1.0	pathogenic
Q9Y243	G160R	1.0	pathogenic
Q9Y243	G160S	0.9989	pathogenic
Q9Y243	G160T	0.9998	pathogenic
Q9Y243	G160V	0.9999	pathogenic
Q9Y243	G160W	1.0	pathogenic
Q9Y243	G160Y	1.0	pathogenic
Q9Y243	K161A	0.9978	pathogenic
Q9Y243	K161C	0.9975	pathogenic
Q9Y243	K161D	0.9992	pathogenic
Q9Y243	K161E	0.9979	pathogenic
Q9Y243	K161F	0.9997	pathogenic
Q9Y243	K161G	0.9977	pathogenic
Q9Y243	K161H	0.9894	pathogenic
Q9Y243	K161I	0.9978	pathogenic
Q9Y243	K161L	0.9975	pathogenic
Q9Y243	K161M	0.9942	pathogenic
Q9Y243	K161N	0.9991	pathogenic
Q9Y243	K161P	0.9995	pathogenic
Q9Y243	K161Q	0.9918	pathogenic
Q9Y243	K161R	0.6841	pathogenic
Q9Y243	K161S	0.9986	pathogenic
Q9Y243	K161T	0.9916	pathogenic
Q9Y243	K161V	0.9962	pathogenic
Q9Y243	K161W	0.9992	pathogenic
Q9Y243	K161Y	0.9982	pathogenic
Q9Y243	V162A	0.9994	pathogenic
Q9Y243	V162C	0.998	pathogenic
Q9Y243	V162D	0.9996	pathogenic
Q9Y243	V162E	0.9997	pathogenic
Q9Y243	V162F	0.9994	pathogenic
Q9Y243	V162G	0.9906	pathogenic
Q9Y243	V162H	0.9999	pathogenic
Q9Y243	V162I	0.9536	pathogenic
Q9Y243	V162K	0.9998	pathogenic
Q9Y243	V162L	0.9997	pathogenic
Q9Y243	V162M	0.9996	pathogenic
Q9Y243	V162N	0.998	pathogenic
Q9Y243	V162P	0.9998	pathogenic
Q9Y243	V162Q	0.9998	pathogenic
Q9Y243	V162R	0.9991	pathogenic
Q9Y243	V162S	0.9979	pathogenic
Q9Y243	V162T	0.993	pathogenic
Q9Y243	V162W	1.0	pathogenic
Q9Y243	V162Y	0.9996	pathogenic
Q9Y243	I163A	0.9883	pathogenic
Q9Y243	I163C	0.9887	pathogenic
Q9Y243	I163D	0.9999	pathogenic
Q9Y243	I163E	0.9997	pathogenic
Q9Y243	I163F	0.8911	pathogenic
Q9Y243	I163G	0.9987	pathogenic
Q9Y243	I163H	0.9993	pathogenic
Q9Y243	I163K	0.9994	pathogenic
Q9Y243	I163L	0.6376	pathogenic
Q9Y243	I163M	0.7401	pathogenic
Q9Y243	I163N	0.9983	pathogenic
Q9Y243	I163P	0.9997	pathogenic
Q9Y243	I163Q	0.9991	pathogenic
Q9Y243	I163R	0.9984	pathogenic
Q9Y243	I163S	0.9956	pathogenic
Q9Y243	I163T	0.9928	pathogenic
Q9Y243	I163V	0.3274	benign
Q9Y243	I163W	0.9981	pathogenic
Q9Y243	I163Y	0.992	pathogenic
Q9Y243	L164A	0.9701	pathogenic
Q9Y243	L164C	0.9789	pathogenic
Q9Y243	L164D	1.0	pathogenic
Q9Y243	L164E	0.9989	pathogenic
Q9Y243	L164F	0.9862	pathogenic
Q9Y243	L164G	0.9948	pathogenic
Q9Y243	L164H	0.9988	pathogenic
Q9Y243	L164I	0.9168	pathogenic
Q9Y243	L164K	0.9974	pathogenic
Q9Y243	L164M	0.7081	pathogenic
Q9Y243	L164N	0.9992	pathogenic
Q9Y243	L164P	0.9999	pathogenic
Q9Y243	L164Q	0.9895	pathogenic
Q9Y243	L164R	0.9941	pathogenic
Q9Y243	L164S	0.9976	pathogenic
Q9Y243	L164T	0.9953	pathogenic
Q9Y243	L164V	0.8954	pathogenic
Q9Y243	L164W	0.9986	pathogenic
Q9Y243	L164Y	0.9977	pathogenic
Q9Y243	V165A	0.8983	pathogenic
Q9Y243	V165C	0.882	pathogenic
Q9Y243	V165D	0.9996	pathogenic
Q9Y243	V165E	0.9994	pathogenic
Q9Y243	V165F	0.9967	pathogenic
Q9Y243	V165G	0.8872	pathogenic
Q9Y243	V165H	0.9997	pathogenic
Q9Y243	V165I	0.7751	pathogenic
Q9Y243	V165K	0.9996	pathogenic
Q9Y243	V165L	0.9918	pathogenic
Q9Y243	V165M	0.9932	pathogenic
Q9Y243	V165N	0.9977	pathogenic
Q9Y243	V165P	0.9994	pathogenic
Q9Y243	V165Q	0.9985	pathogenic
Q9Y243	V165R	0.9977	pathogenic
Q9Y243	V165S	0.9233	pathogenic
Q9Y243	V165T	0.9178	pathogenic
Q9Y243	V165W	0.9999	pathogenic
Q9Y243	V165Y	0.9994	pathogenic
Q9Y243	R166A	0.8509	pathogenic
Q9Y243	R166C	0.44	ambiguous
Q9Y243	R166D	0.9877	pathogenic
Q9Y243	R166E	0.7099	pathogenic
Q9Y243	R166F	0.9561	pathogenic
Q9Y243	R166G	0.8732	pathogenic
Q9Y243	R166H	0.4039	ambiguous
Q9Y243	R166I	0.7665	pathogenic
Q9Y243	R166K	0.0823	benign
Q9Y243	R166L	0.7179	pathogenic
Q9Y243	R166M	0.691	pathogenic
Q9Y243	R166N	0.9558	pathogenic
Q9Y243	R166P	0.9977	pathogenic
Q9Y243	R166Q	0.1642	benign
Q9Y243	R166S	0.9176	pathogenic
Q9Y243	R166T	0.7683	pathogenic
Q9Y243	R166V	0.7481	pathogenic
Q9Y243	R166W	0.7744	pathogenic
Q9Y243	R166Y	0.8999	pathogenic
Q9Y243	E167A	0.9545	pathogenic
Q9Y243	E167C	0.9789	pathogenic
Q9Y243	E167D	0.8623	pathogenic
Q9Y243	E167F	0.9982	pathogenic
Q9Y243	E167G	0.9443	pathogenic
Q9Y243	E167H	0.9694	pathogenic
Q9Y243	E167I	0.9948	pathogenic
Q9Y243	E167K	0.9653	pathogenic
Q9Y243	E167L	0.9843	pathogenic
Q9Y243	E167M	0.9891	pathogenic
Q9Y243	E167N	0.9742	pathogenic
Q9Y243	E167P	0.9993	pathogenic
Q9Y243	E167Q	0.8183	pathogenic
Q9Y243	E167R	0.969	pathogenic
Q9Y243	E167S	0.9676	pathogenic
Q9Y243	E167T	0.9933	pathogenic
Q9Y243	E167V	0.9827	pathogenic
Q9Y243	E167W	0.9986	pathogenic
Q9Y243	E167Y	0.9946	pathogenic
Q9Y243	K168A	0.9227	pathogenic
Q9Y243	K168C	0.9573	pathogenic
Q9Y243	K168D	0.9856	pathogenic
Q9Y243	K168E	0.8865	pathogenic
Q9Y243	K168F	0.9897	pathogenic
Q9Y243	K168G	0.9597	pathogenic
Q9Y243	K168H	0.795	pathogenic
Q9Y243	K168I	0.8152	pathogenic
Q9Y243	K168L	0.8248	pathogenic
Q9Y243	K168M	0.7826	pathogenic
Q9Y243	K168N	0.9322	pathogenic
Q9Y243	K168P	0.9936	pathogenic
Q9Y243	K168Q	0.592	pathogenic
Q9Y243	K168R	0.1299	benign
Q9Y243	K168S	0.965	pathogenic
Q9Y243	K168T	0.8227	pathogenic
Q9Y243	K168V	0.7674	pathogenic
Q9Y243	K168W	0.9851	pathogenic
Q9Y243	K168Y	0.9686	pathogenic
Q9Y243	A169C	0.3296	benign
Q9Y243	A169D	0.3586	ambiguous
Q9Y243	A169E	0.3424	ambiguous
Q9Y243	A169F	0.3472	ambiguous
Q9Y243	A169G	0.116	benign
Q9Y243	A169H	0.4001	ambiguous
Q9Y243	A169I	0.2132	benign
Q9Y243	A169K	0.5827	pathogenic
Q9Y243	A169L	0.1515	benign
Q9Y243	A169M	0.1851	benign
Q9Y243	A169N	0.1741	benign
Q9Y243	A169P	0.5485	ambiguous
Q9Y243	A169Q	0.305	benign
Q9Y243	A169R	0.5836	pathogenic
Q9Y243	A169S	0.0801	benign
Q9Y243	A169T	0.0858	benign
Q9Y243	A169V	0.1258	benign
Q9Y243	A169W	0.7894	pathogenic
Q9Y243	A169Y	0.4609	ambiguous
Q9Y243	S170A	0.1849	benign
Q9Y243	S170C	0.1649	benign
Q9Y243	S170D	0.427	ambiguous
Q9Y243	S170E	0.7891	pathogenic
Q9Y243	S170F	0.674	pathogenic
Q9Y243	S170G	0.1238	benign
Q9Y243	S170H	0.5763	pathogenic
Q9Y243	S170I	0.5804	pathogenic
Q9Y243	S170K	0.8984	pathogenic
Q9Y243	S170L	0.2329	benign
Q9Y243	S170M	0.3432	ambiguous
Q9Y243	S170N	0.1271	benign
Q9Y243	S170P	0.8821	pathogenic
Q9Y243	S170Q	0.7512	pathogenic
Q9Y243	S170R	0.8617	pathogenic
Q9Y243	S170T	0.06	benign
Q9Y243	S170V	0.4877	ambiguous
Q9Y243	S170W	0.7796	pathogenic
Q9Y243	S170Y	0.5972	pathogenic
Q9Y243	G171A	0.3506	ambiguous
Q9Y243	G171C	0.503	ambiguous
Q9Y243	G171D	0.471	ambiguous
Q9Y243	G171E	0.4947	ambiguous
Q9Y243	G171F	0.9387	pathogenic
Q9Y243	G171H	0.6265	pathogenic
Q9Y243	G171I	0.929	pathogenic
Q9Y243	G171K	0.6312	pathogenic
Q9Y243	G171L	0.7615	pathogenic
Q9Y243	G171M	0.7869	pathogenic
Q9Y243	G171N	0.2986	benign
Q9Y243	G171P	0.987	pathogenic
Q9Y243	G171Q	0.3678	ambiguous
Q9Y243	G171R	0.5206	ambiguous
Q9Y243	G171S	0.1775	benign
Q9Y243	G171T	0.5629	ambiguous
Q9Y243	G171V	0.8389	pathogenic
Q9Y243	G171W	0.9083	pathogenic
Q9Y243	G171Y	0.8607	pathogenic
Q9Y243	K172A	0.1887	benign
Q9Y243	K172C	0.2784	benign
Q9Y243	K172D	0.4678	ambiguous
Q9Y243	K172E	0.1836	benign
Q9Y243	K172F	0.501	ambiguous
Q9Y243	K172G	0.3761	ambiguous
Q9Y243	K172H	0.142	benign
Q9Y243	K172I	0.1596	benign
Q9Y243	K172L	0.1982	benign
Q9Y243	K172M	0.1338	benign
Q9Y243	K172N	0.2592	benign
Q9Y243	K172P	0.936	pathogenic
Q9Y243	K172Q	0.0776	benign
Q9Y243	K172R	0.0646	benign
Q9Y243	K172S	0.2347	benign
Q9Y243	K172T	0.0962	benign
Q9Y243	K172V	0.1401	benign
Q9Y243	K172W	0.5686	pathogenic
Q9Y243	K172Y	0.428	ambiguous
Q9Y243	Y173A	0.8267	pathogenic
Q9Y243	Y173C	0.3065	benign
Q9Y243	Y173D	0.8909	pathogenic
Q9Y243	Y173E	0.9504	pathogenic
Q9Y243	Y173F	0.0934	benign
Q9Y243	Y173G	0.8629	pathogenic
Q9Y243	Y173H	0.4344	ambiguous
Q9Y243	Y173I	0.5881	pathogenic
Q9Y243	Y173K	0.9389	pathogenic
Q9Y243	Y173L	0.418	ambiguous
Q9Y243	Y173M	0.7263	pathogenic
Q9Y243	Y173N	0.5571	ambiguous
Q9Y243	Y173P	0.925	pathogenic
Q9Y243	Y173Q	0.8876	pathogenic
Q9Y243	Y173R	0.8747	pathogenic
Q9Y243	Y173S	0.72	pathogenic
Q9Y243	Y173T	0.7777	pathogenic
Q9Y243	Y173V	0.4907	ambiguous
Q9Y243	Y173W	0.5683	pathogenic
Q9Y243	Y174A	0.9751	pathogenic
Q9Y243	Y174C	0.6014	pathogenic
Q9Y243	Y174D	0.9917	pathogenic
Q9Y243	Y174E	0.9975	pathogenic
Q9Y243	Y174F	0.0923	benign
Q9Y243	Y174G	0.955	pathogenic
Q9Y243	Y174H	0.8591	pathogenic
Q9Y243	Y174I	0.9729	pathogenic
Q9Y243	Y174K	0.9967	pathogenic
Q9Y243	Y174L	0.8959	pathogenic
Q9Y243	Y174M	0.9563	pathogenic
Q9Y243	Y174N	0.9517	pathogenic
Q9Y243	Y174P	0.9993	pathogenic
Q9Y243	Y174Q	0.9906	pathogenic
Q9Y243	Y174R	0.9812	pathogenic
Q9Y243	Y174S	0.9412	pathogenic
Q9Y243	Y174T	0.9874	pathogenic
Q9Y243	Y174V	0.909	pathogenic
Q9Y243	Y174W	0.6683	pathogenic
Q9Y243	A175C	0.9902	pathogenic
Q9Y243	A175D	0.9999	pathogenic
Q9Y243	A175E	0.9999	pathogenic
Q9Y243	A175F	0.9989	pathogenic
Q9Y243	A175G	0.9786	pathogenic
Q9Y243	A175H	0.9998	pathogenic
Q9Y243	A175I	0.9991	pathogenic
Q9Y243	A175K	0.9999	pathogenic
Q9Y243	A175L	0.9922	pathogenic
Q9Y243	A175M	0.999	pathogenic
Q9Y243	A175N	0.9998	pathogenic
Q9Y243	A175P	0.9995	pathogenic
Q9Y243	A175Q	0.999	pathogenic
Q9Y243	A175R	0.9986	pathogenic
Q9Y243	A175S	0.9453	pathogenic
Q9Y243	A175T	0.9969	pathogenic
Q9Y243	A175V	0.9971	pathogenic
Q9Y243	A175W	0.9999	pathogenic
Q9Y243	A175Y	0.9997	pathogenic
Q9Y243	M176A	0.9814	pathogenic
Q9Y243	M176C	0.9587	pathogenic
Q9Y243	M176D	1.0	pathogenic
Q9Y243	M176E	0.9995	pathogenic
Q9Y243	M176F	0.9843	pathogenic
Q9Y243	M176G	0.9981	pathogenic
Q9Y243	M176H	0.9999	pathogenic
Q9Y243	M176I	0.9495	pathogenic
Q9Y243	M176K	0.9995	pathogenic
Q9Y243	M176L	0.6955	pathogenic
Q9Y243	M176N	0.9997	pathogenic
Q9Y243	M176P	1.0	pathogenic
Q9Y243	M176Q	0.9955	pathogenic
Q9Y243	M176R	0.9994	pathogenic
Q9Y243	M176S	0.997	pathogenic
Q9Y243	M176T	0.9964	pathogenic
Q9Y243	M176V	0.6096	pathogenic
Q9Y243	M176W	0.9998	pathogenic
Q9Y243	M176Y	0.9995	pathogenic
Q9Y243	K177A	0.9998	pathogenic
Q9Y243	K177C	0.9999	pathogenic
Q9Y243	K177D	0.9999	pathogenic
Q9Y243	K177E	0.9998	pathogenic
Q9Y243	K177F	1.0	pathogenic
Q9Y243	K177G	0.9996	pathogenic
Q9Y243	K177H	0.9993	pathogenic
Q9Y243	K177I	0.9998	pathogenic
Q9Y243	K177L	0.9998	pathogenic
Q9Y243	K177M	0.9993	pathogenic
Q9Y243	K177N	0.9999	pathogenic
Q9Y243	K177P	0.9999	pathogenic
Q9Y243	K177Q	0.9998	pathogenic
Q9Y243	K177R	0.9942	pathogenic
Q9Y243	K177S	0.9999	pathogenic
Q9Y243	K177T	0.999	pathogenic
Q9Y243	K177V	0.9997	pathogenic
Q9Y243	K177W	1.0	pathogenic
Q9Y243	K177Y	0.9999	pathogenic
Q9Y243	I178A	0.997	pathogenic
Q9Y243	I178C	0.9951	pathogenic
Q9Y243	I178D	0.9999	pathogenic
Q9Y243	I178E	0.9996	pathogenic
Q9Y243	I178F	0.9704	pathogenic
Q9Y243	I178G	0.9996	pathogenic
Q9Y243	I178H	0.9997	pathogenic
Q9Y243	I178K	0.9996	pathogenic
Q9Y243	I178L	0.8652	pathogenic
Q9Y243	I178M	0.8492	pathogenic
Q9Y243	I178N	0.9982	pathogenic
Q9Y243	I178P	0.9998	pathogenic
Q9Y243	I178Q	0.9994	pathogenic
Q9Y243	I178R	0.9992	pathogenic
Q9Y243	I178S	0.9974	pathogenic
Q9Y243	I178T	0.9965	pathogenic
Q9Y243	I178V	0.3304	benign
Q9Y243	I178W	0.9993	pathogenic
Q9Y243	I178Y	0.9967	pathogenic
Q9Y243	L179A	0.9973	pathogenic
Q9Y243	L179C	0.9982	pathogenic
Q9Y243	L179D	1.0	pathogenic
Q9Y243	L179E	0.9998	pathogenic
Q9Y243	L179F	0.9972	pathogenic
Q9Y243	L179G	0.9996	pathogenic
Q9Y243	L179H	0.9998	pathogenic
Q9Y243	L179I	0.9333	pathogenic
Q9Y243	L179K	0.9998	pathogenic
Q9Y243	L179M	0.9523	pathogenic
Q9Y243	L179N	0.9998	pathogenic
Q9Y243	L179P	0.9999	pathogenic
Q9Y243	L179Q	0.9995	pathogenic
Q9Y243	L179R	0.9993	pathogenic
Q9Y243	L179S	0.9998	pathogenic
Q9Y243	L179T	0.9988	pathogenic
Q9Y243	L179V	0.9709	pathogenic
Q9Y243	L179W	0.9996	pathogenic
Q9Y243	L179Y	0.9997	pathogenic
Q9Y243	K180A	0.989	pathogenic
Q9Y243	K180C	0.9759	pathogenic
Q9Y243	K180D	0.9967	pathogenic
Q9Y243	K180E	0.9866	pathogenic
Q9Y243	K180F	0.9991	pathogenic
Q9Y243	K180G	0.9912	pathogenic
Q9Y243	K180H	0.9028	pathogenic
Q9Y243	K180I	0.9958	pathogenic
Q9Y243	K180L	0.971	pathogenic
Q9Y243	K180M	0.9822	pathogenic
Q9Y243	K180N	0.9941	pathogenic
Q9Y243	K180P	0.9946	pathogenic
Q9Y243	K180Q	0.7917	pathogenic
Q9Y243	K180R	0.1021	benign
Q9Y243	K180S	0.9941	pathogenic
Q9Y243	K180T	0.9886	pathogenic
Q9Y243	K180V	0.9897	pathogenic
Q9Y243	K180W	0.9952	pathogenic
Q9Y243	K180Y	0.9933	pathogenic
Q9Y243	K181A	0.9989	pathogenic
Q9Y243	K181C	0.9998	pathogenic
Q9Y243	K181D	0.9996	pathogenic
Q9Y243	K181E	0.999	pathogenic
Q9Y243	K181F	1.0	pathogenic
Q9Y243	K181G	0.9989	pathogenic
Q9Y243	K181H	0.9985	pathogenic
Q9Y243	K181I	0.9996	pathogenic
Q9Y243	K181L	0.9987	pathogenic
Q9Y243	K181M	0.9978	pathogenic
Q9Y243	K181N	0.9997	pathogenic
Q9Y243	K181P	0.9985	pathogenic
Q9Y243	K181Q	0.9978	pathogenic
Q9Y243	K181R	0.8882	pathogenic
Q9Y243	K181S	0.9998	pathogenic
Q9Y243	K181T	0.9964	pathogenic
Q9Y243	K181V	0.9992	pathogenic
Q9Y243	K181W	0.9999	pathogenic
Q9Y243	K181Y	0.9997	pathogenic
Q9Y243	E182A	0.5521	ambiguous
Q9Y243	E182C	0.9772	pathogenic
Q9Y243	E182D	0.2207	benign
Q9Y243	E182F	0.9923	pathogenic
Q9Y243	E182G	0.6237	pathogenic
Q9Y243	E182H	0.8799	pathogenic
Q9Y243	E182I	0.959	pathogenic
Q9Y243	E182K	0.8145	pathogenic
Q9Y243	E182L	0.9626	pathogenic
Q9Y243	E182M	0.9517	pathogenic
Q9Y243	E182N	0.6681	pathogenic
Q9Y243	E182P	0.9838	pathogenic
Q9Y243	E182Q	0.5098	ambiguous
Q9Y243	E182R	0.8646	pathogenic
Q9Y243	E182S	0.5247	ambiguous
Q9Y243	E182T	0.7846	pathogenic
Q9Y243	E182V	0.8662	pathogenic
Q9Y243	E182W	0.9942	pathogenic
Q9Y243	E182Y	0.9728	pathogenic
Q9Y243	V183A	0.9239	pathogenic
Q9Y243	V183C	0.9571	pathogenic
Q9Y243	V183D	0.9741	pathogenic
Q9Y243	V183E	0.9594	pathogenic
Q9Y243	V183F	0.7956	pathogenic
Q9Y243	V183G	0.914	pathogenic
Q9Y243	V183H	0.9807	pathogenic
Q9Y243	V183I	0.1551	benign
Q9Y243	V183K	0.9767	pathogenic
Q9Y243	V183L	0.8429	pathogenic
Q9Y243	V183M	0.7044	pathogenic
Q9Y243	V183N	0.8628	pathogenic
Q9Y243	V183P	0.9984	pathogenic
Q9Y243	V183Q	0.9576	pathogenic
Q9Y243	V183R	0.9674	pathogenic
Q9Y243	V183S	0.9268	pathogenic
Q9Y243	V183T	0.8152	pathogenic
Q9Y243	V183W	0.991	pathogenic
Q9Y243	V183Y	0.958	pathogenic
Q9Y243	I184A	0.9974	pathogenic
Q9Y243	I184C	0.9992	pathogenic
Q9Y243	I184D	0.9999	pathogenic
Q9Y243	I184E	0.9998	pathogenic
Q9Y243	I184F	0.9978	pathogenic
Q9Y243	I184G	0.9998	pathogenic
Q9Y243	I184H	0.9999	pathogenic
Q9Y243	I184K	0.9999	pathogenic
Q9Y243	I184L	0.8399	pathogenic
Q9Y243	I184M	0.9529	pathogenic
Q9Y243	I184N	0.9995	pathogenic
Q9Y243	I184P	0.9997	pathogenic
Q9Y243	I184Q	0.9998	pathogenic
Q9Y243	I184R	0.9996	pathogenic
Q9Y243	I184S	0.9993	pathogenic
Q9Y243	I184T	0.9976	pathogenic
Q9Y243	I184V	0.5037	ambiguous
Q9Y243	I184W	0.9999	pathogenic
Q9Y243	I184Y	0.9998	pathogenic
Q9Y243	I185A	0.9293	pathogenic
Q9Y243	I185C	0.9704	pathogenic
Q9Y243	I185D	0.9983	pathogenic
Q9Y243	I185E	0.9855	pathogenic
Q9Y243	I185F	0.8734	pathogenic
Q9Y243	I185G	0.9943	pathogenic
Q9Y243	I185H	0.9914	pathogenic
Q9Y243	I185K	0.9768	pathogenic
Q9Y243	I185L	0.527	ambiguous
Q9Y243	I185M	0.4904	ambiguous
Q9Y243	I185N	0.9845	pathogenic
Q9Y243	I185P	0.9987	pathogenic
Q9Y243	I185Q	0.9749	pathogenic
Q9Y243	I185R	0.96	pathogenic
Q9Y243	I185S	0.9624	pathogenic
Q9Y243	I185T	0.816	pathogenic
Q9Y243	I185V	0.1156	benign
Q9Y243	I185W	0.9927	pathogenic
Q9Y243	I185Y	0.9821	pathogenic
Q9Y243	A186C	0.8536	pathogenic
Q9Y243	A186D	0.903	pathogenic
Q9Y243	A186E	0.6999	pathogenic
Q9Y243	A186F	0.9326	pathogenic
Q9Y243	A186G	0.5753	pathogenic
Q9Y243	A186H	0.8807	pathogenic
Q9Y243	A186I	0.9337	pathogenic
Q9Y243	A186K	0.9163	pathogenic
Q9Y243	A186L	0.6438	pathogenic
Q9Y243	A186M	0.7335	pathogenic
Q9Y243	A186N	0.6947	pathogenic
Q9Y243	A186P	0.9987	pathogenic
Q9Y243	A186Q	0.4237	ambiguous
Q9Y243	A186R	0.8379	pathogenic
Q9Y243	A186S	0.2226	benign
Q9Y243	A186T	0.5367	ambiguous
Q9Y243	A186V	0.7996	pathogenic
Q9Y243	A186W	0.9907	pathogenic
Q9Y243	A186Y	0.9477	pathogenic
Q9Y243	K187A	0.992	pathogenic
Q9Y243	K187C	0.9948	pathogenic
Q9Y243	K187D	0.9977	pathogenic
Q9Y243	K187E	0.9909	pathogenic
Q9Y243	K187F	0.9995	pathogenic
Q9Y243	K187G	0.9886	pathogenic
Q9Y243	K187H	0.9696	pathogenic
Q9Y243	K187I	0.9988	pathogenic
Q9Y243	K187L	0.9906	pathogenic
Q9Y243	K187M	0.9915	pathogenic
Q9Y243	K187N	0.9975	pathogenic
Q9Y243	K187P	0.9981	pathogenic
Q9Y243	K187Q	0.9579	pathogenic
Q9Y243	K187R	0.2703	benign
Q9Y243	K187S	0.9972	pathogenic
Q9Y243	K187T	0.9911	pathogenic
Q9Y243	K187V	0.9952	pathogenic
Q9Y243	K187W	0.9974	pathogenic
Q9Y243	K187Y	0.9968	pathogenic
Q9Y243	D188A	0.9869	pathogenic
Q9Y243	D188C	0.9987	pathogenic
Q9Y243	D188E	0.9224	pathogenic
Q9Y243	D188F	0.9983	pathogenic
Q9Y243	D188G	0.9462	pathogenic
Q9Y243	D188H	0.9956	pathogenic
Q9Y243	D188I	0.9986	pathogenic
Q9Y243	D188K	0.9935	pathogenic
Q9Y243	D188L	0.9952	pathogenic
Q9Y243	D188M	0.9983	pathogenic
Q9Y243	D188N	0.9385	pathogenic
Q9Y243	D188P	0.9996	pathogenic
Q9Y243	D188Q	0.9904	pathogenic
Q9Y243	D188R	0.9914	pathogenic
Q9Y243	D188S	0.9813	pathogenic
Q9Y243	D188T	0.9952	pathogenic
Q9Y243	D188V	0.9914	pathogenic
Q9Y243	D188W	0.999	pathogenic
Q9Y243	D188Y	0.9837	pathogenic
Q9Y243	E189A	0.9946	pathogenic
Q9Y243	E189C	0.9994	pathogenic
Q9Y243	E189D	0.9978	pathogenic
Q9Y243	E189F	0.9999	pathogenic
Q9Y243	E189G	0.9974	pathogenic
Q9Y243	E189H	0.9998	pathogenic
Q9Y243	E189I	0.9996	pathogenic
Q9Y243	E189K	0.9986	pathogenic
Q9Y243	E189L	0.9996	pathogenic
Q9Y243	E189M	0.9993	pathogenic
Q9Y243	E189N	0.9997	pathogenic
Q9Y243	E189P	1.0	pathogenic
Q9Y243	E189Q	0.9927	pathogenic
Q9Y243	E189R	0.9977	pathogenic
Q9Y243	E189S	0.999	pathogenic
Q9Y243	E189T	0.9989	pathogenic
Q9Y243	E189V	0.9985	pathogenic
Q9Y243	E189W	0.9999	pathogenic
Q9Y243	E189Y	0.9998	pathogenic
Q9Y243	V190A	0.9767	pathogenic
Q9Y243	V190C	0.9982	pathogenic
Q9Y243	V190D	0.9985	pathogenic
Q9Y243	V190E	0.9856	pathogenic
Q9Y243	V190F	0.9732	pathogenic
Q9Y243	V190G	0.9744	pathogenic
Q9Y243	V190H	0.9992	pathogenic
Q9Y243	V190I	0.3914	ambiguous
Q9Y243	V190K	0.9933	pathogenic
Q9Y243	V190L	0.9781	pathogenic
Q9Y243	V190M	0.9519	pathogenic
Q9Y243	V190N	0.9963	pathogenic
Q9Y243	V190P	0.9994	pathogenic
Q9Y243	V190Q	0.9929	pathogenic
Q9Y243	V190R	0.9908	pathogenic
Q9Y243	V190S	0.9917	pathogenic
Q9Y243	V190T	0.9456	pathogenic
Q9Y243	V190W	0.9995	pathogenic
Q9Y243	V190Y	0.9957	pathogenic
Q9Y243	A191C	0.8862	pathogenic
Q9Y243	A191D	0.9364	pathogenic
Q9Y243	A191E	0.8341	pathogenic
Q9Y243	A191F	0.9144	pathogenic
Q9Y243	A191G	0.6877	pathogenic
Q9Y243	A191H	0.9477	pathogenic
Q9Y243	A191I	0.8896	pathogenic
Q9Y243	A191K	0.9762	pathogenic
Q9Y243	A191L	0.6525	pathogenic
Q9Y243	A191M	0.7097	pathogenic
Q9Y243	A191N	0.8047	pathogenic
Q9Y243	A191P	0.9649	pathogenic
Q9Y243	A191Q	0.7476	pathogenic
Q9Y243	A191R	0.9331	pathogenic
Q9Y243	A191S	0.316	benign
Q9Y243	A191T	0.5058	ambiguous
Q9Y243	A191V	0.7006	pathogenic
Q9Y243	A191W	0.9912	pathogenic
Q9Y243	A191Y	0.9638	pathogenic
Q9Y243	H192A	0.9977	pathogenic
Q9Y243	H192C	0.9827	pathogenic
Q9Y243	H192D	0.9993	pathogenic
Q9Y243	H192E	0.9993	pathogenic
Q9Y243	H192F	0.9898	pathogenic
Q9Y243	H192G	0.9988	pathogenic
Q9Y243	H192I	0.9996	pathogenic
Q9Y243	H192K	0.9992	pathogenic
Q9Y243	H192L	0.9932	pathogenic
Q9Y243	H192M	0.9986	pathogenic
Q9Y243	H192N	0.9952	pathogenic
Q9Y243	H192P	0.9962	pathogenic
Q9Y243	H192Q	0.9988	pathogenic
Q9Y243	H192R	0.9977	pathogenic
Q9Y243	H192S	0.9965	pathogenic
Q9Y243	H192T	0.9993	pathogenic
Q9Y243	H192V	0.9991	pathogenic
Q9Y243	H192W	0.9833	pathogenic
Q9Y243	H192Y	0.9922	pathogenic
Q9Y243	T193A	0.9779	pathogenic
Q9Y243	T193C	0.9941	pathogenic
Q9Y243	T193D	0.9996	pathogenic
Q9Y243	T193E	0.9993	pathogenic
Q9Y243	T193F	0.9991	pathogenic
Q9Y243	T193G	0.9969	pathogenic
Q9Y243	T193H	0.9982	pathogenic
Q9Y243	T193I	0.9894	pathogenic
Q9Y243	T193K	0.999	pathogenic
Q9Y243	T193L	0.9811	pathogenic
Q9Y243	T193M	0.9868	pathogenic
Q9Y243	T193N	0.9968	pathogenic
Q9Y243	T193P	0.9971	pathogenic
Q9Y243	T193Q	0.9982	pathogenic
Q9Y243	T193R	0.9981	pathogenic
Q9Y243	T193S	0.9882	pathogenic
Q9Y243	T193V	0.9611	pathogenic
Q9Y243	T193W	0.9998	pathogenic
Q9Y243	T193Y	0.9994	pathogenic
Q9Y243	L194A	0.916	pathogenic
Q9Y243	L194C	0.9481	pathogenic
Q9Y243	L194D	0.9983	pathogenic
Q9Y243	L194E	0.9631	pathogenic
Q9Y243	L194F	0.9189	pathogenic
Q9Y243	L194G	0.9918	pathogenic
Q9Y243	L194H	0.9693	pathogenic
Q9Y243	L194I	0.2689	benign
Q9Y243	L194K	0.9159	pathogenic
Q9Y243	L194M	0.2974	benign
Q9Y243	L194N	0.9715	pathogenic
Q9Y243	L194P	0.9997	pathogenic
Q9Y243	L194Q	0.8212	pathogenic
Q9Y243	L194R	0.8914	pathogenic
Q9Y243	L194S	0.9786	pathogenic
Q9Y243	L194T	0.9131	pathogenic
Q9Y243	L194V	0.2235	benign
Q9Y243	L194W	0.9766	pathogenic
Q9Y243	L194Y	0.9779	pathogenic
Q9Y243	T195A	0.73	pathogenic
Q9Y243	T195C	0.9741	pathogenic
Q9Y243	T195D	0.9957	pathogenic
Q9Y243	T195E	0.9895	pathogenic
Q9Y243	T195F	0.9946	pathogenic
Q9Y243	T195G	0.9357	pathogenic
Q9Y243	T195H	0.9929	pathogenic
Q9Y243	T195I	0.9911	pathogenic
Q9Y243	T195K	0.9943	pathogenic
Q9Y243	T195L	0.9421	pathogenic
Q9Y243	T195M	0.8892	pathogenic
Q9Y243	T195N	0.9523	pathogenic
Q9Y243	T195P	0.9933	pathogenic
Q9Y243	T195Q	0.9769	pathogenic
Q9Y243	T195R	0.9825	pathogenic
Q9Y243	T195S	0.886	pathogenic
Q9Y243	T195V	0.9225	pathogenic
Q9Y243	T195W	0.9985	pathogenic
Q9Y243	T195Y	0.9972	pathogenic
Q9Y243	E196A	0.9986	pathogenic
Q9Y243	E196C	0.9998	pathogenic
Q9Y243	E196D	0.9998	pathogenic
Q9Y243	E196F	1.0	pathogenic
Q9Y243	E196G	0.9988	pathogenic
Q9Y243	E196H	0.9999	pathogenic
Q9Y243	E196I	0.9999	pathogenic
Q9Y243	E196K	0.9996	pathogenic
Q9Y243	E196L	0.9999	pathogenic
Q9Y243	E196M	0.9999	pathogenic
Q9Y243	E196N	0.9999	pathogenic
Q9Y243	E196P	0.9999	pathogenic
Q9Y243	E196Q	0.9984	pathogenic
Q9Y243	E196R	0.9994	pathogenic
Q9Y243	E196S	0.9996	pathogenic
Q9Y243	E196T	0.9998	pathogenic
Q9Y243	E196V	0.9995	pathogenic
Q9Y243	E196W	1.0	pathogenic
Q9Y243	E196Y	1.0	pathogenic
Q9Y243	S197A	0.588	pathogenic
Q9Y243	S197C	0.4687	ambiguous
Q9Y243	S197D	0.9694	pathogenic
Q9Y243	S197E	0.9773	pathogenic
Q9Y243	S197F	0.9877	pathogenic
Q9Y243	S197G	0.5286	ambiguous
Q9Y243	S197H	0.883	pathogenic
Q9Y243	S197I	0.9609	pathogenic
Q9Y243	S197K	0.9944	pathogenic
Q9Y243	S197L	0.944	pathogenic
Q9Y243	S197M	0.9052	pathogenic
Q9Y243	S197N	0.3233	benign
Q9Y243	S197P	0.9995	pathogenic
Q9Y243	S197Q	0.9489	pathogenic
Q9Y243	S197R	0.9908	pathogenic
Q9Y243	S197T	0.7597	pathogenic
Q9Y243	S197V	0.9532	pathogenic
Q9Y243	S197W	0.9786	pathogenic
Q9Y243	S197Y	0.9214	pathogenic
Q9Y243	R198A	0.9747	pathogenic
Q9Y243	R198C	0.919	pathogenic
Q9Y243	R198D	0.9833	pathogenic
Q9Y243	R198E	0.9443	pathogenic
Q9Y243	R198F	0.9908	pathogenic
Q9Y243	R198G	0.971	pathogenic
Q9Y243	R198H	0.6783	pathogenic
Q9Y243	R198I	0.9699	pathogenic
Q9Y243	R198K	0.6718	pathogenic
Q9Y243	R198L	0.9345	pathogenic
Q9Y243	R198M	0.9738	pathogenic
Q9Y243	R198N	0.9564	pathogenic
Q9Y243	R198P	0.9997	pathogenic
Q9Y243	R198Q	0.6983	pathogenic
Q9Y243	R198S	0.9779	pathogenic
Q9Y243	R198T	0.9574	pathogenic
Q9Y243	R198V	0.9674	pathogenic
Q9Y243	R198W	0.9294	pathogenic
Q9Y243	R198Y	0.9672	pathogenic
Q9Y243	V199A	0.9915	pathogenic
Q9Y243	V199C	0.9922	pathogenic
Q9Y243	V199D	0.9994	pathogenic
Q9Y243	V199E	0.9987	pathogenic
Q9Y243	V199F	0.9867	pathogenic
Q9Y243	V199G	0.9768	pathogenic
Q9Y243	V199H	0.9992	pathogenic
Q9Y243	V199I	0.5517	ambiguous
Q9Y243	V199K	0.9994	pathogenic
Q9Y243	V199L	0.9921	pathogenic
Q9Y243	V199M	0.9922	pathogenic
Q9Y243	V199N	0.9963	pathogenic
Q9Y243	V199P	0.9993	pathogenic
Q9Y243	V199Q	0.998	pathogenic
Q9Y243	V199R	0.9973	pathogenic
Q9Y243	V199S	0.9899	pathogenic
Q9Y243	V199T	0.9796	pathogenic
Q9Y243	V199W	0.9998	pathogenic
Q9Y243	V199Y	0.9978	pathogenic
Q9Y243	L200A	0.9945	pathogenic
Q9Y243	L200C	0.9975	pathogenic
Q9Y243	L200D	0.9999	pathogenic
Q9Y243	L200E	0.9992	pathogenic
Q9Y243	L200F	0.9923	pathogenic
Q9Y243	L200G	0.998	pathogenic
Q9Y243	L200H	0.999	pathogenic
Q9Y243	L200I	0.9616	pathogenic
Q9Y243	L200K	0.999	pathogenic
Q9Y243	L200M	0.899	pathogenic
Q9Y243	L200N	0.9989	pathogenic
Q9Y243	L200P	0.9998	pathogenic
Q9Y243	L200Q	0.9979	pathogenic
Q9Y243	L200R	0.998	pathogenic
Q9Y243	L200S	0.9993	pathogenic
Q9Y243	L200T	0.9976	pathogenic
Q9Y243	L200V	0.9821	pathogenic
Q9Y243	L200W	0.9981	pathogenic
Q9Y243	L200Y	0.9988	pathogenic
Q9Y243	K201A	0.7477	pathogenic
Q9Y243	K201C	0.86	pathogenic
Q9Y243	K201D	0.9793	pathogenic
Q9Y243	K201E	0.6787	pathogenic
Q9Y243	K201F	0.9854	pathogenic
Q9Y243	K201G	0.8045	pathogenic
Q9Y243	K201H	0.7068	pathogenic
Q9Y243	K201I	0.8964	pathogenic
Q9Y243	K201L	0.8311	pathogenic
Q9Y243	K201M	0.7006	pathogenic
Q9Y243	K201N	0.9128	pathogenic
Q9Y243	K201P	0.9909	pathogenic
Q9Y243	K201Q	0.1684	benign
Q9Y243	K201R	0.1098	benign
Q9Y243	K201S	0.8363	pathogenic
Q9Y243	K201T	0.6568	pathogenic
Q9Y243	K201V	0.8282	pathogenic
Q9Y243	K201W	0.9704	pathogenic
Q9Y243	K201Y	0.9585	pathogenic
Q9Y243	N202A	0.3615	ambiguous
Q9Y243	N202C	0.4021	ambiguous
Q9Y243	N202D	0.358	ambiguous
Q9Y243	N202E	0.5961	pathogenic
Q9Y243	N202F	0.7202	pathogenic
Q9Y243	N202G	0.351	ambiguous
Q9Y243	N202H	0.1797	benign
Q9Y243	N202I	0.5241	ambiguous
Q9Y243	N202K	0.6134	pathogenic
Q9Y243	N202L	0.4468	ambiguous
Q9Y243	N202M	0.4455	ambiguous
Q9Y243	N202P	0.9874	pathogenic
Q9Y243	N202Q	0.4583	ambiguous
Q9Y243	N202R	0.6146	pathogenic
Q9Y243	N202S	0.1442	benign
Q9Y243	N202T	0.1955	benign
Q9Y243	N202V	0.4323	ambiguous
Q9Y243	N202W	0.9003	pathogenic
Q9Y243	N202Y	0.3146	benign
Q9Y243	T203A	0.2231	benign
Q9Y243	T203C	0.3899	ambiguous
Q9Y243	T203D	0.9493	pathogenic
Q9Y243	T203E	0.925	pathogenic
Q9Y243	T203F	0.88	pathogenic
Q9Y243	T203G	0.5441	ambiguous
Q9Y243	T203H	0.8097	pathogenic
Q9Y243	T203I	0.6435	pathogenic
Q9Y243	T203K	0.9204	pathogenic
Q9Y243	T203L	0.4579	ambiguous
Q9Y243	T203M	0.3416	ambiguous
Q9Y243	T203N	0.5267	ambiguous
Q9Y243	T203P	0.7954	pathogenic
Q9Y243	T203Q	0.7982	pathogenic
Q9Y243	T203R	0.8751	pathogenic
Q9Y243	T203S	0.2466	benign
Q9Y243	T203V	0.4186	ambiguous
Q9Y243	T203W	0.9714	pathogenic
Q9Y243	T203Y	0.896	pathogenic
Q9Y243	R204A	0.5287	ambiguous
Q9Y243	R204C	0.2312	benign
Q9Y243	R204D	0.6966	pathogenic
Q9Y243	R204E	0.4731	ambiguous
Q9Y243	R204F	0.7796	pathogenic
Q9Y243	R204G	0.3996	ambiguous
Q9Y243	R204H	0.1288	benign
Q9Y243	R204I	0.5256	ambiguous
Q9Y243	R204K	0.1032	benign
Q9Y243	R204L	0.4627	ambiguous
Q9Y243	R204M	0.5192	ambiguous
Q9Y243	R204N	0.5625	ambiguous
Q9Y243	R204P	0.8749	pathogenic
Q9Y243	R204Q	0.1163	benign
Q9Y243	R204S	0.5117	ambiguous
Q9Y243	R204T	0.3907	ambiguous
Q9Y243	R204V	0.4884	ambiguous
Q9Y243	R204W	0.4446	ambiguous
Q9Y243	R204Y	0.5973	pathogenic
Q9Y243	H205A	0.9976	pathogenic
Q9Y243	H205C	0.8802	pathogenic
Q9Y243	H205D	0.9968	pathogenic
Q9Y243	H205E	0.9982	pathogenic
Q9Y243	H205F	0.9818	pathogenic
Q9Y243	H205G	0.9978	pathogenic
Q9Y243	H205I	0.9987	pathogenic
Q9Y243	H205K	0.9992	pathogenic
Q9Y243	H205L	0.9891	pathogenic
Q9Y243	H205M	0.9969	pathogenic
Q9Y243	H205N	0.9626	pathogenic
Q9Y243	H205P	0.9751	pathogenic
Q9Y243	H205Q	0.9968	pathogenic
Q9Y243	H205R	0.9988	pathogenic
Q9Y243	H205S	0.9861	pathogenic
Q9Y243	H205T	0.999	pathogenic
Q9Y243	H205V	0.9987	pathogenic
Q9Y243	H205W	0.9786	pathogenic
Q9Y243	H205Y	0.9624	pathogenic
Q9Y243	P206A	0.8632	pathogenic
Q9Y243	P206C	0.9858	pathogenic
Q9Y243	P206D	0.9953	pathogenic
Q9Y243	P206E	0.9901	pathogenic
Q9Y243	P206F	0.9986	pathogenic
Q9Y243	P206G	0.9846	pathogenic
Q9Y243	P206H	0.9784	pathogenic
Q9Y243	P206I	0.9921	pathogenic
Q9Y243	P206K	0.9917	pathogenic
Q9Y243	P206L	0.9695	pathogenic
Q9Y243	P206M	0.9945	pathogenic
Q9Y243	P206N	0.99	pathogenic
Q9Y243	P206Q	0.9795	pathogenic
Q9Y243	P206R	0.9658	pathogenic
Q9Y243	P206S	0.9611	pathogenic
Q9Y243	P206T	0.9671	pathogenic
Q9Y243	P206V	0.9761	pathogenic
Q9Y243	P206W	0.999	pathogenic
Q9Y243	P206Y	0.9964	pathogenic
Q9Y243	F207A	0.9981	pathogenic
Q9Y243	F207C	0.9776	pathogenic
Q9Y243	F207D	0.9997	pathogenic
Q9Y243	F207E	0.9998	pathogenic
Q9Y243	F207G	0.9975	pathogenic
Q9Y243	F207H	0.9876	pathogenic
Q9Y243	F207I	0.9986	pathogenic
Q9Y243	F207K	0.9998	pathogenic
Q9Y243	F207L	0.9989	pathogenic
Q9Y243	F207M	0.9944	pathogenic
Q9Y243	F207N	0.9913	pathogenic
Q9Y243	F207P	1.0	pathogenic
Q9Y243	F207Q	0.999	pathogenic
Q9Y243	F207R	0.9988	pathogenic
Q9Y243	F207S	0.9955	pathogenic
Q9Y243	F207T	0.9994	pathogenic
Q9Y243	F207V	0.9966	pathogenic
Q9Y243	F207W	0.955	pathogenic
Q9Y243	F207Y	0.6751	pathogenic
Q9Y243	L208A	0.9846	pathogenic
Q9Y243	L208C	0.9726	pathogenic
Q9Y243	L208D	0.9999	pathogenic
Q9Y243	L208E	0.9991	pathogenic
Q9Y243	L208F	0.9863	pathogenic
Q9Y243	L208G	0.998	pathogenic
Q9Y243	L208H	0.9986	pathogenic
Q9Y243	L208I	0.6541	pathogenic
Q9Y243	L208K	0.9987	pathogenic
Q9Y243	L208M	0.7752	pathogenic
Q9Y243	L208N	0.9987	pathogenic
Q9Y243	L208P	0.9995	pathogenic
Q9Y243	L208Q	0.9968	pathogenic
Q9Y243	L208R	0.9968	pathogenic
Q9Y243	L208S	0.9981	pathogenic
Q9Y243	L208T	0.9879	pathogenic
Q9Y243	L208V	0.7163	pathogenic
Q9Y243	L208W	0.9988	pathogenic
Q9Y243	L208Y	0.9987	pathogenic
Q9Y243	T209A	0.6929	pathogenic
Q9Y243	T209C	0.8751	pathogenic
Q9Y243	T209D	0.9959	pathogenic
Q9Y243	T209E	0.9931	pathogenic
Q9Y243	T209F	0.9785	pathogenic
Q9Y243	T209G	0.924	pathogenic
Q9Y243	T209H	0.9924	pathogenic
Q9Y243	T209I	0.7725	pathogenic
Q9Y243	T209K	0.9937	pathogenic
Q9Y243	T209L	0.6684	pathogenic
Q9Y243	T209M	0.7872	pathogenic
Q9Y243	T209N	0.963	pathogenic
Q9Y243	T209P	0.8631	pathogenic
Q9Y243	T209Q	0.9829	pathogenic
Q9Y243	T209R	0.99	pathogenic
Q9Y243	T209S	0.8573	pathogenic
Q9Y243	T209V	0.4619	ambiguous
Q9Y243	T209W	0.9979	pathogenic
Q9Y243	T209Y	0.9924	pathogenic
Q9Y243	S210A	0.0731	benign
Q9Y243	S210C	0.1387	benign
Q9Y243	S210D	0.7353	pathogenic
Q9Y243	S210E	0.6984	pathogenic
Q9Y243	S210F	0.4199	ambiguous
Q9Y243	S210G	0.1071	benign
Q9Y243	S210H	0.5836	pathogenic
Q9Y243	S210I	0.5401	ambiguous
Q9Y243	S210K	0.9007	pathogenic
Q9Y243	S210L	0.2633	benign
Q9Y243	S210M	0.3168	benign
Q9Y243	S210N	0.3313	benign
Q9Y243	S210P	0.9258	pathogenic
Q9Y243	S210Q	0.6042	pathogenic
Q9Y243	S210R	0.8508	pathogenic
Q9Y243	S210T	0.131	benign
Q9Y243	S210V	0.3844	ambiguous
Q9Y243	S210W	0.6889	pathogenic
Q9Y243	S210Y	0.4198	ambiguous
Q9Y243	L211A	0.9783	pathogenic
Q9Y243	L211C	0.9773	pathogenic
Q9Y243	L211D	0.9999	pathogenic
Q9Y243	L211E	0.9984	pathogenic
Q9Y243	L211F	0.988	pathogenic
Q9Y243	L211G	0.9942	pathogenic
Q9Y243	L211H	0.9982	pathogenic
Q9Y243	L211I	0.9285	pathogenic
Q9Y243	L211K	0.9978	pathogenic
Q9Y243	L211M	0.8479	pathogenic
Q9Y243	L211N	0.9977	pathogenic
Q9Y243	L211P	0.9992	pathogenic
Q9Y243	L211Q	0.9953	pathogenic
Q9Y243	L211R	0.9949	pathogenic
Q9Y243	L211S	0.9974	pathogenic
Q9Y243	L211T	0.9917	pathogenic
Q9Y243	L211V	0.9177	pathogenic
Q9Y243	L211W	0.998	pathogenic
Q9Y243	L211Y	0.9975	pathogenic
Q9Y243	K212A	0.7448	pathogenic
Q9Y243	K212C	0.7444	pathogenic
Q9Y243	K212D	0.9722	pathogenic
Q9Y243	K212E	0.7423	pathogenic
Q9Y243	K212F	0.9106	pathogenic
Q9Y243	K212G	0.9214	pathogenic
Q9Y243	K212H	0.3964	ambiguous
Q9Y243	K212I	0.7265	pathogenic
Q9Y243	K212L	0.7045	pathogenic
Q9Y243	K212M	0.5768	pathogenic
Q9Y243	K212N	0.9101	pathogenic
Q9Y243	K212P	0.9878	pathogenic
Q9Y243	K212Q	0.2772	benign
Q9Y243	K212R	0.0875	benign
Q9Y243	K212S	0.8585	pathogenic
Q9Y243	K212T	0.5276	ambiguous
Q9Y243	K212V	0.5881	pathogenic
Q9Y243	K212W	0.9007	pathogenic
Q9Y243	K212Y	0.8126	pathogenic
Q9Y243	Y213A	0.9727	pathogenic
Q9Y243	Y213C	0.83	pathogenic
Q9Y243	Y213D	0.9784	pathogenic
Q9Y243	Y213E	0.9951	pathogenic
Q9Y243	Y213F	0.2086	benign
Q9Y243	Y213G	0.9372	pathogenic
Q9Y243	Y213H	0.9245	pathogenic
Q9Y243	Y213I	0.9858	pathogenic
Q9Y243	Y213K	0.997	pathogenic
Q9Y243	Y213L	0.9649	pathogenic
Q9Y243	Y213M	0.9783	pathogenic
Q9Y243	Y213N	0.9401	pathogenic
Q9Y243	Y213P	0.9996	pathogenic
Q9Y243	Y213Q	0.9938	pathogenic
Q9Y243	Y213R	0.9925	pathogenic
Q9Y243	Y213S	0.9316	pathogenic
Q9Y243	Y213T	0.9847	pathogenic
Q9Y243	Y213V	0.9594	pathogenic
Q9Y243	Y213W	0.85	pathogenic
Q9Y243	S214A	0.1784	benign
Q9Y243	S214C	0.6319	pathogenic
Q9Y243	S214D	0.9983	pathogenic
Q9Y243	S214E	0.997	pathogenic
Q9Y243	S214F	0.9917	pathogenic
Q9Y243	S214G	0.8717	pathogenic
Q9Y243	S214H	0.9867	pathogenic
Q9Y243	S214I	0.9912	pathogenic
Q9Y243	S214K	0.9997	pathogenic
Q9Y243	S214L	0.9658	pathogenic
Q9Y243	S214M	0.9774	pathogenic
Q9Y243	S214N	0.9878	pathogenic
Q9Y243	S214P	0.9988	pathogenic
Q9Y243	S214Q	0.9873	pathogenic
Q9Y243	S214R	0.9987	pathogenic
Q9Y243	S214T	0.8128	pathogenic
Q9Y243	S214V	0.9767	pathogenic
Q9Y243	S214W	0.9946	pathogenic
Q9Y243	S214Y	0.9856	pathogenic
Q9Y243	F215A	0.9997	pathogenic
Q9Y243	F215C	0.9987	pathogenic
Q9Y243	F215D	0.9999	pathogenic
Q9Y243	F215E	0.9999	pathogenic
Q9Y243	F215G	0.9997	pathogenic
Q9Y243	F215H	0.9987	pathogenic
Q9Y243	F215I	0.998	pathogenic
Q9Y243	F215K	0.9999	pathogenic
Q9Y243	F215L	0.9998	pathogenic
Q9Y243	F215M	0.9986	pathogenic
Q9Y243	F215N	0.9998	pathogenic
Q9Y243	F215P	1.0	pathogenic
Q9Y243	F215Q	0.9998	pathogenic
Q9Y243	F215R	0.9996	pathogenic
Q9Y243	F215S	0.9997	pathogenic
Q9Y243	F215T	0.9998	pathogenic
Q9Y243	F215V	0.9977	pathogenic
Q9Y243	F215W	0.9809	pathogenic
Q9Y243	F215Y	0.9618	pathogenic
Q9Y243	Q216A	0.8821	pathogenic
Q9Y243	Q216C	0.9964	pathogenic
Q9Y243	Q216D	0.9985	pathogenic
Q9Y243	Q216E	0.8344	pathogenic
Q9Y243	Q216F	0.998	pathogenic
Q9Y243	Q216G	0.9705	pathogenic
Q9Y243	Q216H	0.9959	pathogenic
Q9Y243	Q216I	0.9893	pathogenic
Q9Y243	Q216K	0.9903	pathogenic
Q9Y243	Q216L	0.9854	pathogenic
Q9Y243	Q216M	0.9529	pathogenic
Q9Y243	Q216N	0.9732	pathogenic
Q9Y243	Q216P	0.9985	pathogenic
Q9Y243	Q216R	0.9865	pathogenic
Q9Y243	Q216S	0.8529	pathogenic
Q9Y243	Q216T	0.6925	pathogenic
Q9Y243	Q216V	0.9651	pathogenic
Q9Y243	Q216W	0.9993	pathogenic
Q9Y243	Q216Y	0.9992	pathogenic
Q9Y243	T217A	0.9518	pathogenic
Q9Y243	T217C	0.9815	pathogenic
Q9Y243	T217D	0.9307	pathogenic
Q9Y243	T217E	0.9742	pathogenic
Q9Y243	T217F	0.9956	pathogenic
Q9Y243	T217G	0.913	pathogenic
Q9Y243	T217H	0.9705	pathogenic
Q9Y243	T217I	0.998	pathogenic
Q9Y243	T217K	0.9908	pathogenic
Q9Y243	T217L	0.9691	pathogenic
Q9Y243	T217M	0.9402	pathogenic
Q9Y243	T217N	0.818	pathogenic
Q9Y243	T217P	0.9937	pathogenic
Q9Y243	T217Q	0.9688	pathogenic
Q9Y243	T217R	0.9873	pathogenic
Q9Y243	T217S	0.7615	pathogenic
Q9Y243	T217V	0.9831	pathogenic
Q9Y243	T217W	0.9971	pathogenic
Q9Y243	T217Y	0.9935	pathogenic
Q9Y243	K218A	0.3142	benign
Q9Y243	K218C	0.6119	pathogenic
Q9Y243	K218D	0.5108	ambiguous
Q9Y243	K218E	0.2637	benign
Q9Y243	K218F	0.882	pathogenic
Q9Y243	K218G	0.4087	ambiguous
Q9Y243	K218H	0.2372	benign
Q9Y243	K218I	0.5952	pathogenic
Q9Y243	K218L	0.5081	ambiguous
Q9Y243	K218M	0.4406	ambiguous
Q9Y243	K218N	0.3947	ambiguous
Q9Y243	K218P	0.3853	ambiguous
Q9Y243	K218Q	0.1474	benign
Q9Y243	K218R	0.0699	benign
Q9Y243	K218S	0.3543	ambiguous
Q9Y243	K218T	0.2512	benign
Q9Y243	K218V	0.4339	ambiguous
Q9Y243	K218W	0.7951	pathogenic
Q9Y243	K218Y	0.7159	pathogenic
Q9Y243	D219A	0.9486	pathogenic
Q9Y243	D219C	0.9871	pathogenic
Q9Y243	D219E	0.77	pathogenic
Q9Y243	D219F	0.9856	pathogenic
Q9Y243	D219G	0.8556	pathogenic
Q9Y243	D219H	0.948	pathogenic
Q9Y243	D219I	0.9903	pathogenic
Q9Y243	D219K	0.9902	pathogenic
Q9Y243	D219L	0.9795	pathogenic
Q9Y243	D219M	0.9929	pathogenic
Q9Y243	D219N	0.6186	pathogenic
Q9Y243	D219P	0.9982	pathogenic
Q9Y243	D219Q	0.9699	pathogenic
Q9Y243	D219R	0.9892	pathogenic
Q9Y243	D219S	0.839	pathogenic
Q9Y243	D219T	0.9111	pathogenic
Q9Y243	D219V	0.9702	pathogenic
Q9Y243	D219W	0.9957	pathogenic
Q9Y243	D219Y	0.8974	pathogenic
Q9Y243	R220A	0.9956	pathogenic
Q9Y243	R220C	0.8555	pathogenic
Q9Y243	R220D	0.9981	pathogenic
Q9Y243	R220E	0.9916	pathogenic
Q9Y243	R220F	0.9898	pathogenic
Q9Y243	R220G	0.992	pathogenic
Q9Y243	R220H	0.5965	pathogenic
Q9Y243	R220I	0.9924	pathogenic
Q9Y243	R220K	0.8411	pathogenic
Q9Y243	R220L	0.968	pathogenic
Q9Y243	R220M	0.9917	pathogenic
Q9Y243	R220N	0.991	pathogenic
Q9Y243	R220P	0.9998	pathogenic
Q9Y243	R220Q	0.8808	pathogenic
Q9Y243	R220S	0.9951	pathogenic
Q9Y243	R220T	0.9931	pathogenic
Q9Y243	R220V	0.9909	pathogenic
Q9Y243	R220W	0.8938	pathogenic
Q9Y243	R220Y	0.9108	pathogenic
Q9Y243	L221A	0.9936	pathogenic
Q9Y243	L221C	0.9938	pathogenic
Q9Y243	L221D	1.0	pathogenic
Q9Y243	L221E	0.9998	pathogenic
Q9Y243	L221F	0.9969	pathogenic
Q9Y243	L221G	0.9993	pathogenic
Q9Y243	L221H	0.9997	pathogenic
Q9Y243	L221I	0.7099	pathogenic
Q9Y243	L221K	0.9996	pathogenic
Q9Y243	L221M	0.9432	pathogenic
Q9Y243	L221N	0.9996	pathogenic
Q9Y243	L221P	0.9999	pathogenic
Q9Y243	L221Q	0.9996	pathogenic
Q9Y243	L221R	0.999	pathogenic
Q9Y243	L221S	0.9997	pathogenic
Q9Y243	L221T	0.9967	pathogenic
Q9Y243	L221V	0.7329	pathogenic
Q9Y243	L221W	0.9997	pathogenic
Q9Y243	L221Y	0.9994	pathogenic
Q9Y243	C222A	0.9795	pathogenic
Q9Y243	C222D	0.9999	pathogenic
Q9Y243	C222E	1.0	pathogenic
Q9Y243	C222F	0.9376	pathogenic
Q9Y243	C222G	0.9711	pathogenic
Q9Y243	C222H	0.9984	pathogenic
Q9Y243	C222I	0.9814	pathogenic
Q9Y243	C222K	1.0	pathogenic
Q9Y243	C222L	0.9748	pathogenic
Q9Y243	C222M	0.9901	pathogenic
Q9Y243	C222N	0.9982	pathogenic
Q9Y243	C222P	0.9999	pathogenic
Q9Y243	C222Q	0.9998	pathogenic
Q9Y243	C222R	0.9997	pathogenic
Q9Y243	C222S	0.9885	pathogenic
Q9Y243	C222T	0.9945	pathogenic
Q9Y243	C222V	0.9501	pathogenic
Q9Y243	C222W	0.9979	pathogenic
Q9Y243	C222Y	0.9879	pathogenic
Q9Y243	F223A	0.999	pathogenic
Q9Y243	F223C	0.9974	pathogenic
Q9Y243	F223D	0.9999	pathogenic
Q9Y243	F223E	0.9998	pathogenic
Q9Y243	F223G	0.9995	pathogenic
Q9Y243	F223H	0.9987	pathogenic
Q9Y243	F223I	0.9856	pathogenic
Q9Y243	F223K	0.9998	pathogenic
Q9Y243	F223L	0.9956	pathogenic
Q9Y243	F223M	0.9789	pathogenic
Q9Y243	F223N	0.9994	pathogenic
Q9Y243	F223P	1.0	pathogenic
Q9Y243	F223Q	0.9996	pathogenic
Q9Y243	F223R	0.9994	pathogenic
Q9Y243	F223S	0.9995	pathogenic
Q9Y243	F223T	0.9993	pathogenic
Q9Y243	F223V	0.9896	pathogenic
Q9Y243	F223W	0.9898	pathogenic
Q9Y243	F223Y	0.9187	pathogenic
Q9Y243	V224A	0.9833	pathogenic
Q9Y243	V224C	0.979	pathogenic
Q9Y243	V224D	0.9998	pathogenic
Q9Y243	V224E	0.9996	pathogenic
Q9Y243	V224F	0.9972	pathogenic
Q9Y243	V224G	0.9876	pathogenic
Q9Y243	V224H	0.9999	pathogenic
Q9Y243	V224I	0.3146	benign
Q9Y243	V224K	0.9997	pathogenic
Q9Y243	V224L	0.9817	pathogenic
Q9Y243	V224M	0.9925	pathogenic
Q9Y243	V224N	0.9993	pathogenic
Q9Y243	V224P	0.9989	pathogenic
Q9Y243	V224Q	0.9993	pathogenic
Q9Y243	V224R	0.9986	pathogenic
Q9Y243	V224S	0.9921	pathogenic
Q9Y243	V224T	0.9804	pathogenic
Q9Y243	V224W	0.9999	pathogenic
Q9Y243	V224Y	0.9997	pathogenic
Q9Y243	M225A	0.9948	pathogenic
Q9Y243	M225C	0.9927	pathogenic
Q9Y243	M225D	0.9996	pathogenic
Q9Y243	M225E	0.9972	pathogenic
Q9Y243	M225F	0.9797	pathogenic
Q9Y243	M225G	0.9944	pathogenic
Q9Y243	M225H	0.9991	pathogenic
Q9Y243	M225I	0.9958	pathogenic
Q9Y243	M225K	0.9981	pathogenic
Q9Y243	M225L	0.6347	pathogenic
Q9Y243	M225N	0.996	pathogenic
Q9Y243	M225P	0.9999	pathogenic
Q9Y243	M225Q	0.9894	pathogenic
Q9Y243	M225R	0.9987	pathogenic
Q9Y243	M225S	0.9919	pathogenic
Q9Y243	M225T	0.9461	pathogenic
Q9Y243	M225V	0.9476	pathogenic
Q9Y243	M225W	0.9992	pathogenic
Q9Y243	M225Y	0.999	pathogenic
Q9Y243	E226A	0.9557	pathogenic
Q9Y243	E226C	0.998	pathogenic
Q9Y243	E226D	0.7717	pathogenic
Q9Y243	E226F	0.9997	pathogenic
Q9Y243	E226G	0.9576	pathogenic
Q9Y243	E226H	0.9961	pathogenic
Q9Y243	E226I	0.9981	pathogenic
Q9Y243	E226K	0.9899	pathogenic
Q9Y243	E226L	0.9977	pathogenic
Q9Y243	E226M	0.9966	pathogenic
Q9Y243	E226N	0.96	pathogenic
Q9Y243	E226P	0.9938	pathogenic
Q9Y243	E226Q	0.8427	pathogenic
Q9Y243	E226R	0.988	pathogenic
Q9Y243	E226S	0.9527	pathogenic
Q9Y243	E226T	0.9824	pathogenic
Q9Y243	E226V	0.9924	pathogenic
Q9Y243	E226W	0.9999	pathogenic
Q9Y243	E226Y	0.9992	pathogenic
Q9Y243	Y227A	0.9975	pathogenic
Q9Y243	Y227C	0.9918	pathogenic
Q9Y243	Y227D	0.9983	pathogenic
Q9Y243	Y227E	0.9997	pathogenic
Q9Y243	Y227F	0.3931	ambiguous
Q9Y243	Y227G	0.9906	pathogenic
Q9Y243	Y227H	0.9985	pathogenic
Q9Y243	Y227I	0.9948	pathogenic
Q9Y243	Y227K	0.9995	pathogenic
Q9Y243	Y227L	0.9603	pathogenic
Q9Y243	Y227M	0.9911	pathogenic
Q9Y243	Y227N	0.9924	pathogenic
Q9Y243	Y227P	0.9987	pathogenic
Q9Y243	Y227Q	0.9998	pathogenic
Q9Y243	Y227R	0.999	pathogenic
Q9Y243	Y227S	0.9961	pathogenic
Q9Y243	Y227T	0.9982	pathogenic
Q9Y243	Y227V	0.9852	pathogenic
Q9Y243	Y227W	0.9731	pathogenic
Q9Y243	V228A	0.3458	ambiguous
Q9Y243	V228C	0.6611	pathogenic
Q9Y243	V228D	0.993	pathogenic
Q9Y243	V228E	0.9784	pathogenic
Q9Y243	V228F	0.9628	pathogenic
Q9Y243	V228G	0.8364	pathogenic
Q9Y243	V228H	0.9916	pathogenic
Q9Y243	V228I	0.3638	ambiguous
Q9Y243	V228K	0.9928	pathogenic
Q9Y243	V228L	0.8761	pathogenic
Q9Y243	V228M	0.8766	pathogenic
Q9Y243	V228N	0.9574	pathogenic
Q9Y243	V228P	0.9904	pathogenic
Q9Y243	V228Q	0.9461	pathogenic
Q9Y243	V228R	0.9696	pathogenic
Q9Y243	V228S	0.61	pathogenic
Q9Y243	V228T	0.7065	pathogenic
Q9Y243	V228W	0.9988	pathogenic
Q9Y243	V228Y	0.992	pathogenic
Q9Y243	N229A	0.5821	pathogenic
Q9Y243	N229C	0.4057	ambiguous
Q9Y243	N229D	0.8064	pathogenic
Q9Y243	N229E	0.9675	pathogenic
Q9Y243	N229F	0.9797	pathogenic
Q9Y243	N229G	0.6223	pathogenic
Q9Y243	N229H	0.744	pathogenic
Q9Y243	N229I	0.827	pathogenic
Q9Y243	N229K	0.9816	pathogenic
Q9Y243	N229L	0.8446	pathogenic
Q9Y243	N229M	0.8776	pathogenic
Q9Y243	N229P	0.678	pathogenic
Q9Y243	N229Q	0.9139	pathogenic
Q9Y243	N229R	0.9564	pathogenic
Q9Y243	N229S	0.1285	benign
Q9Y243	N229T	0.5975	pathogenic
Q9Y243	N229V	0.749	pathogenic
Q9Y243	N229W	0.9902	pathogenic
Q9Y243	N229Y	0.8898	pathogenic
Q9Y243	G230A	0.993	pathogenic
Q9Y243	G230C	0.9983	pathogenic
Q9Y243	G230D	0.9998	pathogenic
Q9Y243	G230E	0.9999	pathogenic
Q9Y243	G230F	0.9998	pathogenic
Q9Y243	G230H	1.0	pathogenic
Q9Y243	G230I	0.9999	pathogenic
Q9Y243	G230K	0.9999	pathogenic
Q9Y243	G230L	0.9998	pathogenic
Q9Y243	G230M	0.9999	pathogenic
Q9Y243	G230N	0.9999	pathogenic
Q9Y243	G230P	1.0	pathogenic
Q9Y243	G230Q	0.9999	pathogenic
Q9Y243	G230R	0.9997	pathogenic
Q9Y243	G230S	0.9967	pathogenic
Q9Y243	G230T	0.9993	pathogenic
Q9Y243	G230V	0.9997	pathogenic
Q9Y243	G230W	0.9999	pathogenic
Q9Y243	G230Y	0.9999	pathogenic
Q9Y243	G231A	0.9976	pathogenic
Q9Y243	G231C	0.9995	pathogenic
Q9Y243	G231D	0.9998	pathogenic
Q9Y243	G231E	0.9998	pathogenic
Q9Y243	G231F	0.9999	pathogenic
Q9Y243	G231H	1.0	pathogenic
Q9Y243	G231I	0.9999	pathogenic
Q9Y243	G231K	0.9999	pathogenic
Q9Y243	G231L	0.9998	pathogenic
Q9Y243	G231M	0.9999	pathogenic
Q9Y243	G231N	0.9999	pathogenic
Q9Y243	G231P	0.9999	pathogenic
Q9Y243	G231Q	0.9999	pathogenic
Q9Y243	G231R	0.9997	pathogenic
Q9Y243	G231S	0.9987	pathogenic
Q9Y243	G231T	0.9996	pathogenic
Q9Y243	G231V	0.9998	pathogenic
Q9Y243	G231W	0.9998	pathogenic
Q9Y243	G231Y	0.9999	pathogenic
Q9Y243	E232A	0.9972	pathogenic
Q9Y243	E232C	0.9995	pathogenic
Q9Y243	E232D	0.9523	pathogenic
Q9Y243	E232F	0.9999	pathogenic
Q9Y243	E232G	0.9953	pathogenic
Q9Y243	E232H	0.9997	pathogenic
Q9Y243	E232I	0.9999	pathogenic
Q9Y243	E232K	0.9988	pathogenic
Q9Y243	E232L	0.9998	pathogenic
Q9Y243	E232M	0.9998	pathogenic
Q9Y243	E232N	0.9978	pathogenic
Q9Y243	E232P	0.9994	pathogenic
Q9Y243	E232Q	0.996	pathogenic
Q9Y243	E232R	0.9985	pathogenic
Q9Y243	E232S	0.9958	pathogenic
Q9Y243	E232T	0.9991	pathogenic
Q9Y243	E232V	0.9996	pathogenic
Q9Y243	E232W	0.9999	pathogenic
Q9Y243	E232Y	0.9998	pathogenic
Q9Y243	L233A	0.9846	pathogenic
Q9Y243	L233C	0.9879	pathogenic
Q9Y243	L233D	0.9999	pathogenic
Q9Y243	L233E	0.9995	pathogenic
Q9Y243	L233F	0.9921	pathogenic
Q9Y243	L233G	0.9975	pathogenic
Q9Y243	L233H	0.9996	pathogenic
Q9Y243	L233I	0.5953	pathogenic
Q9Y243	L233K	0.9994	pathogenic
Q9Y243	L233M	0.7693	pathogenic
Q9Y243	L233N	0.9989	pathogenic
Q9Y243	L233P	0.9998	pathogenic
Q9Y243	L233Q	0.9991	pathogenic
Q9Y243	L233R	0.9989	pathogenic
Q9Y243	L233S	0.999	pathogenic
Q9Y243	L233T	0.9927	pathogenic
Q9Y243	L233V	0.6867	pathogenic
Q9Y243	L233W	0.9995	pathogenic
Q9Y243	L233Y	0.9989	pathogenic
Q9Y243	F234A	0.9983	pathogenic
Q9Y243	F234C	0.9987	pathogenic
Q9Y243	F234D	0.9995	pathogenic
Q9Y243	F234E	0.9996	pathogenic
Q9Y243	F234G	0.9982	pathogenic
Q9Y243	F234H	0.9956	pathogenic
Q9Y243	F234I	0.9995	pathogenic
Q9Y243	F234K	0.9997	pathogenic
Q9Y243	F234L	0.9998	pathogenic
Q9Y243	F234M	0.9989	pathogenic
Q9Y243	F234N	0.9979	pathogenic
Q9Y243	F234P	0.9999	pathogenic
Q9Y243	F234Q	0.999	pathogenic
Q9Y243	F234R	0.9974	pathogenic
Q9Y243	F234S	0.9987	pathogenic
Q9Y243	F234T	0.9997	pathogenic
Q9Y243	F234V	0.9993	pathogenic
Q9Y243	F234W	0.9835	pathogenic
Q9Y243	F234Y	0.8337	pathogenic
Q9Y243	F235A	0.9929	pathogenic
Q9Y243	F235C	0.9575	pathogenic
Q9Y243	F235D	0.9983	pathogenic
Q9Y243	F235E	0.9985	pathogenic
Q9Y243	F235G	0.9942	pathogenic
Q9Y243	F235H	0.9408	pathogenic
Q9Y243	F235I	0.9898	pathogenic
Q9Y243	F235K	0.9982	pathogenic
Q9Y243	F235L	0.9981	pathogenic
Q9Y243	F235M	0.987	pathogenic
Q9Y243	F235N	0.9865	pathogenic
Q9Y243	F235P	0.9999	pathogenic
Q9Y243	F235Q	0.9923	pathogenic
Q9Y243	F235R	0.9922	pathogenic
Q9Y243	F235S	0.982	pathogenic
Q9Y243	F235T	0.977	pathogenic
Q9Y243	F235V	0.9749	pathogenic
Q9Y243	F235W	0.8436	pathogenic
Q9Y243	F235Y	0.4377	ambiguous
Q9Y243	H236A	0.9965	pathogenic
Q9Y243	H236C	0.9518	pathogenic
Q9Y243	H236D	0.9995	pathogenic
Q9Y243	H236E	0.9979	pathogenic
Q9Y243	H236F	0.9673	pathogenic
Q9Y243	H236G	0.9986	pathogenic
Q9Y243	H236I	0.9947	pathogenic
Q9Y243	H236K	0.9981	pathogenic
Q9Y243	H236L	0.9491	pathogenic
Q9Y243	H236M	0.9936	pathogenic
Q9Y243	H236N	0.9887	pathogenic
Q9Y243	H236P	0.9946	pathogenic
Q9Y243	H236Q	0.9832	pathogenic
Q9Y243	H236R	0.9931	pathogenic
Q9Y243	H236S	0.9925	pathogenic
Q9Y243	H236T	0.9975	pathogenic
Q9Y243	H236V	0.9951	pathogenic
Q9Y243	H236W	0.9368	pathogenic
Q9Y243	H236Y	0.9532	pathogenic
Q9Y243	L237A	0.9935	pathogenic
Q9Y243	L237C	0.9946	pathogenic
Q9Y243	L237D	1.0	pathogenic
Q9Y243	L237E	0.9995	pathogenic
Q9Y243	L237F	0.9952	pathogenic
Q9Y243	L237G	0.9987	pathogenic
Q9Y243	L237H	0.9989	pathogenic
Q9Y243	L237I	0.8834	pathogenic
Q9Y243	L237K	0.9984	pathogenic
Q9Y243	L237M	0.9285	pathogenic
Q9Y243	L237N	0.9991	pathogenic
Q9Y243	L237P	0.9999	pathogenic
Q9Y243	L237Q	0.9987	pathogenic
Q9Y243	L237R	0.9968	pathogenic
Q9Y243	L237S	0.9993	pathogenic
Q9Y243	L237T	0.9961	pathogenic
Q9Y243	L237V	0.9347	pathogenic
Q9Y243	L237W	0.9993	pathogenic
Q9Y243	L237Y	0.999	pathogenic
Q9Y243	S238A	0.5079	ambiguous
Q9Y243	S238C	0.7421	pathogenic
Q9Y243	S238D	0.9916	pathogenic
Q9Y243	S238E	0.9766	pathogenic
Q9Y243	S238F	0.9835	pathogenic
Q9Y243	S238G	0.5548	ambiguous
Q9Y243	S238H	0.9571	pathogenic
Q9Y243	S238I	0.9614	pathogenic
Q9Y243	S238K	0.9954	pathogenic
Q9Y243	S238L	0.891	pathogenic
Q9Y243	S238M	0.8511	pathogenic
Q9Y243	S238N	0.8644	pathogenic
Q9Y243	S238P	0.9973	pathogenic
Q9Y243	S238Q	0.8788	pathogenic
Q9Y243	S238R	0.9926	pathogenic
Q9Y243	S238T	0.6359	pathogenic
Q9Y243	S238V	0.9421	pathogenic
Q9Y243	S238W	0.9816	pathogenic
Q9Y243	S238Y	0.9652	pathogenic
Q9Y243	R239A	0.9578	pathogenic
Q9Y243	R239C	0.8084	pathogenic
Q9Y243	R239D	0.9837	pathogenic
Q9Y243	R239E	0.906	pathogenic
Q9Y243	R239F	0.9851	pathogenic
Q9Y243	R239G	0.8867	pathogenic
Q9Y243	R239H	0.4904	ambiguous
Q9Y243	R239I	0.9634	pathogenic
Q9Y243	R239K	0.2773	benign
Q9Y243	R239L	0.9034	pathogenic
Q9Y243	R239M	0.9518	pathogenic
Q9Y243	R239N	0.9635	pathogenic
Q9Y243	R239P	0.995	pathogenic
Q9Y243	R239Q	0.4238	ambiguous
Q9Y243	R239S	0.9646	pathogenic
Q9Y243	R239T	0.9483	pathogenic
Q9Y243	R239V	0.9534	pathogenic
Q9Y243	R239W	0.8643	pathogenic
Q9Y243	R239Y	0.9503	pathogenic
Q9Y243	E240A	0.7911	pathogenic
Q9Y243	E240C	0.9646	pathogenic
Q9Y243	E240D	0.189	benign
Q9Y243	E240F	0.9852	pathogenic
Q9Y243	E240G	0.7755	pathogenic
Q9Y243	E240H	0.9496	pathogenic
Q9Y243	E240I	0.9411	pathogenic
Q9Y243	E240K	0.9236	pathogenic
Q9Y243	E240L	0.9406	pathogenic
Q9Y243	E240M	0.9559	pathogenic
Q9Y243	E240N	0.7766	pathogenic
Q9Y243	E240P	0.9956	pathogenic
Q9Y243	E240Q	0.6956	pathogenic
Q9Y243	E240R	0.9349	pathogenic
Q9Y243	E240S	0.7171	pathogenic
Q9Y243	E240T	0.8466	pathogenic
Q9Y243	E240V	0.8318	pathogenic
Q9Y243	E240W	0.9947	pathogenic
Q9Y243	E240Y	0.9696	pathogenic
Q9Y243	R241A	0.9811	pathogenic
Q9Y243	R241C	0.9479	pathogenic
Q9Y243	R241D	0.983	pathogenic
Q9Y243	R241E	0.9581	pathogenic
Q9Y243	R241F	0.989	pathogenic
Q9Y243	R241G	0.9165	pathogenic
Q9Y243	R241H	0.7512	pathogenic
Q9Y243	R241I	0.9865	pathogenic
Q9Y243	R241K	0.5328	ambiguous
Q9Y243	R241L	0.9666	pathogenic
Q9Y243	R241M	0.9827	pathogenic
Q9Y243	R241N	0.9796	pathogenic
Q9Y243	R241P	0.9877	pathogenic
Q9Y243	R241Q	0.8263	pathogenic
Q9Y243	R241S	0.9895	pathogenic
Q9Y243	R241T	0.9803	pathogenic
Q9Y243	R241V	0.9791	pathogenic
Q9Y243	R241W	0.946	pathogenic
Q9Y243	R241Y	0.9617	pathogenic
Q9Y243	V242A	0.5664	pathogenic
Q9Y243	V242C	0.7022	pathogenic
Q9Y243	V242D	0.9565	pathogenic
Q9Y243	V242E	0.8999	pathogenic
Q9Y243	V242F	0.3952	ambiguous
Q9Y243	V242G	0.514	ambiguous
Q9Y243	V242H	0.8919	pathogenic
Q9Y243	V242I	0.0783	benign
Q9Y243	V242K	0.8942	pathogenic
Q9Y243	V242L	0.3367	benign
Q9Y243	V242M	0.2753	benign
Q9Y243	V242N	0.6322	pathogenic
Q9Y243	V242P	0.9622	pathogenic
Q9Y243	V242Q	0.7259	pathogenic
Q9Y243	V242R	0.8557	pathogenic
Q9Y243	V242S	0.5273	ambiguous
Q9Y243	V242T	0.4291	ambiguous
Q9Y243	V242W	0.9647	pathogenic
Q9Y243	V242Y	0.8088	pathogenic
Q9Y243	F243A	0.9985	pathogenic
Q9Y243	F243C	0.9962	pathogenic
Q9Y243	F243D	0.9997	pathogenic
Q9Y243	F243E	0.9998	pathogenic
Q9Y243	F243G	0.9986	pathogenic
Q9Y243	F243H	0.9984	pathogenic
Q9Y243	F243I	0.9955	pathogenic
Q9Y243	F243K	0.9999	pathogenic
Q9Y243	F243L	0.9978	pathogenic
Q9Y243	F243M	0.9931	pathogenic
Q9Y243	F243N	0.9992	pathogenic
Q9Y243	F243P	0.9999	pathogenic
Q9Y243	F243Q	0.9996	pathogenic
Q9Y243	F243R	0.9995	pathogenic
Q9Y243	F243S	0.999	pathogenic
Q9Y243	F243T	0.9995	pathogenic
Q9Y243	F243V	0.9953	pathogenic
Q9Y243	F243W	0.9861	pathogenic
Q9Y243	F243Y	0.9602	pathogenic
Q9Y243	S244A	0.1162	benign
Q9Y243	S244C	0.1866	benign
Q9Y243	S244D	0.7021	pathogenic
Q9Y243	S244E	0.8644	pathogenic
Q9Y243	S244F	0.7458	pathogenic
Q9Y243	S244G	0.0899	benign
Q9Y243	S244H	0.6815	pathogenic
Q9Y243	S244I	0.6778	pathogenic
Q9Y243	S244K	0.9231	pathogenic
Q9Y243	S244L	0.2123	benign
Q9Y243	S244M	0.3623	ambiguous
Q9Y243	S244N	0.2494	benign
Q9Y243	S244P	0.1485	benign
Q9Y243	S244Q	0.7544	pathogenic
Q9Y243	S244R	0.9257	pathogenic
Q9Y243	S244T	0.0782	benign
Q9Y243	S244V	0.4866	ambiguous
Q9Y243	S244W	0.8747	pathogenic
Q9Y243	S244Y	0.7241	pathogenic
Q9Y243	E245A	0.8835	pathogenic
Q9Y243	E245C	0.9904	pathogenic
Q9Y243	E245D	0.8647	pathogenic
Q9Y243	E245F	0.9976	pathogenic
Q9Y243	E245G	0.9264	pathogenic
Q9Y243	E245H	0.9905	pathogenic
Q9Y243	E245I	0.9557	pathogenic
Q9Y243	E245K	0.9566	pathogenic
Q9Y243	E245L	0.9701	pathogenic
Q9Y243	E245M	0.9688	pathogenic
Q9Y243	E245N	0.9571	pathogenic
Q9Y243	E245P	0.9662	pathogenic
Q9Y243	E245Q	0.848	pathogenic
Q9Y243	E245R	0.9681	pathogenic
Q9Y243	E245S	0.9345	pathogenic
Q9Y243	E245T	0.9308	pathogenic
Q9Y243	E245V	0.8896	pathogenic
Q9Y243	E245W	0.9994	pathogenic
Q9Y243	E245Y	0.9969	pathogenic
Q9Y243	D246A	0.2016	benign
Q9Y243	D246C	0.6638	pathogenic
Q9Y243	D246E	0.0753	benign
Q9Y243	D246F	0.7424	pathogenic
Q9Y243	D246G	0.2618	benign
Q9Y243	D246H	0.4754	ambiguous
Q9Y243	D246I	0.4887	ambiguous
Q9Y243	D246K	0.5298	ambiguous
Q9Y243	D246L	0.4726	ambiguous
Q9Y243	D246M	0.6188	pathogenic
Q9Y243	D246N	0.1648	benign
Q9Y243	D246P	0.5013	ambiguous
Q9Y243	D246Q	0.3261	benign
Q9Y243	D246R	0.6174	pathogenic
Q9Y243	D246S	0.1784	benign
Q9Y243	D246T	0.2908	benign
Q9Y243	D246V	0.3029	benign
Q9Y243	D246W	0.9227	pathogenic
Q9Y243	D246Y	0.4866	ambiguous
Q9Y243	R247A	0.9719	pathogenic
Q9Y243	R247C	0.8646	pathogenic
Q9Y243	R247D	0.9855	pathogenic
Q9Y243	R247E	0.9474	pathogenic
Q9Y243	R247F	0.9963	pathogenic
Q9Y243	R247G	0.9773	pathogenic
Q9Y243	R247H	0.802	pathogenic
Q9Y243	R247I	0.966	pathogenic
Q9Y243	R247K	0.5591	ambiguous
Q9Y243	R247L	0.9689	pathogenic
Q9Y243	R247M	0.9803	pathogenic
Q9Y243	R247N	0.9838	pathogenic
Q9Y243	R247P	0.997	pathogenic
Q9Y243	R247Q	0.6855	pathogenic
Q9Y243	R247S	0.9839	pathogenic
Q9Y243	R247T	0.9393	pathogenic
Q9Y243	R247V	0.951	pathogenic
Q9Y243	R247W	0.9684	pathogenic
Q9Y243	R247Y	0.9899	pathogenic
Q9Y243	T248A	0.1241	benign
Q9Y243	T248C	0.4529	ambiguous
Q9Y243	T248D	0.9967	pathogenic
Q9Y243	T248E	0.9949	pathogenic
Q9Y243	T248F	0.9921	pathogenic
Q9Y243	T248G	0.6099	pathogenic
Q9Y243	T248H	0.9909	pathogenic
Q9Y243	T248I	0.9532	pathogenic
Q9Y243	T248K	0.9965	pathogenic
Q9Y243	T248L	0.8783	pathogenic
Q9Y243	T248M	0.7343	pathogenic
Q9Y243	T248N	0.9324	pathogenic
Q9Y243	T248P	0.9766	pathogenic
Q9Y243	T248Q	0.9775	pathogenic
Q9Y243	T248R	0.9912	pathogenic
Q9Y243	T248S	0.3041	benign
Q9Y243	T248V	0.6042	pathogenic
Q9Y243	T248W	0.9993	pathogenic
Q9Y243	T248Y	0.9961	pathogenic
Q9Y243	R249A	0.6746	pathogenic
Q9Y243	R249C	0.2343	benign
Q9Y243	R249D	0.9908	pathogenic
Q9Y243	R249E	0.821	pathogenic
Q9Y243	R249F	0.9457	pathogenic
Q9Y243	R249G	0.7824	pathogenic
Q9Y243	R249H	0.4121	ambiguous
Q9Y243	R249I	0.6351	pathogenic
Q9Y243	R249K	0.1547	benign
Q9Y243	R249L	0.6454	pathogenic
Q9Y243	R249M	0.7101	pathogenic
Q9Y243	R249N	0.9604	pathogenic
Q9Y243	R249P	0.9934	pathogenic
Q9Y243	R249Q	0.153	benign
Q9Y243	R249S	0.8566	pathogenic
Q9Y243	R249T	0.7421	pathogenic
Q9Y243	R249V	0.6291	pathogenic
Q9Y243	R249W	0.846	pathogenic
Q9Y243	R249Y	0.9059	pathogenic
Q9Y243	F250A	0.9965	pathogenic
Q9Y243	F250C	0.9786	pathogenic
Q9Y243	F250D	0.9997	pathogenic
Q9Y243	F250E	0.9996	pathogenic
Q9Y243	F250G	0.998	pathogenic
Q9Y243	F250H	0.9895	pathogenic
Q9Y243	F250I	0.9615	pathogenic
Q9Y243	F250K	0.9994	pathogenic
Q9Y243	F250L	0.9969	pathogenic
Q9Y243	F250M	0.9817	pathogenic
Q9Y243	F250N	0.9974	pathogenic
Q9Y243	F250P	0.9999	pathogenic
Q9Y243	F250Q	0.9985	pathogenic
Q9Y243	F250R	0.9978	pathogenic
Q9Y243	F250S	0.9967	pathogenic
Q9Y243	F250T	0.9967	pathogenic
Q9Y243	F250V	0.9579	pathogenic
Q9Y243	F250W	0.9252	pathogenic
Q9Y243	F250Y	0.6341	pathogenic
Q9Y243	Y251A	0.9964	pathogenic
Q9Y243	Y251C	0.9577	pathogenic
Q9Y243	Y251D	0.9989	pathogenic
Q9Y243	Y251E	0.9996	pathogenic
Q9Y243	Y251F	0.3696	ambiguous
Q9Y243	Y251G	0.9936	pathogenic
Q9Y243	Y251H	0.9933	pathogenic
Q9Y243	Y251I	0.9745	pathogenic
Q9Y243	Y251K	0.9998	pathogenic
Q9Y243	Y251L	0.9003	pathogenic
Q9Y243	Y251M	0.986	pathogenic
Q9Y243	Y251N	0.9942	pathogenic
Q9Y243	Y251P	0.9982	pathogenic
Q9Y243	Y251Q	0.9995	pathogenic
Q9Y243	Y251R	0.9985	pathogenic
Q9Y243	Y251S	0.9882	pathogenic
Q9Y243	Y251T	0.9962	pathogenic
Q9Y243	Y251V	0.959	pathogenic
Q9Y243	Y251W	0.8771	pathogenic
Q9Y243	G252A	0.2264	benign
Q9Y243	G252C	0.7636	pathogenic
Q9Y243	G252D	0.9993	pathogenic
Q9Y243	G252E	0.9993	pathogenic
Q9Y243	G252F	0.9958	pathogenic
Q9Y243	G252H	0.9994	pathogenic
Q9Y243	G252I	0.9555	pathogenic
Q9Y243	G252K	0.9999	pathogenic
Q9Y243	G252L	0.9585	pathogenic
Q9Y243	G252M	0.9682	pathogenic
Q9Y243	G252N	0.9955	pathogenic
Q9Y243	G252P	0.9998	pathogenic
Q9Y243	G252Q	0.9982	pathogenic
Q9Y243	G252R	0.9994	pathogenic
Q9Y243	G252S	0.4537	ambiguous
Q9Y243	G252T	0.7818	pathogenic
Q9Y243	G252V	0.8945	pathogenic
Q9Y243	G252W	0.9991	pathogenic
Q9Y243	G252Y	0.9988	pathogenic
Q9Y243	A253C	0.6854	pathogenic
Q9Y243	A253D	0.9992	pathogenic
Q9Y243	A253E	0.9976	pathogenic
Q9Y243	A253F	0.982	pathogenic
Q9Y243	A253G	0.2688	benign
Q9Y243	A253H	0.9968	pathogenic
Q9Y243	A253I	0.9718	pathogenic
Q9Y243	A253K	0.9994	pathogenic
Q9Y243	A253L	0.9028	pathogenic
Q9Y243	A253M	0.8997	pathogenic
Q9Y243	A253N	0.9921	pathogenic
Q9Y243	A253P	0.9989	pathogenic
Q9Y243	A253Q	0.9885	pathogenic
Q9Y243	A253R	0.9969	pathogenic
Q9Y243	A253S	0.2284	benign
Q9Y243	A253T	0.7582	pathogenic
Q9Y243	A253V	0.8711	pathogenic
Q9Y243	A253W	0.9983	pathogenic
Q9Y243	A253Y	0.995	pathogenic
Q9Y243	E254A	0.9787	pathogenic
Q9Y243	E254C	0.9897	pathogenic
Q9Y243	E254D	0.9977	pathogenic
Q9Y243	E254F	1.0	pathogenic
Q9Y243	E254G	0.9777	pathogenic
Q9Y243	E254H	0.9995	pathogenic
Q9Y243	E254I	0.9996	pathogenic
Q9Y243	E254K	0.9986	pathogenic
Q9Y243	E254L	0.9991	pathogenic
Q9Y243	E254M	0.9982	pathogenic
Q9Y243	E254N	0.9962	pathogenic
Q9Y243	E254P	0.9999	pathogenic
Q9Y243	E254Q	0.9494	pathogenic
Q9Y243	E254R	0.9984	pathogenic
Q9Y243	E254S	0.9787	pathogenic
Q9Y243	E254T	0.9967	pathogenic
Q9Y243	E254V	0.9975	pathogenic
Q9Y243	E254W	1.0	pathogenic
Q9Y243	E254Y	0.9999	pathogenic
Q9Y243	I255A	0.9625	pathogenic
Q9Y243	I255C	0.9915	pathogenic
Q9Y243	I255D	0.9998	pathogenic
Q9Y243	I255E	0.9991	pathogenic
Q9Y243	I255F	0.9777	pathogenic
Q9Y243	I255G	0.9974	pathogenic
Q9Y243	I255H	0.9997	pathogenic
Q9Y243	I255K	0.9995	pathogenic
Q9Y243	I255L	0.5779	pathogenic
Q9Y243	I255M	0.5415	ambiguous
Q9Y243	I255N	0.996	pathogenic
Q9Y243	I255P	0.9997	pathogenic
Q9Y243	I255Q	0.9992	pathogenic
Q9Y243	I255R	0.9993	pathogenic
Q9Y243	I255S	0.9889	pathogenic
Q9Y243	I255T	0.9051	pathogenic
Q9Y243	I255V	0.2966	benign
Q9Y243	I255W	0.9995	pathogenic
Q9Y243	I255Y	0.9987	pathogenic
Q9Y243	V256A	0.6625	pathogenic
Q9Y243	V256C	0.864	pathogenic
Q9Y243	V256D	0.9991	pathogenic
Q9Y243	V256E	0.9974	pathogenic
Q9Y243	V256F	0.933	pathogenic
Q9Y243	V256G	0.8816	pathogenic
Q9Y243	V256H	0.9986	pathogenic
Q9Y243	V256I	0.1101	benign
Q9Y243	V256K	0.9986	pathogenic
Q9Y243	V256L	0.5398	ambiguous
Q9Y243	V256M	0.697	pathogenic
Q9Y243	V256N	0.9895	pathogenic
Q9Y243	V256P	0.9992	pathogenic
Q9Y243	V256Q	0.9952	pathogenic
Q9Y243	V256R	0.9972	pathogenic
Q9Y243	V256S	0.8684	pathogenic
Q9Y243	V256T	0.468	ambiguous
Q9Y243	V256W	0.9994	pathogenic
Q9Y243	V256Y	0.9971	pathogenic
Q9Y243	S257A	0.1355	benign
Q9Y243	S257C	0.1237	benign
Q9Y243	S257D	0.9659	pathogenic
Q9Y243	S257E	0.9527	pathogenic
Q9Y243	S257F	0.8309	pathogenic
Q9Y243	S257G	0.3167	benign
Q9Y243	S257H	0.9138	pathogenic
Q9Y243	S257I	0.656	pathogenic
Q9Y243	S257K	0.9931	pathogenic
Q9Y243	S257L	0.1197	benign
Q9Y243	S257M	0.3286	benign
Q9Y243	S257N	0.7466	pathogenic
Q9Y243	S257P	0.9967	pathogenic
Q9Y243	S257Q	0.9246	pathogenic
Q9Y243	S257R	0.9886	pathogenic
Q9Y243	S257T	0.2092	benign
Q9Y243	S257V	0.4747	ambiguous
Q9Y243	S257W	0.927	pathogenic
Q9Y243	S257Y	0.8261	pathogenic
Q9Y243	A258C	0.9711	pathogenic
Q9Y243	A258D	0.9996	pathogenic
Q9Y243	A258E	0.9997	pathogenic
Q9Y243	A258F	0.9976	pathogenic
Q9Y243	A258G	0.476	ambiguous
Q9Y243	A258H	0.9995	pathogenic
Q9Y243	A258I	0.9984	pathogenic
Q9Y243	A258K	0.9999	pathogenic
Q9Y243	A258L	0.9886	pathogenic
Q9Y243	A258M	0.9953	pathogenic
Q9Y243	A258N	0.9986	pathogenic
Q9Y243	A258P	0.9988	pathogenic
Q9Y243	A258Q	0.9982	pathogenic
Q9Y243	A258R	0.999	pathogenic
Q9Y243	A258S	0.5981	pathogenic
Q9Y243	A258T	0.9811	pathogenic
Q9Y243	A258V	0.991	pathogenic
Q9Y243	A258W	0.9999	pathogenic
Q9Y243	A258Y	0.9995	pathogenic
Q9Y243	L259A	0.9816	pathogenic
Q9Y243	L259C	0.978	pathogenic
Q9Y243	L259D	0.9999	pathogenic
Q9Y243	L259E	0.9991	pathogenic
Q9Y243	L259F	0.9691	pathogenic
Q9Y243	L259G	0.9981	pathogenic
Q9Y243	L259H	0.9988	pathogenic
Q9Y243	L259I	0.3176	benign
Q9Y243	L259K	0.9985	pathogenic
Q9Y243	L259M	0.5904	pathogenic
Q9Y243	L259N	0.9981	pathogenic
Q9Y243	L259P	0.9997	pathogenic
Q9Y243	L259Q	0.9975	pathogenic
Q9Y243	L259R	0.9974	pathogenic
Q9Y243	L259S	0.9979	pathogenic
Q9Y243	L259T	0.9704	pathogenic
Q9Y243	L259V	0.4123	ambiguous
Q9Y243	L259W	0.9977	pathogenic
Q9Y243	L259Y	0.9984	pathogenic
Q9Y243	D260A	0.2239	benign
Q9Y243	D260C	0.6693	pathogenic
Q9Y243	D260E	0.2357	benign
Q9Y243	D260F	0.6991	pathogenic
Q9Y243	D260G	0.2265	benign
Q9Y243	D260H	0.2805	benign
Q9Y243	D260I	0.8598	pathogenic
Q9Y243	D260K	0.7342	pathogenic
Q9Y243	D260L	0.7085	pathogenic
Q9Y243	D260M	0.8496	pathogenic
Q9Y243	D260N	0.1641	benign
Q9Y243	D260P	0.9925	pathogenic
Q9Y243	D260Q	0.428	ambiguous
Q9Y243	D260R	0.6974	pathogenic
Q9Y243	D260S	0.166	benign
Q9Y243	D260T	0.5722	pathogenic
Q9Y243	D260V	0.6756	pathogenic
Q9Y243	D260W	0.9355	pathogenic
Q9Y243	D260Y	0.3208	benign
Q9Y243	Y261A	0.9769	pathogenic
Q9Y243	Y261C	0.7828	pathogenic
Q9Y243	Y261D	0.9675	pathogenic
Q9Y243	Y261E	0.9932	pathogenic
Q9Y243	Y261F	0.1857	benign
Q9Y243	Y261G	0.9707	pathogenic
Q9Y243	Y261H	0.7169	pathogenic
Q9Y243	Y261I	0.9752	pathogenic
Q9Y243	Y261K	0.9928	pathogenic
Q9Y243	Y261L	0.9512	pathogenic
Q9Y243	Y261M	0.9765	pathogenic
Q9Y243	Y261N	0.9309	pathogenic
Q9Y243	Y261P	0.9994	pathogenic
Q9Y243	Y261Q	0.9877	pathogenic
Q9Y243	Y261R	0.9748	pathogenic
Q9Y243	Y261S	0.9163	pathogenic
Q9Y243	Y261T	0.9739	pathogenic
Q9Y243	Y261V	0.9342	pathogenic
Q9Y243	Y261W	0.8197	pathogenic
Q9Y243	L262A	0.989	pathogenic
Q9Y243	L262C	0.9737	pathogenic
Q9Y243	L262D	0.9999	pathogenic
Q9Y243	L262E	0.9994	pathogenic
Q9Y243	L262F	0.9888	pathogenic
Q9Y243	L262G	0.9983	pathogenic
Q9Y243	L262H	0.999	pathogenic
Q9Y243	L262I	0.7983	pathogenic
Q9Y243	L262K	0.9992	pathogenic
Q9Y243	L262M	0.8118	pathogenic
Q9Y243	L262N	0.9992	pathogenic
Q9Y243	L262P	0.9997	pathogenic
Q9Y243	L262Q	0.9978	pathogenic
Q9Y243	L262R	0.998	pathogenic
Q9Y243	L262S	0.999	pathogenic
Q9Y243	L262T	0.9948	pathogenic
Q9Y243	L262V	0.8701	pathogenic
Q9Y243	L262W	0.9989	pathogenic
Q9Y243	L262Y	0.999	pathogenic
Q9Y243	H263A	0.9993	pathogenic
Q9Y243	H263C	0.9921	pathogenic
Q9Y243	H263D	0.9996	pathogenic
Q9Y243	H263E	0.9995	pathogenic
Q9Y243	H263F	0.9984	pathogenic
Q9Y243	H263G	0.999	pathogenic
Q9Y243	H263I	0.9998	pathogenic
Q9Y243	H263K	0.9986	pathogenic
Q9Y243	H263L	0.9971	pathogenic
Q9Y243	H263M	0.9996	pathogenic
Q9Y243	H263N	0.9977	pathogenic
Q9Y243	H263P	0.9976	pathogenic
Q9Y243	H263Q	0.9976	pathogenic
Q9Y243	H263R	0.9969	pathogenic
Q9Y243	H263S	0.9985	pathogenic
Q9Y243	H263T	0.9998	pathogenic
Q9Y243	H263V	0.9997	pathogenic
Q9Y243	H263W	0.9934	pathogenic
Q9Y243	H263Y	0.9976	pathogenic
Q9Y243	S264A	0.0752	benign
Q9Y243	S264C	0.1049	benign
Q9Y243	S264D	0.4034	ambiguous
Q9Y243	S264E	0.4115	ambiguous
Q9Y243	S264F	0.3449	ambiguous
Q9Y243	S264G	0.0824	benign
Q9Y243	S264H	0.283	benign
Q9Y243	S264I	0.3497	ambiguous
Q9Y243	S264K	0.5091	ambiguous
Q9Y243	S264L	0.1351	benign
Q9Y243	S264M	0.2023	benign
Q9Y243	S264N	0.1506	benign
Q9Y243	S264P	0.9849	pathogenic
Q9Y243	S264Q	0.3088	benign
Q9Y243	S264R	0.4269	ambiguous
Q9Y243	S264T	0.0935	benign
Q9Y243	S264V	0.2663	benign
Q9Y243	S264W	0.5643	pathogenic
Q9Y243	S264Y	0.3355	benign
Q9Y243	G265A	0.0725	benign
Q9Y243	G265C	0.1153	benign
Q9Y243	G265D	0.2977	benign
Q9Y243	G265E	0.1353	benign
Q9Y243	G265F	0.5694	pathogenic
Q9Y243	G265H	0.2627	benign
Q9Y243	G265I	0.2659	benign
Q9Y243	G265K	0.3195	benign
Q9Y243	G265L	0.2671	benign
Q9Y243	G265M	0.2562	benign
Q9Y243	G265N	0.1709	benign
Q9Y243	G265P	0.973	pathogenic
Q9Y243	G265Q	0.1307	benign
Q9Y243	G265R	0.2176	benign
Q9Y243	G265S	0.0763	benign
Q9Y243	G265T	0.1174	benign
Q9Y243	G265V	0.1595	benign
Q9Y243	G265W	0.4859	ambiguous
Q9Y243	G265Y	0.4354	ambiguous
Q9Y243	K266A	0.4039	ambiguous
Q9Y243	K266C	0.5667	pathogenic
Q9Y243	K266D	0.2999	benign
Q9Y243	K266E	0.1857	benign
Q9Y243	K266F	0.876	pathogenic
Q9Y243	K266G	0.2371	benign
Q9Y243	K266H	0.2093	benign
Q9Y243	K266I	0.7951	pathogenic
Q9Y243	K266L	0.5599	ambiguous
Q9Y243	K266M	0.3909	ambiguous
Q9Y243	K266N	0.2019	benign
Q9Y243	K266P	0.8895	pathogenic
Q9Y243	K266Q	0.1016	benign
Q9Y243	K266R	0.0771	benign
Q9Y243	K266S	0.3054	benign
Q9Y243	K266T	0.3122	benign
Q9Y243	K266V	0.6718	pathogenic
Q9Y243	K266W	0.8436	pathogenic
Q9Y243	K266Y	0.6944	pathogenic
Q9Y243	I267A	0.9628	pathogenic
Q9Y243	I267C	0.9828	pathogenic
Q9Y243	I267D	0.9985	pathogenic
Q9Y243	I267E	0.9956	pathogenic
Q9Y243	I267F	0.9356	pathogenic
Q9Y243	I267G	0.9941	pathogenic
Q9Y243	I267H	0.9967	pathogenic
Q9Y243	I267K	0.9959	pathogenic
Q9Y243	I267L	0.8307	pathogenic
Q9Y243	I267M	0.7485	pathogenic
Q9Y243	I267N	0.9809	pathogenic
Q9Y243	I267P	0.9978	pathogenic
Q9Y243	I267Q	0.9952	pathogenic
Q9Y243	I267R	0.9914	pathogenic
Q9Y243	I267S	0.9751	pathogenic
Q9Y243	I267T	0.8657	pathogenic
Q9Y243	I267V	0.1277	benign
Q9Y243	I267W	0.9962	pathogenic
Q9Y243	I267Y	0.9855	pathogenic
Q9Y243	V268A	0.9616	pathogenic
Q9Y243	V268C	0.9745	pathogenic
Q9Y243	V268D	0.9996	pathogenic
Q9Y243	V268E	0.9989	pathogenic
Q9Y243	V268F	0.9861	pathogenic
Q9Y243	V268G	0.9842	pathogenic
Q9Y243	V268H	0.9995	pathogenic
Q9Y243	V268I	0.2045	benign
Q9Y243	V268K	0.9994	pathogenic
Q9Y243	V268L	0.9496	pathogenic
Q9Y243	V268M	0.9657	pathogenic
Q9Y243	V268N	0.9974	pathogenic
Q9Y243	V268P	0.997	pathogenic
Q9Y243	V268Q	0.9974	pathogenic
Q9Y243	V268R	0.9971	pathogenic
Q9Y243	V268S	0.9813	pathogenic
Q9Y243	V268T	0.9527	pathogenic
Q9Y243	V268W	0.9998	pathogenic
Q9Y243	V268Y	0.9987	pathogenic
Q9Y243	Y269A	0.9986	pathogenic
Q9Y243	Y269C	0.9841	pathogenic
Q9Y243	Y269D	0.999	pathogenic
Q9Y243	Y269E	0.9997	pathogenic
Q9Y243	Y269F	0.6799	pathogenic
Q9Y243	Y269G	0.9928	pathogenic
Q9Y243	Y269H	0.9902	pathogenic
Q9Y243	Y269I	0.9957	pathogenic
Q9Y243	Y269K	0.9998	pathogenic
Q9Y243	Y269L	0.967	pathogenic
Q9Y243	Y269M	0.9973	pathogenic
Q9Y243	Y269N	0.9951	pathogenic
Q9Y243	Y269P	0.9928	pathogenic
Q9Y243	Y269Q	0.9996	pathogenic
Q9Y243	Y269R	0.9991	pathogenic
Q9Y243	Y269S	0.9908	pathogenic
Q9Y243	Y269T	0.9988	pathogenic
Q9Y243	Y269V	0.9939	pathogenic
Q9Y243	Y269W	0.9727	pathogenic
Q9Y243	R270A	0.9996	pathogenic
Q9Y243	R270C	0.9976	pathogenic
Q9Y243	R270D	0.9998	pathogenic
Q9Y243	R270E	0.9984	pathogenic
Q9Y243	R270F	1.0	pathogenic
Q9Y243	R270G	0.9963	pathogenic
Q9Y243	R270H	0.9988	pathogenic
Q9Y243	R270I	1.0	pathogenic
Q9Y243	R270K	0.9974	pathogenic
Q9Y243	R270L	0.9989	pathogenic
Q9Y243	R270M	1.0	pathogenic
Q9Y243	R270N	0.9998	pathogenic
Q9Y243	R270P	0.9998	pathogenic
Q9Y243	R270Q	0.9979	pathogenic
Q9Y243	R270S	0.9998	pathogenic
Q9Y243	R270T	0.9999	pathogenic
Q9Y243	R270V	0.9999	pathogenic
Q9Y243	R270W	0.9992	pathogenic
Q9Y243	R270Y	0.9998	pathogenic
Q9Y243	D271A	0.9999	pathogenic
Q9Y243	D271C	1.0	pathogenic
Q9Y243	D271E	0.9998	pathogenic
Q9Y243	D271F	0.9998	pathogenic
Q9Y243	D271G	0.9998	pathogenic
Q9Y243	D271H	0.9998	pathogenic
Q9Y243	D271I	1.0	pathogenic
Q9Y243	D271K	0.9998	pathogenic
Q9Y243	D271L	1.0	pathogenic
Q9Y243	D271M	1.0	pathogenic
Q9Y243	D271N	0.9995	pathogenic
Q9Y243	D271P	0.9999	pathogenic
Q9Y243	D271Q	0.9999	pathogenic
Q9Y243	D271R	0.9997	pathogenic
Q9Y243	D271S	0.9999	pathogenic
Q9Y243	D271T	1.0	pathogenic
Q9Y243	D271V	1.0	pathogenic
Q9Y243	D271W	0.9999	pathogenic
Q9Y243	D271Y	0.9988	pathogenic
Q9Y243	L272A	0.9876	pathogenic
Q9Y243	L272C	0.9817	pathogenic
Q9Y243	L272D	0.9999	pathogenic
Q9Y243	L272E	0.9994	pathogenic
Q9Y243	L272F	0.9879	pathogenic
Q9Y243	L272G	0.9988	pathogenic
Q9Y243	L272H	0.9996	pathogenic
Q9Y243	L272I	0.2966	benign
Q9Y243	L272K	0.9993	pathogenic
Q9Y243	L272M	0.5583	ambiguous
Q9Y243	L272N	0.999	pathogenic
Q9Y243	L272P	0.9996	pathogenic
Q9Y243	L272Q	0.9984	pathogenic
Q9Y243	L272R	0.9989	pathogenic
Q9Y243	L272S	0.9987	pathogenic
Q9Y243	L272T	0.9897	pathogenic
Q9Y243	L272V	0.5402	ambiguous
Q9Y243	L272W	0.9992	pathogenic
Q9Y243	L272Y	0.9993	pathogenic
Q9Y243	K273A	0.9985	pathogenic
Q9Y243	K273C	0.9997	pathogenic
Q9Y243	K273D	0.9998	pathogenic
Q9Y243	K273E	0.9997	pathogenic
Q9Y243	K273F	0.9999	pathogenic
Q9Y243	K273G	0.9989	pathogenic
Q9Y243	K273H	0.9972	pathogenic
Q9Y243	K273I	0.9997	pathogenic
Q9Y243	K273L	0.9984	pathogenic
Q9Y243	K273M	0.9974	pathogenic
Q9Y243	K273N	0.9998	pathogenic
Q9Y243	K273P	0.9973	pathogenic
Q9Y243	K273Q	0.9988	pathogenic
Q9Y243	K273R	0.9755	pathogenic
Q9Y243	K273S	0.9996	pathogenic
Q9Y243	K273T	0.9979	pathogenic
Q9Y243	K273V	0.9994	pathogenic
Q9Y243	K273W	0.9999	pathogenic
Q9Y243	K273Y	0.9998	pathogenic
Q9Y243	L274A	0.9904	pathogenic
Q9Y243	L274C	0.997	pathogenic
Q9Y243	L274D	0.9998	pathogenic
Q9Y243	L274E	0.9994	pathogenic
Q9Y243	L274F	0.9991	pathogenic
Q9Y243	L274G	0.9963	pathogenic
Q9Y243	L274H	0.9998	pathogenic
Q9Y243	L274I	0.9859	pathogenic
Q9Y243	L274K	0.9987	pathogenic
Q9Y243	L274M	0.9643	pathogenic
Q9Y243	L274N	0.9991	pathogenic
Q9Y243	L274P	0.9854	pathogenic
Q9Y243	L274Q	0.9995	pathogenic
Q9Y243	L274R	0.998	pathogenic
Q9Y243	L274S	0.9996	pathogenic
Q9Y243	L274T	0.9966	pathogenic
Q9Y243	L274V	0.9838	pathogenic
Q9Y243	L274W	0.9998	pathogenic
Q9Y243	L274Y	0.9998	pathogenic
Q9Y243	E275A	0.9994	pathogenic
Q9Y243	E275C	0.9997	pathogenic
Q9Y243	E275D	0.9985	pathogenic
Q9Y243	E275F	1.0	pathogenic
Q9Y243	E275G	0.9979	pathogenic
Q9Y243	E275H	0.9999	pathogenic
Q9Y243	E275I	1.0	pathogenic
Q9Y243	E275K	0.9998	pathogenic
Q9Y243	E275L	1.0	pathogenic
Q9Y243	E275M	1.0	pathogenic
Q9Y243	E275N	0.9999	pathogenic
Q9Y243	E275P	0.9998	pathogenic
Q9Y243	E275Q	0.9987	pathogenic
Q9Y243	E275R	0.9995	pathogenic
Q9Y243	E275S	0.9994	pathogenic
Q9Y243	E275T	0.9999	pathogenic
Q9Y243	E275V	0.9999	pathogenic
Q9Y243	E275W	1.0	pathogenic
Q9Y243	E275Y	0.9999	pathogenic
Q9Y243	N276A	1.0	pathogenic
Q9Y243	N276C	0.9993	pathogenic
Q9Y243	N276D	0.9999	pathogenic
Q9Y243	N276E	0.9998	pathogenic
Q9Y243	N276F	0.9999	pathogenic
Q9Y243	N276G	0.9999	pathogenic
Q9Y243	N276H	0.9998	pathogenic
Q9Y243	N276I	0.9995	pathogenic
Q9Y243	N276K	0.9999	pathogenic
Q9Y243	N276L	0.9998	pathogenic
Q9Y243	N276M	0.9997	pathogenic
Q9Y243	N276P	0.9998	pathogenic
Q9Y243	N276Q	1.0	pathogenic
Q9Y243	N276R	1.0	pathogenic
Q9Y243	N276S	0.9997	pathogenic
Q9Y243	N276T	0.9996	pathogenic
Q9Y243	N276V	0.9996	pathogenic
Q9Y243	N276W	1.0	pathogenic
Q9Y243	N276Y	0.9992	pathogenic
Q9Y243	L277A	0.9846	pathogenic
Q9Y243	L277C	0.9605	pathogenic
Q9Y243	L277D	0.9999	pathogenic
Q9Y243	L277E	0.9994	pathogenic
Q9Y243	L277F	0.9931	pathogenic
Q9Y243	L277G	0.9987	pathogenic
Q9Y243	L277H	0.9993	pathogenic
Q9Y243	L277I	0.3667	ambiguous
Q9Y243	L277K	0.9991	pathogenic
Q9Y243	L277M	0.7549	pathogenic
Q9Y243	L277N	0.9985	pathogenic
Q9Y243	L277P	0.9999	pathogenic
Q9Y243	L277Q	0.9987	pathogenic
Q9Y243	L277R	0.9984	pathogenic
Q9Y243	L277S	0.9988	pathogenic
Q9Y243	L277T	0.9856	pathogenic
Q9Y243	L277V	0.4443	ambiguous
Q9Y243	L277W	0.9995	pathogenic
Q9Y243	L277Y	0.9992	pathogenic
Q9Y243	M278A	0.9933	pathogenic
Q9Y243	M278C	0.9812	pathogenic
Q9Y243	M278D	0.9999	pathogenic
Q9Y243	M278E	0.9993	pathogenic
Q9Y243	M278F	0.9869	pathogenic
Q9Y243	M278G	0.9974	pathogenic
Q9Y243	M278H	0.999	pathogenic
Q9Y243	M278I	0.9936	pathogenic
Q9Y243	M278K	0.9987	pathogenic
Q9Y243	M278L	0.2763	benign
Q9Y243	M278N	0.998	pathogenic
Q9Y243	M278P	0.9995	pathogenic
Q9Y243	M278Q	0.9925	pathogenic
Q9Y243	M278R	0.9988	pathogenic
Q9Y243	M278S	0.997	pathogenic
Q9Y243	M278T	0.9968	pathogenic
Q9Y243	M278V	0.8894	pathogenic
Q9Y243	M278W	0.9996	pathogenic
Q9Y243	M278Y	0.9987	pathogenic
Q9Y243	L279A	0.9891	pathogenic
Q9Y243	L279C	0.991	pathogenic
Q9Y243	L279D	0.9999	pathogenic
Q9Y243	L279E	0.9994	pathogenic
Q9Y243	L279F	0.989	pathogenic
Q9Y243	L279G	0.9987	pathogenic
Q9Y243	L279H	0.9995	pathogenic
Q9Y243	L279I	0.6364	pathogenic
Q9Y243	L279K	0.9991	pathogenic
Q9Y243	L279M	0.6772	pathogenic
Q9Y243	L279N	0.9994	pathogenic
Q9Y243	L279P	0.9996	pathogenic
Q9Y243	L279Q	0.9987	pathogenic
Q9Y243	L279R	0.9982	pathogenic
Q9Y243	L279S	0.9995	pathogenic
Q9Y243	L279T	0.9928	pathogenic
Q9Y243	L279V	0.7005	pathogenic
Q9Y243	L279W	0.9989	pathogenic
Q9Y243	L279Y	0.9987	pathogenic
Q9Y243	D280A	0.9658	pathogenic
Q9Y243	D280C	0.9879	pathogenic
Q9Y243	D280E	0.9706	pathogenic
Q9Y243	D280F	0.9984	pathogenic
Q9Y243	D280G	0.9164	pathogenic
Q9Y243	D280H	0.9916	pathogenic
Q9Y243	D280I	0.9994	pathogenic
Q9Y243	D280K	0.9984	pathogenic
Q9Y243	D280L	0.994	pathogenic
Q9Y243	D280M	0.9985	pathogenic
Q9Y243	D280N	0.8967	pathogenic
Q9Y243	D280P	0.9993	pathogenic
Q9Y243	D280Q	0.9934	pathogenic
Q9Y243	D280R	0.9969	pathogenic
Q9Y243	D280S	0.8951	pathogenic
Q9Y243	D280T	0.975	pathogenic
Q9Y243	D280V	0.9956	pathogenic
Q9Y243	D280W	0.9996	pathogenic
Q9Y243	D280Y	0.9926	pathogenic
Q9Y243	K281A	0.4448	ambiguous
Q9Y243	K281C	0.7329	pathogenic
Q9Y243	K281D	0.8069	pathogenic
Q9Y243	K281E	0.3554	ambiguous
Q9Y243	K281F	0.9551	pathogenic
Q9Y243	K281G	0.5258	ambiguous
Q9Y243	K281H	0.4582	ambiguous
Q9Y243	K281I	0.7795	pathogenic
Q9Y243	K281L	0.7885	pathogenic
Q9Y243	K281M	0.5808	pathogenic
Q9Y243	K281N	0.6969	pathogenic
Q9Y243	K281P	0.9327	pathogenic
Q9Y243	K281Q	0.171	benign
Q9Y243	K281R	0.0901	benign
Q9Y243	K281S	0.4974	ambiguous
Q9Y243	K281T	0.4108	ambiguous
Q9Y243	K281V	0.6489	pathogenic
Q9Y243	K281W	0.9195	pathogenic
Q9Y243	K281Y	0.8813	pathogenic
Q9Y243	D282A	0.4456	ambiguous
Q9Y243	D282C	0.8276	pathogenic
Q9Y243	D282E	0.1625	benign
Q9Y243	D282F	0.765	pathogenic
Q9Y243	D282G	0.5741	pathogenic
Q9Y243	D282H	0.6322	pathogenic
Q9Y243	D282I	0.7513	pathogenic
Q9Y243	D282K	0.8299	pathogenic
Q9Y243	D282L	0.6913	pathogenic
Q9Y243	D282M	0.7883	pathogenic
Q9Y243	D282N	0.2238	benign
Q9Y243	D282P	0.9932	pathogenic
Q9Y243	D282Q	0.6009	pathogenic
Q9Y243	D282R	0.8485	pathogenic
Q9Y243	D282S	0.3518	ambiguous
Q9Y243	D282T	0.515	ambiguous
Q9Y243	D282V	0.53	ambiguous
Q9Y243	D282W	0.9583	pathogenic
Q9Y243	D282Y	0.4799	ambiguous
Q9Y243	G283A	0.9947	pathogenic
Q9Y243	G283C	0.9977	pathogenic
Q9Y243	G283D	0.9998	pathogenic
Q9Y243	G283E	0.9999	pathogenic
Q9Y243	G283F	0.9997	pathogenic
Q9Y243	G283H	0.9999	pathogenic
Q9Y243	G283I	0.9999	pathogenic
Q9Y243	G283K	0.9999	pathogenic
Q9Y243	G283L	0.9997	pathogenic
Q9Y243	G283M	0.9999	pathogenic
Q9Y243	G283N	0.9998	pathogenic
Q9Y243	G283P	1.0	pathogenic
Q9Y243	G283Q	0.9998	pathogenic
Q9Y243	G283R	0.9996	pathogenic
Q9Y243	G283S	0.995	pathogenic
Q9Y243	G283T	0.9993	pathogenic
Q9Y243	G283V	0.9998	pathogenic
Q9Y243	G283W	0.9997	pathogenic
Q9Y243	G283Y	0.9997	pathogenic
Q9Y243	H284A	0.9989	pathogenic
Q9Y243	H284C	0.9548	pathogenic
Q9Y243	H284D	0.9978	pathogenic
Q9Y243	H284E	0.999	pathogenic
Q9Y243	H284F	0.9886	pathogenic
Q9Y243	H284G	0.9979	pathogenic
Q9Y243	H284I	0.9994	pathogenic
Q9Y243	H284K	0.9942	pathogenic
Q9Y243	H284L	0.9959	pathogenic
Q9Y243	H284M	0.999	pathogenic
Q9Y243	H284N	0.9611	pathogenic
Q9Y243	H284P	0.9986	pathogenic
Q9Y243	H284Q	0.9943	pathogenic
Q9Y243	H284R	0.9646	pathogenic
Q9Y243	H284S	0.9935	pathogenic
Q9Y243	H284T	0.9992	pathogenic
Q9Y243	H284V	0.9988	pathogenic
Q9Y243	H284W	0.9775	pathogenic
Q9Y243	H284Y	0.9524	pathogenic
Q9Y243	I285A	0.9488	pathogenic
Q9Y243	I285C	0.931	pathogenic
Q9Y243	I285D	0.9998	pathogenic
Q9Y243	I285E	0.9992	pathogenic
Q9Y243	I285F	0.9731	pathogenic
Q9Y243	I285G	0.9958	pathogenic
Q9Y243	I285H	0.9995	pathogenic
Q9Y243	I285K	0.9993	pathogenic
Q9Y243	I285L	0.4495	ambiguous
Q9Y243	I285M	0.6072	pathogenic
Q9Y243	I285N	0.9962	pathogenic
Q9Y243	I285P	0.9965	pathogenic
Q9Y243	I285Q	0.9986	pathogenic
Q9Y243	I285R	0.9987	pathogenic
Q9Y243	I285S	0.984	pathogenic
Q9Y243	I285T	0.9562	pathogenic
Q9Y243	I285V	0.0908	benign
Q9Y243	I285W	0.9996	pathogenic
Q9Y243	I285Y	0.9983	pathogenic
Q9Y243	K286A	0.9772	pathogenic
Q9Y243	K286C	0.8992	pathogenic
Q9Y243	K286D	0.9996	pathogenic
Q9Y243	K286E	0.9957	pathogenic
Q9Y243	K286F	0.9967	pathogenic
Q9Y243	K286G	0.9928	pathogenic
Q9Y243	K286H	0.9031	pathogenic
Q9Y243	K286I	0.96	pathogenic
Q9Y243	K286L	0.9587	pathogenic
Q9Y243	K286M	0.9168	pathogenic
Q9Y243	K286N	0.9968	pathogenic
Q9Y243	K286P	0.9992	pathogenic
Q9Y243	K286Q	0.8929	pathogenic
Q9Y243	K286R	0.2725	benign
Q9Y243	K286S	0.9907	pathogenic
Q9Y243	K286T	0.9551	pathogenic
Q9Y243	K286V	0.8811	pathogenic
Q9Y243	K286W	0.9958	pathogenic
Q9Y243	K286Y	0.9922	pathogenic
Q9Y243	I287A	0.9967	pathogenic
Q9Y243	I287C	0.997	pathogenic
Q9Y243	I287D	0.9999	pathogenic
Q9Y243	I287E	0.9997	pathogenic
Q9Y243	I287F	0.9887	pathogenic
Q9Y243	I287G	0.9995	pathogenic
Q9Y243	I287H	0.9999	pathogenic
Q9Y243	I287K	0.9996	pathogenic
Q9Y243	I287L	0.5252	ambiguous
Q9Y243	I287M	0.7755	pathogenic
Q9Y243	I287N	0.9989	pathogenic
Q9Y243	I287P	0.9993	pathogenic
Q9Y243	I287Q	0.9997	pathogenic
Q9Y243	I287R	0.9996	pathogenic
Q9Y243	I287S	0.9991	pathogenic
Q9Y243	I287T	0.9982	pathogenic
Q9Y243	I287V	0.3379	benign
Q9Y243	I287W	0.9999	pathogenic
Q9Y243	I287Y	0.9992	pathogenic
Q9Y243	T288A	0.5378	ambiguous
Q9Y243	T288C	0.9091	pathogenic
Q9Y243	T288D	0.9989	pathogenic
Q9Y243	T288E	0.9989	pathogenic
Q9Y243	T288F	0.9978	pathogenic
Q9Y243	T288G	0.9419	pathogenic
Q9Y243	T288H	0.9982	pathogenic
Q9Y243	T288I	0.9875	pathogenic
Q9Y243	T288K	0.9991	pathogenic
Q9Y243	T288L	0.9501	pathogenic
Q9Y243	T288M	0.9474	pathogenic
Q9Y243	T288N	0.988	pathogenic
Q9Y243	T288P	0.9922	pathogenic
Q9Y243	T288Q	0.9969	pathogenic
Q9Y243	T288R	0.9968	pathogenic
Q9Y243	T288S	0.8672	pathogenic
Q9Y243	T288V	0.9124	pathogenic
Q9Y243	T288W	0.9998	pathogenic
Q9Y243	T288Y	0.9994	pathogenic
Q9Y243	D289A	1.0	pathogenic
Q9Y243	D289C	1.0	pathogenic
Q9Y243	D289E	1.0	pathogenic
Q9Y243	D289F	1.0	pathogenic
Q9Y243	D289G	0.9999	pathogenic
Q9Y243	D289H	1.0	pathogenic
Q9Y243	D289I	1.0	pathogenic
Q9Y243	D289K	0.9999	pathogenic
Q9Y243	D289L	1.0	pathogenic
Q9Y243	D289M	1.0	pathogenic
Q9Y243	D289N	0.9997	pathogenic
Q9Y243	D289P	0.9999	pathogenic
Q9Y243	D289Q	1.0	pathogenic
Q9Y243	D289R	0.9999	pathogenic
Q9Y243	D289S	0.9998	pathogenic
Q9Y243	D289T	1.0	pathogenic
Q9Y243	D289V	1.0	pathogenic
Q9Y243	D289W	1.0	pathogenic
Q9Y243	D289Y	0.9997	pathogenic
Q9Y243	F290A	0.999	pathogenic
Q9Y243	F290C	0.9978	pathogenic
Q9Y243	F290D	0.9997	pathogenic
Q9Y243	F290E	0.9998	pathogenic
Q9Y243	F290G	0.9989	pathogenic
Q9Y243	F290H	0.9986	pathogenic
Q9Y243	F290I	0.9989	pathogenic
Q9Y243	F290K	0.9998	pathogenic
Q9Y243	F290L	0.9994	pathogenic
Q9Y243	F290M	0.9961	pathogenic
Q9Y243	F290N	0.9991	pathogenic
Q9Y243	F290P	1.0	pathogenic
Q9Y243	F290Q	0.9997	pathogenic
Q9Y243	F290R	0.9993	pathogenic
Q9Y243	F290S	0.9992	pathogenic
Q9Y243	F290T	0.9993	pathogenic
Q9Y243	F290V	0.9984	pathogenic
Q9Y243	F290W	0.9849	pathogenic
Q9Y243	F290Y	0.9434	pathogenic
Q9Y243	G291A	0.9976	pathogenic
Q9Y243	G291C	0.9993	pathogenic
Q9Y243	G291D	0.9998	pathogenic
Q9Y243	G291E	0.9999	pathogenic
Q9Y243	G291F	0.9998	pathogenic
Q9Y243	G291H	1.0	pathogenic
Q9Y243	G291I	0.9992	pathogenic
Q9Y243	G291K	1.0	pathogenic
Q9Y243	G291L	0.9994	pathogenic
Q9Y243	G291M	0.9998	pathogenic
Q9Y243	G291N	0.9999	pathogenic
Q9Y243	G291P	0.9998	pathogenic
Q9Y243	G291Q	0.9999	pathogenic
Q9Y243	G291R	0.9999	pathogenic
Q9Y243	G291S	0.9982	pathogenic
Q9Y243	G291T	0.9987	pathogenic
Q9Y243	G291V	0.9991	pathogenic
Q9Y243	G291W	0.9998	pathogenic
Q9Y243	G291Y	0.9999	pathogenic
Q9Y243	L292A	0.998	pathogenic
Q9Y243	L292C	0.9991	pathogenic
Q9Y243	L292D	0.9999	pathogenic
Q9Y243	L292E	0.9996	pathogenic
Q9Y243	L292F	0.9904	pathogenic
Q9Y243	L292G	0.9992	pathogenic
Q9Y243	L292H	0.9996	pathogenic
Q9Y243	L292I	0.9691	pathogenic
Q9Y243	L292K	0.9991	pathogenic
Q9Y243	L292M	0.9636	pathogenic
Q9Y243	L292N	0.9988	pathogenic
Q9Y243	L292P	0.9999	pathogenic
Q9Y243	L292Q	0.9997	pathogenic
Q9Y243	L292R	0.9975	pathogenic
Q9Y243	L292S	0.9998	pathogenic
Q9Y243	L292T	0.9991	pathogenic
Q9Y243	L292V	0.9931	pathogenic
Q9Y243	L292W	0.9985	pathogenic
Q9Y243	L292Y	0.9986	pathogenic
Q9Y243	C293A	0.9456	pathogenic
Q9Y243	C293D	0.9998	pathogenic
Q9Y243	C293E	0.9999	pathogenic
Q9Y243	C293F	0.9983	pathogenic
Q9Y243	C293G	0.9716	pathogenic
Q9Y243	C293H	0.9997	pathogenic
Q9Y243	C293I	0.9983	pathogenic
Q9Y243	C293K	1.0	pathogenic
Q9Y243	C293L	0.9946	pathogenic
Q9Y243	C293M	0.9961	pathogenic
Q9Y243	C293N	0.999	pathogenic
Q9Y243	C293P	0.9997	pathogenic
Q9Y243	C293Q	0.9996	pathogenic
Q9Y243	C293R	0.9996	pathogenic
Q9Y243	C293S	0.9395	pathogenic
Q9Y243	C293T	0.9924	pathogenic
Q9Y243	C293V	0.9882	pathogenic
Q9Y243	C293W	0.9997	pathogenic
Q9Y243	C293Y	0.9997	pathogenic
Q9Y243	K294A	0.9979	pathogenic
Q9Y243	K294C	0.9981	pathogenic
Q9Y243	K294D	0.9997	pathogenic
Q9Y243	K294E	0.9987	pathogenic
Q9Y243	K294F	0.9999	pathogenic
Q9Y243	K294G	0.9981	pathogenic
Q9Y243	K294H	0.9947	pathogenic
Q9Y243	K294I	0.9992	pathogenic
Q9Y243	K294L	0.9985	pathogenic
Q9Y243	K294M	0.9973	pathogenic
Q9Y243	K294N	0.9997	pathogenic
Q9Y243	K294P	0.9992	pathogenic
Q9Y243	K294Q	0.9928	pathogenic
Q9Y243	K294R	0.6212	pathogenic
Q9Y243	K294S	0.9993	pathogenic
Q9Y243	K294T	0.9954	pathogenic
Q9Y243	K294V	0.9976	pathogenic
Q9Y243	K294W	0.9996	pathogenic
Q9Y243	K294Y	0.9995	pathogenic
Q9Y243	E295A	0.9536	pathogenic
Q9Y243	E295C	0.9979	pathogenic
Q9Y243	E295D	0.9561	pathogenic
Q9Y243	E295F	0.9991	pathogenic
Q9Y243	E295G	0.97	pathogenic
Q9Y243	E295H	0.9978	pathogenic
Q9Y243	E295I	0.9885	pathogenic
Q9Y243	E295K	0.9867	pathogenic
Q9Y243	E295L	0.9938	pathogenic
Q9Y243	E295M	0.9921	pathogenic
Q9Y243	E295N	0.9942	pathogenic
Q9Y243	E295P	0.9978	pathogenic
Q9Y243	E295Q	0.9407	pathogenic
Q9Y243	E295R	0.9881	pathogenic
Q9Y243	E295S	0.9842	pathogenic
Q9Y243	E295T	0.9761	pathogenic
Q9Y243	E295V	0.959	pathogenic
Q9Y243	E295W	0.9996	pathogenic
Q9Y243	E295Y	0.9984	pathogenic
Q9Y243	G296A	0.6136	pathogenic
Q9Y243	G296C	0.8119	pathogenic
Q9Y243	G296D	0.5623	ambiguous
Q9Y243	G296E	0.776	pathogenic
Q9Y243	G296F	0.9534	pathogenic
Q9Y243	G296H	0.9055	pathogenic
Q9Y243	G296I	0.9495	pathogenic
Q9Y243	G296K	0.969	pathogenic
Q9Y243	G296L	0.9262	pathogenic
Q9Y243	G296M	0.9217	pathogenic
Q9Y243	G296N	0.4433	ambiguous
Q9Y243	G296P	0.997	pathogenic
Q9Y243	G296Q	0.8774	pathogenic
Q9Y243	G296R	0.9468	pathogenic
Q9Y243	G296S	0.4176	ambiguous
Q9Y243	G296T	0.8088	pathogenic
Q9Y243	G296V	0.9041	pathogenic
Q9Y243	G296W	0.9522	pathogenic
Q9Y243	G296Y	0.9181	pathogenic
Q9Y243	I297A	0.9634	pathogenic
Q9Y243	I297C	0.9585	pathogenic
Q9Y243	I297D	0.996	pathogenic
Q9Y243	I297E	0.9897	pathogenic
Q9Y243	I297F	0.718	pathogenic
Q9Y243	I297G	0.9909	pathogenic
Q9Y243	I297H	0.9896	pathogenic
Q9Y243	I297K	0.9863	pathogenic
Q9Y243	I297L	0.4372	ambiguous
Q9Y243	I297M	0.3435	ambiguous
Q9Y243	I297N	0.955	pathogenic
Q9Y243	I297P	0.9926	pathogenic
Q9Y243	I297Q	0.9805	pathogenic
Q9Y243	I297R	0.9814	pathogenic
Q9Y243	I297S	0.9671	pathogenic
Q9Y243	I297T	0.9517	pathogenic
Q9Y243	I297V	0.1525	benign
Q9Y243	I297W	0.991	pathogenic
Q9Y243	I297Y	0.9641	pathogenic
Q9Y243	T298A	0.1097	benign
Q9Y243	T298C	0.3929	ambiguous
Q9Y243	T298D	0.3866	ambiguous
Q9Y243	T298E	0.3681	ambiguous
Q9Y243	T298F	0.5018	ambiguous
Q9Y243	T298G	0.1443	benign
Q9Y243	T298H	0.2827	benign
Q9Y243	T298I	0.4526	ambiguous
Q9Y243	T298K	0.2085	benign
Q9Y243	T298L	0.1895	benign
Q9Y243	T298M	0.1343	benign
Q9Y243	T298N	0.1515	benign
Q9Y243	T298P	0.2437	benign
Q9Y243	T298Q	0.2248	benign
Q9Y243	T298R	0.203	benign
Q9Y243	T298S	0.0856	benign
Q9Y243	T298V	0.2733	benign
Q9Y243	T298W	0.7627	pathogenic
Q9Y243	T298Y	0.5527	ambiguous
Q9Y243	D299A	0.1954	benign
Q9Y243	D299C	0.7404	pathogenic
Q9Y243	D299E	0.1291	benign
Q9Y243	D299F	0.7457	pathogenic
Q9Y243	D299G	0.2066	benign
Q9Y243	D299H	0.4116	ambiguous
Q9Y243	D299I	0.5843	pathogenic
Q9Y243	D299K	0.5414	ambiguous
Q9Y243	D299L	0.5257	ambiguous
Q9Y243	D299M	0.7056	pathogenic
Q9Y243	D299N	0.1303	benign
Q9Y243	D299P	0.479	ambiguous
Q9Y243	D299Q	0.3952	ambiguous
Q9Y243	D299R	0.5783	pathogenic
Q9Y243	D299S	0.1582	benign
Q9Y243	D299T	0.33	benign
Q9Y243	D299V	0.3512	ambiguous
Q9Y243	D299W	0.9353	pathogenic
Q9Y243	D299Y	0.4347	ambiguous
Q9Y243	A300C	0.3316	benign
Q9Y243	A300D	0.1749	benign
Q9Y243	A300E	0.1757	benign
Q9Y243	A300F	0.3067	benign
Q9Y243	A300G	0.0924	benign
Q9Y243	A300H	0.2876	benign
Q9Y243	A300I	0.2069	benign
Q9Y243	A300K	0.2901	benign
Q9Y243	A300L	0.1379	benign
Q9Y243	A300M	0.1356	benign
Q9Y243	A300N	0.1333	benign
Q9Y243	A300P	0.387	ambiguous
Q9Y243	A300Q	0.1983	benign
Q9Y243	A300R	0.3014	benign
Q9Y243	A300S	0.0741	benign
Q9Y243	A300T	0.0633	benign
Q9Y243	A300V	0.1171	benign
Q9Y243	A300W	0.6531	pathogenic
Q9Y243	A300Y	0.4056	ambiguous
Q9Y243	A301C	0.6493	pathogenic
Q9Y243	A301D	0.5539	ambiguous
Q9Y243	A301E	0.6244	pathogenic
Q9Y243	A301F	0.7833	pathogenic
Q9Y243	A301G	0.2928	benign
Q9Y243	A301H	0.747	pathogenic
Q9Y243	A301I	0.7199	pathogenic
Q9Y243	A301K	0.8489	pathogenic
Q9Y243	A301L	0.4978	ambiguous
Q9Y243	A301M	0.5021	ambiguous
Q9Y243	A301N	0.4502	ambiguous
Q9Y243	A301P	0.9436	pathogenic
Q9Y243	A301Q	0.5225	ambiguous
Q9Y243	A301R	0.7778	pathogenic
Q9Y243	A301S	0.1192	benign
Q9Y243	A301T	0.1971	benign
Q9Y243	A301V	0.3883	ambiguous
Q9Y243	A301W	0.9679	pathogenic
Q9Y243	A301Y	0.8548	pathogenic
Q9Y243	T302A	0.3115	benign
Q9Y243	T302C	0.8115	pathogenic
Q9Y243	T302D	0.9135	pathogenic
Q9Y243	T302E	0.8573	pathogenic
Q9Y243	T302F	0.8774	pathogenic
Q9Y243	T302G	0.5963	pathogenic
Q9Y243	T302H	0.726	pathogenic
Q9Y243	T302I	0.886	pathogenic
Q9Y243	T302K	0.5797	pathogenic
Q9Y243	T302L	0.5468	ambiguous
Q9Y243	T302M	0.4072	ambiguous
Q9Y243	T302N	0.6065	pathogenic
Q9Y243	T302P	0.6875	pathogenic
Q9Y243	T302Q	0.5727	pathogenic
Q9Y243	T302R	0.5285	ambiguous
Q9Y243	T302S	0.3573	ambiguous
Q9Y243	T302V	0.5696	pathogenic
Q9Y243	T302W	0.9715	pathogenic
Q9Y243	T302Y	0.8946	pathogenic
Q9Y243	M303A	0.9364	pathogenic
Q9Y243	M303C	0.9408	pathogenic
Q9Y243	M303D	0.9992	pathogenic
Q9Y243	M303E	0.996	pathogenic
Q9Y243	M303F	0.9608	pathogenic
Q9Y243	M303G	0.9859	pathogenic
Q9Y243	M303H	0.9965	pathogenic
Q9Y243	M303I	0.9971	pathogenic
Q9Y243	M303K	0.9923	pathogenic
Q9Y243	M303L	0.7949	pathogenic
Q9Y243	M303N	0.9933	pathogenic
Q9Y243	M303P	0.9986	pathogenic
Q9Y243	M303Q	0.9671	pathogenic
Q9Y243	M303R	0.9886	pathogenic
Q9Y243	M303S	0.9733	pathogenic
Q9Y243	M303T	0.6752	pathogenic
Q9Y243	M303V	0.7631	pathogenic
Q9Y243	M303W	0.9976	pathogenic
Q9Y243	M303Y	0.9965	pathogenic
Q9Y243	K304A	0.9552	pathogenic
Q9Y243	K304C	0.961	pathogenic
Q9Y243	K304D	0.9875	pathogenic
Q9Y243	K304E	0.9605	pathogenic
Q9Y243	K304F	0.9953	pathogenic
Q9Y243	K304G	0.9304	pathogenic
Q9Y243	K304H	0.7928	pathogenic
Q9Y243	K304I	0.989	pathogenic
Q9Y243	K304L	0.9682	pathogenic
Q9Y243	K304M	0.9246	pathogenic
Q9Y243	K304N	0.9547	pathogenic
Q9Y243	K304P	0.9952	pathogenic
Q9Y243	K304Q	0.6883	pathogenic
Q9Y243	K304R	0.166	benign
Q9Y243	K304S	0.9522	pathogenic
Q9Y243	K304T	0.8729	pathogenic
Q9Y243	K304V	0.9692	pathogenic
Q9Y243	K304W	0.9927	pathogenic
Q9Y243	K304Y	0.9785	pathogenic
Q9Y243	T305A	0.9978	pathogenic
Q9Y243	T305C	0.9998	pathogenic
Q9Y243	T305D	0.9991	pathogenic
Q9Y243	T305E	0.9992	pathogenic
Q9Y243	T305F	0.9995	pathogenic
Q9Y243	T305G	0.9962	pathogenic
Q9Y243	T305H	0.999	pathogenic
Q9Y243	T305I	0.9996	pathogenic
Q9Y243	T305K	0.9991	pathogenic
Q9Y243	T305L	0.9982	pathogenic
Q9Y243	T305M	0.9981	pathogenic
Q9Y243	T305N	0.9944	pathogenic
Q9Y243	T305P	0.997	pathogenic
Q9Y243	T305Q	0.9992	pathogenic
Q9Y243	T305R	0.999	pathogenic
Q9Y243	T305S	0.9894	pathogenic
Q9Y243	T305V	0.9978	pathogenic
Q9Y243	T305W	0.9999	pathogenic
Q9Y243	T305Y	0.9992	pathogenic
Q9Y243	F306A	0.9994	pathogenic
Q9Y243	F306C	0.9996	pathogenic
Q9Y243	F306D	0.9999	pathogenic
Q9Y243	F306E	0.9998	pathogenic
Q9Y243	F306G	0.9997	pathogenic
Q9Y243	F306H	0.9995	pathogenic
Q9Y243	F306I	0.9972	pathogenic
Q9Y243	F306K	0.9998	pathogenic
Q9Y243	F306L	0.9999	pathogenic
Q9Y243	F306M	0.9989	pathogenic
Q9Y243	F306N	0.9997	pathogenic
Q9Y243	F306P	0.9999	pathogenic
Q9Y243	F306Q	0.9997	pathogenic
Q9Y243	F306R	0.9988	pathogenic
Q9Y243	F306S	0.9997	pathogenic
Q9Y243	F306T	0.9996	pathogenic
Q9Y243	F306V	0.9974	pathogenic
Q9Y243	F306W	0.995	pathogenic
Q9Y243	F306Y	0.987	pathogenic
Q9Y243	C307A	0.9966	pathogenic
Q9Y243	C307D	1.0	pathogenic
Q9Y243	C307E	1.0	pathogenic
Q9Y243	C307F	0.9991	pathogenic
Q9Y243	C307G	0.9966	pathogenic
Q9Y243	C307H	0.9999	pathogenic
Q9Y243	C307I	0.9983	pathogenic
Q9Y243	C307K	1.0	pathogenic
Q9Y243	C307L	0.998	pathogenic
Q9Y243	C307M	0.9993	pathogenic
Q9Y243	C307N	0.9999	pathogenic
Q9Y243	C307P	0.9997	pathogenic
Q9Y243	C307Q	0.9999	pathogenic
Q9Y243	C307R	0.9998	pathogenic
Q9Y243	C307S	0.9984	pathogenic
Q9Y243	C307T	0.9982	pathogenic
Q9Y243	C307V	0.9911	pathogenic
Q9Y243	C307W	0.9998	pathogenic
Q9Y243	C307Y	0.9999	pathogenic
Q9Y243	G308A	0.9994	pathogenic
Q9Y243	G308C	0.9998	pathogenic
Q9Y243	G308D	1.0	pathogenic
Q9Y243	G308E	1.0	pathogenic
Q9Y243	G308F	0.9999	pathogenic
Q9Y243	G308H	1.0	pathogenic
Q9Y243	G308I	0.9999	pathogenic
Q9Y243	G308K	1.0	pathogenic
Q9Y243	G308L	0.9999	pathogenic
Q9Y243	G308M	1.0	pathogenic
Q9Y243	G308N	1.0	pathogenic
Q9Y243	G308P	1.0	pathogenic
Q9Y243	G308Q	1.0	pathogenic
Q9Y243	G308R	0.9999	pathogenic
Q9Y243	G308S	0.9996	pathogenic
Q9Y243	G308T	0.9998	pathogenic
Q9Y243	G308V	0.9999	pathogenic
Q9Y243	G308W	1.0	pathogenic
Q9Y243	G308Y	1.0	pathogenic
Q9Y243	T309A	0.9991	pathogenic
Q9Y243	T309C	0.9999	pathogenic
Q9Y243	T309D	0.9997	pathogenic
Q9Y243	T309E	0.999	pathogenic
Q9Y243	T309F	0.9995	pathogenic
Q9Y243	T309G	0.9993	pathogenic
Q9Y243	T309H	0.9995	pathogenic
Q9Y243	T309I	0.9996	pathogenic
Q9Y243	T309K	0.9989	pathogenic
Q9Y243	T309L	0.9992	pathogenic
Q9Y243	T309M	0.999	pathogenic
Q9Y243	T309N	0.999	pathogenic
Q9Y243	T309P	0.9965	pathogenic
Q9Y243	T309Q	0.9997	pathogenic
Q9Y243	T309R	0.9993	pathogenic
Q9Y243	T309S	0.9975	pathogenic
Q9Y243	T309V	0.9988	pathogenic
Q9Y243	T309W	0.9999	pathogenic
Q9Y243	T309Y	0.9998	pathogenic
Q9Y243	P310A	0.98	pathogenic
Q9Y243	P310C	0.9997	pathogenic
Q9Y243	P310D	0.9999	pathogenic
Q9Y243	P310E	0.9997	pathogenic
Q9Y243	P310F	0.9999	pathogenic
Q9Y243	P310G	0.9991	pathogenic
Q9Y243	P310H	0.9998	pathogenic
Q9Y243	P310I	0.9991	pathogenic
Q9Y243	P310K	0.9998	pathogenic
Q9Y243	P310L	0.9975	pathogenic
Q9Y243	P310M	0.9995	pathogenic
Q9Y243	P310N	0.9999	pathogenic
Q9Y243	P310Q	0.9997	pathogenic
Q9Y243	P310R	0.9991	pathogenic
Q9Y243	P310S	0.9988	pathogenic
Q9Y243	P310T	0.9973	pathogenic
Q9Y243	P310V	0.996	pathogenic
Q9Y243	P310W	1.0	pathogenic
Q9Y243	P310Y	0.9999	pathogenic
Q9Y243	E311A	0.9906	pathogenic
Q9Y243	E311C	0.999	pathogenic
Q9Y243	E311D	0.9985	pathogenic
Q9Y243	E311F	0.9999	pathogenic
Q9Y243	E311G	0.9943	pathogenic
Q9Y243	E311H	0.9999	pathogenic
Q9Y243	E311I	0.9997	pathogenic
Q9Y243	E311K	0.9996	pathogenic
Q9Y243	E311L	0.9996	pathogenic
Q9Y243	E311M	0.9995	pathogenic
Q9Y243	E311N	0.9996	pathogenic
Q9Y243	E311P	0.9992	pathogenic
Q9Y243	E311Q	0.9951	pathogenic
Q9Y243	E311R	0.9988	pathogenic
Q9Y243	E311S	0.9976	pathogenic
Q9Y243	E311T	0.9992	pathogenic
Q9Y243	E311V	0.999	pathogenic
Q9Y243	E311W	0.9999	pathogenic
Q9Y243	E311Y	0.9998	pathogenic
Q9Y243	Y312A	0.9998	pathogenic
Q9Y243	Y312C	0.9998	pathogenic
Q9Y243	Y312D	0.9994	pathogenic
Q9Y243	Y312E	0.9999	pathogenic
Q9Y243	Y312F	0.8808	pathogenic
Q9Y243	Y312G	0.9981	pathogenic
Q9Y243	Y312H	1.0	pathogenic
Q9Y243	Y312I	0.9987	pathogenic
Q9Y243	Y312K	1.0	pathogenic
Q9Y243	Y312L	0.9955	pathogenic
Q9Y243	Y312M	0.9994	pathogenic
Q9Y243	Y312N	0.9988	pathogenic
Q9Y243	Y312P	0.9999	pathogenic
Q9Y243	Y312Q	1.0	pathogenic
Q9Y243	Y312R	0.9999	pathogenic
Q9Y243	Y312S	0.999	pathogenic
Q9Y243	Y312T	0.9997	pathogenic
Q9Y243	Y312V	0.9959	pathogenic
Q9Y243	Y312W	0.9969	pathogenic
Q9Y243	L313A	0.9954	pathogenic
Q9Y243	L313C	0.9982	pathogenic
Q9Y243	L313D	1.0	pathogenic
Q9Y243	L313E	0.9998	pathogenic
Q9Y243	L313F	0.9987	pathogenic
Q9Y243	L313G	0.9996	pathogenic
Q9Y243	L313H	0.9999	pathogenic
Q9Y243	L313I	0.8769	pathogenic
Q9Y243	L313K	0.9996	pathogenic
Q9Y243	L313M	0.9223	pathogenic
Q9Y243	L313N	0.9997	pathogenic
Q9Y243	L313P	0.9999	pathogenic
Q9Y243	L313Q	0.9996	pathogenic
Q9Y243	L313R	0.9987	pathogenic
Q9Y243	L313S	0.9997	pathogenic
Q9Y243	L313T	0.9979	pathogenic
Q9Y243	L313V	0.9458	pathogenic
Q9Y243	L313W	0.9997	pathogenic
Q9Y243	L313Y	0.9997	pathogenic
Q9Y243	A314C	0.9941	pathogenic
Q9Y243	A314D	0.9997	pathogenic
Q9Y243	A314E	0.9997	pathogenic
Q9Y243	A314F	0.9993	pathogenic
Q9Y243	A314G	0.9885	pathogenic
Q9Y243	A314H	0.9993	pathogenic
Q9Y243	A314I	0.9998	pathogenic
Q9Y243	A314K	1.0	pathogenic
Q9Y243	A314L	0.9943	pathogenic
Q9Y243	A314M	0.9994	pathogenic
Q9Y243	A314N	0.9997	pathogenic
Q9Y243	A314P	0.9926	pathogenic
Q9Y243	A314Q	0.9986	pathogenic
Q9Y243	A314R	0.999	pathogenic
Q9Y243	A314S	0.8281	pathogenic
Q9Y243	A314T	0.9994	pathogenic
Q9Y243	A314V	0.9995	pathogenic
Q9Y243	A314W	0.9999	pathogenic
Q9Y243	A314Y	0.9997	pathogenic
Q9Y243	P315A	0.9955	pathogenic
Q9Y243	P315C	0.9998	pathogenic
Q9Y243	P315D	0.9999	pathogenic
Q9Y243	P315E	0.9998	pathogenic
Q9Y243	P315F	1.0	pathogenic
Q9Y243	P315G	0.9994	pathogenic
Q9Y243	P315H	0.9999	pathogenic
Q9Y243	P315I	0.9999	pathogenic
Q9Y243	P315K	0.9999	pathogenic
Q9Y243	P315L	0.9991	pathogenic
Q9Y243	P315M	0.9999	pathogenic
Q9Y243	P315N	0.9999	pathogenic
Q9Y243	P315Q	0.9998	pathogenic
Q9Y243	P315R	0.9995	pathogenic
Q9Y243	P315S	0.9993	pathogenic
Q9Y243	P315T	0.9993	pathogenic
Q9Y243	P315V	0.9991	pathogenic
Q9Y243	P315W	1.0	pathogenic
Q9Y243	P315Y	1.0	pathogenic
Q9Y243	E316A	0.9971	pathogenic
Q9Y243	E316C	0.9991	pathogenic
Q9Y243	E316D	0.997	pathogenic
Q9Y243	E316F	1.0	pathogenic
Q9Y243	E316G	0.9978	pathogenic
Q9Y243	E316H	0.9998	pathogenic
Q9Y243	E316I	0.9998	pathogenic
Q9Y243	E316K	0.9993	pathogenic
Q9Y243	E316L	0.9998	pathogenic
Q9Y243	E316M	0.9996	pathogenic
Q9Y243	E316N	0.9996	pathogenic
Q9Y243	E316P	0.9998	pathogenic
Q9Y243	E316Q	0.9948	pathogenic
Q9Y243	E316R	0.9992	pathogenic
Q9Y243	E316S	0.9987	pathogenic
Q9Y243	E316T	0.9994	pathogenic
Q9Y243	E316V	0.9992	pathogenic
Q9Y243	E316W	1.0	pathogenic
Q9Y243	E316Y	0.9999	pathogenic
Q9Y243	V317A	0.9967	pathogenic
Q9Y243	V317C	0.9969	pathogenic
Q9Y243	V317D	0.9991	pathogenic
Q9Y243	V317E	0.9983	pathogenic
Q9Y243	V317F	0.992	pathogenic
Q9Y243	V317G	0.9893	pathogenic
Q9Y243	V317H	0.9997	pathogenic
Q9Y243	V317I	0.3691	ambiguous
Q9Y243	V317K	0.9991	pathogenic
Q9Y243	V317L	0.9772	pathogenic
Q9Y243	V317M	0.9789	pathogenic
Q9Y243	V317N	0.9957	pathogenic
Q9Y243	V317P	0.9994	pathogenic
Q9Y243	V317Q	0.9986	pathogenic
Q9Y243	V317R	0.9979	pathogenic
Q9Y243	V317S	0.9961	pathogenic
Q9Y243	V317T	0.9928	pathogenic
Q9Y243	V317W	0.9998	pathogenic
Q9Y243	V317Y	0.9984	pathogenic
Q9Y243	L318A	0.9945	pathogenic
Q9Y243	L318C	0.9983	pathogenic
Q9Y243	L318D	1.0	pathogenic
Q9Y243	L318E	0.9996	pathogenic
Q9Y243	L318F	0.9985	pathogenic
Q9Y243	L318G	0.9993	pathogenic
Q9Y243	L318H	0.9998	pathogenic
Q9Y243	L318I	0.7784	pathogenic
Q9Y243	L318K	0.9994	pathogenic
Q9Y243	L318M	0.9493	pathogenic
Q9Y243	L318N	0.9997	pathogenic
Q9Y243	L318P	0.9998	pathogenic
Q9Y243	L318Q	0.9997	pathogenic
Q9Y243	L318R	0.9986	pathogenic
Q9Y243	L318S	0.9998	pathogenic
Q9Y243	L318T	0.9977	pathogenic
Q9Y243	L318V	0.916	pathogenic
Q9Y243	L318W	0.9994	pathogenic
Q9Y243	L318Y	0.9997	pathogenic
Q9Y243	E319A	0.8528	pathogenic
Q9Y243	E319C	0.9873	pathogenic
Q9Y243	E319D	0.8326	pathogenic
Q9Y243	E319F	0.9965	pathogenic
Q9Y243	E319G	0.8334	pathogenic
Q9Y243	E319H	0.9855	pathogenic
Q9Y243	E319I	0.9822	pathogenic
Q9Y243	E319K	0.9474	pathogenic
Q9Y243	E319L	0.9526	pathogenic
Q9Y243	E319M	0.9657	pathogenic
Q9Y243	E319N	0.9675	pathogenic
Q9Y243	E319P	0.9988	pathogenic
Q9Y243	E319Q	0.7854	pathogenic
Q9Y243	E319R	0.9389	pathogenic
Q9Y243	E319S	0.9278	pathogenic
Q9Y243	E319T	0.9386	pathogenic
Q9Y243	E319V	0.9305	pathogenic
Q9Y243	E319W	0.9977	pathogenic
Q9Y243	E319Y	0.9933	pathogenic
Q9Y243	D320A	0.9957	pathogenic
Q9Y243	D320C	0.9994	pathogenic
Q9Y243	D320E	0.9648	pathogenic
Q9Y243	D320F	0.9989	pathogenic
Q9Y243	D320G	0.9774	pathogenic
Q9Y243	D320H	0.9989	pathogenic
Q9Y243	D320I	0.9995	pathogenic
Q9Y243	D320K	0.9987	pathogenic
Q9Y243	D320L	0.9977	pathogenic
Q9Y243	D320M	0.9993	pathogenic
Q9Y243	D320N	0.9835	pathogenic
Q9Y243	D320P	0.9998	pathogenic
Q9Y243	D320Q	0.9983	pathogenic
Q9Y243	D320R	0.998	pathogenic
Q9Y243	D320S	0.9943	pathogenic
Q9Y243	D320T	0.9981	pathogenic
Q9Y243	D320V	0.9974	pathogenic
Q9Y243	D320W	0.9996	pathogenic
Q9Y243	D320Y	0.9926	pathogenic
Q9Y243	N321A	0.7078	pathogenic
Q9Y243	N321C	0.5865	pathogenic
Q9Y243	N321D	0.7906	pathogenic
Q9Y243	N321E	0.9325	pathogenic
Q9Y243	N321F	0.9567	pathogenic
Q9Y243	N321G	0.7006	pathogenic
Q9Y243	N321H	0.5873	pathogenic
Q9Y243	N321I	0.7905	pathogenic
Q9Y243	N321K	0.9322	pathogenic
Q9Y243	N321L	0.7166	pathogenic
Q9Y243	N321M	0.7974	pathogenic
Q9Y243	N321P	0.9901	pathogenic
Q9Y243	N321Q	0.8553	pathogenic
Q9Y243	N321R	0.8683	pathogenic
Q9Y243	N321S	0.2239	benign
Q9Y243	N321T	0.3456	ambiguous
Q9Y243	N321V	0.6871	pathogenic
Q9Y243	N321W	0.9863	pathogenic
Q9Y243	N321Y	0.7923	pathogenic
Q9Y243	D322A	0.9464	pathogenic
Q9Y243	D322C	0.9958	pathogenic
Q9Y243	D322E	0.9578	pathogenic
Q9Y243	D322F	0.9934	pathogenic
Q9Y243	D322G	0.895	pathogenic
Q9Y243	D322H	0.9743	pathogenic
Q9Y243	D322I	0.9956	pathogenic
Q9Y243	D322K	0.9925	pathogenic
Q9Y243	D322L	0.9886	pathogenic
Q9Y243	D322M	0.9981	pathogenic
Q9Y243	D322N	0.7915	pathogenic
Q9Y243	D322P	0.9896	pathogenic
Q9Y243	D322Q	0.9881	pathogenic
Q9Y243	D322R	0.987	pathogenic
Q9Y243	D322S	0.8795	pathogenic
Q9Y243	D322T	0.9756	pathogenic
Q9Y243	D322V	0.9837	pathogenic
Q9Y243	D322W	0.9992	pathogenic
Q9Y243	D322Y	0.9577	pathogenic
Q9Y243	Y323A	0.9965	pathogenic
Q9Y243	Y323C	0.9863	pathogenic
Q9Y243	Y323D	0.997	pathogenic
Q9Y243	Y323E	0.9993	pathogenic
Q9Y243	Y323F	0.9083	pathogenic
Q9Y243	Y323G	0.9779	pathogenic
Q9Y243	Y323H	0.9959	pathogenic
Q9Y243	Y323I	0.9947	pathogenic
Q9Y243	Y323K	0.9994	pathogenic
Q9Y243	Y323L	0.9781	pathogenic
Q9Y243	Y323M	0.9975	pathogenic
Q9Y243	Y323N	0.9925	pathogenic
Q9Y243	Y323P	0.9937	pathogenic
Q9Y243	Y323Q	0.9997	pathogenic
Q9Y243	Y323R	0.9974	pathogenic
Q9Y243	Y323S	0.9839	pathogenic
Q9Y243	Y323T	0.9959	pathogenic
Q9Y243	Y323V	0.9828	pathogenic
Q9Y243	Y323W	0.9784	pathogenic
Q9Y243	G324A	0.8718	pathogenic
Q9Y243	G324C	0.9232	pathogenic
Q9Y243	G324D	0.9449	pathogenic
Q9Y243	G324E	0.9919	pathogenic
Q9Y243	G324F	0.9964	pathogenic
Q9Y243	G324H	0.9853	pathogenic
Q9Y243	G324I	0.9958	pathogenic
Q9Y243	G324K	0.9959	pathogenic
Q9Y243	G324L	0.9912	pathogenic
Q9Y243	G324M	0.9938	pathogenic
Q9Y243	G324N	0.8826	pathogenic
Q9Y243	G324P	0.9989	pathogenic
Q9Y243	G324Q	0.9834	pathogenic
Q9Y243	G324R	0.9892	pathogenic
Q9Y243	G324S	0.4746	ambiguous
Q9Y243	G324T	0.813	pathogenic
Q9Y243	G324V	0.9862	pathogenic
Q9Y243	G324W	0.9957	pathogenic
Q9Y243	G324Y	0.9934	pathogenic
Q9Y243	R325A	0.8827	pathogenic
Q9Y243	R325C	0.5637	ambiguous
Q9Y243	R325D	0.9818	pathogenic
Q9Y243	R325E	0.8612	pathogenic
Q9Y243	R325F	0.9121	pathogenic
Q9Y243	R325G	0.8472	pathogenic
Q9Y243	R325H	0.4262	ambiguous
Q9Y243	R325I	0.8215	pathogenic
Q9Y243	R325K	0.2787	benign
Q9Y243	R325L	0.6896	pathogenic
Q9Y243	R325M	0.8242	pathogenic
Q9Y243	R325N	0.9575	pathogenic
Q9Y243	R325P	0.8568	pathogenic
Q9Y243	R325Q	0.3383	benign
Q9Y243	R325S	0.9431	pathogenic
Q9Y243	R325T	0.846	pathogenic
Q9Y243	R325V	0.8207	pathogenic
Q9Y243	R325W	0.6921	pathogenic
Q9Y243	R325Y	0.861	pathogenic
Q9Y243	A326C	0.8911	pathogenic
Q9Y243	A326D	0.9947	pathogenic
Q9Y243	A326E	0.9846	pathogenic
Q9Y243	A326F	0.9924	pathogenic
Q9Y243	A326G	0.5861	pathogenic
Q9Y243	A326H	0.9894	pathogenic
Q9Y243	A326I	0.991	pathogenic
Q9Y243	A326K	0.9974	pathogenic
Q9Y243	A326L	0.9649	pathogenic
Q9Y243	A326M	0.954	pathogenic
Q9Y243	A326N	0.9621	pathogenic
Q9Y243	A326P	0.9107	pathogenic
Q9Y243	A326Q	0.9477	pathogenic
Q9Y243	A326R	0.9909	pathogenic
Q9Y243	A326S	0.2649	benign
Q9Y243	A326T	0.8611	pathogenic
Q9Y243	A326V	0.9512	pathogenic
Q9Y243	A326W	0.9988	pathogenic
Q9Y243	A326Y	0.996	pathogenic
Q9Y243	V327A	0.9818	pathogenic
Q9Y243	V327C	0.9907	pathogenic
Q9Y243	V327D	0.9999	pathogenic
Q9Y243	V327E	0.9994	pathogenic
Q9Y243	V327F	0.9993	pathogenic
Q9Y243	V327G	0.9907	pathogenic
Q9Y243	V327H	0.9999	pathogenic
Q9Y243	V327I	0.7965	pathogenic
Q9Y243	V327K	0.9998	pathogenic
Q9Y243	V327L	0.9984	pathogenic
Q9Y243	V327M	0.9979	pathogenic
Q9Y243	V327N	0.9993	pathogenic
Q9Y243	V327P	0.9986	pathogenic
Q9Y243	V327Q	0.9994	pathogenic
Q9Y243	V327R	0.9987	pathogenic
Q9Y243	V327S	0.9871	pathogenic
Q9Y243	V327T	0.9752	pathogenic
Q9Y243	V327W	1.0	pathogenic
Q9Y243	V327Y	0.9999	pathogenic
Q9Y243	D328A	0.9998	pathogenic
Q9Y243	D328C	1.0	pathogenic
Q9Y243	D328E	0.9994	pathogenic
Q9Y243	D328F	1.0	pathogenic
Q9Y243	D328G	0.9997	pathogenic
Q9Y243	D328H	0.9999	pathogenic
Q9Y243	D328I	1.0	pathogenic
Q9Y243	D328K	1.0	pathogenic
Q9Y243	D328L	0.9999	pathogenic
Q9Y243	D328M	1.0	pathogenic
Q9Y243	D328N	0.9993	pathogenic
Q9Y243	D328P	0.9999	pathogenic
Q9Y243	D328Q	1.0	pathogenic
Q9Y243	D328R	0.9999	pathogenic
Q9Y243	D328S	0.9994	pathogenic
Q9Y243	D328T	0.9999	pathogenic
Q9Y243	D328V	0.9999	pathogenic
Q9Y243	D328W	1.0	pathogenic
Q9Y243	D328Y	0.9998	pathogenic
Q9Y243	W329A	0.9992	pathogenic
Q9Y243	W329C	0.9992	pathogenic
Q9Y243	W329D	1.0	pathogenic
Q9Y243	W329E	0.9999	pathogenic
Q9Y243	W329F	0.8639	pathogenic
Q9Y243	W329G	0.9967	pathogenic
Q9Y243	W329H	0.9988	pathogenic
Q9Y243	W329I	0.9971	pathogenic
Q9Y243	W329K	1.0	pathogenic
Q9Y243	W329L	0.9937	pathogenic
Q9Y243	W329M	0.9986	pathogenic
Q9Y243	W329N	0.9998	pathogenic
Q9Y243	W329P	0.9999	pathogenic
Q9Y243	W329Q	0.9999	pathogenic
Q9Y243	W329R	0.9999	pathogenic
Q9Y243	W329S	0.9986	pathogenic
Q9Y243	W329T	0.999	pathogenic
Q9Y243	W329V	0.9975	pathogenic
Q9Y243	W329Y	0.9636	pathogenic
Q9Y243	W330A	0.9996	pathogenic
Q9Y243	W330C	0.9999	pathogenic
Q9Y243	W330D	1.0	pathogenic
Q9Y243	W330E	1.0	pathogenic
Q9Y243	W330F	0.9639	pathogenic
Q9Y243	W330G	0.9969	pathogenic
Q9Y243	W330H	0.9997	pathogenic
Q9Y243	W330I	0.9999	pathogenic
Q9Y243	W330K	1.0	pathogenic
Q9Y243	W330L	0.999	pathogenic
Q9Y243	W330M	0.9998	pathogenic
Q9Y243	W330N	1.0	pathogenic
Q9Y243	W330P	0.9999	pathogenic
Q9Y243	W330Q	1.0	pathogenic
Q9Y243	W330R	1.0	pathogenic
Q9Y243	W330S	0.9996	pathogenic
Q9Y243	W330T	0.9998	pathogenic
Q9Y243	W330V	0.9997	pathogenic
Q9Y243	W330Y	0.9848	pathogenic
Q9Y243	G331A	0.9055	pathogenic
Q9Y243	G331C	0.9866	pathogenic
Q9Y243	G331D	0.9994	pathogenic
Q9Y243	G331E	0.9995	pathogenic
Q9Y243	G331F	0.9997	pathogenic
Q9Y243	G331H	0.9998	pathogenic
Q9Y243	G331I	0.9992	pathogenic
Q9Y243	G331K	0.9999	pathogenic
Q9Y243	G331L	0.9985	pathogenic
Q9Y243	G331M	0.9988	pathogenic
Q9Y243	G331N	0.9987	pathogenic
Q9Y243	G331P	0.9999	pathogenic
Q9Y243	G331Q	0.9995	pathogenic
Q9Y243	G331R	0.9998	pathogenic
Q9Y243	G331S	0.9273	pathogenic
Q9Y243	G331T	0.9903	pathogenic
Q9Y243	G331V	0.9972	pathogenic
Q9Y243	G331W	0.9998	pathogenic
Q9Y243	G331Y	0.9997	pathogenic
Q9Y243	L332A	0.7908	pathogenic
Q9Y243	L332C	0.8423	pathogenic
Q9Y243	L332D	0.9995	pathogenic
Q9Y243	L332E	0.9966	pathogenic
Q9Y243	L332F	0.7853	pathogenic
Q9Y243	L332G	0.9724	pathogenic
Q9Y243	L332H	0.9924	pathogenic
Q9Y243	L332I	0.3493	ambiguous
Q9Y243	L332K	0.9974	pathogenic
Q9Y243	L332M	0.3398	benign
Q9Y243	L332N	0.9879	pathogenic
Q9Y243	L332P	0.999	pathogenic
Q9Y243	L332Q	0.9872	pathogenic
Q9Y243	L332R	0.9957	pathogenic
Q9Y243	L332S	0.9483	pathogenic
Q9Y243	L332T	0.4465	ambiguous
Q9Y243	L332V	0.2031	benign
Q9Y243	L332W	0.9859	pathogenic
Q9Y243	L332Y	0.9819	pathogenic
Q9Y243	G333A	0.98	pathogenic
Q9Y243	G333C	0.9993	pathogenic
Q9Y243	G333D	0.9999	pathogenic
Q9Y243	G333E	0.9999	pathogenic
Q9Y243	G333F	0.9999	pathogenic
Q9Y243	G333H	1.0	pathogenic
Q9Y243	G333I	0.9999	pathogenic
Q9Y243	G333K	1.0	pathogenic
Q9Y243	G333L	0.9998	pathogenic
Q9Y243	G333M	0.9999	pathogenic
Q9Y243	G333N	1.0	pathogenic
Q9Y243	G333P	0.9999	pathogenic
Q9Y243	G333Q	0.9999	pathogenic
Q9Y243	G333R	0.9999	pathogenic
Q9Y243	G333S	0.9971	pathogenic
Q9Y243	G333T	0.9995	pathogenic
Q9Y243	G333V	0.9997	pathogenic
Q9Y243	G333W	1.0	pathogenic
Q9Y243	G333Y	1.0	pathogenic
Q9Y243	V334A	0.9888	pathogenic
Q9Y243	V334C	0.9888	pathogenic
Q9Y243	V334D	0.9996	pathogenic
Q9Y243	V334E	0.999	pathogenic
Q9Y243	V334F	0.9977	pathogenic
Q9Y243	V334G	0.9885	pathogenic
Q9Y243	V334H	0.9998	pathogenic
Q9Y243	V334I	0.3777	ambiguous
Q9Y243	V334K	0.9995	pathogenic
Q9Y243	V334L	0.9937	pathogenic
Q9Y243	V334M	0.9902	pathogenic
Q9Y243	V334N	0.9969	pathogenic
Q9Y243	V334P	0.9994	pathogenic
Q9Y243	V334Q	0.999	pathogenic
Q9Y243	V334R	0.9982	pathogenic
Q9Y243	V334S	0.988	pathogenic
Q9Y243	V334T	0.9637	pathogenic
Q9Y243	V334W	0.9999	pathogenic
Q9Y243	V334Y	0.9997	pathogenic
Q9Y243	V335A	0.9664	pathogenic
Q9Y243	V335C	0.9447	pathogenic
Q9Y243	V335D	0.9992	pathogenic
Q9Y243	V335E	0.9988	pathogenic
Q9Y243	V335F	0.9935	pathogenic
Q9Y243	V335G	0.9472	pathogenic
Q9Y243	V335H	0.9997	pathogenic
Q9Y243	V335I	0.4924	ambiguous
Q9Y243	V335K	0.9996	pathogenic
Q9Y243	V335L	0.9647	pathogenic
Q9Y243	V335M	0.9833	pathogenic
Q9Y243	V335N	0.9943	pathogenic
Q9Y243	V335P	0.9988	pathogenic
Q9Y243	V335Q	0.9985	pathogenic
Q9Y243	V335R	0.9983	pathogenic
Q9Y243	V335S	0.9699	pathogenic
Q9Y243	V335T	0.9019	pathogenic
Q9Y243	V335W	0.9999	pathogenic
Q9Y243	V335Y	0.9994	pathogenic
Q9Y243	M336A	0.6116	pathogenic
Q9Y243	M336C	0.7283	pathogenic
Q9Y243	M336D	0.9969	pathogenic
Q9Y243	M336E	0.987	pathogenic
Q9Y243	M336F	0.8384	pathogenic
Q9Y243	M336G	0.8886	pathogenic
Q9Y243	M336H	0.9891	pathogenic
Q9Y243	M336I	0.8249	pathogenic
Q9Y243	M336K	0.9893	pathogenic
Q9Y243	M336L	0.2497	benign
Q9Y243	M336N	0.9426	pathogenic
Q9Y243	M336P	0.9989	pathogenic
Q9Y243	M336Q	0.9289	pathogenic
Q9Y243	M336R	0.9903	pathogenic
Q9Y243	M336S	0.6705	pathogenic
Q9Y243	M336T	0.2917	benign
Q9Y243	M336V	0.3465	ambiguous
Q9Y243	M336W	0.9929	pathogenic
Q9Y243	M336Y	0.9852	pathogenic
Q9Y243	Y337A	0.998	pathogenic
Q9Y243	Y337C	0.9831	pathogenic
Q9Y243	Y337D	0.9989	pathogenic
Q9Y243	Y337E	0.9996	pathogenic
Q9Y243	Y337F	0.3893	ambiguous
Q9Y243	Y337G	0.9893	pathogenic
Q9Y243	Y337H	0.9933	pathogenic
Q9Y243	Y337I	0.9982	pathogenic
Q9Y243	Y337K	0.9997	pathogenic
Q9Y243	Y337L	0.9895	pathogenic
Q9Y243	Y337M	0.9966	pathogenic
Q9Y243	Y337N	0.9927	pathogenic
Q9Y243	Y337P	0.9998	pathogenic
Q9Y243	Y337Q	0.9995	pathogenic
Q9Y243	Y337R	0.9986	pathogenic
Q9Y243	Y337S	0.9937	pathogenic
Q9Y243	Y337T	0.9979	pathogenic
Q9Y243	Y337V	0.9902	pathogenic
Q9Y243	Y337W	0.9332	pathogenic
Q9Y243	E338A	0.9987	pathogenic
Q9Y243	E338C	0.9993	pathogenic
Q9Y243	E338D	0.9993	pathogenic
Q9Y243	E338F	0.9999	pathogenic
Q9Y243	E338G	0.9982	pathogenic
Q9Y243	E338H	0.9998	pathogenic
Q9Y243	E338I	0.9998	pathogenic
Q9Y243	E338K	0.9995	pathogenic
Q9Y243	E338L	0.9998	pathogenic
Q9Y243	E338M	0.9998	pathogenic
Q9Y243	E338N	0.9998	pathogenic
Q9Y243	E338P	1.0	pathogenic
Q9Y243	E338Q	0.9963	pathogenic
Q9Y243	E338R	0.999	pathogenic
Q9Y243	E338S	0.9989	pathogenic
Q9Y243	E338T	0.9991	pathogenic
Q9Y243	E338V	0.9993	pathogenic
Q9Y243	E338W	1.0	pathogenic
Q9Y243	E338Y	0.9999	pathogenic
Q9Y243	M339A	0.9946	pathogenic
Q9Y243	M339C	0.9862	pathogenic
Q9Y243	M339D	0.9999	pathogenic
Q9Y243	M339E	0.9995	pathogenic
Q9Y243	M339F	0.9782	pathogenic
Q9Y243	M339G	0.9961	pathogenic
Q9Y243	M339H	0.9996	pathogenic
Q9Y243	M339I	0.998	pathogenic
Q9Y243	M339K	0.9992	pathogenic
Q9Y243	M339L	0.8484	pathogenic
Q9Y243	M339N	0.9983	pathogenic
Q9Y243	M339P	1.0	pathogenic
Q9Y243	M339Q	0.9939	pathogenic
Q9Y243	M339R	0.9997	pathogenic
Q9Y243	M339S	0.9973	pathogenic
Q9Y243	M339T	0.9984	pathogenic
Q9Y243	M339V	0.9817	pathogenic
Q9Y243	M339W	0.9997	pathogenic
Q9Y243	M339Y	0.9988	pathogenic
Q9Y243	M340A	0.7156	pathogenic
Q9Y243	M340C	0.8329	pathogenic
Q9Y243	M340D	0.9985	pathogenic
Q9Y243	M340E	0.9892	pathogenic
Q9Y243	M340F	0.9285	pathogenic
Q9Y243	M340G	0.9453	pathogenic
Q9Y243	M340H	0.9945	pathogenic
Q9Y243	M340I	0.7211	pathogenic
Q9Y243	M340K	0.9881	pathogenic
Q9Y243	M340L	0.2361	benign
Q9Y243	M340N	0.9702	pathogenic
Q9Y243	M340P	0.9995	pathogenic
Q9Y243	M340Q	0.9288	pathogenic
Q9Y243	M340R	0.9898	pathogenic
Q9Y243	M340S	0.8329	pathogenic
Q9Y243	M340T	0.6682	pathogenic
Q9Y243	M340V	0.2901	benign
Q9Y243	M340W	0.9975	pathogenic
Q9Y243	M340Y	0.9934	pathogenic
Q9Y243	C341A	0.8827	pathogenic
Q9Y243	C341D	0.9992	pathogenic
Q9Y243	C341E	0.9992	pathogenic
Q9Y243	C341F	0.9594	pathogenic
Q9Y243	C341G	0.9033	pathogenic
Q9Y243	C341H	0.9965	pathogenic
Q9Y243	C341I	0.9097	pathogenic
Q9Y243	C341K	0.9997	pathogenic
Q9Y243	C341L	0.95	pathogenic
Q9Y243	C341M	0.9595	pathogenic
Q9Y243	C341N	0.9879	pathogenic
Q9Y243	C341P	0.9996	pathogenic
Q9Y243	C341Q	0.9972	pathogenic
Q9Y243	C341R	0.9965	pathogenic
Q9Y243	C341S	0.8753	pathogenic
Q9Y243	C341T	0.846	pathogenic
Q9Y243	C341V	0.6388	pathogenic
Q9Y243	C341W	0.9939	pathogenic
Q9Y243	C341Y	0.9912	pathogenic
Q9Y243	G342A	0.9898	pathogenic
Q9Y243	G342C	0.9959	pathogenic
Q9Y243	G342D	0.9996	pathogenic
Q9Y243	G342E	0.9996	pathogenic
Q9Y243	G342F	0.9997	pathogenic
Q9Y243	G342H	0.9997	pathogenic
Q9Y243	G342I	0.9998	pathogenic
Q9Y243	G342K	0.9997	pathogenic
Q9Y243	G342L	0.9994	pathogenic
Q9Y243	G342M	0.9997	pathogenic
Q9Y243	G342N	0.9991	pathogenic
Q9Y243	G342P	0.9998	pathogenic
Q9Y243	G342Q	0.9988	pathogenic
Q9Y243	G342R	0.9989	pathogenic
Q9Y243	G342S	0.9823	pathogenic
Q9Y243	G342T	0.9982	pathogenic
Q9Y243	G342V	0.9995	pathogenic
Q9Y243	G342W	0.9997	pathogenic
Q9Y243	G342Y	0.9997	pathogenic
Q9Y243	R343A	0.9936	pathogenic
Q9Y243	R343C	0.9468	pathogenic
Q9Y243	R343D	0.9971	pathogenic
Q9Y243	R343E	0.9859	pathogenic
Q9Y243	R343F	0.9895	pathogenic
Q9Y243	R343G	0.9855	pathogenic
Q9Y243	R343H	0.8652	pathogenic
Q9Y243	R343I	0.9889	pathogenic
Q9Y243	R343K	0.8265	pathogenic
Q9Y243	R343L	0.9803	pathogenic
Q9Y243	R343M	0.9939	pathogenic
Q9Y243	R343N	0.9934	pathogenic
Q9Y243	R343P	0.9984	pathogenic
Q9Y243	R343Q	0.9073	pathogenic
Q9Y243	R343S	0.9947	pathogenic
Q9Y243	R343T	0.9939	pathogenic
Q9Y243	R343V	0.9866	pathogenic
Q9Y243	R343W	0.9574	pathogenic
Q9Y243	R343Y	0.9746	pathogenic
Q9Y243	L344A	0.9894	pathogenic
Q9Y243	L344C	0.9967	pathogenic
Q9Y243	L344D	0.9999	pathogenic
Q9Y243	L344E	0.9993	pathogenic
Q9Y243	L344F	0.9958	pathogenic
Q9Y243	L344G	0.9979	pathogenic
Q9Y243	L344H	0.9986	pathogenic
Q9Y243	L344I	0.9714	pathogenic
Q9Y243	L344K	0.9977	pathogenic
Q9Y243	L344M	0.9666	pathogenic
Q9Y243	L344N	0.997	pathogenic
Q9Y243	L344P	0.9973	pathogenic
Q9Y243	L344Q	0.9992	pathogenic
Q9Y243	L344R	0.9972	pathogenic
Q9Y243	L344S	0.9981	pathogenic
Q9Y243	L344T	0.9936	pathogenic
Q9Y243	L344V	0.9785	pathogenic
Q9Y243	L344W	0.9991	pathogenic
Q9Y243	L344Y	0.9983	pathogenic
Q9Y243	P345A	0.9954	pathogenic
Q9Y243	P345C	0.9995	pathogenic
Q9Y243	P345D	0.9999	pathogenic
Q9Y243	P345E	0.9999	pathogenic
Q9Y243	P345F	1.0	pathogenic
Q9Y243	P345G	0.9993	pathogenic
Q9Y243	P345H	0.9999	pathogenic
Q9Y243	P345I	0.9997	pathogenic
Q9Y243	P345K	1.0	pathogenic
Q9Y243	P345L	0.9974	pathogenic
Q9Y243	P345M	0.9999	pathogenic
Q9Y243	P345N	0.9999	pathogenic
Q9Y243	P345Q	0.9999	pathogenic
Q9Y243	P345R	0.9997	pathogenic
Q9Y243	P345S	0.9996	pathogenic
Q9Y243	P345T	0.9996	pathogenic
Q9Y243	P345V	0.9989	pathogenic
Q9Y243	P345W	1.0	pathogenic
Q9Y243	P345Y	1.0	pathogenic
Q9Y243	F346A	0.9997	pathogenic
Q9Y243	F346C	0.9994	pathogenic
Q9Y243	F346D	1.0	pathogenic
Q9Y243	F346E	1.0	pathogenic
Q9Y243	F346G	0.9996	pathogenic
Q9Y243	F346H	0.9986	pathogenic
Q9Y243	F346I	0.9997	pathogenic
Q9Y243	F346K	1.0	pathogenic
Q9Y243	F346L	0.9999	pathogenic
Q9Y243	F346M	0.9996	pathogenic
Q9Y243	F346N	0.9997	pathogenic
Q9Y243	F346P	1.0	pathogenic
Q9Y243	F346Q	0.9999	pathogenic
Q9Y243	F346R	0.9996	pathogenic
Q9Y243	F346S	0.9997	pathogenic
Q9Y243	F346T	0.9999	pathogenic
Q9Y243	F346V	0.9993	pathogenic
Q9Y243	F346W	0.982	pathogenic
Q9Y243	F346Y	0.9367	pathogenic
Q9Y243	Y347A	0.9902	pathogenic
Q9Y243	Y347C	0.9592	pathogenic
Q9Y243	Y347D	0.9937	pathogenic
Q9Y243	Y347E	0.9984	pathogenic
Q9Y243	Y347F	0.4747	ambiguous
Q9Y243	Y347G	0.9733	pathogenic
Q9Y243	Y347H	0.9871	pathogenic
Q9Y243	Y347I	0.9919	pathogenic
Q9Y243	Y347K	0.9982	pathogenic
Q9Y243	Y347L	0.9684	pathogenic
Q9Y243	Y347M	0.9929	pathogenic
Q9Y243	Y347N	0.9804	pathogenic
Q9Y243	Y347P	0.9941	pathogenic
Q9Y243	Y347Q	0.9963	pathogenic
Q9Y243	Y347R	0.9875	pathogenic
Q9Y243	Y347S	0.9591	pathogenic
Q9Y243	Y347T	0.9911	pathogenic
Q9Y243	Y347V	0.9752	pathogenic
Q9Y243	Y347W	0.8777	pathogenic
Q9Y243	N348A	0.8055	pathogenic
Q9Y243	N348C	0.4719	ambiguous
Q9Y243	N348D	0.7715	pathogenic
Q9Y243	N348E	0.9868	pathogenic
Q9Y243	N348F	0.9763	pathogenic
Q9Y243	N348G	0.8022	pathogenic
Q9Y243	N348H	0.4434	ambiguous
Q9Y243	N348I	0.9736	pathogenic
Q9Y243	N348K	0.9945	pathogenic
Q9Y243	N348L	0.9361	pathogenic
Q9Y243	N348M	0.9602	pathogenic
Q9Y243	N348P	0.988	pathogenic
Q9Y243	N348Q	0.9522	pathogenic
Q9Y243	N348R	0.9861	pathogenic
Q9Y243	N348S	0.1358	benign
Q9Y243	N348T	0.7088	pathogenic
Q9Y243	N348V	0.9267	pathogenic
Q9Y243	N348W	0.9896	pathogenic
Q9Y243	N348Y	0.8617	pathogenic
Q9Y243	Q349A	0.2368	benign
Q9Y243	Q349C	0.8647	pathogenic
Q9Y243	Q349D	0.8656	pathogenic
Q9Y243	Q349E	0.4046	ambiguous
Q9Y243	Q349F	0.9464	pathogenic
Q9Y243	Q349G	0.4106	ambiguous
Q9Y243	Q349H	0.5781	pathogenic
Q9Y243	Q349I	0.7346	pathogenic
Q9Y243	Q349K	0.5284	ambiguous
Q9Y243	Q349L	0.4014	ambiguous
Q9Y243	Q349M	0.5016	ambiguous
Q9Y243	Q349N	0.4302	ambiguous
Q9Y243	Q349P	0.3354	benign
Q9Y243	Q349R	0.5196	ambiguous
Q9Y243	Q349S	0.2622	benign
Q9Y243	Q349T	0.242	benign
Q9Y243	Q349V	0.4867	ambiguous
Q9Y243	Q349W	0.9699	pathogenic
Q9Y243	Q349Y	0.8946	pathogenic
Q9Y243	D350A	0.9775	pathogenic
Q9Y243	D350C	0.9934	pathogenic
Q9Y243	D350E	0.8447	pathogenic
Q9Y243	D350F	0.9972	pathogenic
Q9Y243	D350G	0.9865	pathogenic
Q9Y243	D350H	0.9888	pathogenic
Q9Y243	D350I	0.9911	pathogenic
Q9Y243	D350K	0.9953	pathogenic
Q9Y243	D350L	0.9886	pathogenic
Q9Y243	D350M	0.9969	pathogenic
Q9Y243	D350N	0.7621	pathogenic
Q9Y243	D350P	0.9988	pathogenic
Q9Y243	D350Q	0.9876	pathogenic
Q9Y243	D350R	0.9947	pathogenic
Q9Y243	D350S	0.9371	pathogenic
Q9Y243	D350T	0.9825	pathogenic
Q9Y243	D350V	0.9679	pathogenic
Q9Y243	D350W	0.9994	pathogenic
Q9Y243	D350Y	0.9793	pathogenic
Q9Y243	H351A	0.994	pathogenic
Q9Y243	H351C	0.9614	pathogenic
Q9Y243	H351D	0.9967	pathogenic
Q9Y243	H351E	0.996	pathogenic
Q9Y243	H351F	0.9859	pathogenic
Q9Y243	H351G	0.9958	pathogenic
Q9Y243	H351I	0.9973	pathogenic
Q9Y243	H351K	0.995	pathogenic
Q9Y243	H351L	0.9809	pathogenic
Q9Y243	H351M	0.9934	pathogenic
Q9Y243	H351N	0.9725	pathogenic
Q9Y243	H351P	0.9613	pathogenic
Q9Y243	H351Q	0.9869	pathogenic
Q9Y243	H351R	0.9848	pathogenic
Q9Y243	H351S	0.9882	pathogenic
Q9Y243	H351T	0.9923	pathogenic
Q9Y243	H351V	0.9952	pathogenic
Q9Y243	H351W	0.9781	pathogenic
Q9Y243	H351Y	0.9713	pathogenic
Q9Y243	E352A	0.9771	pathogenic
Q9Y243	E352C	0.9983	pathogenic
Q9Y243	E352D	0.6676	pathogenic
Q9Y243	E352F	0.9995	pathogenic
Q9Y243	E352G	0.9565	pathogenic
Q9Y243	E352H	0.9964	pathogenic
Q9Y243	E352I	0.9975	pathogenic
Q9Y243	E352K	0.9849	pathogenic
Q9Y243	E352L	0.9957	pathogenic
Q9Y243	E352M	0.9971	pathogenic
Q9Y243	E352N	0.9808	pathogenic
Q9Y243	E352P	0.9984	pathogenic
Q9Y243	E352Q	0.9372	pathogenic
Q9Y243	E352R	0.9834	pathogenic
Q9Y243	E352S	0.975	pathogenic
Q9Y243	E352T	0.9881	pathogenic
Q9Y243	E352V	0.9903	pathogenic
Q9Y243	E352W	0.9996	pathogenic
Q9Y243	E352Y	0.9986	pathogenic
Q9Y243	K353A	0.8283	pathogenic
Q9Y243	K353C	0.8776	pathogenic
Q9Y243	K353D	0.9758	pathogenic
Q9Y243	K353E	0.7979	pathogenic
Q9Y243	K353F	0.9749	pathogenic
Q9Y243	K353G	0.9286	pathogenic
Q9Y243	K353H	0.6704	pathogenic
Q9Y243	K353I	0.5388	ambiguous
Q9Y243	K353L	0.6734	pathogenic
Q9Y243	K353M	0.5911	pathogenic
Q9Y243	K353N	0.9193	pathogenic
Q9Y243	K353P	0.9953	pathogenic
Q9Y243	K353Q	0.3899	ambiguous
Q9Y243	K353R	0.0972	benign
Q9Y243	K353S	0.9362	pathogenic
Q9Y243	K353T	0.5718	pathogenic
Q9Y243	K353V	0.4353	ambiguous
Q9Y243	K353W	0.9717	pathogenic
Q9Y243	K353Y	0.9375	pathogenic
Q9Y243	L354A	0.9947	pathogenic
Q9Y243	L354C	0.9976	pathogenic
Q9Y243	L354D	0.9999	pathogenic
Q9Y243	L354E	0.9994	pathogenic
Q9Y243	L354F	0.9988	pathogenic
Q9Y243	L354G	0.999	pathogenic
Q9Y243	L354H	0.9996	pathogenic
Q9Y243	L354I	0.9634	pathogenic
Q9Y243	L354K	0.9988	pathogenic
Q9Y243	L354M	0.9152	pathogenic
Q9Y243	L354N	0.9983	pathogenic
Q9Y243	L354P	0.9999	pathogenic
Q9Y243	L354Q	0.999	pathogenic
Q9Y243	L354R	0.9979	pathogenic
Q9Y243	L354S	0.9996	pathogenic
Q9Y243	L354T	0.99	pathogenic
Q9Y243	L354V	0.9649	pathogenic
Q9Y243	L354W	0.9997	pathogenic
Q9Y243	L354Y	0.9995	pathogenic
Q9Y243	F355A	0.9995	pathogenic
Q9Y243	F355C	0.9993	pathogenic
Q9Y243	F355D	0.9997	pathogenic
Q9Y243	F355E	0.9996	pathogenic
Q9Y243	F355G	0.9989	pathogenic
Q9Y243	F355H	0.9988	pathogenic
Q9Y243	F355I	0.9997	pathogenic
Q9Y243	F355K	0.9998	pathogenic
Q9Y243	F355L	0.9999	pathogenic
Q9Y243	F355M	0.9984	pathogenic
Q9Y243	F355N	0.9994	pathogenic
Q9Y243	F355P	1.0	pathogenic
Q9Y243	F355Q	0.9991	pathogenic
Q9Y243	F355R	0.9983	pathogenic
Q9Y243	F355S	0.9996	pathogenic
Q9Y243	F355T	0.9997	pathogenic
Q9Y243	F355V	0.9995	pathogenic
Q9Y243	F355W	0.9821	pathogenic
Q9Y243	F355Y	0.9618	pathogenic
Q9Y243	E356A	0.833	pathogenic
Q9Y243	E356C	0.9861	pathogenic
Q9Y243	E356D	0.7604	pathogenic
Q9Y243	E356F	0.9941	pathogenic
Q9Y243	E356G	0.8146	pathogenic
Q9Y243	E356H	0.9672	pathogenic
Q9Y243	E356I	0.9845	pathogenic
Q9Y243	E356K	0.9636	pathogenic
Q9Y243	E356L	0.9674	pathogenic
Q9Y243	E356M	0.9685	pathogenic
Q9Y243	E356N	0.923	pathogenic
Q9Y243	E356P	0.9988	pathogenic
Q9Y243	E356Q	0.6617	pathogenic
Q9Y243	E356R	0.9497	pathogenic
Q9Y243	E356S	0.8038	pathogenic
Q9Y243	E356T	0.8641	pathogenic
Q9Y243	E356V	0.9468	pathogenic
Q9Y243	E356W	0.9979	pathogenic
Q9Y243	E356Y	0.9882	pathogenic
Q9Y243	L357A	0.837	pathogenic
Q9Y243	L357C	0.8435	pathogenic
Q9Y243	L357D	0.9863	pathogenic
Q9Y243	L357E	0.9505	pathogenic
Q9Y243	L357F	0.8549	pathogenic
Q9Y243	L357G	0.9268	pathogenic
Q9Y243	L357H	0.8986	pathogenic
Q9Y243	L357I	0.8159	pathogenic
Q9Y243	L357K	0.8206	pathogenic
Q9Y243	L357M	0.3292	benign
Q9Y243	L357N	0.8592	pathogenic
Q9Y243	L357P	0.9997	pathogenic
Q9Y243	L357Q	0.7276	pathogenic
Q9Y243	L357R	0.761	pathogenic
Q9Y243	L357S	0.9427	pathogenic
Q9Y243	L357T	0.943	pathogenic
Q9Y243	L357V	0.7924	pathogenic
Q9Y243	L357W	0.9319	pathogenic
Q9Y243	L357Y	0.8874	pathogenic
Q9Y243	I358A	0.999	pathogenic
Q9Y243	I358C	0.9998	pathogenic
Q9Y243	I358D	1.0	pathogenic
Q9Y243	I358E	0.9998	pathogenic
Q9Y243	I358F	0.998	pathogenic
Q9Y243	I358G	0.9999	pathogenic
Q9Y243	I358H	1.0	pathogenic
Q9Y243	I358K	0.9999	pathogenic
Q9Y243	I358L	0.981	pathogenic
Q9Y243	I358M	0.9889	pathogenic
Q9Y243	I358N	0.9998	pathogenic
Q9Y243	I358P	0.9998	pathogenic
Q9Y243	I358Q	0.9998	pathogenic
Q9Y243	I358R	0.9997	pathogenic
Q9Y243	I358S	0.9994	pathogenic
Q9Y243	I358T	0.9993	pathogenic
Q9Y243	I358V	0.9473	pathogenic
Q9Y243	I358W	0.9999	pathogenic
Q9Y243	I358Y	0.9998	pathogenic
Q9Y243	L359A	0.9706	pathogenic
Q9Y243	L359C	0.9691	pathogenic
Q9Y243	L359D	0.9997	pathogenic
Q9Y243	L359E	0.9959	pathogenic
Q9Y243	L359F	0.9902	pathogenic
Q9Y243	L359G	0.9937	pathogenic
Q9Y243	L359H	0.9957	pathogenic
Q9Y243	L359I	0.4509	ambiguous
Q9Y243	L359K	0.9885	pathogenic
Q9Y243	L359M	0.6501	pathogenic
Q9Y243	L359N	0.9943	pathogenic
Q9Y243	L359P	0.9996	pathogenic
Q9Y243	L359Q	0.9778	pathogenic
Q9Y243	L359R	0.977	pathogenic
Q9Y243	L359S	0.9933	pathogenic
Q9Y243	L359T	0.9552	pathogenic
Q9Y243	L359V	0.4691	ambiguous
Q9Y243	L359W	0.9971	pathogenic
Q9Y243	L359Y	0.9982	pathogenic
Q9Y243	M360A	0.6815	pathogenic
Q9Y243	M360C	0.7341	pathogenic
Q9Y243	M360D	0.9624	pathogenic
Q9Y243	M360E	0.8358	pathogenic
Q9Y243	M360F	0.6468	pathogenic
Q9Y243	M360G	0.7624	pathogenic
Q9Y243	M360H	0.7709	pathogenic
Q9Y243	M360I	0.7511	pathogenic
Q9Y243	M360K	0.6161	pathogenic
Q9Y243	M360L	0.1696	benign
Q9Y243	M360N	0.7223	pathogenic
Q9Y243	M360P	0.9965	pathogenic
Q9Y243	M360Q	0.5028	ambiguous
Q9Y243	M360R	0.5811	pathogenic
Q9Y243	M360S	0.6444	pathogenic
Q9Y243	M360T	0.3788	ambiguous
Q9Y243	M360V	0.1899	benign
Q9Y243	M360W	0.9032	pathogenic
Q9Y243	M360Y	0.8717	pathogenic
Q9Y243	E361A	0.7562	pathogenic
Q9Y243	E361C	0.9855	pathogenic
Q9Y243	E361D	0.4494	ambiguous
Q9Y243	E361F	0.9969	pathogenic
Q9Y243	E361G	0.6535	pathogenic
Q9Y243	E361H	0.9707	pathogenic
Q9Y243	E361I	0.9908	pathogenic
Q9Y243	E361K	0.9182	pathogenic
Q9Y243	E361L	0.9831	pathogenic
Q9Y243	E361M	0.9801	pathogenic
Q9Y243	E361N	0.8901	pathogenic
Q9Y243	E361P	0.9981	pathogenic
Q9Y243	E361Q	0.6781	pathogenic
Q9Y243	E361R	0.9316	pathogenic
Q9Y243	E361S	0.8006	pathogenic
Q9Y243	E361T	0.8864	pathogenic
Q9Y243	E361V	0.9435	pathogenic
Q9Y243	E361W	0.9984	pathogenic
Q9Y243	E361Y	0.9915	pathogenic
Q9Y243	D362A	0.4387	ambiguous
Q9Y243	D362C	0.8988	pathogenic
Q9Y243	D362E	0.0962	benign
Q9Y243	D362F	0.9505	pathogenic
Q9Y243	D362G	0.4336	ambiguous
Q9Y243	D362H	0.7316	pathogenic
Q9Y243	D362I	0.8202	pathogenic
Q9Y243	D362K	0.7209	pathogenic
Q9Y243	D362L	0.8236	pathogenic
Q9Y243	D362M	0.8897	pathogenic
Q9Y243	D362N	0.2524	benign
Q9Y243	D362P	0.727	pathogenic
Q9Y243	D362Q	0.5667	pathogenic
Q9Y243	D362R	0.7956	pathogenic
Q9Y243	D362S	0.3571	ambiguous
Q9Y243	D362T	0.5122	ambiguous
Q9Y243	D362V	0.6146	pathogenic
Q9Y243	D362W	0.9853	pathogenic
Q9Y243	D362Y	0.7833	pathogenic
Q9Y243	I363A	0.9227	pathogenic
Q9Y243	I363C	0.9461	pathogenic
Q9Y243	I363D	0.9974	pathogenic
Q9Y243	I363E	0.9934	pathogenic
Q9Y243	I363F	0.8773	pathogenic
Q9Y243	I363G	0.9858	pathogenic
Q9Y243	I363H	0.9942	pathogenic
Q9Y243	I363K	0.9889	pathogenic
Q9Y243	I363L	0.2622	benign
Q9Y243	I363M	0.5092	ambiguous
Q9Y243	I363N	0.9711	pathogenic
Q9Y243	I363P	0.9153	pathogenic
Q9Y243	I363Q	0.9902	pathogenic
Q9Y243	I363R	0.9828	pathogenic
Q9Y243	I363S	0.9557	pathogenic
Q9Y243	I363T	0.9015	pathogenic
Q9Y243	I363V	0.1442	benign
Q9Y243	I363W	0.9943	pathogenic
Q9Y243	I363Y	0.9846	pathogenic
Q9Y243	K364A	0.9242	pathogenic
Q9Y243	K364C	0.8939	pathogenic
Q9Y243	K364D	0.9823	pathogenic
Q9Y243	K364E	0.9498	pathogenic
Q9Y243	K364F	0.9879	pathogenic
Q9Y243	K364G	0.936	pathogenic
Q9Y243	K364H	0.5922	pathogenic
Q9Y243	K364I	0.9159	pathogenic
Q9Y243	K364L	0.8796	pathogenic
Q9Y243	K364M	0.9086	pathogenic
Q9Y243	K364N	0.9543	pathogenic
Q9Y243	K364P	0.9591	pathogenic
Q9Y243	K364Q	0.5826	pathogenic
Q9Y243	K364R	0.0736	benign
Q9Y243	K364S	0.9441	pathogenic
Q9Y243	K364T	0.835	pathogenic
Q9Y243	K364V	0.855	pathogenic
Q9Y243	K364W	0.9726	pathogenic
Q9Y243	K364Y	0.9544	pathogenic
Q9Y243	F365A	0.996	pathogenic
Q9Y243	F365C	0.9699	pathogenic
Q9Y243	F365D	0.9994	pathogenic
Q9Y243	F365E	0.9992	pathogenic
Q9Y243	F365G	0.9983	pathogenic
Q9Y243	F365H	0.9891	pathogenic
Q9Y243	F365I	0.8946	pathogenic
Q9Y243	F365K	0.9992	pathogenic
Q9Y243	F365L	0.99	pathogenic
Q9Y243	F365M	0.9319	pathogenic
Q9Y243	F365N	0.995	pathogenic
Q9Y243	F365P	0.9991	pathogenic
Q9Y243	F365Q	0.9977	pathogenic
Q9Y243	F365R	0.9985	pathogenic
Q9Y243	F365S	0.9961	pathogenic
Q9Y243	F365T	0.9959	pathogenic
Q9Y243	F365V	0.9249	pathogenic
Q9Y243	F365W	0.8815	pathogenic
Q9Y243	F365Y	0.431	ambiguous
Q9Y243	P366A	0.9678	pathogenic
Q9Y243	P366C	0.9951	pathogenic
Q9Y243	P366D	0.9988	pathogenic
Q9Y243	P366E	0.9981	pathogenic
Q9Y243	P366F	0.9992	pathogenic
Q9Y243	P366G	0.9874	pathogenic
Q9Y243	P366H	0.9877	pathogenic
Q9Y243	P366I	0.9982	pathogenic
Q9Y243	P366K	0.9979	pathogenic
Q9Y243	P366L	0.9864	pathogenic
Q9Y243	P366M	0.9982	pathogenic
Q9Y243	P366N	0.9967	pathogenic
Q9Y243	P366Q	0.9907	pathogenic
Q9Y243	P366R	0.9916	pathogenic
Q9Y243	P366S	0.975	pathogenic
Q9Y243	P366T	0.9818	pathogenic
Q9Y243	P366V	0.9941	pathogenic
Q9Y243	P366W	0.9992	pathogenic
Q9Y243	P366Y	0.9989	pathogenic
Q9Y243	R367A	0.7969	pathogenic
Q9Y243	R367C	0.5867	pathogenic
Q9Y243	R367D	0.9398	pathogenic
Q9Y243	R367E	0.8822	pathogenic
Q9Y243	R367F	0.9426	pathogenic
Q9Y243	R367G	0.608	pathogenic
Q9Y243	R367H	0.3736	ambiguous
Q9Y243	R367I	0.8604	pathogenic
Q9Y243	R367K	0.149	benign
Q9Y243	R367L	0.7549	pathogenic
Q9Y243	R367M	0.8571	pathogenic
Q9Y243	R367N	0.8932	pathogenic
Q9Y243	R367P	0.7754	pathogenic
Q9Y243	R367Q	0.3714	ambiguous
Q9Y243	R367S	0.857	pathogenic
Q9Y243	R367T	0.8107	pathogenic
Q9Y243	R367V	0.8309	pathogenic
Q9Y243	R367W	0.7425	pathogenic
Q9Y243	R367Y	0.8548	pathogenic
Q9Y243	T368A	0.1122	benign
Q9Y243	T368C	0.3456	ambiguous
Q9Y243	T368D	0.8109	pathogenic
Q9Y243	T368E	0.8329	pathogenic
Q9Y243	T368F	0.3168	benign
Q9Y243	T368G	0.128	benign
Q9Y243	T368H	0.2949	benign
Q9Y243	T368I	0.376	ambiguous
Q9Y243	T368K	0.7589	pathogenic
Q9Y243	T368L	0.1756	benign
Q9Y243	T368M	0.1243	benign
Q9Y243	T368N	0.0978	benign
Q9Y243	T368P	0.2389	benign
Q9Y243	T368Q	0.4146	ambiguous
Q9Y243	T368R	0.7064	pathogenic
Q9Y243	T368S	0.0851	benign
Q9Y243	T368V	0.2526	benign
Q9Y243	T368W	0.7502	pathogenic
Q9Y243	T368Y	0.3776	ambiguous
Q9Y243	L369A	0.9543	pathogenic
Q9Y243	L369C	0.9468	pathogenic
Q9Y243	L369D	0.9997	pathogenic
Q9Y243	L369E	0.9983	pathogenic
Q9Y243	L369F	0.8759	pathogenic
Q9Y243	L369G	0.996	pathogenic
Q9Y243	L369H	0.9955	pathogenic
Q9Y243	L369I	0.1775	benign
Q9Y243	L369K	0.9975	pathogenic
Q9Y243	L369M	0.3773	ambiguous
Q9Y243	L369N	0.9963	pathogenic
Q9Y243	L369P	0.9953	pathogenic
Q9Y243	L369Q	0.991	pathogenic
Q9Y243	L369R	0.9948	pathogenic
Q9Y243	L369S	0.9936	pathogenic
Q9Y243	L369T	0.9598	pathogenic
Q9Y243	L369V	0.2393	benign
Q9Y243	L369W	0.9911	pathogenic
Q9Y243	L369Y	0.9911	pathogenic
Q9Y243	S370A	0.191	benign
Q9Y243	S370C	0.2327	benign
Q9Y243	S370D	0.8778	pathogenic
Q9Y243	S370E	0.957	pathogenic
Q9Y243	S370F	0.8898	pathogenic
Q9Y243	S370G	0.1118	benign
Q9Y243	S370H	0.8215	pathogenic
Q9Y243	S370I	0.8444	pathogenic
Q9Y243	S370K	0.9767	pathogenic
Q9Y243	S370L	0.4471	ambiguous
Q9Y243	S370M	0.6249	pathogenic
Q9Y243	S370N	0.5025	ambiguous
Q9Y243	S370P	0.7441	pathogenic
Q9Y243	S370Q	0.9032	pathogenic
Q9Y243	S370R	0.97	pathogenic
Q9Y243	S370T	0.1136	benign
Q9Y243	S370V	0.7064	pathogenic
Q9Y243	S370W	0.9443	pathogenic
Q9Y243	S370Y	0.8676	pathogenic
Q9Y243	S371A	0.0518	benign
Q9Y243	S371C	0.0801	benign
Q9Y243	S371D	0.2868	benign
Q9Y243	S371E	0.3391	benign
Q9Y243	S371F	0.1372	benign
Q9Y243	S371G	0.0632	benign
Q9Y243	S371H	0.196	benign
Q9Y243	S371I	0.0868	benign
Q9Y243	S371K	0.4536	ambiguous
Q9Y243	S371L	0.0618	benign
Q9Y243	S371M	0.0909	benign
Q9Y243	S371N	0.084	benign
Q9Y243	S371P	0.0672	benign
Q9Y243	S371Q	0.2141	benign
Q9Y243	S371R	0.457	ambiguous
Q9Y243	S371T	0.0618	benign
Q9Y243	S371V	0.0764	benign
Q9Y243	S371W	0.3123	benign
Q9Y243	S371Y	0.1731	benign
Q9Y243	D372A	0.1274	benign
Q9Y243	D372C	0.4973	ambiguous
Q9Y243	D372E	0.0828	benign
Q9Y243	D372F	0.6272	pathogenic
Q9Y243	D372G	0.2174	benign
Q9Y243	D372H	0.3001	benign
Q9Y243	D372I	0.333	benign
Q9Y243	D372K	0.4253	ambiguous
Q9Y243	D372L	0.3609	ambiguous
Q9Y243	D372M	0.5178	ambiguous
Q9Y243	D372N	0.1248	benign
Q9Y243	D372P	0.4604	ambiguous
Q9Y243	D372Q	0.259	benign
Q9Y243	D372R	0.4883	ambiguous
Q9Y243	D372S	0.1259	benign
Q9Y243	D372T	0.1972	benign
Q9Y243	D372V	0.1899	benign
Q9Y243	D372W	0.911	pathogenic
Q9Y243	D372Y	0.3602	ambiguous
Q9Y243	A373C	0.7315	pathogenic
Q9Y243	A373D	0.9975	pathogenic
Q9Y243	A373E	0.9958	pathogenic
Q9Y243	A373F	0.9909	pathogenic
Q9Y243	A373G	0.1595	benign
Q9Y243	A373H	0.9964	pathogenic
Q9Y243	A373I	0.9763	pathogenic
Q9Y243	A373K	0.999	pathogenic
Q9Y243	A373L	0.9412	pathogenic
Q9Y243	A373M	0.9593	pathogenic
Q9Y243	A373N	0.9862	pathogenic
Q9Y243	A373P	0.9924	pathogenic
Q9Y243	A373Q	0.9853	pathogenic
Q9Y243	A373R	0.9958	pathogenic
Q9Y243	A373S	0.2047	benign
Q9Y243	A373T	0.7362	pathogenic
Q9Y243	A373V	0.879	pathogenic
Q9Y243	A373W	0.9992	pathogenic
Q9Y243	A373Y	0.9975	pathogenic
Q9Y243	K374A	0.7631	pathogenic
Q9Y243	K374C	0.7347	pathogenic
Q9Y243	K374D	0.9891	pathogenic
Q9Y243	K374E	0.7645	pathogenic
Q9Y243	K374F	0.9716	pathogenic
Q9Y243	K374G	0.8807	pathogenic
Q9Y243	K374H	0.7005	pathogenic
Q9Y243	K374I	0.6656	pathogenic
Q9Y243	K374L	0.7928	pathogenic
Q9Y243	K374M	0.6326	pathogenic
Q9Y243	K374N	0.9618	pathogenic
Q9Y243	K374P	0.9915	pathogenic
Q9Y243	K374Q	0.2583	benign
Q9Y243	K374R	0.0799	benign
Q9Y243	K374S	0.8968	pathogenic
Q9Y243	K374T	0.6329	pathogenic
Q9Y243	K374V	0.545	ambiguous
Q9Y243	K374W	0.9617	pathogenic
Q9Y243	K374Y	0.9459	pathogenic
Q9Y243	S375A	0.0828	benign
Q9Y243	S375C	0.1114	benign
Q9Y243	S375D	0.368	ambiguous
Q9Y243	S375E	0.582	pathogenic
Q9Y243	S375F	0.2774	benign
Q9Y243	S375G	0.0972	benign
Q9Y243	S375H	0.385	ambiguous
Q9Y243	S375I	0.3406	ambiguous
Q9Y243	S375K	0.8345	pathogenic
Q9Y243	S375L	0.1214	benign
Q9Y243	S375M	0.1811	benign
Q9Y243	S375N	0.1554	benign
Q9Y243	S375P	0.9648	pathogenic
Q9Y243	S375Q	0.521	ambiguous
Q9Y243	S375R	0.8234	pathogenic
Q9Y243	S375T	0.1093	benign
Q9Y243	S375V	0.2557	benign
Q9Y243	S375W	0.6133	pathogenic
Q9Y243	S375Y	0.3129	benign
Q9Y243	L376A	0.9047	pathogenic
Q9Y243	L376C	0.8636	pathogenic
Q9Y243	L376D	0.9998	pathogenic
Q9Y243	L376E	0.9985	pathogenic
Q9Y243	L376F	0.764	pathogenic
Q9Y243	L376G	0.9927	pathogenic
Q9Y243	L376H	0.9947	pathogenic
Q9Y243	L376I	0.1847	benign
Q9Y243	L376K	0.9985	pathogenic
Q9Y243	L376M	0.3081	benign
Q9Y243	L376N	0.9968	pathogenic
Q9Y243	L376P	0.9991	pathogenic
Q9Y243	L376Q	0.9906	pathogenic
Q9Y243	L376R	0.9967	pathogenic
Q9Y243	L376S	0.9874	pathogenic
Q9Y243	L376T	0.9005	pathogenic
Q9Y243	L376V	0.149	benign
Q9Y243	L376W	0.9924	pathogenic
Q9Y243	L376Y	0.9914	pathogenic
Q9Y243	L377A	0.9779	pathogenic
Q9Y243	L377C	0.9614	pathogenic
Q9Y243	L377D	0.9999	pathogenic
Q9Y243	L377E	0.9994	pathogenic
Q9Y243	L377F	0.9601	pathogenic
Q9Y243	L377G	0.9974	pathogenic
Q9Y243	L377H	0.9987	pathogenic
Q9Y243	L377I	0.5429	ambiguous
Q9Y243	L377K	0.9993	pathogenic
Q9Y243	L377M	0.7172	pathogenic
Q9Y243	L377N	0.9988	pathogenic
Q9Y243	L377P	0.9993	pathogenic
Q9Y243	L377Q	0.9978	pathogenic
Q9Y243	L377R	0.9983	pathogenic
Q9Y243	L377S	0.998	pathogenic
Q9Y243	L377T	0.9882	pathogenic
Q9Y243	L377V	0.6442	pathogenic
Q9Y243	L377W	0.9984	pathogenic
Q9Y243	L377Y	0.9977	pathogenic
Q9Y243	S378A	0.0648	benign
Q9Y243	S378C	0.0997	benign
Q9Y243	S378D	0.7747	pathogenic
Q9Y243	S378E	0.7335	pathogenic
Q9Y243	S378F	0.3054	benign
Q9Y243	S378G	0.0802	benign
Q9Y243	S378H	0.4627	ambiguous
Q9Y243	S378I	0.3624	ambiguous
Q9Y243	S378K	0.8185	pathogenic
Q9Y243	S378L	0.1246	benign
Q9Y243	S378M	0.1908	benign
Q9Y243	S378N	0.2674	benign
Q9Y243	S378P	0.9789	pathogenic
Q9Y243	S378Q	0.5231	ambiguous
Q9Y243	S378R	0.7721	pathogenic
Q9Y243	S378T	0.1081	benign
Q9Y243	S378V	0.2967	benign
Q9Y243	S378W	0.5872	pathogenic
Q9Y243	S378Y	0.3256	benign
Q9Y243	G379A	0.2848	benign
Q9Y243	G379C	0.5699	pathogenic
Q9Y243	G379D	0.8062	pathogenic
Q9Y243	G379E	0.7748	pathogenic
Q9Y243	G379F	0.9435	pathogenic
Q9Y243	G379H	0.808	pathogenic
Q9Y243	G379I	0.9281	pathogenic
Q9Y243	G379K	0.8573	pathogenic
Q9Y243	G379L	0.8292	pathogenic
Q9Y243	G379M	0.8585	pathogenic
Q9Y243	G379N	0.5962	pathogenic
Q9Y243	G379P	0.9985	pathogenic
Q9Y243	G379Q	0.6354	pathogenic
Q9Y243	G379R	0.776	pathogenic
Q9Y243	G379S	0.2316	benign
Q9Y243	G379T	0.619	pathogenic
Q9Y243	G379V	0.825	pathogenic
Q9Y243	G379W	0.9523	pathogenic
Q9Y243	G379Y	0.901	pathogenic
Q9Y243	L380A	0.9892	pathogenic
Q9Y243	L380C	0.9619	pathogenic
Q9Y243	L380D	0.9999	pathogenic
Q9Y243	L380E	0.9996	pathogenic
Q9Y243	L380F	0.7657	pathogenic
Q9Y243	L380G	0.9973	pathogenic
Q9Y243	L380H	0.9974	pathogenic
Q9Y243	L380I	0.8102	pathogenic
Q9Y243	L380K	0.9991	pathogenic
Q9Y243	L380M	0.5836	pathogenic
Q9Y243	L380N	0.9986	pathogenic
Q9Y243	L380P	0.9997	pathogenic
Q9Y243	L380Q	0.998	pathogenic
Q9Y243	L380R	0.9983	pathogenic
Q9Y243	L380S	0.9983	pathogenic
Q9Y243	L380T	0.991	pathogenic
Q9Y243	L380V	0.8318	pathogenic
Q9Y243	L380W	0.9933	pathogenic
Q9Y243	L380Y	0.989	pathogenic
Q9Y243	L381A	0.9956	pathogenic
Q9Y243	L381C	0.9896	pathogenic
Q9Y243	L381D	1.0	pathogenic
Q9Y243	L381E	0.9998	pathogenic
Q9Y243	L381F	0.9834	pathogenic
Q9Y243	L381G	0.998	pathogenic
Q9Y243	L381H	0.9993	pathogenic
Q9Y243	L381I	0.9492	pathogenic
Q9Y243	L381K	0.9996	pathogenic
Q9Y243	L381M	0.8638	pathogenic
Q9Y243	L381N	0.9995	pathogenic
Q9Y243	L381P	0.9999	pathogenic
Q9Y243	L381Q	0.9993	pathogenic
Q9Y243	L381R	0.9989	pathogenic
Q9Y243	L381S	0.9996	pathogenic
Q9Y243	L381T	0.9969	pathogenic
Q9Y243	L381V	0.9601	pathogenic
Q9Y243	L381W	0.9994	pathogenic
Q9Y243	L381Y	0.9992	pathogenic
Q9Y243	I382A	0.3498	ambiguous
Q9Y243	I382C	0.4621	ambiguous
Q9Y243	I382D	0.749	pathogenic
Q9Y243	I382E	0.51	ambiguous
Q9Y243	I382F	0.3026	benign
Q9Y243	I382G	0.5901	pathogenic
Q9Y243	I382H	0.4046	ambiguous
Q9Y243	I382K	0.2866	benign
Q9Y243	I382L	0.1346	benign
Q9Y243	I382M	0.1065	benign
Q9Y243	I382N	0.3052	benign
Q9Y243	I382P	0.9724	pathogenic
Q9Y243	I382Q	0.2413	benign
Q9Y243	I382R	0.2629	benign
Q9Y243	I382S	0.2847	benign
Q9Y243	I382T	0.2331	benign
Q9Y243	I382V	0.0756	benign
Q9Y243	I382W	0.8539	pathogenic
Q9Y243	I382Y	0.6313	pathogenic
Q9Y243	K383A	0.998	pathogenic
Q9Y243	K383C	0.9977	pathogenic
Q9Y243	K383D	0.9996	pathogenic
Q9Y243	K383E	0.9987	pathogenic
Q9Y243	K383F	0.9998	pathogenic
Q9Y243	K383G	0.9976	pathogenic
Q9Y243	K383H	0.9901	pathogenic
Q9Y243	K383I	0.9988	pathogenic
Q9Y243	K383L	0.9971	pathogenic
Q9Y243	K383M	0.9969	pathogenic
Q9Y243	K383N	0.9995	pathogenic
Q9Y243	K383P	0.9945	pathogenic
Q9Y243	K383Q	0.9893	pathogenic
Q9Y243	K383R	0.4014	ambiguous
Q9Y243	K383S	0.9992	pathogenic
Q9Y243	K383T	0.9943	pathogenic
Q9Y243	K383V	0.9967	pathogenic
Q9Y243	K383W	0.9995	pathogenic
Q9Y243	K383Y	0.9994	pathogenic
Q9Y243	D384A	0.7655	pathogenic
Q9Y243	D384C	0.9327	pathogenic
Q9Y243	D384E	0.4938	ambiguous
Q9Y243	D384F	0.9649	pathogenic
Q9Y243	D384G	0.9369	pathogenic
Q9Y243	D384H	0.8444	pathogenic
Q9Y243	D384I	0.8338	pathogenic
Q9Y243	D384K	0.9483	pathogenic
Q9Y243	D384L	0.8607	pathogenic
Q9Y243	D384M	0.9374	pathogenic
Q9Y243	D384N	0.2975	benign
Q9Y243	D384P	0.9745	pathogenic
Q9Y243	D384Q	0.8798	pathogenic
Q9Y243	D384R	0.958	pathogenic
Q9Y243	D384S	0.6091	pathogenic
Q9Y243	D384T	0.8236	pathogenic
Q9Y243	D384V	0.6713	pathogenic
Q9Y243	D384W	0.9953	pathogenic
Q9Y243	D384Y	0.7875	pathogenic
Q9Y243	P385A	0.768	pathogenic
Q9Y243	P385C	0.9894	pathogenic
Q9Y243	P385D	0.9982	pathogenic
Q9Y243	P385E	0.9923	pathogenic
Q9Y243	P385F	0.9987	pathogenic
Q9Y243	P385G	0.9767	pathogenic
Q9Y243	P385H	0.9849	pathogenic
Q9Y243	P385I	0.9855	pathogenic
Q9Y243	P385K	0.9904	pathogenic
Q9Y243	P385L	0.9817	pathogenic
Q9Y243	P385M	0.9937	pathogenic
Q9Y243	P385N	0.9949	pathogenic
Q9Y243	P385Q	0.9755	pathogenic
Q9Y243	P385R	0.9657	pathogenic
Q9Y243	P385S	0.9514	pathogenic
Q9Y243	P385T	0.9291	pathogenic
Q9Y243	P385V	0.9539	pathogenic
Q9Y243	P385W	0.9991	pathogenic
Q9Y243	P385Y	0.9985	pathogenic
Q9Y243	N386A	0.0627	benign
Q9Y243	N386C	0.0961	benign
Q9Y243	N386D	0.1847	benign
Q9Y243	N386E	0.2117	benign
Q9Y243	N386F	0.3198	benign
Q9Y243	N386G	0.0897	benign
Q9Y243	N386H	0.0663	benign
Q9Y243	N386I	0.1138	benign
Q9Y243	N386K	0.1331	benign
Q9Y243	N386L	0.0903	benign
Q9Y243	N386M	0.1336	benign
Q9Y243	N386P	0.6884	pathogenic
Q9Y243	N386Q	0.1018	benign
Q9Y243	N386R	0.1627	benign
Q9Y243	N386S	0.0485	benign
Q9Y243	N386T	0.0634	benign
Q9Y243	N386V	0.0818	benign
Q9Y243	N386W	0.6207	pathogenic
Q9Y243	N386Y	0.139	benign
Q9Y243	K387A	0.4538	ambiguous
Q9Y243	K387C	0.6255	pathogenic
Q9Y243	K387D	0.7568	pathogenic
Q9Y243	K387E	0.3225	benign
Q9Y243	K387F	0.8693	pathogenic
Q9Y243	K387G	0.5518	ambiguous
Q9Y243	K387H	0.3214	benign
Q9Y243	K387I	0.5853	pathogenic
Q9Y243	K387L	0.3794	ambiguous
Q9Y243	K387M	0.3574	ambiguous
Q9Y243	K387N	0.5939	pathogenic
Q9Y243	K387P	0.9858	pathogenic
Q9Y243	K387Q	0.1111	benign
Q9Y243	K387R	0.0818	benign
Q9Y243	K387S	0.5358	ambiguous
Q9Y243	K387T	0.3242	benign
Q9Y243	K387V	0.4621	ambiguous
Q9Y243	K387W	0.8756	pathogenic
Q9Y243	K387Y	0.7622	pathogenic
Q9Y243	R388A	0.9997	pathogenic
Q9Y243	R388C	0.9988	pathogenic
Q9Y243	R388D	0.9997	pathogenic
Q9Y243	R388E	0.9972	pathogenic
Q9Y243	R388F	0.9999	pathogenic
Q9Y243	R388G	0.9992	pathogenic
Q9Y243	R388H	0.9985	pathogenic
Q9Y243	R388I	0.9995	pathogenic
Q9Y243	R388K	0.9965	pathogenic
Q9Y243	R388L	0.9984	pathogenic
Q9Y243	R388M	1.0	pathogenic
Q9Y243	R388N	0.9998	pathogenic
Q9Y243	R388P	0.9994	pathogenic
Q9Y243	R388Q	0.9987	pathogenic
Q9Y243	R388S	0.9999	pathogenic
Q9Y243	R388T	0.9999	pathogenic
Q9Y243	R388V	0.9994	pathogenic
Q9Y243	R388W	0.9994	pathogenic
Q9Y243	R388Y	0.9991	pathogenic
Q9Y243	L389A	0.9397	pathogenic
Q9Y243	L389C	0.961	pathogenic
Q9Y243	L389D	0.9983	pathogenic
Q9Y243	L389E	0.9901	pathogenic
Q9Y243	L389F	0.7694	pathogenic
Q9Y243	L389G	0.9912	pathogenic
Q9Y243	L389H	0.9745	pathogenic
Q9Y243	L389I	0.3939	ambiguous
Q9Y243	L389K	0.9585	pathogenic
Q9Y243	L389M	0.4488	ambiguous
Q9Y243	L389N	0.9922	pathogenic
Q9Y243	L389P	0.9739	pathogenic
Q9Y243	L389Q	0.9546	pathogenic
Q9Y243	L389R	0.9341	pathogenic
Q9Y243	L389S	0.99	pathogenic
Q9Y243	L389T	0.9506	pathogenic
Q9Y243	L389V	0.505	ambiguous
Q9Y243	L389W	0.9342	pathogenic
Q9Y243	L389Y	0.9214	pathogenic
Q9Y243	G390A	0.9457	pathogenic
Q9Y243	G390C	0.995	pathogenic
Q9Y243	G390D	0.9995	pathogenic
Q9Y243	G390E	0.9997	pathogenic
Q9Y243	G390F	0.9995	pathogenic
Q9Y243	G390H	0.9999	pathogenic
Q9Y243	G390I	0.9992	pathogenic
Q9Y243	G390K	0.9999	pathogenic
Q9Y243	G390L	0.9982	pathogenic
Q9Y243	G390M	0.9996	pathogenic
Q9Y243	G390N	0.9998	pathogenic
Q9Y243	G390P	0.9992	pathogenic
Q9Y243	G390Q	0.9998	pathogenic
Q9Y243	G390R	0.9994	pathogenic
Q9Y243	G390S	0.994	pathogenic
Q9Y243	G390T	0.9981	pathogenic
Q9Y243	G390V	0.9977	pathogenic
Q9Y243	G390W	0.9997	pathogenic
Q9Y243	G390Y	0.9997	pathogenic
Q9Y243	G391A	0.4632	ambiguous
Q9Y243	G391C	0.8372	pathogenic
Q9Y243	G391D	0.9957	pathogenic
Q9Y243	G391E	0.9952	pathogenic
Q9Y243	G391F	0.9879	pathogenic
Q9Y243	G391H	0.9925	pathogenic
Q9Y243	G391I	0.9867	pathogenic
Q9Y243	G391K	0.9975	pathogenic
Q9Y243	G391L	0.9874	pathogenic
Q9Y243	G391M	0.9877	pathogenic
Q9Y243	G391N	0.9823	pathogenic
Q9Y243	G391P	0.9994	pathogenic
Q9Y243	G391Q	0.9893	pathogenic
Q9Y243	G391R	0.9913	pathogenic
Q9Y243	G391S	0.5496	ambiguous
Q9Y243	G391T	0.9376	pathogenic
Q9Y243	G391V	0.9671	pathogenic
Q9Y243	G391W	0.9902	pathogenic
Q9Y243	G391Y	0.9864	pathogenic
Q9Y243	G392A	0.4563	ambiguous
Q9Y243	G392C	0.4913	ambiguous
Q9Y243	G392D	0.8752	pathogenic
Q9Y243	G392E	0.8874	pathogenic
Q9Y243	G392F	0.9117	pathogenic
Q9Y243	G392H	0.8574	pathogenic
Q9Y243	G392I	0.8628	pathogenic
Q9Y243	G392K	0.9022	pathogenic
Q9Y243	G392L	0.8172	pathogenic
Q9Y243	G392M	0.8563	pathogenic
Q9Y243	G392N	0.7126	pathogenic
Q9Y243	G392P	0.9925	pathogenic
Q9Y243	G392Q	0.8407	pathogenic
Q9Y243	G392R	0.8613	pathogenic
Q9Y243	G392S	0.2078	benign
Q9Y243	G392T	0.4467	ambiguous
Q9Y243	G392V	0.7814	pathogenic
Q9Y243	G392W	0.9188	pathogenic
Q9Y243	G392Y	0.8909	pathogenic
Q9Y243	P393A	0.0668	benign
Q9Y243	P393C	0.3031	benign
Q9Y243	P393D	0.3435	ambiguous
Q9Y243	P393E	0.1831	benign
Q9Y243	P393F	0.3284	benign
Q9Y243	P393G	0.218	benign
Q9Y243	P393H	0.1648	benign
Q9Y243	P393I	0.1506	benign
Q9Y243	P393K	0.1703	benign
Q9Y243	P393L	0.0897	benign
Q9Y243	P393M	0.157	benign
Q9Y243	P393N	0.2132	benign
Q9Y243	P393Q	0.1056	benign
Q9Y243	P393R	0.1463	benign
Q9Y243	P393S	0.1086	benign
Q9Y243	P393T	0.0841	benign
Q9Y243	P393V	0.1088	benign
Q9Y243	P393W	0.5537	ambiguous
Q9Y243	P393Y	0.3798	ambiguous
Q9Y243	D394A	0.127	benign
Q9Y243	D394C	0.496	ambiguous
Q9Y243	D394E	0.0806	benign
Q9Y243	D394F	0.5549	ambiguous
Q9Y243	D394G	0.1277	benign
Q9Y243	D394H	0.2958	benign
Q9Y243	D394I	0.4342	ambiguous
Q9Y243	D394K	0.3717	ambiguous
Q9Y243	D394L	0.2748	benign
Q9Y243	D394M	0.4282	ambiguous
Q9Y243	D394N	0.0952	benign
Q9Y243	D394P	0.9064	pathogenic
Q9Y243	D394Q	0.2119	benign
Q9Y243	D394R	0.4158	ambiguous
Q9Y243	D394S	0.1061	benign
Q9Y243	D394T	0.1999	benign
Q9Y243	D394V	0.2661	benign
Q9Y243	D394W	0.8759	pathogenic
Q9Y243	D394Y	0.3137	benign
Q9Y243	D395A	0.982	pathogenic
Q9Y243	D395C	0.9976	pathogenic
Q9Y243	D395E	0.9895	pathogenic
Q9Y243	D395F	0.9994	pathogenic
Q9Y243	D395G	0.8121	pathogenic
Q9Y243	D395H	0.9972	pathogenic
Q9Y243	D395I	0.9995	pathogenic
Q9Y243	D395K	0.9984	pathogenic
Q9Y243	D395L	0.998	pathogenic
Q9Y243	D395M	0.9996	pathogenic
Q9Y243	D395N	0.9136	pathogenic
Q9Y243	D395P	0.998	pathogenic
Q9Y243	D395Q	0.998	pathogenic
Q9Y243	D395R	0.9971	pathogenic
Q9Y243	D395S	0.9515	pathogenic
Q9Y243	D395T	0.9919	pathogenic
Q9Y243	D395V	0.9974	pathogenic
Q9Y243	D395W	0.9999	pathogenic
Q9Y243	D395Y	0.9949	pathogenic
Q9Y243	A396C	0.7543	pathogenic
Q9Y243	A396D	0.993	pathogenic
Q9Y243	A396E	0.9878	pathogenic
Q9Y243	A396F	0.964	pathogenic
Q9Y243	A396G	0.3256	benign
Q9Y243	A396H	0.9721	pathogenic
Q9Y243	A396I	0.9381	pathogenic
Q9Y243	A396K	0.9948	pathogenic
Q9Y243	A396L	0.9604	pathogenic
Q9Y243	A396M	0.9594	pathogenic
Q9Y243	A396N	0.9794	pathogenic
Q9Y243	A396P	0.9658	pathogenic
Q9Y243	A396Q	0.9645	pathogenic
Q9Y243	A396R	0.978	pathogenic
Q9Y243	A396S	0.2119	benign
Q9Y243	A396T	0.764	pathogenic
Q9Y243	A396V	0.7446	pathogenic
Q9Y243	A396W	0.9936	pathogenic
Q9Y243	A396Y	0.9805	pathogenic
Q9Y243	K397A	0.2427	benign
Q9Y243	K397C	0.6042	pathogenic
Q9Y243	K397D	0.5888	pathogenic
Q9Y243	K397E	0.1857	benign
Q9Y243	K397F	0.7783	pathogenic
Q9Y243	K397G	0.3097	benign
Q9Y243	K397H	0.3178	benign
Q9Y243	K397I	0.4024	ambiguous
Q9Y243	K397L	0.2897	benign
Q9Y243	K397M	0.2534	benign
Q9Y243	K397N	0.4811	ambiguous
Q9Y243	K397P	0.8097	pathogenic
Q9Y243	K397Q	0.1064	benign
Q9Y243	K397R	0.0787	benign
Q9Y243	K397S	0.3683	ambiguous
Q9Y243	K397T	0.2061	benign
Q9Y243	K397V	0.2699	benign
Q9Y243	K397W	0.7431	pathogenic
Q9Y243	K397Y	0.6784	pathogenic
Q9Y243	E398A	0.5262	ambiguous
Q9Y243	E398C	0.9594	pathogenic
Q9Y243	E398D	0.1466	benign
Q9Y243	E398F	0.9775	pathogenic
Q9Y243	E398G	0.5995	pathogenic
Q9Y243	E398H	0.8978	pathogenic
Q9Y243	E398I	0.898	pathogenic
Q9Y243	E398K	0.8665	pathogenic
Q9Y243	E398L	0.8835	pathogenic
Q9Y243	E398M	0.8645	pathogenic
Q9Y243	E398N	0.5758	pathogenic
Q9Y243	E398P	0.9881	pathogenic
Q9Y243	E398Q	0.4765	ambiguous
Q9Y243	E398R	0.9105	pathogenic
Q9Y243	E398S	0.5897	pathogenic
Q9Y243	E398T	0.7705	pathogenic
Q9Y243	E398V	0.7463	pathogenic
Q9Y243	E398W	0.9931	pathogenic
Q9Y243	E398Y	0.9449	pathogenic
Q9Y243	I399A	0.973	pathogenic
Q9Y243	I399C	0.9809	pathogenic
Q9Y243	I399D	0.9997	pathogenic
Q9Y243	I399E	0.9989	pathogenic
Q9Y243	I399F	0.9726	pathogenic
Q9Y243	I399G	0.9965	pathogenic
Q9Y243	I399H	0.9995	pathogenic
Q9Y243	I399K	0.9992	pathogenic
Q9Y243	I399L	0.5646	pathogenic
Q9Y243	I399M	0.7159	pathogenic
Q9Y243	I399N	0.9952	pathogenic
Q9Y243	I399P	0.9969	pathogenic
Q9Y243	I399Q	0.999	pathogenic
Q9Y243	I399R	0.9987	pathogenic
Q9Y243	I399S	0.9914	pathogenic
Q9Y243	I399T	0.9667	pathogenic
Q9Y243	I399V	0.1108	benign
Q9Y243	I399W	0.9995	pathogenic
Q9Y243	I399Y	0.998	pathogenic
Q9Y243	M400A	0.6162	pathogenic
Q9Y243	M400C	0.7324	pathogenic
Q9Y243	M400D	0.9974	pathogenic
Q9Y243	M400E	0.8117	pathogenic
Q9Y243	M400F	0.8269	pathogenic
Q9Y243	M400G	0.883	pathogenic
Q9Y243	M400H	0.9351	pathogenic
Q9Y243	M400I	0.8262	pathogenic
Q9Y243	M400K	0.3353	benign
Q9Y243	M400L	0.4986	ambiguous
Q9Y243	M400N	0.9687	pathogenic
Q9Y243	M400P	0.9968	pathogenic
Q9Y243	M400Q	0.2172	benign
Q9Y243	M400R	0.451	ambiguous
Q9Y243	M400S	0.7151	pathogenic
Q9Y243	M400T	0.5466	ambiguous
Q9Y243	M400V	0.3513	ambiguous
Q9Y243	M400W	0.9787	pathogenic
Q9Y243	M400Y	0.9592	pathogenic
Q9Y243	R401A	0.139	benign
Q9Y243	R401C	0.0902	benign
Q9Y243	R401D	0.3021	benign
Q9Y243	R401E	0.162	benign
Q9Y243	R401F	0.3265	benign
Q9Y243	R401G	0.1074	benign
Q9Y243	R401H	0.0715	benign
Q9Y243	R401I	0.1744	benign
Q9Y243	R401K	0.0747	benign
Q9Y243	R401L	0.116	benign
Q9Y243	R401M	0.1457	benign
Q9Y243	R401N	0.2063	benign
Q9Y243	R401P	0.9231	pathogenic
Q9Y243	R401Q	0.0579	benign
Q9Y243	R401S	0.1752	benign
Q9Y243	R401T	0.1172	benign
Q9Y243	R401V	0.1805	benign
Q9Y243	R401W	0.186	benign
Q9Y243	R401Y	0.2286	benign
Q9Y243	H402A	0.8964	pathogenic
Q9Y243	H402C	0.5517	ambiguous
Q9Y243	H402D	0.8825	pathogenic
Q9Y243	H402E	0.9258	pathogenic
Q9Y243	H402F	0.9168	pathogenic
Q9Y243	H402G	0.948	pathogenic
Q9Y243	H402I	0.9705	pathogenic
Q9Y243	H402K	0.9857	pathogenic
Q9Y243	H402L	0.8456	pathogenic
Q9Y243	H402M	0.9348	pathogenic
Q9Y243	H402N	0.5087	ambiguous
Q9Y243	H402P	0.9734	pathogenic
Q9Y243	H402Q	0.8387	pathogenic
Q9Y243	H402R	0.9794	pathogenic
Q9Y243	H402S	0.7023	pathogenic
Q9Y243	H402T	0.9182	pathogenic
Q9Y243	H402V	0.9497	pathogenic
Q9Y243	H402W	0.9523	pathogenic
Q9Y243	H402Y	0.844	pathogenic
Q9Y243	S403A	0.0605	benign
Q9Y243	S403C	0.0734	benign
Q9Y243	S403D	0.236	benign
Q9Y243	S403E	0.2686	benign
Q9Y243	S403F	0.1964	benign
Q9Y243	S403G	0.0643	benign
Q9Y243	S403H	0.1411	benign
Q9Y243	S403I	0.1085	benign
Q9Y243	S403K	0.2385	benign
Q9Y243	S403L	0.0906	benign
Q9Y243	S403M	0.1439	benign
Q9Y243	S403N	0.0817	benign
Q9Y243	S403P	0.0596	benign
Q9Y243	S403Q	0.179	benign
Q9Y243	S403R	0.2302	benign
Q9Y243	S403T	0.0595	benign
Q9Y243	S403V	0.0955	benign
Q9Y243	S403W	0.3652	ambiguous
Q9Y243	S403Y	0.1864	benign
Q9Y243	F404A	0.9929	pathogenic
Q9Y243	F404C	0.969	pathogenic
Q9Y243	F404D	0.9996	pathogenic
Q9Y243	F404E	0.9997	pathogenic
Q9Y243	F404G	0.9979	pathogenic
Q9Y243	F404H	0.9878	pathogenic
Q9Y243	F404I	0.9626	pathogenic
Q9Y243	F404K	0.9998	pathogenic
Q9Y243	F404L	0.9926	pathogenic
Q9Y243	F404M	0.9755	pathogenic
Q9Y243	F404N	0.9981	pathogenic
Q9Y243	F404P	0.9996	pathogenic
Q9Y243	F404Q	0.9991	pathogenic
Q9Y243	F404R	0.999	pathogenic
Q9Y243	F404S	0.9939	pathogenic
Q9Y243	F404T	0.9962	pathogenic
Q9Y243	F404V	0.9455	pathogenic
Q9Y243	F404W	0.8191	pathogenic
Q9Y243	F404Y	0.5643	pathogenic
Q9Y243	F405A	0.998	pathogenic
Q9Y243	F405C	0.9865	pathogenic
Q9Y243	F405D	0.9998	pathogenic
Q9Y243	F405E	0.9999	pathogenic
Q9Y243	F405G	0.9979	pathogenic
Q9Y243	F405H	0.9911	pathogenic
Q9Y243	F405I	0.9888	pathogenic
Q9Y243	F405K	0.9998	pathogenic
Q9Y243	F405L	0.9927	pathogenic
Q9Y243	F405M	0.985	pathogenic
Q9Y243	F405N	0.9985	pathogenic
Q9Y243	F405P	0.9999	pathogenic
Q9Y243	F405Q	0.9994	pathogenic
Q9Y243	F405R	0.9992	pathogenic
Q9Y243	F405S	0.997	pathogenic
Q9Y243	F405T	0.9984	pathogenic
Q9Y243	F405V	0.984	pathogenic
Q9Y243	F405W	0.9076	pathogenic
Q9Y243	F405Y	0.6131	pathogenic
Q9Y243	S406A	0.055	benign
Q9Y243	S406C	0.0689	benign
Q9Y243	S406D	0.2061	benign
Q9Y243	S406E	0.2124	benign
Q9Y243	S406F	0.1055	benign
Q9Y243	S406G	0.0714	benign
Q9Y243	S406H	0.1318	benign
Q9Y243	S406I	0.079	benign
Q9Y243	S406K	0.2521	benign
Q9Y243	S406L	0.0562	benign
Q9Y243	S406M	0.0919	benign
Q9Y243	S406N	0.0899	benign
Q9Y243	S406P	0.4006	ambiguous
Q9Y243	S406Q	0.1621	benign
Q9Y243	S406R	0.2141	benign
Q9Y243	S406T	0.0618	benign
Q9Y243	S406V	0.073	benign
Q9Y243	S406W	0.221	benign
Q9Y243	S406Y	0.1188	benign
Q9Y243	G407A	0.07	benign
Q9Y243	G407C	0.1058	benign
Q9Y243	G407D	0.1499	benign
Q9Y243	G407E	0.182	benign
Q9Y243	G407F	0.2981	benign
Q9Y243	G407H	0.2013	benign
Q9Y243	G407I	0.1696	benign
Q9Y243	G407K	0.3032	benign
Q9Y243	G407L	0.1621	benign
Q9Y243	G407M	0.1909	benign
Q9Y243	G407N	0.122	benign
Q9Y243	G407P	0.2841	benign
Q9Y243	G407Q	0.1895	benign
Q9Y243	G407R	0.256	benign
Q9Y243	G407S	0.0706	benign
Q9Y243	G407T	0.0688	benign
Q9Y243	G407V	0.1048	benign
Q9Y243	G407W	0.3424	ambiguous
Q9Y243	G407Y	0.2675	benign
Q9Y243	V408A	0.5326	ambiguous
Q9Y243	V408C	0.6103	pathogenic
Q9Y243	V408D	0.9348	pathogenic
Q9Y243	V408E	0.8832	pathogenic
Q9Y243	V408F	0.2658	benign
Q9Y243	V408G	0.6335	pathogenic
Q9Y243	V408H	0.9006	pathogenic
Q9Y243	V408I	0.0522	benign
Q9Y243	V408K	0.9131	pathogenic
Q9Y243	V408L	0.1368	benign
Q9Y243	V408M	0.1464	benign
Q9Y243	V408N	0.7247	pathogenic
Q9Y243	V408P	0.8933	pathogenic
Q9Y243	V408Q	0.8179	pathogenic
Q9Y243	V408R	0.8876	pathogenic
Q9Y243	V408S	0.6281	pathogenic
Q9Y243	V408T	0.371	ambiguous
Q9Y243	V408W	0.9038	pathogenic
Q9Y243	V408Y	0.7414	pathogenic
Q9Y243	N409A	0.1575	benign
Q9Y243	N409C	0.1368	benign
Q9Y243	N409D	0.0849	benign
Q9Y243	N409E	0.2445	benign
Q9Y243	N409F	0.4629	ambiguous
Q9Y243	N409G	0.3304	benign
Q9Y243	N409H	0.1138	benign
Q9Y243	N409I	0.1023	benign
Q9Y243	N409K	0.2493	benign
Q9Y243	N409L	0.1732	benign
Q9Y243	N409M	0.233	benign
Q9Y243	N409P	0.49	ambiguous
Q9Y243	N409Q	0.2005	benign
Q9Y243	N409R	0.2484	benign
Q9Y243	N409S	0.083	benign
Q9Y243	N409T	0.1277	benign
Q9Y243	N409V	0.0793	benign
Q9Y243	N409W	0.7368	pathogenic
Q9Y243	N409Y	0.2231	benign
Q9Y243	W410A	0.9983	pathogenic
Q9Y243	W410C	0.9989	pathogenic
Q9Y243	W410D	0.9997	pathogenic
Q9Y243	W410E	0.9997	pathogenic
Q9Y243	W410F	0.5019	ambiguous
Q9Y243	W410G	0.9926	pathogenic
Q9Y243	W410H	0.9984	pathogenic
Q9Y243	W410I	0.9927	pathogenic
Q9Y243	W410K	0.9998	pathogenic
Q9Y243	W410L	0.9851	pathogenic
Q9Y243	W410M	0.994	pathogenic
Q9Y243	W410N	0.9997	pathogenic
Q9Y243	W410P	0.9982	pathogenic
Q9Y243	W410Q	0.9997	pathogenic
Q9Y243	W410R	0.9996	pathogenic
Q9Y243	W410S	0.9978	pathogenic
Q9Y243	W410T	0.9981	pathogenic
Q9Y243	W410V	0.9937	pathogenic
Q9Y243	W410Y	0.949	pathogenic
Q9Y243	Q411A	0.1685	benign
Q9Y243	Q411C	0.6311	pathogenic
Q9Y243	Q411D	0.241	benign
Q9Y243	Q411E	0.0978	benign
Q9Y243	Q411F	0.7612	pathogenic
Q9Y243	Q411G	0.2203	benign
Q9Y243	Q411H	0.2528	benign
Q9Y243	Q411I	0.3786	ambiguous
Q9Y243	Q411K	0.0976	benign
Q9Y243	Q411L	0.1905	benign
Q9Y243	Q411M	0.3303	benign
Q9Y243	Q411N	0.2425	benign
Q9Y243	Q411P	0.2447	benign
Q9Y243	Q411R	0.1257	benign
Q9Y243	Q411S	0.2035	benign
Q9Y243	Q411T	0.1624	benign
Q9Y243	Q411V	0.2455	benign
Q9Y243	Q411W	0.6533	pathogenic
Q9Y243	Q411Y	0.5922	pathogenic
Q9Y243	D412A	0.1819	benign
Q9Y243	D412C	0.7475	pathogenic
Q9Y243	D412E	0.1785	benign
Q9Y243	D412F	0.7833	pathogenic
Q9Y243	D412G	0.344	ambiguous
Q9Y243	D412H	0.4797	ambiguous
Q9Y243	D412I	0.69	pathogenic
Q9Y243	D412K	0.7047	pathogenic
Q9Y243	D412L	0.4318	ambiguous
Q9Y243	D412M	0.6242	pathogenic
Q9Y243	D412N	0.1755	benign
Q9Y243	D412P	0.9578	pathogenic
Q9Y243	D412Q	0.4551	ambiguous
Q9Y243	D412R	0.7531	pathogenic
Q9Y243	D412S	0.2221	benign
Q9Y243	D412T	0.4723	ambiguous
Q9Y243	D412V	0.4414	ambiguous
Q9Y243	D412W	0.952	pathogenic
Q9Y243	D412Y	0.457	ambiguous
Q9Y243	V413A	0.7565	pathogenic
Q9Y243	V413C	0.8741	pathogenic
Q9Y243	V413D	0.9978	pathogenic
Q9Y243	V413E	0.9941	pathogenic
Q9Y243	V413F	0.9481	pathogenic
Q9Y243	V413G	0.9142	pathogenic
Q9Y243	V413H	0.9977	pathogenic
Q9Y243	V413I	0.1082	benign
Q9Y243	V413K	0.9965	pathogenic
Q9Y243	V413L	0.4463	ambiguous
Q9Y243	V413M	0.6276	pathogenic
Q9Y243	V413N	0.9835	pathogenic
Q9Y243	V413P	0.9959	pathogenic
Q9Y243	V413Q	0.99	pathogenic
Q9Y243	V413R	0.9925	pathogenic
Q9Y243	V413S	0.9383	pathogenic
Q9Y243	V413T	0.7088	pathogenic
Q9Y243	V413W	0.999	pathogenic
Q9Y243	V413Y	0.9952	pathogenic
Q9Y243	Y414A	0.3212	benign
Q9Y243	Y414C	0.1001	benign
Q9Y243	Y414D	0.5024	ambiguous
Q9Y243	Y414E	0.4751	ambiguous
Q9Y243	Y414F	0.0832	benign
Q9Y243	Y414G	0.452	ambiguous
Q9Y243	Y414H	0.2092	benign
Q9Y243	Y414I	0.2251	benign
Q9Y243	Y414K	0.4827	ambiguous
Q9Y243	Y414L	0.2268	benign
Q9Y243	Y414M	0.3239	benign
Q9Y243	Y414N	0.2563	benign
Q9Y243	Y414P	0.9571	pathogenic
Q9Y243	Y414Q	0.3316	benign
Q9Y243	Y414R	0.2905	benign
Q9Y243	Y414S	0.2405	benign
Q9Y243	Y414T	0.312	benign
Q9Y243	Y414V	0.1665	benign
Q9Y243	Y414W	0.3635	ambiguous
Q9Y243	D415A	0.1424	benign
Q9Y243	D415C	0.5006	ambiguous
Q9Y243	D415E	0.0683	benign
Q9Y243	D415F	0.5986	pathogenic
Q9Y243	D415G	0.2073	benign
Q9Y243	D415H	0.2611	benign
Q9Y243	D415I	0.4669	ambiguous
Q9Y243	D415K	0.371	ambiguous
Q9Y243	D415L	0.2976	benign
Q9Y243	D415M	0.4869	ambiguous
Q9Y243	D415N	0.0917	benign
Q9Y243	D415P	0.9733	pathogenic
Q9Y243	D415Q	0.1738	benign
Q9Y243	D415R	0.3708	ambiguous
Q9Y243	D415S	0.1114	benign
Q9Y243	D415T	0.2528	benign
Q9Y243	D415V	0.2881	benign
Q9Y243	D415W	0.8703	pathogenic
Q9Y243	D415Y	0.3058	benign
Q9Y243	K416A	0.961	pathogenic
Q9Y243	K416C	0.7957	pathogenic
Q9Y243	K416D	0.9943	pathogenic
Q9Y243	K416E	0.8928	pathogenic
Q9Y243	K416F	0.9929	pathogenic
Q9Y243	K416G	0.8736	pathogenic
Q9Y243	K416H	0.7809	pathogenic
Q9Y243	K416I	0.9842	pathogenic
Q9Y243	K416L	0.9089	pathogenic
Q9Y243	K416M	0.866	pathogenic
Q9Y243	K416N	0.9835	pathogenic
Q9Y243	K416P	0.9967	pathogenic
Q9Y243	K416Q	0.4614	ambiguous
Q9Y243	K416R	0.0875	benign
Q9Y243	K416S	0.9786	pathogenic
Q9Y243	K416T	0.9601	pathogenic
Q9Y243	K416V	0.9673	pathogenic
Q9Y243	K416W	0.9807	pathogenic
Q9Y243	K416Y	0.9735	pathogenic
Q9Y243	K417A	0.5279	ambiguous
Q9Y243	K417C	0.6836	pathogenic
Q9Y243	K417D	0.8425	pathogenic
Q9Y243	K417E	0.4167	ambiguous
Q9Y243	K417F	0.9149	pathogenic
Q9Y243	K417G	0.6751	pathogenic
Q9Y243	K417H	0.3825	ambiguous
Q9Y243	K417I	0.6184	pathogenic
Q9Y243	K417L	0.4516	ambiguous
Q9Y243	K417M	0.3831	ambiguous
Q9Y243	K417N	0.5967	pathogenic
Q9Y243	K417P	0.991	pathogenic
Q9Y243	K417Q	0.1531	benign
Q9Y243	K417R	0.0838	benign
Q9Y243	K417S	0.6431	pathogenic
Q9Y243	K417T	0.3838	ambiguous
Q9Y243	K417V	0.487	ambiguous
Q9Y243	K417W	0.9138	pathogenic
Q9Y243	K417Y	0.8153	pathogenic
Q9Y243	L418A	0.2993	benign
Q9Y243	L418C	0.4858	ambiguous
Q9Y243	L418D	0.9068	pathogenic
Q9Y243	L418E	0.5854	pathogenic
Q9Y243	L418F	0.2607	benign
Q9Y243	L418G	0.7115	pathogenic
Q9Y243	L418H	0.4807	ambiguous
Q9Y243	L418I	0.0944	benign
Q9Y243	L418K	0.5279	ambiguous
Q9Y243	L418M	0.1082	benign
Q9Y243	L418N	0.6794	pathogenic
Q9Y243	L418P	0.9399	pathogenic
Q9Y243	L418Q	0.2743	benign
Q9Y243	L418R	0.4344	ambiguous
Q9Y243	L418S	0.5182	ambiguous
Q9Y243	L418T	0.2774	benign
Q9Y243	L418V	0.0834	benign
Q9Y243	L418W	0.5333	ambiguous
Q9Y243	L418Y	0.5107	ambiguous
Q9Y243	V419A	0.0893	benign
Q9Y243	V419C	0.3223	benign
Q9Y243	V419D	0.1879	benign
Q9Y243	V419E	0.1571	benign
Q9Y243	V419F	0.1424	benign
Q9Y243	V419G	0.1432	benign
Q9Y243	V419H	0.2433	benign
Q9Y243	V419I	0.0629	benign
Q9Y243	V419K	0.2335	benign
Q9Y243	V419L	0.0763	benign
Q9Y243	V419M	0.0846	benign
Q9Y243	V419N	0.1119	benign
Q9Y243	V419P	0.1132	benign
Q9Y243	V419Q	0.133	benign
Q9Y243	V419R	0.2367	benign
Q9Y243	V419S	0.0909	benign
Q9Y243	V419T	0.0796	benign
Q9Y243	V419W	0.6097	pathogenic
Q9Y243	V419Y	0.3408	ambiguous
Q9Y243	P420A	0.3039	benign
Q9Y243	P420C	0.8998	pathogenic
Q9Y243	P420D	0.9993	pathogenic
Q9Y243	P420E	0.9953	pathogenic
Q9Y243	P420F	0.9972	pathogenic
Q9Y243	P420G	0.9589	pathogenic
Q9Y243	P420H	0.989	pathogenic
Q9Y243	P420I	0.9542	pathogenic
Q9Y243	P420K	0.9982	pathogenic
Q9Y243	P420L	0.923	pathogenic
Q9Y243	P420M	0.9797	pathogenic
Q9Y243	P420N	0.9959	pathogenic
Q9Y243	P420Q	0.9841	pathogenic
Q9Y243	P420R	0.9899	pathogenic
Q9Y243	P420S	0.8209	pathogenic
Q9Y243	P420T	0.8266	pathogenic
Q9Y243	P420V	0.8329	pathogenic
Q9Y243	P420W	0.9989	pathogenic
Q9Y243	P420Y	0.998	pathogenic
Q9Y243	P421A	0.6527	pathogenic
Q9Y243	P421C	0.9501	pathogenic
Q9Y243	P421D	0.9902	pathogenic
Q9Y243	P421E	0.9775	pathogenic
Q9Y243	P421F	0.9857	pathogenic
Q9Y243	P421G	0.9539	pathogenic
Q9Y243	P421H	0.9541	pathogenic
Q9Y243	P421I	0.9252	pathogenic
Q9Y243	P421K	0.9863	pathogenic
Q9Y243	P421L	0.7726	pathogenic
Q9Y243	P421M	0.9418	pathogenic
Q9Y243	P421N	0.9825	pathogenic
Q9Y243	P421Q	0.9481	pathogenic
Q9Y243	P421R	0.9643	pathogenic
Q9Y243	P421S	0.8958	pathogenic
Q9Y243	P421T	0.8637	pathogenic
Q9Y243	P421V	0.8228	pathogenic
Q9Y243	P421W	0.995	pathogenic
Q9Y243	P421Y	0.9856	pathogenic
Q9Y243	F422A	0.9976	pathogenic
Q9Y243	F422C	0.9833	pathogenic
Q9Y243	F422D	0.9993	pathogenic
Q9Y243	F422E	0.9991	pathogenic
Q9Y243	F422G	0.9984	pathogenic
Q9Y243	F422H	0.9811	pathogenic
Q9Y243	F422I	0.9715	pathogenic
Q9Y243	F422K	0.9994	pathogenic
Q9Y243	F422L	0.9981	pathogenic
Q9Y243	F422M	0.9881	pathogenic
Q9Y243	F422N	0.9973	pathogenic
Q9Y243	F422P	0.9999	pathogenic
Q9Y243	F422Q	0.9974	pathogenic
Q9Y243	F422R	0.9975	pathogenic
Q9Y243	F422S	0.9961	pathogenic
Q9Y243	F422T	0.9979	pathogenic
Q9Y243	F422V	0.9681	pathogenic
Q9Y243	F422W	0.7497	pathogenic
Q9Y243	F422Y	0.5271	ambiguous
Q9Y243	K423A	0.5348	ambiguous
Q9Y243	K423C	0.4488	ambiguous
Q9Y243	K423D	0.9394	pathogenic
Q9Y243	K423E	0.4328	ambiguous
Q9Y243	K423F	0.7636	pathogenic
Q9Y243	K423G	0.8248	pathogenic
Q9Y243	K423H	0.3084	benign
Q9Y243	K423I	0.2636	benign
Q9Y243	K423L	0.3059	benign
Q9Y243	K423M	0.2233	benign
Q9Y243	K423N	0.7754	pathogenic
Q9Y243	K423P	0.9074	pathogenic
Q9Y243	K423Q	0.12	benign
Q9Y243	K423R	0.0829	benign
Q9Y243	K423S	0.673	pathogenic
Q9Y243	K423T	0.2762	benign
Q9Y243	K423V	0.2242	benign
Q9Y243	K423W	0.7456	pathogenic
Q9Y243	K423Y	0.6777	pathogenic
Q9Y243	P424A	0.9887	pathogenic
Q9Y243	P424C	0.9988	pathogenic
Q9Y243	P424D	0.9998	pathogenic
Q9Y243	P424E	0.9995	pathogenic
Q9Y243	P424F	0.9999	pathogenic
Q9Y243	P424G	0.9981	pathogenic
Q9Y243	P424H	0.9995	pathogenic
Q9Y243	P424I	0.9981	pathogenic
Q9Y243	P424K	0.9996	pathogenic
Q9Y243	P424L	0.9938	pathogenic
Q9Y243	P424M	0.9992	pathogenic
Q9Y243	P424N	0.9998	pathogenic
Q9Y243	P424Q	0.9995	pathogenic
Q9Y243	P424R	0.9989	pathogenic
Q9Y243	P424S	0.9991	pathogenic
Q9Y243	P424T	0.9978	pathogenic
Q9Y243	P424V	0.9939	pathogenic
Q9Y243	P424W	0.9999	pathogenic
Q9Y243	P424Y	0.9998	pathogenic
Q9Y243	Q425A	0.1555	benign
Q9Y243	Q425C	0.728	pathogenic
Q9Y243	Q425D	0.4533	ambiguous
Q9Y243	Q425E	0.1251	benign
Q9Y243	Q425F	0.7273	pathogenic
Q9Y243	Q425G	0.3757	ambiguous
Q9Y243	Q425H	0.2982	benign
Q9Y243	Q425I	0.3257	benign
Q9Y243	Q425K	0.2191	benign
Q9Y243	Q425L	0.1377	benign
Q9Y243	Q425M	0.2942	benign
Q9Y243	Q425N	0.3042	benign
Q9Y243	Q425P	0.3489	ambiguous
Q9Y243	Q425R	0.2514	benign
Q9Y243	Q425S	0.2205	benign
Q9Y243	Q425T	0.1819	benign
Q9Y243	Q425V	0.1754	benign
Q9Y243	Q425W	0.8338	pathogenic
Q9Y243	Q425Y	0.622	pathogenic
Q9Y243	V426A	0.9648	pathogenic
Q9Y243	V426C	0.974	pathogenic
Q9Y243	V426D	0.9976	pathogenic
Q9Y243	V426E	0.9936	pathogenic
Q9Y243	V426F	0.9827	pathogenic
Q9Y243	V426G	0.9379	pathogenic
Q9Y243	V426H	0.9985	pathogenic
Q9Y243	V426I	0.3192	benign
Q9Y243	V426K	0.9966	pathogenic
Q9Y243	V426L	0.9287	pathogenic
Q9Y243	V426M	0.9604	pathogenic
Q9Y243	V426N	0.9881	pathogenic
Q9Y243	V426P	0.9879	pathogenic
Q9Y243	V426Q	0.9949	pathogenic
Q9Y243	V426R	0.9931	pathogenic
Q9Y243	V426S	0.9816	pathogenic
Q9Y243	V426T	0.9562	pathogenic
Q9Y243	V426W	0.9995	pathogenic
Q9Y243	V426Y	0.9961	pathogenic
Q9Y243	T427A	0.0845	benign
Q9Y243	T427C	0.2182	benign
Q9Y243	T427D	0.38	ambiguous
Q9Y243	T427E	0.3642	ambiguous
Q9Y243	T427F	0.2686	benign
Q9Y243	T427G	0.1489	benign
Q9Y243	T427H	0.2668	benign
Q9Y243	T427I	0.2034	benign
Q9Y243	T427K	0.3996	ambiguous
Q9Y243	T427L	0.1034	benign
Q9Y243	T427M	0.0954	benign
Q9Y243	T427N	0.1186	benign
Q9Y243	T427P	0.4003	ambiguous
Q9Y243	T427Q	0.2579	benign
Q9Y243	T427R	0.3723	ambiguous
Q9Y243	T427S	0.0762	benign
Q9Y243	T427V	0.1368	benign
Q9Y243	T427W	0.6261	pathogenic
Q9Y243	T427Y	0.3215	benign
Q9Y243	S428A	0.2693	benign
Q9Y243	S428C	0.3105	benign
Q9Y243	S428D	0.657	pathogenic
Q9Y243	S428E	0.9266	pathogenic
Q9Y243	S428F	0.9114	pathogenic
Q9Y243	S428G	0.1508	benign
Q9Y243	S428H	0.848	pathogenic
Q9Y243	S428I	0.9307	pathogenic
Q9Y243	S428K	0.9855	pathogenic
Q9Y243	S428L	0.5824	pathogenic
Q9Y243	S428M	0.7249	pathogenic
Q9Y243	S428N	0.3614	ambiguous
Q9Y243	S428P	0.993	pathogenic
Q9Y243	S428Q	0.9311	pathogenic
Q9Y243	S428R	0.9808	pathogenic
Q9Y243	S428T	0.2374	benign
Q9Y243	S428V	0.8522	pathogenic
Q9Y243	S428W	0.9449	pathogenic
Q9Y243	S428Y	0.8788	pathogenic
Q9Y243	E429A	0.3126	benign
Q9Y243	E429C	0.9526	pathogenic
Q9Y243	E429D	0.1338	benign
Q9Y243	E429F	0.9575	pathogenic
Q9Y243	E429G	0.5164	ambiguous
Q9Y243	E429H	0.8349	pathogenic
Q9Y243	E429I	0.7549	pathogenic
Q9Y243	E429K	0.5778	pathogenic
Q9Y243	E429L	0.7471	pathogenic
Q9Y243	E429M	0.8076	pathogenic
Q9Y243	E429N	0.5559	ambiguous
Q9Y243	E429P	0.5941	pathogenic
Q9Y243	E429Q	0.4052	ambiguous
Q9Y243	E429R	0.7191	pathogenic
Q9Y243	E429S	0.4404	ambiguous
Q9Y243	E429T	0.5877	pathogenic
Q9Y243	E429V	0.5317	ambiguous
Q9Y243	E429W	0.987	pathogenic
Q9Y243	E429Y	0.9238	pathogenic
Q9Y243	T430A	0.1972	benign
Q9Y243	T430C	0.556	ambiguous
Q9Y243	T430D	0.7408	pathogenic
Q9Y243	T430E	0.5592	ambiguous
Q9Y243	T430F	0.4825	ambiguous
Q9Y243	T430G	0.5209	ambiguous
Q9Y243	T430H	0.649	pathogenic
Q9Y243	T430I	0.2231	benign
Q9Y243	T430K	0.6566	pathogenic
Q9Y243	T430L	0.2029	benign
Q9Y243	T430M	0.113	benign
Q9Y243	T430N	0.3542	ambiguous
Q9Y243	T430P	0.8527	pathogenic
Q9Y243	T430Q	0.521	ambiguous
Q9Y243	T430R	0.6257	pathogenic
Q9Y243	T430S	0.2817	benign
Q9Y243	T430V	0.1427	benign
Q9Y243	T430W	0.8096	pathogenic
Q9Y243	T430Y	0.6071	pathogenic
Q9Y243	D431A	0.9945	pathogenic
Q9Y243	D431C	0.9989	pathogenic
Q9Y243	D431E	0.9926	pathogenic
Q9Y243	D431F	0.9998	pathogenic
Q9Y243	D431G	0.9961	pathogenic
Q9Y243	D431H	0.999	pathogenic
Q9Y243	D431I	0.9996	pathogenic
Q9Y243	D431K	0.9996	pathogenic
Q9Y243	D431L	0.9992	pathogenic
Q9Y243	D431M	0.9998	pathogenic
Q9Y243	D431N	0.9836	pathogenic
Q9Y243	D431P	0.9997	pathogenic
Q9Y243	D431Q	0.9993	pathogenic
Q9Y243	D431R	0.9993	pathogenic
Q9Y243	D431S	0.9902	pathogenic
Q9Y243	D431T	0.9984	pathogenic
Q9Y243	D431V	0.9978	pathogenic
Q9Y243	D431W	1.0	pathogenic
Q9Y243	D431Y	0.9979	pathogenic
Q9Y243	T432A	0.6833	pathogenic
Q9Y243	T432C	0.8663	pathogenic
Q9Y243	T432D	0.9933	pathogenic
Q9Y243	T432E	0.9918	pathogenic
Q9Y243	T432F	0.9817	pathogenic
Q9Y243	T432G	0.9259	pathogenic
Q9Y243	T432H	0.9876	pathogenic
Q9Y243	T432I	0.8416	pathogenic
Q9Y243	T432K	0.9873	pathogenic
Q9Y243	T432L	0.6517	pathogenic
Q9Y243	T432M	0.7333	pathogenic
Q9Y243	T432N	0.9512	pathogenic
Q9Y243	T432P	0.932	pathogenic
Q9Y243	T432Q	0.9812	pathogenic
Q9Y243	T432R	0.9784	pathogenic
Q9Y243	T432S	0.8303	pathogenic
Q9Y243	T432V	0.5249	ambiguous
Q9Y243	T432W	0.9966	pathogenic
Q9Y243	T432Y	0.9924	pathogenic
Q9Y243	R433A	0.8604	pathogenic
Q9Y243	R433C	0.6383	pathogenic
Q9Y243	R433D	0.9793	pathogenic
Q9Y243	R433E	0.9009	pathogenic
Q9Y243	R433F	0.9782	pathogenic
Q9Y243	R433G	0.8042	pathogenic
Q9Y243	R433H	0.4822	ambiguous
Q9Y243	R433I	0.9391	pathogenic
Q9Y243	R433K	0.3905	ambiguous
Q9Y243	R433L	0.8689	pathogenic
Q9Y243	R433M	0.922	pathogenic
Q9Y243	R433N	0.9556	pathogenic
Q9Y243	R433P	0.9972	pathogenic
Q9Y243	R433Q	0.3928	ambiguous
Q9Y243	R433S	0.8624	pathogenic
Q9Y243	R433T	0.8444	pathogenic
Q9Y243	R433V	0.9285	pathogenic
Q9Y243	R433W	0.8865	pathogenic
Q9Y243	R433Y	0.9351	pathogenic
Q9Y243	Y434A	0.9872	pathogenic
Q9Y243	Y434C	0.7994	pathogenic
Q9Y243	Y434D	0.9894	pathogenic
Q9Y243	Y434E	0.998	pathogenic
Q9Y243	Y434F	0.388	ambiguous
Q9Y243	Y434G	0.9664	pathogenic
Q9Y243	Y434H	0.9407	pathogenic
Q9Y243	Y434I	0.9898	pathogenic
Q9Y243	Y434K	0.999	pathogenic
Q9Y243	Y434L	0.9488	pathogenic
Q9Y243	Y434M	0.9819	pathogenic
Q9Y243	Y434N	0.7373	pathogenic
Q9Y243	Y434P	0.9959	pathogenic
Q9Y243	Y434Q	0.9951	pathogenic
Q9Y243	Y434R	0.9951	pathogenic
Q9Y243	Y434S	0.9449	pathogenic
Q9Y243	Y434T	0.9913	pathogenic
Q9Y243	Y434V	0.9716	pathogenic
Q9Y243	Y434W	0.9093	pathogenic
Q9Y243	F435A	0.9977	pathogenic
Q9Y243	F435C	0.998	pathogenic
Q9Y243	F435D	0.9997	pathogenic
Q9Y243	F435E	0.9994	pathogenic
Q9Y243	F435G	0.9993	pathogenic
Q9Y243	F435H	0.9983	pathogenic
Q9Y243	F435I	0.9614	pathogenic
Q9Y243	F435K	0.9995	pathogenic
Q9Y243	F435L	0.9994	pathogenic
Q9Y243	F435M	0.9933	pathogenic
Q9Y243	F435N	0.9992	pathogenic
Q9Y243	F435P	0.9999	pathogenic
Q9Y243	F435Q	0.999	pathogenic
Q9Y243	F435R	0.9973	pathogenic
Q9Y243	F435S	0.999	pathogenic
Q9Y243	F435T	0.9982	pathogenic
Q9Y243	F435V	0.9779	pathogenic
Q9Y243	F435W	0.9827	pathogenic
Q9Y243	F435Y	0.9568	pathogenic
Q9Y243	D436A	0.9442	pathogenic
Q9Y243	D436C	0.9956	pathogenic
Q9Y243	D436E	0.9457	pathogenic
Q9Y243	D436F	0.9976	pathogenic
Q9Y243	D436G	0.9797	pathogenic
Q9Y243	D436H	0.9901	pathogenic
Q9Y243	D436I	0.9979	pathogenic
Q9Y243	D436K	0.9972	pathogenic
Q9Y243	D436L	0.9892	pathogenic
Q9Y243	D436M	0.9981	pathogenic
Q9Y243	D436N	0.9689	pathogenic
Q9Y243	D436P	0.9872	pathogenic
Q9Y243	D436Q	0.9924	pathogenic
Q9Y243	D436R	0.9932	pathogenic
Q9Y243	D436S	0.918	pathogenic
Q9Y243	D436T	0.9883	pathogenic
Q9Y243	D436V	0.9903	pathogenic
Q9Y243	D436W	0.9985	pathogenic
Q9Y243	D436Y	0.9887	pathogenic
Q9Y243	E437A	0.2806	benign
Q9Y243	E437C	0.9233	pathogenic
Q9Y243	E437D	0.0971	benign
Q9Y243	E437F	0.9386	pathogenic
Q9Y243	E437G	0.3736	ambiguous
Q9Y243	E437H	0.7331	pathogenic
Q9Y243	E437I	0.6934	pathogenic
Q9Y243	E437K	0.4585	ambiguous
Q9Y243	E437L	0.6992	pathogenic
Q9Y243	E437M	0.7467	pathogenic
Q9Y243	E437N	0.4246	ambiguous
Q9Y243	E437P	0.6516	pathogenic
Q9Y243	E437Q	0.3208	benign
Q9Y243	E437R	0.5724	pathogenic
Q9Y243	E437S	0.3122	benign
Q9Y243	E437T	0.4104	ambiguous
Q9Y243	E437V	0.4565	ambiguous
Q9Y243	E437W	0.9743	pathogenic
Q9Y243	E437Y	0.8725	pathogenic
Q9Y243	E438A	0.8724	pathogenic
Q9Y243	E438C	0.9918	pathogenic
Q9Y243	E438D	0.6654	pathogenic
Q9Y243	E438F	0.9922	pathogenic
Q9Y243	E438G	0.9247	pathogenic
Q9Y243	E438H	0.9889	pathogenic
Q9Y243	E438I	0.9628	pathogenic
Q9Y243	E438K	0.9697	pathogenic
Q9Y243	E438L	0.9761	pathogenic
Q9Y243	E438M	0.9685	pathogenic
Q9Y243	E438N	0.9597	pathogenic
Q9Y243	E438P	0.994	pathogenic
Q9Y243	E438Q	0.8866	pathogenic
Q9Y243	E438R	0.9555	pathogenic
Q9Y243	E438S	0.9407	pathogenic
Q9Y243	E438T	0.9405	pathogenic
Q9Y243	E438V	0.901	pathogenic
Q9Y243	E438W	0.998	pathogenic
Q9Y243	E438Y	0.9824	pathogenic
Q9Y243	F439A	0.9992	pathogenic
Q9Y243	F439C	0.9994	pathogenic
Q9Y243	F439D	0.9988	pathogenic
Q9Y243	F439E	0.9989	pathogenic
Q9Y243	F439G	0.9993	pathogenic
Q9Y243	F439H	0.9982	pathogenic
Q9Y243	F439I	0.9986	pathogenic
Q9Y243	F439K	0.9996	pathogenic
Q9Y243	F439L	0.9999	pathogenic
Q9Y243	F439M	0.9981	pathogenic
Q9Y243	F439N	0.998	pathogenic
Q9Y243	F439P	1.0	pathogenic
Q9Y243	F439Q	0.9995	pathogenic
Q9Y243	F439R	0.9991	pathogenic
Q9Y243	F439S	0.9996	pathogenic
Q9Y243	F439T	0.9996	pathogenic
Q9Y243	F439V	0.9986	pathogenic
Q9Y243	F439W	0.9874	pathogenic
Q9Y243	F439Y	0.9012	pathogenic
Q9Y243	T440A	0.8786	pathogenic
Q9Y243	T440C	0.9647	pathogenic
Q9Y243	T440D	0.9971	pathogenic
Q9Y243	T440E	0.9932	pathogenic
Q9Y243	T440F	0.9964	pathogenic
Q9Y243	T440G	0.9649	pathogenic
Q9Y243	T440H	0.992	pathogenic
Q9Y243	T440I	0.9614	pathogenic
Q9Y243	T440K	0.9793	pathogenic
Q9Y243	T440L	0.8305	pathogenic
Q9Y243	T440M	0.8746	pathogenic
Q9Y243	T440N	0.9804	pathogenic
Q9Y243	T440P	0.9762	pathogenic
Q9Y243	T440Q	0.9681	pathogenic
Q9Y243	T440R	0.9701	pathogenic
Q9Y243	T440S	0.9242	pathogenic
Q9Y243	T440V	0.8308	pathogenic
Q9Y243	T440W	0.9987	pathogenic
Q9Y243	T440Y	0.998	pathogenic
Q9Y243	A441C	0.5732	pathogenic
Q9Y243	A441D	0.7192	pathogenic
Q9Y243	A441E	0.5927	pathogenic
Q9Y243	A441F	0.7047	pathogenic
Q9Y243	A441G	0.1271	benign
Q9Y243	A441H	0.652	pathogenic
Q9Y243	A441I	0.7214	pathogenic
Q9Y243	A441K	0.7522	pathogenic
Q9Y243	A441L	0.3471	ambiguous
Q9Y243	A441M	0.4383	ambiguous
Q9Y243	A441N	0.4033	ambiguous
Q9Y243	A441P	0.9857	pathogenic
Q9Y243	A441Q	0.3967	ambiguous
Q9Y243	A441R	0.615	pathogenic
Q9Y243	A441S	0.1099	benign
Q9Y243	A441T	0.2533	benign
Q9Y243	A441V	0.4639	ambiguous
Q9Y243	A441W	0.936	pathogenic
Q9Y243	A441Y	0.7712	pathogenic
Q9Y243	Q442A	0.3954	ambiguous
Q9Y243	Q442C	0.9087	pathogenic
Q9Y243	Q442D	0.8479	pathogenic
Q9Y243	Q442E	0.1523	benign
Q9Y243	Q442F	0.9753	pathogenic
Q9Y243	Q442G	0.5704	pathogenic
Q9Y243	Q442H	0.7724	pathogenic
Q9Y243	Q442I	0.898	pathogenic
Q9Y243	Q442K	0.547	ambiguous
Q9Y243	Q442L	0.4993	ambiguous
Q9Y243	Q442M	0.594	pathogenic
Q9Y243	Q442N	0.6627	pathogenic
Q9Y243	Q442P	0.9545	pathogenic
Q9Y243	Q442R	0.5807	pathogenic
Q9Y243	Q442S	0.4956	ambiguous
Q9Y243	Q442T	0.5355	ambiguous
Q9Y243	Q442V	0.7195	pathogenic
Q9Y243	Q442W	0.9818	pathogenic
Q9Y243	Q442Y	0.9514	pathogenic
Q9Y243	T443A	0.0785	benign
Q9Y243	T443C	0.3402	ambiguous
Q9Y243	T443D	0.3647	ambiguous
Q9Y243	T443E	0.3427	ambiguous
Q9Y243	T443F	0.464	ambiguous
Q9Y243	T443G	0.1838	benign
Q9Y243	T443H	0.2738	benign
Q9Y243	T443I	0.3724	ambiguous
Q9Y243	T443K	0.3657	ambiguous
Q9Y243	T443L	0.1773	benign
Q9Y243	T443M	0.1026	benign
Q9Y243	T443N	0.1094	benign
Q9Y243	T443P	0.1418	benign
Q9Y243	T443Q	0.231	benign
Q9Y243	T443R	0.3579	ambiguous
Q9Y243	T443S	0.0843	benign
Q9Y243	T443V	0.216	benign
Q9Y243	T443W	0.7667	pathogenic
Q9Y243	T443Y	0.4699	ambiguous
Q9Y243	I444A	0.9556	pathogenic
Q9Y243	I444C	0.9841	pathogenic
Q9Y243	I444D	0.9985	pathogenic
Q9Y243	I444E	0.9967	pathogenic
Q9Y243	I444F	0.9193	pathogenic
Q9Y243	I444G	0.9961	pathogenic
Q9Y243	I444H	0.9975	pathogenic
Q9Y243	I444K	0.9953	pathogenic
Q9Y243	I444L	0.6368	pathogenic
Q9Y243	I444M	0.7039	pathogenic
Q9Y243	I444N	0.987	pathogenic
Q9Y243	I444P	0.9492	pathogenic
Q9Y243	I444Q	0.9964	pathogenic
Q9Y243	I444R	0.9922	pathogenic
Q9Y243	I444S	0.9831	pathogenic
Q9Y243	I444T	0.9754	pathogenic
Q9Y243	I444V	0.1733	benign
Q9Y243	I444W	0.9967	pathogenic
Q9Y243	I444Y	0.9895	pathogenic
Q9Y243	T445A	0.1545	benign
Q9Y243	T445C	0.4781	ambiguous
Q9Y243	T445D	0.7211	pathogenic
Q9Y243	T445E	0.5564	ambiguous
Q9Y243	T445F	0.6488	pathogenic
Q9Y243	T445G	0.4736	ambiguous
Q9Y243	T445H	0.4576	ambiguous
Q9Y243	T445I	0.4783	ambiguous
Q9Y243	T445K	0.5371	ambiguous
Q9Y243	T445L	0.279	benign
Q9Y243	T445M	0.1822	benign
Q9Y243	T445N	0.2963	benign
Q9Y243	T445P	0.7681	pathogenic
Q9Y243	T445Q	0.3486	ambiguous
Q9Y243	T445R	0.494	ambiguous
Q9Y243	T445S	0.1895	benign
Q9Y243	T445V	0.2637	benign
Q9Y243	T445W	0.8987	pathogenic
Q9Y243	T445Y	0.7117	pathogenic
Q9Y243	I446A	0.9302	pathogenic
Q9Y243	I446C	0.9511	pathogenic
Q9Y243	I446D	0.9952	pathogenic
Q9Y243	I446E	0.9903	pathogenic
Q9Y243	I446F	0.6687	pathogenic
Q9Y243	I446G	0.9912	pathogenic
Q9Y243	I446H	0.99	pathogenic
Q9Y243	I446K	0.9892	pathogenic
Q9Y243	I446L	0.1785	benign
Q9Y243	I446M	0.3908	ambiguous
Q9Y243	I446N	0.9735	pathogenic
Q9Y243	I446P	0.9722	pathogenic
Q9Y243	I446Q	0.9872	pathogenic
Q9Y243	I446R	0.9829	pathogenic
Q9Y243	I446S	0.9709	pathogenic
Q9Y243	I446T	0.9379	pathogenic
Q9Y243	I446V	0.0769	benign
Q9Y243	I446W	0.9878	pathogenic
Q9Y243	I446Y	0.9553	pathogenic
Q9Y243	T447A	0.9624	pathogenic
Q9Y243	T447C	0.9964	pathogenic
Q9Y243	T447D	0.9923	pathogenic
Q9Y243	T447E	0.992	pathogenic
Q9Y243	T447F	0.9913	pathogenic
Q9Y243	T447G	0.9784	pathogenic
Q9Y243	T447H	0.9852	pathogenic
Q9Y243	T447I	0.9922	pathogenic
Q9Y243	T447K	0.9926	pathogenic
Q9Y243	T447L	0.9591	pathogenic
Q9Y243	T447M	0.9626	pathogenic
Q9Y243	T447N	0.97	pathogenic
Q9Y243	T447P	0.936	pathogenic
Q9Y243	T447Q	0.9886	pathogenic
Q9Y243	T447R	0.9918	pathogenic
Q9Y243	T447S	0.8403	pathogenic
Q9Y243	T447V	0.9765	pathogenic
Q9Y243	T447W	0.9982	pathogenic
Q9Y243	T447Y	0.9947	pathogenic
Q9Y243	P448A	0.8543	pathogenic
Q9Y243	P448C	0.9898	pathogenic
Q9Y243	P448D	0.9933	pathogenic
Q9Y243	P448E	0.9835	pathogenic
Q9Y243	P448F	0.9961	pathogenic
Q9Y243	P448G	0.9724	pathogenic
Q9Y243	P448H	0.978	pathogenic
Q9Y243	P448I	0.9862	pathogenic
Q9Y243	P448K	0.9886	pathogenic
Q9Y243	P448L	0.9297	pathogenic
Q9Y243	P448M	0.9874	pathogenic
Q9Y243	P448N	0.9914	pathogenic
Q9Y243	P448Q	0.9759	pathogenic
Q9Y243	P448R	0.9662	pathogenic
Q9Y243	P448S	0.9653	pathogenic
Q9Y243	P448T	0.9598	pathogenic
Q9Y243	P448V	0.9612	pathogenic
Q9Y243	P448W	0.9983	pathogenic
Q9Y243	P448Y	0.9943	pathogenic
Q9Y243	P449A	0.4326	ambiguous
Q9Y243	P449C	0.94	pathogenic
Q9Y243	P449D	0.9483	pathogenic
Q9Y243	P449E	0.8828	pathogenic
Q9Y243	P449F	0.9774	pathogenic
Q9Y243	P449G	0.8114	pathogenic
Q9Y243	P449H	0.8865	pathogenic
Q9Y243	P449I	0.9228	pathogenic
Q9Y243	P449K	0.9296	pathogenic
Q9Y243	P449L	0.7202	pathogenic
Q9Y243	P449M	0.8995	pathogenic
Q9Y243	P449N	0.9278	pathogenic
Q9Y243	P449Q	0.8326	pathogenic
Q9Y243	P449R	0.8679	pathogenic
Q9Y243	P449S	0.72	pathogenic
Q9Y243	P449T	0.6737	pathogenic
Q9Y243	P449V	0.792	pathogenic
Q9Y243	P449W	0.9842	pathogenic
Q9Y243	P449Y	0.9715	pathogenic
Q9Y243	E450A	0.319	benign
Q9Y243	E450C	0.8178	pathogenic
Q9Y243	E450D	0.0951	benign
Q9Y243	E450F	0.874	pathogenic
Q9Y243	E450G	0.2093	benign
Q9Y243	E450H	0.6939	pathogenic
Q9Y243	E450I	0.6637	pathogenic
Q9Y243	E450K	0.5045	ambiguous
Q9Y243	E450L	0.6111	pathogenic
Q9Y243	E450M	0.7386	pathogenic
Q9Y243	E450N	0.3967	ambiguous
Q9Y243	E450P	0.5875	pathogenic
Q9Y243	E450Q	0.3077	benign
Q9Y243	E450R	0.5477	ambiguous
Q9Y243	E450S	0.3255	benign
Q9Y243	E450T	0.484	ambiguous
Q9Y243	E450V	0.4398	ambiguous
Q9Y243	E450W	0.9364	pathogenic
Q9Y243	E450Y	0.7863	pathogenic
Q9Y243	K451A	0.283	benign
Q9Y243	K451C	0.4538	ambiguous
Q9Y243	K451D	0.3943	ambiguous
Q9Y243	K451E	0.2191	benign
Q9Y243	K451F	0.6864	pathogenic
Q9Y243	K451G	0.2915	benign
Q9Y243	K451H	0.2189	benign
Q9Y243	K451I	0.3677	ambiguous
Q9Y243	K451L	0.3393	benign
Q9Y243	K451M	0.2969	benign
Q9Y243	K451N	0.3214	benign
Q9Y243	K451P	0.4184	ambiguous
Q9Y243	K451Q	0.1269	benign
Q9Y243	K451R	0.0702	benign
Q9Y243	K451S	0.3413	ambiguous
Q9Y243	K451T	0.1994	benign
Q9Y243	K451V	0.2983	benign
Q9Y243	K451W	0.656	pathogenic
Q9Y243	K451Y	0.5022	ambiguous
Q9Y243	Y452A	0.1665	benign
Q9Y243	Y452C	0.0812	benign
Q9Y243	Y452D	0.1263	benign
Q9Y243	Y452E	0.2275	benign
Q9Y243	Y452F	0.0627	benign
Q9Y243	Y452G	0.1387	benign
Q9Y243	Y452H	0.1744	benign
Q9Y243	Y452I	0.1802	benign
Q9Y243	Y452K	0.3782	ambiguous
Q9Y243	Y452L	0.2146	benign
Q9Y243	Y452M	0.2231	benign
Q9Y243	Y452N	0.0919	benign
Q9Y243	Y452P	0.2972	benign
Q9Y243	Y452Q	0.2384	benign
Q9Y243	Y452R	0.3001	benign
Q9Y243	Y452S	0.1103	benign
Q9Y243	Y452T	0.1473	benign
Q9Y243	Y452V	0.1356	benign
Q9Y243	Y452W	0.2347	benign
Q9Y243	D453A	0.1713	benign
Q9Y243	D453C	0.3888	ambiguous
Q9Y243	D453E	0.0987	benign
Q9Y243	D453F	0.4976	ambiguous
Q9Y243	D453G	0.1334	benign
Q9Y243	D453H	0.2671	benign
Q9Y243	D453I	0.3628	ambiguous
Q9Y243	D453K	0.4101	ambiguous
Q9Y243	D453L	0.3114	benign
Q9Y243	D453M	0.4967	ambiguous
Q9Y243	D453N	0.1333	benign
Q9Y243	D453P	0.4675	ambiguous
Q9Y243	D453Q	0.256	benign
Q9Y243	D453R	0.3726	ambiguous
Q9Y243	D453S	0.1273	benign
Q9Y243	D453T	0.2017	benign
Q9Y243	D453V	0.2286	benign
Q9Y243	D453W	0.7522	pathogenic
Q9Y243	D453Y	0.2544	benign
Q9Y243	E454A	0.1432	benign
Q9Y243	E454C	0.4328	ambiguous
Q9Y243	E454D	0.0588	benign
Q9Y243	E454F	0.4882	ambiguous
Q9Y243	E454G	0.1065	benign
Q9Y243	E454H	0.2967	benign
Q9Y243	E454I	0.2683	benign
Q9Y243	E454K	0.2187	benign
Q9Y243	E454L	0.2626	benign
Q9Y243	E454M	0.356	ambiguous
Q9Y243	E454N	0.1458	benign
Q9Y243	E454P	0.3185	benign
Q9Y243	E454Q	0.1508	benign
Q9Y243	E454R	0.2667	benign
Q9Y243	E454S	0.1264	benign
Q9Y243	E454T	0.1626	benign
Q9Y243	E454V	0.184	benign
Q9Y243	E454W	0.6877	pathogenic
Q9Y243	E454Y	0.3443	ambiguous
Q9Y243	D455A	0.1449	benign
Q9Y243	D455C	0.3479	ambiguous
Q9Y243	D455E	0.0821	benign
Q9Y243	D455F	0.415	ambiguous
Q9Y243	D455G	0.1225	benign
Q9Y243	D455H	0.2824	benign
Q9Y243	D455I	0.2707	benign
Q9Y243	D455K	0.3628	ambiguous
Q9Y243	D455L	0.2731	benign
Q9Y243	D455M	0.374	ambiguous
Q9Y243	D455N	0.1072	benign
Q9Y243	D455P	0.4744	ambiguous
Q9Y243	D455Q	0.2511	benign
Q9Y243	D455R	0.3859	ambiguous
Q9Y243	D455S	0.1235	benign
Q9Y243	D455T	0.1654	benign
Q9Y243	D455V	0.1817	benign
Q9Y243	D455W	0.7063	pathogenic
Q9Y243	D455Y	0.206	benign
Q9Y243	G456A	0.0906	benign
Q9Y243	G456C	0.1045	benign
Q9Y243	G456D	0.188	benign
Q9Y243	G456E	0.2071	benign
Q9Y243	G456F	0.3308	benign
Q9Y243	G456H	0.2665	benign
Q9Y243	G456I	0.1454	benign
Q9Y243	G456K	0.4515	ambiguous
Q9Y243	G456L	0.2184	benign
Q9Y243	G456M	0.2335	benign
Q9Y243	G456N	0.1446	benign
Q9Y243	G456P	0.4277	ambiguous
Q9Y243	G456Q	0.2628	benign
Q9Y243	G456R	0.3278	benign
Q9Y243	G456S	0.0732	benign
Q9Y243	G456T	0.0909	benign
Q9Y243	G456V	0.1036	benign
Q9Y243	G456W	0.3199	benign
Q9Y243	G456Y	0.2511	benign
Q9Y243	M457A	0.1545	benign
Q9Y243	M457C	0.3499	ambiguous
Q9Y243	M457D	0.3545	ambiguous
Q9Y243	M457E	0.2195	benign
Q9Y243	M457F	0.1598	benign
Q9Y243	M457G	0.203	benign
Q9Y243	M457H	0.277	benign
Q9Y243	M457I	0.1472	benign
Q9Y243	M457K	0.184	benign
Q9Y243	M457L	0.0754	benign
Q9Y243	M457N	0.2134	benign
Q9Y243	M457P	0.2244	benign
Q9Y243	M457Q	0.1613	benign
Q9Y243	M457R	0.1659	benign
Q9Y243	M457S	0.1625	benign
Q9Y243	M457T	0.1122	benign
Q9Y243	M457V	0.0679	benign
Q9Y243	M457W	0.3183	benign
Q9Y243	M457Y	0.3033	benign
Q9Y243	D458A	0.1702	benign
Q9Y243	D458C	0.4126	ambiguous
Q9Y243	D458E	0.1038	benign
Q9Y243	D458F	0.467	ambiguous
Q9Y243	D458G	0.1402	benign
Q9Y243	D458H	0.3202	benign
Q9Y243	D458I	0.3401	ambiguous
Q9Y243	D458K	0.4875	ambiguous
Q9Y243	D458L	0.32	benign
Q9Y243	D458M	0.5089	ambiguous
Q9Y243	D458N	0.1279	benign
Q9Y243	D458P	0.4495	ambiguous
Q9Y243	D458Q	0.3113	benign
Q9Y243	D458R	0.4694	ambiguous
Q9Y243	D458S	0.1335	benign
Q9Y243	D458T	0.2199	benign
Q9Y243	D458V	0.2162	benign
Q9Y243	D458W	0.7862	pathogenic
Q9Y243	D458Y	0.2452	benign
Q9Y243	C459A	0.0886	benign
Q9Y243	C459D	0.118	benign
Q9Y243	C459E	0.2018	benign
Q9Y243	C459F	0.0791	benign
Q9Y243	C459G	0.0537	benign
Q9Y243	C459H	0.1483	benign
Q9Y243	C459I	0.1201	benign
Q9Y243	C459K	0.2993	benign
Q9Y243	C459L	0.1277	benign
Q9Y243	C459M	0.1906	benign
Q9Y243	C459N	0.0848	benign
Q9Y243	C459P	0.1791	benign
Q9Y243	C459Q	0.1752	benign
Q9Y243	C459R	0.1747	benign
Q9Y243	C459S	0.0678	benign
Q9Y243	C459T	0.0946	benign
Q9Y243	C459V	0.1093	benign
Q9Y243	C459W	0.1795	benign
Q9Y243	C459Y	0.0932	benign
Q9Y243	M460A	0.086	benign
Q9Y243	M460C	0.2573	benign
Q9Y243	M460D	0.2179	benign
Q9Y243	M460E	0.1471	benign
Q9Y243	M460F	0.1347	benign
Q9Y243	M460G	0.1365	benign
Q9Y243	M460H	0.1696	benign
Q9Y243	M460I	0.0943	benign
Q9Y243	M460K	0.1285	benign
Q9Y243	M460L	0.0672	benign
Q9Y243	M460N	0.1233	benign
Q9Y243	M460P	0.1203	benign
Q9Y243	M460Q	0.109	benign
Q9Y243	M460R	0.1256	benign
Q9Y243	M460S	0.0925	benign
Q9Y243	M460T	0.0659	benign
Q9Y243	M460V	0.0552	benign
Q9Y243	M460W	0.2724	benign
Q9Y243	M460Y	0.2583	benign
Q9Y243	D461A	0.3445	ambiguous
Q9Y243	D461C	0.678	pathogenic
Q9Y243	D461E	0.1179	benign
Q9Y243	D461F	0.7286	pathogenic
Q9Y243	D461G	0.2574	benign
Q9Y243	D461H	0.5419	ambiguous
Q9Y243	D461I	0.5976	pathogenic
Q9Y243	D461K	0.6637	pathogenic
Q9Y243	D461L	0.5538	ambiguous
Q9Y243	D461M	0.7229	pathogenic
Q9Y243	D461N	0.2163	benign
Q9Y243	D461P	0.6996	pathogenic
Q9Y243	D461Q	0.4895	ambiguous
Q9Y243	D461R	0.6583	pathogenic
Q9Y243	D461S	0.2735	benign
Q9Y243	D461T	0.4233	ambiguous
Q9Y243	D461V	0.4048	ambiguous
Q9Y243	D461W	0.8975	pathogenic
Q9Y243	D461Y	0.4585	ambiguous
Q9Y243	N462A	0.0831	benign
Q9Y243	N462C	0.0991	benign
Q9Y243	N462D	0.1004	benign
Q9Y243	N462E	0.1982	benign
Q9Y243	N462F	0.2742	benign
Q9Y243	N462G	0.0956	benign
Q9Y243	N462H	0.0984	benign
Q9Y243	N462I	0.1219	benign
Q9Y243	N462K	0.2789	benign
Q9Y243	N462L	0.1165	benign
Q9Y243	N462M	0.1643	benign
Q9Y243	N462P	0.1445	benign
Q9Y243	N462Q	0.1944	benign
Q9Y243	N462R	0.2886	benign
Q9Y243	N462S	0.0539	benign
Q9Y243	N462T	0.0662	benign
Q9Y243	N462V	0.1069	benign
Q9Y243	N462W	0.4612	ambiguous
Q9Y243	N462Y	0.1265	benign
Q9Y243	E463A	0.361	ambiguous
Q9Y243	E463C	0.828	pathogenic
Q9Y243	E463D	0.0779	benign
Q9Y243	E463F	0.8346	pathogenic
Q9Y243	E463G	0.2453	benign
Q9Y243	E463H	0.6073	pathogenic
Q9Y243	E463I	0.6091	pathogenic
Q9Y243	E463K	0.4583	ambiguous
Q9Y243	E463L	0.6004	pathogenic
Q9Y243	E463M	0.7213	pathogenic
Q9Y243	E463N	0.3549	ambiguous
Q9Y243	E463P	0.6201	pathogenic
Q9Y243	E463Q	0.2901	benign
Q9Y243	E463R	0.5248	ambiguous
Q9Y243	E463S	0.3091	benign
Q9Y243	E463T	0.4257	ambiguous
Q9Y243	E463V	0.4377	ambiguous
Q9Y243	E463W	0.9328	pathogenic
Q9Y243	E463Y	0.7355	pathogenic
Q9Y243	R464A	0.4353	ambiguous
Q9Y243	R464C	0.2974	benign
Q9Y243	R464D	0.4933	ambiguous
Q9Y243	R464E	0.3078	benign
Q9Y243	R464F	0.6695	pathogenic
Q9Y243	R464G	0.2542	benign
Q9Y243	R464H	0.1685	benign
Q9Y243	R464I	0.4276	ambiguous
Q9Y243	R464K	0.1141	benign
Q9Y243	R464L	0.3345	benign
Q9Y243	R464M	0.4279	ambiguous
Q9Y243	R464N	0.5054	ambiguous
Q9Y243	R464P	0.453	ambiguous
Q9Y243	R464Q	0.127	benign
Q9Y243	R464S	0.498	ambiguous
Q9Y243	R464T	0.3523	ambiguous
Q9Y243	R464V	0.4218	ambiguous
Q9Y243	R464W	0.4079	ambiguous
Q9Y243	R464Y	0.5179	ambiguous
Q9Y243	R465A	0.6844	pathogenic
Q9Y243	R465C	0.4817	ambiguous
Q9Y243	R465D	0.8099	pathogenic
Q9Y243	R465E	0.5603	ambiguous
Q9Y243	R465F	0.7989	pathogenic
Q9Y243	R465G	0.4819	ambiguous
Q9Y243	R465H	0.319	benign
Q9Y243	R465I	0.5838	pathogenic
Q9Y243	R465K	0.1759	benign
Q9Y243	R465L	0.45	ambiguous
Q9Y243	R465M	0.6404	pathogenic
Q9Y243	R465N	0.8108	pathogenic
Q9Y243	R465P	0.593	pathogenic
Q9Y243	R465Q	0.238	benign
Q9Y243	R465S	0.779	pathogenic
Q9Y243	R465T	0.6409	pathogenic
Q9Y243	R465V	0.5775	pathogenic
Q9Y243	R465W	0.5928	pathogenic
Q9Y243	R465Y	0.7087	pathogenic
Q9Y243	P466A	0.2704	benign
Q9Y243	P466C	0.8008	pathogenic
Q9Y243	P466D	0.8259	pathogenic
Q9Y243	P466E	0.6849	pathogenic
Q9Y243	P466F	0.9092	pathogenic
Q9Y243	P466G	0.6216	pathogenic
Q9Y243	P466H	0.673	pathogenic
Q9Y243	P466I	0.7815	pathogenic
Q9Y243	P466K	0.8504	pathogenic
Q9Y243	P466L	0.5291	ambiguous
Q9Y243	P466M	0.761	pathogenic
Q9Y243	P466N	0.7202	pathogenic
Q9Y243	P466Q	0.5637	ambiguous
Q9Y243	P466R	0.7049	pathogenic
Q9Y243	P466S	0.4884	ambiguous
Q9Y243	P466T	0.376	ambiguous
Q9Y243	P466V	0.5714	pathogenic
Q9Y243	P466W	0.9524	pathogenic
Q9Y243	P466Y	0.8883	pathogenic
Q9Y243	H467A	0.7085	pathogenic
Q9Y243	H467C	0.4798	ambiguous
Q9Y243	H467D	0.8612	pathogenic
Q9Y243	H467E	0.8777	pathogenic
Q9Y243	H467F	0.5418	ambiguous
Q9Y243	H467G	0.83	pathogenic
Q9Y243	H467I	0.7544	pathogenic
Q9Y243	H467K	0.9132	pathogenic
Q9Y243	H467L	0.3962	ambiguous
Q9Y243	H467M	0.8259	pathogenic
Q9Y243	H467N	0.5111	ambiguous
Q9Y243	H467P	0.464	ambiguous
Q9Y243	H467Q	0.7604	pathogenic
Q9Y243	H467R	0.741	pathogenic
Q9Y243	H467S	0.6614	pathogenic
Q9Y243	H467T	0.8067	pathogenic
Q9Y243	H467V	0.669	pathogenic
Q9Y243	H467W	0.7444	pathogenic
Q9Y243	H467Y	0.2925	benign
Q9Y243	F468A	0.999	pathogenic
Q9Y243	F468C	0.9994	pathogenic
Q9Y243	F468D	0.9992	pathogenic
Q9Y243	F468E	0.999	pathogenic
Q9Y243	F468G	0.9989	pathogenic
Q9Y243	F468H	0.9974	pathogenic
Q9Y243	F468I	0.9957	pathogenic
Q9Y243	F468K	0.9994	pathogenic
Q9Y243	F468L	0.9995	pathogenic
Q9Y243	F468M	0.9987	pathogenic
Q9Y243	F468N	0.999	pathogenic
Q9Y243	F468P	0.9998	pathogenic
Q9Y243	F468Q	0.9991	pathogenic
Q9Y243	F468R	0.9978	pathogenic
Q9Y243	F468S	0.9993	pathogenic
Q9Y243	F468T	0.9994	pathogenic
Q9Y243	F468V	0.9972	pathogenic
Q9Y243	F468W	0.9879	pathogenic
Q9Y243	F468Y	0.9563	pathogenic
Q9Y243	P469A	0.3476	ambiguous
Q9Y243	P469C	0.9035	pathogenic
Q9Y243	P469D	0.8939	pathogenic
Q9Y243	P469E	0.6897	pathogenic
Q9Y243	P469F	0.9604	pathogenic
Q9Y243	P469G	0.7437	pathogenic
Q9Y243	P469H	0.7083	pathogenic
Q9Y243	P469I	0.911	pathogenic
Q9Y243	P469K	0.8655	pathogenic
Q9Y243	P469L	0.6391	pathogenic
Q9Y243	P469M	0.8882	pathogenic
Q9Y243	P469N	0.8396	pathogenic
Q9Y243	P469Q	0.5406	ambiguous
Q9Y243	P469R	0.7163	pathogenic
Q9Y243	P469S	0.5109	ambiguous
Q9Y243	P469T	0.6005	pathogenic
Q9Y243	P469V	0.7846	pathogenic
Q9Y243	P469W	0.9723	pathogenic
Q9Y243	P469Y	0.944	pathogenic
Q9Y243	Q470A	0.3555	ambiguous
Q9Y243	Q470C	0.9378	pathogenic
Q9Y243	Q470D	0.8229	pathogenic
Q9Y243	Q470E	0.2879	benign
Q9Y243	Q470F	0.9477	pathogenic
Q9Y243	Q470G	0.5593	ambiguous
Q9Y243	Q470H	0.7588	pathogenic
Q9Y243	Q470I	0.8562	pathogenic
Q9Y243	Q470K	0.5567	ambiguous
Q9Y243	Q470L	0.5176	ambiguous
Q9Y243	Q470M	0.6617	pathogenic
Q9Y243	Q470N	0.6177	pathogenic
Q9Y243	Q470P	0.6008	pathogenic
Q9Y243	Q470R	0.6072	pathogenic
Q9Y243	Q470S	0.4277	ambiguous
Q9Y243	Q470T	0.5211	ambiguous
Q9Y243	Q470V	0.6729	pathogenic
Q9Y243	Q470W	0.9759	pathogenic
Q9Y243	Q470Y	0.9199	pathogenic
Q9Y243	F471A	0.9988	pathogenic
Q9Y243	F471C	0.9996	pathogenic
Q9Y243	F471D	0.9991	pathogenic
Q9Y243	F471E	0.9988	pathogenic
Q9Y243	F471G	0.9983	pathogenic
Q9Y243	F471H	0.9986	pathogenic
Q9Y243	F471I	0.9976	pathogenic
Q9Y243	F471K	0.9995	pathogenic
Q9Y243	F471L	0.9998	pathogenic
Q9Y243	F471M	0.9986	pathogenic
Q9Y243	F471N	0.9989	pathogenic
Q9Y243	F471P	0.9999	pathogenic
Q9Y243	F471Q	0.9993	pathogenic
Q9Y243	F471R	0.9985	pathogenic
Q9Y243	F471S	0.9996	pathogenic
Q9Y243	F471T	0.9996	pathogenic
Q9Y243	F471V	0.9974	pathogenic
Q9Y243	F471W	0.9904	pathogenic
Q9Y243	F471Y	0.953	pathogenic
Q9Y243	S472A	0.6988	pathogenic
Q9Y243	S472C	0.9049	pathogenic
Q9Y243	S472D	0.9768	pathogenic
Q9Y243	S472E	0.9849	pathogenic
Q9Y243	S472F	0.9883	pathogenic
Q9Y243	S472G	0.8648	pathogenic
Q9Y243	S472H	0.9713	pathogenic
Q9Y243	S472I	0.9863	pathogenic
Q9Y243	S472K	0.9985	pathogenic
Q9Y243	S472L	0.9705	pathogenic
Q9Y243	S472M	0.9806	pathogenic
Q9Y243	S472N	0.9555	pathogenic
Q9Y243	S472P	0.9911	pathogenic
Q9Y243	S472Q	0.9788	pathogenic
Q9Y243	S472R	0.9962	pathogenic
Q9Y243	S472T	0.6233	pathogenic
Q9Y243	S472V	0.9771	pathogenic
Q9Y243	S472W	0.9836	pathogenic
Q9Y243	S472Y	0.9753	pathogenic
Q9Y243	Y473A	0.9926	pathogenic
Q9Y243	Y473C	0.9565	pathogenic
Q9Y243	Y473D	0.9939	pathogenic
Q9Y243	Y473E	0.9983	pathogenic
Q9Y243	Y473F	0.2366	benign
Q9Y243	Y473G	0.9789	pathogenic
Q9Y243	Y473H	0.9841	pathogenic
Q9Y243	Y473I	0.989	pathogenic
Q9Y243	Y473K	0.9983	pathogenic
Q9Y243	Y473L	0.9708	pathogenic
Q9Y243	Y473M	0.9933	pathogenic
Q9Y243	Y473N	0.9872	pathogenic
Q9Y243	Y473P	0.9965	pathogenic
Q9Y243	Y473Q	0.9984	pathogenic
Q9Y243	Y473R	0.9933	pathogenic
Q9Y243	Y473S	0.9773	pathogenic
Q9Y243	Y473T	0.9945	pathogenic
Q9Y243	Y473V	0.9636	pathogenic
Q9Y243	Y473W	0.832	pathogenic
Q9Y243	S474A	0.2083	benign
Q9Y243	S474C	0.3062	benign
Q9Y243	S474D	0.9022	pathogenic
Q9Y243	S474E	0.8631	pathogenic
Q9Y243	S474F	0.6634	pathogenic
Q9Y243	S474G	0.4324	ambiguous
Q9Y243	S474H	0.6882	pathogenic
Q9Y243	S474I	0.6876	pathogenic
Q9Y243	S474K	0.9715	pathogenic
Q9Y243	S474L	0.5649	pathogenic
Q9Y243	S474M	0.5999	pathogenic
Q9Y243	S474N	0.6792	pathogenic
Q9Y243	S474P	0.9371	pathogenic
Q9Y243	S474Q	0.7902	pathogenic
Q9Y243	S474R	0.946	pathogenic
Q9Y243	S474T	0.2772	benign
Q9Y243	S474V	0.5825	pathogenic
Q9Y243	S474W	0.7599	pathogenic
Q9Y243	S474Y	0.6366	pathogenic
Q9Y243	A475C	0.8178	pathogenic
Q9Y243	A475D	0.9002	pathogenic
Q9Y243	A475E	0.8648	pathogenic
Q9Y243	A475F	0.7873	pathogenic
Q9Y243	A475G	0.337	benign
Q9Y243	A475H	0.8974	pathogenic
Q9Y243	A475I	0.9082	pathogenic
Q9Y243	A475K	0.957	pathogenic
Q9Y243	A475L	0.719	pathogenic
Q9Y243	A475M	0.8763	pathogenic
Q9Y243	A475N	0.8263	pathogenic
Q9Y243	A475P	0.7858	pathogenic
Q9Y243	A475Q	0.8215	pathogenic
Q9Y243	A475R	0.8681	pathogenic
Q9Y243	A475S	0.2344	benign
Q9Y243	A475T	0.6653	pathogenic
Q9Y243	A475V	0.7602	pathogenic
Q9Y243	A475W	0.971	pathogenic
Q9Y243	A475Y	0.8772	pathogenic
Q9Y243	S476A	0.1389	benign
Q9Y243	S476C	0.3069	benign
Q9Y243	S476D	0.6679	pathogenic
Q9Y243	S476E	0.6695	pathogenic
Q9Y243	S476F	0.5815	pathogenic
Q9Y243	S476G	0.1772	benign
Q9Y243	S476H	0.6974	pathogenic
Q9Y243	S476I	0.5253	ambiguous
Q9Y243	S476K	0.891	pathogenic
Q9Y243	S476L	0.4012	ambiguous
Q9Y243	S476M	0.4954	ambiguous
Q9Y243	S476N	0.4681	ambiguous
Q9Y243	S476P	0.4938	ambiguous
Q9Y243	S476Q	0.7183	pathogenic
Q9Y243	S476R	0.8315	pathogenic
Q9Y243	S476T	0.159	benign
Q9Y243	S476V	0.4223	ambiguous
Q9Y243	S476W	0.6908	pathogenic
Q9Y243	S476Y	0.5776	pathogenic
Q9Y243	G477A	0.1472	benign
Q9Y243	G477C	0.2319	benign
Q9Y243	G477D	0.4891	ambiguous
Q9Y243	G477E	0.4208	ambiguous
Q9Y243	G477F	0.5202	ambiguous
Q9Y243	G477H	0.5863	pathogenic
Q9Y243	G477I	0.198	benign
Q9Y243	G477K	0.757	pathogenic
Q9Y243	G477L	0.3614	ambiguous
Q9Y243	G477M	0.4378	ambiguous
Q9Y243	G477N	0.3815	ambiguous
Q9Y243	G477P	0.6738	pathogenic
Q9Y243	G477Q	0.5041	ambiguous
Q9Y243	G477R	0.5944	pathogenic
Q9Y243	G477S	0.134	benign
Q9Y243	G477T	0.1964	benign
Q9Y243	G477V	0.1479	benign
Q9Y243	G477W	0.5763	pathogenic
Q9Y243	G477Y	0.5266	ambiguous
Q9Y243	R478A	0.3601	ambiguous
Q9Y243	R478C	0.4584	ambiguous
Q9Y243	R478D	0.4789	ambiguous
Q9Y243	R478E	0.2942	benign
Q9Y243	R478F	0.59	pathogenic
Q9Y243	R478G	0.2155	benign
Q9Y243	R478H	0.2367	benign
Q9Y243	R478I	0.411	ambiguous
Q9Y243	R478K	0.1179	benign
Q9Y243	R478L	0.3373	benign
Q9Y243	R478M	0.4324	ambiguous
Q9Y243	R478N	0.4872	ambiguous
Q9Y243	R478P	0.4242	ambiguous
Q9Y243	R478Q	0.1553	benign
Q9Y243	R478S	0.457	ambiguous
Q9Y243	R478T	0.3168	benign
Q9Y243	R478V	0.4222	ambiguous
Q9Y243	R478W	0.4547	ambiguous
Q9Y243	R478Y	0.5641	pathogenic
Q9Y243	E479A	0.2828	benign
Q9Y243	E479C	0.7845	pathogenic
Q9Y243	E479D	0.1031	benign
Q9Y243	E479F	0.7727	pathogenic
Q9Y243	E479G	0.236	benign
Q9Y243	E479H	0.5128	ambiguous
Q9Y243	E479I	0.5562	ambiguous
Q9Y243	E479K	0.3874	ambiguous
Q9Y243	E479L	0.5366	ambiguous
Q9Y243	E479M	0.653	pathogenic
Q9Y243	E479N	0.3012	benign
Q9Y243	E479P	0.4558	ambiguous
Q9Y243	E479Q	0.2031	benign
Q9Y243	E479R	0.3974	ambiguous
Q9Y243	E479S	0.2354	benign
Q9Y243	E479T	0.3417	ambiguous
Q9Y243	E479V	0.3783	ambiguous
Q9Y243	E479W	0.8856	pathogenic
Q9Y243	E479Y	0.6272	pathogenic
