ProteinID	Mutation	Position	AM_Score	AM_Classification
P50440	M1A	1	0.5531	ambiguous
P50440	M1C	1	0.3708	ambiguous
P50440	M1D	1	0.9444	pathogenic
P50440	M1E	1	0.8439	pathogenic
P50440	M1F	1	0.1877	benign
P50440	M1G	1	0.6401	pathogenic
P50440	M1H	1	0.7518	pathogenic
P50440	M1I	1	0.5965	pathogenic
P50440	M1K	1	0.706	pathogenic
P50440	M1L	1	0.1793	benign
P50440	M1N	1	0.7457	pathogenic
P50440	M1P	1	0.7163	pathogenic
P50440	M1Q	1	0.474	ambiguous
P50440	M1R	1	0.625	pathogenic
P50440	M1S	1	0.5709	pathogenic
P50440	M1T	1	0.7226	pathogenic
P50440	M1V	1	0.1708	benign
P50440	M1W	1	0.6542	pathogenic
P50440	M1Y	1	0.6137	pathogenic
P50440	L2A	2	0.3177	benign
P50440	L2C	2	0.3996	ambiguous
P50440	L2D	2	0.8024	pathogenic
P50440	L2E	2	0.5308	ambiguous
P50440	L2F	2	0.1159	benign
P50440	L2G	2	0.4392	ambiguous
P50440	L2H	2	0.4741	ambiguous
P50440	L2I	2	0.103	benign
P50440	L2K	2	0.3059	benign
P50440	L2M	2	0.2052	benign
P50440	L2N	2	0.5142	ambiguous
P50440	L2P	2	0.4587	ambiguous
P50440	L2Q	2	0.3113	benign
P50440	L2R	2	0.2163	benign
P50440	L2S	2	0.5033	ambiguous
P50440	L2T	2	0.3778	ambiguous
P50440	L2V	2	0.1338	benign
P50440	L2W	2	0.2472	benign
P50440	L2Y	2	0.3644	ambiguous
P50440	R3A	3	0.3028	benign
P50440	R3C	3	0.6339	pathogenic
P50440	R3D	3	0.5305	ambiguous
P50440	R3E	3	0.4662	ambiguous
P50440	R3F	3	0.5388	ambiguous
P50440	R3G	3	0.259	benign
P50440	R3H	3	0.4495	ambiguous
P50440	R3I	3	0.4621	ambiguous
P50440	R3K	3	0.2194	benign
P50440	R3L	3	0.3491	ambiguous
P50440	R3M	3	0.6598	pathogenic
P50440	R3N	3	0.5233	ambiguous
P50440	R3P	3	0.4176	ambiguous
P50440	R3Q	3	0.3758	ambiguous
P50440	R3S	3	0.4543	ambiguous
P50440	R3T	3	0.3173	benign
P50440	R3V	3	0.4515	ambiguous
P50440	R3W	3	0.6526	pathogenic
P50440	R3Y	3	0.6622	pathogenic
P50440	V4A	4	0.4846	ambiguous
P50440	V4C	4	0.6374	pathogenic
P50440	V4D	4	0.6708	pathogenic
P50440	V4E	4	0.5499	ambiguous
P50440	V4F	4	0.1968	benign
P50440	V4G	4	0.2148	benign
P50440	V4H	4	0.7736	pathogenic
P50440	V4I	4	0.1934	benign
P50440	V4K	4	0.5635	ambiguous
P50440	V4L	4	0.3725	ambiguous
P50440	V4M	4	0.7108	pathogenic
P50440	V4N	4	0.6685	pathogenic
P50440	V4P	4	0.5107	ambiguous
P50440	V4Q	4	0.5819	pathogenic
P50440	V4R	4	0.3794	ambiguous
P50440	V4S	4	0.5266	ambiguous
P50440	V4T	4	0.6401	pathogenic
P50440	V4W	4	0.6895	pathogenic
P50440	V4Y	4	0.4983	ambiguous
P50440	R5A	5	0.6376	pathogenic
P50440	R5C	5	0.8059	pathogenic
P50440	R5D	5	0.8649	pathogenic
P50440	R5E	5	0.7418	pathogenic
P50440	R5F	5	0.7712	pathogenic
P50440	R5G	5	0.527	ambiguous
P50440	R5H	5	0.7488	pathogenic
P50440	R5I	5	0.6758	pathogenic
P50440	R5K	5	0.4837	ambiguous
P50440	R5L	5	0.577	pathogenic
P50440	R5M	5	0.9054	pathogenic
P50440	R5N	5	0.8706	pathogenic
P50440	R5P	5	0.7377	pathogenic
P50440	R5Q	5	0.6725	pathogenic
P50440	R5S	5	0.7844	pathogenic
P50440	R5T	5	0.7412	pathogenic
P50440	R5V	5	0.6619	pathogenic
P50440	R5W	5	0.8584	pathogenic
P50440	R5Y	5	0.8369	pathogenic
P50440	C6A	6	0.2774	benign
P50440	C6D	6	0.7455	pathogenic
P50440	C6E	6	0.7692	pathogenic
P50440	C6F	6	0.1571	benign
P50440	C6G	6	0.1817	benign
P50440	C6H	6	0.6256	pathogenic
P50440	C6I	6	0.3464	ambiguous
P50440	C6K	6	0.7188	pathogenic
P50440	C6L	6	0.3236	benign
P50440	C6M	6	0.5453	ambiguous
P50440	C6N	6	0.5244	ambiguous
P50440	C6P	6	0.6809	pathogenic
P50440	C6Q	6	0.6391	pathogenic
P50440	C6R	6	0.4876	ambiguous
P50440	C6S	6	0.3053	benign
P50440	C6T	6	0.3899	ambiguous
P50440	C6V	6	0.2617	benign
P50440	C6W	6	0.5315	ambiguous
P50440	C6Y	6	0.3117	benign
P50440	L7A	7	0.2768	benign
P50440	L7C	7	0.2606	benign
P50440	L7D	7	0.7845	pathogenic
P50440	L7E	7	0.5214	ambiguous
P50440	L7F	7	0.0786	benign
P50440	L7G	7	0.3686	ambiguous
P50440	L7H	7	0.3908	ambiguous
P50440	L7I	7	0.0921	benign
P50440	L7K	7	0.3949	ambiguous
P50440	L7M	7	0.1543	benign
P50440	L7N	7	0.5376	ambiguous
P50440	L7P	7	0.4499	ambiguous
P50440	L7Q	7	0.2682	benign
P50440	L7R	7	0.2431	benign
P50440	L7S	7	0.4131	ambiguous
P50440	L7T	7	0.3451	ambiguous
P50440	L7V	7	0.0939	benign
P50440	L7W	7	0.1902	benign
P50440	L7Y	7	0.2751	benign
P50440	R8A	8	0.512	ambiguous
P50440	R8C	8	0.821	pathogenic
P50440	R8D	8	0.8514	pathogenic
P50440	R8E	8	0.6608	pathogenic
P50440	R8F	8	0.7354	pathogenic
P50440	R8G	8	0.3958	ambiguous
P50440	R8H	8	0.7105	pathogenic
P50440	R8I	8	0.6443	pathogenic
P50440	R8K	8	0.2614	benign
P50440	R8L	8	0.424	ambiguous
P50440	R8M	8	0.8224	pathogenic
P50440	R8N	8	0.8709	pathogenic
P50440	R8P	8	0.607	pathogenic
P50440	R8Q	8	0.5294	ambiguous
P50440	R8S	8	0.7516	pathogenic
P50440	R8T	8	0.6179	pathogenic
P50440	R8V	8	0.5924	pathogenic
P50440	R8W	8	0.8071	pathogenic
P50440	R8Y	8	0.8499	pathogenic
P50440	G9A	9	0.268	benign
P50440	G9C	9	0.5414	ambiguous
P50440	G9D	9	0.8582	pathogenic
P50440	G9E	9	0.8236	pathogenic
P50440	G9F	9	0.7362	pathogenic
P50440	G9H	9	0.9169	pathogenic
P50440	G9I	9	0.6607	pathogenic
P50440	G9K	9	0.907	pathogenic
P50440	G9L	9	0.7459	pathogenic
P50440	G9M	9	0.8567	pathogenic
P50440	G9N	9	0.8849	pathogenic
P50440	G9P	9	0.8858	pathogenic
P50440	G9Q	9	0.8747	pathogenic
P50440	G9R	9	0.8029	pathogenic
P50440	G9S	9	0.5356	ambiguous
P50440	G9T	9	0.5749	pathogenic
P50440	G9V	9	0.4355	ambiguous
P50440	G9W	9	0.6864	pathogenic
P50440	G9Y	9	0.7509	pathogenic
P50440	G10A	10	0.426	ambiguous
P50440	G10C	10	0.6671	pathogenic
P50440	G10D	10	0.893	pathogenic
P50440	G10E	10	0.8869	pathogenic
P50440	G10F	10	0.8186	pathogenic
P50440	G10H	10	0.9501	pathogenic
P50440	G10I	10	0.77	pathogenic
P50440	G10K	10	0.9445	pathogenic
P50440	G10L	10	0.8704	pathogenic
P50440	G10M	10	0.9389	pathogenic
P50440	G10N	10	0.9253	pathogenic
P50440	G10P	10	0.9344	pathogenic
P50440	G10Q	10	0.9266	pathogenic
P50440	G10R	10	0.8692	pathogenic
P50440	G10S	10	0.6107	pathogenic
P50440	G10T	10	0.7359	pathogenic
P50440	G10V	10	0.6499	pathogenic
P50440	G10W	10	0.7866	pathogenic
P50440	G10Y	10	0.8436	pathogenic
P50440	S11A	11	0.1918	benign
P50440	S11C	11	0.1179	benign
P50440	S11D	11	0.757	pathogenic
P50440	S11E	11	0.7275	pathogenic
P50440	S11F	11	0.5876	pathogenic
P50440	S11G	11	0.2074	benign
P50440	S11H	11	0.7057	pathogenic
P50440	S11I	11	0.6961	pathogenic
P50440	S11K	11	0.8671	pathogenic
P50440	S11L	11	0.6841	pathogenic
P50440	S11M	11	0.7649	pathogenic
P50440	S11N	11	0.59	pathogenic
P50440	S11P	11	0.6494	pathogenic
P50440	S11Q	11	0.6985	pathogenic
P50440	S11R	11	0.7917	pathogenic
P50440	S11T	11	0.2899	benign
P50440	S11V	11	0.5672	pathogenic
P50440	S11W	11	0.5672	pathogenic
P50440	S11Y	11	0.5835	pathogenic
P50440	R12A	12	0.7276	pathogenic
P50440	R12C	12	0.9334	pathogenic
P50440	R12D	12	0.9279	pathogenic
P50440	R12E	12	0.7828	pathogenic
P50440	R12F	12	0.9	pathogenic
P50440	R12G	12	0.6378	pathogenic
P50440	R12H	12	0.8931	pathogenic
P50440	R12I	12	0.8553	pathogenic
P50440	R12K	12	0.5583	ambiguous
P50440	R12L	12	0.7283	pathogenic
P50440	R12M	12	0.9556	pathogenic
P50440	R12N	12	0.9548	pathogenic
P50440	R12P	12	0.8082	pathogenic
P50440	R12Q	12	0.7999	pathogenic
P50440	R12S	12	0.8999	pathogenic
P50440	R12T	12	0.8651	pathogenic
P50440	R12V	12	0.8072	pathogenic
P50440	R12W	12	0.9112	pathogenic
P50440	R12Y	12	0.935	pathogenic
P50440	G13A	13	0.505	ambiguous
P50440	G13C	13	0.8169	pathogenic
P50440	G13D	13	0.9171	pathogenic
P50440	G13E	13	0.8984	pathogenic
P50440	G13F	13	0.9079	pathogenic
P50440	G13H	13	0.979	pathogenic
P50440	G13I	13	0.877	pathogenic
P50440	G13K	13	0.9674	pathogenic
P50440	G13L	13	0.9066	pathogenic
P50440	G13M	13	0.9653	pathogenic
P50440	G13N	13	0.9682	pathogenic
P50440	G13P	13	0.9687	pathogenic
P50440	G13Q	13	0.9614	pathogenic
P50440	G13R	13	0.9241	pathogenic
P50440	G13S	13	0.8013	pathogenic
P50440	G13T	13	0.834	pathogenic
P50440	G13V	13	0.7312	pathogenic
P50440	G13W	13	0.8818	pathogenic
P50440	G13Y	13	0.9053	pathogenic
P50440	A14C	14	0.673	pathogenic
P50440	A14D	14	0.688	pathogenic
P50440	A14E	14	0.4241	ambiguous
P50440	A14F	14	0.4959	ambiguous
P50440	A14G	14	0.1793	benign
P50440	A14H	14	0.6736	pathogenic
P50440	A14I	14	0.6952	pathogenic
P50440	A14K	14	0.5499	ambiguous
P50440	A14L	14	0.4567	ambiguous
P50440	A14M	14	0.7669	pathogenic
P50440	A14N	14	0.6002	pathogenic
P50440	A14P	14	0.5922	pathogenic
P50440	A14Q	14	0.4522	ambiguous
P50440	A14R	14	0.2017	benign
P50440	A14S	14	0.1899	benign
P50440	A14T	14	0.3767	ambiguous
P50440	A14V	14	0.4441	ambiguous
P50440	A14W	14	0.7688	pathogenic
P50440	A14Y	14	0.6029	pathogenic
P50440	E15A	15	0.5342	ambiguous
P50440	E15C	15	0.9362	pathogenic
P50440	E15D	15	0.6385	pathogenic
P50440	E15F	15	0.966	pathogenic
P50440	E15G	15	0.5961	pathogenic
P50440	E15H	15	0.9307	pathogenic
P50440	E15I	15	0.9231	pathogenic
P50440	E15K	15	0.8478	pathogenic
P50440	E15L	15	0.9149	pathogenic
P50440	E15M	15	0.9537	pathogenic
P50440	E15N	15	0.9106	pathogenic
P50440	E15P	15	0.9139	pathogenic
P50440	E15Q	15	0.5947	pathogenic
P50440	E15R	15	0.7669	pathogenic
P50440	E15S	15	0.7398	pathogenic
P50440	E15T	15	0.8367	pathogenic
P50440	E15V	15	0.7776	pathogenic
P50440	E15W	15	0.9845	pathogenic
P50440	E15Y	15	0.9388	pathogenic
P50440	A16C	16	0.7115	pathogenic
P50440	A16D	16	0.8316	pathogenic
P50440	A16E	16	0.7459	pathogenic
P50440	A16F	16	0.7101	pathogenic
P50440	A16G	16	0.2467	benign
P50440	A16H	16	0.8627	pathogenic
P50440	A16I	16	0.813	pathogenic
P50440	A16K	16	0.8807	pathogenic
P50440	A16L	16	0.6409	pathogenic
P50440	A16M	16	0.7355	pathogenic
P50440	A16N	16	0.7778	pathogenic
P50440	A16P	16	0.8469	pathogenic
P50440	A16Q	16	0.7784	pathogenic
P50440	A16R	16	0.7564	pathogenic
P50440	A16S	16	0.1925	benign
P50440	A16T	16	0.4066	ambiguous
P50440	A16V	16	0.5051	ambiguous
P50440	A16W	16	0.9177	pathogenic
P50440	A16Y	16	0.8005	pathogenic
P50440	V17A	17	0.0798	benign
P50440	V17C	17	0.4506	ambiguous
P50440	V17D	17	0.5804	pathogenic
P50440	V17E	17	0.4296	ambiguous
P50440	V17F	17	0.1179	benign
P50440	V17G	17	0.1264	benign
P50440	V17H	17	0.6506	pathogenic
P50440	V17I	17	0.1149	benign
P50440	V17K	17	0.4609	ambiguous
P50440	V17L	17	0.1498	benign
P50440	V17M	17	0.2172	benign
P50440	V17N	17	0.4681	ambiguous
P50440	V17P	17	0.5717	pathogenic
P50440	V17Q	17	0.4127	ambiguous
P50440	V17R	17	0.3252	benign
P50440	V17S	17	0.1919	benign
P50440	V17T	17	0.2003	benign
P50440	V17W	17	0.6172	pathogenic
P50440	V17Y	17	0.4816	ambiguous
P50440	H18A	18	0.3169	benign
P50440	H18C	18	0.2334	benign
P50440	H18D	18	0.3841	ambiguous
P50440	H18E	18	0.4177	ambiguous
P50440	H18F	18	0.3563	ambiguous
P50440	H18G	18	0.263	benign
P50440	H18I	18	0.5197	ambiguous
P50440	H18K	18	0.3213	benign
P50440	H18L	18	0.243	benign
P50440	H18M	18	0.6352	pathogenic
P50440	H18N	18	0.1916	benign
P50440	H18P	18	0.293	benign
P50440	H18Q	18	0.251	benign
P50440	H18R	18	0.1211	benign
P50440	H18S	18	0.2619	benign
P50440	H18T	18	0.3865	ambiguous
P50440	H18V	18	0.4005	ambiguous
P50440	H18W	18	0.3634	ambiguous
P50440	H18Y	18	0.1332	benign
P50440	Y19A	19	0.1982	benign
P50440	Y19C	19	0.0785	benign
P50440	Y19D	19	0.2173	benign
P50440	Y19E	19	0.4298	ambiguous
P50440	Y19F	19	0.0617	benign
P50440	Y19G	19	0.205	benign
P50440	Y19H	19	0.1577	benign
P50440	Y19I	19	0.1889	benign
P50440	Y19K	19	0.4109	ambiguous
P50440	Y19L	19	0.1624	benign
P50440	Y19M	19	0.3266	benign
P50440	Y19N	19	0.1793	benign
P50440	Y19P	19	0.6996	pathogenic
P50440	Y19Q	19	0.2987	benign
P50440	Y19R	19	0.2467	benign
P50440	Y19S	19	0.1357	benign
P50440	Y19T	19	0.2308	benign
P50440	Y19V	19	0.1378	benign
P50440	Y19W	19	0.2241	benign
P50440	I20A	20	0.1495	benign
P50440	I20C	20	0.4913	ambiguous
P50440	I20D	20	0.8893	pathogenic
P50440	I20E	20	0.7891	pathogenic
P50440	I20F	20	0.0718	benign
P50440	I20G	20	0.4962	ambiguous
P50440	I20H	20	0.641	pathogenic
P50440	I20K	20	0.6074	pathogenic
P50440	I20L	20	0.0795	benign
P50440	I20M	20	0.1045	benign
P50440	I20N	20	0.6267	pathogenic
P50440	I20P	20	0.7073	pathogenic
P50440	I20Q	20	0.6406	pathogenic
P50440	I20R	20	0.4275	ambiguous
P50440	I20S	20	0.362	ambiguous
P50440	I20T	20	0.1767	benign
P50440	I20V	20	0.0746	benign
P50440	I20W	20	0.4556	ambiguous
P50440	I20Y	20	0.4222	ambiguous
P50440	G21A	21	0.0821	benign
P50440	G21C	21	0.17	benign
P50440	G21D	21	0.6106	pathogenic
P50440	G21E	21	0.5364	ambiguous
P50440	G21F	21	0.3662	ambiguous
P50440	G21H	21	0.5426	ambiguous
P50440	G21I	21	0.2531	benign
P50440	G21K	21	0.5889	pathogenic
P50440	G21L	21	0.308	benign
P50440	G21M	21	0.4219	ambiguous
P50440	G21N	21	0.5042	ambiguous
P50440	G21P	21	0.7604	pathogenic
P50440	G21Q	21	0.4936	ambiguous
P50440	G21R	21	0.4418	ambiguous
P50440	G21S	21	0.1025	benign
P50440	G21T	21	0.1321	benign
P50440	G21V	21	0.162	benign
P50440	G21W	21	0.3688	ambiguous
P50440	G21Y	21	0.4044	ambiguous
P50440	S22A	22	0.0773	benign
P50440	S22C	22	0.1045	benign
P50440	S22D	22	0.3454	ambiguous
P50440	S22E	22	0.358	ambiguous
P50440	S22F	22	0.1942	benign
P50440	S22G	22	0.0752	benign
P50440	S22H	22	0.2485	benign
P50440	S22I	22	0.2274	benign
P50440	S22K	22	0.3921	ambiguous
P50440	S22L	22	0.1671	benign
P50440	S22M	22	0.2637	benign
P50440	S22N	22	0.1468	benign
P50440	S22P	22	0.3236	benign
P50440	S22Q	22	0.2921	benign
P50440	S22R	22	0.3062	benign
P50440	S22T	22	0.1008	benign
P50440	S22V	22	0.1949	benign
P50440	S22W	22	0.211	benign
P50440	S22Y	22	0.1564	benign
P50440	R23A	23	0.2354	benign
P50440	R23C	23	0.2008	benign
P50440	R23D	23	0.587	pathogenic
P50440	R23E	23	0.3407	ambiguous
P50440	R23F	23	0.2877	benign
P50440	R23G	23	0.1608	benign
P50440	R23H	23	0.1487	benign
P50440	R23I	23	0.2103	benign
P50440	R23K	23	0.1159	benign
P50440	R23L	23	0.1557	benign
P50440	R23M	23	0.2273	benign
P50440	R23N	23	0.4665	ambiguous
P50440	R23P	23	0.513	ambiguous
P50440	R23Q	23	0.117	benign
P50440	R23S	23	0.3081	benign
P50440	R23T	23	0.2154	benign
P50440	R23V	23	0.2254	benign
P50440	R23W	23	0.1847	benign
P50440	R23Y	23	0.3056	benign
P50440	L24A	24	0.1676	benign
P50440	L24C	24	0.3383	benign
P50440	L24D	24	0.8169	pathogenic
P50440	L24E	24	0.6128	pathogenic
P50440	L24F	24	0.0756	benign
P50440	L24G	24	0.4325	ambiguous
P50440	L24H	24	0.4253	ambiguous
P50440	L24I	24	0.0739	benign
P50440	L24K	24	0.4547	ambiguous
P50440	L24M	24	0.1021	benign
P50440	L24N	24	0.6185	pathogenic
P50440	L24P	24	0.471	ambiguous
P50440	L24Q	24	0.3754	ambiguous
P50440	L24R	24	0.3239	benign
P50440	L24S	24	0.377	ambiguous
P50440	L24T	24	0.2246	benign
P50440	L24V	24	0.0712	benign
P50440	L24W	24	0.1418	benign
P50440	L24Y	24	0.2921	benign
P50440	G25A	25	0.1179	benign
P50440	G25C	25	0.1945	benign
P50440	G25D	25	0.4191	ambiguous
P50440	G25E	25	0.3212	benign
P50440	G25F	25	0.4095	ambiguous
P50440	G25H	25	0.3733	ambiguous
P50440	G25I	25	0.2808	benign
P50440	G25K	25	0.3716	ambiguous
P50440	G25L	25	0.3271	benign
P50440	G25M	25	0.4319	ambiguous
P50440	G25N	25	0.3589	ambiguous
P50440	G25P	25	0.6818	pathogenic
P50440	G25Q	25	0.2788	benign
P50440	G25R	25	0.252	benign
P50440	G25S	25	0.1089	benign
P50440	G25T	25	0.1566	benign
P50440	G25V	25	0.1764	benign
P50440	G25W	25	0.2916	benign
P50440	G25Y	25	0.361	ambiguous
P50440	R26A	26	0.2578	benign
P50440	R26C	26	0.2125	benign
P50440	R26D	26	0.4462	ambiguous
P50440	R26E	26	0.2574	benign
P50440	R26F	26	0.4254	ambiguous
P50440	R26G	26	0.1257	benign
P50440	R26H	26	0.1262	benign
P50440	R26I	26	0.2958	benign
P50440	R26K	26	0.0894	benign
P50440	R26L	26	0.2252	benign
P50440	R26M	26	0.2865	benign
P50440	R26N	26	0.3675	ambiguous
P50440	R26P	26	0.4515	ambiguous
P50440	R26Q	26	0.1016	benign
P50440	R26S	26	0.2882	benign
P50440	R26T	26	0.2069	benign
P50440	R26V	26	0.3175	benign
P50440	R26W	26	0.2044	benign
P50440	R26Y	26	0.3404	ambiguous
P50440	T27A	27	0.06	benign
P50440	T27C	27	0.2195	benign
P50440	T27D	27	0.2891	benign
P50440	T27E	27	0.2437	benign
P50440	T27F	27	0.1235	benign
P50440	T27G	27	0.1111	benign
P50440	T27H	27	0.1391	benign
P50440	T27I	27	0.1175	benign
P50440	T27K	27	0.1229	benign
P50440	T27L	27	0.094	benign
P50440	T27M	27	0.1065	benign
P50440	T27N	27	0.1021	benign
P50440	T27P	27	0.1324	benign
P50440	T27Q	27	0.1586	benign
P50440	T27R	27	0.1169	benign
P50440	T27S	27	0.0761	benign
P50440	T27V	27	0.0968	benign
P50440	T27W	27	0.278	benign
P50440	T27Y	27	0.1476	benign
P50440	L28A	28	0.1449	benign
P50440	L28C	28	0.2065	benign
P50440	L28D	28	0.8064	pathogenic
P50440	L28E	28	0.6373	pathogenic
P50440	L28F	28	0.0543	benign
P50440	L28G	28	0.3771	ambiguous
P50440	L28H	28	0.3792	ambiguous
P50440	L28I	28	0.0622	benign
P50440	L28K	28	0.4632	ambiguous
P50440	L28M	28	0.0827	benign
P50440	L28N	28	0.5667	pathogenic
P50440	L28P	28	0.4785	ambiguous
P50440	L28Q	28	0.3662	ambiguous
P50440	L28R	28	0.3253	benign
P50440	L28S	28	0.3127	benign
P50440	L28T	28	0.2298	benign
P50440	L28V	28	0.0555	benign
P50440	L28W	28	0.113	benign
P50440	L28Y	28	0.2244	benign
P50440	T29A	29	0.0635	benign
P50440	T29C	29	0.2297	benign
P50440	T29D	29	0.2903	benign
P50440	T29E	29	0.234	benign
P50440	T29F	29	0.1503	benign
P50440	T29G	29	0.1058	benign
P50440	T29H	29	0.1409	benign
P50440	T29I	29	0.1601	benign
P50440	T29K	29	0.1211	benign
P50440	T29L	29	0.1029	benign
P50440	T29M	29	0.1189	benign
P50440	T29N	29	0.1179	benign
P50440	T29P	29	0.1318	benign
P50440	T29Q	29	0.1494	benign
P50440	T29R	29	0.1001	benign
P50440	T29S	29	0.0799	benign
P50440	T29V	29	0.1284	benign
P50440	T29W	29	0.2816	benign
P50440	T29Y	29	0.1797	benign
P50440	G30A	30	0.1132	benign
P50440	G30C	30	0.1893	benign
P50440	G30D	30	0.1854	benign
P50440	G30E	30	0.1976	benign
P50440	G30F	30	0.389	ambiguous
P50440	G30H	30	0.239	benign
P50440	G30I	30	0.262	benign
P50440	G30K	30	0.2453	benign
P50440	G30L	30	0.2917	benign
P50440	G30M	30	0.4253	ambiguous
P50440	G30N	30	0.2268	benign
P50440	G30P	30	0.5369	ambiguous
P50440	G30Q	30	0.2178	benign
P50440	G30R	30	0.1636	benign
P50440	G30S	30	0.0958	benign
P50440	G30T	30	0.1294	benign
P50440	G30V	30	0.1638	benign
P50440	G30W	30	0.2562	benign
P50440	G30Y	30	0.2858	benign
P50440	W31A	31	0.1491	benign
P50440	W31C	31	0.3136	benign
P50440	W31D	31	0.5495	ambiguous
P50440	W31E	31	0.4985	ambiguous
P50440	W31F	31	0.1129	benign
P50440	W31G	31	0.13	benign
P50440	W31H	31	0.341	ambiguous
P50440	W31I	31	0.1827	benign
P50440	W31K	31	0.3084	benign
P50440	W31L	31	0.1273	benign
P50440	W31M	31	0.2239	benign
P50440	W31N	31	0.4079	ambiguous
P50440	W31P	31	0.5927	pathogenic
P50440	W31Q	31	0.3509	ambiguous
P50440	W31R	31	0.2565	benign
P50440	W31S	31	0.1778	benign
P50440	W31T	31	0.1705	benign
P50440	W31V	31	0.1517	benign
P50440	W31Y	31	0.2161	benign
P50440	V32A	32	0.1596	benign
P50440	V32C	32	0.5873	pathogenic
P50440	V32D	32	0.6217	pathogenic
P50440	V32E	32	0.4796	ambiguous
P50440	V32F	32	0.0888	benign
P50440	V32G	32	0.1765	benign
P50440	V32H	32	0.6142	pathogenic
P50440	V32I	32	0.0877	benign
P50440	V32K	32	0.4143	ambiguous
P50440	V32L	32	0.1259	benign
P50440	V32M	32	0.1349	benign
P50440	V32N	32	0.4875	ambiguous
P50440	V32P	32	0.5726	pathogenic
P50440	V32Q	32	0.4041	ambiguous
P50440	V32R	32	0.3378	benign
P50440	V32S	32	0.2843	benign
P50440	V32T	32	0.2823	benign
P50440	V32W	32	0.4936	ambiguous
P50440	V32Y	32	0.4281	ambiguous
P50440	Q33A	33	0.1818	benign
P50440	Q33C	33	0.4873	ambiguous
P50440	Q33D	33	0.2828	benign
P50440	Q33E	33	0.0946	benign
P50440	Q33F	33	0.5837	pathogenic
P50440	Q33G	33	0.1397	benign
P50440	Q33H	33	0.1534	benign
P50440	Q33I	33	0.485	ambiguous
P50440	Q33K	33	0.0939	benign
P50440	Q33L	33	0.1982	benign
P50440	Q33M	33	0.4397	ambiguous
P50440	Q33N	33	0.2168	benign
P50440	Q33P	33	0.1117	benign
P50440	Q33R	33	0.0838	benign
P50440	Q33S	33	0.153	benign
P50440	Q33T	33	0.1825	benign
P50440	Q33V	33	0.3212	benign
P50440	Q33W	33	0.3736	ambiguous
P50440	Q33Y	33	0.3483	ambiguous
P50440	R34A	34	0.2199	benign
P50440	R34C	34	0.2044	benign
P50440	R34D	34	0.3272	benign
P50440	R34E	34	0.2013	benign
P50440	R34F	34	0.5006	ambiguous
P50440	R34G	34	0.0958	benign
P50440	R34H	34	0.1093	benign
P50440	R34I	34	0.308	benign
P50440	R34K	34	0.0701	benign
P50440	R34L	34	0.233	benign
P50440	R34M	34	0.258	benign
P50440	R34N	34	0.2711	benign
P50440	R34P	34	0.3644	ambiguous
P50440	R34Q	34	0.0921	benign
P50440	R34S	34	0.239	benign
P50440	R34T	34	0.1542	benign
P50440	R34V	34	0.3124	benign
P50440	R34W	34	0.2238	benign
P50440	R34Y	34	0.341	ambiguous
P50440	T35A	35	0.0678	benign
P50440	T35C	35	0.2649	benign
P50440	T35D	35	0.3259	benign
P50440	T35E	35	0.3011	benign
P50440	T35F	35	0.2309	benign
P50440	T35G	35	0.1404	benign
P50440	T35H	35	0.1697	benign
P50440	T35I	35	0.1987	benign
P50440	T35K	35	0.1575	benign
P50440	T35L	35	0.1583	benign
P50440	T35M	35	0.1484	benign
P50440	T35N	35	0.1054	benign
P50440	T35P	35	0.1211	benign
P50440	T35Q	35	0.2042	benign
P50440	T35R	35	0.1444	benign
P50440	T35S	35	0.0811	benign
P50440	T35V	35	0.1528	benign
P50440	T35W	35	0.4628	ambiguous
P50440	T35Y	35	0.2097	benign
P50440	F36A	36	0.3323	benign
P50440	F36C	36	0.2038	benign
P50440	F36D	36	0.7048	pathogenic
P50440	F36E	36	0.7054	pathogenic
P50440	F36G	36	0.5038	ambiguous
P50440	F36H	36	0.4744	ambiguous
P50440	F36I	36	0.1568	benign
P50440	F36K	36	0.6324	pathogenic
P50440	F36L	36	0.6023	pathogenic
P50440	F36M	36	0.3823	ambiguous
P50440	F36N	36	0.5619	ambiguous
P50440	F36P	36	0.7823	pathogenic
P50440	F36Q	36	0.5436	ambiguous
P50440	F36R	36	0.4555	ambiguous
P50440	F36S	36	0.2724	benign
P50440	F36T	36	0.3765	ambiguous
P50440	F36V	36	0.1515	benign
P50440	F36W	36	0.25	benign
P50440	F36Y	36	0.1544	benign
P50440	Q37A	37	0.1613	benign
P50440	Q37C	37	0.3516	ambiguous
P50440	Q37D	37	0.3038	benign
P50440	Q37E	37	0.1009	benign
P50440	Q37F	37	0.4628	ambiguous
P50440	Q37G	37	0.1581	benign
P50440	Q37H	37	0.1352	benign
P50440	Q37I	37	0.3268	benign
P50440	Q37K	37	0.0873	benign
P50440	Q37L	37	0.1342	benign
P50440	Q37M	37	0.3664	ambiguous
P50440	Q37N	37	0.2463	benign
P50440	Q37P	37	0.1029	benign
P50440	Q37R	37	0.0659	benign
P50440	Q37S	37	0.158	benign
P50440	Q37T	37	0.1548	benign
P50440	Q37V	37	0.228	benign
P50440	Q37W	37	0.312	benign
P50440	Q37Y	37	0.2726	benign
P50440	S38A	38	0.0912	benign
P50440	S38C	38	0.1386	benign
P50440	S38D	38	0.3192	benign
P50440	S38E	38	0.4105	ambiguous
P50440	S38F	38	0.2565	benign
P50440	S38G	38	0.0897	benign
P50440	S38H	38	0.3171	benign
P50440	S38I	38	0.2644	benign
P50440	S38K	38	0.4944	ambiguous
P50440	S38L	38	0.1851	benign
P50440	S38M	38	0.3094	benign
P50440	S38N	38	0.1589	benign
P50440	S38P	38	0.1524	benign
P50440	S38Q	38	0.4282	ambiguous
P50440	S38R	38	0.4442	ambiguous
P50440	S38T	38	0.0981	benign
P50440	S38V	38	0.237	benign
P50440	S38W	38	0.3317	benign
P50440	S38Y	38	0.183	benign
P50440	T39A	39	0.0765	benign
P50440	T39C	39	0.3259	benign
P50440	T39D	39	0.2811	benign
P50440	T39E	39	0.228	benign
P50440	T39F	39	0.2472	benign
P50440	T39G	39	0.1415	benign
P50440	T39H	39	0.1712	benign
P50440	T39I	39	0.224	benign
P50440	T39K	39	0.1519	benign
P50440	T39L	39	0.1654	benign
P50440	T39M	39	0.153	benign
P50440	T39N	39	0.122	benign
P50440	T39P	39	0.089	benign
P50440	T39Q	39	0.1604	benign
P50440	T39R	39	0.1231	benign
P50440	T39S	39	0.0815	benign
P50440	T39V	39	0.169	benign
P50440	T39W	39	0.4638	ambiguous
P50440	T39Y	39	0.2376	benign
P50440	Q40A	40	0.0984	benign
P50440	Q40C	40	0.3549	ambiguous
P50440	Q40D	40	0.1633	benign
P50440	Q40E	40	0.0667	benign
P50440	Q40F	40	0.4441	ambiguous
P50440	Q40G	40	0.1088	benign
P50440	Q40H	40	0.112	benign
P50440	Q40I	40	0.289	benign
P50440	Q40K	40	0.0771	benign
P50440	Q40L	40	0.1294	benign
P50440	Q40M	40	0.3083	benign
P50440	Q40N	40	0.1607	benign
P50440	Q40P	40	0.0708	benign
P50440	Q40R	40	0.0705	benign
P50440	Q40S	40	0.1104	benign
P50440	Q40T	40	0.1081	benign
P50440	Q40V	40	0.1744	benign
P50440	Q40W	40	0.2862	benign
P50440	Q40Y	40	0.2383	benign
P50440	A41C	41	0.3798	ambiguous
P50440	A41D	41	0.144	benign
P50440	A41E	41	0.1395	benign
P50440	A41F	41	0.2376	benign
P50440	A41G	41	0.0942	benign
P50440	A41H	41	0.2849	benign
P50440	A41I	41	0.2206	benign
P50440	A41K	41	0.2551	benign
P50440	A41L	41	0.1581	benign
P50440	A41M	41	0.2207	benign
P50440	A41N	41	0.1748	benign
P50440	A41P	41	0.1286	benign
P50440	A41Q	41	0.202	benign
P50440	A41R	41	0.2268	benign
P50440	A41S	41	0.0844	benign
P50440	A41T	41	0.0817	benign
P50440	A41V	41	0.1125	benign
P50440	A41W	41	0.4981	ambiguous
P50440	A41Y	41	0.3011	benign
P50440	A42C	42	0.3556	ambiguous
P50440	A42D	42	0.1604	benign
P50440	A42E	42	0.161	benign
P50440	A42F	42	0.2523	benign
P50440	A42G	42	0.0976	benign
P50440	A42H	42	0.3283	benign
P50440	A42I	42	0.2271	benign
P50440	A42K	42	0.2888	benign
P50440	A42L	42	0.1769	benign
P50440	A42M	42	0.2386	benign
P50440	A42N	42	0.1853	benign
P50440	A42P	42	0.1374	benign
P50440	A42Q	42	0.2332	benign
P50440	A42R	42	0.2558	benign
P50440	A42S	42	0.0813	benign
P50440	A42T	42	0.0802	benign
P50440	A42V	42	0.1182	benign
P50440	A42W	42	0.5392	ambiguous
P50440	A42Y	42	0.3357	benign
P50440	T43A	43	0.0523	benign
P50440	T43C	43	0.2458	benign
P50440	T43D	43	0.1513	benign
P50440	T43E	43	0.1265	benign
P50440	T43F	43	0.1572	benign
P50440	T43G	43	0.1062	benign
P50440	T43H	43	0.1439	benign
P50440	T43I	43	0.1086	benign
P50440	T43K	43	0.1141	benign
P50440	T43L	43	0.0948	benign
P50440	T43M	43	0.1007	benign
P50440	T43N	43	0.0925	benign
P50440	T43P	43	0.0725	benign
P50440	T43Q	43	0.1251	benign
P50440	T43R	43	0.1002	benign
P50440	T43S	43	0.0768	benign
P50440	T43V	43	0.0878	benign
P50440	T43W	43	0.3318	benign
P50440	T43Y	43	0.1729	benign
P50440	A44C	44	0.3144	benign
P50440	A44D	44	0.1257	benign
P50440	A44E	44	0.1369	benign
P50440	A44F	44	0.194	benign
P50440	A44G	44	0.0896	benign
P50440	A44H	44	0.2606	benign
P50440	A44I	44	0.168	benign
P50440	A44K	44	0.2505	benign
P50440	A44L	44	0.1364	benign
P50440	A44M	44	0.2104	benign
P50440	A44N	44	0.1549	benign
P50440	A44P	44	0.1006	benign
P50440	A44Q	44	0.2008	benign
P50440	A44R	44	0.209	benign
P50440	A44S	44	0.0777	benign
P50440	A44T	44	0.0757	benign
P50440	A44V	44	0.0992	benign
P50440	A44W	44	0.4415	ambiguous
P50440	A44Y	44	0.2426	benign
P50440	S45A	45	0.0595	benign
P50440	S45C	45	0.0878	benign
P50440	S45D	45	0.1406	benign
P50440	S45E	45	0.1762	benign
P50440	S45F	45	0.1166	benign
P50440	S45G	45	0.0705	benign
P50440	S45H	45	0.1615	benign
P50440	S45I	45	0.1106	benign
P50440	S45K	45	0.2648	benign
P50440	S45L	45	0.0945	benign
P50440	S45M	45	0.186	benign
P50440	S45N	45	0.1008	benign
P50440	S45P	45	0.0729	benign
P50440	S45Q	45	0.2053	benign
P50440	S45R	45	0.2055	benign
P50440	S45T	45	0.0699	benign
P50440	S45V	45	0.1034	benign
P50440	S45W	45	0.1701	benign
P50440	S45Y	45	0.1071	benign
P50440	S46A	46	0.0635	benign
P50440	S46C	46	0.0802	benign
P50440	S46D	46	0.1226	benign
P50440	S46E	46	0.1365	benign
P50440	S46F	46	0.1183	benign
P50440	S46G	46	0.0686	benign
P50440	S46H	46	0.1336	benign
P50440	S46I	46	0.1044	benign
P50440	S46K	46	0.2167	benign
P50440	S46L	46	0.0864	benign
P50440	S46M	46	0.173	benign
P50440	S46N	46	0.0909	benign
P50440	S46P	46	0.0645	benign
P50440	S46Q	46	0.1554	benign
P50440	S46R	46	0.1619	benign
P50440	S46T	46	0.0684	benign
P50440	S46V	46	0.0995	benign
P50440	S46W	46	0.1404	benign
P50440	S46Y	46	0.0997	benign
P50440	R47A	47	0.0939	benign
P50440	R47C	47	0.1037	benign
P50440	R47D	47	0.1428	benign
P50440	R47E	47	0.1015	benign
P50440	R47F	47	0.2202	benign
P50440	R47G	47	0.0662	benign
P50440	R47H	47	0.0828	benign
P50440	R47I	47	0.1235	benign
P50440	R47K	47	0.0796	benign
P50440	R47L	47	0.1005	benign
P50440	R47M	47	0.1605	benign
P50440	R47N	47	0.1522	benign
P50440	R47P	47	0.0921	benign
P50440	R47Q	47	0.0633	benign
P50440	R47S	47	0.1099	benign
P50440	R47T	47	0.0829	benign
P50440	R47V	47	0.1278	benign
P50440	R47W	47	0.0998	benign
P50440	R47Y	47	0.1525	benign
P50440	N48A	48	0.0787	benign
P50440	N48C	48	0.1217	benign
P50440	N48D	48	0.0616	benign
P50440	N48E	48	0.1061	benign
P50440	N48F	48	0.194	benign
P50440	N48G	48	0.1054	benign
P50440	N48H	48	0.0672	benign
P50440	N48I	48	0.0917	benign
P50440	N48K	48	0.1001	benign
P50440	N48L	48	0.1046	benign
P50440	N48M	48	0.1852	benign
P50440	N48P	48	0.099	benign
P50440	N48Q	48	0.1119	benign
P50440	N48R	48	0.1041	benign
P50440	N48S	48	0.0658	benign
P50440	N48T	48	0.0678	benign
P50440	N48V	48	0.089	benign
P50440	N48W	48	0.3141	benign
P50440	N48Y	48	0.0764	benign
P50440	S49A	49	0.0608	benign
P50440	S49C	49	0.0729	benign
P50440	S49D	49	0.1122	benign
P50440	S49E	49	0.1491	benign
P50440	S49F	49	0.102	benign
P50440	S49G	49	0.068	benign
P50440	S49H	49	0.1153	benign
P50440	S49I	49	0.0837	benign
P50440	S49K	49	0.2132	benign
P50440	S49L	49	0.0834	benign
P50440	S49M	49	0.1684	benign
P50440	S49N	49	0.0843	benign
P50440	S49P	49	0.0655	benign
P50440	S49Q	49	0.1643	benign
P50440	S49R	49	0.1439	benign
P50440	S49T	49	0.0628	benign
P50440	S49V	49	0.0903	benign
P50440	S49W	49	0.1382	benign
P50440	S49Y	49	0.0858	benign
P50440	C50A	50	0.0825	benign
P50440	C50D	50	0.0856	benign
P50440	C50E	50	0.1488	benign
P50440	C50F	50	0.0596	benign
P50440	C50G	50	0.0572	benign
P50440	C50H	50	0.0999	benign
P50440	C50I	50	0.1266	benign
P50440	C50K	50	0.168	benign
P50440	C50L	50	0.1293	benign
P50440	C50M	50	0.2647	benign
P50440	C50N	50	0.0997	benign
P50440	C50P	50	0.1125	benign
P50440	C50Q	50	0.1234	benign
P50440	C50R	50	0.0786	benign
P50440	C50S	50	0.0693	benign
P50440	C50T	50	0.1046	benign
P50440	C50V	50	0.1152	benign
P50440	C50W	50	0.1242	benign
P50440	C50Y	50	0.0691	benign
P50440	A51C	51	0.2416	benign
P50440	A51D	51	0.0954	benign
P50440	A51E	51	0.102	benign
P50440	A51F	51	0.131	benign
P50440	A51G	51	0.0873	benign
P50440	A51H	51	0.1766	benign
P50440	A51I	51	0.112	benign
P50440	A51K	51	0.1616	benign
P50440	A51L	51	0.0894	benign
P50440	A51M	51	0.1438	benign
P50440	A51N	51	0.1326	benign
P50440	A51P	51	0.0751	benign
P50440	A51Q	51	0.146	benign
P50440	A51R	51	0.139	benign
P50440	A51S	51	0.0775	benign
P50440	A51T	51	0.0696	benign
P50440	A51V	51	0.0786	benign
P50440	A51W	51	0.314	benign
P50440	A51Y	51	0.1852	benign
P50440	A52C	52	0.2496	benign
P50440	A52D	52	0.0853	benign
P50440	A52E	52	0.093	benign
P50440	A52F	52	0.1478	benign
P50440	A52G	52	0.0837	benign
P50440	A52H	52	0.1908	benign
P50440	A52I	52	0.1135	benign
P50440	A52K	52	0.1513	benign
P50440	A52L	52	0.0964	benign
P50440	A52M	52	0.1385	benign
P50440	A52N	52	0.1221	benign
P50440	A52P	52	0.0829	benign
P50440	A52Q	52	0.1439	benign
P50440	A52R	52	0.1379	benign
P50440	A52S	52	0.0756	benign
P50440	A52T	52	0.0664	benign
P50440	A52V	52	0.0771	benign
P50440	A52W	52	0.3144	benign
P50440	A52Y	52	0.2019	benign
P50440	D53A	53	0.06	benign
P50440	D53C	53	0.2089	benign
P50440	D53E	53	0.0712	benign
P50440	D53F	53	0.2179	benign
P50440	D53G	53	0.0665	benign
P50440	D53H	53	0.1128	benign
P50440	D53I	53	0.1274	benign
P50440	D53K	53	0.1154	benign
P50440	D53L	53	0.1316	benign
P50440	D53M	53	0.2513	benign
P50440	D53N	53	0.0745	benign
P50440	D53P	53	0.1614	benign
P50440	D53Q	53	0.1124	benign
P50440	D53R	53	0.1184	benign
P50440	D53S	53	0.069	benign
P50440	D53T	53	0.0859	benign
P50440	D53V	53	0.0835	benign
P50440	D53W	53	0.4497	ambiguous
P50440	D53Y	53	0.1059	benign
P50440	D54A	54	0.0714	benign
P50440	D54C	54	0.182	benign
P50440	D54E	54	0.0683	benign
P50440	D54F	54	0.2034	benign
P50440	D54G	54	0.0659	benign
P50440	D54H	54	0.104	benign
P50440	D54I	54	0.11	benign
P50440	D54K	54	0.1136	benign
P50440	D54L	54	0.1302	benign
P50440	D54M	54	0.244	benign
P50440	D54N	54	0.0754	benign
P50440	D54P	54	0.1899	benign
P50440	D54Q	54	0.1084	benign
P50440	D54R	54	0.1136	benign
P50440	D54S	54	0.0722	benign
P50440	D54T	54	0.0883	benign
P50440	D54V	54	0.0793	benign
P50440	D54W	54	0.4254	ambiguous
P50440	D54Y	54	0.0918	benign
P50440	K55A	55	0.0955	benign
P50440	K55C	55	0.317	benign
P50440	K55D	55	0.1392	benign
P50440	K55E	55	0.0656	benign
P50440	K55F	55	0.3106	benign
P50440	K55G	55	0.1276	benign
P50440	K55H	55	0.1563	benign
P50440	K55I	55	0.1243	benign
P50440	K55L	55	0.1289	benign
P50440	K55M	55	0.119	benign
P50440	K55N	55	0.1331	benign
P50440	K55P	55	0.168	benign
P50440	K55Q	55	0.0873	benign
P50440	K55R	55	0.0718	benign
P50440	K55S	55	0.1276	benign
P50440	K55T	55	0.0718	benign
P50440	K55V	55	0.1166	benign
P50440	K55W	55	0.4254	ambiguous
P50440	K55Y	55	0.2632	benign
P50440	A56C	56	0.2468	benign
P50440	A56D	56	0.0786	benign
P50440	A56E	56	0.0832	benign
P50440	A56F	56	0.1471	benign
P50440	A56G	56	0.0846	benign
P50440	A56H	56	0.1807	benign
P50440	A56I	56	0.1034	benign
P50440	A56K	56	0.1363	benign
P50440	A56L	56	0.0934	benign
P50440	A56M	56	0.1318	benign
P50440	A56N	56	0.1008	benign
P50440	A56P	56	0.0729	benign
P50440	A56Q	56	0.1385	benign
P50440	A56R	56	0.1405	benign
P50440	A56S	56	0.0754	benign
P50440	A56T	56	0.0678	benign
P50440	A56V	56	0.0736	benign
P50440	A56W	56	0.3384	benign
P50440	A56Y	56	0.1662	benign
P50440	T57A	57	0.0549	benign
P50440	T57C	57	0.1937	benign
P50440	T57D	57	0.1102	benign
P50440	T57E	57	0.0923	benign
P50440	T57F	57	0.1242	benign
P50440	T57G	57	0.0995	benign
P50440	T57H	57	0.1189	benign
P50440	T57I	57	0.082	benign
P50440	T57K	57	0.0856	benign
P50440	T57L	57	0.0718	benign
P50440	T57M	57	0.085	benign
P50440	T57N	57	0.0806	benign
P50440	T57P	57	0.0543	benign
P50440	T57Q	57	0.1027	benign
P50440	T57R	57	0.0758	benign
P50440	T57S	57	0.074	benign
P50440	T57V	57	0.075	benign
P50440	T57W	57	0.2524	benign
P50440	T57Y	57	0.1387	benign
P50440	E58A	58	0.061	benign
P50440	E58C	58	0.282	benign
P50440	E58D	58	0.0573	benign
P50440	E58F	58	0.2292	benign
P50440	E58G	58	0.0696	benign
P50440	E58H	58	0.1325	benign
P50440	E58I	58	0.1106	benign
P50440	E58K	58	0.0788	benign
P50440	E58L	58	0.1089	benign
P50440	E58M	58	0.1776	benign
P50440	E58N	58	0.087	benign
P50440	E58P	58	0.1366	benign
P50440	E58Q	58	0.0795	benign
P50440	E58R	58	0.1059	benign
P50440	E58S	58	0.0767	benign
P50440	E58T	58	0.0807	benign
P50440	E58V	58	0.0762	benign
P50440	E58W	58	0.4097	ambiguous
P50440	E58Y	58	0.1552	benign
P50440	P59A	59	0.0576	benign
P50440	P59C	59	0.1555	benign
P50440	P59D	59	0.1076	benign
P50440	P59E	59	0.0925	benign
P50440	P59F	59	0.1366	benign
P50440	P59G	59	0.123	benign
P50440	P59H	59	0.0763	benign
P50440	P59I	59	0.097	benign
P50440	P59K	59	0.1022	benign
P50440	P59L	59	0.0689	benign
P50440	P59M	59	0.1358	benign
P50440	P59N	59	0.1027	benign
P50440	P59Q	59	0.0781	benign
P50440	P59R	59	0.0777	benign
P50440	P59S	59	0.0714	benign
P50440	P59T	59	0.06	benign
P50440	P59V	59	0.0799	benign
P50440	P59W	59	0.2143	benign
P50440	P59Y	59	0.1226	benign
P50440	L60A	60	0.0686	benign
P50440	L60C	60	0.1728	benign
P50440	L60D	60	0.1356	benign
P50440	L60E	60	0.0943	benign
P50440	L60F	60	0.0722	benign
P50440	L60G	60	0.1333	benign
P50440	L60H	60	0.0941	benign
P50440	L60I	60	0.0593	benign
P50440	L60K	60	0.1013	benign
P50440	L60M	60	0.0845	benign
P50440	L60N	60	0.1049	benign
P50440	L60P	60	0.069	benign
P50440	L60Q	60	0.079	benign
P50440	L60R	60	0.0834	benign
P50440	L60S	60	0.072	benign
P50440	L60T	60	0.0725	benign
P50440	L60V	60	0.0555	benign
P50440	L60W	60	0.1314	benign
P50440	L60Y	60	0.1316	benign
P50440	P61A	61	0.0616	benign
P50440	P61C	61	0.1753	benign
P50440	P61D	61	0.1515	benign
P50440	P61E	61	0.0993	benign
P50440	P61F	61	0.1817	benign
P50440	P61G	61	0.1343	benign
P50440	P61H	61	0.095	benign
P50440	P61I	61	0.1141	benign
P50440	P61K	61	0.1168	benign
P50440	P61L	61	0.0707	benign
P50440	P61M	61	0.152	benign
P50440	P61N	61	0.1432	benign
P50440	P61Q	61	0.0795	benign
P50440	P61R	61	0.0846	benign
P50440	P61S	61	0.082	benign
P50440	P61T	61	0.0731	benign
P50440	P61V	61	0.089	benign
P50440	P61W	61	0.2226	benign
P50440	P61Y	61	0.1579	benign
P50440	K62A	62	0.0723	benign
P50440	K62C	62	0.2553	benign
P50440	K62D	62	0.0966	benign
P50440	K62E	62	0.0542	benign
P50440	K62F	62	0.2641	benign
P50440	K62G	62	0.0932	benign
P50440	K62H	62	0.1391	benign
P50440	K62I	62	0.1067	benign
P50440	K62L	62	0.0993	benign
P50440	K62M	62	0.0996	benign
P50440	K62N	62	0.0967	benign
P50440	K62P	62	0.1196	benign
P50440	K62Q	62	0.0753	benign
P50440	K62R	62	0.0718	benign
P50440	K62S	62	0.0853	benign
P50440	K62T	62	0.0625	benign
P50440	K62V	62	0.087	benign
P50440	K62W	62	0.3516	ambiguous
P50440	K62Y	62	0.2141	benign
P50440	D63A	63	0.0735	benign
P50440	D63C	63	0.2264	benign
P50440	D63E	63	0.0746	benign
P50440	D63F	63	0.2341	benign
P50440	D63G	63	0.0799	benign
P50440	D63H	63	0.1192	benign
P50440	D63I	63	0.1145	benign
P50440	D63K	63	0.1503	benign
P50440	D63L	63	0.139	benign
P50440	D63M	63	0.2679	benign
P50440	D63N	63	0.0772	benign
P50440	D63P	63	0.1749	benign
P50440	D63Q	63	0.1244	benign
P50440	D63R	63	0.155	benign
P50440	D63S	63	0.0765	benign
P50440	D63T	63	0.0938	benign
P50440	D63V	63	0.0739	benign
P50440	D63W	63	0.5422	ambiguous
P50440	D63Y	63	0.0958	benign
P50440	C64A	64	0.32	benign
P50440	C64D	64	0.5228	ambiguous
P50440	C64E	64	0.7289	pathogenic
P50440	C64F	64	0.2111	benign
P50440	C64G	64	0.1492	benign
P50440	C64H	64	0.4701	ambiguous
P50440	C64I	64	0.3879	ambiguous
P50440	C64K	64	0.7794	pathogenic
P50440	C64L	64	0.4077	ambiguous
P50440	C64M	64	0.5853	pathogenic
P50440	C64N	64	0.3272	benign
P50440	C64P	64	0.5255	ambiguous
P50440	C64Q	64	0.6167	pathogenic
P50440	C64R	64	0.5252	ambiguous
P50440	C64S	64	0.1363	benign
P50440	C64T	64	0.2951	benign
P50440	C64V	64	0.3552	ambiguous
P50440	C64W	64	0.5729	pathogenic
P50440	C64Y	64	0.3023	benign
P50440	P65A	65	0.1202	benign
P50440	P65C	65	0.5283	ambiguous
P50440	P65D	65	0.8106	pathogenic
P50440	P65E	65	0.6013	pathogenic
P50440	P65F	65	0.5898	pathogenic
P50440	P65G	65	0.6079	pathogenic
P50440	P65H	65	0.4993	ambiguous
P50440	P65I	65	0.2049	benign
P50440	P65K	65	0.684	pathogenic
P50440	P65L	65	0.1972	benign
P50440	P65M	65	0.4648	ambiguous
P50440	P65N	65	0.7534	pathogenic
P50440	P65Q	65	0.4812	ambiguous
P50440	P65R	65	0.4753	ambiguous
P50440	P65S	65	0.3125	benign
P50440	P65T	65	0.1956	benign
P50440	P65V	65	0.1419	benign
P50440	P65W	65	0.7991	pathogenic
P50440	P65Y	65	0.6608	pathogenic
P50440	V66A	66	0.8453	pathogenic
P50440	V66C	66	0.9666	pathogenic
P50440	V66D	66	0.9976	pathogenic
P50440	V66E	66	0.993	pathogenic
P50440	V66F	66	0.9444	pathogenic
P50440	V66G	66	0.9354	pathogenic
P50440	V66H	66	0.9977	pathogenic
P50440	V66I	66	0.2059	benign
P50440	V66K	66	0.9954	pathogenic
P50440	V66L	66	0.8526	pathogenic
P50440	V66M	66	0.9378	pathogenic
P50440	V66N	66	0.9906	pathogenic
P50440	V66P	66	0.9721	pathogenic
P50440	V66Q	66	0.9929	pathogenic
P50440	V66R	66	0.9875	pathogenic
P50440	V66S	66	0.9461	pathogenic
P50440	V66T	66	0.8886	pathogenic
P50440	V66W	66	0.9991	pathogenic
P50440	V66Y	66	0.9945	pathogenic
P50440	S67A	67	0.0943	benign
P50440	S67C	67	0.0464	benign
P50440	S67D	67	0.3231	benign
P50440	S67E	67	0.4199	ambiguous
P50440	S67F	67	0.1432	benign
P50440	S67G	67	0.0831	benign
P50440	S67H	67	0.2375	benign
P50440	S67I	67	0.2368	benign
P50440	S67K	67	0.5533	ambiguous
P50440	S67L	67	0.115	benign
P50440	S67M	67	0.1768	benign
P50440	S67N	67	0.0898	benign
P50440	S67P	67	0.8445	pathogenic
P50440	S67Q	67	0.3431	ambiguous
P50440	S67R	67	0.4096	ambiguous
P50440	S67T	67	0.1288	benign
P50440	S67V	67	0.222	benign
P50440	S67W	67	0.2838	benign
P50440	S67Y	67	0.1233	benign
P50440	S68A	68	0.0945	benign
P50440	S68C	68	0.2188	benign
P50440	S68D	68	0.9902	pathogenic
P50440	S68E	68	0.9891	pathogenic
P50440	S68F	68	0.9794	pathogenic
P50440	S68G	68	0.5218	ambiguous
P50440	S68H	68	0.9855	pathogenic
P50440	S68I	68	0.8006	pathogenic
P50440	S68K	68	0.9983	pathogenic
P50440	S68L	68	0.7961	pathogenic
P50440	S68M	68	0.9015	pathogenic
P50440	S68N	68	0.9244	pathogenic
P50440	S68P	68	0.9776	pathogenic
P50440	S68Q	68	0.9808	pathogenic
P50440	S68R	68	0.994	pathogenic
P50440	S68T	68	0.2718	benign
P50440	S68V	68	0.4701	ambiguous
P50440	S68W	68	0.9945	pathogenic
P50440	S68Y	68	0.9828	pathogenic
P50440	Y69A	69	0.8126	pathogenic
P50440	Y69C	69	0.1453	benign
P50440	Y69D	69	0.6119	pathogenic
P50440	Y69E	69	0.9102	pathogenic
P50440	Y69F	69	0.0886	benign
P50440	Y69G	69	0.7614	pathogenic
P50440	Y69H	69	0.1374	benign
P50440	Y69I	69	0.8405	pathogenic
P50440	Y69K	69	0.9292	pathogenic
P50440	Y69L	69	0.8418	pathogenic
P50440	Y69M	69	0.8788	pathogenic
P50440	Y69N	69	0.308	benign
P50440	Y69P	69	0.9493	pathogenic
P50440	Y69Q	69	0.8149	pathogenic
P50440	Y69R	69	0.7879	pathogenic
P50440	Y69S	69	0.4407	ambiguous
P50440	Y69T	69	0.8146	pathogenic
P50440	Y69V	69	0.7482	pathogenic
P50440	Y69W	69	0.2697	benign
P50440	N70A	70	0.9246	pathogenic
P50440	N70C	70	0.6138	pathogenic
P50440	N70D	70	0.7673	pathogenic
P50440	N70E	70	0.9896	pathogenic
P50440	N70F	70	0.995	pathogenic
P50440	N70G	70	0.871	pathogenic
P50440	N70H	70	0.824	pathogenic
P50440	N70I	70	0.9695	pathogenic
P50440	N70K	70	0.9921	pathogenic
P50440	N70L	70	0.9322	pathogenic
P50440	N70M	70	0.952	pathogenic
P50440	N70P	70	0.9902	pathogenic
P50440	N70Q	70	0.9788	pathogenic
P50440	N70R	70	0.9816	pathogenic
P50440	N70S	70	0.2387	benign
P50440	N70T	70	0.2405	benign
P50440	N70V	70	0.9192	pathogenic
P50440	N70W	70	0.9978	pathogenic
P50440	N70Y	70	0.9607	pathogenic
P50440	E71A	71	0.9569	pathogenic
P50440	E71C	71	0.9891	pathogenic
P50440	E71D	71	0.8343	pathogenic
P50440	E71F	71	0.9989	pathogenic
P50440	E71G	71	0.8672	pathogenic
P50440	E71H	71	0.9958	pathogenic
P50440	E71I	71	0.9964	pathogenic
P50440	E71K	71	0.9879	pathogenic
P50440	E71L	71	0.9971	pathogenic
P50440	E71M	71	0.9952	pathogenic
P50440	E71N	71	0.9826	pathogenic
P50440	E71P	71	0.9977	pathogenic
P50440	E71Q	71	0.9349	pathogenic
P50440	E71R	71	0.9885	pathogenic
P50440	E71S	71	0.9282	pathogenic
P50440	E71T	71	0.9825	pathogenic
P50440	E71V	71	0.9901	pathogenic
P50440	E71W	71	0.9995	pathogenic
P50440	E71Y	71	0.9967	pathogenic
P50440	W72A	72	0.9966	pathogenic
P50440	W72C	72	0.9975	pathogenic
P50440	W72D	72	0.9991	pathogenic
P50440	W72E	72	0.9995	pathogenic
P50440	W72F	72	0.7543	pathogenic
P50440	W72G	72	0.982	pathogenic
P50440	W72H	72	0.9964	pathogenic
P50440	W72I	72	0.9968	pathogenic
P50440	W72K	72	0.9997	pathogenic
P50440	W72L	72	0.9948	pathogenic
P50440	W72M	72	0.997	pathogenic
P50440	W72N	72	0.9986	pathogenic
P50440	W72P	72	0.9997	pathogenic
P50440	W72Q	72	0.9996	pathogenic
P50440	W72R	72	0.9991	pathogenic
P50440	W72S	72	0.9928	pathogenic
P50440	W72T	72	0.9968	pathogenic
P50440	W72V	72	0.9961	pathogenic
P50440	W72Y	72	0.9395	pathogenic
P50440	D73A	73	0.7985	pathogenic
P50440	D73C	73	0.959	pathogenic
P50440	D73E	73	0.8821	pathogenic
P50440	D73F	73	0.9802	pathogenic
P50440	D73G	73	0.805	pathogenic
P50440	D73H	73	0.9233	pathogenic
P50440	D73I	73	0.9868	pathogenic
P50440	D73K	73	0.991	pathogenic
P50440	D73L	73	0.9674	pathogenic
P50440	D73M	73	0.9858	pathogenic
P50440	D73N	73	0.7683	pathogenic
P50440	D73P	73	0.9983	pathogenic
P50440	D73Q	73	0.9674	pathogenic
P50440	D73R	73	0.9911	pathogenic
P50440	D73S	73	0.632	pathogenic
P50440	D73T	73	0.9516	pathogenic
P50440	D73V	73	0.9544	pathogenic
P50440	D73W	73	0.9954	pathogenic
P50440	D73Y	73	0.8603	pathogenic
P50440	P74A	74	0.095	benign
P50440	P74C	74	0.3333	benign
P50440	P74D	74	0.4939	ambiguous
P50440	P74E	74	0.2579	benign
P50440	P74F	74	0.4576	ambiguous
P50440	P74G	74	0.4168	ambiguous
P50440	P74H	74	0.226	benign
P50440	P74I	74	0.1856	benign
P50440	P74K	74	0.213	benign
P50440	P74L	74	0.0932	benign
P50440	P74M	74	0.2246	benign
P50440	P74N	74	0.3933	ambiguous
P50440	P74Q	74	0.1662	benign
P50440	P74R	74	0.1514	benign
P50440	P74S	74	0.1798	benign
P50440	P74T	74	0.0852	benign
P50440	P74V	74	0.138	benign
P50440	P74W	74	0.6351	pathogenic
P50440	P74Y	74	0.4573	ambiguous
P50440	L75A	75	0.9789	pathogenic
P50440	L75C	75	0.9847	pathogenic
P50440	L75D	75	0.9998	pathogenic
P50440	L75E	75	0.998	pathogenic
P50440	L75F	75	0.9765	pathogenic
P50440	L75G	75	0.9973	pathogenic
P50440	L75H	75	0.9982	pathogenic
P50440	L75I	75	0.7271	pathogenic
P50440	L75K	75	0.9958	pathogenic
P50440	L75M	75	0.785	pathogenic
P50440	L75N	75	0.9991	pathogenic
P50440	L75P	75	0.9938	pathogenic
P50440	L75Q	75	0.9956	pathogenic
P50440	L75R	75	0.9903	pathogenic
P50440	L75S	75	0.9979	pathogenic
P50440	L75T	75	0.9868	pathogenic
P50440	L75V	75	0.7482	pathogenic
P50440	L75W	75	0.9961	pathogenic
P50440	L75Y	75	0.9973	pathogenic
P50440	E76A	76	0.5204	ambiguous
P50440	E76C	76	0.9455	pathogenic
P50440	E76D	76	0.7582	pathogenic
P50440	E76F	76	0.9761	pathogenic
P50440	E76G	76	0.7573	pathogenic
P50440	E76H	76	0.9102	pathogenic
P50440	E76I	76	0.7142	pathogenic
P50440	E76K	76	0.5513	ambiguous
P50440	E76L	76	0.7403	pathogenic
P50440	E76M	76	0.8102	pathogenic
P50440	E76N	76	0.9127	pathogenic
P50440	E76P	76	0.9954	pathogenic
P50440	E76Q	76	0.3018	benign
P50440	E76R	76	0.6725	pathogenic
P50440	E76S	76	0.7527	pathogenic
P50440	E76T	76	0.7165	pathogenic
P50440	E76V	76	0.4847	ambiguous
P50440	E76W	76	0.9902	pathogenic
P50440	E76Y	76	0.9533	pathogenic
P50440	E77A	77	0.8039	pathogenic
P50440	E77C	77	0.9825	pathogenic
P50440	E77D	77	0.8442	pathogenic
P50440	E77F	77	0.9958	pathogenic
P50440	E77G	77	0.8873	pathogenic
P50440	E77H	77	0.9714	pathogenic
P50440	E77I	77	0.9783	pathogenic
P50440	E77K	77	0.9401	pathogenic
P50440	E77L	77	0.9843	pathogenic
P50440	E77M	77	0.9778	pathogenic
P50440	E77N	77	0.9738	pathogenic
P50440	E77P	77	0.9991	pathogenic
P50440	E77Q	77	0.8188	pathogenic
P50440	E77R	77	0.9558	pathogenic
P50440	E77S	77	0.9077	pathogenic
P50440	E77T	77	0.9328	pathogenic
P50440	E77V	77	0.9216	pathogenic
P50440	E77W	77	0.9983	pathogenic
P50440	E77Y	77	0.9879	pathogenic
P50440	V78A	78	0.843	pathogenic
P50440	V78C	78	0.9402	pathogenic
P50440	V78D	78	0.9945	pathogenic
P50440	V78E	78	0.9901	pathogenic
P50440	V78F	78	0.9549	pathogenic
P50440	V78G	78	0.9312	pathogenic
P50440	V78H	78	0.9986	pathogenic
P50440	V78I	78	0.1019	benign
P50440	V78K	78	0.9967	pathogenic
P50440	V78L	78	0.8344	pathogenic
P50440	V78M	78	0.8037	pathogenic
P50440	V78N	78	0.9823	pathogenic
P50440	V78P	78	0.9979	pathogenic
P50440	V78Q	78	0.9925	pathogenic
P50440	V78R	78	0.9928	pathogenic
P50440	V78S	78	0.9422	pathogenic
P50440	V78T	78	0.8892	pathogenic
P50440	V78W	78	0.999	pathogenic
P50440	V78Y	78	0.9937	pathogenic
P50440	I79A	79	0.9587	pathogenic
P50440	I79C	79	0.9793	pathogenic
P50440	I79D	79	0.9991	pathogenic
P50440	I79E	79	0.9976	pathogenic
P50440	I79F	79	0.6155	pathogenic
P50440	I79G	79	0.9962	pathogenic
P50440	I79H	79	0.9957	pathogenic
P50440	I79K	79	0.9973	pathogenic
P50440	I79L	79	0.3686	ambiguous
P50440	I79M	79	0.4489	ambiguous
P50440	I79N	79	0.9914	pathogenic
P50440	I79P	79	0.9962	pathogenic
P50440	I79Q	79	0.9962	pathogenic
P50440	I79R	79	0.9936	pathogenic
P50440	I79S	79	0.9793	pathogenic
P50440	I79T	79	0.9275	pathogenic
P50440	I79V	79	0.1352	benign
P50440	I79W	79	0.9836	pathogenic
P50440	I79Y	79	0.9689	pathogenic
P50440	V80A	80	0.8099	pathogenic
P50440	V80C	80	0.9578	pathogenic
P50440	V80D	80	0.9983	pathogenic
P50440	V80E	80	0.996	pathogenic
P50440	V80F	80	0.9404	pathogenic
P50440	V80G	80	0.9557	pathogenic
P50440	V80H	80	0.9985	pathogenic
P50440	V80I	80	0.1551	benign
P50440	V80K	80	0.9974	pathogenic
P50440	V80L	80	0.8388	pathogenic
P50440	V80M	80	0.924	pathogenic
P50440	V80N	80	0.9957	pathogenic
P50440	V80P	80	0.9892	pathogenic
P50440	V80Q	80	0.9956	pathogenic
P50440	V80R	80	0.9921	pathogenic
P50440	V80S	80	0.9561	pathogenic
P50440	V80T	80	0.8475	pathogenic
P50440	V80W	80	0.9986	pathogenic
P50440	V80Y	80	0.9952	pathogenic
P50440	G81A	81	0.9661	pathogenic
P50440	G81C	81	0.991	pathogenic
P50440	G81D	81	0.998	pathogenic
P50440	G81E	81	0.9985	pathogenic
P50440	G81F	81	0.9989	pathogenic
P50440	G81H	81	0.9997	pathogenic
P50440	G81I	81	0.9989	pathogenic
P50440	G81K	81	0.9995	pathogenic
P50440	G81L	81	0.9983	pathogenic
P50440	G81M	81	0.9995	pathogenic
P50440	G81N	81	0.9992	pathogenic
P50440	G81P	81	0.9991	pathogenic
P50440	G81Q	81	0.9992	pathogenic
P50440	G81R	81	0.998	pathogenic
P50440	G81S	81	0.9693	pathogenic
P50440	G81T	81	0.9964	pathogenic
P50440	G81V	81	0.9972	pathogenic
P50440	G81W	81	0.9979	pathogenic
P50440	G81Y	81	0.9989	pathogenic
P50440	R82A	82	0.6946	pathogenic
P50440	R82C	82	0.1714	benign
P50440	R82D	82	0.885	pathogenic
P50440	R82E	82	0.694	pathogenic
P50440	R82F	82	0.8489	pathogenic
P50440	R82G	82	0.638	pathogenic
P50440	R82H	82	0.2099	benign
P50440	R82I	82	0.3299	benign
P50440	R82K	82	0.1868	benign
P50440	R82L	82	0.5074	ambiguous
P50440	R82M	82	0.5332	ambiguous
P50440	R82N	82	0.7055	pathogenic
P50440	R82P	82	0.979	pathogenic
P50440	R82Q	82	0.1715	benign
P50440	R82S	82	0.6519	pathogenic
P50440	R82T	82	0.3133	benign
P50440	R82V	82	0.3752	ambiguous
P50440	R82W	82	0.4692	ambiguous
P50440	R82Y	82	0.6652	pathogenic
P50440	A83C	83	0.6407	pathogenic
P50440	A83D	83	0.9742	pathogenic
P50440	A83E	83	0.9489	pathogenic
P50440	A83F	83	0.9153	pathogenic
P50440	A83G	83	0.4106	ambiguous
P50440	A83H	83	0.9816	pathogenic
P50440	A83I	83	0.4248	ambiguous
P50440	A83K	83	0.9872	pathogenic
P50440	A83L	83	0.5105	ambiguous
P50440	A83M	83	0.6535	pathogenic
P50440	A83N	83	0.9356	pathogenic
P50440	A83P	83	0.2175	benign
P50440	A83Q	83	0.9464	pathogenic
P50440	A83R	83	0.9739	pathogenic
P50440	A83S	83	0.3014	benign
P50440	A83T	83	0.2723	benign
P50440	A83V	83	0.1712	benign
P50440	A83W	83	0.9902	pathogenic
P50440	A83Y	83	0.9703	pathogenic
P50440	E84A	84	0.342	ambiguous
P50440	E84C	84	0.9048	pathogenic
P50440	E84D	84	0.1632	benign
P50440	E84F	84	0.9239	pathogenic
P50440	E84G	84	0.3667	ambiguous
P50440	E84H	84	0.742	pathogenic
P50440	E84I	84	0.5823	pathogenic
P50440	E84K	84	0.3316	benign
P50440	E84L	84	0.7077	pathogenic
P50440	E84M	84	0.7501	pathogenic
P50440	E84N	84	0.4882	ambiguous
P50440	E84P	84	0.8721	pathogenic
P50440	E84Q	84	0.2821	benign
P50440	E84R	84	0.5141	ambiguous
P50440	E84S	84	0.432	ambiguous
P50440	E84T	84	0.462	ambiguous
P50440	E84V	84	0.4178	ambiguous
P50440	E84W	84	0.9535	pathogenic
P50440	E84Y	84	0.8272	pathogenic
P50440	N85A	85	0.3046	benign
P50440	N85C	85	0.334	benign
P50440	N85D	85	0.112	benign
P50440	N85E	85	0.3473	ambiguous
P50440	N85F	85	0.405	ambiguous
P50440	N85G	85	0.1805	benign
P50440	N85H	85	0.1048	benign
P50440	N85I	85	0.4439	ambiguous
P50440	N85K	85	0.2502	benign
P50440	N85L	85	0.3543	ambiguous
P50440	N85M	85	0.377	ambiguous
P50440	N85P	85	0.8892	pathogenic
P50440	N85Q	85	0.3234	benign
P50440	N85R	85	0.3364	benign
P50440	N85S	85	0.1389	benign
P50440	N85T	85	0.2291	benign
P50440	N85V	85	0.446	ambiguous
P50440	N85W	85	0.7151	pathogenic
P50440	N85Y	85	0.1204	benign
P50440	A86C	86	0.7329	pathogenic
P50440	A86D	86	0.9804	pathogenic
P50440	A86E	86	0.9824	pathogenic
P50440	A86F	86	0.9565	pathogenic
P50440	A86G	86	0.239	benign
P50440	A86H	86	0.9777	pathogenic
P50440	A86I	86	0.9011	pathogenic
P50440	A86K	86	0.9937	pathogenic
P50440	A86L	86	0.8787	pathogenic
P50440	A86M	86	0.8898	pathogenic
P50440	A86N	86	0.9434	pathogenic
P50440	A86P	86	0.9226	pathogenic
P50440	A86Q	86	0.9591	pathogenic
P50440	A86R	86	0.9823	pathogenic
P50440	A86S	86	0.1503	benign
P50440	A86T	86	0.5102	ambiguous
P50440	A86V	86	0.713	pathogenic
P50440	A86W	86	0.9945	pathogenic
P50440	A86Y	86	0.9779	pathogenic
P50440	C87A	87	0.2932	benign
P50440	C87D	87	0.8142	pathogenic
P50440	C87E	87	0.7522	pathogenic
P50440	C87F	87	0.196	benign
P50440	C87G	87	0.2709	benign
P50440	C87H	87	0.2745	benign
P50440	C87I	87	0.4812	ambiguous
P50440	C87K	87	0.5168	ambiguous
P50440	C87L	87	0.4435	ambiguous
P50440	C87M	87	0.5422	ambiguous
P50440	C87N	87	0.3902	ambiguous
P50440	C87P	87	0.9552	pathogenic
P50440	C87Q	87	0.3597	ambiguous
P50440	C87R	87	0.1807	benign
P50440	C87S	87	0.2378	benign
P50440	C87T	87	0.3115	benign
P50440	C87V	87	0.3417	ambiguous
P50440	C87W	87	0.5152	ambiguous
P50440	C87Y	87	0.2251	benign
P50440	V88A	88	0.8523	pathogenic
P50440	V88C	88	0.9367	pathogenic
P50440	V88D	88	0.9969	pathogenic
P50440	V88E	88	0.9916	pathogenic
P50440	V88F	88	0.7949	pathogenic
P50440	V88G	88	0.9448	pathogenic
P50440	V88H	88	0.9933	pathogenic
P50440	V88I	88	0.0939	benign
P50440	V88K	88	0.9902	pathogenic
P50440	V88L	88	0.7615	pathogenic
P50440	V88M	88	0.7554	pathogenic
P50440	V88N	88	0.9794	pathogenic
P50440	V88P	88	0.9545	pathogenic
P50440	V88Q	88	0.983	pathogenic
P50440	V88R	88	0.9766	pathogenic
P50440	V88S	88	0.9271	pathogenic
P50440	V88T	88	0.8537	pathogenic
P50440	V88W	88	0.9956	pathogenic
P50440	V88Y	88	0.9799	pathogenic
P50440	P89A	89	0.697	pathogenic
P50440	P89C	89	0.9685	pathogenic
P50440	P89D	89	0.9959	pathogenic
P50440	P89E	89	0.9881	pathogenic
P50440	P89F	89	0.9887	pathogenic
P50440	P89G	89	0.9589	pathogenic
P50440	P89H	89	0.9663	pathogenic
P50440	P89I	89	0.9628	pathogenic
P50440	P89K	89	0.9922	pathogenic
P50440	P89L	89	0.8309	pathogenic
P50440	P89M	89	0.9635	pathogenic
P50440	P89N	89	0.9908	pathogenic
P50440	P89Q	89	0.9572	pathogenic
P50440	P89R	89	0.9784	pathogenic
P50440	P89S	89	0.8998	pathogenic
P50440	P89T	89	0.903	pathogenic
P50440	P89V	89	0.9287	pathogenic
P50440	P89W	89	0.9966	pathogenic
P50440	P89Y	89	0.9916	pathogenic
P50440	P90A	90	0.1084	benign
P50440	P90C	90	0.5367	ambiguous
P50440	P90D	90	0.3952	ambiguous
P50440	P90E	90	0.2248	benign
P50440	P90F	90	0.6736	pathogenic
P50440	P90G	90	0.3416	ambiguous
P50440	P90H	90	0.2331	benign
P50440	P90I	90	0.5156	ambiguous
P50440	P90K	90	0.3047	benign
P50440	P90L	90	0.2171	benign
P50440	P90M	90	0.4902	ambiguous
P50440	P90N	90	0.3687	ambiguous
P50440	P90Q	90	0.1842	benign
P50440	P90R	90	0.2114	benign
P50440	P90S	90	0.141	benign
P50440	P90T	90	0.1497	benign
P50440	P90V	90	0.3415	ambiguous
P50440	P90W	90	0.7936	pathogenic
P50440	P90Y	90	0.5652	pathogenic
P50440	F91A	91	0.9049	pathogenic
P50440	F91C	91	0.7696	pathogenic
P50440	F91D	91	0.9691	pathogenic
P50440	F91E	91	0.9765	pathogenic
P50440	F91G	91	0.9574	pathogenic
P50440	F91H	91	0.899	pathogenic
P50440	F91I	91	0.6928	pathogenic
P50440	F91K	91	0.9761	pathogenic
P50440	F91L	91	0.8434	pathogenic
P50440	F91M	91	0.7201	pathogenic
P50440	F91N	91	0.9231	pathogenic
P50440	F91P	91	0.978	pathogenic
P50440	F91Q	91	0.959	pathogenic
P50440	F91R	91	0.9495	pathogenic
P50440	F91S	91	0.8965	pathogenic
P50440	F91T	91	0.9322	pathogenic
P50440	F91V	91	0.6748	pathogenic
P50440	F91W	91	0.5803	pathogenic
P50440	F91Y	91	0.3126	benign
P50440	T92A	92	0.2083	benign
P50440	T92C	92	0.4812	ambiguous
P50440	T92D	92	0.5234	ambiguous
P50440	T92E	92	0.597	pathogenic
P50440	T92F	92	0.8067	pathogenic
P50440	T92G	92	0.2538	benign
P50440	T92H	92	0.3994	ambiguous
P50440	T92I	92	0.8371	pathogenic
P50440	T92K	92	0.6631	pathogenic
P50440	T92L	92	0.4325	ambiguous
P50440	T92M	92	0.3086	benign
P50440	T92N	92	0.2137	benign
P50440	T92P	92	0.6774	pathogenic
P50440	T92Q	92	0.4876	ambiguous
P50440	T92R	92	0.6052	pathogenic
P50440	T92S	92	0.091	benign
P50440	T92V	92	0.6957	pathogenic
P50440	T92W	92	0.897	pathogenic
P50440	T92Y	92	0.7385	pathogenic
P50440	I93A	93	0.134	benign
P50440	I93C	93	0.5822	pathogenic
P50440	I93D	93	0.4307	ambiguous
P50440	I93E	93	0.3561	ambiguous
P50440	I93F	93	0.2792	benign
P50440	I93G	93	0.5135	ambiguous
P50440	I93H	93	0.5113	ambiguous
P50440	I93K	93	0.2999	benign
P50440	I93L	93	0.1443	benign
P50440	I93M	93	0.1086	benign
P50440	I93N	93	0.2046	benign
P50440	I93P	93	0.2587	benign
P50440	I93Q	93	0.3893	ambiguous
P50440	I93R	93	0.2471	benign
P50440	I93S	93	0.169	benign
P50440	I93T	93	0.0703	benign
P50440	I93V	93	0.0479	benign
P50440	I93W	93	0.806	pathogenic
P50440	I93Y	93	0.5672	pathogenic
P50440	E94A	94	0.6551	pathogenic
P50440	E94C	94	0.9706	pathogenic
P50440	E94D	94	0.8818	pathogenic
P50440	E94F	94	0.9981	pathogenic
P50440	E94G	94	0.8735	pathogenic
P50440	E94H	94	0.991	pathogenic
P50440	E94I	94	0.9778	pathogenic
P50440	E94K	94	0.9829	pathogenic
P50440	E94L	94	0.9878	pathogenic
P50440	E94M	94	0.9835	pathogenic
P50440	E94N	94	0.9781	pathogenic
P50440	E94P	94	0.9621	pathogenic
P50440	E94Q	94	0.8718	pathogenic
P50440	E94R	94	0.9854	pathogenic
P50440	E94S	94	0.8647	pathogenic
P50440	E94T	94	0.9373	pathogenic
P50440	E94V	94	0.9397	pathogenic
P50440	E94W	94	0.9994	pathogenic
P50440	E94Y	94	0.9955	pathogenic
P50440	V95A	95	0.8246	pathogenic
P50440	V95C	95	0.9403	pathogenic
P50440	V95D	95	0.9791	pathogenic
P50440	V95E	95	0.9616	pathogenic
P50440	V95F	95	0.8405	pathogenic
P50440	V95G	95	0.6877	pathogenic
P50440	V95H	95	0.9916	pathogenic
P50440	V95I	95	0.1908	benign
P50440	V95K	95	0.9834	pathogenic
P50440	V95L	95	0.7887	pathogenic
P50440	V95M	95	0.6645	pathogenic
P50440	V95N	95	0.8824	pathogenic
P50440	V95P	95	0.9946	pathogenic
P50440	V95Q	95	0.9661	pathogenic
P50440	V95R	95	0.979	pathogenic
P50440	V95S	95	0.8775	pathogenic
P50440	V95T	95	0.679	pathogenic
P50440	V95W	95	0.9958	pathogenic
P50440	V95Y	95	0.9714	pathogenic
P50440	K96A	96	0.7597	pathogenic
P50440	K96C	96	0.9121	pathogenic
P50440	K96D	96	0.983	pathogenic
P50440	K96E	96	0.4624	ambiguous
P50440	K96F	96	0.9647	pathogenic
P50440	K96G	96	0.9066	pathogenic
P50440	K96H	96	0.7978	pathogenic
P50440	K96I	96	0.785	pathogenic
P50440	K96L	96	0.7498	pathogenic
P50440	K96M	96	0.4998	ambiguous
P50440	K96N	96	0.9535	pathogenic
P50440	K96P	96	0.9873	pathogenic
P50440	K96Q	96	0.2171	benign
P50440	K96R	96	0.1215	benign
P50440	K96S	96	0.9029	pathogenic
P50440	K96T	96	0.6702	pathogenic
P50440	K96V	96	0.7682	pathogenic
P50440	K96W	96	0.9554	pathogenic
P50440	K96Y	96	0.9312	pathogenic
P50440	A97C	97	0.796	pathogenic
P50440	A97D	97	0.9758	pathogenic
P50440	A97E	97	0.9445	pathogenic
P50440	A97F	97	0.9376	pathogenic
P50440	A97G	97	0.4722	ambiguous
P50440	A97H	97	0.9548	pathogenic
P50440	A97I	97	0.9115	pathogenic
P50440	A97K	97	0.9831	pathogenic
P50440	A97L	97	0.8454	pathogenic
P50440	A97M	97	0.8765	pathogenic
P50440	A97N	97	0.9033	pathogenic
P50440	A97P	97	0.9424	pathogenic
P50440	A97Q	97	0.9168	pathogenic
P50440	A97R	97	0.9529	pathogenic
P50440	A97S	97	0.2804	benign
P50440	A97T	97	0.6331	pathogenic
P50440	A97V	97	0.6916	pathogenic
P50440	A97W	97	0.9816	pathogenic
P50440	A97Y	97	0.9366	pathogenic
P50440	N98A	98	0.5749	pathogenic
P50440	N98C	98	0.3691	ambiguous
P50440	N98D	98	0.8259	pathogenic
P50440	N98E	98	0.97	pathogenic
P50440	N98F	98	0.9472	pathogenic
P50440	N98G	98	0.7193	pathogenic
P50440	N98H	98	0.6788	pathogenic
P50440	N98I	98	0.5921	pathogenic
P50440	N98K	98	0.9688	pathogenic
P50440	N98L	98	0.6668	pathogenic
P50440	N98M	98	0.7524	pathogenic
P50440	N98P	98	0.9012	pathogenic
P50440	N98Q	98	0.9332	pathogenic
P50440	N98R	98	0.9556	pathogenic
P50440	N98S	98	0.2082	benign
P50440	N98T	98	0.2597	benign
P50440	N98V	98	0.4187	ambiguous
P50440	N98W	98	0.9875	pathogenic
P50440	N98Y	98	0.7824	pathogenic
P50440	T99A	99	0.3087	benign
P50440	T99C	99	0.6033	pathogenic
P50440	T99D	99	0.9789	pathogenic
P50440	T99E	99	0.9736	pathogenic
P50440	T99F	99	0.9503	pathogenic
P50440	T99G	99	0.7203	pathogenic
P50440	T99H	99	0.9208	pathogenic
P50440	T99I	99	0.6267	pathogenic
P50440	T99K	99	0.9535	pathogenic
P50440	T99L	99	0.5577	ambiguous
P50440	T99M	99	0.4224	ambiguous
P50440	T99N	99	0.7397	pathogenic
P50440	T99P	99	0.8857	pathogenic
P50440	T99Q	99	0.9138	pathogenic
P50440	T99R	99	0.9163	pathogenic
P50440	T99S	99	0.4091	ambiguous
P50440	T99V	99	0.4289	ambiguous
P50440	T99W	99	0.9886	pathogenic
P50440	T99Y	99	0.957	pathogenic
P50440	Y100A	100	0.416	ambiguous
P50440	Y100C	100	0.1939	benign
P50440	Y100D	100	0.3668	ambiguous
P50440	Y100E	100	0.7423	pathogenic
P50440	Y100F	100	0.1548	benign
P50440	Y100G	100	0.424	ambiguous
P50440	Y100H	100	0.2348	benign
P50440	Y100I	100	0.6665	pathogenic
P50440	Y100K	100	0.723	pathogenic
P50440	Y100L	100	0.5325	ambiguous
P50440	Y100M	100	0.6804	pathogenic
P50440	Y100N	100	0.156	benign
P50440	Y100P	100	0.5543	ambiguous
P50440	Y100Q	100	0.5967	pathogenic
P50440	Y100R	100	0.5507	ambiguous
P50440	Y100S	100	0.1607	benign
P50440	Y100T	100	0.3992	ambiguous
P50440	Y100V	100	0.4677	ambiguous
P50440	Y100W	100	0.4792	ambiguous
P50440	E101A	101	0.2219	benign
P50440	E101C	101	0.8983	pathogenic
P50440	E101D	101	0.3576	ambiguous
P50440	E101F	101	0.9237	pathogenic
P50440	E101G	101	0.2753	benign
P50440	E101H	101	0.5463	ambiguous
P50440	E101I	101	0.6002	pathogenic
P50440	E101K	101	0.1527	benign
P50440	E101L	101	0.641	pathogenic
P50440	E101M	101	0.6668	pathogenic
P50440	E101N	101	0.5503	ambiguous
P50440	E101P	101	0.489	ambiguous
P50440	E101Q	101	0.1333	benign
P50440	E101R	101	0.2598	benign
P50440	E101S	101	0.3286	benign
P50440	E101T	101	0.414	ambiguous
P50440	E101V	101	0.4037	ambiguous
P50440	E101W	101	0.9542	pathogenic
P50440	E101Y	101	0.8154	pathogenic
P50440	K102A	102	0.3694	ambiguous
P50440	K102C	102	0.6979	pathogenic
P50440	K102D	102	0.4897	ambiguous
P50440	K102E	102	0.1957	benign
P50440	K102F	102	0.846	pathogenic
P50440	K102G	102	0.5503	ambiguous
P50440	K102H	102	0.3609	ambiguous
P50440	K102I	102	0.3767	ambiguous
P50440	K102L	102	0.4173	ambiguous
P50440	K102M	102	0.2751	benign
P50440	K102N	102	0.3432	ambiguous
P50440	K102P	102	0.6696	pathogenic
P50440	K102Q	102	0.1596	benign
P50440	K102R	102	0.0958	benign
P50440	K102S	102	0.4304	ambiguous
P50440	K102T	102	0.1539	benign
P50440	K102V	102	0.374	ambiguous
P50440	K102W	102	0.8456	pathogenic
P50440	K102Y	102	0.6379	pathogenic
P50440	Y103A	103	0.5848	pathogenic
P50440	Y103C	103	0.2128	benign
P50440	Y103D	103	0.4631	ambiguous
P50440	Y103E	103	0.7564	pathogenic
P50440	Y103F	103	0.1254	benign
P50440	Y103G	103	0.5652	pathogenic
P50440	Y103H	103	0.1625	benign
P50440	Y103I	103	0.6782	pathogenic
P50440	Y103K	103	0.7734	pathogenic
P50440	Y103L	103	0.5733	pathogenic
P50440	Y103M	103	0.6651	pathogenic
P50440	Y103N	103	0.108	benign
P50440	Y103P	103	0.9626	pathogenic
P50440	Y103Q	103	0.5715	pathogenic
P50440	Y103R	103	0.6621	pathogenic
P50440	Y103S	103	0.2771	benign
P50440	Y103T	103	0.5642	pathogenic
P50440	Y103V	103	0.5675	pathogenic
P50440	Y103W	103	0.4385	ambiguous
P50440	W104A	104	0.9341	pathogenic
P50440	W104C	104	0.981	pathogenic
P50440	W104D	104	0.9888	pathogenic
P50440	W104E	104	0.983	pathogenic
P50440	W104F	104	0.5817	pathogenic
P50440	W104G	104	0.8327	pathogenic
P50440	W104H	104	0.9191	pathogenic
P50440	W104I	104	0.9038	pathogenic
P50440	W104K	104	0.9788	pathogenic
P50440	W104L	104	0.7555	pathogenic
P50440	W104M	104	0.9335	pathogenic
P50440	W104N	104	0.9809	pathogenic
P50440	W104P	104	0.9971	pathogenic
P50440	W104Q	104	0.9691	pathogenic
P50440	W104R	104	0.9657	pathogenic
P50440	W104S	104	0.8755	pathogenic
P50440	W104T	104	0.9572	pathogenic
P50440	W104V	104	0.9207	pathogenic
P50440	W104Y	104	0.7418	pathogenic
P50440	P105A	105	0.0707	benign
P50440	P105C	105	0.2916	benign
P50440	P105D	105	0.1156	benign
P50440	P105E	105	0.1393	benign
P50440	P105F	105	0.3874	ambiguous
P50440	P105G	105	0.1356	benign
P50440	P105H	105	0.1081	benign
P50440	P105I	105	0.2553	benign
P50440	P105K	105	0.156	benign
P50440	P105L	105	0.1236	benign
P50440	P105M	105	0.2487	benign
P50440	P105N	105	0.1243	benign
P50440	P105Q	105	0.1231	benign
P50440	P105R	105	0.1443	benign
P50440	P105S	105	0.0837	benign
P50440	P105T	105	0.084	benign
P50440	P105V	105	0.177	benign
P50440	P105W	105	0.4355	ambiguous
P50440	P105Y	105	0.2404	benign
P50440	F106A	106	0.9218	pathogenic
P50440	F106C	106	0.8285	pathogenic
P50440	F106D	106	0.9666	pathogenic
P50440	F106E	106	0.9727	pathogenic
P50440	F106G	106	0.9716	pathogenic
P50440	F106H	106	0.8579	pathogenic
P50440	F106I	106	0.5635	ambiguous
P50440	F106K	106	0.969	pathogenic
P50440	F106L	106	0.9386	pathogenic
P50440	F106M	106	0.7964	pathogenic
P50440	F106N	106	0.9402	pathogenic
P50440	F106P	106	0.9957	pathogenic
P50440	F106Q	106	0.9572	pathogenic
P50440	F106R	106	0.9345	pathogenic
P50440	F106S	106	0.9055	pathogenic
P50440	F106T	106	0.9023	pathogenic
P50440	F106V	106	0.5419	ambiguous
P50440	F106W	106	0.6229	pathogenic
P50440	F106Y	106	0.2343	benign
P50440	Y107A	107	0.9776	pathogenic
P50440	Y107C	107	0.707	pathogenic
P50440	Y107D	107	0.9829	pathogenic
P50440	Y107E	107	0.9938	pathogenic
P50440	Y107F	107	0.0923	benign
P50440	Y107G	107	0.9631	pathogenic
P50440	Y107H	107	0.8568	pathogenic
P50440	Y107I	107	0.897	pathogenic
P50440	Y107K	107	0.9924	pathogenic
P50440	Y107L	107	0.7473	pathogenic
P50440	Y107M	107	0.9156	pathogenic
P50440	Y107N	107	0.9454	pathogenic
P50440	Y107P	107	0.9919	pathogenic
P50440	Y107Q	107	0.9819	pathogenic
P50440	Y107R	107	0.9758	pathogenic
P50440	Y107S	107	0.9298	pathogenic
P50440	Y107T	107	0.9782	pathogenic
P50440	Y107V	107	0.8856	pathogenic
P50440	Y107W	107	0.67	pathogenic
P50440	Q108A	108	0.2303	benign
P50440	Q108C	108	0.4926	ambiguous
P50440	Q108D	108	0.4229	ambiguous
P50440	Q108E	108	0.0647	benign
P50440	Q108F	108	0.7133	pathogenic
P50440	Q108G	108	0.2901	benign
P50440	Q108H	108	0.2404	benign
P50440	Q108I	108	0.3152	benign
P50440	Q108K	108	0.0718	benign
P50440	Q108L	108	0.1171	benign
P50440	Q108M	108	0.3043	benign
P50440	Q108N	108	0.3454	ambiguous
P50440	Q108P	108	0.6577	pathogenic
P50440	Q108R	108	0.0761	benign
P50440	Q108S	108	0.2926	benign
P50440	Q108T	108	0.2089	benign
P50440	Q108V	108	0.2089	benign
P50440	Q108W	108	0.5187	ambiguous
P50440	Q108Y	108	0.4428	ambiguous
P50440	K109A	109	0.1349	benign
P50440	K109C	109	0.3782	ambiguous
P50440	K109D	109	0.2287	benign
P50440	K109E	109	0.0706	benign
P50440	K109F	109	0.4596	ambiguous
P50440	K109G	109	0.2165	benign
P50440	K109H	109	0.1562	benign
P50440	K109I	109	0.1532	benign
P50440	K109L	109	0.1419	benign
P50440	K109M	109	0.1067	benign
P50440	K109N	109	0.1445	benign
P50440	K109P	109	0.7823	pathogenic
P50440	K109Q	109	0.0639	benign
P50440	K109R	109	0.0721	benign
P50440	K109S	109	0.1349	benign
P50440	K109T	109	0.0757	benign
P50440	K109V	109	0.1574	benign
P50440	K109W	109	0.545	ambiguous
P50440	K109Y	109	0.3158	benign
P50440	Q110A	110	0.1354	benign
P50440	Q110C	110	0.1777	benign
P50440	Q110D	110	0.1687	benign
P50440	Q110E	110	0.0628	benign
P50440	Q110F	110	0.1656	benign
P50440	Q110G	110	0.1743	benign
P50440	Q110H	110	0.0618	benign
P50440	Q110I	110	0.1905	benign
P50440	Q110K	110	0.0881	benign
P50440	Q110L	110	0.0804	benign
P50440	Q110M	110	0.1655	benign
P50440	Q110N	110	0.0741	benign
P50440	Q110P	110	0.5314	ambiguous
P50440	Q110R	110	0.0745	benign
P50440	Q110S	110	0.1241	benign
P50440	Q110T	110	0.1358	benign
P50440	Q110V	110	0.132	benign
P50440	Q110W	110	0.1716	benign
P50440	Q110Y	110	0.0695	benign
P50440	G111A	111	0.1418	benign
P50440	G111C	111	0.5638	ambiguous
P50440	G111D	111	0.8441	pathogenic
P50440	G111E	111	0.7514	pathogenic
P50440	G111F	111	0.9659	pathogenic
P50440	G111H	111	0.8636	pathogenic
P50440	G111I	111	0.8726	pathogenic
P50440	G111K	111	0.8726	pathogenic
P50440	G111L	111	0.9227	pathogenic
P50440	G111M	111	0.9095	pathogenic
P50440	G111N	111	0.7981	pathogenic
P50440	G111P	111	0.9728	pathogenic
P50440	G111Q	111	0.7425	pathogenic
P50440	G111R	111	0.7618	pathogenic
P50440	G111S	111	0.1837	benign
P50440	G111T	111	0.5682	pathogenic
P50440	G111V	111	0.7526	pathogenic
P50440	G111W	111	0.9121	pathogenic
P50440	G111Y	111	0.8953	pathogenic
P50440	G112A	112	0.6002	pathogenic
P50440	G112C	112	0.6556	pathogenic
P50440	G112D	112	0.7361	pathogenic
P50440	G112E	112	0.7852	pathogenic
P50440	G112F	112	0.9249	pathogenic
P50440	G112H	112	0.8387	pathogenic
P50440	G112I	112	0.9045	pathogenic
P50440	G112K	112	0.8551	pathogenic
P50440	G112L	112	0.911	pathogenic
P50440	G112M	112	0.9256	pathogenic
P50440	G112N	112	0.6616	pathogenic
P50440	G112P	112	0.9809	pathogenic
P50440	G112Q	112	0.7575	pathogenic
P50440	G112R	112	0.7281	pathogenic
P50440	G112S	112	0.3285	benign
P50440	G112T	112	0.711	pathogenic
P50440	G112V	112	0.8709	pathogenic
P50440	G112W	112	0.8751	pathogenic
P50440	G112Y	112	0.8703	pathogenic
P50440	H113A	113	0.0826	benign
P50440	H113C	113	0.0609	benign
P50440	H113D	113	0.092	benign
P50440	H113E	113	0.0917	benign
P50440	H113F	113	0.1636	benign
P50440	H113G	113	0.0871	benign
P50440	H113I	113	0.1112	benign
P50440	H113K	113	0.0674	benign
P50440	H113L	113	0.0629	benign
P50440	H113M	113	0.161	benign
P50440	H113N	113	0.0532	benign
P50440	H113P	113	0.4419	ambiguous
P50440	H113Q	113	0.0621	benign
P50440	H113R	113	0.0509	benign
P50440	H113S	113	0.0677	benign
P50440	H113T	113	0.0662	benign
P50440	H113V	113	0.0909	benign
P50440	H113W	113	0.2634	benign
P50440	H113Y	113	0.0763	benign
P50440	Y114A	114	0.0852	benign
P50440	Y114C	114	0.0564	benign
P50440	Y114D	114	0.0809	benign
P50440	Y114E	114	0.1746	benign
P50440	Y114F	114	0.0854	benign
P50440	Y114G	114	0.1064	benign
P50440	Y114H	114	0.0714	benign
P50440	Y114I	114	0.1336	benign
P50440	Y114K	114	0.1322	benign
P50440	Y114L	114	0.1492	benign
P50440	Y114M	114	0.2485	benign
P50440	Y114N	114	0.0641	benign
P50440	Y114P	114	0.096	benign
P50440	Y114Q	114	0.1256	benign
P50440	Y114R	114	0.0832	benign
P50440	Y114S	114	0.0508	benign
P50440	Y114T	114	0.0843	benign
P50440	Y114V	114	0.1073	benign
P50440	Y114W	114	0.267	benign
P50440	F115A	115	0.987	pathogenic
P50440	F115C	115	0.9697	pathogenic
P50440	F115D	115	0.9969	pathogenic
P50440	F115E	115	0.9971	pathogenic
P50440	F115G	115	0.9924	pathogenic
P50440	F115H	115	0.9512	pathogenic
P50440	F115I	115	0.8345	pathogenic
P50440	F115K	115	0.9952	pathogenic
P50440	F115L	115	0.9841	pathogenic
P50440	F115M	115	0.9441	pathogenic
P50440	F115N	115	0.9906	pathogenic
P50440	F115P	115	0.9968	pathogenic
P50440	F115Q	115	0.9905	pathogenic
P50440	F115R	115	0.9873	pathogenic
P50440	F115S	115	0.9818	pathogenic
P50440	F115T	115	0.9894	pathogenic
P50440	F115V	115	0.8869	pathogenic
P50440	F115W	115	0.7126	pathogenic
P50440	F115Y	115	0.434	ambiguous
P50440	P116A	116	0.3576	ambiguous
P50440	P116C	116	0.8363	pathogenic
P50440	P116D	116	0.6464	pathogenic
P50440	P116E	116	0.6096	pathogenic
P50440	P116F	116	0.9584	pathogenic
P50440	P116G	116	0.6486	pathogenic
P50440	P116H	116	0.5048	ambiguous
P50440	P116I	116	0.898	pathogenic
P50440	P116K	116	0.706	pathogenic
P50440	P116L	116	0.5858	pathogenic
P50440	P116M	116	0.8368	pathogenic
P50440	P116N	116	0.6566	pathogenic
P50440	P116Q	116	0.4747	ambiguous
P50440	P116R	116	0.5837	pathogenic
P50440	P116S	116	0.3216	benign
P50440	P116T	116	0.4186	ambiguous
P50440	P116V	116	0.7953	pathogenic
P50440	P116W	116	0.9362	pathogenic
P50440	P116Y	116	0.9038	pathogenic
P50440	K117A	117	0.0927	benign
P50440	K117C	117	0.3908	ambiguous
P50440	K117D	117	0.1581	benign
P50440	K117E	117	0.0655	benign
P50440	K117F	117	0.4385	ambiguous
P50440	K117G	117	0.1606	benign
P50440	K117H	117	0.1889	benign
P50440	K117I	117	0.1456	benign
P50440	K117L	117	0.1453	benign
P50440	K117M	117	0.1219	benign
P50440	K117N	117	0.1504	benign
P50440	K117P	117	0.1443	benign
P50440	K117Q	117	0.0907	benign
P50440	K117R	117	0.0748	benign
P50440	K117S	117	0.1266	benign
P50440	K117T	117	0.0842	benign
P50440	K117V	117	0.1167	benign
P50440	K117W	117	0.5248	ambiguous
P50440	K117Y	117	0.3402	ambiguous
P50440	D118A	118	0.0767	benign
P50440	D118C	118	0.2978	benign
P50440	D118E	118	0.0681	benign
P50440	D118F	118	0.3208	benign
P50440	D118G	118	0.0985	benign
P50440	D118H	118	0.1182	benign
P50440	D118I	118	0.133	benign
P50440	D118K	118	0.1359	benign
P50440	D118L	118	0.1649	benign
P50440	D118M	118	0.2971	benign
P50440	D118N	118	0.0795	benign
P50440	D118P	118	0.2407	benign
P50440	D118Q	118	0.1274	benign
P50440	D118R	118	0.1667	benign
P50440	D118S	118	0.0863	benign
P50440	D118T	118	0.1193	benign
P50440	D118V	118	0.0816	benign
P50440	D118W	118	0.6135	pathogenic
P50440	D118Y	118	0.1124	benign
P50440	H119A	119	0.7294	pathogenic
P50440	H119C	119	0.4	ambiguous
P50440	H119D	119	0.6779	pathogenic
P50440	H119E	119	0.7593	pathogenic
P50440	H119F	119	0.5412	ambiguous
P50440	H119G	119	0.8615	pathogenic
P50440	H119I	119	0.3711	ambiguous
P50440	H119K	119	0.7312	pathogenic
P50440	H119L	119	0.2385	benign
P50440	H119M	119	0.6887	pathogenic
P50440	H119N	119	0.3533	ambiguous
P50440	H119P	119	0.6733	pathogenic
P50440	H119Q	119	0.5861	pathogenic
P50440	H119R	119	0.463	ambiguous
P50440	H119S	119	0.6688	pathogenic
P50440	H119T	119	0.6513	pathogenic
P50440	H119V	119	0.4217	ambiguous
P50440	H119W	119	0.7232	pathogenic
P50440	H119Y	119	0.227	benign
P50440	L120A	120	0.4449	ambiguous
P50440	L120C	120	0.4931	ambiguous
P50440	L120D	120	0.9284	pathogenic
P50440	L120E	120	0.605	pathogenic
P50440	L120F	120	0.3296	benign
P50440	L120G	120	0.7109	pathogenic
P50440	L120H	120	0.5103	ambiguous
P50440	L120I	120	0.0792	benign
P50440	L120K	120	0.4483	ambiguous
P50440	L120M	120	0.1234	benign
P50440	L120N	120	0.6446	pathogenic
P50440	L120P	120	0.9402	pathogenic
P50440	L120Q	120	0.2948	benign
P50440	L120R	120	0.3504	ambiguous
P50440	L120S	120	0.5469	ambiguous
P50440	L120T	120	0.2671	benign
P50440	L120V	120	0.0683	benign
P50440	L120W	120	0.5032	ambiguous
P50440	L120Y	120	0.5556	ambiguous
P50440	K121A	121	0.1441	benign
P50440	K121C	121	0.3653	ambiguous
P50440	K121D	121	0.2139	benign
P50440	K121E	121	0.0724	benign
P50440	K121F	121	0.5327	ambiguous
P50440	K121G	121	0.2154	benign
P50440	K121H	121	0.1842	benign
P50440	K121I	121	0.1721	benign
P50440	K121L	121	0.1486	benign
P50440	K121M	121	0.1209	benign
P50440	K121N	121	0.1716	benign
P50440	K121P	121	0.6751	pathogenic
P50440	K121Q	121	0.0732	benign
P50440	K121R	121	0.0692	benign
P50440	K121S	121	0.1832	benign
P50440	K121T	121	0.1017	benign
P50440	K121V	121	0.1535	benign
P50440	K121W	121	0.5232	ambiguous
P50440	K121Y	121	0.3886	ambiguous
P50440	K122A	122	0.2269	benign
P50440	K122C	122	0.5425	ambiguous
P50440	K122D	122	0.5797	pathogenic
P50440	K122E	122	0.1763	benign
P50440	K122F	122	0.7055	pathogenic
P50440	K122G	122	0.4355	ambiguous
P50440	K122H	122	0.3246	benign
P50440	K122I	122	0.2303	benign
P50440	K122L	122	0.1932	benign
P50440	K122M	122	0.1407	benign
P50440	K122N	122	0.3305	benign
P50440	K122P	122	0.8699	pathogenic
P50440	K122Q	122	0.1244	benign
P50440	K122R	122	0.0848	benign
P50440	K122S	122	0.3903	ambiguous
P50440	K122T	122	0.1728	benign
P50440	K122V	122	0.2284	benign
P50440	K122W	122	0.7341	pathogenic
P50440	K122Y	122	0.5638	ambiguous
P50440	A123C	123	0.7542	pathogenic
P50440	A123D	123	0.993	pathogenic
P50440	A123E	123	0.9855	pathogenic
P50440	A123F	123	0.9788	pathogenic
P50440	A123G	123	0.4492	ambiguous
P50440	A123H	123	0.9924	pathogenic
P50440	A123I	123	0.8954	pathogenic
P50440	A123K	123	0.9969	pathogenic
P50440	A123L	123	0.7431	pathogenic
P50440	A123M	123	0.8293	pathogenic
P50440	A123N	123	0.9765	pathogenic
P50440	A123P	123	0.9925	pathogenic
P50440	A123Q	123	0.9712	pathogenic
P50440	A123R	123	0.99	pathogenic
P50440	A123S	123	0.3709	ambiguous
P50440	A123T	123	0.4872	ambiguous
P50440	A123V	123	0.6041	pathogenic
P50440	A123W	123	0.9973	pathogenic
P50440	A123Y	123	0.9915	pathogenic
P50440	V124A	124	0.1362	benign
P50440	V124C	124	0.6264	pathogenic
P50440	V124D	124	0.3928	ambiguous
P50440	V124E	124	0.2258	benign
P50440	V124F	124	0.1896	benign
P50440	V124G	124	0.2441	benign
P50440	V124H	124	0.5125	ambiguous
P50440	V124I	124	0.0665	benign
P50440	V124K	124	0.3152	benign
P50440	V124L	124	0.1784	benign
P50440	V124M	124	0.1254	benign
P50440	V124N	124	0.2243	benign
P50440	V124P	124	0.9378	pathogenic
P50440	V124Q	124	0.284	benign
P50440	V124R	124	0.3013	benign
P50440	V124S	124	0.1837	benign
P50440	V124T	124	0.1248	benign
P50440	V124W	124	0.8405	pathogenic
P50440	V124Y	124	0.5378	ambiguous
P50440	A125C	125	0.2755	benign
P50440	A125D	125	0.142	benign
P50440	A125E	125	0.1083	benign
P50440	A125F	125	0.1964	benign
P50440	A125G	125	0.1377	benign
P50440	A125H	125	0.2473	benign
P50440	A125I	125	0.1507	benign
P50440	A125K	125	0.1947	benign
P50440	A125L	125	0.0978	benign
P50440	A125M	125	0.126	benign
P50440	A125N	125	0.1496	benign
P50440	A125P	125	0.8131	pathogenic
P50440	A125Q	125	0.155	benign
P50440	A125R	125	0.1697	benign
P50440	A125S	125	0.084	benign
P50440	A125T	125	0.073	benign
P50440	A125V	125	0.1008	benign
P50440	A125W	125	0.4283	ambiguous
P50440	A125Y	125	0.2393	benign
P50440	E126A	126	0.8461	pathogenic
P50440	E126C	126	0.9915	pathogenic
P50440	E126D	126	0.5678	pathogenic
P50440	E126F	126	0.9995	pathogenic
P50440	E126G	126	0.8664	pathogenic
P50440	E126H	126	0.9892	pathogenic
P50440	E126I	126	0.9957	pathogenic
P50440	E126K	126	0.9516	pathogenic
P50440	E126L	126	0.9923	pathogenic
P50440	E126M	126	0.9881	pathogenic
P50440	E126N	126	0.9161	pathogenic
P50440	E126P	126	0.9993	pathogenic
P50440	E126Q	126	0.619	pathogenic
P50440	E126R	126	0.9774	pathogenic
P50440	E126S	126	0.8806	pathogenic
P50440	E126T	126	0.9803	pathogenic
P50440	E126V	126	0.9824	pathogenic
P50440	E126W	126	0.9998	pathogenic
P50440	E126Y	126	0.998	pathogenic
P50440	I127A	127	0.7687	pathogenic
P50440	I127C	127	0.9462	pathogenic
P50440	I127D	127	0.9936	pathogenic
P50440	I127E	127	0.9739	pathogenic
P50440	I127F	127	0.8488	pathogenic
P50440	I127G	127	0.9713	pathogenic
P50440	I127H	127	0.9909	pathogenic
P50440	I127K	127	0.9717	pathogenic
P50440	I127L	127	0.3092	benign
P50440	I127M	127	0.2045	benign
P50440	I127N	127	0.9084	pathogenic
P50440	I127P	127	0.9957	pathogenic
P50440	I127Q	127	0.9669	pathogenic
P50440	I127R	127	0.9668	pathogenic
P50440	I127S	127	0.8735	pathogenic
P50440	I127T	127	0.4897	ambiguous
P50440	I127V	127	0.105	benign
P50440	I127W	127	0.9938	pathogenic
P50440	I127Y	127	0.9806	pathogenic
P50440	E128A	128	0.342	ambiguous
P50440	E128C	128	0.9102	pathogenic
P50440	E128D	128	0.1859	benign
P50440	E128F	128	0.9385	pathogenic
P50440	E128G	128	0.3194	benign
P50440	E128H	128	0.62	pathogenic
P50440	E128I	128	0.7574	pathogenic
P50440	E128K	128	0.3312	benign
P50440	E128L	128	0.6814	pathogenic
P50440	E128M	128	0.7455	pathogenic
P50440	E128N	128	0.2804	benign
P50440	E128P	128	0.9892	pathogenic
P50440	E128Q	128	0.2253	benign
P50440	E128R	128	0.4293	ambiguous
P50440	E128S	128	0.3572	ambiguous
P50440	E128T	128	0.4097	ambiguous
P50440	E128V	128	0.5652	pathogenic
P50440	E128W	128	0.9636	pathogenic
P50440	E128Y	128	0.8131	pathogenic
P50440	E129A	129	0.2516	benign
P50440	E129C	129	0.9027	pathogenic
P50440	E129D	129	0.2702	benign
P50440	E129F	129	0.8838	pathogenic
P50440	E129G	129	0.2019	benign
P50440	E129H	129	0.7233	pathogenic
P50440	E129I	129	0.6204	pathogenic
P50440	E129K	129	0.4178	ambiguous
P50440	E129L	129	0.6319	pathogenic
P50440	E129M	129	0.6091	pathogenic
P50440	E129N	129	0.4081	ambiguous
P50440	E129P	129	0.9937	pathogenic
P50440	E129Q	129	0.2678	benign
P50440	E129R	129	0.6073	pathogenic
P50440	E129S	129	0.3803	ambiguous
P50440	E129T	129	0.3552	ambiguous
P50440	E129V	129	0.4097	ambiguous
P50440	E129W	129	0.9691	pathogenic
P50440	E129Y	129	0.7423	pathogenic
P50440	M130A	130	0.8429	pathogenic
P50440	M130C	130	0.8132	pathogenic
P50440	M130D	130	0.9974	pathogenic
P50440	M130E	130	0.9881	pathogenic
P50440	M130F	130	0.3237	benign
P50440	M130G	130	0.9612	pathogenic
P50440	M130H	130	0.9671	pathogenic
P50440	M130I	130	0.7329	pathogenic
P50440	M130K	130	0.9598	pathogenic
P50440	M130L	130	0.2163	benign
P50440	M130N	130	0.9652	pathogenic
P50440	M130P	130	0.9985	pathogenic
P50440	M130Q	130	0.9205	pathogenic
P50440	M130R	130	0.9643	pathogenic
P50440	M130S	130	0.9419	pathogenic
P50440	M130T	130	0.7938	pathogenic
P50440	M130V	130	0.2923	benign
P50440	M130W	130	0.9492	pathogenic
P50440	M130Y	130	0.8459	pathogenic
P50440	C131A	131	0.4859	ambiguous
P50440	C131D	131	0.9545	pathogenic
P50440	C131E	131	0.9211	pathogenic
P50440	C131F	131	0.8994	pathogenic
P50440	C131G	131	0.4248	ambiguous
P50440	C131H	131	0.9314	pathogenic
P50440	C131I	131	0.69	pathogenic
P50440	C131K	131	0.9555	pathogenic
P50440	C131L	131	0.8915	pathogenic
P50440	C131M	131	0.8896	pathogenic
P50440	C131N	131	0.8683	pathogenic
P50440	C131P	131	0.9978	pathogenic
P50440	C131Q	131	0.8486	pathogenic
P50440	C131R	131	0.812	pathogenic
P50440	C131S	131	0.4172	ambiguous
P50440	C131T	131	0.5384	ambiguous
P50440	C131V	131	0.4698	ambiguous
P50440	C131W	131	0.9549	pathogenic
P50440	C131Y	131	0.9046	pathogenic
P50440	N132A	132	0.1399	benign
P50440	N132C	132	0.1368	benign
P50440	N132D	132	0.0984	benign
P50440	N132E	132	0.19	benign
P50440	N132F	132	0.2906	benign
P50440	N132G	132	0.2013	benign
P50440	N132H	132	0.0654	benign
P50440	N132I	132	0.153	benign
P50440	N132K	132	0.1656	benign
P50440	N132L	132	0.1519	benign
P50440	N132M	132	0.2256	benign
P50440	N132P	132	0.9542	pathogenic
P50440	N132Q	132	0.1742	benign
P50440	N132R	132	0.1502	benign
P50440	N132S	132	0.0743	benign
P50440	N132T	132	0.0971	benign
P50440	N132V	132	0.1492	benign
P50440	N132W	132	0.5459	ambiguous
P50440	N132Y	132	0.1064	benign
P50440	I133A	133	0.5729	pathogenic
P50440	I133C	133	0.6884	pathogenic
P50440	I133D	133	0.9036	pathogenic
P50440	I133E	133	0.8122	pathogenic
P50440	I133F	133	0.2914	benign
P50440	I133G	133	0.8629	pathogenic
P50440	I133H	133	0.6654	pathogenic
P50440	I133K	133	0.574	pathogenic
P50440	I133L	133	0.1534	benign
P50440	I133M	133	0.1863	benign
P50440	I133N	133	0.5418	ambiguous
P50440	I133P	133	0.9902	pathogenic
P50440	I133Q	133	0.7015	pathogenic
P50440	I133R	133	0.476	ambiguous
P50440	I133S	133	0.5794	pathogenic
P50440	I133T	133	0.321	benign
P50440	I133V	133	0.0754	benign
P50440	I133W	133	0.8761	pathogenic
P50440	I133Y	133	0.6621	pathogenic
P50440	L134A	134	0.9776	pathogenic
P50440	L134C	134	0.9189	pathogenic
P50440	L134D	134	0.9998	pathogenic
P50440	L134E	134	0.9978	pathogenic
P50440	L134F	134	0.4464	ambiguous
P50440	L134G	134	0.9959	pathogenic
P50440	L134H	134	0.9924	pathogenic
P50440	L134I	134	0.4838	ambiguous
P50440	L134K	134	0.9965	pathogenic
P50440	L134M	134	0.3614	ambiguous
P50440	L134N	134	0.9986	pathogenic
P50440	L134P	134	0.9979	pathogenic
P50440	L134Q	134	0.9879	pathogenic
P50440	L134R	134	0.9896	pathogenic
P50440	L134S	134	0.9963	pathogenic
P50440	L134T	134	0.9873	pathogenic
P50440	L134V	134	0.6565	pathogenic
P50440	L134W	134	0.9329	pathogenic
P50440	L134Y	134	0.9584	pathogenic
P50440	K135A	135	0.1663	benign
P50440	K135C	135	0.3446	ambiguous
P50440	K135D	135	0.3658	ambiguous
P50440	K135E	135	0.0705	benign
P50440	K135F	135	0.4633	ambiguous
P50440	K135G	135	0.2488	benign
P50440	K135H	135	0.1614	benign
P50440	K135I	135	0.1336	benign
P50440	K135L	135	0.1474	benign
P50440	K135M	135	0.1089	benign
P50440	K135N	135	0.2094	benign
P50440	K135P	135	0.906	pathogenic
P50440	K135Q	135	0.0701	benign
P50440	K135R	135	0.0638	benign
P50440	K135S	135	0.1994	benign
P50440	K135T	135	0.0855	benign
P50440	K135V	135	0.1396	benign
P50440	K135W	135	0.5079	ambiguous
P50440	K135Y	135	0.355	ambiguous
P50440	T136A	136	0.0607	benign
P50440	T136C	136	0.1717	benign
P50440	T136D	136	0.1586	benign
P50440	T136E	136	0.1059	benign
P50440	T136F	136	0.1204	benign
P50440	T136G	136	0.1025	benign
P50440	T136H	136	0.0917	benign
P50440	T136I	136	0.1093	benign
P50440	T136K	136	0.0728	benign
P50440	T136L	136	0.0524	benign
P50440	T136M	136	0.0498	benign
P50440	T136N	136	0.0745	benign
P50440	T136P	136	0.5831	pathogenic
P50440	T136Q	136	0.0832	benign
P50440	T136R	136	0.0609	benign
P50440	T136S	136	0.076	benign
P50440	T136V	136	0.0871	benign
P50440	T136W	136	0.2489	benign
P50440	T136Y	136	0.127	benign
P50440	E137A	137	0.3562	ambiguous
P50440	E137C	137	0.83	pathogenic
P50440	E137D	137	0.7113	pathogenic
P50440	E137F	137	0.8971	pathogenic
P50440	E137G	137	0.5752	pathogenic
P50440	E137H	137	0.6221	pathogenic
P50440	E137I	137	0.7547	pathogenic
P50440	E137K	137	0.4973	ambiguous
P50440	E137L	137	0.7429	pathogenic
P50440	E137M	137	0.7753	pathogenic
P50440	E137N	137	0.5982	pathogenic
P50440	E137P	137	0.9934	pathogenic
P50440	E137Q	137	0.2731	benign
P50440	E137R	137	0.5913	pathogenic
P50440	E137S	137	0.5547	ambiguous
P50440	E137T	137	0.7036	pathogenic
P50440	E137V	137	0.5517	ambiguous
P50440	E137W	137	0.9715	pathogenic
P50440	E137Y	137	0.7676	pathogenic
P50440	G138A	138	0.5102	ambiguous
P50440	G138C	138	0.5878	pathogenic
P50440	G138D	138	0.3019	benign
P50440	G138E	138	0.5259	ambiguous
P50440	G138F	138	0.9429	pathogenic
P50440	G138H	138	0.649	pathogenic
P50440	G138I	138	0.9264	pathogenic
P50440	G138K	138	0.5843	pathogenic
P50440	G138L	138	0.9278	pathogenic
P50440	G138M	138	0.9025	pathogenic
P50440	G138N	138	0.3551	ambiguous
P50440	G138P	138	0.9947	pathogenic
P50440	G138Q	138	0.5745	pathogenic
P50440	G138R	138	0.557	ambiguous
P50440	G138S	138	0.2677	benign
P50440	G138T	138	0.6935	pathogenic
P50440	G138V	138	0.8635	pathogenic
P50440	G138W	138	0.8961	pathogenic
P50440	G138Y	138	0.8321	pathogenic
P50440	V139A	139	0.8676	pathogenic
P50440	V139C	139	0.9302	pathogenic
P50440	V139D	139	0.9949	pathogenic
P50440	V139E	139	0.9886	pathogenic
P50440	V139F	139	0.8473	pathogenic
P50440	V139G	139	0.9249	pathogenic
P50440	V139H	139	0.9935	pathogenic
P50440	V139I	139	0.0641	benign
P50440	V139K	139	0.9832	pathogenic
P50440	V139L	139	0.7419	pathogenic
P50440	V139M	139	0.6997	pathogenic
P50440	V139N	139	0.9697	pathogenic
P50440	V139P	139	0.9897	pathogenic
P50440	V139Q	139	0.9822	pathogenic
P50440	V139R	139	0.9721	pathogenic
P50440	V139S	139	0.9497	pathogenic
P50440	V139T	139	0.892	pathogenic
P50440	V139W	139	0.9965	pathogenic
P50440	V139Y	139	0.9798	pathogenic
P50440	T140A	140	0.0971	benign
P50440	T140C	140	0.2428	benign
P50440	T140D	140	0.3225	benign
P50440	T140E	140	0.1874	benign
P50440	T140F	140	0.1725	benign
P50440	T140G	140	0.3275	benign
P50440	T140H	140	0.1564	benign
P50440	T140I	140	0.0635	benign
P50440	T140K	140	0.1043	benign
P50440	T140L	140	0.0804	benign
P50440	T140M	140	0.0841	benign
P50440	T140N	140	0.1168	benign
P50440	T140P	140	0.4079	ambiguous
P50440	T140Q	140	0.1511	benign
P50440	T140R	140	0.0943	benign
P50440	T140S	140	0.1267	benign
P50440	T140V	140	0.0671	benign
P50440	T140W	140	0.5	ambiguous
P50440	T140Y	140	0.208	benign
P50440	V141A	141	0.8968	pathogenic
P50440	V141C	141	0.9582	pathogenic
P50440	V141D	141	0.9981	pathogenic
P50440	V141E	141	0.9897	pathogenic
P50440	V141F	141	0.9541	pathogenic
P50440	V141G	141	0.9528	pathogenic
P50440	V141H	141	0.9973	pathogenic
P50440	V141I	141	0.1596	benign
P50440	V141K	141	0.9931	pathogenic
P50440	V141L	141	0.9053	pathogenic
P50440	V141M	141	0.8913	pathogenic
P50440	V141N	141	0.989	pathogenic
P50440	V141P	141	0.9659	pathogenic
P50440	V141Q	141	0.9888	pathogenic
P50440	V141R	141	0.9865	pathogenic
P50440	V141S	141	0.9443	pathogenic
P50440	V141T	141	0.7235	pathogenic
P50440	V141W	141	0.9986	pathogenic
P50440	V141Y	141	0.9947	pathogenic
P50440	R142A	142	0.4032	ambiguous
P50440	R142C	142	0.1081	benign
P50440	R142D	142	0.8341	pathogenic
P50440	R142E	142	0.3628	ambiguous
P50440	R142F	142	0.4821	ambiguous
P50440	R142G	142	0.4567	ambiguous
P50440	R142H	142	0.1073	benign
P50440	R142I	142	0.1387	benign
P50440	R142K	142	0.0746	benign
P50440	R142L	142	0.1801	benign
P50440	R142M	142	0.1862	benign
P50440	R142N	142	0.6163	pathogenic
P50440	R142P	142	0.9544	pathogenic
P50440	R142Q	142	0.083	benign
P50440	R142S	142	0.4781	ambiguous
P50440	R142T	142	0.1547	benign
P50440	R142V	142	0.1602	benign
P50440	R142W	142	0.209	benign
P50440	R142Y	142	0.3778	ambiguous
P50440	R143A	143	0.9866	pathogenic
P50440	R143C	143	0.7136	pathogenic
P50440	R143D	143	0.9958	pathogenic
P50440	R143E	143	0.9459	pathogenic
P50440	R143F	143	0.9711	pathogenic
P50440	R143G	143	0.9779	pathogenic
P50440	R143H	143	0.6011	pathogenic
P50440	R143I	143	0.9175	pathogenic
P50440	R143K	143	0.6844	pathogenic
P50440	R143L	143	0.91	pathogenic
P50440	R143M	143	0.9564	pathogenic
P50440	R143N	143	0.9883	pathogenic
P50440	R143P	143	0.9902	pathogenic
P50440	R143Q	143	0.4966	ambiguous
P50440	R143S	143	0.9886	pathogenic
P50440	R143T	143	0.9744	pathogenic
P50440	R143V	143	0.9423	pathogenic
P50440	R143W	143	0.6962	pathogenic
P50440	R143Y	143	0.8846	pathogenic
P50440	P144A	144	0.7942	pathogenic
P50440	P144C	144	0.9698	pathogenic
P50440	P144D	144	0.9987	pathogenic
P50440	P144E	144	0.9958	pathogenic
P50440	P144F	144	0.9982	pathogenic
P50440	P144G	144	0.9831	pathogenic
P50440	P144H	144	0.9949	pathogenic
P50440	P144I	144	0.9506	pathogenic
P50440	P144K	144	0.9971	pathogenic
P50440	P144L	144	0.9038	pathogenic
P50440	P144M	144	0.9798	pathogenic
P50440	P144N	144	0.9981	pathogenic
P50440	P144Q	144	0.9909	pathogenic
P50440	P144R	144	0.9914	pathogenic
P50440	P144S	144	0.9761	pathogenic
P50440	P144T	144	0.9264	pathogenic
P50440	P144V	144	0.8747	pathogenic
P50440	P144W	144	0.9992	pathogenic
P50440	P144Y	144	0.9989	pathogenic
P50440	D145A	145	0.1296	benign
P50440	D145C	145	0.5055	ambiguous
P50440	D145E	145	0.0999	benign
P50440	D145F	145	0.5568	ambiguous
P50440	D145G	145	0.2152	benign
P50440	D145H	145	0.2493	benign
P50440	D145I	145	0.2405	benign
P50440	D145K	145	0.2508	benign
P50440	D145L	145	0.2619	benign
P50440	D145M	145	0.445	ambiguous
P50440	D145N	145	0.1023	benign
P50440	D145P	145	0.6916	pathogenic
P50440	D145Q	145	0.2137	benign
P50440	D145R	145	0.3333	benign
P50440	D145S	145	0.1121	benign
P50440	D145T	145	0.168	benign
P50440	D145V	145	0.1486	benign
P50440	D145W	145	0.8735	pathogenic
P50440	D145Y	145	0.2327	benign
P50440	P146A	146	0.0674	benign
P50440	P146C	146	0.219	benign
P50440	P146D	146	0.2887	benign
P50440	P146E	146	0.1639	benign
P50440	P146F	146	0.267	benign
P50440	P146G	146	0.2807	benign
P50440	P146H	146	0.1328	benign
P50440	P146I	146	0.1054	benign
P50440	P146K	146	0.16	benign
P50440	P146L	146	0.079	benign
P50440	P146M	146	0.1728	benign
P50440	P146N	146	0.2239	benign
P50440	P146Q	146	0.1263	benign
P50440	P146R	146	0.1101	benign
P50440	P146S	146	0.1158	benign
P50440	P146T	146	0.082	benign
P50440	P146V	146	0.0911	benign
P50440	P146W	146	0.4744	ambiguous
P50440	P146Y	146	0.2876	benign
P50440	I147A	147	0.1623	benign
P50440	I147C	147	0.493	ambiguous
P50440	I147D	147	0.647	pathogenic
P50440	I147E	147	0.4536	ambiguous
P50440	I147F	147	0.1424	benign
P50440	I147G	147	0.4593	ambiguous
P50440	I147H	147	0.4524	ambiguous
P50440	I147K	147	0.2797	benign
P50440	I147L	147	0.0687	benign
P50440	I147M	147	0.0706	benign
P50440	I147N	147	0.2889	benign
P50440	I147P	147	0.6121	pathogenic
P50440	I147Q	147	0.3246	benign
P50440	I147R	147	0.2214	benign
P50440	I147S	147	0.215	benign
P50440	I147T	147	0.101	benign
P50440	I147V	147	0.0526	benign
P50440	I147W	147	0.7022	pathogenic
P50440	I147Y	147	0.4872	ambiguous
P50440	D148A	148	0.2234	benign
P50440	D148C	148	0.5133	ambiguous
P50440	D148E	148	0.2584	benign
P50440	D148F	148	0.688	pathogenic
P50440	D148G	148	0.3628	ambiguous
P50440	D148H	148	0.3048	benign
P50440	D148I	148	0.3668	ambiguous
P50440	D148K	148	0.4369	ambiguous
P50440	D148L	148	0.4323	ambiguous
P50440	D148M	148	0.6521	pathogenic
P50440	D148N	148	0.0881	benign
P50440	D148P	148	0.4463	ambiguous
P50440	D148Q	148	0.3993	ambiguous
P50440	D148R	148	0.4597	ambiguous
P50440	D148S	148	0.1602	benign
P50440	D148T	148	0.3456	ambiguous
P50440	D148V	148	0.2238	benign
P50440	D148W	148	0.9123	pathogenic
P50440	D148Y	148	0.2484	benign
P50440	W149A	149	0.7894	pathogenic
P50440	W149C	149	0.6911	pathogenic
P50440	W149D	149	0.9537	pathogenic
P50440	W149E	149	0.9605	pathogenic
P50440	W149F	149	0.2133	benign
P50440	W149G	149	0.4704	ambiguous
P50440	W149H	149	0.6683	pathogenic
P50440	W149I	149	0.8628	pathogenic
P50440	W149K	149	0.9803	pathogenic
P50440	W149L	149	0.6802	pathogenic
P50440	W149M	149	0.8129	pathogenic
P50440	W149N	149	0.8135	pathogenic
P50440	W149P	149	0.9542	pathogenic
P50440	W149Q	149	0.9291	pathogenic
P50440	W149R	149	0.9516	pathogenic
P50440	W149S	149	0.5983	pathogenic
P50440	W149T	149	0.7647	pathogenic
P50440	W149V	149	0.8143	pathogenic
P50440	W149Y	149	0.4445	ambiguous
P50440	S150A	150	0.0921	benign
P50440	S150C	150	0.1115	benign
P50440	S150D	150	0.3196	benign
P50440	S150E	150	0.3281	benign
P50440	S150F	150	0.2436	benign
P50440	S150G	150	0.082	benign
P50440	S150H	150	0.2124	benign
P50440	S150I	150	0.2651	benign
P50440	S150K	150	0.2986	benign
P50440	S150L	150	0.1288	benign
P50440	S150M	150	0.2263	benign
P50440	S150N	150	0.1192	benign
P50440	S150P	150	0.4493	ambiguous
P50440	S150Q	150	0.2851	benign
P50440	S150R	150	0.2642	benign
P50440	S150T	150	0.0987	benign
P50440	S150V	150	0.2538	benign
P50440	S150W	150	0.3546	ambiguous
P50440	S150Y	150	0.1733	benign
P50440	L151A	151	0.0833	benign
P50440	L151C	151	0.169	benign
P50440	L151D	151	0.2416	benign
P50440	L151E	151	0.0918	benign
P50440	L151F	151	0.0847	benign
P50440	L151G	151	0.1851	benign
P50440	L151H	151	0.0902	benign
P50440	L151I	151	0.0573	benign
P50440	L151K	151	0.0669	benign
P50440	L151M	151	0.069	benign
P50440	L151N	151	0.1408	benign
P50440	L151P	151	0.3583	ambiguous
P50440	L151Q	151	0.0585	benign
P50440	L151R	151	0.0672	benign
P50440	L151S	151	0.0894	benign
P50440	L151T	151	0.0753	benign
P50440	L151V	151	0.0513	benign
P50440	L151W	151	0.1342	benign
P50440	L151Y	151	0.1514	benign
P50440	K152A	152	0.1115	benign
P50440	K152C	152	0.2504	benign
P50440	K152D	152	0.1983	benign
P50440	K152E	152	0.0789	benign
P50440	K152F	152	0.3559	ambiguous
P50440	K152G	152	0.176	benign
P50440	K152H	152	0.1282	benign
P50440	K152I	152	0.1116	benign
P50440	K152L	152	0.1268	benign
P50440	K152M	152	0.1045	benign
P50440	K152N	152	0.1215	benign
P50440	K152P	152	0.1329	benign
P50440	K152Q	152	0.0761	benign
P50440	K152R	152	0.0741	benign
P50440	K152S	152	0.1169	benign
P50440	K152T	152	0.0584	benign
P50440	K152V	152	0.1047	benign
P50440	K152W	152	0.4793	ambiguous
P50440	K152Y	152	0.276	benign
P50440	Y153A	153	0.8655	pathogenic
P50440	Y153C	153	0.2408	benign
P50440	Y153D	153	0.9327	pathogenic
P50440	Y153E	153	0.9585	pathogenic
P50440	Y153F	153	0.1019	benign
P50440	Y153G	153	0.812	pathogenic
P50440	Y153H	153	0.7047	pathogenic
P50440	Y153I	153	0.5244	ambiguous
P50440	Y153K	153	0.9677	pathogenic
P50440	Y153L	153	0.6654	pathogenic
P50440	Y153M	153	0.7022	pathogenic
P50440	Y153N	153	0.6988	pathogenic
P50440	Y153P	153	0.9825	pathogenic
P50440	Y153Q	153	0.9198	pathogenic
P50440	Y153R	153	0.9389	pathogenic
P50440	Y153S	153	0.7531	pathogenic
P50440	Y153T	153	0.7882	pathogenic
P50440	Y153V	153	0.4325	ambiguous
P50440	Y153W	153	0.6359	pathogenic
P50440	K154A	154	0.1637	benign
P50440	K154C	154	0.32	benign
P50440	K154D	154	0.4591	ambiguous
P50440	K154E	154	0.1035	benign
P50440	K154F	154	0.6097	pathogenic
P50440	K154G	154	0.2547	benign
P50440	K154H	154	0.2028	benign
P50440	K154I	154	0.2143	benign
P50440	K154L	154	0.2404	benign
P50440	K154M	154	0.1443	benign
P50440	K154N	154	0.2498	benign
P50440	K154P	154	0.8497	pathogenic
P50440	K154Q	154	0.0784	benign
P50440	K154R	154	0.0728	benign
P50440	K154S	154	0.1695	benign
P50440	K154T	154	0.0814	benign
P50440	K154V	154	0.178	benign
P50440	K154W	154	0.6933	pathogenic
P50440	K154Y	154	0.5043	ambiguous
P50440	T155A	155	0.6098	pathogenic
P50440	T155C	155	0.8574	pathogenic
P50440	T155D	155	0.978	pathogenic
P50440	T155E	155	0.9753	pathogenic
P50440	T155F	155	0.9504	pathogenic
P50440	T155G	155	0.7969	pathogenic
P50440	T155H	155	0.8808	pathogenic
P50440	T155I	155	0.9089	pathogenic
P50440	T155K	155	0.9549	pathogenic
P50440	T155L	155	0.6457	pathogenic
P50440	T155M	155	0.4174	ambiguous
P50440	T155N	155	0.7421	pathogenic
P50440	T155P	155	0.8767	pathogenic
P50440	T155Q	155	0.9262	pathogenic
P50440	T155R	155	0.9485	pathogenic
P50440	T155S	155	0.4735	ambiguous
P50440	T155V	155	0.8058	pathogenic
P50440	T155W	155	0.9856	pathogenic
P50440	T155Y	155	0.9447	pathogenic
P50440	P156A	156	0.4141	ambiguous
P50440	P156C	156	0.8852	pathogenic
P50440	P156D	156	0.9539	pathogenic
P50440	P156E	156	0.8839	pathogenic
P50440	P156F	156	0.9286	pathogenic
P50440	P156G	156	0.8528	pathogenic
P50440	P156H	156	0.8019	pathogenic
P50440	P156I	156	0.7548	pathogenic
P50440	P156K	156	0.8886	pathogenic
P50440	P156L	156	0.4241	ambiguous
P50440	P156M	156	0.7619	pathogenic
P50440	P156N	156	0.9259	pathogenic
P50440	P156Q	156	0.7434	pathogenic
P50440	P156R	156	0.738	pathogenic
P50440	P156S	156	0.6906	pathogenic
P50440	P156T	156	0.5151	ambiguous
P50440	P156V	156	0.6177	pathogenic
P50440	P156W	156	0.9522	pathogenic
P50440	P156Y	156	0.9295	pathogenic
P50440	D157A	157	0.6786	pathogenic
P50440	D157C	157	0.8725	pathogenic
P50440	D157E	157	0.6093	pathogenic
P50440	D157F	157	0.8678	pathogenic
P50440	D157G	157	0.6615	pathogenic
P50440	D157H	157	0.7823	pathogenic
P50440	D157I	157	0.883	pathogenic
P50440	D157K	157	0.9568	pathogenic
P50440	D157L	157	0.8429	pathogenic
P50440	D157M	157	0.9504	pathogenic
P50440	D157N	157	0.4391	ambiguous
P50440	D157P	157	0.9884	pathogenic
P50440	D157Q	157	0.8776	pathogenic
P50440	D157R	157	0.9357	pathogenic
P50440	D157S	157	0.5329	ambiguous
P50440	D157T	157	0.761	pathogenic
P50440	D157V	157	0.7362	pathogenic
P50440	D157W	157	0.9785	pathogenic
P50440	D157Y	157	0.5141	ambiguous
P50440	F158A	158	0.9899	pathogenic
P50440	F158C	158	0.9538	pathogenic
P50440	F158D	158	0.9973	pathogenic
P50440	F158E	158	0.998	pathogenic
P50440	F158G	158	0.9922	pathogenic
P50440	F158H	158	0.9623	pathogenic
P50440	F158I	158	0.9543	pathogenic
P50440	F158K	158	0.9977	pathogenic
P50440	F158L	158	0.9964	pathogenic
P50440	F158M	158	0.9744	pathogenic
P50440	F158N	158	0.9932	pathogenic
P50440	F158P	158	0.9997	pathogenic
P50440	F158Q	158	0.9954	pathogenic
P50440	F158R	158	0.9919	pathogenic
P50440	F158S	158	0.9796	pathogenic
P50440	F158T	158	0.9871	pathogenic
P50440	F158V	158	0.9426	pathogenic
P50440	F158W	158	0.6311	pathogenic
P50440	F158Y	158	0.6272	pathogenic
P50440	E159A	159	0.107	benign
P50440	E159C	159	0.515	ambiguous
P50440	E159D	159	0.1506	benign
P50440	E159F	159	0.5385	ambiguous
P50440	E159G	159	0.169	benign
P50440	E159H	159	0.2406	benign
P50440	E159I	159	0.2018	benign
P50440	E159K	159	0.11	benign
P50440	E159L	159	0.2715	benign
P50440	E159M	159	0.3047	benign
P50440	E159N	159	0.204	benign
P50440	E159P	159	0.7611	pathogenic
P50440	E159Q	159	0.0912	benign
P50440	E159R	159	0.1733	benign
P50440	E159S	159	0.1091	benign
P50440	E159T	159	0.102	benign
P50440	E159V	159	0.1332	benign
P50440	E159W	159	0.7554	pathogenic
P50440	E159Y	159	0.3803	ambiguous
P50440	S160A	160	0.1522	benign
P50440	S160C	160	0.1533	benign
P50440	S160D	160	0.8513	pathogenic
P50440	S160E	160	0.9185	pathogenic
P50440	S160F	160	0.869	pathogenic
P50440	S160G	160	0.2313	benign
P50440	S160H	160	0.8911	pathogenic
P50440	S160I	160	0.7323	pathogenic
P50440	S160K	160	0.989	pathogenic
P50440	S160L	160	0.6142	pathogenic
P50440	S160M	160	0.6286	pathogenic
P50440	S160N	160	0.5637	ambiguous
P50440	S160P	160	0.9735	pathogenic
P50440	S160Q	160	0.9253	pathogenic
P50440	S160R	160	0.9835	pathogenic
P50440	S160T	160	0.1873	benign
P50440	S160V	160	0.5475	ambiguous
P50440	S160W	160	0.9295	pathogenic
P50440	S160Y	160	0.8135	pathogenic
P50440	T161A	161	0.0823	benign
P50440	T161C	161	0.2358	benign
P50440	T161D	161	0.3586	ambiguous
P50440	T161E	161	0.2844	benign
P50440	T161F	161	0.2863	benign
P50440	T161G	161	0.1714	benign
P50440	T161H	161	0.2486	benign
P50440	T161I	161	0.201	benign
P50440	T161K	161	0.1939	benign
P50440	T161L	161	0.1357	benign
P50440	T161M	161	0.1223	benign
P50440	T161N	161	0.1279	benign
P50440	T161P	161	0.1253	benign
P50440	T161Q	161	0.2319	benign
P50440	T161R	161	0.1569	benign
P50440	T161S	161	0.0867	benign
P50440	T161V	161	0.1414	benign
P50440	T161W	161	0.578	pathogenic
P50440	T161Y	161	0.2697	benign
P50440	G162A	162	0.6186	pathogenic
P50440	G162C	162	0.8585	pathogenic
P50440	G162D	162	0.9852	pathogenic
P50440	G162E	162	0.984	pathogenic
P50440	G162F	162	0.9899	pathogenic
P50440	G162H	162	0.9882	pathogenic
P50440	G162I	162	0.9855	pathogenic
P50440	G162K	162	0.9954	pathogenic
P50440	G162L	162	0.9805	pathogenic
P50440	G162M	162	0.9854	pathogenic
P50440	G162N	162	0.9636	pathogenic
P50440	G162P	162	0.9905	pathogenic
P50440	G162Q	162	0.9782	pathogenic
P50440	G162R	162	0.9835	pathogenic
P50440	G162S	162	0.509	ambiguous
P50440	G162T	162	0.8899	pathogenic
P50440	G162V	162	0.9603	pathogenic
P50440	G162W	162	0.9892	pathogenic
P50440	G162Y	162	0.9884	pathogenic
P50440	L163A	163	0.6447	pathogenic
P50440	L163C	163	0.5575	ambiguous
P50440	L163D	163	0.9754	pathogenic
P50440	L163E	163	0.9036	pathogenic
P50440	L163F	163	0.3745	ambiguous
P50440	L163G	163	0.7695	pathogenic
P50440	L163H	163	0.7796	pathogenic
P50440	L163I	163	0.3393	benign
P50440	L163K	163	0.8981	pathogenic
P50440	L163M	163	0.115	benign
P50440	L163N	163	0.7016	pathogenic
P50440	L163P	163	0.9335	pathogenic
P50440	L163Q	163	0.6254	pathogenic
P50440	L163R	163	0.877	pathogenic
P50440	L163S	163	0.7392	pathogenic
P50440	L163T	163	0.5403	ambiguous
P50440	L163V	163	0.2766	benign
P50440	L163W	163	0.8129	pathogenic
P50440	L163Y	163	0.767	pathogenic
P50440	Y164A	164	0.9095	pathogenic
P50440	Y164C	164	0.4687	ambiguous
P50440	Y164D	164	0.9304	pathogenic
P50440	Y164E	164	0.9861	pathogenic
P50440	Y164F	164	0.3068	benign
P50440	Y164G	164	0.7296	pathogenic
P50440	Y164H	164	0.8575	pathogenic
P50440	Y164I	164	0.9406	pathogenic
P50440	Y164K	164	0.9891	pathogenic
P50440	Y164L	164	0.7967	pathogenic
P50440	Y164M	164	0.9234	pathogenic
P50440	Y164N	164	0.7217	pathogenic
P50440	Y164P	164	0.9656	pathogenic
P50440	Y164Q	164	0.9736	pathogenic
P50440	Y164R	164	0.9708	pathogenic
P50440	Y164S	164	0.6194	pathogenic
P50440	Y164T	164	0.8428	pathogenic
P50440	Y164V	164	0.8503	pathogenic
P50440	Y164W	164	0.8405	pathogenic
P50440	S165A	165	0.0501	benign
P50440	S165C	165	0.1133	benign
P50440	S165D	165	0.9312	pathogenic
P50440	S165E	165	0.9509	pathogenic
P50440	S165F	165	0.8704	pathogenic
P50440	S165G	165	0.0862	benign
P50440	S165H	165	0.9108	pathogenic
P50440	S165I	165	0.8187	pathogenic
P50440	S165K	165	0.9907	pathogenic
P50440	S165L	165	0.5063	ambiguous
P50440	S165M	165	0.6627	pathogenic
P50440	S165N	165	0.6357	pathogenic
P50440	S165P	165	0.8773	pathogenic
P50440	S165Q	165	0.9136	pathogenic
P50440	S165R	165	0.9784	pathogenic
P50440	S165T	165	0.2488	benign
P50440	S165V	165	0.6318	pathogenic
P50440	S165W	165	0.9444	pathogenic
P50440	S165Y	165	0.8594	pathogenic
P50440	A166C	166	0.7525	pathogenic
P50440	A166D	166	0.9967	pathogenic
P50440	A166E	166	0.9956	pathogenic
P50440	A166F	166	0.9814	pathogenic
P50440	A166G	166	0.4569	ambiguous
P50440	A166H	166	0.9943	pathogenic
P50440	A166I	166	0.9684	pathogenic
P50440	A166K	166	0.9985	pathogenic
P50440	A166L	166	0.8685	pathogenic
P50440	A166M	166	0.9278	pathogenic
P50440	A166N	166	0.9815	pathogenic
P50440	A166P	166	0.983	pathogenic
P50440	A166Q	166	0.9839	pathogenic
P50440	A166R	166	0.9942	pathogenic
P50440	A166S	166	0.2951	benign
P50440	A166T	166	0.7694	pathogenic
P50440	A166V	166	0.8567	pathogenic
P50440	A166W	166	0.9983	pathogenic
P50440	A166Y	166	0.9935	pathogenic
P50440	M167A	167	0.9793	pathogenic
P50440	M167C	167	0.7732	pathogenic
P50440	M167D	167	0.9976	pathogenic
P50440	M167E	167	0.9931	pathogenic
P50440	M167F	167	0.9294	pathogenic
P50440	M167G	167	0.994	pathogenic
P50440	M167H	167	0.9871	pathogenic
P50440	M167I	167	0.9935	pathogenic
P50440	M167K	167	0.9915	pathogenic
P50440	M167L	167	0.9104	pathogenic
P50440	M167N	167	0.9408	pathogenic
P50440	M167P	167	0.995	pathogenic
P50440	M167Q	167	0.9503	pathogenic
P50440	M167R	167	0.9923	pathogenic
P50440	M167S	167	0.9491	pathogenic
P50440	M167T	167	0.9824	pathogenic
P50440	M167V	167	0.8116	pathogenic
P50440	M167W	167	0.9971	pathogenic
P50440	M167Y	167	0.9914	pathogenic
P50440	P168A	168	0.8968	pathogenic
P50440	P168C	168	0.9895	pathogenic
P50440	P168D	168	0.9996	pathogenic
P50440	P168E	168	0.9989	pathogenic
P50440	P168F	168	0.9996	pathogenic
P50440	P168G	168	0.9904	pathogenic
P50440	P168H	168	0.9989	pathogenic
P50440	P168I	168	0.9812	pathogenic
P50440	P168K	168	0.9995	pathogenic
P50440	P168L	168	0.9633	pathogenic
P50440	P168M	168	0.9936	pathogenic
P50440	P168N	168	0.9988	pathogenic
P50440	P168Q	168	0.9977	pathogenic
P50440	P168R	168	0.9984	pathogenic
P50440	P168S	168	0.982	pathogenic
P50440	P168T	168	0.9577	pathogenic
P50440	P168V	168	0.926	pathogenic
P50440	P168W	168	0.9999	pathogenic
P50440	P168Y	168	0.9998	pathogenic
P50440	R169A	169	0.9973	pathogenic
P50440	R169C	169	0.9799	pathogenic
P50440	R169D	169	0.9993	pathogenic
P50440	R169E	169	0.9962	pathogenic
P50440	R169F	169	0.9998	pathogenic
P50440	R169G	169	0.9929	pathogenic
P50440	R169H	169	0.9858	pathogenic
P50440	R169I	169	0.9993	pathogenic
P50440	R169K	169	0.9719	pathogenic
P50440	R169L	169	0.9938	pathogenic
P50440	R169M	169	0.9995	pathogenic
P50440	R169N	169	0.9993	pathogenic
P50440	R169P	169	0.9985	pathogenic
P50440	R169Q	169	0.9849	pathogenic
P50440	R169S	169	0.9983	pathogenic
P50440	R169T	169	0.999	pathogenic
P50440	R169V	169	0.9986	pathogenic
P50440	R169W	169	0.9881	pathogenic
P50440	R169Y	169	0.9987	pathogenic
P50440	D170A	170	0.9998	pathogenic
P50440	D170C	170	0.9999	pathogenic
P50440	D170E	170	0.9992	pathogenic
P50440	D170F	170	0.9999	pathogenic
P50440	D170G	170	0.9994	pathogenic
P50440	D170H	170	0.9994	pathogenic
P50440	D170I	170	1.0	pathogenic
P50440	D170K	170	0.9997	pathogenic
P50440	D170L	170	0.9998	pathogenic
P50440	D170M	170	1.0	pathogenic
P50440	D170N	170	0.9973	pathogenic
P50440	D170P	170	0.9999	pathogenic
P50440	D170Q	170	0.9999	pathogenic
P50440	D170R	170	0.9998	pathogenic
P50440	D170S	170	0.9994	pathogenic
P50440	D170T	170	0.9999	pathogenic
P50440	D170V	170	0.9999	pathogenic
P50440	D170W	170	0.9999	pathogenic
P50440	D170Y	170	0.9986	pathogenic
P50440	I171A	171	0.7505	pathogenic
P50440	I171C	171	0.7266	pathogenic
P50440	I171D	171	0.9841	pathogenic
P50440	I171E	171	0.9774	pathogenic
P50440	I171F	171	0.6053	pathogenic
P50440	I171G	171	0.8834	pathogenic
P50440	I171H	171	0.9511	pathogenic
P50440	I171K	171	0.9692	pathogenic
P50440	I171L	171	0.2141	benign
P50440	I171M	171	0.2882	benign
P50440	I171N	171	0.7248	pathogenic
P50440	I171P	171	0.9787	pathogenic
P50440	I171Q	171	0.9505	pathogenic
P50440	I171R	171	0.9595	pathogenic
P50440	I171S	171	0.6594	pathogenic
P50440	I171T	171	0.6468	pathogenic
P50440	I171V	171	0.1209	benign
P50440	I171W	171	0.9876	pathogenic
P50440	I171Y	171	0.9391	pathogenic
P50440	L172A	172	0.944	pathogenic
P50440	L172C	172	0.8875	pathogenic
P50440	L172D	172	0.9996	pathogenic
P50440	L172E	172	0.9979	pathogenic
P50440	L172F	172	0.4736	ambiguous
P50440	L172G	172	0.9915	pathogenic
P50440	L172H	172	0.9861	pathogenic
P50440	L172I	172	0.2744	benign
P50440	L172K	172	0.9975	pathogenic
P50440	L172M	172	0.2547	benign
P50440	L172N	172	0.994	pathogenic
P50440	L172P	172	0.9976	pathogenic
P50440	L172Q	172	0.9843	pathogenic
P50440	L172R	172	0.9936	pathogenic
P50440	L172S	172	0.985	pathogenic
P50440	L172T	172	0.9396	pathogenic
P50440	L172V	172	0.3424	ambiguous
P50440	L172W	172	0.953	pathogenic
P50440	L172Y	172	0.9583	pathogenic
P50440	I173A	173	0.4822	ambiguous
P50440	I173C	173	0.7226	pathogenic
P50440	I173D	173	0.9897	pathogenic
P50440	I173E	173	0.9769	pathogenic
P50440	I173F	173	0.3732	ambiguous
P50440	I173G	173	0.8811	pathogenic
P50440	I173H	173	0.951	pathogenic
P50440	I173K	173	0.9734	pathogenic
P50440	I173L	173	0.0522	benign
P50440	I173M	173	0.0628	benign
P50440	I173N	173	0.8276	pathogenic
P50440	I173P	173	0.9843	pathogenic
P50440	I173Q	173	0.9221	pathogenic
P50440	I173R	173	0.9627	pathogenic
P50440	I173S	173	0.6318	pathogenic
P50440	I173T	173	0.2634	benign
P50440	I173V	173	0.104	benign
P50440	I173W	173	0.9557	pathogenic
P50440	I173Y	173	0.9038	pathogenic
P50440	V174A	174	0.6291	pathogenic
P50440	V174C	174	0.9259	pathogenic
P50440	V174D	174	0.9967	pathogenic
P50440	V174E	174	0.9922	pathogenic
P50440	V174F	174	0.9425	pathogenic
P50440	V174G	174	0.9174	pathogenic
P50440	V174H	174	0.9963	pathogenic
P50440	V174I	174	0.1067	benign
P50440	V174K	174	0.995	pathogenic
P50440	V174L	174	0.8769	pathogenic
P50440	V174M	174	0.7816	pathogenic
P50440	V174N	174	0.9661	pathogenic
P50440	V174P	174	0.9242	pathogenic
P50440	V174Q	174	0.9871	pathogenic
P50440	V174R	174	0.9902	pathogenic
P50440	V174S	174	0.7996	pathogenic
P50440	V174T	174	0.3894	ambiguous
P50440	V174W	174	0.9993	pathogenic
P50440	V174Y	174	0.9964	pathogenic
P50440	V175A	175	0.3979	ambiguous
P50440	V175C	175	0.788	pathogenic
P50440	V175D	175	0.9891	pathogenic
P50440	V175E	175	0.9795	pathogenic
P50440	V175F	175	0.2149	benign
P50440	V175G	175	0.8587	pathogenic
P50440	V175H	175	0.9752	pathogenic
P50440	V175I	175	0.0718	benign
P50440	V175K	175	0.9851	pathogenic
P50440	V175L	175	0.3487	ambiguous
P50440	V175M	175	0.3039	benign
P50440	V175N	175	0.9582	pathogenic
P50440	V175P	175	0.9646	pathogenic
P50440	V175Q	175	0.9638	pathogenic
P50440	V175R	175	0.9681	pathogenic
P50440	V175S	175	0.8118	pathogenic
P50440	V175T	175	0.5148	ambiguous
P50440	V175W	175	0.9531	pathogenic
P50440	V175Y	175	0.8758	pathogenic
P50440	G176A	176	0.891	pathogenic
P50440	G176C	176	0.9727	pathogenic
P50440	G176D	176	0.9332	pathogenic
P50440	G176E	176	0.9778	pathogenic
P50440	G176F	176	0.9987	pathogenic
P50440	G176H	176	0.9933	pathogenic
P50440	G176I	176	0.9989	pathogenic
P50440	G176K	176	0.9887	pathogenic
P50440	G176L	176	0.9974	pathogenic
P50440	G176M	176	0.9985	pathogenic
P50440	G176N	176	0.9737	pathogenic
P50440	G176P	176	0.9989	pathogenic
P50440	G176Q	176	0.9846	pathogenic
P50440	G176R	176	0.9781	pathogenic
P50440	G176S	176	0.8491	pathogenic
P50440	G176T	176	0.9923	pathogenic
P50440	G176V	176	0.9969	pathogenic
P50440	G176W	176	0.9956	pathogenic
P50440	G176Y	176	0.9964	pathogenic
P50440	N177A	177	0.3209	benign
P50440	N177C	177	0.3541	ambiguous
P50440	N177D	177	0.0529	benign
P50440	N177E	177	0.2048	benign
P50440	N177F	177	0.8607	pathogenic
P50440	N177G	177	0.2409	benign
P50440	N177H	177	0.1358	benign
P50440	N177I	177	0.7578	pathogenic
P50440	N177K	177	0.2353	benign
P50440	N177L	177	0.6474	pathogenic
P50440	N177M	177	0.6153	pathogenic
P50440	N177P	177	0.6134	pathogenic
P50440	N177Q	177	0.246	benign
P50440	N177R	177	0.2686	benign
P50440	N177S	177	0.0861	benign
P50440	N177T	177	0.1812	benign
P50440	N177V	177	0.6701	pathogenic
P50440	N177W	177	0.8473	pathogenic
P50440	N177Y	177	0.3807	ambiguous
P50440	E178A	178	0.8946	pathogenic
P50440	E178C	178	0.9867	pathogenic
P50440	E178D	178	0.6403	pathogenic
P50440	E178F	178	0.9979	pathogenic
P50440	E178G	178	0.9164	pathogenic
P50440	E178H	178	0.9572	pathogenic
P50440	E178I	178	0.9816	pathogenic
P50440	E178K	178	0.8954	pathogenic
P50440	E178L	178	0.9821	pathogenic
P50440	E178M	178	0.9746	pathogenic
P50440	E178N	178	0.8639	pathogenic
P50440	E178P	178	0.9996	pathogenic
P50440	E178Q	178	0.6164	pathogenic
P50440	E178R	178	0.9274	pathogenic
P50440	E178S	178	0.8521	pathogenic
P50440	E178T	178	0.8672	pathogenic
P50440	E178V	178	0.946	pathogenic
P50440	E178W	178	0.9987	pathogenic
P50440	E178Y	178	0.9909	pathogenic
P50440	I179A	179	0.981	pathogenic
P50440	I179C	179	0.9845	pathogenic
P50440	I179D	179	0.9995	pathogenic
P50440	I179E	179	0.9983	pathogenic
P50440	I179F	179	0.7532	pathogenic
P50440	I179G	179	0.9972	pathogenic
P50440	I179H	179	0.9981	pathogenic
P50440	I179K	179	0.9975	pathogenic
P50440	I179L	179	0.2694	benign
P50440	I179M	179	0.249	benign
P50440	I179N	179	0.9936	pathogenic
P50440	I179P	179	0.9983	pathogenic
P50440	I179Q	179	0.9968	pathogenic
P50440	I179R	179	0.9962	pathogenic
P50440	I179S	179	0.9925	pathogenic
P50440	I179T	179	0.9895	pathogenic
P50440	I179V	179	0.2206	benign
P50440	I179W	179	0.9949	pathogenic
P50440	I179Y	179	0.9842	pathogenic
P50440	I180A	180	0.9542	pathogenic
P50440	I180C	180	0.9752	pathogenic
P50440	I180D	180	0.9997	pathogenic
P50440	I180E	180	0.9978	pathogenic
P50440	I180F	180	0.7955	pathogenic
P50440	I180G	180	0.9975	pathogenic
P50440	I180H	180	0.9966	pathogenic
P50440	I180K	180	0.9962	pathogenic
P50440	I180L	180	0.2655	benign
P50440	I180M	180	0.2967	benign
P50440	I180N	180	0.9954	pathogenic
P50440	I180P	180	0.9982	pathogenic
P50440	I180Q	180	0.9944	pathogenic
P50440	I180R	180	0.9929	pathogenic
P50440	I180S	180	0.9841	pathogenic
P50440	I180T	180	0.9033	pathogenic
P50440	I180V	180	0.162	benign
P50440	I180W	180	0.9937	pathogenic
P50440	I180Y	180	0.9877	pathogenic
P50440	E181A	181	0.9437	pathogenic
P50440	E181C	181	0.9878	pathogenic
P50440	E181D	181	0.9839	pathogenic
P50440	E181F	181	0.9994	pathogenic
P50440	E181G	181	0.9703	pathogenic
P50440	E181H	181	0.9966	pathogenic
P50440	E181I	181	0.9936	pathogenic
P50440	E181K	181	0.9866	pathogenic
P50440	E181L	181	0.9944	pathogenic
P50440	E181M	181	0.9938	pathogenic
P50440	E181N	181	0.9968	pathogenic
P50440	E181P	181	0.9987	pathogenic
P50440	E181Q	181	0.9337	pathogenic
P50440	E181R	181	0.9899	pathogenic
P50440	E181S	181	0.9668	pathogenic
P50440	E181T	181	0.983	pathogenic
P50440	E181V	181	0.9801	pathogenic
P50440	E181W	181	0.9997	pathogenic
P50440	E181Y	181	0.9991	pathogenic
P50440	A182C	182	0.6473	pathogenic
P50440	A182D	182	0.9946	pathogenic
P50440	A182E	182	0.9908	pathogenic
P50440	A182F	182	0.9887	pathogenic
P50440	A182G	182	0.5038	ambiguous
P50440	A182H	182	0.9927	pathogenic
P50440	A182I	182	0.9491	pathogenic
P50440	A182K	182	0.9982	pathogenic
P50440	A182L	182	0.9058	pathogenic
P50440	A182M	182	0.9015	pathogenic
P50440	A182N	182	0.9644	pathogenic
P50440	A182P	182	0.9821	pathogenic
P50440	A182Q	182	0.9809	pathogenic
P50440	A182R	182	0.9949	pathogenic
P50440	A182S	182	0.1352	benign
P50440	A182T	182	0.4178	ambiguous
P50440	A182V	182	0.6947	pathogenic
P50440	A182W	182	0.9992	pathogenic
P50440	A182Y	182	0.9949	pathogenic
P50440	P183A	183	0.4377	ambiguous
P50440	P183C	183	0.928	pathogenic
P50440	P183D	183	0.9952	pathogenic
P50440	P183E	183	0.9903	pathogenic
P50440	P183F	183	0.9988	pathogenic
P50440	P183G	183	0.8937	pathogenic
P50440	P183H	183	0.9805	pathogenic
P50440	P183I	183	0.9936	pathogenic
P50440	P183K	183	0.9959	pathogenic
P50440	P183L	183	0.9377	pathogenic
P50440	P183M	183	0.9834	pathogenic
P50440	P183N	183	0.9772	pathogenic
P50440	P183Q	183	0.9616	pathogenic
P50440	P183R	183	0.9822	pathogenic
P50440	P183S	183	0.5888	pathogenic
P50440	P183T	183	0.4529	ambiguous
P50440	P183V	183	0.9517	pathogenic
P50440	P183W	183	0.9994	pathogenic
P50440	P183Y	183	0.9986	pathogenic
P50440	M184A	184	0.9159	pathogenic
P50440	M184C	184	0.9212	pathogenic
P50440	M184D	184	0.998	pathogenic
P50440	M184E	184	0.9897	pathogenic
P50440	M184F	184	0.9499	pathogenic
P50440	M184G	184	0.9563	pathogenic
P50440	M184H	184	0.9882	pathogenic
P50440	M184I	184	0.9874	pathogenic
P50440	M184K	184	0.9833	pathogenic
P50440	M184L	184	0.6548	pathogenic
P50440	M184N	184	0.9392	pathogenic
P50440	M184P	184	0.9873	pathogenic
P50440	M184Q	184	0.9255	pathogenic
P50440	M184R	184	0.9867	pathogenic
P50440	M184S	184	0.8723	pathogenic
P50440	M184T	184	0.8822	pathogenic
P50440	M184V	184	0.6764	pathogenic
P50440	M184W	184	0.9973	pathogenic
P50440	M184Y	184	0.9936	pathogenic
P50440	A185C	185	0.7526	pathogenic
P50440	A185D	185	0.995	pathogenic
P50440	A185E	185	0.9934	pathogenic
P50440	A185F	185	0.9881	pathogenic
P50440	A185G	185	0.4838	ambiguous
P50440	A185H	185	0.9922	pathogenic
P50440	A185I	185	0.972	pathogenic
P50440	A185K	185	0.9985	pathogenic
P50440	A185L	185	0.9198	pathogenic
P50440	A185M	185	0.951	pathogenic
P50440	A185N	185	0.9688	pathogenic
P50440	A185P	185	0.8962	pathogenic
P50440	A185Q	185	0.9805	pathogenic
P50440	A185R	185	0.9933	pathogenic
P50440	A185S	185	0.2332	benign
P50440	A185T	185	0.7119	pathogenic
P50440	A185V	185	0.8461	pathogenic
P50440	A185W	185	0.999	pathogenic
P50440	A185Y	185	0.9946	pathogenic
P50440	W186A	186	0.9845	pathogenic
P50440	W186C	186	0.9908	pathogenic
P50440	W186D	186	0.9984	pathogenic
P50440	W186E	186	0.9979	pathogenic
P50440	W186F	186	0.7937	pathogenic
P50440	W186G	186	0.9602	pathogenic
P50440	W186H	186	0.9924	pathogenic
P50440	W186I	186	0.989	pathogenic
P50440	W186K	186	0.9991	pathogenic
P50440	W186L	186	0.9627	pathogenic
P50440	W186M	186	0.9842	pathogenic
P50440	W186N	186	0.9962	pathogenic
P50440	W186P	186	0.9985	pathogenic
P50440	W186Q	186	0.9974	pathogenic
P50440	W186R	186	0.9978	pathogenic
P50440	W186S	186	0.9661	pathogenic
P50440	W186T	186	0.9901	pathogenic
P50440	W186V	186	0.9825	pathogenic
P50440	W186Y	186	0.9451	pathogenic
P50440	R187A	187	0.987	pathogenic
P50440	R187C	187	0.8623	pathogenic
P50440	R187D	187	0.9965	pathogenic
P50440	R187E	187	0.9691	pathogenic
P50440	R187F	187	0.9975	pathogenic
P50440	R187G	187	0.9774	pathogenic
P50440	R187H	187	0.7884	pathogenic
P50440	R187I	187	0.9888	pathogenic
P50440	R187K	187	0.7078	pathogenic
P50440	R187L	187	0.9783	pathogenic
P50440	R187M	187	0.9937	pathogenic
P50440	R187N	187	0.9926	pathogenic
P50440	R187P	187	0.9436	pathogenic
P50440	R187Q	187	0.7003	pathogenic
P50440	R187S	187	0.9919	pathogenic
P50440	R187T	187	0.9919	pathogenic
P50440	R187V	187	0.9898	pathogenic
P50440	R187W	187	0.9427	pathogenic
P50440	R187Y	187	0.9838	pathogenic
P50440	S188A	188	0.0919	benign
P50440	S188C	188	0.1526	benign
P50440	S188D	188	0.9574	pathogenic
P50440	S188E	188	0.9669	pathogenic
P50440	S188F	188	0.9329	pathogenic
P50440	S188G	188	0.1951	benign
P50440	S188H	188	0.9266	pathogenic
P50440	S188I	188	0.9152	pathogenic
P50440	S188K	188	0.9949	pathogenic
P50440	S188L	188	0.7328	pathogenic
P50440	S188M	188	0.8032	pathogenic
P50440	S188N	188	0.7452	pathogenic
P50440	S188P	188	0.8367	pathogenic
P50440	S188Q	188	0.9489	pathogenic
P50440	S188R	188	0.9899	pathogenic
P50440	S188T	188	0.3279	benign
P50440	S188V	188	0.7648	pathogenic
P50440	S188W	188	0.9646	pathogenic
P50440	S188Y	188	0.9062	pathogenic
P50440	R189A	189	0.9979	pathogenic
P50440	R189C	189	0.9624	pathogenic
P50440	R189D	189	0.9991	pathogenic
P50440	R189E	189	0.9938	pathogenic
P50440	R189F	189	0.9991	pathogenic
P50440	R189G	189	0.9952	pathogenic
P50440	R189H	189	0.9732	pathogenic
P50440	R189I	189	0.9982	pathogenic
P50440	R189K	189	0.9737	pathogenic
P50440	R189L	189	0.991	pathogenic
P50440	R189M	189	0.9993	pathogenic
P50440	R189N	189	0.9986	pathogenic
P50440	R189P	189	0.9985	pathogenic
P50440	R189Q	189	0.9826	pathogenic
P50440	R189S	189	0.9979	pathogenic
P50440	R189T	189	0.999	pathogenic
P50440	R189V	189	0.9981	pathogenic
P50440	R189W	189	0.9809	pathogenic
P50440	R189Y	189	0.9938	pathogenic
P50440	F190A	190	0.9677	pathogenic
P50440	F190C	190	0.8707	pathogenic
P50440	F190D	190	0.997	pathogenic
P50440	F190E	190	0.9965	pathogenic
P50440	F190G	190	0.9886	pathogenic
P50440	F190H	190	0.9411	pathogenic
P50440	F190I	190	0.8286	pathogenic
P50440	F190K	190	0.9967	pathogenic
P50440	F190L	190	0.9776	pathogenic
P50440	F190M	190	0.894	pathogenic
P50440	F190N	190	0.9671	pathogenic
P50440	F190P	190	0.9993	pathogenic
P50440	F190Q	190	0.9833	pathogenic
P50440	F190R	190	0.989	pathogenic
P50440	F190S	190	0.9506	pathogenic
P50440	F190T	190	0.9739	pathogenic
P50440	F190V	190	0.8041	pathogenic
P50440	F190W	190	0.7419	pathogenic
P50440	F190Y	190	0.1935	benign
P50440	F191A	191	0.9815	pathogenic
P50440	F191C	191	0.9039	pathogenic
P50440	F191D	191	0.9966	pathogenic
P50440	F191E	191	0.9975	pathogenic
P50440	F191G	191	0.9808	pathogenic
P50440	F191H	191	0.8885	pathogenic
P50440	F191I	191	0.9806	pathogenic
P50440	F191K	191	0.9977	pathogenic
P50440	F191L	191	0.9866	pathogenic
P50440	F191M	191	0.9649	pathogenic
P50440	F191N	191	0.9794	pathogenic
P50440	F191P	191	0.9979	pathogenic
P50440	F191Q	191	0.9882	pathogenic
P50440	F191R	191	0.9889	pathogenic
P50440	F191S	191	0.9538	pathogenic
P50440	F191T	191	0.9859	pathogenic
P50440	F191V	191	0.9685	pathogenic
P50440	F191W	191	0.6688	pathogenic
P50440	F191Y	191	0.5402	ambiguous
P50440	E192A	192	0.9556	pathogenic
P50440	E192C	192	0.9824	pathogenic
P50440	E192D	192	0.9763	pathogenic
P50440	E192F	192	0.9994	pathogenic
P50440	E192G	192	0.9298	pathogenic
P50440	E192H	192	0.9958	pathogenic
P50440	E192I	192	0.9969	pathogenic
P50440	E192K	192	0.9899	pathogenic
P50440	E192L	192	0.9968	pathogenic
P50440	E192M	192	0.9972	pathogenic
P50440	E192N	192	0.996	pathogenic
P50440	E192P	192	0.9972	pathogenic
P50440	E192Q	192	0.9369	pathogenic
P50440	E192R	192	0.9845	pathogenic
P50440	E192S	192	0.9535	pathogenic
P50440	E192T	192	0.9886	pathogenic
P50440	E192V	192	0.9915	pathogenic
P50440	E192W	192	0.9995	pathogenic
P50440	E192Y	192	0.9981	pathogenic
P50440	Y193A	193	0.868	pathogenic
P50440	Y193C	193	0.4815	ambiguous
P50440	Y193D	193	0.8798	pathogenic
P50440	Y193E	193	0.9689	pathogenic
P50440	Y193F	193	0.169	benign
P50440	Y193G	193	0.6997	pathogenic
P50440	Y193H	193	0.7466	pathogenic
P50440	Y193I	193	0.877	pathogenic
P50440	Y193K	193	0.9832	pathogenic
P50440	Y193L	193	0.8481	pathogenic
P50440	Y193M	193	0.8856	pathogenic
P50440	Y193N	193	0.5444	ambiguous
P50440	Y193P	193	0.9203	pathogenic
P50440	Y193Q	193	0.9441	pathogenic
P50440	Y193R	193	0.9704	pathogenic
P50440	Y193S	193	0.5393	ambiguous
P50440	Y193T	193	0.7642	pathogenic
P50440	Y193V	193	0.7634	pathogenic
P50440	Y193W	193	0.7022	pathogenic
P50440	R194A	194	0.9433	pathogenic
P50440	R194C	194	0.5384	ambiguous
P50440	R194D	194	0.981	pathogenic
P50440	R194E	194	0.8894	pathogenic
P50440	R194F	194	0.951	pathogenic
P50440	R194G	194	0.8748	pathogenic
P50440	R194H	194	0.3928	ambiguous
P50440	R194I	194	0.8625	pathogenic
P50440	R194K	194	0.4339	ambiguous
P50440	R194L	194	0.7562	pathogenic
P50440	R194M	194	0.8862	pathogenic
P50440	R194N	194	0.9588	pathogenic
P50440	R194P	194	0.9901	pathogenic
P50440	R194Q	194	0.3344	benign
P50440	R194S	194	0.9522	pathogenic
P50440	R194T	194	0.8899	pathogenic
P50440	R194V	194	0.8853	pathogenic
P50440	R194W	194	0.5398	ambiguous
P50440	R194Y	194	0.8187	pathogenic
P50440	A195C	195	0.767	pathogenic
P50440	A195D	195	0.9817	pathogenic
P50440	A195E	195	0.9802	pathogenic
P50440	A195F	195	0.9771	pathogenic
P50440	A195G	195	0.2149	benign
P50440	A195H	195	0.9741	pathogenic
P50440	A195I	195	0.959	pathogenic
P50440	A195K	195	0.9936	pathogenic
P50440	A195L	195	0.8962	pathogenic
P50440	A195M	195	0.9361	pathogenic
P50440	A195N	195	0.9021	pathogenic
P50440	A195P	195	0.4971	ambiguous
P50440	A195Q	195	0.9493	pathogenic
P50440	A195R	195	0.9796	pathogenic
P50440	A195S	195	0.1746	benign
P50440	A195T	195	0.6741	pathogenic
P50440	A195V	195	0.8279	pathogenic
P50440	A195W	195	0.9962	pathogenic
P50440	A195Y	195	0.9811	pathogenic
P50440	Y196A	196	0.9869	pathogenic
P50440	Y196C	196	0.6865	pathogenic
P50440	Y196D	196	0.9902	pathogenic
P50440	Y196E	196	0.9974	pathogenic
P50440	Y196F	196	0.1292	benign
P50440	Y196G	196	0.962	pathogenic
P50440	Y196H	196	0.9232	pathogenic
P50440	Y196I	196	0.9768	pathogenic
P50440	Y196K	196	0.9976	pathogenic
P50440	Y196L	196	0.8934	pathogenic
P50440	Y196M	196	0.9529	pathogenic
P50440	Y196N	196	0.9254	pathogenic
P50440	Y196P	196	0.9973	pathogenic
P50440	Y196Q	196	0.9918	pathogenic
P50440	Y196R	196	0.9921	pathogenic
P50440	Y196S	196	0.9215	pathogenic
P50440	Y196T	196	0.9771	pathogenic
P50440	Y196V	196	0.9353	pathogenic
P50440	Y196W	196	0.669	pathogenic
P50440	R197A	197	0.9913	pathogenic
P50440	R197C	197	0.7859	pathogenic
P50440	R197D	197	0.9964	pathogenic
P50440	R197E	197	0.9786	pathogenic
P50440	R197F	197	0.9908	pathogenic
P50440	R197G	197	0.9661	pathogenic
P50440	R197H	197	0.5277	ambiguous
P50440	R197I	197	0.9879	pathogenic
P50440	R197K	197	0.5822	pathogenic
P50440	R197L	197	0.9677	pathogenic
P50440	R197M	197	0.9909	pathogenic
P50440	R197N	197	0.9913	pathogenic
P50440	R197P	197	0.9983	pathogenic
P50440	R197Q	197	0.6486	pathogenic
P50440	R197S	197	0.9873	pathogenic
P50440	R197T	197	0.9855	pathogenic
P50440	R197V	197	0.9878	pathogenic
P50440	R197W	197	0.8172	pathogenic
P50440	R197Y	197	0.9293	pathogenic
P50440	S198A	198	0.0782	benign
P50440	S198C	198	0.1321	benign
P50440	S198D	198	0.1479	benign
P50440	S198E	198	0.1965	benign
P50440	S198F	198	0.2899	benign
P50440	S198G	198	0.063	benign
P50440	S198H	198	0.1436	benign
P50440	S198I	198	0.2788	benign
P50440	S198K	198	0.1927	benign
P50440	S198L	198	0.1699	benign
P50440	S198M	198	0.2421	benign
P50440	S198N	198	0.084	benign
P50440	S198P	198	0.0788	benign
P50440	S198Q	198	0.202	benign
P50440	S198R	198	0.188	benign
P50440	S198T	198	0.0732	benign
P50440	S198V	198	0.2155	benign
P50440	S198W	198	0.3393	benign
P50440	S198Y	198	0.2007	benign
P50440	I199A	199	0.5859	pathogenic
P50440	I199C	199	0.6957	pathogenic
P50440	I199D	199	0.9177	pathogenic
P50440	I199E	199	0.8596	pathogenic
P50440	I199F	199	0.3116	benign
P50440	I199G	199	0.88	pathogenic
P50440	I199H	199	0.6991	pathogenic
P50440	I199K	199	0.8176	pathogenic
P50440	I199L	199	0.0636	benign
P50440	I199M	199	0.1197	benign
P50440	I199N	199	0.6161	pathogenic
P50440	I199P	199	0.8879	pathogenic
P50440	I199Q	199	0.764	pathogenic
P50440	I199R	199	0.7594	pathogenic
P50440	I199S	199	0.6412	pathogenic
P50440	I199T	199	0.5075	ambiguous
P50440	I199V	199	0.0781	benign
P50440	I199W	199	0.8823	pathogenic
P50440	I199Y	199	0.7135	pathogenic
P50440	I200A	200	0.605	pathogenic
P50440	I200C	200	0.6671	pathogenic
P50440	I200D	200	0.9958	pathogenic
P50440	I200E	200	0.9794	pathogenic
P50440	I200F	200	0.5125	ambiguous
P50440	I200G	200	0.9394	pathogenic
P50440	I200H	200	0.9728	pathogenic
P50440	I200K	200	0.975	pathogenic
P50440	I200L	200	0.1069	benign
P50440	I200M	200	0.1213	benign
P50440	I200N	200	0.9158	pathogenic
P50440	I200P	200	0.9805	pathogenic
P50440	I200Q	200	0.9341	pathogenic
P50440	I200R	200	0.9599	pathogenic
P50440	I200S	200	0.8023	pathogenic
P50440	I200T	200	0.6447	pathogenic
P50440	I200V	200	0.1207	benign
P50440	I200W	200	0.9811	pathogenic
P50440	I200Y	200	0.9398	pathogenic
P50440	K201A	201	0.8414	pathogenic
P50440	K201C	201	0.8473	pathogenic
P50440	K201D	201	0.9652	pathogenic
P50440	K201E	201	0.7093	pathogenic
P50440	K201F	201	0.9731	pathogenic
P50440	K201G	201	0.8796	pathogenic
P50440	K201H	201	0.7398	pathogenic
P50440	K201I	201	0.7099	pathogenic
P50440	K201L	201	0.6898	pathogenic
P50440	K201M	201	0.5109	ambiguous
P50440	K201N	201	0.8667	pathogenic
P50440	K201P	201	0.9892	pathogenic
P50440	K201Q	201	0.3768	ambiguous
P50440	K201R	201	0.1428	benign
P50440	K201S	201	0.8669	pathogenic
P50440	K201T	201	0.5242	ambiguous
P50440	K201V	201	0.6621	pathogenic
P50440	K201W	201	0.9512	pathogenic
P50440	K201Y	201	0.9079	pathogenic
P50440	D202A	202	0.2278	benign
P50440	D202C	202	0.6778	pathogenic
P50440	D202E	202	0.1315	benign
P50440	D202F	202	0.7903	pathogenic
P50440	D202G	202	0.2013	benign
P50440	D202H	202	0.3208	benign
P50440	D202I	202	0.6903	pathogenic
P50440	D202K	202	0.4659	ambiguous
P50440	D202L	202	0.6382	pathogenic
P50440	D202M	202	0.7624	pathogenic
P50440	D202N	202	0.1609	benign
P50440	D202P	202	0.9382	pathogenic
P50440	D202Q	202	0.3262	benign
P50440	D202R	202	0.5108	ambiguous
P50440	D202S	202	0.1529	benign
P50440	D202T	202	0.3053	benign
P50440	D202V	202	0.4544	ambiguous
P50440	D202W	202	0.8871	pathogenic
P50440	D202Y	202	0.31	benign
P50440	Y203A	203	0.8889	pathogenic
P50440	Y203C	203	0.3725	ambiguous
P50440	Y203D	203	0.9004	pathogenic
P50440	Y203E	203	0.9855	pathogenic
P50440	Y203F	203	0.3171	benign
P50440	Y203G	203	0.8774	pathogenic
P50440	Y203H	203	0.8423	pathogenic
P50440	Y203I	203	0.8798	pathogenic
P50440	Y203K	203	0.9896	pathogenic
P50440	Y203L	203	0.6086	pathogenic
P50440	Y203M	203	0.8999	pathogenic
P50440	Y203N	203	0.7813	pathogenic
P50440	Y203P	203	0.9949	pathogenic
P50440	Y203Q	203	0.9721	pathogenic
P50440	Y203R	203	0.9603	pathogenic
P50440	Y203S	203	0.7189	pathogenic
P50440	Y203T	203	0.895	pathogenic
P50440	Y203V	203	0.7855	pathogenic
P50440	Y203W	203	0.7903	pathogenic
P50440	F204A	204	0.9757	pathogenic
P50440	F204C	204	0.8705	pathogenic
P50440	F204D	204	0.9976	pathogenic
P50440	F204E	204	0.9975	pathogenic
P50440	F204G	204	0.9876	pathogenic
P50440	F204H	204	0.9058	pathogenic
P50440	F204I	204	0.8668	pathogenic
P50440	F204K	204	0.996	pathogenic
P50440	F204L	204	0.9726	pathogenic
P50440	F204M	204	0.9009	pathogenic
P50440	F204N	204	0.9839	pathogenic
P50440	F204P	204	0.9996	pathogenic
P50440	F204Q	204	0.9837	pathogenic
P50440	F204R	204	0.9832	pathogenic
P50440	F204S	204	0.9599	pathogenic
P50440	F204T	204	0.9855	pathogenic
P50440	F204V	204	0.8757	pathogenic
P50440	F204W	204	0.6156	pathogenic
P50440	F204Y	204	0.3483	ambiguous
P50440	H205A	205	0.1383	benign
P50440	H205C	205	0.0852	benign
P50440	H205D	205	0.1827	benign
P50440	H205E	205	0.166	benign
P50440	H205F	205	0.2175	benign
P50440	H205G	205	0.1648	benign
P50440	H205I	205	0.1833	benign
P50440	H205K	205	0.1027	benign
P50440	H205L	205	0.0725	benign
P50440	H205M	205	0.2636	benign
P50440	H205N	205	0.0936	benign
P50440	H205P	205	0.545	ambiguous
P50440	H205Q	205	0.0865	benign
P50440	H205R	205	0.0542	benign
P50440	H205S	205	0.1231	benign
P50440	H205T	205	0.1452	benign
P50440	H205V	205	0.1473	benign
P50440	H205W	205	0.2168	benign
P50440	H205Y	205	0.0875	benign
P50440	R206A	206	0.2056	benign
P50440	R206C	206	0.1276	benign
P50440	R206D	206	0.3511	ambiguous
P50440	R206E	206	0.2369	benign
P50440	R206F	206	0.5756	pathogenic
P50440	R206G	206	0.1207	benign
P50440	R206H	206	0.102	benign
P50440	R206I	206	0.4051	ambiguous
P50440	R206K	206	0.0962	benign
P50440	R206L	206	0.2011	benign
P50440	R206M	206	0.2839	benign
P50440	R206N	206	0.3079	benign
P50440	R206P	206	0.9076	pathogenic
P50440	R206Q	206	0.0719	benign
P50440	R206S	206	0.2426	benign
P50440	R206T	206	0.2339	benign
P50440	R206V	206	0.4403	ambiguous
P50440	R206W	206	0.2826	benign
P50440	R206Y	206	0.3718	ambiguous
P50440	G207A	207	0.8651	pathogenic
P50440	G207C	207	0.8904	pathogenic
P50440	G207D	207	0.8256	pathogenic
P50440	G207E	207	0.9134	pathogenic
P50440	G207F	207	0.9937	pathogenic
P50440	G207H	207	0.9655	pathogenic
P50440	G207I	207	0.9882	pathogenic
P50440	G207K	207	0.9536	pathogenic
P50440	G207L	207	0.9902	pathogenic
P50440	G207M	207	0.9903	pathogenic
P50440	G207N	207	0.895	pathogenic
P50440	G207P	207	0.9959	pathogenic
P50440	G207Q	207	0.9304	pathogenic
P50440	G207R	207	0.9255	pathogenic
P50440	G207S	207	0.6824	pathogenic
P50440	G207T	207	0.9205	pathogenic
P50440	G207V	207	0.9714	pathogenic
P50440	G207W	207	0.984	pathogenic
P50440	G207Y	207	0.9779	pathogenic
P50440	A208C	208	0.6208	pathogenic
P50440	A208D	208	0.9887	pathogenic
P50440	A208E	208	0.9866	pathogenic
P50440	A208F	208	0.9445	pathogenic
P50440	A208G	208	0.2637	benign
P50440	A208H	208	0.9837	pathogenic
P50440	A208I	208	0.9487	pathogenic
P50440	A208K	208	0.9963	pathogenic
P50440	A208L	208	0.9097	pathogenic
P50440	A208M	208	0.8789	pathogenic
P50440	A208N	208	0.9688	pathogenic
P50440	A208P	208	0.9811	pathogenic
P50440	A208Q	208	0.9632	pathogenic
P50440	A208R	208	0.9878	pathogenic
P50440	A208S	208	0.1645	benign
P50440	A208T	208	0.6466	pathogenic
P50440	A208V	208	0.7736	pathogenic
P50440	A208W	208	0.9938	pathogenic
P50440	A208Y	208	0.9812	pathogenic
P50440	K209A	209	0.4373	ambiguous
P50440	K209C	209	0.5148	ambiguous
P50440	K209D	209	0.8412	pathogenic
P50440	K209E	209	0.3616	ambiguous
P50440	K209F	209	0.778	pathogenic
P50440	K209G	209	0.5596	ambiguous
P50440	K209H	209	0.3002	benign
P50440	K209I	209	0.3822	ambiguous
P50440	K209L	209	0.2958	benign
P50440	K209M	209	0.2539	benign
P50440	K209N	209	0.5829	pathogenic
P50440	K209P	209	0.9175	pathogenic
P50440	K209Q	209	0.1454	benign
P50440	K209R	209	0.0684	benign
P50440	K209S	209	0.5332	ambiguous
P50440	K209T	209	0.2445	benign
P50440	K209V	209	0.3054	benign
P50440	K209W	209	0.7708	pathogenic
P50440	K209Y	209	0.6499	pathogenic
P50440	W210A	210	0.995	pathogenic
P50440	W210C	210	0.9931	pathogenic
P50440	W210D	210	0.9996	pathogenic
P50440	W210E	210	0.9993	pathogenic
P50440	W210F	210	0.7593	pathogenic
P50440	W210G	210	0.9827	pathogenic
P50440	W210H	210	0.9848	pathogenic
P50440	W210I	210	0.9866	pathogenic
P50440	W210K	210	0.9997	pathogenic
P50440	W210L	210	0.9779	pathogenic
P50440	W210M	210	0.9892	pathogenic
P50440	W210N	210	0.9986	pathogenic
P50440	W210P	210	0.9995	pathogenic
P50440	W210Q	210	0.9991	pathogenic
P50440	W210R	210	0.9993	pathogenic
P50440	W210S	210	0.9925	pathogenic
P50440	W210T	210	0.9965	pathogenic
P50440	W210V	210	0.9878	pathogenic
P50440	W210Y	210	0.9169	pathogenic
P50440	T211A	211	0.3103	benign
P50440	T211C	211	0.4663	ambiguous
P50440	T211D	211	0.955	pathogenic
P50440	T211E	211	0.9062	pathogenic
P50440	T211F	211	0.8761	pathogenic
P50440	T211G	211	0.716	pathogenic
P50440	T211H	211	0.7446	pathogenic
P50440	T211I	211	0.5525	ambiguous
P50440	T211K	211	0.8665	pathogenic
P50440	T211L	211	0.5093	ambiguous
P50440	T211M	211	0.2777	benign
P50440	T211N	211	0.5885	pathogenic
P50440	T211P	211	0.9427	pathogenic
P50440	T211Q	211	0.7563	pathogenic
P50440	T211R	211	0.8095	pathogenic
P50440	T211S	211	0.2422	benign
P50440	T211V	211	0.3322	benign
P50440	T211W	211	0.9627	pathogenic
P50440	T211Y	211	0.8773	pathogenic
P50440	T212A	212	0.057	benign
P50440	T212C	212	0.3061	benign
P50440	T212D	212	0.95	pathogenic
P50440	T212E	212	0.892	pathogenic
P50440	T212F	212	0.8813	pathogenic
P50440	T212G	212	0.4425	ambiguous
P50440	T212H	212	0.8479	pathogenic
P50440	T212I	212	0.3872	ambiguous
P50440	T212K	212	0.8969	pathogenic
P50440	T212L	212	0.326	benign
P50440	T212M	212	0.1876	benign
P50440	T212N	212	0.4929	ambiguous
P50440	T212P	212	0.4163	ambiguous
P50440	T212Q	212	0.7139	pathogenic
P50440	T212R	212	0.8357	pathogenic
P50440	T212S	212	0.1509	benign
P50440	T212V	212	0.1487	benign
P50440	T212W	212	0.9816	pathogenic
P50440	T212Y	212	0.9229	pathogenic
P50440	A213C	213	0.7315	pathogenic
P50440	A213D	213	0.9967	pathogenic
P50440	A213E	213	0.9932	pathogenic
P50440	A213F	213	0.9709	pathogenic
P50440	A213G	213	0.325	benign
P50440	A213H	213	0.9935	pathogenic
P50440	A213I	213	0.8348	pathogenic
P50440	A213K	213	0.998	pathogenic
P50440	A213L	213	0.7584	pathogenic
P50440	A213M	213	0.8059	pathogenic
P50440	A213N	213	0.9796	pathogenic
P50440	A213P	213	0.2725	benign
P50440	A213Q	213	0.9752	pathogenic
P50440	A213R	213	0.9934	pathogenic
P50440	A213S	213	0.2951	benign
P50440	A213T	213	0.6186	pathogenic
P50440	A213V	213	0.5109	ambiguous
P50440	A213W	213	0.9984	pathogenic
P50440	A213Y	213	0.9938	pathogenic
P50440	P214A	214	0.8481	pathogenic
P50440	P214C	214	0.9868	pathogenic
P50440	P214D	214	0.9992	pathogenic
P50440	P214E	214	0.9971	pathogenic
P50440	P214F	214	0.9986	pathogenic
P50440	P214G	214	0.9864	pathogenic
P50440	P214H	214	0.9928	pathogenic
P50440	P214I	214	0.9897	pathogenic
P50440	P214K	214	0.9975	pathogenic
P50440	P214L	214	0.9443	pathogenic
P50440	P214M	214	0.9924	pathogenic
P50440	P214N	214	0.9987	pathogenic
P50440	P214Q	214	0.9881	pathogenic
P50440	P214R	214	0.9884	pathogenic
P50440	P214S	214	0.9661	pathogenic
P50440	P214T	214	0.9695	pathogenic
P50440	P214V	214	0.9666	pathogenic
P50440	P214W	214	0.999	pathogenic
P50440	P214Y	214	0.9987	pathogenic
P50440	K215A	215	0.9827	pathogenic
P50440	K215C	215	0.9744	pathogenic
P50440	K215D	215	0.9991	pathogenic
P50440	K215E	215	0.9901	pathogenic
P50440	K215F	215	0.9957	pathogenic
P50440	K215G	215	0.9933	pathogenic
P50440	K215H	215	0.9274	pathogenic
P50440	K215I	215	0.9731	pathogenic
P50440	K215L	215	0.94	pathogenic
P50440	K215M	215	0.93	pathogenic
P50440	K215N	215	0.9964	pathogenic
P50440	K215P	215	0.9804	pathogenic
P50440	K215Q	215	0.8861	pathogenic
P50440	K215R	215	0.2297	benign
P50440	K215S	215	0.9928	pathogenic
P50440	K215T	215	0.9738	pathogenic
P50440	K215V	215	0.9543	pathogenic
P50440	K215W	215	0.9947	pathogenic
P50440	K215Y	215	0.9832	pathogenic
P50440	P216A	216	0.4588	ambiguous
P50440	P216C	216	0.9153	pathogenic
P50440	P216D	216	0.9978	pathogenic
P50440	P216E	216	0.9949	pathogenic
P50440	P216F	216	0.9982	pathogenic
P50440	P216G	216	0.926	pathogenic
P50440	P216H	216	0.9899	pathogenic
P50440	P216I	216	0.9804	pathogenic
P50440	P216K	216	0.9973	pathogenic
P50440	P216L	216	0.9201	pathogenic
P50440	P216M	216	0.9748	pathogenic
P50440	P216N	216	0.9911	pathogenic
P50440	P216Q	216	0.98	pathogenic
P50440	P216R	216	0.9905	pathogenic
P50440	P216S	216	0.81	pathogenic
P50440	P216T	216	0.8469	pathogenic
P50440	P216V	216	0.9159	pathogenic
P50440	P216W	216	0.9994	pathogenic
P50440	P216Y	216	0.9981	pathogenic
P50440	T217A	217	0.0823	benign
P50440	T217C	217	0.3354	benign
P50440	T217D	217	0.663	pathogenic
P50440	T217E	217	0.3635	ambiguous
P50440	T217F	217	0.4296	ambiguous
P50440	T217G	217	0.2384	benign
P50440	T217H	217	0.4713	ambiguous
P50440	T217I	217	0.2268	benign
P50440	T217K	217	0.2853	benign
P50440	T217L	217	0.0618	benign
P50440	T217M	217	0.0749	benign
P50440	T217N	217	0.2417	benign
P50440	T217P	217	0.4427	ambiguous
P50440	T217Q	217	0.2192	benign
P50440	T217R	217	0.2134	benign
P50440	T217S	217	0.1318	benign
P50440	T217V	217	0.1477	benign
P50440	T217W	217	0.7701	pathogenic
P50440	T217Y	217	0.4949	ambiguous
P50440	M218A	218	0.94	pathogenic
P50440	M218C	218	0.8659	pathogenic
P50440	M218D	218	0.9985	pathogenic
P50440	M218E	218	0.9924	pathogenic
P50440	M218F	218	0.9402	pathogenic
P50440	M218G	218	0.9719	pathogenic
P50440	M218H	218	0.9914	pathogenic
P50440	M218I	218	0.9793	pathogenic
P50440	M218K	218	0.9762	pathogenic
P50440	M218L	218	0.4257	ambiguous
P50440	M218N	218	0.9769	pathogenic
P50440	M218P	218	0.9964	pathogenic
P50440	M218Q	218	0.9481	pathogenic
P50440	M218R	218	0.9798	pathogenic
P50440	M218S	218	0.9618	pathogenic
P50440	M218T	218	0.9597	pathogenic
P50440	M218V	218	0.6172	pathogenic
P50440	M218W	218	0.9957	pathogenic
P50440	M218Y	218	0.9907	pathogenic
P50440	A219C	219	0.3769	ambiguous
P50440	A219D	219	0.2892	benign
P50440	A219E	219	0.2993	benign
P50440	A219F	219	0.5979	pathogenic
P50440	A219G	219	0.1083	benign
P50440	A219H	219	0.4717	ambiguous
P50440	A219I	219	0.5675	pathogenic
P50440	A219K	219	0.3736	ambiguous
P50440	A219L	219	0.2844	benign
P50440	A219M	219	0.3346	benign
P50440	A219N	219	0.2857	benign
P50440	A219P	219	0.845	pathogenic
P50440	A219Q	219	0.3364	benign
P50440	A219R	219	0.3434	ambiguous
P50440	A219S	219	0.0705	benign
P50440	A219T	219	0.1086	benign
P50440	A219V	219	0.299	benign
P50440	A219W	219	0.8167	pathogenic
P50440	A219Y	219	0.5866	pathogenic
P50440	D220A	220	0.271	benign
P50440	D220C	220	0.7588	pathogenic
P50440	D220E	220	0.2424	benign
P50440	D220F	220	0.8813	pathogenic
P50440	D220G	220	0.2867	benign
P50440	D220H	220	0.4581	ambiguous
P50440	D220I	220	0.6761	pathogenic
P50440	D220K	220	0.4506	ambiguous
P50440	D220L	220	0.6329	pathogenic
P50440	D220M	220	0.7793	pathogenic
P50440	D220N	220	0.101	benign
P50440	D220P	220	0.6921	pathogenic
P50440	D220Q	220	0.4788	ambiguous
P50440	D220R	220	0.524	ambiguous
P50440	D220S	220	0.169	benign
P50440	D220T	220	0.3675	ambiguous
P50440	D220V	220	0.4749	ambiguous
P50440	D220W	220	0.9515	pathogenic
P50440	D220Y	220	0.5158	ambiguous
P50440	E221A	221	0.0886	benign
P50440	E221C	221	0.5556	ambiguous
P50440	E221D	221	0.0988	benign
P50440	E221F	221	0.6972	pathogenic
P50440	E221G	221	0.1481	benign
P50440	E221H	221	0.2675	benign
P50440	E221I	221	0.2844	benign
P50440	E221K	221	0.1044	benign
P50440	E221L	221	0.3356	benign
P50440	E221M	221	0.351	ambiguous
P50440	E221N	221	0.1705	benign
P50440	E221P	221	0.6236	pathogenic
P50440	E221Q	221	0.1154	benign
P50440	E221R	221	0.1812	benign
P50440	E221S	221	0.118	benign
P50440	E221T	221	0.1535	benign
P50440	E221V	221	0.1877	benign
P50440	E221W	221	0.7862	pathogenic
P50440	E221Y	221	0.4591	ambiguous
P50440	L222A	222	0.8527	pathogenic
P50440	L222C	222	0.909	pathogenic
P50440	L222D	222	0.9871	pathogenic
P50440	L222E	222	0.9617	pathogenic
P50440	L222F	222	0.7933	pathogenic
P50440	L222G	222	0.9417	pathogenic
P50440	L222H	222	0.9423	pathogenic
P50440	L222I	222	0.3842	ambiguous
P50440	L222K	222	0.971	pathogenic
P50440	L222M	222	0.2979	benign
P50440	L222N	222	0.8889	pathogenic
P50440	L222P	222	0.9928	pathogenic
P50440	L222Q	222	0.8602	pathogenic
P50440	L222R	222	0.9593	pathogenic
P50440	L222S	222	0.8825	pathogenic
P50440	L222T	222	0.6887	pathogenic
P50440	L222V	222	0.4997	ambiguous
P50440	L222W	222	0.9615	pathogenic
P50440	L222Y	222	0.9451	pathogenic
P50440	Y223A	223	0.9938	pathogenic
P50440	Y223C	223	0.866	pathogenic
P50440	Y223D	223	0.9866	pathogenic
P50440	Y223E	223	0.9967	pathogenic
P50440	Y223F	223	0.1633	benign
P50440	Y223G	223	0.9749	pathogenic
P50440	Y223H	223	0.9445	pathogenic
P50440	Y223I	223	0.9579	pathogenic
P50440	Y223K	223	0.9964	pathogenic
P50440	Y223L	223	0.8801	pathogenic
P50440	Y223M	223	0.9715	pathogenic
P50440	Y223N	223	0.9603	pathogenic
P50440	Y223P	223	0.9963	pathogenic
P50440	Y223Q	223	0.994	pathogenic
P50440	Y223R	223	0.9845	pathogenic
P50440	Y223S	223	0.9713	pathogenic
P50440	Y223T	223	0.9901	pathogenic
P50440	Y223V	223	0.9425	pathogenic
P50440	Y223W	223	0.6624	pathogenic
P50440	N224A	224	0.1957	benign
P50440	N224C	224	0.1512	benign
P50440	N224D	224	0.0518	benign
P50440	N224E	224	0.2049	benign
P50440	N224F	224	0.5094	ambiguous
P50440	N224G	224	0.4915	ambiguous
P50440	N224H	224	0.0894	benign
P50440	N224I	224	0.1328	benign
P50440	N224K	224	0.2811	benign
P50440	N224L	224	0.2146	benign
P50440	N224M	224	0.2993	benign
P50440	N224P	224	0.9004	pathogenic
P50440	N224Q	224	0.1913	benign
P50440	N224R	224	0.2575	benign
P50440	N224S	224	0.0778	benign
P50440	N224T	224	0.1638	benign
P50440	N224V	224	0.1133	benign
P50440	N224W	224	0.7281	pathogenic
P50440	N224Y	224	0.1339	benign
P50440	Q225A	225	0.1135	benign
P50440	Q225C	225	0.3376	benign
P50440	Q225D	225	0.213	benign
P50440	Q225E	225	0.0674	benign
P50440	Q225F	225	0.3861	ambiguous
P50440	Q225G	225	0.1548	benign
P50440	Q225H	225	0.1205	benign
P50440	Q225I	225	0.2014	benign
P50440	Q225K	225	0.0558	benign
P50440	Q225L	225	0.0843	benign
P50440	Q225M	225	0.1991	benign
P50440	Q225N	225	0.1806	benign
P50440	Q225P	225	0.0721	benign
P50440	Q225R	225	0.0663	benign
P50440	Q225S	225	0.1394	benign
P50440	Q225T	225	0.1059	benign
P50440	Q225V	225	0.1389	benign
P50440	Q225W	225	0.2403	benign
P50440	Q225Y	225	0.2295	benign
P50440	D226A	226	0.1016	benign
P50440	D226C	226	0.3857	ambiguous
P50440	D226E	226	0.0987	benign
P50440	D226F	226	0.4292	ambiguous
P50440	D226G	226	0.117	benign
P50440	D226H	226	0.1444	benign
P50440	D226I	226	0.2511	benign
P50440	D226K	226	0.1777	benign
P50440	D226L	226	0.2564	benign
P50440	D226M	226	0.3918	ambiguous
P50440	D226N	226	0.0681	benign
P50440	D226P	226	0.716	pathogenic
P50440	D226Q	226	0.1569	benign
P50440	D226R	226	0.2243	benign
P50440	D226S	226	0.0876	benign
P50440	D226T	226	0.1263	benign
P50440	D226V	226	0.1594	benign
P50440	D226W	226	0.7634	pathogenic
P50440	D226Y	226	0.1577	benign
P50440	Y227A	227	0.9767	pathogenic
P50440	Y227C	227	0.8705	pathogenic
P50440	Y227D	227	0.9258	pathogenic
P50440	Y227E	227	0.9893	pathogenic
P50440	Y227F	227	0.2019	benign
P50440	Y227G	227	0.9517	pathogenic
P50440	Y227H	227	0.8909	pathogenic
P50440	Y227I	227	0.9117	pathogenic
P50440	Y227K	227	0.9873	pathogenic
P50440	Y227L	227	0.864	pathogenic
P50440	Y227M	227	0.9512	pathogenic
P50440	Y227N	227	0.8597	pathogenic
P50440	Y227P	227	0.9843	pathogenic
P50440	Y227Q	227	0.9854	pathogenic
P50440	Y227R	227	0.9744	pathogenic
P50440	Y227S	227	0.8793	pathogenic
P50440	Y227T	227	0.9548	pathogenic
P50440	Y227V	227	0.8909	pathogenic
P50440	Y227W	227	0.7685	pathogenic
P50440	P228A	228	0.1685	benign
P50440	P228C	228	0.672	pathogenic
P50440	P228D	228	0.6959	pathogenic
P50440	P228E	228	0.5294	ambiguous
P50440	P228F	228	0.8031	pathogenic
P50440	P228G	228	0.5816	pathogenic
P50440	P228H	228	0.4615	ambiguous
P50440	P228I	228	0.5673	pathogenic
P50440	P228K	228	0.5234	ambiguous
P50440	P228L	228	0.2923	benign
P50440	P228M	228	0.611	pathogenic
P50440	P228N	228	0.6379	pathogenic
P50440	P228Q	228	0.3995	ambiguous
P50440	P228R	228	0.3819	ambiguous
P50440	P228S	228	0.3168	benign
P50440	P228T	228	0.2526	benign
P50440	P228V	228	0.3846	ambiguous
P50440	P228W	228	0.8914	pathogenic
P50440	P228Y	228	0.7394	pathogenic
P50440	I229A	229	0.4171	ambiguous
P50440	I229C	229	0.6503	pathogenic
P50440	I229D	229	0.6653	pathogenic
P50440	I229E	229	0.5928	pathogenic
P50440	I229F	229	0.1709	benign
P50440	I229G	229	0.7015	pathogenic
P50440	I229H	229	0.5704	pathogenic
P50440	I229K	229	0.4925	ambiguous
P50440	I229L	229	0.0931	benign
P50440	I229M	229	0.099	benign
P50440	I229N	229	0.3289	benign
P50440	I229P	229	0.6512	pathogenic
P50440	I229Q	229	0.5119	ambiguous
P50440	I229R	229	0.3925	ambiguous
P50440	I229S	229	0.348	ambiguous
P50440	I229T	229	0.3764	ambiguous
P50440	I229V	229	0.0774	benign
P50440	I229W	229	0.7658	pathogenic
P50440	I229Y	229	0.4853	ambiguous
P50440	H230A	230	0.1603	benign
P50440	H230C	230	0.0924	benign
P50440	H230D	230	0.1427	benign
P50440	H230E	230	0.1567	benign
P50440	H230F	230	0.23	benign
P50440	H230G	230	0.1825	benign
P50440	H230I	230	0.1937	benign
P50440	H230K	230	0.1223	benign
P50440	H230L	230	0.0887	benign
P50440	H230M	230	0.3104	benign
P50440	H230N	230	0.0911	benign
P50440	H230P	230	0.3322	benign
P50440	H230Q	230	0.0938	benign
P50440	H230R	230	0.0565	benign
P50440	H230S	230	0.1371	benign
P50440	H230T	230	0.1314	benign
P50440	H230V	230	0.1543	benign
P50440	H230W	230	0.2678	benign
P50440	H230Y	230	0.0842	benign
P50440	S231A	231	0.1273	benign
P50440	S231C	231	0.1048	benign
P50440	S231D	231	0.2427	benign
P50440	S231E	231	0.4969	ambiguous
P50440	S231F	231	0.4888	ambiguous
P50440	S231G	231	0.089	benign
P50440	S231H	231	0.3056	benign
P50440	S231I	231	0.4425	ambiguous
P50440	S231K	231	0.4539	ambiguous
P50440	S231L	231	0.1638	benign
P50440	S231M	231	0.2662	benign
P50440	S231N	231	0.1106	benign
P50440	S231P	231	0.6509	pathogenic
P50440	S231Q	231	0.4922	ambiguous
P50440	S231R	231	0.4272	ambiguous
P50440	S231T	231	0.0597	benign
P50440	S231V	231	0.3778	ambiguous
P50440	S231W	231	0.5482	ambiguous
P50440	S231Y	231	0.2955	benign
P50440	V232A	232	0.2179	benign
P50440	V232C	232	0.8305	pathogenic
P50440	V232D	232	0.4761	ambiguous
P50440	V232E	232	0.3362	benign
P50440	V232F	232	0.307	benign
P50440	V232G	232	0.4175	ambiguous
P50440	V232H	232	0.679	pathogenic
P50440	V232I	232	0.0792	benign
P50440	V232K	232	0.3703	ambiguous
P50440	V232L	232	0.2486	benign
P50440	V232M	232	0.1762	benign
P50440	V232N	232	0.4137	ambiguous
P50440	V232P	232	0.3928	ambiguous
P50440	V232Q	232	0.405	ambiguous
P50440	V232R	232	0.3524	ambiguous
P50440	V232S	232	0.341	ambiguous
P50440	V232T	232	0.2091	benign
P50440	V232W	232	0.8641	pathogenic
P50440	V232Y	232	0.6846	pathogenic
P50440	E233A	233	0.0856	benign
P50440	E233C	233	0.706	pathogenic
P50440	E233D	233	0.1144	benign
P50440	E233F	233	0.6915	pathogenic
P50440	E233G	233	0.1603	benign
P50440	E233H	233	0.3039	benign
P50440	E233I	233	0.2895	benign
P50440	E233K	233	0.1091	benign
P50440	E233L	233	0.3225	benign
P50440	E233M	233	0.3725	ambiguous
P50440	E233N	233	0.2104	benign
P50440	E233P	233	0.4401	ambiguous
P50440	E233Q	233	0.1109	benign
P50440	E233R	233	0.1748	benign
P50440	E233S	233	0.1384	benign
P50440	E233T	233	0.1581	benign
P50440	E233V	233	0.1833	benign
P50440	E233W	233	0.7911	pathogenic
P50440	E233Y	233	0.4768	ambiguous
P50440	D234A	234	0.1338	benign
P50440	D234C	234	0.625	pathogenic
P50440	D234E	234	0.1236	benign
P50440	D234F	234	0.5695	pathogenic
P50440	D234G	234	0.1924	benign
P50440	D234H	234	0.2591	benign
P50440	D234I	234	0.3308	benign
P50440	D234K	234	0.3417	ambiguous
P50440	D234L	234	0.3248	benign
P50440	D234M	234	0.4914	ambiguous
P50440	D234N	234	0.125	benign
P50440	D234P	234	0.9323	pathogenic
P50440	D234Q	234	0.2545	benign
P50440	D234R	234	0.436	ambiguous
P50440	D234S	234	0.1487	benign
P50440	D234T	234	0.2398	benign
P50440	D234V	234	0.1902	benign
P50440	D234W	234	0.8645	pathogenic
P50440	D234Y	234	0.2016	benign
P50440	R235A	235	0.9799	pathogenic
P50440	R235C	235	0.7754	pathogenic
P50440	R235D	235	0.994	pathogenic
P50440	R235E	235	0.9502	pathogenic
P50440	R235F	235	0.9932	pathogenic
P50440	R235G	235	0.96	pathogenic
P50440	R235H	235	0.7781	pathogenic
P50440	R235I	235	0.9373	pathogenic
P50440	R235K	235	0.556	ambiguous
P50440	R235L	235	0.9228	pathogenic
P50440	R235M	235	0.9641	pathogenic
P50440	R235N	235	0.9871	pathogenic
P50440	R235P	235	0.9947	pathogenic
P50440	R235Q	235	0.5818	pathogenic
P50440	R235S	235	0.9876	pathogenic
P50440	R235T	235	0.9717	pathogenic
P50440	R235V	235	0.9664	pathogenic
P50440	R235W	235	0.8779	pathogenic
P50440	R235Y	235	0.9651	pathogenic
P50440	H236A	236	0.6175	pathogenic
P50440	H236C	236	0.2913	benign
P50440	H236D	236	0.6153	pathogenic
P50440	H236E	236	0.4664	ambiguous
P50440	H236F	236	0.5102	ambiguous
P50440	H236G	236	0.6834	pathogenic
P50440	H236I	236	0.5677	pathogenic
P50440	H236K	236	0.3512	ambiguous
P50440	H236L	236	0.2669	benign
P50440	H236M	236	0.6244	pathogenic
P50440	H236N	236	0.2609	benign
P50440	H236P	236	0.7965	pathogenic
P50440	H236Q	236	0.307	benign
P50440	H236R	236	0.2009	benign
P50440	H236S	236	0.557	ambiguous
P50440	H236T	236	0.6351	pathogenic
P50440	H236V	236	0.5361	ambiguous
P50440	H236W	236	0.4464	ambiguous
P50440	H236Y	236	0.1657	benign
P50440	K237A	237	0.1582	benign
P50440	K237C	237	0.3112	benign
P50440	K237D	237	0.3458	ambiguous
P50440	K237E	237	0.0994	benign
P50440	K237F	237	0.4223	ambiguous
P50440	K237G	237	0.3068	benign
P50440	K237H	237	0.1483	benign
P50440	K237I	237	0.1223	benign
P50440	K237L	237	0.1219	benign
P50440	K237M	237	0.1108	benign
P50440	K237N	237	0.2302	benign
P50440	K237P	237	0.8995	pathogenic
P50440	K237Q	237	0.0791	benign
P50440	K237R	237	0.0619	benign
P50440	K237S	237	0.2306	benign
P50440	K237T	237	0.106	benign
P50440	K237V	237	0.1326	benign
P50440	K237W	237	0.4458	ambiguous
P50440	K237Y	237	0.3028	benign
P50440	L238A	238	0.5873	pathogenic
P50440	L238C	238	0.8046	pathogenic
P50440	L238D	238	0.9335	pathogenic
P50440	L238E	238	0.7028	pathogenic
P50440	L238F	238	0.3478	ambiguous
P50440	L238G	238	0.8839	pathogenic
P50440	L238H	238	0.573	pathogenic
P50440	L238I	238	0.3205	benign
P50440	L238K	238	0.5522	ambiguous
P50440	L238M	238	0.2071	benign
P50440	L238N	238	0.7881	pathogenic
P50440	L238P	238	0.9723	pathogenic
P50440	L238Q	238	0.3737	ambiguous
P50440	L238R	238	0.4015	ambiguous
P50440	L238S	238	0.7614	pathogenic
P50440	L238T	238	0.7353	pathogenic
P50440	L238V	238	0.354	ambiguous
P50440	L238W	238	0.4165	ambiguous
P50440	L238Y	238	0.5091	ambiguous
P50440	A239C	239	0.7773	pathogenic
P50440	A239D	239	0.9511	pathogenic
P50440	A239E	239	0.8735	pathogenic
P50440	A239F	239	0.8925	pathogenic
P50440	A239G	239	0.5263	ambiguous
P50440	A239H	239	0.9104	pathogenic
P50440	A239I	239	0.7964	pathogenic
P50440	A239K	239	0.966	pathogenic
P50440	A239L	239	0.7032	pathogenic
P50440	A239M	239	0.7539	pathogenic
P50440	A239N	239	0.8877	pathogenic
P50440	A239P	239	0.9511	pathogenic
P50440	A239Q	239	0.835	pathogenic
P50440	A239R	239	0.9075	pathogenic
P50440	A239S	239	0.2114	benign
P50440	A239T	239	0.4255	ambiguous
P50440	A239V	239	0.471	ambiguous
P50440	A239W	239	0.9789	pathogenic
P50440	A239Y	239	0.9217	pathogenic
P50440	A240C	240	0.4212	ambiguous
P50440	A240D	240	0.2294	benign
P50440	A240E	240	0.1358	benign
P50440	A240F	240	0.3058	benign
P50440	A240G	240	0.1634	benign
P50440	A240H	240	0.3224	benign
P50440	A240I	240	0.2639	benign
P50440	A240K	240	0.2536	benign
P50440	A240L	240	0.1571	benign
P50440	A240M	240	0.2116	benign
P50440	A240N	240	0.2367	benign
P50440	A240P	240	0.8946	pathogenic
P50440	A240Q	240	0.1791	benign
P50440	A240R	240	0.2189	benign
P50440	A240S	240	0.0873	benign
P50440	A240T	240	0.1095	benign
P50440	A240V	240	0.1533	benign
P50440	A240W	240	0.6614	pathogenic
P50440	A240Y	240	0.3613	ambiguous
P50440	Q241A	241	0.122	benign
P50440	Q241C	241	0.4678	ambiguous
P50440	Q241D	241	0.2294	benign
P50440	Q241E	241	0.0551	benign
P50440	Q241F	241	0.6912	pathogenic
P50440	Q241G	241	0.2287	benign
P50440	Q241H	241	0.231	benign
P50440	Q241I	241	0.2776	benign
P50440	Q241K	241	0.0823	benign
P50440	Q241L	241	0.0965	benign
P50440	Q241M	241	0.229	benign
P50440	Q241N	241	0.2481	benign
P50440	Q241P	241	0.6149	pathogenic
P50440	Q241R	241	0.1001	benign
P50440	Q241S	241	0.1861	benign
P50440	Q241T	241	0.1638	benign
P50440	Q241V	241	0.1844	benign
P50440	Q241W	241	0.5176	ambiguous
P50440	Q241Y	241	0.4577	ambiguous
P50440	G242A	242	0.5803	pathogenic
P50440	G242C	242	0.727	pathogenic
P50440	G242D	242	0.5002	ambiguous
P50440	G242E	242	0.5752	pathogenic
P50440	G242F	242	0.9726	pathogenic
P50440	G242H	242	0.8178	pathogenic
P50440	G242I	242	0.973	pathogenic
P50440	G242K	242	0.7985	pathogenic
P50440	G242L	242	0.9434	pathogenic
P50440	G242M	242	0.9297	pathogenic
P50440	G242N	242	0.5478	ambiguous
P50440	G242P	242	0.997	pathogenic
P50440	G242Q	242	0.6461	pathogenic
P50440	G242R	242	0.7363	pathogenic
P50440	G242S	242	0.4168	ambiguous
P50440	G242T	242	0.8674	pathogenic
P50440	G242V	242	0.941	pathogenic
P50440	G242W	242	0.9164	pathogenic
P50440	G242Y	242	0.8648	pathogenic
P50440	K243A	243	0.2904	benign
P50440	K243C	243	0.4443	ambiguous
P50440	K243D	243	0.4627	ambiguous
P50440	K243E	243	0.1249	benign
P50440	K243F	243	0.6272	pathogenic
P50440	K243G	243	0.5609	ambiguous
P50440	K243H	243	0.197	benign
P50440	K243I	243	0.1441	benign
P50440	K243L	243	0.2087	benign
P50440	K243M	243	0.1368	benign
P50440	K243N	243	0.2796	benign
P50440	K243P	243	0.9638	pathogenic
P50440	K243Q	243	0.0912	benign
P50440	K243R	243	0.0837	benign
P50440	K243S	243	0.3453	ambiguous
P50440	K243T	243	0.13	benign
P50440	K243V	243	0.1599	benign
P50440	K243W	243	0.6884	pathogenic
P50440	K243Y	243	0.4341	ambiguous
P50440	F244A	244	0.977	pathogenic
P50440	F244C	244	0.917	pathogenic
P50440	F244D	244	0.9895	pathogenic
P50440	F244E	244	0.9941	pathogenic
P50440	F244G	244	0.9795	pathogenic
P50440	F244H	244	0.9226	pathogenic
P50440	F244I	244	0.9475	pathogenic
P50440	F244K	244	0.9941	pathogenic
P50440	F244L	244	0.9916	pathogenic
P50440	F244M	244	0.9375	pathogenic
P50440	F244N	244	0.9519	pathogenic
P50440	F244P	244	0.9989	pathogenic
P50440	F244Q	244	0.9869	pathogenic
P50440	F244R	244	0.986	pathogenic
P50440	F244S	244	0.9486	pathogenic
P50440	F244T	244	0.9728	pathogenic
P50440	F244V	244	0.9313	pathogenic
P50440	F244W	244	0.6765	pathogenic
P50440	F244Y	244	0.2305	benign
P50440	V245A	245	0.7767	pathogenic
P50440	V245C	245	0.9247	pathogenic
P50440	V245D	245	0.9951	pathogenic
P50440	V245E	245	0.9876	pathogenic
P50440	V245F	245	0.91	pathogenic
P50440	V245G	245	0.9244	pathogenic
P50440	V245H	245	0.9944	pathogenic
P50440	V245I	245	0.1556	benign
P50440	V245K	245	0.9921	pathogenic
P50440	V245L	245	0.8342	pathogenic
P50440	V245M	245	0.8401	pathogenic
P50440	V245N	245	0.9732	pathogenic
P50440	V245P	245	0.977	pathogenic
P50440	V245Q	245	0.9753	pathogenic
P50440	V245R	245	0.9765	pathogenic
P50440	V245S	245	0.8651	pathogenic
P50440	V245T	245	0.8188	pathogenic
P50440	V245W	245	0.9983	pathogenic
P50440	V245Y	245	0.9906	pathogenic
P50440	T246A	246	0.766	pathogenic
P50440	T246C	246	0.9294	pathogenic
P50440	T246D	246	0.9963	pathogenic
P50440	T246E	246	0.9936	pathogenic
P50440	T246F	246	0.9941	pathogenic
P50440	T246G	246	0.9628	pathogenic
P50440	T246H	246	0.9899	pathogenic
P50440	T246I	246	0.7956	pathogenic
P50440	T246K	246	0.9921	pathogenic
P50440	T246L	246	0.5909	pathogenic
P50440	T246M	246	0.6835	pathogenic
P50440	T246N	246	0.9379	pathogenic
P50440	T246P	246	0.8921	pathogenic
P50440	T246Q	246	0.9858	pathogenic
P50440	T246R	246	0.9907	pathogenic
P50440	T246S	246	0.8285	pathogenic
P50440	T246V	246	0.6532	pathogenic
P50440	T246W	246	0.999	pathogenic
P50440	T246Y	246	0.9961	pathogenic
P50440	T247A	247	0.3844	ambiguous
P50440	T247C	247	0.7997	pathogenic
P50440	T247D	247	0.6954	pathogenic
P50440	T247E	247	0.7673	pathogenic
P50440	T247F	247	0.9492	pathogenic
P50440	T247G	247	0.4401	ambiguous
P50440	T247H	247	0.6823	pathogenic
P50440	T247I	247	0.9207	pathogenic
P50440	T247K	247	0.5618	ambiguous
P50440	T247L	247	0.5515	ambiguous
P50440	T247M	247	0.3987	ambiguous
P50440	T247N	247	0.1683	benign
P50440	T247P	247	0.8923	pathogenic
P50440	T247Q	247	0.6142	pathogenic
P50440	T247R	247	0.4616	ambiguous
P50440	T247S	247	0.1834	benign
P50440	T247V	247	0.76	pathogenic
P50440	T247W	247	0.9727	pathogenic
P50440	T247Y	247	0.9004	pathogenic
P50440	E248A	248	0.914	pathogenic
P50440	E248C	248	0.9944	pathogenic
P50440	E248D	248	0.5954	pathogenic
P50440	E248F	248	0.9991	pathogenic
P50440	E248G	248	0.8969	pathogenic
P50440	E248H	248	0.9881	pathogenic
P50440	E248I	248	0.9932	pathogenic
P50440	E248K	248	0.9592	pathogenic
P50440	E248L	248	0.9948	pathogenic
P50440	E248M	248	0.9919	pathogenic
P50440	E248N	248	0.7212	pathogenic
P50440	E248P	248	0.986	pathogenic
P50440	E248Q	248	0.8528	pathogenic
P50440	E248R	248	0.9645	pathogenic
P50440	E248S	248	0.8574	pathogenic
P50440	E248T	248	0.96	pathogenic
P50440	E248V	248	0.9776	pathogenic
P50440	E248W	248	0.9995	pathogenic
P50440	E248Y	248	0.9957	pathogenic
P50440	F249A	249	0.4582	ambiguous
P50440	F249C	249	0.3425	ambiguous
P50440	F249D	249	0.6572	pathogenic
P50440	F249E	249	0.7342	pathogenic
P50440	F249G	249	0.8012	pathogenic
P50440	F249H	249	0.2743	benign
P50440	F249I	249	0.369	ambiguous
P50440	F249K	249	0.7474	pathogenic
P50440	F249L	249	0.874	pathogenic
P50440	F249M	249	0.603	pathogenic
P50440	F249N	249	0.5096	ambiguous
P50440	F249P	249	0.9932	pathogenic
P50440	F249Q	249	0.6838	pathogenic
P50440	F249R	249	0.6464	pathogenic
P50440	F249S	249	0.345	ambiguous
P50440	F249T	249	0.4722	ambiguous
P50440	F249V	249	0.3313	benign
P50440	F249W	249	0.3344	benign
P50440	F249Y	249	0.0836	benign
P50440	E250A	250	0.9623	pathogenic
P50440	E250C	250	0.9889	pathogenic
P50440	E250D	250	0.943	pathogenic
P50440	E250F	250	0.9988	pathogenic
P50440	E250G	250	0.9598	pathogenic
P50440	E250H	250	0.9952	pathogenic
P50440	E250I	250	0.9952	pathogenic
P50440	E250K	250	0.9862	pathogenic
P50440	E250L	250	0.9936	pathogenic
P50440	E250M	250	0.9955	pathogenic
P50440	E250N	250	0.9957	pathogenic
P50440	E250P	250	0.9986	pathogenic
P50440	E250Q	250	0.911	pathogenic
P50440	E250R	250	0.9827	pathogenic
P50440	E250S	250	0.9622	pathogenic
P50440	E250T	250	0.9906	pathogenic
P50440	E250V	250	0.9846	pathogenic
P50440	E250W	250	0.9993	pathogenic
P50440	E250Y	250	0.9968	pathogenic
P50440	P251A	251	0.67	pathogenic
P50440	P251C	251	0.9537	pathogenic
P50440	P251D	251	0.9983	pathogenic
P50440	P251E	251	0.9944	pathogenic
P50440	P251F	251	0.9914	pathogenic
P50440	P251G	251	0.9859	pathogenic
P50440	P251H	251	0.9901	pathogenic
P50440	P251I	251	0.6115	pathogenic
P50440	P251K	251	0.9968	pathogenic
P50440	P251L	251	0.6438	pathogenic
P50440	P251M	251	0.9177	pathogenic
P50440	P251N	251	0.9955	pathogenic
P50440	P251Q	251	0.987	pathogenic
P50440	P251R	251	0.99	pathogenic
P50440	P251S	251	0.9555	pathogenic
P50440	P251T	251	0.8859	pathogenic
P50440	P251V	251	0.5761	pathogenic
P50440	P251W	251	0.9979	pathogenic
P50440	P251Y	251	0.9947	pathogenic
P50440	C252A	252	0.7363	pathogenic
P50440	C252D	252	0.9992	pathogenic
P50440	C252E	252	0.9996	pathogenic
P50440	C252F	252	0.9787	pathogenic
P50440	C252G	252	0.8216	pathogenic
P50440	C252H	252	0.9978	pathogenic
P50440	C252I	252	0.9137	pathogenic
P50440	C252K	252	0.9998	pathogenic
P50440	C252L	252	0.9022	pathogenic
P50440	C252M	252	0.9708	pathogenic
P50440	C252N	252	0.9894	pathogenic
P50440	C252P	252	0.9988	pathogenic
P50440	C252Q	252	0.9978	pathogenic
P50440	C252R	252	0.9962	pathogenic
P50440	C252S	252	0.7822	pathogenic
P50440	C252T	252	0.7402	pathogenic
P50440	C252V	252	0.6661	pathogenic
P50440	C252W	252	0.9985	pathogenic
P50440	C252Y	252	0.9949	pathogenic
P50440	F253A	253	0.9974	pathogenic
P50440	F253C	253	0.9845	pathogenic
P50440	F253D	253	0.9997	pathogenic
P50440	F253E	253	0.9998	pathogenic
P50440	F253G	253	0.9983	pathogenic
P50440	F253H	253	0.9947	pathogenic
P50440	F253I	253	0.9762	pathogenic
P50440	F253K	253	0.9998	pathogenic
P50440	F253L	253	0.998	pathogenic
P50440	F253M	253	0.9876	pathogenic
P50440	F253N	253	0.9987	pathogenic
P50440	F253P	253	0.9999	pathogenic
P50440	F253Q	253	0.9993	pathogenic
P50440	F253R	253	0.9989	pathogenic
P50440	F253S	253	0.9956	pathogenic
P50440	F253T	253	0.9974	pathogenic
P50440	F253V	253	0.973	pathogenic
P50440	F253W	253	0.8441	pathogenic
P50440	F253Y	253	0.8699	pathogenic
P50440	D254A	254	0.9951	pathogenic
P50440	D254C	254	0.9981	pathogenic
P50440	D254E	254	0.9886	pathogenic
P50440	D254F	254	0.9996	pathogenic
P50440	D254G	254	0.9962	pathogenic
P50440	D254H	254	0.9967	pathogenic
P50440	D254I	254	0.9993	pathogenic
P50440	D254K	254	0.9993	pathogenic
P50440	D254L	254	0.9981	pathogenic
P50440	D254M	254	0.9998	pathogenic
P50440	D254N	254	0.9925	pathogenic
P50440	D254P	254	0.9994	pathogenic
P50440	D254Q	254	0.9988	pathogenic
P50440	D254R	254	0.9984	pathogenic
P50440	D254S	254	0.9871	pathogenic
P50440	D254T	254	0.9984	pathogenic
P50440	D254V	254	0.9976	pathogenic
P50440	D254W	254	0.9996	pathogenic
P50440	D254Y	254	0.996	pathogenic
P50440	A255C	255	0.9259	pathogenic
P50440	A255D	255	0.9977	pathogenic
P50440	A255E	255	0.9969	pathogenic
P50440	A255F	255	0.9935	pathogenic
P50440	A255G	255	0.4	ambiguous
P50440	A255H	255	0.9972	pathogenic
P50440	A255I	255	0.9895	pathogenic
P50440	A255K	255	0.9992	pathogenic
P50440	A255L	255	0.9582	pathogenic
P50440	A255M	255	0.9735	pathogenic
P50440	A255N	255	0.9902	pathogenic
P50440	A255P	255	0.9889	pathogenic
P50440	A255Q	255	0.9899	pathogenic
P50440	A255R	255	0.9945	pathogenic
P50440	A255S	255	0.4006	ambiguous
P50440	A255T	255	0.8407	pathogenic
P50440	A255V	255	0.9323	pathogenic
P50440	A255W	255	0.9995	pathogenic
P50440	A255Y	255	0.9978	pathogenic
P50440	A256C	256	0.9781	pathogenic
P50440	A256D	256	0.9988	pathogenic
P50440	A256E	256	0.9987	pathogenic
P50440	A256F	256	0.9988	pathogenic
P50440	A256G	256	0.9227	pathogenic
P50440	A256H	256	0.9985	pathogenic
P50440	A256I	256	0.9994	pathogenic
P50440	A256K	256	0.9989	pathogenic
P50440	A256L	256	0.9907	pathogenic
P50440	A256M	256	0.9972	pathogenic
P50440	A256N	256	0.9975	pathogenic
P50440	A256P	256	0.9882	pathogenic
P50440	A256Q	256	0.9941	pathogenic
P50440	A256R	256	0.9894	pathogenic
P50440	A256S	256	0.8309	pathogenic
P50440	A256T	256	0.9914	pathogenic
P50440	A256V	256	0.9974	pathogenic
P50440	A256W	256	0.9995	pathogenic
P50440	A256Y	256	0.9993	pathogenic
P50440	D257A	257	0.9955	pathogenic
P50440	D257C	257	0.9981	pathogenic
P50440	D257E	257	0.9825	pathogenic
P50440	D257F	257	0.9999	pathogenic
P50440	D257G	257	0.9946	pathogenic
P50440	D257H	257	0.9989	pathogenic
P50440	D257I	257	0.9995	pathogenic
P50440	D257K	257	0.9994	pathogenic
P50440	D257L	257	0.999	pathogenic
P50440	D257M	257	0.9998	pathogenic
P50440	D257N	257	0.9812	pathogenic
P50440	D257P	257	0.9995	pathogenic
P50440	D257Q	257	0.9991	pathogenic
P50440	D257R	257	0.9989	pathogenic
P50440	D257S	257	0.983	pathogenic
P50440	D257T	257	0.998	pathogenic
P50440	D257V	257	0.9976	pathogenic
P50440	D257W	257	0.9999	pathogenic
P50440	D257Y	257	0.9981	pathogenic
P50440	F258A	258	0.993	pathogenic
P50440	F258C	258	0.9084	pathogenic
P50440	F258D	258	0.9995	pathogenic
P50440	F258E	258	0.9997	pathogenic
P50440	F258G	258	0.9972	pathogenic
P50440	F258H	258	0.9941	pathogenic
P50440	F258I	258	0.8689	pathogenic
P50440	F258K	258	0.9997	pathogenic
P50440	F258L	258	0.9918	pathogenic
P50440	F258M	258	0.9369	pathogenic
P50440	F258N	258	0.9967	pathogenic
P50440	F258P	258	1.0	pathogenic
P50440	F258Q	258	0.999	pathogenic
P50440	F258R	258	0.9987	pathogenic
P50440	F258S	258	0.9936	pathogenic
P50440	F258T	258	0.9931	pathogenic
P50440	F258V	258	0.8726	pathogenic
P50440	F258W	258	0.938	pathogenic
P50440	F258Y	258	0.7577	pathogenic
P50440	I259A	259	0.7821	pathogenic
P50440	I259C	259	0.8348	pathogenic
P50440	I259D	259	0.994	pathogenic
P50440	I259E	259	0.9745	pathogenic
P50440	I259F	259	0.5355	ambiguous
P50440	I259G	259	0.9577	pathogenic
P50440	I259H	259	0.9605	pathogenic
P50440	I259K	259	0.9697	pathogenic
P50440	I259L	259	0.1664	benign
P50440	I259M	259	0.0966	benign
P50440	I259N	259	0.8836	pathogenic
P50440	I259P	259	0.9897	pathogenic
P50440	I259Q	259	0.8623	pathogenic
P50440	I259R	259	0.9644	pathogenic
P50440	I259S	259	0.742	pathogenic
P50440	I259T	259	0.6705	pathogenic
P50440	I259V	259	0.1898	benign
P50440	I259W	259	0.9759	pathogenic
P50440	I259Y	259	0.9332	pathogenic
P50440	R260A	260	0.9967	pathogenic
P50440	R260C	260	0.8858	pathogenic
P50440	R260D	260	0.9998	pathogenic
P50440	R260E	260	0.9977	pathogenic
P50440	R260F	260	0.9981	pathogenic
P50440	R260G	260	0.9962	pathogenic
P50440	R260H	260	0.9232	pathogenic
P50440	R260I	260	0.9901	pathogenic
P50440	R260K	260	0.6866	pathogenic
P50440	R260L	260	0.9712	pathogenic
P50440	R260M	260	0.9958	pathogenic
P50440	R260N	260	0.9995	pathogenic
P50440	R260P	260	0.9958	pathogenic
P50440	R260Q	260	0.9445	pathogenic
P50440	R260S	260	0.9991	pathogenic
P50440	R260T	260	0.9965	pathogenic
P50440	R260V	260	0.9878	pathogenic
P50440	R260W	260	0.9697	pathogenic
P50440	R260Y	260	0.9948	pathogenic
P50440	A261C	261	0.3102	benign
P50440	A261D	261	0.9951	pathogenic
P50440	A261E	261	0.9932	pathogenic
P50440	A261F	261	0.8258	pathogenic
P50440	A261G	261	0.3355	benign
P50440	A261H	261	0.9868	pathogenic
P50440	A261I	261	0.7414	pathogenic
P50440	A261K	261	0.9973	pathogenic
P50440	A261L	261	0.6054	pathogenic
P50440	A261M	261	0.6321	pathogenic
P50440	A261N	261	0.9751	pathogenic
P50440	A261P	261	0.9943	pathogenic
P50440	A261Q	261	0.9765	pathogenic
P50440	A261R	261	0.9905	pathogenic
P50440	A261S	261	0.3947	ambiguous
P50440	A261T	261	0.5442	ambiguous
P50440	A261V	261	0.4058	ambiguous
P50440	A261W	261	0.9913	pathogenic
P50440	A261Y	261	0.9607	pathogenic
P50440	G262A	262	0.9729	pathogenic
P50440	G262C	262	0.9867	pathogenic
P50440	G262D	262	0.9929	pathogenic
P50440	G262E	262	0.997	pathogenic
P50440	G262F	262	0.9991	pathogenic
P50440	G262H	262	0.9987	pathogenic
P50440	G262I	262	0.9994	pathogenic
P50440	G262K	262	0.9984	pathogenic
P50440	G262L	262	0.999	pathogenic
P50440	G262M	262	0.9996	pathogenic
P50440	G262N	262	0.9965	pathogenic
P50440	G262P	262	0.999	pathogenic
P50440	G262Q	262	0.9974	pathogenic
P50440	G262R	262	0.993	pathogenic
P50440	G262S	262	0.9501	pathogenic
P50440	G262T	262	0.9965	pathogenic
P50440	G262V	262	0.9977	pathogenic
P50440	G262W	262	0.9967	pathogenic
P50440	G262Y	262	0.9986	pathogenic
P50440	R263A	263	0.5038	ambiguous
P50440	R263C	263	0.2216	benign
P50440	R263D	263	0.8399	pathogenic
P50440	R263E	263	0.3999	ambiguous
P50440	R263F	263	0.7142	pathogenic
P50440	R263G	263	0.4132	ambiguous
P50440	R263H	263	0.1638	benign
P50440	R263I	263	0.4773	ambiguous
P50440	R263K	263	0.0757	benign
P50440	R263L	263	0.4736	ambiguous
P50440	R263M	263	0.4123	ambiguous
P50440	R263N	263	0.6507	pathogenic
P50440	R263P	263	0.9416	pathogenic
P50440	R263Q	263	0.1173	benign
P50440	R263S	263	0.5439	ambiguous
P50440	R263T	263	0.1953	benign
P50440	R263V	263	0.4698	ambiguous
P50440	R263W	263	0.3622	ambiguous
P50440	R263Y	263	0.5413	ambiguous
P50440	D264A	264	0.9804	pathogenic
P50440	D264C	264	0.9889	pathogenic
P50440	D264E	264	0.967	pathogenic
P50440	D264F	264	0.994	pathogenic
P50440	D264G	264	0.9847	pathogenic
P50440	D264H	264	0.9419	pathogenic
P50440	D264I	264	0.9901	pathogenic
P50440	D264K	264	0.9949	pathogenic
P50440	D264L	264	0.992	pathogenic
P50440	D264M	264	0.9979	pathogenic
P50440	D264N	264	0.8867	pathogenic
P50440	D264P	264	0.9993	pathogenic
P50440	D264Q	264	0.9928	pathogenic
P50440	D264R	264	0.9943	pathogenic
P50440	D264S	264	0.9565	pathogenic
P50440	D264T	264	0.981	pathogenic
P50440	D264V	264	0.9616	pathogenic
P50440	D264W	264	0.9978	pathogenic
P50440	D264Y	264	0.9397	pathogenic
P50440	I265A	265	0.9855	pathogenic
P50440	I265C	265	0.9715	pathogenic
P50440	I265D	265	0.9996	pathogenic
P50440	I265E	265	0.9991	pathogenic
P50440	I265F	265	0.7973	pathogenic
P50440	I265G	265	0.9977	pathogenic
P50440	I265H	265	0.9972	pathogenic
P50440	I265K	265	0.9978	pathogenic
P50440	I265L	265	0.1621	benign
P50440	I265M	265	0.4729	ambiguous
P50440	I265N	265	0.9929	pathogenic
P50440	I265P	265	0.9983	pathogenic
P50440	I265Q	265	0.9978	pathogenic
P50440	I265R	265	0.996	pathogenic
P50440	I265S	265	0.9908	pathogenic
P50440	I265T	265	0.9729	pathogenic
P50440	I265V	265	0.1554	benign
P50440	I265W	265	0.9945	pathogenic
P50440	I265Y	265	0.9793	pathogenic
P50440	F266A	266	0.9913	pathogenic
P50440	F266C	266	0.9522	pathogenic
P50440	F266D	266	0.9998	pathogenic
P50440	F266E	266	0.9997	pathogenic
P50440	F266G	266	0.9981	pathogenic
P50440	F266H	266	0.9948	pathogenic
P50440	F266I	266	0.5963	pathogenic
P50440	F266K	266	0.9996	pathogenic
P50440	F266L	266	0.9705	pathogenic
P50440	F266M	266	0.9256	pathogenic
P50440	F266N	266	0.9991	pathogenic
P50440	F266P	266	0.9994	pathogenic
P50440	F266Q	266	0.9992	pathogenic
P50440	F266R	266	0.9984	pathogenic
P50440	F266S	266	0.9967	pathogenic
P50440	F266T	266	0.9945	pathogenic
P50440	F266V	266	0.696	pathogenic
P50440	F266W	266	0.8987	pathogenic
P50440	F266Y	266	0.7604	pathogenic
P50440	A267C	267	0.3517	ambiguous
P50440	A267D	267	0.9924	pathogenic
P50440	A267E	267	0.9876	pathogenic
P50440	A267F	267	0.9004	pathogenic
P50440	A267G	267	0.1721	benign
P50440	A267H	267	0.9892	pathogenic
P50440	A267I	267	0.3647	ambiguous
P50440	A267K	267	0.9958	pathogenic
P50440	A267L	267	0.6242	pathogenic
P50440	A267M	267	0.7291	pathogenic
P50440	A267N	267	0.9612	pathogenic
P50440	A267P	267	0.8967	pathogenic
P50440	A267Q	267	0.972	pathogenic
P50440	A267R	267	0.986	pathogenic
P50440	A267S	267	0.2225	benign
P50440	A267T	267	0.1742	benign
P50440	A267V	267	0.0949	benign
P50440	A267W	267	0.9951	pathogenic
P50440	A267Y	267	0.9777	pathogenic
P50440	Q268A	268	0.8147	pathogenic
P50440	Q268C	268	0.9874	pathogenic
P50440	Q268D	268	0.9967	pathogenic
P50440	Q268E	268	0.8079	pathogenic
P50440	Q268F	268	0.9897	pathogenic
P50440	Q268G	268	0.8756	pathogenic
P50440	Q268H	268	0.9888	pathogenic
P50440	Q268I	268	0.9182	pathogenic
P50440	Q268K	268	0.9556	pathogenic
P50440	Q268L	268	0.8654	pathogenic
P50440	Q268M	268	0.7551	pathogenic
P50440	Q268N	268	0.9454	pathogenic
P50440	Q268P	268	0.9921	pathogenic
P50440	Q268R	268	0.9761	pathogenic
P50440	Q268S	268	0.8042	pathogenic
P50440	Q268T	268	0.7919	pathogenic
P50440	Q268V	268	0.8973	pathogenic
P50440	Q268W	268	0.9978	pathogenic
P50440	Q268Y	268	0.9965	pathogenic
P50440	R269A	269	0.967	pathogenic
P50440	R269C	269	0.5661	pathogenic
P50440	R269D	269	0.9935	pathogenic
P50440	R269E	269	0.9064	pathogenic
P50440	R269F	269	0.9807	pathogenic
P50440	R269G	269	0.9558	pathogenic
P50440	R269H	269	0.4554	ambiguous
P50440	R269I	269	0.8844	pathogenic
P50440	R269K	269	0.3909	ambiguous
P50440	R269L	269	0.8056	pathogenic
P50440	R269M	269	0.9288	pathogenic
P50440	R269N	269	0.9701	pathogenic
P50440	R269P	269	0.9609	pathogenic
P50440	R269Q	269	0.3483	ambiguous
P50440	R269S	269	0.9829	pathogenic
P50440	R269T	269	0.9555	pathogenic
P50440	R269V	269	0.9111	pathogenic
P50440	R269W	269	0.7498	pathogenic
P50440	R269Y	269	0.8884	pathogenic
P50440	S270A	270	0.915	pathogenic
P50440	S270C	270	0.945	pathogenic
P50440	S270D	270	0.9935	pathogenic
P50440	S270E	270	0.9966	pathogenic
P50440	S270F	270	0.999	pathogenic
P50440	S270G	270	0.7175	pathogenic
P50440	S270H	270	0.9951	pathogenic
P50440	S270I	270	0.9986	pathogenic
P50440	S270K	270	0.9992	pathogenic
P50440	S270L	270	0.9945	pathogenic
P50440	S270M	270	0.9959	pathogenic
P50440	S270N	270	0.9854	pathogenic
P50440	S270P	270	0.9985	pathogenic
P50440	S270Q	270	0.9966	pathogenic
P50440	S270R	270	0.9989	pathogenic
P50440	S270T	270	0.9095	pathogenic
P50440	S270V	270	0.9976	pathogenic
P50440	S270W	270	0.997	pathogenic
P50440	S270Y	270	0.996	pathogenic
P50440	Q271A	271	0.7848	pathogenic
P50440	Q271C	271	0.9753	pathogenic
P50440	Q271D	271	0.9714	pathogenic
P50440	Q271E	271	0.5893	pathogenic
P50440	Q271F	271	0.984	pathogenic
P50440	Q271G	271	0.8667	pathogenic
P50440	Q271H	271	0.7754	pathogenic
P50440	Q271I	271	0.9698	pathogenic
P50440	Q271K	271	0.9574	pathogenic
P50440	Q271L	271	0.9176	pathogenic
P50440	Q271M	271	0.8044	pathogenic
P50440	Q271N	271	0.4803	ambiguous
P50440	Q271P	271	0.9219	pathogenic
P50440	Q271R	271	0.9568	pathogenic
P50440	Q271S	271	0.5385	ambiguous
P50440	Q271T	271	0.8202	pathogenic
P50440	Q271V	271	0.9425	pathogenic
P50440	Q271W	271	0.9913	pathogenic
P50440	Q271Y	271	0.9884	pathogenic
P50440	V272A	272	0.9418	pathogenic
P50440	V272C	272	0.9744	pathogenic
P50440	V272D	272	0.9882	pathogenic
P50440	V272E	272	0.9853	pathogenic
P50440	V272F	272	0.98	pathogenic
P50440	V272G	272	0.8419	pathogenic
P50440	V272H	272	0.9962	pathogenic
P50440	V272I	272	0.7116	pathogenic
P50440	V272K	272	0.9899	pathogenic
P50440	V272L	272	0.9921	pathogenic
P50440	V272M	272	0.9799	pathogenic
P50440	V272N	272	0.9389	pathogenic
P50440	V272P	272	0.996	pathogenic
P50440	V272Q	272	0.9841	pathogenic
P50440	V272R	272	0.9802	pathogenic
P50440	V272S	272	0.8902	pathogenic
P50440	V272T	272	0.7711	pathogenic
P50440	V272W	272	0.9996	pathogenic
P50440	V272Y	272	0.9943	pathogenic
P50440	T273A	273	0.8408	pathogenic
P50440	T273C	273	0.8203	pathogenic
P50440	T273D	273	0.9961	pathogenic
P50440	T273E	273	0.9961	pathogenic
P50440	T273F	273	0.998	pathogenic
P50440	T273G	273	0.8731	pathogenic
P50440	T273H	273	0.9908	pathogenic
P50440	T273I	273	0.9967	pathogenic
P50440	T273K	273	0.9919	pathogenic
P50440	T273L	273	0.9631	pathogenic
P50440	T273M	273	0.9026	pathogenic
P50440	T273N	273	0.957	pathogenic
P50440	T273P	273	0.9801	pathogenic
P50440	T273Q	273	0.9849	pathogenic
P50440	T273R	273	0.9864	pathogenic
P50440	T273S	273	0.7112	pathogenic
P50440	T273V	273	0.9716	pathogenic
P50440	T273W	273	0.9993	pathogenic
P50440	T273Y	273	0.9984	pathogenic
P50440	N274A	274	0.9948	pathogenic
P50440	N274C	274	0.9665	pathogenic
P50440	N274D	274	0.9869	pathogenic
P50440	N274E	274	0.9992	pathogenic
P50440	N274F	274	0.9998	pathogenic
P50440	N274G	274	0.9845	pathogenic
P50440	N274H	274	0.9869	pathogenic
P50440	N274I	274	0.9973	pathogenic
P50440	N274K	274	0.9993	pathogenic
P50440	N274L	274	0.9958	pathogenic
P50440	N274M	274	0.9982	pathogenic
P50440	N274P	274	0.9949	pathogenic
P50440	N274Q	274	0.9987	pathogenic
P50440	N274R	274	0.9981	pathogenic
P50440	N274S	274	0.7533	pathogenic
P50440	N274T	274	0.9633	pathogenic
P50440	N274V	274	0.9954	pathogenic
P50440	N274W	274	0.9998	pathogenic
P50440	N274Y	274	0.9967	pathogenic
P50440	Y275A	275	0.3004	benign
P50440	Y275C	275	0.1283	benign
P50440	Y275D	275	0.1648	benign
P50440	Y275E	275	0.3183	benign
P50440	Y275F	275	0.0702	benign
P50440	Y275G	275	0.3585	ambiguous
P50440	Y275H	275	0.1025	benign
P50440	Y275I	275	0.2737	benign
P50440	Y275K	275	0.3295	benign
P50440	Y275L	275	0.2237	benign
P50440	Y275M	275	0.3152	benign
P50440	Y275N	275	0.0878	benign
P50440	Y275P	275	0.9086	pathogenic
P50440	Y275Q	275	0.2449	benign
P50440	Y275R	275	0.2368	benign
P50440	Y275S	275	0.1502	benign
P50440	Y275T	275	0.2635	benign
P50440	Y275V	275	0.2478	benign
P50440	Y275W	275	0.3557	ambiguous
P50440	L276A	276	0.184	benign
P50440	L276C	276	0.4346	ambiguous
P50440	L276D	276	0.827	pathogenic
P50440	L276E	276	0.5702	pathogenic
P50440	L276F	276	0.1689	benign
P50440	L276G	276	0.5096	ambiguous
P50440	L276H	276	0.3031	benign
P50440	L276I	276	0.2142	benign
P50440	L276K	276	0.4404	ambiguous
P50440	L276M	276	0.0685	benign
P50440	L276N	276	0.5241	ambiguous
P50440	L276P	276	0.9026	pathogenic
P50440	L276Q	276	0.2031	benign
P50440	L276R	276	0.3631	ambiguous
P50440	L276S	276	0.1951	benign
P50440	L276T	276	0.234	benign
P50440	L276V	276	0.1893	benign
P50440	L276W	276	0.3363	benign
P50440	L276Y	276	0.4159	ambiguous
P50440	G277A	277	0.8914	pathogenic
P50440	G277C	277	0.9904	pathogenic
P50440	G277D	277	0.9979	pathogenic
P50440	G277E	277	0.9984	pathogenic
P50440	G277F	277	0.9995	pathogenic
P50440	G277H	277	0.9997	pathogenic
P50440	G277I	277	0.9995	pathogenic
P50440	G277K	277	0.9996	pathogenic
P50440	G277L	277	0.9987	pathogenic
P50440	G277M	277	0.9995	pathogenic
P50440	G277N	277	0.9992	pathogenic
P50440	G277P	277	0.9993	pathogenic
P50440	G277Q	277	0.9989	pathogenic
P50440	G277R	277	0.9981	pathogenic
P50440	G277S	277	0.972	pathogenic
P50440	G277T	277	0.9972	pathogenic
P50440	G277V	277	0.9976	pathogenic
P50440	G277W	277	0.9993	pathogenic
P50440	G277Y	277	0.9995	pathogenic
P50440	I278A	278	0.902	pathogenic
P50440	I278C	278	0.9529	pathogenic
P50440	I278D	278	0.998	pathogenic
P50440	I278E	278	0.9902	pathogenic
P50440	I278F	278	0.853	pathogenic
P50440	I278G	278	0.9885	pathogenic
P50440	I278H	278	0.9935	pathogenic
P50440	I278K	278	0.9866	pathogenic
P50440	I278L	278	0.3765	ambiguous
P50440	I278M	278	0.3478	ambiguous
P50440	I278N	278	0.9725	pathogenic
P50440	I278P	278	0.9949	pathogenic
P50440	I278Q	278	0.984	pathogenic
P50440	I278R	278	0.9724	pathogenic
P50440	I278S	278	0.9566	pathogenic
P50440	I278T	278	0.8442	pathogenic
P50440	I278V	278	0.1826	benign
P50440	I278W	278	0.9901	pathogenic
P50440	I278Y	278	0.9742	pathogenic
P50440	E279A	279	0.3738	ambiguous
P50440	E279C	279	0.9438	pathogenic
P50440	E279D	279	0.309	benign
P50440	E279F	279	0.977	pathogenic
P50440	E279G	279	0.5791	pathogenic
P50440	E279H	279	0.8023	pathogenic
P50440	E279I	279	0.8664	pathogenic
P50440	E279K	279	0.572	pathogenic
P50440	E279L	279	0.7966	pathogenic
P50440	E279M	279	0.8483	pathogenic
P50440	E279N	279	0.4855	ambiguous
P50440	E279P	279	0.9911	pathogenic
P50440	E279Q	279	0.2911	benign
P50440	E279R	279	0.6566	pathogenic
P50440	E279S	279	0.4474	ambiguous
P50440	E279T	279	0.5304	ambiguous
P50440	E279V	279	0.719	pathogenic
P50440	E279W	279	0.9872	pathogenic
P50440	E279Y	279	0.9212	pathogenic
P50440	W280A	280	0.9967	pathogenic
P50440	W280C	280	0.9981	pathogenic
P50440	W280D	280	0.9995	pathogenic
P50440	W280E	280	0.9994	pathogenic
P50440	W280F	280	0.8819	pathogenic
P50440	W280G	280	0.9839	pathogenic
P50440	W280H	280	0.9958	pathogenic
P50440	W280I	280	0.9972	pathogenic
P50440	W280K	280	0.9997	pathogenic
P50440	W280L	280	0.9889	pathogenic
P50440	W280M	280	0.9963	pathogenic
P50440	W280N	280	0.9992	pathogenic
P50440	W280P	280	0.9998	pathogenic
P50440	W280Q	280	0.9996	pathogenic
P50440	W280R	280	0.9992	pathogenic
P50440	W280S	280	0.9949	pathogenic
P50440	W280T	280	0.9974	pathogenic
P50440	W280V	280	0.9956	pathogenic
P50440	W280Y	280	0.9386	pathogenic
P50440	M281A	281	0.9105	pathogenic
P50440	M281C	281	0.9176	pathogenic
P50440	M281D	281	0.9995	pathogenic
P50440	M281E	281	0.9943	pathogenic
P50440	M281F	281	0.7783	pathogenic
P50440	M281G	281	0.9852	pathogenic
P50440	M281H	281	0.9949	pathogenic
P50440	M281I	281	0.5664	pathogenic
P50440	M281K	281	0.9815	pathogenic
P50440	M281L	281	0.1146	benign
P50440	M281N	281	0.9922	pathogenic
P50440	M281P	281	0.9972	pathogenic
P50440	M281Q	281	0.9662	pathogenic
P50440	M281R	281	0.9846	pathogenic
P50440	M281S	281	0.9805	pathogenic
P50440	M281T	281	0.8826	pathogenic
P50440	M281V	281	0.13	benign
P50440	M281W	281	0.9909	pathogenic
P50440	M281Y	281	0.9862	pathogenic
P50440	R282A	282	0.4421	ambiguous
P50440	R282C	282	0.2086	benign
P50440	R282D	282	0.8397	pathogenic
P50440	R282E	282	0.3153	benign
P50440	R282F	282	0.8439	pathogenic
P50440	R282G	282	0.3287	benign
P50440	R282H	282	0.158	benign
P50440	R282I	282	0.5538	ambiguous
P50440	R282K	282	0.1044	benign
P50440	R282L	282	0.4435	ambiguous
P50440	R282M	282	0.4893	ambiguous
P50440	R282N	282	0.6766	pathogenic
P50440	R282P	282	0.9877	pathogenic
P50440	R282Q	282	0.0775	benign
P50440	R282S	282	0.5058	ambiguous
P50440	R282T	282	0.3472	ambiguous
P50440	R282V	282	0.5777	pathogenic
P50440	R282W	282	0.457	ambiguous
P50440	R282Y	282	0.6392	pathogenic
P50440	R283A	283	0.9119	pathogenic
P50440	R283C	283	0.4972	ambiguous
P50440	R283D	283	0.9615	pathogenic
P50440	R283E	283	0.8034	pathogenic
P50440	R283F	283	0.9667	pathogenic
P50440	R283G	283	0.8187	pathogenic
P50440	R283H	283	0.2766	benign
P50440	R283I	283	0.9067	pathogenic
P50440	R283K	283	0.3779	ambiguous
P50440	R283L	283	0.8069	pathogenic
P50440	R283M	283	0.8721	pathogenic
P50440	R283N	283	0.824	pathogenic
P50440	R283P	283	0.9973	pathogenic
P50440	R283Q	283	0.1964	benign
P50440	R283S	283	0.8864	pathogenic
P50440	R283T	283	0.8177	pathogenic
P50440	R283V	283	0.9246	pathogenic
P50440	R283W	283	0.6405	pathogenic
P50440	R283Y	283	0.8529	pathogenic
P50440	H284A	284	0.9622	pathogenic
P50440	H284C	284	0.6119	pathogenic
P50440	H284D	284	0.9933	pathogenic
P50440	H284E	284	0.9719	pathogenic
P50440	H284F	284	0.8274	pathogenic
P50440	H284G	284	0.9817	pathogenic
P50440	H284I	284	0.9158	pathogenic
P50440	H284K	284	0.9375	pathogenic
P50440	H284L	284	0.6944	pathogenic
P50440	H284M	284	0.9331	pathogenic
P50440	H284N	284	0.8252	pathogenic
P50440	H284P	284	0.9873	pathogenic
P50440	H284Q	284	0.8328	pathogenic
P50440	H284R	284	0.8179	pathogenic
P50440	H284S	284	0.9395	pathogenic
P50440	H284T	284	0.9495	pathogenic
P50440	H284V	284	0.8972	pathogenic
P50440	H284W	284	0.8332	pathogenic
P50440	H284Y	284	0.5265	ambiguous
P50440	L285A	285	0.944	pathogenic
P50440	L285C	285	0.908	pathogenic
P50440	L285D	285	0.9991	pathogenic
P50440	L285E	285	0.9957	pathogenic
P50440	L285F	285	0.6171	pathogenic
P50440	L285G	285	0.9902	pathogenic
P50440	L285H	285	0.9824	pathogenic
P50440	L285I	285	0.209	benign
P50440	L285K	285	0.9912	pathogenic
P50440	L285M	285	0.4332	ambiguous
P50440	L285N	285	0.9948	pathogenic
P50440	L285P	285	0.9948	pathogenic
P50440	L285Q	285	0.9811	pathogenic
P50440	L285R	285	0.9734	pathogenic
P50440	L285S	285	0.9904	pathogenic
P50440	L285T	285	0.9293	pathogenic
P50440	L285V	285	0.2461	benign
P50440	L285W	285	0.9518	pathogenic
P50440	L285Y	285	0.9675	pathogenic
P50440	A286C	286	0.416	ambiguous
P50440	A286D	286	0.2482	benign
P50440	A286E	286	0.1767	benign
P50440	A286F	286	0.304	benign
P50440	A286G	286	0.1016	benign
P50440	A286H	286	0.348	ambiguous
P50440	A286I	286	0.3376	benign
P50440	A286K	286	0.356	ambiguous
P50440	A286L	286	0.2012	benign
P50440	A286M	286	0.2603	benign
P50440	A286N	286	0.2825	benign
P50440	A286P	286	0.7481	pathogenic
P50440	A286Q	286	0.2267	benign
P50440	A286R	286	0.3231	benign
P50440	A286S	286	0.0842	benign
P50440	A286T	286	0.1206	benign
P50440	A286V	286	0.1868	benign
P50440	A286W	286	0.7096	pathogenic
P50440	A286Y	286	0.3752	ambiguous
P50440	P287A	287	0.1077	benign
P50440	P287C	287	0.51	ambiguous
P50440	P287D	287	0.2507	benign
P50440	P287E	287	0.2085	benign
P50440	P287F	287	0.7444	pathogenic
P50440	P287G	287	0.2466	benign
P50440	P287H	287	0.2191	benign
P50440	P287I	287	0.5995	pathogenic
P50440	P287K	287	0.2428	benign
P50440	P287L	287	0.2745	benign
P50440	P287M	287	0.5042	ambiguous
P50440	P287N	287	0.2757	benign
P50440	P287Q	287	0.1855	benign
P50440	P287R	287	0.1624	benign
P50440	P287S	287	0.1378	benign
P50440	P287T	287	0.1427	benign
P50440	P287V	287	0.3895	ambiguous
P50440	P287W	287	0.7697	pathogenic
P50440	P287Y	287	0.6051	pathogenic
P50440	D288A	288	0.0735	benign
P50440	D288C	288	0.2934	benign
P50440	D288E	288	0.0744	benign
P50440	D288F	288	0.3854	ambiguous
P50440	D288G	288	0.0776	benign
P50440	D288H	288	0.1171	benign
P50440	D288I	288	0.2001	benign
P50440	D288K	288	0.1325	benign
P50440	D288L	288	0.2082	benign
P50440	D288M	288	0.3293	benign
P50440	D288N	288	0.0697	benign
P50440	D288P	288	0.4676	ambiguous
P50440	D288Q	288	0.1056	benign
P50440	D288R	288	0.1572	benign
P50440	D288S	288	0.0682	benign
P50440	D288T	288	0.0872	benign
P50440	D288V	288	0.1294	benign
P50440	D288W	288	0.7146	pathogenic
P50440	D288Y	288	0.1598	benign
P50440	Y289A	289	0.9329	pathogenic
P50440	Y289C	289	0.3084	benign
P50440	Y289D	289	0.9606	pathogenic
P50440	Y289E	289	0.9857	pathogenic
P50440	Y289F	289	0.0774	benign
P50440	Y289G	289	0.9118	pathogenic
P50440	Y289H	289	0.6064	pathogenic
P50440	Y289I	289	0.5855	pathogenic
P50440	Y289K	289	0.972	pathogenic
P50440	Y289L	289	0.638	pathogenic
P50440	Y289M	289	0.7707	pathogenic
P50440	Y289N	289	0.8093	pathogenic
P50440	Y289P	289	0.9893	pathogenic
P50440	Y289Q	289	0.9522	pathogenic
P50440	Y289R	289	0.9287	pathogenic
P50440	Y289S	289	0.8508	pathogenic
P50440	Y289T	289	0.8955	pathogenic
P50440	Y289V	289	0.5703	pathogenic
P50440	Y289W	289	0.6307	pathogenic
P50440	R290A	290	0.3436	ambiguous
P50440	R290C	290	0.1783	benign
P50440	R290D	290	0.4504	ambiguous
P50440	R290E	290	0.2739	benign
P50440	R290F	290	0.7292	pathogenic
P50440	R290G	290	0.3089	benign
P50440	R290H	290	0.0872	benign
P50440	R290I	290	0.3614	ambiguous
P50440	R290K	290	0.086	benign
P50440	R290L	290	0.3465	ambiguous
P50440	R290M	290	0.3721	ambiguous
P50440	R290N	290	0.2739	benign
P50440	R290P	290	0.9291	pathogenic
P50440	R290Q	290	0.0896	benign
P50440	R290S	290	0.324	benign
P50440	R290T	290	0.1398	benign
P50440	R290V	290	0.3799	ambiguous
P50440	R290W	290	0.4149	ambiguous
P50440	R290Y	290	0.54	ambiguous
P50440	V291A	291	0.9207	pathogenic
P50440	V291C	291	0.9257	pathogenic
P50440	V291D	291	0.9962	pathogenic
P50440	V291E	291	0.9894	pathogenic
P50440	V291F	291	0.7949	pathogenic
P50440	V291G	291	0.9378	pathogenic
P50440	V291H	291	0.9945	pathogenic
P50440	V291I	291	0.0713	benign
P50440	V291K	291	0.9909	pathogenic
P50440	V291L	291	0.3739	ambiguous
P50440	V291M	291	0.5822	pathogenic
P50440	V291N	291	0.9754	pathogenic
P50440	V291P	291	0.951	pathogenic
P50440	V291Q	291	0.9877	pathogenic
P50440	V291R	291	0.9882	pathogenic
P50440	V291S	291	0.964	pathogenic
P50440	V291T	291	0.8868	pathogenic
P50440	V291W	291	0.9945	pathogenic
P50440	V291Y	291	0.9792	pathogenic
P50440	H292A	292	0.9848	pathogenic
P50440	H292C	292	0.831	pathogenic
P50440	H292D	292	0.9574	pathogenic
P50440	H292E	292	0.9391	pathogenic
P50440	H292F	292	0.9602	pathogenic
P50440	H292G	292	0.9785	pathogenic
P50440	H292I	292	0.9843	pathogenic
P50440	H292K	292	0.8461	pathogenic
P50440	H292L	292	0.9585	pathogenic
P50440	H292M	292	0.9882	pathogenic
P50440	H292N	292	0.6852	pathogenic
P50440	H292P	292	0.9883	pathogenic
P50440	H292Q	292	0.8436	pathogenic
P50440	H292R	292	0.6026	pathogenic
P50440	H292S	292	0.902	pathogenic
P50440	H292T	292	0.9537	pathogenic
P50440	H292V	292	0.9803	pathogenic
P50440	H292W	292	0.8929	pathogenic
P50440	H292Y	292	0.7473	pathogenic
P50440	I293A	293	0.1874	benign
P50440	I293C	293	0.3972	ambiguous
P50440	I293D	293	0.4778	ambiguous
P50440	I293E	293	0.2473	benign
P50440	I293F	293	0.2403	benign
P50440	I293G	293	0.4792	ambiguous
P50440	I293H	293	0.349	ambiguous
P50440	I293K	293	0.1779	benign
P50440	I293L	293	0.0896	benign
P50440	I293M	293	0.0917	benign
P50440	I293N	293	0.1877	benign
P50440	I293P	293	0.3864	ambiguous
P50440	I293Q	293	0.2179	benign
P50440	I293R	293	0.1745	benign
P50440	I293S	293	0.1877	benign
P50440	I293T	293	0.0817	benign
P50440	I293V	293	0.0555	benign
P50440	I293W	293	0.7796	pathogenic
P50440	I293Y	293	0.4826	ambiguous
P50440	I294A	294	0.7769	pathogenic
P50440	I294C	294	0.8141	pathogenic
P50440	I294D	294	0.9959	pathogenic
P50440	I294E	294	0.9906	pathogenic
P50440	I294F	294	0.5321	ambiguous
P50440	I294G	294	0.9688	pathogenic
P50440	I294H	294	0.9832	pathogenic
P50440	I294K	294	0.9849	pathogenic
P50440	I294L	294	0.0621	benign
P50440	I294M	294	0.1904	benign
P50440	I294N	294	0.9514	pathogenic
P50440	I294P	294	0.9741	pathogenic
P50440	I294Q	294	0.9771	pathogenic
P50440	I294R	294	0.9734	pathogenic
P50440	I294S	294	0.9235	pathogenic
P50440	I294T	294	0.8039	pathogenic
P50440	I294V	294	0.0823	benign
P50440	I294W	294	0.9887	pathogenic
P50440	I294Y	294	0.9507	pathogenic
P50440	S295A	295	0.1683	benign
P50440	S295C	295	0.2911	benign
P50440	S295D	295	0.5515	ambiguous
P50440	S295E	295	0.6965	pathogenic
P50440	S295F	295	0.7007	pathogenic
P50440	S295G	295	0.1865	benign
P50440	S295H	295	0.5168	ambiguous
P50440	S295I	295	0.76	pathogenic
P50440	S295K	295	0.8402	pathogenic
P50440	S295L	295	0.4253	ambiguous
P50440	S295M	295	0.5869	pathogenic
P50440	S295N	295	0.3134	benign
P50440	S295P	295	0.869	pathogenic
P50440	S295Q	295	0.6748	pathogenic
P50440	S295R	295	0.7911	pathogenic
P50440	S295T	295	0.1148	benign
P50440	S295V	295	0.6744	pathogenic
P50440	S295W	295	0.7657	pathogenic
P50440	S295Y	295	0.4908	ambiguous
P50440	F296A	296	0.9824	pathogenic
P50440	F296C	296	0.8691	pathogenic
P50440	F296D	296	0.9966	pathogenic
P50440	F296E	296	0.9971	pathogenic
P50440	F296G	296	0.9878	pathogenic
P50440	F296H	296	0.9732	pathogenic
P50440	F296I	296	0.9602	pathogenic
P50440	F296K	296	0.9974	pathogenic
P50440	F296L	296	0.9951	pathogenic
P50440	F296M	296	0.9553	pathogenic
P50440	F296N	296	0.9843	pathogenic
P50440	F296P	296	0.9984	pathogenic
P50440	F296Q	296	0.9911	pathogenic
P50440	F296R	296	0.9913	pathogenic
P50440	F296S	296	0.954	pathogenic
P50440	F296T	296	0.9614	pathogenic
P50440	F296V	296	0.8947	pathogenic
P50440	F296W	296	0.9381	pathogenic
P50440	F296Y	296	0.8647	pathogenic
P50440	K297A	297	0.212	benign
P50440	K297C	297	0.5227	ambiguous
P50440	K297D	297	0.2592	benign
P50440	K297E	297	0.1106	benign
P50440	K297F	297	0.7747	pathogenic
P50440	K297G	297	0.4034	ambiguous
P50440	K297H	297	0.243	benign
P50440	K297I	297	0.3276	benign
P50440	K297L	297	0.2984	benign
P50440	K297M	297	0.2455	benign
P50440	K297N	297	0.2663	benign
P50440	K297P	297	0.529	ambiguous
P50440	K297Q	297	0.1105	benign
P50440	K297R	297	0.0842	benign
P50440	K297S	297	0.2572	benign
P50440	K297T	297	0.1261	benign
P50440	K297V	297	0.2568	benign
P50440	K297W	297	0.7441	pathogenic
P50440	K297Y	297	0.5807	pathogenic
P50440	D298A	298	0.987	pathogenic
P50440	D298C	298	0.989	pathogenic
P50440	D298E	298	0.9885	pathogenic
P50440	D298F	298	0.9977	pathogenic
P50440	D298G	298	0.9903	pathogenic
P50440	D298H	298	0.9926	pathogenic
P50440	D298I	298	0.9956	pathogenic
P50440	D298K	298	0.9978	pathogenic
P50440	D298L	298	0.9943	pathogenic
P50440	D298M	298	0.9989	pathogenic
P50440	D298N	298	0.9629	pathogenic
P50440	D298P	298	0.998	pathogenic
P50440	D298Q	298	0.9977	pathogenic
P50440	D298R	298	0.9976	pathogenic
P50440	D298S	298	0.9764	pathogenic
P50440	D298T	298	0.9944	pathogenic
P50440	D298V	298	0.9858	pathogenic
P50440	D298W	298	0.9987	pathogenic
P50440	D298Y	298	0.9678	pathogenic
P50440	P299A	299	0.3848	ambiguous
P50440	P299C	299	0.9112	pathogenic
P50440	P299D	299	0.9475	pathogenic
P50440	P299E	299	0.839	pathogenic
P50440	P299F	299	0.9683	pathogenic
P50440	P299G	299	0.8812	pathogenic
P50440	P299H	299	0.8103	pathogenic
P50440	P299I	299	0.8406	pathogenic
P50440	P299K	299	0.8369	pathogenic
P50440	P299L	299	0.6465	pathogenic
P50440	P299M	299	0.8752	pathogenic
P50440	P299N	299	0.9188	pathogenic
P50440	P299Q	299	0.7268	pathogenic
P50440	P299R	299	0.6708	pathogenic
P50440	P299S	299	0.6692	pathogenic
P50440	P299T	299	0.5226	ambiguous
P50440	P299V	299	0.7278	pathogenic
P50440	P299W	299	0.9791	pathogenic
P50440	P299Y	299	0.9548	pathogenic
P50440	N300A	300	0.8137	pathogenic
P50440	N300C	300	0.6224	pathogenic
P50440	N300D	300	0.8491	pathogenic
P50440	N300E	300	0.963	pathogenic
P50440	N300F	300	0.8778	pathogenic
P50440	N300G	300	0.8795	pathogenic
P50440	N300H	300	0.4867	ambiguous
P50440	N300I	300	0.8215	pathogenic
P50440	N300K	300	0.9566	pathogenic
P50440	N300L	300	0.7265	pathogenic
P50440	N300M	300	0.853	pathogenic
P50440	N300P	300	0.966	pathogenic
P50440	N300Q	300	0.8949	pathogenic
P50440	N300R	300	0.9071	pathogenic
P50440	N300S	300	0.2817	benign
P50440	N300T	300	0.706	pathogenic
P50440	N300V	300	0.7958	pathogenic
P50440	N300W	300	0.9699	pathogenic
P50440	N300Y	300	0.4984	ambiguous
P50440	P301A	301	0.7293	pathogenic
P50440	P301C	301	0.9842	pathogenic
P50440	P301D	301	0.9979	pathogenic
P50440	P301E	301	0.9956	pathogenic
P50440	P301F	301	0.9987	pathogenic
P50440	P301G	301	0.9776	pathogenic
P50440	P301H	301	0.9905	pathogenic
P50440	P301I	301	0.9945	pathogenic
P50440	P301K	301	0.9958	pathogenic
P50440	P301L	301	0.9721	pathogenic
P50440	P301M	301	0.9955	pathogenic
P50440	P301N	301	0.9958	pathogenic
P50440	P301Q	301	0.9893	pathogenic
P50440	P301R	301	0.9815	pathogenic
P50440	P301S	301	0.9572	pathogenic
P50440	P301T	301	0.9697	pathogenic
P50440	P301V	301	0.982	pathogenic
P50440	P301W	301	0.9992	pathogenic
P50440	P301Y	301	0.998	pathogenic
P50440	M302A	302	0.9731	pathogenic
P50440	M302C	302	0.9586	pathogenic
P50440	M302D	302	0.9985	pathogenic
P50440	M302E	302	0.992	pathogenic
P50440	M302F	302	0.9371	pathogenic
P50440	M302G	302	0.9897	pathogenic
P50440	M302H	302	0.9943	pathogenic
P50440	M302I	302	0.9774	pathogenic
P50440	M302K	302	0.9831	pathogenic
P50440	M302L	302	0.734	pathogenic
P50440	M302N	302	0.9884	pathogenic
P50440	M302P	302	0.994	pathogenic
P50440	M302Q	302	0.935	pathogenic
P50440	M302R	302	0.9796	pathogenic
P50440	M302S	302	0.9609	pathogenic
P50440	M302T	302	0.9811	pathogenic
P50440	M302V	302	0.7791	pathogenic
P50440	M302W	302	0.9907	pathogenic
P50440	M302Y	302	0.987	pathogenic
P50440	H303A	303	0.9997	pathogenic
P50440	H303C	303	0.9927	pathogenic
P50440	H303D	303	0.9994	pathogenic
P50440	H303E	303	0.9995	pathogenic
P50440	H303F	303	0.9978	pathogenic
P50440	H303G	303	0.9996	pathogenic
P50440	H303I	303	0.9997	pathogenic
P50440	H303K	303	0.9988	pathogenic
P50440	H303L	303	0.9938	pathogenic
P50440	H303M	303	0.9995	pathogenic
P50440	H303N	303	0.9983	pathogenic
P50440	H303P	303	0.9959	pathogenic
P50440	H303Q	303	0.999	pathogenic
P50440	H303R	303	0.9975	pathogenic
P50440	H303S	303	0.9995	pathogenic
P50440	H303T	303	0.9999	pathogenic
P50440	H303V	303	0.9997	pathogenic
P50440	H303W	303	0.9921	pathogenic
P50440	H303Y	303	0.9957	pathogenic
P50440	I304A	304	0.9386	pathogenic
P50440	I304C	304	0.9873	pathogenic
P50440	I304D	304	0.9994	pathogenic
P50440	I304E	304	0.9984	pathogenic
P50440	I304F	304	0.9636	pathogenic
P50440	I304G	304	0.9947	pathogenic
P50440	I304H	304	0.999	pathogenic
P50440	I304K	304	0.9972	pathogenic
P50440	I304L	304	0.5571	ambiguous
P50440	I304M	304	0.5628	ambiguous
P50440	I304N	304	0.9931	pathogenic
P50440	I304P	304	0.9974	pathogenic
P50440	I304Q	304	0.997	pathogenic
P50440	I304R	304	0.9946	pathogenic
P50440	I304S	304	0.9692	pathogenic
P50440	I304T	304	0.936	pathogenic
P50440	I304V	304	0.412	ambiguous
P50440	I304W	304	0.998	pathogenic
P50440	I304Y	304	0.9961	pathogenic
P50440	D305A	305	0.9972	pathogenic
P50440	D305C	305	0.9992	pathogenic
P50440	D305E	305	0.9989	pathogenic
P50440	D305F	305	0.9996	pathogenic
P50440	D305G	305	0.9953	pathogenic
P50440	D305H	305	0.9977	pathogenic
P50440	D305I	305	0.9997	pathogenic
P50440	D305K	305	0.9992	pathogenic
P50440	D305L	305	0.999	pathogenic
P50440	D305M	305	0.9999	pathogenic
P50440	D305N	305	0.9923	pathogenic
P50440	D305P	305	0.9991	pathogenic
P50440	D305Q	305	0.9995	pathogenic
P50440	D305R	305	0.9988	pathogenic
P50440	D305S	305	0.9922	pathogenic
P50440	D305T	305	0.999	pathogenic
P50440	D305V	305	0.9989	pathogenic
P50440	D305W	305	0.9998	pathogenic
P50440	D305Y	305	0.9956	pathogenic
P50440	A306C	306	0.808	pathogenic
P50440	A306D	306	0.9972	pathogenic
P50440	A306E	306	0.9966	pathogenic
P50440	A306F	306	0.9929	pathogenic
P50440	A306G	306	0.7256	pathogenic
P50440	A306H	306	0.9951	pathogenic
P50440	A306I	306	0.9885	pathogenic
P50440	A306K	306	0.9981	pathogenic
P50440	A306L	306	0.9657	pathogenic
P50440	A306M	306	0.9784	pathogenic
P50440	A306N	306	0.9849	pathogenic
P50440	A306P	306	0.997	pathogenic
P50440	A306Q	306	0.9877	pathogenic
P50440	A306R	306	0.9877	pathogenic
P50440	A306S	306	0.5477	ambiguous
P50440	A306T	306	0.7486	pathogenic
P50440	A306V	306	0.9432	pathogenic
P50440	A306W	306	0.9992	pathogenic
P50440	A306Y	306	0.9962	pathogenic
P50440	T307A	307	0.9149	pathogenic
P50440	T307C	307	0.9756	pathogenic
P50440	T307D	307	0.9947	pathogenic
P50440	T307E	307	0.9973	pathogenic
P50440	T307F	307	0.998	pathogenic
P50440	T307G	307	0.9494	pathogenic
P50440	T307H	307	0.9891	pathogenic
P50440	T307I	307	0.9948	pathogenic
P50440	T307K	307	0.9958	pathogenic
P50440	T307L	307	0.9815	pathogenic
P50440	T307M	307	0.9664	pathogenic
P50440	T307N	307	0.9623	pathogenic
P50440	T307P	307	0.978	pathogenic
P50440	T307Q	307	0.9911	pathogenic
P50440	T307R	307	0.9941	pathogenic
P50440	T307S	307	0.656	pathogenic
P50440	T307V	307	0.9749	pathogenic
P50440	T307W	307	0.9992	pathogenic
P50440	T307Y	307	0.9966	pathogenic
P50440	F308A	308	0.9855	pathogenic
P50440	F308C	308	0.8652	pathogenic
P50440	F308D	308	0.9996	pathogenic
P50440	F308E	308	0.9994	pathogenic
P50440	F308G	308	0.9959	pathogenic
P50440	F308H	308	0.9941	pathogenic
P50440	F308I	308	0.5838	pathogenic
P50440	F308K	308	0.9994	pathogenic
P50440	F308L	308	0.8473	pathogenic
P50440	F308M	308	0.7364	pathogenic
P50440	F308N	308	0.9976	pathogenic
P50440	F308P	308	0.9998	pathogenic
P50440	F308Q	308	0.9982	pathogenic
P50440	F308R	308	0.998	pathogenic
P50440	F308S	308	0.9942	pathogenic
P50440	F308T	308	0.9896	pathogenic
P50440	F308V	308	0.6636	pathogenic
P50440	F308W	308	0.8358	pathogenic
P50440	F308Y	308	0.7826	pathogenic
P50440	N309A	309	0.6285	pathogenic
P50440	N309C	309	0.2734	benign
P50440	N309D	309	0.83	pathogenic
P50440	N309E	309	0.969	pathogenic
P50440	N309F	309	0.9614	pathogenic
P50440	N309G	309	0.6271	pathogenic
P50440	N309H	309	0.5658	pathogenic
P50440	N309I	309	0.6976	pathogenic
P50440	N309K	309	0.9781	pathogenic
P50440	N309L	309	0.6449	pathogenic
P50440	N309M	309	0.7142	pathogenic
P50440	N309P	309	0.9782	pathogenic
P50440	N309Q	309	0.8727	pathogenic
P50440	N309R	309	0.9702	pathogenic
P50440	N309S	309	0.127	benign
P50440	N309T	309	0.3529	ambiguous
P50440	N309V	309	0.5895	pathogenic
P50440	N309W	309	0.9871	pathogenic
P50440	N309Y	309	0.782	pathogenic
P50440	I310A	310	0.8776	pathogenic
P50440	I310C	310	0.8993	pathogenic
P50440	I310D	310	0.9979	pathogenic
P50440	I310E	310	0.9963	pathogenic
P50440	I310F	310	0.7162	pathogenic
P50440	I310G	310	0.9888	pathogenic
P50440	I310H	310	0.9926	pathogenic
P50440	I310K	310	0.9922	pathogenic
P50440	I310L	310	0.1888	benign
P50440	I310M	310	0.3351	benign
P50440	I310N	310	0.9727	pathogenic
P50440	I310P	310	0.8313	pathogenic
P50440	I310Q	310	0.9912	pathogenic
P50440	I310R	310	0.9867	pathogenic
P50440	I310S	310	0.9591	pathogenic
P50440	I310T	310	0.9128	pathogenic
P50440	I310V	310	0.1129	benign
P50440	I310W	310	0.9942	pathogenic
P50440	I310Y	310	0.9813	pathogenic
P50440	I311A	311	0.5853	pathogenic
P50440	I311C	311	0.9443	pathogenic
P50440	I311D	311	0.9982	pathogenic
P50440	I311E	311	0.9958	pathogenic
P50440	I311F	311	0.7043	pathogenic
P50440	I311G	311	0.9788	pathogenic
P50440	I311H	311	0.994	pathogenic
P50440	I311K	311	0.9905	pathogenic
P50440	I311L	311	0.1976	benign
P50440	I311M	311	0.3142	benign
P50440	I311N	311	0.9802	pathogenic
P50440	I311P	311	0.9312	pathogenic
P50440	I311Q	311	0.9904	pathogenic
P50440	I311R	311	0.9814	pathogenic
P50440	I311S	311	0.8971	pathogenic
P50440	I311T	311	0.4204	ambiguous
P50440	I311V	311	0.1044	benign
P50440	I311W	311	0.9927	pathogenic
P50440	I311Y	311	0.9827	pathogenic
P50440	G312A	312	0.2225	benign
P50440	G312C	312	0.4853	ambiguous
P50440	G312D	312	0.945	pathogenic
P50440	G312E	312	0.9174	pathogenic
P50440	G312F	312	0.9439	pathogenic
P50440	G312H	312	0.8815	pathogenic
P50440	G312I	312	0.9281	pathogenic
P50440	G312K	312	0.7352	pathogenic
P50440	G312L	312	0.8852	pathogenic
P50440	G312M	312	0.9174	pathogenic
P50440	G312N	312	0.9091	pathogenic
P50440	G312P	312	0.9963	pathogenic
P50440	G312Q	312	0.7596	pathogenic
P50440	G312R	312	0.547	ambiguous
P50440	G312S	312	0.3099	benign
P50440	G312T	312	0.6795	pathogenic
P50440	G312V	312	0.8423	pathogenic
P50440	G312W	312	0.9209	pathogenic
P50440	G312Y	312	0.9025	pathogenic
P50440	P313A	313	0.2153	benign
P50440	P313C	313	0.7591	pathogenic
P50440	P313D	313	0.5328	ambiguous
P50440	P313E	313	0.236	benign
P50440	P313F	313	0.9407	pathogenic
P50440	P313G	313	0.6275	pathogenic
P50440	P313H	313	0.3126	benign
P50440	P313I	313	0.8777	pathogenic
P50440	P313K	313	0.2686	benign
P50440	P313L	313	0.5661	pathogenic
P50440	P313M	313	0.813	pathogenic
P50440	P313N	313	0.5504	ambiguous
P50440	P313Q	313	0.2534	benign
P50440	P313R	313	0.1936	benign
P50440	P313S	313	0.2864	benign
P50440	P313T	313	0.3501	ambiguous
P50440	P313V	313	0.7409	pathogenic
P50440	P313W	313	0.9289	pathogenic
P50440	P313Y	313	0.8606	pathogenic
P50440	G314A	314	0.7222	pathogenic
P50440	G314C	314	0.7974	pathogenic
P50440	G314D	314	0.6038	pathogenic
P50440	G314E	314	0.7165	pathogenic
P50440	G314F	314	0.9861	pathogenic
P50440	G314H	314	0.7881	pathogenic
P50440	G314I	314	0.9909	pathogenic
P50440	G314K	314	0.7577	pathogenic
P50440	G314L	314	0.9769	pathogenic
P50440	G314M	314	0.9755	pathogenic
P50440	G314N	314	0.5694	pathogenic
P50440	G314P	314	0.9917	pathogenic
P50440	G314Q	314	0.7113	pathogenic
P50440	G314R	314	0.7019	pathogenic
P50440	G314S	314	0.3581	ambiguous
P50440	G314T	314	0.834	pathogenic
P50440	G314V	314	0.9761	pathogenic
P50440	G314W	314	0.9614	pathogenic
P50440	G314Y	314	0.9394	pathogenic
P50440	I315A	315	0.2206	benign
P50440	I315C	315	0.4024	ambiguous
P50440	I315D	315	0.7542	pathogenic
P50440	I315E	315	0.5035	ambiguous
P50440	I315F	315	0.1484	benign
P50440	I315G	315	0.6637	pathogenic
P50440	I315H	315	0.2656	benign
P50440	I315K	315	0.1281	benign
P50440	I315L	315	0.0533	benign
P50440	I315M	315	0.0692	benign
P50440	I315N	315	0.2763	benign
P50440	I315P	315	0.9682	pathogenic
P50440	I315Q	315	0.2263	benign
P50440	I315R	315	0.11	benign
P50440	I315S	315	0.2679	benign
P50440	I315T	315	0.1004	benign
P50440	I315V	315	0.062	benign
P50440	I315W	315	0.5566	ambiguous
P50440	I315Y	315	0.3286	benign
P50440	V316A	316	0.4656	ambiguous
P50440	V316C	316	0.8566	pathogenic
P50440	V316D	316	0.999	pathogenic
P50440	V316E	316	0.997	pathogenic
P50440	V316F	316	0.8794	pathogenic
P50440	V316G	316	0.8247	pathogenic
P50440	V316H	316	0.998	pathogenic
P50440	V316I	316	0.1249	benign
P50440	V316K	316	0.9975	pathogenic
P50440	V316L	316	0.5058	ambiguous
P50440	V316M	316	0.6927	pathogenic
P50440	V316N	316	0.9942	pathogenic
P50440	V316P	316	0.9912	pathogenic
P50440	V316Q	316	0.9925	pathogenic
P50440	V316R	316	0.9919	pathogenic
P50440	V316S	316	0.9099	pathogenic
P50440	V316T	316	0.8375	pathogenic
P50440	V316W	316	0.9988	pathogenic
P50440	V316Y	316	0.9923	pathogenic
P50440	L317A	317	0.9621	pathogenic
P50440	L317C	317	0.9501	pathogenic
P50440	L317D	317	0.9997	pathogenic
P50440	L317E	317	0.9983	pathogenic
P50440	L317F	317	0.8617	pathogenic
P50440	L317G	317	0.9961	pathogenic
P50440	L317H	317	0.9951	pathogenic
P50440	L317I	317	0.1979	benign
P50440	L317K	317	0.9973	pathogenic
P50440	L317M	317	0.3758	ambiguous
P50440	L317N	317	0.997	pathogenic
P50440	L317P	317	0.998	pathogenic
P50440	L317Q	317	0.9905	pathogenic
P50440	L317R	317	0.9939	pathogenic
P50440	L317S	317	0.9928	pathogenic
P50440	L317T	317	0.9742	pathogenic
P50440	L317V	317	0.3475	ambiguous
P50440	L317W	317	0.9901	pathogenic
P50440	L317Y	317	0.9892	pathogenic
P50440	S318A	318	0.1277	benign
P50440	S318C	318	0.134	benign
P50440	S318D	318	0.9416	pathogenic
P50440	S318E	318	0.9077	pathogenic
P50440	S318F	318	0.7454	pathogenic
P50440	S318G	318	0.2774	benign
P50440	S318H	318	0.7964	pathogenic
P50440	S318I	318	0.4171	ambiguous
P50440	S318K	318	0.9782	pathogenic
P50440	S318L	318	0.2133	benign
P50440	S318M	318	0.3678	ambiguous
P50440	S318N	318	0.576	pathogenic
P50440	S318P	318	0.9874	pathogenic
P50440	S318Q	318	0.7961	pathogenic
P50440	S318R	318	0.9632	pathogenic
P50440	S318T	318	0.1571	benign
P50440	S318V	318	0.3422	ambiguous
P50440	S318W	318	0.8124	pathogenic
P50440	S318Y	318	0.6009	pathogenic
P50440	N319A	319	0.9683	pathogenic
P50440	N319C	319	0.4717	ambiguous
P50440	N319D	319	0.9896	pathogenic
P50440	N319E	319	0.9979	pathogenic
P50440	N319F	319	0.9941	pathogenic
P50440	N319G	319	0.9844	pathogenic
P50440	N319H	319	0.7069	pathogenic
P50440	N319I	319	0.9733	pathogenic
P50440	N319K	319	0.9979	pathogenic
P50440	N319L	319	0.9692	pathogenic
P50440	N319M	319	0.9838	pathogenic
P50440	N319P	319	0.9852	pathogenic
P50440	N319Q	319	0.9909	pathogenic
P50440	N319R	319	0.9963	pathogenic
P50440	N319S	319	0.5032	ambiguous
P50440	N319T	319	0.9573	pathogenic
P50440	N319V	319	0.9727	pathogenic
P50440	N319W	319	0.9983	pathogenic
P50440	N319Y	319	0.9606	pathogenic
P50440	P320A	320	0.3382	benign
P50440	P320C	320	0.8855	pathogenic
P50440	P320D	320	0.9161	pathogenic
P50440	P320E	320	0.7461	pathogenic
P50440	P320F	320	0.9426	pathogenic
P50440	P320G	320	0.808	pathogenic
P50440	P320H	320	0.6552	pathogenic
P50440	P320I	320	0.7589	pathogenic
P50440	P320K	320	0.6257	pathogenic
P50440	P320L	320	0.5431	ambiguous
P50440	P320M	320	0.7944	pathogenic
P50440	P320N	320	0.8515	pathogenic
P50440	P320Q	320	0.5859	pathogenic
P50440	P320R	320	0.4569	ambiguous
P50440	P320S	320	0.5362	ambiguous
P50440	P320T	320	0.3966	ambiguous
P50440	P320V	320	0.6364	pathogenic
P50440	P320W	320	0.9658	pathogenic
P50440	P320Y	320	0.9245	pathogenic
P50440	D321A	321	0.3071	benign
P50440	D321C	321	0.7881	pathogenic
P50440	D321E	321	0.2305	benign
P50440	D321F	321	0.7503	pathogenic
P50440	D321G	321	0.5046	ambiguous
P50440	D321H	321	0.5317	ambiguous
P50440	D321I	321	0.4722	ambiguous
P50440	D321K	321	0.6548	pathogenic
P50440	D321L	321	0.5158	ambiguous
P50440	D321M	321	0.7493	pathogenic
P50440	D321N	321	0.2362	benign
P50440	D321P	321	0.9552	pathogenic
P50440	D321Q	321	0.5091	ambiguous
P50440	D321R	321	0.7238	pathogenic
P50440	D321S	321	0.2771	benign
P50440	D321T	321	0.4846	ambiguous
P50440	D321V	321	0.3042	benign
P50440	D321W	321	0.956	pathogenic
P50440	D321Y	321	0.395	ambiguous
P50440	R322A	322	0.9986	pathogenic
P50440	R322C	322	0.9767	pathogenic
P50440	R322D	322	0.9987	pathogenic
P50440	R322E	322	0.9917	pathogenic
P50440	R322F	322	0.9963	pathogenic
P50440	R322G	322	0.9965	pathogenic
P50440	R322H	322	0.9425	pathogenic
P50440	R322I	322	0.992	pathogenic
P50440	R322K	322	0.9306	pathogenic
P50440	R322L	322	0.9901	pathogenic
P50440	R322M	322	0.9975	pathogenic
P50440	R322N	322	0.9972	pathogenic
P50440	R322P	322	0.9988	pathogenic
P50440	R322Q	322	0.9689	pathogenic
P50440	R322S	322	0.9986	pathogenic
P50440	R322T	322	0.9984	pathogenic
P50440	R322V	322	0.9954	pathogenic
P50440	R322W	322	0.9529	pathogenic
P50440	R322Y	322	0.9859	pathogenic
P50440	P323A	323	0.2164	benign
P50440	P323C	323	0.7442	pathogenic
P50440	P323D	323	0.7232	pathogenic
P50440	P323E	323	0.4756	ambiguous
P50440	P323F	323	0.805	pathogenic
P50440	P323G	323	0.625	pathogenic
P50440	P323H	323	0.4629	ambiguous
P50440	P323I	323	0.4963	ambiguous
P50440	P323K	323	0.4321	ambiguous
P50440	P323L	323	0.3109	benign
P50440	P323M	323	0.6157	pathogenic
P50440	P323N	323	0.6658	pathogenic
P50440	P323Q	323	0.3645	ambiguous
P50440	P323R	323	0.342	ambiguous
P50440	P323S	323	0.3756	ambiguous
P50440	P323T	323	0.2552	benign
P50440	P323V	323	0.3638	ambiguous
P50440	P323W	323	0.8895	pathogenic
P50440	P323Y	323	0.7445	pathogenic
P50440	C324A	324	0.8272	pathogenic
P50440	C324D	324	0.995	pathogenic
P50440	C324E	324	0.9985	pathogenic
P50440	C324F	324	0.945	pathogenic
P50440	C324G	324	0.8244	pathogenic
P50440	C324H	324	0.9943	pathogenic
P50440	C324I	324	0.9298	pathogenic
P50440	C324K	324	0.9992	pathogenic
P50440	C324L	324	0.8824	pathogenic
P50440	C324M	324	0.9633	pathogenic
P50440	C324N	324	0.9789	pathogenic
P50440	C324P	324	0.8932	pathogenic
P50440	C324Q	324	0.9955	pathogenic
P50440	C324R	324	0.9914	pathogenic
P50440	C324S	324	0.8887	pathogenic
P50440	C324T	324	0.9388	pathogenic
P50440	C324V	324	0.8429	pathogenic
P50440	C324W	324	0.9931	pathogenic
P50440	C324Y	324	0.9818	pathogenic
P50440	H325A	325	0.2283	benign
P50440	H325C	325	0.1366	benign
P50440	H325D	325	0.1812	benign
P50440	H325E	325	0.1875	benign
P50440	H325F	325	0.1956	benign
P50440	H325G	325	0.2622	benign
P50440	H325I	325	0.2326	benign
P50440	H325K	325	0.1457	benign
P50440	H325L	325	0.0974	benign
P50440	H325M	325	0.3195	benign
P50440	H325N	325	0.0835	benign
P50440	H325P	325	0.3856	ambiguous
P50440	H325Q	325	0.1234	benign
P50440	H325R	325	0.0763	benign
P50440	H325S	325	0.1785	benign
P50440	H325T	325	0.1835	benign
P50440	H325V	325	0.1974	benign
P50440	H325W	325	0.2707	benign
P50440	H325Y	325	0.0711	benign
P50440	Q326A	326	0.4734	ambiguous
P50440	Q326C	326	0.88	pathogenic
P50440	Q326D	326	0.3957	ambiguous
P50440	Q326E	326	0.0751	benign
P50440	Q326F	326	0.9557	pathogenic
P50440	Q326G	326	0.4439	ambiguous
P50440	Q326H	326	0.6064	pathogenic
P50440	Q326I	326	0.8327	pathogenic
P50440	Q326K	326	0.3807	ambiguous
P50440	Q326L	326	0.5644	pathogenic
P50440	Q326M	326	0.6658	pathogenic
P50440	Q326N	326	0.4952	ambiguous
P50440	Q326P	326	0.7367	pathogenic
P50440	Q326R	326	0.4362	ambiguous
P50440	Q326S	326	0.4322	ambiguous
P50440	Q326T	326	0.5026	ambiguous
P50440	Q326V	326	0.6666	pathogenic
P50440	Q326W	326	0.9534	pathogenic
P50440	Q326Y	326	0.8848	pathogenic
P50440	I327A	327	0.1684	benign
P50440	I327C	327	0.6487	pathogenic
P50440	I327D	327	0.6287	pathogenic
P50440	I327E	327	0.4097	ambiguous
P50440	I327F	327	0.2122	benign
P50440	I327G	327	0.4773	ambiguous
P50440	I327H	327	0.4715	ambiguous
P50440	I327K	327	0.2478	benign
P50440	I327L	327	0.0898	benign
P50440	I327M	327	0.0756	benign
P50440	I327N	327	0.3085	benign
P50440	I327P	327	0.6039	pathogenic
P50440	I327Q	327	0.3656	ambiguous
P50440	I327R	327	0.2258	benign
P50440	I327S	327	0.2374	benign
P50440	I327T	327	0.1056	benign
P50440	I327V	327	0.0672	benign
P50440	I327W	327	0.7228	pathogenic
P50440	I327Y	327	0.4921	ambiguous
P50440	D328A	328	0.1083	benign
P50440	D328C	328	0.4246	ambiguous
P50440	D328E	328	0.0792	benign
P50440	D328F	328	0.5225	ambiguous
P50440	D328G	328	0.1183	benign
P50440	D328H	328	0.1253	benign
P50440	D328I	328	0.3291	benign
P50440	D328K	328	0.1771	benign
P50440	D328L	328	0.2864	benign
P50440	D328M	328	0.4457	ambiguous
P50440	D328N	328	0.0852	benign
P50440	D328P	328	0.3809	ambiguous
P50440	D328Q	328	0.1458	benign
P50440	D328R	328	0.2169	benign
P50440	D328S	328	0.0891	benign
P50440	D328T	328	0.1548	benign
P50440	D328V	328	0.1998	benign
P50440	D328W	328	0.7553	pathogenic
P50440	D328Y	328	0.2235	benign
P50440	L329A	329	0.2109	benign
P50440	L329C	329	0.3583	ambiguous
P50440	L329D	329	0.4756	ambiguous
P50440	L329E	329	0.3018	benign
P50440	L329F	329	0.0999	benign
P50440	L329G	329	0.523	ambiguous
P50440	L329H	329	0.1598	benign
P50440	L329I	329	0.0796	benign
P50440	L329K	329	0.2075	benign
P50440	L329M	329	0.0776	benign
P50440	L329N	329	0.3299	benign
P50440	L329P	329	0.7636	pathogenic
P50440	L329Q	329	0.1592	benign
P50440	L329R	329	0.168	benign
P50440	L329S	329	0.2555	benign
P50440	L329T	329	0.1482	benign
P50440	L329V	329	0.0772	benign
P50440	L329W	329	0.1863	benign
P50440	L329Y	329	0.1807	benign
P50440	F330A	330	0.9892	pathogenic
P50440	F330C	330	0.9505	pathogenic
P50440	F330D	330	0.9994	pathogenic
P50440	F330E	330	0.9989	pathogenic
P50440	F330G	330	0.9952	pathogenic
P50440	F330H	330	0.9904	pathogenic
P50440	F330I	330	0.8701	pathogenic
P50440	F330K	330	0.9984	pathogenic
P50440	F330L	330	0.9314	pathogenic
P50440	F330M	330	0.8763	pathogenic
P50440	F330N	330	0.9984	pathogenic
P50440	F330P	330	0.9969	pathogenic
P50440	F330Q	330	0.9964	pathogenic
P50440	F330R	330	0.9955	pathogenic
P50440	F330S	330	0.996	pathogenic
P50440	F330T	330	0.996	pathogenic
P50440	F330V	330	0.8978	pathogenic
P50440	F330W	330	0.8559	pathogenic
P50440	F330Y	330	0.7874	pathogenic
P50440	K331A	331	0.3007	benign
P50440	K331C	331	0.4534	ambiguous
P50440	K331D	331	0.5738	pathogenic
P50440	K331E	331	0.1007	benign
P50440	K331F	331	0.6515	pathogenic
P50440	K331G	331	0.4305	ambiguous
P50440	K331H	331	0.1489	benign
P50440	K331I	331	0.2826	benign
P50440	K331L	331	0.2507	benign
P50440	K331M	331	0.2112	benign
P50440	K331N	331	0.315	benign
P50440	K331P	331	0.9254	pathogenic
P50440	K331Q	331	0.0915	benign
P50440	K331R	331	0.0761	benign
P50440	K331S	331	0.3229	benign
P50440	K331T	331	0.151	benign
P50440	K331V	331	0.2589	benign
P50440	K331W	331	0.6048	pathogenic
P50440	K331Y	331	0.4393	ambiguous
P50440	K332A	332	0.1741	benign
P50440	K332C	332	0.5807	pathogenic
P50440	K332D	332	0.2363	benign
P50440	K332E	332	0.0908	benign
P50440	K332F	332	0.8184	pathogenic
P50440	K332G	332	0.3081	benign
P50440	K332H	332	0.2178	benign
P50440	K332I	332	0.4379	ambiguous
P50440	K332L	332	0.3338	benign
P50440	K332M	332	0.213	benign
P50440	K332N	332	0.1763	benign
P50440	K332P	332	0.9292	pathogenic
P50440	K332Q	332	0.0807	benign
P50440	K332R	332	0.0786	benign
P50440	K332S	332	0.1895	benign
P50440	K332T	332	0.1293	benign
P50440	K332V	332	0.3705	ambiguous
P50440	K332W	332	0.7891	pathogenic
P50440	K332Y	332	0.5907	pathogenic
P50440	A333C	333	0.5404	ambiguous
P50440	A333D	333	0.6337	pathogenic
P50440	A333E	333	0.4595	ambiguous
P50440	A333F	333	0.5687	pathogenic
P50440	A333G	333	0.1904	benign
P50440	A333H	333	0.475	ambiguous
P50440	A333I	333	0.5843	pathogenic
P50440	A333K	333	0.5663	pathogenic
P50440	A333L	333	0.4539	ambiguous
P50440	A333M	333	0.4375	ambiguous
P50440	A333N	333	0.339	benign
P50440	A333P	333	0.963	pathogenic
P50440	A333Q	333	0.3961	ambiguous
P50440	A333R	333	0.4796	ambiguous
P50440	A333S	333	0.1167	benign
P50440	A333T	333	0.2461	benign
P50440	A333V	333	0.3082	benign
P50440	A333W	333	0.8761	pathogenic
P50440	A333Y	333	0.5829	pathogenic
P50440	G334A	334	0.5493	ambiguous
P50440	G334C	334	0.6646	pathogenic
P50440	G334D	334	0.3508	ambiguous
P50440	G334E	334	0.5857	pathogenic
P50440	G334F	334	0.9792	pathogenic
P50440	G334H	334	0.6887	pathogenic
P50440	G334I	334	0.9617	pathogenic
P50440	G334K	334	0.5407	ambiguous
P50440	G334L	334	0.9475	pathogenic
P50440	G334M	334	0.9519	pathogenic
P50440	G334N	334	0.3851	ambiguous
P50440	G334P	334	0.9865	pathogenic
P50440	G334Q	334	0.5398	ambiguous
P50440	G334R	334	0.4906	ambiguous
P50440	G334S	334	0.2731	benign
P50440	G334T	334	0.7505	pathogenic
P50440	G334V	334	0.9198	pathogenic
P50440	G334W	334	0.9402	pathogenic
P50440	G334Y	334	0.9094	pathogenic
P50440	W335A	335	0.9968	pathogenic
P50440	W335C	335	0.9952	pathogenic
P50440	W335D	335	0.9995	pathogenic
P50440	W335E	335	0.9996	pathogenic
P50440	W335F	335	0.7441	pathogenic
P50440	W335G	335	0.985	pathogenic
P50440	W335H	335	0.995	pathogenic
P50440	W335I	335	0.9941	pathogenic
P50440	W335K	335	0.9994	pathogenic
P50440	W335L	335	0.9786	pathogenic
P50440	W335M	335	0.9895	pathogenic
P50440	W335N	335	0.9991	pathogenic
P50440	W335P	335	0.9998	pathogenic
P50440	W335Q	335	0.9992	pathogenic
P50440	W335R	335	0.9988	pathogenic
P50440	W335S	335	0.9947	pathogenic
P50440	W335T	335	0.9982	pathogenic
P50440	W335V	335	0.9937	pathogenic
P50440	W335Y	335	0.9082	pathogenic
P50440	T336A	336	0.0969	benign
P50440	T336C	336	0.3462	ambiguous
P50440	T336D	336	0.1205	benign
P50440	T336E	336	0.0872	benign
P50440	T336F	336	0.4163	ambiguous
P50440	T336G	336	0.262	benign
P50440	T336H	336	0.106	benign
P50440	T336I	336	0.2333	benign
P50440	T336K	336	0.0684	benign
P50440	T336L	336	0.1696	benign
P50440	T336M	336	0.1266	benign
P50440	T336N	336	0.0603	benign
P50440	T336P	336	0.5624	ambiguous
P50440	T336Q	336	0.0868	benign
P50440	T336R	336	0.0804	benign
P50440	T336S	336	0.09	benign
P50440	T336V	336	0.1925	benign
P50440	T336W	336	0.6853	pathogenic
P50440	T336Y	336	0.2823	benign
P50440	I337A	337	0.5854	pathogenic
P50440	I337C	337	0.6978	pathogenic
P50440	I337D	337	0.948	pathogenic
P50440	I337E	337	0.8696	pathogenic
P50440	I337F	337	0.3459	ambiguous
P50440	I337G	337	0.8751	pathogenic
P50440	I337H	337	0.8591	pathogenic
P50440	I337K	337	0.8133	pathogenic
P50440	I337L	337	0.1691	benign
P50440	I337M	337	0.1818	benign
P50440	I337N	337	0.6908	pathogenic
P50440	I337P	337	0.7905	pathogenic
P50440	I337Q	337	0.829	pathogenic
P50440	I337R	337	0.7809	pathogenic
P50440	I337S	337	0.6704	pathogenic
P50440	I337T	337	0.417	ambiguous
P50440	I337V	337	0.0523	benign
P50440	I337W	337	0.9428	pathogenic
P50440	I337Y	337	0.7993	pathogenic
P50440	I338A	338	0.4508	ambiguous
P50440	I338C	338	0.5356	ambiguous
P50440	I338D	338	0.9019	pathogenic
P50440	I338E	338	0.716	pathogenic
P50440	I338F	338	0.2008	benign
P50440	I338G	338	0.8484	pathogenic
P50440	I338H	338	0.5045	ambiguous
P50440	I338K	338	0.4697	ambiguous
P50440	I338L	338	0.1247	benign
P50440	I338M	338	0.1396	benign
P50440	I338N	338	0.5634	ambiguous
P50440	I338P	338	0.943	pathogenic
P50440	I338Q	338	0.5383	ambiguous
P50440	I338R	338	0.3956	ambiguous
P50440	I338S	338	0.5436	ambiguous
P50440	I338T	338	0.3227	benign
P50440	I338V	338	0.0562	benign
P50440	I338W	338	0.8434	pathogenic
P50440	I338Y	338	0.5253	ambiguous
P50440	T339A	339	0.0713	benign
P50440	T339C	339	0.1527	benign
P50440	T339D	339	0.1755	benign
P50440	T339E	339	0.1003	benign
P50440	T339F	339	0.1067	benign
P50440	T339G	339	0.2306	benign
P50440	T339H	339	0.0641	benign
P50440	T339I	339	0.0844	benign
P50440	T339K	339	0.0631	benign
P50440	T339L	339	0.0634	benign
P50440	T339M	339	0.068	benign
P50440	T339N	339	0.0666	benign
P50440	T339P	339	0.0652	benign
P50440	T339Q	339	0.0807	benign
P50440	T339R	339	0.0656	benign
P50440	T339S	339	0.0798	benign
P50440	T339V	339	0.0783	benign
P50440	T339W	339	0.3162	benign
P50440	T339Y	339	0.0821	benign
P50440	P340A	340	0.1695	benign
P50440	P340C	340	0.7733	pathogenic
P50440	P340D	340	0.9971	pathogenic
P50440	P340E	340	0.9881	pathogenic
P50440	P340F	340	0.9921	pathogenic
P50440	P340G	340	0.896	pathogenic
P50440	P340H	340	0.971	pathogenic
P50440	P340I	340	0.8746	pathogenic
P50440	P340K	340	0.9956	pathogenic
P50440	P340L	340	0.7682	pathogenic
P50440	P340M	340	0.9245	pathogenic
P50440	P340N	340	0.9778	pathogenic
P50440	P340Q	340	0.9594	pathogenic
P50440	P340R	340	0.9836	pathogenic
P50440	P340S	340	0.5689	pathogenic
P50440	P340T	340	0.4441	ambiguous
P50440	P340V	340	0.6167	pathogenic
P50440	P340W	340	0.9987	pathogenic
P50440	P340Y	340	0.9941	pathogenic
P50440	P341A	341	0.2649	benign
P50440	P341C	341	0.8526	pathogenic
P50440	P341D	341	0.9028	pathogenic
P50440	P341E	341	0.7816	pathogenic
P50440	P341F	341	0.9689	pathogenic
P50440	P341G	341	0.7944	pathogenic
P50440	P341H	341	0.795	pathogenic
P50440	P341I	341	0.8672	pathogenic
P50440	P341K	341	0.8638	pathogenic
P50440	P341L	341	0.6468	pathogenic
P50440	P341M	341	0.8531	pathogenic
P50440	P341N	341	0.8946	pathogenic
P50440	P341Q	341	0.7034	pathogenic
P50440	P341R	341	0.7737	pathogenic
P50440	P341S	341	0.5007	ambiguous
P50440	P341T	341	0.4471	ambiguous
P50440	P341V	341	0.6834	pathogenic
P50440	P341W	341	0.9841	pathogenic
P50440	P341Y	341	0.9545	pathogenic
P50440	T342A	342	0.0633	benign
P50440	T342C	342	0.2235	benign
P50440	T342D	342	0.2171	benign
P50440	T342E	342	0.1302	benign
P50440	T342F	342	0.1328	benign
P50440	T342G	342	0.2195	benign
P50440	T342H	342	0.1411	benign
P50440	T342I	342	0.0632	benign
P50440	T342K	342	0.0847	benign
P50440	T342L	342	0.0466	benign
P50440	T342M	342	0.0635	benign
P50440	T342N	342	0.0866	benign
P50440	T342P	342	0.0681	benign
P50440	T342Q	342	0.114	benign
P50440	T342R	342	0.0899	benign
P50440	T342S	342	0.0936	benign
P50440	T342V	342	0.0594	benign
P50440	T342W	342	0.4309	ambiguous
P50440	T342Y	342	0.1512	benign
P50440	P343A	343	0.5416	ambiguous
P50440	P343C	343	0.9585	pathogenic
P50440	P343D	343	0.996	pathogenic
P50440	P343E	343	0.9903	pathogenic
P50440	P343F	343	0.9979	pathogenic
P50440	P343G	343	0.9087	pathogenic
P50440	P343H	343	0.9796	pathogenic
P50440	P343I	343	0.9919	pathogenic
P50440	P343K	343	0.9963	pathogenic
P50440	P343L	343	0.9642	pathogenic
P50440	P343M	343	0.9869	pathogenic
P50440	P343N	343	0.9878	pathogenic
P50440	P343Q	343	0.9738	pathogenic
P50440	P343R	343	0.9862	pathogenic
P50440	P343S	343	0.7458	pathogenic
P50440	P343T	343	0.8625	pathogenic
P50440	P343V	343	0.9645	pathogenic
P50440	P343W	343	0.9987	pathogenic
P50440	P343Y	343	0.9974	pathogenic
P50440	I344A	344	0.1471	benign
P50440	I344C	344	0.3501	ambiguous
P50440	I344D	344	0.3648	ambiguous
P50440	I344E	344	0.2784	benign
P50440	I344F	344	0.1704	benign
P50440	I344G	344	0.3644	ambiguous
P50440	I344H	344	0.3105	benign
P50440	I344K	344	0.2144	benign
P50440	I344L	344	0.0578	benign
P50440	I344M	344	0.0704	benign
P50440	I344N	344	0.1259	benign
P50440	I344P	344	0.7547	pathogenic
P50440	I344Q	344	0.2253	benign
P50440	I344R	344	0.1707	benign
P50440	I344S	344	0.1356	benign
P50440	I344T	344	0.1081	benign
P50440	I344V	344	0.0548	benign
P50440	I344W	344	0.7288	pathogenic
P50440	I344Y	344	0.3957	ambiguous
P50440	I345A	345	0.8753	pathogenic
P50440	I345C	345	0.896	pathogenic
P50440	I345D	345	0.9834	pathogenic
P50440	I345E	345	0.9659	pathogenic
P50440	I345F	345	0.3677	ambiguous
P50440	I345G	345	0.9697	pathogenic
P50440	I345H	345	0.9288	pathogenic
P50440	I345K	345	0.9504	pathogenic
P50440	I345L	345	0.179	benign
P50440	I345M	345	0.1481	benign
P50440	I345N	345	0.7816	pathogenic
P50440	I345P	345	0.9532	pathogenic
P50440	I345Q	345	0.9116	pathogenic
P50440	I345R	345	0.9309	pathogenic
P50440	I345S	345	0.8019	pathogenic
P50440	I345T	345	0.6948	pathogenic
P50440	I345V	345	0.1622	benign
P50440	I345W	345	0.9561	pathogenic
P50440	I345Y	345	0.8603	pathogenic
P50440	P346A	346	0.1404	benign
P50440	P346C	346	0.6331	pathogenic
P50440	P346D	346	0.4844	ambiguous
P50440	P346E	346	0.4103	ambiguous
P50440	P346F	346	0.8431	pathogenic
P50440	P346G	346	0.3935	ambiguous
P50440	P346H	346	0.2984	benign
P50440	P346I	346	0.762	pathogenic
P50440	P346K	346	0.3782	ambiguous
P50440	P346L	346	0.3261	benign
P50440	P346M	346	0.6171	pathogenic
P50440	P346N	346	0.4559	ambiguous
P50440	P346Q	346	0.2825	benign
P50440	P346R	346	0.2693	benign
P50440	P346S	346	0.1641	benign
P50440	P346T	346	0.2145	benign
P50440	P346V	346	0.5808	pathogenic
P50440	P346W	346	0.864	pathogenic
P50440	P346Y	346	0.7473	pathogenic
P50440	D347A	347	0.1778	benign
P50440	D347C	347	0.6836	pathogenic
P50440	D347E	347	0.1766	benign
P50440	D347F	347	0.801	pathogenic
P50440	D347G	347	0.235	benign
P50440	D347H	347	0.344	ambiguous
P50440	D347I	347	0.4983	ambiguous
P50440	D347K	347	0.3519	ambiguous
P50440	D347L	347	0.5063	ambiguous
P50440	D347M	347	0.69	pathogenic
P50440	D347N	347	0.1038	benign
P50440	D347P	347	0.5328	ambiguous
P50440	D347Q	347	0.3494	ambiguous
P50440	D347R	347	0.4225	ambiguous
P50440	D347S	347	0.1341	benign
P50440	D347T	347	0.2765	benign
P50440	D347V	347	0.3161	benign
P50440	D347W	347	0.9437	pathogenic
P50440	D347Y	347	0.3906	ambiguous
P50440	D348A	348	0.1374	benign
P50440	D348C	348	0.3743	ambiguous
P50440	D348E	348	0.1426	benign
P50440	D348F	348	0.4758	ambiguous
P50440	D348G	348	0.1247	benign
P50440	D348H	348	0.1535	benign
P50440	D348I	348	0.2948	benign
P50440	D348K	348	0.2542	benign
P50440	D348L	348	0.3556	ambiguous
P50440	D348M	348	0.4938	ambiguous
P50440	D348N	348	0.0676	benign
P50440	D348P	348	0.7052	pathogenic
P50440	D348Q	348	0.2418	benign
P50440	D348R	348	0.2904	benign
P50440	D348S	348	0.0784	benign
P50440	D348T	348	0.1188	benign
P50440	D348V	348	0.2039	benign
P50440	D348W	348	0.7966	pathogenic
P50440	D348Y	348	0.1778	benign
P50440	H349A	349	0.9441	pathogenic
P50440	H349C	349	0.6606	pathogenic
P50440	H349D	349	0.9207	pathogenic
P50440	H349E	349	0.9456	pathogenic
P50440	H349F	349	0.565	pathogenic
P50440	H349G	349	0.972	pathogenic
P50440	H349I	349	0.8136	pathogenic
P50440	H349K	349	0.9485	pathogenic
P50440	H349L	349	0.6393	pathogenic
P50440	H349M	349	0.9024	pathogenic
P50440	H349N	349	0.6568	pathogenic
P50440	H349P	349	0.8039	pathogenic
P50440	H349Q	349	0.8864	pathogenic
P50440	H349R	349	0.8812	pathogenic
P50440	H349S	349	0.866	pathogenic
P50440	H349T	349	0.9143	pathogenic
P50440	H349V	349	0.8597	pathogenic
P50440	H349W	349	0.6377	pathogenic
P50440	H349Y	349	0.2973	benign
P50440	P350A	350	0.1998	benign
P50440	P350C	350	0.6983	pathogenic
P50440	P350D	350	0.7293	pathogenic
P50440	P350E	350	0.4336	ambiguous
P50440	P350F	350	0.7912	pathogenic
P50440	P350G	350	0.7073	pathogenic
P50440	P350H	350	0.4058	ambiguous
P50440	P350I	350	0.4769	ambiguous
P50440	P350K	350	0.4497	ambiguous
P50440	P350L	350	0.2411	benign
P50440	P350M	350	0.5429	ambiguous
P50440	P350N	350	0.6776	pathogenic
P50440	P350Q	350	0.3297	benign
P50440	P350R	350	0.3358	benign
P50440	P350S	350	0.3547	ambiguous
P50440	P350T	350	0.2191	benign
P50440	P350V	350	0.347	ambiguous
P50440	P350W	350	0.883	pathogenic
P50440	P350Y	350	0.7267	pathogenic
P50440	L351A	351	0.9096	pathogenic
P50440	L351C	351	0.8676	pathogenic
P50440	L351D	351	0.9952	pathogenic
P50440	L351E	351	0.9698	pathogenic
P50440	L351F	351	0.6571	pathogenic
P50440	L351G	351	0.9489	pathogenic
P50440	L351H	351	0.9179	pathogenic
P50440	L351I	351	0.5992	pathogenic
P50440	L351K	351	0.9293	pathogenic
P50440	L351M	351	0.2989	benign
P50440	L351N	351	0.95	pathogenic
P50440	L351P	351	0.9681	pathogenic
P50440	L351Q	351	0.8337	pathogenic
P50440	L351R	351	0.8628	pathogenic
P50440	L351S	351	0.9431	pathogenic
P50440	L351T	351	0.8989	pathogenic
P50440	L351V	351	0.5788	pathogenic
P50440	L351W	351	0.9113	pathogenic
P50440	L351Y	351	0.8828	pathogenic
P50440	W352A	352	0.9625	pathogenic
P50440	W352C	352	0.964	pathogenic
P50440	W352D	352	0.9956	pathogenic
P50440	W352E	352	0.9962	pathogenic
P50440	W352F	352	0.5083	ambiguous
P50440	W352G	352	0.9043	pathogenic
P50440	W352H	352	0.965	pathogenic
P50440	W352I	352	0.9758	pathogenic
P50440	W352K	352	0.9973	pathogenic
P50440	W352L	352	0.8761	pathogenic
P50440	W352M	352	0.9689	pathogenic
P50440	W352N	352	0.9889	pathogenic
P50440	W352P	352	0.9828	pathogenic
P50440	W352Q	352	0.9948	pathogenic
P50440	W352R	352	0.9919	pathogenic
P50440	W352S	352	0.9382	pathogenic
P50440	W352T	352	0.9825	pathogenic
P50440	W352V	352	0.9602	pathogenic
P50440	W352Y	352	0.6158	pathogenic
P50440	M353A	353	0.9598	pathogenic
P50440	M353C	353	0.9287	pathogenic
P50440	M353D	353	0.9959	pathogenic
P50440	M353E	353	0.9833	pathogenic
P50440	M353F	353	0.618	pathogenic
P50440	M353G	353	0.9657	pathogenic
P50440	M353H	353	0.9663	pathogenic
P50440	M353I	353	0.9297	pathogenic
P50440	M353K	353	0.962	pathogenic
P50440	M353L	353	0.3461	ambiguous
P50440	M353N	353	0.934	pathogenic
P50440	M353P	353	0.9925	pathogenic
P50440	M353Q	353	0.8931	pathogenic
P50440	M353R	353	0.9669	pathogenic
P50440	M353S	353	0.9588	pathogenic
P50440	M353T	353	0.9564	pathogenic
P50440	M353V	353	0.6782	pathogenic
P50440	M353W	353	0.9659	pathogenic
P50440	M353Y	353	0.923	pathogenic
P50440	S354A	354	0.3674	ambiguous
P50440	S354C	354	0.5749	pathogenic
P50440	S354D	354	0.9892	pathogenic
P50440	S354E	354	0.9919	pathogenic
P50440	S354F	354	0.9921	pathogenic
P50440	S354G	354	0.3841	ambiguous
P50440	S354H	354	0.9846	pathogenic
P50440	S354I	354	0.9873	pathogenic
P50440	S354K	354	0.9983	pathogenic
P50440	S354L	354	0.9642	pathogenic
P50440	S354M	354	0.963	pathogenic
P50440	S354N	354	0.9595	pathogenic
P50440	S354P	354	0.991	pathogenic
P50440	S354Q	354	0.9871	pathogenic
P50440	S354R	354	0.9968	pathogenic
P50440	S354T	354	0.6457	pathogenic
P50440	S354V	354	0.9727	pathogenic
P50440	S354W	354	0.9924	pathogenic
P50440	S354Y	354	0.9806	pathogenic
P50440	S355A	355	0.8595	pathogenic
P50440	S355C	355	0.8989	pathogenic
P50440	S355D	355	0.9916	pathogenic
P50440	S355E	355	0.993	pathogenic
P50440	S355F	355	0.9917	pathogenic
P50440	S355G	355	0.8149	pathogenic
P50440	S355H	355	0.9798	pathogenic
P50440	S355I	355	0.9948	pathogenic
P50440	S355K	355	0.9973	pathogenic
P50440	S355L	355	0.9783	pathogenic
P50440	S355M	355	0.9813	pathogenic
P50440	S355N	355	0.9736	pathogenic
P50440	S355P	355	0.9932	pathogenic
P50440	S355Q	355	0.9909	pathogenic
P50440	S355R	355	0.9961	pathogenic
P50440	S355T	355	0.6622	pathogenic
P50440	S355V	355	0.99	pathogenic
P50440	S355W	355	0.9845	pathogenic
P50440	S355Y	355	0.9838	pathogenic
P50440	K356A	356	0.8983	pathogenic
P50440	K356C	356	0.9503	pathogenic
P50440	K356D	356	0.9609	pathogenic
P50440	K356E	356	0.8501	pathogenic
P50440	K356F	356	0.9944	pathogenic
P50440	K356G	356	0.9285	pathogenic
P50440	K356H	356	0.8063	pathogenic
P50440	K356I	356	0.9364	pathogenic
P50440	K356L	356	0.9213	pathogenic
P50440	K356M	356	0.8889	pathogenic
P50440	K356N	356	0.8997	pathogenic
P50440	K356P	356	0.8345	pathogenic
P50440	K356Q	356	0.5676	pathogenic
P50440	K356R	356	0.1484	benign
P50440	K356S	356	0.8727	pathogenic
P50440	K356T	356	0.7512	pathogenic
P50440	K356V	356	0.9023	pathogenic
P50440	K356W	356	0.9881	pathogenic
P50440	K356Y	356	0.9688	pathogenic
P50440	W357A	357	0.996	pathogenic
P50440	W357C	357	0.9977	pathogenic
P50440	W357D	357	0.9992	pathogenic
P50440	W357E	357	0.9994	pathogenic
P50440	W357F	357	0.8773	pathogenic
P50440	W357G	357	0.9757	pathogenic
P50440	W357H	357	0.9943	pathogenic
P50440	W357I	357	0.9978	pathogenic
P50440	W357K	357	0.9998	pathogenic
P50440	W357L	357	0.9914	pathogenic
P50440	W357M	357	0.9979	pathogenic
P50440	W357N	357	0.9979	pathogenic
P50440	W357P	357	0.999	pathogenic
P50440	W357Q	357	0.9995	pathogenic
P50440	W357R	357	0.9993	pathogenic
P50440	W357S	357	0.9894	pathogenic
P50440	W357T	357	0.9979	pathogenic
P50440	W357V	357	0.9974	pathogenic
P50440	W357Y	357	0.9311	pathogenic
P50440	L358A	358	0.9817	pathogenic
P50440	L358C	358	0.9875	pathogenic
P50440	L358D	358	0.9992	pathogenic
P50440	L358E	358	0.9962	pathogenic
P50440	L358F	358	0.9873	pathogenic
P50440	L358G	358	0.9937	pathogenic
P50440	L358H	358	0.995	pathogenic
P50440	L358I	358	0.457	ambiguous
P50440	L358K	358	0.9898	pathogenic
P50440	L358M	358	0.8329	pathogenic
P50440	L358N	358	0.9864	pathogenic
P50440	L358P	358	0.9978	pathogenic
P50440	L358Q	358	0.9916	pathogenic
P50440	L358R	358	0.9839	pathogenic
P50440	L358S	358	0.9958	pathogenic
P50440	L358T	358	0.97	pathogenic
P50440	L358V	358	0.7247	pathogenic
P50440	L358W	358	0.9954	pathogenic
P50440	L358Y	358	0.9953	pathogenic
P50440	S359A	359	0.3431	ambiguous
P50440	S359C	359	0.3374	benign
P50440	S359D	359	0.9709	pathogenic
P50440	S359E	359	0.9883	pathogenic
P50440	S359F	359	0.975	pathogenic
P50440	S359G	359	0.3857	ambiguous
P50440	S359H	359	0.9276	pathogenic
P50440	S359I	359	0.953	pathogenic
P50440	S359K	359	0.9988	pathogenic
P50440	S359L	359	0.8129	pathogenic
P50440	S359M	359	0.885	pathogenic
P50440	S359N	359	0.7193	pathogenic
P50440	S359P	359	0.9471	pathogenic
P50440	S359Q	359	0.9733	pathogenic
P50440	S359R	359	0.9974	pathogenic
P50440	S359T	359	0.5462	ambiguous
P50440	S359V	359	0.9186	pathogenic
P50440	S359W	359	0.9778	pathogenic
P50440	S359Y	359	0.9571	pathogenic
P50440	M360A	360	0.9574	pathogenic
P50440	M360C	360	0.8916	pathogenic
P50440	M360D	360	0.9991	pathogenic
P50440	M360E	360	0.9918	pathogenic
P50440	M360F	360	0.9611	pathogenic
P50440	M360G	360	0.9867	pathogenic
P50440	M360H	360	0.9967	pathogenic
P50440	M360I	360	0.9335	pathogenic
P50440	M360K	360	0.9863	pathogenic
P50440	M360L	360	0.6356	pathogenic
P50440	M360N	360	0.9843	pathogenic
P50440	M360P	360	0.9979	pathogenic
P50440	M360Q	360	0.9348	pathogenic
P50440	M360R	360	0.9901	pathogenic
P50440	M360S	360	0.9595	pathogenic
P50440	M360T	360	0.9508	pathogenic
P50440	M360V	360	0.5686	pathogenic
P50440	M360W	360	0.9973	pathogenic
P50440	M360Y	360	0.9963	pathogenic
P50440	N361A	361	0.9987	pathogenic
P50440	N361C	361	0.9908	pathogenic
P50440	N361D	361	0.9976	pathogenic
P50440	N361E	361	0.9986	pathogenic
P50440	N361F	361	0.9997	pathogenic
P50440	N361G	361	0.997	pathogenic
P50440	N361H	361	0.9964	pathogenic
P50440	N361I	361	0.9963	pathogenic
P50440	N361K	361	0.9991	pathogenic
P50440	N361L	361	0.996	pathogenic
P50440	N361M	361	0.9958	pathogenic
P50440	N361P	361	0.9966	pathogenic
P50440	N361Q	361	0.999	pathogenic
P50440	N361R	361	0.9994	pathogenic
P50440	N361S	361	0.9864	pathogenic
P50440	N361T	361	0.9954	pathogenic
P50440	N361V	361	0.9969	pathogenic
P50440	N361W	361	0.9998	pathogenic
P50440	N361Y	361	0.9973	pathogenic
P50440	V362A	362	0.8276	pathogenic
P50440	V362C	362	0.8818	pathogenic
P50440	V362D	362	0.9942	pathogenic
P50440	V362E	362	0.9881	pathogenic
P50440	V362F	362	0.8855	pathogenic
P50440	V362G	362	0.8696	pathogenic
P50440	V362H	362	0.995	pathogenic
P50440	V362I	362	0.1251	benign
P50440	V362K	362	0.9926	pathogenic
P50440	V362L	362	0.7529	pathogenic
P50440	V362M	362	0.7085	pathogenic
P50440	V362N	362	0.9544	pathogenic
P50440	V362P	362	0.9934	pathogenic
P50440	V362Q	362	0.9824	pathogenic
P50440	V362R	362	0.987	pathogenic
P50440	V362S	362	0.8829	pathogenic
P50440	V362T	362	0.5665	pathogenic
P50440	V362W	362	0.9983	pathogenic
P50440	V362Y	362	0.9892	pathogenic
P50440	L363A	363	0.9615	pathogenic
P50440	L363C	363	0.9165	pathogenic
P50440	L363D	363	0.9993	pathogenic
P50440	L363E	363	0.9964	pathogenic
P50440	L363F	363	0.4893	ambiguous
P50440	L363G	363	0.9937	pathogenic
P50440	L363H	363	0.9801	pathogenic
P50440	L363I	363	0.2762	benign
P50440	L363K	363	0.9929	pathogenic
P50440	L363M	363	0.3725	ambiguous
P50440	L363N	363	0.9928	pathogenic
P50440	L363P	363	0.9909	pathogenic
P50440	L363Q	363	0.979	pathogenic
P50440	L363R	363	0.9863	pathogenic
P50440	L363S	363	0.9908	pathogenic
P50440	L363T	363	0.966	pathogenic
P50440	L363V	363	0.4253	ambiguous
P50440	L363W	363	0.9536	pathogenic
P50440	L363Y	363	0.9604	pathogenic
P50440	M364A	364	0.878	pathogenic
P50440	M364C	364	0.8321	pathogenic
P50440	M364D	364	0.9967	pathogenic
P50440	M364E	364	0.9791	pathogenic
P50440	M364F	364	0.8871	pathogenic
P50440	M364G	364	0.9761	pathogenic
P50440	M364H	364	0.9576	pathogenic
P50440	M364I	364	0.8439	pathogenic
P50440	M364K	364	0.9627	pathogenic
P50440	M364L	364	0.4756	ambiguous
P50440	M364N	364	0.8958	pathogenic
P50440	M364P	364	0.9721	pathogenic
P50440	M364Q	364	0.8046	pathogenic
P50440	M364R	364	0.963	pathogenic
P50440	M364S	364	0.6677	pathogenic
P50440	M364T	364	0.8378	pathogenic
P50440	M364V	364	0.3055	benign
P50440	M364W	364	0.9918	pathogenic
P50440	M364Y	364	0.9819	pathogenic
P50440	L365A	365	0.9456	pathogenic
P50440	L365C	365	0.9541	pathogenic
P50440	L365D	365	0.9995	pathogenic
P50440	L365E	365	0.9968	pathogenic
P50440	L365F	365	0.8618	pathogenic
P50440	L365G	365	0.9949	pathogenic
P50440	L365H	365	0.9948	pathogenic
P50440	L365I	365	0.1309	benign
P50440	L365K	365	0.993	pathogenic
P50440	L365M	365	0.4614	ambiguous
P50440	L365N	365	0.9965	pathogenic
P50440	L365P	365	0.9737	pathogenic
P50440	L365Q	365	0.9901	pathogenic
P50440	L365R	365	0.9851	pathogenic
P50440	L365S	365	0.9939	pathogenic
P50440	L365T	365	0.9286	pathogenic
P50440	L365V	365	0.1904	benign
P50440	L365W	365	0.9802	pathogenic
P50440	L365Y	365	0.9888	pathogenic
P50440	D366A	366	0.9409	pathogenic
P50440	D366C	366	0.9723	pathogenic
P50440	D366E	366	0.9732	pathogenic
P50440	D366F	366	0.9971	pathogenic
P50440	D366G	366	0.6448	pathogenic
P50440	D366H	366	0.9612	pathogenic
P50440	D366I	366	0.9978	pathogenic
P50440	D366K	366	0.9929	pathogenic
P50440	D366L	366	0.992	pathogenic
P50440	D366M	366	0.9979	pathogenic
P50440	D366N	366	0.5217	ambiguous
P50440	D366P	366	0.9934	pathogenic
P50440	D366Q	366	0.9889	pathogenic
P50440	D366R	366	0.9883	pathogenic
P50440	D366S	366	0.6824	pathogenic
P50440	D366T	366	0.934	pathogenic
P50440	D366V	366	0.9879	pathogenic
P50440	D366W	366	0.9989	pathogenic
P50440	D366Y	366	0.9695	pathogenic
P50440	E367A	367	0.2233	benign
P50440	E367C	367	0.7889	pathogenic
P50440	E367D	367	0.171	benign
P50440	E367F	367	0.9187	pathogenic
P50440	E367G	367	0.1352	benign
P50440	E367H	367	0.3749	ambiguous
P50440	E367I	367	0.6923	pathogenic
P50440	E367K	367	0.1238	benign
P50440	E367L	367	0.7161	pathogenic
P50440	E367M	367	0.7024	pathogenic
P50440	E367N	367	0.2615	benign
P50440	E367P	367	0.2279	benign
P50440	E367Q	367	0.1249	benign
P50440	E367R	367	0.216	benign
P50440	E367S	367	0.191	benign
P50440	E367T	367	0.2651	benign
P50440	E367V	367	0.4824	ambiguous
P50440	E367W	367	0.9379	pathogenic
P50440	E367Y	367	0.7598	pathogenic
P50440	K368A	368	0.3448	ambiguous
P50440	K368C	368	0.549	ambiguous
P50440	K368D	368	0.3062	benign
P50440	K368E	368	0.1084	benign
P50440	K368F	368	0.7732	pathogenic
P50440	K368G	368	0.2964	benign
P50440	K368H	368	0.2103	benign
P50440	K368I	368	0.4958	ambiguous
P50440	K368L	368	0.4621	ambiguous
P50440	K368M	368	0.2654	benign
P50440	K368N	368	0.1752	benign
P50440	K368P	368	0.8875	pathogenic
P50440	K368Q	368	0.0967	benign
P50440	K368R	368	0.088	benign
P50440	K368S	368	0.2366	benign
P50440	K368T	368	0.1226	benign
P50440	K368V	368	0.4308	ambiguous
P50440	K368W	368	0.7599	pathogenic
P50440	K368Y	368	0.5256	ambiguous
P50440	R369A	369	0.9029	pathogenic
P50440	R369C	369	0.3713	ambiguous
P50440	R369D	369	0.9749	pathogenic
P50440	R369E	369	0.8332	pathogenic
P50440	R369F	369	0.9623	pathogenic
P50440	R369G	369	0.8625	pathogenic
P50440	R369H	369	0.1881	benign
P50440	R369I	369	0.82	pathogenic
P50440	R369K	369	0.1929	benign
P50440	R369L	369	0.73	pathogenic
P50440	R369M	369	0.7765	pathogenic
P50440	R369N	369	0.8967	pathogenic
P50440	R369P	369	0.9974	pathogenic
P50440	R369Q	369	0.2762	benign
P50440	R369S	369	0.9089	pathogenic
P50440	R369T	369	0.5121	ambiguous
P50440	R369V	369	0.8048	pathogenic
P50440	R369W	369	0.649	pathogenic
P50440	R369Y	369	0.8494	pathogenic
P50440	V370A	370	0.8088	pathogenic
P50440	V370C	370	0.9177	pathogenic
P50440	V370D	370	0.9984	pathogenic
P50440	V370E	370	0.9953	pathogenic
P50440	V370F	370	0.974	pathogenic
P50440	V370G	370	0.8843	pathogenic
P50440	V370H	370	0.9987	pathogenic
P50440	V370I	370	0.208	benign
P50440	V370K	370	0.9964	pathogenic
P50440	V370L	370	0.8796	pathogenic
P50440	V370M	370	0.8943	pathogenic
P50440	V370N	370	0.9917	pathogenic
P50440	V370P	370	0.996	pathogenic
P50440	V370Q	370	0.9929	pathogenic
P50440	V370R	370	0.9917	pathogenic
P50440	V370S	370	0.9541	pathogenic
P50440	V370T	370	0.8863	pathogenic
P50440	V370W	370	0.9995	pathogenic
P50440	V370Y	370	0.9971	pathogenic
P50440	M371A	371	0.8293	pathogenic
P50440	M371C	371	0.802	pathogenic
P50440	M371D	371	0.9992	pathogenic
P50440	M371E	371	0.9934	pathogenic
P50440	M371F	371	0.5796	pathogenic
P50440	M371G	371	0.9806	pathogenic
P50440	M371H	371	0.9913	pathogenic
P50440	M371I	371	0.442	ambiguous
P50440	M371K	371	0.9815	pathogenic
P50440	M371L	371	0.1504	benign
P50440	M371N	371	0.9909	pathogenic
P50440	M371P	371	0.9964	pathogenic
P50440	M371Q	371	0.9689	pathogenic
P50440	M371R	371	0.9809	pathogenic
P50440	M371S	371	0.9612	pathogenic
P50440	M371T	371	0.8705	pathogenic
P50440	M371V	371	0.1385	benign
P50440	M371W	371	0.9749	pathogenic
P50440	M371Y	371	0.9661	pathogenic
P50440	V372A	372	0.4514	ambiguous
P50440	V372C	372	0.7158	pathogenic
P50440	V372D	372	0.993	pathogenic
P50440	V372E	372	0.989	pathogenic
P50440	V372F	372	0.945	pathogenic
P50440	V372G	372	0.7092	pathogenic
P50440	V372H	372	0.9951	pathogenic
P50440	V372I	372	0.229	benign
P50440	V372K	372	0.9944	pathogenic
P50440	V372L	372	0.8637	pathogenic
P50440	V372M	372	0.8146	pathogenic
P50440	V372N	372	0.958	pathogenic
P50440	V372P	372	0.9918	pathogenic
P50440	V372Q	372	0.9837	pathogenic
P50440	V372R	372	0.9835	pathogenic
P50440	V372S	372	0.7433	pathogenic
P50440	V372T	372	0.3767	ambiguous
P50440	V372W	372	0.9987	pathogenic
P50440	V372Y	372	0.9927	pathogenic
P50440	D373A	373	0.7839	pathogenic
P50440	D373C	373	0.8248	pathogenic
P50440	D373E	373	0.3451	ambiguous
P50440	D373F	373	0.9902	pathogenic
P50440	D373G	373	0.8568	pathogenic
P50440	D373H	373	0.9404	pathogenic
P50440	D373I	373	0.9819	pathogenic
P50440	D373K	373	0.9796	pathogenic
P50440	D373L	373	0.973	pathogenic
P50440	D373M	373	0.9858	pathogenic
P50440	D373N	373	0.7802	pathogenic
P50440	D373P	373	0.9879	pathogenic
P50440	D373Q	373	0.9348	pathogenic
P50440	D373R	373	0.9751	pathogenic
P50440	D373S	373	0.7443	pathogenic
P50440	D373T	373	0.9274	pathogenic
P50440	D373V	373	0.9217	pathogenic
P50440	D373W	373	0.9959	pathogenic
P50440	D373Y	373	0.9266	pathogenic
P50440	A374C	374	0.4058	ambiguous
P50440	A374D	374	0.3954	ambiguous
P50440	A374E	374	0.181	benign
P50440	A374F	374	0.396	ambiguous
P50440	A374G	374	0.1889	benign
P50440	A374H	374	0.4521	ambiguous
P50440	A374I	374	0.2041	benign
P50440	A374K	374	0.2505	benign
P50440	A374L	374	0.2263	benign
P50440	A374M	374	0.2277	benign
P50440	A374N	374	0.3055	benign
P50440	A374P	374	0.776	pathogenic
P50440	A374Q	374	0.2337	benign
P50440	A374R	374	0.2352	benign
P50440	A374S	374	0.1066	benign
P50440	A374T	374	0.0976	benign
P50440	A374V	374	0.1158	benign
P50440	A374W	374	0.8139	pathogenic
P50440	A374Y	374	0.4753	ambiguous
P50440	N375A	375	0.1256	benign
P50440	N375C	375	0.1557	benign
P50440	N375D	375	0.1104	benign
P50440	N375E	375	0.1956	benign
P50440	N375F	375	0.3455	ambiguous
P50440	N375G	375	0.154	benign
P50440	N375H	375	0.0689	benign
P50440	N375I	375	0.2566	benign
P50440	N375K	375	0.1472	benign
P50440	N375L	375	0.1656	benign
P50440	N375M	375	0.2555	benign
P50440	N375P	375	0.768	pathogenic
P50440	N375Q	375	0.159	benign
P50440	N375R	375	0.1614	benign
P50440	N375S	375	0.0639	benign
P50440	N375T	375	0.1052	benign
P50440	N375V	375	0.1977	benign
P50440	N375W	375	0.5683	pathogenic
P50440	N375Y	375	0.1241	benign
P50440	E376A	376	0.9548	pathogenic
P50440	E376C	376	0.9877	pathogenic
P50440	E376D	376	0.7796	pathogenic
P50440	E376F	376	0.9994	pathogenic
P50440	E376G	376	0.9332	pathogenic
P50440	E376H	376	0.9933	pathogenic
P50440	E376I	376	0.9958	pathogenic
P50440	E376K	376	0.9744	pathogenic
P50440	E376L	376	0.9955	pathogenic
P50440	E376M	376	0.9952	pathogenic
P50440	E376N	376	0.9777	pathogenic
P50440	E376P	376	0.9987	pathogenic
P50440	E376Q	376	0.9084	pathogenic
P50440	E376R	376	0.9783	pathogenic
P50440	E376S	376	0.9563	pathogenic
P50440	E376T	376	0.9808	pathogenic
P50440	E376V	376	0.9836	pathogenic
P50440	E376W	376	0.9996	pathogenic
P50440	E376Y	376	0.9971	pathogenic
P50440	V377A	377	0.098	benign
P50440	V377C	377	0.4674	ambiguous
P50440	V377D	377	0.1357	benign
P50440	V377E	377	0.0967	benign
P50440	V377F	377	0.0933	benign
P50440	V377G	377	0.1048	benign
P50440	V377H	377	0.2119	benign
P50440	V377I	377	0.0554	benign
P50440	V377K	377	0.094	benign
P50440	V377L	377	0.0798	benign
P50440	V377M	377	0.0872	benign
P50440	V377N	377	0.1014	benign
P50440	V377P	377	0.2556	benign
P50440	V377Q	377	0.1312	benign
P50440	V377R	377	0.1302	benign
P50440	V377S	377	0.0985	benign
P50440	V377T	377	0.0809	benign
P50440	V377W	377	0.5436	ambiguous
P50440	V377Y	377	0.2187	benign
P50440	P378A	378	0.0835	benign
P50440	P378C	378	0.4042	ambiguous
P50440	P378D	378	0.311	benign
P50440	P378E	378	0.2338	benign
P50440	P378F	378	0.5723	pathogenic
P50440	P378G	378	0.1693	benign
P50440	P378H	378	0.1994	benign
P50440	P378I	378	0.4457	ambiguous
P50440	P378K	378	0.29	benign
P50440	P378L	378	0.2065	benign
P50440	P378M	378	0.3765	ambiguous
P50440	P378N	378	0.2216	benign
P50440	P378Q	378	0.1796	benign
P50440	P378R	378	0.2263	benign
P50440	P378S	378	0.0993	benign
P50440	P378T	378	0.0935	benign
P50440	P378V	378	0.2991	benign
P50440	P378W	378	0.6843	pathogenic
P50440	P378Y	378	0.4397	ambiguous
P50440	I379A	379	0.4027	ambiguous
P50440	I379C	379	0.8218	pathogenic
P50440	I379D	379	0.9656	pathogenic
P50440	I379E	379	0.9363	pathogenic
P50440	I379F	379	0.6023	pathogenic
P50440	I379G	379	0.8322	pathogenic
P50440	I379H	379	0.9287	pathogenic
P50440	I379K	379	0.9546	pathogenic
P50440	I379L	379	0.1463	benign
P50440	I379M	379	0.1465	benign
P50440	I379N	379	0.618	pathogenic
P50440	I379P	379	0.8989	pathogenic
P50440	I379Q	379	0.8558	pathogenic
P50440	I379R	379	0.938	pathogenic
P50440	I379S	379	0.4199	ambiguous
P50440	I379T	379	0.149	benign
P50440	I379V	379	0.0948	benign
P50440	I379W	379	0.9843	pathogenic
P50440	I379Y	379	0.9264	pathogenic
P50440	Q380A	380	0.3119	benign
P50440	Q380C	380	0.5714	pathogenic
P50440	Q380D	380	0.9056	pathogenic
P50440	Q380E	380	0.1738	benign
P50440	Q380F	380	0.8264	pathogenic
P50440	Q380G	380	0.4466	ambiguous
P50440	Q380H	380	0.3488	ambiguous
P50440	Q380I	380	0.3335	benign
P50440	Q380K	380	0.2746	benign
P50440	Q380L	380	0.2789	benign
P50440	Q380M	380	0.4322	ambiguous
P50440	Q380N	380	0.618	pathogenic
P50440	Q380P	380	0.7801	pathogenic
P50440	Q380R	380	0.214	benign
P50440	Q380S	380	0.4613	ambiguous
P50440	Q380T	380	0.4541	ambiguous
P50440	Q380V	380	0.3111	benign
P50440	Q380W	380	0.7934	pathogenic
P50440	Q380Y	380	0.6821	pathogenic
P50440	K381A	381	0.191	benign
P50440	K381C	381	0.4405	ambiguous
P50440	K381D	381	0.2969	benign
P50440	K381E	381	0.0922	benign
P50440	K381F	381	0.6459	pathogenic
P50440	K381G	381	0.2764	benign
P50440	K381H	381	0.1796	benign
P50440	K381I	381	0.2516	benign
P50440	K381L	381	0.2079	benign
P50440	K381M	381	0.1443	benign
P50440	K381N	381	0.1901	benign
P50440	K381P	381	0.924	pathogenic
P50440	K381Q	381	0.0814	benign
P50440	K381R	381	0.0776	benign
P50440	K381S	381	0.2338	benign
P50440	K381T	381	0.1105	benign
P50440	K381V	381	0.2259	benign
P50440	K381W	381	0.6461	pathogenic
P50440	K381Y	381	0.4455	ambiguous
P50440	M382A	382	0.5858	pathogenic
P50440	M382C	382	0.6947	pathogenic
P50440	M382D	382	0.9691	pathogenic
P50440	M382E	382	0.8229	pathogenic
P50440	M382F	382	0.4684	ambiguous
P50440	M382G	382	0.8858	pathogenic
P50440	M382H	382	0.7857	pathogenic
P50440	M382I	382	0.6301	pathogenic
P50440	M382K	382	0.6482	pathogenic
P50440	M382L	382	0.1469	benign
P50440	M382N	382	0.8204	pathogenic
P50440	M382P	382	0.994	pathogenic
P50440	M382Q	382	0.542	ambiguous
P50440	M382R	382	0.6815	pathogenic
P50440	M382S	382	0.7286	pathogenic
P50440	M382T	382	0.3513	ambiguous
P50440	M382V	382	0.2107	benign
P50440	M382W	382	0.8685	pathogenic
P50440	M382Y	382	0.7516	pathogenic
P50440	F383A	383	0.9675	pathogenic
P50440	F383C	383	0.8662	pathogenic
P50440	F383D	383	0.9981	pathogenic
P50440	F383E	383	0.9975	pathogenic
P50440	F383G	383	0.9854	pathogenic
P50440	F383H	383	0.9766	pathogenic
P50440	F383I	383	0.8925	pathogenic
P50440	F383K	383	0.9971	pathogenic
P50440	F383L	383	0.9408	pathogenic
P50440	F383M	383	0.8079	pathogenic
P50440	F383N	383	0.9887	pathogenic
P50440	F383P	383	0.9996	pathogenic
P50440	F383Q	383	0.9926	pathogenic
P50440	F383R	383	0.9919	pathogenic
P50440	F383S	383	0.9791	pathogenic
P50440	F383T	383	0.9814	pathogenic
P50440	F383V	383	0.8716	pathogenic
P50440	F383W	383	0.8289	pathogenic
P50440	F383Y	383	0.472	ambiguous
P50440	E384A	384	0.1977	benign
P50440	E384C	384	0.7594	pathogenic
P50440	E384D	384	0.2468	benign
P50440	E384F	384	0.861	pathogenic
P50440	E384G	384	0.1665	benign
P50440	E384H	384	0.4308	ambiguous
P50440	E384I	384	0.4604	ambiguous
P50440	E384K	384	0.1369	benign
P50440	E384L	384	0.4488	ambiguous
P50440	E384M	384	0.5152	ambiguous
P50440	E384N	384	0.3421	ambiguous
P50440	E384P	384	0.9581	pathogenic
P50440	E384Q	384	0.1165	benign
P50440	E384R	384	0.2183	benign
P50440	E384S	384	0.2353	benign
P50440	E384T	384	0.2434	benign
P50440	E384V	384	0.3144	benign
P50440	E384W	384	0.9181	pathogenic
P50440	E384Y	384	0.7226	pathogenic
P50440	K385A	385	0.1402	benign
P50440	K385C	385	0.3619	ambiguous
P50440	K385D	385	0.1027	benign
P50440	K385E	385	0.0796	benign
P50440	K385F	385	0.6086	pathogenic
P50440	K385G	385	0.1242	benign
P50440	K385H	385	0.1405	benign
P50440	K385I	385	0.2956	benign
P50440	K385L	385	0.2465	benign
P50440	K385M	385	0.1547	benign
P50440	K385N	385	0.0831	benign
P50440	K385P	385	0.8824	pathogenic
P50440	K385Q	385	0.0765	benign
P50440	K385R	385	0.0806	benign
P50440	K385S	385	0.0987	benign
P50440	K385T	385	0.0807	benign
P50440	K385V	385	0.2449	benign
P50440	K385W	385	0.6472	pathogenic
P50440	K385Y	385	0.3518	ambiguous
P50440	L386A	386	0.2919	benign
P50440	L386C	386	0.3983	ambiguous
P50440	L386D	386	0.8569	pathogenic
P50440	L386E	386	0.4329	ambiguous
P50440	L386F	386	0.1433	benign
P50440	L386G	386	0.7799	pathogenic
P50440	L386H	386	0.1815	benign
P50440	L386I	386	0.1195	benign
P50440	L386K	386	0.3264	benign
P50440	L386M	386	0.1118	benign
P50440	L386N	386	0.5208	ambiguous
P50440	L386P	386	0.9347	pathogenic
P50440	L386Q	386	0.1937	benign
P50440	L386R	386	0.2123	benign
P50440	L386S	386	0.4553	ambiguous
P50440	L386T	386	0.3605	ambiguous
P50440	L386V	386	0.1658	benign
P50440	L386W	386	0.2401	benign
P50440	L386Y	386	0.2991	benign
P50440	G387A	387	0.4538	ambiguous
P50440	G387C	387	0.5054	ambiguous
P50440	G387D	387	0.2364	benign
P50440	G387E	387	0.3902	ambiguous
P50440	G387F	387	0.9578	pathogenic
P50440	G387H	387	0.5528	ambiguous
P50440	G387I	387	0.9413	pathogenic
P50440	G387K	387	0.5048	ambiguous
P50440	G387L	387	0.9112	pathogenic
P50440	G387M	387	0.917	pathogenic
P50440	G387N	387	0.3126	benign
P50440	G387P	387	0.97	pathogenic
P50440	G387Q	387	0.4502	ambiguous
P50440	G387R	387	0.4757	ambiguous
P50440	G387S	387	0.2305	benign
P50440	G387T	387	0.7268	pathogenic
P50440	G387V	387	0.8702	pathogenic
P50440	G387W	387	0.8732	pathogenic
P50440	G387Y	387	0.8411	pathogenic
P50440	I388A	388	0.8987	pathogenic
P50440	I388C	388	0.7791	pathogenic
P50440	I388D	388	0.9905	pathogenic
P50440	I388E	388	0.9805	pathogenic
P50440	I388F	388	0.1636	benign
P50440	I388G	388	0.9642	pathogenic
P50440	I388H	388	0.8794	pathogenic
P50440	I388K	388	0.8602	pathogenic
P50440	I388L	388	0.148	benign
P50440	I388M	388	0.1403	benign
P50440	I388N	388	0.8555	pathogenic
P50440	I388P	388	0.9877	pathogenic
P50440	I388Q	388	0.9037	pathogenic
P50440	I388R	388	0.7995	pathogenic
P50440	I388S	388	0.9209	pathogenic
P50440	I388T	388	0.8973	pathogenic
P50440	I388V	388	0.1313	benign
P50440	I388W	388	0.8744	pathogenic
P50440	I388Y	388	0.6486	pathogenic
P50440	T389A	389	0.0664	benign
P50440	T389C	389	0.2193	benign
P50440	T389D	389	0.163	benign
P50440	T389E	389	0.1051	benign
P50440	T389F	389	0.2449	benign
P50440	T389G	389	0.1812	benign
P50440	T389H	389	0.1269	benign
P50440	T389I	389	0.1387	benign
P50440	T389K	389	0.077	benign
P50440	T389L	389	0.1114	benign
P50440	T389M	389	0.1062	benign
P50440	T389N	389	0.0847	benign
P50440	T389P	389	0.1559	benign
P50440	T389Q	389	0.1113	benign
P50440	T389R	389	0.0896	benign
P50440	T389S	389	0.0795	benign
P50440	T389V	389	0.1214	benign
P50440	T389W	389	0.5182	ambiguous
P50440	T389Y	389	0.1958	benign
P50440	T390A	390	0.0681	benign
P50440	T390C	390	0.1957	benign
P50440	T390D	390	0.892	pathogenic
P50440	T390E	390	0.8335	pathogenic
P50440	T390F	390	0.8796	pathogenic
P50440	T390G	390	0.3671	ambiguous
P50440	T390H	390	0.7229	pathogenic
P50440	T390I	390	0.3673	ambiguous
P50440	T390K	390	0.7624	pathogenic
P50440	T390L	390	0.3669	ambiguous
P50440	T390M	390	0.3103	benign
P50440	T390N	390	0.3873	ambiguous
P50440	T390P	390	0.0443	benign
P50440	T390Q	390	0.7037	pathogenic
P50440	T390R	390	0.6998	pathogenic
P50440	T390S	390	0.181	benign
P50440	T390V	390	0.1575	benign
P50440	T390W	390	0.9743	pathogenic
P50440	T390Y	390	0.867	pathogenic
P50440	I391A	391	0.7831	pathogenic
P50440	I391C	391	0.7598	pathogenic
P50440	I391D	391	0.9769	pathogenic
P50440	I391E	391	0.8941	pathogenic
P50440	I391F	391	0.4306	ambiguous
P50440	I391G	391	0.9516	pathogenic
P50440	I391H	391	0.8082	pathogenic
P50440	I391K	391	0.714	pathogenic
P50440	I391L	391	0.2221	benign
P50440	I391M	391	0.2346	benign
P50440	I391N	391	0.7982	pathogenic
P50440	I391P	391	0.9719	pathogenic
P50440	I391Q	391	0.7994	pathogenic
P50440	I391R	391	0.6326	pathogenic
P50440	I391S	391	0.8162	pathogenic
P50440	I391T	391	0.6533	pathogenic
P50440	I391V	391	0.0629	benign
P50440	I391W	391	0.9353	pathogenic
P50440	I391Y	391	0.7811	pathogenic
P50440	K392A	392	0.3449	ambiguous
P50440	K392C	392	0.6664	pathogenic
P50440	K392D	392	0.7412	pathogenic
P50440	K392E	392	0.2528	benign
P50440	K392F	392	0.9108	pathogenic
P50440	K392G	392	0.4913	ambiguous
P50440	K392H	392	0.4473	ambiguous
P50440	K392I	392	0.5448	ambiguous
P50440	K392L	392	0.403	ambiguous
P50440	K392M	392	0.3291	benign
P50440	K392N	392	0.5321	ambiguous
P50440	K392P	392	0.2729	benign
P50440	K392Q	392	0.171	benign
P50440	K392R	392	0.0963	benign
P50440	K392S	392	0.4802	ambiguous
P50440	K392T	392	0.1797	benign
P50440	K392V	392	0.4623	ambiguous
P50440	K392W	392	0.9133	pathogenic
P50440	K392Y	392	0.8214	pathogenic
P50440	V393A	393	0.5925	pathogenic
P50440	V393C	393	0.7886	pathogenic
P50440	V393D	393	0.9928	pathogenic
P50440	V393E	393	0.9814	pathogenic
P50440	V393F	393	0.8844	pathogenic
P50440	V393G	393	0.7186	pathogenic
P50440	V393H	393	0.9908	pathogenic
P50440	V393I	393	0.1542	benign
P50440	V393K	393	0.9781	pathogenic
P50440	V393L	393	0.6799	pathogenic
P50440	V393M	393	0.68	pathogenic
P50440	V393N	393	0.9533	pathogenic
P50440	V393P	393	0.9837	pathogenic
P50440	V393Q	393	0.9716	pathogenic
P50440	V393R	393	0.9643	pathogenic
P50440	V393S	393	0.8426	pathogenic
P50440	V393T	393	0.5561	ambiguous
P50440	V393W	393	0.9967	pathogenic
P50440	V393Y	393	0.9805	pathogenic
P50440	N394A	394	0.1805	benign
P50440	N394C	394	0.1974	benign
P50440	N394D	394	0.0785	benign
P50440	N394E	394	0.3373	benign
P50440	N394F	394	0.7069	pathogenic
P50440	N394G	394	0.1965	benign
P50440	N394H	394	0.106	benign
P50440	N394I	394	0.5613	ambiguous
P50440	N394K	394	0.2922	benign
P50440	N394L	394	0.4032	ambiguous
P50440	N394M	394	0.5004	ambiguous
P50440	N394P	394	0.3134	benign
P50440	N394Q	394	0.2936	benign
P50440	N394R	394	0.3114	benign
P50440	N394S	394	0.0657	benign
P50440	N394T	394	0.1538	benign
P50440	N394V	394	0.466	ambiguous
P50440	N394W	394	0.802	pathogenic
P50440	N394Y	394	0.267	benign
P50440	I395A	395	0.943	pathogenic
P50440	I395C	395	0.9515	pathogenic
P50440	I395D	395	0.998	pathogenic
P50440	I395E	395	0.9947	pathogenic
P50440	I395F	395	0.5943	pathogenic
P50440	I395G	395	0.9888	pathogenic
P50440	I395H	395	0.9852	pathogenic
P50440	I395K	395	0.9898	pathogenic
P50440	I395L	395	0.2308	benign
P50440	I395M	395	0.2773	benign
P50440	I395N	395	0.9602	pathogenic
P50440	I395P	395	0.9849	pathogenic
P50440	I395Q	395	0.9825	pathogenic
P50440	I395R	395	0.9825	pathogenic
P50440	I395S	395	0.9493	pathogenic
P50440	I395T	395	0.9395	pathogenic
P50440	I395V	395	0.2915	benign
P50440	I395W	395	0.9848	pathogenic
P50440	I395Y	395	0.9556	pathogenic
P50440	R396A	396	0.8896	pathogenic
P50440	R396C	396	0.4414	ambiguous
P50440	R396D	396	0.985	pathogenic
P50440	R396E	396	0.8517	pathogenic
P50440	R396F	396	0.957	pathogenic
P50440	R396G	396	0.8149	pathogenic
P50440	R396H	396	0.4185	ambiguous
P50440	R396I	396	0.8282	pathogenic
P50440	R396K	396	0.2986	benign
P50440	R396L	396	0.8154	pathogenic
P50440	R396M	396	0.8674	pathogenic
P50440	R396N	396	0.9627	pathogenic
P50440	R396P	396	0.9803	pathogenic
P50440	R396Q	396	0.2572	benign
P50440	R396S	396	0.9269	pathogenic
P50440	R396T	396	0.7946	pathogenic
P50440	R396V	396	0.8624	pathogenic
P50440	R396W	396	0.5806	pathogenic
P50440	R396Y	396	0.8555	pathogenic
P50440	N397A	397	0.2893	benign
P50440	N397C	397	0.1722	benign
P50440	N397D	397	0.1867	benign
P50440	N397E	397	0.3873	ambiguous
P50440	N397F	397	0.1817	benign
P50440	N397G	397	0.4215	ambiguous
P50440	N397H	397	0.0344	benign
P50440	N397I	397	0.3725	ambiguous
P50440	N397K	397	0.4346	ambiguous
P50440	N397L	397	0.3393	benign
P50440	N397M	397	0.3834	ambiguous
P50440	N397P	397	0.823	pathogenic
P50440	N397Q	397	0.3184	benign
P50440	N397R	397	0.3918	ambiguous
P50440	N397S	397	0.1194	benign
P50440	N397T	397	0.2318	benign
P50440	N397V	397	0.381	ambiguous
P50440	N397W	397	0.418	ambiguous
P50440	N397Y	397	0.0478	benign
P50440	A398C	398	0.7647	pathogenic
P50440	A398D	398	0.9954	pathogenic
P50440	A398E	398	0.9932	pathogenic
P50440	A398F	398	0.9764	pathogenic
P50440	A398G	398	0.5316	ambiguous
P50440	A398H	398	0.9896	pathogenic
P50440	A398I	398	0.963	pathogenic
P50440	A398K	398	0.9973	pathogenic
P50440	A398L	398	0.9336	pathogenic
P50440	A398M	398	0.9532	pathogenic
P50440	A398N	398	0.9837	pathogenic
P50440	A398P	398	0.9761	pathogenic
P50440	A398Q	398	0.9752	pathogenic
P50440	A398R	398	0.9881	pathogenic
P50440	A398S	398	0.3616	ambiguous
P50440	A398T	398	0.7698	pathogenic
P50440	A398V	398	0.8299	pathogenic
P50440	A398W	398	0.996	pathogenic
P50440	A398Y	398	0.9897	pathogenic
P50440	N399A	399	0.6458	pathogenic
P50440	N399C	399	0.3854	ambiguous
P50440	N399D	399	0.8567	pathogenic
P50440	N399E	399	0.9527	pathogenic
P50440	N399F	399	0.8341	pathogenic
P50440	N399G	399	0.6753	pathogenic
P50440	N399H	399	0.561	ambiguous
P50440	N399I	399	0.7439	pathogenic
P50440	N399K	399	0.9724	pathogenic
P50440	N399L	399	0.6243	pathogenic
P50440	N399M	399	0.692	pathogenic
P50440	N399P	399	0.9763	pathogenic
P50440	N399Q	399	0.8654	pathogenic
P50440	N399R	399	0.948	pathogenic
P50440	N399S	399	0.1881	benign
P50440	N399T	399	0.6458	pathogenic
P50440	N399V	399	0.6464	pathogenic
P50440	N399W	399	0.9605	pathogenic
P50440	N399Y	399	0.39	ambiguous
P50440	S400A	400	0.3725	ambiguous
P50440	S400C	400	0.4925	ambiguous
P50440	S400D	400	0.9883	pathogenic
P50440	S400E	400	0.9852	pathogenic
P50440	S400F	400	0.9659	pathogenic
P50440	S400G	400	0.5284	ambiguous
P50440	S400H	400	0.9639	pathogenic
P50440	S400I	400	0.9378	pathogenic
P50440	S400K	400	0.9956	pathogenic
P50440	S400L	400	0.8222	pathogenic
P50440	S400M	400	0.902	pathogenic
P50440	S400N	400	0.9317	pathogenic
P50440	S400P	400	0.9645	pathogenic
P50440	S400Q	400	0.9697	pathogenic
P50440	S400R	400	0.9894	pathogenic
P50440	S400T	400	0.399	ambiguous
P50440	S400V	400	0.8949	pathogenic
P50440	S400W	400	0.9806	pathogenic
P50440	S400Y	400	0.9354	pathogenic
P50440	L401A	401	0.9443	pathogenic
P50440	L401C	401	0.9269	pathogenic
P50440	L401D	401	0.9989	pathogenic
P50440	L401E	401	0.9928	pathogenic
P50440	L401F	401	0.4385	ambiguous
P50440	L401G	401	0.9912	pathogenic
P50440	L401H	401	0.965	pathogenic
P50440	L401I	401	0.2083	benign
P50440	L401K	401	0.9829	pathogenic
P50440	L401M	401	0.3158	benign
P50440	L401N	401	0.9896	pathogenic
P50440	L401P	401	0.984	pathogenic
P50440	L401Q	401	0.9619	pathogenic
P50440	L401R	401	0.9649	pathogenic
P50440	L401S	401	0.9853	pathogenic
P50440	L401T	401	0.9433	pathogenic
P50440	L401V	401	0.3681	ambiguous
P50440	L401W	401	0.8546	pathogenic
P50440	L401Y	401	0.9152	pathogenic
P50440	G402A	402	0.9535	pathogenic
P50440	G402C	402	0.9879	pathogenic
P50440	G402D	402	0.9974	pathogenic
P50440	G402E	402	0.9983	pathogenic
P50440	G402F	402	0.9972	pathogenic
P50440	G402H	402	0.9993	pathogenic
P50440	G402I	402	0.9978	pathogenic
P50440	G402K	402	0.9992	pathogenic
P50440	G402L	402	0.9967	pathogenic
P50440	G402M	402	0.9988	pathogenic
P50440	G402N	402	0.999	pathogenic
P50440	G402P	402	0.9991	pathogenic
P50440	G402Q	402	0.9985	pathogenic
P50440	G402R	402	0.996	pathogenic
P50440	G402S	402	0.9728	pathogenic
P50440	G402T	402	0.9942	pathogenic
P50440	G402V	402	0.9956	pathogenic
P50440	G402W	402	0.9948	pathogenic
P50440	G402Y	402	0.9976	pathogenic
P50440	G403A	403	0.9885	pathogenic
P50440	G403C	403	0.9959	pathogenic
P50440	G403D	403	0.9985	pathogenic
P50440	G403E	403	0.9988	pathogenic
P50440	G403F	403	0.9982	pathogenic
P50440	G403H	403	0.9997	pathogenic
P50440	G403I	403	0.9985	pathogenic
P50440	G403K	403	0.999	pathogenic
P50440	G403L	403	0.9988	pathogenic
P50440	G403M	403	0.9993	pathogenic
P50440	G403N	403	0.9993	pathogenic
P50440	G403P	403	0.9994	pathogenic
P50440	G403Q	403	0.9995	pathogenic
P50440	G403R	403	0.9975	pathogenic
P50440	G403S	403	0.9904	pathogenic
P50440	G403T	403	0.9973	pathogenic
P50440	G403V	403	0.9978	pathogenic
P50440	G403W	403	0.9959	pathogenic
P50440	G403Y	403	0.9988	pathogenic
P50440	G404A	404	0.8253	pathogenic
P50440	G404C	404	0.9723	pathogenic
P50440	G404D	404	0.9966	pathogenic
P50440	G404E	404	0.9984	pathogenic
P50440	G404F	404	0.9963	pathogenic
P50440	G404H	404	0.9987	pathogenic
P50440	G404I	404	0.9965	pathogenic
P50440	G404K	404	0.9994	pathogenic
P50440	G404L	404	0.9964	pathogenic
P50440	G404M	404	0.9979	pathogenic
P50440	G404N	404	0.9962	pathogenic
P50440	G404P	404	0.9996	pathogenic
P50440	G404Q	404	0.9979	pathogenic
P50440	G404R	404	0.9969	pathogenic
P50440	G404S	404	0.7772	pathogenic
P50440	G404T	404	0.9835	pathogenic
P50440	G404V	404	0.9931	pathogenic
P50440	G404W	404	0.9935	pathogenic
P50440	G404Y	404	0.996	pathogenic
P50440	F405A	405	0.9791	pathogenic
P50440	F405C	405	0.9194	pathogenic
P50440	F405D	405	0.999	pathogenic
P50440	F405E	405	0.9991	pathogenic
P50440	F405G	405	0.9922	pathogenic
P50440	F405H	405	0.9845	pathogenic
P50440	F405I	405	0.8614	pathogenic
P50440	F405K	405	0.9986	pathogenic
P50440	F405L	405	0.9839	pathogenic
P50440	F405M	405	0.9344	pathogenic
P50440	F405N	405	0.9901	pathogenic
P50440	F405P	405	0.9953	pathogenic
P50440	F405Q	405	0.9969	pathogenic
P50440	F405R	405	0.996	pathogenic
P50440	F405S	405	0.9854	pathogenic
P50440	F405T	405	0.9903	pathogenic
P50440	F405V	405	0.8981	pathogenic
P50440	F405W	405	0.9089	pathogenic
P50440	F405Y	405	0.6528	pathogenic
P50440	H406A	406	0.9984	pathogenic
P50440	H406C	406	0.9633	pathogenic
P50440	H406D	406	0.999	pathogenic
P50440	H406E	406	0.9993	pathogenic
P50440	H406F	406	0.9905	pathogenic
P50440	H406G	406	0.9979	pathogenic
P50440	H406I	406	0.9992	pathogenic
P50440	H406K	406	0.9984	pathogenic
P50440	H406L	406	0.9853	pathogenic
P50440	H406M	406	0.9991	pathogenic
P50440	H406N	406	0.9921	pathogenic
P50440	H406P	406	0.9851	pathogenic
P50440	H406Q	406	0.9963	pathogenic
P50440	H406R	406	0.9906	pathogenic
P50440	H406S	406	0.9934	pathogenic
P50440	H406T	406	0.9991	pathogenic
P50440	H406V	406	0.9993	pathogenic
P50440	H406W	406	0.9734	pathogenic
P50440	H406Y	406	0.9825	pathogenic
P50440	C407A	407	0.9976	pathogenic
P50440	C407D	407	0.9983	pathogenic
P50440	C407E	407	0.9998	pathogenic
P50440	C407F	407	0.9977	pathogenic
P50440	C407G	407	0.9879	pathogenic
P50440	C407H	407	0.9991	pathogenic
P50440	C407I	407	0.999	pathogenic
P50440	C407K	407	0.9999	pathogenic
P50440	C407L	407	0.9968	pathogenic
P50440	C407M	407	0.9989	pathogenic
P50440	C407N	407	0.9993	pathogenic
P50440	C407P	407	0.9998	pathogenic
P50440	C407Q	407	0.9995	pathogenic
P50440	C407R	407	0.9988	pathogenic
P50440	C407S	407	0.9963	pathogenic
P50440	C407T	407	0.9989	pathogenic
P50440	C407V	407	0.9984	pathogenic
P50440	C407W	407	0.9991	pathogenic
P50440	C407Y	407	0.9987	pathogenic
P50440	W408A	408	0.9847	pathogenic
P50440	W408C	408	0.9876	pathogenic
P50440	W408D	408	0.9995	pathogenic
P50440	W408E	408	0.9994	pathogenic
P50440	W408F	408	0.6543	pathogenic
P50440	W408G	408	0.9847	pathogenic
P50440	W408H	408	0.993	pathogenic
P50440	W408I	408	0.9825	pathogenic
P50440	W408K	408	0.9997	pathogenic
P50440	W408L	408	0.961	pathogenic
P50440	W408M	408	0.9888	pathogenic
P50440	W408N	408	0.9979	pathogenic
P50440	W408P	408	0.9995	pathogenic
P50440	W408Q	408	0.9991	pathogenic
P50440	W408R	408	0.9989	pathogenic
P50440	W408S	408	0.9718	pathogenic
P50440	W408T	408	0.9923	pathogenic
P50440	W408V	408	0.9749	pathogenic
P50440	W408Y	408	0.9117	pathogenic
P50440	T409A	409	0.8855	pathogenic
P50440	T409C	409	0.9492	pathogenic
P50440	T409D	409	0.9913	pathogenic
P50440	T409E	409	0.9935	pathogenic
P50440	T409F	409	0.9883	pathogenic
P50440	T409G	409	0.9166	pathogenic
P50440	T409H	409	0.9585	pathogenic
P50440	T409I	409	0.9782	pathogenic
P50440	T409K	409	0.9894	pathogenic
P50440	T409L	409	0.93	pathogenic
P50440	T409M	409	0.8594	pathogenic
P50440	T409N	409	0.9208	pathogenic
P50440	T409P	409	0.9726	pathogenic
P50440	T409Q	409	0.9815	pathogenic
P50440	T409R	409	0.9875	pathogenic
P50440	T409S	409	0.6162	pathogenic
P50440	T409V	409	0.9373	pathogenic
P50440	T409W	409	0.9962	pathogenic
P50440	T409Y	409	0.9891	pathogenic
P50440	C410A	410	0.2985	benign
P50440	C410D	410	0.9905	pathogenic
P50440	C410E	410	0.9956	pathogenic
P50440	C410F	410	0.9093	pathogenic
P50440	C410G	410	0.3283	benign
P50440	C410H	410	0.9846	pathogenic
P50440	C410I	410	0.8195	pathogenic
P50440	C410K	410	0.9982	pathogenic
P50440	C410L	410	0.5676	pathogenic
P50440	C410M	410	0.795	pathogenic
P50440	C410N	410	0.876	pathogenic
P50440	C410P	410	0.9972	pathogenic
P50440	C410Q	410	0.9854	pathogenic
P50440	C410R	410	0.9883	pathogenic
P50440	C410S	410	0.3054	benign
P50440	C410T	410	0.1888	benign
P50440	C410V	410	0.4613	ambiguous
P50440	C410W	410	0.9853	pathogenic
P50440	C410Y	410	0.9714	pathogenic
P50440	D411A	411	0.9902	pathogenic
P50440	D411C	411	0.9973	pathogenic
P50440	D411E	411	0.9824	pathogenic
P50440	D411F	411	0.9995	pathogenic
P50440	D411G	411	0.9892	pathogenic
P50440	D411H	411	0.9957	pathogenic
P50440	D411I	411	0.9989	pathogenic
P50440	D411K	411	0.9986	pathogenic
P50440	D411L	411	0.9978	pathogenic
P50440	D411M	411	0.9998	pathogenic
P50440	D411N	411	0.9825	pathogenic
P50440	D411P	411	0.9951	pathogenic
P50440	D411Q	411	0.9983	pathogenic
P50440	D411R	411	0.9972	pathogenic
P50440	D411S	411	0.9822	pathogenic
P50440	D411T	411	0.9956	pathogenic
P50440	D411V	411	0.9957	pathogenic
P50440	D411W	411	0.9998	pathogenic
P50440	D411Y	411	0.9946	pathogenic
P50440	V412A	412	0.7854	pathogenic
P50440	V412C	412	0.9189	pathogenic
P50440	V412D	412	0.9887	pathogenic
P50440	V412E	412	0.9791	pathogenic
P50440	V412F	412	0.7286	pathogenic
P50440	V412G	412	0.8939	pathogenic
P50440	V412H	412	0.9896	pathogenic
P50440	V412I	412	0.063	benign
P50440	V412K	412	0.986	pathogenic
P50440	V412L	412	0.5024	ambiguous
P50440	V412M	412	0.492	ambiguous
P50440	V412N	412	0.9393	pathogenic
P50440	V412P	412	0.9762	pathogenic
P50440	V412Q	412	0.9777	pathogenic
P50440	V412R	412	0.9778	pathogenic
P50440	V412S	412	0.8447	pathogenic
P50440	V412T	412	0.5001	ambiguous
P50440	V412W	412	0.9929	pathogenic
P50440	V412Y	412	0.9724	pathogenic
P50440	R413A	413	0.9344	pathogenic
P50440	R413C	413	0.3796	ambiguous
P50440	R413D	413	0.9929	pathogenic
P50440	R413E	413	0.9278	pathogenic
P50440	R413F	413	0.9138	pathogenic
P50440	R413G	413	0.8974	pathogenic
P50440	R413H	413	0.2757	benign
P50440	R413I	413	0.8171	pathogenic
P50440	R413K	413	0.2368	benign
P50440	R413L	413	0.7734	pathogenic
P50440	R413M	413	0.876	pathogenic
P50440	R413N	413	0.9552	pathogenic
P50440	R413P	413	0.9956	pathogenic
P50440	R413Q	413	0.2942	benign
P50440	R413S	413	0.9459	pathogenic
P50440	R413T	413	0.8838	pathogenic
P50440	R413V	413	0.8161	pathogenic
P50440	R413W	413	0.5974	pathogenic
P50440	R413Y	413	0.798	pathogenic
P50440	R414A	414	0.9993	pathogenic
P50440	R414C	414	0.9701	pathogenic
P50440	R414D	414	0.9996	pathogenic
P50440	R414E	414	0.9961	pathogenic
P50440	R414F	414	0.9995	pathogenic
P50440	R414G	414	0.9944	pathogenic
P50440	R414H	414	0.9761	pathogenic
P50440	R414I	414	0.999	pathogenic
P50440	R414K	414	0.9737	pathogenic
P50440	R414L	414	0.9943	pathogenic
P50440	R414M	414	0.9996	pathogenic
P50440	R414N	414	0.9992	pathogenic
P50440	R414P	414	0.9986	pathogenic
P50440	R414Q	414	0.9828	pathogenic
P50440	R414S	414	0.9993	pathogenic
P50440	R414T	414	0.9994	pathogenic
P50440	R414V	414	0.9985	pathogenic
P50440	R414W	414	0.9859	pathogenic
P50440	R414Y	414	0.995	pathogenic
P50440	R415A	415	0.33	benign
P50440	R415C	415	0.1673	benign
P50440	R415D	415	0.643	pathogenic
P50440	R415E	415	0.317	benign
P50440	R415F	415	0.6042	pathogenic
P50440	R415G	415	0.2684	benign
P50440	R415H	415	0.1139	benign
P50440	R415I	415	0.2976	benign
P50440	R415K	415	0.0931	benign
P50440	R415L	415	0.2821	benign
P50440	R415M	415	0.3285	benign
P50440	R415N	415	0.4954	ambiguous
P50440	R415P	415	0.8546	pathogenic
P50440	R415Q	415	0.0985	benign
P50440	R415S	415	0.393	ambiguous
P50440	R415T	415	0.1572	benign
P50440	R415V	415	0.3255	benign
P50440	R415W	415	0.2969	benign
P50440	R415Y	415	0.4329	ambiguous
P50440	G416A	416	0.6517	pathogenic
P50440	G416C	416	0.8618	pathogenic
P50440	G416D	416	0.9216	pathogenic
P50440	G416E	416	0.9534	pathogenic
P50440	G416F	416	0.9923	pathogenic
P50440	G416H	416	0.9786	pathogenic
P50440	G416I	416	0.9858	pathogenic
P50440	G416K	416	0.984	pathogenic
P50440	G416L	416	0.9868	pathogenic
P50440	G416M	416	0.9891	pathogenic
P50440	G416N	416	0.9229	pathogenic
P50440	G416P	416	0.9961	pathogenic
P50440	G416Q	416	0.9712	pathogenic
P50440	G416R	416	0.969	pathogenic
P50440	G416S	416	0.4022	ambiguous
P50440	G416T	416	0.8748	pathogenic
P50440	G416V	416	0.9611	pathogenic
P50440	G416W	416	0.9846	pathogenic
P50440	G416Y	416	0.9841	pathogenic
P50440	T417A	417	0.0758	benign
P50440	T417C	417	0.2204	benign
P50440	T417D	417	0.1713	benign
P50440	T417E	417	0.1164	benign
P50440	T417F	417	0.1472	benign
P50440	T417G	417	0.1058	benign
P50440	T417H	417	0.127	benign
P50440	T417I	417	0.0967	benign
P50440	T417K	417	0.0821	benign
P50440	T417L	417	0.088	benign
P50440	T417M	417	0.0934	benign
P50440	T417N	417	0.0826	benign
P50440	T417P	417	0.1091	benign
P50440	T417Q	417	0.1083	benign
P50440	T417R	417	0.0868	benign
P50440	T417S	417	0.0777	benign
P50440	T417V	417	0.0851	benign
P50440	T417W	417	0.425	ambiguous
P50440	T417Y	417	0.1764	benign
P50440	L418A	418	0.4675	ambiguous
P50440	L418C	418	0.4502	ambiguous
P50440	L418D	418	0.9499	pathogenic
P50440	L418E	418	0.6742	pathogenic
P50440	L418F	418	0.3656	ambiguous
P50440	L418G	418	0.772	pathogenic
P50440	L418H	418	0.5521	ambiguous
P50440	L418I	418	0.2835	benign
P50440	L418K	418	0.3181	benign
P50440	L418M	418	0.2201	benign
P50440	L418N	418	0.8115	pathogenic
P50440	L418P	418	0.4267	ambiguous
P50440	L418Q	418	0.3093	benign
P50440	L418R	418	0.2085	benign
P50440	L418S	418	0.7003	pathogenic
P50440	L418T	418	0.6059	pathogenic
P50440	L418V	418	0.24	benign
P50440	L418W	418	0.5955	pathogenic
P50440	L418Y	418	0.6225	pathogenic
P50440	Q419A	419	0.1694	benign
P50440	Q419C	419	0.4561	ambiguous
P50440	Q419D	419	0.3606	ambiguous
P50440	Q419E	419	0.0642	benign
P50440	Q419F	419	0.6431	pathogenic
P50440	Q419G	419	0.2403	benign
P50440	Q419H	419	0.217	benign
P50440	Q419I	419	0.3118	benign
P50440	Q419K	419	0.074	benign
P50440	Q419L	419	0.1302	benign
P50440	Q419M	419	0.2925	benign
P50440	Q419N	419	0.3093	benign
P50440	Q419P	419	0.4349	ambiguous
P50440	Q419R	419	0.0868	benign
P50440	Q419S	419	0.2134	benign
P50440	Q419T	419	0.1205	benign
P50440	Q419V	419	0.1811	benign
P50440	Q419W	419	0.6008	pathogenic
P50440	Q419Y	419	0.4698	ambiguous
P50440	S420A	420	0.1839	benign
P50440	S420C	420	0.1695	benign
P50440	S420D	420	0.3104	benign
P50440	S420E	420	0.609	pathogenic
P50440	S420F	420	0.5206	ambiguous
P50440	S420G	420	0.1432	benign
P50440	S420H	420	0.3749	ambiguous
P50440	S420I	420	0.6552	pathogenic
P50440	S420K	420	0.6734	pathogenic
P50440	S420L	420	0.3554	ambiguous
P50440	S420M	420	0.5241	ambiguous
P50440	S420N	420	0.1676	benign
P50440	S420P	420	0.5189	ambiguous
P50440	S420Q	420	0.5821	pathogenic
P50440	S420R	420	0.6036	pathogenic
P50440	S420T	420	0.1217	benign
P50440	S420V	420	0.5341	ambiguous
P50440	S420W	420	0.5787	pathogenic
P50440	S420Y	420	0.3415	ambiguous
P50440	Y421A	421	0.9438	pathogenic
P50440	Y421C	421	0.653	pathogenic
P50440	Y421D	421	0.9353	pathogenic
P50440	Y421E	421	0.9824	pathogenic
P50440	Y421F	421	0.1602	benign
P50440	Y421G	421	0.9049	pathogenic
P50440	Y421H	421	0.7768	pathogenic
P50440	Y421I	421	0.8645	pathogenic
P50440	Y421K	421	0.9825	pathogenic
P50440	Y421L	421	0.7651	pathogenic
P50440	Y421M	421	0.9252	pathogenic
P50440	Y421N	421	0.841	pathogenic
P50440	Y421P	421	0.9394	pathogenic
P50440	Y421Q	421	0.9703	pathogenic
P50440	Y421R	421	0.9422	pathogenic
P50440	Y421S	421	0.8172	pathogenic
P50440	Y421T	421	0.9214	pathogenic
P50440	Y421V	421	0.785	pathogenic
P50440	Y421W	421	0.648	pathogenic
P50440	L422A	422	0.3219	benign
P50440	L422C	422	0.2384	benign
P50440	L422D	422	0.8572	pathogenic
P50440	L422E	422	0.6856	pathogenic
P50440	L422F	422	0.0356	benign
P50440	L422G	422	0.5606	ambiguous
P50440	L422H	422	0.4314	ambiguous
P50440	L422I	422	0.0792	benign
P50440	L422K	422	0.6136	pathogenic
P50440	L422M	422	0.0979	benign
P50440	L422N	422	0.625	pathogenic
P50440	L422P	422	0.6921	pathogenic
P50440	L422Q	422	0.4486	ambiguous
P50440	L422R	422	0.4662	ambiguous
P50440	L422S	422	0.4939	ambiguous
P50440	L422T	422	0.221	benign
P50440	L422V	422	0.0797	benign
P50440	L422W	422	0.1573	benign
P50440	L422Y	422	0.2297	benign
P50440	D423A	423	0.2139	benign
P50440	D423C	423	0.5199	ambiguous
P50440	D423E	423	0.1149	benign
P50440	D423F	423	0.6888	pathogenic
P50440	D423G	423	0.1365	benign
P50440	D423H	423	0.2523	benign
P50440	D423I	423	0.5284	ambiguous
P50440	D423K	423	0.3745	ambiguous
P50440	D423L	423	0.4776	ambiguous
P50440	D423M	423	0.6945	pathogenic
P50440	D423N	423	0.0964	benign
P50440	D423P	423	0.3603	ambiguous
P50440	D423Q	423	0.2331	benign
P50440	D423R	423	0.4419	ambiguous
P50440	D423S	423	0.1048	benign
P50440	D423T	423	0.2255	benign
P50440	D423V	423	0.3378	benign
P50440	D423W	423	0.8881	pathogenic
P50440	D423Y	423	0.3491	ambiguous
