ProteinID	Mutation	Position	AM_Score	AM_Classification
P48029	M1A	1	0.3297	benign
P48029	M1C	1	0.3018	benign
P48029	M1D	1	0.7343	pathogenic
P48029	M1E	1	0.524	ambiguous
P48029	M1F	1	0.2069	benign
P48029	M1G	1	0.4807	ambiguous
P48029	M1H	1	0.4795	ambiguous
P48029	M1I	1	0.3799	ambiguous
P48029	M1K	1	0.3047	benign
P48029	M1L	1	0.154	benign
P48029	M1N	1	0.5533	ambiguous
P48029	M1P	1	0.474	ambiguous
P48029	M1Q	1	0.2697	benign
P48029	M1R	1	0.2558	benign
P48029	M1S	1	0.455	ambiguous
P48029	M1T	1	0.3834	ambiguous
P48029	M1V	1	0.1077	benign
P48029	M1W	1	0.4102	ambiguous
P48029	M1Y	1	0.4141	ambiguous
P48029	A2C	2	0.4013	ambiguous
P48029	A2D	2	0.1722	benign
P48029	A2E	2	0.1266	benign
P48029	A2F	2	0.3574	ambiguous
P48029	A2G	2	0.0833	benign
P48029	A2H	2	0.3074	benign
P48029	A2I	2	0.3807	ambiguous
P48029	A2K	2	0.247	benign
P48029	A2L	2	0.2207	benign
P48029	A2M	2	0.3576	ambiguous
P48029	A2N	2	0.1881	benign
P48029	A2P	2	0.139	benign
P48029	A2Q	2	0.1675	benign
P48029	A2R	2	0.1981	benign
P48029	A2S	2	0.0896	benign
P48029	A2T	2	0.1238	benign
P48029	A2V	2	0.2191	benign
P48029	A2W	2	0.5425	ambiguous
P48029	A2Y	2	0.3856	ambiguous
P48029	K3A	3	0.1438	benign
P48029	K3C	3	0.5008	ambiguous
P48029	K3D	3	0.238	benign
P48029	K3E	3	0.1018	benign
P48029	K3F	3	0.6023	pathogenic
P48029	K3G	3	0.1371	benign
P48029	K3H	3	0.254	benign
P48029	K3I	3	0.3378	benign
P48029	K3L	3	0.2716	benign
P48029	K3M	3	0.2728	benign
P48029	K3N	3	0.2235	benign
P48029	K3P	3	0.2267	benign
P48029	K3Q	3	0.0985	benign
P48029	K3R	3	0.0662	benign
P48029	K3S	3	0.1789	benign
P48029	K3T	3	0.1307	benign
P48029	K3V	3	0.253	benign
P48029	K3W	3	0.5806	pathogenic
P48029	K3Y	3	0.4833	ambiguous
P48029	K4A	4	0.144	benign
P48029	K4C	4	0.5009	ambiguous
P48029	K4D	4	0.2336	benign
P48029	K4E	4	0.1187	benign
P48029	K4F	4	0.5201	ambiguous
P48029	K4G	4	0.1563	benign
P48029	K4H	4	0.2113	benign
P48029	K4I	4	0.2366	benign
P48029	K4L	4	0.2434	benign
P48029	K4M	4	0.227	benign
P48029	K4N	4	0.1917	benign
P48029	K4P	4	0.1909	benign
P48029	K4Q	4	0.1063	benign
P48029	K4R	4	0.0801	benign
P48029	K4S	4	0.1946	benign
P48029	K4T	4	0.1064	benign
P48029	K4V	4	0.2137	benign
P48029	K4W	4	0.6166	pathogenic
P48029	K4Y	4	0.3956	ambiguous
P48029	S5A	5	0.0679	benign
P48029	S5C	5	0.1045	benign
P48029	S5D	5	0.1463	benign
P48029	S5E	5	0.1632	benign
P48029	S5F	5	0.2101	benign
P48029	S5G	5	0.063	benign
P48029	S5H	5	0.1679	benign
P48029	S5I	5	0.1309	benign
P48029	S5K	5	0.2256	benign
P48029	S5L	5	0.1343	benign
P48029	S5M	5	0.1779	benign
P48029	S5N	5	0.0884	benign
P48029	S5P	5	0.0969	benign
P48029	S5Q	5	0.1943	benign
P48029	S5R	5	0.2079	benign
P48029	S5T	5	0.0675	benign
P48029	S5V	5	0.1149	benign
P48029	S5W	5	0.2396	benign
P48029	S5Y	5	0.1644	benign
P48029	A6C	6	0.2299	benign
P48029	A6D	6	0.1342	benign
P48029	A6E	6	0.1174	benign
P48029	A6F	6	0.1925	benign
P48029	A6G	6	0.078	benign
P48029	A6H	6	0.1972	benign
P48029	A6I	6	0.1603	benign
P48029	A6K	6	0.1752	benign
P48029	A6L	6	0.1079	benign
P48029	A6M	6	0.1601	benign
P48029	A6N	6	0.1548	benign
P48029	A6P	6	0.0914	benign
P48029	A6Q	6	0.1384	benign
P48029	A6R	6	0.1425	benign
P48029	A6S	6	0.0758	benign
P48029	A6T	6	0.0706	benign
P48029	A6V	6	0.0909	benign
P48029	A6W	6	0.3368	benign
P48029	A6Y	6	0.2679	benign
P48029	E7A	7	0.0956	benign
P48029	E7C	7	0.5294	ambiguous
P48029	E7D	7	0.0881	benign
P48029	E7F	7	0.5477	ambiguous
P48029	E7G	7	0.0758	benign
P48029	E7H	7	0.2412	benign
P48029	E7I	7	0.3154	benign
P48029	E7K	7	0.111	benign
P48029	E7L	7	0.28	benign
P48029	E7M	7	0.3851	ambiguous
P48029	E7N	7	0.1864	benign
P48029	E7P	7	0.2108	benign
P48029	E7Q	7	0.0925	benign
P48029	E7R	7	0.1361	benign
P48029	E7S	7	0.122	benign
P48029	E7T	7	0.1515	benign
P48029	E7V	7	0.1763	benign
P48029	E7W	7	0.6693	pathogenic
P48029	E7Y	7	0.4107	ambiguous
P48029	N8A	8	0.137	benign
P48029	N8C	8	0.2603	benign
P48029	N8D	8	0.0976	benign
P48029	N8E	8	0.2039	benign
P48029	N8F	8	0.4637	ambiguous
P48029	N8G	8	0.1412	benign
P48029	N8H	8	0.1103	benign
P48029	N8I	8	0.2244	benign
P48029	N8K	8	0.1712	benign
P48029	N8L	8	0.2529	benign
P48029	N8M	8	0.3056	benign
P48029	N8P	8	0.2375	benign
P48029	N8Q	8	0.2138	benign
P48029	N8R	8	0.2105	benign
P48029	N8S	8	0.0931	benign
P48029	N8T	8	0.1063	benign
P48029	N8V	8	0.2043	benign
P48029	N8W	8	0.6068	pathogenic
P48029	N8Y	8	0.1579	benign
P48029	G9A	9	0.1384	benign
P48029	G9C	9	0.202	benign
P48029	G9D	9	0.1815	benign
P48029	G9E	9	0.2079	benign
P48029	G9F	9	0.5148	ambiguous
P48029	G9H	9	0.3191	benign
P48029	G9I	9	0.2655	benign
P48029	G9K	9	0.414	ambiguous
P48029	G9L	9	0.3894	ambiguous
P48029	G9M	9	0.4582	ambiguous
P48029	G9N	9	0.2376	benign
P48029	G9P	9	0.5248	ambiguous
P48029	G9Q	9	0.3065	benign
P48029	G9R	9	0.2813	benign
P48029	G9S	9	0.1139	benign
P48029	G9T	9	0.1611	benign
P48029	G9V	9	0.1662	benign
P48029	G9W	9	0.4104	ambiguous
P48029	G9Y	9	0.3742	ambiguous
P48029	I10A	10	0.281	benign
P48029	I10C	10	0.4108	ambiguous
P48029	I10D	10	0.4374	ambiguous
P48029	I10E	10	0.4507	ambiguous
P48029	I10F	10	0.1085	benign
P48029	I10G	10	0.3537	ambiguous
P48029	I10H	10	0.3528	ambiguous
P48029	I10K	10	0.4202	ambiguous
P48029	I10L	10	0.1042	benign
P48029	I10M	10	0.1447	benign
P48029	I10N	10	0.2308	benign
P48029	I10P	10	0.3718	ambiguous
P48029	I10Q	10	0.3651	ambiguous
P48029	I10R	10	0.2735	benign
P48029	I10S	10	0.2387	benign
P48029	I10T	10	0.3375	benign
P48029	I10V	10	0.0967	benign
P48029	I10W	10	0.4989	ambiguous
P48029	I10Y	10	0.2845	benign
P48029	Y11A	11	0.3088	benign
P48029	Y11C	11	0.151	benign
P48029	Y11D	11	0.3155	benign
P48029	Y11E	11	0.567	pathogenic
P48029	Y11F	11	0.0997	benign
P48029	Y11G	11	0.2653	benign
P48029	Y11H	11	0.3096	benign
P48029	Y11I	11	0.3689	ambiguous
P48029	Y11K	11	0.643	pathogenic
P48029	Y11L	11	0.3205	benign
P48029	Y11M	11	0.5923	pathogenic
P48029	Y11N	11	0.2926	benign
P48029	Y11P	11	0.3939	ambiguous
P48029	Y11Q	11	0.5224	ambiguous
P48029	Y11R	11	0.4246	ambiguous
P48029	Y11S	11	0.1847	benign
P48029	Y11T	11	0.3393	benign
P48029	Y11V	11	0.255	benign
P48029	Y11W	11	0.3592	ambiguous
P48029	S12A	12	0.075	benign
P48029	S12C	12	0.1195	benign
P48029	S12D	12	0.3416	ambiguous
P48029	S12E	12	0.3696	ambiguous
P48029	S12F	12	0.2456	benign
P48029	S12G	12	0.0904	benign
P48029	S12H	12	0.2885	benign
P48029	S12I	12	0.2379	benign
P48029	S12K	12	0.5657	pathogenic
P48029	S12L	12	0.1546	benign
P48029	S12M	12	0.2768	benign
P48029	S12N	12	0.2161	benign
P48029	S12P	12	0.1409	benign
P48029	S12Q	12	0.3938	ambiguous
P48029	S12R	12	0.4479	ambiguous
P48029	S12T	12	0.0903	benign
P48029	S12V	12	0.1729	benign
P48029	S12W	12	0.3205	benign
P48029	S12Y	12	0.2084	benign
P48029	V13A	13	0.1697	benign
P48029	V13C	13	0.5434	ambiguous
P48029	V13D	13	0.3089	benign
P48029	V13E	13	0.312	benign
P48029	V13F	13	0.148	benign
P48029	V13G	13	0.1627	benign
P48029	V13H	13	0.4622	ambiguous
P48029	V13I	13	0.0953	benign
P48029	V13K	13	0.4183	ambiguous
P48029	V13L	13	0.1782	benign
P48029	V13M	13	0.2327	benign
P48029	V13N	13	0.3294	benign
P48029	V13P	13	0.2517	benign
P48029	V13Q	13	0.3371	benign
P48029	V13R	13	0.3194	benign
P48029	V13S	13	0.2198	benign
P48029	V13T	13	0.2521	benign
P48029	V13W	13	0.6836	pathogenic
P48029	V13Y	13	0.4291	ambiguous
P48029	S14A	14	0.0668	benign
P48029	S14C	14	0.1104	benign
P48029	S14D	14	0.3028	benign
P48029	S14E	14	0.3087	benign
P48029	S14F	14	0.2098	benign
P48029	S14G	14	0.0804	benign
P48029	S14H	14	0.2579	benign
P48029	S14I	14	0.1969	benign
P48029	S14K	14	0.4542	ambiguous
P48029	S14L	14	0.1241	benign
P48029	S14M	14	0.2272	benign
P48029	S14N	14	0.1854	benign
P48029	S14P	14	0.0859	benign
P48029	S14Q	14	0.3172	benign
P48029	S14R	14	0.3799	ambiguous
P48029	S14T	14	0.0768	benign
P48029	S14V	14	0.1616	benign
P48029	S14W	14	0.2695	benign
P48029	S14Y	14	0.1935	benign
P48029	G15A	15	0.0781	benign
P48029	G15C	15	0.1346	benign
P48029	G15D	15	0.1293	benign
P48029	G15E	15	0.1158	benign
P48029	G15F	15	0.3113	benign
P48029	G15H	15	0.1911	benign
P48029	G15I	15	0.1552	benign
P48029	G15K	15	0.1946	benign
P48029	G15L	15	0.1905	benign
P48029	G15M	15	0.2488	benign
P48029	G15N	15	0.1738	benign
P48029	G15P	15	0.2412	benign
P48029	G15Q	15	0.1493	benign
P48029	G15R	15	0.1367	benign
P48029	G15S	15	0.0849	benign
P48029	G15T	15	0.0901	benign
P48029	G15V	15	0.0964	benign
P48029	G15W	15	0.2071	benign
P48029	G15Y	15	0.2369	benign
P48029	D16A	16	0.1029	benign
P48029	D16C	16	0.3568	ambiguous
P48029	D16E	16	0.068	benign
P48029	D16F	16	0.3495	ambiguous
P48029	D16G	16	0.0841	benign
P48029	D16H	16	0.1587	benign
P48029	D16I	16	0.2218	benign
P48029	D16K	16	0.1709	benign
P48029	D16L	16	0.202	benign
P48029	D16M	16	0.3482	ambiguous
P48029	D16N	16	0.0951	benign
P48029	D16P	16	0.244	benign
P48029	D16Q	16	0.1295	benign
P48029	D16R	16	0.1705	benign
P48029	D16S	16	0.0925	benign
P48029	D16T	16	0.1329	benign
P48029	D16V	16	0.1366	benign
P48029	D16W	16	0.5929	pathogenic
P48029	D16Y	16	0.1659	benign
P48029	E17A	17	0.1123	benign
P48029	E17C	17	0.5497	ambiguous
P48029	E17D	17	0.0812	benign
P48029	E17F	17	0.5217	ambiguous
P48029	E17G	17	0.0755	benign
P48029	E17H	17	0.227	benign
P48029	E17I	17	0.2604	benign
P48029	E17K	17	0.114	benign
P48029	E17L	17	0.2609	benign
P48029	E17M	17	0.3448	ambiguous
P48029	E17N	17	0.1563	benign
P48029	E17P	17	0.2378	benign
P48029	E17Q	17	0.0922	benign
P48029	E17R	17	0.1401	benign
P48029	E17S	17	0.1215	benign
P48029	E17T	17	0.1424	benign
P48029	E17V	17	0.1564	benign
P48029	E17W	17	0.6534	pathogenic
P48029	E17Y	17	0.3554	ambiguous
P48029	K18A	18	0.2489	benign
P48029	K18C	18	0.6412	pathogenic
P48029	K18D	18	0.3563	ambiguous
P48029	K18E	18	0.1299	benign
P48029	K18F	18	0.7086	pathogenic
P48029	K18G	18	0.2096	benign
P48029	K18H	18	0.3102	benign
P48029	K18I	18	0.342	ambiguous
P48029	K18L	18	0.3256	benign
P48029	K18M	18	0.2788	benign
P48029	K18N	18	0.3315	benign
P48029	K18P	18	0.2976	benign
P48029	K18Q	18	0.1128	benign
P48029	K18R	18	0.0773	benign
P48029	K18S	18	0.3245	benign
P48029	K18T	18	0.1811	benign
P48029	K18V	18	0.2996	benign
P48029	K18W	18	0.6705	pathogenic
P48029	K18Y	18	0.5424	ambiguous
P48029	K19A	19	0.2079	benign
P48029	K19C	19	0.6435	pathogenic
P48029	K19D	19	0.3172	benign
P48029	K19E	19	0.1495	benign
P48029	K19F	19	0.6784	pathogenic
P48029	K19G	19	0.2078	benign
P48029	K19H	19	0.2929	benign
P48029	K19I	19	0.3481	ambiguous
P48029	K19L	19	0.326	benign
P48029	K19M	19	0.2801	benign
P48029	K19N	19	0.3139	benign
P48029	K19P	19	0.2655	benign
P48029	K19Q	19	0.1304	benign
P48029	K19R	19	0.082	benign
P48029	K19S	19	0.2944	benign
P48029	K19T	19	0.155	benign
P48029	K19V	19	0.2993	benign
P48029	K19W	19	0.6757	pathogenic
P48029	K19Y	19	0.5202	ambiguous
P48029	G20A	20	0.1218	benign
P48029	G20C	20	0.211	benign
P48029	G20D	20	0.1845	benign
P48029	G20E	20	0.1651	benign
P48029	G20F	20	0.3844	ambiguous
P48029	G20H	20	0.319	benign
P48029	G20I	20	0.1864	benign
P48029	G20K	20	0.3139	benign
P48029	G20L	20	0.2612	benign
P48029	G20M	20	0.3249	benign
P48029	G20N	20	0.2427	benign
P48029	G20P	20	0.3743	ambiguous
P48029	G20Q	20	0.2691	benign
P48029	G20R	20	0.2941	benign
P48029	G20S	20	0.1337	benign
P48029	G20T	20	0.1435	benign
P48029	G20V	20	0.1247	benign
P48029	G20W	20	0.3408	ambiguous
P48029	G20Y	20	0.28	benign
P48029	P21A	21	0.0673	benign
P48029	P21C	21	0.2276	benign
P48029	P21D	21	0.2032	benign
P48029	P21E	21	0.1488	benign
P48029	P21F	21	0.2187	benign
P48029	P21G	21	0.1337	benign
P48029	P21H	21	0.0848	benign
P48029	P21I	21	0.1746	benign
P48029	P21K	21	0.1715	benign
P48029	P21L	21	0.0988	benign
P48029	P21M	21	0.2142	benign
P48029	P21N	21	0.1682	benign
P48029	P21Q	21	0.0864	benign
P48029	P21R	21	0.098	benign
P48029	P21S	21	0.0907	benign
P48029	P21T	21	0.0829	benign
P48029	P21V	21	0.1194	benign
P48029	P21W	21	0.3304	benign
P48029	P21Y	21	0.2025	benign
P48029	L22A	22	0.1006	benign
P48029	L22C	22	0.2731	benign
P48029	L22D	22	0.3188	benign
P48029	L22E	22	0.1916	benign
P48029	L22F	22	0.0895	benign
P48029	L22G	22	0.1803	benign
P48029	L22H	22	0.1472	benign
P48029	L22I	22	0.0862	benign
P48029	L22K	22	0.1798	benign
P48029	L22M	22	0.1048	benign
P48029	L22N	22	0.2114	benign
P48029	L22P	22	0.1012	benign
P48029	L22Q	22	0.1026	benign
P48029	L22R	22	0.112	benign
P48029	L22S	22	0.1348	benign
P48029	L22T	22	0.1342	benign
P48029	L22V	22	0.0677	benign
P48029	L22W	22	0.1695	benign
P48029	L22Y	22	0.2055	benign
P48029	I23A	23	0.1364	benign
P48029	I23C	23	0.4396	ambiguous
P48029	I23D	23	0.4094	ambiguous
P48029	I23E	23	0.3287	benign
P48029	I23F	23	0.098	benign
P48029	I23G	23	0.2806	benign
P48029	I23H	23	0.2912	benign
P48029	I23K	23	0.3006	benign
P48029	I23L	23	0.078	benign
P48029	I23M	23	0.0959	benign
P48029	I23N	23	0.2279	benign
P48029	I23P	23	0.1934	benign
P48029	I23Q	23	0.233	benign
P48029	I23R	23	0.1932	benign
P48029	I23S	23	0.1736	benign
P48029	I23T	23	0.1411	benign
P48029	I23V	23	0.0833	benign
P48029	I23W	23	0.4445	ambiguous
P48029	I23Y	23	0.3132	benign
P48029	A24C	24	0.2121	benign
P48029	A24D	24	0.1612	benign
P48029	A24E	24	0.1526	benign
P48029	A24F	24	0.1472	benign
P48029	A24G	24	0.0838	benign
P48029	A24H	24	0.1902	benign
P48029	A24I	24	0.1121	benign
P48029	A24K	24	0.2184	benign
P48029	A24L	24	0.0867	benign
P48029	A24M	24	0.1382	benign
P48029	A24N	24	0.1474	benign
P48029	A24P	24	0.0762	benign
P48029	A24Q	24	0.1395	benign
P48029	A24R	24	0.1742	benign
P48029	A24S	24	0.0801	benign
P48029	A24T	24	0.0744	benign
P48029	A24V	24	0.0735	benign
P48029	A24W	24	0.4058	ambiguous
P48029	A24Y	24	0.2164	benign
P48029	P25A	25	0.0513	benign
P48029	P25C	25	0.1866	benign
P48029	P25D	25	0.1695	benign
P48029	P25E	25	0.1289	benign
P48029	P25F	25	0.2216	benign
P48029	P25G	25	0.099	benign
P48029	P25H	25	0.0887	benign
P48029	P25I	25	0.1689	benign
P48029	P25K	25	0.136	benign
P48029	P25L	25	0.0897	benign
P48029	P25M	25	0.185	benign
P48029	P25N	25	0.1481	benign
P48029	P25Q	25	0.0785	benign
P48029	P25R	25	0.0831	benign
P48029	P25S	25	0.0731	benign
P48029	P25T	25	0.0655	benign
P48029	P25V	25	0.1068	benign
P48029	P25W	25	0.297	benign
P48029	P25Y	25	0.1984	benign
P48029	G26A	26	0.0816	benign
P48029	G26C	26	0.1212	benign
P48029	G26D	26	0.139	benign
P48029	G26E	26	0.1221	benign
P48029	G26F	26	0.2585	benign
P48029	G26H	26	0.2034	benign
P48029	G26I	26	0.1259	benign
P48029	G26K	26	0.2142	benign
P48029	G26L	26	0.1618	benign
P48029	G26M	26	0.2286	benign
P48029	G26N	26	0.182	benign
P48029	G26P	26	0.2407	benign
P48029	G26Q	26	0.1692	benign
P48029	G26R	26	0.1686	benign
P48029	G26S	26	0.0932	benign
P48029	G26T	26	0.0979	benign
P48029	G26V	26	0.0826	benign
P48029	G26W	26	0.254	benign
P48029	G26Y	26	0.2111	benign
P48029	P27A	27	0.0586	benign
P48029	P27C	27	0.1807	benign
P48029	P27D	27	0.1594	benign
P48029	P27E	27	0.1167	benign
P48029	P27F	27	0.1842	benign
P48029	P27G	27	0.098	benign
P48029	P27H	27	0.0909	benign
P48029	P27I	27	0.1328	benign
P48029	P27K	27	0.1209	benign
P48029	P27L	27	0.0816	benign
P48029	P27M	27	0.1537	benign
P48029	P27N	27	0.1424	benign
P48029	P27Q	27	0.0747	benign
P48029	P27R	27	0.0799	benign
P48029	P27S	27	0.077	benign
P48029	P27T	27	0.0676	benign
P48029	P27V	27	0.0962	benign
P48029	P27W	27	0.2617	benign
P48029	P27Y	27	0.1888	benign
P48029	D28A	28	0.0672	benign
P48029	D28C	28	0.2324	benign
P48029	D28E	28	0.0763	benign
P48029	D28F	28	0.2436	benign
P48029	D28G	28	0.0628	benign
P48029	D28H	28	0.1212	benign
P48029	D28I	28	0.1562	benign
P48029	D28K	28	0.1612	benign
P48029	D28L	28	0.1501	benign
P48029	D28M	28	0.2844	benign
P48029	D28N	28	0.0813	benign
P48029	D28P	28	0.1719	benign
P48029	D28Q	28	0.118	benign
P48029	D28R	28	0.1412	benign
P48029	D28S	28	0.0701	benign
P48029	D28T	28	0.1015	benign
P48029	D28V	28	0.0948	benign
P48029	D28W	28	0.5273	ambiguous
P48029	D28Y	28	0.1252	benign
P48029	G29A	29	0.0775	benign
P48029	G29C	29	0.1177	benign
P48029	G29D	29	0.1157	benign
P48029	G29E	29	0.117	benign
P48029	G29F	29	0.2639	benign
P48029	G29H	29	0.187	benign
P48029	G29I	29	0.1305	benign
P48029	G29K	29	0.198	benign
P48029	G29L	29	0.1674	benign
P48029	G29M	29	0.2135	benign
P48029	G29N	29	0.1559	benign
P48029	G29P	29	0.2662	benign
P48029	G29Q	29	0.1678	benign
P48029	G29R	29	0.1505	benign
P48029	G29S	29	0.0852	benign
P48029	G29T	29	0.0858	benign
P48029	G29V	29	0.0854	benign
P48029	G29W	29	0.235	benign
P48029	G29Y	29	0.2092	benign
P48029	A30C	30	0.1789	benign
P48029	A30D	30	0.1123	benign
P48029	A30E	30	0.114	benign
P48029	A30F	30	0.1224	benign
P48029	A30G	30	0.0686	benign
P48029	A30H	30	0.1645	benign
P48029	A30I	30	0.1039	benign
P48029	A30K	30	0.1724	benign
P48029	A30L	30	0.0814	benign
P48029	A30M	30	0.128	benign
P48029	A30N	30	0.1206	benign
P48029	A30P	30	0.0725	benign
P48029	A30Q	30	0.1242	benign
P48029	A30R	30	0.1511	benign
P48029	A30S	30	0.0747	benign
P48029	A30T	30	0.0678	benign
P48029	A30V	30	0.071	benign
P48029	A30W	30	0.3154	benign
P48029	A30Y	30	0.1754	benign
P48029	P31A	31	0.0499	benign
P48029	P31C	31	0.1987	benign
P48029	P31D	31	0.1595	benign
P48029	P31E	31	0.1207	benign
P48029	P31F	31	0.1806	benign
P48029	P31G	31	0.102	benign
P48029	P31H	31	0.0982	benign
P48029	P31I	31	0.1297	benign
P48029	P31K	31	0.1371	benign
P48029	P31L	31	0.0784	benign
P48029	P31M	31	0.1579	benign
P48029	P31N	31	0.1549	benign
P48029	P31Q	31	0.0829	benign
P48029	P31R	31	0.0892	benign
P48029	P31S	31	0.0746	benign
P48029	P31T	31	0.0664	benign
P48029	P31V	31	0.0888	benign
P48029	P31W	31	0.27	benign
P48029	P31Y	31	0.195	benign
P48029	A32C	32	0.187	benign
P48029	A32D	32	0.1271	benign
P48029	A32E	32	0.1125	benign
P48029	A32F	32	0.1692	benign
P48029	A32G	32	0.0658	benign
P48029	A32H	32	0.1852	benign
P48029	A32I	32	0.1294	benign
P48029	A32K	32	0.1829	benign
P48029	A32L	32	0.0925	benign
P48029	A32M	32	0.1491	benign
P48029	A32N	32	0.1413	benign
P48029	A32P	32	0.0749	benign
P48029	A32Q	32	0.1238	benign
P48029	A32R	32	0.1444	benign
P48029	A32S	32	0.076	benign
P48029	A32T	32	0.0715	benign
P48029	A32V	32	0.0792	benign
P48029	A32W	32	0.3183	benign
P48029	A32Y	32	0.2168	benign
P48029	K33A	33	0.1001	benign
P48029	K33C	33	0.3538	ambiguous
P48029	K33D	33	0.1996	benign
P48029	K33E	33	0.0973	benign
P48029	K33F	33	0.447	ambiguous
P48029	K33G	33	0.1116	benign
P48029	K33H	33	0.1853	benign
P48029	K33I	33	0.2101	benign
P48029	K33L	33	0.178	benign
P48029	K33M	33	0.178	benign
P48029	K33N	33	0.2075	benign
P48029	K33P	33	0.1512	benign
P48029	K33Q	33	0.0904	benign
P48029	K33R	33	0.0683	benign
P48029	K33S	33	0.1537	benign
P48029	K33T	33	0.0975	benign
P48029	K33V	33	0.1608	benign
P48029	K33W	33	0.4857	ambiguous
P48029	K33Y	33	0.3829	ambiguous
P48029	G34A	34	0.0786	benign
P48029	G34C	34	0.1384	benign
P48029	G34D	34	0.101	benign
P48029	G34E	34	0.1027	benign
P48029	G34F	34	0.3125	benign
P48029	G34H	34	0.2026	benign
P48029	G34I	34	0.1542	benign
P48029	G34K	34	0.1972	benign
P48029	G34L	34	0.1877	benign
P48029	G34M	34	0.2253	benign
P48029	G34N	34	0.147	benign
P48029	G34P	34	0.2187	benign
P48029	G34Q	34	0.1681	benign
P48029	G34R	34	0.1621	benign
P48029	G34S	34	0.0909	benign
P48029	G34T	34	0.0844	benign
P48029	G34V	34	0.0959	benign
P48029	G34W	34	0.2531	benign
P48029	G34Y	34	0.2216	benign
P48029	D35A	35	0.0755	benign
P48029	D35C	35	0.2387	benign
P48029	D35E	35	0.0832	benign
P48029	D35F	35	0.2437	benign
P48029	D35G	35	0.0693	benign
P48029	D35H	35	0.1257	benign
P48029	D35I	35	0.1627	benign
P48029	D35K	35	0.163	benign
P48029	D35L	35	0.1586	benign
P48029	D35M	35	0.2912	benign
P48029	D35N	35	0.0832	benign
P48029	D35P	35	0.1764	benign
P48029	D35Q	35	0.1263	benign
P48029	D35R	35	0.1449	benign
P48029	D35S	35	0.0754	benign
P48029	D35T	35	0.1052	benign
P48029	D35V	35	0.1055	benign
P48029	D35W	35	0.5271	ambiguous
P48029	D35Y	35	0.1253	benign
P48029	G36A	36	0.0796	benign
P48029	G36C	36	0.1111	benign
P48029	G36D	36	0.1144	benign
P48029	G36E	36	0.1106	benign
P48029	G36F	36	0.2156	benign
P48029	G36H	36	0.1722	benign
P48029	G36I	36	0.1098	benign
P48029	G36K	36	0.1932	benign
P48029	G36L	36	0.1439	benign
P48029	G36M	36	0.2001	benign
P48029	G36N	36	0.1625	benign
P48029	G36P	36	0.249	benign
P48029	G36Q	36	0.1586	benign
P48029	G36R	36	0.1456	benign
P48029	G36S	36	0.0855	benign
P48029	G36T	36	0.0843	benign
P48029	G36V	36	0.0763	benign
P48029	G36W	36	0.2146	benign
P48029	G36Y	36	0.1852	benign
P48029	P37A	37	0.0506	benign
P48029	P37C	37	0.1787	benign
P48029	P37D	37	0.1346	benign
P48029	P37E	37	0.1118	benign
P48029	P37F	37	0.1695	benign
P48029	P37G	37	0.0955	benign
P48029	P37H	37	0.0899	benign
P48029	P37I	37	0.1211	benign
P48029	P37K	37	0.1218	benign
P48029	P37L	37	0.0768	benign
P48029	P37M	37	0.1442	benign
P48029	P37N	37	0.1316	benign
P48029	P37Q	37	0.077	benign
P48029	P37R	37	0.081	benign
P48029	P37S	37	0.0703	benign
P48029	P37T	37	0.0604	benign
P48029	P37V	37	0.0865	benign
P48029	P37W	37	0.2598	benign
P48029	P37Y	37	0.1836	benign
P48029	V38A	38	0.0501	benign
P48029	V38C	38	0.2376	benign
P48029	V38D	38	0.0904	benign
P48029	V38E	38	0.0918	benign
P48029	V38F	38	0.0889	benign
P48029	V38G	38	0.0562	benign
P48029	V38H	38	0.146	benign
P48029	V38I	38	0.0812	benign
P48029	V38K	38	0.1132	benign
P48029	V38L	38	0.0719	benign
P48029	V38M	38	0.096	benign
P48029	V38N	38	0.0958	benign
P48029	V38P	38	0.0787	benign
P48029	V38Q	38	0.0927	benign
P48029	V38R	38	0.0912	benign
P48029	V38S	38	0.0629	benign
P48029	V38T	38	0.0673	benign
P48029	V38W	38	0.2971	benign
P48029	V38Y	38	0.197	benign
P48029	G39A	39	0.0698	benign
P48029	G39C	39	0.102	benign
P48029	G39D	39	0.1066	benign
P48029	G39E	39	0.1193	benign
P48029	G39F	39	0.1978	benign
P48029	G39H	39	0.1667	benign
P48029	G39I	39	0.1122	benign
P48029	G39K	39	0.2325	benign
P48029	G39L	39	0.1272	benign
P48029	G39M	39	0.1922	benign
P48029	G39N	39	0.1426	benign
P48029	G39P	39	0.1649	benign
P48029	G39Q	39	0.1622	benign
P48029	G39R	39	0.1636	benign
P48029	G39S	39	0.0783	benign
P48029	G39T	39	0.0797	benign
P48029	G39V	39	0.0775	benign
P48029	G39W	39	0.2115	benign
P48029	G39Y	39	0.1757	benign
P48029	L40A	40	0.0614	benign
P48029	L40C	40	0.1767	benign
P48029	L40D	40	0.1564	benign
P48029	L40E	40	0.1095	benign
P48029	L40F	40	0.0702	benign
P48029	L40G	40	0.0989	benign
P48029	L40H	40	0.0909	benign
P48029	L40I	40	0.0782	benign
P48029	L40K	40	0.1058	benign
P48029	L40M	40	0.0827	benign
P48029	L40N	40	0.1192	benign
P48029	L40P	40	0.056	benign
P48029	L40Q	40	0.0668	benign
P48029	L40R	40	0.0719	benign
P48029	L40S	40	0.0778	benign
P48029	L40T	40	0.0739	benign
P48029	L40V	40	0.066	benign
P48029	L40W	40	0.1108	benign
P48029	L40Y	40	0.149	benign
P48029	G41A	41	0.0831	benign
P48029	G41C	41	0.1257	benign
P48029	G41D	41	0.1082	benign
P48029	G41E	41	0.1133	benign
P48029	G41F	41	0.2685	benign
P48029	G41H	41	0.1852	benign
P48029	G41I	41	0.1475	benign
P48029	G41K	41	0.2368	benign
P48029	G41L	41	0.1629	benign
P48029	G41M	41	0.2413	benign
P48029	G41N	41	0.1641	benign
P48029	G41P	41	0.1955	benign
P48029	G41Q	41	0.1645	benign
P48029	G41R	41	0.1666	benign
P48029	G41S	41	0.0923	benign
P48029	G41T	41	0.0968	benign
P48029	G41V	41	0.095	benign
P48029	G41W	41	0.2405	benign
P48029	G41Y	41	0.2267	benign
P48029	T42A	42	0.0552	benign
P48029	T42C	42	0.1853	benign
P48029	T42D	42	0.119	benign
P48029	T42E	42	0.107	benign
P48029	T42F	42	0.1078	benign
P48029	T42G	42	0.074	benign
P48029	T42H	42	0.1102	benign
P48029	T42I	42	0.086	benign
P48029	T42K	42	0.1082	benign
P48029	T42L	42	0.0636	benign
P48029	T42M	42	0.0872	benign
P48029	T42N	42	0.079	benign
P48029	T42P	42	0.0574	benign
P48029	T42Q	42	0.0939	benign
P48029	T42R	42	0.0943	benign
P48029	T42S	42	0.0686	benign
P48029	T42V	42	0.069	benign
P48029	T42W	42	0.2405	benign
P48029	T42Y	42	0.1294	benign
P48029	P43A	43	0.0496	benign
P48029	P43C	43	0.1974	benign
P48029	P43D	43	0.1358	benign
P48029	P43E	43	0.1069	benign
P48029	P43F	43	0.2014	benign
P48029	P43G	43	0.0866	benign
P48029	P43H	43	0.0941	benign
P48029	P43I	43	0.1464	benign
P48029	P43K	43	0.1268	benign
P48029	P43L	43	0.087	benign
P48029	P43M	43	0.1647	benign
P48029	P43N	43	0.14	benign
P48029	P43Q	43	0.079	benign
P48029	P43R	43	0.0806	benign
P48029	P43S	43	0.0662	benign
P48029	P43T	43	0.0601	benign
P48029	P43V	43	0.0942	benign
P48029	P43W	43	0.267	benign
P48029	P43Y	43	0.2017	benign
P48029	G44A	44	0.0641	benign
P48029	G44C	44	0.1131	benign
P48029	G44D	44	0.0907	benign
P48029	G44E	44	0.0881	benign
P48029	G44F	44	0.2252	benign
P48029	G44H	44	0.1586	benign
P48029	G44I	44	0.1292	benign
P48029	G44K	44	0.1693	benign
P48029	G44L	44	0.1412	benign
P48029	G44M	44	0.1941	benign
P48029	G44N	44	0.1355	benign
P48029	G44P	44	0.1556	benign
P48029	G44Q	44	0.1331	benign
P48029	G44R	44	0.1286	benign
P48029	G44S	44	0.0765	benign
P48029	G44T	44	0.075	benign
P48029	G44V	44	0.0802	benign
P48029	G44W	44	0.1997	benign
P48029	G44Y	44	0.1949	benign
P48029	G45A	45	0.0741	benign
P48029	G45C	45	0.1045	benign
P48029	G45D	45	0.088	benign
P48029	G45E	45	0.0907	benign
P48029	G45F	45	0.2217	benign
P48029	G45H	45	0.1467	benign
P48029	G45I	45	0.1211	benign
P48029	G45K	45	0.1811	benign
P48029	G45L	45	0.1376	benign
P48029	G45M	45	0.1946	benign
P48029	G45N	45	0.1194	benign
P48029	G45P	45	0.1541	benign
P48029	G45Q	45	0.1284	benign
P48029	G45R	45	0.1358	benign
P48029	G45S	45	0.0719	benign
P48029	G45T	45	0.0766	benign
P48029	G45V	45	0.082	benign
P48029	G45W	45	0.1995	benign
P48029	G45Y	45	0.1735	benign
P48029	R46A	46	0.1033	benign
P48029	R46C	46	0.1114	benign
P48029	R46D	46	0.1512	benign
P48029	R46E	46	0.1321	benign
P48029	R46F	46	0.1898	benign
P48029	R46G	46	0.0749	benign
P48029	R46H	46	0.0804	benign
P48029	R46I	46	0.1207	benign
P48029	R46K	46	0.0922	benign
P48029	R46L	46	0.0867	benign
P48029	R46M	46	0.1621	benign
P48029	R46N	46	0.159	benign
P48029	R46P	46	0.0916	benign
P48029	R46Q	46	0.0749	benign
P48029	R46S	46	0.121	benign
P48029	R46T	46	0.0943	benign
P48029	R46V	46	0.1155	benign
P48029	R46W	46	0.1523	benign
P48029	R46Y	46	0.1669	benign
P48029	L47A	47	0.0756	benign
P48029	L47C	47	0.2921	benign
P48029	L47D	47	0.2235	benign
P48029	L47E	47	0.1175	benign
P48029	L47F	47	0.0957	benign
P48029	L47G	47	0.1405	benign
P48029	L47H	47	0.1172	benign
P48029	L47I	47	0.0951	benign
P48029	L47K	47	0.125	benign
P48029	L47M	47	0.0939	benign
P48029	L47N	47	0.1703	benign
P48029	L47P	47	0.0642	benign
P48029	L47Q	47	0.0728	benign
P48029	L47R	47	0.0835	benign
P48029	L47S	47	0.1115	benign
P48029	L47T	47	0.0935	benign
P48029	L47V	47	0.0684	benign
P48029	L47W	47	0.1517	benign
P48029	L47Y	47	0.2047	benign
P48029	A48C	48	0.3302	benign
P48029	A48D	48	0.1546	benign
P48029	A48E	48	0.1529	benign
P48029	A48F	48	0.2547	benign
P48029	A48G	48	0.0984	benign
P48029	A48H	48	0.2573	benign
P48029	A48I	48	0.1876	benign
P48029	A48K	48	0.3258	benign
P48029	A48L	48	0.1254	benign
P48029	A48M	48	0.2047	benign
P48029	A48N	48	0.175	benign
P48029	A48P	48	0.0805	benign
P48029	A48Q	48	0.184	benign
P48029	A48R	48	0.2535	benign
P48029	A48S	48	0.0882	benign
P48029	A48T	48	0.0848	benign
P48029	A48V	48	0.0961	benign
P48029	A48W	48	0.5221	ambiguous
P48029	A48Y	48	0.3485	ambiguous
P48029	V49A	49	0.1219	benign
P48029	V49C	49	0.5687	pathogenic
P48029	V49D	49	0.2977	benign
P48029	V49E	49	0.2205	benign
P48029	V49F	49	0.134	benign
P48029	V49G	49	0.1438	benign
P48029	V49H	49	0.4041	ambiguous
P48029	V49I	49	0.0844	benign
P48029	V49K	49	0.3291	benign
P48029	V49L	49	0.1101	benign
P48029	V49M	49	0.1386	benign
P48029	V49N	49	0.2376	benign
P48029	V49P	49	0.1734	benign
P48029	V49Q	49	0.2239	benign
P48029	V49R	49	0.264	benign
P48029	V49S	49	0.1711	benign
P48029	V49T	49	0.1839	benign
P48029	V49W	49	0.6379	pathogenic
P48029	V49Y	49	0.3981	ambiguous
P48029	P50A	50	0.0976	benign
P48029	P50C	50	0.5635	ambiguous
P48029	P50D	50	0.5407	ambiguous
P48029	P50E	50	0.2712	benign
P48029	P50F	50	0.5654	pathogenic
P48029	P50G	50	0.2827	benign
P48029	P50H	50	0.2651	benign
P48029	P50I	50	0.3469	ambiguous
P48029	P50K	50	0.3541	ambiguous
P48029	P50L	50	0.1893	benign
P48029	P50M	50	0.3864	ambiguous
P48029	P50N	50	0.3979	ambiguous
P48029	P50Q	50	0.1575	benign
P48029	P50R	50	0.2264	benign
P48029	P50S	50	0.1725	benign
P48029	P50T	50	0.1553	benign
P48029	P50V	50	0.2097	benign
P48029	P50W	50	0.7539	pathogenic
P48029	P50Y	50	0.5327	ambiguous
P48029	P51A	51	0.0635	benign
P48029	P51C	51	0.5114	ambiguous
P48029	P51D	51	0.3357	benign
P48029	P51E	51	0.1278	benign
P48029	P51F	51	0.6649	pathogenic
P48029	P51G	51	0.225	benign
P48029	P51H	51	0.2246	benign
P48029	P51I	51	0.3769	ambiguous
P48029	P51K	51	0.2669	benign
P48029	P51L	51	0.1906	benign
P48029	P51M	51	0.3736	ambiguous
P48029	P51N	51	0.316	benign
P48029	P51Q	51	0.1045	benign
P48029	P51R	51	0.1797	benign
P48029	P51S	51	0.1189	benign
P48029	P51T	51	0.1134	benign
P48029	P51V	51	0.1887	benign
P48029	P51W	51	0.778	pathogenic
P48029	P51Y	51	0.5827	pathogenic
P48029	R52A	52	0.9939	pathogenic
P48029	R52C	52	0.9987	pathogenic
P48029	R52D	52	0.9957	pathogenic
P48029	R52E	52	0.9559	pathogenic
P48029	R52F	52	0.9995	pathogenic
P48029	R52G	52	0.9919	pathogenic
P48029	R52H	52	0.9901	pathogenic
P48029	R52I	52	0.9984	pathogenic
P48029	R52K	52	0.9501	pathogenic
P48029	R52L	52	0.993	pathogenic
P48029	R52M	52	0.9995	pathogenic
P48029	R52N	52	0.9984	pathogenic
P48029	R52P	52	0.9902	pathogenic
P48029	R52Q	52	0.9781	pathogenic
P48029	R52S	52	0.9983	pathogenic
P48029	R52T	52	0.9977	pathogenic
P48029	R52V	52	0.9968	pathogenic
P48029	R52W	52	0.9973	pathogenic
P48029	R52Y	52	0.9985	pathogenic
P48029	E53A	53	0.6119	pathogenic
P48029	E53C	53	0.9875	pathogenic
P48029	E53D	53	0.3439	ambiguous
P48029	E53F	53	0.9935	pathogenic
P48029	E53G	53	0.6035	pathogenic
P48029	E53H	53	0.9661	pathogenic
P48029	E53I	53	0.9568	pathogenic
P48029	E53K	53	0.9143	pathogenic
P48029	E53L	53	0.9558	pathogenic
P48029	E53M	53	0.9621	pathogenic
P48029	E53N	53	0.879	pathogenic
P48029	E53P	53	0.8679	pathogenic
P48029	E53Q	53	0.5967	pathogenic
P48029	E53R	53	0.9188	pathogenic
P48029	E53S	53	0.7868	pathogenic
P48029	E53T	53	0.8902	pathogenic
P48029	E53V	53	0.8494	pathogenic
P48029	E53W	53	0.9983	pathogenic
P48029	E53Y	53	0.9848	pathogenic
P48029	T54A	54	0.4277	ambiguous
P48029	T54C	54	0.8501	pathogenic
P48029	T54D	54	0.8458	pathogenic
P48029	T54E	54	0.607	pathogenic
P48029	T54F	54	0.8192	pathogenic
P48029	T54G	54	0.5244	ambiguous
P48029	T54H	54	0.6991	pathogenic
P48029	T54I	54	0.7646	pathogenic
P48029	T54K	54	0.6026	pathogenic
P48029	T54L	54	0.6179	pathogenic
P48029	T54M	54	0.3448	ambiguous
P48029	T54N	54	0.4385	ambiguous
P48029	T54P	54	0.8226	pathogenic
P48029	T54Q	54	0.4023	ambiguous
P48029	T54R	54	0.6168	pathogenic
P48029	T54S	54	0.4209	ambiguous
P48029	T54V	54	0.5012	ambiguous
P48029	T54W	54	0.9597	pathogenic
P48029	T54Y	54	0.83	pathogenic
P48029	W55A	55	0.9989	pathogenic
P48029	W55C	55	0.9998	pathogenic
P48029	W55D	55	0.9997	pathogenic
P48029	W55E	55	0.9997	pathogenic
P48029	W55F	55	0.9239	pathogenic
P48029	W55G	55	0.9931	pathogenic
P48029	W55H	55	0.9994	pathogenic
P48029	W55I	55	0.9993	pathogenic
P48029	W55K	55	0.9999	pathogenic
P48029	W55L	55	0.9974	pathogenic
P48029	W55M	55	0.9995	pathogenic
P48029	W55N	55	0.9999	pathogenic
P48029	W55P	55	0.9993	pathogenic
P48029	W55Q	55	0.9999	pathogenic
P48029	W55R	55	0.9998	pathogenic
P48029	W55S	55	0.9988	pathogenic
P48029	W55T	55	0.9993	pathogenic
P48029	W55V	55	0.999	pathogenic
P48029	W55Y	55	0.9893	pathogenic
P48029	T56A	56	0.2339	benign
P48029	T56C	56	0.834	pathogenic
P48029	T56D	56	0.5121	ambiguous
P48029	T56E	56	0.5591	ambiguous
P48029	T56F	56	0.8776	pathogenic
P48029	T56G	56	0.1845	benign
P48029	T56H	56	0.5649	pathogenic
P48029	T56I	56	0.8767	pathogenic
P48029	T56K	56	0.6135	pathogenic
P48029	T56L	56	0.6052	pathogenic
P48029	T56M	56	0.4847	ambiguous
P48029	T56N	56	0.2417	benign
P48029	T56P	56	0.5739	pathogenic
P48029	T56Q	56	0.4604	ambiguous
P48029	T56R	56	0.5903	pathogenic
P48029	T56S	56	0.1328	benign
P48029	T56V	56	0.6734	pathogenic
P48029	T56W	56	0.9457	pathogenic
P48029	T56Y	56	0.8558	pathogenic
P48029	R57A	57	0.8801	pathogenic
P48029	R57C	57	0.7492	pathogenic
P48029	R57D	57	0.9491	pathogenic
P48029	R57E	57	0.8729	pathogenic
P48029	R57F	57	0.9866	pathogenic
P48029	R57G	57	0.6119	pathogenic
P48029	R57H	57	0.3828	ambiguous
P48029	R57I	57	0.9771	pathogenic
P48029	R57K	57	0.3303	benign
P48029	R57L	57	0.9013	pathogenic
P48029	R57M	57	0.9529	pathogenic
P48029	R57N	57	0.8667	pathogenic
P48029	R57P	57	0.9892	pathogenic
P48029	R57Q	57	0.3467	ambiguous
P48029	R57S	57	0.7805	pathogenic
P48029	R57T	57	0.8399	pathogenic
P48029	R57V	57	0.9576	pathogenic
P48029	R57W	57	0.8625	pathogenic
P48029	R57Y	57	0.9364	pathogenic
P48029	Q58A	58	0.6482	pathogenic
P48029	Q58C	58	0.9868	pathogenic
P48029	Q58D	58	0.7155	pathogenic
P48029	Q58E	58	0.2912	benign
P48029	Q58F	58	0.9905	pathogenic
P48029	Q58G	58	0.4871	ambiguous
P48029	Q58H	58	0.7619	pathogenic
P48029	Q58I	58	0.9795	pathogenic
P48029	Q58K	58	0.4552	ambiguous
P48029	Q58L	58	0.91	pathogenic
P48029	Q58M	58	0.9266	pathogenic
P48029	Q58N	58	0.5486	ambiguous
P48029	Q58P	58	0.3387	benign
P48029	Q58R	58	0.5528	ambiguous
P48029	Q58S	58	0.417	ambiguous
P48029	Q58T	58	0.5721	pathogenic
P48029	Q58V	58	0.9215	pathogenic
P48029	Q58W	58	0.9837	pathogenic
P48029	Q58Y	58	0.9641	pathogenic
P48029	M59A	59	0.6616	pathogenic
P48029	M59C	59	0.9489	pathogenic
P48029	M59D	59	0.9846	pathogenic
P48029	M59E	59	0.9513	pathogenic
P48029	M59F	59	0.5512	ambiguous
P48029	M59G	59	0.8264	pathogenic
P48029	M59H	59	0.9576	pathogenic
P48029	M59I	59	0.7628	pathogenic
P48029	M59K	59	0.8091	pathogenic
P48029	M59L	59	0.1658	benign
P48029	M59N	59	0.9269	pathogenic
P48029	M59P	59	0.9506	pathogenic
P48029	M59Q	59	0.7943	pathogenic
P48029	M59R	59	0.7755	pathogenic
P48029	M59S	59	0.8229	pathogenic
P48029	M59T	59	0.6099	pathogenic
P48029	M59V	59	0.2605	benign
P48029	M59W	59	0.7804	pathogenic
P48029	M59Y	59	0.8896	pathogenic
P48029	D60A	60	0.9958	pathogenic
P48029	D60C	60	0.9998	pathogenic
P48029	D60E	60	0.9742	pathogenic
P48029	D60F	60	0.9997	pathogenic
P48029	D60G	60	0.9969	pathogenic
P48029	D60H	60	0.9985	pathogenic
P48029	D60I	60	0.9995	pathogenic
P48029	D60K	60	0.9995	pathogenic
P48029	D60L	60	0.9992	pathogenic
P48029	D60M	60	0.9999	pathogenic
P48029	D60N	60	0.9935	pathogenic
P48029	D60P	60	0.9992	pathogenic
P48029	D60Q	60	0.9986	pathogenic
P48029	D60R	60	0.9994	pathogenic
P48029	D60S	60	0.9957	pathogenic
P48029	D60T	60	0.9988	pathogenic
P48029	D60V	60	0.9978	pathogenic
P48029	D60W	60	0.9998	pathogenic
P48029	D60Y	60	0.997	pathogenic
P48029	F61A	61	0.9991	pathogenic
P48029	F61C	61	0.9991	pathogenic
P48029	F61D	61	0.9993	pathogenic
P48029	F61E	61	0.9996	pathogenic
P48029	F61G	61	0.9988	pathogenic
P48029	F61H	61	0.9983	pathogenic
P48029	F61I	61	0.9986	pathogenic
P48029	F61K	61	0.9997	pathogenic
P48029	F61L	61	0.9998	pathogenic
P48029	F61M	61	0.9981	pathogenic
P48029	F61N	61	0.9986	pathogenic
P48029	F61P	61	1.0	pathogenic
P48029	F61Q	61	0.9996	pathogenic
P48029	F61R	61	0.9984	pathogenic
P48029	F61S	61	0.9992	pathogenic
P48029	F61T	61	0.9993	pathogenic
P48029	F61V	61	0.997	pathogenic
P48029	F61W	61	0.9843	pathogenic
P48029	F61Y	61	0.8596	pathogenic
P48029	I62A	62	0.9409	pathogenic
P48029	I62C	62	0.9703	pathogenic
P48029	I62D	62	0.999	pathogenic
P48029	I62E	62	0.9964	pathogenic
P48029	I62F	62	0.5527	ambiguous
P48029	I62G	62	0.9899	pathogenic
P48029	I62H	62	0.991	pathogenic
P48029	I62K	62	0.9919	pathogenic
P48029	I62L	62	0.1765	benign
P48029	I62M	62	0.344	ambiguous
P48029	I62N	62	0.9858	pathogenic
P48029	I62P	62	0.9923	pathogenic
P48029	I62Q	62	0.9872	pathogenic
P48029	I62R	62	0.9841	pathogenic
P48029	I62S	62	0.9609	pathogenic
P48029	I62T	62	0.895	pathogenic
P48029	I62V	62	0.1933	benign
P48029	I62W	62	0.9712	pathogenic
P48029	I62Y	62	0.9499	pathogenic
P48029	M63A	63	0.9371	pathogenic
P48029	M63C	63	0.8882	pathogenic
P48029	M63D	63	0.9994	pathogenic
P48029	M63E	63	0.9982	pathogenic
P48029	M63F	63	0.6541	pathogenic
P48029	M63G	63	0.9696	pathogenic
P48029	M63H	63	0.9945	pathogenic
P48029	M63I	63	0.9894	pathogenic
P48029	M63K	63	0.9933	pathogenic
P48029	M63L	63	0.2048	benign
P48029	M63N	63	0.9911	pathogenic
P48029	M63P	63	0.9979	pathogenic
P48029	M63Q	63	0.9802	pathogenic
P48029	M63R	63	0.9907	pathogenic
P48029	M63S	63	0.9646	pathogenic
P48029	M63T	63	0.9689	pathogenic
P48029	M63V	63	0.7931	pathogenic
P48029	M63W	63	0.9783	pathogenic
P48029	M63Y	63	0.9739	pathogenic
P48029	S64A	64	0.3528	ambiguous
P48029	S64C	64	0.8964	pathogenic
P48029	S64D	64	0.9979	pathogenic
P48029	S64E	64	0.9975	pathogenic
P48029	S64F	64	0.9976	pathogenic
P48029	S64G	64	0.8116	pathogenic
P48029	S64H	64	0.9971	pathogenic
P48029	S64I	64	0.9932	pathogenic
P48029	S64K	64	0.9998	pathogenic
P48029	S64L	64	0.9808	pathogenic
P48029	S64M	64	0.9822	pathogenic
P48029	S64N	64	0.9928	pathogenic
P48029	S64P	64	0.9974	pathogenic
P48029	S64Q	64	0.9943	pathogenic
P48029	S64R	64	0.9995	pathogenic
P48029	S64T	64	0.8401	pathogenic
P48029	S64V	64	0.9821	pathogenic
P48029	S64W	64	0.9982	pathogenic
P48029	S64Y	64	0.9966	pathogenic
P48029	C65A	65	0.8106	pathogenic
P48029	C65D	65	0.9985	pathogenic
P48029	C65E	65	0.9991	pathogenic
P48029	C65F	65	0.9847	pathogenic
P48029	C65G	65	0.7472	pathogenic
P48029	C65H	65	0.9988	pathogenic
P48029	C65I	65	0.9288	pathogenic
P48029	C65K	65	0.9997	pathogenic
P48029	C65L	65	0.8732	pathogenic
P48029	C65M	65	0.925	pathogenic
P48029	C65N	65	0.9846	pathogenic
P48029	C65P	65	0.9994	pathogenic
P48029	C65Q	65	0.9969	pathogenic
P48029	C65R	65	0.998	pathogenic
P48029	C65S	65	0.8156	pathogenic
P48029	C65T	65	0.8293	pathogenic
P48029	C65V	65	0.6582	pathogenic
P48029	C65W	65	0.9987	pathogenic
P48029	C65Y	65	0.9979	pathogenic
P48029	V66A	66	0.8501	pathogenic
P48029	V66C	66	0.967	pathogenic
P48029	V66D	66	0.9988	pathogenic
P48029	V66E	66	0.9955	pathogenic
P48029	V66F	66	0.8921	pathogenic
P48029	V66G	66	0.9484	pathogenic
P48029	V66H	66	0.9989	pathogenic
P48029	V66I	66	0.1551	benign
P48029	V66K	66	0.9977	pathogenic
P48029	V66L	66	0.8637	pathogenic
P48029	V66M	66	0.8394	pathogenic
P48029	V66N	66	0.9966	pathogenic
P48029	V66P	66	0.9983	pathogenic
P48029	V66Q	66	0.9936	pathogenic
P48029	V66R	66	0.9925	pathogenic
P48029	V66S	66	0.955	pathogenic
P48029	V66T	66	0.7947	pathogenic
P48029	V66W	66	0.9968	pathogenic
P48029	V66Y	66	0.9959	pathogenic
P48029	G67A	67	0.9701	pathogenic
P48029	G67C	67	0.9971	pathogenic
P48029	G67D	67	0.9995	pathogenic
P48029	G67E	67	0.9997	pathogenic
P48029	G67F	67	0.9994	pathogenic
P48029	G67H	67	0.9999	pathogenic
P48029	G67I	67	0.9992	pathogenic
P48029	G67K	67	0.9999	pathogenic
P48029	G67L	67	0.9987	pathogenic
P48029	G67M	67	0.9997	pathogenic
P48029	G67N	67	0.9996	pathogenic
P48029	G67P	67	0.9997	pathogenic
P48029	G67Q	67	0.9997	pathogenic
P48029	G67R	67	0.9996	pathogenic
P48029	G67S	67	0.9818	pathogenic
P48029	G67T	67	0.9971	pathogenic
P48029	G67V	67	0.9981	pathogenic
P48029	G67W	67	0.9995	pathogenic
P48029	G67Y	67	0.9997	pathogenic
P48029	F68A	68	0.9905	pathogenic
P48029	F68C	68	0.9828	pathogenic
P48029	F68D	68	0.9978	pathogenic
P48029	F68E	68	0.9969	pathogenic
P48029	F68G	68	0.9858	pathogenic
P48029	F68H	68	0.9951	pathogenic
P48029	F68I	68	0.9943	pathogenic
P48029	F68K	68	0.9989	pathogenic
P48029	F68L	68	0.9986	pathogenic
P48029	F68M	68	0.9852	pathogenic
P48029	F68N	68	0.9887	pathogenic
P48029	F68P	68	0.9999	pathogenic
P48029	F68Q	68	0.9959	pathogenic
P48029	F68R	68	0.9965	pathogenic
P48029	F68S	68	0.9925	pathogenic
P48029	F68T	68	0.9963	pathogenic
P48029	F68V	68	0.9894	pathogenic
P48029	F68W	68	0.9678	pathogenic
P48029	F68Y	68	0.6728	pathogenic
P48029	A69C	69	0.8644	pathogenic
P48029	A69D	69	0.9992	pathogenic
P48029	A69E	69	0.999	pathogenic
P48029	A69F	69	0.9911	pathogenic
P48029	A69G	69	0.8974	pathogenic
P48029	A69H	69	0.998	pathogenic
P48029	A69I	69	0.9949	pathogenic
P48029	A69K	69	0.9998	pathogenic
P48029	A69L	69	0.9681	pathogenic
P48029	A69M	69	0.9868	pathogenic
P48029	A69N	69	0.9975	pathogenic
P48029	A69P	69	0.9987	pathogenic
P48029	A69Q	69	0.994	pathogenic
P48029	A69R	69	0.9968	pathogenic
P48029	A69S	69	0.6045	pathogenic
P48029	A69T	69	0.9706	pathogenic
P48029	A69V	69	0.9837	pathogenic
P48029	A69W	69	0.9986	pathogenic
P48029	A69Y	69	0.9974	pathogenic
P48029	V70A	70	0.9892	pathogenic
P48029	V70C	70	0.9972	pathogenic
P48029	V70D	70	0.9993	pathogenic
P48029	V70E	70	0.9981	pathogenic
P48029	V70F	70	0.9932	pathogenic
P48029	V70G	70	0.9865	pathogenic
P48029	V70H	70	0.9998	pathogenic
P48029	V70I	70	0.282	benign
P48029	V70K	70	0.9991	pathogenic
P48029	V70L	70	0.9893	pathogenic
P48029	V70M	70	0.9918	pathogenic
P48029	V70N	70	0.9987	pathogenic
P48029	V70P	70	0.9977	pathogenic
P48029	V70Q	70	0.9985	pathogenic
P48029	V70R	70	0.9964	pathogenic
P48029	V70S	70	0.9912	pathogenic
P48029	V70T	70	0.9759	pathogenic
P48029	V70W	70	0.9998	pathogenic
P48029	V70Y	70	0.9996	pathogenic
P48029	G71A	71	0.995	pathogenic
P48029	G71C	71	0.9983	pathogenic
P48029	G71D	71	0.9976	pathogenic
P48029	G71E	71	0.9995	pathogenic
P48029	G71F	71	0.9994	pathogenic
P48029	G71H	71	0.9999	pathogenic
P48029	G71I	71	0.9993	pathogenic
P48029	G71K	71	0.9999	pathogenic
P48029	G71L	71	0.9991	pathogenic
P48029	G71M	71	0.9998	pathogenic
P48029	G71N	71	0.9997	pathogenic
P48029	G71P	71	0.9995	pathogenic
P48029	G71Q	71	0.9998	pathogenic
P48029	G71R	71	0.9997	pathogenic
P48029	G71S	71	0.995	pathogenic
P48029	G71T	71	0.9982	pathogenic
P48029	G71V	71	0.9988	pathogenic
P48029	G71W	71	0.9996	pathogenic
P48029	G71Y	71	0.9997	pathogenic
P48029	L72A	72	0.9889	pathogenic
P48029	L72C	72	0.998	pathogenic
P48029	L72D	72	0.9996	pathogenic
P48029	L72E	72	0.9991	pathogenic
P48029	L72F	72	0.9594	pathogenic
P48029	L72G	72	0.9955	pathogenic
P48029	L72H	72	0.9993	pathogenic
P48029	L72I	72	0.8991	pathogenic
P48029	L72K	72	0.9979	pathogenic
P48029	L72M	72	0.9084	pathogenic
P48029	L72N	72	0.9983	pathogenic
P48029	L72P	72	0.9963	pathogenic
P48029	L72Q	72	0.999	pathogenic
P48029	L72R	72	0.9965	pathogenic
P48029	L72S	72	0.999	pathogenic
P48029	L72T	72	0.9942	pathogenic
P48029	L72V	72	0.9584	pathogenic
P48029	L72W	72	0.9944	pathogenic
P48029	L72Y	72	0.9947	pathogenic
P48029	G73A	73	0.9924	pathogenic
P48029	G73C	73	0.9992	pathogenic
P48029	G73D	73	0.9996	pathogenic
P48029	G73E	73	0.9996	pathogenic
P48029	G73F	73	0.9997	pathogenic
P48029	G73H	73	1.0	pathogenic
P48029	G73I	73	0.9998	pathogenic
P48029	G73K	73	0.9999	pathogenic
P48029	G73L	73	0.9995	pathogenic
P48029	G73M	73	0.9999	pathogenic
P48029	G73N	73	0.9998	pathogenic
P48029	G73P	73	0.9995	pathogenic
P48029	G73Q	73	0.9998	pathogenic
P48029	G73R	73	0.9997	pathogenic
P48029	G73S	73	0.9955	pathogenic
P48029	G73T	73	0.9991	pathogenic
P48029	G73V	73	0.9994	pathogenic
P48029	G73W	73	0.9997	pathogenic
P48029	G73Y	73	0.9998	pathogenic
P48029	N74A	74	0.9967	pathogenic
P48029	N74C	74	0.9859	pathogenic
P48029	N74D	74	0.9967	pathogenic
P48029	N74E	74	0.999	pathogenic
P48029	N74F	74	0.9995	pathogenic
P48029	N74G	74	0.9947	pathogenic
P48029	N74H	74	0.9972	pathogenic
P48029	N74I	74	0.9984	pathogenic
P48029	N74K	74	0.9998	pathogenic
P48029	N74L	74	0.9969	pathogenic
P48029	N74M	74	0.9982	pathogenic
P48029	N74P	74	0.998	pathogenic
P48029	N74Q	74	0.9993	pathogenic
P48029	N74R	74	0.9996	pathogenic
P48029	N74S	74	0.9458	pathogenic
P48029	N74T	74	0.994	pathogenic
P48029	N74V	74	0.9969	pathogenic
P48029	N74W	74	0.9998	pathogenic
P48029	N74Y	74	0.9974	pathogenic
P48029	V75A	75	0.9914	pathogenic
P48029	V75C	75	0.9943	pathogenic
P48029	V75D	75	0.9992	pathogenic
P48029	V75E	75	0.9976	pathogenic
P48029	V75F	75	0.98	pathogenic
P48029	V75G	75	0.9901	pathogenic
P48029	V75H	75	0.9996	pathogenic
P48029	V75I	75	0.2223	benign
P48029	V75K	75	0.9988	pathogenic
P48029	V75L	75	0.9413	pathogenic
P48029	V75M	75	0.9638	pathogenic
P48029	V75N	75	0.9976	pathogenic
P48029	V75P	75	0.998	pathogenic
P48029	V75Q	75	0.9975	pathogenic
P48029	V75R	75	0.9969	pathogenic
P48029	V75S	75	0.9946	pathogenic
P48029	V75T	75	0.9795	pathogenic
P48029	V75W	75	0.9997	pathogenic
P48029	V75Y	75	0.9982	pathogenic
P48029	W76A	76	0.9981	pathogenic
P48029	W76C	76	0.9993	pathogenic
P48029	W76D	76	0.9999	pathogenic
P48029	W76E	76	0.9997	pathogenic
P48029	W76F	76	0.9501	pathogenic
P48029	W76G	76	0.9932	pathogenic
P48029	W76H	76	0.9995	pathogenic
P48029	W76I	76	0.9977	pathogenic
P48029	W76K	76	1.0	pathogenic
P48029	W76L	76	0.988	pathogenic
P48029	W76M	76	0.9989	pathogenic
P48029	W76N	76	0.9999	pathogenic
P48029	W76P	76	0.9993	pathogenic
P48029	W76Q	76	0.9999	pathogenic
P48029	W76R	76	0.9998	pathogenic
P48029	W76S	76	0.9973	pathogenic
P48029	W76T	76	0.9986	pathogenic
P48029	W76V	76	0.9972	pathogenic
P48029	W76Y	76	0.992	pathogenic
P48029	R77A	77	0.9993	pathogenic
P48029	R77C	77	0.9978	pathogenic
P48029	R77D	77	0.9991	pathogenic
P48029	R77E	77	0.9954	pathogenic
P48029	R77F	77	0.9996	pathogenic
P48029	R77G	77	0.997	pathogenic
P48029	R77H	77	0.9954	pathogenic
P48029	R77I	77	0.9992	pathogenic
P48029	R77K	77	0.993	pathogenic
P48029	R77L	77	0.9964	pathogenic
P48029	R77M	77	0.9999	pathogenic
P48029	R77N	77	0.9991	pathogenic
P48029	R77P	77	0.9993	pathogenic
P48029	R77Q	77	0.9946	pathogenic
P48029	R77S	77	0.9994	pathogenic
P48029	R77T	77	0.9997	pathogenic
P48029	R77V	77	0.9991	pathogenic
P48029	R77W	77	0.9973	pathogenic
P48029	R77Y	77	0.9974	pathogenic
P48029	F78A	78	0.9992	pathogenic
P48029	F78C	78	0.9992	pathogenic
P48029	F78D	78	0.9996	pathogenic
P48029	F78E	78	0.9995	pathogenic
P48029	F78G	78	0.9992	pathogenic
P48029	F78H	78	0.9979	pathogenic
P48029	F78I	78	0.9977	pathogenic
P48029	F78K	78	0.9997	pathogenic
P48029	F78L	78	0.9997	pathogenic
P48029	F78M	78	0.9986	pathogenic
P48029	F78N	78	0.9989	pathogenic
P48029	F78P	78	0.9999	pathogenic
P48029	F78Q	78	0.9995	pathogenic
P48029	F78R	78	0.9991	pathogenic
P48029	F78S	78	0.9991	pathogenic
P48029	F78T	78	0.9996	pathogenic
P48029	F78V	78	0.9977	pathogenic
P48029	F78W	78	0.9871	pathogenic
P48029	F78Y	78	0.9528	pathogenic
P48029	P79A	79	0.9897	pathogenic
P48029	P79C	79	0.999	pathogenic
P48029	P79D	79	0.9995	pathogenic
P48029	P79E	79	0.9995	pathogenic
P48029	P79F	79	0.9999	pathogenic
P48029	P79G	79	0.9967	pathogenic
P48029	P79H	79	0.9991	pathogenic
P48029	P79I	79	0.9996	pathogenic
P48029	P79K	79	0.9998	pathogenic
P48029	P79L	79	0.9972	pathogenic
P48029	P79M	79	0.9999	pathogenic
P48029	P79N	79	0.9995	pathogenic
P48029	P79Q	79	0.9991	pathogenic
P48029	P79R	79	0.998	pathogenic
P48029	P79S	79	0.9946	pathogenic
P48029	P79T	79	0.9968	pathogenic
P48029	P79V	79	0.9989	pathogenic
P48029	P79W	79	0.9999	pathogenic
P48029	P79Y	79	0.9998	pathogenic
P48029	Y80A	80	0.9869	pathogenic
P48029	Y80C	80	0.9854	pathogenic
P48029	Y80D	80	0.9967	pathogenic
P48029	Y80E	80	0.9992	pathogenic
P48029	Y80F	80	0.447	ambiguous
P48029	Y80G	80	0.9851	pathogenic
P48029	Y80H	80	0.9936	pathogenic
P48029	Y80I	80	0.9933	pathogenic
P48029	Y80K	80	0.9996	pathogenic
P48029	Y80L	80	0.9573	pathogenic
P48029	Y80M	80	0.9935	pathogenic
P48029	Y80N	80	0.9892	pathogenic
P48029	Y80P	80	0.9967	pathogenic
P48029	Y80Q	80	0.9988	pathogenic
P48029	Y80R	80	0.9969	pathogenic
P48029	Y80S	80	0.9392	pathogenic
P48029	Y80T	80	0.994	pathogenic
P48029	Y80V	80	0.9687	pathogenic
P48029	Y80W	80	0.9154	pathogenic
P48029	L81A	81	0.9869	pathogenic
P48029	L81C	81	0.993	pathogenic
P48029	L81D	81	0.9996	pathogenic
P48029	L81E	81	0.9974	pathogenic
P48029	L81F	81	0.9876	pathogenic
P48029	L81G	81	0.9965	pathogenic
P48029	L81H	81	0.9957	pathogenic
P48029	L81I	81	0.8277	pathogenic
P48029	L81K	81	0.9918	pathogenic
P48029	L81M	81	0.889	pathogenic
P48029	L81N	81	0.9922	pathogenic
P48029	L81P	81	0.9994	pathogenic
P48029	L81Q	81	0.9889	pathogenic
P48029	L81R	81	0.9749	pathogenic
P48029	L81S	81	0.9967	pathogenic
P48029	L81T	81	0.9781	pathogenic
P48029	L81V	81	0.8503	pathogenic
P48029	L81W	81	0.9974	pathogenic
P48029	L81Y	81	0.9948	pathogenic
P48029	C82A	82	0.8419	pathogenic
P48029	C82D	82	0.9996	pathogenic
P48029	C82E	82	0.9998	pathogenic
P48029	C82F	82	0.9943	pathogenic
P48029	C82G	82	0.9535	pathogenic
P48029	C82H	82	0.9994	pathogenic
P48029	C82I	82	0.9896	pathogenic
P48029	C82K	82	0.9999	pathogenic
P48029	C82L	82	0.9576	pathogenic
P48029	C82M	82	0.9888	pathogenic
P48029	C82N	82	0.9968	pathogenic
P48029	C82P	82	0.9991	pathogenic
P48029	C82Q	82	0.9989	pathogenic
P48029	C82R	82	0.9982	pathogenic
P48029	C82S	82	0.9524	pathogenic
P48029	C82T	82	0.9625	pathogenic
P48029	C82V	82	0.9309	pathogenic
P48029	C82W	82	0.9993	pathogenic
P48029	C82Y	82	0.9989	pathogenic
P48029	Y83A	83	0.9827	pathogenic
P48029	Y83C	83	0.9315	pathogenic
P48029	Y83D	83	0.9966	pathogenic
P48029	Y83E	83	0.9975	pathogenic
P48029	Y83F	83	0.2152	benign
P48029	Y83G	83	0.9205	pathogenic
P48029	Y83H	83	0.9648	pathogenic
P48029	Y83I	83	0.9865	pathogenic
P48029	Y83K	83	0.9961	pathogenic
P48029	Y83L	83	0.8442	pathogenic
P48029	Y83M	83	0.9683	pathogenic
P48029	Y83N	83	0.9795	pathogenic
P48029	Y83P	83	0.9985	pathogenic
P48029	Y83Q	83	0.9897	pathogenic
P48029	Y83R	83	0.9781	pathogenic
P48029	Y83S	83	0.9497	pathogenic
P48029	Y83T	83	0.9941	pathogenic
P48029	Y83V	83	0.9632	pathogenic
P48029	Y83W	83	0.8587	pathogenic
P48029	K84A	84	0.9813	pathogenic
P48029	K84C	84	0.9914	pathogenic
P48029	K84D	84	0.9964	pathogenic
P48029	K84E	84	0.9553	pathogenic
P48029	K84F	84	0.9991	pathogenic
P48029	K84G	84	0.9907	pathogenic
P48029	K84H	84	0.9276	pathogenic
P48029	K84I	84	0.9886	pathogenic
P48029	K84L	84	0.9788	pathogenic
P48029	K84M	84	0.9812	pathogenic
P48029	K84N	84	0.9941	pathogenic
P48029	K84P	84	0.9987	pathogenic
P48029	K84Q	84	0.7211	pathogenic
P48029	K84R	84	0.1446	benign
P48029	K84S	84	0.9882	pathogenic
P48029	K84T	84	0.974	pathogenic
P48029	K84V	84	0.9804	pathogenic
P48029	K84W	84	0.996	pathogenic
P48029	K84Y	84	0.9933	pathogenic
P48029	N85A	85	0.9919	pathogenic
P48029	N85C	85	0.9712	pathogenic
P48029	N85D	85	0.9921	pathogenic
P48029	N85E	85	0.9938	pathogenic
P48029	N85F	85	0.9821	pathogenic
P48029	N85G	85	0.9776	pathogenic
P48029	N85H	85	0.8185	pathogenic
P48029	N85I	85	0.9953	pathogenic
P48029	N85K	85	0.9971	pathogenic
P48029	N85L	85	0.9878	pathogenic
P48029	N85M	85	0.9912	pathogenic
P48029	N85P	85	0.9983	pathogenic
P48029	N85Q	85	0.9901	pathogenic
P48029	N85R	85	0.992	pathogenic
P48029	N85S	85	0.8888	pathogenic
P48029	N85T	85	0.9894	pathogenic
P48029	N85V	85	0.9917	pathogenic
P48029	N85W	85	0.9884	pathogenic
P48029	N85Y	85	0.7919	pathogenic
P48029	G86A	86	0.9808	pathogenic
P48029	G86C	86	0.9952	pathogenic
P48029	G86D	86	0.9866	pathogenic
P48029	G86E	86	0.9948	pathogenic
P48029	G86F	86	0.9987	pathogenic
P48029	G86H	86	0.9967	pathogenic
P48029	G86I	86	0.9985	pathogenic
P48029	G86K	86	0.994	pathogenic
P48029	G86L	86	0.9977	pathogenic
P48029	G86M	86	0.9989	pathogenic
P48029	G86N	86	0.9909	pathogenic
P48029	G86P	86	0.9995	pathogenic
P48029	G86Q	86	0.9923	pathogenic
P48029	G86R	86	0.9873	pathogenic
P48029	G86S	86	0.9412	pathogenic
P48029	G86T	86	0.9917	pathogenic
P48029	G86V	86	0.9967	pathogenic
P48029	G86W	86	0.9975	pathogenic
P48029	G86Y	86	0.9975	pathogenic
P48029	G87A	87	0.9748	pathogenic
P48029	G87C	87	0.9958	pathogenic
P48029	G87D	87	0.9974	pathogenic
P48029	G87E	87	0.9982	pathogenic
P48029	G87F	87	0.9984	pathogenic
P48029	G87H	87	0.9995	pathogenic
P48029	G87I	87	0.9988	pathogenic
P48029	G87K	87	0.9986	pathogenic
P48029	G87L	87	0.9984	pathogenic
P48029	G87M	87	0.9992	pathogenic
P48029	G87N	87	0.9986	pathogenic
P48029	G87P	87	0.9992	pathogenic
P48029	G87Q	87	0.9986	pathogenic
P48029	G87R	87	0.9953	pathogenic
P48029	G87S	87	0.9823	pathogenic
P48029	G87T	87	0.9957	pathogenic
P48029	G87V	87	0.9968	pathogenic
P48029	G87W	87	0.9975	pathogenic
P48029	G87Y	87	0.9988	pathogenic
P48029	G88A	88	0.8174	pathogenic
P48029	G88C	88	0.9859	pathogenic
P48029	G88D	88	0.9968	pathogenic
P48029	G88E	88	0.9974	pathogenic
P48029	G88F	88	0.9936	pathogenic
P48029	G88H	88	0.9993	pathogenic
P48029	G88I	88	0.9937	pathogenic
P48029	G88K	88	0.9992	pathogenic
P48029	G88L	88	0.9915	pathogenic
P48029	G88M	88	0.9947	pathogenic
P48029	G88N	88	0.9974	pathogenic
P48029	G88P	88	0.9979	pathogenic
P48029	G88Q	88	0.998	pathogenic
P48029	G88R	88	0.9967	pathogenic
P48029	G88S	88	0.9183	pathogenic
P48029	G88T	88	0.981	pathogenic
P48029	G88V	88	0.9845	pathogenic
P48029	G88W	88	0.9943	pathogenic
P48029	G88Y	88	0.9972	pathogenic
P48029	V89A	89	0.2809	benign
P48029	V89C	89	0.8818	pathogenic
P48029	V89D	89	0.9697	pathogenic
P48029	V89E	89	0.9554	pathogenic
P48029	V89F	89	0.8647	pathogenic
P48029	V89G	89	0.6223	pathogenic
P48029	V89H	89	0.9902	pathogenic
P48029	V89I	89	0.221	benign
P48029	V89K	89	0.9834	pathogenic
P48029	V89L	89	0.8789	pathogenic
P48029	V89M	89	0.7504	pathogenic
P48029	V89N	89	0.9134	pathogenic
P48029	V89P	89	0.9403	pathogenic
P48029	V89Q	89	0.9516	pathogenic
P48029	V89R	89	0.953	pathogenic
P48029	V89S	89	0.4544	ambiguous
P48029	V89T	89	0.583	pathogenic
P48029	V89W	89	0.9958	pathogenic
P48029	V89Y	89	0.9817	pathogenic
P48029	F90A	90	0.9984	pathogenic
P48029	F90C	90	0.997	pathogenic
P48029	F90D	90	0.9998	pathogenic
P48029	F90E	90	0.9997	pathogenic
P48029	F90G	90	0.9989	pathogenic
P48029	F90H	90	0.9977	pathogenic
P48029	F90I	90	0.9977	pathogenic
P48029	F90K	90	0.9997	pathogenic
P48029	F90L	90	0.9996	pathogenic
P48029	F90M	90	0.998	pathogenic
P48029	F90N	90	0.9994	pathogenic
P48029	F90P	90	0.9999	pathogenic
P48029	F90Q	90	0.9993	pathogenic
P48029	F90R	90	0.9987	pathogenic
P48029	F90S	90	0.9983	pathogenic
P48029	F90T	90	0.9991	pathogenic
P48029	F90V	90	0.9966	pathogenic
P48029	F90W	90	0.9861	pathogenic
P48029	F90Y	90	0.9559	pathogenic
P48029	L91A	91	0.9354	pathogenic
P48029	L91C	91	0.9151	pathogenic
P48029	L91D	91	0.9996	pathogenic
P48029	L91E	91	0.9981	pathogenic
P48029	L91F	91	0.2227	benign
P48029	L91G	91	0.9832	pathogenic
P48029	L91H	91	0.9884	pathogenic
P48029	L91I	91	0.388	ambiguous
P48029	L91K	91	0.9975	pathogenic
P48029	L91M	91	0.3773	ambiguous
P48029	L91N	91	0.9962	pathogenic
P48029	L91P	91	0.9942	pathogenic
P48029	L91Q	91	0.9846	pathogenic
P48029	L91R	91	0.9908	pathogenic
P48029	L91S	91	0.9865	pathogenic
P48029	L91T	91	0.9621	pathogenic
P48029	L91V	91	0.4626	ambiguous
P48029	L91W	91	0.8685	pathogenic
P48029	L91Y	91	0.9408	pathogenic
P48029	I92A	92	0.8011	pathogenic
P48029	I92C	92	0.9156	pathogenic
P48029	I92D	92	0.9984	pathogenic
P48029	I92E	92	0.996	pathogenic
P48029	I92F	92	0.251	benign
P48029	I92G	92	0.923	pathogenic
P48029	I92H	92	0.9911	pathogenic
P48029	I92K	92	0.9933	pathogenic
P48029	I92L	92	0.1278	benign
P48029	I92M	92	0.3115	benign
P48029	I92N	92	0.9798	pathogenic
P48029	I92P	92	0.9119	pathogenic
P48029	I92Q	92	0.9902	pathogenic
P48029	I92R	92	0.9909	pathogenic
P48029	I92S	92	0.9206	pathogenic
P48029	I92T	92	0.8627	pathogenic
P48029	I92V	92	0.124	benign
P48029	I92W	92	0.9608	pathogenic
P48029	I92Y	92	0.911	pathogenic
P48029	P93A	93	0.8456	pathogenic
P48029	P93C	93	0.9837	pathogenic
P48029	P93D	93	0.9992	pathogenic
P48029	P93E	93	0.998	pathogenic
P48029	P93F	93	0.9981	pathogenic
P48029	P93G	93	0.9853	pathogenic
P48029	P93H	93	0.9967	pathogenic
P48029	P93I	93	0.9858	pathogenic
P48029	P93K	93	0.9991	pathogenic
P48029	P93L	93	0.9529	pathogenic
P48029	P93M	93	0.9934	pathogenic
P48029	P93N	93	0.9977	pathogenic
P48029	P93Q	93	0.9943	pathogenic
P48029	P93R	93	0.9951	pathogenic
P48029	P93S	93	0.9629	pathogenic
P48029	P93T	93	0.9531	pathogenic
P48029	P93V	93	0.9661	pathogenic
P48029	P93W	93	0.9993	pathogenic
P48029	P93Y	93	0.9988	pathogenic
P48029	Y94A	94	0.9783	pathogenic
P48029	Y94C	94	0.9359	pathogenic
P48029	Y94D	94	0.9946	pathogenic
P48029	Y94E	94	0.9983	pathogenic
P48029	Y94F	94	0.4075	ambiguous
P48029	Y94G	94	0.958	pathogenic
P48029	Y94H	94	0.9934	pathogenic
P48029	Y94I	94	0.9848	pathogenic
P48029	Y94K	94	0.9993	pathogenic
P48029	Y94L	94	0.9227	pathogenic
P48029	Y94M	94	0.9844	pathogenic
P48029	Y94N	94	0.9774	pathogenic
P48029	Y94P	94	0.992	pathogenic
P48029	Y94Q	94	0.9987	pathogenic
P48029	Y94R	94	0.9969	pathogenic
P48029	Y94S	94	0.9369	pathogenic
P48029	Y94T	94	0.9837	pathogenic
P48029	Y94V	94	0.9353	pathogenic
P48029	Y94W	94	0.9204	pathogenic
P48029	V95A	95	0.143	benign
P48029	V95C	95	0.3293	benign
P48029	V95D	95	0.9381	pathogenic
P48029	V95E	95	0.9132	pathogenic
P48029	V95F	95	0.0829	benign
P48029	V95G	95	0.1758	benign
P48029	V95H	95	0.9051	pathogenic
P48029	V95I	95	0.0663	benign
P48029	V95K	95	0.9512	pathogenic
P48029	V95L	95	0.0748	benign
P48029	V95M	95	0.1006	benign
P48029	V95N	95	0.721	pathogenic
P48029	V95P	95	0.9321	pathogenic
P48029	V95Q	95	0.8441	pathogenic
P48029	V95R	95	0.9182	pathogenic
P48029	V95S	95	0.2595	benign
P48029	V95T	95	0.1776	benign
P48029	V95W	95	0.7597	pathogenic
P48029	V95Y	95	0.6718	pathogenic
P48029	L96A	96	0.1871	benign
P48029	L96C	96	0.3276	benign
P48029	L96D	96	0.9845	pathogenic
P48029	L96E	96	0.9559	pathogenic
P48029	L96F	96	0.1151	benign
P48029	L96G	96	0.4778	ambiguous
P48029	L96H	96	0.9156	pathogenic
P48029	L96I	96	0.0813	benign
P48029	L96K	96	0.977	pathogenic
P48029	L96M	96	0.0936	benign
P48029	L96N	96	0.8852	pathogenic
P48029	L96P	96	0.9341	pathogenic
P48029	L96Q	96	0.8715	pathogenic
P48029	L96R	96	0.9609	pathogenic
P48029	L96S	96	0.3489	ambiguous
P48029	L96T	96	0.1915	benign
P48029	L96V	96	0.0755	benign
P48029	L96W	96	0.6734	pathogenic
P48029	L96Y	96	0.7998	pathogenic
P48029	I97A	97	0.5115	ambiguous
P48029	I97C	97	0.7258	pathogenic
P48029	I97D	97	0.9891	pathogenic
P48029	I97E	97	0.9808	pathogenic
P48029	I97F	97	0.1729	benign
P48029	I97G	97	0.873	pathogenic
P48029	I97H	97	0.9699	pathogenic
P48029	I97K	97	0.986	pathogenic
P48029	I97L	97	0.17	benign
P48029	I97M	97	0.1212	benign
P48029	I97N	97	0.8698	pathogenic
P48029	I97P	97	0.9655	pathogenic
P48029	I97Q	97	0.9594	pathogenic
P48029	I97R	97	0.9724	pathogenic
P48029	I97S	97	0.6464	pathogenic
P48029	I97T	97	0.3293	benign
P48029	I97V	97	0.0887	benign
P48029	I97W	97	0.9357	pathogenic
P48029	I97Y	97	0.875	pathogenic
P48029	A98C	98	0.3717	ambiguous
P48029	A98D	98	0.9808	pathogenic
P48029	A98E	98	0.9663	pathogenic
P48029	A98F	98	0.4976	ambiguous
P48029	A98G	98	0.2729	benign
P48029	A98H	98	0.9749	pathogenic
P48029	A98I	98	0.2265	benign
P48029	A98K	98	0.9926	pathogenic
P48029	A98L	98	0.222	benign
P48029	A98M	98	0.2794	benign
P48029	A98N	98	0.8737	pathogenic
P48029	A98P	98	0.944	pathogenic
P48029	A98Q	98	0.9291	pathogenic
P48029	A98R	98	0.9829	pathogenic
P48029	A98S	98	0.1687	benign
P48029	A98T	98	0.1796	benign
P48029	A98V	98	0.1123	benign
P48029	A98W	98	0.9598	pathogenic
P48029	A98Y	98	0.8976	pathogenic
P48029	L99A	99	0.1327	benign
P48029	L99C	99	0.2711	benign
P48029	L99D	99	0.9822	pathogenic
P48029	L99E	99	0.9486	pathogenic
P48029	L99F	99	0.0686	benign
P48029	L99G	99	0.369	ambiguous
P48029	L99H	99	0.8775	pathogenic
P48029	L99I	99	0.0746	benign
P48029	L99K	99	0.9658	pathogenic
P48029	L99M	99	0.0867	benign
P48029	L99N	99	0.8727	pathogenic
P48029	L99P	99	0.8755	pathogenic
P48029	L99Q	99	0.8408	pathogenic
P48029	L99R	99	0.9353	pathogenic
P48029	L99S	99	0.3364	benign
P48029	L99T	99	0.1967	benign
P48029	L99V	99	0.0599	benign
P48029	L99W	99	0.4784	ambiguous
P48029	L99Y	99	0.6677	pathogenic
P48029	V100A	100	0.1054	benign
P48029	V100C	100	0.4382	ambiguous
P48029	V100D	100	0.9271	pathogenic
P48029	V100E	100	0.8981	pathogenic
P48029	V100F	100	0.1104	benign
P48029	V100G	100	0.2263	benign
P48029	V100H	100	0.9046	pathogenic
P48029	V100I	100	0.0707	benign
P48029	V100K	100	0.9395	pathogenic
P48029	V100L	100	0.1016	benign
P48029	V100M	100	0.1427	benign
P48029	V100N	100	0.7388	pathogenic
P48029	V100P	100	0.8174	pathogenic
P48029	V100Q	100	0.8369	pathogenic
P48029	V100R	100	0.8956	pathogenic
P48029	V100S	100	0.245	benign
P48029	V100T	100	0.1151	benign
P48029	V100W	100	0.7637	pathogenic
P48029	V100Y	100	0.7299	pathogenic
P48029	G101A	101	0.3276	benign
P48029	G101C	101	0.6231	pathogenic
P48029	G101D	101	0.9953	pathogenic
P48029	G101E	101	0.9955	pathogenic
P48029	G101F	101	0.9768	pathogenic
P48029	G101H	101	0.9975	pathogenic
P48029	G101I	101	0.9402	pathogenic
P48029	G101K	101	0.9991	pathogenic
P48029	G101L	101	0.949	pathogenic
P48029	G101M	101	0.9484	pathogenic
P48029	G101N	101	0.9895	pathogenic
P48029	G101P	101	0.9986	pathogenic
P48029	G101Q	101	0.9918	pathogenic
P48029	G101R	101	0.9971	pathogenic
P48029	G101S	101	0.5736	pathogenic
P48029	G101T	101	0.7759	pathogenic
P48029	G101V	101	0.8676	pathogenic
P48029	G101W	101	0.9897	pathogenic
P48029	G101Y	101	0.9934	pathogenic
P48029	G102A	102	0.8115	pathogenic
P48029	G102C	102	0.9809	pathogenic
P48029	G102D	102	0.9987	pathogenic
P48029	G102E	102	0.999	pathogenic
P48029	G102F	102	0.9977	pathogenic
P48029	G102H	102	0.9998	pathogenic
P48029	G102I	102	0.9936	pathogenic
P48029	G102K	102	0.9997	pathogenic
P48029	G102L	102	0.9956	pathogenic
P48029	G102M	102	0.9969	pathogenic
P48029	G102N	102	0.9986	pathogenic
P48029	G102P	102	0.9995	pathogenic
P48029	G102Q	102	0.9991	pathogenic
P48029	G102R	102	0.999	pathogenic
P48029	G102S	102	0.9454	pathogenic
P48029	G102T	102	0.987	pathogenic
P48029	G102V	102	0.9883	pathogenic
P48029	G102W	102	0.999	pathogenic
P48029	G102Y	102	0.9991	pathogenic
P48029	I103A	103	0.8681	pathogenic
P48029	I103C	103	0.8963	pathogenic
P48029	I103D	103	0.9984	pathogenic
P48029	I103E	103	0.9962	pathogenic
P48029	I103F	103	0.414	ambiguous
P48029	I103G	103	0.943	pathogenic
P48029	I103H	103	0.9938	pathogenic
P48029	I103K	103	0.9926	pathogenic
P48029	I103L	103	0.2005	benign
P48029	I103M	103	0.2549	benign
P48029	I103N	103	0.9649	pathogenic
P48029	I103P	103	0.9869	pathogenic
P48029	I103Q	103	0.9901	pathogenic
P48029	I103R	103	0.9915	pathogenic
P48029	I103S	103	0.912	pathogenic
P48029	I103T	103	0.835	pathogenic
P48029	I103V	103	0.1025	benign
P48029	I103W	103	0.9801	pathogenic
P48029	I103Y	103	0.942	pathogenic
P48029	P104A	104	0.9752	pathogenic
P48029	P104C	104	0.9965	pathogenic
P48029	P104D	104	0.9994	pathogenic
P48029	P104E	104	0.9992	pathogenic
P48029	P104F	104	0.9995	pathogenic
P48029	P104G	104	0.9933	pathogenic
P48029	P104H	104	0.9984	pathogenic
P48029	P104I	104	0.9988	pathogenic
P48029	P104K	104	0.9996	pathogenic
P48029	P104L	104	0.9935	pathogenic
P48029	P104M	104	0.9988	pathogenic
P48029	P104N	104	0.9986	pathogenic
P48029	P104Q	104	0.9976	pathogenic
P48029	P104R	104	0.9983	pathogenic
P48029	P104S	104	0.9869	pathogenic
P48029	P104T	104	0.9905	pathogenic
P48029	P104V	104	0.996	pathogenic
P48029	P104W	104	0.9998	pathogenic
P48029	P104Y	104	0.9997	pathogenic
P48029	I105A	105	0.859	pathogenic
P48029	I105C	105	0.9156	pathogenic
P48029	I105D	105	0.9973	pathogenic
P48029	I105E	105	0.9946	pathogenic
P48029	I105F	105	0.8467	pathogenic
P48029	I105G	105	0.9745	pathogenic
P48029	I105H	105	0.9941	pathogenic
P48029	I105K	105	0.9946	pathogenic
P48029	I105L	105	0.1989	benign
P48029	I105M	105	0.3513	ambiguous
P48029	I105N	105	0.9461	pathogenic
P48029	I105P	105	0.9891	pathogenic
P48029	I105Q	105	0.9882	pathogenic
P48029	I105R	105	0.9911	pathogenic
P48029	I105S	105	0.905	pathogenic
P48029	I105T	105	0.8223	pathogenic
P48029	I105V	105	0.0847	benign
P48029	I105W	105	0.9974	pathogenic
P48029	I105Y	105	0.9853	pathogenic
P48029	F106A	106	0.9825	pathogenic
P48029	F106C	106	0.9409	pathogenic
P48029	F106D	106	0.999	pathogenic
P48029	F106E	106	0.9991	pathogenic
P48029	F106G	106	0.989	pathogenic
P48029	F106H	106	0.9939	pathogenic
P48029	F106I	106	0.96	pathogenic
P48029	F106K	106	0.9993	pathogenic
P48029	F106L	106	0.9905	pathogenic
P48029	F106M	106	0.9687	pathogenic
P48029	F106N	106	0.9944	pathogenic
P48029	F106P	106	0.9996	pathogenic
P48029	F106Q	106	0.9971	pathogenic
P48029	F106R	106	0.9956	pathogenic
P48029	F106S	106	0.9855	pathogenic
P48029	F106T	106	0.9886	pathogenic
P48029	F106V	106	0.9392	pathogenic
P48029	F106W	106	0.9712	pathogenic
P48029	F106Y	106	0.8195	pathogenic
P48029	F107A	107	0.9709	pathogenic
P48029	F107C	107	0.8371	pathogenic
P48029	F107D	107	0.9996	pathogenic
P48029	F107E	107	0.9995	pathogenic
P48029	F107G	107	0.9894	pathogenic
P48029	F107H	107	0.9912	pathogenic
P48029	F107I	107	0.7649	pathogenic
P48029	F107K	107	0.9996	pathogenic
P48029	F107L	107	0.8854	pathogenic
P48029	F107M	107	0.8515	pathogenic
P48029	F107N	107	0.9961	pathogenic
P48029	F107P	107	0.9997	pathogenic
P48029	F107Q	107	0.9974	pathogenic
P48029	F107R	107	0.998	pathogenic
P48029	F107S	107	0.9835	pathogenic
P48029	F107T	107	0.9804	pathogenic
P48029	F107V	107	0.7068	pathogenic
P48029	F107W	107	0.9403	pathogenic
P48029	F107Y	107	0.6592	pathogenic
P48029	L108A	108	0.9522	pathogenic
P48029	L108C	108	0.9537	pathogenic
P48029	L108D	108	0.9997	pathogenic
P48029	L108E	108	0.9954	pathogenic
P48029	L108F	108	0.878	pathogenic
P48029	L108G	108	0.9875	pathogenic
P48029	L108H	108	0.9941	pathogenic
P48029	L108I	108	0.8092	pathogenic
P48029	L108K	108	0.9951	pathogenic
P48029	L108M	108	0.3423	ambiguous
P48029	L108N	108	0.996	pathogenic
P48029	L108P	108	0.9987	pathogenic
P48029	L108Q	108	0.9668	pathogenic
P48029	L108R	108	0.9908	pathogenic
P48029	L108S	108	0.988	pathogenic
P48029	L108T	108	0.9649	pathogenic
P48029	L108V	108	0.7836	pathogenic
P48029	L108W	108	0.983	pathogenic
P48029	L108Y	108	0.9905	pathogenic
P48029	E109A	109	0.9977	pathogenic
P48029	E109C	109	0.9982	pathogenic
P48029	E109D	109	0.9958	pathogenic
P48029	E109F	109	0.9999	pathogenic
P48029	E109G	109	0.9948	pathogenic
P48029	E109H	109	0.9989	pathogenic
P48029	E109I	109	0.9997	pathogenic
P48029	E109K	109	0.9984	pathogenic
P48029	E109L	109	0.9995	pathogenic
P48029	E109M	109	0.9995	pathogenic
P48029	E109N	109	0.9988	pathogenic
P48029	E109P	109	0.9997	pathogenic
P48029	E109Q	109	0.9877	pathogenic
P48029	E109R	109	0.9978	pathogenic
P48029	E109S	109	0.9973	pathogenic
P48029	E109T	109	0.9989	pathogenic
P48029	E109V	109	0.9992	pathogenic
P48029	E109W	109	0.9999	pathogenic
P48029	E109Y	109	0.9998	pathogenic
P48029	I110A	110	0.962	pathogenic
P48029	I110C	110	0.9664	pathogenic
P48029	I110D	110	0.9981	pathogenic
P48029	I110E	110	0.9967	pathogenic
P48029	I110F	110	0.9199	pathogenic
P48029	I110G	110	0.99	pathogenic
P48029	I110H	110	0.9982	pathogenic
P48029	I110K	110	0.9974	pathogenic
P48029	I110L	110	0.4576	ambiguous
P48029	I110M	110	0.5412	ambiguous
P48029	I110N	110	0.9619	pathogenic
P48029	I110P	110	0.9973	pathogenic
P48029	I110Q	110	0.9965	pathogenic
P48029	I110R	110	0.997	pathogenic
P48029	I110S	110	0.9653	pathogenic
P48029	I110T	110	0.8933	pathogenic
P48029	I110V	110	0.1843	benign
P48029	I110W	110	0.9981	pathogenic
P48029	I110Y	110	0.9909	pathogenic
P48029	S111A	111	0.0779	benign
P48029	S111C	111	0.1885	benign
P48029	S111D	111	0.9976	pathogenic
P48029	S111E	111	0.9981	pathogenic
P48029	S111F	111	0.9772	pathogenic
P48029	S111G	111	0.2748	benign
P48029	S111H	111	0.9921	pathogenic
P48029	S111I	111	0.9411	pathogenic
P48029	S111K	111	0.9998	pathogenic
P48029	S111L	111	0.8347	pathogenic
P48029	S111M	111	0.898	pathogenic
P48029	S111N	111	0.9678	pathogenic
P48029	S111P	111	0.9948	pathogenic
P48029	S111Q	111	0.9915	pathogenic
P48029	S111R	111	0.999	pathogenic
P48029	S111T	111	0.4357	ambiguous
P48029	S111V	111	0.8203	pathogenic
P48029	S111W	111	0.9952	pathogenic
P48029	S111Y	111	0.991	pathogenic
P48029	L112A	112	0.9323	pathogenic
P48029	L112C	112	0.9642	pathogenic
P48029	L112D	112	0.9997	pathogenic
P48029	L112E	112	0.9976	pathogenic
P48029	L112F	112	0.8821	pathogenic
P48029	L112G	112	0.9936	pathogenic
P48029	L112H	112	0.9966	pathogenic
P48029	L112I	112	0.4166	ambiguous
P48029	L112K	112	0.9967	pathogenic
P48029	L112M	112	0.404	ambiguous
P48029	L112N	112	0.9977	pathogenic
P48029	L112P	112	0.9988	pathogenic
P48029	L112Q	112	0.9876	pathogenic
P48029	L112R	112	0.9922	pathogenic
P48029	L112S	112	0.9911	pathogenic
P48029	L112T	112	0.9358	pathogenic
P48029	L112V	112	0.3936	ambiguous
P48029	L112W	112	0.9835	pathogenic
P48029	L112Y	112	0.9932	pathogenic
P48029	G113A	113	0.9901	pathogenic
P48029	G113C	113	0.9988	pathogenic
P48029	G113D	113	0.9996	pathogenic
P48029	G113E	113	0.9997	pathogenic
P48029	G113F	113	0.9997	pathogenic
P48029	G113H	113	0.9999	pathogenic
P48029	G113I	113	0.9998	pathogenic
P48029	G113K	113	0.9999	pathogenic
P48029	G113L	113	0.9995	pathogenic
P48029	G113M	113	0.9999	pathogenic
P48029	G113N	113	0.9998	pathogenic
P48029	G113P	113	0.9998	pathogenic
P48029	G113Q	113	0.9997	pathogenic
P48029	G113R	113	0.9996	pathogenic
P48029	G113S	113	0.9954	pathogenic
P48029	G113T	113	0.9992	pathogenic
P48029	G113V	113	0.9994	pathogenic
P48029	G113W	113	0.9997	pathogenic
P48029	G113Y	113	0.9998	pathogenic
P48029	Q114A	114	0.9677	pathogenic
P48029	Q114C	114	0.9992	pathogenic
P48029	Q114D	114	0.9985	pathogenic
P48029	Q114E	114	0.924	pathogenic
P48029	Q114F	114	0.9989	pathogenic
P48029	Q114G	114	0.9758	pathogenic
P48029	Q114H	114	0.9988	pathogenic
P48029	Q114I	114	0.9961	pathogenic
P48029	Q114K	114	0.9934	pathogenic
P48029	Q114L	114	0.9923	pathogenic
P48029	Q114M	114	0.9751	pathogenic
P48029	Q114N	114	0.979	pathogenic
P48029	Q114P	114	0.9972	pathogenic
P48029	Q114R	114	0.9931	pathogenic
P48029	Q114S	114	0.9535	pathogenic
P48029	Q114T	114	0.9798	pathogenic
P48029	Q114V	114	0.9937	pathogenic
P48029	Q114W	114	0.9997	pathogenic
P48029	Q114Y	114	0.9994	pathogenic
P48029	F115A	115	0.9969	pathogenic
P48029	F115C	115	0.9903	pathogenic
P48029	F115D	115	0.9993	pathogenic
P48029	F115E	115	0.9991	pathogenic
P48029	F115G	115	0.9977	pathogenic
P48029	F115H	115	0.9885	pathogenic
P48029	F115I	115	0.989	pathogenic
P48029	F115K	115	0.9981	pathogenic
P48029	F115L	115	0.9958	pathogenic
P48029	F115M	115	0.9826	pathogenic
P48029	F115N	115	0.9972	pathogenic
P48029	F115P	115	1.0	pathogenic
P48029	F115Q	115	0.9969	pathogenic
P48029	F115R	115	0.9926	pathogenic
P48029	F115S	115	0.998	pathogenic
P48029	F115T	115	0.9987	pathogenic
P48029	F115V	115	0.9834	pathogenic
P48029	F115W	115	0.8968	pathogenic
P48029	F115Y	115	0.4258	ambiguous
P48029	M116A	116	0.9418	pathogenic
P48029	M116C	116	0.8469	pathogenic
P48029	M116D	116	0.9987	pathogenic
P48029	M116E	116	0.982	pathogenic
P48029	M116F	116	0.824	pathogenic
P48029	M116G	116	0.9479	pathogenic
P48029	M116H	116	0.974	pathogenic
P48029	M116I	116	0.9937	pathogenic
P48029	M116K	116	0.9638	pathogenic
P48029	M116L	116	0.4377	ambiguous
P48029	M116N	116	0.9724	pathogenic
P48029	M116P	116	0.9983	pathogenic
P48029	M116Q	116	0.801	pathogenic
P48029	M116R	116	0.9436	pathogenic
P48029	M116S	116	0.8912	pathogenic
P48029	M116T	116	0.7597	pathogenic
P48029	M116V	116	0.7868	pathogenic
P48029	M116W	116	0.9872	pathogenic
P48029	M116Y	116	0.9822	pathogenic
P48029	K117A	117	0.9302	pathogenic
P48029	K117C	117	0.9716	pathogenic
P48029	K117D	117	0.985	pathogenic
P48029	K117E	117	0.9332	pathogenic
P48029	K117F	117	0.9981	pathogenic
P48029	K117G	117	0.8584	pathogenic
P48029	K117H	117	0.8512	pathogenic
P48029	K117I	117	0.9956	pathogenic
P48029	K117L	117	0.9665	pathogenic
P48029	K117M	117	0.9397	pathogenic
P48029	K117N	117	0.9646	pathogenic
P48029	K117P	117	0.9937	pathogenic
P48029	K117Q	117	0.4997	ambiguous
P48029	K117R	117	0.2106	benign
P48029	K117S	117	0.9373	pathogenic
P48029	K117T	117	0.9293	pathogenic
P48029	K117V	117	0.9849	pathogenic
P48029	K117W	117	0.9958	pathogenic
P48029	K117Y	117	0.9907	pathogenic
P48029	A118C	118	0.6753	pathogenic
P48029	A118D	118	0.851	pathogenic
P48029	A118E	118	0.5518	ambiguous
P48029	A118F	118	0.8379	pathogenic
P48029	A118G	118	0.3386	benign
P48029	A118H	118	0.8117	pathogenic
P48029	A118I	118	0.8282	pathogenic
P48029	A118K	118	0.8072	pathogenic
P48029	A118L	118	0.5966	pathogenic
P48029	A118M	118	0.5567	ambiguous
P48029	A118N	118	0.698	pathogenic
P48029	A118P	118	0.997	pathogenic
P48029	A118Q	118	0.3654	ambiguous
P48029	A118R	118	0.6792	pathogenic
P48029	A118S	118	0.1682	benign
P48029	A118T	118	0.3128	benign
P48029	A118V	118	0.5105	ambiguous
P48029	A118W	118	0.9642	pathogenic
P48029	A118Y	118	0.8657	pathogenic
P48029	G119A	119	0.9222	pathogenic
P48029	G119C	119	0.991	pathogenic
P48029	G119D	119	0.9962	pathogenic
P48029	G119E	119	0.9984	pathogenic
P48029	G119F	119	0.9992	pathogenic
P48029	G119H	119	0.9993	pathogenic
P48029	G119I	119	0.9985	pathogenic
P48029	G119K	119	0.9994	pathogenic
P48029	G119L	119	0.9987	pathogenic
P48029	G119M	119	0.9993	pathogenic
P48029	G119N	119	0.9965	pathogenic
P48029	G119P	119	0.9988	pathogenic
P48029	G119Q	119	0.9985	pathogenic
P48029	G119R	119	0.9976	pathogenic
P48029	G119S	119	0.8786	pathogenic
P48029	G119T	119	0.9837	pathogenic
P48029	G119V	119	0.9948	pathogenic
P48029	G119W	119	0.9989	pathogenic
P48029	G119Y	119	0.9992	pathogenic
P48029	S120A	120	0.2727	benign
P48029	S120C	120	0.4497	ambiguous
P48029	S120D	120	0.9867	pathogenic
P48029	S120E	120	0.9935	pathogenic
P48029	S120F	120	0.9899	pathogenic
P48029	S120G	120	0.1528	benign
P48029	S120H	120	0.9844	pathogenic
P48029	S120I	120	0.9567	pathogenic
P48029	S120K	120	0.9991	pathogenic
P48029	S120L	120	0.9289	pathogenic
P48029	S120M	120	0.9242	pathogenic
P48029	S120N	120	0.8565	pathogenic
P48029	S120P	120	0.9365	pathogenic
P48029	S120Q	120	0.9859	pathogenic
P48029	S120R	120	0.998	pathogenic
P48029	S120T	120	0.5682	pathogenic
P48029	S120V	120	0.9276	pathogenic
P48029	S120W	120	0.9949	pathogenic
P48029	S120Y	120	0.9872	pathogenic
P48029	I121A	121	0.9082	pathogenic
P48029	I121C	121	0.9477	pathogenic
P48029	I121D	121	0.9978	pathogenic
P48029	I121E	121	0.9929	pathogenic
P48029	I121F	121	0.722	pathogenic
P48029	I121G	121	0.9834	pathogenic
P48029	I121H	121	0.9888	pathogenic
P48029	I121K	121	0.978	pathogenic
P48029	I121L	121	0.3091	benign
P48029	I121M	121	0.3955	ambiguous
P48029	I121N	121	0.9777	pathogenic
P48029	I121P	121	0.9701	pathogenic
P48029	I121Q	121	0.9802	pathogenic
P48029	I121R	121	0.9605	pathogenic
P48029	I121S	121	0.9467	pathogenic
P48029	I121T	121	0.9192	pathogenic
P48029	I121V	121	0.1239	benign
P48029	I121W	121	0.9742	pathogenic
P48029	I121Y	121	0.9593	pathogenic
P48029	N122A	122	0.2521	benign
P48029	N122C	122	0.4105	ambiguous
P48029	N122D	122	0.2967	benign
P48029	N122E	122	0.6312	pathogenic
P48029	N122F	122	0.8327	pathogenic
P48029	N122G	122	0.2603	benign
P48029	N122H	122	0.1171	benign
P48029	N122I	122	0.8238	pathogenic
P48029	N122K	122	0.5207	ambiguous
P48029	N122L	122	0.5716	pathogenic
P48029	N122M	122	0.6526	pathogenic
P48029	N122P	122	0.8291	pathogenic
P48029	N122Q	122	0.3771	ambiguous
P48029	N122R	122	0.4271	ambiguous
P48029	N122S	122	0.0759	benign
P48029	N122T	122	0.2475	benign
P48029	N122V	122	0.7008	pathogenic
P48029	N122W	122	0.884	pathogenic
P48029	N122Y	122	0.3916	ambiguous
P48029	V123A	123	0.4079	ambiguous
P48029	V123C	123	0.8437	pathogenic
P48029	V123D	123	0.9885	pathogenic
P48029	V123E	123	0.9839	pathogenic
P48029	V123F	123	0.9698	pathogenic
P48029	V123G	123	0.7882	pathogenic
P48029	V123H	123	0.9941	pathogenic
P48029	V123I	123	0.2113	benign
P48029	V123K	123	0.994	pathogenic
P48029	V123L	123	0.9154	pathogenic
P48029	V123M	123	0.8576	pathogenic
P48029	V123N	123	0.9502	pathogenic
P48029	V123P	123	0.9837	pathogenic
P48029	V123Q	123	0.9739	pathogenic
P48029	V123R	123	0.9829	pathogenic
P48029	V123S	123	0.5643	pathogenic
P48029	V123T	123	0.4853	ambiguous
P48029	V123W	123	0.9992	pathogenic
P48029	V123Y	123	0.9949	pathogenic
P48029	W124A	124	0.9985	pathogenic
P48029	W124C	124	0.9988	pathogenic
P48029	W124D	124	0.9998	pathogenic
P48029	W124E	124	0.9998	pathogenic
P48029	W124F	124	0.7899	pathogenic
P48029	W124G	124	0.9856	pathogenic
P48029	W124H	124	0.9982	pathogenic
P48029	W124I	124	0.9993	pathogenic
P48029	W124K	124	0.9999	pathogenic
P48029	W124L	124	0.9944	pathogenic
P48029	W124M	124	0.9987	pathogenic
P48029	W124N	124	0.9996	pathogenic
P48029	W124P	124	0.9997	pathogenic
P48029	W124Q	124	0.9998	pathogenic
P48029	W124R	124	0.9996	pathogenic
P48029	W124S	124	0.9969	pathogenic
P48029	W124T	124	0.999	pathogenic
P48029	W124V	124	0.9989	pathogenic
P48029	W124Y	124	0.9615	pathogenic
P48029	N125A	125	0.7982	pathogenic
P48029	N125C	125	0.82	pathogenic
P48029	N125D	125	0.4778	ambiguous
P48029	N125E	125	0.8641	pathogenic
P48029	N125F	125	0.9718	pathogenic
P48029	N125G	125	0.7143	pathogenic
P48029	N125H	125	0.4006	ambiguous
P48029	N125I	125	0.9407	pathogenic
P48029	N125K	125	0.8219	pathogenic
P48029	N125L	125	0.8723	pathogenic
P48029	N125M	125	0.9027	pathogenic
P48029	N125P	125	0.994	pathogenic
P48029	N125Q	125	0.7391	pathogenic
P48029	N125R	125	0.7578	pathogenic
P48029	N125S	125	0.3934	ambiguous
P48029	N125T	125	0.8003	pathogenic
P48029	N125V	125	0.9104	pathogenic
P48029	N125W	125	0.9739	pathogenic
P48029	N125Y	125	0.6573	pathogenic
P48029	I126A	126	0.9412	pathogenic
P48029	I126C	126	0.9563	pathogenic
P48029	I126D	126	0.999	pathogenic
P48029	I126E	126	0.9985	pathogenic
P48029	I126F	126	0.7177	pathogenic
P48029	I126G	126	0.9936	pathogenic
P48029	I126H	126	0.9949	pathogenic
P48029	I126K	126	0.9964	pathogenic
P48029	I126L	126	0.2058	benign
P48029	I126M	126	0.4391	ambiguous
P48029	I126N	126	0.9902	pathogenic
P48029	I126P	126	0.9865	pathogenic
P48029	I126Q	126	0.9949	pathogenic
P48029	I126R	126	0.9916	pathogenic
P48029	I126S	126	0.9716	pathogenic
P48029	I126T	126	0.9673	pathogenic
P48029	I126V	126	0.1997	benign
P48029	I126W	126	0.9919	pathogenic
P48029	I126Y	126	0.9733	pathogenic
P48029	C127A	127	0.3655	ambiguous
P48029	C127D	127	0.9959	pathogenic
P48029	C127E	127	0.998	pathogenic
P48029	C127F	127	0.9195	pathogenic
P48029	C127G	127	0.7239	pathogenic
P48029	C127H	127	0.983	pathogenic
P48029	C127I	127	0.9065	pathogenic
P48029	C127K	127	0.9992	pathogenic
P48029	C127L	127	0.8969	pathogenic
P48029	C127M	127	0.9504	pathogenic
P48029	C127N	127	0.9561	pathogenic
P48029	C127P	127	0.9955	pathogenic
P48029	C127Q	127	0.988	pathogenic
P48029	C127R	127	0.9897	pathogenic
P48029	C127S	127	0.3451	ambiguous
P48029	C127T	127	0.7195	pathogenic
P48029	C127V	127	0.7114	pathogenic
P48029	C127W	127	0.9873	pathogenic
P48029	C127Y	127	0.9788	pathogenic
P48029	P128A	128	0.9347	pathogenic
P48029	P128C	128	0.9931	pathogenic
P48029	P128D	128	0.994	pathogenic
P48029	P128E	128	0.9865	pathogenic
P48029	P128F	128	0.9977	pathogenic
P48029	P128G	128	0.9739	pathogenic
P48029	P128H	128	0.9601	pathogenic
P48029	P128I	128	0.9914	pathogenic
P48029	P128K	128	0.977	pathogenic
P48029	P128L	128	0.9693	pathogenic
P48029	P128M	128	0.9956	pathogenic
P48029	P128N	128	0.9913	pathogenic
P48029	P128Q	128	0.9562	pathogenic
P48029	P128R	128	0.9011	pathogenic
P48029	P128S	128	0.9591	pathogenic
P48029	P128T	128	0.9537	pathogenic
P48029	P128V	128	0.9708	pathogenic
P48029	P128W	128	0.9967	pathogenic
P48029	P128Y	128	0.9944	pathogenic
P48029	L129A	129	0.5923	pathogenic
P48029	L129C	129	0.8481	pathogenic
P48029	L129D	129	0.9984	pathogenic
P48029	L129E	129	0.9936	pathogenic
P48029	L129F	129	0.6097	pathogenic
P48029	L129G	129	0.9457	pathogenic
P48029	L129H	129	0.9832	pathogenic
P48029	L129I	129	0.1944	benign
P48029	L129K	129	0.9907	pathogenic
P48029	L129M	129	0.2834	benign
P48029	L129N	129	0.986	pathogenic
P48029	L129P	129	0.8311	pathogenic
P48029	L129Q	129	0.96	pathogenic
P48029	L129R	129	0.9722	pathogenic
P48029	L129S	129	0.9442	pathogenic
P48029	L129T	129	0.8913	pathogenic
P48029	L129V	129	0.1966	benign
P48029	L129W	129	0.9217	pathogenic
P48029	L129Y	129	0.9514	pathogenic
P48029	F130A	130	0.93	pathogenic
P48029	F130C	130	0.7982	pathogenic
P48029	F130D	130	0.999	pathogenic
P48029	F130E	130	0.9992	pathogenic
P48029	F130G	130	0.9228	pathogenic
P48029	F130H	130	0.9916	pathogenic
P48029	F130I	130	0.9866	pathogenic
P48029	F130K	130	0.9994	pathogenic
P48029	F130L	130	0.9664	pathogenic
P48029	F130M	130	0.9224	pathogenic
P48029	F130N	130	0.9953	pathogenic
P48029	F130P	130	0.9987	pathogenic
P48029	F130Q	130	0.9953	pathogenic
P48029	F130R	130	0.9967	pathogenic
P48029	F130S	130	0.965	pathogenic
P48029	F130T	130	0.9874	pathogenic
P48029	F130V	130	0.9606	pathogenic
P48029	F130W	130	0.908	pathogenic
P48029	F130Y	130	0.8823	pathogenic
P48029	K131A	131	0.8429	pathogenic
P48029	K131C	131	0.9262	pathogenic
P48029	K131D	131	0.9836	pathogenic
P48029	K131E	131	0.7165	pathogenic
P48029	K131F	131	0.9882	pathogenic
P48029	K131G	131	0.8474	pathogenic
P48029	K131H	131	0.7725	pathogenic
P48029	K131I	131	0.9537	pathogenic
P48029	K131L	131	0.9089	pathogenic
P48029	K131M	131	0.8375	pathogenic
P48029	K131N	131	0.9698	pathogenic
P48029	K131P	131	0.982	pathogenic
P48029	K131Q	131	0.2546	benign
P48029	K131R	131	0.1044	benign
P48029	K131S	131	0.8769	pathogenic
P48029	K131T	131	0.7285	pathogenic
P48029	K131V	131	0.9111	pathogenic
P48029	K131W	131	0.9596	pathogenic
P48029	K131Y	131	0.965	pathogenic
P48029	G132A	132	0.9497	pathogenic
P48029	G132C	132	0.9902	pathogenic
P48029	G132D	132	0.9922	pathogenic
P48029	G132E	132	0.9962	pathogenic
P48029	G132F	132	0.9958	pathogenic
P48029	G132H	132	0.9991	pathogenic
P48029	G132I	132	0.9952	pathogenic
P48029	G132K	132	0.9992	pathogenic
P48029	G132L	132	0.9966	pathogenic
P48029	G132M	132	0.9976	pathogenic
P48029	G132N	132	0.9975	pathogenic
P48029	G132P	132	0.998	pathogenic
P48029	G132Q	132	0.9982	pathogenic
P48029	G132R	132	0.9984	pathogenic
P48029	G132S	132	0.9626	pathogenic
P48029	G132T	132	0.9912	pathogenic
P48029	G132V	132	0.9883	pathogenic
P48029	G132W	132	0.9951	pathogenic
P48029	G132Y	132	0.996	pathogenic
P48029	L133A	133	0.8893	pathogenic
P48029	L133C	133	0.9453	pathogenic
P48029	L133D	133	0.9986	pathogenic
P48029	L133E	133	0.9903	pathogenic
P48029	L133F	133	0.9127	pathogenic
P48029	L133G	133	0.986	pathogenic
P48029	L133H	133	0.99	pathogenic
P48029	L133I	133	0.1914	benign
P48029	L133K	133	0.99	pathogenic
P48029	L133M	133	0.406	ambiguous
P48029	L133N	133	0.9821	pathogenic
P48029	L133P	133	0.9807	pathogenic
P48029	L133Q	133	0.97	pathogenic
P48029	L133R	133	0.9811	pathogenic
P48029	L133S	133	0.9794	pathogenic
P48029	L133T	133	0.8828	pathogenic
P48029	L133V	133	0.2799	benign
P48029	L133W	133	0.9823	pathogenic
P48029	L133Y	133	0.9927	pathogenic
P48029	G134A	134	0.9734	pathogenic
P48029	G134C	134	0.9969	pathogenic
P48029	G134D	134	0.9988	pathogenic
P48029	G134E	134	0.9992	pathogenic
P48029	G134F	134	0.9993	pathogenic
P48029	G134H	134	0.9998	pathogenic
P48029	G134I	134	0.9991	pathogenic
P48029	G134K	134	0.9997	pathogenic
P48029	G134L	134	0.9989	pathogenic
P48029	G134M	134	0.9997	pathogenic
P48029	G134N	134	0.9995	pathogenic
P48029	G134P	134	0.9992	pathogenic
P48029	G134Q	134	0.9992	pathogenic
P48029	G134R	134	0.9987	pathogenic
P48029	G134S	134	0.9853	pathogenic
P48029	G134T	134	0.9976	pathogenic
P48029	G134V	134	0.998	pathogenic
P48029	G134W	134	0.9991	pathogenic
P48029	G134Y	134	0.9994	pathogenic
P48029	Y135A	135	0.4917	ambiguous
P48029	Y135C	135	0.1268	benign
P48029	Y135D	135	0.908	pathogenic
P48029	Y135E	135	0.9535	pathogenic
P48029	Y135F	135	0.0576	benign
P48029	Y135G	135	0.506	ambiguous
P48029	Y135H	135	0.6465	pathogenic
P48029	Y135I	135	0.2817	benign
P48029	Y135K	135	0.9321	pathogenic
P48029	Y135L	135	0.2433	benign
P48029	Y135M	135	0.3967	ambiguous
P48029	Y135N	135	0.627	pathogenic
P48029	Y135P	135	0.9701	pathogenic
P48029	Y135Q	135	0.8716	pathogenic
P48029	Y135R	135	0.8623	pathogenic
P48029	Y135S	135	0.4265	ambiguous
P48029	Y135T	135	0.5598	ambiguous
P48029	Y135V	135	0.2178	benign
P48029	Y135W	135	0.2647	benign
P48029	A136C	136	0.8279	pathogenic
P48029	A136D	136	0.9918	pathogenic
P48029	A136E	136	0.993	pathogenic
P48029	A136F	136	0.9807	pathogenic
P48029	A136G	136	0.2459	benign
P48029	A136H	136	0.9907	pathogenic
P48029	A136I	136	0.9915	pathogenic
P48029	A136K	136	0.9987	pathogenic
P48029	A136L	136	0.9711	pathogenic
P48029	A136M	136	0.9662	pathogenic
P48029	A136N	136	0.9742	pathogenic
P48029	A136P	136	0.9914	pathogenic
P48029	A136Q	136	0.9735	pathogenic
P48029	A136R	136	0.9931	pathogenic
P48029	A136S	136	0.1327	benign
P48029	A136T	136	0.7238	pathogenic
P48029	A136V	136	0.9465	pathogenic
P48029	A136W	136	0.9978	pathogenic
P48029	A136Y	136	0.9942	pathogenic
P48029	S137A	137	0.3355	benign
P48029	S137C	137	0.5879	pathogenic
P48029	S137D	137	0.9909	pathogenic
P48029	S137E	137	0.9944	pathogenic
P48029	S137F	137	0.9923	pathogenic
P48029	S137G	137	0.3722	ambiguous
P48029	S137H	137	0.989	pathogenic
P48029	S137I	137	0.9892	pathogenic
P48029	S137K	137	0.9995	pathogenic
P48029	S137L	137	0.9498	pathogenic
P48029	S137M	137	0.9359	pathogenic
P48029	S137N	137	0.9092	pathogenic
P48029	S137P	137	0.9961	pathogenic
P48029	S137Q	137	0.9831	pathogenic
P48029	S137R	137	0.999	pathogenic
P48029	S137T	137	0.5436	ambiguous
P48029	S137V	137	0.9646	pathogenic
P48029	S137W	137	0.9952	pathogenic
P48029	S137Y	137	0.9918	pathogenic
P48029	M138A	138	0.6576	pathogenic
P48029	M138C	138	0.8349	pathogenic
P48029	M138D	138	0.9971	pathogenic
P48029	M138E	138	0.9775	pathogenic
P48029	M138F	138	0.8569	pathogenic
P48029	M138G	138	0.9106	pathogenic
P48029	M138H	138	0.9902	pathogenic
P48029	M138I	138	0.8358	pathogenic
P48029	M138K	138	0.9807	pathogenic
P48029	M138L	138	0.2981	benign
P48029	M138N	138	0.9443	pathogenic
P48029	M138P	138	0.9965	pathogenic
P48029	M138Q	138	0.9013	pathogenic
P48029	M138R	138	0.9819	pathogenic
P48029	M138S	138	0.7738	pathogenic
P48029	M138T	138	0.413	ambiguous
P48029	M138V	138	0.2087	benign
P48029	M138W	138	0.9882	pathogenic
P48029	M138Y	138	0.9872	pathogenic
P48029	V139A	139	0.6284	pathogenic
P48029	V139C	139	0.8895	pathogenic
P48029	V139D	139	0.9898	pathogenic
P48029	V139E	139	0.9719	pathogenic
P48029	V139F	139	0.5186	ambiguous
P48029	V139G	139	0.6535	pathogenic
P48029	V139H	139	0.9909	pathogenic
P48029	V139I	139	0.122	benign
P48029	V139K	139	0.9889	pathogenic
P48029	V139L	139	0.3484	ambiguous
P48029	V139M	139	0.375	ambiguous
P48029	V139N	139	0.9437	pathogenic
P48029	V139P	139	0.9799	pathogenic
P48029	V139Q	139	0.9631	pathogenic
P48029	V139R	139	0.9816	pathogenic
P48029	V139S	139	0.8295	pathogenic
P48029	V139T	139	0.6306	pathogenic
P48029	V139W	139	0.9811	pathogenic
P48029	V139Y	139	0.9625	pathogenic
P48029	I140A	140	0.9286	pathogenic
P48029	I140C	140	0.986	pathogenic
P48029	I140D	140	0.9981	pathogenic
P48029	I140E	140	0.9942	pathogenic
P48029	I140F	140	0.9407	pathogenic
P48029	I140G	140	0.989	pathogenic
P48029	I140H	140	0.9976	pathogenic
P48029	I140K	140	0.9953	pathogenic
P48029	I140L	140	0.5053	ambiguous
P48029	I140M	140	0.4414	ambiguous
P48029	I140N	140	0.9711	pathogenic
P48029	I140P	140	0.9934	pathogenic
P48029	I140Q	140	0.9901	pathogenic
P48029	I140R	140	0.9929	pathogenic
P48029	I140S	140	0.9521	pathogenic
P48029	I140T	140	0.8667	pathogenic
P48029	I140V	140	0.3974	ambiguous
P48029	I140W	140	0.9974	pathogenic
P48029	I140Y	140	0.9938	pathogenic
P48029	V141A	141	0.9259	pathogenic
P48029	V141C	141	0.9179	pathogenic
P48029	V141D	141	0.985	pathogenic
P48029	V141E	141	0.9831	pathogenic
P48029	V141F	141	0.9743	pathogenic
P48029	V141G	141	0.8858	pathogenic
P48029	V141H	141	0.995	pathogenic
P48029	V141I	141	0.3376	benign
P48029	V141K	141	0.9966	pathogenic
P48029	V141L	141	0.9405	pathogenic
P48029	V141M	141	0.9459	pathogenic
P48029	V141N	141	0.914	pathogenic
P48029	V141P	141	0.9926	pathogenic
P48029	V141Q	141	0.9829	pathogenic
P48029	V141R	141	0.9885	pathogenic
P48029	V141S	141	0.7954	pathogenic
P48029	V141T	141	0.7597	pathogenic
P48029	V141W	141	0.9991	pathogenic
P48029	V141Y	141	0.994	pathogenic
P48029	F142A	142	0.7922	pathogenic
P48029	F142C	142	0.5002	ambiguous
P48029	F142D	142	0.9985	pathogenic
P48029	F142E	142	0.9986	pathogenic
P48029	F142G	142	0.8503	pathogenic
P48029	F142H	142	0.9866	pathogenic
P48029	F142I	142	0.7934	pathogenic
P48029	F142K	142	0.9993	pathogenic
P48029	F142L	142	0.9497	pathogenic
P48029	F142M	142	0.838	pathogenic
P48029	F142N	142	0.9805	pathogenic
P48029	F142P	142	0.9995	pathogenic
P48029	F142Q	142	0.9936	pathogenic
P48029	F142R	142	0.997	pathogenic
P48029	F142S	142	0.836	pathogenic
P48029	F142T	142	0.8705	pathogenic
P48029	F142V	142	0.6834	pathogenic
P48029	F142W	142	0.8578	pathogenic
P48029	F142Y	142	0.6441	pathogenic
P48029	Y143A	143	0.8492	pathogenic
P48029	Y143C	143	0.2935	benign
P48029	Y143D	143	0.9449	pathogenic
P48029	Y143E	143	0.9891	pathogenic
P48029	Y143F	143	0.0795	benign
P48029	Y143G	143	0.7983	pathogenic
P48029	Y143H	143	0.6513	pathogenic
P48029	Y143I	143	0.863	pathogenic
P48029	Y143K	143	0.9934	pathogenic
P48029	Y143L	143	0.5261	ambiguous
P48029	Y143M	143	0.8633	pathogenic
P48029	Y143N	143	0.782	pathogenic
P48029	Y143P	143	0.9838	pathogenic
P48029	Y143Q	143	0.9603	pathogenic
P48029	Y143R	143	0.9765	pathogenic
P48029	Y143S	143	0.6268	pathogenic
P48029	Y143T	143	0.8852	pathogenic
P48029	Y143V	143	0.8109	pathogenic
P48029	Y143W	143	0.4394	ambiguous
P48029	C144A	144	0.8941	pathogenic
P48029	C144D	144	0.9971	pathogenic
P48029	C144E	144	0.9979	pathogenic
P48029	C144F	144	0.9842	pathogenic
P48029	C144G	144	0.7877	pathogenic
P48029	C144H	144	0.998	pathogenic
P48029	C144I	144	0.9646	pathogenic
P48029	C144K	144	0.9994	pathogenic
P48029	C144L	144	0.7734	pathogenic
P48029	C144M	144	0.9443	pathogenic
P48029	C144N	144	0.9745	pathogenic
P48029	C144P	144	0.9991	pathogenic
P48029	C144Q	144	0.9954	pathogenic
P48029	C144R	144	0.9954	pathogenic
P48029	C144S	144	0.9062	pathogenic
P48029	C144T	144	0.8811	pathogenic
P48029	C144V	144	0.8646	pathogenic
P48029	C144W	144	0.9984	pathogenic
P48029	C144Y	144	0.995	pathogenic
P48029	N145A	145	0.9493	pathogenic
P48029	N145C	145	0.7434	pathogenic
P48029	N145D	145	0.8584	pathogenic
P48029	N145E	145	0.9931	pathogenic
P48029	N145F	145	0.9976	pathogenic
P48029	N145G	145	0.9268	pathogenic
P48029	N145H	145	0.9567	pathogenic
P48029	N145I	145	0.9683	pathogenic
P48029	N145K	145	0.9982	pathogenic
P48029	N145L	145	0.9573	pathogenic
P48029	N145M	145	0.9788	pathogenic
P48029	N145P	145	0.9904	pathogenic
P48029	N145Q	145	0.989	pathogenic
P48029	N145R	145	0.997	pathogenic
P48029	N145S	145	0.4658	ambiguous
P48029	N145T	145	0.8756	pathogenic
P48029	N145V	145	0.9409	pathogenic
P48029	N145W	145	0.9992	pathogenic
P48029	N145Y	145	0.9872	pathogenic
P48029	T146A	146	0.2637	benign
P48029	T146C	146	0.4176	ambiguous
P48029	T146D	146	0.9837	pathogenic
P48029	T146E	146	0.985	pathogenic
P48029	T146F	146	0.8947	pathogenic
P48029	T146G	146	0.6193	pathogenic
P48029	T146H	146	0.9262	pathogenic
P48029	T146I	146	0.6752	pathogenic
P48029	T146K	146	0.9885	pathogenic
P48029	T146L	146	0.5594	ambiguous
P48029	T146M	146	0.4151	ambiguous
P48029	T146N	146	0.7384	pathogenic
P48029	T146P	146	0.9099	pathogenic
P48029	T146Q	146	0.9391	pathogenic
P48029	T146R	146	0.9757	pathogenic
P48029	T146S	146	0.2453	benign
P48029	T146V	146	0.4549	ambiguous
P48029	T146W	146	0.9821	pathogenic
P48029	T146Y	146	0.9564	pathogenic
P48029	Y147A	147	0.9747	pathogenic
P48029	Y147C	147	0.9033	pathogenic
P48029	Y147D	147	0.9899	pathogenic
P48029	Y147E	147	0.998	pathogenic
P48029	Y147F	147	0.6128	pathogenic
P48029	Y147G	147	0.9403	pathogenic
P48029	Y147H	147	0.9945	pathogenic
P48029	Y147I	147	0.9843	pathogenic
P48029	Y147K	147	0.9988	pathogenic
P48029	Y147L	147	0.9296	pathogenic
P48029	Y147M	147	0.9881	pathogenic
P48029	Y147N	147	0.969	pathogenic
P48029	Y147P	147	0.984	pathogenic
P48029	Y147Q	147	0.9978	pathogenic
P48029	Y147R	147	0.9935	pathogenic
P48029	Y147S	147	0.891	pathogenic
P48029	Y147T	147	0.9712	pathogenic
P48029	Y147V	147	0.9402	pathogenic
P48029	Y147W	147	0.9109	pathogenic
P48029	Y148A	148	0.9893	pathogenic
P48029	Y148C	148	0.9762	pathogenic
P48029	Y148D	148	0.9923	pathogenic
P48029	Y148E	148	0.9982	pathogenic
P48029	Y148F	148	0.8043	pathogenic
P48029	Y148G	148	0.9516	pathogenic
P48029	Y148H	148	0.9975	pathogenic
P48029	Y148I	148	0.9921	pathogenic
P48029	Y148K	148	0.999	pathogenic
P48029	Y148L	148	0.94	pathogenic
P48029	Y148M	148	0.9936	pathogenic
P48029	Y148N	148	0.9796	pathogenic
P48029	Y148P	148	0.9891	pathogenic
P48029	Y148Q	148	0.9985	pathogenic
P48029	Y148R	148	0.9944	pathogenic
P48029	Y148S	148	0.9563	pathogenic
P48029	Y148T	148	0.9887	pathogenic
P48029	Y148V	148	0.9672	pathogenic
P48029	Y148W	148	0.9808	pathogenic
P48029	I149A	149	0.9107	pathogenic
P48029	I149C	149	0.9411	pathogenic
P48029	I149D	149	0.9942	pathogenic
P48029	I149E	149	0.9933	pathogenic
P48029	I149F	149	0.957	pathogenic
P48029	I149G	149	0.9753	pathogenic
P48029	I149H	149	0.9944	pathogenic
P48029	I149K	149	0.995	pathogenic
P48029	I149L	149	0.5956	pathogenic
P48029	I149M	149	0.6698	pathogenic
P48029	I149N	149	0.8284	pathogenic
P48029	I149P	149	0.9705	pathogenic
P48029	I149Q	149	0.9883	pathogenic
P48029	I149R	149	0.9913	pathogenic
P48029	I149S	149	0.8689	pathogenic
P48029	I149T	149	0.8787	pathogenic
P48029	I149V	149	0.1686	benign
P48029	I149W	149	0.9986	pathogenic
P48029	I149Y	149	0.9943	pathogenic
P48029	M150A	150	0.7626	pathogenic
P48029	M150C	150	0.8675	pathogenic
P48029	M150D	150	0.9944	pathogenic
P48029	M150E	150	0.9696	pathogenic
P48029	M150F	150	0.9021	pathogenic
P48029	M150G	150	0.9299	pathogenic
P48029	M150H	150	0.9862	pathogenic
P48029	M150I	150	0.8242	pathogenic
P48029	M150K	150	0.966	pathogenic
P48029	M150L	150	0.1711	benign
P48029	M150N	150	0.9366	pathogenic
P48029	M150P	150	0.9695	pathogenic
P48029	M150Q	150	0.9106	pathogenic
P48029	M150R	150	0.9711	pathogenic
P48029	M150S	150	0.8373	pathogenic
P48029	M150T	150	0.4582	ambiguous
P48029	M150V	150	0.2248	benign
P48029	M150W	150	0.9922	pathogenic
P48029	M150Y	150	0.9901	pathogenic
P48029	V151A	151	0.9835	pathogenic
P48029	V151C	151	0.9959	pathogenic
P48029	V151D	151	0.9961	pathogenic
P48029	V151E	151	0.9949	pathogenic
P48029	V151F	151	0.9731	pathogenic
P48029	V151G	151	0.9632	pathogenic
P48029	V151H	151	0.9992	pathogenic
P48029	V151I	151	0.1418	benign
P48029	V151K	151	0.9974	pathogenic
P48029	V151L	151	0.8839	pathogenic
P48029	V151M	151	0.9666	pathogenic
P48029	V151N	151	0.9915	pathogenic
P48029	V151P	151	0.9422	pathogenic
P48029	V151Q	151	0.9966	pathogenic
P48029	V151R	151	0.9952	pathogenic
P48029	V151S	151	0.9875	pathogenic
P48029	V151T	151	0.9774	pathogenic
P48029	V151W	151	0.9994	pathogenic
P48029	V151Y	151	0.9967	pathogenic
P48029	L152A	152	0.9584	pathogenic
P48029	L152C	152	0.9831	pathogenic
P48029	L152D	152	0.9991	pathogenic
P48029	L152E	152	0.9929	pathogenic
P48029	L152F	152	0.9793	pathogenic
P48029	L152G	152	0.9897	pathogenic
P48029	L152H	152	0.996	pathogenic
P48029	L152I	152	0.6155	pathogenic
P48029	L152K	152	0.9949	pathogenic
P48029	L152M	152	0.6544	pathogenic
P48029	L152N	152	0.9858	pathogenic
P48029	L152P	152	0.995	pathogenic
P48029	L152Q	152	0.9828	pathogenic
P48029	L152R	152	0.993	pathogenic
P48029	L152S	152	0.9913	pathogenic
P48029	L152T	152	0.9605	pathogenic
P48029	L152V	152	0.7701	pathogenic
P48029	L152W	152	0.996	pathogenic
P48029	L152Y	152	0.9969	pathogenic
P48029	A153C	153	0.6205	pathogenic
P48029	A153D	153	0.9857	pathogenic
P48029	A153E	153	0.9863	pathogenic
P48029	A153F	153	0.9657	pathogenic
P48029	A153G	153	0.2631	benign
P48029	A153H	153	0.9874	pathogenic
P48029	A153I	153	0.8833	pathogenic
P48029	A153K	153	0.9976	pathogenic
P48029	A153L	153	0.839	pathogenic
P48029	A153M	153	0.8598	pathogenic
P48029	A153N	153	0.932	pathogenic
P48029	A153P	153	0.9857	pathogenic
P48029	A153Q	153	0.9663	pathogenic
P48029	A153R	153	0.9896	pathogenic
P48029	A153S	153	0.1174	benign
P48029	A153T	153	0.2443	benign
P48029	A153V	153	0.5372	ambiguous
P48029	A153W	153	0.9959	pathogenic
P48029	A153Y	153	0.99	pathogenic
P48029	W154A	154	0.993	pathogenic
P48029	W154C	154	0.9955	pathogenic
P48029	W154D	154	0.9997	pathogenic
P48029	W154E	154	0.9993	pathogenic
P48029	W154F	154	0.8597	pathogenic
P48029	W154G	154	0.9818	pathogenic
P48029	W154H	154	0.9971	pathogenic
P48029	W154I	154	0.9938	pathogenic
P48029	W154K	154	0.9998	pathogenic
P48029	W154L	154	0.973	pathogenic
P48029	W154M	154	0.9942	pathogenic
P48029	W154N	154	0.999	pathogenic
P48029	W154P	154	0.999	pathogenic
P48029	W154Q	154	0.9995	pathogenic
P48029	W154R	154	0.9992	pathogenic
P48029	W154S	154	0.9879	pathogenic
P48029	W154T	154	0.9938	pathogenic
P48029	W154V	154	0.9882	pathogenic
P48029	W154Y	154	0.9473	pathogenic
P48029	G155A	155	0.2973	benign
P48029	G155C	155	0.8769	pathogenic
P48029	G155D	155	0.9955	pathogenic
P48029	G155E	155	0.9973	pathogenic
P48029	G155F	155	0.9961	pathogenic
P48029	G155H	155	0.9988	pathogenic
P48029	G155I	155	0.9797	pathogenic
P48029	G155K	155	0.9996	pathogenic
P48029	G155L	155	0.9814	pathogenic
P48029	G155M	155	0.9853	pathogenic
P48029	G155N	155	0.9908	pathogenic
P48029	G155P	155	0.9987	pathogenic
P48029	G155Q	155	0.9968	pathogenic
P48029	G155R	155	0.9986	pathogenic
P48029	G155S	155	0.5598	ambiguous
P48029	G155T	155	0.825	pathogenic
P48029	G155V	155	0.9409	pathogenic
P48029	G155W	155	0.9978	pathogenic
P48029	G155Y	155	0.9975	pathogenic
P48029	F156A	156	0.3929	ambiguous
P48029	F156C	156	0.206	benign
P48029	F156D	156	0.9903	pathogenic
P48029	F156E	156	0.9897	pathogenic
P48029	F156G	156	0.5676	pathogenic
P48029	F156H	156	0.9743	pathogenic
P48029	F156I	156	0.2308	benign
P48029	F156K	156	0.9963	pathogenic
P48029	F156L	156	0.516	ambiguous
P48029	F156M	156	0.377	ambiguous
P48029	F156N	156	0.9265	pathogenic
P48029	F156P	156	0.9972	pathogenic
P48029	F156Q	156	0.9765	pathogenic
P48029	F156R	156	0.9891	pathogenic
P48029	F156S	156	0.4862	ambiguous
P48029	F156T	156	0.4242	ambiguous
P48029	F156V	156	0.174	benign
P48029	F156W	156	0.8277	pathogenic
P48029	F156Y	156	0.6305	pathogenic
P48029	Y157A	157	0.8828	pathogenic
P48029	Y157C	157	0.4229	ambiguous
P48029	Y157D	157	0.9316	pathogenic
P48029	Y157E	157	0.9811	pathogenic
P48029	Y157F	157	0.0992	benign
P48029	Y157G	157	0.8341	pathogenic
P48029	Y157H	157	0.4836	ambiguous
P48029	Y157I	157	0.9005	pathogenic
P48029	Y157K	157	0.9811	pathogenic
P48029	Y157L	157	0.5699	pathogenic
P48029	Y157M	157	0.912	pathogenic
P48029	Y157N	157	0.7814	pathogenic
P48029	Y157P	157	0.9916	pathogenic
P48029	Y157Q	157	0.9271	pathogenic
P48029	Y157R	157	0.8744	pathogenic
P48029	Y157S	157	0.6661	pathogenic
P48029	Y157T	157	0.8979	pathogenic
P48029	Y157V	157	0.8087	pathogenic
P48029	Y157W	157	0.457	ambiguous
P48029	Y158A	158	0.9937	pathogenic
P48029	Y158C	158	0.9545	pathogenic
P48029	Y158D	158	0.9952	pathogenic
P48029	Y158E	158	0.9992	pathogenic
P48029	Y158F	158	0.2106	benign
P48029	Y158G	158	0.9852	pathogenic
P48029	Y158H	158	0.9874	pathogenic
P48029	Y158I	158	0.9886	pathogenic
P48029	Y158K	158	0.9994	pathogenic
P48029	Y158L	158	0.9213	pathogenic
P48029	Y158M	158	0.9851	pathogenic
P48029	Y158N	158	0.9845	pathogenic
P48029	Y158P	158	0.9974	pathogenic
P48029	Y158Q	158	0.9983	pathogenic
P48029	Y158R	158	0.9975	pathogenic
P48029	Y158S	158	0.9756	pathogenic
P48029	Y158T	158	0.993	pathogenic
P48029	Y158V	158	0.967	pathogenic
P48029	Y158W	158	0.9344	pathogenic
P48029	L159A	159	0.6672	pathogenic
P48029	L159C	159	0.7387	pathogenic
P48029	L159D	159	0.999	pathogenic
P48029	L159E	159	0.9949	pathogenic
P48029	L159F	159	0.1525	benign
P48029	L159G	159	0.8839	pathogenic
P48029	L159H	159	0.979	pathogenic
P48029	L159I	159	0.5474	ambiguous
P48029	L159K	159	0.9959	pathogenic
P48029	L159M	159	0.2094	benign
P48029	L159N	159	0.9905	pathogenic
P48029	L159P	159	0.9963	pathogenic
P48029	L159Q	159	0.9587	pathogenic
P48029	L159R	159	0.9861	pathogenic
P48029	L159S	159	0.9314	pathogenic
P48029	L159T	159	0.7753	pathogenic
P48029	L159V	159	0.3911	ambiguous
P48029	L159W	159	0.8149	pathogenic
P48029	L159Y	159	0.9078	pathogenic
P48029	V160A	160	0.1939	benign
P48029	V160C	160	0.5112	ambiguous
P48029	V160D	160	0.9494	pathogenic
P48029	V160E	160	0.897	pathogenic
P48029	V160F	160	0.1047	benign
P48029	V160G	160	0.1791	benign
P48029	V160H	160	0.8831	pathogenic
P48029	V160I	160	0.0801	benign
P48029	V160K	160	0.9262	pathogenic
P48029	V160L	160	0.1188	benign
P48029	V160M	160	0.171	benign
P48029	V160N	160	0.7918	pathogenic
P48029	V160P	160	0.9439	pathogenic
P48029	V160Q	160	0.8076	pathogenic
P48029	V160R	160	0.8534	pathogenic
P48029	V160S	160	0.3382	benign
P48029	V160T	160	0.334	benign
P48029	V160W	160	0.6849	pathogenic
P48029	V160Y	160	0.5338	ambiguous
P48029	K161A	161	0.4966	ambiguous
P48029	K161C	161	0.5547	ambiguous
P48029	K161D	161	0.8562	pathogenic
P48029	K161E	161	0.3394	benign
P48029	K161F	161	0.7918	pathogenic
P48029	K161G	161	0.6512	pathogenic
P48029	K161H	161	0.1607	benign
P48029	K161I	161	0.7592	pathogenic
P48029	K161L	161	0.4659	ambiguous
P48029	K161M	161	0.3643	ambiguous
P48029	K161N	161	0.5879	pathogenic
P48029	K161P	161	0.9555	pathogenic
P48029	K161Q	161	0.1094	benign
P48029	K161R	161	0.0842	benign
P48029	K161S	161	0.5048	ambiguous
P48029	K161T	161	0.3972	ambiguous
P48029	K161V	161	0.6036	pathogenic
P48029	K161W	161	0.6948	pathogenic
P48029	K161Y	161	0.5525	ambiguous
P48029	S162A	162	0.26	benign
P48029	S162C	162	0.2773	benign
P48029	S162D	162	0.9948	pathogenic
P48029	S162E	162	0.9968	pathogenic
P48029	S162F	162	0.9947	pathogenic
P48029	S162G	162	0.4438	ambiguous
P48029	S162H	162	0.9925	pathogenic
P48029	S162I	162	0.9626	pathogenic
P48029	S162K	162	0.9997	pathogenic
P48029	S162L	162	0.9383	pathogenic
P48029	S162M	162	0.9563	pathogenic
P48029	S162N	162	0.9654	pathogenic
P48029	S162P	162	0.9909	pathogenic
P48029	S162Q	162	0.9938	pathogenic
P48029	S162R	162	0.9987	pathogenic
P48029	S162T	162	0.5678	pathogenic
P48029	S162V	162	0.9058	pathogenic
P48029	S162W	162	0.9963	pathogenic
P48029	S162Y	162	0.991	pathogenic
P48029	F163A	163	0.7845	pathogenic
P48029	F163C	163	0.5296	ambiguous
P48029	F163D	163	0.9982	pathogenic
P48029	F163E	163	0.998	pathogenic
P48029	F163G	163	0.8833	pathogenic
P48029	F163H	163	0.9868	pathogenic
P48029	F163I	163	0.7107	pathogenic
P48029	F163K	163	0.9986	pathogenic
P48029	F163L	163	0.8117	pathogenic
P48029	F163M	163	0.6497	pathogenic
P48029	F163N	163	0.9868	pathogenic
P48029	F163P	163	0.9965	pathogenic
P48029	F163Q	163	0.9905	pathogenic
P48029	F163R	163	0.9936	pathogenic
P48029	F163S	163	0.8897	pathogenic
P48029	F163T	163	0.9004	pathogenic
P48029	F163V	163	0.5109	ambiguous
P48029	F163W	163	0.8342	pathogenic
P48029	F163Y	163	0.7951	pathogenic
P48029	T164A	164	0.1096	benign
P48029	T164C	164	0.5488	ambiguous
P48029	T164D	164	0.3288	benign
P48029	T164E	164	0.3978	ambiguous
P48029	T164F	164	0.4723	ambiguous
P48029	T164G	164	0.1238	benign
P48029	T164H	164	0.2327	benign
P48029	T164I	164	0.5191	ambiguous
P48029	T164K	164	0.382	ambiguous
P48029	T164L	164	0.2521	benign
P48029	T164M	164	0.245	benign
P48029	T164N	164	0.1176	benign
P48029	T164P	164	0.5496	ambiguous
P48029	T164Q	164	0.2042	benign
P48029	T164R	164	0.2282	benign
P48029	T164S	164	0.0653	benign
P48029	T164V	164	0.3131	benign
P48029	T164W	164	0.6933	pathogenic
P48029	T164Y	164	0.4801	ambiguous
P48029	T165A	165	0.0519	benign
P48029	T165C	165	0.483	ambiguous
P48029	T165D	165	0.1078	benign
P48029	T165E	165	0.1438	benign
P48029	T165F	165	0.1821	benign
P48029	T165G	165	0.0775	benign
P48029	T165H	165	0.125	benign
P48029	T165I	165	0.1908	benign
P48029	T165K	165	0.1583	benign
P48029	T165L	165	0.0939	benign
P48029	T165M	165	0.1137	benign
P48029	T165N	165	0.0812	benign
P48029	T165P	165	0.0768	benign
P48029	T165Q	165	0.1222	benign
P48029	T165R	165	0.123	benign
P48029	T165S	165	0.0547	benign
P48029	T165V	165	0.1183	benign
P48029	T165W	165	0.3215	benign
P48029	T165Y	165	0.1914	benign
P48029	T166A	166	0.0733	benign
P48029	T166C	166	0.6029	pathogenic
P48029	T166D	166	0.1676	benign
P48029	T166E	166	0.13	benign
P48029	T166F	166	0.2682	benign
P48029	T166G	166	0.228	benign
P48029	T166H	166	0.1751	benign
P48029	T166I	166	0.1299	benign
P48029	T166K	166	0.1801	benign
P48029	T166L	166	0.1103	benign
P48029	T166M	166	0.119	benign
P48029	T166N	166	0.1121	benign
P48029	T166P	166	0.1318	benign
P48029	T166Q	166	0.1339	benign
P48029	T166R	166	0.1438	benign
P48029	T166S	166	0.0861	benign
P48029	T166V	166	0.092	benign
P48029	T166W	166	0.5871	pathogenic
P48029	T166Y	166	0.3027	benign
P48029	L167A	167	0.9644	pathogenic
P48029	L167C	167	0.9932	pathogenic
P48029	L167D	167	0.9995	pathogenic
P48029	L167E	167	0.9942	pathogenic
P48029	L167F	167	0.9881	pathogenic
P48029	L167G	167	0.9944	pathogenic
P48029	L167H	167	0.9966	pathogenic
P48029	L167I	167	0.6203	pathogenic
P48029	L167K	167	0.9942	pathogenic
P48029	L167M	167	0.8367	pathogenic
P48029	L167N	167	0.995	pathogenic
P48029	L167P	167	0.964	pathogenic
P48029	L167Q	167	0.9858	pathogenic
P48029	L167R	167	0.9851	pathogenic
P48029	L167S	167	0.9938	pathogenic
P48029	L167T	167	0.963	pathogenic
P48029	L167V	167	0.4848	ambiguous
P48029	L167W	167	0.998	pathogenic
P48029	L167Y	167	0.9976	pathogenic
P48029	P168A	168	0.7896	pathogenic
P48029	P168C	168	0.9966	pathogenic
P48029	P168D	168	0.9879	pathogenic
P48029	P168E	168	0.9668	pathogenic
P48029	P168F	168	0.9972	pathogenic
P48029	P168G	168	0.9689	pathogenic
P48029	P168H	168	0.974	pathogenic
P48029	P168I	168	0.9909	pathogenic
P48029	P168K	168	0.9904	pathogenic
P48029	P168L	168	0.9063	pathogenic
P48029	P168M	168	0.9925	pathogenic
P48029	P168N	168	0.9923	pathogenic
P48029	P168Q	168	0.9542	pathogenic
P48029	P168R	168	0.9567	pathogenic
P48029	P168S	168	0.928	pathogenic
P48029	P168T	168	0.9495	pathogenic
P48029	P168V	168	0.9674	pathogenic
P48029	P168W	168	0.9968	pathogenic
P48029	P168Y	168	0.9952	pathogenic
P48029	W169A	169	0.9975	pathogenic
P48029	W169C	169	0.9997	pathogenic
P48029	W169D	169	0.9996	pathogenic
P48029	W169E	169	0.9995	pathogenic
P48029	W169F	169	0.8829	pathogenic
P48029	W169G	169	0.9908	pathogenic
P48029	W169H	169	0.9985	pathogenic
P48029	W169I	169	0.9987	pathogenic
P48029	W169K	169	0.9999	pathogenic
P48029	W169L	169	0.9937	pathogenic
P48029	W169M	169	0.9988	pathogenic
P48029	W169N	169	0.9998	pathogenic
P48029	W169P	169	0.9985	pathogenic
P48029	W169Q	169	0.9998	pathogenic
P48029	W169R	169	0.9996	pathogenic
P48029	W169S	169	0.9969	pathogenic
P48029	W169T	169	0.9987	pathogenic
P48029	W169V	169	0.9977	pathogenic
P48029	W169Y	169	0.9809	pathogenic
P48029	A170C	170	0.9074	pathogenic
P48029	A170D	170	0.6244	pathogenic
P48029	A170E	170	0.479	ambiguous
P48029	A170F	170	0.8032	pathogenic
P48029	A170G	170	0.202	benign
P48029	A170H	170	0.78	pathogenic
P48029	A170I	170	0.7746	pathogenic
P48029	A170K	170	0.8222	pathogenic
P48029	A170L	170	0.5808	pathogenic
P48029	A170M	170	0.595	pathogenic
P48029	A170N	170	0.5454	ambiguous
P48029	A170P	170	0.9805	pathogenic
P48029	A170Q	170	0.5028	ambiguous
P48029	A170R	170	0.7323	pathogenic
P48029	A170S	170	0.0903	benign
P48029	A170T	170	0.2413	benign
P48029	A170V	170	0.4803	ambiguous
P48029	A170W	170	0.9591	pathogenic
P48029	A170Y	170	0.8422	pathogenic
P48029	T171A	171	0.0937	benign
P48029	T171C	171	0.6486	pathogenic
P48029	T171D	171	0.202	benign
P48029	T171E	171	0.2753	benign
P48029	T171F	171	0.3355	benign
P48029	T171G	171	0.1234	benign
P48029	T171H	171	0.1629	benign
P48029	T171I	171	0.4267	ambiguous
P48029	T171K	171	0.2626	benign
P48029	T171L	171	0.1876	benign
P48029	T171M	171	0.1953	benign
P48029	T171N	171	0.105	benign
P48029	T171P	171	0.5858	pathogenic
P48029	T171Q	171	0.208	benign
P48029	T171R	171	0.1981	benign
P48029	T171S	171	0.0598	benign
P48029	T171V	171	0.2655	benign
P48029	T171W	171	0.665	pathogenic
P48029	T171Y	171	0.3534	ambiguous
P48029	C172A	172	0.9945	pathogenic
P48029	C172D	172	0.9986	pathogenic
P48029	C172E	172	0.9995	pathogenic
P48029	C172F	172	0.9965	pathogenic
P48029	C172G	172	0.9806	pathogenic
P48029	C172H	172	0.999	pathogenic
P48029	C172I	172	0.9985	pathogenic
P48029	C172K	172	0.9998	pathogenic
P48029	C172L	172	0.9954	pathogenic
P48029	C172M	172	0.9986	pathogenic
P48029	C172N	172	0.999	pathogenic
P48029	C172P	172	0.9974	pathogenic
P48029	C172Q	172	0.9995	pathogenic
P48029	C172R	172	0.9956	pathogenic
P48029	C172S	172	0.9967	pathogenic
P48029	C172T	172	0.9978	pathogenic
P48029	C172V	172	0.9959	pathogenic
P48029	C172W	172	0.9971	pathogenic
P48029	C172Y	172	0.9979	pathogenic
P48029	G173A	173	0.1676	benign
P48029	G173C	173	0.5831	pathogenic
P48029	G173D	173	0.1204	benign
P48029	G173E	173	0.1681	benign
P48029	G173F	173	0.6128	pathogenic
P48029	G173H	173	0.248	benign
P48029	G173I	173	0.5265	ambiguous
P48029	G173K	173	0.3742	ambiguous
P48029	G173L	173	0.4474	ambiguous
P48029	G173M	173	0.5865	pathogenic
P48029	G173N	173	0.1766	benign
P48029	G173P	173	0.7843	pathogenic
P48029	G173Q	173	0.2132	benign
P48029	G173R	173	0.2305	benign
P48029	G173S	173	0.0886	benign
P48029	G173T	173	0.1795	benign
P48029	G173V	173	0.3904	ambiguous
P48029	G173W	173	0.515	ambiguous
P48029	G173Y	173	0.4657	ambiguous
P48029	H174A	174	0.6145	pathogenic
P48029	H174C	174	0.675	pathogenic
P48029	H174D	174	0.4252	ambiguous
P48029	H174E	174	0.442	ambiguous
P48029	H174F	174	0.6166	pathogenic
P48029	H174G	174	0.5181	ambiguous
P48029	H174I	174	0.8403	pathogenic
P48029	H174K	174	0.587	pathogenic
P48029	H174L	174	0.4421	ambiguous
P48029	H174M	174	0.7724	pathogenic
P48029	H174N	174	0.0613	benign
P48029	H174P	174	0.7881	pathogenic
P48029	H174Q	174	0.3144	benign
P48029	H174R	174	0.3062	benign
P48029	H174S	174	0.3133	benign
P48029	H174T	174	0.6471	pathogenic
P48029	H174V	174	0.7625	pathogenic
P48029	H174W	174	0.7366	pathogenic
P48029	H174Y	174	0.2753	benign
P48029	T175A	175	0.0508	benign
P48029	T175C	175	0.4321	ambiguous
P48029	T175D	175	0.0885	benign
P48029	T175E	175	0.0825	benign
P48029	T175F	175	0.1324	benign
P48029	T175G	175	0.0904	benign
P48029	T175H	175	0.095	benign
P48029	T175I	175	0.1109	benign
P48029	T175K	175	0.117	benign
P48029	T175L	175	0.0701	benign
P48029	T175M	175	0.1013	benign
P48029	T175N	175	0.085	benign
P48029	T175P	175	0.0436	benign
P48029	T175Q	175	0.0853	benign
P48029	T175R	175	0.0884	benign
P48029	T175S	175	0.0558	benign
P48029	T175V	175	0.0866	benign
P48029	T175W	175	0.2419	benign
P48029	T175Y	175	0.1459	benign
P48029	W176A	176	0.9939	pathogenic
P48029	W176C	176	0.9992	pathogenic
P48029	W176D	176	0.9975	pathogenic
P48029	W176E	176	0.998	pathogenic
P48029	W176F	176	0.814	pathogenic
P48029	W176G	176	0.9727	pathogenic
P48029	W176H	176	0.994	pathogenic
P48029	W176I	176	0.9974	pathogenic
P48029	W176K	176	0.9997	pathogenic
P48029	W176L	176	0.9943	pathogenic
P48029	W176M	176	0.998	pathogenic
P48029	W176N	176	0.9985	pathogenic
P48029	W176P	176	0.9963	pathogenic
P48029	W176Q	176	0.999	pathogenic
P48029	W176R	176	0.9988	pathogenic
P48029	W176S	176	0.9866	pathogenic
P48029	W176T	176	0.9959	pathogenic
P48029	W176V	176	0.9959	pathogenic
P48029	W176Y	176	0.9417	pathogenic
P48029	N177A	177	0.969	pathogenic
P48029	N177C	177	0.9748	pathogenic
P48029	N177D	177	0.9593	pathogenic
P48029	N177E	177	0.9895	pathogenic
P48029	N177F	177	0.9982	pathogenic
P48029	N177G	177	0.9565	pathogenic
P48029	N177H	177	0.9625	pathogenic
P48029	N177I	177	0.985	pathogenic
P48029	N177K	177	0.9958	pathogenic
P48029	N177L	177	0.9649	pathogenic
P48029	N177M	177	0.9826	pathogenic
P48029	N177P	177	0.9904	pathogenic
P48029	N177Q	177	0.9898	pathogenic
P48029	N177R	177	0.9904	pathogenic
P48029	N177S	177	0.8011	pathogenic
P48029	N177T	177	0.9543	pathogenic
P48029	N177V	177	0.9727	pathogenic
P48029	N177W	177	0.999	pathogenic
P48029	N177Y	177	0.9794	pathogenic
P48029	T178A	178	0.2701	benign
P48029	T178C	178	0.8763	pathogenic
P48029	T178D	178	0.5372	ambiguous
P48029	T178E	178	0.6436	pathogenic
P48029	T178F	178	0.7823	pathogenic
P48029	T178G	178	0.2298	benign
P48029	T178H	178	0.4398	ambiguous
P48029	T178I	178	0.7866	pathogenic
P48029	T178K	178	0.4942	ambiguous
P48029	T178L	178	0.4334	ambiguous
P48029	T178M	178	0.368	ambiguous
P48029	T178N	178	0.2717	benign
P48029	T178P	178	0.6084	pathogenic
P48029	T178Q	178	0.4655	ambiguous
P48029	T178R	178	0.4473	ambiguous
P48029	T178S	178	0.08	benign
P48029	T178V	178	0.6726	pathogenic
P48029	T178W	178	0.8685	pathogenic
P48029	T178Y	178	0.662	pathogenic
P48029	P179A	179	0.0627	benign
P48029	P179C	179	0.6292	pathogenic
P48029	P179D	179	0.1409	benign
P48029	P179E	179	0.108	benign
P48029	P179F	179	0.4136	ambiguous
P48029	P179G	179	0.1732	benign
P48029	P179H	179	0.144	benign
P48029	P179I	179	0.2629	benign
P48029	P179K	179	0.1473	benign
P48029	P179L	179	0.1172	benign
P48029	P179M	179	0.2505	benign
P48029	P179N	179	0.1915	benign
P48029	P179Q	179	0.1025	benign
P48029	P179R	179	0.0925	benign
P48029	P179S	179	0.0902	benign
P48029	P179T	179	0.0869	benign
P48029	P179V	179	0.1578	benign
P48029	P179W	179	0.4471	ambiguous
P48029	P179Y	179	0.3684	ambiguous
P48029	D180A	180	0.0903	benign
P48029	D180C	180	0.6522	pathogenic
P48029	D180E	180	0.1006	benign
P48029	D180F	180	0.3652	ambiguous
P48029	D180G	180	0.0986	benign
P48029	D180H	180	0.1349	benign
P48029	D180I	180	0.3212	benign
P48029	D180K	180	0.2289	benign
P48029	D180L	180	0.2303	benign
P48029	D180M	180	0.4361	ambiguous
P48029	D180N	180	0.0746	benign
P48029	D180P	180	0.6486	pathogenic
P48029	D180Q	180	0.14	benign
P48029	D180R	180	0.1847	benign
P48029	D180S	180	0.0722	benign
P48029	D180T	180	0.1459	benign
P48029	D180V	180	0.1876	benign
P48029	D180W	180	0.7082	pathogenic
P48029	D180Y	180	0.16	benign
P48029	C181A	181	0.9945	pathogenic
P48029	C181D	181	0.9988	pathogenic
P48029	C181E	181	0.9996	pathogenic
P48029	C181F	181	0.9963	pathogenic
P48029	C181G	181	0.9798	pathogenic
P48029	C181H	181	0.9991	pathogenic
P48029	C181I	181	0.9972	pathogenic
P48029	C181K	181	0.9998	pathogenic
P48029	C181L	181	0.9935	pathogenic
P48029	C181M	181	0.998	pathogenic
P48029	C181N	181	0.9989	pathogenic
P48029	C181P	181	0.9988	pathogenic
P48029	C181Q	181	0.9996	pathogenic
P48029	C181R	181	0.997	pathogenic
P48029	C181S	181	0.9971	pathogenic
P48029	C181T	181	0.997	pathogenic
P48029	C181V	181	0.9936	pathogenic
P48029	C181W	181	0.9985	pathogenic
P48029	C181Y	181	0.998	pathogenic
P48029	V182A	182	0.1829	benign
P48029	V182C	182	0.9053	pathogenic
P48029	V182D	182	0.5429	ambiguous
P48029	V182E	182	0.3024	benign
P48029	V182F	182	0.1945	benign
P48029	V182G	182	0.2759	benign
P48029	V182H	182	0.6	pathogenic
P48029	V182I	182	0.0863	benign
P48029	V182K	182	0.3542	ambiguous
P48029	V182L	182	0.1779	benign
P48029	V182M	182	0.1356	benign
P48029	V182N	182	0.4656	ambiguous
P48029	V182P	182	0.8398	pathogenic
P48029	V182Q	182	0.2879	benign
P48029	V182R	182	0.2649	benign
P48029	V182S	182	0.2546	benign
P48029	V182T	182	0.1509	benign
P48029	V182W	182	0.7639	pathogenic
P48029	V182Y	182	0.6039	pathogenic
P48029	E183A	183	0.2617	benign
P48029	E183C	183	0.9702	pathogenic
P48029	E183D	183	0.2226	benign
P48029	E183F	183	0.9168	pathogenic
P48029	E183G	183	0.3485	ambiguous
P48029	E183H	183	0.7006	pathogenic
P48029	E183I	183	0.6879	pathogenic
P48029	E183K	183	0.442	ambiguous
P48029	E183L	183	0.6396	pathogenic
P48029	E183M	183	0.7195	pathogenic
P48029	E183N	183	0.4478	ambiguous
P48029	E183P	183	0.6234	pathogenic
P48029	E183Q	183	0.2194	benign
P48029	E183R	183	0.5067	ambiguous
P48029	E183S	183	0.3126	benign
P48029	E183T	183	0.3631	ambiguous
P48029	E183V	183	0.402	ambiguous
P48029	E183W	183	0.9736	pathogenic
P48029	E183Y	183	0.8676	pathogenic
P48029	I184A	184	0.3712	ambiguous
P48029	I184C	184	0.8715	pathogenic
P48029	I184D	184	0.3695	ambiguous
P48029	I184E	184	0.4575	ambiguous
P48029	I184F	184	0.1437	benign
P48029	I184G	184	0.5225	ambiguous
P48029	I184H	184	0.4073	ambiguous
P48029	I184K	184	0.4973	ambiguous
P48029	I184L	184	0.1279	benign
P48029	I184M	184	0.1605	benign
P48029	I184N	184	0.1746	benign
P48029	I184P	184	0.6576	pathogenic
P48029	I184Q	184	0.4386	ambiguous
P48029	I184R	184	0.3388	benign
P48029	I184S	184	0.245	benign
P48029	I184T	184	0.3281	benign
P48029	I184V	184	0.1092	benign
P48029	I184W	184	0.6641	pathogenic
P48029	I184Y	184	0.3944	ambiguous
P48029	F185A	185	0.9486	pathogenic
P48029	F185C	185	0.9759	pathogenic
P48029	F185D	185	0.9663	pathogenic
P48029	F185E	185	0.9683	pathogenic
P48029	F185G	185	0.9613	pathogenic
P48029	F185H	185	0.9089	pathogenic
P48029	F185I	185	0.8028	pathogenic
P48029	F185K	185	0.9817	pathogenic
P48029	F185L	185	0.9595	pathogenic
P48029	F185M	185	0.9153	pathogenic
P48029	F185N	185	0.9508	pathogenic
P48029	F185P	185	0.9839	pathogenic
P48029	F185Q	185	0.9473	pathogenic
P48029	F185R	185	0.9422	pathogenic
P48029	F185S	185	0.8963	pathogenic
P48029	F185T	185	0.9299	pathogenic
P48029	F185V	185	0.814	pathogenic
P48029	F185W	185	0.7759	pathogenic
P48029	F185Y	185	0.5041	ambiguous
P48029	R186A	186	0.3303	benign
P48029	R186C	186	0.3503	ambiguous
P48029	R186D	186	0.4738	ambiguous
P48029	R186E	186	0.2793	benign
P48029	R186F	186	0.5044	ambiguous
P48029	R186G	186	0.206	benign
P48029	R186H	186	0.0779	benign
P48029	R186I	186	0.3582	ambiguous
P48029	R186K	186	0.1644	benign
P48029	R186L	186	0.1967	benign
P48029	R186M	186	0.4408	ambiguous
P48029	R186N	186	0.4544	ambiguous
P48029	R186P	186	0.4291	ambiguous
P48029	R186Q	186	0.0887	benign
P48029	R186S	186	0.2899	benign
P48029	R186T	186	0.2311	benign
P48029	R186V	186	0.3516	ambiguous
P48029	R186W	186	0.1913	benign
P48029	R186Y	186	0.3536	ambiguous
P48029	H187A	187	0.1896	benign
P48029	H187C	187	0.5476	ambiguous
P48029	H187D	187	0.2029	benign
P48029	H187E	187	0.1781	benign
P48029	H187F	187	0.2932	benign
P48029	H187G	187	0.1962	benign
P48029	H187I	187	0.3423	ambiguous
P48029	H187K	187	0.1682	benign
P48029	H187L	187	0.111	benign
P48029	H187M	187	0.4001	ambiguous
P48029	H187N	187	0.1275	benign
P48029	H187P	187	0.0807	benign
P48029	H187Q	187	0.11	benign
P48029	H187R	187	0.0734	benign
P48029	H187S	187	0.163	benign
P48029	H187T	187	0.2085	benign
P48029	H187V	187	0.245	benign
P48029	H187W	187	0.2942	benign
P48029	H187Y	187	0.1259	benign
P48029	E188A	188	0.1	benign
P48029	E188C	188	0.8245	pathogenic
P48029	E188D	188	0.0826	benign
P48029	E188F	188	0.6138	pathogenic
P48029	E188G	188	0.0841	benign
P48029	E188H	188	0.2031	benign
P48029	E188I	188	0.3577	ambiguous
P48029	E188K	188	0.096	benign
P48029	E188L	188	0.2885	benign
P48029	E188M	188	0.4025	ambiguous
P48029	E188N	188	0.1677	benign
P48029	E188P	188	0.2055	benign
P48029	E188Q	188	0.08	benign
P48029	E188R	188	0.1208	benign
P48029	E188S	188	0.1091	benign
P48029	E188T	188	0.1381	benign
P48029	E188V	188	0.2047	benign
P48029	E188W	188	0.6792	pathogenic
P48029	E188Y	188	0.4536	ambiguous
P48029	D189A	189	0.1187	benign
P48029	D189C	189	0.8215	pathogenic
P48029	D189E	189	0.1302	benign
P48029	D189F	189	0.4207	ambiguous
P48029	D189G	189	0.1149	benign
P48029	D189H	189	0.2218	benign
P48029	D189I	189	0.3017	benign
P48029	D189K	189	0.329	benign
P48029	D189L	189	0.2814	benign
P48029	D189M	189	0.497	ambiguous
P48029	D189N	189	0.102	benign
P48029	D189P	189	0.4649	ambiguous
P48029	D189Q	189	0.2155	benign
P48029	D189R	189	0.3019	benign
P48029	D189S	189	0.108	benign
P48029	D189T	189	0.1766	benign
P48029	D189V	189	0.1734	benign
P48029	D189W	189	0.7726	pathogenic
P48029	D189Y	189	0.2132	benign
P48029	C190A	190	0.9459	pathogenic
P48029	C190D	190	0.9788	pathogenic
P48029	C190E	190	0.9885	pathogenic
P48029	C190F	190	0.9311	pathogenic
P48029	C190G	190	0.8415	pathogenic
P48029	C190H	190	0.9841	pathogenic
P48029	C190I	190	0.9672	pathogenic
P48029	C190K	190	0.994	pathogenic
P48029	C190L	190	0.9387	pathogenic
P48029	C190M	190	0.9728	pathogenic
P48029	C190N	190	0.9806	pathogenic
P48029	C190P	190	0.9791	pathogenic
P48029	C190Q	190	0.9869	pathogenic
P48029	C190R	190	0.9655	pathogenic
P48029	C190S	190	0.9599	pathogenic
P48029	C190T	190	0.9647	pathogenic
P48029	C190V	190	0.9458	pathogenic
P48029	C190W	190	0.9807	pathogenic
P48029	C190Y	190	0.9697	pathogenic
P48029	A191C	191	0.5431	ambiguous
P48029	A191D	191	0.1144	benign
P48029	A191E	191	0.1075	benign
P48029	A191F	191	0.1595	benign
P48029	A191G	191	0.0833	benign
P48029	A191H	191	0.1649	benign
P48029	A191I	191	0.1416	benign
P48029	A191K	191	0.1514	benign
P48029	A191L	191	0.0981	benign
P48029	A191M	191	0.1655	benign
P48029	A191N	191	0.1302	benign
P48029	A191P	191	0.1206	benign
P48029	A191Q	191	0.1205	benign
P48029	A191R	191	0.1153	benign
P48029	A191S	191	0.0691	benign
P48029	A191T	191	0.0674	benign
P48029	A191V	191	0.0865	benign
P48029	A191W	191	0.3548	ambiguous
P48029	A191Y	191	0.2294	benign
P48029	N192A	192	0.28	benign
P48029	N192C	192	0.7997	pathogenic
P48029	N192D	192	0.1953	benign
P48029	N192E	192	0.4145	ambiguous
P48029	N192F	192	0.7748	pathogenic
P48029	N192G	192	0.2568	benign
P48029	N192H	192	0.2198	benign
P48029	N192I	192	0.6334	pathogenic
P48029	N192K	192	0.4835	ambiguous
P48029	N192L	192	0.4063	ambiguous
P48029	N192M	192	0.6907	pathogenic
P48029	N192P	192	0.4926	ambiguous
P48029	N192Q	192	0.4615	ambiguous
P48029	N192R	192	0.3598	ambiguous
P48029	N192S	192	0.1118	benign
P48029	N192T	192	0.2896	benign
P48029	N192V	192	0.4344	ambiguous
P48029	N192W	192	0.8189	pathogenic
P48029	N192Y	192	0.4043	ambiguous
P48029	A193C	193	0.5654	pathogenic
P48029	A193D	193	0.1478	benign
P48029	A193E	193	0.1654	benign
P48029	A193F	193	0.1765	benign
P48029	A193G	193	0.0706	benign
P48029	A193H	193	0.2403	benign
P48029	A193I	193	0.1864	benign
P48029	A193K	193	0.2779	benign
P48029	A193L	193	0.1312	benign
P48029	A193M	193	0.1994	benign
P48029	A193N	193	0.1613	benign
P48029	A193P	193	0.242	benign
P48029	A193Q	193	0.1922	benign
P48029	A193R	193	0.1939	benign
P48029	A193S	193	0.0705	benign
P48029	A193T	193	0.0767	benign
P48029	A193V	193	0.1052	benign
P48029	A193W	193	0.411	ambiguous
P48029	A193Y	193	0.2461	benign
P48029	S194A	194	0.1815	benign
P48029	S194C	194	0.6405	pathogenic
P48029	S194D	194	0.4178	ambiguous
P48029	S194E	194	0.6297	pathogenic
P48029	S194F	194	0.5035	ambiguous
P48029	S194G	194	0.1175	benign
P48029	S194H	194	0.5318	ambiguous
P48029	S194I	194	0.6297	pathogenic
P48029	S194K	194	0.7874	pathogenic
P48029	S194L	194	0.3705	ambiguous
P48029	S194M	194	0.462	ambiguous
P48029	S194N	194	0.3442	ambiguous
P48029	S194P	194	0.3049	benign
P48029	S194Q	194	0.6516	pathogenic
P48029	S194R	194	0.7169	pathogenic
P48029	S194T	194	0.0721	benign
P48029	S194V	194	0.4732	ambiguous
P48029	S194W	194	0.5861	pathogenic
P48029	S194Y	194	0.5127	ambiguous
P48029	L195A	195	0.0873	benign
P48029	L195C	195	0.5792	pathogenic
P48029	L195D	195	0.2494	benign
P48029	L195E	195	0.149	benign
P48029	L195F	195	0.0681	benign
P48029	L195G	195	0.158	benign
P48029	L195H	195	0.1389	benign
P48029	L195I	195	0.0925	benign
P48029	L195K	195	0.1598	benign
P48029	L195M	195	0.0958	benign
P48029	L195N	195	0.2001	benign
P48029	L195P	195	0.1118	benign
P48029	L195Q	195	0.0977	benign
P48029	L195R	195	0.0971	benign
P48029	L195S	195	0.1075	benign
P48029	L195T	195	0.1062	benign
P48029	L195V	195	0.0706	benign
P48029	L195W	195	0.1102	benign
P48029	L195Y	195	0.1751	benign
P48029	A196C	196	0.5101	ambiguous
P48029	A196D	196	0.1125	benign
P48029	A196E	196	0.1185	benign
P48029	A196F	196	0.1608	benign
P48029	A196G	196	0.0656	benign
P48029	A196H	196	0.2042	benign
P48029	A196I	196	0.1823	benign
P48029	A196K	196	0.2217	benign
P48029	A196L	196	0.1055	benign
P48029	A196M	196	0.1832	benign
P48029	A196N	196	0.1379	benign
P48029	A196P	196	0.1084	benign
P48029	A196Q	196	0.1462	benign
P48029	A196R	196	0.1607	benign
P48029	A196S	196	0.0692	benign
P48029	A196T	196	0.0783	benign
P48029	A196V	196	0.1048	benign
P48029	A196W	196	0.3211	benign
P48029	A196Y	196	0.2275	benign
P48029	N197A	197	0.3116	benign
P48029	N197C	197	0.7798	pathogenic
P48029	N197D	197	0.1988	benign
P48029	N197E	197	0.4494	ambiguous
P48029	N197F	197	0.7448	pathogenic
P48029	N197G	197	0.2675	benign
P48029	N197H	197	0.2311	benign
P48029	N197I	197	0.6197	pathogenic
P48029	N197K	197	0.5627	ambiguous
P48029	N197L	197	0.4047	ambiguous
P48029	N197M	197	0.6918	pathogenic
P48029	N197P	197	0.4555	ambiguous
P48029	N197Q	197	0.5038	ambiguous
P48029	N197R	197	0.4336	ambiguous
P48029	N197S	197	0.1129	benign
P48029	N197T	197	0.3132	benign
P48029	N197V	197	0.4595	ambiguous
P48029	N197W	197	0.8094	pathogenic
P48029	N197Y	197	0.3945	ambiguous
P48029	L198A	198	0.1383	benign
P48029	L198C	198	0.6273	pathogenic
P48029	L198D	198	0.4084	ambiguous
P48029	L198E	198	0.2026	benign
P48029	L198F	198	0.0903	benign
P48029	L198G	198	0.2486	benign
P48029	L198H	198	0.172	benign
P48029	L198I	198	0.1094	benign
P48029	L198K	198	0.1801	benign
P48029	L198M	198	0.0944	benign
P48029	L198N	198	0.2862	benign
P48029	L198P	198	0.435	ambiguous
P48029	L198Q	198	0.1035	benign
P48029	L198R	198	0.1048	benign
P48029	L198S	198	0.1826	benign
P48029	L198T	198	0.1645	benign
P48029	L198V	198	0.0831	benign
P48029	L198W	198	0.1621	benign
P48029	L198Y	198	0.2247	benign
P48029	T199A	199	0.3041	benign
P48029	T199C	199	0.9127	pathogenic
P48029	T199D	199	0.3731	ambiguous
P48029	T199E	199	0.6096	pathogenic
P48029	T199F	199	0.7852	pathogenic
P48029	T199G	199	0.3148	benign
P48029	T199H	199	0.4438	ambiguous
P48029	T199I	199	0.8773	pathogenic
P48029	T199K	199	0.5828	pathogenic
P48029	T199L	199	0.5079	ambiguous
P48029	T199M	199	0.522	ambiguous
P48029	T199N	199	0.2493	benign
P48029	T199P	199	0.2261	benign
P48029	T199Q	199	0.4796	ambiguous
P48029	T199R	199	0.4714	ambiguous
P48029	T199S	199	0.0916	benign
P48029	T199V	199	0.7557	pathogenic
P48029	T199W	199	0.8459	pathogenic
P48029	T199Y	199	0.7187	pathogenic
P48029	C200A	200	0.9237	pathogenic
P48029	C200D	200	0.973	pathogenic
P48029	C200E	200	0.9825	pathogenic
P48029	C200F	200	0.9385	pathogenic
P48029	C200G	200	0.8236	pathogenic
P48029	C200H	200	0.9839	pathogenic
P48029	C200I	200	0.9666	pathogenic
P48029	C200K	200	0.993	pathogenic
P48029	C200L	200	0.9366	pathogenic
P48029	C200M	200	0.9654	pathogenic
P48029	C200N	200	0.9762	pathogenic
P48029	C200P	200	0.9673	pathogenic
P48029	C200Q	200	0.9824	pathogenic
P48029	C200R	200	0.9632	pathogenic
P48029	C200S	200	0.9497	pathogenic
P48029	C200T	200	0.9644	pathogenic
P48029	C200V	200	0.9378	pathogenic
P48029	C200W	200	0.9674	pathogenic
P48029	C200Y	200	0.9662	pathogenic
P48029	D201A	201	0.0957	benign
P48029	D201C	201	0.6966	pathogenic
P48029	D201E	201	0.0859	benign
P48029	D201F	201	0.3546	ambiguous
P48029	D201G	201	0.0992	benign
P48029	D201H	201	0.1519	benign
P48029	D201I	201	0.2652	benign
P48029	D201K	201	0.209	benign
P48029	D201L	201	0.1997	benign
P48029	D201M	201	0.4136	ambiguous
P48029	D201N	201	0.0957	benign
P48029	D201P	201	0.3361	benign
P48029	D201Q	201	0.1432	benign
P48029	D201R	201	0.1822	benign
P48029	D201S	201	0.0784	benign
P48029	D201T	201	0.1489	benign
P48029	D201V	201	0.1588	benign
P48029	D201W	201	0.6798	pathogenic
P48029	D201Y	201	0.1824	benign
P48029	Q202A	202	0.1493	benign
P48029	Q202C	202	0.7767	pathogenic
P48029	Q202D	202	0.131	benign
P48029	Q202E	202	0.057	benign
P48029	Q202F	202	0.5208	ambiguous
P48029	Q202G	202	0.1718	benign
P48029	Q202H	202	0.1684	benign
P48029	Q202I	202	0.3326	benign
P48029	Q202K	202	0.1169	benign
P48029	Q202L	202	0.137	benign
P48029	Q202M	202	0.2969	benign
P48029	Q202N	202	0.2001	benign
P48029	Q202P	202	0.3089	benign
P48029	Q202R	202	0.1016	benign
P48029	Q202S	202	0.1488	benign
P48029	Q202T	202	0.1657	benign
P48029	Q202V	202	0.2098	benign
P48029	Q202W	202	0.4548	ambiguous
P48029	Q202Y	202	0.3535	ambiguous
P48029	L203A	203	0.3705	ambiguous
P48029	L203C	203	0.9081	pathogenic
P48029	L203D	203	0.8288	pathogenic
P48029	L203E	203	0.5018	ambiguous
P48029	L203F	203	0.269	benign
P48029	L203G	203	0.6883	pathogenic
P48029	L203H	203	0.4949	ambiguous
P48029	L203I	203	0.1868	benign
P48029	L203K	203	0.4898	ambiguous
P48029	L203M	203	0.1644	benign
P48029	L203N	203	0.6867	pathogenic
P48029	L203P	203	0.6308	pathogenic
P48029	L203Q	203	0.2868	benign
P48029	L203R	203	0.3164	benign
P48029	L203S	203	0.6176	pathogenic
P48029	L203T	203	0.4415	ambiguous
P48029	L203V	203	0.1532	benign
P48029	L203W	203	0.3646	ambiguous
P48029	L203Y	203	0.5221	ambiguous
P48029	A204C	204	0.7135	pathogenic
P48029	A204D	204	0.1892	benign
P48029	A204E	204	0.1396	benign
P48029	A204F	204	0.2987	benign
P48029	A204G	204	0.1128	benign
P48029	A204H	204	0.3099	benign
P48029	A204I	204	0.2201	benign
P48029	A204K	204	0.2692	benign
P48029	A204L	204	0.1461	benign
P48029	A204M	204	0.2136	benign
P48029	A204N	204	0.2302	benign
P48029	A204P	204	0.3781	ambiguous
P48029	A204Q	204	0.1967	benign
P48029	A204R	204	0.2152	benign
P48029	A204S	204	0.0838	benign
P48029	A204T	204	0.0932	benign
P48029	A204V	204	0.1156	benign
P48029	A204W	204	0.5348	ambiguous
P48029	A204Y	204	0.3751	ambiguous
P48029	D205A	205	0.0984	benign
P48029	D205C	205	0.6663	pathogenic
P48029	D205E	205	0.1011	benign
P48029	D205F	205	0.3479	ambiguous
P48029	D205G	205	0.0837	benign
P48029	D205H	205	0.1605	benign
P48029	D205I	205	0.2599	benign
P48029	D205K	205	0.2162	benign
P48029	D205L	205	0.1933	benign
P48029	D205M	205	0.4086	ambiguous
P48029	D205N	205	0.0778	benign
P48029	D205P	205	0.3527	ambiguous
P48029	D205Q	205	0.1529	benign
P48029	D205R	205	0.2004	benign
P48029	D205S	205	0.0763	benign
P48029	D205T	205	0.147	benign
P48029	D205V	205	0.155	benign
P48029	D205W	205	0.6886	pathogenic
P48029	D205Y	205	0.1801	benign
P48029	R206A	206	0.2321	benign
P48029	R206C	206	0.3322	benign
P48029	R206D	206	0.5558	ambiguous
P48029	R206E	206	0.2626	benign
P48029	R206F	206	0.5263	ambiguous
P48029	R206G	206	0.1235	benign
P48029	R206H	206	0.1118	benign
P48029	R206I	206	0.355	ambiguous
P48029	R206K	206	0.0977	benign
P48029	R206L	206	0.2064	benign
P48029	R206M	206	0.2809	benign
P48029	R206N	206	0.5002	ambiguous
P48029	R206P	206	0.6465	pathogenic
P48029	R206Q	206	0.0825	benign
P48029	R206S	206	0.2685	benign
P48029	R206T	206	0.2054	benign
P48029	R206V	206	0.3533	ambiguous
P48029	R206W	206	0.2318	benign
P48029	R206Y	206	0.3682	ambiguous
P48029	R207A	207	0.586	pathogenic
P48029	R207C	207	0.4321	ambiguous
P48029	R207D	207	0.7563	pathogenic
P48029	R207E	207	0.4317	ambiguous
P48029	R207F	207	0.7468	pathogenic
P48029	R207G	207	0.4596	ambiguous
P48029	R207H	207	0.1146	benign
P48029	R207I	207	0.4351	ambiguous
P48029	R207K	207	0.1494	benign
P48029	R207L	207	0.3616	ambiguous
P48029	R207M	207	0.566	pathogenic
P48029	R207N	207	0.6723	pathogenic
P48029	R207P	207	0.7525	pathogenic
P48029	R207Q	207	0.1087	benign
P48029	R207S	207	0.5452	ambiguous
P48029	R207T	207	0.3125	benign
P48029	R207V	207	0.437	ambiguous
P48029	R207W	207	0.357	ambiguous
P48029	R207Y	207	0.5652	pathogenic
P48029	S208A	208	0.5272	ambiguous
P48029	S208C	208	0.8869	pathogenic
P48029	S208D	208	0.8828	pathogenic
P48029	S208E	208	0.9614	pathogenic
P48029	S208F	208	0.9092	pathogenic
P48029	S208G	208	0.6467	pathogenic
P48029	S208H	208	0.9088	pathogenic
P48029	S208I	208	0.8998	pathogenic
P48029	S208K	208	0.9939	pathogenic
P48029	S208L	208	0.7043	pathogenic
P48029	S208M	208	0.8215	pathogenic
P48029	S208N	208	0.8023	pathogenic
P48029	S208P	208	0.8151	pathogenic
P48029	S208Q	208	0.9513	pathogenic
P48029	S208R	208	0.9926	pathogenic
P48029	S208T	208	0.52	ambiguous
P48029	S208V	208	0.8871	pathogenic
P48029	S208W	208	0.8953	pathogenic
P48029	S208Y	208	0.8726	pathogenic
P48029	P209A	209	0.3623	ambiguous
P48029	P209C	209	0.9817	pathogenic
P48029	P209D	209	0.9921	pathogenic
P48029	P209E	209	0.985	pathogenic
P48029	P209F	209	0.9987	pathogenic
P48029	P209G	209	0.8893	pathogenic
P48029	P209H	209	0.9794	pathogenic
P48029	P209I	209	0.9954	pathogenic
P48029	P209K	209	0.996	pathogenic
P48029	P209L	209	0.9737	pathogenic
P48029	P209M	209	0.9938	pathogenic
P48029	P209N	209	0.9859	pathogenic
P48029	P209Q	209	0.9715	pathogenic
P48029	P209R	209	0.9751	pathogenic
P48029	P209S	209	0.5222	ambiguous
P48029	P209T	209	0.8786	pathogenic
P48029	P209V	209	0.9675	pathogenic
P48029	P209W	209	0.9986	pathogenic
P48029	P209Y	209	0.998	pathogenic
P48029	V210A	210	0.7488	pathogenic
P48029	V210C	210	0.9904	pathogenic
P48029	V210D	210	0.9759	pathogenic
P48029	V210E	210	0.887	pathogenic
P48029	V210F	210	0.8771	pathogenic
P48029	V210G	210	0.8987	pathogenic
P48029	V210H	210	0.9937	pathogenic
P48029	V210I	210	0.0999	benign
P48029	V210K	210	0.9889	pathogenic
P48029	V210L	210	0.7822	pathogenic
P48029	V210M	210	0.6887	pathogenic
P48029	V210N	210	0.9529	pathogenic
P48029	V210P	210	0.9568	pathogenic
P48029	V210Q	210	0.9542	pathogenic
P48029	V210R	210	0.9785	pathogenic
P48029	V210S	210	0.8256	pathogenic
P48029	V210T	210	0.76	pathogenic
P48029	V210W	210	0.9976	pathogenic
P48029	V210Y	210	0.9892	pathogenic
P48029	I211A	211	0.5314	ambiguous
P48029	I211C	211	0.9667	pathogenic
P48029	I211D	211	0.9401	pathogenic
P48029	I211E	211	0.7952	pathogenic
P48029	I211F	211	0.5127	ambiguous
P48029	I211G	211	0.8766	pathogenic
P48029	I211H	211	0.8872	pathogenic
P48029	I211K	211	0.7709	pathogenic
P48029	I211L	211	0.1933	benign
P48029	I211M	211	0.148	benign
P48029	I211N	211	0.7356	pathogenic
P48029	I211P	211	0.959	pathogenic
P48029	I211Q	211	0.7211	pathogenic
P48029	I211R	211	0.6594	pathogenic
P48029	I211S	211	0.5908	pathogenic
P48029	I211T	211	0.2172	benign
P48029	I211V	211	0.1164	benign
P48029	I211W	211	0.9202	pathogenic
P48029	I211Y	211	0.8727	pathogenic
P48029	E212A	212	0.8636	pathogenic
P48029	E212C	212	0.9951	pathogenic
P48029	E212D	212	0.9165	pathogenic
P48029	E212F	212	0.9982	pathogenic
P48029	E212G	212	0.9594	pathogenic
P48029	E212H	212	0.9881	pathogenic
P48029	E212I	212	0.9921	pathogenic
P48029	E212K	212	0.9809	pathogenic
P48029	E212L	212	0.9863	pathogenic
P48029	E212M	212	0.9875	pathogenic
P48029	E212N	212	0.9808	pathogenic
P48029	E212P	212	0.9971	pathogenic
P48029	E212Q	212	0.713	pathogenic
P48029	E212R	212	0.9697	pathogenic
P48029	E212S	212	0.9205	pathogenic
P48029	E212T	212	0.9754	pathogenic
P48029	E212V	212	0.9713	pathogenic
P48029	E212W	212	0.9994	pathogenic
P48029	E212Y	212	0.996	pathogenic
P48029	F213A	213	0.9987	pathogenic
P48029	F213C	213	0.9979	pathogenic
P48029	F213D	213	0.999	pathogenic
P48029	F213E	213	0.9991	pathogenic
P48029	F213G	213	0.9981	pathogenic
P48029	F213H	213	0.9937	pathogenic
P48029	F213I	213	0.995	pathogenic
P48029	F213K	213	0.9996	pathogenic
P48029	F213L	213	0.9992	pathogenic
P48029	F213M	213	0.9955	pathogenic
P48029	F213N	213	0.9978	pathogenic
P48029	F213P	213	0.9999	pathogenic
P48029	F213Q	213	0.9988	pathogenic
P48029	F213R	213	0.9979	pathogenic
P48029	F213S	213	0.999	pathogenic
P48029	F213T	213	0.9992	pathogenic
P48029	F213V	213	0.9922	pathogenic
P48029	F213W	213	0.9479	pathogenic
P48029	F213Y	213	0.5128	ambiguous
P48029	W214A	214	0.9966	pathogenic
P48029	W214C	214	0.9989	pathogenic
P48029	W214D	214	0.9996	pathogenic
P48029	W214E	214	0.9992	pathogenic
P48029	W214F	214	0.8703	pathogenic
P48029	W214G	214	0.9898	pathogenic
P48029	W214H	214	0.9971	pathogenic
P48029	W214I	214	0.9979	pathogenic
P48029	W214K	214	0.9996	pathogenic
P48029	W214L	214	0.9816	pathogenic
P48029	W214M	214	0.9977	pathogenic
P48029	W214N	214	0.9997	pathogenic
P48029	W214P	214	0.9995	pathogenic
P48029	W214Q	214	0.9992	pathogenic
P48029	W214R	214	0.9981	pathogenic
P48029	W214S	214	0.9959	pathogenic
P48029	W214T	214	0.9971	pathogenic
P48029	W214V	214	0.9962	pathogenic
P48029	W214Y	214	0.9749	pathogenic
P48029	E215A	215	0.89	pathogenic
P48029	E215C	215	0.9952	pathogenic
P48029	E215D	215	0.8295	pathogenic
P48029	E215F	215	0.9944	pathogenic
P48029	E215G	215	0.8198	pathogenic
P48029	E215H	215	0.9481	pathogenic
P48029	E215I	215	0.9755	pathogenic
P48029	E215K	215	0.83	pathogenic
P48029	E215L	215	0.9683	pathogenic
P48029	E215M	215	0.9719	pathogenic
P48029	E215N	215	0.894	pathogenic
P48029	E215P	215	0.9986	pathogenic
P48029	E215Q	215	0.5179	ambiguous
P48029	E215R	215	0.8286	pathogenic
P48029	E215S	215	0.8968	pathogenic
P48029	E215T	215	0.916	pathogenic
P48029	E215V	215	0.925	pathogenic
P48029	E215W	215	0.9952	pathogenic
P48029	E215Y	215	0.9799	pathogenic
P48029	N216A	216	0.5123	ambiguous
P48029	N216C	216	0.6522	pathogenic
P48029	N216D	216	0.3012	benign
P48029	N216E	216	0.3801	ambiguous
P48029	N216F	216	0.5969	pathogenic
P48029	N216G	216	0.3809	ambiguous
P48029	N216H	216	0.082	benign
P48029	N216I	216	0.5812	pathogenic
P48029	N216K	216	0.2007	benign
P48029	N216L	216	0.4298	ambiguous
P48029	N216M	216	0.5555	ambiguous
P48029	N216P	216	0.9813	pathogenic
P48029	N216Q	216	0.223	benign
P48029	N216R	216	0.1475	benign
P48029	N216S	216	0.2284	benign
P48029	N216T	216	0.3387	benign
P48029	N216V	216	0.5292	ambiguous
P48029	N216W	216	0.6596	pathogenic
P48029	N216Y	216	0.1606	benign
P48029	K217A	217	0.5813	pathogenic
P48029	K217C	217	0.8486	pathogenic
P48029	K217D	217	0.6937	pathogenic
P48029	K217E	217	0.1877	benign
P48029	K217F	217	0.9313	pathogenic
P48029	K217G	217	0.5706	pathogenic
P48029	K217H	217	0.2522	benign
P48029	K217I	217	0.8454	pathogenic
P48029	K217L	217	0.7892	pathogenic
P48029	K217M	217	0.5865	pathogenic
P48029	K217N	217	0.5342	ambiguous
P48029	K217P	217	0.9808	pathogenic
P48029	K217Q	217	0.1371	benign
P48029	K217R	217	0.0771	benign
P48029	K217S	217	0.5871	pathogenic
P48029	K217T	217	0.4248	ambiguous
P48029	K217V	217	0.7121	pathogenic
P48029	K217W	217	0.8925	pathogenic
P48029	K217Y	217	0.7521	pathogenic
P48029	V218A	218	0.8373	pathogenic
P48029	V218C	218	0.9822	pathogenic
P48029	V218D	218	0.993	pathogenic
P48029	V218E	218	0.9775	pathogenic
P48029	V218F	218	0.9367	pathogenic
P48029	V218G	218	0.8611	pathogenic
P48029	V218H	218	0.9944	pathogenic
P48029	V218I	218	0.3737	ambiguous
P48029	V218K	218	0.991	pathogenic
P48029	V218L	218	0.9341	pathogenic
P48029	V218M	218	0.8916	pathogenic
P48029	V218N	218	0.9739	pathogenic
P48029	V218P	218	0.991	pathogenic
P48029	V218Q	218	0.9674	pathogenic
P48029	V218R	218	0.9752	pathogenic
P48029	V218S	218	0.9135	pathogenic
P48029	V218T	218	0.8209	pathogenic
P48029	V218W	218	0.9987	pathogenic
P48029	V218Y	218	0.9898	pathogenic
P48029	L219A	219	0.9821	pathogenic
P48029	L219C	219	0.992	pathogenic
P48029	L219D	219	0.9996	pathogenic
P48029	L219E	219	0.9964	pathogenic
P48029	L219F	219	0.986	pathogenic
P48029	L219G	219	0.9888	pathogenic
P48029	L219H	219	0.988	pathogenic
P48029	L219I	219	0.9067	pathogenic
P48029	L219K	219	0.9918	pathogenic
P48029	L219M	219	0.916	pathogenic
P48029	L219N	219	0.9928	pathogenic
P48029	L219P	219	0.9973	pathogenic
P48029	L219Q	219	0.9847	pathogenic
P48029	L219R	219	0.9755	pathogenic
P48029	L219S	219	0.9956	pathogenic
P48029	L219T	219	0.9835	pathogenic
P48029	L219V	219	0.9264	pathogenic
P48029	L219W	219	0.9902	pathogenic
P48029	L219Y	219	0.996	pathogenic
P48029	R220A	220	0.4575	ambiguous
P48029	R220C	220	0.2861	benign
P48029	R220D	220	0.5753	pathogenic
P48029	R220E	220	0.4256	ambiguous
P48029	R220F	220	0.7514	pathogenic
P48029	R220G	220	0.1766	benign
P48029	R220H	220	0.0822	benign
P48029	R220I	220	0.7596	pathogenic
P48029	R220K	220	0.1572	benign
P48029	R220L	220	0.3659	ambiguous
P48029	R220M	220	0.5528	ambiguous
P48029	R220N	220	0.3945	ambiguous
P48029	R220P	220	0.9282	pathogenic
P48029	R220Q	220	0.0898	benign
P48029	R220S	220	0.389	ambiguous
P48029	R220T	220	0.4835	ambiguous
P48029	R220V	220	0.7054	pathogenic
P48029	R220W	220	0.4088	ambiguous
P48029	R220Y	220	0.5395	ambiguous
P48029	L221A	221	0.8742	pathogenic
P48029	L221C	221	0.9508	pathogenic
P48029	L221D	221	0.986	pathogenic
P48029	L221E	221	0.8873	pathogenic
P48029	L221F	221	0.6676	pathogenic
P48029	L221G	221	0.9626	pathogenic
P48029	L221H	221	0.869	pathogenic
P48029	L221I	221	0.1152	benign
P48029	L221K	221	0.7294	pathogenic
P48029	L221M	221	0.2739	benign
P48029	L221N	221	0.9358	pathogenic
P48029	L221P	221	0.9123	pathogenic
P48029	L221Q	221	0.666	pathogenic
P48029	L221R	221	0.6064	pathogenic
P48029	L221S	221	0.9514	pathogenic
P48029	L221T	221	0.8521	pathogenic
P48029	L221V	221	0.2189	benign
P48029	L221W	221	0.8551	pathogenic
P48029	L221Y	221	0.8928	pathogenic
P48029	S222A	222	0.4174	ambiguous
P48029	S222C	222	0.8401	pathogenic
P48029	S222D	222	0.8951	pathogenic
P48029	S222E	222	0.9411	pathogenic
P48029	S222F	222	0.9799	pathogenic
P48029	S222G	222	0.3242	benign
P48029	S222H	222	0.8969	pathogenic
P48029	S222I	222	0.9769	pathogenic
P48029	S222K	222	0.9781	pathogenic
P48029	S222L	222	0.8933	pathogenic
P48029	S222M	222	0.9454	pathogenic
P48029	S222N	222	0.8333	pathogenic
P48029	S222P	222	0.8701	pathogenic
P48029	S222Q	222	0.9222	pathogenic
P48029	S222R	222	0.9581	pathogenic
P48029	S222T	222	0.2201	benign
P48029	S222V	222	0.9401	pathogenic
P48029	S222W	222	0.9617	pathogenic
P48029	S222Y	222	0.9492	pathogenic
P48029	G223A	223	0.0786	benign
P48029	G223C	223	0.3576	ambiguous
P48029	G223D	223	0.0738	benign
P48029	G223E	223	0.0905	benign
P48029	G223F	223	0.4985	ambiguous
P48029	G223H	223	0.1749	benign
P48029	G223I	223	0.2791	benign
P48029	G223K	223	0.1638	benign
P48029	G223L	223	0.2563	benign
P48029	G223M	223	0.3219	benign
P48029	G223N	223	0.1334	benign
P48029	G223P	223	0.1791	benign
P48029	G223Q	223	0.1295	benign
P48029	G223R	223	0.1307	benign
P48029	G223S	223	0.0639	benign
P48029	G223T	223	0.0771	benign
P48029	G223V	223	0.1664	benign
P48029	G223W	223	0.3714	ambiguous
P48029	G223Y	223	0.3661	ambiguous
P48029	G224A	224	0.5521	ambiguous
P48029	G224C	224	0.8337	pathogenic
P48029	G224D	224	0.5245	ambiguous
P48029	G224E	224	0.8223	pathogenic
P48029	G224F	224	0.955	pathogenic
P48029	G224H	224	0.8344	pathogenic
P48029	G224I	224	0.9217	pathogenic
P48029	G224K	224	0.9195	pathogenic
P48029	G224L	224	0.9431	pathogenic
P48029	G224M	224	0.946	pathogenic
P48029	G224N	224	0.604	pathogenic
P48029	G224P	224	0.9737	pathogenic
P48029	G224Q	224	0.859	pathogenic
P48029	G224R	224	0.8576	pathogenic
P48029	G224S	224	0.2097	benign
P48029	G224T	224	0.5015	ambiguous
P48029	G224V	224	0.8637	pathogenic
P48029	G224W	224	0.9278	pathogenic
P48029	G224Y	224	0.923	pathogenic
P48029	L225A	225	0.9091	pathogenic
P48029	L225C	225	0.9806	pathogenic
P48029	L225D	225	0.997	pathogenic
P48029	L225E	225	0.9834	pathogenic
P48029	L225F	225	0.5839	pathogenic
P48029	L225G	225	0.9822	pathogenic
P48029	L225H	225	0.9851	pathogenic
P48029	L225I	225	0.192	benign
P48029	L225K	225	0.9806	pathogenic
P48029	L225M	225	0.3536	ambiguous
P48029	L225N	225	0.9921	pathogenic
P48029	L225P	225	0.873	pathogenic
P48029	L225Q	225	0.9692	pathogenic
P48029	L225R	225	0.9589	pathogenic
P48029	L225S	225	0.984	pathogenic
P48029	L225T	225	0.9313	pathogenic
P48029	L225V	225	0.2983	benign
P48029	L225W	225	0.8526	pathogenic
P48029	L225Y	225	0.9604	pathogenic
P48029	E226A	226	0.1426	benign
P48029	E226C	226	0.8467	pathogenic
P48029	E226D	226	0.0674	benign
P48029	E226F	226	0.796	pathogenic
P48029	E226G	226	0.1058	benign
P48029	E226H	226	0.2425	benign
P48029	E226I	226	0.6587	pathogenic
P48029	E226K	226	0.3485	ambiguous
P48029	E226L	226	0.5189	ambiguous
P48029	E226M	226	0.6248	pathogenic
P48029	E226N	226	0.1981	benign
P48029	E226P	226	0.5873	pathogenic
P48029	E226Q	226	0.1535	benign
P48029	E226R	226	0.3576	ambiguous
P48029	E226S	226	0.1303	benign
P48029	E226T	226	0.277	benign
P48029	E226V	226	0.4283	ambiguous
P48029	E226W	226	0.8486	pathogenic
P48029	E226Y	226	0.6056	pathogenic
P48029	V227A	227	0.1045	benign
P48029	V227C	227	0.6587	pathogenic
P48029	V227D	227	0.0902	benign
P48029	V227E	227	0.0679	benign
P48029	V227F	227	0.1011	benign
P48029	V227G	227	0.1606	benign
P48029	V227H	227	0.1607	benign
P48029	V227I	227	0.0805	benign
P48029	V227K	227	0.1223	benign
P48029	V227L	227	0.1093	benign
P48029	V227M	227	0.0992	benign
P48029	V227N	227	0.0924	benign
P48029	V227P	227	0.6805	pathogenic
P48029	V227Q	227	0.092	benign
P48029	V227R	227	0.1214	benign
P48029	V227S	227	0.0916	benign
P48029	V227T	227	0.0956	benign
P48029	V227W	227	0.5158	ambiguous
P48029	V227Y	227	0.2293	benign
P48029	P228A	228	0.1164	benign
P48029	P228C	228	0.7688	pathogenic
P48029	P228D	228	0.8731	pathogenic
P48029	P228E	228	0.6982	pathogenic
P48029	P228F	228	0.6151	pathogenic
P48029	P228G	228	0.4913	ambiguous
P48029	P228H	228	0.6181	pathogenic
P48029	P228I	228	0.3543	ambiguous
P48029	P228K	228	0.7754	pathogenic
P48029	P228L	228	0.1525	benign
P48029	P228M	228	0.3619	ambiguous
P48029	P228N	228	0.8133	pathogenic
P48029	P228Q	228	0.4861	ambiguous
P48029	P228R	228	0.5528	ambiguous
P48029	P228S	228	0.2859	benign
P48029	P228T	228	0.1645	benign
P48029	P228V	228	0.2131	benign
P48029	P228W	228	0.7365	pathogenic
P48029	P228Y	228	0.7505	pathogenic
P48029	G229A	229	0.5071	ambiguous
P48029	G229C	229	0.9089	pathogenic
P48029	G229D	229	0.7617	pathogenic
P48029	G229E	229	0.7585	pathogenic
P48029	G229F	229	0.9671	pathogenic
P48029	G229H	229	0.869	pathogenic
P48029	G229I	229	0.962	pathogenic
P48029	G229K	229	0.8425	pathogenic
P48029	G229L	229	0.9231	pathogenic
P48029	G229M	229	0.9556	pathogenic
P48029	G229N	229	0.8088	pathogenic
P48029	G229P	229	0.9737	pathogenic
P48029	G229Q	229	0.7799	pathogenic
P48029	G229R	229	0.7094	pathogenic
P48029	G229S	229	0.3792	ambiguous
P48029	G229T	229	0.7124	pathogenic
P48029	G229V	229	0.8779	pathogenic
P48029	G229W	229	0.9352	pathogenic
P48029	G229Y	229	0.9497	pathogenic
P48029	A230C	230	0.3982	ambiguous
P48029	A230D	230	0.0858	benign
P48029	A230E	230	0.0858	benign
P48029	A230F	230	0.163	benign
P48029	A230G	230	0.0835	benign
P48029	A230H	230	0.1389	benign
P48029	A230I	230	0.1342	benign
P48029	A230K	230	0.135	benign
P48029	A230L	230	0.1024	benign
P48029	A230M	230	0.1333	benign
P48029	A230N	230	0.1044	benign
P48029	A230P	230	0.1046	benign
P48029	A230Q	230	0.1021	benign
P48029	A230R	230	0.118	benign
P48029	A230S	230	0.0607	benign
P48029	A230T	230	0.0626	benign
P48029	A230V	230	0.0815	benign
P48029	A230W	230	0.3584	ambiguous
P48029	A230Y	230	0.2228	benign
P48029	L231A	231	0.4214	ambiguous
P48029	L231C	231	0.6522	pathogenic
P48029	L231D	231	0.9741	pathogenic
P48029	L231E	231	0.9052	pathogenic
P48029	L231F	231	0.1212	benign
P48029	L231G	231	0.7874	pathogenic
P48029	L231H	231	0.8232	pathogenic
P48029	L231I	231	0.0945	benign
P48029	L231K	231	0.8766	pathogenic
P48029	L231M	231	0.1302	benign
P48029	L231N	231	0.9133	pathogenic
P48029	L231P	231	0.2304	benign
P48029	L231Q	231	0.7383	pathogenic
P48029	L231R	231	0.7596	pathogenic
P48029	L231S	231	0.7616	pathogenic
P48029	L231T	231	0.6018	pathogenic
P48029	L231V	231	0.0872	benign
P48029	L231W	231	0.3252	benign
P48029	L231Y	231	0.6291	pathogenic
P48029	N232A	232	0.4811	ambiguous
P48029	N232C	232	0.423	ambiguous
P48029	N232D	232	0.352	ambiguous
P48029	N232E	232	0.6808	pathogenic
P48029	N232F	232	0.8721	pathogenic
P48029	N232G	232	0.5612	ambiguous
P48029	N232H	232	0.1496	benign
P48029	N232I	232	0.4974	ambiguous
P48029	N232K	232	0.7084	pathogenic
P48029	N232L	232	0.5257	ambiguous
P48029	N232M	232	0.7212	pathogenic
P48029	N232P	232	0.759	pathogenic
P48029	N232Q	232	0.4349	ambiguous
P48029	N232R	232	0.5187	ambiguous
P48029	N232S	232	0.1112	benign
P48029	N232T	232	0.3918	ambiguous
P48029	N232V	232	0.4185	ambiguous
P48029	N232W	232	0.8998	pathogenic
P48029	N232Y	232	0.4155	ambiguous
P48029	W233A	233	0.3428	ambiguous
P48029	W233C	233	0.8729	pathogenic
P48029	W233D	233	0.9005	pathogenic
P48029	W233E	233	0.8625	pathogenic
P48029	W233F	233	0.3284	benign
P48029	W233G	233	0.2125	benign
P48029	W233H	233	0.7917	pathogenic
P48029	W233I	233	0.5397	ambiguous
P48029	W233K	233	0.8423	pathogenic
P48029	W233L	233	0.3424	ambiguous
P48029	W233M	233	0.5524	ambiguous
P48029	W233N	233	0.8427	pathogenic
P48029	W233P	233	0.5554	ambiguous
P48029	W233Q	233	0.8395	pathogenic
P48029	W233R	233	0.754	pathogenic
P48029	W233S	233	0.3651	ambiguous
P48029	W233T	233	0.3337	benign
P48029	W233V	233	0.3772	ambiguous
P48029	W233Y	233	0.4954	ambiguous
P48029	E234A	234	0.5259	ambiguous
P48029	E234C	234	0.9891	pathogenic
P48029	E234D	234	0.2482	benign
P48029	E234F	234	0.975	pathogenic
P48029	E234G	234	0.5895	pathogenic
P48029	E234H	234	0.774	pathogenic
P48029	E234I	234	0.8919	pathogenic
P48029	E234K	234	0.604	pathogenic
P48029	E234L	234	0.8856	pathogenic
P48029	E234M	234	0.8984	pathogenic
P48029	E234N	234	0.6736	pathogenic
P48029	E234P	234	0.6014	pathogenic
P48029	E234Q	234	0.3023	benign
P48029	E234R	234	0.6962	pathogenic
P48029	E234S	234	0.5617	ambiguous
P48029	E234T	234	0.7279	pathogenic
P48029	E234V	234	0.7376	pathogenic
P48029	E234W	234	0.98	pathogenic
P48029	E234Y	234	0.9278	pathogenic
P48029	V235A	235	0.6765	pathogenic
P48029	V235C	235	0.9308	pathogenic
P48029	V235D	235	0.945	pathogenic
P48029	V235E	235	0.8893	pathogenic
P48029	V235F	235	0.6473	pathogenic
P48029	V235G	235	0.5963	pathogenic
P48029	V235H	235	0.9737	pathogenic
P48029	V235I	235	0.105	benign
P48029	V235K	235	0.9454	pathogenic
P48029	V235L	235	0.1907	benign
P48029	V235M	235	0.2079	benign
P48029	V235N	235	0.7787	pathogenic
P48029	V235P	235	0.9116	pathogenic
P48029	V235Q	235	0.8839	pathogenic
P48029	V235R	235	0.9454	pathogenic
P48029	V235S	235	0.7722	pathogenic
P48029	V235T	235	0.6131	pathogenic
P48029	V235W	235	0.9859	pathogenic
P48029	V235Y	235	0.951	pathogenic
P48029	T236A	236	0.0831	benign
P48029	T236C	236	0.3308	benign
P48029	T236D	236	0.9491	pathogenic
P48029	T236E	236	0.929	pathogenic
P48029	T236F	236	0.2876	benign
P48029	T236G	236	0.2646	benign
P48029	T236H	236	0.8589	pathogenic
P48029	T236I	236	0.1737	benign
P48029	T236K	236	0.9294	pathogenic
P48029	T236L	236	0.0827	benign
P48029	T236M	236	0.0826	benign
P48029	T236N	236	0.5764	pathogenic
P48029	T236P	236	0.7018	pathogenic
P48029	T236Q	236	0.8235	pathogenic
P48029	T236R	236	0.8961	pathogenic
P48029	T236S	236	0.1596	benign
P48029	T236V	236	0.1073	benign
P48029	T236W	236	0.8459	pathogenic
P48029	T236Y	236	0.749	pathogenic
P48029	L237A	237	0.1374	benign
P48029	L237C	237	0.4331	ambiguous
P48029	L237D	237	0.9777	pathogenic
P48029	L237E	237	0.9008	pathogenic
P48029	L237F	237	0.1688	benign
P48029	L237G	237	0.2058	benign
P48029	L237H	237	0.8837	pathogenic
P48029	L237I	237	0.182	benign
P48029	L237K	237	0.919	pathogenic
P48029	L237M	237	0.1588	benign
P48029	L237N	237	0.8701	pathogenic
P48029	L237P	237	0.8395	pathogenic
P48029	L237Q	237	0.6892	pathogenic
P48029	L237R	237	0.8101	pathogenic
P48029	L237S	237	0.3262	benign
P48029	L237T	237	0.2914	benign
P48029	L237V	237	0.1107	benign
P48029	L237W	237	0.6229	pathogenic
P48029	L237Y	237	0.7722	pathogenic
P48029	C238A	238	0.698	pathogenic
P48029	C238D	238	0.9917	pathogenic
P48029	C238E	238	0.9982	pathogenic
P48029	C238F	238	0.7097	pathogenic
P48029	C238G	238	0.55	ambiguous
P48029	C238H	238	0.9848	pathogenic
P48029	C238I	238	0.97	pathogenic
P48029	C238K	238	0.9995	pathogenic
P48029	C238L	238	0.8389	pathogenic
P48029	C238M	238	0.9197	pathogenic
P48029	C238N	238	0.9486	pathogenic
P48029	C238P	238	0.9736	pathogenic
P48029	C238Q	238	0.9926	pathogenic
P48029	C238R	238	0.9955	pathogenic
P48029	C238S	238	0.5423	ambiguous
P48029	C238T	238	0.7895	pathogenic
P48029	C238V	238	0.8875	pathogenic
P48029	C238W	238	0.9683	pathogenic
P48029	C238Y	238	0.9539	pathogenic
P48029	L239A	239	0.8917	pathogenic
P48029	L239C	239	0.9083	pathogenic
P48029	L239D	239	0.9979	pathogenic
P48029	L239E	239	0.9901	pathogenic
P48029	L239F	239	0.9427	pathogenic
P48029	L239G	239	0.9678	pathogenic
P48029	L239H	239	0.9823	pathogenic
P48029	L239I	239	0.4965	ambiguous
P48029	L239K	239	0.9938	pathogenic
P48029	L239M	239	0.6108	pathogenic
P48029	L239N	239	0.9601	pathogenic
P48029	L239P	239	0.9965	pathogenic
P48029	L239Q	239	0.9572	pathogenic
P48029	L239R	239	0.9838	pathogenic
P48029	L239S	239	0.9565	pathogenic
P48029	L239T	239	0.849	pathogenic
P48029	L239V	239	0.3705	ambiguous
P48029	L239W	239	0.9908	pathogenic
P48029	L239Y	239	0.9919	pathogenic
P48029	L240A	240	0.1239	benign
P48029	L240C	240	0.385	ambiguous
P48029	L240D	240	0.9885	pathogenic
P48029	L240E	240	0.9617	pathogenic
P48029	L240F	240	0.1175	benign
P48029	L240G	240	0.3523	ambiguous
P48029	L240H	240	0.9406	pathogenic
P48029	L240I	240	0.1479	benign
P48029	L240K	240	0.9767	pathogenic
P48029	L240M	240	0.0816	benign
P48029	L240N	240	0.9181	pathogenic
P48029	L240P	240	0.9254	pathogenic
P48029	L240Q	240	0.8439	pathogenic
P48029	L240R	240	0.9592	pathogenic
P48029	L240S	240	0.3648	ambiguous
P48029	L240T	240	0.1821	benign
P48029	L240V	240	0.1021	benign
P48029	L240W	240	0.6907	pathogenic
P48029	L240Y	240	0.8396	pathogenic
P48029	A241C	241	0.2608	benign
P48029	A241D	241	0.9645	pathogenic
P48029	A241E	241	0.9719	pathogenic
P48029	A241F	241	0.1918	benign
P48029	A241G	241	0.109	benign
P48029	A241H	241	0.9593	pathogenic
P48029	A241I	241	0.1727	benign
P48029	A241K	241	0.9915	pathogenic
P48029	A241L	241	0.1147	benign
P48029	A241M	241	0.1876	benign
P48029	A241N	241	0.8455	pathogenic
P48029	A241P	241	0.8804	pathogenic
P48029	A241Q	241	0.945	pathogenic
P48029	A241R	241	0.9823	pathogenic
P48029	A241S	241	0.1534	benign
P48029	A241T	241	0.0892	benign
P48029	A241V	241	0.0958	benign
P48029	A241W	241	0.8791	pathogenic
P48029	A241Y	241	0.8309	pathogenic
P48029	C242A	242	0.2806	benign
P48029	C242D	242	0.9786	pathogenic
P48029	C242E	242	0.9923	pathogenic
P48029	C242F	242	0.8173	pathogenic
P48029	C242G	242	0.3237	benign
P48029	C242H	242	0.988	pathogenic
P48029	C242I	242	0.6214	pathogenic
P48029	C242K	242	0.9984	pathogenic
P48029	C242L	242	0.6674	pathogenic
P48029	C242M	242	0.6648	pathogenic
P48029	C242N	242	0.8646	pathogenic
P48029	C242P	242	0.9877	pathogenic
P48029	C242Q	242	0.9824	pathogenic
P48029	C242R	242	0.9905	pathogenic
P48029	C242S	242	0.2205	benign
P48029	C242T	242	0.2135	benign
P48029	C242V	242	0.2768	benign
P48029	C242W	242	0.984	pathogenic
P48029	C242Y	242	0.9779	pathogenic
P48029	W243A	243	0.9879	pathogenic
P48029	W243C	243	0.9891	pathogenic
P48029	W243D	243	0.999	pathogenic
P48029	W243E	243	0.9985	pathogenic
P48029	W243F	243	0.8116	pathogenic
P48029	W243G	243	0.9667	pathogenic
P48029	W243H	243	0.989	pathogenic
P48029	W243I	243	0.9936	pathogenic
P48029	W243K	243	0.9996	pathogenic
P48029	W243L	243	0.9774	pathogenic
P48029	W243M	243	0.9927	pathogenic
P48029	W243N	243	0.997	pathogenic
P48029	W243P	243	0.9989	pathogenic
P48029	W243Q	243	0.9986	pathogenic
P48029	W243R	243	0.9986	pathogenic
P48029	W243S	243	0.9674	pathogenic
P48029	W243T	243	0.9867	pathogenic
P48029	W243V	243	0.9884	pathogenic
P48029	W243Y	243	0.9432	pathogenic
P48029	V244A	244	0.1672	benign
P48029	V244C	244	0.4284	ambiguous
P48029	V244D	244	0.9759	pathogenic
P48029	V244E	244	0.9669	pathogenic
P48029	V244F	244	0.1431	benign
P48029	V244G	244	0.1595	benign
P48029	V244H	244	0.9738	pathogenic
P48029	V244I	244	0.0675	benign
P48029	V244K	244	0.9891	pathogenic
P48029	V244L	244	0.0867	benign
P48029	V244M	244	0.1223	benign
P48029	V244N	244	0.857	pathogenic
P48029	V244P	244	0.9547	pathogenic
P48029	V244Q	244	0.9435	pathogenic
P48029	V244R	244	0.983	pathogenic
P48029	V244S	244	0.31	benign
P48029	V244T	244	0.1963	benign
P48029	V244W	244	0.9178	pathogenic
P48029	V244Y	244	0.8754	pathogenic
P48029	L245A	245	0.2412	benign
P48029	L245C	245	0.5314	ambiguous
P48029	L245D	245	0.9941	pathogenic
P48029	L245E	245	0.9789	pathogenic
P48029	L245F	245	0.2436	benign
P48029	L245G	245	0.59	pathogenic
P48029	L245H	245	0.9715	pathogenic
P48029	L245I	245	0.1432	benign
P48029	L245K	245	0.989	pathogenic
P48029	L245M	245	0.1057	benign
P48029	L245N	245	0.9441	pathogenic
P48029	L245P	245	0.9332	pathogenic
P48029	L245Q	245	0.9178	pathogenic
P48029	L245R	245	0.9803	pathogenic
P48029	L245S	245	0.5502	ambiguous
P48029	L245T	245	0.315	benign
P48029	L245V	245	0.113	benign
P48029	L245W	245	0.8476	pathogenic
P48029	L245Y	245	0.9335	pathogenic
P48029	V246A	246	0.8741	pathogenic
P48029	V246C	246	0.831	pathogenic
P48029	V246D	246	0.9923	pathogenic
P48029	V246E	246	0.9906	pathogenic
P48029	V246F	246	0.9856	pathogenic
P48029	V246G	246	0.8833	pathogenic
P48029	V246H	246	0.9975	pathogenic
P48029	V246I	246	0.2573	benign
P48029	V246K	246	0.9971	pathogenic
P48029	V246L	246	0.8995	pathogenic
P48029	V246M	246	0.958	pathogenic
P48029	V246N	246	0.9652	pathogenic
P48029	V246P	246	0.9776	pathogenic
P48029	V246Q	246	0.9882	pathogenic
P48029	V246R	246	0.99	pathogenic
P48029	V246S	246	0.8757	pathogenic
P48029	V246T	246	0.6671	pathogenic
P48029	V246W	246	0.9995	pathogenic
P48029	V246Y	246	0.9978	pathogenic
P48029	Y247A	247	0.9894	pathogenic
P48029	Y247C	247	0.9371	pathogenic
P48029	Y247D	247	0.9984	pathogenic
P48029	Y247E	247	0.9997	pathogenic
P48029	Y247F	247	0.3468	ambiguous
P48029	Y247G	247	0.9588	pathogenic
P48029	Y247H	247	0.9935	pathogenic
P48029	Y247I	247	0.9938	pathogenic
P48029	Y247K	247	0.9998	pathogenic
P48029	Y247L	247	0.9667	pathogenic
P48029	Y247M	247	0.9949	pathogenic
P48029	Y247N	247	0.9922	pathogenic
P48029	Y247P	247	0.9966	pathogenic
P48029	Y247Q	247	0.9994	pathogenic
P48029	Y247R	247	0.9985	pathogenic
P48029	Y247S	247	0.9713	pathogenic
P48029	Y247T	247	0.9936	pathogenic
P48029	Y247V	247	0.9816	pathogenic
P48029	Y247W	247	0.8329	pathogenic
P48029	F248A	248	0.7221	pathogenic
P48029	F248C	248	0.521	ambiguous
P48029	F248D	248	0.9991	pathogenic
P48029	F248E	248	0.9991	pathogenic
P48029	F248G	248	0.754	pathogenic
P48029	F248H	248	0.991	pathogenic
P48029	F248I	248	0.7875	pathogenic
P48029	F248K	248	0.999	pathogenic
P48029	F248L	248	0.8796	pathogenic
P48029	F248M	248	0.8648	pathogenic
P48029	F248N	248	0.9924	pathogenic
P48029	F248P	248	0.9981	pathogenic
P48029	F248Q	248	0.9951	pathogenic
P48029	F248R	248	0.9939	pathogenic
P48029	F248S	248	0.8868	pathogenic
P48029	F248T	248	0.9056	pathogenic
P48029	F248V	248	0.5925	pathogenic
P48029	F248W	248	0.9186	pathogenic
P48029	F248Y	248	0.7989	pathogenic
P48029	C249A	249	0.7926	pathogenic
P48029	C249D	249	0.9993	pathogenic
P48029	C249E	249	0.9998	pathogenic
P48029	C249F	249	0.9447	pathogenic
P48029	C249G	249	0.8482	pathogenic
P48029	C249H	249	0.9981	pathogenic
P48029	C249I	249	0.9836	pathogenic
P48029	C249K	249	0.9999	pathogenic
P48029	C249L	249	0.9343	pathogenic
P48029	C249M	249	0.9649	pathogenic
P48029	C249N	249	0.995	pathogenic
P48029	C249P	249	0.9984	pathogenic
P48029	C249Q	249	0.9983	pathogenic
P48029	C249R	249	0.9988	pathogenic
P48029	C249S	249	0.7725	pathogenic
P48029	C249T	249	0.936	pathogenic
P48029	C249V	249	0.9338	pathogenic
P48029	C249W	249	0.9958	pathogenic
P48029	C249Y	249	0.9972	pathogenic
P48029	V250A	250	0.9508	pathogenic
P48029	V250C	250	0.9589	pathogenic
P48029	V250D	250	0.9975	pathogenic
P48029	V250E	250	0.9943	pathogenic
P48029	V250F	250	0.9632	pathogenic
P48029	V250G	250	0.9544	pathogenic
P48029	V250H	250	0.9981	pathogenic
P48029	V250I	250	0.1485	benign
P48029	V250K	250	0.996	pathogenic
P48029	V250L	250	0.8781	pathogenic
P48029	V250M	250	0.8804	pathogenic
P48029	V250N	250	0.988	pathogenic
P48029	V250P	250	0.9952	pathogenic
P48029	V250Q	250	0.9873	pathogenic
P48029	V250R	250	0.9892	pathogenic
P48029	V250S	250	0.9449	pathogenic
P48029	V250T	250	0.8899	pathogenic
P48029	V250W	250	0.9992	pathogenic
P48029	V250Y	250	0.9958	pathogenic
P48029	W251A	251	0.9676	pathogenic
P48029	W251C	251	0.929	pathogenic
P48029	W251D	251	0.9996	pathogenic
P48029	W251E	251	0.9993	pathogenic
P48029	W251F	251	0.5988	pathogenic
P48029	W251G	251	0.9677	pathogenic
P48029	W251H	251	0.9839	pathogenic
P48029	W251I	251	0.9829	pathogenic
P48029	W251K	251	0.9988	pathogenic
P48029	W251L	251	0.9719	pathogenic
P48029	W251M	251	0.9845	pathogenic
P48029	W251N	251	0.9978	pathogenic
P48029	W251P	251	0.9994	pathogenic
P48029	W251Q	251	0.9957	pathogenic
P48029	W251R	251	0.9943	pathogenic
P48029	W251S	251	0.9618	pathogenic
P48029	W251T	251	0.9931	pathogenic
P48029	W251V	251	0.9713	pathogenic
P48029	W251Y	251	0.8698	pathogenic
P48029	K252A	252	0.9886	pathogenic
P48029	K252C	252	0.9895	pathogenic
P48029	K252D	252	0.9948	pathogenic
P48029	K252E	252	0.9796	pathogenic
P48029	K252F	252	0.9975	pathogenic
P48029	K252G	252	0.9737	pathogenic
P48029	K252H	252	0.8932	pathogenic
P48029	K252I	252	0.9959	pathogenic
P48029	K252L	252	0.9774	pathogenic
P48029	K252M	252	0.98	pathogenic
P48029	K252N	252	0.9867	pathogenic
P48029	K252P	252	0.9968	pathogenic
P48029	K252Q	252	0.7937	pathogenic
P48029	K252R	252	0.1848	benign
P48029	K252S	252	0.993	pathogenic
P48029	K252T	252	0.9886	pathogenic
P48029	K252V	252	0.9914	pathogenic
P48029	K252W	252	0.9858	pathogenic
P48029	K252Y	252	0.9839	pathogenic
P48029	G253A	253	0.9919	pathogenic
P48029	G253C	253	0.9988	pathogenic
P48029	G253D	253	0.9951	pathogenic
P48029	G253E	253	0.9985	pathogenic
P48029	G253F	253	0.9994	pathogenic
P48029	G253H	253	0.9995	pathogenic
P48029	G253I	253	0.9992	pathogenic
P48029	G253K	253	0.9993	pathogenic
P48029	G253L	253	0.9994	pathogenic
P48029	G253M	253	0.9995	pathogenic
P48029	G253N	253	0.9977	pathogenic
P48029	G253P	253	0.9997	pathogenic
P48029	G253Q	253	0.9992	pathogenic
P48029	G253R	253	0.9989	pathogenic
P48029	G253S	253	0.9819	pathogenic
P48029	G253T	253	0.9926	pathogenic
P48029	G253V	253	0.998	pathogenic
P48029	G253W	253	0.9985	pathogenic
P48029	G253Y	253	0.999	pathogenic
P48029	V254A	254	0.9835	pathogenic
P48029	V254C	254	0.9964	pathogenic
P48029	V254D	254	0.9976	pathogenic
P48029	V254E	254	0.9907	pathogenic
P48029	V254F	254	0.9773	pathogenic
P48029	V254G	254	0.9687	pathogenic
P48029	V254H	254	0.9989	pathogenic
P48029	V254I	254	0.1883	benign
P48029	V254K	254	0.9909	pathogenic
P48029	V254L	254	0.9677	pathogenic
P48029	V254M	254	0.967	pathogenic
P48029	V254N	254	0.9933	pathogenic
P48029	V254P	254	0.9685	pathogenic
P48029	V254Q	254	0.9925	pathogenic
P48029	V254R	254	0.9818	pathogenic
P48029	V254S	254	0.9883	pathogenic
P48029	V254T	254	0.9472	pathogenic
P48029	V254W	254	0.9988	pathogenic
P48029	V254Y	254	0.9972	pathogenic
P48029	K255A	255	0.9168	pathogenic
P48029	K255C	255	0.9676	pathogenic
P48029	K255D	255	0.9903	pathogenic
P48029	K255E	255	0.9145	pathogenic
P48029	K255F	255	0.9942	pathogenic
P48029	K255G	255	0.942	pathogenic
P48029	K255H	255	0.7375	pathogenic
P48029	K255I	255	0.9686	pathogenic
P48029	K255L	255	0.9432	pathogenic
P48029	K255M	255	0.9444	pathogenic
P48029	K255N	255	0.9765	pathogenic
P48029	K255P	255	0.9872	pathogenic
P48029	K255Q	255	0.4682	ambiguous
P48029	K255R	255	0.1074	benign
P48029	K255S	255	0.9434	pathogenic
P48029	K255T	255	0.8715	pathogenic
P48029	K255V	255	0.9333	pathogenic
P48029	K255W	255	0.9836	pathogenic
P48029	K255Y	255	0.976	pathogenic
P48029	S256A	256	0.3407	ambiguous
P48029	S256C	256	0.7179	pathogenic
P48029	S256D	256	0.9778	pathogenic
P48029	S256E	256	0.9775	pathogenic
P48029	S256F	256	0.6943	pathogenic
P48029	S256G	256	0.4734	ambiguous
P48029	S256H	256	0.8848	pathogenic
P48029	S256I	256	0.7742	pathogenic
P48029	S256K	256	0.9909	pathogenic
P48029	S256L	256	0.6751	pathogenic
P48029	S256M	256	0.5622	ambiguous
P48029	S256N	256	0.8193	pathogenic
P48029	S256P	256	0.9845	pathogenic
P48029	S256Q	256	0.9339	pathogenic
P48029	S256R	256	0.9878	pathogenic
P48029	S256T	256	0.2096	benign
P48029	S256V	256	0.6845	pathogenic
P48029	S256W	256	0.6539	pathogenic
P48029	S256Y	256	0.6776	pathogenic
P48029	T257A	257	0.5117	ambiguous
P48029	T257C	257	0.9772	pathogenic
P48029	T257D	257	0.9949	pathogenic
P48029	T257E	257	0.9935	pathogenic
P48029	T257F	257	0.993	pathogenic
P48029	T257G	257	0.854	pathogenic
P48029	T257H	257	0.9919	pathogenic
P48029	T257I	257	0.9842	pathogenic
P48029	T257K	257	0.9921	pathogenic
P48029	T257L	257	0.9389	pathogenic
P48029	T257M	257	0.8825	pathogenic
P48029	T257N	257	0.9748	pathogenic
P48029	T257P	257	0.9284	pathogenic
P48029	T257Q	257	0.9834	pathogenic
P48029	T257R	257	0.9874	pathogenic
P48029	T257S	257	0.617	pathogenic
P48029	T257V	257	0.8796	pathogenic
P48029	T257W	257	0.9982	pathogenic
P48029	T257Y	257	0.9971	pathogenic
P48029	G258A	258	0.9731	pathogenic
P48029	G258C	258	0.9982	pathogenic
P48029	G258D	258	0.9986	pathogenic
P48029	G258E	258	0.9985	pathogenic
P48029	G258F	258	0.9993	pathogenic
P48029	G258H	258	0.9997	pathogenic
P48029	G258I	258	0.9993	pathogenic
P48029	G258K	258	0.9994	pathogenic
P48029	G258L	258	0.9989	pathogenic
P48029	G258M	258	0.9994	pathogenic
P48029	G258N	258	0.9992	pathogenic
P48029	G258P	258	0.9992	pathogenic
P48029	G258Q	258	0.9984	pathogenic
P48029	G258R	258	0.998	pathogenic
P48029	G258S	258	0.9688	pathogenic
P48029	G258T	258	0.9933	pathogenic
P48029	G258V	258	0.9974	pathogenic
P48029	G258W	258	0.9984	pathogenic
P48029	G258Y	258	0.9995	pathogenic
P48029	K259A	259	0.9813	pathogenic
P48029	K259C	259	0.99	pathogenic
P48029	K259D	259	0.9947	pathogenic
P48029	K259E	259	0.9805	pathogenic
P48029	K259F	259	0.9916	pathogenic
P48029	K259G	259	0.973	pathogenic
P48029	K259H	259	0.9288	pathogenic
P48029	K259I	259	0.9715	pathogenic
P48029	K259L	259	0.9506	pathogenic
P48029	K259M	259	0.961	pathogenic
P48029	K259N	259	0.9904	pathogenic
P48029	K259P	259	0.9891	pathogenic
P48029	K259Q	259	0.8582	pathogenic
P48029	K259R	259	0.1991	benign
P48029	K259S	259	0.9855	pathogenic
P48029	K259T	259	0.958	pathogenic
P48029	K259V	259	0.9519	pathogenic
P48029	K259W	259	0.9735	pathogenic
P48029	K259Y	259	0.9684	pathogenic
P48029	I260A	260	0.8589	pathogenic
P48029	I260C	260	0.9854	pathogenic
P48029	I260D	260	0.9987	pathogenic
P48029	I260E	260	0.9969	pathogenic
P48029	I260F	260	0.7953	pathogenic
P48029	I260G	260	0.9846	pathogenic
P48029	I260H	260	0.9979	pathogenic
P48029	I260K	260	0.9959	pathogenic
P48029	I260L	260	0.6012	pathogenic
P48029	I260M	260	0.6554	pathogenic
P48029	I260N	260	0.9918	pathogenic
P48029	I260P	260	0.9904	pathogenic
P48029	I260Q	260	0.9962	pathogenic
P48029	I260R	260	0.9917	pathogenic
P48029	I260S	260	0.959	pathogenic
P48029	I260T	260	0.8882	pathogenic
P48029	I260V	260	0.1031	benign
P48029	I260W	260	0.9896	pathogenic
P48029	I260Y	260	0.9822	pathogenic
P48029	V261A	261	0.9628	pathogenic
P48029	V261C	261	0.9859	pathogenic
P48029	V261D	261	0.9987	pathogenic
P48029	V261E	261	0.9966	pathogenic
P48029	V261F	261	0.9753	pathogenic
P48029	V261G	261	0.9634	pathogenic
P48029	V261H	261	0.9985	pathogenic
P48029	V261I	261	0.6214	pathogenic
P48029	V261K	261	0.9974	pathogenic
P48029	V261L	261	0.979	pathogenic
P48029	V261M	261	0.9691	pathogenic
P48029	V261N	261	0.9946	pathogenic
P48029	V261P	261	0.9932	pathogenic
P48029	V261Q	261	0.9876	pathogenic
P48029	V261R	261	0.9789	pathogenic
P48029	V261S	261	0.9446	pathogenic
P48029	V261T	261	0.9339	pathogenic
P48029	V261W	261	0.9991	pathogenic
P48029	V261Y	261	0.9968	pathogenic
P48029	Y262A	262	0.9789	pathogenic
P48029	Y262C	262	0.9349	pathogenic
P48029	Y262D	262	0.9964	pathogenic
P48029	Y262E	262	0.9993	pathogenic
P48029	Y262F	262	0.4083	ambiguous
P48029	Y262G	262	0.9687	pathogenic
P48029	Y262H	262	0.9784	pathogenic
P48029	Y262I	262	0.9595	pathogenic
P48029	Y262K	262	0.9985	pathogenic
P48029	Y262L	262	0.859	pathogenic
P48029	Y262M	262	0.9775	pathogenic
P48029	Y262N	262	0.9753	pathogenic
P48029	Y262P	262	0.9835	pathogenic
P48029	Y262Q	262	0.9974	pathogenic
P48029	Y262R	262	0.9919	pathogenic
P48029	Y262S	262	0.9383	pathogenic
P48029	Y262T	262	0.985	pathogenic
P48029	Y262V	262	0.9136	pathogenic
P48029	Y262W	262	0.633	pathogenic
P48029	F263A	263	0.8148	pathogenic
P48029	F263C	263	0.5582	ambiguous
P48029	F263D	263	0.9995	pathogenic
P48029	F263E	263	0.9993	pathogenic
P48029	F263G	263	0.946	pathogenic
P48029	F263H	263	0.9955	pathogenic
P48029	F263I	263	0.2783	benign
P48029	F263K	263	0.9992	pathogenic
P48029	F263L	263	0.895	pathogenic
P48029	F263M	263	0.7896	pathogenic
P48029	F263N	263	0.9969	pathogenic
P48029	F263P	263	0.9961	pathogenic
P48029	F263Q	263	0.9973	pathogenic
P48029	F263R	263	0.9963	pathogenic
P48029	F263S	263	0.9568	pathogenic
P48029	F263T	263	0.9069	pathogenic
P48029	F263V	263	0.1674	benign
P48029	F263W	263	0.9371	pathogenic
P48029	F263Y	263	0.8503	pathogenic
P48029	T264A	264	0.8997	pathogenic
P48029	T264C	264	0.9724	pathogenic
P48029	T264D	264	0.9989	pathogenic
P48029	T264E	264	0.9985	pathogenic
P48029	T264F	264	0.9845	pathogenic
P48029	T264G	264	0.9609	pathogenic
P48029	T264H	264	0.9925	pathogenic
P48029	T264I	264	0.9961	pathogenic
P48029	T264K	264	0.9972	pathogenic
P48029	T264L	264	0.9195	pathogenic
P48029	T264M	264	0.9029	pathogenic
P48029	T264N	264	0.9941	pathogenic
P48029	T264P	264	0.9808	pathogenic
P48029	T264Q	264	0.9901	pathogenic
P48029	T264R	264	0.9947	pathogenic
P48029	T264S	264	0.8225	pathogenic
P48029	T264V	264	0.9739	pathogenic
P48029	T264W	264	0.9959	pathogenic
P48029	T264Y	264	0.9972	pathogenic
P48029	A265C	265	0.9665	pathogenic
P48029	A265D	265	0.9996	pathogenic
P48029	A265E	265	0.999	pathogenic
P48029	A265F	265	0.9931	pathogenic
P48029	A265G	265	0.8992	pathogenic
P48029	A265H	265	0.9988	pathogenic
P48029	A265I	265	0.9886	pathogenic
P48029	A265K	265	0.9997	pathogenic
P48029	A265L	265	0.9645	pathogenic
P48029	A265M	265	0.9763	pathogenic
P48029	A265N	265	0.998	pathogenic
P48029	A265P	265	0.9991	pathogenic
P48029	A265Q	265	0.9944	pathogenic
P48029	A265R	265	0.9974	pathogenic
P48029	A265S	265	0.5278	ambiguous
P48029	A265T	265	0.9424	pathogenic
P48029	A265V	265	0.9385	pathogenic
P48029	A265W	265	0.9992	pathogenic
P48029	A265Y	265	0.9981	pathogenic
P48029	T266A	266	0.21	benign
P48029	T266C	266	0.6853	pathogenic
P48029	T266D	266	0.9974	pathogenic
P48029	T266E	266	0.9952	pathogenic
P48029	T266F	266	0.7309	pathogenic
P48029	T266G	266	0.6273	pathogenic
P48029	T266H	266	0.9789	pathogenic
P48029	T266I	266	0.3627	ambiguous
P48029	T266K	266	0.9929	pathogenic
P48029	T266L	266	0.1408	benign
P48029	T266M	266	0.198	benign
P48029	T266N	266	0.9385	pathogenic
P48029	T266P	266	0.7904	pathogenic
P48029	T266Q	266	0.9743	pathogenic
P48029	T266R	266	0.9895	pathogenic
P48029	T266S	266	0.4035	ambiguous
P48029	T266V	266	0.2275	benign
P48029	T266W	266	0.9724	pathogenic
P48029	T266Y	266	0.9682	pathogenic
P48029	F267A	267	0.8806	pathogenic
P48029	F267C	267	0.8775	pathogenic
P48029	F267D	267	0.9996	pathogenic
P48029	F267E	267	0.9994	pathogenic
P48029	F267G	267	0.9658	pathogenic
P48029	F267H	267	0.9957	pathogenic
P48029	F267I	267	0.857	pathogenic
P48029	F267K	267	0.9997	pathogenic
P48029	F267L	267	0.9737	pathogenic
P48029	F267M	267	0.8905	pathogenic
P48029	F267N	267	0.9955	pathogenic
P48029	F267P	267	0.9995	pathogenic
P48029	F267Q	267	0.9977	pathogenic
P48029	F267R	267	0.9988	pathogenic
P48029	F267S	267	0.916	pathogenic
P48029	F267T	267	0.9528	pathogenic
P48029	F267V	267	0.7418	pathogenic
P48029	F267W	267	0.9601	pathogenic
P48029	F267Y	267	0.8361	pathogenic
P48029	P268A	268	0.9827	pathogenic
P48029	P268C	268	0.9976	pathogenic
P48029	P268D	268	0.9995	pathogenic
P48029	P268E	268	0.9996	pathogenic
P48029	P268F	268	0.9998	pathogenic
P48029	P268G	268	0.996	pathogenic
P48029	P268H	268	0.9989	pathogenic
P48029	P268I	268	0.9987	pathogenic
P48029	P268K	268	0.9998	pathogenic
P48029	P268L	268	0.993	pathogenic
P48029	P268M	268	0.9996	pathogenic
P48029	P268N	268	0.9996	pathogenic
P48029	P268Q	268	0.9988	pathogenic
P48029	P268R	268	0.9979	pathogenic
P48029	P268S	268	0.9947	pathogenic
P48029	P268T	268	0.9942	pathogenic
P48029	P268V	268	0.997	pathogenic
P48029	P268W	268	0.9999	pathogenic
P48029	P268Y	268	0.9998	pathogenic
P48029	Y269A	269	0.9671	pathogenic
P48029	Y269C	269	0.84	pathogenic
P48029	Y269D	269	0.9951	pathogenic
P48029	Y269E	269	0.9988	pathogenic
P48029	Y269F	269	0.2356	benign
P48029	Y269G	269	0.9533	pathogenic
P48029	Y269H	269	0.9919	pathogenic
P48029	Y269I	269	0.9373	pathogenic
P48029	Y269K	269	0.9993	pathogenic
P48029	Y269L	269	0.7744	pathogenic
P48029	Y269M	269	0.9527	pathogenic
P48029	Y269N	269	0.9735	pathogenic
P48029	Y269P	269	0.9817	pathogenic
P48029	Y269Q	269	0.9985	pathogenic
P48029	Y269R	269	0.9977	pathogenic
P48029	Y269S	269	0.9312	pathogenic
P48029	Y269T	269	0.9742	pathogenic
P48029	Y269V	269	0.8469	pathogenic
P48029	Y269W	269	0.781	pathogenic
P48029	V270A	270	0.1618	benign
P48029	V270C	270	0.5514	ambiguous
P48029	V270D	270	0.9887	pathogenic
P48029	V270E	270	0.9829	pathogenic
P48029	V270F	270	0.1464	benign
P48029	V270G	270	0.2921	benign
P48029	V270H	270	0.9843	pathogenic
P48029	V270I	270	0.0803	benign
P48029	V270K	270	0.9904	pathogenic
P48029	V270L	270	0.1103	benign
P48029	V270M	270	0.1411	benign
P48029	V270N	270	0.9547	pathogenic
P48029	V270P	270	0.9392	pathogenic
P48029	V270Q	270	0.963	pathogenic
P48029	V270R	270	0.98	pathogenic
P48029	V270S	270	0.5713	pathogenic
P48029	V270T	270	0.3461	ambiguous
P48029	V270W	270	0.9351	pathogenic
P48029	V270Y	270	0.9095	pathogenic
P48029	V271A	271	0.8105	pathogenic
P48029	V271C	271	0.9049	pathogenic
P48029	V271D	271	0.9946	pathogenic
P48029	V271E	271	0.9897	pathogenic
P48029	V271F	271	0.7127	pathogenic
P48029	V271G	271	0.8786	pathogenic
P48029	V271H	271	0.996	pathogenic
P48029	V271I	271	0.1347	benign
P48029	V271K	271	0.9965	pathogenic
P48029	V271L	271	0.6204	pathogenic
P48029	V271M	271	0.5147	ambiguous
P48029	V271N	271	0.9774	pathogenic
P48029	V271P	271	0.9806	pathogenic
P48029	V271Q	271	0.9796	pathogenic
P48029	V271R	271	0.991	pathogenic
P48029	V271S	271	0.8713	pathogenic
P48029	V271T	271	0.813	pathogenic
P48029	V271W	271	0.9937	pathogenic
P48029	V271Y	271	0.9869	pathogenic
P48029	L272A	272	0.9745	pathogenic
P48029	L272C	272	0.9899	pathogenic
P48029	L272D	272	0.9997	pathogenic
P48029	L272E	272	0.9984	pathogenic
P48029	L272F	272	0.9623	pathogenic
P48029	L272G	272	0.9923	pathogenic
P48029	L272H	272	0.9987	pathogenic
P48029	L272I	272	0.777	pathogenic
P48029	L272K	272	0.9985	pathogenic
P48029	L272M	272	0.5522	ambiguous
P48029	L272N	272	0.9973	pathogenic
P48029	L272P	272	0.9986	pathogenic
P48029	L272Q	272	0.9951	pathogenic
P48029	L272R	272	0.9974	pathogenic
P48029	L272S	272	0.9944	pathogenic
P48029	L272T	272	0.9828	pathogenic
P48029	L272V	272	0.8806	pathogenic
P48029	L272W	272	0.9961	pathogenic
P48029	L272Y	272	0.9975	pathogenic
P48029	V273A	273	0.1167	benign
P48029	V273C	273	0.4824	ambiguous
P48029	V273D	273	0.9525	pathogenic
P48029	V273E	273	0.9506	pathogenic
P48029	V273F	273	0.1378	benign
P48029	V273G	273	0.2085	benign
P48029	V273H	273	0.9637	pathogenic
P48029	V273I	273	0.0729	benign
P48029	V273K	273	0.9838	pathogenic
P48029	V273L	273	0.1014	benign
P48029	V273M	273	0.1235	benign
P48029	V273N	273	0.8262	pathogenic
P48029	V273P	273	0.9095	pathogenic
P48029	V273Q	273	0.9252	pathogenic
P48029	V273R	273	0.9686	pathogenic
P48029	V273S	273	0.2935	benign
P48029	V273T	273	0.162	benign
P48029	V273W	273	0.8925	pathogenic
P48029	V273Y	273	0.8737	pathogenic
P48029	V274A	274	0.2241	benign
P48029	V274C	274	0.625	pathogenic
P48029	V274D	274	0.9769	pathogenic
P48029	V274E	274	0.9722	pathogenic
P48029	V274F	274	0.2012	benign
P48029	V274G	274	0.3185	benign
P48029	V274H	274	0.9786	pathogenic
P48029	V274I	274	0.0736	benign
P48029	V274K	274	0.9875	pathogenic
P48029	V274L	274	0.1519	benign
P48029	V274M	274	0.197	benign
P48029	V274N	274	0.9039	pathogenic
P48029	V274P	274	0.8983	pathogenic
P48029	V274Q	274	0.9518	pathogenic
P48029	V274R	274	0.9752	pathogenic
P48029	V274S	274	0.4336	ambiguous
P48029	V274T	274	0.3262	benign
P48029	V274W	274	0.9391	pathogenic
P48029	V274Y	274	0.8938	pathogenic
P48029	L275A	275	0.9895	pathogenic
P48029	L275C	275	0.9923	pathogenic
P48029	L275D	275	0.9998	pathogenic
P48029	L275E	275	0.9991	pathogenic
P48029	L275F	275	0.9082	pathogenic
P48029	L275G	275	0.9962	pathogenic
P48029	L275H	275	0.9979	pathogenic
P48029	L275I	275	0.8778	pathogenic
P48029	L275K	275	0.9986	pathogenic
P48029	L275M	275	0.7985	pathogenic
P48029	L275N	275	0.9984	pathogenic
P48029	L275P	275	0.9975	pathogenic
P48029	L275Q	275	0.9969	pathogenic
P48029	L275R	275	0.9964	pathogenic
P48029	L275S	275	0.9979	pathogenic
P48029	L275T	275	0.9935	pathogenic
P48029	L275V	275	0.9285	pathogenic
P48029	L275W	275	0.992	pathogenic
P48029	L275Y	275	0.9951	pathogenic
P48029	L276A	276	0.5436	ambiguous
P48029	L276C	276	0.621	pathogenic
P48029	L276D	276	0.9982	pathogenic
P48029	L276E	276	0.9944	pathogenic
P48029	L276F	276	0.1787	benign
P48029	L276G	276	0.7609	pathogenic
P48029	L276H	276	0.9748	pathogenic
P48029	L276I	276	0.6314	pathogenic
P48029	L276K	276	0.9955	pathogenic
P48029	L276M	276	0.2432	benign
P48029	L276N	276	0.9841	pathogenic
P48029	L276P	276	0.9939	pathogenic
P48029	L276Q	276	0.9563	pathogenic
P48029	L276R	276	0.9845	pathogenic
P48029	L276S	276	0.8714	pathogenic
P48029	L276T	276	0.7126	pathogenic
P48029	L276V	276	0.446	ambiguous
P48029	L276W	276	0.8288	pathogenic
P48029	L276Y	276	0.9317	pathogenic
P48029	V277A	277	0.1497	benign
P48029	V277C	277	0.4949	ambiguous
P48029	V277D	277	0.9668	pathogenic
P48029	V277E	277	0.9461	pathogenic
P48029	V277F	277	0.1069	benign
P48029	V277G	277	0.1601	benign
P48029	V277H	277	0.9475	pathogenic
P48029	V277I	277	0.072	benign
P48029	V277K	277	0.9709	pathogenic
P48029	V277L	277	0.114	benign
P48029	V277M	277	0.1585	benign
P48029	V277N	277	0.8642	pathogenic
P48029	V277P	277	0.9312	pathogenic
P48029	V277Q	277	0.8937	pathogenic
P48029	V277R	277	0.9424	pathogenic
P48029	V277S	277	0.3474	ambiguous
P48029	V277T	277	0.2892	benign
P48029	V277W	277	0.834	pathogenic
P48029	V277Y	277	0.7629	pathogenic
P48029	R278A	278	0.9441	pathogenic
P48029	R278C	278	0.7371	pathogenic
P48029	R278D	278	0.976	pathogenic
P48029	R278E	278	0.8767	pathogenic
P48029	R278F	278	0.9705	pathogenic
P48029	R278G	278	0.8714	pathogenic
P48029	R278H	278	0.3753	ambiguous
P48029	R278I	278	0.9509	pathogenic
P48029	R278K	278	0.615	pathogenic
P48029	R278L	278	0.9024	pathogenic
P48029	R278M	278	0.9601	pathogenic
P48029	R278N	278	0.9132	pathogenic
P48029	R278P	278	0.9789	pathogenic
P48029	R278Q	278	0.387	ambiguous
P48029	R278S	278	0.9276	pathogenic
P48029	R278T	278	0.9304	pathogenic
P48029	R278V	278	0.9393	pathogenic
P48029	R278W	278	0.6646	pathogenic
P48029	R278Y	278	0.8814	pathogenic
P48029	G279A	279	0.6674	pathogenic
P48029	G279C	279	0.9591	pathogenic
P48029	G279D	279	0.9969	pathogenic
P48029	G279E	279	0.9968	pathogenic
P48029	G279F	279	0.9975	pathogenic
P48029	G279H	279	0.9988	pathogenic
P48029	G279I	279	0.9894	pathogenic
P48029	G279K	279	0.9994	pathogenic
P48029	G279L	279	0.9902	pathogenic
P48029	G279M	279	0.99	pathogenic
P48029	G279N	279	0.9905	pathogenic
P48029	G279P	279	0.9995	pathogenic
P48029	G279Q	279	0.9963	pathogenic
P48029	G279R	279	0.9985	pathogenic
P48029	G279S	279	0.778	pathogenic
P48029	G279T	279	0.9277	pathogenic
P48029	G279V	279	0.966	pathogenic
P48029	G279W	279	0.9974	pathogenic
P48029	G279Y	279	0.9979	pathogenic
P48029	V280A	280	0.1436	benign
P48029	V280C	280	0.5226	ambiguous
P48029	V280D	280	0.9755	pathogenic
P48029	V280E	280	0.9571	pathogenic
P48029	V280F	280	0.1882	benign
P48029	V280G	280	0.2218	benign
P48029	V280H	280	0.9607	pathogenic
P48029	V280I	280	0.081	benign
P48029	V280K	280	0.9738	pathogenic
P48029	V280L	280	0.1465	benign
P48029	V280M	280	0.1549	benign
P48029	V280N	280	0.8684	pathogenic
P48029	V280P	280	0.9777	pathogenic
P48029	V280Q	280	0.9062	pathogenic
P48029	V280R	280	0.95	pathogenic
P48029	V280S	280	0.2744	benign
P48029	V280T	280	0.2609	benign
P48029	V280W	280	0.912	pathogenic
P48029	V280Y	280	0.8464	pathogenic
P48029	L281A	281	0.1893	benign
P48029	L281C	281	0.5353	ambiguous
P48029	L281D	281	0.8958	pathogenic
P48029	L281E	281	0.5876	pathogenic
P48029	L281F	281	0.1584	benign
P48029	L281G	281	0.3892	ambiguous
P48029	L281H	281	0.4865	ambiguous
P48029	L281I	281	0.1902	benign
P48029	L281K	281	0.5133	ambiguous
P48029	L281M	281	0.0785	benign
P48029	L281N	281	0.5645	pathogenic
P48029	L281P	281	0.8532	pathogenic
P48029	L281Q	281	0.2222	benign
P48029	L281R	281	0.3812	ambiguous
P48029	L281S	281	0.2056	benign
P48029	L281T	281	0.1013	benign
P48029	L281V	281	0.118	benign
P48029	L281W	281	0.3322	benign
P48029	L281Y	281	0.5369	ambiguous
P48029	L282A	282	0.9764	pathogenic
P48029	L282C	282	0.9942	pathogenic
P48029	L282D	282	0.9994	pathogenic
P48029	L282E	282	0.9906	pathogenic
P48029	L282F	282	0.9687	pathogenic
P48029	L282G	282	0.9925	pathogenic
P48029	L282H	282	0.9899	pathogenic
P48029	L282I	282	0.9184	pathogenic
P48029	L282K	282	0.9825	pathogenic
P48029	L282M	282	0.823	pathogenic
P48029	L282N	282	0.9953	pathogenic
P48029	L282P	282	0.9979	pathogenic
P48029	L282Q	282	0.9603	pathogenic
P48029	L282R	282	0.9662	pathogenic
P48029	L282S	282	0.9948	pathogenic
P48029	L282T	282	0.9873	pathogenic
P48029	L282V	282	0.9299	pathogenic
P48029	L282W	282	0.9901	pathogenic
P48029	L282Y	282	0.9897	pathogenic
P48029	P283A	283	0.4667	ambiguous
P48029	P283C	283	0.9785	pathogenic
P48029	P283D	283	0.524	ambiguous
P48029	P283E	283	0.4746	ambiguous
P48029	P283F	283	0.9801	pathogenic
P48029	P283G	283	0.7574	pathogenic
P48029	P283H	283	0.615	pathogenic
P48029	P283I	283	0.9404	pathogenic
P48029	P283K	283	0.6858	pathogenic
P48029	P283L	283	0.7534	pathogenic
P48029	P283M	283	0.9382	pathogenic
P48029	P283N	283	0.7523	pathogenic
P48029	P283Q	283	0.5383	ambiguous
P48029	P283R	283	0.5436	ambiguous
P48029	P283S	283	0.519	ambiguous
P48029	P283T	283	0.5509	ambiguous
P48029	P283V	283	0.8453	pathogenic
P48029	P283W	283	0.9685	pathogenic
P48029	P283Y	283	0.9495	pathogenic
P48029	G284A	284	0.9146	pathogenic
P48029	G284C	284	0.9846	pathogenic
P48029	G284D	284	0.968	pathogenic
P48029	G284E	284	0.9821	pathogenic
P48029	G284F	284	0.9929	pathogenic
P48029	G284H	284	0.9813	pathogenic
P48029	G284I	284	0.9962	pathogenic
P48029	G284K	284	0.9914	pathogenic
P48029	G284L	284	0.9923	pathogenic
P48029	G284M	284	0.9949	pathogenic
P48029	G284N	284	0.9517	pathogenic
P48029	G284P	284	0.9974	pathogenic
P48029	G284Q	284	0.9792	pathogenic
P48029	G284R	284	0.9758	pathogenic
P48029	G284S	284	0.8424	pathogenic
P48029	G284T	284	0.9709	pathogenic
P48029	G284V	284	0.9875	pathogenic
P48029	G284W	284	0.9864	pathogenic
P48029	G284Y	284	0.9885	pathogenic
P48029	A285C	285	0.8518	pathogenic
P48029	A285D	285	0.9923	pathogenic
P48029	A285E	285	0.9882	pathogenic
P48029	A285F	285	0.9046	pathogenic
P48029	A285G	285	0.454	ambiguous
P48029	A285H	285	0.9514	pathogenic
P48029	A285I	285	0.9885	pathogenic
P48029	A285K	285	0.9963	pathogenic
P48029	A285L	285	0.9508	pathogenic
P48029	A285M	285	0.9361	pathogenic
P48029	A285N	285	0.9752	pathogenic
P48029	A285P	285	0.9902	pathogenic
P48029	A285Q	285	0.9469	pathogenic
P48029	A285R	285	0.9767	pathogenic
P48029	A285S	285	0.1273	benign
P48029	A285T	285	0.8707	pathogenic
P48029	A285V	285	0.9409	pathogenic
P48029	A285W	285	0.9791	pathogenic
P48029	A285Y	285	0.9393	pathogenic
P48029	L286A	286	0.096	benign
P48029	L286C	286	0.5814	pathogenic
P48029	L286D	286	0.5813	pathogenic
P48029	L286E	286	0.2464	benign
P48029	L286F	286	0.0875	benign
P48029	L286G	286	0.1828	benign
P48029	L286H	286	0.2061	benign
P48029	L286I	286	0.0862	benign
P48029	L286K	286	0.1446	benign
P48029	L286M	286	0.0835	benign
P48029	L286N	286	0.3436	ambiguous
P48029	L286P	286	0.3325	benign
P48029	L286Q	286	0.1184	benign
P48029	L286R	286	0.1077	benign
P48029	L286S	286	0.1323	benign
P48029	L286T	286	0.1044	benign
P48029	L286V	286	0.0653	benign
P48029	L286W	286	0.126	benign
P48029	L286Y	286	0.2084	benign
P48029	D287A	287	0.1812	benign
P48029	D287C	287	0.8648	pathogenic
P48029	D287E	287	0.1319	benign
P48029	D287F	287	0.7401	pathogenic
P48029	D287G	287	0.1985	benign
P48029	D287H	287	0.2781	benign
P48029	D287I	287	0.5378	ambiguous
P48029	D287K	287	0.3634	ambiguous
P48029	D287L	287	0.4444	ambiguous
P48029	D287M	287	0.6792	pathogenic
P48029	D287N	287	0.1044	benign
P48029	D287P	287	0.5976	pathogenic
P48029	D287Q	287	0.2444	benign
P48029	D287R	287	0.378	ambiguous
P48029	D287S	287	0.1181	benign
P48029	D287T	287	0.2337	benign
P48029	D287V	287	0.3235	benign
P48029	D287W	287	0.903	pathogenic
P48029	D287Y	287	0.3903	ambiguous
P48029	G288A	288	0.9882	pathogenic
P48029	G288C	288	0.9988	pathogenic
P48029	G288D	288	0.9986	pathogenic
P48029	G288E	288	0.9994	pathogenic
P48029	G288F	288	0.9998	pathogenic
P48029	G288H	288	0.9999	pathogenic
P48029	G288I	288	0.9994	pathogenic
P48029	G288K	288	0.9997	pathogenic
P48029	G288L	288	0.9996	pathogenic
P48029	G288M	288	0.9998	pathogenic
P48029	G288N	288	0.9994	pathogenic
P48029	G288P	288	0.9998	pathogenic
P48029	G288Q	288	0.9996	pathogenic
P48029	G288R	288	0.999	pathogenic
P48029	G288S	288	0.9888	pathogenic
P48029	G288T	288	0.9976	pathogenic
P48029	G288V	288	0.9984	pathogenic
P48029	G288W	288	0.9996	pathogenic
P48029	G288Y	288	0.9997	pathogenic
P48029	I289A	289	0.934	pathogenic
P48029	I289C	289	0.9618	pathogenic
P48029	I289D	289	0.9991	pathogenic
P48029	I289E	289	0.9977	pathogenic
P48029	I289F	289	0.6961	pathogenic
P48029	I289G	289	0.9881	pathogenic
P48029	I289H	289	0.9971	pathogenic
P48029	I289K	289	0.9964	pathogenic
P48029	I289L	289	0.2463	benign
P48029	I289M	289	0.32	benign
P48029	I289N	289	0.9856	pathogenic
P48029	I289P	289	0.9985	pathogenic
P48029	I289Q	289	0.9952	pathogenic
P48029	I289R	289	0.9947	pathogenic
P48029	I289S	289	0.9706	pathogenic
P48029	I289T	289	0.9408	pathogenic
P48029	I289V	289	0.1138	benign
P48029	I289W	289	0.9918	pathogenic
P48029	I289Y	289	0.9809	pathogenic
P48029	I290A	290	0.1467	benign
P48029	I290C	290	0.5333	ambiguous
P48029	I290D	290	0.4403	ambiguous
P48029	I290E	290	0.2887	benign
P48029	I290F	290	0.0924	benign
P48029	I290G	290	0.2847	benign
P48029	I290H	290	0.2403	benign
P48029	I290K	290	0.184	benign
P48029	I290L	290	0.0642	benign
P48029	I290M	290	0.0836	benign
P48029	I290N	290	0.1846	benign
P48029	I290P	290	0.844	pathogenic
P48029	I290Q	290	0.1959	benign
P48029	I290R	290	0.1223	benign
P48029	I290S	290	0.1405	benign
P48029	I290T	290	0.119	benign
P48029	I290V	290	0.0614	benign
P48029	I290W	290	0.4454	ambiguous
P48029	I290Y	290	0.2592	benign
P48029	Y291A	291	0.9612	pathogenic
P48029	Y291C	291	0.8655	pathogenic
P48029	Y291D	291	0.9581	pathogenic
P48029	Y291E	291	0.9909	pathogenic
P48029	Y291F	291	0.0946	benign
P48029	Y291G	291	0.9604	pathogenic
P48029	Y291H	291	0.7896	pathogenic
P48029	Y291I	291	0.9614	pathogenic
P48029	Y291K	291	0.9926	pathogenic
P48029	Y291L	291	0.8988	pathogenic
P48029	Y291M	291	0.9706	pathogenic
P48029	Y291N	291	0.9225	pathogenic
P48029	Y291P	291	0.9949	pathogenic
P48029	Y291Q	291	0.982	pathogenic
P48029	Y291R	291	0.9658	pathogenic
P48029	Y291S	291	0.8851	pathogenic
P48029	Y291T	291	0.9623	pathogenic
P48029	Y291V	291	0.9219	pathogenic
P48029	Y291W	291	0.6679	pathogenic
P48029	Y292A	292	0.9926	pathogenic
P48029	Y292C	292	0.9634	pathogenic
P48029	Y292D	292	0.996	pathogenic
P48029	Y292E	292	0.9994	pathogenic
P48029	Y292F	292	0.3817	ambiguous
P48029	Y292G	292	0.9864	pathogenic
P48029	Y292H	292	0.9934	pathogenic
P48029	Y292I	292	0.9857	pathogenic
P48029	Y292K	292	0.9994	pathogenic
P48029	Y292L	292	0.8251	pathogenic
P48029	Y292M	292	0.9802	pathogenic
P48029	Y292N	292	0.989	pathogenic
P48029	Y292P	292	0.9972	pathogenic
P48029	Y292Q	292	0.9989	pathogenic
P48029	Y292R	292	0.9978	pathogenic
P48029	Y292S	292	0.9742	pathogenic
P48029	Y292T	292	0.9922	pathogenic
P48029	Y292V	292	0.9669	pathogenic
P48029	Y292W	292	0.9538	pathogenic
P48029	L293A	293	0.7024	pathogenic
P48029	L293C	293	0.728	pathogenic
P48029	L293D	293	0.999	pathogenic
P48029	L293E	293	0.9904	pathogenic
P48029	L293F	293	0.4091	ambiguous
P48029	L293G	293	0.9499	pathogenic
P48029	L293H	293	0.9806	pathogenic
P48029	L293I	293	0.112	benign
P48029	L293K	293	0.9909	pathogenic
P48029	L293M	293	0.2025	benign
P48029	L293N	293	0.9903	pathogenic
P48029	L293P	293	0.9951	pathogenic
P48029	L293Q	293	0.9459	pathogenic
P48029	L293R	293	0.9701	pathogenic
P48029	L293S	293	0.9263	pathogenic
P48029	L293T	293	0.7634	pathogenic
P48029	L293V	293	0.118	benign
P48029	L293W	293	0.8504	pathogenic
P48029	L293Y	293	0.9492	pathogenic
P48029	K294A	294	0.4893	ambiguous
P48029	K294C	294	0.7848	pathogenic
P48029	K294D	294	0.718	pathogenic
P48029	K294E	294	0.1942	benign
P48029	K294F	294	0.7663	pathogenic
P48029	K294G	294	0.6754	pathogenic
P48029	K294H	294	0.2171	benign
P48029	K294I	294	0.4226	ambiguous
P48029	K294L	294	0.3818	ambiguous
P48029	K294M	294	0.2788	benign
P48029	K294N	294	0.4672	ambiguous
P48029	K294P	294	0.965	pathogenic
P48029	K294Q	294	0.0907	benign
P48029	K294R	294	0.0804	benign
P48029	K294S	294	0.376	ambiguous
P48029	K294T	294	0.1732	benign
P48029	K294V	294	0.3622	ambiguous
P48029	K294W	294	0.6359	pathogenic
P48029	K294Y	294	0.5075	ambiguous
P48029	P295A	295	0.6202	pathogenic
P48029	P295C	295	0.9871	pathogenic
P48029	P295D	295	0.9935	pathogenic
P48029	P295E	295	0.9872	pathogenic
P48029	P295F	295	0.9838	pathogenic
P48029	P295G	295	0.9328	pathogenic
P48029	P295H	295	0.9792	pathogenic
P48029	P295I	295	0.9383	pathogenic
P48029	P295K	295	0.9877	pathogenic
P48029	P295L	295	0.8153	pathogenic
P48029	P295M	295	0.9293	pathogenic
P48029	P295N	295	0.9922	pathogenic
P48029	P295Q	295	0.9724	pathogenic
P48029	P295R	295	0.9702	pathogenic
P48029	P295S	295	0.9274	pathogenic
P48029	P295T	295	0.8324	pathogenic
P48029	P295V	295	0.851	pathogenic
P48029	P295W	295	0.9855	pathogenic
P48029	P295Y	295	0.9865	pathogenic
P48029	D296A	296	0.4662	ambiguous
P48029	D296C	296	0.9044	pathogenic
P48029	D296E	296	0.3255	benign
P48029	D296F	296	0.9374	pathogenic
P48029	D296G	296	0.7588	pathogenic
P48029	D296H	296	0.5919	pathogenic
P48029	D296I	296	0.5235	ambiguous
P48029	D296K	296	0.6838	pathogenic
P48029	D296L	296	0.739	pathogenic
P48029	D296M	296	0.8527	pathogenic
P48029	D296N	296	0.1081	benign
P48029	D296P	296	0.9402	pathogenic
P48029	D296Q	296	0.528	ambiguous
P48029	D296R	296	0.6551	pathogenic
P48029	D296S	296	0.2372	benign
P48029	D296T	296	0.5213	ambiguous
P48029	D296V	296	0.2975	benign
P48029	D296W	296	0.9859	pathogenic
P48029	D296Y	296	0.6603	pathogenic
P48029	W297A	297	0.5394	ambiguous
P48029	W297C	297	0.7927	pathogenic
P48029	W297D	297	0.9483	pathogenic
P48029	W297E	297	0.9404	pathogenic
P48029	W297F	297	0.14	benign
P48029	W297G	297	0.4925	ambiguous
P48029	W297H	297	0.8631	pathogenic
P48029	W297I	297	0.3777	ambiguous
P48029	W297K	297	0.9268	pathogenic
P48029	W297L	297	0.2331	benign
P48029	W297M	297	0.4643	ambiguous
P48029	W297N	297	0.9269	pathogenic
P48029	W297P	297	0.6551	pathogenic
P48029	W297Q	297	0.9178	pathogenic
P48029	W297R	297	0.8788	pathogenic
P48029	W297S	297	0.601	pathogenic
P48029	W297T	297	0.5663	pathogenic
P48029	W297V	297	0.344	ambiguous
P48029	W297Y	297	0.4756	ambiguous
P48029	S298A	298	0.0888	benign
P48029	S298C	298	0.2847	benign
P48029	S298D	298	0.2124	benign
P48029	S298E	298	0.2191	benign
P48029	S298F	298	0.2935	benign
P48029	S298G	298	0.0828	benign
P48029	S298H	298	0.2137	benign
P48029	S298I	298	0.2674	benign
P48029	S298K	298	0.3111	benign
P48029	S298L	298	0.1271	benign
P48029	S298M	298	0.2205	benign
P48029	S298N	298	0.1182	benign
P48029	S298P	298	0.3347	benign
P48029	S298Q	298	0.2477	benign
P48029	S298R	298	0.2878	benign
P48029	S298T	298	0.0847	benign
P48029	S298V	298	0.2253	benign
P48029	S298W	298	0.376	ambiguous
P48029	S298Y	298	0.2513	benign
P48029	K299A	299	0.647	pathogenic
P48029	K299C	299	0.8731	pathogenic
P48029	K299D	299	0.9191	pathogenic
P48029	K299E	299	0.5235	ambiguous
P48029	K299F	299	0.9325	pathogenic
P48029	K299G	299	0.8091	pathogenic
P48029	K299H	299	0.459	ambiguous
P48029	K299I	299	0.6753	pathogenic
P48029	K299L	299	0.4733	ambiguous
P48029	K299M	299	0.4754	ambiguous
P48029	K299N	299	0.8319	pathogenic
P48029	K299P	299	0.9602	pathogenic
P48029	K299Q	299	0.2064	benign
P48029	K299R	299	0.0804	benign
P48029	K299S	299	0.7602	pathogenic
P48029	K299T	299	0.5252	ambiguous
P48029	K299V	299	0.5431	ambiguous
P48029	K299W	299	0.9283	pathogenic
P48029	K299Y	299	0.8635	pathogenic
P48029	L300A	300	0.7811	pathogenic
P48029	L300C	300	0.9733	pathogenic
P48029	L300D	300	0.9986	pathogenic
P48029	L300E	300	0.9913	pathogenic
P48029	L300F	300	0.6429	pathogenic
P48029	L300G	300	0.981	pathogenic
P48029	L300H	300	0.9882	pathogenic
P48029	L300I	300	0.2836	benign
P48029	L300K	300	0.989	pathogenic
P48029	L300M	300	0.3976	ambiguous
P48029	L300N	300	0.9948	pathogenic
P48029	L300P	300	0.9581	pathogenic
P48029	L300Q	300	0.9748	pathogenic
P48029	L300R	300	0.9724	pathogenic
P48029	L300S	300	0.9788	pathogenic
P48029	L300T	300	0.8798	pathogenic
P48029	L300V	300	0.3179	benign
P48029	L300W	300	0.8496	pathogenic
P48029	L300Y	300	0.9569	pathogenic
P48029	G301A	301	0.0579	benign
P48029	G301C	301	0.2018	benign
P48029	G301D	301	0.2274	benign
P48029	G301E	301	0.1426	benign
P48029	G301F	301	0.2682	benign
P48029	G301H	301	0.2178	benign
P48029	G301I	301	0.1636	benign
P48029	G301K	301	0.1829	benign
P48029	G301L	301	0.1447	benign
P48029	G301M	301	0.1976	benign
P48029	G301N	301	0.2238	benign
P48029	G301P	301	0.5582	ambiguous
P48029	G301Q	301	0.1376	benign
P48029	G301R	301	0.1425	benign
P48029	G301S	301	0.0732	benign
P48029	G301T	301	0.0812	benign
P48029	G301V	301	0.1105	benign
P48029	G301W	301	0.1823	benign
P48029	G301Y	301	0.2319	benign
P48029	S302A	302	0.1137	benign
P48029	S302C	302	0.1919	benign
P48029	S302D	302	0.1904	benign
P48029	S302E	302	0.2736	benign
P48029	S302F	302	0.2893	benign
P48029	S302G	302	0.1737	benign
P48029	S302H	302	0.2392	benign
P48029	S302I	302	0.1983	benign
P48029	S302K	302	0.4612	ambiguous
P48029	S302L	302	0.124	benign
P48029	S302M	302	0.1915	benign
P48029	S302N	302	0.1151	benign
P48029	S302P	302	0.7952	pathogenic
P48029	S302Q	302	0.2981	benign
P48029	S302R	302	0.44	ambiguous
P48029	S302T	302	0.0859	benign
P48029	S302V	302	0.1764	benign
P48029	S302W	302	0.4432	ambiguous
P48029	S302Y	302	0.2373	benign
P48029	P303A	303	0.1086	benign
P48029	P303C	303	0.84	pathogenic
P48029	P303D	303	0.9299	pathogenic
P48029	P303E	303	0.839	pathogenic
P48029	P303F	303	0.8619	pathogenic
P48029	P303G	303	0.4908	ambiguous
P48029	P303H	303	0.6056	pathogenic
P48029	P303I	303	0.7698	pathogenic
P48029	P303K	303	0.8187	pathogenic
P48029	P303L	303	0.5325	ambiguous
P48029	P303M	303	0.7347	pathogenic
P48029	P303N	303	0.8693	pathogenic
P48029	P303Q	303	0.6098	pathogenic
P48029	P303R	303	0.6291	pathogenic
P48029	P303S	303	0.2257	benign
P48029	P303T	303	0.3537	ambiguous
P48029	P303V	303	0.5394	ambiguous
P48029	P303W	303	0.8944	pathogenic
P48029	P303Y	303	0.8566	pathogenic
P48029	Q304A	304	0.3769	ambiguous
P48029	Q304C	304	0.9693	pathogenic
P48029	Q304D	304	0.7001	pathogenic
P48029	Q304E	304	0.1265	benign
P48029	Q304F	304	0.9639	pathogenic
P48029	Q304G	304	0.5015	ambiguous
P48029	Q304H	304	0.7139	pathogenic
P48029	Q304I	304	0.796	pathogenic
P48029	Q304K	304	0.2162	benign
P48029	Q304L	304	0.5222	ambiguous
P48029	Q304M	304	0.6434	pathogenic
P48029	Q304N	304	0.6821	pathogenic
P48029	Q304P	304	0.8496	pathogenic
P48029	Q304R	304	0.2543	benign
P48029	Q304S	304	0.4605	ambiguous
P48029	Q304T	304	0.4032	ambiguous
P48029	Q304V	304	0.531	ambiguous
P48029	Q304W	304	0.9409	pathogenic
P48029	Q304Y	304	0.913	pathogenic
P48029	V305A	305	0.9272	pathogenic
P48029	V305C	305	0.9794	pathogenic
P48029	V305D	305	0.99	pathogenic
P48029	V305E	305	0.982	pathogenic
P48029	V305F	305	0.9686	pathogenic
P48029	V305G	305	0.8654	pathogenic
P48029	V305H	305	0.9961	pathogenic
P48029	V305I	305	0.2356	benign
P48029	V305K	305	0.9909	pathogenic
P48029	V305L	305	0.938	pathogenic
P48029	V305M	305	0.9187	pathogenic
P48029	V305N	305	0.9586	pathogenic
P48029	V305P	305	0.9374	pathogenic
P48029	V305Q	305	0.9788	pathogenic
P48029	V305R	305	0.9791	pathogenic
P48029	V305S	305	0.9354	pathogenic
P48029	V305T	305	0.8355	pathogenic
P48029	V305W	305	0.9986	pathogenic
P48029	V305Y	305	0.9934	pathogenic
P48029	W306A	306	0.9971	pathogenic
P48029	W306C	306	0.9972	pathogenic
P48029	W306D	306	0.9999	pathogenic
P48029	W306E	306	0.9998	pathogenic
P48029	W306F	306	0.8398	pathogenic
P48029	W306G	306	0.9924	pathogenic
P48029	W306H	306	0.9979	pathogenic
P48029	W306I	306	0.9945	pathogenic
P48029	W306K	306	0.9999	pathogenic
P48029	W306L	306	0.9737	pathogenic
P48029	W306M	306	0.9945	pathogenic
P48029	W306N	306	0.9996	pathogenic
P48029	W306P	306	0.9995	pathogenic
P48029	W306Q	306	0.9998	pathogenic
P48029	W306R	306	0.9998	pathogenic
P48029	W306S	306	0.9956	pathogenic
P48029	W306T	306	0.9976	pathogenic
P48029	W306V	306	0.994	pathogenic
P48029	W306Y	306	0.9675	pathogenic
P48029	I307A	307	0.7713	pathogenic
P48029	I307C	307	0.9563	pathogenic
P48029	I307D	307	0.9877	pathogenic
P48029	I307E	307	0.9355	pathogenic
P48029	I307F	307	0.8097	pathogenic
P48029	I307G	307	0.9372	pathogenic
P48029	I307H	307	0.9669	pathogenic
P48029	I307K	307	0.8169	pathogenic
P48029	I307L	307	0.3095	benign
P48029	I307M	307	0.2052	benign
P48029	I307N	307	0.8207	pathogenic
P48029	I307P	307	0.9906	pathogenic
P48029	I307Q	307	0.8672	pathogenic
P48029	I307R	307	0.7677	pathogenic
P48029	I307S	307	0.7958	pathogenic
P48029	I307T	307	0.5976	pathogenic
P48029	I307V	307	0.1829	benign
P48029	I307W	307	0.9759	pathogenic
P48029	I307Y	307	0.9507	pathogenic
P48029	D308A	308	0.9191	pathogenic
P48029	D308C	308	0.9975	pathogenic
P48029	D308E	308	0.8822	pathogenic
P48029	D308F	308	0.996	pathogenic
P48029	D308G	308	0.9777	pathogenic
P48029	D308H	308	0.983	pathogenic
P48029	D308I	308	0.9974	pathogenic
P48029	D308K	308	0.9931	pathogenic
P48029	D308L	308	0.9878	pathogenic
P48029	D308M	308	0.9979	pathogenic
P48029	D308N	308	0.9009	pathogenic
P48029	D308P	308	0.999	pathogenic
P48029	D308Q	308	0.9803	pathogenic
P48029	D308R	308	0.9894	pathogenic
P48029	D308S	308	0.9075	pathogenic
P48029	D308T	308	0.9878	pathogenic
P48029	D308V	308	0.9897	pathogenic
P48029	D308W	308	0.999	pathogenic
P48029	D308Y	308	0.9745	pathogenic
P48029	A309C	309	0.9773	pathogenic
P48029	A309D	309	0.9981	pathogenic
P48029	A309E	309	0.998	pathogenic
P48029	A309F	309	0.9973	pathogenic
P48029	A309G	309	0.5011	ambiguous
P48029	A309H	309	0.9985	pathogenic
P48029	A309I	309	0.9979	pathogenic
P48029	A309K	309	0.9993	pathogenic
P48029	A309L	309	0.9886	pathogenic
P48029	A309M	309	0.9943	pathogenic
P48029	A309N	309	0.9971	pathogenic
P48029	A309P	309	0.9981	pathogenic
P48029	A309Q	309	0.9948	pathogenic
P48029	A309R	309	0.9933	pathogenic
P48029	A309S	309	0.5636	ambiguous
P48029	A309T	309	0.9733	pathogenic
P48029	A309V	309	0.9884	pathogenic
P48029	A309W	309	0.9996	pathogenic
P48029	A309Y	309	0.9987	pathogenic
P48029	G310A	310	0.4267	ambiguous
P48029	G310C	310	0.9079	pathogenic
P48029	G310D	310	0.9991	pathogenic
P48029	G310E	310	0.999	pathogenic
P48029	G310F	310	0.9917	pathogenic
P48029	G310H	310	0.9994	pathogenic
P48029	G310I	310	0.9846	pathogenic
P48029	G310K	310	0.9997	pathogenic
P48029	G310L	310	0.9865	pathogenic
P48029	G310M	310	0.986	pathogenic
P48029	G310N	310	0.9977	pathogenic
P48029	G310P	310	0.9997	pathogenic
P48029	G310Q	310	0.9974	pathogenic
P48029	G310R	310	0.9986	pathogenic
P48029	G310S	310	0.7403	pathogenic
P48029	G310T	310	0.9301	pathogenic
P48029	G310V	310	0.953	pathogenic
P48029	G310W	310	0.9976	pathogenic
P48029	G310Y	310	0.9983	pathogenic
P48029	T311A	311	0.8783	pathogenic
P48029	T311C	311	0.9804	pathogenic
P48029	T311D	311	0.9907	pathogenic
P48029	T311E	311	0.9811	pathogenic
P48029	T311F	311	0.9895	pathogenic
P48029	T311G	311	0.8299	pathogenic
P48029	T311H	311	0.9801	pathogenic
P48029	T311I	311	0.9869	pathogenic
P48029	T311K	311	0.9726	pathogenic
P48029	T311L	311	0.9362	pathogenic
P48029	T311M	311	0.8831	pathogenic
P48029	T311N	311	0.9103	pathogenic
P48029	T311P	311	0.9687	pathogenic
P48029	T311Q	311	0.9455	pathogenic
P48029	T311R	311	0.9702	pathogenic
P48029	T311S	311	0.7007	pathogenic
P48029	T311V	311	0.9469	pathogenic
P48029	T311W	311	0.9957	pathogenic
P48029	T311Y	311	0.99	pathogenic
P48029	Q312A	312	0.9538	pathogenic
P48029	Q312C	312	0.9993	pathogenic
P48029	Q312D	312	0.9989	pathogenic
P48029	Q312E	312	0.9273	pathogenic
P48029	Q312F	312	0.9994	pathogenic
P48029	Q312G	312	0.9807	pathogenic
P48029	Q312H	312	0.9991	pathogenic
P48029	Q312I	312	0.9946	pathogenic
P48029	Q312K	312	0.9962	pathogenic
P48029	Q312L	312	0.9899	pathogenic
P48029	Q312M	312	0.9605	pathogenic
P48029	Q312N	312	0.9758	pathogenic
P48029	Q312P	312	0.9975	pathogenic
P48029	Q312R	312	0.9973	pathogenic
P48029	Q312S	312	0.9306	pathogenic
P48029	Q312T	312	0.9615	pathogenic
P48029	Q312V	312	0.9892	pathogenic
P48029	Q312W	312	0.9997	pathogenic
P48029	Q312Y	312	0.9998	pathogenic
P48029	I313A	313	0.9836	pathogenic
P48029	I313C	313	0.9875	pathogenic
P48029	I313D	313	0.9991	pathogenic
P48029	I313E	313	0.9988	pathogenic
P48029	I313F	313	0.985	pathogenic
P48029	I313G	313	0.9964	pathogenic
P48029	I313H	313	0.9993	pathogenic
P48029	I313K	313	0.9988	pathogenic
P48029	I313L	313	0.7741	pathogenic
P48029	I313M	313	0.8269	pathogenic
P48029	I313N	313	0.9786	pathogenic
P48029	I313P	313	0.9979	pathogenic
P48029	I313Q	313	0.9985	pathogenic
P48029	I313R	313	0.9983	pathogenic
P48029	I313S	313	0.9791	pathogenic
P48029	I313T	313	0.9514	pathogenic
P48029	I313V	313	0.1794	benign
P48029	I313W	313	0.9996	pathogenic
P48029	I313Y	313	0.9976	pathogenic
P48029	F314A	314	0.9902	pathogenic
P48029	F314C	314	0.9617	pathogenic
P48029	F314D	314	0.9993	pathogenic
P48029	F314E	314	0.9994	pathogenic
P48029	F314G	314	0.9934	pathogenic
P48029	F314H	314	0.9952	pathogenic
P48029	F314I	314	0.9751	pathogenic
P48029	F314K	314	0.9994	pathogenic
P48029	F314L	314	0.992	pathogenic
P48029	F314M	314	0.98	pathogenic
P48029	F314N	314	0.9952	pathogenic
P48029	F314P	314	0.9997	pathogenic
P48029	F314Q	314	0.9979	pathogenic
P48029	F314R	314	0.9971	pathogenic
P48029	F314S	314	0.9907	pathogenic
P48029	F314T	314	0.9933	pathogenic
P48029	F314V	314	0.9706	pathogenic
P48029	F314W	314	0.9727	pathogenic
P48029	F314Y	314	0.8279	pathogenic
P48029	F315A	315	0.9988	pathogenic
P48029	F315C	315	0.9985	pathogenic
P48029	F315D	315	0.9994	pathogenic
P48029	F315E	315	0.9998	pathogenic
P48029	F315G	315	0.9988	pathogenic
P48029	F315H	315	0.9959	pathogenic
P48029	F315I	315	0.9989	pathogenic
P48029	F315K	315	0.9998	pathogenic
P48029	F315L	315	0.9997	pathogenic
P48029	F315M	315	0.9989	pathogenic
P48029	F315N	315	0.997	pathogenic
P48029	F315P	315	0.9999	pathogenic
P48029	F315Q	315	0.9993	pathogenic
P48029	F315R	315	0.998	pathogenic
P48029	F315S	315	0.9976	pathogenic
P48029	F315T	315	0.9993	pathogenic
P48029	F315V	315	0.9984	pathogenic
P48029	F315W	315	0.9689	pathogenic
P48029	F315Y	315	0.5493	ambiguous
P48029	S316A	316	0.9003	pathogenic
P48029	S316C	316	0.9767	pathogenic
P48029	S316D	316	0.998	pathogenic
P48029	S316E	316	0.9986	pathogenic
P48029	S316F	316	0.9991	pathogenic
P48029	S316G	316	0.9556	pathogenic
P48029	S316H	316	0.9973	pathogenic
P48029	S316I	316	0.999	pathogenic
P48029	S316K	316	0.9999	pathogenic
P48029	S316L	316	0.9977	pathogenic
P48029	S316M	316	0.9976	pathogenic
P48029	S316N	316	0.9972	pathogenic
P48029	S316P	316	0.9985	pathogenic
P48029	S316Q	316	0.9973	pathogenic
P48029	S316R	316	0.9997	pathogenic
P48029	S316T	316	0.9078	pathogenic
P48029	S316V	316	0.9984	pathogenic
P48029	S316W	316	0.9983	pathogenic
P48029	S316Y	316	0.9986	pathogenic
P48029	Y317A	317	0.9757	pathogenic
P48029	Y317C	317	0.8209	pathogenic
P48029	Y317D	317	0.9853	pathogenic
P48029	Y317E	317	0.9974	pathogenic
P48029	Y317F	317	0.179	benign
P48029	Y317G	317	0.9409	pathogenic
P48029	Y317H	317	0.9829	pathogenic
P48029	Y317I	317	0.9862	pathogenic
P48029	Y317K	317	0.9978	pathogenic
P48029	Y317L	317	0.8626	pathogenic
P48029	Y317M	317	0.9544	pathogenic
P48029	Y317N	317	0.9339	pathogenic
P48029	Y317P	317	0.9982	pathogenic
P48029	Y317Q	317	0.996	pathogenic
P48029	Y317R	317	0.9946	pathogenic
P48029	Y317S	317	0.8929	pathogenic
P48029	Y317T	317	0.9722	pathogenic
P48029	Y317V	317	0.9514	pathogenic
P48029	Y317W	317	0.862	pathogenic
P48029	A318C	318	0.9238	pathogenic
P48029	A318D	318	0.9982	pathogenic
P48029	A318E	318	0.9985	pathogenic
P48029	A318F	318	0.9905	pathogenic
P48029	A318G	318	0.5876	pathogenic
P48029	A318H	318	0.9955	pathogenic
P48029	A318I	318	0.9986	pathogenic
P48029	A318K	318	0.9992	pathogenic
P48029	A318L	318	0.9824	pathogenic
P48029	A318M	318	0.9914	pathogenic
P48029	A318N	318	0.9906	pathogenic
P48029	A318P	318	0.9966	pathogenic
P48029	A318Q	318	0.9878	pathogenic
P48029	A318R	318	0.9932	pathogenic
P48029	A318S	318	0.4524	ambiguous
P48029	A318T	318	0.9648	pathogenic
P48029	A318V	318	0.9927	pathogenic
P48029	A318W	318	0.9988	pathogenic
P48029	A318Y	318	0.9964	pathogenic
P48029	I319A	319	0.887	pathogenic
P48029	I319C	319	0.984	pathogenic
P48029	I319D	319	0.9991	pathogenic
P48029	I319E	319	0.9974	pathogenic
P48029	I319F	319	0.9779	pathogenic
P48029	I319G	319	0.993	pathogenic
P48029	I319H	319	0.9995	pathogenic
P48029	I319K	319	0.9981	pathogenic
P48029	I319L	319	0.5014	ambiguous
P48029	I319M	319	0.7096	pathogenic
P48029	I319N	319	0.9922	pathogenic
P48029	I319P	319	0.9833	pathogenic
P48029	I319Q	319	0.9976	pathogenic
P48029	I319R	319	0.9967	pathogenic
P48029	I319S	319	0.9673	pathogenic
P48029	I319T	319	0.8534	pathogenic
P48029	I319V	319	0.1515	benign
P48029	I319W	319	0.9991	pathogenic
P48029	I319Y	319	0.9984	pathogenic
P48029	G320A	320	0.8273	pathogenic
P48029	G320C	320	0.9051	pathogenic
P48029	G320D	320	0.999	pathogenic
P48029	G320E	320	0.9995	pathogenic
P48029	G320F	320	0.9984	pathogenic
P48029	G320H	320	0.9995	pathogenic
P48029	G320I	320	0.9986	pathogenic
P48029	G320K	320	0.9998	pathogenic
P48029	G320L	320	0.9969	pathogenic
P48029	G320M	320	0.9985	pathogenic
P48029	G320N	320	0.9982	pathogenic
P48029	G320P	320	0.9995	pathogenic
P48029	G320Q	320	0.9988	pathogenic
P48029	G320R	320	0.9989	pathogenic
P48029	G320S	320	0.8968	pathogenic
P48029	G320T	320	0.986	pathogenic
P48029	G320V	320	0.9949	pathogenic
P48029	G320W	320	0.9994	pathogenic
P48029	G320Y	320	0.9993	pathogenic
P48029	L321A	321	0.9556	pathogenic
P48029	L321C	321	0.9803	pathogenic
P48029	L321D	321	0.9982	pathogenic
P48029	L321E	321	0.9901	pathogenic
P48029	L321F	321	0.9328	pathogenic
P48029	L321G	321	0.9789	pathogenic
P48029	L321H	321	0.9931	pathogenic
P48029	L321I	321	0.6053	pathogenic
P48029	L321K	321	0.9872	pathogenic
P48029	L321M	321	0.647	pathogenic
P48029	L321N	321	0.9735	pathogenic
P48029	L321P	321	0.9966	pathogenic
P48029	L321Q	321	0.9789	pathogenic
P48029	L321R	321	0.9841	pathogenic
P48029	L321S	321	0.9895	pathogenic
P48029	L321T	321	0.9236	pathogenic
P48029	L321V	321	0.7039	pathogenic
P48029	L321W	321	0.9794	pathogenic
P48029	L321Y	321	0.9884	pathogenic
P48029	G322A	322	0.9856	pathogenic
P48029	G322C	322	0.9969	pathogenic
P48029	G322D	322	0.9993	pathogenic
P48029	G322E	322	0.9996	pathogenic
P48029	G322F	322	0.9995	pathogenic
P48029	G322H	322	0.9998	pathogenic
P48029	G322I	322	0.9997	pathogenic
P48029	G322K	322	0.9999	pathogenic
P48029	G322L	322	0.9992	pathogenic
P48029	G322M	322	0.9996	pathogenic
P48029	G322N	322	0.9993	pathogenic
P48029	G322P	322	0.9997	pathogenic
P48029	G322Q	322	0.9995	pathogenic
P48029	G322R	322	0.9996	pathogenic
P48029	G322S	322	0.9878	pathogenic
P48029	G322T	322	0.9971	pathogenic
P48029	G322V	322	0.9988	pathogenic
P48029	G322W	322	0.9996	pathogenic
P48029	G322Y	322	0.9997	pathogenic
P48029	A323C	323	0.8223	pathogenic
P48029	A323D	323	0.9974	pathogenic
P48029	A323E	323	0.9966	pathogenic
P48029	A323F	323	0.9856	pathogenic
P48029	A323G	323	0.7423	pathogenic
P48029	A323H	323	0.9956	pathogenic
P48029	A323I	323	0.9796	pathogenic
P48029	A323K	323	0.9989	pathogenic
P48029	A323L	323	0.9459	pathogenic
P48029	A323M	323	0.966	pathogenic
P48029	A323N	323	0.9839	pathogenic
P48029	A323P	323	0.985	pathogenic
P48029	A323Q	323	0.9888	pathogenic
P48029	A323R	323	0.9945	pathogenic
P48029	A323S	323	0.454	ambiguous
P48029	A323T	323	0.7337	pathogenic
P48029	A323V	323	0.9059	pathogenic
P48029	A323W	323	0.9986	pathogenic
P48029	A323Y	323	0.9953	pathogenic
P48029	L324A	324	0.9693	pathogenic
P48029	L324C	324	0.9848	pathogenic
P48029	L324D	324	0.9995	pathogenic
P48029	L324E	324	0.997	pathogenic
P48029	L324F	324	0.9747	pathogenic
P48029	L324G	324	0.9931	pathogenic
P48029	L324H	324	0.9954	pathogenic
P48029	L324I	324	0.856	pathogenic
P48029	L324K	324	0.9958	pathogenic
P48029	L324M	324	0.7004	pathogenic
P48029	L324N	324	0.9884	pathogenic
P48029	L324P	324	0.9968	pathogenic
P48029	L324Q	324	0.9883	pathogenic
P48029	L324R	324	0.9946	pathogenic
P48029	L324S	324	0.9936	pathogenic
P48029	L324T	324	0.9848	pathogenic
P48029	L324V	324	0.8751	pathogenic
P48029	L324W	324	0.9953	pathogenic
P48029	L324Y	324	0.9959	pathogenic
P48029	T325A	325	0.371	ambiguous
P48029	T325C	325	0.7131	pathogenic
P48029	T325D	325	0.9908	pathogenic
P48029	T325E	325	0.9848	pathogenic
P48029	T325F	325	0.9612	pathogenic
P48029	T325G	325	0.7048	pathogenic
P48029	T325H	325	0.9622	pathogenic
P48029	T325I	325	0.7147	pathogenic
P48029	T325K	325	0.9855	pathogenic
P48029	T325L	325	0.6457	pathogenic
P48029	T325M	325	0.4569	ambiguous
P48029	T325N	325	0.8407	pathogenic
P48029	T325P	325	0.5584	ambiguous
P48029	T325Q	325	0.9398	pathogenic
P48029	T325R	325	0.9819	pathogenic
P48029	T325S	325	0.4121	ambiguous
P48029	T325V	325	0.5175	ambiguous
P48029	T325W	325	0.9934	pathogenic
P48029	T325Y	325	0.981	pathogenic
P48029	A326C	326	0.9601	pathogenic
P48029	A326D	326	0.9987	pathogenic
P48029	A326E	326	0.9982	pathogenic
P48029	A326F	326	0.9961	pathogenic
P48029	A326G	326	0.8921	pathogenic
P48029	A326H	326	0.9978	pathogenic
P48029	A326I	326	0.9959	pathogenic
P48029	A326K	326	0.9996	pathogenic
P48029	A326L	326	0.9751	pathogenic
P48029	A326M	326	0.9853	pathogenic
P48029	A326N	326	0.9916	pathogenic
P48029	A326P	326	0.9973	pathogenic
P48029	A326Q	326	0.9914	pathogenic
P48029	A326R	326	0.9972	pathogenic
P48029	A326S	326	0.4843	ambiguous
P48029	A326T	326	0.92	pathogenic
P48029	A326V	326	0.9711	pathogenic
P48029	A326W	326	0.9997	pathogenic
P48029	A326Y	326	0.9984	pathogenic
P48029	L327A	327	0.991	pathogenic
P48029	L327C	327	0.9978	pathogenic
P48029	L327D	327	0.9998	pathogenic
P48029	L327E	327	0.9992	pathogenic
P48029	L327F	327	0.9831	pathogenic
P48029	L327G	327	0.9976	pathogenic
P48029	L327H	327	0.9993	pathogenic
P48029	L327I	327	0.9611	pathogenic
P48029	L327K	327	0.9978	pathogenic
P48029	L327M	327	0.8668	pathogenic
P48029	L327N	327	0.9989	pathogenic
P48029	L327P	327	0.9996	pathogenic
P48029	L327Q	327	0.9987	pathogenic
P48029	L327R	327	0.9966	pathogenic
P48029	L327S	327	0.999	pathogenic
P48029	L327T	327	0.995	pathogenic
P48029	L327V	327	0.9716	pathogenic
P48029	L327W	327	0.9975	pathogenic
P48029	L327Y	327	0.9971	pathogenic
P48029	G328A	328	0.9357	pathogenic
P48029	G328C	328	0.998	pathogenic
P48029	G328D	328	0.9996	pathogenic
P48029	G328E	328	0.9997	pathogenic
P48029	G328F	328	0.9998	pathogenic
P48029	G328H	328	0.9999	pathogenic
P48029	G328I	328	0.9998	pathogenic
P48029	G328K	328	0.9999	pathogenic
P48029	G328L	328	0.9995	pathogenic
P48029	G328M	328	0.9998	pathogenic
P48029	G328N	328	0.9997	pathogenic
P48029	G328P	328	0.9998	pathogenic
P48029	G328Q	328	0.9997	pathogenic
P48029	G328R	328	0.9996	pathogenic
P48029	G328S	328	0.9611	pathogenic
P48029	G328T	328	0.998	pathogenic
P48029	G328V	328	0.9992	pathogenic
P48029	G328W	328	0.9998	pathogenic
P48029	G328Y	328	0.9998	pathogenic
P48029	S329A	329	0.8879	pathogenic
P48029	S329C	329	0.9644	pathogenic
P48029	S329D	329	0.9972	pathogenic
P48029	S329E	329	0.9979	pathogenic
P48029	S329F	329	0.999	pathogenic
P48029	S329G	329	0.9249	pathogenic
P48029	S329H	329	0.995	pathogenic
P48029	S329I	329	0.9982	pathogenic
P48029	S329K	329	0.9996	pathogenic
P48029	S329L	329	0.9975	pathogenic
P48029	S329M	329	0.9976	pathogenic
P48029	S329N	329	0.9938	pathogenic
P48029	S329P	329	0.9986	pathogenic
P48029	S329Q	329	0.997	pathogenic
P48029	S329R	329	0.9988	pathogenic
P48029	S329T	329	0.9633	pathogenic
P48029	S329V	329	0.9979	pathogenic
P48029	S329W	329	0.9971	pathogenic
P48029	S329Y	329	0.9963	pathogenic
P48029	Y330A	330	0.9984	pathogenic
P48029	Y330C	330	0.9833	pathogenic
P48029	Y330D	330	0.9979	pathogenic
P48029	Y330E	330	0.9995	pathogenic
P48029	Y330F	330	0.4965	ambiguous
P48029	Y330G	330	0.992	pathogenic
P48029	Y330H	330	0.9931	pathogenic
P48029	Y330I	330	0.9987	pathogenic
P48029	Y330K	330	0.9993	pathogenic
P48029	Y330L	330	0.989	pathogenic
P48029	Y330M	330	0.9981	pathogenic
P48029	Y330N	330	0.9908	pathogenic
P48029	Y330P	330	0.9984	pathogenic
P48029	Y330Q	330	0.9992	pathogenic
P48029	Y330R	330	0.9956	pathogenic
P48029	Y330S	330	0.9908	pathogenic
P48029	Y330T	330	0.9984	pathogenic
P48029	Y330V	330	0.9945	pathogenic
P48029	Y330W	330	0.9163	pathogenic
P48029	N331A	331	0.9916	pathogenic
P48029	N331C	331	0.9351	pathogenic
P48029	N331D	331	0.9962	pathogenic
P48029	N331E	331	0.9984	pathogenic
P48029	N331F	331	0.9989	pathogenic
P48029	N331G	331	0.9859	pathogenic
P48029	N331H	331	0.9808	pathogenic
P48029	N331I	331	0.9929	pathogenic
P48029	N331K	331	0.9989	pathogenic
P48029	N331L	331	0.9775	pathogenic
P48029	N331M	331	0.9945	pathogenic
P48029	N331P	331	0.9953	pathogenic
P48029	N331Q	331	0.9941	pathogenic
P48029	N331R	331	0.9953	pathogenic
P48029	N331S	331	0.8129	pathogenic
P48029	N331T	331	0.9811	pathogenic
P48029	N331V	331	0.9885	pathogenic
P48029	N331W	331	0.9993	pathogenic
P48029	N331Y	331	0.9894	pathogenic
P48029	R332A	332	0.7943	pathogenic
P48029	R332C	332	0.4557	ambiguous
P48029	R332D	332	0.916	pathogenic
P48029	R332E	332	0.7639	pathogenic
P48029	R332F	332	0.9308	pathogenic
P48029	R332G	332	0.7595	pathogenic
P48029	R332H	332	0.2301	benign
P48029	R332I	332	0.7643	pathogenic
P48029	R332K	332	0.2477	benign
P48029	R332L	332	0.6191	pathogenic
P48029	R332M	332	0.8221	pathogenic
P48029	R332N	332	0.8467	pathogenic
P48029	R332P	332	0.9095	pathogenic
P48029	R332Q	332	0.2144	benign
P48029	R332S	332	0.8288	pathogenic
P48029	R332T	332	0.6723	pathogenic
P48029	R332V	332	0.7484	pathogenic
P48029	R332W	332	0.7079	pathogenic
P48029	R332Y	332	0.8005	pathogenic
P48029	F333A	333	0.9957	pathogenic
P48029	F333C	333	0.9922	pathogenic
P48029	F333D	333	0.9972	pathogenic
P48029	F333E	333	0.9961	pathogenic
P48029	F333G	333	0.9962	pathogenic
P48029	F333H	333	0.9729	pathogenic
P48029	F333I	333	0.9816	pathogenic
P48029	F333K	333	0.9919	pathogenic
P48029	F333L	333	0.9964	pathogenic
P48029	F333M	333	0.9843	pathogenic
P48029	F333N	333	0.9937	pathogenic
P48029	F333P	333	0.9975	pathogenic
P48029	F333Q	333	0.9905	pathogenic
P48029	F333R	333	0.9735	pathogenic
P48029	F333S	333	0.9964	pathogenic
P48029	F333T	333	0.9974	pathogenic
P48029	F333V	333	0.9806	pathogenic
P48029	F333W	333	0.829	pathogenic
P48029	F333Y	333	0.5283	ambiguous
P48029	N334A	334	0.6198	pathogenic
P48029	N334C	334	0.5107	ambiguous
P48029	N334D	334	0.2282	benign
P48029	N334E	334	0.7053	pathogenic
P48029	N334F	334	0.8705	pathogenic
P48029	N334G	334	0.4396	ambiguous
P48029	N334H	334	0.0974	benign
P48029	N334I	334	0.9121	pathogenic
P48029	N334K	334	0.7311	pathogenic
P48029	N334L	334	0.7603	pathogenic
P48029	N334M	334	0.8514	pathogenic
P48029	N334P	334	0.8725	pathogenic
P48029	N334Q	334	0.5176	ambiguous
P48029	N334R	334	0.5755	pathogenic
P48029	N334S	334	0.1303	benign
P48029	N334T	334	0.3686	ambiguous
P48029	N334V	334	0.8444	pathogenic
P48029	N334W	334	0.8884	pathogenic
P48029	N334Y	334	0.4368	ambiguous
P48029	N335A	335	0.9597	pathogenic
P48029	N335C	335	0.878	pathogenic
P48029	N335D	335	0.9641	pathogenic
P48029	N335E	335	0.9884	pathogenic
P48029	N335F	335	0.976	pathogenic
P48029	N335G	335	0.9364	pathogenic
P48029	N335H	335	0.726	pathogenic
P48029	N335I	335	0.9718	pathogenic
P48029	N335K	335	0.9937	pathogenic
P48029	N335L	335	0.9364	pathogenic
P48029	N335M	335	0.9758	pathogenic
P48029	N335P	335	0.9923	pathogenic
P48029	N335Q	335	0.9662	pathogenic
P48029	N335R	335	0.9769	pathogenic
P48029	N335S	335	0.5777	pathogenic
P48029	N335T	335	0.8896	pathogenic
P48029	N335V	335	0.953	pathogenic
P48029	N335W	335	0.9901	pathogenic
P48029	N335Y	335	0.7975	pathogenic
P48029	N336A	336	0.8829	pathogenic
P48029	N336C	336	0.9094	pathogenic
P48029	N336D	336	0.0883	benign
P48029	N336E	336	0.9292	pathogenic
P48029	N336F	336	0.9912	pathogenic
P48029	N336G	336	0.9122	pathogenic
P48029	N336H	336	0.6123	pathogenic
P48029	N336I	336	0.9593	pathogenic
P48029	N336K	336	0.9737	pathogenic
P48029	N336L	336	0.9488	pathogenic
P48029	N336M	336	0.9763	pathogenic
P48029	N336P	336	0.9562	pathogenic
P48029	N336Q	336	0.9174	pathogenic
P48029	N336R	336	0.9467	pathogenic
P48029	N336S	336	0.3452	ambiguous
P48029	N336T	336	0.8506	pathogenic
P48029	N336V	336	0.9366	pathogenic
P48029	N336W	336	0.996	pathogenic
P48029	N336Y	336	0.8875	pathogenic
P48029	C337A	337	0.8742	pathogenic
P48029	C337D	337	0.9984	pathogenic
P48029	C337E	337	0.9995	pathogenic
P48029	C337F	337	0.9682	pathogenic
P48029	C337G	337	0.8876	pathogenic
P48029	C337H	337	0.9951	pathogenic
P48029	C337I	337	0.924	pathogenic
P48029	C337K	337	0.9999	pathogenic
P48029	C337L	337	0.9659	pathogenic
P48029	C337M	337	0.9749	pathogenic
P48029	C337N	337	0.9753	pathogenic
P48029	C337P	337	0.9905	pathogenic
P48029	C337Q	337	0.9977	pathogenic
P48029	C337R	337	0.9982	pathogenic
P48029	C337S	337	0.7622	pathogenic
P48029	C337T	337	0.8749	pathogenic
P48029	C337V	337	0.7624	pathogenic
P48029	C337W	337	0.9972	pathogenic
P48029	C337Y	337	0.9944	pathogenic
P48029	Y338A	338	0.8866	pathogenic
P48029	Y338C	338	0.5011	ambiguous
P48029	Y338D	338	0.9395	pathogenic
P48029	Y338E	338	0.9525	pathogenic
P48029	Y338F	338	0.1324	benign
P48029	Y338G	338	0.8679	pathogenic
P48029	Y338H	338	0.5268	ambiguous
P48029	Y338I	338	0.8252	pathogenic
P48029	Y338K	338	0.9634	pathogenic
P48029	Y338L	338	0.626	pathogenic
P48029	Y338M	338	0.8268	pathogenic
P48029	Y338N	338	0.7597	pathogenic
P48029	Y338P	338	0.9707	pathogenic
P48029	Y338Q	338	0.8629	pathogenic
P48029	Y338R	338	0.8807	pathogenic
P48029	Y338S	338	0.7681	pathogenic
P48029	Y338T	338	0.8986	pathogenic
P48029	Y338V	338	0.7183	pathogenic
P48029	Y338W	338	0.4807	ambiguous
P48029	K339A	339	0.5583	ambiguous
P48029	K339C	339	0.7719	pathogenic
P48029	K339D	339	0.8855	pathogenic
P48029	K339E	339	0.3994	ambiguous
P48029	K339F	339	0.8814	pathogenic
P48029	K339G	339	0.5545	ambiguous
P48029	K339H	339	0.3821	ambiguous
P48029	K339I	339	0.6426	pathogenic
P48029	K339L	339	0.5357	ambiguous
P48029	K339M	339	0.4769	ambiguous
P48029	K339N	339	0.7577	pathogenic
P48029	K339P	339	0.9224	pathogenic
P48029	K339Q	339	0.1326	benign
P48029	K339R	339	0.0624	benign
P48029	K339S	339	0.6053	pathogenic
P48029	K339T	339	0.3409	ambiguous
P48029	K339V	339	0.5246	ambiguous
P48029	K339W	339	0.6975	pathogenic
P48029	K339Y	339	0.7516	pathogenic
P48029	D340A	340	0.9928	pathogenic
P48029	D340C	340	0.9995	pathogenic
P48029	D340E	340	0.9829	pathogenic
P48029	D340F	340	0.9984	pathogenic
P48029	D340G	340	0.9936	pathogenic
P48029	D340H	340	0.995	pathogenic
P48029	D340I	340	0.998	pathogenic
P48029	D340K	340	0.9984	pathogenic
P48029	D340L	340	0.9971	pathogenic
P48029	D340M	340	0.999	pathogenic
P48029	D340N	340	0.9702	pathogenic
P48029	D340P	340	0.9995	pathogenic
P48029	D340Q	340	0.9963	pathogenic
P48029	D340R	340	0.9988	pathogenic
P48029	D340S	340	0.987	pathogenic
P48029	D340T	340	0.9946	pathogenic
P48029	D340V	340	0.9929	pathogenic
P48029	D340W	340	0.9993	pathogenic
P48029	D340Y	340	0.982	pathogenic
P48029	A341C	341	0.6374	pathogenic
P48029	A341D	341	0.992	pathogenic
P48029	A341E	341	0.9932	pathogenic
P48029	A341F	341	0.9843	pathogenic
P48029	A341G	341	0.3657	ambiguous
P48029	A341H	341	0.9918	pathogenic
P48029	A341I	341	0.9461	pathogenic
P48029	A341K	341	0.9984	pathogenic
P48029	A341L	341	0.9316	pathogenic
P48029	A341M	341	0.8866	pathogenic
P48029	A341N	341	0.9506	pathogenic
P48029	A341P	341	0.9968	pathogenic
P48029	A341Q	341	0.9822	pathogenic
P48029	A341R	341	0.9943	pathogenic
P48029	A341S	341	0.1391	benign
P48029	A341T	341	0.227	benign
P48029	A341V	341	0.7091	pathogenic
P48029	A341W	341	0.9987	pathogenic
P48029	A341Y	341	0.995	pathogenic
P48029	I342A	342	0.3035	benign
P48029	I342C	342	0.4274	ambiguous
P48029	I342D	342	0.9707	pathogenic
P48029	I342E	342	0.9257	pathogenic
P48029	I342F	342	0.0713	benign
P48029	I342G	342	0.5195	ambiguous
P48029	I342H	342	0.8061	pathogenic
P48029	I342K	342	0.8531	pathogenic
P48029	I342L	342	0.0786	benign
P48029	I342M	342	0.0835	benign
P48029	I342N	342	0.6795	pathogenic
P48029	I342P	342	0.9732	pathogenic
P48029	I342Q	342	0.791	pathogenic
P48029	I342R	342	0.7836	pathogenic
P48029	I342S	342	0.4563	ambiguous
P48029	I342T	342	0.385	ambiguous
P48029	I342V	342	0.06	benign
P48029	I342W	342	0.6273	pathogenic
P48029	I342Y	342	0.4111	ambiguous
P48029	I343A	343	0.2883	benign
P48029	I343C	343	0.5436	ambiguous
P48029	I343D	343	0.9486	pathogenic
P48029	I343E	343	0.9099	pathogenic
P48029	I343F	343	0.1052	benign
P48029	I343G	343	0.5086	ambiguous
P48029	I343H	343	0.7659	pathogenic
P48029	I343K	343	0.7745	pathogenic
P48029	I343L	343	0.0734	benign
P48029	I343M	343	0.109	benign
P48029	I343N	343	0.6049	pathogenic
P48029	I343P	343	0.9389	pathogenic
P48029	I343Q	343	0.7502	pathogenic
P48029	I343R	343	0.6921	pathogenic
P48029	I343S	343	0.3597	ambiguous
P48029	I343T	343	0.2146	benign
P48029	I343V	343	0.0673	benign
P48029	I343W	343	0.6591	pathogenic
P48029	I343Y	343	0.4868	ambiguous
P48029	L344A	344	0.9639	pathogenic
P48029	L344C	344	0.9678	pathogenic
P48029	L344D	344	0.9995	pathogenic
P48029	L344E	344	0.998	pathogenic
P48029	L344F	344	0.9001	pathogenic
P48029	L344G	344	0.9932	pathogenic
P48029	L344H	344	0.9955	pathogenic
P48029	L344I	344	0.373	ambiguous
P48029	L344K	344	0.9976	pathogenic
P48029	L344M	344	0.6181	pathogenic
P48029	L344N	344	0.9955	pathogenic
P48029	L344P	344	0.9909	pathogenic
P48029	L344Q	344	0.9943	pathogenic
P48029	L344R	344	0.9937	pathogenic
P48029	L344S	344	0.9908	pathogenic
P48029	L344T	344	0.9382	pathogenic
P48029	L344V	344	0.4809	ambiguous
P48029	L344W	344	0.9879	pathogenic
P48029	L344Y	344	0.9937	pathogenic
P48029	A345C	345	0.6572	pathogenic
P48029	A345D	345	0.995	pathogenic
P48029	A345E	345	0.9961	pathogenic
P48029	A345F	345	0.9663	pathogenic
P48029	A345G	345	0.2464	benign
P48029	A345H	345	0.9923	pathogenic
P48029	A345I	345	0.9583	pathogenic
P48029	A345K	345	0.9991	pathogenic
P48029	A345L	345	0.907	pathogenic
P48029	A345M	345	0.9111	pathogenic
P48029	A345N	345	0.9747	pathogenic
P48029	A345P	345	0.9732	pathogenic
P48029	A345Q	345	0.9847	pathogenic
P48029	A345R	345	0.9964	pathogenic
P48029	A345S	345	0.1437	benign
P48029	A345T	345	0.56	ambiguous
P48029	A345V	345	0.8168	pathogenic
P48029	A345W	345	0.9967	pathogenic
P48029	A345Y	345	0.991	pathogenic
P48029	L346A	346	0.1176	benign
P48029	L346C	346	0.1733	benign
P48029	L346D	346	0.9728	pathogenic
P48029	L346E	346	0.9262	pathogenic
P48029	L346F	346	0.0677	benign
P48029	L346G	346	0.2264	benign
P48029	L346H	346	0.803	pathogenic
P48029	L346I	346	0.0859	benign
P48029	L346K	346	0.9415	pathogenic
P48029	L346M	346	0.0716	benign
P48029	L346N	346	0.7672	pathogenic
P48029	L346P	346	0.9432	pathogenic
P48029	L346Q	346	0.742	pathogenic
P48029	L346R	346	0.8949	pathogenic
P48029	L346S	346	0.2125	benign
P48029	L346T	346	0.1635	benign
P48029	L346V	346	0.0644	benign
P48029	L346W	346	0.449	ambiguous
P48029	L346Y	346	0.6032	pathogenic
P48029	I347A	347	0.7698	pathogenic
P48029	I347C	347	0.8158	pathogenic
P48029	I347D	347	0.9985	pathogenic
P48029	I347E	347	0.9962	pathogenic
P48029	I347F	347	0.4991	ambiguous
P48029	I347G	347	0.9294	pathogenic
P48029	I347H	347	0.9939	pathogenic
P48029	I347K	347	0.9954	pathogenic
P48029	I347L	347	0.1966	benign
P48029	I347M	347	0.2926	benign
P48029	I347N	347	0.971	pathogenic
P48029	I347P	347	0.993	pathogenic
P48029	I347Q	347	0.9896	pathogenic
P48029	I347R	347	0.9913	pathogenic
P48029	I347S	347	0.8611	pathogenic
P48029	I347T	347	0.6617	pathogenic
P48029	I347V	347	0.1091	benign
P48029	I347W	347	0.9821	pathogenic
P48029	I347Y	347	0.9647	pathogenic
P48029	N348A	348	0.9848	pathogenic
P48029	N348C	348	0.9107	pathogenic
P48029	N348D	348	0.9607	pathogenic
P48029	N348E	348	0.9973	pathogenic
P48029	N348F	348	0.9982	pathogenic
P48029	N348G	348	0.9756	pathogenic
P48029	N348H	348	0.9847	pathogenic
P48029	N348I	348	0.988	pathogenic
P48029	N348K	348	0.9993	pathogenic
P48029	N348L	348	0.9763	pathogenic
P48029	N348M	348	0.9932	pathogenic
P48029	N348P	348	0.9819	pathogenic
P48029	N348Q	348	0.997	pathogenic
P48029	N348R	348	0.998	pathogenic
P48029	N348S	348	0.7017	pathogenic
P48029	N348T	348	0.9546	pathogenic
P48029	N348V	348	0.9775	pathogenic
P48029	N348W	348	0.9995	pathogenic
P48029	N348Y	348	0.9909	pathogenic
P48029	S349A	349	0.4339	ambiguous
P48029	S349C	349	0.4725	ambiguous
P48029	S349D	349	0.9951	pathogenic
P48029	S349E	349	0.9976	pathogenic
P48029	S349F	349	0.9811	pathogenic
P48029	S349G	349	0.4409	ambiguous
P48029	S349H	349	0.9848	pathogenic
P48029	S349I	349	0.9689	pathogenic
P48029	S349K	349	0.9996	pathogenic
P48029	S349L	349	0.9222	pathogenic
P48029	S349M	349	0.8909	pathogenic
P48029	S349N	349	0.9526	pathogenic
P48029	S349P	349	0.993	pathogenic
P48029	S349Q	349	0.9937	pathogenic
P48029	S349R	349	0.9993	pathogenic
P48029	S349T	349	0.2889	benign
P48029	S349V	349	0.9365	pathogenic
P48029	S349W	349	0.9912	pathogenic
P48029	S349Y	349	0.988	pathogenic
P48029	G350A	350	0.0942	benign
P48029	G350C	350	0.1407	benign
P48029	G350D	350	0.9916	pathogenic
P48029	G350E	350	0.9904	pathogenic
P48029	G350F	350	0.447	ambiguous
P48029	G350H	350	0.9808	pathogenic
P48029	G350I	350	0.3845	ambiguous
P48029	G350K	350	0.9976	pathogenic
P48029	G350L	350	0.3531	ambiguous
P48029	G350M	350	0.3561	ambiguous
P48029	G350N	350	0.9378	pathogenic
P48029	G350P	350	0.997	pathogenic
P48029	G350Q	350	0.9762	pathogenic
P48029	G350R	350	0.9934	pathogenic
P48029	G350S	350	0.1405	benign
P48029	G350T	350	0.1594	benign
P48029	G350V	350	0.2374	benign
P48029	G350W	350	0.8873	pathogenic
P48029	G350Y	350	0.9298	pathogenic
P48029	T351A	351	0.9667	pathogenic
P48029	T351C	351	0.9925	pathogenic
P48029	T351D	351	0.9982	pathogenic
P48029	T351E	351	0.9987	pathogenic
P48029	T351F	351	0.9972	pathogenic
P48029	T351G	351	0.9678	pathogenic
P48029	T351H	351	0.9952	pathogenic
P48029	T351I	351	0.998	pathogenic
P48029	T351K	351	0.9983	pathogenic
P48029	T351L	351	0.9908	pathogenic
P48029	T351M	351	0.9793	pathogenic
P48029	T351N	351	0.9904	pathogenic
P48029	T351P	351	0.9805	pathogenic
P48029	T351Q	351	0.9961	pathogenic
P48029	T351R	351	0.9983	pathogenic
P48029	T351S	351	0.8637	pathogenic
P48029	T351V	351	0.9876	pathogenic
P48029	T351W	351	0.9993	pathogenic
P48029	T351Y	351	0.9989	pathogenic
P48029	S352A	352	0.8333	pathogenic
P48029	S352C	352	0.9645	pathogenic
P48029	S352D	352	0.9977	pathogenic
P48029	S352E	352	0.9983	pathogenic
P48029	S352F	352	0.9993	pathogenic
P48029	S352G	352	0.942	pathogenic
P48029	S352H	352	0.9975	pathogenic
P48029	S352I	352	0.9985	pathogenic
P48029	S352K	352	0.9999	pathogenic
P48029	S352L	352	0.997	pathogenic
P48029	S352M	352	0.997	pathogenic
P48029	S352N	352	0.995	pathogenic
P48029	S352P	352	0.9977	pathogenic
P48029	S352Q	352	0.9979	pathogenic
P48029	S352R	352	0.9997	pathogenic
P48029	S352T	352	0.9655	pathogenic
P48029	S352V	352	0.9973	pathogenic
P48029	S352W	352	0.9986	pathogenic
P48029	S352Y	352	0.9985	pathogenic
P48029	F353A	353	0.7824	pathogenic
P48029	F353C	353	0.4215	ambiguous
P48029	F353D	353	0.9989	pathogenic
P48029	F353E	353	0.9986	pathogenic
P48029	F353G	353	0.9433	pathogenic
P48029	F353H	353	0.9919	pathogenic
P48029	F353I	353	0.2176	benign
P48029	F353K	353	0.9991	pathogenic
P48029	F353L	353	0.7648	pathogenic
P48029	F353M	353	0.5727	pathogenic
P48029	F353N	353	0.9901	pathogenic
P48029	F353P	353	0.9981	pathogenic
P48029	F353Q	353	0.9953	pathogenic
P48029	F353R	353	0.9962	pathogenic
P48029	F353S	353	0.905	pathogenic
P48029	F353T	353	0.8596	pathogenic
P48029	F353V	353	0.1686	benign
P48029	F353W	353	0.9089	pathogenic
P48029	F353Y	353	0.6969	pathogenic
P48029	F354A	354	0.7949	pathogenic
P48029	F354C	354	0.681	pathogenic
P48029	F354D	354	0.999	pathogenic
P48029	F354E	354	0.9986	pathogenic
P48029	F354G	354	0.9277	pathogenic
P48029	F354H	354	0.9936	pathogenic
P48029	F354I	354	0.5835	pathogenic
P48029	F354K	354	0.9993	pathogenic
P48029	F354L	354	0.8334	pathogenic
P48029	F354M	354	0.7408	pathogenic
P48029	F354N	354	0.9945	pathogenic
P48029	F354P	354	0.9991	pathogenic
P48029	F354Q	354	0.9951	pathogenic
P48029	F354R	354	0.9969	pathogenic
P48029	F354S	354	0.8853	pathogenic
P48029	F354T	354	0.7903	pathogenic
P48029	F354V	354	0.3971	ambiguous
P48029	F354W	354	0.9265	pathogenic
P48029	F354Y	354	0.7581	pathogenic
P48029	A355C	355	0.9421	pathogenic
P48029	A355D	355	0.9994	pathogenic
P48029	A355E	355	0.9991	pathogenic
P48029	A355F	355	0.9952	pathogenic
P48029	A355G	355	0.6144	pathogenic
P48029	A355H	355	0.9986	pathogenic
P48029	A355I	355	0.9973	pathogenic
P48029	A355K	355	0.9998	pathogenic
P48029	A355L	355	0.9861	pathogenic
P48029	A355M	355	0.993	pathogenic
P48029	A355N	355	0.9975	pathogenic
P48029	A355P	355	0.9981	pathogenic
P48029	A355Q	355	0.996	pathogenic
P48029	A355R	355	0.9985	pathogenic
P48029	A355S	355	0.2307	benign
P48029	A355T	355	0.9404	pathogenic
P48029	A355V	355	0.9833	pathogenic
P48029	A355W	355	0.9994	pathogenic
P48029	A355Y	355	0.9987	pathogenic
P48029	G356A	356	0.9448	pathogenic
P48029	G356C	356	0.9933	pathogenic
P48029	G356D	356	0.9992	pathogenic
P48029	G356E	356	0.9994	pathogenic
P48029	G356F	356	0.9993	pathogenic
P48029	G356H	356	0.9998	pathogenic
P48029	G356I	356	0.9988	pathogenic
P48029	G356K	356	0.9998	pathogenic
P48029	G356L	356	0.9988	pathogenic
P48029	G356M	356	0.9994	pathogenic
P48029	G356N	356	0.9994	pathogenic
P48029	G356P	356	0.9996	pathogenic
P48029	G356Q	356	0.9995	pathogenic
P48029	G356R	356	0.9992	pathogenic
P48029	G356S	356	0.9544	pathogenic
P48029	G356T	356	0.9954	pathogenic
P48029	G356V	356	0.9964	pathogenic
P48029	G356W	356	0.9992	pathogenic
P48029	G356Y	356	0.9995	pathogenic
P48029	F357A	357	0.7801	pathogenic
P48029	F357C	357	0.4539	ambiguous
P48029	F357D	357	0.9988	pathogenic
P48029	F357E	357	0.9989	pathogenic
P48029	F357G	357	0.9128	pathogenic
P48029	F357H	357	0.9953	pathogenic
P48029	F357I	357	0.4629	ambiguous
P48029	F357K	357	0.9996	pathogenic
P48029	F357L	357	0.8555	pathogenic
P48029	F357M	357	0.6526	pathogenic
P48029	F357N	357	0.9892	pathogenic
P48029	F357P	357	0.9984	pathogenic
P48029	F357Q	357	0.9976	pathogenic
P48029	F357R	357	0.9984	pathogenic
P48029	F357S	357	0.8851	pathogenic
P48029	F357T	357	0.8304	pathogenic
P48029	F357V	357	0.3952	ambiguous
P48029	F357W	357	0.9176	pathogenic
P48029	F357Y	357	0.8559	pathogenic
P48029	V358A	358	0.671	pathogenic
P48029	V358C	358	0.9596	pathogenic
P48029	V358D	358	0.9979	pathogenic
P48029	V358E	358	0.9957	pathogenic
P48029	V358F	358	0.9815	pathogenic
P48029	V358G	358	0.898	pathogenic
P48029	V358H	358	0.9988	pathogenic
P48029	V358I	358	0.4406	ambiguous
P48029	V358K	358	0.9986	pathogenic
P48029	V358L	358	0.9585	pathogenic
P48029	V358M	358	0.9583	pathogenic
P48029	V358N	358	0.9945	pathogenic
P48029	V358P	358	0.9825	pathogenic
P48029	V358Q	358	0.9927	pathogenic
P48029	V358R	358	0.9933	pathogenic
P48029	V358S	358	0.8355	pathogenic
P48029	V358T	358	0.6906	pathogenic
P48029	V358W	358	0.9995	pathogenic
P48029	V358Y	358	0.9989	pathogenic
P48029	V359A	359	0.9737	pathogenic
P48029	V359C	359	0.9936	pathogenic
P48029	V359D	359	0.9967	pathogenic
P48029	V359E	359	0.9956	pathogenic
P48029	V359F	359	0.9658	pathogenic
P48029	V359G	359	0.9636	pathogenic
P48029	V359H	359	0.999	pathogenic
P48029	V359I	359	0.1802	benign
P48029	V359K	359	0.9983	pathogenic
P48029	V359L	359	0.9472	pathogenic
P48029	V359M	359	0.9581	pathogenic
P48029	V359N	359	0.9906	pathogenic
P48029	V359P	359	0.9898	pathogenic
P48029	V359Q	359	0.9955	pathogenic
P48029	V359R	359	0.9943	pathogenic
P48029	V359S	359	0.9594	pathogenic
P48029	V359T	359	0.8913	pathogenic
P48029	V359W	359	0.9994	pathogenic
P48029	V359Y	359	0.9972	pathogenic
P48029	F360A	360	0.9985	pathogenic
P48029	F360C	360	0.9961	pathogenic
P48029	F360D	360	0.9997	pathogenic
P48029	F360E	360	0.9998	pathogenic
P48029	F360G	360	0.9984	pathogenic
P48029	F360H	360	0.9974	pathogenic
P48029	F360I	360	0.999	pathogenic
P48029	F360K	360	0.9998	pathogenic
P48029	F360L	360	0.9997	pathogenic
P48029	F360M	360	0.9986	pathogenic
P48029	F360N	360	0.9988	pathogenic
P48029	F360P	360	0.9999	pathogenic
P48029	F360Q	360	0.9995	pathogenic
P48029	F360R	360	0.999	pathogenic
P48029	F360S	360	0.9979	pathogenic
P48029	F360T	360	0.9993	pathogenic
P48029	F360V	360	0.9981	pathogenic
P48029	F360W	360	0.9872	pathogenic
P48029	F360Y	360	0.9537	pathogenic
P48029	S361A	361	0.1732	benign
P48029	S361C	361	0.4376	ambiguous
P48029	S361D	361	0.9977	pathogenic
P48029	S361E	361	0.9981	pathogenic
P48029	S361F	361	0.9831	pathogenic
P48029	S361G	361	0.4529	ambiguous
P48029	S361H	361	0.9949	pathogenic
P48029	S361I	361	0.9788	pathogenic
P48029	S361K	361	0.9998	pathogenic
P48029	S361L	361	0.876	pathogenic
P48029	S361M	361	0.9273	pathogenic
P48029	S361N	361	0.9808	pathogenic
P48029	S361P	361	0.9674	pathogenic
P48029	S361Q	361	0.9934	pathogenic
P48029	S361R	361	0.9992	pathogenic
P48029	S361T	361	0.4737	ambiguous
P48029	S361V	361	0.9307	pathogenic
P48029	S361W	361	0.995	pathogenic
P48029	S361Y	361	0.9933	pathogenic
P48029	I362A	362	0.939	pathogenic
P48029	I362C	362	0.9796	pathogenic
P48029	I362D	362	0.9979	pathogenic
P48029	I362E	362	0.9967	pathogenic
P48029	I362F	362	0.6891	pathogenic
P48029	I362G	362	0.9891	pathogenic
P48029	I362H	362	0.9956	pathogenic
P48029	I362K	362	0.9973	pathogenic
P48029	I362L	362	0.5635	ambiguous
P48029	I362M	362	0.578	pathogenic
P48029	I362N	362	0.9646	pathogenic
P48029	I362P	362	0.9925	pathogenic
P48029	I362Q	362	0.9938	pathogenic
P48029	I362R	362	0.9946	pathogenic
P48029	I362S	362	0.9224	pathogenic
P48029	I362T	362	0.8407	pathogenic
P48029	I362V	362	0.1329	benign
P48029	I362W	362	0.9951	pathogenic
P48029	I362Y	362	0.9763	pathogenic
P48029	L363A	363	0.9836	pathogenic
P48029	L363C	363	0.9955	pathogenic
P48029	L363D	363	0.9998	pathogenic
P48029	L363E	363	0.9983	pathogenic
P48029	L363F	363	0.9899	pathogenic
P48029	L363G	363	0.9971	pathogenic
P48029	L363H	363	0.9988	pathogenic
P48029	L363I	363	0.7301	pathogenic
P48029	L363K	363	0.9974	pathogenic
P48029	L363M	363	0.8742	pathogenic
P48029	L363N	363	0.9989	pathogenic
P48029	L363P	363	0.998	pathogenic
P48029	L363Q	363	0.9962	pathogenic
P48029	L363R	363	0.9912	pathogenic
P48029	L363S	363	0.9975	pathogenic
P48029	L363T	363	0.9789	pathogenic
P48029	L363V	363	0.7658	pathogenic
P48029	L363W	363	0.9969	pathogenic
P48029	L363Y	363	0.9987	pathogenic
P48029	G364A	364	0.9882	pathogenic
P48029	G364C	364	0.9989	pathogenic
P48029	G364D	364	0.9992	pathogenic
P48029	G364E	364	0.9996	pathogenic
P48029	G364F	364	0.9997	pathogenic
P48029	G364H	364	0.9999	pathogenic
P48029	G364I	364	0.9996	pathogenic
P48029	G364K	364	0.9999	pathogenic
P48029	G364L	364	0.9995	pathogenic
P48029	G364M	364	0.9999	pathogenic
P48029	G364N	364	0.9997	pathogenic
P48029	G364P	364	0.9997	pathogenic
P48029	G364Q	364	0.9998	pathogenic
P48029	G364R	364	0.9994	pathogenic
P48029	G364S	364	0.9923	pathogenic
P48029	G364T	364	0.999	pathogenic
P48029	G364V	364	0.9989	pathogenic
P48029	G364W	364	0.9993	pathogenic
P48029	G364Y	364	0.9995	pathogenic
P48029	F365A	365	0.9926	pathogenic
P48029	F365C	365	0.9663	pathogenic
P48029	F365D	365	0.9971	pathogenic
P48029	F365E	365	0.9979	pathogenic
P48029	F365G	365	0.9936	pathogenic
P48029	F365H	365	0.8945	pathogenic
P48029	F365I	365	0.992	pathogenic
P48029	F365K	365	0.9984	pathogenic
P48029	F365L	365	0.9992	pathogenic
P48029	F365M	365	0.9931	pathogenic
P48029	F365N	365	0.9678	pathogenic
P48029	F365P	365	0.9999	pathogenic
P48029	F365Q	365	0.9926	pathogenic
P48029	F365R	365	0.9902	pathogenic
P48029	F365S	365	0.9841	pathogenic
P48029	F365T	365	0.9968	pathogenic
P48029	F365V	365	0.9836	pathogenic
P48029	F365W	365	0.8791	pathogenic
P48029	F365Y	365	0.3955	ambiguous
P48029	M366A	366	0.9936	pathogenic
P48029	M366C	366	0.9946	pathogenic
P48029	M366D	366	0.9995	pathogenic
P48029	M366E	366	0.9948	pathogenic
P48029	M366F	366	0.9459	pathogenic
P48029	M366G	366	0.9975	pathogenic
P48029	M366H	366	0.9942	pathogenic
P48029	M366I	366	0.9968	pathogenic
P48029	M366K	366	0.9927	pathogenic
P48029	M366L	366	0.7294	pathogenic
P48029	M366N	366	0.9981	pathogenic
P48029	M366P	366	0.9994	pathogenic
P48029	M366Q	366	0.9455	pathogenic
P48029	M366R	366	0.9874	pathogenic
P48029	M366S	366	0.9902	pathogenic
P48029	M366T	366	0.9953	pathogenic
P48029	M366V	366	0.9644	pathogenic
P48029	M366W	366	0.9926	pathogenic
P48029	M366Y	366	0.9932	pathogenic
P48029	A367C	367	0.9887	pathogenic
P48029	A367D	367	0.9972	pathogenic
P48029	A367E	367	0.9844	pathogenic
P48029	A367F	367	0.9951	pathogenic
P48029	A367G	367	0.7482	pathogenic
P48029	A367H	367	0.9916	pathogenic
P48029	A367I	367	0.9973	pathogenic
P48029	A367K	367	0.9953	pathogenic
P48029	A367L	367	0.9743	pathogenic
P48029	A367M	367	0.9774	pathogenic
P48029	A367N	367	0.9932	pathogenic
P48029	A367P	367	0.9994	pathogenic
P48029	A367Q	367	0.9542	pathogenic
P48029	A367R	367	0.982	pathogenic
P48029	A367S	367	0.3074	benign
P48029	A367T	367	0.9449	pathogenic
P48029	A367V	367	0.9722	pathogenic
P48029	A367W	367	0.9992	pathogenic
P48029	A367Y	367	0.9959	pathogenic
P48029	A368C	368	0.5097	ambiguous
P48029	A368D	368	0.2274	benign
P48029	A368E	368	0.1471	benign
P48029	A368F	368	0.2434	benign
P48029	A368G	368	0.1543	benign
P48029	A368H	368	0.1746	benign
P48029	A368I	368	0.2605	benign
P48029	A368K	368	0.206	benign
P48029	A368L	368	0.1501	benign
P48029	A368M	368	0.1389	benign
P48029	A368N	368	0.1381	benign
P48029	A368P	368	0.9237	pathogenic
P48029	A368Q	368	0.1346	benign
P48029	A368R	368	0.1581	benign
P48029	A368S	368	0.0676	benign
P48029	A368T	368	0.0692	benign
P48029	A368V	368	0.1328	benign
P48029	A368W	368	0.4871	ambiguous
P48029	A368Y	368	0.2814	benign
P48029	E369A	369	0.6813	pathogenic
P48029	E369C	369	0.9952	pathogenic
P48029	E369D	369	0.7661	pathogenic
P48029	E369F	369	0.9943	pathogenic
P48029	E369G	369	0.7803	pathogenic
P48029	E369H	369	0.9309	pathogenic
P48029	E369I	369	0.9446	pathogenic
P48029	E369K	369	0.7132	pathogenic
P48029	E369L	369	0.9466	pathogenic
P48029	E369M	369	0.9542	pathogenic
P48029	E369N	369	0.903	pathogenic
P48029	E369P	369	0.9954	pathogenic
P48029	E369Q	369	0.3836	ambiguous
P48029	E369R	369	0.7515	pathogenic
P48029	E369S	369	0.7038	pathogenic
P48029	E369T	369	0.8087	pathogenic
P48029	E369V	369	0.8262	pathogenic
P48029	E369W	369	0.9968	pathogenic
P48029	E369Y	369	0.9848	pathogenic
P48029	Q370A	370	0.6666	pathogenic
P48029	Q370C	370	0.9951	pathogenic
P48029	Q370D	370	0.9297	pathogenic
P48029	Q370E	370	0.2846	benign
P48029	Q370F	370	0.9897	pathogenic
P48029	Q370G	370	0.7282	pathogenic
P48029	Q370H	370	0.9264	pathogenic
P48029	Q370I	370	0.9435	pathogenic
P48029	Q370K	370	0.6785	pathogenic
P48029	Q370L	370	0.6847	pathogenic
P48029	Q370M	370	0.7642	pathogenic
P48029	Q370N	370	0.7886	pathogenic
P48029	Q370P	370	0.9835	pathogenic
P48029	Q370R	370	0.6796	pathogenic
P48029	Q370S	370	0.6361	pathogenic
P48029	Q370T	370	0.584	pathogenic
P48029	Q370V	370	0.8534	pathogenic
P48029	Q370W	370	0.9886	pathogenic
P48029	Q370Y	370	0.9793	pathogenic
P48029	G371A	371	0.5482	ambiguous
P48029	G371C	371	0.913	pathogenic
P48029	G371D	371	0.3381	benign
P48029	G371E	371	0.508	ambiguous
P48029	G371F	371	0.9811	pathogenic
P48029	G371H	371	0.6611	pathogenic
P48029	G371I	371	0.964	pathogenic
P48029	G371K	371	0.638	pathogenic
P48029	G371L	371	0.9369	pathogenic
P48029	G371M	371	0.9333	pathogenic
P48029	G371N	371	0.3934	ambiguous
P48029	G371P	371	0.996	pathogenic
P48029	G371Q	371	0.5154	ambiguous
P48029	G371R	371	0.6204	pathogenic
P48029	G371S	371	0.3318	benign
P48029	G371T	371	0.8013	pathogenic
P48029	G371V	371	0.9121	pathogenic
P48029	G371W	371	0.9543	pathogenic
P48029	G371Y	371	0.9267	pathogenic
P48029	V372A	372	0.6104	pathogenic
P48029	V372C	372	0.9533	pathogenic
P48029	V372D	372	0.8704	pathogenic
P48029	V372E	372	0.5893	pathogenic
P48029	V372F	372	0.4701	ambiguous
P48029	V372G	372	0.5693	pathogenic
P48029	V372H	372	0.8956	pathogenic
P48029	V372I	372	0.1064	benign
P48029	V372K	372	0.5937	pathogenic
P48029	V372L	372	0.413	ambiguous
P48029	V372M	372	0.2121	benign
P48029	V372N	372	0.7763	pathogenic
P48029	V372P	372	0.9853	pathogenic
P48029	V372Q	372	0.4965	ambiguous
P48029	V372R	372	0.5647	pathogenic
P48029	V372S	372	0.6618	pathogenic
P48029	V372T	372	0.3973	ambiguous
P48029	V372W	372	0.9646	pathogenic
P48029	V372Y	372	0.881	pathogenic
P48029	H373A	373	0.1709	benign
P48029	H373C	373	0.5769	pathogenic
P48029	H373D	373	0.0436	benign
P48029	H373E	373	0.1598	benign
P48029	H373F	373	0.6412	pathogenic
P48029	H373G	373	0.26	benign
P48029	H373I	373	0.5999	pathogenic
P48029	H373K	373	0.2683	benign
P48029	H373L	373	0.2163	benign
P48029	H373M	373	0.6144	pathogenic
P48029	H373N	373	0.0603	benign
P48029	H373P	373	0.0623	benign
P48029	H373Q	373	0.1726	benign
P48029	H373R	373	0.1749	benign
P48029	H373S	373	0.1056	benign
P48029	H373T	373	0.2415	benign
P48029	H373V	373	0.4177	ambiguous
P48029	H373W	373	0.751	pathogenic
P48029	H373Y	373	0.2508	benign
P48029	I374A	374	0.9858	pathogenic
P48029	I374C	374	0.998	pathogenic
P48029	I374D	374	0.999	pathogenic
P48029	I374E	374	0.9978	pathogenic
P48029	I374F	374	0.8963	pathogenic
P48029	I374G	374	0.9983	pathogenic
P48029	I374H	374	0.9981	pathogenic
P48029	I374K	374	0.9971	pathogenic
P48029	I374L	374	0.5936	pathogenic
P48029	I374M	374	0.7445	pathogenic
P48029	I374N	374	0.9957	pathogenic
P48029	I374P	374	0.9643	pathogenic
P48029	I374Q	374	0.9972	pathogenic
P48029	I374R	374	0.9937	pathogenic
P48029	I374S	374	0.9894	pathogenic
P48029	I374T	374	0.9861	pathogenic
P48029	I374V	374	0.2609	benign
P48029	I374W	374	0.9971	pathogenic
P48029	I374Y	374	0.993	pathogenic
P48029	S375A	375	0.1413	benign
P48029	S375C	375	0.7679	pathogenic
P48029	S375D	375	0.4298	ambiguous
P48029	S375E	375	0.5548	ambiguous
P48029	S375F	375	0.8511	pathogenic
P48029	S375G	375	0.1499	benign
P48029	S375H	375	0.6223	pathogenic
P48029	S375I	375	0.8872	pathogenic
P48029	S375K	375	0.8679	pathogenic
P48029	S375L	375	0.5841	pathogenic
P48029	S375M	375	0.782	pathogenic
P48029	S375N	375	0.4368	ambiguous
P48029	S375P	375	0.7835	pathogenic
P48029	S375Q	375	0.6333	pathogenic
P48029	S375R	375	0.7839	pathogenic
P48029	S375T	375	0.2723	benign
P48029	S375V	375	0.7893	pathogenic
P48029	S375W	375	0.8247	pathogenic
P48029	S375Y	375	0.745	pathogenic
P48029	K376A	376	0.339	benign
P48029	K376C	376	0.8984	pathogenic
P48029	K376D	376	0.4235	ambiguous
P48029	K376E	376	0.1238	benign
P48029	K376F	376	0.9179	pathogenic
P48029	K376G	376	0.5783	pathogenic
P48029	K376H	376	0.3296	benign
P48029	K376I	376	0.608	pathogenic
P48029	K376L	376	0.4114	ambiguous
P48029	K376M	376	0.315	benign
P48029	K376N	376	0.4653	ambiguous
P48029	K376P	376	0.9678	pathogenic
P48029	K376Q	376	0.1042	benign
P48029	K376R	376	0.0935	benign
P48029	K376S	376	0.3924	ambiguous
P48029	K376T	376	0.1824	benign
P48029	K376V	376	0.4026	ambiguous
P48029	K376W	376	0.8855	pathogenic
P48029	K376Y	376	0.817	pathogenic
P48029	V377A	377	0.9763	pathogenic
P48029	V377C	377	0.9996	pathogenic
P48029	V377D	377	0.9983	pathogenic
P48029	V377E	377	0.9939	pathogenic
P48029	V377F	377	0.9838	pathogenic
P48029	V377G	377	0.9691	pathogenic
P48029	V377H	377	0.9993	pathogenic
P48029	V377I	377	0.5806	pathogenic
P48029	V377K	377	0.9977	pathogenic
P48029	V377L	377	0.9827	pathogenic
P48029	V377M	377	0.9868	pathogenic
P48029	V377N	377	0.9976	pathogenic
P48029	V377P	377	0.9977	pathogenic
P48029	V377Q	377	0.9956	pathogenic
P48029	V377R	377	0.9936	pathogenic
P48029	V377S	377	0.9921	pathogenic
P48029	V377T	377	0.9648	pathogenic
P48029	V377W	377	0.9996	pathogenic
P48029	V377Y	377	0.9977	pathogenic
P48029	A378C	378	0.9896	pathogenic
P48029	A378D	378	0.9987	pathogenic
P48029	A378E	378	0.9941	pathogenic
P48029	A378F	378	0.9872	pathogenic
P48029	A378G	378	0.9217	pathogenic
P48029	A378H	378	0.9975	pathogenic
P48029	A378I	378	0.9364	pathogenic
P48029	A378K	378	0.9983	pathogenic
P48029	A378L	378	0.8911	pathogenic
P48029	A378M	378	0.9449	pathogenic
P48029	A378N	378	0.9968	pathogenic
P48029	A378P	378	0.9934	pathogenic
P48029	A378Q	378	0.985	pathogenic
P48029	A378R	378	0.9874	pathogenic
P48029	A378S	378	0.7183	pathogenic
P48029	A378T	378	0.8209	pathogenic
P48029	A378V	378	0.76	pathogenic
P48029	A378W	378	0.998	pathogenic
P48029	A378Y	378	0.9967	pathogenic
P48029	E379A	379	0.4333	ambiguous
P48029	E379C	379	0.9945	pathogenic
P48029	E379D	379	0.7201	pathogenic
P48029	E379F	379	0.9914	pathogenic
P48029	E379G	379	0.6731	pathogenic
P48029	E379H	379	0.9537	pathogenic
P48029	E379I	379	0.9434	pathogenic
P48029	E379K	379	0.7445	pathogenic
P48029	E379L	379	0.9251	pathogenic
P48029	E379M	379	0.9369	pathogenic
P48029	E379N	379	0.9103	pathogenic
P48029	E379P	379	0.9838	pathogenic
P48029	E379Q	379	0.4495	ambiguous
P48029	E379R	379	0.7811	pathogenic
P48029	E379S	379	0.6416	pathogenic
P48029	E379T	379	0.7844	pathogenic
P48029	E379V	379	0.7791	pathogenic
P48029	E379W	379	0.9977	pathogenic
P48029	E379Y	379	0.9847	pathogenic
P48029	S380A	380	0.256	benign
P48029	S380C	380	0.8715	pathogenic
P48029	S380D	380	0.9152	pathogenic
P48029	S380E	380	0.8843	pathogenic
P48029	S380F	380	0.9574	pathogenic
P48029	S380G	380	0.3759	ambiguous
P48029	S380H	380	0.9188	pathogenic
P48029	S380I	380	0.9526	pathogenic
P48029	S380K	380	0.9637	pathogenic
P48029	S380L	380	0.8141	pathogenic
P48029	S380M	380	0.7823	pathogenic
P48029	S380N	380	0.7678	pathogenic
P48029	S380P	380	0.9305	pathogenic
P48029	S380Q	380	0.814	pathogenic
P48029	S380R	380	0.9671	pathogenic
P48029	S380T	380	0.3497	ambiguous
P48029	S380V	380	0.899	pathogenic
P48029	S380W	380	0.9646	pathogenic
P48029	S380Y	380	0.9299	pathogenic
P48029	G381A	381	0.9893	pathogenic
P48029	G381C	381	0.9983	pathogenic
P48029	G381D	381	0.9977	pathogenic
P48029	G381E	381	0.9986	pathogenic
P48029	G381F	381	0.9986	pathogenic
P48029	G381H	381	0.9997	pathogenic
P48029	G381I	381	0.9981	pathogenic
P48029	G381K	381	0.9995	pathogenic
P48029	G381L	381	0.9977	pathogenic
P48029	G381M	381	0.9995	pathogenic
P48029	G381N	381	0.9992	pathogenic
P48029	G381P	381	0.9986	pathogenic
P48029	G381Q	381	0.9993	pathogenic
P48029	G381R	381	0.9985	pathogenic
P48029	G381S	381	0.9807	pathogenic
P48029	G381T	381	0.9951	pathogenic
P48029	G381V	381	0.9956	pathogenic
P48029	G381W	381	0.9985	pathogenic
P48029	G381Y	381	0.9991	pathogenic
P48029	P382A	382	0.8559	pathogenic
P48029	P382C	382	0.997	pathogenic
P48029	P382D	382	0.9979	pathogenic
P48029	P382E	382	0.9952	pathogenic
P48029	P382F	382	0.9978	pathogenic
P48029	P382G	382	0.9888	pathogenic
P48029	P382H	382	0.9935	pathogenic
P48029	P382I	382	0.9909	pathogenic
P48029	P382K	382	0.9968	pathogenic
P48029	P382L	382	0.9658	pathogenic
P48029	P382M	382	0.9927	pathogenic
P48029	P382N	382	0.9974	pathogenic
P48029	P382Q	382	0.9916	pathogenic
P48029	P382R	382	0.9868	pathogenic
P48029	P382S	382	0.9788	pathogenic
P48029	P382T	382	0.9608	pathogenic
P48029	P382V	382	0.9763	pathogenic
P48029	P382W	382	0.9983	pathogenic
P48029	P382Y	382	0.9983	pathogenic
P48029	G383A	383	0.9428	pathogenic
P48029	G383C	383	0.9954	pathogenic
P48029	G383D	383	0.9976	pathogenic
P48029	G383E	383	0.9974	pathogenic
P48029	G383F	383	0.998	pathogenic
P48029	G383H	383	0.9994	pathogenic
P48029	G383I	383	0.9972	pathogenic
P48029	G383K	383	0.9995	pathogenic
P48029	G383L	383	0.996	pathogenic
P48029	G383M	383	0.9983	pathogenic
P48029	G383N	383	0.9983	pathogenic
P48029	G383P	383	0.999	pathogenic
P48029	G383Q	383	0.998	pathogenic
P48029	G383R	383	0.9978	pathogenic
P48029	G383S	383	0.9351	pathogenic
P48029	G383T	383	0.9878	pathogenic
P48029	G383V	383	0.9918	pathogenic
P48029	G383W	383	0.9984	pathogenic
P48029	G383Y	383	0.9985	pathogenic
P48029	L384A	384	0.9959	pathogenic
P48029	L384C	384	0.9998	pathogenic
P48029	L384D	384	0.9999	pathogenic
P48029	L384E	384	0.9993	pathogenic
P48029	L384F	384	0.9959	pathogenic
P48029	L384G	384	0.9989	pathogenic
P48029	L384H	384	0.9997	pathogenic
P48029	L384I	384	0.957	pathogenic
P48029	L384K	384	0.9983	pathogenic
P48029	L384M	384	0.9609	pathogenic
P48029	L384N	384	0.9994	pathogenic
P48029	L384P	384	0.9994	pathogenic
P48029	L384Q	384	0.9993	pathogenic
P48029	L384R	384	0.997	pathogenic
P48029	L384S	384	0.9996	pathogenic
P48029	L384T	384	0.9975	pathogenic
P48029	L384V	384	0.9782	pathogenic
P48029	L384W	384	0.9984	pathogenic
P48029	L384Y	384	0.9992	pathogenic
P48029	A385C	385	0.9693	pathogenic
P48029	A385D	385	0.9993	pathogenic
P48029	A385E	385	0.9987	pathogenic
P48029	A385F	385	0.9862	pathogenic
P48029	A385G	385	0.9314	pathogenic
P48029	A385H	385	0.9988	pathogenic
P48029	A385I	385	0.9455	pathogenic
P48029	A385K	385	0.9995	pathogenic
P48029	A385L	385	0.81	pathogenic
P48029	A385M	385	0.9661	pathogenic
P48029	A385N	385	0.9975	pathogenic
P48029	A385P	385	0.9758	pathogenic
P48029	A385Q	385	0.9942	pathogenic
P48029	A385R	385	0.994	pathogenic
P48029	A385S	385	0.8181	pathogenic
P48029	A385T	385	0.9117	pathogenic
P48029	A385V	385	0.8121	pathogenic
P48029	A385W	385	0.9988	pathogenic
P48029	A385Y	385	0.9967	pathogenic
P48029	F386A	386	0.9992	pathogenic
P48029	F386C	386	0.9988	pathogenic
P48029	F386D	386	0.9999	pathogenic
P48029	F386E	386	0.9999	pathogenic
P48029	F386G	386	0.9991	pathogenic
P48029	F386H	386	0.9992	pathogenic
P48029	F386I	386	0.9991	pathogenic
P48029	F386K	386	0.9999	pathogenic
P48029	F386L	386	0.9998	pathogenic
P48029	F386M	386	0.9986	pathogenic
P48029	F386N	386	0.9997	pathogenic
P48029	F386P	386	1.0	pathogenic
P48029	F386Q	386	0.9997	pathogenic
P48029	F386R	386	0.9994	pathogenic
P48029	F386S	386	0.9994	pathogenic
P48029	F386T	386	0.9997	pathogenic
P48029	F386V	386	0.9978	pathogenic
P48029	F386W	386	0.9872	pathogenic
P48029	F386Y	386	0.9748	pathogenic
P48029	I387A	387	0.9817	pathogenic
P48029	I387C	387	0.9985	pathogenic
P48029	I387D	387	0.9995	pathogenic
P48029	I387E	387	0.9971	pathogenic
P48029	I387F	387	0.9473	pathogenic
P48029	I387G	387	0.9987	pathogenic
P48029	I387H	387	0.9978	pathogenic
P48029	I387K	387	0.996	pathogenic
P48029	I387L	387	0.5854	pathogenic
P48029	I387M	387	0.7558	pathogenic
P48029	I387N	387	0.9971	pathogenic
P48029	I387P	387	0.9971	pathogenic
P48029	I387Q	387	0.9942	pathogenic
P48029	I387R	387	0.9897	pathogenic
P48029	I387S	387	0.9877	pathogenic
P48029	I387T	387	0.9646	pathogenic
P48029	I387V	387	0.4607	ambiguous
P48029	I387W	387	0.9955	pathogenic
P48029	I387Y	387	0.9934	pathogenic
P48029	A388C	388	0.9477	pathogenic
P48029	A388D	388	0.9989	pathogenic
P48029	A388E	388	0.9971	pathogenic
P48029	A388F	388	0.9783	pathogenic
P48029	A388G	388	0.9246	pathogenic
P48029	A388H	388	0.9967	pathogenic
P48029	A388I	388	0.8432	pathogenic
P48029	A388K	388	0.9992	pathogenic
P48029	A388L	388	0.8073	pathogenic
P48029	A388M	388	0.9527	pathogenic
P48029	A388N	388	0.9936	pathogenic
P48029	A388P	388	0.9928	pathogenic
P48029	A388Q	388	0.9892	pathogenic
P48029	A388R	388	0.9912	pathogenic
P48029	A388S	388	0.6065	pathogenic
P48029	A388T	388	0.6634	pathogenic
P48029	A388V	388	0.5965	pathogenic
P48029	A388W	388	0.9985	pathogenic
P48029	A388Y	388	0.9952	pathogenic
P48029	Y389A	389	0.9926	pathogenic
P48029	Y389C	389	0.9884	pathogenic
P48029	Y389D	389	0.9987	pathogenic
P48029	Y389E	389	0.9997	pathogenic
P48029	Y389F	389	0.2778	benign
P48029	Y389G	389	0.9908	pathogenic
P48029	Y389H	389	0.9984	pathogenic
P48029	Y389I	389	0.9768	pathogenic
P48029	Y389K	389	0.9998	pathogenic
P48029	Y389L	389	0.9181	pathogenic
P48029	Y389M	389	0.9867	pathogenic
P48029	Y389N	389	0.9955	pathogenic
P48029	Y389P	389	0.9938	pathogenic
P48029	Y389Q	389	0.9996	pathogenic
P48029	Y389R	389	0.9993	pathogenic
P48029	Y389S	389	0.9745	pathogenic
P48029	Y389T	389	0.9949	pathogenic
P48029	Y389V	389	0.9507	pathogenic
P48029	Y389W	389	0.9135	pathogenic
P48029	P390A	390	0.9711	pathogenic
P48029	P390C	390	0.9983	pathogenic
P48029	P390D	390	0.9994	pathogenic
P48029	P390E	390	0.9988	pathogenic
P48029	P390F	390	0.9999	pathogenic
P48029	P390G	390	0.9919	pathogenic
P48029	P390H	390	0.9988	pathogenic
P48029	P390I	390	0.9988	pathogenic
P48029	P390K	390	0.9993	pathogenic
P48029	P390L	390	0.9902	pathogenic
P48029	P390M	390	0.9992	pathogenic
P48029	P390N	390	0.9993	pathogenic
P48029	P390Q	390	0.9974	pathogenic
P48029	P390R	390	0.9963	pathogenic
P48029	P390S	390	0.9916	pathogenic
P48029	P390T	390	0.9732	pathogenic
P48029	P390V	390	0.9943	pathogenic
P48029	P390W	390	0.9999	pathogenic
P48029	P390Y	390	0.9999	pathogenic
P48029	R391A	391	0.8016	pathogenic
P48029	R391C	391	0.7943	pathogenic
P48029	R391D	391	0.9692	pathogenic
P48029	R391E	391	0.736	pathogenic
P48029	R391F	391	0.962	pathogenic
P48029	R391G	391	0.7409	pathogenic
P48029	R391H	391	0.4083	ambiguous
P48029	R391I	391	0.892	pathogenic
P48029	R391K	391	0.2061	benign
P48029	R391L	391	0.7191	pathogenic
P48029	R391M	391	0.8039	pathogenic
P48029	R391N	391	0.9474	pathogenic
P48029	R391P	391	0.9816	pathogenic
P48029	R391Q	391	0.2337	benign
P48029	R391S	391	0.8667	pathogenic
P48029	R391T	391	0.7277	pathogenic
P48029	R391V	391	0.8475	pathogenic
P48029	R391W	391	0.7286	pathogenic
P48029	R391Y	391	0.8866	pathogenic
P48029	A392C	392	0.9884	pathogenic
P48029	A392D	392	0.999	pathogenic
P48029	A392E	392	0.9973	pathogenic
P48029	A392F	392	0.9799	pathogenic
P48029	A392G	392	0.7443	pathogenic
P48029	A392H	392	0.9986	pathogenic
P48029	A392I	392	0.9698	pathogenic
P48029	A392K	392	0.9994	pathogenic
P48029	A392L	392	0.9048	pathogenic
P48029	A392M	392	0.9556	pathogenic
P48029	A392N	392	0.9972	pathogenic
P48029	A392P	392	0.997	pathogenic
P48029	A392Q	392	0.993	pathogenic
P48029	A392R	392	0.9958	pathogenic
P48029	A392S	392	0.7851	pathogenic
P48029	A392T	392	0.9665	pathogenic
P48029	A392V	392	0.9135	pathogenic
P48029	A392W	392	0.9986	pathogenic
P48029	A392Y	392	0.9957	pathogenic
P48029	V393A	393	0.8862	pathogenic
P48029	V393C	393	0.9891	pathogenic
P48029	V393D	393	0.9987	pathogenic
P48029	V393E	393	0.9957	pathogenic
P48029	V393F	393	0.9493	pathogenic
P48029	V393G	393	0.9551	pathogenic
P48029	V393H	393	0.9993	pathogenic
P48029	V393I	393	0.2464	benign
P48029	V393K	393	0.9981	pathogenic
P48029	V393L	393	0.8602	pathogenic
P48029	V393M	393	0.8341	pathogenic
P48029	V393N	393	0.9948	pathogenic
P48029	V393P	393	0.998	pathogenic
P48029	V393Q	393	0.9936	pathogenic
P48029	V393R	393	0.9951	pathogenic
P48029	V393S	393	0.9626	pathogenic
P48029	V393T	393	0.8936	pathogenic
P48029	V393W	393	0.9996	pathogenic
P48029	V393Y	393	0.998	pathogenic
P48029	T394A	394	0.1931	benign
P48029	T394C	394	0.778	pathogenic
P48029	T394D	394	0.9286	pathogenic
P48029	T394E	394	0.8837	pathogenic
P48029	T394F	394	0.8933	pathogenic
P48029	T394G	394	0.4444	ambiguous
P48029	T394H	394	0.8713	pathogenic
P48029	T394I	394	0.7446	pathogenic
P48029	T394K	394	0.9206	pathogenic
P48029	T394L	394	0.3731	ambiguous
P48029	T394M	394	0.298	benign
P48029	T394N	394	0.5481	ambiguous
P48029	T394P	394	0.8935	pathogenic
P48029	T394Q	394	0.7477	pathogenic
P48029	T394R	394	0.8761	pathogenic
P48029	T394S	394	0.1554	benign
P48029	T394V	394	0.5004	ambiguous
P48029	T394W	394	0.9768	pathogenic
P48029	T394Y	394	0.9175	pathogenic
P48029	L395A	395	0.7508	pathogenic
P48029	L395C	395	0.9674	pathogenic
P48029	L395D	395	0.9819	pathogenic
P48029	L395E	395	0.8404	pathogenic
P48029	L395F	395	0.7226	pathogenic
P48029	L395G	395	0.931	pathogenic
P48029	L395H	395	0.863	pathogenic
P48029	L395I	395	0.5855	pathogenic
P48029	L395K	395	0.7772	pathogenic
P48029	L395M	395	0.1977	benign
P48029	L395N	395	0.9206	pathogenic
P48029	L395P	395	0.9917	pathogenic
P48029	L395Q	395	0.4872	ambiguous
P48029	L395R	395	0.6571	pathogenic
P48029	L395S	395	0.875	pathogenic
P48029	L395T	395	0.8161	pathogenic
P48029	L395V	395	0.4346	ambiguous
P48029	L395W	395	0.906	pathogenic
P48029	L395Y	395	0.9175	pathogenic
P48029	M396A	396	0.9897	pathogenic
P48029	M396C	396	0.9929	pathogenic
P48029	M396D	396	0.9995	pathogenic
P48029	M396E	396	0.9975	pathogenic
P48029	M396F	396	0.8958	pathogenic
P48029	M396G	396	0.9953	pathogenic
P48029	M396H	396	0.9954	pathogenic
P48029	M396I	396	0.9794	pathogenic
P48029	M396K	396	0.9933	pathogenic
P48029	M396L	396	0.2309	benign
P48029	M396N	396	0.9965	pathogenic
P48029	M396P	396	0.9967	pathogenic
P48029	M396Q	396	0.9722	pathogenic
P48029	M396R	396	0.9936	pathogenic
P48029	M396S	396	0.9897	pathogenic
P48029	M396T	396	0.9949	pathogenic
P48029	M396V	396	0.9236	pathogenic
P48029	M396W	396	0.9919	pathogenic
P48029	M396Y	396	0.9924	pathogenic
P48029	P397A	397	0.7958	pathogenic
P48029	P397C	397	0.9973	pathogenic
P48029	P397D	397	0.9392	pathogenic
P48029	P397E	397	0.93	pathogenic
P48029	P397F	397	0.9944	pathogenic
P48029	P397G	397	0.919	pathogenic
P48029	P397H	397	0.9402	pathogenic
P48029	P397I	397	0.9884	pathogenic
P48029	P397K	397	0.9661	pathogenic
P48029	P397L	397	0.9277	pathogenic
P48029	P397M	397	0.9846	pathogenic
P48029	P397N	397	0.9677	pathogenic
P48029	P397Q	397	0.9148	pathogenic
P48029	P397R	397	0.9165	pathogenic
P48029	P397S	397	0.8822	pathogenic
P48029	P397T	397	0.8679	pathogenic
P48029	P397V	397	0.9569	pathogenic
P48029	P397W	397	0.9918	pathogenic
P48029	P397Y	397	0.99	pathogenic
P48029	V398A	398	0.1689	benign
P48029	V398C	398	0.7598	pathogenic
P48029	V398D	398	0.8441	pathogenic
P48029	V398E	398	0.718	pathogenic
P48029	V398F	398	0.1246	benign
P48029	V398G	398	0.2306	benign
P48029	V398H	398	0.8026	pathogenic
P48029	V398I	398	0.093	benign
P48029	V398K	398	0.7598	pathogenic
P48029	V398L	398	0.1072	benign
P48029	V398M	398	0.1193	benign
P48029	V398N	398	0.7033	pathogenic
P48029	V398P	398	0.6977	pathogenic
P48029	V398Q	398	0.6017	pathogenic
P48029	V398R	398	0.6591	pathogenic
P48029	V398S	398	0.3828	ambiguous
P48029	V398T	398	0.3367	benign
P48029	V398W	398	0.6676	pathogenic
P48029	V398Y	398	0.5992	pathogenic
P48029	A399C	399	0.9536	pathogenic
P48029	A399D	399	0.9549	pathogenic
P48029	A399E	399	0.9203	pathogenic
P48029	A399F	399	0.9696	pathogenic
P48029	A399G	399	0.4747	ambiguous
P48029	A399H	399	0.926	pathogenic
P48029	A399I	399	0.9775	pathogenic
P48029	A399K	399	0.9804	pathogenic
P48029	A399L	399	0.8906	pathogenic
P48029	A399M	399	0.9278	pathogenic
P48029	A399N	399	0.9151	pathogenic
P48029	A399P	399	0.3652	ambiguous
P48029	A399Q	399	0.8602	pathogenic
P48029	A399R	399	0.9478	pathogenic
P48029	A399S	399	0.102	benign
P48029	A399T	399	0.6705	pathogenic
P48029	A399V	399	0.8794	pathogenic
P48029	A399W	399	0.9899	pathogenic
P48029	A399Y	399	0.977	pathogenic
P48029	P400A	400	0.4984	ambiguous
P48029	P400C	400	0.984	pathogenic
P48029	P400D	400	0.9846	pathogenic
P48029	P400E	400	0.9348	pathogenic
P48029	P400F	400	0.995	pathogenic
P48029	P400G	400	0.8543	pathogenic
P48029	P400H	400	0.9187	pathogenic
P48029	P400I	400	0.9831	pathogenic
P48029	P400K	400	0.9854	pathogenic
P48029	P400L	400	0.9537	pathogenic
P48029	P400M	400	0.9736	pathogenic
P48029	P400N	400	0.9271	pathogenic
P48029	P400Q	400	0.7425	pathogenic
P48029	P400R	400	0.9473	pathogenic
P48029	P400S	400	0.5037	ambiguous
P48029	P400T	400	0.6569	pathogenic
P48029	P400V	400	0.9307	pathogenic
P48029	P400W	400	0.9936	pathogenic
P48029	P400Y	400	0.9915	pathogenic
P48029	L401A	401	0.3626	ambiguous
P48029	L401C	401	0.7427	pathogenic
P48029	L401D	401	0.9971	pathogenic
P48029	L401E	401	0.9843	pathogenic
P48029	L401F	401	0.1872	benign
P48029	L401G	401	0.7496	pathogenic
P48029	L401H	401	0.974	pathogenic
P48029	L401I	401	0.1418	benign
P48029	L401K	401	0.9846	pathogenic
P48029	L401M	401	0.2118	benign
P48029	L401N	401	0.9866	pathogenic
P48029	L401P	401	0.8388	pathogenic
P48029	L401Q	401	0.9308	pathogenic
P48029	L401R	401	0.9581	pathogenic
P48029	L401S	401	0.8576	pathogenic
P48029	L401T	401	0.6532	pathogenic
P48029	L401V	401	0.0876	benign
P48029	L401W	401	0.7852	pathogenic
P48029	L401Y	401	0.8986	pathogenic
P48029	W402A	402	0.9845	pathogenic
P48029	W402C	402	0.9922	pathogenic
P48029	W402D	402	0.9995	pathogenic
P48029	W402E	402	0.9992	pathogenic
P48029	W402F	402	0.7755	pathogenic
P48029	W402G	402	0.968	pathogenic
P48029	W402H	402	0.9963	pathogenic
P48029	W402I	402	0.9954	pathogenic
P48029	W402K	402	0.9999	pathogenic
P48029	W402L	402	0.9719	pathogenic
P48029	W402M	402	0.9936	pathogenic
P48029	W402N	402	0.9989	pathogenic
P48029	W402P	402	0.9955	pathogenic
P48029	W402Q	402	0.9992	pathogenic
P48029	W402R	402	0.9994	pathogenic
P48029	W402S	402	0.9793	pathogenic
P48029	W402T	402	0.991	pathogenic
P48029	W402V	402	0.9887	pathogenic
P48029	W402Y	402	0.9674	pathogenic
P48029	A403C	403	0.9694	pathogenic
P48029	A403D	403	0.9964	pathogenic
P48029	A403E	403	0.9953	pathogenic
P48029	A403F	403	0.9958	pathogenic
P48029	A403G	403	0.5343	ambiguous
P48029	A403H	403	0.9962	pathogenic
P48029	A403I	403	0.9958	pathogenic
P48029	A403K	403	0.9992	pathogenic
P48029	A403L	403	0.9751	pathogenic
P48029	A403M	403	0.9838	pathogenic
P48029	A403N	403	0.9885	pathogenic
P48029	A403P	403	0.9971	pathogenic
P48029	A403Q	403	0.9873	pathogenic
P48029	A403R	403	0.9959	pathogenic
P48029	A403S	403	0.2049	benign
P48029	A403T	403	0.9047	pathogenic
P48029	A403V	403	0.968	pathogenic
P48029	A403W	403	0.9993	pathogenic
P48029	A403Y	403	0.9976	pathogenic
P48029	A404C	404	0.4083	ambiguous
P48029	A404D	404	0.9878	pathogenic
P48029	A404E	404	0.9827	pathogenic
P48029	A404F	404	0.4275	ambiguous
P48029	A404G	404	0.2176	benign
P48029	A404H	404	0.9788	pathogenic
P48029	A404I	404	0.3597	ambiguous
P48029	A404K	404	0.9948	pathogenic
P48029	A404L	404	0.3358	benign
P48029	A404M	404	0.3073	benign
P48029	A404N	404	0.9221	pathogenic
P48029	A404P	404	0.9661	pathogenic
P48029	A404Q	404	0.9574	pathogenic
P48029	A404R	404	0.9857	pathogenic
P48029	A404S	404	0.166	benign
P48029	A404T	404	0.1392	benign
P48029	A404V	404	0.1686	benign
P48029	A404W	404	0.9591	pathogenic
P48029	A404Y	404	0.9292	pathogenic
P48029	L405A	405	0.5496	ambiguous
P48029	L405C	405	0.5931	pathogenic
P48029	L405D	405	0.9983	pathogenic
P48029	L405E	405	0.9936	pathogenic
P48029	L405F	405	0.4949	ambiguous
P48029	L405G	405	0.8431	pathogenic
P48029	L405H	405	0.9875	pathogenic
P48029	L405I	405	0.4743	ambiguous
P48029	L405K	405	0.9964	pathogenic
P48029	L405M	405	0.2641	benign
P48029	L405N	405	0.9842	pathogenic
P48029	L405P	405	0.9881	pathogenic
P48029	L405Q	405	0.9612	pathogenic
P48029	L405R	405	0.9875	pathogenic
P48029	L405S	405	0.8349	pathogenic
P48029	L405T	405	0.7782	pathogenic
P48029	L405V	405	0.3329	benign
P48029	L405W	405	0.9574	pathogenic
P48029	L405Y	405	0.9777	pathogenic
P48029	F406A	406	0.9946	pathogenic
P48029	F406C	406	0.9891	pathogenic
P48029	F406D	406	0.9989	pathogenic
P48029	F406E	406	0.999	pathogenic
P48029	F406G	406	0.9939	pathogenic
P48029	F406H	406	0.9961	pathogenic
P48029	F406I	406	0.992	pathogenic
P48029	F406K	406	0.9993	pathogenic
P48029	F406L	406	0.9976	pathogenic
P48029	F406M	406	0.995	pathogenic
P48029	F406N	406	0.997	pathogenic
P48029	F406P	406	0.9994	pathogenic
P48029	F406Q	406	0.9981	pathogenic
P48029	F406R	406	0.9962	pathogenic
P48029	F406S	406	0.9956	pathogenic
P48029	F406T	406	0.9951	pathogenic
P48029	F406V	406	0.9871	pathogenic
P48029	F406W	406	0.9837	pathogenic
P48029	F406Y	406	0.9351	pathogenic
P48029	F407A	407	0.9949	pathogenic
P48029	F407C	407	0.9823	pathogenic
P48029	F407D	407	0.9988	pathogenic
P48029	F407E	407	0.9994	pathogenic
P48029	F407G	407	0.9945	pathogenic
P48029	F407H	407	0.99	pathogenic
P48029	F407I	407	0.996	pathogenic
P48029	F407K	407	0.9996	pathogenic
P48029	F407L	407	0.9989	pathogenic
P48029	F407M	407	0.9962	pathogenic
P48029	F407N	407	0.9947	pathogenic
P48029	F407P	407	0.9996	pathogenic
P48029	F407Q	407	0.9978	pathogenic
P48029	F407R	407	0.9969	pathogenic
P48029	F407S	407	0.991	pathogenic
P48029	F407T	407	0.996	pathogenic
P48029	F407V	407	0.9932	pathogenic
P48029	F407W	407	0.9779	pathogenic
P48029	F407Y	407	0.8916	pathogenic
P48029	F408A	408	0.2883	benign
P48029	F408C	408	0.2064	benign
P48029	F408D	408	0.9897	pathogenic
P48029	F408E	408	0.9926	pathogenic
P48029	F408G	408	0.4984	ambiguous
P48029	F408H	408	0.9785	pathogenic
P48029	F408I	408	0.1422	benign
P48029	F408K	408	0.9971	pathogenic
P48029	F408L	408	0.4091	ambiguous
P48029	F408M	408	0.3083	benign
P48029	F408N	408	0.9385	pathogenic
P48029	F408P	408	0.9928	pathogenic
P48029	F408Q	408	0.9818	pathogenic
P48029	F408R	408	0.9919	pathogenic
P48029	F408S	408	0.4002	ambiguous
P48029	F408T	408	0.281	benign
P48029	F408V	408	0.1147	benign
P48029	F408W	408	0.8694	pathogenic
P48029	F408Y	408	0.7618	pathogenic
P48029	M409A	409	0.9794	pathogenic
P48029	M409C	409	0.898	pathogenic
P48029	M409D	409	0.998	pathogenic
P48029	M409E	409	0.9952	pathogenic
P48029	M409F	409	0.9291	pathogenic
P48029	M409G	409	0.9844	pathogenic
P48029	M409H	409	0.9915	pathogenic
P48029	M409I	409	0.9979	pathogenic
P48029	M409K	409	0.9974	pathogenic
P48029	M409L	409	0.779	pathogenic
P48029	M409N	409	0.9798	pathogenic
P48029	M409P	409	0.997	pathogenic
P48029	M409Q	409	0.9394	pathogenic
P48029	M409R	409	0.9952	pathogenic
P48029	M409S	409	0.9067	pathogenic
P48029	M409T	409	0.9627	pathogenic
P48029	M409V	409	0.9621	pathogenic
P48029	M409W	409	0.9967	pathogenic
P48029	M409Y	409	0.9964	pathogenic
P48029	L410A	410	0.984	pathogenic
P48029	L410C	410	0.9873	pathogenic
P48029	L410D	410	0.9997	pathogenic
P48029	L410E	410	0.9987	pathogenic
P48029	L410F	410	0.962	pathogenic
P48029	L410G	410	0.9958	pathogenic
P48029	L410H	410	0.9983	pathogenic
P48029	L410I	410	0.4672	ambiguous
P48029	L410K	410	0.998	pathogenic
P48029	L410M	410	0.7096	pathogenic
P48029	L410N	410	0.996	pathogenic
P48029	L410P	410	0.9975	pathogenic
P48029	L410Q	410	0.996	pathogenic
P48029	L410R	410	0.9961	pathogenic
P48029	L410S	410	0.9978	pathogenic
P48029	L410T	410	0.9847	pathogenic
P48029	L410V	410	0.593	pathogenic
P48029	L410W	410	0.9952	pathogenic
P48029	L410Y	410	0.9957	pathogenic
P48029	L411A	411	0.888	pathogenic
P48029	L411C	411	0.8754	pathogenic
P48029	L411D	411	0.9991	pathogenic
P48029	L411E	411	0.9958	pathogenic
P48029	L411F	411	0.6159	pathogenic
P48029	L411G	411	0.9638	pathogenic
P48029	L411H	411	0.9883	pathogenic
P48029	L411I	411	0.3309	benign
P48029	L411K	411	0.9958	pathogenic
P48029	L411M	411	0.3921	ambiguous
P48029	L411N	411	0.9874	pathogenic
P48029	L411P	411	0.9919	pathogenic
P48029	L411Q	411	0.9766	pathogenic
P48029	L411R	411	0.9896	pathogenic
P48029	L411S	411	0.9719	pathogenic
P48029	L411T	411	0.8977	pathogenic
P48029	L411V	411	0.3259	benign
P48029	L411W	411	0.9407	pathogenic
P48029	L411Y	411	0.9666	pathogenic
P48029	L412A	412	0.6674	pathogenic
P48029	L412C	412	0.6022	pathogenic
P48029	L412D	412	0.9973	pathogenic
P48029	L412E	412	0.9903	pathogenic
P48029	L412F	412	0.5323	ambiguous
P48029	L412G	412	0.9124	pathogenic
P48029	L412H	412	0.9727	pathogenic
P48029	L412I	412	0.4575	ambiguous
P48029	L412K	412	0.9929	pathogenic
P48029	L412M	412	0.254	benign
P48029	L412N	412	0.9478	pathogenic
P48029	L412P	412	0.989	pathogenic
P48029	L412Q	412	0.938	pathogenic
P48029	L412R	412	0.9815	pathogenic
P48029	L412S	412	0.8523	pathogenic
P48029	L412T	412	0.5967	pathogenic
P48029	L412V	412	0.3198	benign
P48029	L412W	412	0.9165	pathogenic
P48029	L412Y	412	0.9633	pathogenic
P48029	L413A	413	0.9837	pathogenic
P48029	L413C	413	0.9942	pathogenic
P48029	L413D	413	0.9998	pathogenic
P48029	L413E	413	0.9989	pathogenic
P48029	L413F	413	0.9957	pathogenic
P48029	L413G	413	0.9955	pathogenic
P48029	L413H	413	0.9994	pathogenic
P48029	L413I	413	0.9007	pathogenic
P48029	L413K	413	0.9984	pathogenic
P48029	L413M	413	0.9383	pathogenic
P48029	L413N	413	0.9986	pathogenic
P48029	L413P	413	0.9981	pathogenic
P48029	L413Q	413	0.9983	pathogenic
P48029	L413R	413	0.9952	pathogenic
P48029	L413S	413	0.9986	pathogenic
P48029	L413T	413	0.9874	pathogenic
P48029	L413V	413	0.8762	pathogenic
P48029	L413W	413	0.998	pathogenic
P48029	L413Y	413	0.9992	pathogenic
P48029	G414A	414	0.9487	pathogenic
P48029	G414C	414	0.9932	pathogenic
P48029	G414D	414	0.9986	pathogenic
P48029	G414E	414	0.999	pathogenic
P48029	G414F	414	0.9985	pathogenic
P48029	G414H	414	0.9998	pathogenic
P48029	G414I	414	0.9977	pathogenic
P48029	G414K	414	0.9998	pathogenic
P48029	G414L	414	0.997	pathogenic
P48029	G414M	414	0.9991	pathogenic
P48029	G414N	414	0.9994	pathogenic
P48029	G414P	414	0.9994	pathogenic
P48029	G414Q	414	0.9993	pathogenic
P48029	G414R	414	0.9993	pathogenic
P48029	G414S	414	0.985	pathogenic
P48029	G414T	414	0.9956	pathogenic
P48029	G414V	414	0.9952	pathogenic
P48029	G414W	414	0.9992	pathogenic
P48029	G414Y	414	0.9992	pathogenic
P48029	L415A	415	0.8934	pathogenic
P48029	L415C	415	0.941	pathogenic
P48029	L415D	415	0.9991	pathogenic
P48029	L415E	415	0.9947	pathogenic
P48029	L415F	415	0.8235	pathogenic
P48029	L415G	415	0.9769	pathogenic
P48029	L415H	415	0.9955	pathogenic
P48029	L415I	415	0.3884	ambiguous
P48029	L415K	415	0.9948	pathogenic
P48029	L415M	415	0.3759	ambiguous
P48029	L415N	415	0.9912	pathogenic
P48029	L415P	415	0.9984	pathogenic
P48029	L415Q	415	0.9854	pathogenic
P48029	L415R	415	0.9911	pathogenic
P48029	L415S	415	0.9791	pathogenic
P48029	L415T	415	0.8898	pathogenic
P48029	L415V	415	0.4215	ambiguous
P48029	L415W	415	0.9731	pathogenic
P48029	L415Y	415	0.9873	pathogenic
P48029	D416A	416	0.9778	pathogenic
P48029	D416C	416	0.9987	pathogenic
P48029	D416E	416	0.9969	pathogenic
P48029	D416F	416	0.9996	pathogenic
P48029	D416G	416	0.9281	pathogenic
P48029	D416H	416	0.9983	pathogenic
P48029	D416I	416	0.9993	pathogenic
P48029	D416K	416	0.9989	pathogenic
P48029	D416L	416	0.9977	pathogenic
P48029	D416M	416	0.9998	pathogenic
P48029	D416N	416	0.9847	pathogenic
P48029	D416P	416	0.9956	pathogenic
P48029	D416Q	416	0.9987	pathogenic
P48029	D416R	416	0.9981	pathogenic
P48029	D416S	416	0.9447	pathogenic
P48029	D416T	416	0.9949	pathogenic
P48029	D416V	416	0.9964	pathogenic
P48029	D416W	416	0.9999	pathogenic
P48029	D416Y	416	0.9964	pathogenic
P48029	S417A	417	0.9606	pathogenic
P48029	S417C	417	0.992	pathogenic
P48029	S417D	417	0.9946	pathogenic
P48029	S417E	417	0.9931	pathogenic
P48029	S417F	417	0.9982	pathogenic
P48029	S417G	417	0.9448	pathogenic
P48029	S417H	417	0.9948	pathogenic
P48029	S417I	417	0.9979	pathogenic
P48029	S417K	417	0.9985	pathogenic
P48029	S417L	417	0.9981	pathogenic
P48029	S417M	417	0.9951	pathogenic
P48029	S417N	417	0.9953	pathogenic
P48029	S417P	417	0.9982	pathogenic
P48029	S417Q	417	0.994	pathogenic
P48029	S417R	417	0.9982	pathogenic
P48029	S417T	417	0.7077	pathogenic
P48029	S417V	417	0.9973	pathogenic
P48029	S417W	417	0.9955	pathogenic
P48029	S417Y	417	0.9967	pathogenic
P48029	Q418A	418	0.8624	pathogenic
P48029	Q418C	418	0.9883	pathogenic
P48029	Q418D	418	0.9926	pathogenic
P48029	Q418E	418	0.3748	ambiguous
P48029	Q418F	418	0.9937	pathogenic
P48029	Q418G	418	0.9292	pathogenic
P48029	Q418H	418	0.9926	pathogenic
P48029	Q418I	418	0.9735	pathogenic
P48029	Q418K	418	0.9768	pathogenic
P48029	Q418L	418	0.9518	pathogenic
P48029	Q418M	418	0.8372	pathogenic
P48029	Q418N	418	0.9443	pathogenic
P48029	Q418P	418	0.9947	pathogenic
P48029	Q418R	418	0.9817	pathogenic
P48029	Q418S	418	0.8343	pathogenic
P48029	Q418T	418	0.8618	pathogenic
P48029	Q418V	418	0.9461	pathogenic
P48029	Q418W	418	0.9984	pathogenic
P48029	Q418Y	418	0.9972	pathogenic
P48029	F419A	419	0.9949	pathogenic
P48029	F419C	419	0.9967	pathogenic
P48029	F419D	419	0.999	pathogenic
P48029	F419E	419	0.9988	pathogenic
P48029	F419G	419	0.9951	pathogenic
P48029	F419H	419	0.9983	pathogenic
P48029	F419I	419	0.99	pathogenic
P48029	F419K	419	0.9994	pathogenic
P48029	F419L	419	0.9993	pathogenic
P48029	F419M	419	0.9909	pathogenic
P48029	F419N	419	0.9978	pathogenic
P48029	F419P	419	1.0	pathogenic
P48029	F419Q	419	0.9985	pathogenic
P48029	F419R	419	0.998	pathogenic
P48029	F419S	419	0.9982	pathogenic
P48029	F419T	419	0.9969	pathogenic
P48029	F419V	419	0.9806	pathogenic
P48029	F419W	419	0.985	pathogenic
P48029	F419Y	419	0.9382	pathogenic
P48029	V420A	420	0.9597	pathogenic
P48029	V420C	420	0.9806	pathogenic
P48029	V420D	420	0.9986	pathogenic
P48029	V420E	420	0.9975	pathogenic
P48029	V420F	420	0.9917	pathogenic
P48029	V420G	420	0.9132	pathogenic
P48029	V420H	420	0.9993	pathogenic
P48029	V420I	420	0.7699	pathogenic
P48029	V420K	420	0.9985	pathogenic
P48029	V420L	420	0.9934	pathogenic
P48029	V420M	420	0.9945	pathogenic
P48029	V420N	420	0.9968	pathogenic
P48029	V420P	420	0.9895	pathogenic
P48029	V420Q	420	0.9957	pathogenic
P48029	V420R	420	0.9895	pathogenic
P48029	V420S	420	0.9645	pathogenic
P48029	V420T	420	0.919	pathogenic
P48029	V420W	420	0.9996	pathogenic
P48029	V420Y	420	0.999	pathogenic
P48029	G421A	421	0.8653	pathogenic
P48029	G421C	421	0.9645	pathogenic
P48029	G421D	421	0.9977	pathogenic
P48029	G421E	421	0.9947	pathogenic
P48029	G421F	421	0.9963	pathogenic
P48029	G421H	421	0.9994	pathogenic
P48029	G421I	421	0.993	pathogenic
P48029	G421K	421	0.9994	pathogenic
P48029	G421L	421	0.9929	pathogenic
P48029	G421M	421	0.9917	pathogenic
P48029	G421N	421	0.9964	pathogenic
P48029	G421P	421	0.9995	pathogenic
P48029	G421Q	421	0.9953	pathogenic
P48029	G421R	421	0.9983	pathogenic
P48029	G421S	421	0.9423	pathogenic
P48029	G421T	421	0.9641	pathogenic
P48029	G421V	421	0.9839	pathogenic
P48029	G421W	421	0.9978	pathogenic
P48029	G421Y	421	0.998	pathogenic
P48029	V422A	422	0.917	pathogenic
P48029	V422C	422	0.9651	pathogenic
P48029	V422D	422	0.9955	pathogenic
P48029	V422E	422	0.9774	pathogenic
P48029	V422F	422	0.9382	pathogenic
P48029	V422G	422	0.9221	pathogenic
P48029	V422H	422	0.9969	pathogenic
P48029	V422I	422	0.2181	benign
P48029	V422K	422	0.9905	pathogenic
P48029	V422L	422	0.8793	pathogenic
P48029	V422M	422	0.6909	pathogenic
P48029	V422N	422	0.9714	pathogenic
P48029	V422P	422	0.9982	pathogenic
P48029	V422Q	422	0.9696	pathogenic
P48029	V422R	422	0.9865	pathogenic
P48029	V422S	422	0.9451	pathogenic
P48029	V422T	422	0.7484	pathogenic
P48029	V422W	422	0.9983	pathogenic
P48029	V422Y	422	0.9952	pathogenic
P48029	E423A	423	0.9938	pathogenic
P48029	E423C	423	0.9989	pathogenic
P48029	E423D	423	0.9967	pathogenic
P48029	E423F	423	0.9998	pathogenic
P48029	E423G	423	0.9907	pathogenic
P48029	E423H	423	0.9995	pathogenic
P48029	E423I	423	0.9994	pathogenic
P48029	E423K	423	0.9981	pathogenic
P48029	E423L	423	0.9993	pathogenic
P48029	E423M	423	0.9994	pathogenic
P48029	E423N	423	0.9991	pathogenic
P48029	E423P	423	0.9997	pathogenic
P48029	E423Q	423	0.9903	pathogenic
P48029	E423R	423	0.997	pathogenic
P48029	E423S	423	0.9954	pathogenic
P48029	E423T	423	0.9968	pathogenic
P48029	E423V	423	0.9983	pathogenic
P48029	E423W	423	0.9998	pathogenic
P48029	E423Y	423	0.9997	pathogenic
P48029	G424A	424	0.9119	pathogenic
P48029	G424C	424	0.9916	pathogenic
P48029	G424D	424	0.9989	pathogenic
P48029	G424E	424	0.9991	pathogenic
P48029	G424F	424	0.9993	pathogenic
P48029	G424H	424	0.9998	pathogenic
P48029	G424I	424	0.9966	pathogenic
P48029	G424K	424	0.9998	pathogenic
P48029	G424L	424	0.9979	pathogenic
P48029	G424M	424	0.9984	pathogenic
P48029	G424N	424	0.9984	pathogenic
P48029	G424P	424	0.9999	pathogenic
P48029	G424Q	424	0.9994	pathogenic
P48029	G424R	424	0.9996	pathogenic
P48029	G424S	424	0.9458	pathogenic
P48029	G424T	424	0.9844	pathogenic
P48029	G424V	424	0.9917	pathogenic
P48029	G424W	424	0.9994	pathogenic
P48029	G424Y	424	0.9992	pathogenic
P48029	F425A	425	0.952	pathogenic
P48029	F425C	425	0.776	pathogenic
P48029	F425D	425	0.999	pathogenic
P48029	F425E	425	0.9985	pathogenic
P48029	F425G	425	0.9751	pathogenic
P48029	F425H	425	0.9936	pathogenic
P48029	F425I	425	0.8474	pathogenic
P48029	F425K	425	0.9991	pathogenic
P48029	F425L	425	0.9348	pathogenic
P48029	F425M	425	0.8533	pathogenic
P48029	F425N	425	0.9924	pathogenic
P48029	F425P	425	0.9998	pathogenic
P48029	F425Q	425	0.9951	pathogenic
P48029	F425R	425	0.9967	pathogenic
P48029	F425S	425	0.9821	pathogenic
P48029	F425T	425	0.9738	pathogenic
P48029	F425V	425	0.7192	pathogenic
P48029	F425W	425	0.9411	pathogenic
P48029	F425Y	425	0.7382	pathogenic
P48029	I426A	426	0.8983	pathogenic
P48029	I426C	426	0.888	pathogenic
P48029	I426D	426	0.9974	pathogenic
P48029	I426E	426	0.9922	pathogenic
P48029	I426F	426	0.7635	pathogenic
P48029	I426G	426	0.9824	pathogenic
P48029	I426H	426	0.9869	pathogenic
P48029	I426K	426	0.9908	pathogenic
P48029	I426L	426	0.3538	ambiguous
P48029	I426M	426	0.4428	ambiguous
P48029	I426N	426	0.9488	pathogenic
P48029	I426P	426	0.9958	pathogenic
P48029	I426Q	426	0.979	pathogenic
P48029	I426R	426	0.982	pathogenic
P48029	I426S	426	0.8882	pathogenic
P48029	I426T	426	0.7441	pathogenic
P48029	I426V	426	0.0946	benign
P48029	I426W	426	0.9925	pathogenic
P48029	I426Y	426	0.9781	pathogenic
P48029	T427A	427	0.8914	pathogenic
P48029	T427C	427	0.9769	pathogenic
P48029	T427D	427	0.9971	pathogenic
P48029	T427E	427	0.9962	pathogenic
P48029	T427F	427	0.9959	pathogenic
P48029	T427G	427	0.957	pathogenic
P48029	T427H	427	0.9898	pathogenic
P48029	T427I	427	0.9927	pathogenic
P48029	T427K	427	0.9957	pathogenic
P48029	T427L	427	0.9664	pathogenic
P48029	T427M	427	0.948	pathogenic
P48029	T427N	427	0.9783	pathogenic
P48029	T427P	427	0.9816	pathogenic
P48029	T427Q	427	0.9887	pathogenic
P48029	T427R	427	0.9902	pathogenic
P48029	T427S	427	0.8635	pathogenic
P48029	T427V	427	0.9507	pathogenic
P48029	T427W	427	0.9981	pathogenic
P48029	T427Y	427	0.9978	pathogenic
P48029	G428A	428	0.389	ambiguous
P48029	G428C	428	0.9261	pathogenic
P48029	G428D	428	0.9969	pathogenic
P48029	G428E	428	0.998	pathogenic
P48029	G428F	428	0.9932	pathogenic
P48029	G428H	428	0.9976	pathogenic
P48029	G428I	428	0.9874	pathogenic
P48029	G428K	428	0.9995	pathogenic
P48029	G428L	428	0.9848	pathogenic
P48029	G428M	428	0.9874	pathogenic
P48029	G428N	428	0.9915	pathogenic
P48029	G428P	428	0.9974	pathogenic
P48029	G428Q	428	0.9949	pathogenic
P48029	G428R	428	0.9977	pathogenic
P48029	G428S	428	0.6124	pathogenic
P48029	G428T	428	0.9153	pathogenic
P48029	G428V	428	0.9615	pathogenic
P48029	G428W	428	0.9966	pathogenic
P48029	G428Y	428	0.996	pathogenic
P48029	L429A	429	0.5353	ambiguous
P48029	L429C	429	0.5637	ambiguous
P48029	L429D	429	0.9976	pathogenic
P48029	L429E	429	0.9835	pathogenic
P48029	L429F	429	0.2071	benign
P48029	L429G	429	0.862	pathogenic
P48029	L429H	429	0.954	pathogenic
P48029	L429I	429	0.0959	benign
P48029	L429K	429	0.9821	pathogenic
P48029	L429M	429	0.1336	benign
P48029	L429N	429	0.966	pathogenic
P48029	L429P	429	0.9887	pathogenic
P48029	L429Q	429	0.9107	pathogenic
P48029	L429R	429	0.9636	pathogenic
P48029	L429S	429	0.8191	pathogenic
P48029	L429T	429	0.6445	pathogenic
P48029	L429V	429	0.1087	benign
P48029	L429W	429	0.7336	pathogenic
P48029	L429Y	429	0.855	pathogenic
P48029	L430A	430	0.8162	pathogenic
P48029	L430C	430	0.8721	pathogenic
P48029	L430D	430	0.9935	pathogenic
P48029	L430E	430	0.9478	pathogenic
P48029	L430F	430	0.8324	pathogenic
P48029	L430G	430	0.9251	pathogenic
P48029	L430H	430	0.924	pathogenic
P48029	L430I	430	0.53	ambiguous
P48029	L430K	430	0.9042	pathogenic
P48029	L430M	430	0.3105	benign
P48029	L430N	430	0.9366	pathogenic
P48029	L430P	430	0.9946	pathogenic
P48029	L430Q	430	0.7166	pathogenic
P48029	L430R	430	0.8162	pathogenic
P48029	L430S	430	0.9156	pathogenic
P48029	L430T	430	0.7339	pathogenic
P48029	L430V	430	0.4984	ambiguous
P48029	L430W	430	0.9068	pathogenic
P48029	L430Y	430	0.9512	pathogenic
P48029	D431A	431	0.9974	pathogenic
P48029	D431C	431	0.9996	pathogenic
P48029	D431E	431	0.9939	pathogenic
P48029	D431F	431	0.9989	pathogenic
P48029	D431G	431	0.9951	pathogenic
P48029	D431H	431	0.9967	pathogenic
P48029	D431I	431	0.9994	pathogenic
P48029	D431K	431	0.9992	pathogenic
P48029	D431L	431	0.9972	pathogenic
P48029	D431M	431	0.9997	pathogenic
P48029	D431N	431	0.9934	pathogenic
P48029	D431P	431	0.9988	pathogenic
P48029	D431Q	431	0.9982	pathogenic
P48029	D431R	431	0.9983	pathogenic
P48029	D431S	431	0.9941	pathogenic
P48029	D431T	431	0.9987	pathogenic
P48029	D431V	431	0.9977	pathogenic
P48029	D431W	431	0.9994	pathogenic
P48029	D431Y	431	0.9917	pathogenic
P48029	L432A	432	0.5123	ambiguous
P48029	L432C	432	0.6358	pathogenic
P48029	L432D	432	0.9672	pathogenic
P48029	L432E	432	0.7974	pathogenic
P48029	L432F	432	0.2449	benign
P48029	L432G	432	0.8562	pathogenic
P48029	L432H	432	0.6281	pathogenic
P48029	L432I	432	0.1147	benign
P48029	L432K	432	0.7102	pathogenic
P48029	L432M	432	0.1274	benign
P48029	L432N	432	0.8024	pathogenic
P48029	L432P	432	0.9767	pathogenic
P48029	L432Q	432	0.4479	ambiguous
P48029	L432R	432	0.5367	ambiguous
P48029	L432S	432	0.7026	pathogenic
P48029	L432T	432	0.4996	ambiguous
P48029	L432V	432	0.1181	benign
P48029	L432W	432	0.4756	ambiguous
P48029	L432Y	432	0.6121	pathogenic
P48029	L433A	433	0.5047	ambiguous
P48029	L433C	433	0.5641	pathogenic
P48029	L433D	433	0.9798	pathogenic
P48029	L433E	433	0.8795	pathogenic
P48029	L433F	433	0.1072	benign
P48029	L433G	433	0.8221	pathogenic
P48029	L433H	433	0.5677	pathogenic
P48029	L433I	433	0.1782	benign
P48029	L433K	433	0.6991	pathogenic
P48029	L433M	433	0.164	benign
P48029	L433N	433	0.8852	pathogenic
P48029	L433P	433	0.8803	pathogenic
P48029	L433Q	433	0.4817	ambiguous
P48029	L433R	433	0.4887	ambiguous
P48029	L433S	433	0.7366	pathogenic
P48029	L433T	433	0.6751	pathogenic
P48029	L433V	433	0.1567	benign
P48029	L433W	433	0.1926	benign
P48029	L433Y	433	0.3774	ambiguous
P48029	P434A	434	0.816	pathogenic
P48029	P434C	434	0.992	pathogenic
P48029	P434D	434	0.9484	pathogenic
P48029	P434E	434	0.9461	pathogenic
P48029	P434F	434	0.9957	pathogenic
P48029	P434G	434	0.8807	pathogenic
P48029	P434H	434	0.92	pathogenic
P48029	P434I	434	0.9927	pathogenic
P48029	P434K	434	0.9419	pathogenic
P48029	P434L	434	0.9531	pathogenic
P48029	P434M	434	0.9887	pathogenic
P48029	P434N	434	0.9614	pathogenic
P48029	P434Q	434	0.902	pathogenic
P48029	P434R	434	0.8801	pathogenic
P48029	P434S	434	0.8555	pathogenic
P48029	P434T	434	0.882	pathogenic
P48029	P434V	434	0.971	pathogenic
P48029	P434W	434	0.9935	pathogenic
P48029	P434Y	434	0.9905	pathogenic
P48029	A435C	435	0.3807	ambiguous
P48029	A435D	435	0.2236	benign
P48029	A435E	435	0.2084	benign
P48029	A435F	435	0.3712	ambiguous
P48029	A435G	435	0.102	benign
P48029	A435H	435	0.2648	benign
P48029	A435I	435	0.2742	benign
P48029	A435K	435	0.2541	benign
P48029	A435L	435	0.1986	benign
P48029	A435M	435	0.2579	benign
P48029	A435N	435	0.2134	benign
P48029	A435P	435	0.0826	benign
P48029	A435Q	435	0.1901	benign
P48029	A435R	435	0.2007	benign
P48029	A435S	435	0.0813	benign
P48029	A435T	435	0.0877	benign
P48029	A435V	435	0.1322	benign
P48029	A435W	435	0.6098	pathogenic
P48029	A435Y	435	0.3901	ambiguous
P48029	S436A	436	0.082	benign
P48029	S436C	436	0.1641	benign
P48029	S436D	436	0.2639	benign
P48029	S436E	436	0.3449	ambiguous
P48029	S436F	436	0.384	ambiguous
P48029	S436G	436	0.0728	benign
P48029	S436H	436	0.172	benign
P48029	S436I	436	0.3243	benign
P48029	S436K	436	0.2819	benign
P48029	S436L	436	0.2513	benign
P48029	S436M	436	0.3553	ambiguous
P48029	S436N	436	0.1334	benign
P48029	S436P	436	0.1457	benign
P48029	S436Q	436	0.2342	benign
P48029	S436R	436	0.2143	benign
P48029	S436T	436	0.0903	benign
P48029	S436V	436	0.2372	benign
P48029	S436W	436	0.3538	ambiguous
P48029	S436Y	436	0.2646	benign
P48029	Y437A	437	0.3154	benign
P48029	Y437C	437	0.1393	benign
P48029	Y437D	437	0.4052	ambiguous
P48029	Y437E	437	0.6897	pathogenic
P48029	Y437F	437	0.1111	benign
P48029	Y437G	437	0.3258	benign
P48029	Y437H	437	0.2006	benign
P48029	Y437I	437	0.4674	ambiguous
P48029	Y437K	437	0.6104	pathogenic
P48029	Y437L	437	0.3653	ambiguous
P48029	Y437M	437	0.5687	pathogenic
P48029	Y437N	437	0.305	benign
P48029	Y437P	437	0.6349	pathogenic
P48029	Y437Q	437	0.485	ambiguous
P48029	Y437R	437	0.3568	ambiguous
P48029	Y437S	437	0.1775	benign
P48029	Y437T	437	0.3233	benign
P48029	Y437V	437	0.2911	benign
P48029	Y437W	437	0.2111	benign
P48029	Y438A	438	0.1918	benign
P48029	Y438C	438	0.1205	benign
P48029	Y438D	438	0.2231	benign
P48029	Y438E	438	0.4475	ambiguous
P48029	Y438F	438	0.1251	benign
P48029	Y438G	438	0.1921	benign
P48029	Y438H	438	0.1192	benign
P48029	Y438I	438	0.3721	ambiguous
P48029	Y438K	438	0.3995	ambiguous
P48029	Y438L	438	0.2973	benign
P48029	Y438M	438	0.4855	ambiguous
P48029	Y438N	438	0.1376	benign
P48029	Y438P	438	0.4419	ambiguous
P48029	Y438Q	438	0.2491	benign
P48029	Y438R	438	0.1943	benign
P48029	Y438S	438	0.0921	benign
P48029	Y438T	438	0.1749	benign
P48029	Y438V	438	0.217	benign
P48029	Y438W	438	0.3282	benign
P48029	F439A	439	0.6574	pathogenic
P48029	F439C	439	0.463	ambiguous
P48029	F439D	439	0.8521	pathogenic
P48029	F439E	439	0.8605	pathogenic
P48029	F439G	439	0.6952	pathogenic
P48029	F439H	439	0.4764	ambiguous
P48029	F439I	439	0.4809	ambiguous
P48029	F439K	439	0.7696	pathogenic
P48029	F439L	439	0.8285	pathogenic
P48029	F439M	439	0.6544	pathogenic
P48029	F439N	439	0.7446	pathogenic
P48029	F439P	439	0.8991	pathogenic
P48029	F439Q	439	0.636	pathogenic
P48029	F439R	439	0.5096	ambiguous
P48029	F439S	439	0.5906	pathogenic
P48029	F439T	439	0.6601	pathogenic
P48029	F439V	439	0.331	benign
P48029	F439W	439	0.4688	ambiguous
P48029	F439Y	439	0.2402	benign
P48029	R440A	440	0.4814	ambiguous
P48029	R440C	440	0.26	benign
P48029	R440D	440	0.745	pathogenic
P48029	R440E	440	0.532	ambiguous
P48029	R440F	440	0.7667	pathogenic
P48029	R440G	440	0.3226	benign
P48029	R440H	440	0.1354	benign
P48029	R440I	440	0.5689	pathogenic
P48029	R440K	440	0.1768	benign
P48029	R440L	440	0.4215	ambiguous
P48029	R440M	440	0.6401	pathogenic
P48029	R440N	440	0.6771	pathogenic
P48029	R440P	440	0.3906	ambiguous
P48029	R440Q	440	0.1198	benign
P48029	R440S	440	0.498	ambiguous
P48029	R440T	440	0.3711	ambiguous
P48029	R440V	440	0.5606	ambiguous
P48029	R440W	440	0.3287	benign
P48029	R440Y	440	0.5538	ambiguous
P48029	F441A	441	0.731	pathogenic
P48029	F441C	441	0.4345	ambiguous
P48029	F441D	441	0.928	pathogenic
P48029	F441E	441	0.9251	pathogenic
P48029	F441G	441	0.7631	pathogenic
P48029	F441H	441	0.5961	pathogenic
P48029	F441I	441	0.4363	ambiguous
P48029	F441K	441	0.8481	pathogenic
P48029	F441L	441	0.8354	pathogenic
P48029	F441M	441	0.6654	pathogenic
P48029	F441N	441	0.8126	pathogenic
P48029	F441P	441	0.923	pathogenic
P48029	F441Q	441	0.8101	pathogenic
P48029	F441R	441	0.7048	pathogenic
P48029	F441S	441	0.7164	pathogenic
P48029	F441T	441	0.7908	pathogenic
P48029	F441V	441	0.396	ambiguous
P48029	F441W	441	0.2954	benign
P48029	F441Y	441	0.1162	benign
P48029	Q442A	442	0.532	ambiguous
P48029	Q442C	442	0.8482	pathogenic
P48029	Q442D	442	0.8665	pathogenic
P48029	Q442E	442	0.2631	benign
P48029	Q442F	442	0.9159	pathogenic
P48029	Q442G	442	0.4743	ambiguous
P48029	Q442H	442	0.4212	ambiguous
P48029	Q442I	442	0.8903	pathogenic
P48029	Q442K	442	0.1997	benign
P48029	Q442L	442	0.5519	ambiguous
P48029	Q442M	442	0.7828	pathogenic
P48029	Q442N	442	0.7187	pathogenic
P48029	Q442P	442	0.4403	ambiguous
P48029	Q442R	442	0.1479	benign
P48029	Q442S	442	0.4647	ambiguous
P48029	Q442T	442	0.5561	ambiguous
P48029	Q442V	442	0.7334	pathogenic
P48029	Q442W	442	0.7814	pathogenic
P48029	Q442Y	442	0.8012	pathogenic
P48029	R443A	443	0.9982	pathogenic
P48029	R443C	443	0.9963	pathogenic
P48029	R443D	443	0.9971	pathogenic
P48029	R443E	443	0.9789	pathogenic
P48029	R443F	443	0.9992	pathogenic
P48029	R443G	443	0.9921	pathogenic
P48029	R443H	443	0.9524	pathogenic
P48029	R443I	443	0.9972	pathogenic
P48029	R443K	443	0.7524	pathogenic
P48029	R443L	443	0.9909	pathogenic
P48029	R443M	443	0.998	pathogenic
P48029	R443N	443	0.9981	pathogenic
P48029	R443P	443	0.9968	pathogenic
P48029	R443Q	443	0.9356	pathogenic
P48029	R443S	443	0.999	pathogenic
P48029	R443T	443	0.9966	pathogenic
P48029	R443V	443	0.9962	pathogenic
P48029	R443W	443	0.9821	pathogenic
P48029	R443Y	443	0.9949	pathogenic
P48029	E444A	444	0.8724	pathogenic
P48029	E444C	444	0.9941	pathogenic
P48029	E444D	444	0.9418	pathogenic
P48029	E444F	444	0.9978	pathogenic
P48029	E444G	444	0.8832	pathogenic
P48029	E444H	444	0.9795	pathogenic
P48029	E444I	444	0.9822	pathogenic
P48029	E444K	444	0.8967	pathogenic
P48029	E444L	444	0.9905	pathogenic
P48029	E444M	444	0.9829	pathogenic
P48029	E444N	444	0.9666	pathogenic
P48029	E444P	444	0.9332	pathogenic
P48029	E444Q	444	0.6983	pathogenic
P48029	E444R	444	0.9153	pathogenic
P48029	E444S	444	0.9318	pathogenic
P48029	E444T	444	0.9648	pathogenic
P48029	E444V	444	0.9557	pathogenic
P48029	E444W	444	0.9984	pathogenic
P48029	E444Y	444	0.9943	pathogenic
P48029	I445A	445	0.3565	ambiguous
P48029	I445C	445	0.5855	pathogenic
P48029	I445D	445	0.9838	pathogenic
P48029	I445E	445	0.9644	pathogenic
P48029	I445F	445	0.1317	benign
P48029	I445G	445	0.6252	pathogenic
P48029	I445H	445	0.8987	pathogenic
P48029	I445K	445	0.8745	pathogenic
P48029	I445L	445	0.0845	benign
P48029	I445M	445	0.1364	benign
P48029	I445N	445	0.8443	pathogenic
P48029	I445P	445	0.938	pathogenic
P48029	I445Q	445	0.8914	pathogenic
P48029	I445R	445	0.8196	pathogenic
P48029	I445S	445	0.6348	pathogenic
P48029	I445T	445	0.5624	ambiguous
P48029	I445V	445	0.074	benign
P48029	I445W	445	0.7075	pathogenic
P48029	I445Y	445	0.5613	ambiguous
P48029	S446A	446	0.0655	benign
P48029	S446C	446	0.0768	benign
P48029	S446D	446	0.9696	pathogenic
P48029	S446E	446	0.9752	pathogenic
P48029	S446F	446	0.2957	benign
P48029	S446G	446	0.1306	benign
P48029	S446H	446	0.8411	pathogenic
P48029	S446I	446	0.2702	benign
P48029	S446K	446	0.9885	pathogenic
P48029	S446L	446	0.1681	benign
P48029	S446M	446	0.1885	benign
P48029	S446N	446	0.6493	pathogenic
P48029	S446P	446	0.8841	pathogenic
P48029	S446Q	446	0.9176	pathogenic
P48029	S446R	446	0.9754	pathogenic
P48029	S446T	446	0.0809	benign
P48029	S446V	446	0.1829	benign
P48029	S446W	446	0.6193	pathogenic
P48029	S446Y	446	0.5345	ambiguous
P48029	V447A	447	0.7642	pathogenic
P48029	V447C	447	0.966	pathogenic
P48029	V447D	447	0.9981	pathogenic
P48029	V447E	447	0.9939	pathogenic
P48029	V447F	447	0.9823	pathogenic
P48029	V447G	447	0.8952	pathogenic
P48029	V447H	447	0.9985	pathogenic
P48029	V447I	447	0.3153	benign
P48029	V447K	447	0.9965	pathogenic
P48029	V447L	447	0.9401	pathogenic
P48029	V447M	447	0.9094	pathogenic
P48029	V447N	447	0.9881	pathogenic
P48029	V447P	447	0.9965	pathogenic
P48029	V447Q	447	0.9885	pathogenic
P48029	V447R	447	0.9914	pathogenic
P48029	V447S	447	0.8811	pathogenic
P48029	V447T	447	0.7125	pathogenic
P48029	V447W	447	0.9995	pathogenic
P48029	V447Y	447	0.9978	pathogenic
P48029	A448C	448	0.5365	ambiguous
P48029	A448D	448	0.9973	pathogenic
P48029	A448E	448	0.9965	pathogenic
P48029	A448F	448	0.3142	benign
P48029	A448G	448	0.1453	benign
P48029	A448H	448	0.9926	pathogenic
P48029	A448I	448	0.5987	pathogenic
P48029	A448K	448	0.9988	pathogenic
P48029	A448L	448	0.1883	benign
P48029	A448M	448	0.3461	ambiguous
P48029	A448N	448	0.9838	pathogenic
P48029	A448P	448	0.9904	pathogenic
P48029	A448Q	448	0.9879	pathogenic
P48029	A448R	448	0.9959	pathogenic
P48029	A448S	448	0.3344	benign
P48029	A448T	448	0.4063	ambiguous
P48029	A448V	448	0.3785	ambiguous
P48029	A448W	448	0.9501	pathogenic
P48029	A448Y	448	0.9288	pathogenic
P48029	L449A	449	0.1272	benign
P48029	L449C	449	0.2602	benign
P48029	L449D	449	0.9874	pathogenic
P48029	L449E	449	0.9665	pathogenic
P48029	L449F	449	0.0869	benign
P48029	L449G	449	0.2643	benign
P48029	L449H	449	0.9162	pathogenic
P48029	L449I	449	0.0865	benign
P48029	L449K	449	0.9775	pathogenic
P48029	L449M	449	0.1159	benign
P48029	L449N	449	0.9094	pathogenic
P48029	L449P	449	0.9654	pathogenic
P48029	L449Q	449	0.8904	pathogenic
P48029	L449R	449	0.9469	pathogenic
P48029	L449S	449	0.3407	ambiguous
P48029	L449T	449	0.2422	benign
P48029	L449V	449	0.0655	benign
P48029	L449W	449	0.6018	pathogenic
P48029	L449Y	449	0.7333	pathogenic
P48029	C450A	450	0.4326	ambiguous
P48029	C450D	450	0.9937	pathogenic
P48029	C450E	450	0.9973	pathogenic
P48029	C450F	450	0.466	ambiguous
P48029	C450G	450	0.3733	ambiguous
P48029	C450H	450	0.9837	pathogenic
P48029	C450I	450	0.5729	pathogenic
P48029	C450K	450	0.9993	pathogenic
P48029	C450L	450	0.5519	ambiguous
P48029	C450M	450	0.7174	pathogenic
P48029	C450N	450	0.9283	pathogenic
P48029	C450P	450	0.9892	pathogenic
P48029	C450Q	450	0.9909	pathogenic
P48029	C450R	450	0.9954	pathogenic
P48029	C450S	450	0.3549	ambiguous
P48029	C450T	450	0.3948	ambiguous
P48029	C450V	450	0.3346	benign
P48029	C450W	450	0.9588	pathogenic
P48029	C450Y	450	0.9207	pathogenic
P48029	C451A	451	0.6421	pathogenic
P48029	C451D	451	0.9961	pathogenic
P48029	C451E	451	0.9984	pathogenic
P48029	C451F	451	0.935	pathogenic
P48029	C451G	451	0.6855	pathogenic
P48029	C451H	451	0.9955	pathogenic
P48029	C451I	451	0.6759	pathogenic
P48029	C451K	451	0.9996	pathogenic
P48029	C451L	451	0.7636	pathogenic
P48029	C451M	451	0.8526	pathogenic
P48029	C451N	451	0.9641	pathogenic
P48029	C451P	451	0.9962	pathogenic
P48029	C451Q	451	0.9957	pathogenic
P48029	C451R	451	0.997	pathogenic
P48029	C451S	451	0.5598	ambiguous
P48029	C451T	451	0.6683	pathogenic
P48029	C451V	451	0.4595	ambiguous
P48029	C451W	451	0.9949	pathogenic
P48029	C451Y	451	0.993	pathogenic
P48029	A452C	452	0.1737	benign
P48029	A452D	452	0.9439	pathogenic
P48029	A452E	452	0.9466	pathogenic
P48029	A452F	452	0.1021	benign
P48029	A452G	452	0.0899	benign
P48029	A452H	452	0.8973	pathogenic
P48029	A452I	452	0.1002	benign
P48029	A452K	452	0.978	pathogenic
P48029	A452L	452	0.0695	benign
P48029	A452M	452	0.0989	benign
P48029	A452N	452	0.734	pathogenic
P48029	A452P	452	0.8704	pathogenic
P48029	A452Q	452	0.8875	pathogenic
P48029	A452R	452	0.9618	pathogenic
P48029	A452S	452	0.1225	benign
P48029	A452T	452	0.0726	benign
P48029	A452V	452	0.0708	benign
P48029	A452W	452	0.712	pathogenic
P48029	A452Y	452	0.6673	pathogenic
P48029	L453A	453	0.1207	benign
P48029	L453C	453	0.3027	benign
P48029	L453D	453	0.9683	pathogenic
P48029	L453E	453	0.9481	pathogenic
P48029	L453F	453	0.0971	benign
P48029	L453G	453	0.2786	benign
P48029	L453H	453	0.8852	pathogenic
P48029	L453I	453	0.0896	benign
P48029	L453K	453	0.9719	pathogenic
P48029	L453M	453	0.112	benign
P48029	L453N	453	0.8293	pathogenic
P48029	L453P	453	0.8722	pathogenic
P48029	L453Q	453	0.8363	pathogenic
P48029	L453R	453	0.9375	pathogenic
P48029	L453S	453	0.2744	benign
P48029	L453T	453	0.175	benign
P48029	L453V	453	0.0682	benign
P48029	L453W	453	0.6028	pathogenic
P48029	L453Y	453	0.744	pathogenic
P48029	C454A	454	0.697	pathogenic
P48029	C454D	454	0.9863	pathogenic
P48029	C454E	454	0.9964	pathogenic
P48029	C454F	454	0.7167	pathogenic
P48029	C454G	454	0.5126	ambiguous
P48029	C454H	454	0.9785	pathogenic
P48029	C454I	454	0.9664	pathogenic
P48029	C454K	454	0.9992	pathogenic
P48029	C454L	454	0.7896	pathogenic
P48029	C454M	454	0.807	pathogenic
P48029	C454N	454	0.8968	pathogenic
P48029	C454P	454	0.9951	pathogenic
P48029	C454Q	454	0.9831	pathogenic
P48029	C454R	454	0.9951	pathogenic
P48029	C454S	454	0.483	ambiguous
P48029	C454T	454	0.842	pathogenic
P48029	C454V	454	0.9077	pathogenic
P48029	C454W	454	0.9698	pathogenic
P48029	C454Y	454	0.9514	pathogenic
P48029	F455A	455	0.7848	pathogenic
P48029	F455C	455	0.4278	ambiguous
P48029	F455D	455	0.9985	pathogenic
P48029	F455E	455	0.9988	pathogenic
P48029	F455G	455	0.8771	pathogenic
P48029	F455H	455	0.9857	pathogenic
P48029	F455I	455	0.8241	pathogenic
P48029	F455K	455	0.9992	pathogenic
P48029	F455L	455	0.8979	pathogenic
P48029	F455M	455	0.7626	pathogenic
P48029	F455N	455	0.9891	pathogenic
P48029	F455P	455	0.9993	pathogenic
P48029	F455Q	455	0.9959	pathogenic
P48029	F455R	455	0.9964	pathogenic
P48029	F455S	455	0.8953	pathogenic
P48029	F455T	455	0.927	pathogenic
P48029	F455V	455	0.6772	pathogenic
P48029	F455W	455	0.803	pathogenic
P48029	F455Y	455	0.4069	ambiguous
P48029	V456A	456	0.1013	benign
P48029	V456C	456	0.2911	benign
P48029	V456D	456	0.927	pathogenic
P48029	V456E	456	0.9108	pathogenic
P48029	V456F	456	0.081	benign
P48029	V456G	456	0.1333	benign
P48029	V456H	456	0.8889	pathogenic
P48029	V456I	456	0.069	benign
P48029	V456K	456	0.9462	pathogenic
P48029	V456L	456	0.066	benign
P48029	V456M	456	0.1016	benign
P48029	V456N	456	0.7181	pathogenic
P48029	V456P	456	0.82	pathogenic
P48029	V456Q	456	0.8264	pathogenic
P48029	V456R	456	0.9062	pathogenic
P48029	V456S	456	0.2196	benign
P48029	V456T	456	0.1564	benign
P48029	V456W	456	0.7255	pathogenic
P48029	V456Y	456	0.648	pathogenic
P48029	I457A	457	0.3289	benign
P48029	I457C	457	0.7631	pathogenic
P48029	I457D	457	0.9956	pathogenic
P48029	I457E	457	0.9885	pathogenic
P48029	I457F	457	0.2972	benign
P48029	I457G	457	0.811	pathogenic
P48029	I457H	457	0.9899	pathogenic
P48029	I457K	457	0.9911	pathogenic
P48029	I457L	457	0.1178	benign
P48029	I457M	457	0.1532	benign
P48029	I457N	457	0.9593	pathogenic
P48029	I457P	457	0.9421	pathogenic
P48029	I457Q	457	0.9797	pathogenic
P48029	I457R	457	0.9825	pathogenic
P48029	I457S	457	0.6818	pathogenic
P48029	I457T	457	0.297	benign
P48029	I457V	457	0.0903	benign
P48029	I457W	457	0.9471	pathogenic
P48029	I457Y	457	0.9466	pathogenic
P48029	D458A	458	0.5648	pathogenic
P48029	D458C	458	0.9137	pathogenic
P48029	D458E	458	0.8698	pathogenic
P48029	D458F	458	0.9922	pathogenic
P48029	D458G	458	0.4625	ambiguous
P48029	D458H	458	0.9613	pathogenic
P48029	D458I	458	0.9788	pathogenic
P48029	D458K	458	0.9919	pathogenic
P48029	D458L	458	0.9434	pathogenic
P48029	D458M	458	0.986	pathogenic
P48029	D458N	458	0.5903	pathogenic
P48029	D458P	458	0.9789	pathogenic
P48029	D458Q	458	0.9436	pathogenic
P48029	D458R	458	0.9912	pathogenic
P48029	D458S	458	0.3408	ambiguous
P48029	D458T	458	0.8351	pathogenic
P48029	D458V	458	0.9268	pathogenic
P48029	D458W	458	0.9989	pathogenic
P48029	D458Y	458	0.966	pathogenic
P48029	L459A	459	0.5186	ambiguous
P48029	L459C	459	0.6521	pathogenic
P48029	L459D	459	0.9952	pathogenic
P48029	L459E	459	0.9683	pathogenic
P48029	L459F	459	0.2328	benign
P48029	L459G	459	0.8604	pathogenic
P48029	L459H	459	0.9221	pathogenic
P48029	L459I	459	0.1288	benign
P48029	L459K	459	0.9601	pathogenic
P48029	L459M	459	0.146	benign
P48029	L459N	459	0.9459	pathogenic
P48029	L459P	459	0.9913	pathogenic
P48029	L459Q	459	0.8345	pathogenic
P48029	L459R	459	0.9029	pathogenic
P48029	L459S	459	0.761	pathogenic
P48029	L459T	459	0.5453	ambiguous
P48029	L459V	459	0.126	benign
P48029	L459W	459	0.6948	pathogenic
P48029	L459Y	459	0.8148	pathogenic
P48029	S460A	460	0.0892	benign
P48029	S460C	460	0.1291	benign
P48029	S460D	460	0.9815	pathogenic
P48029	S460E	460	0.9852	pathogenic
P48029	S460F	460	0.4323	ambiguous
P48029	S460G	460	0.1422	benign
P48029	S460H	460	0.9461	pathogenic
P48029	S460I	460	0.3872	ambiguous
P48029	S460K	460	0.9969	pathogenic
P48029	S460L	460	0.1623	benign
P48029	S460M	460	0.2743	benign
P48029	S460N	460	0.8606	pathogenic
P48029	S460P	460	0.3261	benign
P48029	S460Q	460	0.9613	pathogenic
P48029	S460R	460	0.9935	pathogenic
P48029	S460T	460	0.0835	benign
P48029	S460V	460	0.2608	benign
P48029	S460W	460	0.7132	pathogenic
P48029	S460Y	460	0.803	pathogenic
P48029	M461A	461	0.939	pathogenic
P48029	M461C	461	0.7766	pathogenic
P48029	M461D	461	0.9978	pathogenic
P48029	M461E	461	0.986	pathogenic
P48029	M461F	461	0.7493	pathogenic
P48029	M461G	461	0.9765	pathogenic
P48029	M461H	461	0.9785	pathogenic
P48029	M461I	461	0.9857	pathogenic
P48029	M461K	461	0.987	pathogenic
P48029	M461L	461	0.4958	ambiguous
P48029	M461N	461	0.9416	pathogenic
P48029	M461P	461	0.9957	pathogenic
P48029	M461Q	461	0.9284	pathogenic
P48029	M461R	461	0.9844	pathogenic
P48029	M461S	461	0.9414	pathogenic
P48029	M461T	461	0.9384	pathogenic
P48029	M461V	461	0.644	pathogenic
P48029	M461W	461	0.9845	pathogenic
P48029	M461Y	461	0.974	pathogenic
P48029	V462A	462	0.5475	ambiguous
P48029	V462C	462	0.8947	pathogenic
P48029	V462D	462	0.9851	pathogenic
P48029	V462E	462	0.966	pathogenic
P48029	V462F	462	0.9214	pathogenic
P48029	V462G	462	0.6934	pathogenic
P48029	V462H	462	0.9932	pathogenic
P48029	V462I	462	0.1459	benign
P48029	V462K	462	0.9873	pathogenic
P48029	V462L	462	0.5443	ambiguous
P48029	V462M	462	0.7093	pathogenic
P48029	V462N	462	0.9443	pathogenic
P48029	V462P	462	0.9874	pathogenic
P48029	V462Q	462	0.9641	pathogenic
P48029	V462R	462	0.9765	pathogenic
P48029	V462S	462	0.7796	pathogenic
P48029	V462T	462	0.5017	ambiguous
P48029	V462W	462	0.9975	pathogenic
P48029	V462Y	462	0.9916	pathogenic
P48029	T463A	463	0.3958	ambiguous
P48029	T463C	463	0.6755	pathogenic
P48029	T463D	463	0.9832	pathogenic
P48029	T463E	463	0.9753	pathogenic
P48029	T463F	463	0.8238	pathogenic
P48029	T463G	463	0.532	ambiguous
P48029	T463H	463	0.9088	pathogenic
P48029	T463I	463	0.946	pathogenic
P48029	T463K	463	0.9601	pathogenic
P48029	T463L	463	0.5262	ambiguous
P48029	T463M	463	0.269	benign
P48029	T463N	463	0.8638	pathogenic
P48029	T463P	463	0.9015	pathogenic
P48029	T463Q	463	0.8515	pathogenic
P48029	T463R	463	0.9128	pathogenic
P48029	T463S	463	0.3189	benign
P48029	T463V	463	0.7831	pathogenic
P48029	T463W	463	0.9302	pathogenic
P48029	T463Y	463	0.948	pathogenic
P48029	D464A	464	0.2582	benign
P48029	D464C	464	0.8487	pathogenic
P48029	D464E	464	0.1284	benign
P48029	D464F	464	0.8684	pathogenic
P48029	D464G	464	0.2362	benign
P48029	D464H	464	0.3542	ambiguous
P48029	D464I	464	0.8157	pathogenic
P48029	D464K	464	0.4319	ambiguous
P48029	D464L	464	0.7265	pathogenic
P48029	D464M	464	0.8373	pathogenic
P48029	D464N	464	0.1206	benign
P48029	D464P	464	0.7889	pathogenic
P48029	D464Q	464	0.2288	benign
P48029	D464R	464	0.3396	benign
P48029	D464S	464	0.1432	benign
P48029	D464T	464	0.4797	ambiguous
P48029	D464V	464	0.5745	pathogenic
P48029	D464W	464	0.9388	pathogenic
P48029	D464Y	464	0.4577	ambiguous
P48029	G465A	465	0.6925	pathogenic
P48029	G465C	465	0.9557	pathogenic
P48029	G465D	465	0.9907	pathogenic
P48029	G465E	465	0.9919	pathogenic
P48029	G465F	465	0.9956	pathogenic
P48029	G465H	465	0.9953	pathogenic
P48029	G465I	465	0.9954	pathogenic
P48029	G465K	465	0.9963	pathogenic
P48029	G465L	465	0.9941	pathogenic
P48029	G465M	465	0.9946	pathogenic
P48029	G465N	465	0.9884	pathogenic
P48029	G465P	465	0.9986	pathogenic
P48029	G465Q	465	0.9884	pathogenic
P48029	G465R	465	0.9861	pathogenic
P48029	G465S	465	0.6813	pathogenic
P48029	G465T	465	0.9593	pathogenic
P48029	G465V	465	0.9844	pathogenic
P48029	G465W	465	0.9921	pathogenic
P48029	G465Y	465	0.9949	pathogenic
P48029	G466A	466	0.9761	pathogenic
P48029	G466C	466	0.9955	pathogenic
P48029	G466D	466	0.9971	pathogenic
P48029	G466E	466	0.9982	pathogenic
P48029	G466F	466	0.9986	pathogenic
P48029	G466H	466	0.9995	pathogenic
P48029	G466I	466	0.9988	pathogenic
P48029	G466K	466	0.999	pathogenic
P48029	G466L	466	0.9987	pathogenic
P48029	G466M	466	0.9992	pathogenic
P48029	G466N	466	0.9987	pathogenic
P48029	G466P	466	0.9993	pathogenic
P48029	G466Q	466	0.9987	pathogenic
P48029	G466R	466	0.9968	pathogenic
P48029	G466S	466	0.9776	pathogenic
P48029	G466T	466	0.9956	pathogenic
P48029	G466V	466	0.9971	pathogenic
P48029	G466W	466	0.998	pathogenic
P48029	G466Y	466	0.9989	pathogenic
P48029	M467A	467	0.9217	pathogenic
P48029	M467C	467	0.973	pathogenic
P48029	M467D	467	0.9947	pathogenic
P48029	M467E	467	0.9754	pathogenic
P48029	M467F	467	0.829	pathogenic
P48029	M467G	467	0.9734	pathogenic
P48029	M467H	467	0.9826	pathogenic
P48029	M467I	467	0.8104	pathogenic
P48029	M467K	467	0.9484	pathogenic
P48029	M467L	467	0.3777	ambiguous
P48029	M467N	467	0.9484	pathogenic
P48029	M467P	467	0.9631	pathogenic
P48029	M467Q	467	0.8777	pathogenic
P48029	M467R	467	0.9309	pathogenic
P48029	M467S	467	0.9373	pathogenic
P48029	M467T	467	0.9409	pathogenic
P48029	M467V	467	0.4001	ambiguous
P48029	M467W	467	0.9787	pathogenic
P48029	M467Y	467	0.9693	pathogenic
P48029	Y468A	468	0.9897	pathogenic
P48029	Y468C	468	0.9859	pathogenic
P48029	Y468D	468	0.9942	pathogenic
P48029	Y468E	468	0.9979	pathogenic
P48029	Y468F	468	0.2859	benign
P48029	Y468G	468	0.988	pathogenic
P48029	Y468H	468	0.9648	pathogenic
P48029	Y468I	468	0.9901	pathogenic
P48029	Y468K	468	0.9982	pathogenic
P48029	Y468L	468	0.9373	pathogenic
P48029	Y468M	468	0.9886	pathogenic
P48029	Y468N	468	0.9753	pathogenic
P48029	Y468P	468	0.9895	pathogenic
P48029	Y468Q	468	0.9971	pathogenic
P48029	Y468R	468	0.9916	pathogenic
P48029	Y468S	468	0.9863	pathogenic
P48029	Y468T	468	0.9962	pathogenic
P48029	Y468V	468	0.9739	pathogenic
P48029	Y468W	468	0.8297	pathogenic
P48029	V469A	469	0.8161	pathogenic
P48029	V469C	469	0.9435	pathogenic
P48029	V469D	469	0.9948	pathogenic
P48029	V469E	469	0.9872	pathogenic
P48029	V469F	469	0.5534	ambiguous
P48029	V469G	469	0.8929	pathogenic
P48029	V469H	469	0.9916	pathogenic
P48029	V469I	469	0.0938	benign
P48029	V469K	469	0.9915	pathogenic
P48029	V469L	469	0.4896	ambiguous
P48029	V469M	469	0.5483	ambiguous
P48029	V469N	469	0.9778	pathogenic
P48029	V469P	469	0.989	pathogenic
P48029	V469Q	469	0.977	pathogenic
P48029	V469R	469	0.9802	pathogenic
P48029	V469S	469	0.9187	pathogenic
P48029	V469T	469	0.78	pathogenic
P48029	V469W	469	0.9736	pathogenic
P48029	V469Y	469	0.9492	pathogenic
P48029	F470A	470	0.9962	pathogenic
P48029	F470C	470	0.9902	pathogenic
P48029	F470D	470	0.9994	pathogenic
P48029	F470E	470	0.9988	pathogenic
P48029	F470G	470	0.9964	pathogenic
P48029	F470H	470	0.9954	pathogenic
P48029	F470I	470	0.9679	pathogenic
P48029	F470K	470	0.9987	pathogenic
P48029	F470L	470	0.9941	pathogenic
P48029	F470M	470	0.9813	pathogenic
P48029	F470N	470	0.9969	pathogenic
P48029	F470P	470	0.9998	pathogenic
P48029	F470Q	470	0.9965	pathogenic
P48029	F470R	470	0.9946	pathogenic
P48029	F470S	470	0.9962	pathogenic
P48029	F470T	470	0.9959	pathogenic
P48029	F470V	470	0.9709	pathogenic
P48029	F470W	470	0.96	pathogenic
P48029	F470Y	470	0.8924	pathogenic
P48029	Q471A	471	0.8138	pathogenic
P48029	Q471C	471	0.987	pathogenic
P48029	Q471D	471	0.9855	pathogenic
P48029	Q471E	471	0.6324	pathogenic
P48029	Q471F	471	0.9829	pathogenic
P48029	Q471G	471	0.89	pathogenic
P48029	Q471H	471	0.9081	pathogenic
P48029	Q471I	471	0.9525	pathogenic
P48029	Q471K	471	0.8591	pathogenic
P48029	Q471L	471	0.7145	pathogenic
P48029	Q471M	471	0.8296	pathogenic
P48029	Q471N	471	0.8757	pathogenic
P48029	Q471P	471	0.9825	pathogenic
P48029	Q471R	471	0.8247	pathogenic
P48029	Q471S	471	0.7121	pathogenic
P48029	Q471T	471	0.7505	pathogenic
P48029	Q471V	471	0.8899	pathogenic
P48029	Q471W	471	0.9874	pathogenic
P48029	Q471Y	471	0.9745	pathogenic
P48029	L472A	472	0.9534	pathogenic
P48029	L472C	472	0.9567	pathogenic
P48029	L472D	472	0.9993	pathogenic
P48029	L472E	472	0.9953	pathogenic
P48029	L472F	472	0.8001	pathogenic
P48029	L472G	472	0.9917	pathogenic
P48029	L472H	472	0.9882	pathogenic
P48029	L472I	472	0.2257	benign
P48029	L472K	472	0.9916	pathogenic
P48029	L472M	472	0.409	ambiguous
P48029	L472N	472	0.992	pathogenic
P48029	L472P	472	0.997	pathogenic
P48029	L472Q	472	0.9759	pathogenic
P48029	L472R	472	0.9823	pathogenic
P48029	L472S	472	0.9905	pathogenic
P48029	L472T	472	0.9511	pathogenic
P48029	L472V	472	0.2908	benign
P48029	L472W	472	0.9628	pathogenic
P48029	L472Y	472	0.9688	pathogenic
P48029	F473A	473	0.9693	pathogenic
P48029	F473C	473	0.9366	pathogenic
P48029	F473D	473	0.9992	pathogenic
P48029	F473E	473	0.9987	pathogenic
P48029	F473G	473	0.9888	pathogenic
P48029	F473H	473	0.9898	pathogenic
P48029	F473I	473	0.9319	pathogenic
P48029	F473K	473	0.999	pathogenic
P48029	F473L	473	0.9832	pathogenic
P48029	F473M	473	0.9116	pathogenic
P48029	F473N	473	0.9943	pathogenic
P48029	F473P	473	0.9997	pathogenic
P48029	F473Q	473	0.9944	pathogenic
P48029	F473R	473	0.9956	pathogenic
P48029	F473S	473	0.9813	pathogenic
P48029	F473T	473	0.9828	pathogenic
P48029	F473V	473	0.8908	pathogenic
P48029	F473W	473	0.8722	pathogenic
P48029	F473Y	473	0.6987	pathogenic
P48029	D474A	474	0.9947	pathogenic
P48029	D474C	474	0.9993	pathogenic
P48029	D474E	474	0.9835	pathogenic
P48029	D474F	474	0.9994	pathogenic
P48029	D474G	474	0.9937	pathogenic
P48029	D474H	474	0.9972	pathogenic
P48029	D474I	474	0.9987	pathogenic
P48029	D474K	474	0.9991	pathogenic
P48029	D474L	474	0.9971	pathogenic
P48029	D474M	474	0.9998	pathogenic
P48029	D474N	474	0.9717	pathogenic
P48029	D474P	474	0.9988	pathogenic
P48029	D474Q	474	0.9978	pathogenic
P48029	D474R	474	0.9968	pathogenic
P48029	D474S	474	0.9774	pathogenic
P48029	D474T	474	0.996	pathogenic
P48029	D474V	474	0.9964	pathogenic
P48029	D474W	474	0.9996	pathogenic
P48029	D474Y	474	0.9937	pathogenic
P48029	Y475A	475	0.7194	pathogenic
P48029	Y475C	475	0.5735	pathogenic
P48029	Y475D	475	0.7024	pathogenic
P48029	Y475E	475	0.9166	pathogenic
P48029	Y475F	475	0.1879	benign
P48029	Y475G	475	0.6523	pathogenic
P48029	Y475H	475	0.3311	benign
P48029	Y475I	475	0.8897	pathogenic
P48029	Y475K	475	0.8769	pathogenic
P48029	Y475L	475	0.86	pathogenic
P48029	Y475M	475	0.8776	pathogenic
P48029	Y475N	475	0.2923	benign
P48029	Y475P	475	0.9956	pathogenic
P48029	Y475Q	475	0.7753	pathogenic
P48029	Y475R	475	0.7083	pathogenic
P48029	Y475S	475	0.3233	benign
P48029	Y475T	475	0.5631	ambiguous
P48029	Y475V	475	0.7484	pathogenic
P48029	Y475W	475	0.6896	pathogenic
P48029	Y476A	476	0.9871	pathogenic
P48029	Y476C	476	0.8678	pathogenic
P48029	Y476D	476	0.987	pathogenic
P48029	Y476E	476	0.9966	pathogenic
P48029	Y476F	476	0.2895	benign
P48029	Y476G	476	0.9594	pathogenic
P48029	Y476H	476	0.8733	pathogenic
P48029	Y476I	476	0.9946	pathogenic
P48029	Y476K	476	0.9921	pathogenic
P48029	Y476L	476	0.9637	pathogenic
P48029	Y476M	476	0.9918	pathogenic
P48029	Y476N	476	0.9404	pathogenic
P48029	Y476P	476	0.9968	pathogenic
P48029	Y476Q	476	0.9844	pathogenic
P48029	Y476R	476	0.957	pathogenic
P48029	Y476S	476	0.9418	pathogenic
P48029	Y476T	476	0.9897	pathogenic
P48029	Y476V	476	0.9781	pathogenic
P48029	Y476W	476	0.818	pathogenic
P48029	S477A	477	0.1562	benign
P48029	S477C	477	0.5125	ambiguous
P48029	S477D	477	0.9975	pathogenic
P48029	S477E	477	0.9977	pathogenic
P48029	S477F	477	0.9923	pathogenic
P48029	S477G	477	0.3596	ambiguous
P48029	S477H	477	0.9928	pathogenic
P48029	S477I	477	0.9836	pathogenic
P48029	S477K	477	0.9995	pathogenic
P48029	S477L	477	0.9347	pathogenic
P48029	S477M	477	0.9607	pathogenic
P48029	S477N	477	0.9871	pathogenic
P48029	S477P	477	0.9856	pathogenic
P48029	S477Q	477	0.9913	pathogenic
P48029	S477R	477	0.9983	pathogenic
P48029	S477T	477	0.7492	pathogenic
P48029	S477V	477	0.9484	pathogenic
P48029	S477W	477	0.9957	pathogenic
P48029	S477Y	477	0.9936	pathogenic
P48029	A478C	478	0.7951	pathogenic
P48029	A478D	478	0.9975	pathogenic
P48029	A478E	478	0.9969	pathogenic
P48029	A478F	478	0.9808	pathogenic
P48029	A478G	478	0.7451	pathogenic
P48029	A478H	478	0.9958	pathogenic
P48029	A478I	478	0.9499	pathogenic
P48029	A478K	478	0.9987	pathogenic
P48029	A478L	478	0.9014	pathogenic
P48029	A478M	478	0.9662	pathogenic
P48029	A478N	478	0.9906	pathogenic
P48029	A478P	478	0.9508	pathogenic
P48029	A478Q	478	0.988	pathogenic
P48029	A478R	478	0.989	pathogenic
P48029	A478S	478	0.535	ambiguous
P48029	A478T	478	0.8582	pathogenic
P48029	A478V	478	0.8014	pathogenic
P48029	A478W	478	0.9979	pathogenic
P48029	A478Y	478	0.9942	pathogenic
P48029	S479A	479	0.6636	pathogenic
P48029	S479C	479	0.9305	pathogenic
P48029	S479D	479	0.9938	pathogenic
P48029	S479E	479	0.9962	pathogenic
P48029	S479F	479	0.9949	pathogenic
P48029	S479G	479	0.7759	pathogenic
P48029	S479H	479	0.991	pathogenic
P48029	S479I	479	0.9928	pathogenic
P48029	S479K	479	0.999	pathogenic
P48029	S479L	479	0.972	pathogenic
P48029	S479M	479	0.9773	pathogenic
P48029	S479N	479	0.9665	pathogenic
P48029	S479P	479	0.9948	pathogenic
P48029	S479Q	479	0.9889	pathogenic
P48029	S479R	479	0.9979	pathogenic
P48029	S479T	479	0.7844	pathogenic
P48029	S479V	479	0.9821	pathogenic
P48029	S479W	479	0.9905	pathogenic
P48029	S479Y	479	0.9919	pathogenic
P48029	G480A	480	0.9147	pathogenic
P48029	G480C	480	0.9875	pathogenic
P48029	G480D	480	0.9935	pathogenic
P48029	G480E	480	0.9947	pathogenic
P48029	G480F	480	0.9946	pathogenic
P48029	G480H	480	0.9969	pathogenic
P48029	G480I	480	0.9942	pathogenic
P48029	G480K	480	0.9961	pathogenic
P48029	G480L	480	0.9948	pathogenic
P48029	G480M	480	0.9953	pathogenic
P48029	G480N	480	0.9861	pathogenic
P48029	G480P	480	0.9963	pathogenic
P48029	G480Q	480	0.9902	pathogenic
P48029	G480R	480	0.9885	pathogenic
P48029	G480S	480	0.8185	pathogenic
P48029	G480T	480	0.966	pathogenic
P48029	G480V	480	0.9856	pathogenic
P48029	G480W	480	0.9937	pathogenic
P48029	G480Y	480	0.9949	pathogenic
P48029	T481A	481	0.1128	benign
P48029	T481C	481	0.5179	ambiguous
P48029	T481D	481	0.8112	pathogenic
P48029	T481E	481	0.7158	pathogenic
P48029	T481F	481	0.2509	benign
P48029	T481G	481	0.3717	ambiguous
P48029	T481H	481	0.504	ambiguous
P48029	T481I	481	0.1653	benign
P48029	T481K	481	0.5241	ambiguous
P48029	T481L	481	0.0942	benign
P48029	T481M	481	0.0621	benign
P48029	T481N	481	0.2922	benign
P48029	T481P	481	0.2424	benign
P48029	T481Q	481	0.427	ambiguous
P48029	T481R	481	0.4804	ambiguous
P48029	T481S	481	0.1693	benign
P48029	T481V	481	0.1198	benign
P48029	T481W	481	0.5709	pathogenic
P48029	T481Y	481	0.3902	ambiguous
P48029	T482A	482	0.2032	benign
P48029	T482C	482	0.5394	ambiguous
P48029	T482D	482	0.99	pathogenic
P48029	T482E	482	0.9878	pathogenic
P48029	T482F	482	0.9688	pathogenic
P48029	T482G	482	0.7577	pathogenic
P48029	T482H	482	0.9663	pathogenic
P48029	T482I	482	0.7427	pathogenic
P48029	T482K	482	0.9879	pathogenic
P48029	T482L	482	0.6527	pathogenic
P48029	T482M	482	0.4898	ambiguous
P48029	T482N	482	0.8041	pathogenic
P48029	T482P	482	0.5019	ambiguous
P48029	T482Q	482	0.9569	pathogenic
P48029	T482R	482	0.9785	pathogenic
P48029	T482S	482	0.3816	ambiguous
P48029	T482V	482	0.3607	ambiguous
P48029	T482W	482	0.9972	pathogenic
P48029	T482Y	482	0.9864	pathogenic
P48029	L483A	483	0.9884	pathogenic
P48029	L483C	483	0.9957	pathogenic
P48029	L483D	483	0.9997	pathogenic
P48029	L483E	483	0.9987	pathogenic
P48029	L483F	483	0.986	pathogenic
P48029	L483G	483	0.9969	pathogenic
P48029	L483H	483	0.9985	pathogenic
P48029	L483I	483	0.7448	pathogenic
P48029	L483K	483	0.9966	pathogenic
P48029	L483M	483	0.8612	pathogenic
P48029	L483N	483	0.9966	pathogenic
P48029	L483P	483	0.9979	pathogenic
P48029	L483Q	483	0.9966	pathogenic
P48029	L483R	483	0.9933	pathogenic
P48029	L483S	483	0.9984	pathogenic
P48029	L483T	483	0.9927	pathogenic
P48029	L483V	483	0.8512	pathogenic
P48029	L483W	483	0.9974	pathogenic
P48029	L483Y	483	0.9969	pathogenic
P48029	L484A	484	0.9836	pathogenic
P48029	L484C	484	0.9859	pathogenic
P48029	L484D	484	0.9996	pathogenic
P48029	L484E	484	0.9978	pathogenic
P48029	L484F	484	0.9586	pathogenic
P48029	L484G	484	0.9931	pathogenic
P48029	L484H	484	0.9951	pathogenic
P48029	L484I	484	0.8108	pathogenic
P48029	L484K	484	0.9954	pathogenic
P48029	L484M	484	0.7981	pathogenic
P48029	L484N	484	0.9944	pathogenic
P48029	L484P	484	0.9966	pathogenic
P48029	L484Q	484	0.9885	pathogenic
P48029	L484R	484	0.9883	pathogenic
P48029	L484S	484	0.9964	pathogenic
P48029	L484T	484	0.9872	pathogenic
P48029	L484V	484	0.8734	pathogenic
P48029	L484W	484	0.9915	pathogenic
P48029	L484Y	484	0.9917	pathogenic
P48029	W485A	485	0.9286	pathogenic
P48029	W485C	485	0.9024	pathogenic
P48029	W485D	485	0.9992	pathogenic
P48029	W485E	485	0.9985	pathogenic
P48029	W485F	485	0.2222	benign
P48029	W485G	485	0.8297	pathogenic
P48029	W485H	485	0.9902	pathogenic
P48029	W485I	485	0.9272	pathogenic
P48029	W485K	485	0.9996	pathogenic
P48029	W485L	485	0.7487	pathogenic
P48029	W485M	485	0.9276	pathogenic
P48029	W485N	485	0.9957	pathogenic
P48029	W485P	485	0.9978	pathogenic
P48029	W485Q	485	0.9971	pathogenic
P48029	W485R	485	0.9985	pathogenic
P48029	W485S	485	0.903	pathogenic
P48029	W485T	485	0.9093	pathogenic
P48029	W485V	485	0.8783	pathogenic
P48029	W485Y	485	0.7884	pathogenic
P48029	Q486A	486	0.3801	ambiguous
P48029	Q486C	486	0.8127	pathogenic
P48029	Q486D	486	0.9779	pathogenic
P48029	Q486E	486	0.3281	benign
P48029	Q486F	486	0.891	pathogenic
P48029	Q486G	486	0.6755	pathogenic
P48029	Q486H	486	0.8521	pathogenic
P48029	Q486I	486	0.3581	ambiguous
P48029	Q486K	486	0.8203	pathogenic
P48029	Q486L	486	0.1948	benign
P48029	Q486M	486	0.1902	benign
P48029	Q486N	486	0.6541	pathogenic
P48029	Q486P	486	0.9193	pathogenic
P48029	Q486R	486	0.9005	pathogenic
P48029	Q486S	486	0.5068	ambiguous
P48029	Q486T	486	0.2297	benign
P48029	Q486V	486	0.2195	benign
P48029	Q486W	486	0.9834	pathogenic
P48029	Q486Y	486	0.9372	pathogenic
P48029	A487C	487	0.6201	pathogenic
P48029	A487D	487	0.986	pathogenic
P48029	A487E	487	0.9858	pathogenic
P48029	A487F	487	0.9579	pathogenic
P48029	A487G	487	0.3671	ambiguous
P48029	A487H	487	0.9866	pathogenic
P48029	A487I	487	0.8168	pathogenic
P48029	A487K	487	0.9966	pathogenic
P48029	A487L	487	0.7816	pathogenic
P48029	A487M	487	0.7409	pathogenic
P48029	A487N	487	0.9188	pathogenic
P48029	A487P	487	0.9916	pathogenic
P48029	A487Q	487	0.9719	pathogenic
P48029	A487R	487	0.9906	pathogenic
P48029	A487S	487	0.155	benign
P48029	A487T	487	0.155	benign
P48029	A487V	487	0.4293	ambiguous
P48029	A487W	487	0.9966	pathogenic
P48029	A487Y	487	0.9841	pathogenic
P48029	F488A	488	0.6475	pathogenic
P48029	F488C	488	0.3258	benign
P48029	F488D	488	0.9975	pathogenic
P48029	F488E	488	0.9978	pathogenic
P48029	F488G	488	0.7065	pathogenic
P48029	F488H	488	0.9849	pathogenic
P48029	F488I	488	0.7058	pathogenic
P48029	F488K	488	0.9986	pathogenic
P48029	F488L	488	0.9004	pathogenic
P48029	F488M	488	0.7262	pathogenic
P48029	F488N	488	0.9784	pathogenic
P48029	F488P	488	0.9986	pathogenic
P48029	F488Q	488	0.9898	pathogenic
P48029	F488R	488	0.9947	pathogenic
P48029	F488S	488	0.7193	pathogenic
P48029	F488T	488	0.7582	pathogenic
P48029	F488V	488	0.5371	ambiguous
P48029	F488W	488	0.8586	pathogenic
P48029	F488Y	488	0.7092	pathogenic
P48029	W489A	489	0.668	pathogenic
P48029	W489C	489	0.4982	ambiguous
P48029	W489D	489	0.9985	pathogenic
P48029	W489E	489	0.9967	pathogenic
P48029	W489F	489	0.2049	benign
P48029	W489G	489	0.5807	pathogenic
P48029	W489H	489	0.9787	pathogenic
P48029	W489I	489	0.8496	pathogenic
P48029	W489K	489	0.9992	pathogenic
P48029	W489L	489	0.4008	ambiguous
P48029	W489M	489	0.7511	pathogenic
P48029	W489N	489	0.9867	pathogenic
P48029	W489P	489	0.9955	pathogenic
P48029	W489Q	489	0.9897	pathogenic
P48029	W489R	489	0.9957	pathogenic
P48029	W489S	489	0.636	pathogenic
P48029	W489T	489	0.7975	pathogenic
P48029	W489V	489	0.7375	pathogenic
P48029	W489Y	489	0.8298	pathogenic
P48029	E490A	490	0.8356	pathogenic
P48029	E490C	490	0.9757	pathogenic
P48029	E490D	490	0.9912	pathogenic
P48029	E490F	490	0.9967	pathogenic
P48029	E490G	490	0.8941	pathogenic
P48029	E490H	490	0.9885	pathogenic
P48029	E490I	490	0.9391	pathogenic
P48029	E490K	490	0.967	pathogenic
P48029	E490L	490	0.9423	pathogenic
P48029	E490M	490	0.9162	pathogenic
P48029	E490N	490	0.9823	pathogenic
P48029	E490P	490	0.9982	pathogenic
P48029	E490Q	490	0.5023	ambiguous
P48029	E490R	490	0.9854	pathogenic
P48029	E490S	490	0.9081	pathogenic
P48029	E490T	490	0.9277	pathogenic
P48029	E490V	490	0.9187	pathogenic
P48029	E490W	490	0.9991	pathogenic
P48029	E490Y	490	0.9942	pathogenic
P48029	C491A	491	0.5706	pathogenic
P48029	C491D	491	0.9896	pathogenic
P48029	C491E	491	0.9969	pathogenic
P48029	C491F	491	0.9742	pathogenic
P48029	C491G	491	0.4735	ambiguous
P48029	C491H	491	0.9952	pathogenic
P48029	C491I	491	0.9245	pathogenic
P48029	C491K	491	0.9994	pathogenic
P48029	C491L	491	0.9024	pathogenic
P48029	C491M	491	0.9113	pathogenic
P48029	C491N	491	0.9112	pathogenic
P48029	C491P	491	0.9962	pathogenic
P48029	C491Q	491	0.9941	pathogenic
P48029	C491R	491	0.9964	pathogenic
P48029	C491S	491	0.3845	ambiguous
P48029	C491T	491	0.478	ambiguous
P48029	C491V	491	0.7091	pathogenic
P48029	C491W	491	0.9968	pathogenic
P48029	C491Y	491	0.9928	pathogenic
P48029	V492A	492	0.1524	benign
P48029	V492C	492	0.4964	ambiguous
P48029	V492D	492	0.9595	pathogenic
P48029	V492E	492	0.8981	pathogenic
P48029	V492F	492	0.1879	benign
P48029	V492G	492	0.2856	benign
P48029	V492H	492	0.9384	pathogenic
P48029	V492I	492	0.0665	benign
P48029	V492K	492	0.9371	pathogenic
P48029	V492L	492	0.139	benign
P48029	V492M	492	0.105	benign
P48029	V492N	492	0.783	pathogenic
P48029	V492P	492	0.9461	pathogenic
P48029	V492Q	492	0.8344	pathogenic
P48029	V492R	492	0.9013	pathogenic
P48029	V492S	492	0.3077	benign
P48029	V492T	492	0.1802	benign
P48029	V492W	492	0.8756	pathogenic
P48029	V492Y	492	0.8254	pathogenic
P48029	V493A	493	0.2149	benign
P48029	V493C	493	0.8205	pathogenic
P48029	V493D	493	0.9908	pathogenic
P48029	V493E	493	0.9862	pathogenic
P48029	V493F	493	0.9009	pathogenic
P48029	V493G	493	0.5684	pathogenic
P48029	V493H	493	0.9956	pathogenic
P48029	V493I	493	0.1915	benign
P48029	V493K	493	0.9941	pathogenic
P48029	V493L	493	0.8059	pathogenic
P48029	V493M	493	0.716	pathogenic
P48029	V493N	493	0.9677	pathogenic
P48029	V493P	493	0.9609	pathogenic
P48029	V493Q	493	0.9786	pathogenic
P48029	V493R	493	0.9858	pathogenic
P48029	V493S	493	0.4679	ambiguous
P48029	V493T	493	0.3658	ambiguous
P48029	V493W	493	0.9979	pathogenic
P48029	V493Y	493	0.9938	pathogenic
P48029	V494A	494	0.8068	pathogenic
P48029	V494C	494	0.9545	pathogenic
P48029	V494D	494	0.9964	pathogenic
P48029	V494E	494	0.9913	pathogenic
P48029	V494F	494	0.8032	pathogenic
P48029	V494G	494	0.9213	pathogenic
P48029	V494H	494	0.9972	pathogenic
P48029	V494I	494	0.0756	benign
P48029	V494K	494	0.9952	pathogenic
P48029	V494L	494	0.5342	ambiguous
P48029	V494M	494	0.6279	pathogenic
P48029	V494N	494	0.9877	pathogenic
P48029	V494P	494	0.9687	pathogenic
P48029	V494Q	494	0.9904	pathogenic
P48029	V494R	494	0.9916	pathogenic
P48029	V494S	494	0.9413	pathogenic
P48029	V494T	494	0.7826	pathogenic
P48029	V494W	494	0.9962	pathogenic
P48029	V494Y	494	0.9902	pathogenic
P48029	A495C	495	0.7238	pathogenic
P48029	A495D	495	0.9855	pathogenic
P48029	A495E	495	0.9895	pathogenic
P48029	A495F	495	0.9408	pathogenic
P48029	A495G	495	0.132	benign
P48029	A495H	495	0.9793	pathogenic
P48029	A495I	495	0.9743	pathogenic
P48029	A495K	495	0.9974	pathogenic
P48029	A495L	495	0.9319	pathogenic
P48029	A495M	495	0.9236	pathogenic
P48029	A495N	495	0.9476	pathogenic
P48029	A495P	495	0.9883	pathogenic
P48029	A495Q	495	0.9642	pathogenic
P48029	A495R	495	0.9888	pathogenic
P48029	A495S	495	0.0892	benign
P48029	A495T	495	0.616	pathogenic
P48029	A495V	495	0.8828	pathogenic
P48029	A495W	495	0.9915	pathogenic
P48029	A495Y	495	0.9767	pathogenic
P48029	W496A	496	0.9136	pathogenic
P48029	W496C	496	0.936	pathogenic
P48029	W496D	496	0.9982	pathogenic
P48029	W496E	496	0.997	pathogenic
P48029	W496F	496	0.4914	ambiguous
P48029	W496G	496	0.8341	pathogenic
P48029	W496H	496	0.9555	pathogenic
P48029	W496I	496	0.9694	pathogenic
P48029	W496K	496	0.9942	pathogenic
P48029	W496L	496	0.8827	pathogenic
P48029	W496M	496	0.9592	pathogenic
P48029	W496N	496	0.9895	pathogenic
P48029	W496P	496	0.9985	pathogenic
P48029	W496Q	496	0.9898	pathogenic
P48029	W496R	496	0.9809	pathogenic
P48029	W496S	496	0.8725	pathogenic
P48029	W496T	496	0.9438	pathogenic
P48029	W496V	496	0.924	pathogenic
P48029	W496Y	496	0.6362	pathogenic
P48029	V497A	497	0.5029	ambiguous
P48029	V497C	497	0.7477	pathogenic
P48029	V497D	497	0.9909	pathogenic
P48029	V497E	497	0.9778	pathogenic
P48029	V497F	497	0.3706	ambiguous
P48029	V497G	497	0.4575	ambiguous
P48029	V497H	497	0.9763	pathogenic
P48029	V497I	497	0.1081	benign
P48029	V497K	497	0.9783	pathogenic
P48029	V497L	497	0.5543	ambiguous
P48029	V497M	497	0.5563	ambiguous
P48029	V497N	497	0.9517	pathogenic
P48029	V497P	497	0.9761	pathogenic
P48029	V497Q	497	0.958	pathogenic
P48029	V497R	497	0.9561	pathogenic
P48029	V497S	497	0.7727	pathogenic
P48029	V497T	497	0.6522	pathogenic
P48029	V497W	497	0.9643	pathogenic
P48029	V497Y	497	0.9082	pathogenic
P48029	Y498A	498	0.9947	pathogenic
P48029	Y498C	498	0.9452	pathogenic
P48029	Y498D	498	0.9937	pathogenic
P48029	Y498E	498	0.998	pathogenic
P48029	Y498F	498	0.4844	ambiguous
P48029	Y498G	498	0.9806	pathogenic
P48029	Y498H	498	0.9722	pathogenic
P48029	Y498I	498	0.9914	pathogenic
P48029	Y498K	498	0.9975	pathogenic
P48029	Y498L	498	0.952	pathogenic
P48029	Y498M	498	0.9927	pathogenic
P48029	Y498N	498	0.9796	pathogenic
P48029	Y498P	498	0.9935	pathogenic
P48029	Y498Q	498	0.9972	pathogenic
P48029	Y498R	498	0.9862	pathogenic
P48029	Y498S	498	0.9791	pathogenic
P48029	Y498T	498	0.9954	pathogenic
P48029	Y498V	498	0.9768	pathogenic
P48029	Y498W	498	0.7853	pathogenic
P48029	G499A	499	0.9618	pathogenic
P48029	G499C	499	0.9815	pathogenic
P48029	G499D	499	0.9519	pathogenic
P48029	G499E	499	0.9859	pathogenic
P48029	G499F	499	0.9985	pathogenic
P48029	G499H	499	0.9804	pathogenic
P48029	G499I	499	0.9986	pathogenic
P48029	G499K	499	0.9653	pathogenic
P48029	G499L	499	0.9966	pathogenic
P48029	G499M	499	0.9977	pathogenic
P48029	G499N	499	0.9735	pathogenic
P48029	G499P	499	0.9977	pathogenic
P48029	G499Q	499	0.969	pathogenic
P48029	G499R	499	0.951	pathogenic
P48029	G499S	499	0.8495	pathogenic
P48029	G499T	499	0.9665	pathogenic
P48029	G499V	499	0.9954	pathogenic
P48029	G499W	499	0.996	pathogenic
P48029	G499Y	499	0.9958	pathogenic
P48029	A500C	500	0.6009	pathogenic
P48029	A500D	500	0.9043	pathogenic
P48029	A500E	500	0.8709	pathogenic
P48029	A500F	500	0.8351	pathogenic
P48029	A500G	500	0.1243	benign
P48029	A500H	500	0.891	pathogenic
P48029	A500I	500	0.6785	pathogenic
P48029	A500K	500	0.9243	pathogenic
P48029	A500L	500	0.7404	pathogenic
P48029	A500M	500	0.6824	pathogenic
P48029	A500N	500	0.8065	pathogenic
P48029	A500P	500	0.6286	pathogenic
P48029	A500Q	500	0.8081	pathogenic
P48029	A500R	500	0.8547	pathogenic
P48029	A500S	500	0.1215	benign
P48029	A500T	500	0.2464	benign
P48029	A500V	500	0.3668	ambiguous
P48029	A500W	500	0.9406	pathogenic
P48029	A500Y	500	0.8996	pathogenic
P48029	D501A	501	0.5314	ambiguous
P48029	D501C	501	0.8883	pathogenic
P48029	D501E	501	0.2825	benign
P48029	D501F	501	0.9536	pathogenic
P48029	D501G	501	0.3279	benign
P48029	D501H	501	0.5556	ambiguous
P48029	D501I	501	0.882	pathogenic
P48029	D501K	501	0.675	pathogenic
P48029	D501L	501	0.8823	pathogenic
P48029	D501M	501	0.9385	pathogenic
P48029	D501N	501	0.1434	benign
P48029	D501P	501	0.8465	pathogenic
P48029	D501Q	501	0.5458	ambiguous
P48029	D501R	501	0.6269	pathogenic
P48029	D501S	501	0.2429	benign
P48029	D501T	501	0.588	pathogenic
P48029	D501V	501	0.7113	pathogenic
P48029	D501W	501	0.9742	pathogenic
P48029	D501Y	501	0.7189	pathogenic
P48029	R502A	502	0.7398	pathogenic
P48029	R502C	502	0.433	ambiguous
P48029	R502D	502	0.8879	pathogenic
P48029	R502E	502	0.7367	pathogenic
P48029	R502F	502	0.9307	pathogenic
P48029	R502G	502	0.6725	pathogenic
P48029	R502H	502	0.1982	benign
P48029	R502I	502	0.741	pathogenic
P48029	R502K	502	0.2456	benign
P48029	R502L	502	0.5984	pathogenic
P48029	R502M	502	0.7942	pathogenic
P48029	R502N	502	0.7145	pathogenic
P48029	R502P	502	0.9822	pathogenic
P48029	R502Q	502	0.1772	benign
P48029	R502S	502	0.7662	pathogenic
P48029	R502T	502	0.6144	pathogenic
P48029	R502V	502	0.7055	pathogenic
P48029	R502W	502	0.6893	pathogenic
P48029	R502Y	502	0.825	pathogenic
P48029	F503A	503	0.9929	pathogenic
P48029	F503C	503	0.9669	pathogenic
P48029	F503D	503	0.9993	pathogenic
P48029	F503E	503	0.9985	pathogenic
P48029	F503G	503	0.9961	pathogenic
P48029	F503H	503	0.9839	pathogenic
P48029	F503I	503	0.9031	pathogenic
P48029	F503K	503	0.9982	pathogenic
P48029	F503L	503	0.96	pathogenic
P48029	F503M	503	0.8966	pathogenic
P48029	F503N	503	0.9949	pathogenic
P48029	F503P	503	0.9999	pathogenic
P48029	F503Q	503	0.9952	pathogenic
P48029	F503R	503	0.9957	pathogenic
P48029	F503S	503	0.996	pathogenic
P48029	F503T	503	0.9956	pathogenic
P48029	F503V	503	0.903	pathogenic
P48029	F503W	503	0.8816	pathogenic
P48029	F503Y	503	0.3145	benign
P48029	M504A	504	0.6802	pathogenic
P48029	M504C	504	0.7368	pathogenic
P48029	M504D	504	0.9791	pathogenic
P48029	M504E	504	0.8559	pathogenic
P48029	M504F	504	0.5716	pathogenic
P48029	M504G	504	0.7799	pathogenic
P48029	M504H	504	0.8709	pathogenic
P48029	M504I	504	0.7927	pathogenic
P48029	M504K	504	0.7879	pathogenic
P48029	M504L	504	0.1629	benign
P48029	M504N	504	0.7698	pathogenic
P48029	M504P	504	0.9932	pathogenic
P48029	M504Q	504	0.614	pathogenic
P48029	M504R	504	0.7199	pathogenic
P48029	M504S	504	0.604	pathogenic
P48029	M504T	504	0.3913	ambiguous
P48029	M504V	504	0.2697	benign
P48029	M504W	504	0.8583	pathogenic
P48029	M504Y	504	0.7697	pathogenic
P48029	D505A	505	0.5431	ambiguous
P48029	D505C	505	0.9648	pathogenic
P48029	D505E	505	0.4355	ambiguous
P48029	D505F	505	0.9639	pathogenic
P48029	D505G	505	0.4291	ambiguous
P48029	D505H	505	0.7497	pathogenic
P48029	D505I	505	0.9423	pathogenic
P48029	D505K	505	0.8027	pathogenic
P48029	D505L	505	0.8548	pathogenic
P48029	D505M	505	0.9454	pathogenic
P48029	D505N	505	0.2566	benign
P48029	D505P	505	0.9942	pathogenic
P48029	D505Q	505	0.7082	pathogenic
P48029	D505R	505	0.7585	pathogenic
P48029	D505S	505	0.4246	ambiguous
P48029	D505T	505	0.7166	pathogenic
P48029	D505V	505	0.8144	pathogenic
P48029	D505W	505	0.9866	pathogenic
P48029	D505Y	505	0.7607	pathogenic
P48029	D506A	506	0.9479	pathogenic
P48029	D506C	506	0.9933	pathogenic
P48029	D506E	506	0.9502	pathogenic
P48029	D506F	506	0.9979	pathogenic
P48029	D506G	506	0.9547	pathogenic
P48029	D506H	506	0.9228	pathogenic
P48029	D506I	506	0.995	pathogenic
P48029	D506K	506	0.9944	pathogenic
P48029	D506L	506	0.9929	pathogenic
P48029	D506M	506	0.998	pathogenic
P48029	D506N	506	0.495	ambiguous
P48029	D506P	506	0.999	pathogenic
P48029	D506Q	506	0.9862	pathogenic
P48029	D506R	506	0.9897	pathogenic
P48029	D506S	506	0.8491	pathogenic
P48029	D506T	506	0.9813	pathogenic
P48029	D506V	506	0.9875	pathogenic
P48029	D506W	506	0.9994	pathogenic
P48029	D506Y	506	0.9754	pathogenic
P48029	I507A	507	0.7636	pathogenic
P48029	I507C	507	0.9143	pathogenic
P48029	I507D	507	0.9969	pathogenic
P48029	I507E	507	0.987	pathogenic
P48029	I507F	507	0.8591	pathogenic
P48029	I507G	507	0.9787	pathogenic
P48029	I507H	507	0.9925	pathogenic
P48029	I507K	507	0.9895	pathogenic
P48029	I507L	507	0.2447	benign
P48029	I507M	507	0.2807	benign
P48029	I507N	507	0.9561	pathogenic
P48029	I507P	507	0.9956	pathogenic
P48029	I507Q	507	0.9782	pathogenic
P48029	I507R	507	0.9828	pathogenic
P48029	I507S	507	0.8988	pathogenic
P48029	I507T	507	0.5477	ambiguous
P48029	I507V	507	0.0639	benign
P48029	I507W	507	0.9957	pathogenic
P48029	I507Y	507	0.9894	pathogenic
P48029	A508C	508	0.4744	ambiguous
P48029	A508D	508	0.7924	pathogenic
P48029	A508E	508	0.4384	ambiguous
P48029	A508F	508	0.6129	pathogenic
P48029	A508G	508	0.2553	benign
P48029	A508H	508	0.5917	pathogenic
P48029	A508I	508	0.6424	pathogenic
P48029	A508K	508	0.7339	pathogenic
P48029	A508L	508	0.5497	ambiguous
P48029	A508M	508	0.534	ambiguous
P48029	A508N	508	0.6267	pathogenic
P48029	A508P	508	0.9814	pathogenic
P48029	A508Q	508	0.3697	ambiguous
P48029	A508R	508	0.4837	ambiguous
P48029	A508S	508	0.106	benign
P48029	A508T	508	0.1951	benign
P48029	A508V	508	0.3557	ambiguous
P48029	A508W	508	0.904	pathogenic
P48029	A508Y	508	0.694	pathogenic
P48029	C509A	509	0.2589	benign
P48029	C509D	509	0.524	ambiguous
P48029	C509E	509	0.5562	ambiguous
P48029	C509F	509	0.1381	benign
P48029	C509G	509	0.1423	benign
P48029	C509H	509	0.2526	benign
P48029	C509I	509	0.457	ambiguous
P48029	C509K	509	0.5442	ambiguous
P48029	C509L	509	0.254	benign
P48029	C509M	509	0.4461	ambiguous
P48029	C509N	509	0.3523	ambiguous
P48029	C509P	509	0.9773	pathogenic
P48029	C509Q	509	0.2952	benign
P48029	C509R	509	0.1587	benign
P48029	C509S	509	0.1942	benign
P48029	C509T	509	0.3271	benign
P48029	C509V	509	0.2852	benign
P48029	C509W	509	0.3171	benign
P48029	C509Y	509	0.2051	benign
P48029	M510A	510	0.9919	pathogenic
P48029	M510C	510	0.9877	pathogenic
P48029	M510D	510	0.9988	pathogenic
P48029	M510E	510	0.9939	pathogenic
P48029	M510F	510	0.9648	pathogenic
P48029	M510G	510	0.9964	pathogenic
P48029	M510H	510	0.9924	pathogenic
P48029	M510I	510	0.9974	pathogenic
P48029	M510K	510	0.9901	pathogenic
P48029	M510L	510	0.9286	pathogenic
P48029	M510N	510	0.9951	pathogenic
P48029	M510P	510	0.9993	pathogenic
P48029	M510Q	510	0.9267	pathogenic
P48029	M510R	510	0.9903	pathogenic
P48029	M510S	510	0.9868	pathogenic
P48029	M510T	510	0.9968	pathogenic
P48029	M510V	510	0.9727	pathogenic
P48029	M510W	510	0.9979	pathogenic
P48029	M510Y	510	0.9968	pathogenic
P48029	I511A	511	0.7453	pathogenic
P48029	I511C	511	0.9586	pathogenic
P48029	I511D	511	0.995	pathogenic
P48029	I511E	511	0.9879	pathogenic
P48029	I511F	511	0.8655	pathogenic
P48029	I511G	511	0.9732	pathogenic
P48029	I511H	511	0.9932	pathogenic
P48029	I511K	511	0.9892	pathogenic
P48029	I511L	511	0.2137	benign
P48029	I511M	511	0.3186	benign
P48029	I511N	511	0.9491	pathogenic
P48029	I511P	511	0.9891	pathogenic
P48029	I511Q	511	0.9838	pathogenic
P48029	I511R	511	0.9761	pathogenic
P48029	I511S	511	0.8754	pathogenic
P48029	I511T	511	0.3456	ambiguous
P48029	I511V	511	0.1943	benign
P48029	I511W	511	0.9925	pathogenic
P48029	I511Y	511	0.9887	pathogenic
P48029	G512A	512	0.843	pathogenic
P48029	G512C	512	0.9381	pathogenic
P48029	G512D	512	0.8625	pathogenic
P48029	G512E	512	0.9524	pathogenic
P48029	G512F	512	0.9962	pathogenic
P48029	G512H	512	0.9383	pathogenic
P48029	G512I	512	0.9932	pathogenic
P48029	G512K	512	0.9546	pathogenic
P48029	G512L	512	0.9851	pathogenic
P48029	G512M	512	0.9931	pathogenic
P48029	G512N	512	0.8328	pathogenic
P48029	G512P	512	0.993	pathogenic
P48029	G512Q	512	0.9085	pathogenic
P48029	G512R	512	0.9035	pathogenic
P48029	G512S	512	0.5386	ambiguous
P48029	G512T	512	0.931	pathogenic
P48029	G512V	512	0.9846	pathogenic
P48029	G512W	512	0.9921	pathogenic
P48029	G512Y	512	0.99	pathogenic
P48029	Y513A	513	0.7934	pathogenic
P48029	Y513C	513	0.3442	ambiguous
P48029	Y513D	513	0.6355	pathogenic
P48029	Y513E	513	0.724	pathogenic
P48029	Y513F	513	0.0886	benign
P48029	Y513G	513	0.6858	pathogenic
P48029	Y513H	513	0.2831	benign
P48029	Y513I	513	0.7005	pathogenic
P48029	Y513K	513	0.7204	pathogenic
P48029	Y513L	513	0.7596	pathogenic
P48029	Y513M	513	0.7424	pathogenic
P48029	Y513N	513	0.466	ambiguous
P48029	Y513P	513	0.9683	pathogenic
P48029	Y513Q	513	0.5863	pathogenic
P48029	Y513R	513	0.5405	ambiguous
P48029	Y513S	513	0.4188	ambiguous
P48029	Y513T	513	0.6372	pathogenic
P48029	Y513V	513	0.5842	pathogenic
P48029	Y513W	513	0.4582	ambiguous
P48029	R514A	514	0.731	pathogenic
P48029	R514C	514	0.3303	benign
P48029	R514D	514	0.8926	pathogenic
P48029	R514E	514	0.5493	ambiguous
P48029	R514F	514	0.7974	pathogenic
P48029	R514G	514	0.6875	pathogenic
P48029	R514H	514	0.1551	benign
P48029	R514I	514	0.6373	pathogenic
P48029	R514K	514	0.1774	benign
P48029	R514L	514	0.5113	ambiguous
P48029	R514M	514	0.6952	pathogenic
P48029	R514N	514	0.8151	pathogenic
P48029	R514P	514	0.6742	pathogenic
P48029	R514Q	514	0.1469	benign
P48029	R514S	514	0.7285	pathogenic
P48029	R514T	514	0.5351	ambiguous
P48029	R514V	514	0.6174	pathogenic
P48029	R514W	514	0.3131	benign
P48029	R514Y	514	0.4762	ambiguous
P48029	P515A	515	0.7195	pathogenic
P48029	P515C	515	0.9705	pathogenic
P48029	P515D	515	0.9969	pathogenic
P48029	P515E	515	0.992	pathogenic
P48029	P515F	515	0.9891	pathogenic
P48029	P515G	515	0.9769	pathogenic
P48029	P515H	515	0.9864	pathogenic
P48029	P515I	515	0.8135	pathogenic
P48029	P515K	515	0.9944	pathogenic
P48029	P515L	515	0.783	pathogenic
P48029	P515M	515	0.9535	pathogenic
P48029	P515N	515	0.9955	pathogenic
P48029	P515Q	515	0.9852	pathogenic
P48029	P515R	515	0.9833	pathogenic
P48029	P515S	515	0.9642	pathogenic
P48029	P515T	515	0.8915	pathogenic
P48029	P515V	515	0.7264	pathogenic
P48029	P515W	515	0.9969	pathogenic
P48029	P515Y	515	0.994	pathogenic
P48029	C516A	516	0.2218	benign
P48029	C516D	516	0.6536	pathogenic
P48029	C516E	516	0.7991	pathogenic
P48029	C516F	516	0.0777	benign
P48029	C516G	516	0.1287	benign
P48029	C516H	516	0.3312	benign
P48029	C516I	516	0.2711	benign
P48029	C516K	516	0.7462	pathogenic
P48029	C516L	516	0.185	benign
P48029	C516M	516	0.3091	benign
P48029	C516N	516	0.297	benign
P48029	C516P	516	0.4157	ambiguous
P48029	C516Q	516	0.5272	ambiguous
P48029	C516R	516	0.4808	ambiguous
P48029	C516S	516	0.1392	benign
P48029	C516T	516	0.3061	benign
P48029	C516V	516	0.2231	benign
P48029	C516W	516	0.2011	benign
P48029	C516Y	516	0.1548	benign
P48029	P517A	517	0.0742	benign
P48029	P517C	517	0.2824	benign
P48029	P517D	517	0.4374	ambiguous
P48029	P517E	517	0.318	benign
P48029	P517F	517	0.2177	benign
P48029	P517G	517	0.1914	benign
P48029	P517H	517	0.1423	benign
P48029	P517I	517	0.1553	benign
P48029	P517K	517	0.2297	benign
P48029	P517L	517	0.0878	benign
P48029	P517M	517	0.2125	benign
P48029	P517N	517	0.2825	benign
P48029	P517Q	517	0.1314	benign
P48029	P517R	517	0.104	benign
P48029	P517S	517	0.1109	benign
P48029	P517T	517	0.1044	benign
P48029	P517V	517	0.11	benign
P48029	P517W	517	0.291	benign
P48029	P517Y	517	0.2296	benign
P48029	W518A	518	0.3916	ambiguous
P48029	W518C	518	0.5714	pathogenic
P48029	W518D	518	0.9885	pathogenic
P48029	W518E	518	0.9758	pathogenic
P48029	W518F	518	0.101	benign
P48029	W518G	518	0.3938	ambiguous
P48029	W518H	518	0.9395	pathogenic
P48029	W518I	518	0.2392	benign
P48029	W518K	518	0.9836	pathogenic
P48029	W518L	518	0.1432	benign
P48029	W518M	518	0.3956	ambiguous
P48029	W518N	518	0.9584	pathogenic
P48029	W518P	518	0.8577	pathogenic
P48029	W518Q	518	0.9618	pathogenic
P48029	W518R	518	0.9657	pathogenic
P48029	W518S	518	0.5577	ambiguous
P48029	W518T	518	0.548	ambiguous
P48029	W518V	518	0.1984	benign
P48029	W518Y	518	0.297	benign
P48029	M519A	519	0.8543	pathogenic
P48029	M519C	519	0.91	pathogenic
P48029	M519D	519	0.9963	pathogenic
P48029	M519E	519	0.9722	pathogenic
P48029	M519F	519	0.4688	ambiguous
P48029	M519G	519	0.954	pathogenic
P48029	M519H	519	0.9757	pathogenic
P48029	M519I	519	0.4337	ambiguous
P48029	M519K	519	0.9669	pathogenic
P48029	M519L	519	0.2455	benign
P48029	M519N	519	0.9562	pathogenic
P48029	M519P	519	0.9551	pathogenic
P48029	M519Q	519	0.8808	pathogenic
P48029	M519R	519	0.9617	pathogenic
P48029	M519S	519	0.9251	pathogenic
P48029	M519T	519	0.8593	pathogenic
P48029	M519V	519	0.1646	benign
P48029	M519W	519	0.8851	pathogenic
P48029	M519Y	519	0.8986	pathogenic
P48029	K520A	520	0.7226	pathogenic
P48029	K520C	520	0.8639	pathogenic
P48029	K520D	520	0.9746	pathogenic
P48029	K520E	520	0.7187	pathogenic
P48029	K520F	520	0.9119	pathogenic
P48029	K520G	520	0.7392	pathogenic
P48029	K520H	520	0.6198	pathogenic
P48029	K520I	520	0.7125	pathogenic
P48029	K520L	520	0.6451	pathogenic
P48029	K520M	520	0.5688	pathogenic
P48029	K520N	520	0.9086	pathogenic
P48029	K520P	520	0.929	pathogenic
P48029	K520Q	520	0.2717	benign
P48029	K520R	520	0.1045	benign
P48029	K520S	520	0.8222	pathogenic
P48029	K520T	520	0.6069	pathogenic
P48029	K520V	520	0.6296	pathogenic
P48029	K520W	520	0.862	pathogenic
P48029	K520Y	520	0.7797	pathogenic
P48029	W521A	521	0.3249	benign
P48029	W521C	521	0.4098	ambiguous
P48029	W521D	521	0.9688	pathogenic
P48029	W521E	521	0.9636	pathogenic
P48029	W521F	521	0.1597	benign
P48029	W521G	521	0.258	benign
P48029	W521H	521	0.8388	pathogenic
P48029	W521I	521	0.266	benign
P48029	W521K	521	0.936	pathogenic
P48029	W521L	521	0.1501	benign
P48029	W521M	521	0.4091	ambiguous
P48029	W521N	521	0.8529	pathogenic
P48029	W521P	521	0.9121	pathogenic
P48029	W521Q	521	0.9221	pathogenic
P48029	W521R	521	0.8964	pathogenic
P48029	W521S	521	0.4098	ambiguous
P48029	W521T	521	0.4246	ambiguous
P48029	W521V	521	0.2114	benign
P48029	W521Y	521	0.2527	benign
P48029	C522A	522	0.7187	pathogenic
P48029	C522D	522	0.9932	pathogenic
P48029	C522E	522	0.9974	pathogenic
P48029	C522F	522	0.8911	pathogenic
P48029	C522G	522	0.5757	pathogenic
P48029	C522H	522	0.9898	pathogenic
P48029	C522I	522	0.9657	pathogenic
P48029	C522K	522	0.9994	pathogenic
P48029	C522L	522	0.872	pathogenic
P48029	C522M	522	0.9089	pathogenic
P48029	C522N	522	0.9227	pathogenic
P48029	C522P	522	0.9931	pathogenic
P48029	C522Q	522	0.989	pathogenic
P48029	C522R	522	0.9959	pathogenic
P48029	C522S	522	0.5291	ambiguous
P48029	C522T	522	0.8213	pathogenic
P48029	C522V	522	0.8984	pathogenic
P48029	C522W	522	0.9867	pathogenic
P48029	C522Y	522	0.983	pathogenic
P48029	W523A	523	0.9906	pathogenic
P48029	W523C	523	0.9883	pathogenic
P48029	W523D	523	0.9996	pathogenic
P48029	W523E	523	0.9995	pathogenic
P48029	W523F	523	0.7492	pathogenic
P48029	W523G	523	0.9757	pathogenic
P48029	W523H	523	0.9967	pathogenic
P48029	W523I	523	0.9708	pathogenic
P48029	W523K	523	0.9998	pathogenic
P48029	W523L	523	0.8553	pathogenic
P48029	W523M	523	0.9834	pathogenic
P48029	W523N	523	0.9989	pathogenic
P48029	W523P	523	0.9985	pathogenic
P48029	W523Q	523	0.9993	pathogenic
P48029	W523R	523	0.9991	pathogenic
P48029	W523S	523	0.9867	pathogenic
P48029	W523T	523	0.9916	pathogenic
P48029	W523V	523	0.9708	pathogenic
P48029	W523Y	523	0.9317	pathogenic
P48029	S524A	524	0.0691	benign
P48029	S524C	524	0.0632	benign
P48029	S524D	524	0.7126	pathogenic
P48029	S524E	524	0.6461	pathogenic
P48029	S524F	524	0.2061	benign
P48029	S524G	524	0.0816	benign
P48029	S524H	524	0.356	ambiguous
P48029	S524I	524	0.1604	benign
P48029	S524K	524	0.5128	ambiguous
P48029	S524L	524	0.0748	benign
P48029	S524M	524	0.1306	benign
P48029	S524N	524	0.257	benign
P48029	S524P	524	0.8617	pathogenic
P48029	S524Q	524	0.3985	ambiguous
P48029	S524R	524	0.4364	ambiguous
P48029	S524T	524	0.0824	benign
P48029	S524V	524	0.127	benign
P48029	S524W	524	0.3169	benign
P48029	S524Y	524	0.1562	benign
P48029	F525A	525	0.2825	benign
P48029	F525C	525	0.1279	benign
P48029	F525D	525	0.9473	pathogenic
P48029	F525E	525	0.9495	pathogenic
P48029	F525G	525	0.4472	ambiguous
P48029	F525H	525	0.7195	pathogenic
P48029	F525I	525	0.0887	benign
P48029	F525K	525	0.8937	pathogenic
P48029	F525L	525	0.4193	ambiguous
P48029	F525M	525	0.3168	benign
P48029	F525N	525	0.7893	pathogenic
P48029	F525P	525	0.9189	pathogenic
P48029	F525Q	525	0.8611	pathogenic
P48029	F525R	525	0.7742	pathogenic
P48029	F525S	525	0.3836	ambiguous
P48029	F525T	525	0.3969	ambiguous
P48029	F525V	525	0.0792	benign
P48029	F525W	525	0.3427	ambiguous
P48029	F525Y	525	0.1403	benign
P48029	F526A	526	0.1968	benign
P48029	F526C	526	0.0967	benign
P48029	F526D	526	0.9754	pathogenic
P48029	F526E	526	0.9775	pathogenic
P48029	F526G	526	0.3931	ambiguous
P48029	F526H	526	0.9205	pathogenic
P48029	F526I	526	0.0708	benign
P48029	F526K	526	0.9854	pathogenic
P48029	F526L	526	0.2139	benign
P48029	F526M	526	0.2365	benign
P48029	F526N	526	0.8838	pathogenic
P48029	F526P	526	0.8416	pathogenic
P48029	F526Q	526	0.9401	pathogenic
P48029	F526R	526	0.9626	pathogenic
P48029	F526S	526	0.3036	benign
P48029	F526T	526	0.2581	benign
P48029	F526V	526	0.0671	benign
P48029	F526W	526	0.6097	pathogenic
P48029	F526Y	526	0.5198	ambiguous
P48029	T527A	527	0.5613	ambiguous
P48029	T527C	527	0.83	pathogenic
P48029	T527D	527	0.9941	pathogenic
P48029	T527E	527	0.9946	pathogenic
P48029	T527F	527	0.9766	pathogenic
P48029	T527G	527	0.8475	pathogenic
P48029	T527H	527	0.9785	pathogenic
P48029	T527I	527	0.8823	pathogenic
P48029	T527K	527	0.9952	pathogenic
P48029	T527L	527	0.7914	pathogenic
P48029	T527M	527	0.7248	pathogenic
P48029	T527N	527	0.9327	pathogenic
P48029	T527P	527	0.8006	pathogenic
P48029	T527Q	527	0.9744	pathogenic
P48029	T527R	527	0.9928	pathogenic
P48029	T527S	527	0.4444	ambiguous
P48029	T527V	527	0.7297	pathogenic
P48029	T527W	527	0.9964	pathogenic
P48029	T527Y	527	0.9916	pathogenic
P48029	P528A	528	0.9214	pathogenic
P48029	P528C	528	0.9932	pathogenic
P48029	P528D	528	0.9985	pathogenic
P48029	P528E	528	0.9978	pathogenic
P48029	P528F	528	0.997	pathogenic
P48029	P528G	528	0.9779	pathogenic
P48029	P528H	528	0.9941	pathogenic
P48029	P528I	528	0.9842	pathogenic
P48029	P528K	528	0.9983	pathogenic
P48029	P528L	528	0.9489	pathogenic
P48029	P528M	528	0.9892	pathogenic
P48029	P528N	528	0.997	pathogenic
P48029	P528Q	528	0.9919	pathogenic
P48029	P528R	528	0.994	pathogenic
P48029	P528S	528	0.963	pathogenic
P48029	P528T	528	0.9565	pathogenic
P48029	P528V	528	0.9586	pathogenic
P48029	P528W	528	0.9985	pathogenic
P48029	P528Y	528	0.9982	pathogenic
P48029	L529A	529	0.0836	benign
P48029	L529C	529	0.2153	benign
P48029	L529D	529	0.9528	pathogenic
P48029	L529E	529	0.8867	pathogenic
P48029	L529F	529	0.0885	benign
P48029	L529G	529	0.2339	benign
P48029	L529H	529	0.7782	pathogenic
P48029	L529I	529	0.0845	benign
P48029	L529K	529	0.9046	pathogenic
P48029	L529M	529	0.0797	benign
P48029	L529N	529	0.7409	pathogenic
P48029	L529P	529	0.5279	ambiguous
P48029	L529Q	529	0.6674	pathogenic
P48029	L529R	529	0.8406	pathogenic
P48029	L529S	529	0.1983	benign
P48029	L529T	529	0.1369	benign
P48029	L529V	529	0.0645	benign
P48029	L529W	529	0.4036	ambiguous
P48029	L529Y	529	0.5976	pathogenic
P48029	V530A	530	0.3155	benign
P48029	V530C	530	0.7062	pathogenic
P48029	V530D	530	0.9745	pathogenic
P48029	V530E	530	0.96	pathogenic
P48029	V530F	530	0.254	benign
P48029	V530G	530	0.4536	ambiguous
P48029	V530H	530	0.9716	pathogenic
P48029	V530I	530	0.0785	benign
P48029	V530K	530	0.9826	pathogenic
P48029	V530L	530	0.2033	benign
P48029	V530M	530	0.2511	benign
P48029	V530N	530	0.8844	pathogenic
P48029	V530P	530	0.9445	pathogenic
P48029	V530Q	530	0.9319	pathogenic
P48029	V530R	530	0.9684	pathogenic
P48029	V530S	530	0.4757	ambiguous
P48029	V530T	530	0.2911	benign
P48029	V530W	530	0.9436	pathogenic
P48029	V530Y	530	0.8926	pathogenic
P48029	C531A	531	0.7	pathogenic
P48029	C531D	531	0.9951	pathogenic
P48029	C531E	531	0.9981	pathogenic
P48029	C531F	531	0.9341	pathogenic
P48029	C531G	531	0.5926	pathogenic
P48029	C531H	531	0.9961	pathogenic
P48029	C531I	531	0.8909	pathogenic
P48029	C531K	531	0.9995	pathogenic
P48029	C531L	531	0.8242	pathogenic
P48029	C531M	531	0.8966	pathogenic
P48029	C531N	531	0.9622	pathogenic
P48029	C531P	531	0.9957	pathogenic
P48029	C531Q	531	0.995	pathogenic
P48029	C531R	531	0.9965	pathogenic
P48029	C531S	531	0.5763	pathogenic
P48029	C531T	531	0.5785	pathogenic
P48029	C531V	531	0.6737	pathogenic
P48029	C531W	531	0.9957	pathogenic
P48029	C531Y	531	0.9909	pathogenic
P48029	M532A	532	0.1947	benign
P48029	M532C	532	0.5765	pathogenic
P48029	M532D	532	0.9857	pathogenic
P48029	M532E	532	0.9397	pathogenic
P48029	M532F	532	0.3126	benign
P48029	M532G	532	0.3599	ambiguous
P48029	M532H	532	0.9577	pathogenic
P48029	M532I	532	0.3183	benign
P48029	M532K	532	0.9267	pathogenic
P48029	M532L	532	0.1069	benign
P48029	M532N	532	0.8707	pathogenic
P48029	M532P	532	0.9663	pathogenic
P48029	M532Q	532	0.8377	pathogenic
P48029	M532R	532	0.9111	pathogenic
P48029	M532S	532	0.3534	ambiguous
P48029	M532T	532	0.1425	benign
P48029	M532V	532	0.087	benign
P48029	M532W	532	0.8828	pathogenic
P48029	M532Y	532	0.9216	pathogenic
P48029	G533A	533	0.12	benign
P48029	G533C	533	0.2693	benign
P48029	G533D	533	0.9768	pathogenic
P48029	G533E	533	0.9788	pathogenic
P48029	G533F	533	0.5491	ambiguous
P48029	G533H	533	0.9843	pathogenic
P48029	G533I	533	0.3806	ambiguous
P48029	G533K	533	0.9966	pathogenic
P48029	G533L	533	0.4798	ambiguous
P48029	G533M	533	0.4986	ambiguous
P48029	G533N	533	0.9307	pathogenic
P48029	G533P	533	0.9903	pathogenic
P48029	G533Q	533	0.9794	pathogenic
P48029	G533R	533	0.9923	pathogenic
P48029	G533S	533	0.2016	benign
P48029	G533T	533	0.252	benign
P48029	G533V	533	0.2191	benign
P48029	G533W	533	0.8625	pathogenic
P48029	G533Y	533	0.8854	pathogenic
P48029	I534A	534	0.9004	pathogenic
P48029	I534C	534	0.9087	pathogenic
P48029	I534D	534	0.9961	pathogenic
P48029	I534E	534	0.9955	pathogenic
P48029	I534F	534	0.7633	pathogenic
P48029	I534G	534	0.9688	pathogenic
P48029	I534H	534	0.9936	pathogenic
P48029	I534K	534	0.9939	pathogenic
P48029	I534L	534	0.3662	ambiguous
P48029	I534M	534	0.4268	ambiguous
P48029	I534N	534	0.9295	pathogenic
P48029	I534P	534	0.9871	pathogenic
P48029	I534Q	534	0.9912	pathogenic
P48029	I534R	534	0.9909	pathogenic
P48029	I534S	534	0.8819	pathogenic
P48029	I534T	534	0.7656	pathogenic
P48029	I534V	534	0.1157	benign
P48029	I534W	534	0.9922	pathogenic
P48029	I534Y	534	0.9747	pathogenic
P48029	F535A	535	0.925	pathogenic
P48029	F535C	535	0.712	pathogenic
P48029	F535D	535	0.9983	pathogenic
P48029	F535E	535	0.9985	pathogenic
P48029	F535G	535	0.9539	pathogenic
P48029	F535H	535	0.9861	pathogenic
P48029	F535I	535	0.7971	pathogenic
P48029	F535K	535	0.9988	pathogenic
P48029	F535L	535	0.9104	pathogenic
P48029	F535M	535	0.8449	pathogenic
P48029	F535N	535	0.9905	pathogenic
P48029	F535P	535	0.9993	pathogenic
P48029	F535Q	535	0.9946	pathogenic
P48029	F535R	535	0.9956	pathogenic
P48029	F535S	535	0.9474	pathogenic
P48029	F535T	535	0.9515	pathogenic
P48029	F535V	535	0.7093	pathogenic
P48029	F535W	535	0.8628	pathogenic
P48029	F535Y	535	0.6726	pathogenic
P48029	I536A	536	0.1571	benign
P48029	I536C	536	0.2995	benign
P48029	I536D	536	0.9665	pathogenic
P48029	I536E	536	0.9598	pathogenic
P48029	I536F	536	0.0964	benign
P48029	I536G	536	0.3246	benign
P48029	I536H	536	0.8886	pathogenic
P48029	I536K	536	0.959	pathogenic
P48029	I536L	536	0.057	benign
P48029	I536M	536	0.095	benign
P48029	I536N	536	0.7428	pathogenic
P48029	I536P	536	0.9299	pathogenic
P48029	I536Q	536	0.8923	pathogenic
P48029	I536R	536	0.9196	pathogenic
P48029	I536S	536	0.2619	benign
P48029	I536T	536	0.1725	benign
P48029	I536V	536	0.0639	benign
P48029	I536W	536	0.7856	pathogenic
P48029	I536Y	536	0.677	pathogenic
P48029	F537A	537	0.8423	pathogenic
P48029	F537C	537	0.5975	pathogenic
P48029	F537D	537	0.9945	pathogenic
P48029	F537E	537	0.9946	pathogenic
P48029	F537G	537	0.907	pathogenic
P48029	F537H	537	0.9517	pathogenic
P48029	F537I	537	0.7861	pathogenic
P48029	F537K	537	0.9942	pathogenic
P48029	F537L	537	0.9542	pathogenic
P48029	F537M	537	0.8438	pathogenic
P48029	F537N	537	0.972	pathogenic
P48029	F537P	537	0.9986	pathogenic
P48029	F537Q	537	0.9785	pathogenic
P48029	F537R	537	0.9773	pathogenic
P48029	F537S	537	0.8122	pathogenic
P48029	F537T	537	0.8923	pathogenic
P48029	F537V	537	0.6944	pathogenic
P48029	F537W	537	0.7555	pathogenic
P48029	F537Y	537	0.467	ambiguous
P48029	N538A	538	0.3773	ambiguous
P48029	N538C	538	0.2901	benign
P48029	N538D	538	0.3	benign
P48029	N538E	538	0.667	pathogenic
P48029	N538F	538	0.6046	pathogenic
P48029	N538G	538	0.3167	benign
P48029	N538H	538	0.0643	benign
P48029	N538I	538	0.5401	ambiguous
P48029	N538K	538	0.6048	pathogenic
P48029	N538L	538	0.3907	ambiguous
P48029	N538M	538	0.4871	ambiguous
P48029	N538P	538	0.9145	pathogenic
P48029	N538Q	538	0.3595	ambiguous
P48029	N538R	538	0.5371	ambiguous
P48029	N538S	538	0.0724	benign
P48029	N538T	538	0.2002	benign
P48029	N538V	538	0.495	ambiguous
P48029	N538W	538	0.7135	pathogenic
P48029	N538Y	538	0.189	benign
P48029	V539A	539	0.1236	benign
P48029	V539C	539	0.4713	ambiguous
P48029	V539D	539	0.8461	pathogenic
P48029	V539E	539	0.7561	pathogenic
P48029	V539F	539	0.1244	benign
P48029	V539G	539	0.2023	benign
P48029	V539H	539	0.7806	pathogenic
P48029	V539I	539	0.0686	benign
P48029	V539K	539	0.7249	pathogenic
P48029	V539L	539	0.0982	benign
P48029	V539M	539	0.0914	benign
P48029	V539N	539	0.5555	ambiguous
P48029	V539P	539	0.9095	pathogenic
P48029	V539Q	539	0.6157	pathogenic
P48029	V539R	539	0.6415	pathogenic
P48029	V539S	539	0.2545	benign
P48029	V539T	539	0.1615	benign
P48029	V539W	539	0.6543	pathogenic
P48029	V539Y	539	0.5582	ambiguous
P48029	V540A	540	0.1194	benign
P48029	V540C	540	0.4818	ambiguous
P48029	V540D	540	0.7426	pathogenic
P48029	V540E	540	0.6483	pathogenic
P48029	V540F	540	0.1026	benign
P48029	V540G	540	0.182	benign
P48029	V540H	540	0.623	pathogenic
P48029	V540I	540	0.0748	benign
P48029	V540K	540	0.5253	ambiguous
P48029	V540L	540	0.1376	benign
P48029	V540M	540	0.136	benign
P48029	V540N	540	0.4932	ambiguous
P48029	V540P	540	0.8246	pathogenic
P48029	V540Q	540	0.4923	ambiguous
P48029	V540R	540	0.4208	ambiguous
P48029	V540S	540	0.2166	benign
P48029	V540T	540	0.1969	benign
P48029	V540W	540	0.5626	ambiguous
P48029	V540Y	540	0.3965	ambiguous
P48029	Y541A	541	0.219	benign
P48029	Y541C	541	0.1051	benign
P48029	Y541D	541	0.152	benign
P48029	Y541E	541	0.3648	ambiguous
P48029	Y541F	541	0.0959	benign
P48029	Y541G	541	0.1997	benign
P48029	Y541H	541	0.0792	benign
P48029	Y541I	541	0.3938	ambiguous
P48029	Y541K	541	0.2599	benign
P48029	Y541L	541	0.3313	benign
P48029	Y541M	541	0.4483	ambiguous
P48029	Y541N	541	0.0725	benign
P48029	Y541P	541	0.8434	pathogenic
P48029	Y541Q	541	0.1929	benign
P48029	Y541R	541	0.1574	benign
P48029	Y541S	541	0.0715	benign
P48029	Y541T	541	0.1835	benign
P48029	Y541V	541	0.2609	benign
P48029	Y541W	541	0.3526	ambiguous
P48029	Y542A	542	0.4882	ambiguous
P48029	Y542C	542	0.2594	benign
P48029	Y542D	542	0.4728	ambiguous
P48029	Y542E	542	0.6979	pathogenic
P48029	Y542F	542	0.1239	benign
P48029	Y542G	542	0.3924	ambiguous
P48029	Y542H	542	0.1424	benign
P48029	Y542I	542	0.6847	pathogenic
P48029	Y542K	542	0.5823	pathogenic
P48029	Y542L	542	0.4566	ambiguous
P48029	Y542M	542	0.6643	pathogenic
P48029	Y542N	542	0.3213	benign
P48029	Y542P	542	0.7964	pathogenic
P48029	Y542Q	542	0.4169	ambiguous
P48029	Y542R	542	0.3231	benign
P48029	Y542S	542	0.2306	benign
P48029	Y542T	542	0.5049	ambiguous
P48029	Y542V	542	0.5049	ambiguous
P48029	Y542W	542	0.288	benign
P48029	E543A	543	0.1987	benign
P48029	E543C	543	0.8268	pathogenic
P48029	E543D	543	0.2242	benign
P48029	E543F	543	0.8394	pathogenic
P48029	E543G	543	0.2517	benign
P48029	E543H	543	0.2439	benign
P48029	E543I	543	0.4426	ambiguous
P48029	E543K	543	0.0536	benign
P48029	E543L	543	0.4177	ambiguous
P48029	E543M	543	0.4433	ambiguous
P48029	E543N	543	0.2873	benign
P48029	E543P	543	0.6708	pathogenic
P48029	E543Q	543	0.0697	benign
P48029	E543R	543	0.0878	benign
P48029	E543S	543	0.1707	benign
P48029	E543T	543	0.1428	benign
P48029	E543V	543	0.2645	benign
P48029	E543W	543	0.8716	pathogenic
P48029	E543Y	543	0.6614	pathogenic
P48029	P544A	544	0.2099	benign
P48029	P544C	544	0.8956	pathogenic
P48029	P544D	544	0.6498	pathogenic
P48029	P544E	544	0.3975	ambiguous
P48029	P544F	544	0.9346	pathogenic
P48029	P544G	544	0.5621	ambiguous
P48029	P544H	544	0.3394	benign
P48029	P544I	544	0.8199	pathogenic
P48029	P544K	544	0.2337	benign
P48029	P544L	544	0.51	ambiguous
P48029	P544M	544	0.7814	pathogenic
P48029	P544N	544	0.6197	pathogenic
P48029	P544Q	544	0.2357	benign
P48029	P544R	544	0.1317	benign
P48029	P544S	544	0.3471	ambiguous
P48029	P544T	544	0.3065	benign
P48029	P544V	544	0.6238	pathogenic
P48029	P544W	544	0.9117	pathogenic
P48029	P544Y	544	0.8412	pathogenic
P48029	L545A	545	0.8397	pathogenic
P48029	L545C	545	0.9741	pathogenic
P48029	L545D	545	0.9971	pathogenic
P48029	L545E	545	0.9808	pathogenic
P48029	L545F	545	0.9335	pathogenic
P48029	L545G	545	0.9807	pathogenic
P48029	L545H	545	0.9798	pathogenic
P48029	L545I	545	0.4712	ambiguous
P48029	L545K	545	0.9505	pathogenic
P48029	L545M	545	0.4975	ambiguous
P48029	L545N	545	0.9839	pathogenic
P48029	L545P	545	0.8369	pathogenic
P48029	L545Q	545	0.936	pathogenic
P48029	L545R	545	0.8984	pathogenic
P48029	L545S	545	0.9785	pathogenic
P48029	L545T	545	0.8985	pathogenic
P48029	L545V	545	0.3909	ambiguous
P48029	L545W	545	0.9757	pathogenic
P48029	L545Y	545	0.9857	pathogenic
P48029	V546A	546	0.1744	benign
P48029	V546C	546	0.7424	pathogenic
P48029	V546D	546	0.4777	ambiguous
P48029	V546E	546	0.1972	benign
P48029	V546F	546	0.2173	benign
P48029	V546G	546	0.2555	benign
P48029	V546H	546	0.326	benign
P48029	V546I	546	0.0849	benign
P48029	V546K	546	0.1097	benign
P48029	V546L	546	0.1675	benign
P48029	V546M	546	0.1447	benign
P48029	V546N	546	0.2815	benign
P48029	V546P	546	0.8201	pathogenic
P48029	V546Q	546	0.1423	benign
P48029	V546R	546	0.108	benign
P48029	V546S	546	0.1775	benign
P48029	V546T	546	0.0989	benign
P48029	V546W	546	0.7885	pathogenic
P48029	V546Y	546	0.5012	ambiguous
P48029	Y547A	547	0.97	pathogenic
P48029	Y547C	547	0.8872	pathogenic
P48029	Y547D	547	0.9712	pathogenic
P48029	Y547E	547	0.9878	pathogenic
P48029	Y547F	547	0.2616	benign
P48029	Y547G	547	0.9348	pathogenic
P48029	Y547H	547	0.9151	pathogenic
P48029	Y547I	547	0.9198	pathogenic
P48029	Y547K	547	0.9835	pathogenic
P48029	Y547L	547	0.795	pathogenic
P48029	Y547M	547	0.9369	pathogenic
P48029	Y547N	547	0.9333	pathogenic
P48029	Y547P	547	0.9867	pathogenic
P48029	Y547Q	547	0.9785	pathogenic
P48029	Y547R	547	0.9433	pathogenic
P48029	Y547S	547	0.9044	pathogenic
P48029	Y547T	547	0.9625	pathogenic
P48029	Y547V	547	0.856	pathogenic
P48029	Y547W	547	0.7111	pathogenic
P48029	N548A	548	0.6165	pathogenic
P48029	N548C	548	0.7932	pathogenic
P48029	N548D	548	0.3532	ambiguous
P48029	N548E	548	0.7902	pathogenic
P48029	N548F	548	0.9516	pathogenic
P48029	N548G	548	0.3465	ambiguous
P48029	N548H	548	0.3134	benign
P48029	N548I	548	0.9132	pathogenic
P48029	N548K	548	0.7278	pathogenic
P48029	N548L	548	0.7037	pathogenic
P48029	N548M	548	0.8587	pathogenic
P48029	N548P	548	0.9109	pathogenic
P48029	N548Q	548	0.5928	pathogenic
P48029	N548R	548	0.6007	pathogenic
P48029	N548S	548	0.1401	benign
P48029	N548T	548	0.6155	pathogenic
P48029	N548V	548	0.8524	pathogenic
P48029	N548W	548	0.959	pathogenic
P48029	N548Y	548	0.6524	pathogenic
P48029	N549A	549	0.2483	benign
P48029	N549C	549	0.5989	pathogenic
P48029	N549D	549	0.1199	benign
P48029	N549E	549	0.2743	benign
P48029	N549F	549	0.7538	pathogenic
P48029	N549G	549	0.1979	benign
P48029	N549H	549	0.0867	benign
P48029	N549I	549	0.534	ambiguous
P48029	N549K	549	0.1269	benign
P48029	N549L	549	0.4055	ambiguous
P48029	N549M	549	0.4822	ambiguous
P48029	N549P	549	0.7397	pathogenic
P48029	N549Q	549	0.1744	benign
P48029	N549R	549	0.1428	benign
P48029	N549S	549	0.0897	benign
P48029	N549T	549	0.1509	benign
P48029	N549V	549	0.4492	ambiguous
P48029	N549W	549	0.8102	pathogenic
P48029	N549Y	549	0.3032	benign
P48029	T550A	550	0.0814	benign
P48029	T550C	550	0.5299	ambiguous
P48029	T550D	550	0.1777	benign
P48029	T550E	550	0.1649	benign
P48029	T550F	550	0.2377	benign
P48029	T550G	550	0.1833	benign
P48029	T550H	550	0.1417	benign
P48029	T550I	550	0.1345	benign
P48029	T550K	550	0.1248	benign
P48029	T550L	550	0.13	benign
P48029	T550M	550	0.1236	benign
P48029	T550N	550	0.1054	benign
P48029	T550P	550	0.5198	ambiguous
P48029	T550Q	550	0.1334	benign
P48029	T550R	550	0.0996	benign
P48029	T550S	550	0.0844	benign
P48029	T550V	550	0.1087	benign
P48029	T550W	550	0.5052	ambiguous
P48029	T550Y	550	0.2412	benign
P48029	Y551A	551	0.9138	pathogenic
P48029	Y551C	551	0.8897	pathogenic
P48029	Y551D	551	0.9117	pathogenic
P48029	Y551E	551	0.9632	pathogenic
P48029	Y551F	551	0.322	benign
P48029	Y551G	551	0.9011	pathogenic
P48029	Y551H	551	0.8806	pathogenic
P48029	Y551I	551	0.8247	pathogenic
P48029	Y551K	551	0.9619	pathogenic
P48029	Y551L	551	0.8213	pathogenic
P48029	Y551M	551	0.9041	pathogenic
P48029	Y551N	551	0.8373	pathogenic
P48029	Y551P	551	0.9609	pathogenic
P48029	Y551Q	551	0.9583	pathogenic
P48029	Y551R	551	0.8916	pathogenic
P48029	Y551S	551	0.8212	pathogenic
P48029	Y551T	551	0.8415	pathogenic
P48029	Y551V	551	0.6208	pathogenic
P48029	Y551W	551	0.7155	pathogenic
P48029	V552A	552	0.1642	benign
P48029	V552C	552	0.7492	pathogenic
P48029	V552D	552	0.3142	benign
P48029	V552E	552	0.1475	benign
P48029	V552F	552	0.2053	benign
P48029	V552G	552	0.2591	benign
P48029	V552H	552	0.2769	benign
P48029	V552I	552	0.0817	benign
P48029	V552K	552	0.1357	benign
P48029	V552L	552	0.1731	benign
P48029	V552M	552	0.1575	benign
P48029	V552N	552	0.2315	benign
P48029	V552P	552	0.5515	ambiguous
P48029	V552Q	552	0.1357	benign
P48029	V552R	552	0.107	benign
P48029	V552S	552	0.1682	benign
P48029	V552T	552	0.1149	benign
P48029	V552W	552	0.762	pathogenic
P48029	V552Y	552	0.4534	ambiguous
P48029	Y553A	553	0.9875	pathogenic
P48029	Y553C	553	0.9696	pathogenic
P48029	Y553D	553	0.9961	pathogenic
P48029	Y553E	553	0.9982	pathogenic
P48029	Y553F	553	0.2272	benign
P48029	Y553G	553	0.9858	pathogenic
P48029	Y553H	553	0.983	pathogenic
P48029	Y553I	553	0.9698	pathogenic
P48029	Y553K	553	0.9978	pathogenic
P48029	Y553L	553	0.8885	pathogenic
P48029	Y553M	553	0.9804	pathogenic
P48029	Y553N	553	0.9866	pathogenic
P48029	Y553P	553	0.9666	pathogenic
P48029	Y553Q	553	0.9973	pathogenic
P48029	Y553R	553	0.9927	pathogenic
P48029	Y553S	553	0.972	pathogenic
P48029	Y553T	553	0.9923	pathogenic
P48029	Y553V	553	0.9466	pathogenic
P48029	Y553W	553	0.8834	pathogenic
P48029	P554A	554	0.7773	pathogenic
P48029	P554C	554	0.9885	pathogenic
P48029	P554D	554	0.9662	pathogenic
P48029	P554E	554	0.9488	pathogenic
P48029	P554F	554	0.9963	pathogenic
P48029	P554G	554	0.9169	pathogenic
P48029	P554H	554	0.9252	pathogenic
P48029	P554I	554	0.9886	pathogenic
P48029	P554K	554	0.9624	pathogenic
P48029	P554L	554	0.9218	pathogenic
P48029	P554M	554	0.9902	pathogenic
P48029	P554N	554	0.9721	pathogenic
P48029	P554Q	554	0.9269	pathogenic
P48029	P554R	554	0.8962	pathogenic
P48029	P554S	554	0.8421	pathogenic
P48029	P554T	554	0.8721	pathogenic
P48029	P554V	554	0.9665	pathogenic
P48029	P554W	554	0.9952	pathogenic
P48029	P554Y	554	0.9923	pathogenic
P48029	W555A	555	0.1378	benign
P48029	W555C	555	0.5883	pathogenic
P48029	W555D	555	0.482	ambiguous
P48029	W555E	555	0.4543	ambiguous
P48029	W555F	555	0.2049	benign
P48029	W555G	555	0.1282	benign
P48029	W555H	555	0.495	ambiguous
P48029	W555I	555	0.2765	benign
P48029	W555K	555	0.4801	ambiguous
P48029	W555L	555	0.1489	benign
P48029	W555M	555	0.3352	benign
P48029	W555N	555	0.5388	ambiguous
P48029	W555P	555	0.2746	benign
P48029	W555Q	555	0.4377	ambiguous
P48029	W555R	555	0.3581	ambiguous
P48029	W555S	555	0.1489	benign
P48029	W555T	555	0.1862	benign
P48029	W555V	555	0.1795	benign
P48029	W555Y	555	0.364	ambiguous
P48029	W556A	556	0.7691	pathogenic
P48029	W556C	556	0.9725	pathogenic
P48029	W556D	556	0.9821	pathogenic
P48029	W556E	556	0.9661	pathogenic
P48029	W556F	556	0.5004	ambiguous
P48029	W556G	556	0.6215	pathogenic
P48029	W556H	556	0.957	pathogenic
P48029	W556I	556	0.8681	pathogenic
P48029	W556K	556	0.9892	pathogenic
P48029	W556L	556	0.7465	pathogenic
P48029	W556M	556	0.865	pathogenic
P48029	W556N	556	0.9631	pathogenic
P48029	W556P	556	0.9296	pathogenic
P48029	W556Q	556	0.973	pathogenic
P48029	W556R	556	0.9799	pathogenic
P48029	W556S	556	0.7162	pathogenic
P48029	W556T	556	0.76	pathogenic
P48029	W556V	556	0.8442	pathogenic
P48029	W556Y	556	0.6846	pathogenic
P48029	G557A	557	0.2954	benign
P48029	G557C	557	0.895	pathogenic
P48029	G557D	557	0.9921	pathogenic
P48029	G557E	557	0.987	pathogenic
P48029	G557F	557	0.9896	pathogenic
P48029	G557H	557	0.9965	pathogenic
P48029	G557I	557	0.9701	pathogenic
P48029	G557K	557	0.9963	pathogenic
P48029	G557L	557	0.9672	pathogenic
P48029	G557M	557	0.9667	pathogenic
P48029	G557N	557	0.992	pathogenic
P48029	G557P	557	0.9962	pathogenic
P48029	G557Q	557	0.985	pathogenic
P48029	G557R	557	0.9909	pathogenic
P48029	G557S	557	0.6082	pathogenic
P48029	G557T	557	0.8805	pathogenic
P48029	G557V	557	0.907	pathogenic
P48029	G557W	557	0.9867	pathogenic
P48029	G557Y	557	0.9915	pathogenic
P48029	E558A	558	0.4325	ambiguous
P48029	E558C	558	0.9559	pathogenic
P48029	E558D	558	0.3562	ambiguous
P48029	E558F	558	0.8792	pathogenic
P48029	E558G	558	0.5252	ambiguous
P48029	E558H	558	0.675	pathogenic
P48029	E558I	558	0.5596	ambiguous
P48029	E558K	558	0.4827	ambiguous
P48029	E558L	558	0.6446	pathogenic
P48029	E558M	558	0.6751	pathogenic
P48029	E558N	558	0.4547	ambiguous
P48029	E558P	558	0.949	pathogenic
P48029	E558Q	558	0.2343	benign
P48029	E558R	558	0.5688	pathogenic
P48029	E558S	558	0.4491	ambiguous
P48029	E558T	558	0.5038	ambiguous
P48029	E558V	558	0.3502	ambiguous
P48029	E558W	558	0.9591	pathogenic
P48029	E558Y	558	0.7567	pathogenic
P48029	A559C	559	0.3853	ambiguous
P48029	A559D	559	0.817	pathogenic
P48029	A559E	559	0.6962	pathogenic
P48029	A559F	559	0.1869	benign
P48029	A559G	559	0.0976	benign
P48029	A559H	559	0.7902	pathogenic
P48029	A559I	559	0.1602	benign
P48029	A559K	559	0.7879	pathogenic
P48029	A559L	559	0.1179	benign
P48029	A559M	559	0.1299	benign
P48029	A559N	559	0.6062	pathogenic
P48029	A559P	559	0.8326	pathogenic
P48029	A559Q	559	0.6442	pathogenic
P48029	A559R	559	0.7226	pathogenic
P48029	A559S	559	0.1444	benign
P48029	A559T	559	0.1015	benign
P48029	A559V	559	0.0822	benign
P48029	A559W	559	0.6175	pathogenic
P48029	A559Y	559	0.5136	ambiguous
P48029	M560A	560	0.1287	benign
P48029	M560C	560	0.5305	ambiguous
P48029	M560D	560	0.9653	pathogenic
P48029	M560E	560	0.8803	pathogenic
P48029	M560F	560	0.2027	benign
P48029	M560G	560	0.3747	ambiguous
P48029	M560H	560	0.9167	pathogenic
P48029	M560I	560	0.1049	benign
P48029	M560K	560	0.8423	pathogenic
P48029	M560L	560	0.0663	benign
P48029	M560N	560	0.8351	pathogenic
P48029	M560P	560	0.8342	pathogenic
P48029	M560Q	560	0.764	pathogenic
P48029	M560R	560	0.8013	pathogenic
P48029	M560S	560	0.3486	ambiguous
P48029	M560T	560	0.1151	benign
P48029	M560V	560	0.0516	benign
P48029	M560W	560	0.6967	pathogenic
P48029	M560Y	560	0.8221	pathogenic
P48029	G561A	561	0.8873	pathogenic
P48029	G561C	561	0.9905	pathogenic
P48029	G561D	561	0.9976	pathogenic
P48029	G561E	561	0.9973	pathogenic
P48029	G561F	561	0.9976	pathogenic
P48029	G561H	561	0.9996	pathogenic
P48029	G561I	561	0.9937	pathogenic
P48029	G561K	561	0.999	pathogenic
P48029	G561L	561	0.9933	pathogenic
P48029	G561M	561	0.9976	pathogenic
P48029	G561N	561	0.9987	pathogenic
P48029	G561P	561	0.9982	pathogenic
P48029	G561Q	561	0.9981	pathogenic
P48029	G561R	561	0.9971	pathogenic
P48029	G561S	561	0.9709	pathogenic
P48029	G561T	561	0.9916	pathogenic
P48029	G561V	561	0.986	pathogenic
P48029	G561W	561	0.9975	pathogenic
P48029	G561Y	561	0.9976	pathogenic
P48029	W562A	562	0.6179	pathogenic
P48029	W562C	562	0.7857	pathogenic
P48029	W562D	562	0.9915	pathogenic
P48029	W562E	562	0.9795	pathogenic
P48029	W562F	562	0.2811	benign
P48029	W562G	562	0.4774	ambiguous
P48029	W562H	562	0.9386	pathogenic
P48029	W562I	562	0.6299	pathogenic
P48029	W562K	562	0.9721	pathogenic
P48029	W562L	562	0.4188	ambiguous
P48029	W562M	562	0.651	pathogenic
P48029	W562N	562	0.9522	pathogenic
P48029	W562P	562	0.9928	pathogenic
P48029	W562Q	562	0.9608	pathogenic
P48029	W562R	562	0.9498	pathogenic
P48029	W562S	562	0.6675	pathogenic
P48029	W562T	562	0.7069	pathogenic
P48029	W562V	562	0.5149	ambiguous
P48029	W562Y	562	0.5866	pathogenic
P48029	A563C	563	0.1283	benign
P48029	A563D	563	0.8615	pathogenic
P48029	A563E	563	0.859	pathogenic
P48029	A563F	563	0.1313	benign
P48029	A563G	563	0.0654	benign
P48029	A563H	563	0.8431	pathogenic
P48029	A563I	563	0.122	benign
P48029	A563K	563	0.9444	pathogenic
P48029	A563L	563	0.086	benign
P48029	A563M	563	0.1218	benign
P48029	A563N	563	0.6443	pathogenic
P48029	A563P	563	0.8758	pathogenic
P48029	A563Q	563	0.8067	pathogenic
P48029	A563R	563	0.9008	pathogenic
P48029	A563S	563	0.12	benign
P48029	A563T	563	0.0887	benign
P48029	A563V	563	0.0756	benign
P48029	A563W	563	0.5414	ambiguous
P48029	A563Y	563	0.5329	ambiguous
P48029	F564A	564	0.7071	pathogenic
P48029	F564C	564	0.4017	ambiguous
P48029	F564D	564	0.995	pathogenic
P48029	F564E	564	0.9943	pathogenic
P48029	F564G	564	0.8748	pathogenic
P48029	F564H	564	0.9821	pathogenic
P48029	F564I	564	0.5015	ambiguous
P48029	F564K	564	0.9955	pathogenic
P48029	F564L	564	0.5681	pathogenic
P48029	F564M	564	0.3835	ambiguous
P48029	F564N	564	0.9793	pathogenic
P48029	F564P	564	0.9916	pathogenic
P48029	F564Q	564	0.9792	pathogenic
P48029	F564R	564	0.9877	pathogenic
P48029	F564S	564	0.8249	pathogenic
P48029	F564T	564	0.8663	pathogenic
P48029	F564V	564	0.4236	ambiguous
P48029	F564W	564	0.7853	pathogenic
P48029	F564Y	564	0.622	pathogenic
P48029	A565C	565	0.7181	pathogenic
P48029	A565D	565	0.9924	pathogenic
P48029	A565E	565	0.9858	pathogenic
P48029	A565F	565	0.8591	pathogenic
P48029	A565G	565	0.3322	benign
P48029	A565H	565	0.9707	pathogenic
P48029	A565I	565	0.8875	pathogenic
P48029	A565K	565	0.9932	pathogenic
P48029	A565L	565	0.7282	pathogenic
P48029	A565M	565	0.7664	pathogenic
P48029	A565N	565	0.9586	pathogenic
P48029	A565P	565	0.9523	pathogenic
P48029	A565Q	565	0.9273	pathogenic
P48029	A565R	565	0.9698	pathogenic
P48029	A565S	565	0.1705	benign
P48029	A565T	565	0.4301	ambiguous
P48029	A565V	565	0.6577	pathogenic
P48029	A565W	565	0.9812	pathogenic
P48029	A565Y	565	0.9621	pathogenic
P48029	L566A	566	0.2164	benign
P48029	L566C	566	0.3953	ambiguous
P48029	L566D	566	0.9876	pathogenic
P48029	L566E	566	0.9568	pathogenic
P48029	L566F	566	0.1214	benign
P48029	L566G	566	0.3617	ambiguous
P48029	L566H	566	0.9116	pathogenic
P48029	L566I	566	0.1962	benign
P48029	L566K	566	0.9717	pathogenic
P48029	L566M	566	0.1301	benign
P48029	L566N	566	0.8924	pathogenic
P48029	L566P	566	0.9706	pathogenic
P48029	L566Q	566	0.8177	pathogenic
P48029	L566R	566	0.9305	pathogenic
P48029	L566S	566	0.3596	ambiguous
P48029	L566T	566	0.3166	benign
P48029	L566V	566	0.1286	benign
P48029	L566W	566	0.661	pathogenic
P48029	L566Y	566	0.7767	pathogenic
P48029	S567A	567	0.2341	benign
P48029	S567C	567	0.3279	benign
P48029	S567D	567	0.9929	pathogenic
P48029	S567E	567	0.9969	pathogenic
P48029	S567F	567	0.8412	pathogenic
P48029	S567G	567	0.2619	benign
P48029	S567H	567	0.9701	pathogenic
P48029	S567I	567	0.8974	pathogenic
P48029	S567K	567	0.9994	pathogenic
P48029	S567L	567	0.6442	pathogenic
P48029	S567M	567	0.7107	pathogenic
P48029	S567N	567	0.9472	pathogenic
P48029	S567P	567	0.9289	pathogenic
P48029	S567Q	567	0.9872	pathogenic
P48029	S567R	567	0.999	pathogenic
P48029	S567T	567	0.1457	benign
P48029	S567V	567	0.7734	pathogenic
P48029	S567W	567	0.9416	pathogenic
P48029	S567Y	567	0.9626	pathogenic
P48029	S568A	568	0.3743	ambiguous
P48029	S568C	568	0.6633	pathogenic
P48029	S568D	568	0.9945	pathogenic
P48029	S568E	568	0.9964	pathogenic
P48029	S568F	568	0.9887	pathogenic
P48029	S568G	568	0.5854	pathogenic
P48029	S568H	568	0.9913	pathogenic
P48029	S568I	568	0.9695	pathogenic
P48029	S568K	568	0.9994	pathogenic
P48029	S568L	568	0.9445	pathogenic
P48029	S568M	568	0.9606	pathogenic
P48029	S568N	568	0.9818	pathogenic
P48029	S568P	568	0.7734	pathogenic
P48029	S568Q	568	0.9925	pathogenic
P48029	S568R	568	0.9987	pathogenic
P48029	S568T	568	0.577	pathogenic
P48029	S568V	568	0.9149	pathogenic
P48029	S568W	568	0.9903	pathogenic
P48029	S568Y	568	0.9913	pathogenic
P48029	M569A	569	0.8032	pathogenic
P48029	M569C	569	0.8859	pathogenic
P48029	M569D	569	0.9985	pathogenic
P48029	M569E	569	0.9836	pathogenic
P48029	M569F	569	0.8519	pathogenic
P48029	M569G	569	0.9583	pathogenic
P48029	M569H	569	0.9936	pathogenic
P48029	M569I	569	0.7551	pathogenic
P48029	M569K	569	0.9772	pathogenic
P48029	M569L	569	0.4113	ambiguous
P48029	M569N	569	0.9794	pathogenic
P48029	M569P	569	0.9922	pathogenic
P48029	M569Q	569	0.9056	pathogenic
P48029	M569R	569	0.9788	pathogenic
P48029	M569S	569	0.86	pathogenic
P48029	M569T	569	0.8129	pathogenic
P48029	M569V	569	0.2336	benign
P48029	M569W	569	0.9879	pathogenic
P48029	M569Y	569	0.9856	pathogenic
P48029	L570A	570	0.1967	benign
P48029	L570C	570	0.4049	ambiguous
P48029	L570D	570	0.9823	pathogenic
P48029	L570E	570	0.941	pathogenic
P48029	L570F	570	0.1854	benign
P48029	L570G	570	0.4201	ambiguous
P48029	L570H	570	0.8951	pathogenic
P48029	L570I	570	0.1304	benign
P48029	L570K	570	0.9644	pathogenic
P48029	L570M	570	0.1273	benign
P48029	L570N	570	0.8716	pathogenic
P48029	L570P	570	0.9439	pathogenic
P48029	L570Q	570	0.7805	pathogenic
P48029	L570R	570	0.9151	pathogenic
P48029	L570S	570	0.3893	ambiguous
P48029	L570T	570	0.2519	benign
P48029	L570V	570	0.0969	benign
P48029	L570W	570	0.6487	pathogenic
P48029	L570Y	570	0.8184	pathogenic
P48029	C571A	571	0.6249	pathogenic
P48029	C571D	571	0.9963	pathogenic
P48029	C571E	571	0.9978	pathogenic
P48029	C571F	571	0.3655	ambiguous
P48029	C571G	571	0.5348	ambiguous
P48029	C571H	571	0.9855	pathogenic
P48029	C571I	571	0.8193	pathogenic
P48029	C571K	571	0.9993	pathogenic
P48029	C571L	571	0.5093	ambiguous
P48029	C571M	571	0.7039	pathogenic
P48029	C571N	571	0.9658	pathogenic
P48029	C571P	571	0.9504	pathogenic
P48029	C571Q	571	0.9871	pathogenic
P48029	C571R	571	0.9936	pathogenic
P48029	C571S	571	0.6851	pathogenic
P48029	C571T	571	0.8149	pathogenic
P48029	C571V	571	0.6274	pathogenic
P48029	C571W	571	0.875	pathogenic
P48029	C571Y	571	0.8831	pathogenic
P48029	V572A	572	0.6926	pathogenic
P48029	V572C	572	0.8915	pathogenic
P48029	V572D	572	0.9853	pathogenic
P48029	V572E	572	0.9677	pathogenic
P48029	V572F	572	0.4824	ambiguous
P48029	V572G	572	0.6996	pathogenic
P48029	V572H	572	0.9818	pathogenic
P48029	V572I	572	0.0761	benign
P48029	V572K	572	0.977	pathogenic
P48029	V572L	572	0.2314	benign
P48029	V572M	572	0.3593	ambiguous
P48029	V572N	572	0.9382	pathogenic
P48029	V572P	572	0.6639	pathogenic
P48029	V572Q	572	0.9501	pathogenic
P48029	V572R	572	0.9665	pathogenic
P48029	V572S	572	0.8155	pathogenic
P48029	V572T	572	0.747	pathogenic
P48029	V572W	572	0.9729	pathogenic
P48029	V572Y	572	0.9473	pathogenic
P48029	P573A	573	0.6489	pathogenic
P48029	P573C	573	0.9394	pathogenic
P48029	P573D	573	0.9947	pathogenic
P48029	P573E	573	0.9929	pathogenic
P48029	P573F	573	0.9232	pathogenic
P48029	P573G	573	0.8584	pathogenic
P48029	P573H	573	0.9742	pathogenic
P48029	P573I	573	0.7961	pathogenic
P48029	P573K	573	0.9967	pathogenic
P48029	P573L	573	0.6398	pathogenic
P48029	P573M	573	0.9067	pathogenic
P48029	P573N	573	0.9869	pathogenic
P48029	P573Q	573	0.9764	pathogenic
P48029	P573R	573	0.9872	pathogenic
P48029	P573S	573	0.8049	pathogenic
P48029	P573T	573	0.6915	pathogenic
P48029	P573V	573	0.6663	pathogenic
P48029	P573W	573	0.9787	pathogenic
P48029	P573Y	573	0.9752	pathogenic
P48029	L574A	574	0.1313	benign
P48029	L574C	574	0.2839	benign
P48029	L574D	574	0.9682	pathogenic
P48029	L574E	574	0.9054	pathogenic
P48029	L574F	574	0.0951	benign
P48029	L574G	574	0.2582	benign
P48029	L574H	574	0.796	pathogenic
P48029	L574I	574	0.0938	benign
P48029	L574K	574	0.9141	pathogenic
P48029	L574M	574	0.1062	benign
P48029	L574N	574	0.8144	pathogenic
P48029	L574P	574	0.7335	pathogenic
P48029	L574Q	574	0.6853	pathogenic
P48029	L574R	574	0.8238	pathogenic
P48029	L574S	574	0.2654	benign
P48029	L574T	574	0.2004	benign
P48029	L574V	574	0.0741	benign
P48029	L574W	574	0.4131	ambiguous
P48029	L574Y	574	0.6212	pathogenic
P48029	H575A	575	0.2636	benign
P48029	H575C	575	0.137	benign
P48029	H575D	575	0.6147	pathogenic
P48029	H575E	575	0.6231	pathogenic
P48029	H575F	575	0.1665	benign
P48029	H575G	575	0.2832	benign
P48029	H575I	575	0.3164	benign
P48029	H575K	575	0.5857	pathogenic
P48029	H575L	575	0.1406	benign
P48029	H575M	575	0.4029	ambiguous
P48029	H575N	575	0.176	benign
P48029	H575P	575	0.4938	ambiguous
P48029	H575Q	575	0.2687	benign
P48029	H575R	575	0.2855	benign
P48029	H575S	575	0.1729	benign
P48029	H575T	575	0.2189	benign
P48029	H575V	575	0.2094	benign
P48029	H575W	575	0.2765	benign
P48029	H575Y	575	0.062	benign
P48029	L576A	576	0.1901	benign
P48029	L576C	576	0.3691	ambiguous
P48029	L576D	576	0.9789	pathogenic
P48029	L576E	576	0.9441	pathogenic
P48029	L576F	576	0.0873	benign
P48029	L576G	576	0.4407	ambiguous
P48029	L576H	576	0.8302	pathogenic
P48029	L576I	576	0.0856	benign
P48029	L576K	576	0.9531	pathogenic
P48029	L576M	576	0.0994	benign
P48029	L576N	576	0.8641	pathogenic
P48029	L576P	576	0.9167	pathogenic
P48029	L576Q	576	0.7633	pathogenic
P48029	L576R	576	0.8839	pathogenic
P48029	L576S	576	0.4258	ambiguous
P48029	L576T	576	0.2818	benign
P48029	L576V	576	0.0687	benign
P48029	L576W	576	0.4623	ambiguous
P48029	L576Y	576	0.6141	pathogenic
P48029	L577A	577	0.1036	benign
P48029	L577C	577	0.2937	benign
P48029	L577D	577	0.9492	pathogenic
P48029	L577E	577	0.8582	pathogenic
P48029	L577F	577	0.0839	benign
P48029	L577G	577	0.2773	benign
P48029	L577H	577	0.7202	pathogenic
P48029	L577I	577	0.0952	benign
P48029	L577K	577	0.862	pathogenic
P48029	L577M	577	0.1008	benign
P48029	L577N	577	0.8046	pathogenic
P48029	L577P	577	0.6221	pathogenic
P48029	L577Q	577	0.6364	pathogenic
P48029	L577R	577	0.7544	pathogenic
P48029	L577S	577	0.2603	benign
P48029	L577T	577	0.1329	benign
P48029	L577V	577	0.0838	benign
P48029	L577W	577	0.3072	benign
P48029	L577Y	577	0.5544	ambiguous
P48029	G578A	578	0.0765	benign
P48029	G578C	578	0.0967	benign
P48029	G578D	578	0.4298	ambiguous
P48029	G578E	578	0.4152	ambiguous
P48029	G578F	578	0.1261	benign
P48029	G578H	578	0.2514	benign
P48029	G578I	578	0.0955	benign
P48029	G578K	578	0.4263	ambiguous
P48029	G578L	578	0.1245	benign
P48029	G578M	578	0.2152	benign
P48029	G578N	578	0.3352	benign
P48029	G578P	578	0.7986	pathogenic
P48029	G578Q	578	0.3264	benign
P48029	G578R	578	0.2561	benign
P48029	G578S	578	0.0954	benign
P48029	G578T	578	0.1225	benign
P48029	G578V	578	0.0651	benign
P48029	G578W	578	0.132	benign
P48029	G578Y	578	0.1283	benign
P48029	C579A	579	0.1548	benign
P48029	C579D	579	0.3828	ambiguous
P48029	C579E	579	0.3962	ambiguous
P48029	C579F	579	0.1159	benign
P48029	C579G	579	0.0918	benign
P48029	C579H	579	0.137	benign
P48029	C579I	579	0.2574	benign
P48029	C579K	579	0.224	benign
P48029	C579L	579	0.1656	benign
P48029	C579M	579	0.3152	benign
P48029	C579N	579	0.204	benign
P48029	C579P	579	0.7098	pathogenic
P48029	C579Q	579	0.1634	benign
P48029	C579R	579	0.1073	benign
P48029	C579S	579	0.121	benign
P48029	C579T	579	0.2024	benign
P48029	C579V	579	0.1958	benign
P48029	C579W	579	0.2501	benign
P48029	C579Y	579	0.1271	benign
P48029	L580A	580	0.5291	ambiguous
P48029	L580C	580	0.5329	ambiguous
P48029	L580D	580	0.989	pathogenic
P48029	L580E	580	0.9498	pathogenic
P48029	L580F	580	0.0919	benign
P48029	L580G	580	0.7875	pathogenic
P48029	L580H	580	0.7819	pathogenic
P48029	L580I	580	0.1211	benign
P48029	L580K	580	0.9099	pathogenic
P48029	L580M	580	0.1331	benign
P48029	L580N	580	0.9213	pathogenic
P48029	L580P	580	0.9287	pathogenic
P48029	L580Q	580	0.7385	pathogenic
P48029	L580R	580	0.8075	pathogenic
P48029	L580S	580	0.7413	pathogenic
P48029	L580T	580	0.6044	pathogenic
P48029	L580V	580	0.1139	benign
P48029	L580W	580	0.3399	benign
P48029	L580Y	580	0.5516	ambiguous
P48029	L581A	581	0.1497	benign
P48029	L581C	581	0.2015	benign
P48029	L581D	581	0.8346	pathogenic
P48029	L581E	581	0.6119	pathogenic
P48029	L581F	581	0.0637	benign
P48029	L581G	581	0.291	benign
P48029	L581H	581	0.2685	benign
P48029	L581I	581	0.1074	benign
P48029	L581K	581	0.3929	ambiguous
P48029	L581M	581	0.1185	benign
P48029	L581N	581	0.5335	ambiguous
P48029	L581P	581	0.6041	pathogenic
P48029	L581Q	581	0.2279	benign
P48029	L581R	581	0.2107	benign
P48029	L581S	581	0.2199	benign
P48029	L581T	581	0.2431	benign
P48029	L581V	581	0.0906	benign
P48029	L581W	581	0.0934	benign
P48029	L581Y	581	0.2055	benign
P48029	R582A	582	0.1898	benign
P48029	R582C	582	0.1478	benign
P48029	R582D	582	0.4798	ambiguous
P48029	R582E	582	0.2583	benign
P48029	R582F	582	0.3131	benign
P48029	R582G	582	0.1335	benign
P48029	R582H	582	0.0895	benign
P48029	R582I	582	0.2507	benign
P48029	R582K	582	0.0929	benign
P48029	R582L	582	0.1499	benign
P48029	R582M	582	0.2266	benign
P48029	R582N	582	0.3502	ambiguous
P48029	R582P	582	0.5754	pathogenic
P48029	R582Q	582	0.0802	benign
P48029	R582S	582	0.2299	benign
P48029	R582T	582	0.1556	benign
P48029	R582V	582	0.243	benign
P48029	R582W	582	0.1371	benign
P48029	R582Y	582	0.2361	benign
P48029	A583C	583	0.3698	ambiguous
P48029	A583D	583	0.5435	ambiguous
P48029	A583E	583	0.3319	benign
P48029	A583F	583	0.594	pathogenic
P48029	A583G	583	0.1184	benign
P48029	A583H	583	0.5505	ambiguous
P48029	A583I	583	0.52	ambiguous
P48029	A583K	583	0.5579	ambiguous
P48029	A583L	583	0.4089	ambiguous
P48029	A583M	583	0.4063	ambiguous
P48029	A583N	583	0.4306	ambiguous
P48029	A583P	583	0.7965	pathogenic
P48029	A583Q	583	0.3178	benign
P48029	A583R	583	0.444	ambiguous
P48029	A583S	583	0.1059	benign
P48029	A583T	583	0.1099	benign
P48029	A583V	583	0.2345	benign
P48029	A583W	583	0.823	pathogenic
P48029	A583Y	583	0.6411	pathogenic
P48029	K584A	584	0.3574	ambiguous
P48029	K584C	584	0.7339	pathogenic
P48029	K584D	584	0.2833	benign
P48029	K584E	584	0.1085	benign
P48029	K584F	584	0.9485	pathogenic
P48029	K584G	584	0.2952	benign
P48029	K584H	584	0.3146	benign
P48029	K584I	584	0.7996	pathogenic
P48029	K584L	584	0.7381	pathogenic
P48029	K584M	584	0.6231	pathogenic
P48029	K584N	584	0.3714	ambiguous
P48029	K584P	584	0.2414	benign
P48029	K584Q	584	0.1193	benign
P48029	K584R	584	0.0757	benign
P48029	K584S	584	0.3025	benign
P48029	K584T	584	0.2169	benign
P48029	K584V	584	0.6408	pathogenic
P48029	K584W	584	0.83	pathogenic
P48029	K584Y	584	0.8185	pathogenic
P48029	G585A	585	0.7981	pathogenic
P48029	G585C	585	0.9662	pathogenic
P48029	G585D	585	0.9271	pathogenic
P48029	G585E	585	0.9574	pathogenic
P48029	G585F	585	0.9919	pathogenic
P48029	G585H	585	0.9906	pathogenic
P48029	G585I	585	0.9842	pathogenic
P48029	G585K	585	0.9842	pathogenic
P48029	G585L	585	0.9787	pathogenic
P48029	G585M	585	0.987	pathogenic
P48029	G585N	585	0.9643	pathogenic
P48029	G585P	585	0.9938	pathogenic
P48029	G585Q	585	0.9805	pathogenic
P48029	G585R	585	0.9791	pathogenic
P48029	G585S	585	0.8365	pathogenic
P48029	G585T	585	0.9332	pathogenic
P48029	G585V	585	0.9561	pathogenic
P48029	G585W	585	0.986	pathogenic
P48029	G585Y	585	0.9816	pathogenic
P48029	T586A	586	0.1353	benign
P48029	T586C	586	0.3377	benign
P48029	T586D	586	0.2321	benign
P48029	T586E	586	0.441	ambiguous
P48029	T586F	586	0.6847	pathogenic
P48029	T586G	586	0.1315	benign
P48029	T586H	586	0.2645	benign
P48029	T586I	586	0.6991	pathogenic
P48029	T586K	586	0.313	benign
P48029	T586L	586	0.334	benign
P48029	T586M	586	0.3118	benign
P48029	T586N	586	0.0999	benign
P48029	T586P	586	0.1018	benign
P48029	T586Q	586	0.3199	benign
P48029	T586R	586	0.2402	benign
P48029	T586S	586	0.0635	benign
P48029	T586V	586	0.4841	ambiguous
P48029	T586W	586	0.6992	pathogenic
P48029	T586Y	586	0.552	ambiguous
P48029	M587A	587	0.123	benign
P48029	M587C	587	0.4106	ambiguous
P48029	M587D	587	0.803	pathogenic
P48029	M587E	587	0.6379	pathogenic
P48029	M587F	587	0.088	benign
P48029	M587G	587	0.3026	benign
P48029	M587H	587	0.5076	ambiguous
P48029	M587I	587	0.0991	benign
P48029	M587K	587	0.3614	ambiguous
P48029	M587L	587	0.0595	benign
P48029	M587N	587	0.5806	pathogenic
P48029	M587P	587	0.1499	benign
P48029	M587Q	587	0.3895	ambiguous
P48029	M587R	587	0.2635	benign
P48029	M587S	587	0.3313	benign
P48029	M587T	587	0.143	benign
P48029	M587V	587	0.049	benign
P48029	M587W	587	0.206	benign
P48029	M587Y	587	0.3576	ambiguous
P48029	A588C	588	0.3492	ambiguous
P48029	A588D	588	0.2369	benign
P48029	A588E	588	0.1382	benign
P48029	A588F	588	0.2185	benign
P48029	A588G	588	0.0981	benign
P48029	A588H	588	0.209	benign
P48029	A588I	588	0.1431	benign
P48029	A588K	588	0.121	benign
P48029	A588L	588	0.0999	benign
P48029	A588M	588	0.1305	benign
P48029	A588N	588	0.2304	benign
P48029	A588P	588	0.1524	benign
P48029	A588Q	588	0.1232	benign
P48029	A588R	588	0.0985	benign
P48029	A588S	588	0.0971	benign
P48029	A588T	588	0.0777	benign
P48029	A588V	588	0.0839	benign
P48029	A588W	588	0.293	benign
P48029	A588Y	588	0.2621	benign
P48029	E589A	589	0.2754	benign
P48029	E589C	589	0.9387	pathogenic
P48029	E589D	589	0.3944	ambiguous
P48029	E589F	589	0.9381	pathogenic
P48029	E589G	589	0.3734	ambiguous
P48029	E589H	589	0.7167	pathogenic
P48029	E589I	589	0.724	pathogenic
P48029	E589K	589	0.3534	ambiguous
P48029	E589L	589	0.6523	pathogenic
P48029	E589M	589	0.6512	pathogenic
P48029	E589N	589	0.6849	pathogenic
P48029	E589P	589	0.9518	pathogenic
P48029	E589Q	589	0.1084	benign
P48029	E589R	589	0.4017	ambiguous
P48029	E589S	589	0.4213	ambiguous
P48029	E589T	589	0.4689	ambiguous
P48029	E589V	589	0.4516	ambiguous
P48029	E589W	589	0.9718	pathogenic
P48029	E589Y	589	0.8821	pathogenic
P48029	R590A	590	0.9479	pathogenic
P48029	R590C	590	0.8455	pathogenic
P48029	R590D	590	0.9896	pathogenic
P48029	R590E	590	0.9484	pathogenic
P48029	R590F	590	0.9959	pathogenic
P48029	R590G	590	0.9487	pathogenic
P48029	R590H	590	0.8604	pathogenic
P48029	R590I	590	0.9348	pathogenic
P48029	R590K	590	0.5131	ambiguous
P48029	R590L	590	0.9216	pathogenic
P48029	R590M	590	0.9776	pathogenic
P48029	R590N	590	0.9747	pathogenic
P48029	R590P	590	0.9952	pathogenic
P48029	R590Q	590	0.6061	pathogenic
P48029	R590S	590	0.9825	pathogenic
P48029	R590T	590	0.9515	pathogenic
P48029	R590V	590	0.9078	pathogenic
P48029	R590W	590	0.9569	pathogenic
P48029	R590Y	590	0.9763	pathogenic
P48029	W591A	591	0.8904	pathogenic
P48029	W591C	591	0.8781	pathogenic
P48029	W591D	591	0.9986	pathogenic
P48029	W591E	591	0.995	pathogenic
P48029	W591F	591	0.2362	benign
P48029	W591G	591	0.8458	pathogenic
P48029	W591H	591	0.9743	pathogenic
P48029	W591I	591	0.5931	pathogenic
P48029	W591K	591	0.9882	pathogenic
P48029	W591L	591	0.3861	ambiguous
P48029	W591M	591	0.7371	pathogenic
P48029	W591N	591	0.9952	pathogenic
P48029	W591P	591	0.9961	pathogenic
P48029	W591Q	591	0.9836	pathogenic
P48029	W591R	591	0.9704	pathogenic
P48029	W591S	591	0.943	pathogenic
P48029	W591T	591	0.9359	pathogenic
P48029	W591V	591	0.6137	pathogenic
P48029	W591Y	591	0.6186	pathogenic
P48029	Q592A	592	0.1517	benign
P48029	Q592C	592	0.3171	benign
P48029	Q592D	592	0.3311	benign
P48029	Q592E	592	0.1068	benign
P48029	Q592F	592	0.4193	ambiguous
P48029	Q592G	592	0.1961	benign
P48029	Q592H	592	0.1078	benign
P48029	Q592I	592	0.2946	benign
P48029	Q592K	592	0.0828	benign
P48029	Q592L	592	0.1051	benign
P48029	Q592M	592	0.3042	benign
P48029	Q592N	592	0.2264	benign
P48029	Q592P	592	0.6447	pathogenic
P48029	Q592R	592	0.0606	benign
P48029	Q592S	592	0.1971	benign
P48029	Q592T	592	0.1933	benign
P48029	Q592V	592	0.2063	benign
P48029	Q592W	592	0.3103	benign
P48029	Q592Y	592	0.261	benign
P48029	H593A	593	0.1974	benign
P48029	H593C	593	0.1959	benign
P48029	H593D	593	0.2773	benign
P48029	H593E	593	0.2403	benign
P48029	H593F	593	0.1938	benign
P48029	H593G	593	0.3162	benign
P48029	H593I	593	0.2	benign
P48029	H593K	593	0.1682	benign
P48029	H593L	593	0.1008	benign
P48029	H593M	593	0.3069	benign
P48029	H593N	593	0.1489	benign
P48029	H593P	593	0.7654	pathogenic
P48029	H593Q	593	0.1212	benign
P48029	H593R	593	0.0809	benign
P48029	H593S	593	0.2119	benign
P48029	H593T	593	0.1964	benign
P48029	H593V	593	0.164	benign
P48029	H593W	593	0.3018	benign
P48029	H593Y	593	0.0877	benign
P48029	L594A	594	0.5059	ambiguous
P48029	L594C	594	0.6371	pathogenic
P48029	L594D	594	0.9789	pathogenic
P48029	L594E	594	0.8844	pathogenic
P48029	L594F	594	0.4969	ambiguous
P48029	L594G	594	0.8476	pathogenic
P48029	L594H	594	0.7113	pathogenic
P48029	L594I	594	0.288	benign
P48029	L594K	594	0.8151	pathogenic
P48029	L594M	594	0.233	benign
P48029	L594N	594	0.8308	pathogenic
P48029	L594P	594	0.9862	pathogenic
P48029	L594Q	594	0.5391	ambiguous
P48029	L594R	594	0.645	pathogenic
P48029	L594S	594	0.7074	pathogenic
P48029	L594T	594	0.5947	pathogenic
P48029	L594V	594	0.1971	benign
P48029	L594W	594	0.7854	pathogenic
P48029	L594Y	594	0.7777	pathogenic
P48029	T595A	595	0.3281	benign
P48029	T595C	595	0.4372	ambiguous
P48029	T595D	595	0.9759	pathogenic
P48029	T595E	595	0.9377	pathogenic
P48029	T595F	595	0.8269	pathogenic
P48029	T595G	595	0.6445	pathogenic
P48029	T595H	595	0.8355	pathogenic
P48029	T595I	595	0.528	ambiguous
P48029	T595K	595	0.7253	pathogenic
P48029	T595L	595	0.2879	benign
P48029	T595M	595	0.2683	benign
P48029	T595N	595	0.8105	pathogenic
P48029	T595P	595	0.9156	pathogenic
P48029	T595Q	595	0.6471	pathogenic
P48029	T595R	595	0.5896	pathogenic
P48029	T595S	595	0.3594	ambiguous
P48029	T595V	595	0.346	ambiguous
P48029	T595W	595	0.9273	pathogenic
P48029	T595Y	595	0.923	pathogenic
P48029	Q596A	596	0.2209	benign
P48029	Q596C	596	0.477	ambiguous
P48029	Q596D	596	0.5554	ambiguous
P48029	Q596E	596	0.1038	benign
P48029	Q596F	596	0.7294	pathogenic
P48029	Q596G	596	0.3791	ambiguous
P48029	Q596H	596	0.1976	benign
P48029	Q596I	596	0.4529	ambiguous
P48029	Q596K	596	0.0805	benign
P48029	Q596L	596	0.1823	benign
P48029	Q596M	596	0.3684	ambiguous
P48029	Q596N	596	0.3828	ambiguous
P48029	Q596P	596	0.8776	pathogenic
P48029	Q596R	596	0.0772	benign
P48029	Q596S	596	0.263	benign
P48029	Q596T	596	0.1333	benign
P48029	Q596V	596	0.2447	benign
P48029	Q596W	596	0.6215	pathogenic
P48029	Q596Y	596	0.5393	ambiguous
P48029	P597A	597	0.8474	pathogenic
P48029	P597C	597	0.994	pathogenic
P48029	P597D	597	0.9934	pathogenic
P48029	P597E	597	0.9905	pathogenic
P48029	P597F	597	0.9983	pathogenic
P48029	P597G	597	0.9473	pathogenic
P48029	P597H	597	0.9878	pathogenic
P48029	P597I	597	0.9946	pathogenic
P48029	P597K	597	0.9917	pathogenic
P48029	P597L	597	0.9828	pathogenic
P48029	P597M	597	0.9956	pathogenic
P48029	P597N	597	0.9917	pathogenic
P48029	P597Q	597	0.9847	pathogenic
P48029	P597R	597	0.9744	pathogenic
P48029	P597S	597	0.9706	pathogenic
P48029	P597T	597	0.9653	pathogenic
P48029	P597V	597	0.9738	pathogenic
P48029	P597W	597	0.9988	pathogenic
P48029	P597Y	597	0.9961	pathogenic
P48029	I598A	598	0.2689	benign
P48029	I598C	598	0.5251	ambiguous
P48029	I598D	598	0.5434	ambiguous
P48029	I598E	598	0.3244	benign
P48029	I598F	598	0.2255	benign
P48029	I598G	598	0.5874	pathogenic
P48029	I598H	598	0.3457	ambiguous
P48029	I598K	598	0.2504	benign
P48029	I598L	598	0.1124	benign
P48029	I598M	598	0.1439	benign
P48029	I598N	598	0.2642	benign
P48029	I598P	598	0.8975	pathogenic
P48029	I598Q	598	0.2219	benign
P48029	I598R	598	0.163	benign
P48029	I598S	598	0.275	benign
P48029	I598T	598	0.2433	benign
P48029	I598V	598	0.0514	benign
P48029	I598W	598	0.7682	pathogenic
P48029	I598Y	598	0.4749	ambiguous
P48029	W599A	599	0.9645	pathogenic
P48029	W599C	599	0.9773	pathogenic
P48029	W599D	599	0.9926	pathogenic
P48029	W599E	599	0.9909	pathogenic
P48029	W599F	599	0.4739	ambiguous
P48029	W599G	599	0.9242	pathogenic
P48029	W599H	599	0.977	pathogenic
P48029	W599I	599	0.9549	pathogenic
P48029	W599K	599	0.994	pathogenic
P48029	W599L	599	0.7617	pathogenic
P48029	W599M	599	0.9411	pathogenic
P48029	W599N	599	0.995	pathogenic
P48029	W599P	599	0.9704	pathogenic
P48029	W599Q	599	0.991	pathogenic
P48029	W599R	599	0.9824	pathogenic
P48029	W599S	599	0.9679	pathogenic
P48029	W599T	599	0.9666	pathogenic
P48029	W599V	599	0.9355	pathogenic
P48029	W599Y	599	0.7798	pathogenic
P48029	G600A	600	0.3662	ambiguous
P48029	G600C	600	0.661	pathogenic
P48029	G600D	600	0.7637	pathogenic
P48029	G600E	600	0.7848	pathogenic
P48029	G600F	600	0.9511	pathogenic
P48029	G600H	600	0.8317	pathogenic
P48029	G600I	600	0.9216	pathogenic
P48029	G600K	600	0.8793	pathogenic
P48029	G600L	600	0.8821	pathogenic
P48029	G600M	600	0.9119	pathogenic
P48029	G600N	600	0.6853	pathogenic
P48029	G600P	600	0.9638	pathogenic
P48029	G600Q	600	0.7512	pathogenic
P48029	G600R	600	0.8175	pathogenic
P48029	G600S	600	0.259	benign
P48029	G600T	600	0.5719	pathogenic
P48029	G600V	600	0.8141	pathogenic
P48029	G600W	600	0.9366	pathogenic
P48029	G600Y	600	0.9016	pathogenic
P48029	L601A	601	0.1496	benign
P48029	L601C	601	0.4432	ambiguous
P48029	L601D	601	0.4558	ambiguous
P48029	L601E	601	0.2241	benign
P48029	L601F	601	0.1542	benign
P48029	L601G	601	0.3498	ambiguous
P48029	L601H	601	0.1829	benign
P48029	L601I	601	0.1152	benign
P48029	L601K	601	0.1821	benign
P48029	L601M	601	0.1128	benign
P48029	L601N	601	0.2882	benign
P48029	L601P	601	0.1099	benign
P48029	L601Q	601	0.1016	benign
P48029	L601R	601	0.1232	benign
P48029	L601S	601	0.2009	benign
P48029	L601T	601	0.1908	benign
P48029	L601V	601	0.0921	benign
P48029	L601W	601	0.2374	benign
P48029	L601Y	601	0.3167	benign
P48029	H602A	602	0.9024	pathogenic
P48029	H602C	602	0.7718	pathogenic
P48029	H602D	602	0.9018	pathogenic
P48029	H602E	602	0.8866	pathogenic
P48029	H602F	602	0.897	pathogenic
P48029	H602G	602	0.9168	pathogenic
P48029	H602I	602	0.9722	pathogenic
P48029	H602K	602	0.9399	pathogenic
P48029	H602L	602	0.8613	pathogenic
P48029	H602M	602	0.9714	pathogenic
P48029	H602N	602	0.7968	pathogenic
P48029	H602P	602	0.4351	ambiguous
P48029	H602Q	602	0.828	pathogenic
P48029	H602R	602	0.8008	pathogenic
P48029	H602S	602	0.8699	pathogenic
P48029	H602T	602	0.9642	pathogenic
P48029	H602V	602	0.9605	pathogenic
P48029	H602W	602	0.7617	pathogenic
P48029	H602Y	602	0.6688	pathogenic
P48029	H603A	603	0.9583	pathogenic
P48029	H603C	603	0.8151	pathogenic
P48029	H603D	603	0.9646	pathogenic
P48029	H603E	603	0.9552	pathogenic
P48029	H603F	603	0.907	pathogenic
P48029	H603G	603	0.9793	pathogenic
P48029	H603I	603	0.9373	pathogenic
P48029	H603K	603	0.9833	pathogenic
P48029	H603L	603	0.7584	pathogenic
P48029	H603M	603	0.9418	pathogenic
P48029	H603N	603	0.8802	pathogenic
P48029	H603P	603	0.8926	pathogenic
P48029	H603Q	603	0.8873	pathogenic
P48029	H603R	603	0.9655	pathogenic
P48029	H603S	603	0.9508	pathogenic
P48029	H603T	603	0.9699	pathogenic
P48029	H603V	603	0.9265	pathogenic
P48029	H603W	603	0.9147	pathogenic
P48029	H603Y	603	0.8303	pathogenic
P48029	L604A	604	0.4292	ambiguous
P48029	L604C	604	0.7299	pathogenic
P48029	L604D	604	0.9067	pathogenic
P48029	L604E	604	0.5025	ambiguous
P48029	L604F	604	0.3327	benign
P48029	L604G	604	0.7811	pathogenic
P48029	L604H	604	0.5086	ambiguous
P48029	L604I	604	0.1605	benign
P48029	L604K	604	0.3813	ambiguous
P48029	L604M	604	0.1384	benign
P48029	L604N	604	0.7855	pathogenic
P48029	L604P	604	0.8752	pathogenic
P48029	L604Q	604	0.2352	benign
P48029	L604R	604	0.2678	benign
P48029	L604S	604	0.686	pathogenic
P48029	L604T	604	0.4449	ambiguous
P48029	L604V	604	0.1181	benign
P48029	L604W	604	0.4384	ambiguous
P48029	L604Y	604	0.6209	pathogenic
P48029	E605A	605	0.4678	ambiguous
P48029	E605C	605	0.9593	pathogenic
P48029	E605D	605	0.5005	ambiguous
P48029	E605F	605	0.9754	pathogenic
P48029	E605G	605	0.5876	pathogenic
P48029	E605H	605	0.8192	pathogenic
P48029	E605I	605	0.9098	pathogenic
P48029	E605K	605	0.7658	pathogenic
P48029	E605L	605	0.8787	pathogenic
P48029	E605M	605	0.9156	pathogenic
P48029	E605N	605	0.7872	pathogenic
P48029	E605P	605	0.8936	pathogenic
P48029	E605Q	605	0.3112	benign
P48029	E605R	605	0.6878	pathogenic
P48029	E605S	605	0.6198	pathogenic
P48029	E605T	605	0.7352	pathogenic
P48029	E605V	605	0.763	pathogenic
P48029	E605W	605	0.9893	pathogenic
P48029	E605Y	605	0.9416	pathogenic
P48029	Y606A	606	0.8424	pathogenic
P48029	Y606C	606	0.6062	pathogenic
P48029	Y606D	606	0.8418	pathogenic
P48029	Y606E	606	0.9172	pathogenic
P48029	Y606F	606	0.1854	benign
P48029	Y606G	606	0.7408	pathogenic
P48029	Y606H	606	0.7437	pathogenic
P48029	Y606I	606	0.8367	pathogenic
P48029	Y606K	606	0.9302	pathogenic
P48029	Y606L	606	0.7428	pathogenic
P48029	Y606M	606	0.8323	pathogenic
P48029	Y606N	606	0.6796	pathogenic
P48029	Y606P	606	0.9604	pathogenic
P48029	Y606Q	606	0.903	pathogenic
P48029	Y606R	606	0.8811	pathogenic
P48029	Y606S	606	0.7592	pathogenic
P48029	Y606T	606	0.8559	pathogenic
P48029	Y606V	606	0.6989	pathogenic
P48029	Y606W	606	0.6856	pathogenic
P48029	R607A	607	0.4356	ambiguous
P48029	R607C	607	0.2797	benign
P48029	R607D	607	0.7503	pathogenic
P48029	R607E	607	0.3937	ambiguous
P48029	R607F	607	0.6347	pathogenic
P48029	R607G	607	0.3585	ambiguous
P48029	R607H	607	0.1621	benign
P48029	R607I	607	0.4006	ambiguous
P48029	R607K	607	0.1029	benign
P48029	R607L	607	0.2388	benign
P48029	R607M	607	0.3156	benign
P48029	R607N	607	0.7028	pathogenic
P48029	R607P	607	0.737	pathogenic
P48029	R607Q	607	0.1008	benign
P48029	R607S	607	0.5739	pathogenic
P48029	R607T	607	0.3422	ambiguous
P48029	R607V	607	0.3887	ambiguous
P48029	R607W	607	0.2942	benign
P48029	R607Y	607	0.5138	ambiguous
P48029	A608C	608	0.3229	benign
P48029	A608D	608	0.3136	benign
P48029	A608E	608	0.2357	benign
P48029	A608F	608	0.3364	benign
P48029	A608G	608	0.122	benign
P48029	A608H	608	0.3526	ambiguous
P48029	A608I	608	0.2366	benign
P48029	A608K	608	0.4276	ambiguous
P48029	A608L	608	0.1511	benign
P48029	A608M	608	0.1999	benign
P48029	A608N	608	0.2417	benign
P48029	A608P	608	0.2708	benign
P48029	A608Q	608	0.226	benign
P48029	A608R	608	0.3344	benign
P48029	A608S	608	0.0866	benign
P48029	A608T	608	0.0896	benign
P48029	A608V	608	0.114	benign
P48029	A608W	608	0.6348	pathogenic
P48029	A608Y	608	0.4211	ambiguous
P48029	Q609A	609	0.1258	benign
P48029	Q609C	609	0.5607	ambiguous
P48029	Q609D	609	0.2433	benign
P48029	Q609E	609	0.0831	benign
P48029	Q609F	609	0.659	pathogenic
P48029	Q609G	609	0.1576	benign
P48029	Q609H	609	0.1768	benign
P48029	Q609I	609	0.405	ambiguous
P48029	Q609K	609	0.0958	benign
P48029	Q609L	609	0.1611	benign
P48029	Q609M	609	0.3458	ambiguous
P48029	Q609N	609	0.213	benign
P48029	Q609P	609	0.0757	benign
P48029	Q609R	609	0.0961	benign
P48029	Q609S	609	0.1514	benign
P48029	Q609T	609	0.1494	benign
P48029	Q609V	609	0.2272	benign
P48029	Q609W	609	0.5459	ambiguous
P48029	Q609Y	609	0.4752	ambiguous
P48029	D610A	610	0.1711	benign
P48029	D610C	610	0.5901	pathogenic
P48029	D610E	610	0.1196	benign
P48029	D610F	610	0.5724	pathogenic
P48029	D610G	610	0.1267	benign
P48029	D610H	610	0.2815	benign
P48029	D610I	610	0.4187	ambiguous
P48029	D610K	610	0.3868	ambiguous
P48029	D610L	610	0.3727	ambiguous
P48029	D610M	610	0.5741	pathogenic
P48029	D610N	610	0.1398	benign
P48029	D610P	610	0.3839	ambiguous
P48029	D610Q	610	0.2764	benign
P48029	D610R	610	0.374	ambiguous
P48029	D610S	610	0.1623	benign
P48029	D610T	610	0.238	benign
P48029	D610V	610	0.2253	benign
P48029	D610W	610	0.8124	pathogenic
P48029	D610Y	610	0.2862	benign
P48029	A611C	611	0.1806	benign
P48029	A611D	611	0.1303	benign
P48029	A611E	611	0.1484	benign
P48029	A611F	611	0.2231	benign
P48029	A611G	611	0.077	benign
P48029	A611H	611	0.2068	benign
P48029	A611I	611	0.1555	benign
P48029	A611K	611	0.253	benign
P48029	A611L	611	0.1208	benign
P48029	A611M	611	0.1503	benign
P48029	A611N	611	0.1303	benign
P48029	A611P	611	0.1135	benign
P48029	A611Q	611	0.1781	benign
P48029	A611R	611	0.2141	benign
P48029	A611S	611	0.069	benign
P48029	A611T	611	0.0671	benign
P48029	A611V	611	0.0894	benign
P48029	A611W	611	0.3623	ambiguous
P48029	A611Y	611	0.25	benign
P48029	D612A	612	0.1756	benign
P48029	D612C	612	0.6271	pathogenic
P48029	D612E	612	0.1354	benign
P48029	D612F	612	0.6683	pathogenic
P48029	D612G	612	0.1646	benign
P48029	D612H	612	0.2995	benign
P48029	D612I	612	0.495	ambiguous
P48029	D612K	612	0.4153	ambiguous
P48029	D612L	612	0.4556	ambiguous
P48029	D612M	612	0.6344	pathogenic
P48029	D612N	612	0.131	benign
P48029	D612P	612	0.4209	ambiguous
P48029	D612Q	612	0.3005	benign
P48029	D612R	612	0.3835	ambiguous
P48029	D612S	612	0.1326	benign
P48029	D612T	612	0.2446	benign
P48029	D612V	612	0.2837	benign
P48029	D612W	612	0.8715	pathogenic
P48029	D612Y	612	0.3811	ambiguous
P48029	V613A	613	0.1179	benign
P48029	V613C	613	0.4151	ambiguous
P48029	V613D	613	0.1842	benign
P48029	V613E	613	0.1868	benign
P48029	V613F	613	0.1084	benign
P48029	V613G	613	0.1015	benign
P48029	V613H	613	0.3138	benign
P48029	V613I	613	0.0768	benign
P48029	V613K	613	0.2711	benign
P48029	V613L	613	0.1196	benign
P48029	V613M	613	0.1141	benign
P48029	V613N	613	0.1673	benign
P48029	V613P	613	0.24	benign
P48029	V613Q	613	0.2007	benign
P48029	V613R	613	0.2122	benign
P48029	V613S	613	0.1344	benign
P48029	V613T	613	0.1463	benign
P48029	V613W	613	0.5174	ambiguous
P48029	V613Y	613	0.331	benign
P48029	R614A	614	0.2187	benign
P48029	R614C	614	0.2009	benign
P48029	R614D	614	0.3798	ambiguous
P48029	R614E	614	0.207	benign
P48029	R614F	614	0.5068	ambiguous
P48029	R614G	614	0.1339	benign
P48029	R614H	614	0.1125	benign
P48029	R614I	614	0.3253	benign
P48029	R614K	614	0.0916	benign
P48029	R614L	614	0.1983	benign
P48029	R614M	614	0.2988	benign
P48029	R614N	614	0.4126	ambiguous
P48029	R614P	614	0.2025	benign
P48029	R614Q	614	0.087	benign
P48029	R614S	614	0.291	benign
P48029	R614T	614	0.1844	benign
P48029	R614V	614	0.2998	benign
P48029	R614W	614	0.2189	benign
P48029	R614Y	614	0.375	ambiguous
P48029	G615A	615	0.1016	benign
P48029	G615C	615	0.1565	benign
P48029	G615D	615	0.1639	benign
P48029	G615E	615	0.1879	benign
P48029	G615F	615	0.4416	ambiguous
P48029	G615H	615	0.2744	benign
P48029	G615I	615	0.2409	benign
P48029	G615K	615	0.4357	ambiguous
P48029	G615L	615	0.2944	benign
P48029	G615M	615	0.3687	ambiguous
P48029	G615N	615	0.1949	benign
P48029	G615P	615	0.3682	ambiguous
P48029	G615Q	615	0.271	benign
P48029	G615R	615	0.3293	benign
P48029	G615S	615	0.085	benign
P48029	G615T	615	0.1152	benign
P48029	G615V	615	0.1488	benign
P48029	G615W	615	0.358	ambiguous
P48029	G615Y	615	0.3279	benign
P48029	L616A	616	0.3265	benign
P48029	L616C	616	0.595	pathogenic
P48029	L616D	616	0.6839	pathogenic
P48029	L616E	616	0.4455	ambiguous
P48029	L616F	616	0.1752	benign
P48029	L616G	616	0.5191	ambiguous
P48029	L616H	616	0.3714	ambiguous
P48029	L616I	616	0.1322	benign
P48029	L616K	616	0.41	ambiguous
P48029	L616M	616	0.1328	benign
P48029	L616N	616	0.5007	ambiguous
P48029	L616P	616	0.2857	benign
P48029	L616Q	616	0.2622	benign
P48029	L616R	616	0.301	benign
P48029	L616S	616	0.4566	ambiguous
P48029	L616T	616	0.3804	ambiguous
P48029	L616V	616	0.1275	benign
P48029	L616W	616	0.3401	ambiguous
P48029	L616Y	616	0.4637	ambiguous
P48029	T617A	617	0.0847	benign
P48029	T617C	617	0.376	ambiguous
P48029	T617D	617	0.3345	benign
P48029	T617E	617	0.307	benign
P48029	T617F	617	0.4175	ambiguous
P48029	T617G	617	0.1478	benign
P48029	T617H	617	0.2239	benign
P48029	T617I	617	0.4292	ambiguous
P48029	T617K	617	0.2892	benign
P48029	T617L	617	0.179	benign
P48029	T617M	617	0.1667	benign
P48029	T617N	617	0.1514	benign
P48029	T617P	617	0.1051	benign
P48029	T617Q	617	0.2133	benign
P48029	T617R	617	0.2217	benign
P48029	T617S	617	0.1034	benign
P48029	T617V	617	0.2714	benign
P48029	T617W	617	0.6455	pathogenic
P48029	T617Y	617	0.4073	ambiguous
P48029	T618A	618	0.0687	benign
P48029	T618C	618	0.328	benign
P48029	T618D	618	0.2938	benign
P48029	T618E	618	0.3004	benign
P48029	T618F	618	0.3118	benign
P48029	T618G	618	0.1403	benign
P48029	T618H	618	0.2026	benign
P48029	T618I	618	0.2971	benign
P48029	T618K	618	0.3168	benign
P48029	T618L	618	0.1438	benign
P48029	T618M	618	0.1329	benign
P48029	T618N	618	0.1236	benign
P48029	T618P	618	0.0858	benign
P48029	T618Q	618	0.2182	benign
P48029	T618R	618	0.2349	benign
P48029	T618S	618	0.0782	benign
P48029	T618V	618	0.1819	benign
P48029	T618W	618	0.5713	pathogenic
P48029	T618Y	618	0.3324	benign
P48029	L619A	619	0.2461	benign
P48029	L619C	619	0.5961	pathogenic
P48029	L619D	619	0.6389	pathogenic
P48029	L619E	619	0.4008	ambiguous
P48029	L619F	619	0.1731	benign
P48029	L619G	619	0.4707	ambiguous
P48029	L619H	619	0.3624	ambiguous
P48029	L619I	619	0.1251	benign
P48029	L619K	619	0.4005	ambiguous
P48029	L619M	619	0.12	benign
P48029	L619N	619	0.4922	ambiguous
P48029	L619P	619	0.2533	benign
P48029	L619Q	619	0.233	benign
P48029	L619R	619	0.2817	benign
P48029	L619S	619	0.3705	ambiguous
P48029	L619T	619	0.3044	benign
P48029	L619V	619	0.1009	benign
P48029	L619W	619	0.3244	benign
P48029	L619Y	619	0.433	ambiguous
P48029	T620A	620	0.0989	benign
P48029	T620C	620	0.4113	ambiguous
P48029	T620D	620	0.3925	ambiguous
P48029	T620E	620	0.3295	benign
P48029	T620F	620	0.3253	benign
P48029	T620G	620	0.1912	benign
P48029	T620H	620	0.2269	benign
P48029	T620I	620	0.3226	benign
P48029	T620K	620	0.3138	benign
P48029	T620L	620	0.1426	benign
P48029	T620M	620	0.1409	benign
P48029	T620N	620	0.1627	benign
P48029	T620P	620	0.0948	benign
P48029	T620Q	620	0.2156	benign
P48029	T620R	620	0.2577	benign
P48029	T620S	620	0.0972	benign
P48029	T620V	620	0.2347	benign
P48029	T620W	620	0.5776	pathogenic
P48029	T620Y	620	0.3612	ambiguous
P48029	P621A	621	0.1236	benign
P48029	P621C	621	0.6951	pathogenic
P48029	P621D	621	0.5099	ambiguous
P48029	P621E	621	0.387	ambiguous
P48029	P621F	621	0.7706	pathogenic
P48029	P621G	621	0.352	ambiguous
P48029	P621H	621	0.3474	ambiguous
P48029	P621I	621	0.638	pathogenic
P48029	P621K	621	0.5301	ambiguous
P48029	P621L	621	0.3231	benign
P48029	P621M	621	0.5795	pathogenic
P48029	P621N	621	0.4999	ambiguous
P48029	P621Q	621	0.288	benign
P48029	P621R	621	0.308	benign
P48029	P621S	621	0.2019	benign
P48029	P621T	621	0.1929	benign
P48029	P621V	621	0.3623	ambiguous
P48029	P621W	621	0.8317	pathogenic
P48029	P621Y	621	0.6983	pathogenic
P48029	V622A	622	0.1228	benign
P48029	V622C	622	0.5432	ambiguous
P48029	V622D	622	0.2384	benign
P48029	V622E	622	0.2456	benign
P48029	V622F	622	0.1405	benign
P48029	V622G	622	0.1153	benign
P48029	V622H	622	0.4251	ambiguous
P48029	V622I	622	0.0864	benign
P48029	V622K	622	0.3881	ambiguous
P48029	V622L	622	0.133	benign
P48029	V622M	622	0.1429	benign
P48029	V622N	622	0.2252	benign
P48029	V622P	622	0.2337	benign
P48029	V622Q	622	0.2707	benign
P48029	V622R	622	0.3201	benign
P48029	V622S	622	0.1485	benign
P48029	V622T	622	0.1747	benign
P48029	V622W	622	0.6815	pathogenic
P48029	V622Y	622	0.4399	ambiguous
P48029	S623A	623	0.0746	benign
P48029	S623C	623	0.1221	benign
P48029	S623D	623	0.3591	ambiguous
P48029	S623E	623	0.3946	ambiguous
P48029	S623F	623	0.3066	benign
P48029	S623G	623	0.0915	benign
P48029	S623H	623	0.3483	ambiguous
P48029	S623I	623	0.2825	benign
P48029	S623K	623	0.6223	pathogenic
P48029	S623L	623	0.1319	benign
P48029	S623M	623	0.2284	benign
P48029	S623N	623	0.1791	benign
P48029	S623P	623	0.1133	benign
P48029	S623Q	623	0.4085	ambiguous
P48029	S623R	623	0.5466	ambiguous
P48029	S623T	623	0.076	benign
P48029	S623V	623	0.1982	benign
P48029	S623W	623	0.3747	ambiguous
P48029	S623Y	623	0.2833	benign
P48029	E624A	624	0.2241	benign
P48029	E624C	624	0.8131	pathogenic
P48029	E624D	624	0.0764	benign
P48029	E624F	624	0.8123	pathogenic
P48029	E624G	624	0.1756	benign
P48029	E624H	624	0.4474	ambiguous
P48029	E624I	624	0.6337	pathogenic
P48029	E624K	624	0.3035	benign
P48029	E624L	624	0.575	pathogenic
P48029	E624M	624	0.6812	pathogenic
P48029	E624N	624	0.2724	benign
P48029	E624P	624	0.4045	ambiguous
P48029	E624Q	624	0.187	benign
P48029	E624R	624	0.3473	ambiguous
P48029	E624S	624	0.201	benign
P48029	E624T	624	0.3073	benign
P48029	E624V	624	0.3948	ambiguous
P48029	E624W	624	0.9064	pathogenic
P48029	E624Y	624	0.6635	pathogenic
P48029	S625A	625	0.0969	benign
P48029	S625C	625	0.1255	benign
P48029	S625D	625	0.2073	benign
P48029	S625E	625	0.3232	benign
P48029	S625F	625	0.3616	ambiguous
P48029	S625G	625	0.0719	benign
P48029	S625H	625	0.279	benign
P48029	S625I	625	0.2668	benign
P48029	S625K	625	0.5586	ambiguous
P48029	S625L	625	0.2055	benign
P48029	S625M	625	0.2737	benign
P48029	S625N	625	0.0977	benign
P48029	S625P	625	0.1694	benign
P48029	S625Q	625	0.3746	ambiguous
P48029	S625R	625	0.5021	ambiguous
P48029	S625T	625	0.0822	benign
P48029	S625V	625	0.2289	benign
P48029	S625W	625	0.4644	ambiguous
P48029	S625Y	625	0.2681	benign
P48029	S626A	626	0.1043	benign
P48029	S626C	626	0.1371	benign
P48029	S626D	626	0.3694	ambiguous
P48029	S626E	626	0.478	ambiguous
P48029	S626F	626	0.5353	ambiguous
P48029	S626G	626	0.0783	benign
P48029	S626H	626	0.4037	ambiguous
P48029	S626I	626	0.4595	ambiguous
P48029	S626K	626	0.7276	pathogenic
P48029	S626L	626	0.2593	benign
P48029	S626M	626	0.3828	ambiguous
P48029	S626N	626	0.1492	benign
P48029	S626P	626	0.2025	benign
P48029	S626Q	626	0.4834	ambiguous
P48029	S626R	626	0.6322	pathogenic
P48029	S626T	626	0.0991	benign
P48029	S626V	626	0.3336	benign
P48029	S626W	626	0.5461	ambiguous
P48029	S626Y	626	0.4012	ambiguous
P48029	K627A	627	0.6734	pathogenic
P48029	K627C	627	0.8856	pathogenic
P48029	K627D	627	0.786	pathogenic
P48029	K627E	627	0.489	ambiguous
P48029	K627F	627	0.9706	pathogenic
P48029	K627G	627	0.7011	pathogenic
P48029	K627H	627	0.5532	ambiguous
P48029	K627I	627	0.8708	pathogenic
P48029	K627L	627	0.7881	pathogenic
P48029	K627M	627	0.7256	pathogenic
P48029	K627N	627	0.8041	pathogenic
P48029	K627P	627	0.7532	pathogenic
P48029	K627Q	627	0.3069	benign
P48029	K627R	627	0.104	benign
P48029	K627S	627	0.7452	pathogenic
P48029	K627T	627	0.4891	ambiguous
P48029	K627V	627	0.762	pathogenic
P48029	K627W	627	0.9455	pathogenic
P48029	K627Y	627	0.9175	pathogenic
P48029	V628A	628	0.4389	ambiguous
P48029	V628C	628	0.912	pathogenic
P48029	V628D	628	0.7675	pathogenic
P48029	V628E	628	0.679	pathogenic
P48029	V628F	628	0.4928	ambiguous
P48029	V628G	628	0.474	ambiguous
P48029	V628H	628	0.8973	pathogenic
P48029	V628I	628	0.1781	benign
P48029	V628K	628	0.8309	pathogenic
P48029	V628L	628	0.6329	pathogenic
P48029	V628M	628	0.5171	ambiguous
P48029	V628N	628	0.7466	pathogenic
P48029	V628P	628	0.8393	pathogenic
P48029	V628Q	628	0.7846	pathogenic
P48029	V628R	628	0.7782	pathogenic
P48029	V628S	628	0.6703	pathogenic
P48029	V628T	628	0.5466	ambiguous
P48029	V628W	628	0.947	pathogenic
P48029	V628Y	628	0.8121	pathogenic
P48029	V629A	629	0.5223	ambiguous
P48029	V629C	629	0.859	pathogenic
P48029	V629D	629	0.8695	pathogenic
P48029	V629E	629	0.7492	pathogenic
P48029	V629F	629	0.3739	ambiguous
P48029	V629G	629	0.6597	pathogenic
P48029	V629H	629	0.8646	pathogenic
P48029	V629I	629	0.1104	benign
P48029	V629K	629	0.8031	pathogenic
P48029	V629L	629	0.3158	benign
P48029	V629M	629	0.3353	benign
P48029	V629N	629	0.8105	pathogenic
P48029	V629P	629	0.9013	pathogenic
P48029	V629Q	629	0.7357	pathogenic
P48029	V629R	629	0.6997	pathogenic
P48029	V629S	629	0.6983	pathogenic
P48029	V629T	629	0.5514	ambiguous
P48029	V629W	629	0.8905	pathogenic
P48029	V629Y	629	0.7979	pathogenic
P48029	V630A	630	0.6366	pathogenic
P48029	V630C	630	0.9159	pathogenic
P48029	V630D	630	0.9279	pathogenic
P48029	V630E	630	0.8591	pathogenic
P48029	V630F	630	0.4173	ambiguous
P48029	V630G	630	0.7208	pathogenic
P48029	V630H	630	0.937	pathogenic
P48029	V630I	630	0.1098	benign
P48029	V630K	630	0.9006	pathogenic
P48029	V630L	630	0.3408	ambiguous
P48029	V630M	630	0.4346	ambiguous
P48029	V630N	630	0.8997	pathogenic
P48029	V630P	630	0.9126	pathogenic
P48029	V630Q	630	0.867	pathogenic
P48029	V630R	630	0.8375	pathogenic
P48029	V630S	630	0.818	pathogenic
P48029	V630T	630	0.7294	pathogenic
P48029	V630W	630	0.9386	pathogenic
P48029	V630Y	630	0.869	pathogenic
P48029	V631A	631	0.3433	ambiguous
P48029	V631C	631	0.6878	pathogenic
P48029	V631D	631	0.7767	pathogenic
P48029	V631E	631	0.6109	pathogenic
P48029	V631F	631	0.1379	benign
P48029	V631G	631	0.3798	ambiguous
P48029	V631H	631	0.7706	pathogenic
P48029	V631I	631	0.1196	benign
P48029	V631K	631	0.6852	pathogenic
P48029	V631L	631	0.2003	benign
P48029	V631M	631	0.2153	benign
P48029	V631N	631	0.7096	pathogenic
P48029	V631P	631	0.822	pathogenic
P48029	V631Q	631	0.5761	pathogenic
P48029	V631R	631	0.5629	ambiguous
P48029	V631S	631	0.5179	ambiguous
P48029	V631T	631	0.4114	ambiguous
P48029	V631W	631	0.7337	pathogenic
P48029	V631Y	631	0.579	pathogenic
P48029	E632A	632	0.8327	pathogenic
P48029	E632C	632	0.9867	pathogenic
P48029	E632D	632	0.5608	ambiguous
P48029	E632F	632	0.993	pathogenic
P48029	E632G	632	0.8009	pathogenic
P48029	E632H	632	0.9465	pathogenic
P48029	E632I	632	0.9869	pathogenic
P48029	E632K	632	0.8956	pathogenic
P48029	E632L	632	0.9803	pathogenic
P48029	E632M	632	0.9867	pathogenic
P48029	E632N	632	0.9087	pathogenic
P48029	E632P	632	0.9315	pathogenic
P48029	E632Q	632	0.6798	pathogenic
P48029	E632R	632	0.8692	pathogenic
P48029	E632S	632	0.8203	pathogenic
P48029	E632T	632	0.9174	pathogenic
P48029	E632V	632	0.9529	pathogenic
P48029	E632W	632	0.9968	pathogenic
P48029	E632Y	632	0.9826	pathogenic
P48029	S633A	633	0.2224	benign
P48029	S633C	633	0.5127	ambiguous
P48029	S633D	633	0.703	pathogenic
P48029	S633E	633	0.7646	pathogenic
P48029	S633F	633	0.8499	pathogenic
P48029	S633G	633	0.2627	benign
P48029	S633H	633	0.7606	pathogenic
P48029	S633I	633	0.8462	pathogenic
P48029	S633K	633	0.937	pathogenic
P48029	S633L	633	0.6593	pathogenic
P48029	S633M	633	0.6484	pathogenic
P48029	S633N	633	0.4962	ambiguous
P48029	S633P	633	0.8029	pathogenic
P48029	S633Q	633	0.8121	pathogenic
P48029	S633R	633	0.9308	pathogenic
P48029	S633T	633	0.1597	benign
P48029	S633V	633	0.7337	pathogenic
P48029	S633W	633	0.8215	pathogenic
P48029	S633Y	633	0.714	pathogenic
P48029	V634A	634	0.3795	ambiguous
P48029	V634C	634	0.753	pathogenic
P48029	V634D	634	0.7218	pathogenic
P48029	V634E	634	0.6578	pathogenic
P48029	V634F	634	0.2633	benign
P48029	V634G	634	0.4056	ambiguous
P48029	V634H	634	0.8322	pathogenic
P48029	V634I	634	0.0989	benign
P48029	V634K	634	0.7384	pathogenic
P48029	V634L	634	0.2892	benign
P48029	V634M	634	0.3154	benign
P48029	V634N	634	0.658	pathogenic
P48029	V634P	634	0.7119	pathogenic
P48029	V634Q	634	0.6567	pathogenic
P48029	V634R	634	0.6426	pathogenic
P48029	V634S	634	0.5241	ambiguous
P48029	V634T	634	0.4882	ambiguous
P48029	V634W	634	0.8763	pathogenic
P48029	V634Y	634	0.7192	pathogenic
P48029	M635A	635	0.6517	pathogenic
P48029	M635C	635	0.5597	ambiguous
P48029	M635D	635	0.9651	pathogenic
P48029	M635E	635	0.8684	pathogenic
P48029	M635F	635	0.3286	benign
P48029	M635G	635	0.8033	pathogenic
P48029	M635H	635	0.8573	pathogenic
P48029	M635I	635	0.6115	pathogenic
P48029	M635K	635	0.7729	pathogenic
P48029	M635L	635	0.1502	benign
P48029	M635N	635	0.8813	pathogenic
P48029	M635P	635	0.8802	pathogenic
P48029	M635Q	635	0.6195	pathogenic
P48029	M635R	635	0.6972	pathogenic
P48029	M635S	635	0.7598	pathogenic
P48029	M635T	635	0.6942	pathogenic
P48029	M635V	635	0.1603	benign
P48029	M635W	635	0.7401	pathogenic
P48029	M635Y	635	0.7659	pathogenic
